F3,M1,35,f3_out_0,342,0,0
F3,M1,35,f3_out_1,30011,0,0
F3,M1,36,f3_out_0,342,0,0
F3,M1,36,f3_out_1,30011,0,0
F3,M1,37,f3_out_0,343,0,0
F3,M1,37,f3_out_1,30011,0,0
F3,M1,38,f3_out_0,343,0,0
F3,M1,38,f3_out_1,30012,0,0
F3,M1,39,f3_out_0,344,0,0
F3,M1,39,f3_out_1,30012,0,0
F3,M1,40,f3_out_0,344,0,0
F3,M1,40,f3_out_1,30012,0,0
F3,M1,41,f3_out_0,345,0,0
F3,M1,41,f3_out_1,30013,0,0
F3,M1,42,f3_out_0,345,0,0
F3,M1,42,f3_out_1,30013,0,0
F3,M1,43,f3_out_0,346,0,0
F3,M1,43,f3_out_1,30013,0,0
F3,M1,44,f3_out_0,347,0,0
F3,M1,44,f3_out_1,30014,0,0
F3,M1,45,f3_out_0,347,0,0
F3,M1,45,f3_out_1,30014,0,0
F3,M1,46,f3_out_0,348,0,0
F3,M1,46,f3_out_1,30014,0,0
F3,M1,47,f3_out_0,348,0,0
F3,M1,47,f3_out_1,30015,0,0
F3,M1,48,f3_out_0,349,0,0
F3,M1,48,f3_out_1,30015,0,0
F3,M1,49,f3_out_0,349,0,0
F3,M1,49,f3_out_1,30015,0,0
F3,M1,50,f3_out_0,350,0,0
F3,M1,50,f3_out_1,30016,0,0
F3,M1,51,f3_out_0,350,0,0
F3,M1,51,f3_out_1,30016,0,0
F3,M1,52,f3_out_0,351,0,0
F3,M1,52,f3_out_1,30016,0,0
F3,M1,53,f3_out_0,352,0,0
F3,M1,53,f3_out_1,30017,0,0
F3,M1,54,f3_out_0,352,0,0
F3,M1,54,f3_out_1,30017,0,0
F3,M1,55,f3_out_0,353,0,0
F3,M1,55,f3_out_1,30017,0,0
F3,M1,56,f3_out_0,353,0,0
F3,M1,56,f3_out_1,30018,0,0
F3,M1,57,f3_out_0,354,0,0
F3,M1,57,f3_out_1,30018,0,0
F3,M1,58,f3_out_0,354,0,0
F3,M1,58,f3_out_1,30018,0,0
F3,M1,59,f3_out_0,355,0,0
F3,M1,59,f3_out_1,30019,0,0
F3,M1,60,f3_out_0,355,0,0
F3,M1,60,f3_out_1,30019,0,0
F3,M1,61,f3_out_0,356,0,0
F3,M1,61,f3_out_1,30019,0,0
F3,M1,62,f3_out_0,357,0,0
F3,M1,62,f3_out_1,30020,0,0
F3,M1,63,f3_out_0,357,0,0
F3,M1,63,f3_out_1,30020,0,0
F3,M1,64,f3_out_0,358,0,0
F3,M1,64,f3_out_1,30020,0,0
F3,M1,65,f3_out_0,358,0,0
F3,M1,65,f3_out_1,30021,0,0
F3,M1,66,f3_out_0,359,0,0
F3,M1,66,f3_out_1,30021,0,0
F3,M1,67,f3_out_0,359,0,0
F3,M1,67,f3_out_1,30021,0,0
F3,M1,68,f3_out_0,360,0,0
F3,M1,68,f3_out_1,30022,0,0
F3,M1,69,f3_out_0,360,0,0
F3,M1,69,f3_out_1,30022,0,0
F3,M1,70,f3_out_0,361,0,0
F3,M1,70,f3_out_1,30022,0,0
F3,M1,71,f3_out_0,362,0,0
F3,M1,71,f3_out_1,30023,0,0
F3,M1,72,f3_out_0,362,0,0
F3,M1,72,f3_out_1,30023,0,0
F3,M1,73,f3_out_0,363,0,0
F3,M1,73,f3_out_1,30023,0,0
F3,M1,74,f3_out_0,363,0,0
F3,M1,74,f3_out_1,30024,0,0
F3,M1,75,f3_out_0,364,0,0
F3,M1,75,f3_out_1,30024,0,0
F3,M1,76,f3_out_0,364,0,0
F3,M1,76,f3_out_1,30024,0,0
F3,M1,77,f3_out_0,365,0,0
F3,M1,77,f3_out_1,30025,0,0
F3,M1,78,f3_out_0,365,0,0
F3,M1,78,f3_out_1,30025,0,0
F3,M1,79,f3_out_0,366,0,0
F3,M1,79,f3_out_1,30025,0,0
F3,M1,80,f3_out_0,367,0,0
F3,M1,80,f3_out_1,30026,0,0
F3,M1,81,f3_out_0,367,0,0
F3,M1,81,f3_out_1,30026,0,0
F3,M1,82,f3_out_0,368,0,0
F3,M1,82,f3_out_1,30026,0,0
F3,M1,83,f3_out_0,368,0,0
F3,M1,83,f3_out_1,30027,0,0
F3,M1,84,f3_out_0,369,0,0
F3,M1,84,f3_out_1,30027,0,0
F3,M1,85,f3_out_0,369,0,0
F3,M1,85,f3_out_1,30027,0,0
F3,M1,86,f3_out_0,370,0,0
F3,M1,86,f3_out_1,30028,0,0
F3,M1,87,f3_out_0,370,0,0
F3,M1,87,f3_out_1,30028,0,0
F3,M1,88,f3_out_0,371,0,0
F3,M1,88,f3_out_1,30028,0,0
F3,M1,89,f3_out_0,372,0,0
F3,M1,89,f3_out_1,30029,0,0
F3,M1,90,f3_out_0,372,0,0
F3,M1,90,f3_out_1,30029,0,0
F3,M1,91,f3_out_0,373,0,0
F3,M1,91,f3_out_1,30029,0,0
F3,M1,92,f3_out_0,373,0,0
F3,M1,92,f3_out_1,30030,0,0
F3,M1,93,f3_out_0,374,0,0
F3,M1,93,f3_out_1,30030,0,0
F3,M1,94,f3_out_0,374,0,0
F3,M1,94,f3_out_1,30030,0,0
F3,M1,95,f3_out_0,375,0,0
F3,M1,95,f3_out_1,30031,0,0
F3,M1,96,f3_out_0,375,0,0
F3,M1,96,f3_out_1,30031,0,0
F3,M1,97,f3_out_0,376,0,0
F3,M1,97,f3_out_1,30031,0,0
F3,M1,98,f3_out_0,377,0,0
F3,M1,98,f3_out_1,30032,0,0
F3,M1,99,f3_out_0,377,0,0
F3,M1,99,f3_out_1,30032,0,0
F3,M1,100,f3_out_0,378,0,0
F3,M1,100,f3_out_1,30032,0,0
F3,M1,101,f3_out_0,378,0,0
F3,M1,101,f3_out_1,30033,0,0
F3,M1,102,f3_out_0,379,0,0
F3,M1,102,f3_out_1,30033,0,0
F3,M1,103,f3_out_0,379,0,0
F3,M1,103,f3_out_1,30033,0,0
F3,M1,104,f3_out_0,380,0,0
F3,M1,104,f3_out_1,30034,0,0
F3,M1,105,f3_out_0,380,0,0
F3,M1,105,f3_out_1,30034,0,0
F3,M1,106,f3_out_0,381,0,0
F3,M1,106,f3_out_1,30034,0,0
F3,M1,107,f3_out_0,382,0,0
F3,M1,107,f3_out_1,30035,0,0
F3,M1,108,f3_out_0,382,0,0
F3,M1,108,f3_out_1,30035,0,0
F3,M1,109,f3_out_0,383,0,0
F3,M1,109,f3_out_1,30035,0,0
F3,M1,110,f3_out_0,383,0,0
F3,M1,110,f3_out_1,30036,0,0
F3,M1,111,f3_out_0,384,0,0
F3,M1,111,f3_out_1,30036,0,0
F3,M1,112,f3_out_0,384,0,0
F3,M1,112,f3_out_1,30036,0,0
F3,M1,113,f3_out_0,385,0,0
F3,M1,113,f3_out_1,30037,0,0
F3,M1,114,f3_out_0,385,0,0
F3,M1,114,f3_out_1,30037,0,0
F3,M1,115,f3_out_0,386,0,0
F3,M1,115,f3_out_1,30037,0,0
F3,M1,116,f3_out_0,387,0,0
F3,M1,116,f3_out_1,30038,0,0
F3,M1,117,f3_out_0,387,0,0
F3,M1,117,f3_out_1,30038,0,0
F3,M1,118,f3_out_0,388,0,0
F3,M1,118,f3_out_1,30038,0,0
F3,M1,119,f3_out_0,388,0,0
F3,M1,119,f3_out_1,30039,0,0
F3,M1,120,f3_out_0,389,0,0
F3,M1,120,f3_out_1,30039,0,0
F3,M1,121,f3_out_0,389,0,0
F3,M1,121,f3_out_1,30039,0,0
F3,M1,122,f3_out_0,390,0,0
F3,M1,122,f3_out_1,30040,0,0
F3,M1,123,f3_out_0,390,0,0
F3,M1,123,f3_out_1,30040,0,0
F3,M1,124,f3_out_0,391,0,0
F3,M1,124,f3_out_1,30040,0,0
F3,M1,125,f3_out_0,392,0,0
F3,M1,125,f3_out_1,30041,0,0
F3,M1,126,f3_out_0,392,0,0
F3,M1,126,f3_out_1,30041,0,0
F3,M1,127,f3_out_0,393,0,0
F3,M1,127,f3_out_1,30041,0,0
F3,M1,128,f3_out_0,393,0,0
F3,M1,128,f3_out_1,30042,0,0
F3,M1,129,f3_out_0,394,0,0
F3,M1,129,f3_out_1,30042,0,0
F3,M1,130,f3_out_0,394,0,0
F3,M1,130,f3_out_1,30042,0,0
F3,M1,131,f3_out_0,395,0,0
F3,M1,131,f3_out_1,30043,0,0
F3,M1,132,f3_out_0,395,0,0
F3,M1,132,f3_out_1,30043,0,0
F3,M1,133,f3_out_0,396,0,0
F3,M1,133,f3_out_1,30043,0,0
F3,M1,134,f3_out_0,397,0,0
F3,M1,134,f3_out_1,30044,0,0
F3,M1,135,f3_out_0,397,0,0
F3,M1,135,f3_out_1,30044,0,0
F3,M1,136,f3_out_0,398,0,0
F3,M1,136,f3_out_1,30044,0,0
F3,M1,137,f3_out_0,398,0,0
F3,M1,137,f3_out_1,30045,0,0
F3,M1,138,f3_out_0,399,0,0
F3,M1,138,f3_out_1,30045,0,0
F3,M1,139,f3_out_0,399,0,0
F3,M1,139,f3_out_1,30045,0,0
F3,M1,140,f3_out_0,400,0,0
F3,M1,140,f3_out_1,30046,0,0
F3,M1,141,f3_out_0,400,0,0
F3,M1,141,f3_out_1,30046,0,0
F3,M1,142,f3_out_0,401,0,0
F3,M1,142,f3_out_1,30046,0,0
F3,M1,143,f3_out_0,402,0,0
F3,M1,143,f3_out_1,30047,0,0
F3,M1,144,f3_out_0,402,0,0
F3,M1,144,f3_out_1,30047,0,0
F3,M1,145,f3_out_0,403,0,0
F3,M1,145,f3_out_1,30047,0,0
F3,M1,146,f3_out_0,403,0,0
F3,M1,146,f3_out_1,30048,0,0
F3,M1,147,f3_out_0,404,0,0
F3,M1,147,f3_out_1,30048,0,0
F3,M1,148,f3_out_0,404,0,0
F3,M1,148,f3_out_1,30048,0,0
F3,M1,149,f3_out_0,405,0,0
F3,M1,149,f3_out_1,30049,0,0
F3,M1,150,f3_out_0,405,0,0
F3,M1,150,f3_out_1,30049,0,0
F3,M1,151,f3_out_0,406,0,0
F3,M1,151,f3_out_1,30049,0,0
F3,M1,152,f3_out_0,407,0,0
F3,M1,152,f3_out_1,30050,0,0
F3,M1,153,f3_out_0,407,0,0
F3,M1,153,f3_out_1,30050,0,0
F3,M1,154,f3_out_0,408,0,0
F3,M1,154,f3_out_1,30050,0,0
F3,M1,155,f3_out_0,408,0,0
F3,M1,155,f3_out_1,30051,0,0
F3,M1,156,f3_out_0,409,0,0
F3,M1,156,f3_out_1,30051,0,0
F3,M1,157,f3_out_0,409,0,0
F3,M1,157,f3_out_1,30051,0,0
F3,M1,158,f3_out_0,410,0,0
F3,M1,158,f3_out_1,30052,0,0
F3,M1,159,f3_out_0,410,0,0
F3,M1,159,f3_out_1,30052,0,0
F3,M1,160,f3_out_0,411,0,0
F3,M1,160,f3_out_1,30052,0,0
F3,M1,161,f3_out_0,412,0,0
F3,M1,161,f3_out_1,30053,0,0
F3,M1,162,f3_out_0,412,0,0
F3,M1,162,f3_out_1,30053,0,0
F3,M1,163,f3_out_0,413,0,0
F3,M1,163,f3_out_1,30053,0,0
F3,M1,164,f3_out_0,413,0,0
F3,M1,164,f3_out_1,30054,0,0
F3,M1,165,f3_out_0,414,0,0
F3,M1,165,f3_out_1,30054,0,0
F3,M1,166,f3_out_0,414,0,0
F3,M1,166,f3_out_1,30054,0,0
F3,M1,167,f3_out_0,415,0,0
F3,M1,167,f3_out_1,30055,0,0
F3,M1,168,f3_out_0,415,0,0
F3,M1,168,f3_out_1,30055,0,0
F3,M1,169,f3_out_0,416,0,0
F3,M1,169,f3_out_1,30055,0,0
F3,M1,170,f3_out_0,417,0,0
F3,M1,170,f3_out_1,30056,0,0
F3,M1,171,f3_out_0,417,0,0
F3,M1,171,f3_out_1,30056,0,0
F3,M1,172,f3_out_0,418,0,0
F3,M1,172,f3_out_1,30056,0,0
F3,M1,173,f3_out_0,418,0,0
F3,M1,173,f3_out_1,30057,0,0
F3,M1,174,f3_out_0,419,0,0
F3,M1,174,f3_out_1,30057,0,0
F3,M1,175,f3_out_0,419,0,0
F3,M1,175,f3_out_1,30057,0,0
F3,M1,176,f3_out_0,420,0,0
F3,M1,176,f3_out_1,30058,0,0
F3,M1,177,f3_out_0,420,0,0
F3,M1,177,f3_out_1,30058,0,0
F3,M1,178,f3_out_0,421,0,0
F3,M1,178,f3_out_1,30058,0,0
F3,M1,179,f3_out_0,422,0,0
F3,M1,179,f3_out_1,30059,0,0
F3,M1,180,f3_out_0,422,0,0
F3,M1,180,f3_out_1,30059,0,0
F3,M1,181,f3_out_0,423,0,0
F3,M1,181,f3_out_1,30059,0,0
F3,M1,182,f3_out_0,423,0,0
F3,M1,182,f3_out_1,30060,0,0
F3,M1,183,f3_out_0,424,0,0
F3,M1,183,f3_out_1,30060,0,0
F3,M1,184,f3_out_0,424,0,0
F3,M1,184,f3_out_1,30060,0,0
F3,M1,185,f3_out_0,425,0,0
F3,M1,185,f3_out_1,30061,0,0
F3,M1,186,f3_out_0,425,0,0
F3,M1,186,f3_out_1,30061,0,0
F3,M1,187,f3_out_0,426,0,0
F3,M1,187,f3_out_1,30061,0,0
F3,M1,188,f3_out_0,427,0,0
F3,M1,188,f3_out_1,30062,0,0
F3,M1,189,f3_out_0,427,0,0
F3,M1,189,f3_out_1,30062,0,0
F3,M1,190,f3_out_0,428,0,0
F3,M1,190,f3_out_1,30062,0,0
F3,M1,191,f3_out_0,428,0,0
F3,M1,191,f3_out_1,30063,0,0
F3,M1,192,f3_out_0,429,0,0
F3,M1,192,f3_out_1,30063,0,0
F3,M1,193,f3_out_0,429,0,0
F3,M1,193,f3_out_1,30063,0,0
F3,M1,194,f3_out_0,430,0,0
F3,M1,194,f3_out_1,30064,0,0
F3,M1,195,f3_out_0,430,0,0
F3,M1,195,f3_out_1,30064,0,0
F3,M1,196,f3_out_0,431,0,0
F3,M1,196,f3_out_1,30064,0,0
F3,M1,197,f3_out_0,432,0,0
F3,M1,197,f3_out_1,30065,0,0
F3,M1,198,f3_out_0,432,0,0
F3,M1,198,f3_out_1,30065,0,0
F3,M1,199,f3_out_0,433,0,0
F3,M1,199,f3_out_1,30065,0,0
F3,M1,200,f3_out_0,433,0,0
F3,M1,200,f3_out_1,30066,0,0
F3,M1,201,f3_out_0,434,0,0
F3,M1,201,f3_out_1,30066,0,0
F3,M1,202,f3_out_0,434,0,0
F3,M1,202,f3_out_1,30066,0,0
F3,M1,203,f3_out_0,435,0,0
F3,M1,203,f3_out_1,30067,0,0
F3,M1,204,f3_out_0,435,0,0
F3,M1,204,f3_out_1,30067,0,0
F3,M1,205,f3_out_0,436,0,0
F3,M1,205,f3_out_1,30067,0,0
F3,M1,206,f3_out_0,437,0,0
F3,M1,206,f3_out_1,30068,0,0
F3,M1,207,f3_out_0,437,0,0
F3,M1,207,f3_out_1,30068,0,0
F3,M1,208,f3_out_0,438,0,0
F3,M1,208,f3_out_1,30068,0,0
F3,M1,209,f3_out_0,438,0,0
F3,M1,209,f3_out_1,30069,0,0
F3,M1,210,f3_out_0,439,0,0
F3,M1,210,f3_out_1,30069,0,0
F3,M1,211,f3_out_0,439,0,0
F3,M1,211,f3_out_1,30069,0,0
F3,M1,212,f3_out_0,440,0,0
F3,M1,212,f3_out_1,30070,0,0
F3,M1,213,f3_out_0,440,0,0
F3,M1,213,f3_out_1,30070,0,0
F3,M1,214,f3_out_0,441,0,0
F3,M1,214,f3_out_1,30070,0,0
F3,M1,215,f3_out_0,442,0,0
F3,M1,215,f3_out_1,30071,0,0
F3,M1,216,f3_out_0,442,0,0
F3,M1,216,f3_out_1,30071,0,0
F3,M1,217,f3_out_0,443,0,0
F3,M1,217,f3_out_1,30071,0,0
F3,M1,218,f3_out_0,443,0,0
F3,M1,218,f3_out_1,30072,0,0
F3,M1,219,f3_out_0,444,0,0
F3,M1,219,f3_out_1,30072,0,0
F3,M1,220,f3_out_0,444,0,0
F3,M1,220,f3_out_1,30072,0,0
F3,M1,221,f3_out_0,445,0,0
F3,M1,221,f3_out_1,30073,0,0
F3,M1,222,f3_out_0,445,0,0
F3,M1,222,f3_out_1,30073,0,0
F3,M1,223,f3_out_0,446,0,0
F3,M1,223,f3_out_1,30073,0,0
F3,M1,224,f3_out_0,447,0,0
F3,M1,224,f3_out_1,30074,0,0
F3,M1,225,f3_out_0,447,0,0
F3,M1,225,f3_out_1,30074,0,0
F3,M1,226,f3_out_0,448,0,0
F3,M1,226,f3_out_1,30074,0,0
F3,M1,227,f3_out_0,448,0,0
F3,M1,227,f3_out_1,30075,0,0
F3,M1,228,f3_out_0,449,0,0
F3,M1,228,f3_out_1,30075,0,0
F3,M1,229,f3_out_0,449,0,0
F3,M1,229,f3_out_1,30075,0,0
F3,M1,230,f3_out_0,450,0,0
F3,M1,230,f3_out_1,30076,0,0
F3,M1,231,f3_out_0,450,0,0
F3,M1,231,f3_out_1,30076,0,0
F3,M1,232,f3_out_0,451,0,0
F3,M1,232,f3_out_1,30076,0,0
F3,M1,233,f3_out_0,452,0,0
F3,M1,233,f3_out_1,30077,0,0
F3,M1,234,f3_out_0,452,0,0
F3,M1,234,f3_out_1,30077,0,0
F3,M1,235,f3_out_0,453,0,0
F3,M1,235,f3_out_1,30077,0,0
F3,M1,236,f3_out_0,453,0,0
F3,M1,236,f3_out_1,30078,0,0
F3,M1,237,f3_out_0,454,0,0
F3,M1,237,f3_out_1,30078,0,0
F3,M1,238,f3_out_0,454,0,0
F3,M1,238,f3_out_1,30078,0,0
F3,M1,239,f3_out_0,455,0,0
F3,M1,239,f3_out_1,30079,0,0
F3,M1,240,f3_out_0,455,0,0
F3,M1,240,f3_out_1,30079,0,0
F3,M1,241,f3_out_0,456,0,0
F3,M1,241,f3_out_1,30079,0,0
F3,M1,242,f3_out_0,457,0,0
F3,M1,242,f3_out_1,30080,0,0
F3,M1,243,f3_out_0,457,0,0
F3,M1,243,f3_out_1,30080,0,0
F3,M1,244,f3_out_0,458,0,0
F3,M1,244,f3_out_1,30080,0,0
F3,M1,245,f3_out_0,458,0,0
F3,M1,245,f3_out_1,30081,0,0
F3,M1,246,f3_out_0,459,0,0
F3,M1,246,f3_out_1,30081,0,0
F3,M1,247,f3_out_0,459,0,0
F3,M1,247,f3_out_1,30081,0,0
F3,M1,248,f3_out_0,460,0,0
F3,M1,248,f3_out_1,30082,0,0
F3,M1,249,f3_out_0,460,0,0
F3,M1,249,f3_out_1,30082,0,0
F3,M1,250,f3_out_0,461,0,0
F3,M1,250,f3_out_1,30082,0,0
F3,M1,251,f3_out_0,462,0,0
F3,M1,251,f3_out_1,30083,0,0
F3,M1,252,f3_out_0,462,0,0
F3,M1,252,f3_out_1,30083,0,0
F3,M1,253,f3_out_0,463,0,0
F3,M1,253,f3_out_1,30083,0,0
F3,M1,254,f3_out_0,463,0,0
F3,M1,254,f3_out_1,30084,0,0
F3,M1,255,f3_out_0,464,0,0
F3,M1,255,f3_out_1,30084,0,0
F3,M1,256,f3_out_0,464,0,0
F3,M1,256,f3_out_1,30084,0,0
F3,M1,257,f3_out_0,465,0,0
F3,M1,257,f3_out_1,30085,0,0
F3,M1,258,f3_out_0,465,0,0
F3,M1,258,f3_out_1,30085,0,0
F3,M1,259,f3_out_0,466,0,0
F3,M1,259,f3_out_1,30085,0,0
F3,M1,260,f3_out_0,467,0,0
F3,M1,260,f3_out_1,30086,0,0
F3,M1,261,f3_out_0,467,0,0
F3,M1,261,f3_out_1,30086,0,0
F3,M1,262,f3_out_0,468,0,0
F3,M1,262,f3_out_1,30086,0,0
F3,M1,263,f3_out_0,468,0,0
F3,M1,263,f3_out_1,30087,0,0
F3,M1,264,f3_out_0,469,0,0
F3,M1,264,f3_out_1,30087,0,0
F3,M1,265,f3_out_0,469,0,0
F3,M1,265,f3_out_1,30087,0,0
F3,M1,266,f3_out_0,470,0,0
F3,M1,266,f3_out_1,30088,0,0
F3,M1,267,f3_out_0,470,0,0
F3,M1,267,f3_out_1,30088,0,0
F3,M1,268,f3_out_0,471,0,0
F3,M1,268,f3_out_1,30088,0,0
F3,M1,269,f3_out_0,472,0,0
F3,M1,269,f3_out_1,30089,0,0
F3,M1,270,f3_out_0,472,0,0
F3,M1,270,f3_out_1,30089,0,0
F3,M1,271,f3_out_0,473,0,0
F3,M1,271,f3_out_1,30089,0,0
F3,M1,272,f3_out_0,473,0,0
F3,M1,272,f3_out_1,30090,0,0
F3,M1,273,f3_out_0,474,0,0
F3,M1,273,f3_out_1,30090,0,0
F3,M1,274,f3_out_0,474,0,0
F3,M1,274,f3_out_1,30090,0,0
F3,M1,275,f3_out_0,475,0,0
F3,M1,275,f3_out_1,30091,0,0
F3,M1,276,f3_out_0,475,0,0
F3,M1,276,f3_out_1,30091,0,0
F3,M1,277,f3_out_0,476,0,0
F3,M1,277,f3_out_1,30091,0,0
F3,M1,278,f3_out_0,477,0,0
F3,M1,278,f3_out_1,30092,0,0
F3,M1,279,f3_out_0,477,0,0
F3,M1,279,f3_out_1,30092,0,0
F3,M1,280,f3_out_0,478,0,0
F3,M1,280,f3_out_1,30092,0,0
F3,M1,281,f3_out_0,478,0,0
F3,M1,281,f3_out_1,30093,0,0
F3,M1,282,f3_out_0,479,0,0
F3,M1,282,f3_out_1,30093,0,0
F3,M1,283,f3_out_0,479,0,0
F3,M1,283,f3_out_1,30093,0,0
F3,M1,284,f3_out_0,480,0,0
F3,M1,284,f3_out_1,30094,0,0
F3,M1,285,f3_out_0,480,0,0
F3,M1,285,f3_out_1,30094,0,0
F3,M1,286,f3_out_0,481,0,0
F3,M1,286,f3_out_1,30094,0,0
F3,M1,287,f3_out_0,482,0,0
F3,M1,287,f3_out_1,30095,0,0
F3,M1,288,f3_out_0,482,0,0
F3,M1,288,f3_out_1,30095,0,0
F3,M1,289,f3_out_0,483,0,0
F3,M1,289,f3_out_1,30095,0,0
F3,M1,290,f3_out_0,483,0,0
F3,M1,290,f3_out_1,30096,0,0
F3,M1,291,f3_out_0,484,0,0
F3,M1,291,f3_out_1,30096,0,0
F3,M1,292,f3_out_0,484,0,0
F3,M1,292,f3_out_1,30096,0,0
F3,M1,293,f3_out_0,485,0,0
F3,M1,293,f3_out_1,30097,0,0
F3,M1,294,f3_out_0,485,0,0
F3,M1,294,f3_out_1,30097,0,0
F3,M1,295,f3_out_0,486,0,0
F3,M1,295,f3_out_1,30097,0,0
F3,M1,296,f3_out_0,487,0,0
F3,M1,296,f3_out_1,30098,0,0
F3,M1,297,f3_out_0,487,0,0
F3,M1,297,f3_out_1,30098,0,0
F3,M1,298,f3_out_0,488,0,0
F3,M1,298,f3_out_1,30098,0,0
F3,M1,299,f3_out_0,488,0,0
F3,M1,299,f3_out_1,30099,0,0
F3,M1,300,f3_out_0,489,0,0
F3,M1,300,f3_out_1,30099,0,0
F3,M1,301,f3_out_0,489,0,0
F3,M1,301,f3_out_1,30099,0,0
F3,M1,302,f3_out_0,490,0,0
F3,M1,302,f3_out_1,30100,0,0
F3,M1,303,f3_out_0,490,0,0
F3,M1,303,f3_out_1,30100,0,0
F3,M1,304,f3_out_0,491,0,0
F3,M1,304,f3_out_1,30100,0,0
F3,M1,305,f3_out_0,492,0,0
F3,M1,305,f3_out_1,30101,0,0
F3,M1,306,f3_out_0,492,0,0
F3,M1,306,f3_out_1,30101,0,0
F3,M1,307,f3_out_0,493,0,0
F3,M1,307,f3_out_1,30101,0,0
F3,M1,308,f3_out_0,493,0,0
F3,M1,308,f3_out_1,30102,0,0
F3,M1,309,f3_out_0,494,0,0
F3,M1,309,f3_out_1,30102,0,0
F3,M1,310,f3_out_0,494,0,0
F3,M1,310,f3_out_1,30102,0,0
F3,M1,311,f3_out_0,495,0,0
F3,M1,311,f3_out_1,30103,0,0
F3,M1,312,f3_out_0,495,0,0
F3,M1,312,f3_out_1,30103,0,0
F3,M1,313,f3_out_0,496,0,0
F3,M1,313,f3_out_1,30103,0,0
F3,M1,314,f3_out_0,497,0,0
F3,M1,314,f3_out_1,30104,0,0
F3,M1,315,f3_out_0,497,0,0
F3,M1,315,f3_out_1,30104,0,0
F3,M1,316,f3_out_0,498,0,0
F3,M1,316,f3_out_1,30104,0,0
F3,M1,317,f3_out_0,498,0,0
F3,M1,317,f3_out_1,30105,0,0
F3,M1,318,f3_out_0,499,0,0
F3,M1,318,f3_out_1,30105,0,0
F3,M1,319,f3_out_0,499,0,0
F3,M1,319,f3_out_1,30105,0,0
F3,M1,320,f3_out_0,500,0,0
F3,M1,320,f3_out_1,30106,0,0
F3,M1,321,f3_out_0,500,0,0
F3,M1,321,f3_out_1,30106,0,0
F3,M1,322,f3_out_0,501,0,0
F3,M1,322,f3_out_1,30106,0,0
F3,M1,323,f3_out_0,502,0,0
F3,M1,323,f3_out_1,30107,0,0
F3,M1,324,f3_out_0,502,0,0
F3,M1,324,f3_out_1,30107,0,0
F3,M1,325,f3_out_0,503,0,0
F3,M1,325,f3_out_1,30107,0,0
F3,M1,326,f3_out_0,503,0,0
F3,M1,326,f3_out_1,30108,0,0
F3,M1,327,f3_out_0,504,0,0
F3,M1,327,f3_out_1,30108,0,0
F3,M1,328,f3_out_0,504,0,0
F3,M1,328,f3_out_1,30108,0,0
F3,M1,329,f3_out_0,505,0,0
F3,M1,329,f3_out_1,30109,0,0
F3,M1,330,f3_out_0,505,0,0
F3,M1,330,f3_out_1,30109,0,0
F3,M1,331,f3_out_0,506,0,0
F3,M1,331,f3_out_1,30109,0,0
F3,M1,332,f3_out_0,507,0,0
F3,M1,332,f3_out_1,30110,0,0
F3,M1,333,f3_out_0,507,0,0
F3,M1,333,f3_out_1,30110,0,0
F3,M1,334,f3_out_0,508,0,0
F3,M1,334,f3_out_1,30110,0,0
F3,M1,335,f3_out_0,508,0,0
F3,M1,335,f3_out_1,30111,0,0
F3,M1,336,f3_out_0,509,0,0
F3,M1,336,f3_out_1,30111,0,0
F3,M1,337,f3_out_0,509,0,0
F3,M1,337,f3_out_1,30111,0,0
F3,M1,338,f3_out_0,510,0,0
F3,M1,338,f3_out_1,30112,0,0
F3,M1,339,f3_out_0,510,0,0
F3,M1,339,f3_out_1,30112,0,0
F3,M1,340,f3_out_0,511,0,0
F3,M1,340,f3_out_1,30112,0,0
F3,M1,341,f3_out_0,512,0,0
F3,M1,341,f3_out_1,30113,0,0
F3,M1,342,f3_out_0,512,0,0
F3,M1,342,f3_out_1,30113,0,0
F3,M1,343,f3_out_0,513,0,0
F3,M1,343,f3_out_1,30113,0,0
F3,M1,344,f3_out_0,513,0,0
F3,M1,344,f3_out_1,30114,0,0
F3,M1,345,f3_out_0,514,0,0
F3,M1,345,f3_out_1,30114,0,0
F3,M1,346,f3_out_0,514,0,0
F3,M1,346,f3_out_1,30114,0,0
F3,M1,347,f3_out_0,515,0,0
F3,M1,347,f3_out_1,30115,0,0
F3,M1,348,f3_out_0,515,0,0
F3,M1,348,f3_out_1,30115,0,0
F3,M1,349,f3_out_0,516,0,0
F3,M1,349,f3_out_1,30115,0,0
F3,M1,350,f3_out_0,517,0,0
F3,M1,350,f3_out_1,30116,0,0
F3,M1,351,f3_out_0,517,0,0
F3,M1,351,f3_out_1,30116,0,0
F3,M1,352,f3_out_0,518,0,0
F3,M1,352,f3_out_1,30116,0,0
F3,M1,353,f3_out_0,518,0,0
F3,M1,353,f3_out_1,30117,0,0
F3,M1,354,f3_out_0,519,0,0
F3,M1,354,f3_out_1,30117,0,0
F3,M1,355,f3_out_0,519,0,0
F3,M1,355,f3_out_1,30117,0,0
F3,M1,356,f3_out_0,520,0,0
F3,M1,356,f3_out_1,30118,0,0
F3,M1,357,f3_out_0,520,0,0
F3,M1,357,f3_out_1,30118,0,0
F3,M1,358,f3_out_0,521,0,0
F3,M1,358,f3_out_1,30118,0,0
F3,M1,359,f3_out_0,522,0,0
F3,M1,359,f3_out_1,30119,0,0
F3,M1,360,f3_out_0,522,0,0
F3,M1,360,f3_out_1,30119,0,0
F3,M1,361,f3_out_0,523,0,0
F3,M1,361,f3_out_1,30119,0,0
F3,M1,362,f3_out_0,523,0,0
F3,M1,362,f3_out_1,30120,0,0
F3,M1,363,f3_out_0,524,0,0
F3,M1,363,f3_out_1,30120,0,0
F3,M1,364,f3_out_0,524,0,0
F3,M1,364,f3_out_1,30120,0,0
F3,M1,365,f3_out_0,525,0,0
F3,M1,365,f3_out_1,30121,0,0
F3,M1,366,f3_out_0,525,0,0
F3,M1,366,f3_out_1,30121,0,0
F3,M1,367,f3_out_0,526,0,0
F3,M1,367,f3_out_1,30121,0,0
F3,M1,368,f3_out_0,527,0,0
F3,M1,368,f3_out_1,30122,0,0
F3,M1,369,f3_out_0,527,0,0
F3,M1,369,f3_out_1,30122,0,0
F3,M1,370,f3_out_0,528,0,0
F3,M1,370,f3_out_1,30122,0,0
F3,M1,371,f3_out_0,528,0,0
F3,M1,371,f3_out_1,30123,0,0
F3,M1,372,f3_out_0,529,0,0
F3,M1,372,f3_out_1,30123,0,0
F3,M1,373,f3_out_0,529,0,0
F3,M1,373,f3_out_1,30123,0,0
F3,M1,374,f3_out_0,530,0,0
F3,M1,374,f3_out_1,30124,0,0
F3,M1,375,f3_out_0,530,0,0
F3,M1,375,f3_out_1,30124,0,0
F3,M1,376,f3_out_0,531,0,0
F3,M1,376,f3_out_1,30124,0,0
F3,M1,377,f3_out_0,532,0,0
F3,M1,377,f3_out_1,30125,0,0
F3,M1,378,f3_out_0,532,0,0
F3,M1,378,f3_out_1,30125,0,0
F3,M1,379,f3_out_0,533,0,0
F3,M1,379,f3_out_1,30125,0,0
F3,M1,380,f3_out_0,533,0,0
F3,M1,380,f3_out_1,30126,0,0
F3,M1,381,f3_out_0,534,0,0
F3,M1,381,f3_out_1,30126,0,0
F3,M1,382,f3_out_0,534,0,0
F3,M1,382,f3_out_1,30126,0,0
F3,M1,383,f3_out_0,535,0,0
F3,M1,383,f3_out_1,30127,0,0
F3,M1,384,f3_out_0,535,0,0
F3,M1,384,f3_out_1,30127,0,0
F3,M1,385,f3_out_0,536,0,0
F3,M1,385,f3_out_1,30127,0,0
F3,M1,386,f3_out_0,537,0,0
F3,M1,386,f3_out_1,30128,0,0
F3,M1,387,f3_out_0,537,0,0
F3,M1,387,f3_out_1,30128,0,0
F3,M1,388,f3_out_0,538,0,0
F3,M1,388,f3_out_1,30128,0,0
F3,M1,389,f3_out_0,538,0,0
F3,M1,389,f3_out_1,30129,0,0
F3,M1,390,f3_out_0,539,0,0
F3,M1,390,f3_out_1,30129,0,0
F3,M1,391,f3_out_0,539,0,0
F3,M1,391,f3_out_1,30129,0,0
F3,M1,392,f3_out_0,540,0,0
F3,M1,392,f3_out_1,30130,0,0
F3,M1,393,f3_out_0,540,0,0
F3,M1,393,f3_out_1,30130,0,0
F3,M1,394,f3_out_0,541,0,0
F3,M1,394,f3_out_1,30130,0,0
F3,M1,395,f3_out_0,542,0,0
F3,M1,395,f3_out_1,30131,0,0
F3,M1,396,f3_out_0,542,0,0
F3,M1,396,f3_out_1,30131,0,0
F3,M1,397,f3_out_0,543,0,0
F3,M1,397,f3_out_1,30131,0,0
F3,M1,398,f3_out_0,543,0,0
F3,M1,398,f3_out_1,30132,0,0
F3,M1,399,f3_out_0,544,0,0
F3,M1,399,f3_out_1,30132,0,0
F3,M1,400,f3_out_0,544,0,0
F3,M1,400,f3_out_1,30132,0,0
F3,M1,401,f3_out_0,545,0,0
F3,M1,401,f3_out_1,30133,0,0
F3,M1,402,f3_out_0,545,0,0
F3,M1,402,f3_out_1,30133,0,0
F3,M1,403,f3_out_0,546,0,0
F3,M1,403,f3_out_1,30133,0,0
F3,M1,404,f3_out_0,547,0,0
F3,M1,404,f3_out_1,30134,0,0
F3,M1,405,f3_out_0,547,0,0
F3,M1,405,f3_out_1,30134,0,0
F3,M1,406,f3_out_0,548,0,0
F3,M1,406,f3_out_1,30134,0,0
F3,M1,407,f3_out_0,548,0,0
F3,M1,407,f3_out_1,30135,0,0
F3,M1,408,f3_out_0,549,0,0
F3,M1,408,f3_out_1,30135,0,0
F3,M1,409,f3_out_0,549,0,0
F3,M1,409,f3_out_1,30135,0,0
F3,M1,410,f3_out_0,550,0,0
F3,M1,410,f3_out_1,30136,0,0
F3,M1,411,f3_out_0,550,0,0
F3,M1,411,f3_out_1,30136,0,0
F3,M1,412,f3_out_0,551,0,0
F3,M1,412,f3_out_1,30136,0,0
F3,M1,413,f3_out_0,552,0,0
F3,M1,413,f3_out_1,30137,0,0
F3,M1,414,f3_out_0,552,0,0
F3,M1,414,f3_out_1,30137,0,0
F3,M1,415,f3_out_0,553,0,0
F3,M1,415,f3_out_1,30137,0,0
F3,M1,416,f3_out_0,553,0,0
F3,M1,416,f3_out_1,30138,0,0
F3,M1,417,f3_out_0,554,0,0
F3,M1,417,f3_out_1,30138,0,0
F3,M1,418,f3_out_0,554,0,0
F3,M1,418,f3_out_1,30138,0,0
F3,M1,419,f3_out_0,555,0,0
F3,M1,419,f3_out_1,30139,0,0
F3,M1,420,f3_out_0,555,0,0
F3,M1,420,f3_out_1,30139,0,0
F3,M1,421,f3_out_0,556,0,0
F3,M1,421,f3_out_1,30139,0,0
F3,M1,422,f3_out_0,557,0,0
F3,M1,422,f3_out_1,30140,0,0
F3,M1,423,f3_out_0,557,0,0
F3,M1,423,f3_out_1,30140,0,0
F3,M1,424,f3_out_0,558,0,0
F3,M1,424,f3_out_1,30140,0,0
F3,M1,425,f3_out_0,558,0,0
F3,M1,425,f3_out_1,30141,0,0
F3,M1,426,f3_out_0,559,0,0
F3,M1,426,f3_out_1,30141,0,0
F3,M1,427,f3_out_0,559,0,0
F3,M1,427,f3_out_1,30141,0,0
F3,M1,428,f3_out_0,560,0,0
F3,M1,428,f3_out_1,30142,0,0
F3,M1,429,f3_out_0,560,0,0
F3,M1,429,f3_out_1,30142,0,0
F3,M1,430,f3_out_0,561,0,0
F3,M1,430,f3_out_1,30142,0,0
F3,M1,431,f3_out_0,562,0,0
F3,M1,431,f3_out_1,30143,0,0
F3,M1,432,f3_out_0,562,0,0
F3,M1,432,f3_out_1,30143,0,0
F3,M1,433,f3_out_0,563,0,0
F3,M1,433,f3_out_1,30143,0,0
F3,M1,434,f3_out_0,563,0,0
F3,M1,434,f3_out_1,30144,0,0
F3,M1,435,f3_out_0,564,0,0
F3,M1,435,f3_out_1,30144,0,0
F3,M1,436,f3_out_0,564,0,0
F3,M1,436,f3_out_1,30144,0,0
F3,M1,437,f3_out_0,565,0,0
F3,M1,437,f3_out_1,30145,0,0
F3,M1,438,f3_out_0,565,0,0
F3,M1,438,f3_out_1,30145,0,0
F3,M1,439,f3_out_0,566,0,0
F3,M1,439,f3_out_1,30145,0,0
F3,M1,440,f3_out_0,567,0,0
F3,M1,440,f3_out_1,30146,0,0
F3,M1,441,f3_out_0,567,0,0
F3,M1,441,f3_out_1,30146,0,0
F3,M1,442,f3_out_0,568,0,0
F3,M1,442,f3_out_1,30146,0,0
F3,M1,443,f3_out_0,568,0,0
F3,M1,443,f3_out_1,30147,0,0
F3,M1,444,f3_out_0,569,0,0
F3,M1,444,f3_out_1,30147,0,0
F3,M1,445,f3_out_0,569,0,0
F3,M1,445,f3_out_1,30147,0,0
F3,M1,446,f3_out_0,570,0,0
F3,M1,446,f3_out_1,30148,0,0
F3,M1,447,f3_out_0,570,0,0
F3,M1,447,f3_out_1,30148,0,0
F3,M1,448,f3_out_0,571,0,0
F3,M1,448,f3_out_1,30148,0,0
F3,M1,449,f3_out_0,572,0,0
F3,M1,449,f3_out_1,30149,0,0
F3,M1,450,f3_out_0,572,0,0
F3,M1,450,f3_out_1,30149,0,0
F3,M1,451,f3_out_0,573,0,0
F3,M1,451,f3_out_1,30149,0,0
F3,M1,452,f3_out_0,573,0,0
F3,M1,452,f3_out_1,30150,0,0
F3,M1,453,f3_out_0,574,0,0
F3,M1,453,f3_out_1,30150,0,0
F3,M1,454,f3_out_0,574,0,0
F3,M1,454,f3_out_1,30150,0,0
F3,M1,455,f3_out_0,575,0,0
F3,M1,455,f3_out_1,30151,0,0
F3,M1,456,f3_out_0,575,0,0
F3,M1,456,f3_out_1,30151,0,0
F3,M1,457,f3_out_0,576,0,0
F3,M1,457,f3_out_1,30151,0,0
F3,M1,458,f3_out_0,577,0,0
F3,M1,458,f3_out_1,30152,0,0
F3,M1,459,f3_out_0,577,0,0
F3,M1,459,f3_out_1,30152,0,0
F3,M1,460,f3_out_0,578,0,0
F3,M1,460,f3_out_1,30152,0,0
F3,M1,461,f3_out_0,578,0,0
F3,M1,461,f3_out_1,30153,0,0
F3,M1,462,f3_out_0,579,0,0
F3,M1,462,f3_out_1,30153,0,0
F3,M1,463,f3_out_0,579,0,0
F3,M1,463,f3_out_1,30153,0,0
F3,M1,464,f3_out_0,580,0,0
F3,M1,464,f3_out_1,30154,0,0
F3,M1,465,f3_out_0,580,0,0
F3,M1,465,f3_out_1,30154,0,0
F3,M1,466,f3_out_0,581,0,0
F3,M1,466,f3_out_1,30154,0,0
F3,M1,467,f3_out_0,582,0,0
F3,M1,467,f3_out_1,30155,0,0
F3,M1,468,f3_out_0,582,0,0
F3,M1,468,f3_out_1,30155,0,0
F3,M1,469,f3_out_0,583,0,0
F3,M1,469,f3_out_1,30155,0,0
F3,M1,470,f3_out_0,583,0,0
F3,M1,470,f3_out_1,30156,0,0
F3,M1,471,f3_out_0,584,0,0
F3,M1,471,f3_out_1,30156,0,0
F3,M1,472,f3_out_0,584,0,0
F3,M1,472,f3_out_1,30156,0,0
F3,M1,473,f3_out_0,585,0,0
F3,M1,473,f3_out_1,30157,0,0
F3,M1,474,f3_out_0,585,0,0
F3,M1,474,f3_out_1,30157,0,0
F3,M1,475,f3_out_0,586,0,0
F3,M1,475,f3_out_1,30157,0,0
F3,M1,476,f3_out_0,587,0,0
F3,M1,476,f3_out_1,30158,0,0
F3,M1,477,f3_out_0,587,0,0
F3,M1,477,f3_out_1,30158,0,0
F3,M1,478,f3_out_0,588,0,0
F3,M1,478,f3_out_1,30158,0,0
F3,M1,479,f3_out_0,588,0,0
F3,M1,479,f3_out_1,30159,0,0
F3,M1,480,f3_out_0,589,0,0
F3,M1,480,f3_out_1,30159,0,0
F3,M1,481,f3_out_0,589,0,0
F3,M1,481,f3_out_1,30159,0,0
F3,M1,482,f3_out_0,590,0,0
F3,M1,482,f3_out_1,30160,0,0
F3,M1,483,f3_out_0,590,0,0
F3,M1,483,f3_out_1,30160,0,0
F3,M1,484,f3_out_0,591,0,0
F3,M1,484,f3_out_1,30160,0,0
F3,M1,485,f3_out_0,592,0,0
F3,M1,485,f3_out_1,30161,0,0
F3,M1,486,f3_out_0,592,0,0
F3,M1,486,f3_out_1,30161,0,0
F3,M1,487,f3_out_0,593,0,0
F3,M1,487,f3_out_1,30161,0,0
F3,M1,488,f3_out_0,593,0,0
F3,M1,488,f3_out_1,30162,0,0
F3,M1,489,f3_out_0,594,0,0
F3,M1,489,f3_out_1,30162,0,0
F3,M1,490,f3_out_0,594,0,0
F3,M1,490,f3_out_1,30162,0,0
F3,M1,491,f3_out_0,595,0,0
F3,M1,491,f3_out_1,30163,0,0
F3,M1,492,f3_out_0,595,0,0
F3,M1,492,f3_out_1,30163,0,0
F3,M1,493,f3_out_0,596,0,0
F3,M1,493,f3_out_1,30163,0,0
F3,M1,494,f3_out_0,597,0,0
F3,M1,494,f3_out_1,30164,0,0
F3,M1,495,f3_out_0,597,0,0
F3,M1,495,f3_out_1,30164,0,0
F3,M1,496,f3_out_0,598,0,0
F3,M1,496,f3_out_1,30164,0,0
F3,M1,497,f3_out_0,598,0,0
F3,M1,497,f3_out_1,30165,0,0
F3,M1,498,f3_out_0,599,0,0
F3,M1,498,f3_out_1,30165,0,0
F3,M1,499,f3_out_0,599,0,0
F3,M1,499,f3_out_1,30165,0,0
F3,M1,500,f3_out_0,600,0,0
F3,M1,500,f3_out_1,30166,0,0
F3,M1,501,f3_out_0,600,0,0
F3,M1,501,f3_out_1,30166,0,0
F3,M1,502,f3_out_0,601,0,0
F3,M1,502,f3_out_1,30166,0,0
F3,M1,503,f3_out_0,602,0,0
F3,M1,503,f3_out_1,30167,0,0
F3,M1,504,f3_out_0,602,0,0
F3,M1,504,f3_out_1,30167,0,0
F3,M1,505,f3_out_0,603,0,0
F3,M1,505,f3_out_1,30167,0,0
F3,M1,506,f3_out_0,603,0,0
F3,M1,506,f3_out_1,30168,0,0
F3,M1,507,f3_out_0,604,0,0
F3,M1,507,f3_out_1,30168,0,0
F3,M1,508,f3_out_0,604,0,0
F3,M1,508,f3_out_1,30168,0,0
F3,M1,509,f3_out_0,605,0,0
F3,M1,509,f3_out_1,30169,0,0
F3,M1,510,f3_out_0,605,0,0
F3,M1,510,f3_out_1,30169,0,0
F3,M1,511,f3_out_0,606,0,0
F3,M1,511,f3_out_1,30169,0,0
F3,M1,512,f3_out_0,607,0,0
F3,M1,512,f3_out_1,30170,0,0
F3,M1,513,f3_out_0,607,0,0
F3,M1,513,f3_out_1,30170,0,0
F3,M1,514,f3_out_0,608,0,0
F3,M1,514,f3_out_1,30170,0,0
F3,M1,515,f3_out_0,608,0,0
F3,M1,515,f3_out_1,30171,0,0
F3,M1,516,f3_out_0,609,0,0
F3,M1,516,f3_out_1,30171,0,0
F3,M1,517,f3_out_0,609,0,0
F3,M1,517,f3_out_1,30171,0,0
F3,M1,518,f3_out_0,610,0,0
F3,M1,518,f3_out_1,30172,0,0
F3,M1,519,f3_out_0,610,0,0
F3,M1,519,f3_out_1,30172,0,0
F3,M1,520,f3_out_0,611,0,0
F3,M1,520,f3_out_1,30172,0,0
F3,M1,521,f3_out_0,612,0,0
F3,M1,521,f3_out_1,30173,0,0
F3,M1,522,f3_out_0,612,0,0
F3,M1,522,f3_out_1,30173,0,0
F3,M1,523,f3_out_0,613,0,0
F3,M1,523,f3_out_1,30173,0,0
F3,M1,524,f3_out_0,613,0,0
F3,M1,524,f3_out_1,30174,0,0
F3,M1,525,f3_out_0,614,0,0
F3,M1,525,f3_out_1,30174,0,0
F3,M1,526,f3_out_0,614,0,0
F3,M1,526,f3_out_1,30174,0,0
F3,M1,527,f3_out_0,615,0,0
F3,M1,527,f3_out_1,30175,0,0
F3,M1,528,f3_out_0,615,0,0
F3,M1,528,f3_out_1,30175,0,0
F3,M1,529,f3_out_0,616,0,0
F3,M1,529,f3_out_1,30175,0,0
F3,M1,530,f3_out_0,617,0,0
F3,M1,530,f3_out_1,30176,0,0
F3,M1,531,f3_out_0,617,0,0
F3,M1,531,f3_out_1,30176,0,0
F3,M1,532,f3_out_0,618,0,0
F3,M1,532,f3_out_1,30176,0,0
F3,M1,533,f3_out_0,618,0,0
F3,M1,533,f3_out_1,30177,0,0
F3,M1,534,f3_out_0,619,0,0
F3,M1,534,f3_out_1,30177,0,0
F3,M1,535,f3_out_0,619,0,0
F3,M1,535,f3_out_1,30177,0,0
F3,M1,536,f3_out_0,620,0,0
F3,M1,536,f3_out_1,30178,0,0
F3,M1,537,f3_out_0,620,0,0
F3,M1,537,f3_out_1,30178,0,0
F3,M1,538,f3_out_0,621,0,0
F3,M1,538,f3_out_1,30178,0,0
F3,M1,539,f3_out_0,622,0,0
F3,M1,539,f3_out_1,30179,0,0
F3,M1,540,f3_out_0,622,0,0
F3,M1,540,f3_out_1,30179,0,0
F3,M1,541,f3_out_0,623,0,0
F3,M1,541,f3_out_1,30179,0,0
F3,M1,542,f3_out_0,623,0,0
F3,M1,542,f3_out_1,30180,0,0
F3,M1,543,f3_out_0,624,0,0
F3,M1,543,f3_out_1,30180,0,0
F3,M1,544,f3_out_0,624,0,0
F3,M1,544,f3_out_1,30180,0,0
F3,M1,545,f3_out_0,625,0,0
F3,M1,545,f3_out_1,30181,0,0
F3,M1,546,f3_out_0,625,0,0
F3,M1,546,f3_out_1,30181,0,0
F3,M1,547,f3_out_0,626,0,0
F3,M1,547,f3_out_1,30181,0,0
F3,M1,548,f3_out_0,627,0,0
F3,M1,548,f3_out_1,30182,0,0
F3,M1,549,f3_out_0,627,0,0
F3,M1,549,f3_out_1,30182,0,0
F3,M1,550,f3_out_0,628,0,0
F3,M1,550,f3_out_1,30182,0,0
F3,M1,551,f3_out_0,628,0,0
F3,M1,551,f3_out_1,30183,0,0
F3,M1,552,f3_out_0,629,0,0
F3,M1,552,f3_out_1,30183,0,0
F3,M1,553,f3_out_0,629,0,0
F3,M1,553,f3_out_1,30183,0,0
F3,M1,554,f3_out_0,630,0,0
F3,M1,554,f3_out_1,30184,0,0
F3,M1,555,f3_out_0,630,0,0
F3,M1,555,f3_out_1,30184,0,0
F3,M1,556,f3_out_0,631,0,0
F3,M1,556,f3_out_1,30184,0,0
F3,M1,557,f3_out_0,632,0,0
F3,M1,557,f3_out_1,30185,0,0
F3,M1,558,f3_out_0,632,0,0
F3,M1,558,f3_out_1,30185,0,0
F3,M1,559,f3_out_0,633,0,0
F3,M1,559,f3_out_1,30185,0,0
F3,M1,560,f3_out_0,633,0,0
F3,M1,560,f3_out_1,30186,0,0
F3,M1,561,f3_out_0,634,0,0
F3,M1,561,f3_out_1,30186,0,0
F3,M1,562,f3_out_0,634,0,0
F3,M1,562,f3_out_1,30186,0,0
F3,M1,563,f3_out_0,635,0,0
F3,M1,563,f3_out_1,30187,0,0
F3,M1,564,f3_out_0,635,0,0
F3,M1,564,f3_out_1,30187,0,0
F3,M1,565,f3_out_0,636,0,0
F3,M1,565,f3_out_1,30187,0,0
F3,M1,566,f3_out_0,637,0,0
F3,M1,566,f3_out_1,30188,0,0
F3,M1,567,f3_out_0,637,0,0
F3,M1,567,f3_out_1,30188,0,0
F3,M1,568,f3_out_0,638,0,0
F3,M1,568,f3_out_1,30188,0,0
F3,M1,569,f3_out_0,638,0,0
F3,M1,569,f3_out_1,30189,0,0
F3,M1,570,f3_out_0,639,0,0
F3,M1,570,f3_out_1,30189,0,0
F3,M1,571,f3_out_0,639,0,0
F3,M1,571,f3_out_1,30189,0,0
F3,M1,572,f3_out_0,640,0,0
F3,M1,572,f3_out_1,30190,0,0
F3,M1,573,f3_out_0,640,0,0
F3,M1,573,f3_out_1,30190,0,0
F3,M1,574,f3_out_0,641,0,0
F3,M1,574,f3_out_1,30190,0,0
F3,M1,575,f3_out_0,642,0,0
F3,M1,575,f3_out_1,30191,0,0
F3,M1,576,f3_out_0,642,0,0
F3,M1,576,f3_out_1,30191,0,0
F3,M1,577,f3_out_0,643,0,0
F3,M1,577,f3_out_1,30191,0,0
F3,M1,578,f3_out_0,643,0,0
F3,M1,578,f3_out_1,30192,0,0
F3,M1,579,f3_out_0,644,0,0
F3,M1,579,f3_out_1,30192,0,0
F3,M1,580,f3_out_0,644,0,0
F3,M1,580,f3_out_1,30192,0,0
F3,M1,581,f3_out_0,645,0,0
F3,M1,581,f3_out_1,30193,0,0
F3,M1,582,f3_out_0,645,0,0
F3,M1,582,f3_out_1,30193,0,0
F3,M1,583,f3_out_0,646,0,0
F3,M1,583,f3_out_1,30193,0,0
F3,M1,584,f3_out_0,647,0,0
F3,M1,584,f3_out_1,30194,0,0
F3,M1,585,f3_out_0,647,0,0
F3,M1,585,f3_out_1,30194,0,0
F3,M1,586,f3_out_0,648,0,0
F3,M1,586,f3_out_1,30194,0,0
F3,M1,587,f3_out_0,648,0,0
F3,M1,587,f3_out_1,30195,0,0
F3,M1,588,f3_out_0,649,0,0
F3,M1,588,f3_out_1,30195,0,0
F3,M1,589,f3_out_0,649,0,0
F3,M1,589,f3_out_1,30195,0,0
F3,M1,590,f3_out_0,650,0,0
F3,M1,590,f3_out_1,30196,0,0
F3,M1,591,f3_out_0,650,0,0
F3,M1,591,f3_out_1,30196,0,0
F3,M1,592,f3_out_0,651,0,0
F3,M1,592,f3_out_1,30196,0,0
F3,M1,593,f3_out_0,652,0,0
F3,M1,593,f3_out_1,30197,0,0
F3,M1,594,f3_out_0,652,0,0
F3,M1,594,f3_out_1,30197,0,0
F3,M1,595,f3_out_0,653,0,0
F3,M1,595,f3_out_1,30197,0,0
F3,M1,596,f3_out_0,653,0,0
F3,M1,596,f3_out_1,30198,0,0
F3,M1,597,f3_out_0,654,0,0
F3,M1,597,f3_out_1,30198,0,0
F3,M1,598,f3_out_0,654,0,0
F3,M1,598,f3_out_1,30198,0,0
F3,M1,599,f3_out_0,655,0,0
F3,M1,599,f3_out_1,30199,0,0
F3,M1,600,f3_out_0,655,0,0
F3,M1,600,f3_out_1,30199,0,0
F3,M1,601,f3_out_0,656,0,0
F3,M1,601,f3_out_1,30199,0,0
F3,M1,602,f3_out_0,657,0,0
F3,M1,602,f3_out_1,30200,0,0
F3,M1,603,f3_out_0,657,0,0
F3,M1,603,f3_out_1,30200,0,0
F3,M1,604,f3_out_0,658,0,0
F3,M1,604,f3_out_1,30200,0,0
F3,M1,605,f3_out_0,658,0,0
F3,M1,605,f3_out_1,30201,0,0
F3,M1,606,f3_out_0,659,0,0
F3,M1,606,f3_out_1,30201,0,0
F3,M1,607,f3_out_0,659,0,0
F3,M1,607,f3_out_1,30201,0,0
F3,M1,608,f3_out_0,660,0,0
F3,M1,608,f3_out_1,30202,0,0
F3,M1,609,f3_out_0,660,0,0
F3,M1,609,f3_out_1,30202,0,0
F3,M1,610,f3_out_0,661,0,0
F3,M1,610,f3_out_1,30202,0,0
F3,M1,611,f3_out_0,662,0,0
F3,M1,611,f3_out_1,30203,0,0
F3,M1,612,f3_out_0,662,0,0
F3,M1,612,f3_out_1,30203,0,0
F3,M1,613,f3_out_0,663,0,0
F3,M1,613,f3_out_1,30203,0,0
F3,M1,614,f3_out_0,663,0,0
F3,M1,614,f3_out_1,30204,0,0
F3,M1,615,f3_out_0,664,0,0
F3,M1,615,f3_out_1,30204,0,0
F3,M1,616,f3_out_0,664,0,0
F3,M1,616,f3_out_1,30204,0,0
F3,M1,617,f3_out_0,665,0,0
F3,M1,617,f3_out_1,30205,0,0
F3,M1,618,f3_out_0,665,0,0
F3,M1,618,f3_out_1,30205,0,0
F3,M1,619,f3_out_0,666,0,0
F3,M1,619,f3_out_1,30205,0,0
F3,M1,620,f3_out_0,667,0,0
F3,M1,620,f3_out_1,30206,0,0
F3,M1,621,f3_out_0,667,0,0
F3,M1,621,f3_out_1,30206,0,0
F3,M1,622,f3_out_0,668,0,0
F3,M1,622,f3_out_1,30206,0,0
F3,M1,623,f3_out_0,668,0,0
F3,M1,623,f3_out_1,30207,0,0
F3,M1,624,f3_out_0,669,0,0
F3,M1,624,f3_out_1,30207,0,0
F3,M1,625,f3_out_0,669,0,0
F3,M1,625,f3_out_1,30207,0,0
F3,M1,626,f3_out_0,670,0,0
F3,M1,626,f3_out_1,30208,0,0
F3,M1,627,f3_out_0,670,0,0
F3,M1,627,f3_out_1,30208,0,0
F3,M1,628,f3_out_0,671,0,0
F3,M1,628,f3_out_1,30208,0,0
F3,M1,629,f3_out_0,672,0,0
F3,M1,629,f3_out_1,30209,0,0
F3,M1,630,f3_out_0,672,0,0
F3,M1,630,f3_out_1,30209,0,0
F3,M1,631,f3_out_0,673,0,0
F3,M1,631,f3_out_1,30209,0,0
F3,M1,632,f3_out_0,673,0,0
F3,M1,632,f3_out_1,30210,0,0
F3,M1,633,f3_out_0,674,0,0
F3,M1,633,f3_out_1,30210,0,0
F3,M1,634,f3_out_0,674,0,0
F3,M1,634,f3_out_1,30210,0,0
F3,M1,635,f3_out_0,675,0,0
F3,M1,635,f3_out_1,30211,0,0
F3,M1,636,f3_out_0,675,0,0
F3,M1,636,f3_out_1,30211,0,0
F3,M1,637,f3_out_0,676,0,0
F3,M1,637,f3_out_1,30211,0,0
F3,M1,638,f3_out_0,677,0,0
F3,M1,638,f3_out_1,30212,0,0
F3,M1,639,f3_out_0,677,0,0
F3,M1,639,f3_out_1,30212,0,0
F3,M1,640,f3_out_0,678,0,0
F3,M1,640,f3_out_1,30212,0,0
F3,M1,641,f3_out_0,678,0,0
F3,M1,641,f3_out_1,30213,0,0
F3,M1,642,f3_out_0,679,0,0
F3,M1,642,f3_out_1,30213,0,0
F3,M1,643,f3_out_0,679,0,0
F3,M1,643,f3_out_1,30213,0,0
F3,M1,644,f3_out_0,680,0,0
F3,M1,644,f3_out_1,30214,0,0
F3,M1,645,f3_out_0,680,0,0
F3,M1,645,f3_out_1,30214,0,0
F3,M1,646,f3_out_0,681,0,0
F3,M1,646,f3_out_1,30214,0,0
F3,M1,647,f3_out_0,682,0,0
F3,M1,647,f3_out_1,30215,0,0
F3,M1,648,f3_out_0,682,0,0
F3,M1,648,f3_out_1,30215,0,0
F3,M1,649,f3_out_0,683,0,0
F3,M1,649,f3_out_1,30215,0,0
F3,M1,650,f3_out_0,683,0,0
F3,M1,650,f3_out_1,30216,0,0
F3,M1,651,f3_out_0,684,0,0
F3,M1,651,f3_out_1,30216,0,0
F3,M1,652,f3_out_0,684,0,0
F3,M1,652,f3_out_1,30216,0,0
F3,M1,653,f3_out_0,685,0,0
F3,M1,653,f3_out_1,30217,0,0
F3,M1,654,f3_out_0,685,0,0
F3,M1,654,f3_out_1,30217,0,0
F3,M1,655,f3_out_0,686,0,0
F3,M1,655,f3_out_1,30217,0,0
F3,M1,656,f3_out_0,687,0,0
F3,M1,656,f3_out_1,30218,0,0
F3,M1,657,f3_out_0,687,0,0
F3,M1,657,f3_out_1,30218,0,0
F3,M1,658,f3_out_0,688,0,0
F3,M1,658,f3_out_1,30218,0,0
F3,M1,659,f3_out_0,688,0,0
F3,M1,659,f3_out_1,30219,0,0
F3,M1,660,f3_out_0,689,0,0
F3,M1,660,f3_out_1,30219,0,0
F3,M1,661,f3_out_0,689,0,0
F3,M1,661,f3_out_1,30219,0,0
F3,M1,662,f3_out_0,690,0,0
F3,M1,662,f3_out_1,30220,0,0
F3,M1,663,f3_out_0,690,0,0
F3,M1,663,f3_out_1,30220,0,0
F3,M1,664,f3_out_0,691,0,0
F3,M1,664,f3_out_1,30220,0,0
F3,M1,665,f3_out_0,692,0,0
F3,M1,665,f3_out_1,30221,0,0
F3,M1,666,f3_out_0,692,0,0
F3,M1,666,f3_out_1,30221,0,0
F3,M1,667,f3_out_0,693,0,0
F3,M1,667,f3_out_1,30221,0,0
F3,M1,668,f3_out_0,693,0,0
F3,M1,668,f3_out_1,30222,0,0
F3,M1,669,f3_out_0,694,0,0
F3,M1,669,f3_out_1,30222,0,0
F3,M1,670,f3_out_0,694,0,0
F3,M1,670,f3_out_1,30222,0,0
F3,M1,671,f3_out_0,695,0,0
F3,M1,671,f3_out_1,30223,0,0
F3,M1,672,f3_out_0,695,0,0
F3,M1,672,f3_out_1,30223,0,0
F3,M1,673,f3_out_0,696,0,0
F3,M1,673,f3_out_1,30223,0,0
F3,M1,674,f3_out_0,697,0,0
F3,M1,674,f3_out_1,30224,0,0
F3,M1,675,f3_out_0,697,0,0
F3,M1,675,f3_out_1,30224,0,0
F3,M1,676,f3_out_0,698,0,0
F3,M1,676,f3_out_1,30224,0,0
F3,M1,677,f3_out_0,698,0,0
F3,M1,677,f3_out_1,30225,0,0
F3,M1,678,f3_out_0,699,0,0
F3,M1,678,f3_out_1,30225,0,0
F3,M1,679,f3_out_0,699,0,0
F3,M1,679,f3_out_1,30225,0,0
F3,M1,680,f3_out_0,700,0,0
F3,M1,680,f3_out_1,30226,0,0
F3,M1,681,f3_out_0,700,0,0
F3,M1,681,f3_out_1,30226,0,0
F3,M1,682,f3_out_0,701,0,0
F3,M1,682,f3_out_1,30226,0,0
F3,M1,683,f3_out_0,702,0,0
F3,M1,683,f3_out_1,30227,0,0
F3,M1,684,f3_out_0,702,0,0
F3,M1,684,f3_out_1,30227,0,0
F3,M1,685,f3_out_0,703,0,0
F3,M1,685,f3_out_1,30227,0,0
F3,M1,686,f3_out_0,703,0,0
F3,M1,686,f3_out_1,30228,0,0
F3,M1,687,f3_out_0,704,0,0
F3,M1,687,f3_out_1,30228,0,0
F3,M1,688,f3_out_0,704,0,0
F3,M1,688,f3_out_1,30228,0,0
F3,M1,689,f3_out_0,705,0,0
F3,M1,689,f3_out_1,30229,0,0
F3,M1,690,f3_out_0,705,0,0
F3,M1,690,f3_out_1,30229,0,0
F3,M1,691,f3_out_0,706,0,0
F3,M1,691,f3_out_1,30229,0,0
F3,M1,692,f3_out_0,707,0,0
F3,M1,692,f3_out_1,30230,0,0
F3,M1,693,f3_out_0,707,0,0
F3,M1,693,f3_out_1,30230,0,0
F3,M1,694,f3_out_0,708,0,0
F3,M1,694,f3_out_1,30230,0,0
F3,M1,695,f3_out_0,708,0,0
F3,M1,695,f3_out_1,30231,0,0
F3,M1,696,f3_out_0,709,0,0
F3,M1,696,f3_out_1,30231,0,0
F3,M1,697,f3_out_0,709,0,0
F3,M1,697,f3_out_1,30231,0,0
F3,M1,698,f3_out_0,710,0,0
F3,M1,698,f3_out_1,30232,0,0
F3,M1,699,f3_out_0,710,0,0
F3,M1,699,f3_out_1,30232,0,0
F3,M1,700,f3_out_0,711,0,0
F3,M1,700,f3_out_1,30232,0,0
F3,M1,701,f3_out_0,712,0,0
F3,M1,701,f3_out_1,30233,0,0
F3,M1,702,f3_out_0,712,0,0
F3,M1,702,f3_out_1,30233,0,0
F3,M1,703,f3_out_0,713,0,0
F3,M1,703,f3_out_1,30233,0,0
F3,M1,704,f3_out_0,713,0,0
F3,M1,704,f3_out_1,30234,0,0
F3,M1,705,f3_out_0,714,0,0
F3,M1,705,f3_out_1,30234,0,0
F3,M1,706,f3_out_0,714,0,0
F3,M1,706,f3_out_1,30234,0,0
F3,M1,707,f3_out_0,715,0,0
F3,M1,707,f3_out_1,30235,0,0
F3,M1,708,f3_out_0,715,0,0
F3,M1,708,f3_out_1,30235,0,0
F3,M1,709,f3_out_0,716,0,0
F3,M1,709,f3_out_1,30235,0,0
F3,M1,710,f3_out_0,717,0,0
F3,M1,710,f3_out_1,30236,0,0
F3,M1,711,f3_out_0,717,0,0
F3,M1,711,f3_out_1,30236,0,0
F3,M1,712,f3_out_0,718,0,0
F3,M1,712,f3_out_1,30236,0,0
F3,M1,713,f3_out_0,718,0,0
F3,M1,713,f3_out_1,30237,0,0
F3,M1,714,f3_out_0,719,0,0
F3,M1,714,f3_out_1,30237,0,0
F3,M1,715,f3_out_0,719,0,0
F3,M1,715,f3_out_1,30237,0,0
F3,M1,716,f3_out_0,720,0,0
F3,M1,716,f3_out_1,30238,0,0
F3,M1,717,f3_out_0,720,0,0
F3,M1,717,f3_out_1,30238,0,0
F3,M1,718,f3_out_0,721,0,0
F3,M1,718,f3_out_1,30238,0,0
F3,M1,719,f3_out_0,722,0,0
F3,M1,719,f3_out_1,30239,0,0
F3,M1,720,f3_out_0,722,0,0
F3,M1,720,f3_out_1,30239,0,0
F3,M1,721,f3_out_0,723,0,0
F3,M1,721,f3_out_1,30239,0,0
F3,M1,722,f3_out_0,723,0,0
F3,M1,722,f3_out_1,30240,0,0
F3,M1,723,f3_out_0,724,0,0
F3,M1,723,f3_out_1,30240,0,0
F3,M1,724,f3_out_0,724,0,0
F3,M1,724,f3_out_1,30240,0,0
F3,M1,725,f3_out_0,725,0,0
F3,M1,725,f3_out_1,30241,0,0
F3,M1,726,f3_out_0,725,0,0
F3,M1,726,f3_out_1,30241,0,0
F3,M1,727,f3_out_0,726,0,0
F3,M1,727,f3_out_1,30241,0,0
F3,M1,728,f3_out_0,727,0,0
F3,M1,728,f3_out_1,30242,0,0
F3,M1,729,f3_out_0,727,0,0
F3,M1,729,f3_out_1,30242,0,0
F3,M1,730,f3_out_0,728,0,0
F3,M1,730,f3_out_1,30242,0,0
F3,M1,731,f3_out_0,728,0,0
F3,M1,731,f3_out_1,30243,0,0
F3,M1,732,f3_out_0,729,0,0
F3,M1,732,f3_out_1,30243,0,0
F3,M1,733,f3_out_0,729,0,0
F3,M1,733,f3_out_1,30243,0,0
F3,M1,734,f3_out_0,730,0,0
F3,M1,734,f3_out_1,30244,0,0
F3,M1,735,f3_out_0,730,0,0
F3,M1,735,f3_out_1,30244,0,0
F3,M1,736,f3_out_0,731,0,0
F3,M1,736,f3_out_1,30244,0,0
F3,M1,737,f3_out_0,732,0,0
F3,M1,737,f3_out_1,30245,0,0
F3,M1,738,f3_out_0,732,0,0
F3,M1,738,f3_out_1,30245,0,0
F3,M1,739,f3_out_0,733,0,0
F3,M1,739,f3_out_1,30245,0,0
F3,M1,740,f3_out_0,733,0,0
F3,M1,740,f3_out_1,30246,0,0
F3,M1,741,f3_out_0,734,0,0
F3,M1,741,f3_out_1,30246,0,0
F3,M1,742,f3_out_0,734,0,0
F3,M1,742,f3_out_1,30246,0,0
F3,M1,743,f3_out_0,735,0,0
F3,M1,743,f3_out_1,30247,0,0
F3,M1,744,f3_out_0,735,0,0
F3,M1,744,f3_out_1,30247,0,0
F3,M1,745,f3_out_0,736,0,0
F3,M1,745,f3_out_1,30247,0,0
F3,M1,746,f3_out_0,737,0,0
F3,M1,746,f3_out_1,30248,0,0
F3,M1,747,f3_out_0,737,0,0
F3,M1,747,f3_out_1,30248,0,0
F3,M1,748,f3_out_0,738,0,0
F3,M1,748,f3_out_1,30248,0,0
F3,M1,749,f3_out_0,738,0,0
F3,M1,749,f3_out_1,30249,0,0
F3,M1,750,f3_out_0,739,0,0
F3,M1,750,f3_out_1,30249,0,0
F3,M1,751,f3_out_0,739,0,0
F3,M1,751,f3_out_1,30249,0,0
F3,M1,752,f3_out_0,740,0,0
F3,M1,752,f3_out_1,30250,0,0
F3,M1,753,f3_out_0,740,0,0
F3,M1,753,f3_out_1,30250,0,0
F3,M1,754,f3_out_0,741,0,0
F3,M1,754,f3_out_1,30250,0,0
F3,M1,755,f3_out_0,742,0,0
F3,M1,755,f3_out_1,30251,0,0
F3,M1,756,f3_out_0,742,0,0
F3,M1,756,f3_out_1,30251,0,0
F3,M1,757,f3_out_0,743,0,0
F3,M1,757,f3_out_1,30251,0,0
F3,M1,758,f3_out_0,743,0,0
F3,M1,758,f3_out_1,30252,0,0
F3,M1,759,f3_out_0,744,0,0
F3,M1,759,f3_out_1,30252,0,0
F3,M1,760,f3_out_0,744,0,0
F3,M1,760,f3_out_1,30252,0,0
F3,M1,761,f3_out_0,745,0,0
F3,M1,761,f3_out_1,30253,0,0
F3,M1,762,f3_out_0,745,0,0
F3,M1,762,f3_out_1,30253,0,0
F3,M1,763,f3_out_0,746,0,0
F3,M1,763,f3_out_1,30253,0,0
F3,M1,764,f3_out_0,747,0,0
F3,M1,764,f3_out_1,30254,0,0
F3,M1,765,f3_out_0,747,0,0
F3,M1,765,f3_out_1,30254,0,0
F3,M1,766,f3_out_0,748,0,0
F3,M1,766,f3_out_1,30254,0,0
F3,M1,767,f3_out_0,748,0,0
F3,M1,767,f3_out_1,30255,0,0
F3,M1,768,f3_out_0,749,0,0
F3,M1,768,f3_out_1,30255,0,0
F3,M1,769,f3_out_0,749,0,0
F3,M1,769,f3_out_1,30255,0,0
F3,M1,770,f3_out_0,750,0,0
F3,M1,770,f3_out_1,30256,0,0
F3,M1,771,f3_out_0,750,0,0
F3,M1,771,f3_out_1,30256,0,0
F3,M1,772,f3_out_0,751,0,0
F3,M1,772,f3_out_1,30256,0,0
F3,M1,773,f3_out_0,752,0,0
F3,M1,773,f3_out_1,30257,0,0
F3,M1,774,f3_out_0,752,0,0
F3,M1,774,f3_out_1,30257,0,0
F3,M1,775,f3_out_0,753,0,0
F3,M1,775,f3_out_1,30257,0,0
F3,M1,776,f3_out_0,753,0,0
F3,M1,776,f3_out_1,30258,0,0
F3,M1,777,f3_out_0,754,0,0
F3,M1,777,f3_out_1,30258,0,0
F3,M1,778,f3_out_0,754,0,0
F3,M1,778,f3_out_1,30258,0,0
F3,M1,779,f3_out_0,755,0,0
F3,M1,779,f3_out_1,30259,0,0
F3,M1,780,f3_out_0,755,0,0
F3,M1,780,f3_out_1,30259,0,0
F3,M1,781,f3_out_0,756,0,0
F3,M1,781,f3_out_1,30259,0,0
F3,M1,782,f3_out_0,757,0,0
F3,M1,782,f3_out_1,30260,0,0
F3,M1,783,f3_out_0,757,0,0
F3,M1,783,f3_out_1,30260,0,0
F3,M1,784,f3_out_0,758,0,0
F3,M1,784,f3_out_1,30260,0,0
F3,M1,785,f3_out_0,758,0,0
F3,M1,785,f3_out_1,30261,0,0
F3,M1,786,f3_out_0,759,0,0
F3,M1,786,f3_out_1,30261,0,0
F3,M1,787,f3_out_0,759,0,0
F3,M1,787,f3_out_1,30261,0,0
F3,M1,788,f3_out_0,760,0,0
F3,M1,788,f3_out_1,30262,0,0
F3,M1,789,f3_out_0,760,0,0
F3,M1,789,f3_out_1,30262,0,0
F3,M1,790,f3_out_0,761,0,0
F3,M1,790,f3_out_1,30262,0,0
F3,M1,791,f3_out_0,762,0,0
F3,M1,791,f3_out_1,30263,0,0
F3,M1,792,f3_out_0,762,0,0
F3,M1,792,f3_out_1,30263,0,0
F3,M1,793,f3_out_0,763,0,0
F3,M1,793,f3_out_1,30263,0,0
F3,M1,794,f3_out_0,763,0,0
F3,M1,794,f3_out_1,30264,0,0
F3,M1,795,f3_out_0,764,0,0
F3,M1,795,f3_out_1,30264,0,0
F3,M1,796,f3_out_0,764,0,0
F3,M1,796,f3_out_1,30264,0,0
F3,M1,797,f3_out_0,765,0,0
F3,M1,797,f3_out_1,30265,0,0
F3,M1,798,f3_out_0,765,0,0
F3,M1,798,f3_out_1,30265,0,0
F3,M1,799,f3_out_0,766,0,0
F3,M1,799,f3_out_1,30265,0,0
F3,M1,800,f3_out_0,767,0,0
F3,M1,800,f3_out_1,30266,0,0
F3,M1,801,f3_out_0,767,0,0
F3,M1,801,f3_out_1,30266,0,0
F3,M1,802,f3_out_0,768,0,0
F3,M1,802,f3_out_1,30266,0,0
F3,M1,803,f3_out_0,768,0,0
F3,M1,803,f3_out_1,30267,0,0
F3,M1,804,f3_out_0,769,0,0
F3,M1,804,f3_out_1,30267,0,0
F3,M1,805,f3_out_0,769,0,0
F3,M1,805,f3_out_1,30267,0,0
F3,M1,806,f3_out_0,770,0,0
F3,M1,806,f3_out_1,30268,0,0
F3,M1,807,f3_out_0,770,0,0
F3,M1,807,f3_out_1,30268,0,0
F3,M1,808,f3_out_0,771,0,0
F3,M1,808,f3_out_1,30268,0,0
F3,M1,809,f3_out_0,772,0,0
F3,M1,809,f3_out_1,30269,0,0
F3,M1,810,f3_out_0,772,0,0
F3,M1,810,f3_out_1,30269,0,0
F3,M1,811,f3_out_0,773,0,0
F3,M1,811,f3_out_1,30269,0,0
F3,M1,812,f3_out_0,773,0,0
F3,M1,812,f3_out_1,30270,0,0
F3,M1,813,f3_out_0,774,0,0
F3,M1,813,f3_out_1,30270,0,0
F3,M1,814,f3_out_0,774,0,0
F3,M1,814,f3_out_1,30270,0,0
F3,M1,815,f3_out_0,775,0,0
F3,M1,815,f3_out_1,30271,0,0
F3,M1,816,f3_out_0,775,0,0
F3,M1,816,f3_out_1,30271,0,0
F3,M1,817,f3_out_0,776,0,0
F3,M1,817,f3_out_1,30271,0,0
F3,M1,818,f3_out_0,777,0,0
F3,M1,818,f3_out_1,30272,0,0
F3,M1,819,f3_out_0,777,0,0
F3,M1,819,f3_out_1,30272,0,0
F3,M1,820,f3_out_0,778,0,0
F3,M1,820,f3_out_1,30272,0,0
F3,M1,821,f3_out_0,778,0,0
F3,M1,821,f3_out_1,30273,0,0
F3,M1,822,f3_out_0,779,0,0
F3,M1,822,f3_out_1,30273,0,0
F3,M1,823,f3_out_0,779,0,0
F3,M1,823,f3_out_1,30273,0,0
F3,M1,824,f3_out_0,780,0,0
F3,M1,824,f3_out_1,30274,0,0
F3,M1,825,f3_out_0,780,0,0
F3,M1,825,f3_out_1,30274,0,0
F3,M1,826,f3_out_0,781,0,0
F3,M1,826,f3_out_1,30274,0,0
F3,M1,827,f3_out_0,782,0,0
F3,M1,827,f3_out_1,30275,0,0
F3,M1,828,f3_out_0,782,0,0
F3,M1,828,f3_out_1,30275,0,0
F3,M1,829,f3_out_0,783,0,0
F3,M1,829,f3_out_1,30275,0,0
F3,M1,830,f3_out_0,783,0,0
F3,M1,830,f3_out_1,30276,0,0
F3,M1,831,f3_out_0,784,0,0
F3,M1,831,f3_out_1,30276,0,0
F3,M1,832,f3_out_0,784,0,0
F3,M1,832,f3_out_1,30276,0,0
F3,M1,833,f3_out_0,785,0,0
F3,M1,833,f3_out_1,30277,0,0
F3,M1,834,f3_out_0,785,0,0
F3,M1,834,f3_out_1,30277,0,0
F3,M1,835,f3_out_0,786,0,0
F3,M1,835,f3_out_1,30277,0,0
F3,M1,836,f3_out_0,787,0,0
F3,M1,836,f3_out_1,30278,0,0
F3,M1,837,f3_out_0,787,0,0
F3,M1,837,f3_out_1,30278,0,0
F3,M1,838,f3_out_0,788,0,0
F3,M1,838,f3_out_1,30278,0,0
F3,M1,839,f3_out_0,788,0,0
F3,M1,839,f3_out_1,30279,0,0
F3,M1,840,f3_out_0,789,0,0
F3,M1,840,f3_out_1,30279,0,0
F3,M1,841,f3_out_0,789,0,0
F3,M1,841,f3_out_1,30279,0,0
F3,M1,842,f3_out_0,790,0,0
F3,M1,842,f3_out_1,30280,0,0
F3,M1,843,f3_out_0,790,0,0
F3,M1,843,f3_out_1,30280,0,0
F3,M1,844,f3_out_0,791,0,0
F3,M1,844,f3_out_1,30280,0,0
F3,M1,845,f3_out_0,792,0,0
F3,M1,845,f3_out_1,30281,0,0
F3,M1,846,f3_out_0,792,0,0
F3,M1,846,f3_out_1,30281,0,0
F3,M1,847,f3_out_0,793,0,0
F3,M1,847,f3_out_1,30281,0,0
F3,M1,848,f3_out_0,793,0,0
F3,M1,848,f3_out_1,30282,0,0
F3,M1,849,f3_out_0,794,0,0
F3,M1,849,f3_out_1,30282,0,0
F3,M1,850,f3_out_0,794,0,0
F3,M1,850,f3_out_1,30282,0,0
F3,M1,851,f3_out_0,795,0,0
F3,M1,851,f3_out_1,30283,0,0
F3,M1,852,f3_out_0,795,0,0
F3,M1,852,f3_out_1,30283,0,0
F3,M1,853,f3_out_0,796,0,0
F3,M1,853,f3_out_1,30283,0,0
F3,M1,854,f3_out_0,797,0,0
F3,M1,854,f3_out_1,30284,0,0
F3,M1,855,f3_out_0,797,0,0
F3,M1,855,f3_out_1,30284,0,0
F3,M1,856,f3_out_0,798,0,0
F3,M1,856,f3_out_1,30284,0,0
F3,M1,857,f3_out_0,798,0,0
F3,M1,857,f3_out_1,30285,0,0
F3,M1,858,f3_out_0,799,0,0
F3,M1,858,f3_out_1,30285,0,0
F3,M1,859,f3_out_0,799,0,0
F3,M1,859,f3_out_1,30285,0,0
F3,M1,860,f3_out_0,800,0,0
F3,M1,860,f3_out_1,30286,0,0
F3,M1,861,f3_out_0,800,0,0
F3,M1,861,f3_out_1,30286,0,0
F3,M1,862,f3_out_0,801,0,0
F3,M1,862,f3_out_1,30286,0,0
F3,M1,863,f3_out_0,802,0,0
F3,M1,863,f3_out_1,30287,0,0
F3,M1,864,f3_out_0,802,0,0
F3,M1,864,f3_out_1,30287,0,0
F3,M1,865,f3_out_0,803,0,0
F3,M1,865,f3_out_1,30287,0,0
F3,M1,866,f3_out_0,803,0,0
F3,M1,866,f3_out_1,30288,0,0
F3,M1,867,f3_out_0,804,0,0
F3,M1,867,f3_out_1,30288,0,0
F3,M1,868,f3_out_0,804,0,0
F3,M1,868,f3_out_1,30288,0,0
F3,M1,869,f3_out_0,805,0,0
F3,M1,869,f3_out_1,30289,0,0
F3,M1,870,f3_out_0,805,0,0
F3,M1,870,f3_out_1,30289,0,0
F3,M1,871,f3_out_0,806,0,0
F3,M1,871,f3_out_1,30289,0,0
F3,M1,872,f3_out_0,807,0,0
F3,M1,872,f3_out_1,30290,0,0
F3,M1,873,f3_out_0,807,0,0
F3,M1,873,f3_out_1,30290,0,0
F3,M1,874,f3_out_0,808,0,0
F3,M1,874,f3_out_1,30290,0,0
F3,M1,875,f3_out_0,808,0,0
F3,M1,875,f3_out_1,30291,0,0
F3,M1,876,f3_out_0,809,0,0
F3,M1,876,f3_out_1,30291,0,0
F3,M1,877,f3_out_0,809,0,0
F3,M1,877,f3_out_1,30291,0,0
F3,M1,878,f3_out_0,810,0,0
F3,M1,878,f3_out_1,30292,0,0
F3,M1,879,f3_out_0,810,0,0
F3,M1,879,f3_out_1,30292,0,0
F3,M1,880,f3_out_0,811,0,0
F3,M1,880,f3_out_1,30292,0,0
F3,M1,881,f3_out_0,812,0,0
F3,M1,881,f3_out_1,30293,0,0
F3,M1,882,f3_out_0,812,0,0
F3,M1,882,f3_out_1,30293,0,0
F3,M1,883,f3_out_0,813,0,0
F3,M1,883,f3_out_1,30293,0,0
F3,M1,884,f3_out_0,813,0,0
F3,M1,884,f3_out_1,30294,0,0
F3,M1,885,f3_out_0,814,0,0
F3,M1,885,f3_out_1,30294,0,0
F3,M1,886,f3_out_0,814,0,0
F3,M1,886,f3_out_1,30294,0,0
F3,M1,887,f3_out_0,815,0,0
F3,M1,887,f3_out_1,30295,0,0
F3,M1,888,f3_out_0,815,0,0
F3,M1,888,f3_out_1,30295,0,0
F3,M1,889,f3_out_0,816,0,0
F3,M1,889,f3_out_1,30295,0,0
F3,M1,890,f3_out_0,817,0,0
F3,M1,890,f3_out_1,30296,0,0
F3,M1,891,f3_out_0,817,0,0
F3,M1,891,f3_out_1,30296,0,0
F3,M1,892,f3_out_0,818,0,0
F3,M1,892,f3_out_1,30296,0,0
F3,M1,893,f3_out_0,818,0,0
F3,M1,893,f3_out_1,30297,0,0
F3,M1,894,f3_out_0,819,0,0
F3,M1,894,f3_out_1,30297,0,0
F3,M1,895,f3_out_0,819,0,0
F3,M1,895,f3_out_1,30297,0,0
F3,M1,896,f3_out_0,820,0,0
F3,M1,896,f3_out_1,30298,0,0
F3,M1,897,f3_out_0,820,0,0
F3,M1,897,f3_out_1,30298,0,0
F3,M1,898,f3_out_0,821,0,0
F3,M1,898,f3_out_1,30298,0,0
F3,M1,899,f3_out_0,822,0,0
F3,M1,899,f3_out_1,30299,0,0
F3,M1,900,f3_out_0,822,0,0
F3,M1,900,f3_out_1,30299,0,0
F3,M1,901,f3_out_0,823,0,0
F3,M1,901,f3_out_1,30299,0,0
F3,M1,902,f3_out_0,823,0,0
F3,M1,902,f3_out_1,30300,0,0
F3,M1,903,f3_out_0,824,0,0
F3,M1,903,f3_out_1,30300,0,0
F3,M1,904,f3_out_0,824,0,0
F3,M1,904,f3_out_1,30300,0,0
F3,M1,905,f3_out_0,825,0,0
F3,M1,905,f3_out_1,30301,0,0
F3,M1,906,f3_out_0,825,0,0
F3,M1,906,f3_out_1,30301,0,0
F3,M1,907,f3_out_0,826,0,0
F3,M1,907,f3_out_1,30301,0,0
F3,M1,908,f3_out_0,827,0,0
F3,M1,908,f3_out_1,30302,0,0
F3,M1,909,f3_out_0,827,0,0
F3,M1,909,f3_out_1,30302,0,0
F3,M1,910,f3_out_0,828,0,0
F3,M1,910,f3_out_1,30302,0,0
F3,M1,911,f3_out_0,828,0,0
F3,M1,911,f3_out_1,30303,0,0
F3,M1,912,f3_out_0,829,0,0
F3,M1,912,f3_out_1,30303,0,0
F3,M1,913,f3_out_0,829,0,0
F3,M1,913,f3_out_1,30303,0,0
F3,M1,914,f3_out_0,830,0,0
F3,M1,914,f3_out_1,30304,0,0
F3,M1,915,f3_out_0,830,0,0
F3,M1,915,f3_out_1,30304,0,0
F3,M1,916,f3_out_0,831,0,0
F3,M1,916,f3_out_1,30304,0,0
F3,M1,917,f3_out_0,832,0,0
F3,M1,917,f3_out_1,30305,0,0
F3,M1,918,f3_out_0,832,0,0
F3,M1,918,f3_out_1,30305,0,0
F3,M1,919,f3_out_0,833,0,0
F3,M1,919,f3_out_1,30305,0,0
F3,M1,920,f3_out_0,833,0,0
F3,M1,920,f3_out_1,30306,0,0
F3,M1,921,f3_out_0,834,0,0
F3,M1,921,f3_out_1,30306,0,0
F3,M1,922,f3_out_0,834,0,0
F3,M1,922,f3_out_1,30306,0,0
F3,M1,923,f3_out_0,835,0,0
F3,M1,923,f3_out_1,30307,0,0
F3,M1,924,f3_out_0,835,0,0
F3,M1,924,f3_out_1,30307,0,0
F3,M1,925,f3_out_0,836,0,0
F3,M1,925,f3_out_1,30307,0,0
F3,M1,926,f3_out_0,837,0,0
F3,M1,926,f3_out_1,30308,0,0
F3,M1,927,f3_out_0,837,0,0
F3,M1,927,f3_out_1,30308,0,0
F3,M1,928,f3_out_0,838,0,0
F3,M1,928,f3_out_1,30308,0,0
F3,M1,929,f3_out_0,838,0,0
F3,M1,929,f3_out_1,30309,0,0
F3,M1,930,f3_out_0,839,0,0
F3,M1,930,f3_out_1,30309,0,0
F3,M1,931,f3_out_0,839,0,0
F3,M1,931,f3_out_1,30309,0,0
F3,M1,932,f3_out_0,840,0,0
F3,M1,932,f3_out_1,30310,0,0
F3,M1,933,f3_out_0,840,0,0
F3,M1,933,f3_out_1,30310,0,0
F3,M1,934,f3_out_0,841,0,0
F3,M1,934,f3_out_1,30310,0,0
F3,M1,935,f3_out_0,842,0,0
F3,M1,935,f3_out_1,30311,0,0
F3,M1,936,f3_out_0,842,0,0
F3,M1,936,f3_out_1,30311,0,0
F3,M1,937,f3_out_0,843,0,0
F3,M1,937,f3_out_1,30311,0,0
F3,M1,938,f3_out_0,843,0,0
F3,M1,938,f3_out_1,30312,0,0
F3,M1,939,f3_out_0,844,0,0
F3,M1,939,f3_out_1,30312,0,0
F3,M1,940,f3_out_0,844,0,0
F3,M1,940,f3_out_1,30312,0,0
F3,M1,941,f3_out_0,845,0,0
F3,M1,941,f3_out_1,30313,0,0
F3,M1,942,f3_out_0,845,0,0
F3,M1,942,f3_out_1,30313,0,0
F3,M1,943,f3_out_0,846,0,0
F3,M1,943,f3_out_1,30313,0,0
F3,M1,944,f3_out_0,847,0,0
F3,M1,944,f3_out_1,30314,0,0
F3,M1,945,f3_out_0,847,0,0
F3,M1,945,f3_out_1,30314,0,0
F3,M1,946,f3_out_0,848,0,0
F3,M1,946,f3_out_1,30314,0,0
F3,M1,947,f3_out_0,848,0,0
F3,M1,947,f3_out_1,30315,0,0
F3,M1,948,f3_out_0,849,0,0
F3,M1,948,f3_out_1,30315,0,0
F3,M1,949,f3_out_0,849,0,0
F3,M1,949,f3_out_1,30315,0,0
F3,M1,950,f3_out_0,850,0,0
F3,M1,950,f3_out_1,30316,0,0
F3,M1,951,f3_out_0,850,0,0
F3,M1,951,f3_out_1,30316,0,0
F3,M1,952,f3_out_0,851,0,0
F3,M1,952,f3_out_1,30316,0,0
F3,M1,953,f3_out_0,852,0,0
F3,M1,953,f3_out_1,30317,0,0
F3,M1,954,f3_out_0,852,0,0
F3,M1,954,f3_out_1,30317,0,0
F3,M1,955,f3_out_0,853,0,0
F3,M1,955,f3_out_1,30317,0,0
F3,M1,956,f3_out_0,853,0,0
F3,M1,956,f3_out_1,30318,0,0
F3,M1,957,f3_out_0,854,0,0
F3,M1,957,f3_out_1,30318,0,0
F3,M1,958,f3_out_0,854,0,0
F3,M1,958,f3_out_1,30318,0,0
F3,M1,959,f3_out_0,855,0,0
F3,M1,959,f3_out_1,30319,0,0
F3,M1,960,f3_out_0,855,0,0
F3,M1,960,f3_out_1,30319,0,0
F3,M1,961,f3_out_0,856,0,0
F3,M1,961,f3_out_1,30319,0,0
F3,M1,962,f3_out_0,857,0,0
F3,M1,962,f3_out_1,30320,0,0
F3,M1,963,f3_out_0,857,0,0
F3,M1,963,f3_out_1,30320,0,0
F3,M1,964,f3_out_0,858,0,0
F3,M1,964,f3_out_1,30320,0,0
F3,M1,965,f3_out_0,858,0,0
F3,M1,965,f3_out_1,30321,0,0
F3,M1,966,f3_out_0,859,0,0
F3,M1,966,f3_out_1,30321,0,0
F3,M1,967,f3_out_0,859,0,0
F3,M1,967,f3_out_1,30321,0,0
F3,M1,968,f3_out_0,860,0,0
F3,M1,968,f3_out_1,30322,0,0
F3,M1,969,f3_out_0,860,0,0
F3,M1,969,f3_out_1,30322,0,0
F3,M1,970,f3_out_0,861,0,0
F3,M1,970,f3_out_1,30322,0,0
F3,M1,971,f3_out_0,862,0,0
F3,M1,971,f3_out_1,30323,0,0
F3,M1,972,f3_out_0,862,0,0
F3,M1,972,f3_out_1,30323,0,0
F3,M1,973,f3_out_0,863,0,0
F3,M1,973,f3_out_1,30323,0,0
F3,M1,974,f3_out_0,863,0,0
F3,M1,974,f3_out_1,30324,0,0
F3,M1,975,f3_out_0,864,0,0
F3,M1,975,f3_out_1,30324,0,0
F3,M1,976,f3_out_0,864,0,0
F3,M1,976,f3_out_1,30324,0,0
F3,M1,977,f3_out_0,865,0,0
F3,M1,977,f3_out_1,30325,0,0
F3,M1,978,f3_out_0,865,0,0
F3,M1,978,f3_out_1,30325,0,0
F3,M1,979,f3_out_0,866,0,0
F3,M1,979,f3_out_1,30325,0,0
F3,M1,980,f3_out_0,867,0,0
F3,M1,980,f3_out_1,30326,0,0
F3,M1,981,f3_out_0,867,0,0
F3,M1,981,f3_out_1,30326,0,0
F3,M1,982,f3_out_0,868,0,0
F3,M1,982,f3_out_1,30326,0,0
F3,M1,983,f3_out_0,868,0,0
F3,M1,983,f3_out_1,30327,0,0
F3,M1,984,f3_out_0,869,0,0
F3,M1,984,f3_out_1,30327,0,0
F3,M1,985,f3_out_0,869,0,0
F3,M1,985,f3_out_1,30327,0,0
F3,M1,986,f3_out_0,870,0,0
F3,M1,986,f3_out_1,30328,0,0
F3,M1,987,f3_out_0,870,0,0
F3,M1,987,f3_out_1,30328,0,0
F3,M1,988,f3_out_0,871,0,0
F3,M1,988,f3_out_1,30328,0,0
F3,M1,989,f3_out_0,872,0,0
F3,M1,989,f3_out_1,30329,0,0
F3,M1,990,f3_out_0,872,0,0
F3,M1,990,f3_out_1,30329,0,0
F3,M1,991,f3_out_0,873,0,0
F3,M1,991,f3_out_1,30329,0,0
F3,M1,992,f3_out_0,873,0,0
F3,M1,992,f3_out_1,30330,0,0
F3,M1,993,f3_out_0,874,0,0
F3,M1,993,f3_out_1,30330,0,0
F3,M1,994,f3_out_0,874,0,0
F3,M1,994,f3_out_1,30330,0,0
F3,M1,995,f3_out_0,875,0,0
F3,M1,995,f3_out_1,30331,0,0
F3,M1,996,f3_out_0,875,0,0
F3,M1,996,f3_out_1,30331,0,0
F3,M1,997,f3_out_0,876,0,0
F3,M1,997,f3_out_1,30331,0,0
F3,M1,998,f3_out_0,877,0,0
F3,M1,998,f3_out_1,30332,0,0
F3,M1,999,f3_out_0,877,0,0
F3,M1,999,f3_out_1,30332,0,0
F3,M1,1000,f3_out_0,878,0,0
F3,M1,1000,f3_out_1,30332,0,0
F3,M1,1001,f3_out_0,878,0,0
F3,M1,1001,f3_out_1,30333,0,0
F3,M1,1002,f3_out_0,879,0,0
F3,M1,1002,f3_out_1,30333,0,0
F3,M1,1003,f3_out_0,879,0,0
F3,M1,1003,f3_out_1,30333,0,0
F3,M1,1004,f3_out_0,880,0,0
F3,M1,1004,f3_out_1,30334,0,0
F3,M1,1005,f3_out_0,880,0,0
F3,M1,1005,f3_out_1,30334,0,0
F3,M1,1006,f3_out_0,881,0,0
F3,M1,1006,f3_out_1,30334,0,0
F3,M1,1007,f3_out_0,882,0,0
F3,M1,1007,f3_out_1,30335,0,0
F3,M1,1008,f3_out_0,882,0,0
F3,M1,1008,f3_out_1,30335,0,0
F3,M1,1009,f3_out_0,883,0,0
F3,M1,1009,f3_out_1,30335,0,0
F3,M1,1010,f3_out_0,883,0,0
F3,M1,1010,f3_out_1,30336,0,0
F3,M1,1011,f3_out_0,884,0,0
F3,M1,1011,f3_out_1,30336,0,0
F3,M1,1012,f3_out_0,884,0,0
F3,M1,1012,f3_out_1,30336,0,0
F3,M1,1013,f3_out_0,885,0,0
F3,M1,1013,f3_out_1,30337,0,0
F3,M1,1014,f3_out_0,885,0,0
F3,M1,1014,f3_out_1,30337,0,0
F3,M1,1015,f3_out_0,886,0,0
F3,M1,1015,f3_out_1,30337,0,0
F3,M1,1016,f3_out_0,887,0,0
F3,M1,1016,f3_out_1,30338,0,0
F3,M1,1017,f3_out_0,887,0,0
F3,M1,1017,f3_out_1,30338,0,0
F3,M1,1018,f3_out_0,888,0,0
F3,M1,1018,f3_out_1,30338,0,0
F3,M1,1019,f3_out_0,888,0,0
F3,M1,1019,f3_out_1,30339,0,0
F3,M1,1020,f3_out_0,889,0,0
F3,M1,1020,f3_out_1,30339,0,0
F3,M1,1021,f3_out_0,889,0,0
F3,M1,1021,f3_out_1,30339,0,0
F3,M1,1022,f3_out_0,890,0,0
F3,M1,1022,f3_out_1,30340,0,0
F3,M1,1023,f3_out_0,890,0,0
F3,M1,1023,f3_out_1,30340,0,0
F3,M1,1024,f3_out_0,891,0,0
F3,M1,1024,f3_out_1,30340,0,0
F3,M1,1025,f3_out_0,892,0,0
F3,M1,1025,f3_out_1,30341,0,0
F3,M1,1026,f3_out_0,892,0,0
F3,M1,1026,f3_out_1,30341,0,0
F3,M1,1027,f3_out_0,893,0,0
F3,M1,1027,f3_out_1,30341,0,0
F3,M1,1028,f3_out_0,893,0,0
F3,M1,1028,f3_out_1,30342,0,0
F3,M1,1029,f3_out_0,894,0,0
F3,M1,1029,f3_out_1,30342,0,0
F3,M1,1030,f3_out_0,894,0,0
F3,M1,1030,f3_out_1,30342,0,0
F3,M1,1031,f3_out_0,895,0,0
F3,M1,1031,f3_out_1,30343,0,0
F3,M1,1032,f3_out_0,895,0,0
F3,M1,1032,f3_out_1,30343,0,0
F3,M1,1033,f3_out_0,896,0,0
F3,M1,1033,f3_out_1,30343,0,0
F3,M1,1034,f3_out_0,897,0,0
F3,M1,1034,f3_out_1,30344,0,0
F3,M1,1035,f3_out_0,897,0,0
F3,M1,1035,f3_out_1,30344,0,0
F3,M1,1036,f3_out_0,898,0,0
F3,M1,1036,f3_out_1,30344,0,0
F3,M1,1037,f3_out_0,898,0,0
F3,M1,1037,f3_out_1,30345,0,0
F3,M1,1038,f3_out_0,899,0,0
F3,M1,1038,f3_out_1,30345,0,0
F3,M1,1039,f3_out_0,899,0,0
F3,M1,1039,f3_out_1,30345,0,0
F3,M1,1040,f3_out_0,900,0,0
F3,M1,1040,f3_out_1,30346,0,0
F3,M1,1041,f3_out_0,900,0,0
F3,M1,1041,f3_out_1,30346,0,0
F3,M1,1042,f3_out_0,901,0,0
F3,M1,1042,f3_out_1,30346,0,0
F3,M1,1043,f3_out_0,902,0,0
F3,M1,1043,f3_out_1,30347,0,0
F3,M1,1044,f3_out_0,902,0,0
F3,M1,1044,f3_out_1,30347,0,0
F3,M1,1045,f3_out_0,903,0,0
F3,M1,1045,f3_out_1,30347,0,0
F3,M1,1046,f3_out_0,903,0,0
F3,M1,1046,f3_out_1,30348,0,0
F3,M1,1047,f3_out_0,904,0,0
F3,M1,1047,f3_out_1,30348,0,0
F3,M1,1048,f3_out_0,904,0,0
F3,M1,1048,f3_out_1,30348,0,0
F3,M1,1049,f3_out_0,905,0,0
F3,M1,1049,f3_out_1,30349,0,0
F3,M1,1050,f3_out_0,905,0,0
F3,M1,1050,f3_out_1,30349,0,0
F3,M1,1051,f3_out_0,906,0,0
F3,M1,1051,f3_out_1,30349,0,0
F3,M1,1052,f3_out_0,907,0,0
F3,M1,1052,f3_out_1,30350,0,0
F3,M1,1053,f3_out_0,907,0,0
F3,M1,1053,f3_out_1,30350,0,0
F3,M1,1054,f3_out_0,908,0,0
F3,M1,1054,f3_out_1,30350,0,0
F3,M1,1055,f3_out_0,908,0,0
F3,M1,1055,f3_out_1,30351,0,0
F3,M1,1056,f3_out_0,909,0,0
F3,M1,1056,f3_out_1,30351,0,0
F3,M1,1057,f3_out_0,909,0,0
F3,M1,1057,f3_out_1,30351,0,0
F3,M1,1058,f3_out_0,910,0,0
F3,M1,1058,f3_out_1,30352,0,0
F3,M1,1059,f3_out_0,910,0,0
F3,M1,1059,f3_out_1,30352,0,0
F3,M1,1060,f3_out_0,911,0,0
F3,M1,1060,f3_out_1,30352,0,0
F3,M1,1061,f3_out_0,912,0,0
F3,M1,1061,f3_out_1,30353,0,0
F3,M1,1062,f3_out_0,912,0,0
F3,M1,1062,f3_out_1,30353,0,0
F3,M1,1063,f3_out_0,913,0,0
F3,M1,1063,f3_out_1,30353,0,0
F3,M1,1064,f3_out_0,913,0,0
F3,M1,1064,f3_out_1,30354,0,0
F3,M1,1065,f3_out_0,914,0,0
F3,M1,1065,f3_out_1,30354,0,0
F3,M1,1066,f3_out_0,914,0,0
F3,M1,1066,f3_out_1,30354,0,0
F3,M1,1067,f3_out_0,915,0,0
F3,M1,1067,f3_out_1,30355,0,0
F3,M1,1068,f3_out_0,915,0,0
F3,M1,1068,f3_out_1,30355,0,0
F3,M1,1069,f3_out_0,916,0,0
F3,M1,1069,f3_out_1,30355,0,0
F3,M1,1070,f3_out_0,917,0,0
F3,M1,1070,f3_out_1,30356,0,0
F3,M1,1071,f3_out_0,917,0,0
F3,M1,1071,f3_out_1,30356,0,0
F3,M1,1072,f3_out_0,918,0,0
F3,M1,1072,f3_out_1,30356,0,0
F3,M1,1073,f3_out_0,918,0,0
F3,M1,1073,f3_out_1,30357,0,0
F3,M1,1074,f3_out_0,919,0,0
F3,M1,1074,f3_out_1,30357,0,0
F3,M1,1075,f3_out_0,919,0,0
F3,M1,1075,f3_out_1,30357,0,0
F3,M1,1076,f3_out_0,920,0,0
F3,M1,1076,f3_out_1,30358,0,0
F3,M1,1077,f3_out_0,920,0,0
F3,M1,1077,f3_out_1,30358,0,0
F3,M1,1078,f3_out_0,921,0,0
F3,M1,1078,f3_out_1,30358,0,0
F3,M1,1079,f3_out_0,922,0,0
F3,M1,1079,f3_out_1,30359,0,0
F3,M1,1080,f3_out_0,922,0,0
F3,M1,1080,f3_out_1,30359,0,0
F3,M1,1081,f3_out_0,923,0,0
F3,M1,1081,f3_out_1,30359,0,0
F3,M1,1082,f3_out_0,923,0,0
F3,M1,1082,f3_out_1,30360,0,0
F3,M1,1083,f3_out_0,924,0,0
F3,M1,1083,f3_out_1,30360,0,0
F3,M1,1084,f3_out_0,924,0,0
F3,M1,1084,f3_out_1,30360,0,0
F3,M1,1085,f3_out_0,925,0,0
F3,M1,1085,f3_out_1,30361,0,0
F3,M1,1086,f3_out_0,925,0,0
F3,M1,1086,f3_out_1,30361,0,0
F3,M1,1087,f3_out_0,926,0,0
F3,M1,1087,f3_out_1,30361,0,0
F3,M1,1088,f3_out_0,927,0,0
F3,M1,1088,f3_out_1,30362,0,0
F3,M1,1089,f3_out_0,927,0,0
F3,M1,1089,f3_out_1,30362,0,0
F3,M1,1090,f3_out_0,928,0,0
F3,M1,1090,f3_out_1,30362,0,0
F3,M1,1091,f3_out_0,928,0,0
F3,M1,1091,f3_out_1,30363,0,0
F3,M1,1092,f3_out_0,929,0,0
F3,M1,1092,f3_out_1,30363,0,0
F3,M1,1093,f3_out_0,929,0,0
F3,M1,1093,f3_out_1,30363,0,0
F3,M1,1094,f3_out_0,930,0,0
F3,M1,1094,f3_out_1,30364,0,0
F3,M1,1095,f3_out_0,930,0,0
F3,M1,1095,f3_out_1,30364,0,0
F3,M1,1096,f3_out_0,931,0,0
F3,M1,1096,f3_out_1,30364,0,0
F3,M1,1097,f3_out_0,932,0,0
F3,M1,1097,f3_out_1,30365,0,0
F3,M1,1098,f3_out_0,932,0,0
F3,M1,1098,f3_out_1,30365,0,0
F3,M1,1099,f3_out_0,933,0,0
F3,M1,1099,f3_out_1,30365,0,0
F3,M1,1100,f3_out_0,933,0,0
F3,M1,1100,f3_out_1,30366,0,0
F3,M1,1101,f3_out_0,934,0,0
F3,M1,1101,f3_out_1,30366,0,0
F3,M1,1102,f3_out_0,934,0,0
F3,M1,1102,f3_out_1,30366,0,0
F3,M1,1103,f3_out_0,935,0,0
F3,M1,1103,f3_out_1,30367,0,0
F3,M1,1104,f3_out_0,935,0,0
F3,M1,1104,f3_out_1,30367,0,0
F3,M1,1105,f3_out_0,936,0,0
F3,M1,1105,f3_out_1,30367,0,0
F3,M1,1106,f3_out_0,937,0,0
F3,M1,1106,f3_out_1,30368,0,0
F3,M1,1107,f3_out_0,937,0,0
F3,M1,1107,f3_out_1,30368,0,0
F3,M1,1108,f3_out_0,938,0,0
F3,M1,1108,f3_out_1,30368,0,0
F3,M1,1109,f3_out_0,938,0,0
F3,M1,1109,f3_out_1,30369,0,0
F3,M1,1110,f3_out_0,939,0,0
F3,M1,1110,f3_out_1,30369,0,0
F3,M1,1111,f3_out_0,939,0,0
F3,M1,1111,f3_out_1,30369,0,0
F3,M1,1112,f3_out_0,940,0,0
F3,M1,1112,f3_out_1,30370,0,0
F3,M1,1113,f3_out_0,940,0,0
F3,M1,1113,f3_out_1,30370,0,0
F3,M1,1114,f3_out_0,941,0,0
F3,M1,1114,f3_out_1,30370,0,0
F3,M1,1115,f3_out_0,942,0,0
F3,M1,1115,f3_out_1,30371,0,0
F3,M1,1116,f3_out_0,942,0,0
F3,M1,1116,f3_out_1,30371,0,0
F3,M1,1117,f3_out_0,943,0,0
F3,M1,1117,f3_out_1,30371,0,0
F3,M1,1118,f3_out_0,943,0,0
F3,M1,1118,f3_out_1,30372,0,0
F3,M1,1119,f3_out_0,944,0,0
F3,M1,1119,f3_out_1,30372,0,0
F3,M1,1120,f3_out_0,944,0,0
F3,M1,1120,f3_out_1,30372,0,0
F3,M1,1121,f3_out_0,945,0,0
F3,M1,1121,f3_out_1,30373,0,0
F3,M1,1122,f3_out_0,945,0,0
F3,M1,1122,f3_out_1,30373,0,0
F3,M1,1123,f3_out_0,946,0,0
F3,M1,1123,f3_out_1,30373,0,0
F3,M1,1124,f3_out_0,947,0,0
F3,M1,1124,f3_out_1,30374,0,0
F3,M1,1125,f3_out_0,947,0,0
F3,M1,1125,f3_out_1,30374,0,0
F3,M1,1126,f3_out_0,948,0,0
F3,M1,1126,f3_out_1,30374,0,0
F3,M1,1127,f3_out_0,948,0,0
F3,M1,1127,f3_out_1,30375,0,0
F3,M1,1128,f3_out_0,949,0,0
F3,M1,1128,f3_out_1,30375,0,0
F3,M1,1129,f3_out_0,949,0,0
F3,M1,1129,f3_out_1,30375,0,0
F3,M1,1130,f3_out_0,950,0,0
F3,M1,1130,f3_out_1,30376,0,0
F3,M1,1131,f3_out_0,950,0,0
F3,M1,1131,f3_out_1,30376,0,0
F3,M1,1132,f3_out_0,951,0,0
F3,M1,1132,f3_out_1,30376,0,0
F3,M1,1133,f3_out_0,952,0,0
F3,M1,1133,f3_out_1,30377,0,0
F3,M1,1134,f3_out_0,952,0,0
F3,M1,1134,f3_out_1,30377,0,0
F3,M1,1135,f3_out_0,953,0,0
F3,M1,1135,f3_out_1,30377,0,0
F3,M1,1136,f3_out_0,953,0,0
F3,M1,1136,f3_out_1,30378,0,0
F3,M1,1137,f3_out_0,954,0,0
F3,M1,1137,f3_out_1,30378,0,0
F3,M1,1138,f3_out_0,954,0,0
F3,M1,1138,f3_out_1,30378,0,0
F3,M1,1139,f3_out_0,955,0,0
F3,M1,1139,f3_out_1,30379,0,0
F3,M1,1140,f3_out_0,955,0,0
F3,M1,1140,f3_out_1,30379,0,0
F3,M1,1141,f3_out_0,956,0,0
F3,M1,1141,f3_out_1,30379,0,0
F3,M1,1142,f3_out_0,957,0,0
F3,M1,1142,f3_out_1,30380,0,0
F3,M1,1143,f3_out_0,957,0,0
F3,M1,1143,f3_out_1,30380,0,0
F3,M1,1144,f3_out_0,958,0,0
F3,M1,1144,f3_out_1,30380,0,0
F3,M1,1145,f3_out_0,958,0,0
F3,M1,1145,f3_out_1,30381,0,0
F3,M1,1146,f3_out_0,959,0,0
F3,M1,1146,f3_out_1,30381,0,0
F3,M1,1147,f3_out_0,959,0,0
F3,M1,1147,f3_out_1,30381,0,0
F3,M1,1148,f3_out_0,960,0,0
F3,M1,1148,f3_out_1,30382,0,0
F3,M1,1149,f3_out_0,960,0,0
F3,M1,1149,f3_out_1,30382,0,0
F3,M1,1150,f3_out_0,961,0,0
F3,M1,1150,f3_out_1,30382,0,0
F3,M1,1151,f3_out_0,962,0,0
F3,M1,1151,f3_out_1,30383,0,0
F3,M1,1152,f3_out_0,962,0,0
F3,M1,1152,f3_out_1,30383,0,0
F3,M1,1153,f3_out_0,963,0,0
F3,M1,1153,f3_out_1,30383,0,0
F3,M1,1154,f3_out_0,963,0,0
F3,M1,1154,f3_out_1,30384,0,0
F3,M1,1155,f3_out_0,964,0,0
F3,M1,1155,f3_out_1,30384,0,0
F3,M1,1156,f3_out_0,964,0,0
F3,M1,1156,f3_out_1,30384,0,0
F3,M1,1157,f3_out_0,965,0,0
F3,M1,1157,f3_out_1,30385,0,0
F3,M1,1158,f3_out_0,965,0,0
F3,M1,1158,f3_out_1,30385,0,0
F3,M1,1159,f3_out_0,966,0,0
F3,M1,1159,f3_out_1,30385,0,0
F3,M1,1160,f3_out_0,967,0,0
F3,M1,1160,f3_out_1,30386,0,0
F3,M1,1161,f3_out_0,967,0,0
F3,M1,1161,f3_out_1,30386,0,0
F3,M1,1162,f3_out_0,968,0,0
F3,M1,1162,f3_out_1,30386,0,0
F3,M1,1163,f3_out_0,968,0,0
F3,M1,1163,f3_out_1,30387,0,0
F3,M1,1164,f3_out_0,969,0,0
F3,M1,1164,f3_out_1,30387,0,0
F3,M1,1165,f3_out_0,969,0,0
F3,M1,1165,f3_out_1,30387,0,0
F3,M1,1166,f3_out_0,970,0,0
F3,M1,1166,f3_out_1,30388,0,0
F3,M1,1167,f3_out_0,970,0,0
F3,M1,1167,f3_out_1,30388,0,0
F3,M1,1168,f3_out_0,971,0,0
F3,M1,1168,f3_out_1,30388,0,0
F3,M1,1169,f3_out_0,972,0,0
F3,M1,1169,f3_out_1,30389,0,0
F3,M1,1170,f3_out_0,972,0,0
F3,M1,1170,f3_out_1,30389,0,0
F3,M1,1171,f3_out_0,973,0,0
F3,M1,1171,f3_out_1,30389,0,0
F3,M1,1172,f3_out_0,973,0,0
F3,M1,1172,f3_out_1,30390,0,0
F3,M1,1173,f3_out_0,974,0,0
F3,M1,1173,f3_out_1,30390,0,0
F3,M1,1174,f3_out_0,974,0,0
F3,M1,1174,f3_out_1,30390,0,0
F3,M1,1175,f3_out_0,975,0,0
F3,M1,1175,f3_out_1,30391,0,0
F3,M1,1176,f3_out_0,975,0,0
F3,M1,1176,f3_out_1,30391,0,0
F3,M1,1177,f3_out_0,976,0,0
F3,M1,1177,f3_out_1,30391,0,0
F3,M1,1178,f3_out_0,977,0,0
F3,M1,1178,f3_out_1,30392,0,0
F3,M1,1179,f3_out_0,977,0,0
F3,M1,1179,f3_out_1,30392,0,0
F3,M1,1180,f3_out_0,978,0,0
F3,M1,1180,f3_out_1,30392,0,0
F3,M1,1181,f3_out_0,978,0,0
F3,M1,1181,f3_out_1,30393,0,0
F3,M1,1182,f3_out_0,979,0,0
F3,M1,1182,f3_out_1,30393,0,0
F3,M1,1183,f3_out_0,979,0,0
F3,M1,1183,f3_out_1,30393,0,0
F3,M1,1184,f3_out_0,980,0,0
F3,M1,1184,f3_out_1,30394,0,0
F3,M1,1185,f3_out_0,980,0,0
F3,M1,1185,f3_out_1,30394,0,0
F3,M1,1186,f3_out_0,981,0,0
F3,M1,1186,f3_out_1,30394,0,0
F3,M1,1187,f3_out_0,982,0,0
F3,M1,1187,f3_out_1,30395,0,0
F3,M1,1188,f3_out_0,982,0,0
F3,M1,1188,f3_out_1,30395,0,0
F3,M1,1189,f3_out_0,983,0,0
F3,M1,1189,f3_out_1,30395,0,0
F3,M1,1190,f3_out_0,983,0,0
F3,M1,1190,f3_out_1,30396,0,0
F3,M1,1191,f3_out_0,984,0,0
F3,M1,1191,f3_out_1,30396,0,0
F3,M1,1192,f3_out_0,984,0,0
F3,M1,1192,f3_out_1,30396,0,0
F3,M1,1193,f3_out_0,985,0,0
F3,M1,1193,f3_out_1,30397,0,0
F3,M1,1194,f3_out_0,985,0,0
F3,M1,1194,f3_out_1,30397,0,0
F3,M1,1195,f3_out_0,986,0,0
F3,M1,1195,f3_out_1,30397,0,0
F3,M1,1196,f3_out_0,987,0,0
F3,M1,1196,f3_out_1,30398,0,0
F3,M1,1197,f3_out_0,987,0,0
F3,M1,1197,f3_out_1,30398,0,0
F3,M1,1198,f3_out_0,988,0,0
F3,M1,1198,f3_out_1,30398,0,0
F3,M1,1199,f3_out_0,988,0,0
F3,M1,1199,f3_out_1,30399,0,0
F3,M1,1200,f3_out_0,989,0,0
F3,M1,1200,f3_out_1,30399,0,0
F3,M1,1201,f3_out_0,989,0,0
F3,M1,1201,f3_out_1,30399,0,0
F3,M1,1202,f3_out_0,990,0,0
F3,M1,1202,f3_out_1,30400,0,0
F3,M1,1203,f3_out_0,990,0,0
F3,M1,1203,f3_out_1,30400,0,0
F3,M1,1204,f3_out_0,991,0,0
F3,M1,1204,f3_out_1,30400,0,0
F3,M1,1205,f3_out_0,992,0,0
F3,M1,1205,f3_out_1,30401,0,0
F3,M1,1206,f3_out_0,992,0,0
F3,M1,1206,f3_out_1,30401,0,0
F3,M1,1207,f3_out_0,993,0,0
F3,M1,1207,f3_out_1,30401,0,0
F3,M1,1208,f3_out_0,993,0,0
F3,M1,1208,f3_out_1,30402,0,0
F3,M1,1209,f3_out_0,994,0,0
F3,M1,1209,f3_out_1,30402,0,0
F3,M1,1210,f3_out_0,994,0,0
F3,M1,1210,f3_out_1,30402,0,0
F3,M1,1211,f3_out_0,995,0,0
F3,M1,1211,f3_out_1,30403,0,0
F3,M1,1212,f3_out_0,995,0,0
F3,M1,1212,f3_out_1,30403,0,0
F3,M1,1213,f3_out_0,996,0,0
F3,M1,1213,f3_out_1,30403,0,0
F3,M1,1214,f3_out_0,997,0,0
F3,M1,1214,f3_out_1,30404,0,0
F3,M1,1215,f3_out_0,997,0,0
F3,M1,1215,f3_out_1,30404,0,0
F3,M1,1216,f3_out_0,998,0,0
F3,M1,1216,f3_out_1,30404,0,0
F3,M1,1217,f3_out_0,998,0,0
F3,M1,1217,f3_out_1,30405,0,0
F3,M1,1218,f3_out_0,999,0,0
F3,M1,1218,f3_out_1,30405,0,0
F3,M1,1219,f3_out_0,999,0,0
F3,M1,1219,f3_out_1,30405,0,0
F3,M1,1220,f3_out_0,1000,0,0
F3,M1,1220,f3_out_1,30406,0,0
F3,M1,1221,f3_out_0,1000,0,0
F3,M1,1221,f3_out_1,30406,0,0
F3,M1,1222,f3_out_0,1001,0,0
F3,M1,1222,f3_out_1,30406,0,0
F3,M1,1223,f3_out_0,1002,0,0
F3,M1,1223,f3_out_1,30407,0,0
F3,M1,1224,f3_out_0,1002,0,0
F3,M1,1224,f3_out_1,30407,0,0
F3,M1,1225,f3_out_0,1003,0,0
F3,M1,1225,f3_out_1,30407,0,0
F3,M1,1226,f3_out_0,1003,0,0
F3,M1,1226,f3_out_1,30408,0,0
F3,M1,1227,f3_out_0,1004,0,0
F3,M1,1227,f3_out_1,30408,0,0
F3,M1,1228,f3_out_0,1004,0,0
F3,M1,1228,f3_out_1,30408,0,0
F3,M1,1229,f3_out_0,1005,0,0
F3,M1,1229,f3_out_1,30409,0,0
F3,M1,1230,f3_out_0,1005,0,0
F3,M1,1230,f3_out_1,30409,0,0
F3,M1,1231,f3_out_0,1006,0,0
F3,M1,1231,f3_out_1,30409,0,0
F3,M1,1232,f3_out_0,1007,0,0
F3,M1,1232,f3_out_1,30410,0,0
F3,M1,1233,f3_out_0,1007,0,0
F3,M1,1233,f3_out_1,30410,0,0
F3,M1,1234,f3_out_0,1008,0,0
F3,M1,1234,f3_out_1,30410,0,0
F3,M1,1235,f3_out_0,1008,0,0
F3,M1,1235,f3_out_1,30411,0,0
F3,M1,1236,f3_out_0,1009,0,0
F3,M1,1236,f3_out_1,30411,0,0
F3,M1,1237,f3_out_0,1009,0,0
F3,M1,1237,f3_out_1,30411,0,0
F3,M1,1238,f3_out_0,1010,0,0
F3,M1,1238,f3_out_1,30412,0,0
F3,M1,1239,f3_out_0,1010,0,0
F3,M1,1239,f3_out_1,30412,0,0
F3,M1,1240,f3_out_0,1011,0,0
F3,M1,1240,f3_out_1,30412,0,0
F3,M1,1241,f3_out_0,1012,0,0
F3,M1,1241,f3_out_1,30413,0,0
F3,M1,1242,f3_out_0,1012,0,0
F3,M1,1242,f3_out_1,30413,0,0
F3,M1,1243,f3_out_0,1013,0,0
F3,M1,1243,f3_out_1,30413,0,0
F3,M1,1244,f3_out_0,1013,0,0
F3,M1,1244,f3_out_1,30414,0,0
F3,M1,1245,f3_out_0,1014,0,0
F3,M1,1245,f3_out_1,30414,0,0
F3,M1,1246,f3_out_0,1014,0,0
F3,M1,1246,f3_out_1,30414,0,0
F3,M1,1247,f3_out_0,1015,0,0
F3,M1,1247,f3_out_1,30415,0,0
F3,M1,1248,f3_out_0,1015,0,0
F3,M1,1248,f3_out_1,30415,0,0
F3,M1,1249,f3_out_0,1016,0,0
F3,M1,1249,f3_out_1,30415,0,0
F3,M1,1250,f3_out_0,1017,0,0
F3,M1,1250,f3_out_1,30416,0,0
F3,M1,1251,f3_out_0,1017,0,0
F3,M1,1251,f3_out_1,30416,0,0
F3,M1,1252,f3_out_0,1018,0,0
F3,M1,1252,f3_out_1,30416,0,0
F3,M1,1253,f3_out_0,1018,0,0
F3,M1,1253,f3_out_1,30417,0,0
F3,M1,1254,f3_out_0,1019,0,0
F3,M1,1254,f3_out_1,30417,0,0
F3,M1,1255,f3_out_0,1019,0,0
F3,M1,1255,f3_out_1,30417,0,0
F3,M1,1256,f3_out_0,1020,0,0
F3,M1,1256,f3_out_1,30418,0,0
F3,M1,1257,f3_out_0,1020,0,0
F3,M1,1257,f3_out_1,30418,0,0
F3,M1,1258,f3_out_0,1021,0,0
F3,M1,1258,f3_out_1,30418,0,0
F3,M1,1259,f3_out_0,1022,0,0
F3,M1,1259,f3_out_1,30419,0,0
F3,M1,1260,f3_out_0,1022,0,0
F3,M1,1260,f3_out_1,30419,0,0
F3,M1,1261,f3_out_0,1023,0,0
F3,M1,1261,f3_out_1,30419,0,0
F3,M1,1262,f3_out_0,1023,0,0
F3,M1,1262,f3_out_1,30420,0,0
F3,M1,1263,f3_out_0,1024,0,0
F3,M1,1263,f3_out_1,30420,0,0
F3,M1,1264,f3_out_0,1024,0,0
F3,M1,1264,f3_out_1,30420,0,0
F3,M1,1265,f3_out_0,1025,0,0
F3,M1,1265,f3_out_1,30421,0,0
F3,M1,1266,f3_out_0,1025,0,0
F3,M1,1266,f3_out_1,30421,0,0
F3,M1,1267,f3_out_0,1026,0,0
F3,M1,1267,f3_out_1,30421,0,0
F3,M1,1268,f3_out_0,1027,0,0
F3,M1,1268,f3_out_1,30422,0,0
F3,M1,1269,f3_out_0,1027,0,0
F3,M1,1269,f3_out_1,30422,0,0
F3,M1,1270,f3_out_0,1028,0,0
F3,M1,1270,f3_out_1,30422,0,0
F3,M1,1271,f3_out_0,1028,0,0
F3,M1,1271,f3_out_1,30423,0,0
F3,M1,1272,f3_out_0,1029,0,0
F3,M1,1272,f3_out_1,30423,0,0
F3,M1,1273,f3_out_0,1029,0,0
F3,M1,1273,f3_out_1,30423,0,0
F3,M1,1274,f3_out_0,1030,0,0
F3,M1,1274,f3_out_1,30424,0,0
F3,M1,1275,f3_out_0,1030,0,0
F3,M1,1275,f3_out_1,30424,0,0
F3,M1,1276,f3_out_0,1031,0,0
F3,M1,1276,f3_out_1,30424,0,0
F3,M1,1277,f3_out_0,1032,0,0
F3,M1,1277,f3_out_1,30425,0,0
F3,M1,1278,f3_out_0,1032,0,0
F3,M1,1278,f3_out_1,30425,0,0
F3,M1,1279,f3_out_0,1033,0,0
F3,M1,1279,f3_out_1,30425,0,0
F3,M1,1280,f3_out_0,1033,0,0
F3,M1,1280,f3_out_1,30426,0,0
F3,M1,1281,f3_out_0,1034,0,0
F3,M1,1281,f3_out_1,30426,0,0
F3,M1,1282,f3_out_0,1034,0,0
F3,M1,1282,f3_out_1,30426,0,0
F3,M1,1283,f3_out_0,1035,0,0
F3,M1,1283,f3_out_1,30427,0,0
F3,M1,1284,f3_out_0,1035,0,0
F3,M1,1284,f3_out_1,30427,0,0
F3,M1,1285,f3_out_0,1036,0,0
F3,M1,1285,f3_out_1,30427,0,0
F3,M1,1286,f3_out_0,1037,0,0
F3,M1,1286,f3_out_1,30428,0,0
F3,M1,1287,f3_out_0,1037,0,0
F3,M1,1287,f3_out_1,30428,0,0
F3,M1,1288,f3_out_0,1038,0,0
F3,M1,1288,f3_out_1,30428,0,0
F3,M1,1289,f3_out_0,1038,0,0
F3,M1,1289,f3_out_1,30429,0,0
F3,M1,1290,f3_out_0,1039,0,0
F3,M1,1290,f3_out_1,30429,0,0
F3,M1,1291,f3_out_0,1039,0,0
F3,M1,1291,f3_out_1,30429,0,0
F3,M1,1292,f3_out_0,1040,0,0
F3,M1,1292,f3_out_1,30430,0,0
F3,M1,1293,f3_out_0,1040,0,0
F3,M1,1293,f3_out_1,30430,0,0
F3,M1,1294,f3_out_0,1041,0,0
F3,M1,1294,f3_out_1,30430,0,0
F3,M1,1295,f3_out_0,1042,0,0
F3,M1,1295,f3_out_1,30431,0,0
F3,M1,1296,f3_out_0,1042,0,0
F3,M1,1296,f3_out_1,30431,0,0
F3,M1,1297,f3_out_0,1043,0,0
F3,M1,1297,f3_out_1,30431,0,0
F3,M1,1298,f3_out_0,1043,0,0
F3,M1,1298,f3_out_1,30432,0,0
F3,M1,1299,f3_out_0,1044,0,0
F3,M1,1299,f3_out_1,30432,0,0
F3,M1,1300,f3_out_0,1044,0,0
F3,M1,1300,f3_out_1,30432,0,0
F3,M1,1301,f3_out_0,1045,0,0
F3,M1,1301,f3_out_1,30433,0,0
F3,M1,1302,f3_out_0,1045,0,0
F3,M1,1302,f3_out_1,30433,0,0
F3,M1,1303,f3_out_0,1046,0,0
F3,M1,1303,f3_out_1,30433,0,0
F3,M1,1304,f3_out_0,1047,0,0
F3,M1,1304,f3_out_1,30434,0,0
F3,M1,1305,f3_out_0,1047,0,0
F3,M1,1305,f3_out_1,30434,0,0
F3,M1,1306,f3_out_0,1048,0,0
F3,M1,1306,f3_out_1,30434,0,0
F3,M1,1307,f3_out_0,1048,0,0
F3,M1,1307,f3_out_1,30435,0,0
F3,M1,1308,f3_out_0,1049,0,0
F3,M1,1308,f3_out_1,30435,0,0
F3,M1,1309,f3_out_0,1049,0,0
F3,M1,1309,f3_out_1,30435,0,0
F3,M1,1310,f3_out_0,1050,0,0
F3,M1,1310,f3_out_1,30436,0,0
F3,M1,1311,f3_out_0,1050,0,0
F3,M1,1311,f3_out_1,30436,0,0
F3,M1,1312,f3_out_0,1051,0,0
F3,M1,1312,f3_out_1,30436,0,0
F3,M1,1313,f3_out_0,1052,0,0
F3,M1,1313,f3_out_1,30437,0,0
F3,M1,1314,f3_out_0,1052,0,0
F3,M1,1314,f3_out_1,30437,0,0
F3,M1,1315,f3_out_0,1053,0,0
F3,M1,1315,f3_out_1,30437,0,0
F3,M1,1316,f3_out_0,1053,0,0
F3,M1,1316,f3_out_1,30438,0,0
F3,M1,1317,f3_out_0,1054,0,0
F3,M1,1317,f3_out_1,30438,0,0
F3,M1,1318,f3_out_0,1054,0,0
F3,M1,1318,f3_out_1,30438,0,0
F3,M1,1319,f3_out_0,1055,0,0
F3,M1,1319,f3_out_1,30439,0,0
F3,M1,1320,f3_out_0,1055,0,0
F3,M1,1320,f3_out_1,30439,0,0
F3,M1,1321,f3_out_0,1056,0,0
F3,M1,1321,f3_out_1,30439,0,0
F3,M1,1322,f3_out_0,1057,0,0
F3,M1,1322,f3_out_1,30440,0,0
F3,M1,1323,f3_out_0,1057,0,0
F3,M1,1323,f3_out_1,30440,0,0
F3,M1,1324,f3_out_0,1058,0,0
F3,M1,1324,f3_out_1,30440,0,0
F3,M1,1325,f3_out_0,1058,0,0
F3,M1,1325,f3_out_1,30441,0,0
F3,M1,1326,f3_out_0,1059,0,0
F3,M1,1326,f3_out_1,30441,0,0
F3,M1,1327,f3_out_0,1059,0,0
F3,M1,1327,f3_out_1,30441,0,0
F3,M1,1328,f3_out_0,1060,0,0
F3,M1,1328,f3_out_1,30442,0,0
F3,M1,1329,f3_out_0,1060,0,0
F3,M1,1329,f3_out_1,30442,0,0
F3,M1,1330,f3_out_0,1061,0,0
F3,M1,1330,f3_out_1,30442,0,0
F3,M1,1331,f3_out_0,1062,0,0
F3,M1,1331,f3_out_1,30443,0,0
F3,M1,1332,f3_out_0,1062,0,0
F3,M1,1332,f3_out_1,30443,0,0
F3,M1,1333,f3_out_0,1063,0,0
F3,M1,1333,f3_out_1,30443,0,0
F3,M1,1334,f3_out_0,1063,0,0
F3,M1,1334,f3_out_1,30444,0,0
F3,M1,1335,f3_out_0,1064,0,0
F3,M1,1335,f3_out_1,30444,0,0
F3,M1,1336,f3_out_0,1064,0,0
F3,M1,1336,f3_out_1,30444,0,0
F3,M1,1337,f3_out_0,1065,0,0
F3,M1,1337,f3_out_1,30445,0,0
F3,M1,1338,f3_out_0,1065,0,0
F3,M1,1338,f3_out_1,30445,0,0
F3,M1,1339,f3_out_0,1066,0,0
F3,M1,1339,f3_out_1,30445,0,0
F3,M1,1340,f3_out_0,1067,0,0
F3,M1,1340,f3_out_1,30446,0,0
F3,M1,1341,f3_out_0,1067,0,0
F3,M1,1341,f3_out_1,30446,0,0
F3,M1,1342,f3_out_0,1068,0,0
F3,M1,1342,f3_out_1,30446,0,0
F3,M1,1343,f3_out_0,1068,0,0
F3,M1,1343,f3_out_1,30447,0,0
F3,M1,1344,f3_out_0,1069,0,0
F3,M1,1344,f3_out_1,30447,0,0
F3,M1,1345,f3_out_0,1069,0,0
F3,M1,1345,f3_out_1,30447,0,0
F3,M1,1346,f3_out_0,1070,0,0
F3,M1,1346,f3_out_1,30448,0,0
F3,M1,1347,f3_out_0,1070,0,0
F3,M1,1347,f3_out_1,30448,0,0
F3,M1,1348,f3_out_0,1071,0,0
F3,M1,1348,f3_out_1,30448,0,0
F3,M1,1349,f3_out_0,1072,0,0
F3,M1,1349,f3_out_1,30449,0,0
F3,M1,1350,f3_out_0,1072,0,0
F3,M1,1350,f3_out_1,30449,0,0
F3,M1,1351,f3_out_0,1073,0,0
F3,M1,1351,f3_out_1,30449,0,0
F3,M1,1352,f3_out_0,1073,0,0
F3,M1,1352,f3_out_1,30450,0,0
F3,M1,1353,f3_out_0,1074,0,0
F3,M1,1353,f3_out_1,30450,0,0
F3,M1,1354,f3_out_0,1074,0,0
F3,M1,1354,f3_out_1,30450,0,0
F3,M1,1355,f3_out_0,1075,0,0
F3,M1,1355,f3_out_1,30451,0,0
F3,M1,1356,f3_out_0,1075,0,0
F3,M1,1356,f3_out_1,30451,0,0
F3,M1,1357,f3_out_0,1076,0,0
F3,M1,1357,f3_out_1,30451,0,0
F3,M1,1358,f3_out_0,1077,0,0
F3,M1,1358,f3_out_1,30452,0,0
F3,M1,1359,f3_out_0,1077,0,0
F3,M1,1359,f3_out_1,30452,0,0
F3,M1,1360,f3_out_0,1078,0,0
F3,M1,1360,f3_out_1,30452,0,0
F3,M1,1361,f3_out_0,1078,0,0
F3,M1,1361,f3_out_1,30453,0,0
F3,M1,1362,f3_out_0,1079,0,0
F3,M1,1362,f3_out_1,30453,0,0
F3,M1,1363,f3_out_0,1079,0,0
F3,M1,1363,f3_out_1,30453,0,0
F3,M1,1364,f3_out_0,1080,0,0
F3,M1,1364,f3_out_1,30454,0,0
F3,M1,1365,f3_out_0,1080,0,0
F3,M1,1365,f3_out_1,30454,0,0
F3,M1,1366,f3_out_0,1081,0,0
F3,M1,1366,f3_out_1,30454,0,0
F3,M1,1367,f3_out_0,1082,0,0
F3,M1,1367,f3_out_1,30455,0,0
F3,M1,1368,f3_out_0,1082,0,0
F3,M1,1368,f3_out_1,30455,0,0
F3,M1,1369,f3_out_0,1083,0,0
F3,M1,1369,f3_out_1,30455,0,0
F3,M1,1370,f3_out_0,1083,0,0
F3,M1,1370,f3_out_1,30456,0,0
F3,M1,1371,f3_out_0,1084,0,0
F3,M1,1371,f3_out_1,30456,0,0
F3,M1,1372,f3_out_0,1084,0,0
F3,M1,1372,f3_out_1,30456,0,0
F3,M1,1373,f3_out_0,1085,0,0
F3,M1,1373,f3_out_1,30457,0,0
F3,M1,1374,f3_out_0,1085,0,0
F3,M1,1374,f3_out_1,30457,0,0
F3,M1,1375,f3_out_0,1086,0,0
F3,M1,1375,f3_out_1,30457,0,0
F3,M1,1376,f3_out_0,1087,0,0
F3,M1,1376,f3_out_1,30458,0,0
F3,M1,1377,f3_out_0,1087,0,0
F3,M1,1377,f3_out_1,30458,0,0
F3,M1,1378,f3_out_0,1088,0,0
F3,M1,1378,f3_out_1,30458,0,0
F3,M1,1379,f3_out_0,1088,0,0
F3,M1,1379,f3_out_1,30459,0,0
F3,M1,1380,f3_out_0,1089,0,0
F3,M1,1380,f3_out_1,30459,0,0
F3,M1,1381,f3_out_0,1089,0,0
F3,M1,1381,f3_out_1,30459,0,0
F3,M1,1382,f3_out_0,1090,0,0
F3,M1,1382,f3_out_1,30460,0,0
F3,M1,1383,f3_out_0,1090,0,0
F3,M1,1383,f3_out_1,30460,0,0
F3,M1,1384,f3_out_0,1091,0,0
F3,M1,1384,f3_out_1,30460,0,0
F3,M1,1385,f3_out_0,1092,0,0
F3,M1,1385,f3_out_1,30461,0,0
F3,M1,1386,f3_out_0,1092,0,0
F3,M1,1386,f3_out_1,30461,0,0
F3,M1,1387,f3_out_0,1093,0,0
F3,M1,1387,f3_out_1,30461,0,0
F3,M1,1388,f3_out_0,1093,0,0
F3,M1,1388,f3_out_1,30462,0,0
F3,M1,1389,f3_out_0,1094,0,0
F3,M1,1389,f3_out_1,30462,0,0
F3,M1,1390,f3_out_0,1094,0,0
F3,M1,1390,f3_out_1,30462,0,0
F3,M1,1391,f3_out_0,1095,0,0
F3,M1,1391,f3_out_1,30463,0,0
F3,M1,1392,f3_out_0,1095,0,0
F3,M1,1392,f3_out_1,30463,0,0
F3,M1,1393,f3_out_0,1096,0,0
F3,M1,1393,f3_out_1,30463,0,0
F3,M1,1394,f3_out_0,1097,0,0
F3,M1,1394,f3_out_1,30464,0,0
F3,M1,1395,f3_out_0,1097,0,0
F3,M1,1395,f3_out_1,30464,0,0
F3,M1,1396,f3_out_0,1098,0,0
F3,M1,1396,f3_out_1,30464,0,0
F3,M1,1397,f3_out_0,1098,0,0
F3,M1,1397,f3_out_1,30465,0,0
F3,M1,1398,f3_out_0,1099,0,0
F3,M1,1398,f3_out_1,30465,0,0
F3,M1,1399,f3_out_0,1099,0,0
F3,M1,1399,f3_out_1,30465,0,0
F3,M1,1400,f3_out_0,1100,0,0
F3,M1,1400,f3_out_1,30466,0,0
F3,M1,1401,f3_out_0,1100,0,0
F3,M1,1401,f3_out_1,30466,0,0
F3,M1,1402,f3_out_0,1101,0,0
F3,M1,1402,f3_out_1,30466,0,0
F3,M1,1403,f3_out_0,1102,0,0
F3,M1,1403,f3_out_1,30467,0,0
F3,M1,1404,f3_out_0,1102,0,0
F3,M1,1404,f3_out_1,30467,0,0
F3,M1,1405,f3_out_0,1103,0,0
F3,M1,1405,f3_out_1,30467,0,0
F3,M1,1406,f3_out_0,1103,0,0
F3,M1,1406,f3_out_1,30468,0,0
F3,M1,1407,f3_out_0,1104,0,0
F3,M1,1407,f3_out_1,30468,0,0
F3,M1,1408,f3_out_0,1104,0,0
F3,M1,1408,f3_out_1,30468,0,0
F3,M1,1409,f3_out_0,1105,0,0
F3,M1,1409,f3_out_1,30469,0,0
F3,M1,1410,f3_out_0,1105,0,0
F3,M1,1410,f3_out_1,30469,0,0
F3,M1,1411,f3_out_0,1106,0,0
F3,M1,1411,f3_out_1,30469,0,0
F3,M1,1412,f3_out_0,1107,0,0
F3,M1,1412,f3_out_1,30470,0,0
F3,M1,1413,f3_out_0,1107,0,0
F3,M1,1413,f3_out_1,30470,0,0
F3,M1,1414,f3_out_0,1108,0,0
F3,M1,1414,f3_out_1,30470,0,0
F3,M1,1415,f3_out_0,1108,0,0
F3,M1,1415,f3_out_1,30471,0,0
F3,M1,1416,f3_out_0,1109,0,0
F3,M1,1416,f3_out_1,30471,0,0
F3,M1,1417,f3_out_0,1109,0,0
F3,M1,1417,f3_out_1,30471,0,0
F3,M1,1418,f3_out_0,1110,0,0
F3,M1,1418,f3_out_1,30472,0,0
F3,M1,1419,f3_out_0,1110,0,0
F3,M1,1419,f3_out_1,30472,0,0
F3,M1,1420,f3_out_0,1111,0,0
F3,M1,1420,f3_out_1,30472,0,0
F3,M1,1421,f3_out_0,1112,0,0
F3,M1,1421,f3_out_1,30473,0,0
F3,M1,1422,f3_out_0,1112,0,0
F3,M1,1422,f3_out_1,30473,0,0
F3,M1,1423,f3_out_0,1113,0,0
F3,M1,1423,f3_out_1,30473,0,0
F3,M1,1424,f3_out_0,1113,0,0
F3,M1,1424,f3_out_1,30474,0,0
F3,M1,1425,f3_out_0,1114,0,0
F3,M1,1425,f3_out_1,30474,0,0
F3,M1,1426,f3_out_0,1114,0,0
F3,M1,1426,f3_out_1,30474,0,0
F3,M1,1427,f3_out_0,1115,0,0
F3,M1,1427,f3_out_1,30475,0,0
F3,M1,1428,f3_out_0,1115,0,0
F3,M1,1428,f3_out_1,30475,0,0
F3,M1,1429,f3_out_0,1116,0,0
F3,M1,1429,f3_out_1,30475,0,0
F3,M1,1430,f3_out_0,1117,0,0
F3,M1,1430,f3_out_1,30476,0,0
F3,M1,1431,f3_out_0,1117,0,0
F3,M1,1431,f3_out_1,30476,0,0
F3,M1,1432,f3_out_0,1118,0,0
F3,M1,1432,f3_out_1,30476,0,0
F3,M1,1433,f3_out_0,1118,0,0
F3,M1,1433,f3_out_1,30477,0,0
F3,M1,1434,f3_out_0,1119,0,0
F3,M1,1434,f3_out_1,30477,0,0
F3,M1,1435,f3_out_0,1119,0,0
F3,M1,1435,f3_out_1,30477,0,0
F3,M1,1436,f3_out_0,1120,0,0
F3,M1,1436,f3_out_1,30478,0,0
F3,M1,1437,f3_out_0,1120,0,0
F3,M1,1437,f3_out_1,30478,0,0
F3,M1,1438,f3_out_0,1121,0,0
F3,M1,1438,f3_out_1,30478,0,0
F3,M1,1439,f3_out_0,1122,0,0
F3,M1,1439,f3_out_1,30479,0,0
F3,M1,1440,f3_out_0,1122,0,0
F3,M1,1440,f3_out_1,30479,0,0
F3,M1,1441,f3_out_0,1123,0,0
F3,M1,1441,f3_out_1,30479,0,0
F3,M1,1442,f3_out_0,1123,0,0
F3,M1,1442,f3_out_1,30480,0,0
F3,M1,1443,f3_out_0,1124,0,0
F3,M1,1443,f3_out_1,30480,0,0
F3,M1,1444,f3_out_0,1124,0,0
F3,M1,1444,f3_out_1,30480,0,0
F3,M1,1445,f3_out_0,1125,0,0
F3,M1,1445,f3_out_1,30481,0,0
F3,M1,1446,f3_out_0,1125,0,0
F3,M1,1446,f3_out_1,30481,0,0
F3,M1,1447,f3_out_0,1126,0,0
F3,M1,1447,f3_out_1,30481,0,0
F3,M1,1448,f3_out_0,1127,0,0
F3,M1,1448,f3_out_1,30482,0,0
F3,M1,1449,f3_out_0,1127,0,0
F3,M1,1449,f3_out_1,30482,0,0
F3,M1,1450,f3_out_0,1128,0,0
F3,M1,1450,f3_out_1,30482,0,0
F3,M1,1451,f3_out_0,1128,0,0
F3,M1,1451,f3_out_1,30483,0,0
F3,M1,1452,f3_out_0,1129,0,0
F3,M1,1452,f3_out_1,30483,0,0
F3,M1,1453,f3_out_0,1129,0,0
F3,M1,1453,f3_out_1,30483,0,0
F3,M1,1454,f3_out_0,1130,0,0
F3,M1,1454,f3_out_1,30484,0,0
F3,M1,1455,f3_out_0,1130,0,0
F3,M1,1455,f3_out_1,30484,0,0
F3,M1,1456,f3_out_0,1131,0,0
F3,M1,1456,f3_out_1,30484,0,0
F3,M1,1457,f3_out_0,1132,0,0
F3,M1,1457,f3_out_1,30485,0,0
F3,M1,1458,f3_out_0,1132,0,0
F3,M1,1458,f3_out_1,30485,0,0
F3,M1,1459,f3_out_0,1133,0,0
F3,M1,1459,f3_out_1,30485,0,0
F3,M1,1460,f3_out_0,1133,0,0
F3,M1,1460,f3_out_1,30486,0,0
F3,M1,1461,f3_out_0,1134,0,0
F3,M1,1461,f3_out_1,30486,0,0
F3,M1,1462,f3_out_0,1134,0,0
F3,M1,1462,f3_out_1,30486,0,0
F3,M1,1463,f3_out_0,1135,0,0
F3,M1,1463,f3_out_1,30487,0,0
F3,M1,1464,f3_out_0,1135,0,0
F3,M1,1464,f3_out_1,30487,0,0
F3,M1,1465,f3_out_0,1136,0,0
F3,M1,1465,f3_out_1,30487,0,0
F3,M1,1466,f3_out_0,1137,0,0
F3,M1,1466,f3_out_1,30488,0,0
F3,M1,1467,f3_out_0,1137,0,0
F3,M1,1467,f3_out_1,30488,0,0
F3,M1,1468,f3_out_0,1138,0,0
F3,M1,1468,f3_out_1,30488,0,0
F3,M1,1469,f3_out_0,1138,0,0
F3,M1,1469,f3_out_1,30489,0,0
F3,M1,1470,f3_out_0,1139,0,0
F3,M1,1470,f3_out_1,30489,0,0
F3,M1,1471,f3_out_0,1139,0,0
F3,M1,1471,f3_out_1,30489,0,0
F3,M1,1472,f3_out_0,1140,0,0
F3,M1,1472,f3_out_1,30490,0,0
F3,M1,1473,f3_out_0,1140,0,0
F3,M1,1473,f3_out_1,30490,0,0
F3,M1,1474,f3_out_0,1141,0,0
F3,M1,1474,f3_out_1,30490,0,0
F3,M1,1475,f3_out_0,1142,0,0
F3,M1,1475,f3_out_1,30491,0,0
F3,M1,1476,f3_out_0,1142,0,0
F3,M1,1476,f3_out_1,30491,0,0
F3,M1,1477,f3_out_0,1143,0,0
F3,M1,1477,f3_out_1,30491,0,0
F3,M1,1478,f3_out_0,1143,0,0
F3,M1,1478,f3_out_1,30492,0,0
F3,M1,1479,f3_out_0,1144,0,0
F3,M1,1479,f3_out_1,30492,0,0
F3,M1,1480,f3_out_0,1144,0,0
F3,M1,1480,f3_out_1,30492,0,0
F3,M1,1481,f3_out_0,1145,0,0
F3,M1,1481,f3_out_1,30493,0,0
F3,M1,1482,f3_out_0,1145,0,0
F3,M1,1482,f3_out_1,30493,0,0
F3,M1,1483,f3_out_0,1146,0,0
F3,M1,1483,f3_out_1,30493,0,0
F3,M1,1484,f3_out_0,1147,0,0
F3,M1,1484,f3_out_1,30494,0,0
F3,M1,1485,f3_out_0,1147,0,0
F3,M1,1485,f3_out_1,30494,0,0
F3,M1,1486,f3_out_0,1148,0,0
F3,M1,1486,f3_out_1,30494,0,0
F3,M1,1487,f3_out_0,1148,0,0
F3,M1,1487,f3_out_1,30495,0,0
F3,M1,1488,f3_out_0,1149,0,0
F3,M1,1488,f3_out_1,30495,0,0
F3,M1,1489,f3_out_0,1149,0,0
F3,M1,1489,f3_out_1,30495,0,0
F3,M1,1490,f3_out_0,1150,0,0
F3,M1,1490,f3_out_1,30496,0,0
F3,M1,1491,f3_out_0,1150,0,0
F3,M1,1491,f3_out_1,30496,0,0
F3,M1,1492,f3_out_0,1151,0,0
F3,M1,1492,f3_out_1,30496,0,0
F3,M1,1493,f3_out_0,1152,0,0
F3,M1,1493,f3_out_1,30497,0,0
F3,M1,1494,f3_out_0,1152,0,0
F3,M1,1494,f3_out_1,30497,0,0
F3,M1,1495,f3_out_0,1153,0,0
F3,M1,1495,f3_out_1,30497,0,0
F3,M1,1496,f3_out_0,1153,0,0
F3,M1,1496,f3_out_1,30498,0,0
F3,M1,1497,f3_out_0,1154,0,0
F3,M1,1497,f3_out_1,30498,0,0
F3,M1,1498,f3_out_0,1154,0,0
F3,M1,1498,f3_out_1,30498,0,0
F3,M1,1499,f3_out_0,1155,0,0
F3,M1,1499,f3_out_1,30499,0,0
F3,M1,1500,f3_out_0,1155,0,0
F3,M1,1500,f3_out_1,30499,0,0
F3,M1,1501,f3_out_0,1156,0,0
F3,M1,1501,f3_out_1,30499,0,0
F3,M1,1502,f3_out_0,1157,0,0
F3,M1,1502,f3_out_1,30500,0,0
F3,M1,1503,f3_out_0,1157,0,0
F3,M1,1503,f3_out_1,30500,0,0
F3,M1,1504,f3_out_0,1158,0,0
F3,M1,1504,f3_out_1,30500,0,0
F3,M1,1505,f3_out_0,1158,0,0
F3,M1,1505,f3_out_1,30501,0,0
F3,M1,1506,f3_out_0,1159,0,0
F3,M1,1506,f3_out_1,30501,0,0
F3,M1,1507,f3_out_0,1159,0,0
F3,M1,1507,f3_out_1,30501,0,0
F3,M1,1508,f3_out_0,1160,0,0
F3,M1,1508,f3_out_1,30502,0,0
F3,M1,1509,f3_out_0,1160,0,0
F3,M1,1509,f3_out_1,30502,0,0
F3,M1,1510,f3_out_0,1161,0,0
F3,M1,1510,f3_out_1,30502,0,0
F3,M1,1511,f3_out_0,1162,0,0
F3,M1,1511,f3_out_1,30503,0,0
F3,M1,1512,f3_out_0,1162,0,0
F3,M1,1512,f3_out_1,30503,0,0
F3,M1,1513,f3_out_0,1163,0,0
F3,M1,1513,f3_out_1,30503,0,0
F3,M1,1514,f3_out_0,1163,0,0
F3,M1,1514,f3_out_1,30504,0,0
F3,M1,1515,f3_out_0,1164,0,0
F3,M1,1515,f3_out_1,30504,0,0
F3,M1,1516,f3_out_0,1164,0,0
F3,M1,1516,f3_out_1,30504,0,0
F3,M1,1517,f3_out_0,1165,0,0
F3,M1,1517,f3_out_1,30505,0,0
F3,M1,1518,f3_out_0,1165,0,0
F3,M1,1518,f3_out_1,30505,0,0
F3,M1,1519,f3_out_0,1166,0,0
F3,M1,1519,f3_out_1,30505,0,0
F3,M1,1520,f3_out_0,1167,0,0
F3,M1,1520,f3_out_1,30506,0,0
F3,M1,1521,f3_out_0,1167,0,0
F3,M1,1521,f3_out_1,30506,0,0
F3,M1,1522,f3_out_0,1168,0,0
F3,M1,1522,f3_out_1,30506,0,0
F3,M1,1523,f3_out_0,1168,0,0
F3,M1,1523,f3_out_1,30507,0,0
F3,M1,1524,f3_out_0,1169,0,0
F3,M1,1524,f3_out_1,30507,0,0
F3,M1,1525,f3_out_0,1169,0,0
F3,M1,1525,f3_out_1,30507,0,0
F3,M1,1526,f3_out_0,1170,0,0
F3,M1,1526,f3_out_1,30508,0,0
F3,M1,1527,f3_out_0,1170,0,0
F3,M1,1527,f3_out_1,30508,0,0
F3,M1,1528,f3_out_0,1171,0,0
F3,M1,1528,f3_out_1,30508,0,0
F3,M1,1529,f3_out_0,1172,0,0
F3,M1,1529,f3_out_1,30509,0,0
F3,M1,1530,f3_out_0,1172,0,0
F3,M1,1530,f3_out_1,30509,0,0
F3,M1,1531,f3_out_0,1173,0,0
F3,M1,1531,f3_out_1,30509,0,0
F3,M1,1532,f3_out_0,1173,0,0
F3,M1,1532,f3_out_1,30510,0,0
F3,M1,1533,f3_out_0,1174,0,0
F3,M1,1533,f3_out_1,30510,0,0
F3,M1,1534,f3_out_0,1174,0,0
F3,M1,1534,f3_out_1,30510,0,0
F3,M1,1535,f3_out_0,1175,0,0
F3,M1,1535,f3_out_1,30511,0,0
F3,M1,1536,f3_out_0,1175,0,0
F3,M1,1536,f3_out_1,30511,0,0
F3,M1,1537,f3_out_0,1176,0,0
F3,M1,1537,f3_out_1,30511,0,0
F3,M1,1538,f3_out_0,1177,0,0
F3,M1,1538,f3_out_1,30512,0,0
F3,M1,1539,f3_out_0,1177,0,0
F3,M1,1539,f3_out_1,30512,0,0
F3,M1,1540,f3_out_0,1178,0,0
F3,M1,1540,f3_out_1,30512,0,0
F3,M1,1541,f3_out_0,1178,0,0
F3,M1,1541,f3_out_1,30513,0,0
F3,M1,1542,f3_out_0,1179,0,0
F3,M1,1542,f3_out_1,30513,0,0
F3,M1,1543,f3_out_0,1179,0,0
F3,M1,1543,f3_out_1,30513,0,0
F3,M1,1544,f3_out_0,1180,0,0
F3,M1,1544,f3_out_1,30514,0,0
F3,M1,1545,f3_out_0,1180,0,0
F3,M1,1545,f3_out_1,30514,0,0
F3,M1,1546,f3_out_0,1181,0,0
F3,M1,1546,f3_out_1,30514,0,0
F3,M1,1547,f3_out_0,1182,0,0
F3,M1,1547,f3_out_1,30515,0,0
F3,M1,1548,f3_out_0,1182,0,0
F3,M1,1548,f3_out_1,30515,0,0
F3,M1,1549,f3_out_0,1183,0,0
F3,M1,1549,f3_out_1,30515,0,0
F3,M1,1550,f3_out_0,1183,0,0
F3,M1,1550,f3_out_1,30516,0,0
F3,M1,1551,f3_out_0,1184,0,0
F3,M1,1551,f3_out_1,30516,0,0
F3,M1,1552,f3_out_0,1184,0,0
F3,M1,1552,f3_out_1,30516,0,0
F3,M1,1553,f3_out_0,1185,0,0
F3,M1,1553,f3_out_1,30517,0,0
F3,M1,1554,f3_out_0,1185,0,0
F3,M1,1554,f3_out_1,30517,0,0
F3,M1,1555,f3_out_0,1186,0,0
F3,M1,1555,f3_out_1,30517,0,0
F3,M1,1556,f3_out_0,1187,0,0
F3,M1,1556,f3_out_1,30518,0,0
F3,M1,1557,f3_out_0,1187,0,0
F3,M1,1557,f3_out_1,30518,0,0
F3,M1,1558,f3_out_0,1188,0,0
F3,M1,1558,f3_out_1,30518,0,0
F3,M1,1559,f3_out_0,1188,0,0
F3,M1,1559,f3_out_1,30519,0,0
F3,M1,1560,f3_out_0,1189,0,0
F3,M1,1560,f3_out_1,30519,0,0
F3,M1,1561,f3_out_0,1189,0,0
F3,M1,1561,f3_out_1,30519,0,0
F3,M1,1562,f3_out_0,1190,0,0
F3,M1,1562,f3_out_1,30520,0,0
F3,M1,1563,f3_out_0,1190,0,0
F3,M1,1563,f3_out_1,30520,0,0
F3,M1,1564,f3_out_0,1191,0,0
F3,M1,1564,f3_out_1,30520,0,0
F3,M1,1565,f3_out_0,1192,0,0
F3,M1,1565,f3_out_1,30521,0,0
F3,M1,1566,f3_out_0,1192,0,0
F3,M1,1566,f3_out_1,30521,0,0
F3,M1,1567,f3_out_0,1193,0,0
F3,M1,1567,f3_out_1,30521,0,0
F3,M1,1568,f3_out_0,1193,0,0
F3,M1,1568,f3_out_1,30522,0,0
F3,M1,1569,f3_out_0,1194,0,0
F3,M1,1569,f3_out_1,30522,0,0
F3,M1,1570,f3_out_0,1194,0,0
F3,M1,1570,f3_out_1,30522,0,0
F3,M1,1571,f3_out_0,1195,0,0
F3,M1,1571,f3_out_1,30523,0,0
F3,M1,1572,f3_out_0,1195,0,0
F3,M1,1572,f3_out_1,30523,0,0
F3,M1,1573,f3_out_0,1196,0,0
F3,M1,1573,f3_out_1,30523,0,0
F3,M1,1574,f3_out_0,1197,0,0
F3,M1,1574,f3_out_1,30524,0,0
F3,M1,1575,f3_out_0,1197,0,0
F3,M1,1575,f3_out_1,30524,0,0
F3,M1,1576,f3_out_0,1198,0,0
F3,M1,1576,f3_out_1,30524,0,0
F3,M1,1577,f3_out_0,1198,0,0
F3,M1,1577,f3_out_1,30525,0,0
F3,M1,1578,f3_out_0,1199,0,0
F3,M1,1578,f3_out_1,30525,0,0
F3,M1,1579,f3_out_0,1199,0,0
F3,M1,1579,f3_out_1,30525,0,0
F3,M1,1580,f3_out_0,1200,0,0
F3,M1,1580,f3_out_1,30526,0,0
F3,M1,1581,f3_out_0,1200,0,0
F3,M1,1581,f3_out_1,30526,0,0
F3,M1,1582,f3_out_0,1201,0,0
F3,M1,1582,f3_out_1,30526,0,0
F3,M1,1583,f3_out_0,1202,0,0
F3,M1,1583,f3_out_1,30527,0,0
F3,M1,1584,f3_out_0,1202,0,0
F3,M1,1584,f3_out_1,30527,0,0
F3,M1,1585,f3_out_0,1203,0,0
F3,M1,1585,f3_out_1,30527,0,0
F3,M1,1586,f3_out_0,1203,0,0
F3,M1,1586,f3_out_1,30528,0,0
F3,M1,1587,f3_out_0,1204,0,0
F3,M1,1587,f3_out_1,30528,0,0
F3,M1,1588,f3_out_0,1204,0,0
F3,M1,1588,f3_out_1,30528,0,0
F3,M1,1589,f3_out_0,1205,0,0
F3,M1,1589,f3_out_1,30529,0,0
F3,M1,1590,f3_out_0,1205,0,0
F3,M1,1590,f3_out_1,30529,0,0
F3,M1,1591,f3_out_0,1206,0,0
F3,M1,1591,f3_out_1,30529,0,0
F3,M1,1592,f3_out_0,1207,0,0
F3,M1,1592,f3_out_1,30530,0,0
F3,M1,1593,f3_out_0,1207,0,0
F3,M1,1593,f3_out_1,30530,0,0
F3,M1,1594,f3_out_0,1208,0,0
F3,M1,1594,f3_out_1,30530,0,0
F3,M1,1595,f3_out_0,1208,0,0
F3,M1,1595,f3_out_1,30531,0,0
F3,M1,1596,f3_out_0,1209,0,0
F3,M1,1596,f3_out_1,30531,0,0
F3,M1,1597,f3_out_0,1209,0,0
F3,M1,1597,f3_out_1,30531,0,0
F3,M1,1598,f3_out_0,1210,0,0
F3,M1,1598,f3_out_1,30532,0,0
F3,M1,1599,f3_out_0,1210,0,0
F3,M1,1599,f3_out_1,30532,0,0
F3,M1,1600,f3_out_0,1211,0,0
F3,M1,1600,f3_out_1,30532,0,0
F3,M1,1601,f3_out_0,1212,0,0
F3,M1,1601,f3_out_1,30533,0,0
F3,M1,1602,f3_out_0,1212,0,0
F3,M1,1602,f3_out_1,30533,0,0
F3,M1,1603,f3_out_0,1213,0,0
F3,M1,1603,f3_out_1,30533,0,0
F3,M1,1604,f3_out_0,1213,0,0
F3,M1,1604,f3_out_1,30534,0,0
F3,M1,1605,f3_out_0,1214,0,0
F3,M1,1605,f3_out_1,30534,0,0
F3,M1,1606,f3_out_0,1214,0,0
F3,M1,1606,f3_out_1,30534,0,0
F3,M1,1607,f3_out_0,1215,0,0
F3,M1,1607,f3_out_1,30535,0,0
F3,M1,1608,f3_out_0,1215,0,0
F3,M1,1608,f3_out_1,30535,0,0
F3,M1,1609,f3_out_0,1216,0,0
F3,M1,1609,f3_out_1,30535,0,0
F3,M1,1610,f3_out_0,1217,0,0
F3,M1,1610,f3_out_1,30536,0,0
F3,M1,1611,f3_out_0,1217,0,0
F3,M1,1611,f3_out_1,30536,0,0
F3,M1,1612,f3_out_0,1218,0,0
F3,M1,1612,f3_out_1,30536,0,0
F3,M1,1613,f3_out_0,1218,0,0
F3,M1,1613,f3_out_1,30537,0,0
F3,M1,1614,f3_out_0,1219,0,0
F3,M1,1614,f3_out_1,30537,0,0
F3,M1,1615,f3_out_0,1219,0,0
F3,M1,1615,f3_out_1,30537,0,0
F3,M1,1616,f3_out_0,1220,0,0
F3,M1,1616,f3_out_1,30538,0,0
F3,M1,1617,f3_out_0,1220,0,0
F3,M1,1617,f3_out_1,30538,0,0
F3,M1,1618,f3_out_0,1221,0,0
F3,M1,1618,f3_out_1,30538,0,0
F3,M1,1619,f3_out_0,1222,0,0
F3,M1,1619,f3_out_1,30539,0,0
F3,M1,1620,f3_out_0,1222,0,0
F3,M1,1620,f3_out_1,30539,0,0
F3,M1,1621,f3_out_0,1223,0,0
F3,M1,1621,f3_out_1,30539,0,0
F3,M1,1622,f3_out_0,1223,0,0
F3,M1,1622,f3_out_1,30540,0,0
F3,M1,1623,f3_out_0,1224,0,0
F3,M1,1623,f3_out_1,30540,0,0
F3,M1,1624,f3_out_0,1224,0,0
F3,M1,1624,f3_out_1,30540,0,0
F3,M1,1625,f3_out_0,1225,0,0
F3,M1,1625,f3_out_1,30541,0,0
F3,M1,1626,f3_out_0,1225,0,0
F3,M1,1626,f3_out_1,30541,0,0
F3,M1,1627,f3_out_0,1226,0,0
F3,M1,1627,f3_out_1,30541,0,0
F3,M1,1628,f3_out_0,1227,0,0
F3,M1,1628,f3_out_1,30542,0,0
F3,M1,1629,f3_out_0,1227,0,0
F3,M1,1629,f3_out_1,30542,0,0
F3,M1,1630,f3_out_0,1228,0,0
F3,M1,1630,f3_out_1,30542,0,0
F3,M1,1631,f3_out_0,1228,0,0
F3,M1,1631,f3_out_1,30543,0,0
F3,M1,1632,f3_out_0,1229,0,0
F3,M1,1632,f3_out_1,30543,0,0
F3,M1,1633,f3_out_0,1229,0,0
F3,M1,1633,f3_out_1,30543,0,0
F3,M1,1634,f3_out_0,1230,0,0
F3,M1,1634,f3_out_1,30544,0,0
F3,M1,1635,f3_out_0,1230,0,0
F3,M1,1635,f3_out_1,30544,0,0
F3,M1,1636,f3_out_0,1231,0,0
F3,M1,1636,f3_out_1,30544,0,0
F3,M1,1637,f3_out_0,1232,0,0
F3,M1,1637,f3_out_1,30545,0,0
F3,M1,1638,f3_out_0,1232,0,0
F3,M1,1638,f3_out_1,30545,0,0
F3,M1,1639,f3_out_0,1233,0,0
F3,M1,1639,f3_out_1,30545,0,0
F3,M1,1640,f3_out_0,1233,0,0
F3,M1,1640,f3_out_1,30546,0,0
F3,M1,1641,f3_out_0,1234,0,0
F3,M1,1641,f3_out_1,30546,0,0
F3,M1,1642,f3_out_0,1234,0,0
F3,M1,1642,f3_out_1,30546,0,0
F3,M1,1643,f3_out_0,1235,0,0
F3,M1,1643,f3_out_1,30547,0,0
F3,M1,1644,f3_out_0,1235,0,0
F3,M1,1644,f3_out_1,30547,0,0
F3,M1,1645,f3_out_0,1236,0,0
F3,M1,1645,f3_out_1,30547,0,0
F3,M1,1646,f3_out_0,1237,0,0
F3,M1,1646,f3_out_1,30548,0,0
F3,M1,1647,f3_out_0,1237,0,0
F3,M1,1647,f3_out_1,30548,0,0
F3,M1,1648,f3_out_0,1238,0,0
F3,M1,1648,f3_out_1,30548,0,0
F3,M1,1649,f3_out_0,1238,0,0
F3,M1,1649,f3_out_1,30549,0,0
F3,M1,1650,f3_out_0,1239,0,0
F3,M1,1650,f3_out_1,30549,0,0
F3,M1,1651,f3_out_0,1239,0,0
F3,M1,1651,f3_out_1,30549,0,0
F3,M1,1652,f3_out_0,1240,0,0
F3,M1,1652,f3_out_1,30550,0,0
F3,M1,1653,f3_out_0,1240,0,0
F3,M1,1653,f3_out_1,30550,0,0
F3,M1,1654,f3_out_0,1241,0,0
F3,M1,1654,f3_out_1,30550,0,0
F3,M1,1655,f3_out_0,1242,0,0
F3,M1,1655,f3_out_1,30551,0,0
F3,M1,1656,f3_out_0,1242,0,0
F3,M1,1656,f3_out_1,30551,0,0
F3,M1,1657,f3_out_0,1243,0,0
F3,M1,1657,f3_out_1,30551,0,0
F3,M1,1658,f3_out_0,1243,0,0
F3,M1,1658,f3_out_1,30552,0,0
F3,M1,1659,f3_out_0,1244,0,0
F3,M1,1659,f3_out_1,30552,0,0
F3,M1,1660,f3_out_0,1244,0,0
F3,M1,1660,f3_out_1,30552,0,0
F3,M1,1661,f3_out_0,1245,0,0
F3,M1,1661,f3_out_1,30553,0,0
F3,M1,1662,f3_out_0,1245,0,0
F3,M1,1662,f3_out_1,30553,0,0
F3,M1,1663,f3_out_0,1246,0,0
F3,M1,1663,f3_out_1,30553,0,0
F3,M1,1664,f3_out_0,1247,0,0
F3,M1,1664,f3_out_1,30554,0,0
F3,M1,1665,f3_out_0,1247,0,0
F3,M1,1665,f3_out_1,30554,0,0
F3,M1,1666,f3_out_0,1248,0,0
F3,M1,1666,f3_out_1,30554,0,0
F3,M1,1667,f3_out_0,1248,0,0
F3,M1,1667,f3_out_1,30555,0,0
F3,M1,1668,f3_out_0,1249,0,0
F3,M1,1668,f3_out_1,30555,0,0
F3,M1,1669,f3_out_0,1249,0,0
F3,M1,1669,f3_out_1,30555,0,0
F3,M1,1670,f3_out_0,1250,0,0
F3,M1,1670,f3_out_1,30556,0,0
F3,M1,1671,f3_out_0,1250,0,0
F3,M1,1671,f3_out_1,30556,0,0
F3,M1,1672,f3_out_0,1251,0,0
F3,M1,1672,f3_out_1,30556,0,0
F3,M1,1673,f3_out_0,1252,0,0
F3,M1,1673,f3_out_1,30557,0,0
F3,M1,1674,f3_out_0,1252,0,0
F3,M1,1674,f3_out_1,30557,0,0
F3,M1,1675,f3_out_0,1253,0,0
F3,M1,1675,f3_out_1,30557,0,0
F3,M1,1676,f3_out_0,1253,0,0
F3,M1,1676,f3_out_1,30558,0,0
F3,M1,1677,f3_out_0,1254,0,0
F3,M1,1677,f3_out_1,30558,0,0
F3,M1,1678,f3_out_0,1254,0,0
F3,M1,1678,f3_out_1,30558,0,0
F3,M1,1679,f3_out_0,1255,0,0
F3,M1,1679,f3_out_1,30559,0,0
F3,M1,1680,f3_out_0,1255,0,0
F3,M1,1680,f3_out_1,30559,0,0
F3,M1,1681,f3_out_0,1256,0,0
F3,M1,1681,f3_out_1,30559,0,0
F3,M1,1682,f3_out_0,1257,0,0
F3,M1,1682,f3_out_1,30560,0,0
F3,M1,1683,f3_out_0,1257,0,0
F3,M1,1683,f3_out_1,30560,0,0
F3,M1,1684,f3_out_0,1258,0,0
F3,M1,1684,f3_out_1,30560,0,0
F3,M1,1685,f3_out_0,1258,0,0
F3,M1,1685,f3_out_1,30561,0,0
F3,M1,1686,f3_out_0,1259,0,0
F3,M1,1686,f3_out_1,30561,0,0
F3,M1,1687,f3_out_0,1259,0,0
F3,M1,1687,f3_out_1,30561,0,0
F3,M1,1688,f3_out_0,1260,0,0
F3,M1,1688,f3_out_1,30562,0,0
F3,M1,1689,f3_out_0,1260,0,0
F3,M1,1689,f3_out_1,30562,0,0
F3,M1,1690,f3_out_0,1261,0,0
F3,M1,1690,f3_out_1,30562,0,0
F3,M1,1691,f3_out_0,1262,0,0
F3,M1,1691,f3_out_1,30563,0,0
F3,M1,1692,f3_out_0,1262,0,0
F3,M1,1692,f3_out_1,30563,0,0
F3,M1,1693,f3_out_0,1263,0,0
F3,M1,1693,f3_out_1,30563,0,0
F3,M1,1694,f3_out_0,1263,0,0
F3,M1,1694,f3_out_1,30564,0,0
F3,M1,1695,f3_out_0,1264,0,0
F3,M1,1695,f3_out_1,30564,0,0
F3,M1,1696,f3_out_0,1264,0,0
F3,M1,1696,f3_out_1,30564,0,0
F3,M1,1697,f3_out_0,1265,0,0
F3,M1,1697,f3_out_1,30565,0,0
F3,M1,1698,f3_out_0,1265,0,0
F3,M1,1698,f3_out_1,30565,0,0
F3,M1,1699,f3_out_0,1266,0,0
F3,M1,1699,f3_out_1,30565,0,0
F3,M1,1700,f3_out_0,1267,0,0
F3,M1,1700,f3_out_1,30566,0,0
F3,M1,1701,f3_out_0,1267,0,0
F3,M1,1701,f3_out_1,30566,0,0
F3,M1,1702,f3_out_0,1268,0,0
F3,M1,1702,f3_out_1,30566,0,0
F3,M1,1703,f3_out_0,1268,0,0
F3,M1,1703,f3_out_1,30567,0,0
F3,M1,1704,f3_out_0,1269,0,0
F3,M1,1704,f3_out_1,30567,0,0
F3,M1,1705,f3_out_0,1269,0,0
F3,M1,1705,f3_out_1,30567,0,0
F3,M1,1706,f3_out_0,1270,0,0
F3,M1,1706,f3_out_1,30568,0,0
F3,M1,1707,f3_out_0,1270,0,0
F3,M1,1707,f3_out_1,30568,0,0
F3,M1,1708,f3_out_0,1271,0,0
F3,M1,1708,f3_out_1,30568,0,0
F3,M1,1709,f3_out_0,1272,0,0
F3,M1,1709,f3_out_1,30569,0,0
F3,M1,1710,f3_out_0,1272,0,0
F3,M1,1710,f3_out_1,30569,0,0
F3,M1,1711,f3_out_0,1273,0,0
F3,M1,1711,f3_out_1,30569,0,0
F3,M1,1712,f3_out_0,1273,0,0
F3,M1,1712,f3_out_1,30570,0,0
F3,M1,1713,f3_out_0,1274,0,0
F3,M1,1713,f3_out_1,30570,0,0
F3,M1,1714,f3_out_0,1274,0,0
F3,M1,1714,f3_out_1,30570,0,0
F3,M1,1715,f3_out_0,1275,0,0
F3,M1,1715,f3_out_1,30571,0,0
F3,M1,1716,f3_out_0,1275,0,0
F3,M1,1716,f3_out_1,30571,0,0
F3,M1,1717,f3_out_0,1276,0,0
F3,M1,1717,f3_out_1,30571,0,0
F3,M1,1718,f3_out_0,1277,0,0
F3,M1,1718,f3_out_1,30572,0,0
F3,M1,1719,f3_out_0,1277,0,0
F3,M1,1719,f3_out_1,30572,0,0
F3,M1,1720,f3_out_0,1278,0,0
F3,M1,1720,f3_out_1,30572,0,0
F3,M1,1721,f3_out_0,1278,0,0
F3,M1,1721,f3_out_1,30573,0,0
F3,M1,1722,f3_out_0,1279,0,0
F3,M1,1722,f3_out_1,30573,0,0
F3,M1,1723,f3_out_0,1279,0,0
F3,M1,1723,f3_out_1,30573,0,0
F3,M1,1724,f3_out_0,1280,0,0
F3,M1,1724,f3_out_1,30574,0,0
F3,M1,1725,f3_out_0,1280,0,0
F3,M1,1725,f3_out_1,30574,0,0
F3,M1,1726,f3_out_0,1281,0,0
F3,M1,1726,f3_out_1,30574,0,0
F3,M1,1727,f3_out_0,1282,0,0
F3,M1,1727,f3_out_1,30575,0,0
F3,M1,1728,f3_out_0,1282,0,0
F3,M1,1728,f3_out_1,30575,0,0
F3,M1,1729,f3_out_0,1283,0,0
F3,M1,1729,f3_out_1,30575,0,0
F3,M1,1730,f3_out_0,1283,0,0
F3,M1,1730,f3_out_1,30576,0,0
F3,M1,1731,f3_out_0,1284,0,0
F3,M1,1731,f3_out_1,30576,0,0
F3,M1,1732,f3_out_0,1284,0,0
F3,M1,1732,f3_out_1,30576,0,0
F3,M1,1733,f3_out_0,1285,0,0
F3,M1,1733,f3_out_1,30577,0,0
F3,M1,1734,f3_out_0,1285,0,0
F3,M1,1734,f3_out_1,30577,0,0
F3,M1,1735,f3_out_0,1286,0,0
F3,M1,1735,f3_out_1,30577,0,0
F3,M1,1736,f3_out_0,1287,0,0
F3,M1,1736,f3_out_1,30578,0,0
F3,M1,1737,f3_out_0,1287,0,0
F3,M1,1737,f3_out_1,30578,0,0
F3,M1,1738,f3_out_0,1288,0,0
F3,M1,1738,f3_out_1,30578,0,0
F3,M1,1739,f3_out_0,1288,0,0
F3,M1,1739,f3_out_1,30579,0,0
F3,M1,1740,f3_out_0,1289,0,0
F3,M1,1740,f3_out_1,30579,0,0
F3,M1,1741,f3_out_0,1289,0,0
F3,M1,1741,f3_out_1,30579,0,0
F3,M1,1742,f3_out_0,1290,0,0
F3,M1,1742,f3_out_1,30580,0,0
F3,M1,1743,f3_out_0,1290,0,0
F3,M1,1743,f3_out_1,30580,0,0
F3,M1,1744,f3_out_0,1291,0,0
F3,M1,1744,f3_out_1,30580,0,0
F3,M1,1745,f3_out_0,1292,0,0
F3,M1,1745,f3_out_1,30581,0,0
F3,M1,1746,f3_out_0,1292,0,0
F3,M1,1746,f3_out_1,30581,0,0
F3,M1,1747,f3_out_0,1293,0,0
F3,M1,1747,f3_out_1,30581,0,0
F3,M1,1748,f3_out_0,1293,0,0
F3,M1,1748,f3_out_1,30582,0,0
F3,M1,1749,f3_out_0,1294,0,0
F3,M1,1749,f3_out_1,30582,0,0
F3,M1,1750,f3_out_0,1294,0,0
F3,M1,1750,f3_out_1,30582,0,0
F3,M1,1751,f3_out_0,1295,0,0
F3,M1,1751,f3_out_1,30583,0,0
F3,M1,1752,f3_out_0,1295,0,0
F3,M1,1752,f3_out_1,30583,0,0
F3,M1,1753,f3_out_0,1296,0,0
F3,M1,1753,f3_out_1,30583,0,0
F3,M1,1754,f3_out_0,1297,0,0
F3,M1,1754,f3_out_1,30584,0,0
F3,M1,1755,f3_out_0,1297,0,0
F3,M1,1755,f3_out_1,30584,0,0
F3,M1,1756,f3_out_0,1298,0,0
F3,M1,1756,f3_out_1,30584,0,0
F3,M1,1757,f3_out_0,1298,0,0
F3,M1,1757,f3_out_1,30585,0,0
F3,M1,1758,f3_out_0,1299,0,0
F3,M1,1758,f3_out_1,30585,0,0
F3,M1,1759,f3_out_0,1299,0,0
F3,M1,1759,f3_out_1,30585,0,0
F3,M1,1760,f3_out_0,1300,0,0
F3,M1,1760,f3_out_1,30586,0,0
F3,M1,1761,f3_out_0,1300,0,0
F3,M1,1761,f3_out_1,30586,0,0
F3,M1,1762,f3_out_0,1301,0,0
F3,M1,1762,f3_out_1,30586,0,0
F3,M1,1763,f3_out_0,1302,0,0
F3,M1,1763,f3_out_1,30587,0,0
F3,M1,1764,f3_out_0,1302,0,0
F3,M1,1764,f3_out_1,30587,0,0
F3,M1,1765,f3_out_0,1303,0,0
F3,M1,1765,f3_out_1,30587,0,0
F3,M1,1766,f3_out_0,1303,0,0
F3,M1,1766,f3_out_1,30588,0,0
F3,M1,1767,f3_out_0,1304,0,0
F3,M1,1767,f3_out_1,30588,0,0
F3,M1,1768,f3_out_0,1304,0,0
F3,M1,1768,f3_out_1,30588,0,0
F3,M1,1769,f3_out_0,1305,0,0
F3,M1,1769,f3_out_1,30589,0,0
F3,M1,1770,f3_out_0,1305,0,0
F3,M1,1770,f3_out_1,30589,0,0
F3,M1,1771,f3_out_0,1306,0,0
F3,M1,1771,f3_out_1,30589,0,0
F3,M1,1772,f3_out_0,1307,0,0
F3,M1,1772,f3_out_1,30590,0,0
F3,M1,1773,f3_out_0,1307,0,0
F3,M1,1773,f3_out_1,30590,0,0
F3,M1,1774,f3_out_0,1308,0,0
F3,M1,1774,f3_out_1,30590,0,0
F3,M1,1775,f3_out_0,1308,0,0
F3,M1,1775,f3_out_1,30591,0,0
F3,M1,1776,f3_out_0,1309,0,0
F3,M1,1776,f3_out_1,30591,0,0
F3,M1,1777,f3_out_0,1309,0,0
F3,M1,1777,f3_out_1,30591,0,0
F3,M1,1778,f3_out_0,1310,0,0
F3,M1,1778,f3_out_1,30592,0,0
F3,M1,1779,f3_out_0,1310,0,0
F3,M1,1779,f3_out_1,30592,0,0
F3,M1,1780,f3_out_0,1311,0,0
F3,M1,1780,f3_out_1,30592,0,0
F3,M1,1781,f3_out_0,1312,0,0
F3,M1,1781,f3_out_1,30593,0,0
F3,M1,1782,f3_out_0,1312,0,0
F3,M1,1782,f3_out_1,30593,0,0
F3,M1,1783,f3_out_0,1313,0,0
F3,M1,1783,f3_out_1,30593,0,0
F3,M1,1784,f3_out_0,1313,0,0
F3,M1,1784,f3_out_1,30594,0,0
F3,M1,1785,f3_out_0,1314,0,0
F3,M1,1785,f3_out_1,30594,0,0
F3,M1,1786,f3_out_0,1314,0,0
F3,M1,1786,f3_out_1,30594,0,0
F3,M1,1787,f3_out_0,1315,0,0
F3,M1,1787,f3_out_1,30595,0,0
F3,M1,1788,f3_out_0,1315,0,0
F3,M1,1788,f3_out_1,30595,0,0
F3,M1,1789,f3_out_0,1316,0,0
F3,M1,1789,f3_out_1,30595,0,0
F3,M1,1790,f3_out_0,1317,0,0
F3,M1,1790,f3_out_1,30596,0,0
F3,M1,1791,f3_out_0,1317,0,0
F3,M1,1791,f3_out_1,30596,0,0
F3,M1,1792,f3_out_0,1318,0,0
F3,M1,1792,f3_out_1,30596,0,0
F3,M1,1793,f3_out_0,1318,0,0
F3,M1,1793,f3_out_1,30597,0,0
F3,M1,1794,f3_out_0,1319,0,0
F3,M1,1794,f3_out_1,30597,0,0
F3,M1,1795,f3_out_0,1319,0,0
F3,M1,1795,f3_out_1,30597,0,0
F3,M1,1796,f3_out_0,1320,0,0
F3,M1,1796,f3_out_1,30598,0,0
F3,M1,1797,f3_out_0,1320,0,0
F3,M1,1797,f3_out_1,30598,0,0
F3,M1,1798,f3_out_0,1321,0,0
F3,M1,1798,f3_out_1,30598,0,0
F3,M1,1799,f3_out_0,1322,0,0
F3,M1,1799,f3_out_1,30599,0,0
F3,M1,1800,f3_out_0,1322,0,0
F3,M1,1800,f3_out_1,30599,0,0
F3,M1,1801,f3_out_0,1323,0,0
F3,M1,1801,f3_out_1,30599,0,0
F3,M1,1802,f3_out_0,1323,0,0
F3,M1,1802,f3_out_1,30600,0,0
F3,M1,1803,f3_out_0,1324,0,0
F3,M1,1803,f3_out_1,30600,0,0
F3,M1,1804,f3_out_0,1324,0,0
F3,M1,1804,f3_out_1,30600,0,0
F3,M1,1805,f3_out_0,1325,0,0
F3,M1,1805,f3_out_1,30601,0,0
F3,M1,1806,f3_out_0,1325,0,0
F3,M1,1806,f3_out_1,30601,0,0
F3,M1,1807,f3_out_0,1326,0,0
F3,M1,1807,f3_out_1,30601,0,0
F3,M1,1808,f3_out_0,1327,0,0
F3,M1,1808,f3_out_1,30602,0,0
F3,M1,1809,f3_out_0,1327,0,0
F3,M1,1809,f3_out_1,30602,0,0
F3,M1,1810,f3_out_0,1328,0,0
F3,M1,1810,f3_out_1,30602,0,0
F3,M1,1811,f3_out_0,1328,0,0
F3,M1,1811,f3_out_1,30603,0,0
F3,M1,1812,f3_out_0,1329,0,0
F3,M1,1812,f3_out_1,30603,0,0
F3,M1,1813,f3_out_0,1329,0,0
F3,M1,1813,f3_out_1,30603,0,0
F3,M1,1814,f3_out_0,1330,0,0
F3,M1,1814,f3_out_1,30604,0,0
F3,M1,1815,f3_out_0,1330,0,0
F3,M1,1815,f3_out_1,30604,0,0
F3,M1,1816,f3_out_0,1331,0,0
F3,M1,1816,f3_out_1,30604,0,0
F3,M1,1817,f3_out_0,1332,0,0
F3,M1,1817,f3_out_1,30605,0,0
F3,M1,1818,f3_out_0,1332,0,0
F3,M1,1818,f3_out_1,30605,0,0
F3,M1,1819,f3_out_0,1333,0,0
F3,M1,1819,f3_out_1,30605,0,0
F3,M1,1820,f3_out_0,1333,0,0
F3,M1,1820,f3_out_1,30606,0,0
F3,M1,1821,f3_out_0,1334,0,0
F3,M1,1821,f3_out_1,30606,0,0
F3,M1,1822,f3_out_0,1334,0,0
F3,M1,1822,f3_out_1,30606,0,0
F3,M1,1823,f3_out_0,1335,0,0
F3,M1,1823,f3_out_1,30607,0,0
F3,M1,1824,f3_out_0,1335,0,0
F3,M1,1824,f3_out_1,30607,0,0
F3,M1,1825,f3_out_0,1336,0,0
F3,M1,1825,f3_out_1,30607,0,0
F3,M1,1826,f3_out_0,1337,0,0
F3,M1,1826,f3_out_1,30608,0,0
F3,M1,1827,f3_out_0,1337,0,0
F3,M1,1827,f3_out_1,30608,0,0
F3,M1,1828,f3_out_0,1338,0,0
F3,M1,1828,f3_out_1,30608,0,0
F3,M1,1829,f3_out_0,1338,0,0
F3,M1,1829,f3_out_1,30609,0,0
F3,M1,1830,f3_out_0,1339,0,0
F3,M1,1830,f3_out_1,30609,0,0
F3,M1,1831,f3_out_0,1339,0,0
F3,M1,1831,f3_out_1,30609,0,0
F3,M1,1832,f3_out_0,1340,0,0
F3,M1,1832,f3_out_1,30610,0,0
F3,M1,1833,f3_out_0,1340,0,0
F3,M1,1833,f3_out_1,30610,0,0
F3,M1,1834,f3_out_0,1341,0,0
F3,M1,1834,f3_out_1,30610,0,0
F3,M1,1835,f3_out_0,1342,0,0
F3,M1,1835,f3_out_1,30611,0,0
F3,M1,1836,f3_out_0,1342,0,0
F3,M1,1836,f3_out_1,30611,0,0
F3,M1,1837,f3_out_0,1343,0,0
F3,M1,1837,f3_out_1,30611,0,0
F3,M1,1838,f3_out_0,1343,0,0
F3,M1,1838,f3_out_1,30612,0,0
F3,M1,1839,f3_out_0,1344,0,0
F3,M1,1839,f3_out_1,30612,0,0
F3,M1,1840,f3_out_0,1344,0,0
F3,M1,1840,f3_out_1,30612,0,0
F3,M1,1841,f3_out_0,1345,0,0
F3,M1,1841,f3_out_1,30613,0,0
F3,M1,1842,f3_out_0,1345,0,0
F3,M1,1842,f3_out_1,30613,0,0
F3,M1,1843,f3_out_0,1346,0,0
F3,M1,1843,f3_out_1,30613,0,0
F3,M1,1844,f3_out_0,1347,0,0
F3,M1,1844,f3_out_1,30614,0,0
F3,M1,1845,f3_out_0,1347,0,0
F3,M1,1845,f3_out_1,30614,0,0
F3,M1,1846,f3_out_0,1348,0,0
F3,M1,1846,f3_out_1,30614,0,0
F3,M1,1847,f3_out_0,1348,0,0
F3,M1,1847,f3_out_1,30615,0,0
F3,M1,1848,f3_out_0,1349,0,0
F3,M1,1848,f3_out_1,30615,0,0
F3,M1,1849,f3_out_0,1349,0,0
F3,M1,1849,f3_out_1,30615,0,0
F3,M1,1850,f3_out_0,1350,0,0
F3,M1,1850,f3_out_1,30616,0,0
F3,M1,1851,f3_out_0,1350,0,0
F3,M1,1851,f3_out_1,30616,0,0
F3,M1,1852,f3_out_0,1351,0,0
F3,M1,1852,f3_out_1,30616,0,0
F3,M1,1853,f3_out_0,1352,0,0
F3,M1,1853,f3_out_1,30617,0,0
F3,M1,1854,f3_out_0,1352,0,0
F3,M1,1854,f3_out_1,30617,0,0
F3,M1,1855,f3_out_0,1353,0,0
F3,M1,1855,f3_out_1,30617,0,0
F3,M1,1856,f3_out_0,1353,0,0
F3,M1,1856,f3_out_1,30618,0,0
F3,M1,1857,f3_out_0,1354,0,0
F3,M1,1857,f3_out_1,30618,0,0
F3,M1,1858,f3_out_0,1354,0,0
F3,M1,1858,f3_out_1,30618,0,0
F3,M1,1859,f3_out_0,1355,0,0
F3,M1,1859,f3_out_1,30619,0,0
F3,M1,1860,f3_out_0,1355,0,0
F3,M1,1860,f3_out_1,30619,0,0
F3,M1,1861,f3_out_0,1356,0,0
F3,M1,1861,f3_out_1,30619,0,0
F3,M1,1862,f3_out_0,1357,0,0
F3,M1,1862,f3_out_1,30620,0,0
F3,M1,1863,f3_out_0,1357,0,0
F3,M1,1863,f3_out_1,30620,0,0
F3,M1,1864,f3_out_0,1358,0,0
F3,M1,1864,f3_out_1,30620,0,0
F3,M1,1865,f3_out_0,1358,0,0
F3,M1,1865,f3_out_1,30621,0,0
F3,M1,1866,f3_out_0,1359,0,0
F3,M1,1866,f3_out_1,30621,0,0
F3,M1,1867,f3_out_0,1359,0,0
F3,M1,1867,f3_out_1,30621,0,0
F3,M1,1868,f3_out_0,1360,0,0
F3,M1,1868,f3_out_1,30622,0,0
F3,M1,1869,f3_out_0,1360,0,0
F3,M1,1869,f3_out_1,30622,0,0
F3,M1,1870,f3_out_0,1361,0,0
F3,M1,1870,f3_out_1,30622,0,0
F3,M1,1871,f3_out_0,1362,0,0
F3,M1,1871,f3_out_1,30623,0,0
F3,M1,1872,f3_out_0,1362,0,0
F3,M1,1872,f3_out_1,30623,0,0
F3,M1,1873,f3_out_0,1363,0,0
F3,M1,1873,f3_out_1,30623,0,0
F3,M1,1874,f3_out_0,1363,0,0
F3,M1,1874,f3_out_1,30624,0,0
F3,M1,1875,f3_out_0,1364,0,0
F3,M1,1875,f3_out_1,30624,0,0
F3,M1,1876,f3_out_0,1364,0,0
F3,M1,1876,f3_out_1,30624,0,0
F3,M1,1877,f3_out_0,1365,0,0
F3,M1,1877,f3_out_1,30625,0,0
F3,M1,1878,f3_out_0,1365,0,0
F3,M1,1878,f3_out_1,30625,0,0
F3,M1,1879,f3_out_0,1366,0,0
F3,M1,1879,f3_out_1,30625,0,0
F3,M1,1880,f3_out_0,1367,0,0
F3,M1,1880,f3_out_1,30626,0,0
F3,M1,1881,f3_out_0,1367,0,0
F3,M1,1881,f3_out_1,30626,0,0
F3,M1,1882,f3_out_0,1368,0,0
F3,M1,1882,f3_out_1,30626,0,0
F3,M1,1883,f3_out_0,1368,0,0
F3,M1,1883,f3_out_1,30627,0,0
F3,M1,1884,f3_out_0,1369,0,0
F3,M1,1884,f3_out_1,30627,0,0
F3,M1,1885,f3_out_0,1369,0,0
F3,M1,1885,f3_out_1,30627,0,0
F3,M1,1886,f3_out_0,1370,0,0
F3,M1,1886,f3_out_1,30628,0,0
F3,M1,1887,f3_out_0,1370,0,0
F3,M1,1887,f3_out_1,30628,0,0
F3,M1,1888,f3_out_0,1371,0,0
F3,M1,1888,f3_out_1,30628,0,0
F3,M1,1889,f3_out_0,1372,0,0
F3,M1,1889,f3_out_1,30629,0,0
F3,M1,1890,f3_out_0,1372,0,0
F3,M1,1890,f3_out_1,30629,0,0
F3,M1,1891,f3_out_0,1373,0,0
F3,M1,1891,f3_out_1,30629,0,0
F3,M1,1892,f3_out_0,1373,0,0
F3,M1,1892,f3_out_1,30630,0,0
F3,M1,1893,f3_out_0,1374,0,0
F3,M1,1893,f3_out_1,30630,0,0
F3,M1,1894,f3_out_0,1374,0,0
F3,M1,1894,f3_out_1,30630,0,0
F3,M1,1895,f3_out_0,1375,0,0
F3,M1,1895,f3_out_1,30631,0,0
F3,M1,1896,f3_out_0,1375,0,0
F3,M1,1896,f3_out_1,30631,0,0
F3,M1,1897,f3_out_0,1376,0,0
F3,M1,1897,f3_out_1,30631,0,0
F3,M1,1898,f3_out_0,1377,0,0
F3,M1,1898,f3_out_1,30632,0,0
F3,M1,1899,f3_out_0,1377,0,0
F3,M1,1899,f3_out_1,30632,0,0
F3,M1,1900,f3_out_0,1378,0,0
F3,M1,1900,f3_out_1,30632,0,0
F3,M1,1901,f3_out_0,1378,0,0
F3,M1,1901,f3_out_1,30633,0,0
F3,M1,1902,f3_out_0,1379,0,0
F3,M1,1902,f3_out_1,30633,0,0
F3,M1,1903,f3_out_0,1379,0,0
F3,M1,1903,f3_out_1,30633,0,0
F3,M1,1904,f3_out_0,1380,0,0
F3,M1,1904,f3_out_1,30634,0,0
F3,M1,1905,f3_out_0,1380,0,0
F3,M1,1905,f3_out_1,30634,0,0
F3,M1,1906,f3_out_0,1381,0,0
F3,M1,1906,f3_out_1,30634,0,0
F3,M1,1907,f3_out_0,1382,0,0
F3,M1,1907,f3_out_1,30635,0,0
F3,M1,1908,f3_out_0,1382,0,0
F3,M1,1908,f3_out_1,30635,0,0
F3,M1,1909,f3_out_0,1383,0,0
F3,M1,1909,f3_out_1,30635,0,0
F3,M1,1910,f3_out_0,1383,0,0
F3,M1,1910,f3_out_1,30636,0,0
F3,M1,1911,f3_out_0,1384,0,0
F3,M1,1911,f3_out_1,30636,0,0
F3,M1,1912,f3_out_0,1384,0,0
F3,M1,1912,f3_out_1,30636,0,0
F3,M1,1913,f3_out_0,1385,0,0
F3,M1,1913,f3_out_1,30637,0,0
F3,M1,1914,f3_out_0,1385,0,0
F3,M1,1914,f3_out_1,30637,0,0
F3,M1,1915,f3_out_0,1386,0,0
F3,M1,1915,f3_out_1,30637,0,0
F3,M1,1916,f3_out_0,1387,0,0
F3,M1,1916,f3_out_1,30638,0,0
F3,M1,1917,f3_out_0,1387,0,0
F3,M1,1917,f3_out_1,30638,0,0
F3,M1,1918,f3_out_0,1388,0,0
F3,M1,1918,f3_out_1,30638,0,0
F3,M1,1919,f3_out_0,1388,0,0
F3,M1,1919,f3_out_1,30639,0,0
F3,M1,1920,f3_out_0,1389,0,0
F3,M1,1920,f3_out_1,30639,0,0
F3,M1,1921,f3_out_0,1389,0,0
F3,M1,1921,f3_out_1,30639,0,0
F3,M1,1922,f3_out_0,1390,0,0
F3,M1,1922,f3_out_1,30640,0,0
F3,M1,1923,f3_out_0,1390,0,0
F3,M1,1923,f3_out_1,30640,0,0
F3,M1,1924,f3_out_0,1391,0,0
F3,M1,1924,f3_out_1,30640,0,0
F3,M1,1925,f3_out_0,1392,0,0
F3,M1,1925,f3_out_1,30641,0,0
F3,M1,1926,f3_out_0,1392,0,0
F3,M1,1926,f3_out_1,30641,0,0
F3,M1,1927,f3_out_0,1393,0,0
F3,M1,1927,f3_out_1,30641,0,0
F3,M1,1928,f3_out_0,1393,0,0
F3,M1,1928,f3_out_1,30642,0,0
F3,M1,1929,f3_out_0,1394,0,0
F3,M1,1929,f3_out_1,30642,0,0
F3,M1,1930,f3_out_0,1394,0,0
F3,M1,1930,f3_out_1,30642,0,0
F3,M1,1931,f3_out_0,1395,0,0
F3,M1,1931,f3_out_1,30643,0,0
F3,M1,1932,f3_out_0,1395,0,0
F3,M1,1932,f3_out_1,30643,0,0
F3,M1,1933,f3_out_0,1396,0,0
F3,M1,1933,f3_out_1,30643,0,0
F3,M1,1934,f3_out_0,1397,0,0
F3,M1,1934,f3_out_1,30644,0,0
F3,M1,1935,f3_out_0,1397,0,0
F3,M1,1935,f3_out_1,30644,0,0
F3,M1,1936,f3_out_0,1398,0,0
F3,M1,1936,f3_out_1,30644,0,0
F3,M1,1937,f3_out_0,1398,0,0
F3,M1,1937,f3_out_1,30645,0,0
F3,M1,1938,f3_out_0,1399,0,0
F3,M1,1938,f3_out_1,30645,0,0
F3,M1,1939,f3_out_0,1399,0,0
F3,M1,1939,f3_out_1,30645,0,0
F3,M1,1940,f3_out_0,1400,0,0
F3,M1,1940,f3_out_1,30646,0,0
F3,M1,1941,f3_out_0,1400,0,0
F3,M1,1941,f3_out_1,30646,0,0
F3,M1,1942,f3_out_0,1401,0,0
F3,M1,1942,f3_out_1,30646,0,0
F3,M1,1943,f3_out_0,1402,0,0
F3,M1,1943,f3_out_1,30647,0,0
F3,M1,1944,f3_out_0,1402,0,0
F3,M1,1944,f3_out_1,30647,0,0
F3,M1,1945,f3_out_0,1403,0,0
F3,M1,1945,f3_out_1,30647,0,0
F3,M1,1946,f3_out_0,1403,0,0
F3,M1,1946,f3_out_1,30648,0,0
F3,M1,1947,f3_out_0,1404,0,0
F3,M1,1947,f3_out_1,30648,0,0
F3,M1,1948,f3_out_0,1404,0,0
F3,M1,1948,f3_out_1,30648,0,0
F3,M1,1949,f3_out_0,1405,0,0
F3,M1,1949,f3_out_1,30649,0,0
F3,M1,1950,f3_out_0,1405,0,0
F3,M1,1950,f3_out_1,30649,0,0
F3,M1,1951,f3_out_0,1406,0,0
F3,M1,1951,f3_out_1,30649,0,0
F3,M1,1952,f3_out_0,1407,0,0
F3,M1,1952,f3_out_1,30650,0,0
F3,M1,1953,f3_out_0,1407,0,0
F3,M1,1953,f3_out_1,30650,0,0
F3,M1,1954,f3_out_0,1408,0,0
F3,M1,1954,f3_out_1,30650,0,0
F3,M1,1955,f3_out_0,1408,0,0
F3,M1,1955,f3_out_1,30651,0,0
F3,M1,1956,f3_out_0,1409,0,0
F3,M1,1956,f3_out_1,30651,0,0
F3,M1,1957,f3_out_0,1409,0,0
F3,M1,1957,f3_out_1,30651,0,0
F3,M1,1958,f3_out_0,1410,0,0
F3,M1,1958,f3_out_1,30652,0,0
F3,M1,1959,f3_out_0,1410,0,0
F3,M1,1959,f3_out_1,30652,0,0
F3,M1,1960,f3_out_0,1411,0,0
F3,M1,1960,f3_out_1,30652,0,0
F3,M1,1961,f3_out_0,1412,0,0
F3,M1,1961,f3_out_1,30653,0,0
F3,M1,1962,f3_out_0,1412,0,0
F3,M1,1962,f3_out_1,30653,0,0
F3,M1,1963,f3_out_0,1413,0,0
F3,M1,1963,f3_out_1,30653,0,0
F3,M1,1964,f3_out_0,1413,0,0
F3,M1,1964,f3_out_1,30654,0,0
F3,M1,1965,f3_out_0,1414,0,0
F3,M1,1965,f3_out_1,30654,0,0
F3,M1,1966,f3_out_0,1414,0,0
F3,M1,1966,f3_out_1,30654,0,0
F3,M1,1967,f3_out_0,1415,0,0
F3,M1,1967,f3_out_1,30655,0,0
F3,M1,1968,f3_out_0,1415,0,0
F3,M1,1968,f3_out_1,30655,0,0
F3,M1,1969,f3_out_0,1416,0,0
F3,M1,1969,f3_out_1,30655,0,0
F3,M1,1970,f3_out_0,1417,0,0
F3,M1,1970,f3_out_1,30656,0,0
F3,M1,1971,f3_out_0,1417,0,0
F3,M1,1971,f3_out_1,30656,0,0
F3,M1,1972,f3_out_0,1418,0,0
F3,M1,1972,f3_out_1,30656,0,0
F3,M1,1973,f3_out_0,1418,0,0
F3,M1,1973,f3_out_1,30657,0,0
F3,M1,1974,f3_out_0,1419,0,0
F3,M1,1974,f3_out_1,30657,0,0
F3,M1,1975,f3_out_0,1419,0,0
F3,M1,1975,f3_out_1,30657,0,0
F3,M1,1976,f3_out_0,1420,0,0
F3,M1,1976,f3_out_1,30658,0,0
F3,M1,1977,f3_out_0,1420,0,0
F3,M1,1977,f3_out_1,30658,0,0
F3,M1,1978,f3_out_0,1421,0,0
F3,M1,1978,f3_out_1,30658,0,0
F3,M1,1979,f3_out_0,1422,0,0
F3,M1,1979,f3_out_1,30659,0,0
F3,M1,1980,f3_out_0,1422,0,0
F3,M1,1980,f3_out_1,30659,0,0
F3,M1,1981,f3_out_0,1423,0,0
F3,M1,1981,f3_out_1,30659,0,0
F3,M1,1982,f3_out_0,1423,0,0
F3,M1,1982,f3_out_1,30660,0,0
F3,M1,1983,f3_out_0,1424,0,0
F3,M1,1983,f3_out_1,30660,0,0
F3,M1,1984,f3_out_0,1424,0,0
F3,M1,1984,f3_out_1,30660,0,0
F3,M1,1985,f3_out_0,1425,0,0
F3,M1,1985,f3_out_1,30661,0,0
F3,M1,1986,f3_out_0,1425,0,0
F3,M1,1986,f3_out_1,30661,0,0
F3,M1,1987,f3_out_0,1426,0,0
F3,M1,1987,f3_out_1,30661,0,0
F3,M1,1988,f3_out_0,1427,0,0
F3,M1,1988,f3_out_1,30662,0,0
F3,M1,1989,f3_out_0,1427,0,0
F3,M1,1989,f3_out_1,30662,0,0
F3,M1,1990,f3_out_0,1428,0,0
F3,M1,1990,f3_out_1,30662,0,0
F3,M1,1991,f3_out_0,1428,0,0
F3,M1,1991,f3_out_1,30663,0,0
F3,M1,1992,f3_out_0,1429,0,0
F3,M1,1992,f3_out_1,30663,0,0
F3,M1,1993,f3_out_0,1429,0,0
F3,M1,1993,f3_out_1,30663,0,0
F3,M1,1994,f3_out_0,1430,0,0
F3,M1,1994,f3_out_1,30664,0,0
F3,M1,1995,f3_out_0,1430,0,0
F3,M1,1995,f3_out_1,30664,0,0
F3,M1,1996,f3_out_0,1431,0,0
F3,M1,1996,f3_out_1,30664,0,0
F3,M1,1997,f3_out_0,1432,0,0
F3,M1,1997,f3_out_1,30665,0,0
F3,M1,1998,f3_out_0,1432,0,0
F3,M1,1998,f3_out_1,30665,0,0
F3,M1,1999,f3_out_0,1433,0,0
F3,M1,1999,f3_out_1,30665,0,0
F3,M1,2000,f3_out_0,1433,0,0
F3,M1,2000,f3_out_1,30666,0,0
F3,M1,2001,f3_out_0,1434,0,0
F3,M1,2001,f3_out_1,30666,0,0
F3,M1,2002,f3_out_0,1434,0,0
F3,M1,2002,f3_out_1,30666,0,0
F3,M1,2003,f3_out_0,1435,0,0
F3,M1,2003,f3_out_1,30667,0,0
F3,M1,2004,f3_out_0,1435,0,0
F3,M1,2004,f3_out_1,30667,0,0
F3,M1,2005,f3_out_0,1436,0,0
F3,M1,2005,f3_out_1,30667,0,0
F3,M1,2006,f3_out_0,1437,0,0
F3,M1,2006,f3_out_1,30668,0,0
F3,M1,2007,f3_out_0,1437,0,0
F3,M1,2007,f3_out_1,30668,0,0
F3,M1,2008,f3_out_0,1438,0,0
F3,M1,2008,f3_out_1,30668,0,0
F3,M1,2009,f3_out_0,1438,0,0
F3,M1,2009,f3_out_1,30669,0,0
F3,M1,2010,f3_out_0,1439,0,0
F3,M1,2010,f3_out_1,30669,0,0
F3,M1,2011,f3_out_0,1439,0,0
F3,M1,2011,f3_out_1,30669,0,0
F3,M1,2012,f3_out_0,1440,0,0
F3,M1,2012,f3_out_1,30670,0,0
F3,M1,2013,f3_out_0,1440,0,0
F3,M1,2013,f3_out_1,30670,0,0
F3,M1,2014,f3_out_0,1441,0,0
F3,M1,2014,f3_out_1,30670,0,0
F3,M1,2015,f3_out_0,1442,0,0
F3,M1,2015,f3_out_1,30671,0,0
F3,M1,2016,f3_out_0,1442,0,0
F3,M1,2016,f3_out_1,30671,0,0
F3,M1,2017,f3_out_0,1443,0,0
F3,M1,2017,f3_out_1,30671,0,0
F3,M1,2018,f3_out_0,1443,0,0
F3,M1,2018,f3_out_1,30672,0,0
F3,M1,2019,f3_out_0,1444,0,0
F3,M1,2019,f3_out_1,30672,0,0
F3,M1,2020,f3_out_0,1444,0,0
F3,M1,2020,f3_out_1,30672,0,0
F3,M1,2021,f3_out_0,1445,0,0
F3,M1,2021,f3_out_1,30673,0,0
F3,M1,2022,f3_out_0,1445,0,0
F3,M1,2022,f3_out_1,30673,0,0
F3,M1,2023,f3_out_0,1446,0,0
F3,M1,2023,f3_out_1,30673,0,0
F3,M1,2024,f3_out_0,1447,0,0
F3,M1,2024,f3_out_1,30674,0,0
F3,M1,2025,f3_out_0,1447,0,0
F3,M1,2025,f3_out_1,30674,0,0
F3,M1,2026,f3_out_0,1448,0,0
F3,M1,2026,f3_out_1,30674,0,0
F3,M1,2027,f3_out_0,1448,0,0
F3,M1,2027,f3_out_1,30675,0,0
F3,M1,2028,f3_out_0,1449,0,0
F3,M1,2028,f3_out_1,30675,0,0
F3,M1,2029,f3_out_0,1449,0,0
F3,M1,2029,f3_out_1,30675,0,0
F3,M1,2030,f3_out_0,1450,0,0
F3,M1,2030,f3_out_1,30676,0,0
F3,M1,2031,f3_out_0,1450,0,0
F3,M1,2031,f3_out_1,30676,0,0
F3,M1,2032,f3_out_0,1451,0,0
F3,M1,2032,f3_out_1,30676,0,0
F3,M1,2033,f3_out_0,1452,0,0
F3,M1,2033,f3_out_1,30677,0,0
F3,M1,2034,f3_out_0,1452,0,0
F3,M1,2034,f3_out_1,30677,0,0
F3,M1,2035,f3_out_0,1453,0,0
F3,M1,2035,f3_out_1,30677,0,0
F3,M1,2036,f3_out_0,1453,0,0
F3,M1,2036,f3_out_1,30678,0,0
F3,M1,2037,f3_out_0,1454,0,0
F3,M1,2037,f3_out_1,30678,0,0
F3,M1,2038,f3_out_0,1454,0,0
F3,M1,2038,f3_out_1,30678,0,0
F3,M1,2039,f3_out_0,1455,0,0
F3,M1,2039,f3_out_1,30679,0,0
F3,M1,2040,f3_out_0,1455,0,0
F3,M1,2040,f3_out_1,30679,0,0
F3,M1,2041,f3_out_0,1456,0,0
F3,M1,2041,f3_out_1,30679,0,0
F3,M1,2042,f3_out_0,1457,0,0
F3,M1,2042,f3_out_1,30680,0,0
F3,M1,2043,f3_out_0,1457,0,0
F3,M1,2043,f3_out_1,30680,0,0
F3,M1,2044,f3_out_0,1458,0,0
F3,M1,2044,f3_out_1,30680,0,0
F3,M1,2045,f3_out_0,1458,0,0
F3,M1,2045,f3_out_1,30681,0,0
F3,M1,2046,f3_out_0,1459,0,0
F3,M1,2046,f3_out_1,30681,0,0
F3,M1,2047,f3_out_0,1459,0,0
F3,M1,2047,f3_out_1,30681,0,0
F3,M1,2048,f3_out_0,1460,0,0
F3,M1,2048,f3_out_1,30682,0,0
F3,M1,2049,f3_out_0,1460,0,0
F3,M1,2049,f3_out_1,30682,0,0
F3,M1,2050,f3_out_0,1461,0,0
F3,M1,2050,f3_out_1,30682,0,0
F3,M1,2051,f3_out_0,1462,0,0
F3,M1,2051,f3_out_1,30683,0,0
F3,M1,2052,f3_out_0,1462,0,0
F3,M1,2052,f3_out_1,30683,0,0
F3,M1,2053,f3_out_0,1463,0,0
F3,M1,2053,f3_out_1,30683,0,0
F3,M1,2054,f3_out_0,1463,0,0
F3,M1,2054,f3_out_1,30684,0,0
F3,M1,2055,f3_out_0,1464,0,0
F3,M1,2055,f3_out_1,30684,0,0
F3,M1,2056,f3_out_0,1464,0,0
F3,M1,2056,f3_out_1,30684,0,0
F3,M1,2057,f3_out_0,1465,0,0
F3,M1,2057,f3_out_1,30685,0,0
F3,M1,2058,f3_out_0,1465,0,0
F3,M1,2058,f3_out_1,30685,0,0
F3,M1,2059,f3_out_0,1466,0,0
F3,M1,2059,f3_out_1,30685,0,0
F3,M1,2060,f3_out_0,1467,0,0
F3,M1,2060,f3_out_1,30686,0,0
F3,M1,2061,f3_out_0,1467,0,0
F3,M1,2061,f3_out_1,30686,0,0
F3,M1,2062,f3_out_0,1468,0,0
F3,M1,2062,f3_out_1,30686,0,0
F3,M1,2063,f3_out_0,1468,0,0
F3,M1,2063,f3_out_1,30687,0,0
F3,M1,2064,f3_out_0,1469,0,0
F3,M1,2064,f3_out_1,30687,0,0
F3,M1,2065,f3_out_0,1469,0,0
F3,M1,2065,f3_out_1,30687,0,0
F3,M1,2066,f3_out_0,1470,0,0
F3,M1,2066,f3_out_1,30688,0,0
F3,M1,2067,f3_out_0,1470,0,0
F3,M1,2067,f3_out_1,30688,0,0
F3,M1,2068,f3_out_0,1471,0,0
F3,M1,2068,f3_out_1,30688,0,0
F3,M1,2069,f3_out_0,1472,0,0
F3,M1,2069,f3_out_1,30689,0,0
F3,M1,2070,f3_out_0,1472,0,0
F3,M1,2070,f3_out_1,30689,0,0
