path	bytes	sha256
build/build-FIXED.log	176	9a0d540997d76da8b7eed2f2a59f00706da466df4b82e65c5a12d92fd08560ae
build/build-HISTORICAL.log	176	9a0d540997d76da8b7eed2f2a59f00706da466df4b82e65c5a12d92fd08560ae
build/build-info-FIXED.txt	151	6d4ca343b77adbfa314d490f38b31b61c0d9ae6fb4a761cb715b7f79cf2eb66b
build/build-info-HISTORICAL.txt	151	6d4ca343b77adbfa314d490f38b31b61c0d9ae6fb4a761cb715b7f79cf2eb66b
build/build-info-diff.txt	0	e3b0c44298fc1c149afbf4c8996fb92427ae41e4649b934ca495991b7852b855
build/clone.log	0	e3b0c44298fc1c149afbf4c8996fb92427ae41e4649b934ca495991b7852b855
build/cmake-FIXED.log	2805	4fdf5ad584f16201b9bb8194964fa9045578f0a4d084502ec627fa1d66d61517
build/cmake-HISTORICAL.log	3051	fad8e220556df4aaf4e88fdb9cdc8d6f4bdf1781542ae42ff3afc806fde609a2
build/conan-install.log	5954	d5db6fc8e679a2e7412e3e61a0e64cc87a8e685d5c333df9c217b798adbc84e1
corpus/FIXED/examples/issue-multiple-read-form-one-file-d14bfa701a3f.stderr	169	92ae3968b4fedb932cc52dc25e6971588cfa4e0c95974ae3c3cd0fe48e8386a6
corpus/FIXED/examples/issue-multiple-read-form-one-file-d14bfa701a3f.stdout	521	7c47e26f50afe57135e902dadb2538408c7846b5be03c8838cdc5370f0d32c80
corpus/FIXED/examples/qplan1-06be5aa7ed3b.stderr	165	a360481665ccdf492e613627f8ed608d369e3b95ded424d21ff0c907b667c150
corpus/FIXED/examples/qplan1-06be5aa7ed3b.stdout	175	da6cbeae535a7a0cffd7349dcf0320e3b5604c195f7d54aeafa77adb53133066
corpus/FIXED/examples/qplan2-5904df20b106.stderr	165	b4294804e6807226dd23099e2160749772d15f75d87e1775e62acf96eef65e5e
corpus/FIXED/examples/qplan2-5904df20b106.stdout	151	bd44e4b1ce719cbcacc427ab2ce6c3839562173485d71cfe31e09e50f4081439
corpus/FIXED/examples/qplan3-08a414587829.stderr	165	3efe9aca65514f0c587f4ba3794c4bc343233cb1039df2d91a001c6fddc5d718
corpus/FIXED/examples/qplan3-08a414587829.stdout	249	76f9ded8c6b4832b7c6034dca2c442f7b65e8b8398f2a81689724c6023601789
corpus/FIXED/examples/query-242bc1e0912e.stderr	165	8eb36edb8a76c02bb2de39b7f9a2e4906c7c1141e4e9ab67b17e1664ee5f1323
corpus/FIXED/examples/query-242bc1e0912e.stdout	686	ff480c283cc442175a94ea7a89286f68f202699e7f4ba5fefdbb4414bac1fb4e
corpus/FIXED/examples/query-360a977e18e2.stderr	165	a16179334cc4f9fd2bebe1869e88913eeb75f32d9ba693d6c6255ee707cd9812
corpus/FIXED/examples/query-360a977e18e2.stdout	99	e21357978697916bdf5885ee76419dbb14127ee51517feb05d7e955ebcfde31d
corpus/FIXED/examples/query-466132f4127d.stderr	169	eda2ad2afd2ad10b7bba31b9bae25d9a27dfb970d74ad1cdc5fc77626ab1810f
corpus/FIXED/examples/query-466132f4127d.stdout	513	49085538dd1693b5f5dec829ce006f43ed10c5286f9f3ac966b68e3b51cd6809
corpus/FIXED/examples/query-4cc1c311c161.stderr	165	84df59964422894a806082299212ba0423f1effeccb52a3a19cc28164823a051
corpus/FIXED/examples/query-4cc1c311c161.stdout	178	02a3450259a6c95e46fa5e64e7a67cf050a642e809d441edd93252dd1b9992e2
corpus/FIXED/examples/query-a120e1dbde89.stderr	165	a821fe7a4de935c3b2c97be2cc2e58c6e20a1a14d6fbe33e78ca5d865260a14f
corpus/FIXED/examples/query-a120e1dbde89.stdout	329	2280ea8ee22e5370d1397533220128c7c7423982997aa1c40dcf820affc278fe
corpus/FIXED/examples/query-dfac9982b06b.stderr	165	59a0d4d11b6f3b58b3ffe041910ea73203f43782c482cf85af01045ffd8a1abb
corpus/FIXED/examples/query-dfac9982b06b.stdout	264	f29240c8399cf533953be77da6ec45e6d84391c35073d4bb6aea0eb4c4fe3ff1
corpus/FIXED/examples/query-mwnd-1f8d056fd13e.stderr	138	f93f0261ede9dfd8f0827f8a6201e7f449584822e5120e38b7c22931498ee573
corpus/FIXED/examples/query-mwnd-1f8d056fd13e.stdout	0	e3b0c44298fc1c149afbf4c8996fb92427ae41e4649b934ca495991b7852b855
corpus/FIXED/examples/query-mwnd2-6623e236d0f3.stderr	96	05ae6b545e291fa1b0f07ec751ef940a580477e98c27b12a9de0ba7c47b21994
corpus/FIXED/examples/query-mwnd2-6623e236d0f3.stdout	0	e3b0c44298fc1c149afbf4c8996fb92427ae41e4649b934ca495991b7852b855
corpus/FIXED/examples/query-mwnd3-3b533bad3dcc.stderr	165	3efe9aca65514f0c587f4ba3794c4bc343233cb1039df2d91a001c6fddc5d718
corpus/FIXED/examples/query-mwnd3-3b533bad3dcc.stdout	264	3de66ddd54917b8ee01067f20453f248a269f5ae2a56f1fd19f2b5752b7784c5
corpus/FIXED/examples/query-mwnd4-a896ec0e2ed7.stderr	165	069e6e4483ee8bc802be68961b2caeee80cc92dbd90c82e083ceffeccf72269b
corpus/FIXED/examples/query-mwnd4-a896ec0e2ed7.stdout	144	c0140b3fc346740d636926281cda9218319d25473fc3f8b7358c6e45b0157565
corpus/FIXED/examples/query2-57fce34708c7.stderr	165	8457ad10c46c70b1d9338962bc8f9d1d8ca8677f3442f492eaaba43e83327753
corpus/FIXED/examples/query2-57fce34708c7.stdout	330	2f874152104c8b0aa6c8661467e1f66e17cac2ea80e171e3a672cedfbd99b263
corpus/FIXED/examples/query3-4fcd05af4bb7.stderr	165	169b7246fded4383d7aa965398185eb6954c41381b5bd831d6a6f90bda85b88a
corpus/FIXED/examples/query3-4fcd05af4bb7.stdout	290	21a1069674f06d83e426409ff0924030673262ae51a7e3c901a241801194ab4c
corpus/FIXED/examples/query4-c36e21420f62.stderr	165	f52d2ef0ba50ea7f2e92bfa56c72fa80f0383800f550241b2cec7968b717c4c4
corpus/FIXED/examples/query4-c36e21420f62.stdout	500	b1afce3b90af7ec81a5f9ed413f7667753073fb40cf4ce64acd81bdc3f907b97
corpus/FIXED/examples/query5-1ae900c3ee37.stderr	169	8d3ce4e274bfd6f5f3b46234a7dc2ed74641954fb887ed67db35afe9f87eca14
corpus/FIXED/examples/query5-1ae900c3ee37.stdout	673	fc2902d0e3b744ce15a4c0e13224ef4753afc70b88ce58c8bb00c8a579e39cb5
corpus/FIXED/examples/query6-66755c8de424.stderr	165	b4294804e6807226dd23099e2160749772d15f75d87e1775e62acf96eef65e5e
corpus/FIXED/examples/query6-66755c8de424.stdout	183	3dc12d4593a6e836968c24113f80b8af35a383aab32e545ecb07e75ea5a7c4e6
corpus/FIXED/examples/query7-9521c39693bb.stderr	165	b4294804e6807226dd23099e2160749772d15f75d87e1775e62acf96eef65e5e
corpus/FIXED/examples/query7-9521c39693bb.stdout	324	3783d9ee2824879b5e7bd2fb5617079ccc87b34c035d1a6f6b0650d680b927e3
corpus/FIXED/examples/query8-ce21e84ea3b0.stderr	165	27b59dff45cb86ee90de42100d38e7de5d284464fea3e7e299ae5b5f93d60f0f
corpus/FIXED/examples/query8-ce21e84ea3b0.stdout	278	6d7a6524ae6b33f62490f3de543c9dc795ea5e50609df5fd1c8e5ce67bd8aa80
corpus/FIXED/examples/query9-54fb66f34a98.stderr	168	34c0a06bdcaf31527666259eb284662aa3af43df97b311b395aa406a0d80f1b0
corpus/FIXED/examples/query9-54fb66f34a98.stdout	794	8bfa23a65eaa454d8f2c3d558cce9fd958258c307edb09384635595f9493325c
corpus/FIXED/examples/rec205-detect-037c9334cece.stderr	180	c57636211f215a40329968ff4299639155af70a2f8b2bacc972c1cf85ed522cb
corpus/FIXED/examples/rec205-detect-037c9334cece.stdout	14403	3c8f8ea26fd67baaa7e78e3c1b2335bf723772293922d5332bb124b7e62ac621
corpus/FIXED/examples/rec205-qrs-0ba8f12e257a.stderr	180	91791739e6506b80de2429ad6bb0459bdb9c0c7372ec0d4b47b59572580b23c0
corpus/FIXED/examples/rec205-qrs-0ba8f12e257a.stdout	13970	206ce1d61e2cf4d9e383c16338c5918bbccdfaba8e00ef703f15fb2cb68aafed
corpus/FIXED/examples/rec205-replay-486a31ddf395.stderr	165	71d57441ffb3c4f4cb3b07933a3909206834af1d435602fef37b30eb706cfd92
corpus/FIXED/examples/rec205-replay-486a31ddf395.stdout	166	7f9b20a89d7bd1e8b5afbc1d8eceeaecede4100831565b99b316291b59cb1315
corpus/FIXED/integration_parallel/brokenQuery-205d480dc7e4.stderr	82	6cf321aa082f0d2cd76f708199a5675f49f1e1451086e1eb2289306777e41fd3
corpus/FIXED/integration_parallel/brokenQuery-205d480dc7e4.stdout	0	e3b0c44298fc1c149afbf4c8996fb92427ae41e4649b934ca495991b7852b855
corpus/FIXED/integration_parallel/matched-a3718e8843ab.stderr	165	25ac9ccfc764a5c657269e76aafc5f58811511cc90ccb6dbc467d13a2bde5950
corpus/FIXED/integration_parallel/matched-a3718e8843ab.stdout	318	91248f658bcbc517e239bfc2ae731d17f81c05003f2ffb08a0f5be0dc1bd52d6
corpus/FIXED/integration_parallel/q-31.a-29cc12993635.stderr	165	59a0d4d11b6f3b58b3ffe041910ea73203f43782c482cf85af01045ffd8a1abb
corpus/FIXED/integration_parallel/q-31.a-29cc12993635.stdout	264	5bd21c1a7310663a8f31ec039f49e8fbea203c6c3251c0deb7ee132aa02488c9
corpus/FIXED/integration_parallel/q-31.b-99b6099c2966.stderr	165	12d85cf9044b946f9fb939d5f9ec76057468676e421b004d2e6bac56ee918bf0
corpus/FIXED/integration_parallel/q-31.b-99b6099c2966.stdout	381	a61aab3c759baa3b2c8a1e604c63656092a59a827d9ffaf0c68b7f452e173b5f
corpus/FIXED/integration_parallel/q-31.c-0e965e5f7d53.stderr	165	f085f6fb415484a10464cbdfcdb7f90e032e61a3dc5cb120de42c6ce094d770b
corpus/FIXED/integration_parallel/q-31.c-0e965e5f7d53.stdout	335	a4d010b80e5fe90a9af80dc7822f3cd5b99c4fe4694a80fdf9118109fc672936
corpus/FIXED/integration_parallel/q-31.d-ee014246faaa.stderr	165	12d85cf9044b946f9fb939d5f9ec76057468676e421b004d2e6bac56ee918bf0
corpus/FIXED/integration_parallel/q-31.d-ee014246faaa.stdout	158	69c6a19a6d78359de1ad280addfa5539961b7e7582d51768e77c73b48fbc6525
corpus/FIXED/integration_parallel/query-495bb932cc5b.stderr	169	da471d93c40d7d39226a21d28f6d439d8edc94bc502c5022916c97ab56e7524e
corpus/FIXED/integration_parallel/query-495bb932cc5b.stdout	476	0d77a67407d200f4c469964b14fc325ecafa75da799f87123b4fd38f06facdc2
corpus/FIXED/integration_parallel/query-7e92a22185fb.stderr	169	8b4638f98803bb52be0e570f930b823939b78b90905cfbc56b033bda73a8c9ef
corpus/FIXED/integration_parallel/query-7e92a22185fb.stdout	589	501b0c6819243ceaa155d4b2842022d5cda6d52105a672802c3ae94b40b5f87d
corpus/FIXED/integration_parallel/query-b2d734d5c1ff.stderr	168	e68423b08de56c7acc60a9fb3a5bc90045dd079a4d237dbbac2260271dfa5422
corpus/FIXED/integration_parallel/query-b2d734d5c1ff.stdout	861	e5dec026f2158aeac3aabb1e26590e3920f648ca07fe43f04002dd6f13595e22
corpus/FIXED/integration_parallel/query-crc-0f1a91df5de4.stderr	169	b20671d7d16a8dd92f3a315257d496f79c8022453751c93bf4b7a4a1aba4f374
corpus/FIXED/integration_parallel/query-crc-0f1a91df5de4.stdout	384	a0c345d376bf61dfaa67d004193a71e9edbec18beffaef672711d35b201abb43
corpus/FIXED/integration_parallel/query-d17e7a006181.stderr	169	7cbddbb4ac5cca9744ef432512bde18d96390febfc33108ac38bdde4fd315cfb
corpus/FIXED/integration_parallel/query-d17e7a006181.stdout	410	0d9795fcc2cb823b262899ba6ea6995278cab381bf1ee34005a6dfa4e37ff753
corpus/FIXED/integration_parallel/query-e1befb99d367.stderr	174	dbcb950cb3527b13ccc6431655097556ac67ebed5c678507fc4aa4282897a8b9
corpus/FIXED/integration_parallel/query-e1befb99d367.stdout	3467	fb35bd51206ccb40c012da8f4f8e22b2e2dcf0b61a96642144b6272ea9c50235
corpus/FIXED/integration_parallel/query-ee99d33465e3.stderr	168	c90b789e5de957ec7a443d4f0f9e722cb65e3bde29ae0e7ecb006b083e614ff0
corpus/FIXED/integration_parallel/query-ee99d33465e3.stdout	594	9e01bdd5e760b87d8e4a0d935f17427591d3ecddd0f336e223a31e907da40c97
corpus/FIXED/integration_parallel/query-unfold-3c2662e1f8df.stderr	165	7e70f65b76a4d23ee5b283dd5853743c96d7318893acaac181eff85b256a7c4f
corpus/FIXED/integration_parallel/query-unfold-3c2662e1f8df.stdout	316	f15ef89844caba0a5efdcddad987bd75515cb80b853a1712d2f1ad5dcdaf8cfc
corpus/FIXED/integration_parallel/queryNoSubstrat-9b3410e4bd2c.stderr	165	f9a507c52ffe7f325dc7759db983e3afba47c6dd2088e3971a050ff935081f78
corpus/FIXED/integration_parallel/queryNoSubstrat-9b3410e4bd2c.stdout	238	2668bd5ff06768350b0f0c6b2b749fcff8c663f9fdc3233839196ec1c6bd71f8
corpus/FIXED/integration_parallel/queryWithSubstrats-898e08f25f23.stderr	165	3316c1c71419d3aacaefdc70ee7530df97e078d8003b86fa59e13db5df8e6156
corpus/FIXED/integration_parallel/queryWithSubstrats-898e08f25f23.stdout	289	677022b1f44c0f7928eb58099f15eaea562f1d664d0d9402fa5cec202514e87a
corpus/FIXED/integration_parallel/unmatched-e9c5c8dbc141.stderr	165	146f1f4d63c9e7c92c7e14dfe5edff9520375c9b9595765bb0006718b32ee16a
corpus/FIXED/integration_parallel/unmatched-e9c5c8dbc141.stdout	460	e8e891a95e8475e2a078aba5569454c2a4037b4b3b6bf60a992e9373fe4b75c0
corpus/FIXED/integration_parallel/zero-8463a597955b.stderr	165	9b62cbf7d6d050b2a4d13da6a992a89894c80370e1f91192a70239206dd1a06c
corpus/FIXED/integration_parallel/zero-8463a597955b.stdout	290	2b2bbf33ddb63f43a1c94f4b63a4ea0e74f6f049cf729f06278d64bb746b1d56
corpus/FIXED/integration_serial/query-050fd78b877f.stderr	165	5e9f5d52f8cb7fe728bb8ca6efa2c1a38b2cfa6e4374083f304bb502f669bad9
corpus/FIXED/integration_serial/query-050fd78b877f.stdout	134	bcbd03a703fe51998a010c9ac914791e4846c0d4eac6c28a8748fb83f2b9f918
corpus/FIXED/integration_serial/query-09903eb041e8.stderr	180	d5c84e77471b765d1ca8d7455392ae13a52a0b6c62af29b72b3e443e13844d13
corpus/FIXED/integration_serial/query-09903eb041e8.stdout	5184	650fe4990572d93afdb2183eddf7dd325d35deb641a71592b3bf88398dd42aeb
corpus/FIXED/integration_serial/query-0fc393d0163b.stderr	165	efa2339ec36c47ead7d4366b3de812d74d7d4c5c5d9c89639e47f511e1da4a5d
corpus/FIXED/integration_serial/query-0fc393d0163b.stdout	315	e120279f10652a9090be2503bf800e42e76fcb11db3ee00781d83bf171c0962c
corpus/FIXED/integration_serial/query-11c10ba7898d.stderr	165	b4294804e6807226dd23099e2160749772d15f75d87e1775e62acf96eef65e5e
corpus/FIXED/integration_serial/query-11c10ba7898d.stdout	185	1acfbb37d9382d8688b8de870ff5c082e7895995619d4be7db5d7e10143bff07
corpus/FIXED/integration_serial/query-1c8182427c4b.stderr	168	0c81130448f184c786a346c29c4c68fccc756efea72ffcfff46be279da9dedd1
corpus/FIXED/integration_serial/query-1c8182427c4b.stdout	655	082df6eafc8bc440aa1c44f4e1ba5e9e330398744880fd23fef25ce9d3a2712e
corpus/FIXED/integration_serial/query-1e2a8774ed79.stderr	165	a16179334cc4f9fd2bebe1869e88913eeb75f32d9ba693d6c6255ee707cd9812
corpus/FIXED/integration_serial/query-1e2a8774ed79.stdout	109	c6bc611840716c3c070922ee9baedf3ff7d80290f628cf72dfc90b978d512d5d
corpus/FIXED/integration_serial/query-20c777905373.stderr	165	96465742910abe80507647f5d63de0fbd354f4ef00e5366b6b362d3713329bed
corpus/FIXED/integration_serial/query-20c777905373.stdout	449	08f52612810ecbd45142059f5308f1001d084ab64b1a6fa81e892da28b2dfccd
corpus/FIXED/integration_serial/query-2778648a06d1.stderr	169	4788d44606dfd9a65f860ccb5d57709b998172eda9ec2c4efd5f86c1cc7f39c0
corpus/FIXED/integration_serial/query-2778648a06d1.stdout	730	a566b7961ac11e8a2bde704c159004832695ffca8f803b02fd6be2213de3f172
corpus/FIXED/integration_serial/query-277bd4ea402b.stderr	172	55995a7c6fad85768c20de99471c09c99e1c362203700f461ddb53326d54b13e
corpus/FIXED/integration_serial/query-277bd4ea402b.stdout	1053	75f688c9c0f9f8e4abaeb15b71576d20113593f92172a53e71b06a864f163dec
corpus/FIXED/integration_serial/query-37146a2efd2f.stderr	165	9a64afb0ae9a96af9ee14e44f849253b26459cfbeb0da2509e9764c6159e3ca4
corpus/FIXED/integration_serial/query-37146a2efd2f.stdout	185	72a152c10e9f69b60421c7cfc589f3cd4bbdee8b2100d4bba548a108d7079a56
corpus/FIXED/integration_serial/query-42-860662cadc4a.stderr	165	a16179334cc4f9fd2bebe1869e88913eeb75f32d9ba693d6c6255ee707cd9812
corpus/FIXED/integration_serial/query-42-860662cadc4a.stdout	436	4ffb857784bdb2cd1f8b03c8a6c1c3db048b4db4f00543a655c607f74ba0c76e
corpus/FIXED/integration_serial/query-51-99a5142e6b97.stderr	169	a8a9788e2963fd413aadd07558f047ac91907ea9f36fe45421e9fdb2455b2e41
corpus/FIXED/integration_serial/query-51-99a5142e6b97.stdout	582	b6315b36799829756a14cc67b0ca891458e2ab8c6485ff47f7ee56cbbe2b4951
corpus/FIXED/integration_serial/query-581c2a88d5a6.stderr	165	71d57441ffb3c4f4cb3b07933a3909206834af1d435602fef37b30eb706cfd92
corpus/FIXED/integration_serial/query-581c2a88d5a6.stdout	184	d611b913284706bf103bb959457d67832f2ffd3caab6caf25f8104bbdacc1dbd
corpus/FIXED/integration_serial/query-5af864a6a137.stderr	165	dc5ace5da2d989e9e3db7efc8240144a86a87d8ea1244972ba00c3ddca62892e
corpus/FIXED/integration_serial/query-5af864a6a137.stdout	191	808a8d3b8d8b28464337e2a4402a3817016b751f99463255a123b5935abf8f1e
corpus/FIXED/integration_serial/query-6-934a44b62db3.stderr	165	a16179334cc4f9fd2bebe1869e88913eeb75f32d9ba693d6c6255ee707cd9812
corpus/FIXED/integration_serial/query-6-934a44b62db3.stdout	121	ac22f73bec26150a28f46a3f017ac7045324b0ceb2e000fc0babd7ed927efb19
corpus/FIXED/integration_serial/query-61-5c7aada46cac.stderr	169	a8a9788e2963fd413aadd07558f047ac91907ea9f36fe45421e9fdb2455b2e41
corpus/FIXED/integration_serial/query-61-5c7aada46cac.stdout	599	8d26530c4b1bd8eae728a21f9b031c5eddba5c6bba1ff2b0d4d4ef588411c18a
corpus/FIXED/integration_serial/query-651f53b50610.stderr	168	25d4447348a13f07347bcc67a6d87eca2b339e3653cb6c13aa6c4154c518cf04
corpus/FIXED/integration_serial/query-651f53b50610.stdout	617	c7eda377e7f10423153ffc5a355096e7c433006cb482b6140642b18266cfbcc5
corpus/FIXED/integration_serial/query-66ad6a810f54.stderr	165	a16179334cc4f9fd2bebe1869e88913eeb75f32d9ba693d6c6255ee707cd9812
corpus/FIXED/integration_serial/query-66ad6a810f54.stdout	139	a5f4b566c3e88bb483a528eda7d0d88f189fdfc62025242344be94c2649f1024
corpus/FIXED/integration_serial/query-6b3a967e746b.stderr	165	9b26da634b77f1c3f047572ac83bd626fb57c40c4f4618574f349e0d044b7002
corpus/FIXED/integration_serial/query-6b3a967e746b.stdout	376	50bf4545ed024edc5c34412acf389d5e9b906b8873e6cca717390d8e6c374a32
corpus/FIXED/integration_serial/query-72070efcf976.stderr	165	71d57441ffb3c4f4cb3b07933a3909206834af1d435602fef37b30eb706cfd92
corpus/FIXED/integration_serial/query-72070efcf976.stdout	184	d611b913284706bf103bb959457d67832f2ffd3caab6caf25f8104bbdacc1dbd
corpus/FIXED/integration_serial/query-85b3409ebdc5.stderr	169	e17f741ad95286282b7395fbb678da04a750411fa95615272513da4f8d60467a
corpus/FIXED/integration_serial/query-85b3409ebdc5.stdout	569	aa6891da523b5bec820e24b2b493d972fda2c72c845d229fc8583167f4180d51
corpus/FIXED/integration_serial/query-96055a4bff2c.stderr	165	71d57441ffb3c4f4cb3b07933a3909206834af1d435602fef37b30eb706cfd92
corpus/FIXED/integration_serial/query-96055a4bff2c.stdout	184	d611b913284706bf103bb959457d67832f2ffd3caab6caf25f8104bbdacc1dbd
corpus/FIXED/integration_serial/query-a7d5a63ee359.stderr	173	047a1ae67d2506d09245e40e1ed7143ef853bedad40e728ea07ce207cf179d3f
corpus/FIXED/integration_serial/query-a7d5a63ee359.stdout	1333	a8922051e5a6b2a660b8f1cf9c1fcc5f0e2b9db32cc89822fb92a0b1a3d683c8
corpus/FIXED/integration_serial/query-ae9806edb277.stderr	172	04fd72833c0858972f3dd400eea4ecc271aa0c8791e93c18c2abe6edcbfe9df2
corpus/FIXED/integration_serial/query-ae9806edb277.stdout	848	791831e7a8c2336f1c3d45136c7fb9e5105adc1984f95fdd8e0ea0110f6961cf
corpus/FIXED/integration_serial/query-all-df9f47942de2.stderr	172	cc3039be154cb2a0c4dc0a93f9cdbec868b7d3ba1f5ca74888c713c54a08cb7d
corpus/FIXED/integration_serial/query-all-df9f47942de2.stdout	868	000322739877c86e14a42bff01e1b641117120bb6218524bad584a5984186e86
corpus/FIXED/integration_serial/query-b913d6b8b914.stderr	165	87cc962ecc83d2719edb166662a0de972cb03ffed35032a4b893d1c3064be7d5
corpus/FIXED/integration_serial/query-b913d6b8b914.stdout	309	ef508dff89ee2b1b216805bea0f2379f2eca7060ebc8dd34d270286211d9d868
corpus/FIXED/integration_serial/query-bb77747b15d8.stderr	165	71d57441ffb3c4f4cb3b07933a3909206834af1d435602fef37b30eb706cfd92
corpus/FIXED/integration_serial/query-bb77747b15d8.stdout	155	79e93c7808eff1453b4f7f62e13561540d0c7e9aafe8f9bfc7002a54eefd2282
corpus/FIXED/integration_serial/query-cafa7c98a042.stderr	165	71d57441ffb3c4f4cb3b07933a3909206834af1d435602fef37b30eb706cfd92
corpus/FIXED/integration_serial/query-cafa7c98a042.stdout	184	d611b913284706bf103bb959457d67832f2ffd3caab6caf25f8104bbdacc1dbd
corpus/FIXED/integration_serial/query-consitency-6d2aaa0b2886.stderr	165	73987fb276e0de87d9ce470d3258c0dbdce8955c12703a57138a528a53978512
corpus/FIXED/integration_serial/query-consitency-6d2aaa0b2886.stdout	358	da33fdc7deba47789d4bd0cf0f5f48b17d9d72e75e279ba2e3aaad7a238957ec
corpus/FIXED/integration_serial/query-d20701ffb771.stderr	168	8ba24b8581f1e4091b082ae793a91d0b4435ec51803d761f9a3fb2b125a3f42b
corpus/FIXED/integration_serial/query-d20701ffb771.stdout	630	805618f7d52ce7b49f03e0b54a94df8aacb9a208417d29d58680c28fd8172bbd
corpus/FIXED/integration_serial/query-d3cb576fc75a.stderr	144	0a184d05ea37714ddc2ec908296f0f1b3c123675d137c41f1880ec631661f5e5
corpus/FIXED/integration_serial/query-d3cb576fc75a.stdout	0	e3b0c44298fc1c149afbf4c8996fb92427ae41e4649b934ca495991b7852b855
corpus/FIXED/integration_serial/query-d6c25d9ae113.stderr	177	c516f6dfd6d37ef0184274f2db38ed99ecae5b3ceeab89d9365e69e049a7fac0
corpus/FIXED/integration_serial/query-d6c25d9ae113.stdout	3008	84cb17b3f387b3079947e6ac34172ed456a18814f32b5f708a30963c692a467a
corpus/FIXED/integration_serial/query-d9e0655ecebe.stderr	165	573491c60f5ab3ac8b6be55c160e05efaa2fe0789690c084afc5742e752428a0
corpus/FIXED/integration_serial/query-d9e0655ecebe.stdout	247	ee962bb260264b1dd25b69256c154ca5c82ef45831f21b6affd5d932b2f778c8
corpus/FIXED/integration_serial/query-e125a85615c3.stderr	165	ab2cf3365cb2ac4ec8a9f244bbcb1ffa97fd3976035b69ea33b4fb56a9b0919e
corpus/FIXED/integration_serial/query-e125a85615c3.stdout	565	a103813a3b317a92c25b2d3446a5270ab2a8d505969dfd3ffeb19def4555e9cb
corpus/FIXED/integration_serial/query-ea23f1ef7ff8.stderr	169	9adb0dc8e8fe1eab502e790e8dc533832f120872237d10efd4f3c98bfad23f27
corpus/FIXED/integration_serial/query-ea23f1ef7ff8.stdout	373	c359ac55ae277d5235762e94855616944ab013f351c66d1c66b1bc1d455629f3
corpus/FIXED/integration_serial/query-fc4c24da7e31.stderr	173	cfca0799be3fec440693071ae9761b756b654b9de3cc2bf55919d6867da7d76e
corpus/FIXED/integration_serial/query-fc4c24da7e31.stdout	1781	90e556257589108c84a70b5bbb09af5c1217c7121c22aa7dd2e5cd32308be42b
corpus/FIXED/integration_serial/query-lnx-daf062943bc8.stderr	173	92202b172409a9b42c5439d7aae9a541492a6cd66ac40ad571335822c9dc5ff2
corpus/FIXED/integration_serial/query-lnx-daf062943bc8.stdout	871	cf838a68480585d15283360f0b9f74703b45c33effbcf1449e04a77b8695d140
corpus/FIXED/integration_serial/ut_example-5508ace1874c.stderr	65	cdf0b0046550c6d7a696d65b9f2fb393ff93c14782ffcf42c31a9f11196e1319
corpus/FIXED/integration_serial/ut_example-5508ace1874c.stdout	0	e3b0c44298fc1c149afbf4c8996fb92427ae41e4649b934ca495991b7852b855
corpus/HISTORICAL/examples/issue-multiple-read-form-one-file-d14bfa701a3f.stderr	169	92ae3968b4fedb932cc52dc25e6971588cfa4e0c95974ae3c3cd0fe48e8386a6
corpus/HISTORICAL/examples/issue-multiple-read-form-one-file-d14bfa701a3f.stdout	521	7c47e26f50afe57135e902dadb2538408c7846b5be03c8838cdc5370f0d32c80
corpus/HISTORICAL/examples/qplan1-06be5aa7ed3b.stderr	165	a360481665ccdf492e613627f8ed608d369e3b95ded424d21ff0c907b667c150
corpus/HISTORICAL/examples/qplan1-06be5aa7ed3b.stdout	175	da6cbeae535a7a0cffd7349dcf0320e3b5604c195f7d54aeafa77adb53133066
corpus/HISTORICAL/examples/qplan2-5904df20b106.stderr	165	b4294804e6807226dd23099e2160749772d15f75d87e1775e62acf96eef65e5e
corpus/HISTORICAL/examples/qplan2-5904df20b106.stdout	151	bd44e4b1ce719cbcacc427ab2ce6c3839562173485d71cfe31e09e50f4081439
corpus/HISTORICAL/examples/qplan3-08a414587829.stderr	165	3efe9aca65514f0c587f4ba3794c4bc343233cb1039df2d91a001c6fddc5d718
corpus/HISTORICAL/examples/qplan3-08a414587829.stdout	249	76f9ded8c6b4832b7c6034dca2c442f7b65e8b8398f2a81689724c6023601789
corpus/HISTORICAL/examples/query-242bc1e0912e.stderr	165	8eb36edb8a76c02bb2de39b7f9a2e4906c7c1141e4e9ab67b17e1664ee5f1323
corpus/HISTORICAL/examples/query-242bc1e0912e.stdout	686	ff480c283cc442175a94ea7a89286f68f202699e7f4ba5fefdbb4414bac1fb4e
corpus/HISTORICAL/examples/query-360a977e18e2.stderr	165	a16179334cc4f9fd2bebe1869e88913eeb75f32d9ba693d6c6255ee707cd9812
corpus/HISTORICAL/examples/query-360a977e18e2.stdout	99	e21357978697916bdf5885ee76419dbb14127ee51517feb05d7e955ebcfde31d
corpus/HISTORICAL/examples/query-466132f4127d.stderr	169	eda2ad2afd2ad10b7bba31b9bae25d9a27dfb970d74ad1cdc5fc77626ab1810f
corpus/HISTORICAL/examples/query-466132f4127d.stdout	513	49085538dd1693b5f5dec829ce006f43ed10c5286f9f3ac966b68e3b51cd6809
corpus/HISTORICAL/examples/query-4cc1c311c161.stderr	165	84df59964422894a806082299212ba0423f1effeccb52a3a19cc28164823a051
corpus/HISTORICAL/examples/query-4cc1c311c161.stdout	178	02a3450259a6c95e46fa5e64e7a67cf050a642e809d441edd93252dd1b9992e2
corpus/HISTORICAL/examples/query-a120e1dbde89.stderr	165	a821fe7a4de935c3b2c97be2cc2e58c6e20a1a14d6fbe33e78ca5d865260a14f
corpus/HISTORICAL/examples/query-a120e1dbde89.stdout	329	2280ea8ee22e5370d1397533220128c7c7423982997aa1c40dcf820affc278fe
corpus/HISTORICAL/examples/query-dfac9982b06b.stderr	165	59a0d4d11b6f3b58b3ffe041910ea73203f43782c482cf85af01045ffd8a1abb
corpus/HISTORICAL/examples/query-dfac9982b06b.stdout	264	f29240c8399cf533953be77da6ec45e6d84391c35073d4bb6aea0eb4c4fe3ff1
corpus/HISTORICAL/examples/query-mwnd-1f8d056fd13e.stderr	138	4cae39b04a16d526d742865f4fa98e7c1945b70ec697d92ddcc85245dd84d604
corpus/HISTORICAL/examples/query-mwnd-1f8d056fd13e.stdout	0	e3b0c44298fc1c149afbf4c8996fb92427ae41e4649b934ca495991b7852b855
corpus/HISTORICAL/examples/query-mwnd2-6623e236d0f3.stderr	96	69f6f0f0831226c3803e9e54b99e437bfccaa7d6cb57c0acca0323af0f26e183
corpus/HISTORICAL/examples/query-mwnd2-6623e236d0f3.stdout	0	e3b0c44298fc1c149afbf4c8996fb92427ae41e4649b934ca495991b7852b855
corpus/HISTORICAL/examples/query-mwnd3-3b533bad3dcc.stderr	165	3efe9aca65514f0c587f4ba3794c4bc343233cb1039df2d91a001c6fddc5d718
corpus/HISTORICAL/examples/query-mwnd3-3b533bad3dcc.stdout	264	3de66ddd54917b8ee01067f20453f248a269f5ae2a56f1fd19f2b5752b7784c5
corpus/HISTORICAL/examples/query-mwnd4-a896ec0e2ed7.stderr	165	069e6e4483ee8bc802be68961b2caeee80cc92dbd90c82e083ceffeccf72269b
corpus/HISTORICAL/examples/query-mwnd4-a896ec0e2ed7.stdout	144	c0140b3fc346740d636926281cda9218319d25473fc3f8b7358c6e45b0157565
corpus/HISTORICAL/examples/query2-57fce34708c7.stderr	165	8457ad10c46c70b1d9338962bc8f9d1d8ca8677f3442f492eaaba43e83327753
corpus/HISTORICAL/examples/query2-57fce34708c7.stdout	330	2f874152104c8b0aa6c8661467e1f66e17cac2ea80e171e3a672cedfbd99b263
corpus/HISTORICAL/examples/query3-4fcd05af4bb7.stderr	165	169b7246fded4383d7aa965398185eb6954c41381b5bd831d6a6f90bda85b88a
corpus/HISTORICAL/examples/query3-4fcd05af4bb7.stdout	290	21a1069674f06d83e426409ff0924030673262ae51a7e3c901a241801194ab4c
corpus/HISTORICAL/examples/query4-c36e21420f62.stderr	165	f52d2ef0ba50ea7f2e92bfa56c72fa80f0383800f550241b2cec7968b717c4c4
corpus/HISTORICAL/examples/query4-c36e21420f62.stdout	500	b1afce3b90af7ec81a5f9ed413f7667753073fb40cf4ce64acd81bdc3f907b97
corpus/HISTORICAL/examples/query5-1ae900c3ee37.stderr	169	8d3ce4e274bfd6f5f3b46234a7dc2ed74641954fb887ed67db35afe9f87eca14
corpus/HISTORICAL/examples/query5-1ae900c3ee37.stdout	673	fc2902d0e3b744ce15a4c0e13224ef4753afc70b88ce58c8bb00c8a579e39cb5
corpus/HISTORICAL/examples/query6-66755c8de424.stderr	165	b4294804e6807226dd23099e2160749772d15f75d87e1775e62acf96eef65e5e
corpus/HISTORICAL/examples/query6-66755c8de424.stdout	183	3dc12d4593a6e836968c24113f80b8af35a383aab32e545ecb07e75ea5a7c4e6
corpus/HISTORICAL/examples/query7-9521c39693bb.stderr	165	b4294804e6807226dd23099e2160749772d15f75d87e1775e62acf96eef65e5e
corpus/HISTORICAL/examples/query7-9521c39693bb.stdout	324	3783d9ee2824879b5e7bd2fb5617079ccc87b34c035d1a6f6b0650d680b927e3
corpus/HISTORICAL/examples/query8-ce21e84ea3b0.stderr	165	27b59dff45cb86ee90de42100d38e7de5d284464fea3e7e299ae5b5f93d60f0f
corpus/HISTORICAL/examples/query8-ce21e84ea3b0.stdout	278	6d7a6524ae6b33f62490f3de543c9dc795ea5e50609df5fd1c8e5ce67bd8aa80
corpus/HISTORICAL/examples/query9-54fb66f34a98.stderr	168	34c0a06bdcaf31527666259eb284662aa3af43df97b311b395aa406a0d80f1b0
corpus/HISTORICAL/examples/query9-54fb66f34a98.stdout	794	8bfa23a65eaa454d8f2c3d558cce9fd958258c307edb09384635595f9493325c
corpus/HISTORICAL/examples/rec205-detect-037c9334cece.stderr	180	c57636211f215a40329968ff4299639155af70a2f8b2bacc972c1cf85ed522cb
corpus/HISTORICAL/examples/rec205-detect-037c9334cece.stdout	14403	3c8f8ea26fd67baaa7e78e3c1b2335bf723772293922d5332bb124b7e62ac621
corpus/HISTORICAL/examples/rec205-qrs-0ba8f12e257a.stderr	180	91791739e6506b80de2429ad6bb0459bdb9c0c7372ec0d4b47b59572580b23c0
corpus/HISTORICAL/examples/rec205-qrs-0ba8f12e257a.stdout	13970	206ce1d61e2cf4d9e383c16338c5918bbccdfaba8e00ef703f15fb2cb68aafed
corpus/HISTORICAL/examples/rec205-replay-486a31ddf395.stderr	165	71d57441ffb3c4f4cb3b07933a3909206834af1d435602fef37b30eb706cfd92
corpus/HISTORICAL/examples/rec205-replay-486a31ddf395.stdout	166	7f9b20a89d7bd1e8b5afbc1d8eceeaecede4100831565b99b316291b59cb1315
corpus/HISTORICAL/integration_parallel/brokenQuery-205d480dc7e4.stderr	82	6cf321aa082f0d2cd76f708199a5675f49f1e1451086e1eb2289306777e41fd3
corpus/HISTORICAL/integration_parallel/brokenQuery-205d480dc7e4.stdout	0	e3b0c44298fc1c149afbf4c8996fb92427ae41e4649b934ca495991b7852b855
corpus/HISTORICAL/integration_parallel/matched-a3718e8843ab.stderr	165	25ac9ccfc764a5c657269e76aafc5f58811511cc90ccb6dbc467d13a2bde5950
corpus/HISTORICAL/integration_parallel/matched-a3718e8843ab.stdout	318	91248f658bcbc517e239bfc2ae731d17f81c05003f2ffb08a0f5be0dc1bd52d6
corpus/HISTORICAL/integration_parallel/q-31.a-29cc12993635.stderr	165	59a0d4d11b6f3b58b3ffe041910ea73203f43782c482cf85af01045ffd8a1abb
corpus/HISTORICAL/integration_parallel/q-31.a-29cc12993635.stdout	264	5bd21c1a7310663a8f31ec039f49e8fbea203c6c3251c0deb7ee132aa02488c9
corpus/HISTORICAL/integration_parallel/q-31.b-99b6099c2966.stderr	165	12d85cf9044b946f9fb939d5f9ec76057468676e421b004d2e6bac56ee918bf0
corpus/HISTORICAL/integration_parallel/q-31.b-99b6099c2966.stdout	381	a61aab3c759baa3b2c8a1e604c63656092a59a827d9ffaf0c68b7f452e173b5f
corpus/HISTORICAL/integration_parallel/q-31.c-0e965e5f7d53.stderr	165	f085f6fb415484a10464cbdfcdb7f90e032e61a3dc5cb120de42c6ce094d770b
corpus/HISTORICAL/integration_parallel/q-31.c-0e965e5f7d53.stdout	335	a4d010b80e5fe90a9af80dc7822f3cd5b99c4fe4694a80fdf9118109fc672936
corpus/HISTORICAL/integration_parallel/q-31.d-ee014246faaa.stderr	165	12d85cf9044b946f9fb939d5f9ec76057468676e421b004d2e6bac56ee918bf0
corpus/HISTORICAL/integration_parallel/q-31.d-ee014246faaa.stdout	158	69c6a19a6d78359de1ad280addfa5539961b7e7582d51768e77c73b48fbc6525
corpus/HISTORICAL/integration_parallel/query-495bb932cc5b.stderr	169	da471d93c40d7d39226a21d28f6d439d8edc94bc502c5022916c97ab56e7524e
corpus/HISTORICAL/integration_parallel/query-495bb932cc5b.stdout	476	0d77a67407d200f4c469964b14fc325ecafa75da799f87123b4fd38f06facdc2
corpus/HISTORICAL/integration_parallel/query-7e92a22185fb.stderr	169	8b4638f98803bb52be0e570f930b823939b78b90905cfbc56b033bda73a8c9ef
corpus/HISTORICAL/integration_parallel/query-7e92a22185fb.stdout	589	501b0c6819243ceaa155d4b2842022d5cda6d52105a672802c3ae94b40b5f87d
corpus/HISTORICAL/integration_parallel/query-b2d734d5c1ff.stderr	168	e68423b08de56c7acc60a9fb3a5bc90045dd079a4d237dbbac2260271dfa5422
corpus/HISTORICAL/integration_parallel/query-b2d734d5c1ff.stdout	861	e5dec026f2158aeac3aabb1e26590e3920f648ca07fe43f04002dd6f13595e22
corpus/HISTORICAL/integration_parallel/query-crc-0f1a91df5de4.stderr	169	b20671d7d16a8dd92f3a315257d496f79c8022453751c93bf4b7a4a1aba4f374
corpus/HISTORICAL/integration_parallel/query-crc-0f1a91df5de4.stdout	384	a0c345d376bf61dfaa67d004193a71e9edbec18beffaef672711d35b201abb43
corpus/HISTORICAL/integration_parallel/query-d17e7a006181.stderr	169	7cbddbb4ac5cca9744ef432512bde18d96390febfc33108ac38bdde4fd315cfb
corpus/HISTORICAL/integration_parallel/query-d17e7a006181.stdout	410	0d9795fcc2cb823b262899ba6ea6995278cab381bf1ee34005a6dfa4e37ff753
corpus/HISTORICAL/integration_parallel/query-e1befb99d367.stderr	174	dbcb950cb3527b13ccc6431655097556ac67ebed5c678507fc4aa4282897a8b9
corpus/HISTORICAL/integration_parallel/query-e1befb99d367.stdout	3467	fb35bd51206ccb40c012da8f4f8e22b2e2dcf0b61a96642144b6272ea9c50235
corpus/HISTORICAL/integration_parallel/query-ee99d33465e3.stderr	168	c90b789e5de957ec7a443d4f0f9e722cb65e3bde29ae0e7ecb006b083e614ff0
corpus/HISTORICAL/integration_parallel/query-ee99d33465e3.stdout	594	9e01bdd5e760b87d8e4a0d935f17427591d3ecddd0f336e223a31e907da40c97
corpus/HISTORICAL/integration_parallel/query-unfold-3c2662e1f8df.stderr	165	7e70f65b76a4d23ee5b283dd5853743c96d7318893acaac181eff85b256a7c4f
corpus/HISTORICAL/integration_parallel/query-unfold-3c2662e1f8df.stdout	316	f15ef89844caba0a5efdcddad987bd75515cb80b853a1712d2f1ad5dcdaf8cfc
corpus/HISTORICAL/integration_parallel/queryNoSubstrat-9b3410e4bd2c.stderr	165	f9a507c52ffe7f325dc7759db983e3afba47c6dd2088e3971a050ff935081f78
corpus/HISTORICAL/integration_parallel/queryNoSubstrat-9b3410e4bd2c.stdout	238	2668bd5ff06768350b0f0c6b2b749fcff8c663f9fdc3233839196ec1c6bd71f8
corpus/HISTORICAL/integration_parallel/queryWithSubstrats-898e08f25f23.stderr	165	3316c1c71419d3aacaefdc70ee7530df97e078d8003b86fa59e13db5df8e6156
corpus/HISTORICAL/integration_parallel/queryWithSubstrats-898e08f25f23.stdout	289	677022b1f44c0f7928eb58099f15eaea562f1d664d0d9402fa5cec202514e87a
corpus/HISTORICAL/integration_parallel/unmatched-e9c5c8dbc141.stderr	165	146f1f4d63c9e7c92c7e14dfe5edff9520375c9b9595765bb0006718b32ee16a
corpus/HISTORICAL/integration_parallel/unmatched-e9c5c8dbc141.stdout	460	e8e891a95e8475e2a078aba5569454c2a4037b4b3b6bf60a992e9373fe4b75c0
corpus/HISTORICAL/integration_parallel/zero-8463a597955b.stderr	165	9b62cbf7d6d050b2a4d13da6a992a89894c80370e1f91192a70239206dd1a06c
corpus/HISTORICAL/integration_parallel/zero-8463a597955b.stdout	290	2b2bbf33ddb63f43a1c94f4b63a4ea0e74f6f049cf729f06278d64bb746b1d56
corpus/HISTORICAL/integration_serial/query-050fd78b877f.stderr	165	5e9f5d52f8cb7fe728bb8ca6efa2c1a38b2cfa6e4374083f304bb502f669bad9
corpus/HISTORICAL/integration_serial/query-050fd78b877f.stdout	134	bcbd03a703fe51998a010c9ac914791e4846c0d4eac6c28a8748fb83f2b9f918
corpus/HISTORICAL/integration_serial/query-09903eb041e8.stderr	180	d5c84e77471b765d1ca8d7455392ae13a52a0b6c62af29b72b3e443e13844d13
corpus/HISTORICAL/integration_serial/query-09903eb041e8.stdout	5184	650fe4990572d93afdb2183eddf7dd325d35deb641a71592b3bf88398dd42aeb
corpus/HISTORICAL/integration_serial/query-0fc393d0163b.stderr	165	efa2339ec36c47ead7d4366b3de812d74d7d4c5c5d9c89639e47f511e1da4a5d
corpus/HISTORICAL/integration_serial/query-0fc393d0163b.stdout	315	e120279f10652a9090be2503bf800e42e76fcb11db3ee00781d83bf171c0962c
corpus/HISTORICAL/integration_serial/query-11c10ba7898d.stderr	165	b4294804e6807226dd23099e2160749772d15f75d87e1775e62acf96eef65e5e
corpus/HISTORICAL/integration_serial/query-11c10ba7898d.stdout	185	1acfbb37d9382d8688b8de870ff5c082e7895995619d4be7db5d7e10143bff07
corpus/HISTORICAL/integration_serial/query-1c8182427c4b.stderr	168	0c81130448f184c786a346c29c4c68fccc756efea72ffcfff46be279da9dedd1
corpus/HISTORICAL/integration_serial/query-1c8182427c4b.stdout	655	082df6eafc8bc440aa1c44f4e1ba5e9e330398744880fd23fef25ce9d3a2712e
corpus/HISTORICAL/integration_serial/query-1e2a8774ed79.stderr	165	a16179334cc4f9fd2bebe1869e88913eeb75f32d9ba693d6c6255ee707cd9812
corpus/HISTORICAL/integration_serial/query-1e2a8774ed79.stdout	109	c6bc611840716c3c070922ee9baedf3ff7d80290f628cf72dfc90b978d512d5d
corpus/HISTORICAL/integration_serial/query-20c777905373.stderr	165	96465742910abe80507647f5d63de0fbd354f4ef00e5366b6b362d3713329bed
corpus/HISTORICAL/integration_serial/query-20c777905373.stdout	449	08f52612810ecbd45142059f5308f1001d084ab64b1a6fa81e892da28b2dfccd
corpus/HISTORICAL/integration_serial/query-2778648a06d1.stderr	169	4788d44606dfd9a65f860ccb5d57709b998172eda9ec2c4efd5f86c1cc7f39c0
corpus/HISTORICAL/integration_serial/query-2778648a06d1.stdout	730	a566b7961ac11e8a2bde704c159004832695ffca8f803b02fd6be2213de3f172
corpus/HISTORICAL/integration_serial/query-277bd4ea402b.stderr	172	55995a7c6fad85768c20de99471c09c99e1c362203700f461ddb53326d54b13e
corpus/HISTORICAL/integration_serial/query-277bd4ea402b.stdout	1053	75f688c9c0f9f8e4abaeb15b71576d20113593f92172a53e71b06a864f163dec
corpus/HISTORICAL/integration_serial/query-37146a2efd2f.stderr	165	9a64afb0ae9a96af9ee14e44f849253b26459cfbeb0da2509e9764c6159e3ca4
corpus/HISTORICAL/integration_serial/query-37146a2efd2f.stdout	185	72a152c10e9f69b60421c7cfc589f3cd4bbdee8b2100d4bba548a108d7079a56
corpus/HISTORICAL/integration_serial/query-42-860662cadc4a.stderr	165	a16179334cc4f9fd2bebe1869e88913eeb75f32d9ba693d6c6255ee707cd9812
corpus/HISTORICAL/integration_serial/query-42-860662cadc4a.stdout	436	4ffb857784bdb2cd1f8b03c8a6c1c3db048b4db4f00543a655c607f74ba0c76e
corpus/HISTORICAL/integration_serial/query-51-99a5142e6b97.stderr	169	a8a9788e2963fd413aadd07558f047ac91907ea9f36fe45421e9fdb2455b2e41
corpus/HISTORICAL/integration_serial/query-51-99a5142e6b97.stdout	582	b6315b36799829756a14cc67b0ca891458e2ab8c6485ff47f7ee56cbbe2b4951
corpus/HISTORICAL/integration_serial/query-581c2a88d5a6.stderr	165	71d57441ffb3c4f4cb3b07933a3909206834af1d435602fef37b30eb706cfd92
corpus/HISTORICAL/integration_serial/query-581c2a88d5a6.stdout	184	d611b913284706bf103bb959457d67832f2ffd3caab6caf25f8104bbdacc1dbd
corpus/HISTORICAL/integration_serial/query-5af864a6a137.stderr	165	dc5ace5da2d989e9e3db7efc8240144a86a87d8ea1244972ba00c3ddca62892e
corpus/HISTORICAL/integration_serial/query-5af864a6a137.stdout	191	808a8d3b8d8b28464337e2a4402a3817016b751f99463255a123b5935abf8f1e
corpus/HISTORICAL/integration_serial/query-6-934a44b62db3.stderr	165	a16179334cc4f9fd2bebe1869e88913eeb75f32d9ba693d6c6255ee707cd9812
corpus/HISTORICAL/integration_serial/query-6-934a44b62db3.stdout	121	ac22f73bec26150a28f46a3f017ac7045324b0ceb2e000fc0babd7ed927efb19
corpus/HISTORICAL/integration_serial/query-61-5c7aada46cac.stderr	169	a8a9788e2963fd413aadd07558f047ac91907ea9f36fe45421e9fdb2455b2e41
corpus/HISTORICAL/integration_serial/query-61-5c7aada46cac.stdout	599	8d26530c4b1bd8eae728a21f9b031c5eddba5c6bba1ff2b0d4d4ef588411c18a
corpus/HISTORICAL/integration_serial/query-651f53b50610.stderr	168	25d4447348a13f07347bcc67a6d87eca2b339e3653cb6c13aa6c4154c518cf04
corpus/HISTORICAL/integration_serial/query-651f53b50610.stdout	617	c7eda377e7f10423153ffc5a355096e7c433006cb482b6140642b18266cfbcc5
corpus/HISTORICAL/integration_serial/query-66ad6a810f54.stderr	165	a16179334cc4f9fd2bebe1869e88913eeb75f32d9ba693d6c6255ee707cd9812
corpus/HISTORICAL/integration_serial/query-66ad6a810f54.stdout	139	a5f4b566c3e88bb483a528eda7d0d88f189fdfc62025242344be94c2649f1024
corpus/HISTORICAL/integration_serial/query-6b3a967e746b.stderr	165	9b26da634b77f1c3f047572ac83bd626fb57c40c4f4618574f349e0d044b7002
corpus/HISTORICAL/integration_serial/query-6b3a967e746b.stdout	376	50bf4545ed024edc5c34412acf389d5e9b906b8873e6cca717390d8e6c374a32
corpus/HISTORICAL/integration_serial/query-72070efcf976.stderr	165	71d57441ffb3c4f4cb3b07933a3909206834af1d435602fef37b30eb706cfd92
corpus/HISTORICAL/integration_serial/query-72070efcf976.stdout	184	d611b913284706bf103bb959457d67832f2ffd3caab6caf25f8104bbdacc1dbd
corpus/HISTORICAL/integration_serial/query-85b3409ebdc5.stderr	169	e17f741ad95286282b7395fbb678da04a750411fa95615272513da4f8d60467a
corpus/HISTORICAL/integration_serial/query-85b3409ebdc5.stdout	569	aa6891da523b5bec820e24b2b493d972fda2c72c845d229fc8583167f4180d51
corpus/HISTORICAL/integration_serial/query-96055a4bff2c.stderr	165	71d57441ffb3c4f4cb3b07933a3909206834af1d435602fef37b30eb706cfd92
corpus/HISTORICAL/integration_serial/query-96055a4bff2c.stdout	184	d611b913284706bf103bb959457d67832f2ffd3caab6caf25f8104bbdacc1dbd
corpus/HISTORICAL/integration_serial/query-a7d5a63ee359.stderr	173	047a1ae67d2506d09245e40e1ed7143ef853bedad40e728ea07ce207cf179d3f
corpus/HISTORICAL/integration_serial/query-a7d5a63ee359.stdout	1333	a8922051e5a6b2a660b8f1cf9c1fcc5f0e2b9db32cc89822fb92a0b1a3d683c8
corpus/HISTORICAL/integration_serial/query-ae9806edb277.stderr	172	04fd72833c0858972f3dd400eea4ecc271aa0c8791e93c18c2abe6edcbfe9df2
corpus/HISTORICAL/integration_serial/query-ae9806edb277.stdout	848	791831e7a8c2336f1c3d45136c7fb9e5105adc1984f95fdd8e0ea0110f6961cf
corpus/HISTORICAL/integration_serial/query-all-df9f47942de2.stderr	172	cc3039be154cb2a0c4dc0a93f9cdbec868b7d3ba1f5ca74888c713c54a08cb7d
corpus/HISTORICAL/integration_serial/query-all-df9f47942de2.stdout	868	000322739877c86e14a42bff01e1b641117120bb6218524bad584a5984186e86
corpus/HISTORICAL/integration_serial/query-b913d6b8b914.stderr	165	87cc962ecc83d2719edb166662a0de972cb03ffed35032a4b893d1c3064be7d5
corpus/HISTORICAL/integration_serial/query-b913d6b8b914.stdout	309	ef508dff89ee2b1b216805bea0f2379f2eca7060ebc8dd34d270286211d9d868
corpus/HISTORICAL/integration_serial/query-bb77747b15d8.stderr	165	71d57441ffb3c4f4cb3b07933a3909206834af1d435602fef37b30eb706cfd92
corpus/HISTORICAL/integration_serial/query-bb77747b15d8.stdout	155	79e93c7808eff1453b4f7f62e13561540d0c7e9aafe8f9bfc7002a54eefd2282
corpus/HISTORICAL/integration_serial/query-cafa7c98a042.stderr	165	71d57441ffb3c4f4cb3b07933a3909206834af1d435602fef37b30eb706cfd92
corpus/HISTORICAL/integration_serial/query-cafa7c98a042.stdout	184	d611b913284706bf103bb959457d67832f2ffd3caab6caf25f8104bbdacc1dbd
corpus/HISTORICAL/integration_serial/query-consitency-6d2aaa0b2886.stderr	165	73987fb276e0de87d9ce470d3258c0dbdce8955c12703a57138a528a53978512
corpus/HISTORICAL/integration_serial/query-consitency-6d2aaa0b2886.stdout	358	da33fdc7deba47789d4bd0cf0f5f48b17d9d72e75e279ba2e3aaad7a238957ec
corpus/HISTORICAL/integration_serial/query-d20701ffb771.stderr	168	8ba24b8581f1e4091b082ae793a91d0b4435ec51803d761f9a3fb2b125a3f42b
corpus/HISTORICAL/integration_serial/query-d20701ffb771.stdout	630	805618f7d52ce7b49f03e0b54a94df8aacb9a208417d29d58680c28fd8172bbd
corpus/HISTORICAL/integration_serial/query-d3cb576fc75a.stderr	144	58b7f3a0097cfd423d7974e0c2db47cb1c27a13161970283608952740e6995f1
corpus/HISTORICAL/integration_serial/query-d3cb576fc75a.stdout	0	e3b0c44298fc1c149afbf4c8996fb92427ae41e4649b934ca495991b7852b855
corpus/HISTORICAL/integration_serial/query-d6c25d9ae113.stderr	177	c516f6dfd6d37ef0184274f2db38ed99ecae5b3ceeab89d9365e69e049a7fac0
corpus/HISTORICAL/integration_serial/query-d6c25d9ae113.stdout	3008	84cb17b3f387b3079947e6ac34172ed456a18814f32b5f708a30963c692a467a
corpus/HISTORICAL/integration_serial/query-d9e0655ecebe.stderr	165	573491c60f5ab3ac8b6be55c160e05efaa2fe0789690c084afc5742e752428a0
corpus/HISTORICAL/integration_serial/query-d9e0655ecebe.stdout	247	ee962bb260264b1dd25b69256c154ca5c82ef45831f21b6affd5d932b2f778c8
corpus/HISTORICAL/integration_serial/query-e125a85615c3.stderr	165	ab2cf3365cb2ac4ec8a9f244bbcb1ffa97fd3976035b69ea33b4fb56a9b0919e
corpus/HISTORICAL/integration_serial/query-e125a85615c3.stdout	565	a103813a3b317a92c25b2d3446a5270ab2a8d505969dfd3ffeb19def4555e9cb
corpus/HISTORICAL/integration_serial/query-ea23f1ef7ff8.stderr	169	9adb0dc8e8fe1eab502e790e8dc533832f120872237d10efd4f3c98bfad23f27
corpus/HISTORICAL/integration_serial/query-ea23f1ef7ff8.stdout	373	c359ac55ae277d5235762e94855616944ab013f351c66d1c66b1bc1d455629f3
corpus/HISTORICAL/integration_serial/query-fc4c24da7e31.stderr	173	cfca0799be3fec440693071ae9761b756b654b9de3cc2bf55919d6867da7d76e
corpus/HISTORICAL/integration_serial/query-fc4c24da7e31.stdout	1781	90e556257589108c84a70b5bbb09af5c1217c7121c22aa7dd2e5cd32308be42b
corpus/HISTORICAL/integration_serial/query-lnx-daf062943bc8.stderr	173	92202b172409a9b42c5439d7aae9a541492a6cd66ac40ad571335822c9dc5ff2
corpus/HISTORICAL/integration_serial/query-lnx-daf062943bc8.stdout	871	cf838a68480585d15283360f0b9f74703b45c33effbcf1449e04a77b8695d140
corpus/HISTORICAL/integration_serial/ut_example-5508ace1874c.stderr	65	cdf0b0046550c6d7a696d65b9f2fb393ff93c14782ffcf42c31a9f11196e1319
corpus/HISTORICAL/integration_serial/ut_example-5508ace1874c.stdout	0	e3b0c44298fc1c149afbf4c8996fb92427ae41e4649b934ca495991b7852b855
pipelines/agse_volatile/FIXED/mid.desc	43	d5b9539f2bc765b6aafe90008f54edb3ce30f13b071ec68e0d28c20e6770e715
pipelines/agse_volatile/FIXED/mid.meta	26	1e4e0d27e0cf633036735c015f45c6457caade11b9599e842cf8d1cf5f325788
pipelines/agse_volatile/FIXED/source.desc	50	1c492af2d0698ca2edf3377258a63c5170678b95762056bf28b6eeea0cffb8ea
pipelines/agse_volatile/FIXED/win1.desc	82	3063207edc06a70ccba9bf0691c28a988318ef4f4491634982bf71597642da90
pipelines/agse_volatile/FIXED/win1.meta	26	5ceae9e79f6b254381d2d4bc42747777d2dd0e261da2d9d81933a9d53214167d
pipelines/agse_volatile/FIXED/win2.desc	73	459e4f3d1ac8dd7c315c5cdcf697a21f6ca37059381b2fa3bdd9512f2b5eb34e
pipelines/agse_volatile/FIXED/win2.meta	26	191fb4971bb609d9c7623046b44bf36fd2d5348da6159c6c212cfd9b003c853f
pipelines/agse_volatile/FIXED/win_out	2316	deedece7dd0a7bcf86320fd6b29487e12d9d126effde72c7c0dc901caa5d1a43
pipelines/agse_volatile/FIXED/win_out.desc	59	bcdea1b362dd373deabe10b56aabb6f7c93307667ef7976ee371c8ece8e84d67
pipelines/agse_volatile/FIXED/win_out.meta	26	cb84242c85d050cc522d172825a71799d2b32357cea0b54e087ee92a7040bb5c
pipelines/agse_volatile/FIXED/win_out.shadow	0	e3b0c44298fc1c149afbf4c8996fb92427ae41e4649b934ca495991b7852b855
pipelines/agse_volatile/HISTORICAL/mid.desc	43	d5b9539f2bc765b6aafe90008f54edb3ce30f13b071ec68e0d28c20e6770e715
pipelines/agse_volatile/HISTORICAL/mid.meta	26	af21131fed38cf6fcaec00a9c147f75ad61745323e6a0cbccca0668f1ae2ab2a
pipelines/agse_volatile/HISTORICAL/source.desc	50	1c492af2d0698ca2edf3377258a63c5170678b95762056bf28b6eeea0cffb8ea
pipelines/agse_volatile/HISTORICAL/win1.desc	82	3063207edc06a70ccba9bf0691c28a988318ef4f4491634982bf71597642da90
pipelines/agse_volatile/HISTORICAL/win1.meta	26	0f5214a06f0fc9d13cf619ccc75b349284b8269b538092c40552d7f1f141f88d
pipelines/agse_volatile/HISTORICAL/win2.desc	73	459e4f3d1ac8dd7c315c5cdcf697a21f6ca37059381b2fa3bdd9512f2b5eb34e
pipelines/agse_volatile/HISTORICAL/win2.meta	26	4c97f755bc34a687106fc220f40c61e672ecf85dd11766760e72b384928f6c5b
pipelines/agse_volatile/HISTORICAL/win_out	2316	deedece7dd0a7bcf86320fd6b29487e12d9d126effde72c7c0dc901caa5d1a43
pipelines/agse_volatile/HISTORICAL/win_out.desc	59	bcdea1b362dd373deabe10b56aabb6f7c93307667ef7976ee371c8ece8e84d67
pipelines/agse_volatile/HISTORICAL/win_out.meta	26	bbaef30789d3e9cacd7cd0a5c46dcf9733c38f04fcab237b4a703cd0c6c5f327
pipelines/agse_volatile/HISTORICAL/win_out.shadow	0	e3b0c44298fc1c149afbf4c8996fb92427ae41e4649b934ca495991b7852b855
pipelines/agse_volatile/HISTORICAL_2/mid.desc	43	d5b9539f2bc765b6aafe90008f54edb3ce30f13b071ec68e0d28c20e6770e715
pipelines/agse_volatile/HISTORICAL_2/mid.meta	26	52ded4550602a18f921ac702e8c735a83224a2ad585058d775d425270b7591b2
pipelines/agse_volatile/HISTORICAL_2/source.desc	50	1c492af2d0698ca2edf3377258a63c5170678b95762056bf28b6eeea0cffb8ea
pipelines/agse_volatile/HISTORICAL_2/win1.desc	82	3063207edc06a70ccba9bf0691c28a988318ef4f4491634982bf71597642da90
pipelines/agse_volatile/HISTORICAL_2/win1.meta	26	62e996e43f5b92474e2926e34d6d92e8a8d63794fcc96c0dda910cc37c4a6f1c
pipelines/agse_volatile/HISTORICAL_2/win2.desc	73	459e4f3d1ac8dd7c315c5cdcf697a21f6ca37059381b2fa3bdd9512f2b5eb34e
pipelines/agse_volatile/HISTORICAL_2/win2.meta	26	eb47464e7bf61ba7e2924876b9257c203cac122aade337b82710d0b168a0f8ef
pipelines/agse_volatile/HISTORICAL_2/win_out	2316	deedece7dd0a7bcf86320fd6b29487e12d9d126effde72c7c0dc901caa5d1a43
pipelines/agse_volatile/HISTORICAL_2/win_out.desc	59	bcdea1b362dd373deabe10b56aabb6f7c93307667ef7976ee371c8ece8e84d67
pipelines/agse_volatile/HISTORICAL_2/win_out.meta	26	36bc233d6cd3bca4315e289e69590dee760dee48f68083fa5db409f6b9db58ee
pipelines/agse_volatile/HISTORICAL_2/win_out.shadow	0	e3b0c44298fc1c149afbf4c8996fb92427ae41e4649b934ca495991b7852b855
pipelines/dsp/FIXED/temp__accRow	37400	419f0493b403519965809d3396487c9d8c64fa8ad22a3e1493e362c4ec78a1a0
pipelines/dsp/FIXED/temp__accRow.desc	467	941508db75334d9ef9bac5bfa25ec914e2eaca760a6b3ace9c561263fe345adf
pipelines/dsp/FIXED/temp__accRow.meta	29	186f7cf6f7429fa62b0e8b9e8c389391325b3b90b66f309a1574af221fa2a2b0
pipelines/dsp/FIXED/temp__accRow.shadow	0	e3b0c44298fc1c149afbf4c8996fb92427ae41e4649b934ca495991b7852b855
pipelines/dsp/FIXED/temp__filter.desc	60	e8b266a77e76daa145ffc13c6e84a42b886bf858b20e1e910192e4c7bfd4279b
pipelines/dsp/FIXED/temp__output	1496	8ceb9a1d78f335028520a264f92bf3bf5a07fd7c99aa23008029f79dd437f823
pipelines/dsp/FIXED/temp__output.desc	20	8ab17ff083818c07807e4ae52905966dbd8a741f56cdef729d7867506232c312
pipelines/dsp/FIXED/temp__output.meta	26	59edd5afac96fd7e2f26eec5c0cdc327510e8db49f64e0223e180f2b8b877014
pipelines/dsp/FIXED/temp__output.shadow	0	e3b0c44298fc1c149afbf4c8996fb92427ae41e4649b934ca495991b7852b855
pipelines/dsp/FIXED/temp__outputAll	2992	c70b3f85a40ca3d239bf7c0b13b49b02959020a79c60da704a1bb2faee3f2977
pipelines/dsp/FIXED/temp__outputAll.desc	44	8a2881180a9849090b9db13c20563314a6d18b9b1f332746ce45cb247ea0401a
pipelines/dsp/FIXED/temp__outputAll.meta	26	08c1dec0013c0016041142f353f48c55eb0b0f099881faa43f029bb0684c83e4
pipelines/dsp/FIXED/temp__outputAll.shadow	0	e3b0c44298fc1c149afbf4c8996fb92427ae41e4649b934ca495991b7852b855
pipelines/dsp/FIXED/temp__signalRow	9350	9c7d4f81f157aea156500eeefa4215fa732d4d73927aa15ab4bdd830915867ea
pipelines/dsp/FIXED/temp__signalRow.desc	392	69ad81f6d38ac98f18a4836f1807ba458255facd97c118d32fe95e257ff9ed12
pipelines/dsp/FIXED/temp__signalRow.meta	29	de2ec82b87aa001c50fd8e2a56f321ef52aadca0f99c693726bdbeddd7a37474
pipelines/dsp/FIXED/temp__signalRow.shadow	0	e3b0c44298fc1c149afbf4c8996fb92427ae41e4649b934ca495991b7852b855
pipelines/dsp/FIXED/temp__source.desc	46	5eda597391afedd26f9924c08e86e9fbf3cd78f52a5cd2cc77d9891780b44d4b
pipelines/dsp/HISTORICAL/temp__accRow	37400	39cbdc485f4ae98ec5c41a5f30b6aeff56f326585799a5746d4e9e74f513d67e
pipelines/dsp/HISTORICAL/temp__accRow.desc	467	941508db75334d9ef9bac5bfa25ec914e2eaca760a6b3ace9c561263fe345adf
pipelines/dsp/HISTORICAL/temp__accRow.meta	29	a1e490f364bdeaae4923084361fdb27a93ced0526a25fc0f97890679ea4aa204
pipelines/dsp/HISTORICAL/temp__accRow.shadow	0	e3b0c44298fc1c149afbf4c8996fb92427ae41e4649b934ca495991b7852b855
pipelines/dsp/HISTORICAL/temp__filter.desc	60	e8b266a77e76daa145ffc13c6e84a42b886bf858b20e1e910192e4c7bfd4279b
pipelines/dsp/HISTORICAL/temp__output	1496	1e807282a7948394729a785f6b319ec4f478fedc05810189ba690481b071cda6
pipelines/dsp/HISTORICAL/temp__output.desc	20	8ab17ff083818c07807e4ae52905966dbd8a741f56cdef729d7867506232c312
pipelines/dsp/HISTORICAL/temp__output.meta	26	d441b16e69f775cfdd55c77f9219078be0eecdd00b61c496aee1192c3221be51
pipelines/dsp/HISTORICAL/temp__output.shadow	0	e3b0c44298fc1c149afbf4c8996fb92427ae41e4649b934ca495991b7852b855
pipelines/dsp/HISTORICAL/temp__outputAll	2992	bf803f131459351a16de1a7ce23a8a7b3595d0af7e4e94761f3c21c8907150e1
pipelines/dsp/HISTORICAL/temp__outputAll.desc	44	8a2881180a9849090b9db13c20563314a6d18b9b1f332746ce45cb247ea0401a
pipelines/dsp/HISTORICAL/temp__outputAll.meta	26	d97c9c7f583d7f516d2dd8977eac71364336be16757fadb2fff88355592a9e93
pipelines/dsp/HISTORICAL/temp__outputAll.shadow	0	e3b0c44298fc1c149afbf4c8996fb92427ae41e4649b934ca495991b7852b855
pipelines/dsp/HISTORICAL/temp__signalRow	9350	fc70f0f9f475f49d21fad015f97e8bd9b9ba5d4bccacc752465584e713437523
pipelines/dsp/HISTORICAL/temp__signalRow.desc	392	69ad81f6d38ac98f18a4836f1807ba458255facd97c118d32fe95e257ff9ed12
pipelines/dsp/HISTORICAL/temp__signalRow.meta	29	c13c87528dcb172dbbbe15c1082004d69727d66e9d1c119458424729b483ead4
pipelines/dsp/HISTORICAL/temp__signalRow.shadow	0	e3b0c44298fc1c149afbf4c8996fb92427ae41e4649b934ca495991b7852b855
pipelines/dsp/HISTORICAL/temp__source.desc	46	5eda597391afedd26f9924c08e86e9fbf3cd78f52a5cd2cc77d9891780b44d4b
pipelines/dsp/HISTORICAL_2/temp__accRow	37400	668f9b6d04c01abb14095d101495a7fc38a6b43e6bcd8c3b6ff37729194293a0
pipelines/dsp/HISTORICAL_2/temp__accRow.desc	467	941508db75334d9ef9bac5bfa25ec914e2eaca760a6b3ace9c561263fe345adf
pipelines/dsp/HISTORICAL_2/temp__accRow.meta	29	788ce2d7a354e50b58e369a648df8a323b7d0c33eb74b64a3fc577313ebb5921
pipelines/dsp/HISTORICAL_2/temp__accRow.shadow	0	e3b0c44298fc1c149afbf4c8996fb92427ae41e4649b934ca495991b7852b855
pipelines/dsp/HISTORICAL_2/temp__filter.desc	60	e8b266a77e76daa145ffc13c6e84a42b886bf858b20e1e910192e4c7bfd4279b
pipelines/dsp/HISTORICAL_2/temp__output	1496	9d02d5cc32ac484eb2d15b4f80ba5ae97133b7e515b640a9858da9266a65188a
pipelines/dsp/HISTORICAL_2/temp__output.desc	20	8ab17ff083818c07807e4ae52905966dbd8a741f56cdef729d7867506232c312
pipelines/dsp/HISTORICAL_2/temp__output.meta	26	73f287b2bf199e80a5fab27048953456cbf1aed566d453436887b951e86f2a72
pipelines/dsp/HISTORICAL_2/temp__output.shadow	0	e3b0c44298fc1c149afbf4c8996fb92427ae41e4649b934ca495991b7852b855
pipelines/dsp/HISTORICAL_2/temp__outputAll	2992	7b69703c6ddb3d3b8ff2f5d5290b7b08b60949a3f28ece5807adea987ea95c00
pipelines/dsp/HISTORICAL_2/temp__outputAll.desc	44	8a2881180a9849090b9db13c20563314a6d18b9b1f332746ce45cb247ea0401a
pipelines/dsp/HISTORICAL_2/temp__outputAll.meta	26	b4310ea1f2ed5ca997abf8306815736162ffb5ad6c493e1a6cb445b12111b63e
pipelines/dsp/HISTORICAL_2/temp__outputAll.shadow	0	e3b0c44298fc1c149afbf4c8996fb92427ae41e4649b934ca495991b7852b855
pipelines/dsp/HISTORICAL_2/temp__signalRow	9350	70f522fcc3ede94e332d06e4c367519d4f26747dd9ee7ec6b5f141217a9407bd
pipelines/dsp/HISTORICAL_2/temp__signalRow.desc	392	69ad81f6d38ac98f18a4836f1807ba458255facd97c118d32fe95e257ff9ed12
pipelines/dsp/HISTORICAL_2/temp__signalRow.meta	29	190a9939f51c8a4657c0d87d21b4b912b087d7c7e87080d2dc1a2fdeec003d34
pipelines/dsp/HISTORICAL_2/temp__signalRow.shadow	0	e3b0c44298fc1c149afbf4c8996fb92427ae41e4649b934ca495991b7852b855
pipelines/dsp/HISTORICAL_2/temp__source.desc	46	5eda597391afedd26f9924c08e86e9fbf3cd78f52a5cd2cc77d9891780b44d4b
pipelines/optimizer_ablation/FIXED/temp__A.desc	47	5787acced769f970ba7f750893bcaa9b5561a220ea42b224db71f7abd71c4dfa
pipelines/optimizer_ablation/FIXED/temp__B.desc	47	f8f7b0f4c2423653c82e5af23efa0ea0d5e86fb7f932478b7f092ba3faf1a909
pipelines/optimizer_ablation/FIXED/temp__CA.desc	58	00a2e38acab7ae4b8eb06fdab4b1a4cd347696143888b5746c8e871132ab6709
pipelines/optimizer_ablation/FIXED/temp__CA2.desc	58	00a2e38acab7ae4b8eb06fdab4b1a4cd347696143888b5746c8e871132ab6709
pipelines/optimizer_ablation/FIXED/temp__CB.desc	58	75ad4dee576175b503995c8502e04811c455a5e088bed1b8e5bd9123e9c47c8f
pipelines/optimizer_ablation/FIXED/temp__CB2.desc	58	75ad4dee576175b503995c8502e04811c455a5e088bed1b8e5bd9123e9c47c8f
pipelines/optimizer_ablation/FIXED/temp__DA.desc	47	5787acced769f970ba7f750893bcaa9b5561a220ea42b224db71f7abd71c4dfa
pipelines/optimizer_ablation/FIXED/temp__DA2.desc	47	5787acced769f970ba7f750893bcaa9b5561a220ea42b224db71f7abd71c4dfa
pipelines/optimizer_ablation/FIXED/temp__DB.desc	47	f8f7b0f4c2423653c82e5af23efa0ea0d5e86fb7f932478b7f092ba3faf1a909
pipelines/optimizer_ablation/FIXED/temp__DB2.desc	47	f8f7b0f4c2423653c82e5af23efa0ea0d5e86fb7f932478b7f092ba3faf1a909
pipelines/optimizer_ablation/FIXED/temp__FA.desc	47	5787acced769f970ba7f750893bcaa9b5561a220ea42b224db71f7abd71c4dfa
pipelines/optimizer_ablation/FIXED/temp__FA2.desc	47	5787acced769f970ba7f750893bcaa9b5561a220ea42b224db71f7abd71c4dfa
pipelines/optimizer_ablation/FIXED/temp__FB.desc	47	f8f7b0f4c2423653c82e5af23efa0ea0d5e86fb7f932478b7f092ba3faf1a909
pipelines/optimizer_ablation/FIXED/temp__FB2.desc	47	f8f7b0f4c2423653c82e5af23efa0ea0d5e86fb7f932478b7f092ba3faf1a909
pipelines/optimizer_ablation/FIXED/temp__MA.desc	47	5787acced769f970ba7f750893bcaa9b5561a220ea42b224db71f7abd71c4dfa
pipelines/optimizer_ablation/FIXED/temp__MA2.desc	47	5787acced769f970ba7f750893bcaa9b5561a220ea42b224db71f7abd71c4dfa
pipelines/optimizer_ablation/FIXED/temp__MB.desc	47	f8f7b0f4c2423653c82e5af23efa0ea0d5e86fb7f932478b7f092ba3faf1a909
pipelines/optimizer_ablation/FIXED/temp__MB2.desc	47	f8f7b0f4c2423653c82e5af23efa0ea0d5e86fb7f932478b7f092ba3faf1a909
pipelines/optimizer_ablation/FIXED/temp__QA.desc	47	5787acced769f970ba7f750893bcaa9b5561a220ea42b224db71f7abd71c4dfa
pipelines/optimizer_ablation/FIXED/temp__QA2.desc	47	5787acced769f970ba7f750893bcaa9b5561a220ea42b224db71f7abd71c4dfa
pipelines/optimizer_ablation/FIXED/temp__QB.desc	47	f8f7b0f4c2423653c82e5af23efa0ea0d5e86fb7f932478b7f092ba3faf1a909
pipelines/optimizer_ablation/FIXED/temp__QB2.desc	47	f8f7b0f4c2423653c82e5af23efa0ea0d5e86fb7f932478b7f092ba3faf1a909
pipelines/optimizer_ablation/FIXED/temp__STREAM_HASH_CA2_CB2.desc	54	36ed5fd9e8ffb22dcc896c61a59ceb157e162d33c2761dc795fba94227d52273
pipelines/optimizer_ablation/FIXED/temp__STREAM_HASH_CA2_CB2.meta	26	f01b56c944a1d1cd6257dd0ee1ff3c56202800182a9c848af7bffd9c2b99709b
pipelines/optimizer_ablation/FIXED/temp__STREAM_HASH_CA_CB	1176	b2c8f997795ad7bec1063370ec742835df97100a235c5bc224727eb968cb02ac
pipelines/optimizer_ablation/FIXED/temp__STREAM_HASH_CA_CB.desc	60	f674b9b31ec0e866a8f9b62b2f2fb9d4acf06062b61c32021d093c7b5e044d3b
pipelines/optimizer_ablation/FIXED/temp__STREAM_HASH_CA_CB.meta	26	7006c209813336f9a88b3a635a1ab43dab312d619470a5fde926b195d2f7765d
pipelines/optimizer_ablation/FIXED/temp__STREAM_HASH_CA_CB.shadow	0	e3b0c44298fc1c149afbf4c8996fb92427ae41e4649b934ca495991b7852b855
pipelines/optimizer_ablation/FIXED/temp__STREAM_HASH_FA2_FB2.desc	43	91fa2aec6956910a282e26f8f428ec61448ae55aa3da815f9b270b5f0c8c0033
pipelines/optimizer_ablation/FIXED/temp__STREAM_HASH_FA2_FB2.meta	26	cb82534a6fd9e0c8f65fcee8f8eb42d3460254f1a5d46f8d4cbf52ba82c2f157
pipelines/optimizer_ablation/FIXED/temp__STREAM_HASH_FA_FB.desc	43	91fa2aec6956910a282e26f8f428ec61448ae55aa3da815f9b270b5f0c8c0033
pipelines/optimizer_ablation/FIXED/temp__STREAM_HASH_FA_FB.meta	26	b91c4ecfa67c3e21985593d406a7acc885c2e1318863c64d485b1c6a34035426
pipelines/optimizer_ablation/FIXED/temp__STREAM_HASH_MA_MB.desc	43	91fa2aec6956910a282e26f8f428ec61448ae55aa3da815f9b270b5f0c8c0033
pipelines/optimizer_ablation/FIXED/temp__STREAM_HASH_MA_MB.meta	26	c8ef3dd2b9773a53dc697c390f2d97e6dd81b740717a6f7ce288937d43e0ca2d
pipelines/optimizer_ablation/FIXED/temp__STREAM_HASH_QA2_QB2.desc	43	91fa2aec6956910a282e26f8f428ec61448ae55aa3da815f9b270b5f0c8c0033
pipelines/optimizer_ablation/FIXED/temp__STREAM_HASH_QA2_QB2.meta	26	7326bc5232e568ba1022b9d16eeeada5276880ae4aea4e01a24a46592b413a34
pipelines/optimizer_ablation/FIXED/temp__STREAM_HASH_QA_QB.desc	43	91fa2aec6956910a282e26f8f428ec61448ae55aa3da815f9b270b5f0c8c0033
pipelines/optimizer_ablation/FIXED/temp__STREAM_HASH_QA_QB.meta	26	cbc0410925a9390d8fea175dfdf7f2337adb4e23b86c7ee3ba27be25a5d2cb1d
pipelines/optimizer_ablation/FIXED/temp__STREAM_SELECT_commuted.desc	48	43deed08321e82bf51d6db34918d06133f03de92cb525f6a71f7b5d0272df510
pipelines/optimizer_ablation/FIXED/temp__STREAM_SELECT_commuted.meta	26	e43e3cda2c3a1eb618bce270b270784dda887ae01334409efef8ffa2082e6555
pipelines/optimizer_ablation/FIXED/temp__STREAM_TIMEMOVE_CA.desc	54	36ed5fd9e8ffb22dcc896c61a59ceb157e162d33c2761dc795fba94227d52273
pipelines/optimizer_ablation/FIXED/temp__STREAM_TIMEMOVE_CA.meta	26	7d3ed44e3868c07f1346ebda01627fe7c191dc44319d6559521c3a85b0cb6bc3
pipelines/optimizer_ablation/FIXED/temp__STREAM_TIMEMOVE_CB.desc	54	4f055d1846bee718672891c1179f2c03114241a5bccdf0616e9d49f824e9f660
pipelines/optimizer_ablation/FIXED/temp__STREAM_TIMEMOVE_CB.meta	26	15f2b1fc547ee2aea64a26c386bf106ae864f2a8a6605c73054d2e8c7540728d
pipelines/optimizer_ablation/FIXED/temp__STREAM_TIMEMOVE_MA.desc	43	2f8e017bf783d84f56a2caecb1b77cd26783c6169762e8b649703b4a9b0f8bb1
pipelines/optimizer_ablation/FIXED/temp__STREAM_TIMEMOVE_MA.meta	26	9c9315f9e8b0ff21fd0153da2043279fb268fe705f3ba5bcc294547f316277bd
pipelines/optimizer_ablation/FIXED/temp__STREAM_TIMEMOVE_MA2.desc	43	2f8e017bf783d84f56a2caecb1b77cd26783c6169762e8b649703b4a9b0f8bb1
pipelines/optimizer_ablation/FIXED/temp__STREAM_TIMEMOVE_MA2.meta	26	3661e63de72769f2b1f635818805acc210c1b5a8d70b1cdb3911e4b187ca5ab4
pipelines/optimizer_ablation/FIXED/temp__collide_reference	1152	5f409f2cb1ca4f4cab186985ecf4027c392fc5b0556e0fac8b6b06933f899469
pipelines/optimizer_ablation/FIXED/temp__collide_reference.desc	28	9664c49f4f7c8fb9774f0af944ea83b9970723d4b3ada4721c8168b794dc5935
pipelines/optimizer_ablation/FIXED/temp__collide_reference.meta	26	85c45bac938cc9a89fe2b2601ea6bb7545c34889d9e9c2d120dadbecf3ab871a
pipelines/optimizer_ablation/FIXED/temp__collide_reference.shadow	0	e3b0c44298fc1c149afbf4c8996fb92427ae41e4649b934ca495991b7852b855
pipelines/optimizer_ablation/FIXED/temp__collide_user	1152	5f409f2cb1ca4f4cab186985ecf4027c392fc5b0556e0fac8b6b06933f899469
pipelines/optimizer_ablation/FIXED/temp__collide_user.desc	28	9664c49f4f7c8fb9774f0af944ea83b9970723d4b3ada4721c8168b794dc5935
pipelines/optimizer_ablation/FIXED/temp__collide_user.meta	26	cfe33af7d4ec687c5df21837fe00e0c5c1130651797048233f483d8bd0a1e047
pipelines/optimizer_ablation/FIXED/temp__collide_user.shadow	0	e3b0c44298fc1c149afbf4c8996fb92427ae41e4649b934ca495991b7852b855
pipelines/optimizer_ablation/FIXED/temp__commuted	396	8683d5a88833d6ca88e2eb066a934b0265dc11c808318381307bbc948271cc93
pipelines/optimizer_ablation/FIXED/temp__commuted.desc	22	cb6dcd0f723525edc4603df8ddda153bab28ec40fe36ec89c382014757457ad1
pipelines/optimizer_ablation/FIXED/temp__commuted.meta	26	a9f429e899cb7ea5f91bd6aa05471ebd8674194963cc07a91951d403897de783
pipelines/optimizer_ablation/FIXED/temp__commuted.shadow	0	e3b0c44298fc1c149afbf4c8996fb92427ae41e4649b934ca495991b7852b855
pipelines/optimizer_ablation/FIXED/temp__dedup_owner	792	38340e347c153ce612809c350f6615e611f3b61a7b7fc231a6d55bfd48608421
pipelines/optimizer_ablation/FIXED/temp__dedup_owner.desc	30	85cbc9ffc01b4291cef5d7f29b262e496422dbe32ebcda85bd412a04ddd47848
pipelines/optimizer_ablation/FIXED/temp__dedup_owner.meta	26	b871f0d287038f499cc1fd5b24415b47740ac19e1e2bc67e8e0f3e2eb2dff244
pipelines/optimizer_ablation/FIXED/temp__dedup_owner.shadow	0	e3b0c44298fc1c149afbf4c8996fb92427ae41e4649b934ca495991b7852b855
pipelines/optimizer_ablation/FIXED/temp__dedup_reference	784	56c5df70a44daf767b0306e051d60fd7afaee5203a8bf17a04c3e1d30b80f573
pipelines/optimizer_ablation/FIXED/temp__dedup_reference.desc	56	39ceff5eb04e4d31cde50807523d2507e701916fcb5ddd9fa1217aebd39e5db3
pipelines/optimizer_ablation/FIXED/temp__dedup_reference.meta	26	83d9aeb166bb0b98cfb62b65997d9b9c458203cd8b88aebcf11bf21f8ab01c88
pipelines/optimizer_ablation/FIXED/temp__dedup_reference.shadow	0	e3b0c44298fc1c149afbf4c8996fb92427ae41e4649b934ca495991b7852b855
pipelines/optimizer_ablation/FIXED/temp__dedup_reference_owner	792	38340e347c153ce612809c350f6615e611f3b61a7b7fc231a6d55bfd48608421
pipelines/optimizer_ablation/FIXED/temp__dedup_reference_owner.desc	32	258d3d5a0b159d02cc390c41eacd4e3a34c16bac0e4be8e9a6945e440f7bafd9
pipelines/optimizer_ablation/FIXED/temp__dedup_reference_owner.meta	26	3cfaa2f498aa8b764dd30d4ea15dac69ae9c51ed87cac3ebf38697e3006c7766
pipelines/optimizer_ablation/FIXED/temp__dedup_reference_owner.shadow	0	e3b0c44298fc1c149afbf4c8996fb92427ae41e4649b934ca495991b7852b855
pipelines/optimizer_ablation/FIXED/temp__dedup_shifted	784	56c5df70a44daf767b0306e051d60fd7afaee5203a8bf17a04c3e1d30b80f573
pipelines/optimizer_ablation/FIXED/temp__dedup_shifted.desc	52	9e321f7a69a99c393556da4baac77cc89e44f64fe21e8a0fa74cb0f0bf331c9f
pipelines/optimizer_ablation/FIXED/temp__dedup_shifted.meta	26	98ddf0765efa80594b036a76e6d0c981f415ec16656a78c28efd2bd967f0cf44
pipelines/optimizer_ablation/FIXED/temp__dedup_shifted.shadow	0	e3b0c44298fc1c149afbf4c8996fb92427ae41e4649b934ca495991b7852b855
pipelines/optimizer_ablation/FIXED/temp__factor_reference	576	cc376ef18c8f0f776a8c64484a8becda1f813baf759535dcff5012422332b384
pipelines/optimizer_ablation/FIXED/temp__factor_reference.desc	17	108c7a9f011f52dada1fca907b8925712d2f1c57a40c6e26c9930be62d5f01fd
pipelines/optimizer_ablation/FIXED/temp__factor_reference.meta	26	0227c350c8177af95ec3914ff2de72dccd98cc8a30582cb6f6a0801eb283bf74
pipelines/optimizer_ablation/FIXED/temp__factor_reference.shadow	0	e3b0c44298fc1c149afbf4c8996fb92427ae41e4649b934ca495991b7852b855
pipelines/optimizer_ablation/FIXED/temp__factored	576	cc376ef18c8f0f776a8c64484a8becda1f813baf759535dcff5012422332b384
pipelines/optimizer_ablation/FIXED/temp__factored.desc	17	108c7a9f011f52dada1fca907b8925712d2f1c57a40c6e26c9930be62d5f01fd
pipelines/optimizer_ablation/FIXED/temp__factored.meta	26	95bdd45bbd2fa6e762229e33abe10f15a23062a2dfc4e7739baae94820029a85
pipelines/optimizer_ablation/FIXED/temp__factored.shadow	0	e3b0c44298fc1c149afbf4c8996fb92427ae41e4649b934ca495991b7852b855
pipelines/optimizer_ablation/FIXED/temp__mixed_hash	576	cc376ef18c8f0f776a8c64484a8becda1f813baf759535dcff5012422332b384
pipelines/optimizer_ablation/FIXED/temp__mixed_hash.desc	17	108c7a9f011f52dada1fca907b8925712d2f1c57a40c6e26c9930be62d5f01fd
pipelines/optimizer_ablation/FIXED/temp__mixed_hash.meta	26	6410f4a3c0a496a48f6272d3e621a54d1185b54a05551ab2ca38bed8e5ec8edf
pipelines/optimizer_ablation/FIXED/temp__mixed_hash.shadow	0	e3b0c44298fc1c149afbf4c8996fb92427ae41e4649b934ca495991b7852b855
pipelines/optimizer_ablation/FIXED/temp__mixed_shift	776	c1b8b8af734ae2af1f1e0d0da6c8de15c9c7e4e6549a7cbf4702f3f6a4afaae0
pipelines/optimizer_ablation/FIXED/temp__mixed_shift.desc	46	e757058a48089fcd8332ec4a17a1f7e8eef925e909c9a22b9e7983792e86e81a
pipelines/optimizer_ablation/FIXED/temp__mixed_shift.meta	26	c087a74ed6b82ffaf21a6f2288c68d71ef277bec8af87f07cea07967425e68d1
pipelines/optimizer_ablation/FIXED/temp__mixed_shift.shadow	0	e3b0c44298fc1c149afbf4c8996fb92427ae41e4649b934ca495991b7852b855
pipelines/optimizer_ablation/FIXED/temp__mixed_shift_reference	776	c1b8b8af734ae2af1f1e0d0da6c8de15c9c7e4e6549a7cbf4702f3f6a4afaae0
pipelines/optimizer_ablation/FIXED/temp__mixed_shift_reference.desc	48	18c41f94e1a5a7bdcafa7a915c4e4d11e608ca3f90de4e8842a1365842a3a356
pipelines/optimizer_ablation/FIXED/temp__mixed_shift_reference.meta	26	92e0033f95347aeb4de071ac557f213d1b457616328dc98a8ec63c45f498f3af
pipelines/optimizer_ablation/FIXED/temp__mixed_shift_reference.shadow	0	e3b0c44298fc1c149afbf4c8996fb92427ae41e4649b934ca495991b7852b855
pipelines/optimizer_ablation/FIXED/temp__multi1	576	cc376ef18c8f0f776a8c64484a8becda1f813baf759535dcff5012422332b384
pipelines/optimizer_ablation/FIXED/temp__multi1.desc	17	108c7a9f011f52dada1fca907b8925712d2f1c57a40c6e26c9930be62d5f01fd
pipelines/optimizer_ablation/FIXED/temp__multi1.meta	26	2c5a56eb7c8a3de615da665cb5b6bc99a9c14ecee2a4b49d69de55d488faddea
pipelines/optimizer_ablation/FIXED/temp__multi1.shadow	0	e3b0c44298fc1c149afbf4c8996fb92427ae41e4649b934ca495991b7852b855
pipelines/optimizer_ablation/FIXED/temp__multi2	576	cc376ef18c8f0f776a8c64484a8becda1f813baf759535dcff5012422332b384
pipelines/optimizer_ablation/FIXED/temp__multi2.desc	17	108c7a9f011f52dada1fca907b8925712d2f1c57a40c6e26c9930be62d5f01fd
pipelines/optimizer_ablation/FIXED/temp__multi2.meta	26	a83a28dad725e32d6714bc37af31c2de78ad673de7e05465092b27008d6ed008
pipelines/optimizer_ablation/FIXED/temp__multi2.shadow	0	e3b0c44298fc1c149afbf4c8996fb92427ae41e4649b934ca495991b7852b855
pipelines/optimizer_ablation/FIXED/temp__multi_reference	576	cc376ef18c8f0f776a8c64484a8becda1f813baf759535dcff5012422332b384
pipelines/optimizer_ablation/FIXED/temp__multi_reference.desc	17	108c7a9f011f52dada1fca907b8925712d2f1c57a40c6e26c9930be62d5f01fd
pipelines/optimizer_ablation/FIXED/temp__multi_reference.meta	26	b83faf2cb635e34c9df127dbf8bf7b2f8224deb05ef06b1c399fae529b634109
pipelines/optimizer_ablation/FIXED/temp__multi_reference.shadow	0	e3b0c44298fc1c149afbf4c8996fb92427ae41e4649b934ca495991b7852b855
pipelines/optimizer_ablation/FIXED/temp__same1	396	8683d5a88833d6ca88e2eb066a934b0265dc11c808318381307bbc948271cc93
pipelines/optimizer_ablation/FIXED/temp__same1.desc	19	50d98d960ea176637d0b4f71c821583440f783d1b0d0b4415ef76a3588b66afc
pipelines/optimizer_ablation/FIXED/temp__same1.meta	26	b4d57dacd18eb6e9f4cca5db8b8403ccb08eee508f093a9edd56e06ccaf19440
pipelines/optimizer_ablation/FIXED/temp__same1.shadow	0	e3b0c44298fc1c149afbf4c8996fb92427ae41e4649b934ca495991b7852b855
pipelines/optimizer_ablation/FIXED/temp__same2	396	8683d5a88833d6ca88e2eb066a934b0265dc11c808318381307bbc948271cc93
pipelines/optimizer_ablation/FIXED/temp__same2.desc	19	4b247f9753ddf401832d35b548ca71bd4c65b3b5290066d2e06665dd1c030ac4
pipelines/optimizer_ablation/FIXED/temp__same2.meta	26	8028f6c4066e41e127414eb1ec7dc0c4a73c8034f724b151ee768a0df1cba627
pipelines/optimizer_ablation/FIXED/temp__same2.shadow	0	e3b0c44298fc1c149afbf4c8996fb92427ae41e4649b934ca495991b7852b855
pipelines/optimizer_ablation/HISTORICAL/temp__A.desc	47	5787acced769f970ba7f750893bcaa9b5561a220ea42b224db71f7abd71c4dfa
pipelines/optimizer_ablation/HISTORICAL/temp__B.desc	47	f8f7b0f4c2423653c82e5af23efa0ea0d5e86fb7f932478b7f092ba3faf1a909
pipelines/optimizer_ablation/HISTORICAL/temp__CA.desc	58	00a2e38acab7ae4b8eb06fdab4b1a4cd347696143888b5746c8e871132ab6709
pipelines/optimizer_ablation/HISTORICAL/temp__CA2.desc	58	00a2e38acab7ae4b8eb06fdab4b1a4cd347696143888b5746c8e871132ab6709
pipelines/optimizer_ablation/HISTORICAL/temp__CB.desc	58	75ad4dee576175b503995c8502e04811c455a5e088bed1b8e5bd9123e9c47c8f
pipelines/optimizer_ablation/HISTORICAL/temp__CB2.desc	58	75ad4dee576175b503995c8502e04811c455a5e088bed1b8e5bd9123e9c47c8f
pipelines/optimizer_ablation/HISTORICAL/temp__DA.desc	47	5787acced769f970ba7f750893bcaa9b5561a220ea42b224db71f7abd71c4dfa
pipelines/optimizer_ablation/HISTORICAL/temp__DA2.desc	47	5787acced769f970ba7f750893bcaa9b5561a220ea42b224db71f7abd71c4dfa
pipelines/optimizer_ablation/HISTORICAL/temp__DB.desc	47	f8f7b0f4c2423653c82e5af23efa0ea0d5e86fb7f932478b7f092ba3faf1a909
pipelines/optimizer_ablation/HISTORICAL/temp__DB2.desc	47	f8f7b0f4c2423653c82e5af23efa0ea0d5e86fb7f932478b7f092ba3faf1a909
pipelines/optimizer_ablation/HISTORICAL/temp__FA.desc	47	5787acced769f970ba7f750893bcaa9b5561a220ea42b224db71f7abd71c4dfa
pipelines/optimizer_ablation/HISTORICAL/temp__FA2.desc	47	5787acced769f970ba7f750893bcaa9b5561a220ea42b224db71f7abd71c4dfa
pipelines/optimizer_ablation/HISTORICAL/temp__FB.desc	47	f8f7b0f4c2423653c82e5af23efa0ea0d5e86fb7f932478b7f092ba3faf1a909
pipelines/optimizer_ablation/HISTORICAL/temp__FB2.desc	47	f8f7b0f4c2423653c82e5af23efa0ea0d5e86fb7f932478b7f092ba3faf1a909
pipelines/optimizer_ablation/HISTORICAL/temp__MA.desc	47	5787acced769f970ba7f750893bcaa9b5561a220ea42b224db71f7abd71c4dfa
pipelines/optimizer_ablation/HISTORICAL/temp__MA2.desc	47	5787acced769f970ba7f750893bcaa9b5561a220ea42b224db71f7abd71c4dfa
pipelines/optimizer_ablation/HISTORICAL/temp__MB.desc	47	f8f7b0f4c2423653c82e5af23efa0ea0d5e86fb7f932478b7f092ba3faf1a909
pipelines/optimizer_ablation/HISTORICAL/temp__MB2.desc	47	f8f7b0f4c2423653c82e5af23efa0ea0d5e86fb7f932478b7f092ba3faf1a909
pipelines/optimizer_ablation/HISTORICAL/temp__QA.desc	47	5787acced769f970ba7f750893bcaa9b5561a220ea42b224db71f7abd71c4dfa
pipelines/optimizer_ablation/HISTORICAL/temp__QA2.desc	47	5787acced769f970ba7f750893bcaa9b5561a220ea42b224db71f7abd71c4dfa
pipelines/optimizer_ablation/HISTORICAL/temp__QB.desc	47	f8f7b0f4c2423653c82e5af23efa0ea0d5e86fb7f932478b7f092ba3faf1a909
pipelines/optimizer_ablation/HISTORICAL/temp__QB2.desc	47	f8f7b0f4c2423653c82e5af23efa0ea0d5e86fb7f932478b7f092ba3faf1a909
pipelines/optimizer_ablation/HISTORICAL/temp__STREAM_HASH_CA2_CB2.desc	54	36ed5fd9e8ffb22dcc896c61a59ceb157e162d33c2761dc795fba94227d52273
pipelines/optimizer_ablation/HISTORICAL/temp__STREAM_HASH_CA2_CB2.meta	26	f4eb1c856022eb37b6fc25946d95d535a0ff17bc6a955153d0c9b80f546ed449
pipelines/optimizer_ablation/HISTORICAL/temp__STREAM_HASH_CA_CB	1176	b2c8f997795ad7bec1063370ec742835df97100a235c5bc224727eb968cb02ac
pipelines/optimizer_ablation/HISTORICAL/temp__STREAM_HASH_CA_CB.desc	60	f674b9b31ec0e866a8f9b62b2f2fb9d4acf06062b61c32021d093c7b5e044d3b
pipelines/optimizer_ablation/HISTORICAL/temp__STREAM_HASH_CA_CB.meta	26	407691f3b7f16bbf823dfe9a09c9dc464516ba324d8134c247783d1e53d0d39b
pipelines/optimizer_ablation/HISTORICAL/temp__STREAM_HASH_CA_CB.shadow	0	e3b0c44298fc1c149afbf4c8996fb92427ae41e4649b934ca495991b7852b855
pipelines/optimizer_ablation/HISTORICAL/temp__STREAM_HASH_FA2_FB2.desc	43	91fa2aec6956910a282e26f8f428ec61448ae55aa3da815f9b270b5f0c8c0033
pipelines/optimizer_ablation/HISTORICAL/temp__STREAM_HASH_FA2_FB2.meta	26	c1c215b064b56764a3f77bbe552c94436bc3c2e00a30574187b63c8ab17c379b
pipelines/optimizer_ablation/HISTORICAL/temp__STREAM_HASH_FA_FB.desc	43	91fa2aec6956910a282e26f8f428ec61448ae55aa3da815f9b270b5f0c8c0033
pipelines/optimizer_ablation/HISTORICAL/temp__STREAM_HASH_FA_FB.meta	26	47bcd6fec5eaa33496fc300d049788ce2a391cd578f33456635dcca70489c506
pipelines/optimizer_ablation/HISTORICAL/temp__STREAM_HASH_MA_MB.desc	43	91fa2aec6956910a282e26f8f428ec61448ae55aa3da815f9b270b5f0c8c0033
pipelines/optimizer_ablation/HISTORICAL/temp__STREAM_HASH_MA_MB.meta	26	1d3cead0367629fff57d51f1a2d611b1be98b0eb4898c7c396fcb87b676f9acc
pipelines/optimizer_ablation/HISTORICAL/temp__STREAM_HASH_QA2_QB2.desc	43	91fa2aec6956910a282e26f8f428ec61448ae55aa3da815f9b270b5f0c8c0033
pipelines/optimizer_ablation/HISTORICAL/temp__STREAM_HASH_QA2_QB2.meta	26	eb4b06680e9010bc6a9a3f8f4fcd9afa2807fa550579af72da6d32a49a5514bd
pipelines/optimizer_ablation/HISTORICAL/temp__STREAM_HASH_QA_QB.desc	43	91fa2aec6956910a282e26f8f428ec61448ae55aa3da815f9b270b5f0c8c0033
pipelines/optimizer_ablation/HISTORICAL/temp__STREAM_HASH_QA_QB.meta	26	daf05fe04664be96e755ccacb92cc0030bd0541d75effbb1e2673dcbd9e09d7b
pipelines/optimizer_ablation/HISTORICAL/temp__STREAM_SELECT_commuted.desc	48	43deed08321e82bf51d6db34918d06133f03de92cb525f6a71f7b5d0272df510
pipelines/optimizer_ablation/HISTORICAL/temp__STREAM_SELECT_commuted.meta	26	c0ff5947516e5d89bf09019d9c943a938d6cafa68f7e24f8da900a3f1b09e68a
pipelines/optimizer_ablation/HISTORICAL/temp__STREAM_TIMEMOVE_CA.desc	54	36ed5fd9e8ffb22dcc896c61a59ceb157e162d33c2761dc795fba94227d52273
pipelines/optimizer_ablation/HISTORICAL/temp__STREAM_TIMEMOVE_CA.meta	26	283d1ad4acdecabe31c7a2bf789d472b69f6b7180f70fc6bf2b36a68692a05a1
pipelines/optimizer_ablation/HISTORICAL/temp__STREAM_TIMEMOVE_CB.desc	54	4f055d1846bee718672891c1179f2c03114241a5bccdf0616e9d49f824e9f660
pipelines/optimizer_ablation/HISTORICAL/temp__STREAM_TIMEMOVE_CB.meta	26	8ce63972e0003962bd749d56da10788cd16b334b342262ae606a5dbd25ab9b7f
pipelines/optimizer_ablation/HISTORICAL/temp__STREAM_TIMEMOVE_MA.desc	43	2f8e017bf783d84f56a2caecb1b77cd26783c6169762e8b649703b4a9b0f8bb1
pipelines/optimizer_ablation/HISTORICAL/temp__STREAM_TIMEMOVE_MA.meta	26	f863236416e984792e07452656f732f5ffc64f99760583a3840ff1a38e1ccb1c
pipelines/optimizer_ablation/HISTORICAL/temp__STREAM_TIMEMOVE_MA2.desc	43	2f8e017bf783d84f56a2caecb1b77cd26783c6169762e8b649703b4a9b0f8bb1
pipelines/optimizer_ablation/HISTORICAL/temp__STREAM_TIMEMOVE_MA2.meta	26	bc3c84c8e7e79199523cf877d741b63c3d44053dfe4a8e510159f1c3f0812a5c
pipelines/optimizer_ablation/HISTORICAL/temp__collide_reference	1152	5f409f2cb1ca4f4cab186985ecf4027c392fc5b0556e0fac8b6b06933f899469
pipelines/optimizer_ablation/HISTORICAL/temp__collide_reference.desc	28	9664c49f4f7c8fb9774f0af944ea83b9970723d4b3ada4721c8168b794dc5935
pipelines/optimizer_ablation/HISTORICAL/temp__collide_reference.meta	26	bd358b5f004ac03e5e4ca265c2a2a83243679fec2d3a8419d6c3907ce3ed5fc9
pipelines/optimizer_ablation/HISTORICAL/temp__collide_reference.shadow	0	e3b0c44298fc1c149afbf4c8996fb92427ae41e4649b934ca495991b7852b855
pipelines/optimizer_ablation/HISTORICAL/temp__collide_user	1152	5f409f2cb1ca4f4cab186985ecf4027c392fc5b0556e0fac8b6b06933f899469
pipelines/optimizer_ablation/HISTORICAL/temp__collide_user.desc	28	9664c49f4f7c8fb9774f0af944ea83b9970723d4b3ada4721c8168b794dc5935
pipelines/optimizer_ablation/HISTORICAL/temp__collide_user.meta	26	ea3f885522a102d919e8cc8e0111924f25764d0adc1426cb2dabdaf6205fdec0
pipelines/optimizer_ablation/HISTORICAL/temp__collide_user.shadow	0	e3b0c44298fc1c149afbf4c8996fb92427ae41e4649b934ca495991b7852b855
pipelines/optimizer_ablation/HISTORICAL/temp__commuted	396	8683d5a88833d6ca88e2eb066a934b0265dc11c808318381307bbc948271cc93
pipelines/optimizer_ablation/HISTORICAL/temp__commuted.desc	22	cb6dcd0f723525edc4603df8ddda153bab28ec40fe36ec89c382014757457ad1
pipelines/optimizer_ablation/HISTORICAL/temp__commuted.meta	26	c1c171990749fef15441f69a337ec34c9d1b6722c66824b09d6c1d848f44aafb
pipelines/optimizer_ablation/HISTORICAL/temp__commuted.shadow	0	e3b0c44298fc1c149afbf4c8996fb92427ae41e4649b934ca495991b7852b855
pipelines/optimizer_ablation/HISTORICAL/temp__dedup_owner	792	38340e347c153ce612809c350f6615e611f3b61a7b7fc231a6d55bfd48608421
pipelines/optimizer_ablation/HISTORICAL/temp__dedup_owner.desc	30	85cbc9ffc01b4291cef5d7f29b262e496422dbe32ebcda85bd412a04ddd47848
pipelines/optimizer_ablation/HISTORICAL/temp__dedup_owner.meta	26	452e204a5c8cdba1d167312b67f8c649f5479777fa6324560da70bb3d2e749a8
pipelines/optimizer_ablation/HISTORICAL/temp__dedup_owner.shadow	0	e3b0c44298fc1c149afbf4c8996fb92427ae41e4649b934ca495991b7852b855
pipelines/optimizer_ablation/HISTORICAL/temp__dedup_reference	784	56c5df70a44daf767b0306e051d60fd7afaee5203a8bf17a04c3e1d30b80f573
pipelines/optimizer_ablation/HISTORICAL/temp__dedup_reference.desc	56	39ceff5eb04e4d31cde50807523d2507e701916fcb5ddd9fa1217aebd39e5db3
pipelines/optimizer_ablation/HISTORICAL/temp__dedup_reference.meta	26	30a4bd93960d36bcd1b187d9ab3292f0686128aa697607db21f0689ba4b2845f
pipelines/optimizer_ablation/HISTORICAL/temp__dedup_reference.shadow	0	e3b0c44298fc1c149afbf4c8996fb92427ae41e4649b934ca495991b7852b855
pipelines/optimizer_ablation/HISTORICAL/temp__dedup_reference_owner	792	38340e347c153ce612809c350f6615e611f3b61a7b7fc231a6d55bfd48608421
pipelines/optimizer_ablation/HISTORICAL/temp__dedup_reference_owner.desc	32	258d3d5a0b159d02cc390c41eacd4e3a34c16bac0e4be8e9a6945e440f7bafd9
pipelines/optimizer_ablation/HISTORICAL/temp__dedup_reference_owner.meta	26	4029a01b86027f2b9d6340524055cb825154f44741d09f6ab3c3dec4ecc66354
pipelines/optimizer_ablation/HISTORICAL/temp__dedup_reference_owner.shadow	0	e3b0c44298fc1c149afbf4c8996fb92427ae41e4649b934ca495991b7852b855
pipelines/optimizer_ablation/HISTORICAL/temp__dedup_shifted	784	56c5df70a44daf767b0306e051d60fd7afaee5203a8bf17a04c3e1d30b80f573
pipelines/optimizer_ablation/HISTORICAL/temp__dedup_shifted.desc	52	9e321f7a69a99c393556da4baac77cc89e44f64fe21e8a0fa74cb0f0bf331c9f
pipelines/optimizer_ablation/HISTORICAL/temp__dedup_shifted.meta	26	c39b6f64938ec0f79ba0db3b473ef415b0964b8c16c255cbcb4cefb7ccf459a4
pipelines/optimizer_ablation/HISTORICAL/temp__dedup_shifted.shadow	0	e3b0c44298fc1c149afbf4c8996fb92427ae41e4649b934ca495991b7852b855
pipelines/optimizer_ablation/HISTORICAL/temp__factor_reference	576	cc376ef18c8f0f776a8c64484a8becda1f813baf759535dcff5012422332b384
pipelines/optimizer_ablation/HISTORICAL/temp__factor_reference.desc	17	108c7a9f011f52dada1fca907b8925712d2f1c57a40c6e26c9930be62d5f01fd
pipelines/optimizer_ablation/HISTORICAL/temp__factor_reference.meta	26	6071270e15b311f30e65740e5cd386c8dd7b1ea7281e7fb97107fac2e9b2a82c
pipelines/optimizer_ablation/HISTORICAL/temp__factor_reference.shadow	0	e3b0c44298fc1c149afbf4c8996fb92427ae41e4649b934ca495991b7852b855
pipelines/optimizer_ablation/HISTORICAL/temp__factored	576	cc376ef18c8f0f776a8c64484a8becda1f813baf759535dcff5012422332b384
pipelines/optimizer_ablation/HISTORICAL/temp__factored.desc	17	108c7a9f011f52dada1fca907b8925712d2f1c57a40c6e26c9930be62d5f01fd
pipelines/optimizer_ablation/HISTORICAL/temp__factored.meta	26	f2a6d21aaa53d140aac40bf467bc020e4e59a196192492870ea6a6f4b6b41ce0
pipelines/optimizer_ablation/HISTORICAL/temp__factored.shadow	0	e3b0c44298fc1c149afbf4c8996fb92427ae41e4649b934ca495991b7852b855
pipelines/optimizer_ablation/HISTORICAL/temp__mixed_hash	576	cc376ef18c8f0f776a8c64484a8becda1f813baf759535dcff5012422332b384
pipelines/optimizer_ablation/HISTORICAL/temp__mixed_hash.desc	17	108c7a9f011f52dada1fca907b8925712d2f1c57a40c6e26c9930be62d5f01fd
pipelines/optimizer_ablation/HISTORICAL/temp__mixed_hash.meta	26	19b269892cde0bf153fb070722521ba4da1f822fca1b9cfe75b51f8c858a68b2
pipelines/optimizer_ablation/HISTORICAL/temp__mixed_hash.shadow	0	e3b0c44298fc1c149afbf4c8996fb92427ae41e4649b934ca495991b7852b855
pipelines/optimizer_ablation/HISTORICAL/temp__mixed_shift	776	c1b8b8af734ae2af1f1e0d0da6c8de15c9c7e4e6549a7cbf4702f3f6a4afaae0
pipelines/optimizer_ablation/HISTORICAL/temp__mixed_shift.desc	46	e757058a48089fcd8332ec4a17a1f7e8eef925e909c9a22b9e7983792e86e81a
pipelines/optimizer_ablation/HISTORICAL/temp__mixed_shift.meta	26	4fecd48f04280526de6e97d433239168bf6860b7b55ba1a402870a1ad584ec25
pipelines/optimizer_ablation/HISTORICAL/temp__mixed_shift.shadow	0	e3b0c44298fc1c149afbf4c8996fb92427ae41e4649b934ca495991b7852b855
pipelines/optimizer_ablation/HISTORICAL/temp__mixed_shift_reference	776	c1b8b8af734ae2af1f1e0d0da6c8de15c9c7e4e6549a7cbf4702f3f6a4afaae0
pipelines/optimizer_ablation/HISTORICAL/temp__mixed_shift_reference.desc	48	18c41f94e1a5a7bdcafa7a915c4e4d11e608ca3f90de4e8842a1365842a3a356
pipelines/optimizer_ablation/HISTORICAL/temp__mixed_shift_reference.meta	26	381e3287424bd83fea45c1b6b126a83f3a5926b8503b2f627779b1dbee3fcbbd
pipelines/optimizer_ablation/HISTORICAL/temp__mixed_shift_reference.shadow	0	e3b0c44298fc1c149afbf4c8996fb92427ae41e4649b934ca495991b7852b855
pipelines/optimizer_ablation/HISTORICAL/temp__multi1	576	cc376ef18c8f0f776a8c64484a8becda1f813baf759535dcff5012422332b384
pipelines/optimizer_ablation/HISTORICAL/temp__multi1.desc	17	108c7a9f011f52dada1fca907b8925712d2f1c57a40c6e26c9930be62d5f01fd
pipelines/optimizer_ablation/HISTORICAL/temp__multi1.meta	26	3cdb39603349162fd7905e4773866a804f73e0cc7799fc4e69b0393cdf9d6602
pipelines/optimizer_ablation/HISTORICAL/temp__multi1.shadow	0	e3b0c44298fc1c149afbf4c8996fb92427ae41e4649b934ca495991b7852b855
pipelines/optimizer_ablation/HISTORICAL/temp__multi2	576	cc376ef18c8f0f776a8c64484a8becda1f813baf759535dcff5012422332b384
pipelines/optimizer_ablation/HISTORICAL/temp__multi2.desc	17	108c7a9f011f52dada1fca907b8925712d2f1c57a40c6e26c9930be62d5f01fd
pipelines/optimizer_ablation/HISTORICAL/temp__multi2.meta	26	edb6852a7b5af1b9702b4bcc3a4653b270e9f2204fc81b574359da7aa737214d
pipelines/optimizer_ablation/HISTORICAL/temp__multi2.shadow	0	e3b0c44298fc1c149afbf4c8996fb92427ae41e4649b934ca495991b7852b855
pipelines/optimizer_ablation/HISTORICAL/temp__multi_reference	576	cc376ef18c8f0f776a8c64484a8becda1f813baf759535dcff5012422332b384
pipelines/optimizer_ablation/HISTORICAL/temp__multi_reference.desc	17	108c7a9f011f52dada1fca907b8925712d2f1c57a40c6e26c9930be62d5f01fd
pipelines/optimizer_ablation/HISTORICAL/temp__multi_reference.meta	26	0953bcbf70bdcfb8604dd15b373f65a555f78187378a174c02cf4e855d49c07b
pipelines/optimizer_ablation/HISTORICAL/temp__multi_reference.shadow	0	e3b0c44298fc1c149afbf4c8996fb92427ae41e4649b934ca495991b7852b855
pipelines/optimizer_ablation/HISTORICAL/temp__same1	396	8683d5a88833d6ca88e2eb066a934b0265dc11c808318381307bbc948271cc93
pipelines/optimizer_ablation/HISTORICAL/temp__same1.desc	19	50d98d960ea176637d0b4f71c821583440f783d1b0d0b4415ef76a3588b66afc
pipelines/optimizer_ablation/HISTORICAL/temp__same1.meta	26	550abb15bebdf0349a7648151ac258e38f2477cc4d560ba4b2e10706442d9e05
pipelines/optimizer_ablation/HISTORICAL/temp__same1.shadow	0	e3b0c44298fc1c149afbf4c8996fb92427ae41e4649b934ca495991b7852b855
pipelines/optimizer_ablation/HISTORICAL/temp__same2	396	8683d5a88833d6ca88e2eb066a934b0265dc11c808318381307bbc948271cc93
pipelines/optimizer_ablation/HISTORICAL/temp__same2.desc	19	4b247f9753ddf401832d35b548ca71bd4c65b3b5290066d2e06665dd1c030ac4
pipelines/optimizer_ablation/HISTORICAL/temp__same2.meta	26	c7e051cb4017f046f9ce937ab4211b2e45a86ea6f6ad0a243dc9e357eae9163e
pipelines/optimizer_ablation/HISTORICAL/temp__same2.shadow	0	e3b0c44298fc1c149afbf4c8996fb92427ae41e4649b934ca495991b7852b855
pipelines/optimizer_ablation/HISTORICAL_2/temp__A.desc	47	5787acced769f970ba7f750893bcaa9b5561a220ea42b224db71f7abd71c4dfa
pipelines/optimizer_ablation/HISTORICAL_2/temp__B.desc	47	f8f7b0f4c2423653c82e5af23efa0ea0d5e86fb7f932478b7f092ba3faf1a909
pipelines/optimizer_ablation/HISTORICAL_2/temp__CA.desc	58	00a2e38acab7ae4b8eb06fdab4b1a4cd347696143888b5746c8e871132ab6709
pipelines/optimizer_ablation/HISTORICAL_2/temp__CA2.desc	58	00a2e38acab7ae4b8eb06fdab4b1a4cd347696143888b5746c8e871132ab6709
pipelines/optimizer_ablation/HISTORICAL_2/temp__CB.desc	58	75ad4dee576175b503995c8502e04811c455a5e088bed1b8e5bd9123e9c47c8f
pipelines/optimizer_ablation/HISTORICAL_2/temp__CB2.desc	58	75ad4dee576175b503995c8502e04811c455a5e088bed1b8e5bd9123e9c47c8f
pipelines/optimizer_ablation/HISTORICAL_2/temp__DA.desc	47	5787acced769f970ba7f750893bcaa9b5561a220ea42b224db71f7abd71c4dfa
pipelines/optimizer_ablation/HISTORICAL_2/temp__DA2.desc	47	5787acced769f970ba7f750893bcaa9b5561a220ea42b224db71f7abd71c4dfa
pipelines/optimizer_ablation/HISTORICAL_2/temp__DB.desc	47	f8f7b0f4c2423653c82e5af23efa0ea0d5e86fb7f932478b7f092ba3faf1a909
pipelines/optimizer_ablation/HISTORICAL_2/temp__DB2.desc	47	f8f7b0f4c2423653c82e5af23efa0ea0d5e86fb7f932478b7f092ba3faf1a909
pipelines/optimizer_ablation/HISTORICAL_2/temp__FA.desc	47	5787acced769f970ba7f750893bcaa9b5561a220ea42b224db71f7abd71c4dfa
pipelines/optimizer_ablation/HISTORICAL_2/temp__FA2.desc	47	5787acced769f970ba7f750893bcaa9b5561a220ea42b224db71f7abd71c4dfa
pipelines/optimizer_ablation/HISTORICAL_2/temp__FB.desc	47	f8f7b0f4c2423653c82e5af23efa0ea0d5e86fb7f932478b7f092ba3faf1a909
pipelines/optimizer_ablation/HISTORICAL_2/temp__FB2.desc	47	f8f7b0f4c2423653c82e5af23efa0ea0d5e86fb7f932478b7f092ba3faf1a909
pipelines/optimizer_ablation/HISTORICAL_2/temp__MA.desc	47	5787acced769f970ba7f750893bcaa9b5561a220ea42b224db71f7abd71c4dfa
pipelines/optimizer_ablation/HISTORICAL_2/temp__MA2.desc	47	5787acced769f970ba7f750893bcaa9b5561a220ea42b224db71f7abd71c4dfa
pipelines/optimizer_ablation/HISTORICAL_2/temp__MB.desc	47	f8f7b0f4c2423653c82e5af23efa0ea0d5e86fb7f932478b7f092ba3faf1a909
pipelines/optimizer_ablation/HISTORICAL_2/temp__MB2.desc	47	f8f7b0f4c2423653c82e5af23efa0ea0d5e86fb7f932478b7f092ba3faf1a909
pipelines/optimizer_ablation/HISTORICAL_2/temp__QA.desc	47	5787acced769f970ba7f750893bcaa9b5561a220ea42b224db71f7abd71c4dfa
pipelines/optimizer_ablation/HISTORICAL_2/temp__QA2.desc	47	5787acced769f970ba7f750893bcaa9b5561a220ea42b224db71f7abd71c4dfa
pipelines/optimizer_ablation/HISTORICAL_2/temp__QB.desc	47	f8f7b0f4c2423653c82e5af23efa0ea0d5e86fb7f932478b7f092ba3faf1a909
pipelines/optimizer_ablation/HISTORICAL_2/temp__QB2.desc	47	f8f7b0f4c2423653c82e5af23efa0ea0d5e86fb7f932478b7f092ba3faf1a909
pipelines/optimizer_ablation/HISTORICAL_2/temp__STREAM_HASH_CA2_CB2.desc	54	36ed5fd9e8ffb22dcc896c61a59ceb157e162d33c2761dc795fba94227d52273
pipelines/optimizer_ablation/HISTORICAL_2/temp__STREAM_HASH_CA2_CB2.meta	26	add8945981d57336819d260867edbaa3196f1d72389a611434caa2f35f53378d
pipelines/optimizer_ablation/HISTORICAL_2/temp__STREAM_HASH_CA_CB	1176	b2c8f997795ad7bec1063370ec742835df97100a235c5bc224727eb968cb02ac
pipelines/optimizer_ablation/HISTORICAL_2/temp__STREAM_HASH_CA_CB.desc	60	f674b9b31ec0e866a8f9b62b2f2fb9d4acf06062b61c32021d093c7b5e044d3b
pipelines/optimizer_ablation/HISTORICAL_2/temp__STREAM_HASH_CA_CB.meta	26	99f85bda61488cdff97d6c7e05853f21e8dcf273f45c2d7e5bf8231368a964ef
pipelines/optimizer_ablation/HISTORICAL_2/temp__STREAM_HASH_CA_CB.shadow	0	e3b0c44298fc1c149afbf4c8996fb92427ae41e4649b934ca495991b7852b855
pipelines/optimizer_ablation/HISTORICAL_2/temp__STREAM_HASH_FA2_FB2.desc	43	91fa2aec6956910a282e26f8f428ec61448ae55aa3da815f9b270b5f0c8c0033
pipelines/optimizer_ablation/HISTORICAL_2/temp__STREAM_HASH_FA2_FB2.meta	26	db1cb5e8c0fecbb9eec4dcd0665900722d7df6fe3d56f261d7f6c8c27c4ce4c4
pipelines/optimizer_ablation/HISTORICAL_2/temp__STREAM_HASH_FA_FB.desc	43	91fa2aec6956910a282e26f8f428ec61448ae55aa3da815f9b270b5f0c8c0033
pipelines/optimizer_ablation/HISTORICAL_2/temp__STREAM_HASH_FA_FB.meta	26	d9e610237056f0e236af19ec906166cb48c3c339a4d7c054ad75b553ff8cc711
pipelines/optimizer_ablation/HISTORICAL_2/temp__STREAM_HASH_MA_MB.desc	43	91fa2aec6956910a282e26f8f428ec61448ae55aa3da815f9b270b5f0c8c0033
pipelines/optimizer_ablation/HISTORICAL_2/temp__STREAM_HASH_MA_MB.meta	26	21b33628ad298f632fa093c682081cad1081d7f73110c305a4678f124589d54f
pipelines/optimizer_ablation/HISTORICAL_2/temp__STREAM_HASH_QA2_QB2.desc	43	91fa2aec6956910a282e26f8f428ec61448ae55aa3da815f9b270b5f0c8c0033
pipelines/optimizer_ablation/HISTORICAL_2/temp__STREAM_HASH_QA2_QB2.meta	26	51a530eefdb6951c30026986a405be91332ea7e7acfe49d1fc788c01125a0a4a
pipelines/optimizer_ablation/HISTORICAL_2/temp__STREAM_HASH_QA_QB.desc	43	91fa2aec6956910a282e26f8f428ec61448ae55aa3da815f9b270b5f0c8c0033
pipelines/optimizer_ablation/HISTORICAL_2/temp__STREAM_HASH_QA_QB.meta	26	c8a4a57f2b1a8fa4962b9ff5bac82965abc9fe58c2289d09d5ae059f58e7f1c5
pipelines/optimizer_ablation/HISTORICAL_2/temp__STREAM_SELECT_commuted.desc	48	43deed08321e82bf51d6db34918d06133f03de92cb525f6a71f7b5d0272df510
pipelines/optimizer_ablation/HISTORICAL_2/temp__STREAM_SELECT_commuted.meta	26	d63853bc87a857f41e686b7bd966aa00c11c372fd35ca3a7c3687aeb7c214a7b
pipelines/optimizer_ablation/HISTORICAL_2/temp__STREAM_TIMEMOVE_CA.desc	54	36ed5fd9e8ffb22dcc896c61a59ceb157e162d33c2761dc795fba94227d52273
pipelines/optimizer_ablation/HISTORICAL_2/temp__STREAM_TIMEMOVE_CA.meta	26	b3afaad4a3892ee3f930374100146ebbe53698f3c6472def9a10265e1577925f
pipelines/optimizer_ablation/HISTORICAL_2/temp__STREAM_TIMEMOVE_CB.desc	54	4f055d1846bee718672891c1179f2c03114241a5bccdf0616e9d49f824e9f660
pipelines/optimizer_ablation/HISTORICAL_2/temp__STREAM_TIMEMOVE_CB.meta	26	da0d685cd4b06151e01ec2e21dbb2d8d938d8fa84661ef6a925d81c0d89e30e2
pipelines/optimizer_ablation/HISTORICAL_2/temp__STREAM_TIMEMOVE_MA.desc	43	2f8e017bf783d84f56a2caecb1b77cd26783c6169762e8b649703b4a9b0f8bb1
pipelines/optimizer_ablation/HISTORICAL_2/temp__STREAM_TIMEMOVE_MA.meta	26	f06467f4efa4eb9b151dbdcea71c578d41700234c6dfc7c9cb4631026d4a2a2d
pipelines/optimizer_ablation/HISTORICAL_2/temp__STREAM_TIMEMOVE_MA2.desc	43	2f8e017bf783d84f56a2caecb1b77cd26783c6169762e8b649703b4a9b0f8bb1
pipelines/optimizer_ablation/HISTORICAL_2/temp__STREAM_TIMEMOVE_MA2.meta	26	86297308dcc7fbfb4bec8b14f6fb2024c5910fce62a6d901a509d2f2fbeedb9f
pipelines/optimizer_ablation/HISTORICAL_2/temp__collide_reference	1152	5f409f2cb1ca4f4cab186985ecf4027c392fc5b0556e0fac8b6b06933f899469
pipelines/optimizer_ablation/HISTORICAL_2/temp__collide_reference.desc	28	9664c49f4f7c8fb9774f0af944ea83b9970723d4b3ada4721c8168b794dc5935
pipelines/optimizer_ablation/HISTORICAL_2/temp__collide_reference.meta	26	9a235a2c20f85d2eeec25deaa1819832de46f5e038fe4056235d3db618c1c4bb
pipelines/optimizer_ablation/HISTORICAL_2/temp__collide_reference.shadow	0	e3b0c44298fc1c149afbf4c8996fb92427ae41e4649b934ca495991b7852b855
pipelines/optimizer_ablation/HISTORICAL_2/temp__collide_user	1152	5f409f2cb1ca4f4cab186985ecf4027c392fc5b0556e0fac8b6b06933f899469
pipelines/optimizer_ablation/HISTORICAL_2/temp__collide_user.desc	28	9664c49f4f7c8fb9774f0af944ea83b9970723d4b3ada4721c8168b794dc5935
pipelines/optimizer_ablation/HISTORICAL_2/temp__collide_user.meta	26	38a7c412b0c08fb2474cdc878f72c610820fa5a9dc87ab4f7e83741acfbe180e
pipelines/optimizer_ablation/HISTORICAL_2/temp__collide_user.shadow	0	e3b0c44298fc1c149afbf4c8996fb92427ae41e4649b934ca495991b7852b855
pipelines/optimizer_ablation/HISTORICAL_2/temp__commuted	396	8683d5a88833d6ca88e2eb066a934b0265dc11c808318381307bbc948271cc93
pipelines/optimizer_ablation/HISTORICAL_2/temp__commuted.desc	22	cb6dcd0f723525edc4603df8ddda153bab28ec40fe36ec89c382014757457ad1
pipelines/optimizer_ablation/HISTORICAL_2/temp__commuted.meta	26	64005784273c1e54e42929f06b9d294513de90aa5d2f7dffaa45973d6482207d
pipelines/optimizer_ablation/HISTORICAL_2/temp__commuted.shadow	0	e3b0c44298fc1c149afbf4c8996fb92427ae41e4649b934ca495991b7852b855
pipelines/optimizer_ablation/HISTORICAL_2/temp__dedup_owner	792	38340e347c153ce612809c350f6615e611f3b61a7b7fc231a6d55bfd48608421
pipelines/optimizer_ablation/HISTORICAL_2/temp__dedup_owner.desc	30	85cbc9ffc01b4291cef5d7f29b262e496422dbe32ebcda85bd412a04ddd47848
pipelines/optimizer_ablation/HISTORICAL_2/temp__dedup_owner.meta	26	ab34401db5feb53fc644d568faedfe5adf6a2969430065811dc9bfd9b76dd821
pipelines/optimizer_ablation/HISTORICAL_2/temp__dedup_owner.shadow	0	e3b0c44298fc1c149afbf4c8996fb92427ae41e4649b934ca495991b7852b855
pipelines/optimizer_ablation/HISTORICAL_2/temp__dedup_reference	784	56c5df70a44daf767b0306e051d60fd7afaee5203a8bf17a04c3e1d30b80f573
pipelines/optimizer_ablation/HISTORICAL_2/temp__dedup_reference.desc	56	39ceff5eb04e4d31cde50807523d2507e701916fcb5ddd9fa1217aebd39e5db3
pipelines/optimizer_ablation/HISTORICAL_2/temp__dedup_reference.meta	26	ca7534a40947734fef17da4b7f0c096ba525b0f5767cb7a77ae39c8560e0b42f
pipelines/optimizer_ablation/HISTORICAL_2/temp__dedup_reference.shadow	0	e3b0c44298fc1c149afbf4c8996fb92427ae41e4649b934ca495991b7852b855
pipelines/optimizer_ablation/HISTORICAL_2/temp__dedup_reference_owner	792	38340e347c153ce612809c350f6615e611f3b61a7b7fc231a6d55bfd48608421
pipelines/optimizer_ablation/HISTORICAL_2/temp__dedup_reference_owner.desc	32	258d3d5a0b159d02cc390c41eacd4e3a34c16bac0e4be8e9a6945e440f7bafd9
pipelines/optimizer_ablation/HISTORICAL_2/temp__dedup_reference_owner.meta	26	91a3244b39fd570315f2674fd74a69e1d95ca22869538be3ab05dae07605a21e
pipelines/optimizer_ablation/HISTORICAL_2/temp__dedup_reference_owner.shadow	0	e3b0c44298fc1c149afbf4c8996fb92427ae41e4649b934ca495991b7852b855
pipelines/optimizer_ablation/HISTORICAL_2/temp__dedup_shifted	784	56c5df70a44daf767b0306e051d60fd7afaee5203a8bf17a04c3e1d30b80f573
pipelines/optimizer_ablation/HISTORICAL_2/temp__dedup_shifted.desc	52	9e321f7a69a99c393556da4baac77cc89e44f64fe21e8a0fa74cb0f0bf331c9f
pipelines/optimizer_ablation/HISTORICAL_2/temp__dedup_shifted.meta	26	c9de3a56db7e2ca373c015e06e4c3ed0c51ed8f7ff2f55bbf076348fc48eb360
pipelines/optimizer_ablation/HISTORICAL_2/temp__dedup_shifted.shadow	0	e3b0c44298fc1c149afbf4c8996fb92427ae41e4649b934ca495991b7852b855
pipelines/optimizer_ablation/HISTORICAL_2/temp__factor_reference	576	cc376ef18c8f0f776a8c64484a8becda1f813baf759535dcff5012422332b384
pipelines/optimizer_ablation/HISTORICAL_2/temp__factor_reference.desc	17	108c7a9f011f52dada1fca907b8925712d2f1c57a40c6e26c9930be62d5f01fd
pipelines/optimizer_ablation/HISTORICAL_2/temp__factor_reference.meta	26	353a0beff48f174e8551673a7f9d96985951f9560b368cf242df6f776c72f4a5
pipelines/optimizer_ablation/HISTORICAL_2/temp__factor_reference.shadow	0	e3b0c44298fc1c149afbf4c8996fb92427ae41e4649b934ca495991b7852b855
pipelines/optimizer_ablation/HISTORICAL_2/temp__factored	576	cc376ef18c8f0f776a8c64484a8becda1f813baf759535dcff5012422332b384
pipelines/optimizer_ablation/HISTORICAL_2/temp__factored.desc	17	108c7a9f011f52dada1fca907b8925712d2f1c57a40c6e26c9930be62d5f01fd
pipelines/optimizer_ablation/HISTORICAL_2/temp__factored.meta	26	295a7e96def838003c6f67526decf2152f114a3de0fe30208bbc7e599faa3b96
pipelines/optimizer_ablation/HISTORICAL_2/temp__factored.shadow	0	e3b0c44298fc1c149afbf4c8996fb92427ae41e4649b934ca495991b7852b855
pipelines/optimizer_ablation/HISTORICAL_2/temp__mixed_hash	576	cc376ef18c8f0f776a8c64484a8becda1f813baf759535dcff5012422332b384
pipelines/optimizer_ablation/HISTORICAL_2/temp__mixed_hash.desc	17	108c7a9f011f52dada1fca907b8925712d2f1c57a40c6e26c9930be62d5f01fd
pipelines/optimizer_ablation/HISTORICAL_2/temp__mixed_hash.meta	26	d362998b9f74f9c17cc7ce7c5ac59abdd70e9f322f5175ef9445070bf3ed0a29
pipelines/optimizer_ablation/HISTORICAL_2/temp__mixed_hash.shadow	0	e3b0c44298fc1c149afbf4c8996fb92427ae41e4649b934ca495991b7852b855
pipelines/optimizer_ablation/HISTORICAL_2/temp__mixed_shift	776	c1b8b8af734ae2af1f1e0d0da6c8de15c9c7e4e6549a7cbf4702f3f6a4afaae0
pipelines/optimizer_ablation/HISTORICAL_2/temp__mixed_shift.desc	46	e757058a48089fcd8332ec4a17a1f7e8eef925e909c9a22b9e7983792e86e81a
pipelines/optimizer_ablation/HISTORICAL_2/temp__mixed_shift.meta	26	6b0987dc939b9f6df22fc679de9bc3d8bda2885c1295158083af4eafc46302fe
pipelines/optimizer_ablation/HISTORICAL_2/temp__mixed_shift.shadow	0	e3b0c44298fc1c149afbf4c8996fb92427ae41e4649b934ca495991b7852b855
pipelines/optimizer_ablation/HISTORICAL_2/temp__mixed_shift_reference	776	c1b8b8af734ae2af1f1e0d0da6c8de15c9c7e4e6549a7cbf4702f3f6a4afaae0
pipelines/optimizer_ablation/HISTORICAL_2/temp__mixed_shift_reference.desc	48	18c41f94e1a5a7bdcafa7a915c4e4d11e608ca3f90de4e8842a1365842a3a356
pipelines/optimizer_ablation/HISTORICAL_2/temp__mixed_shift_reference.meta	26	14d6f85f55e69656d29d50dac93a97cbd114779713c1a49eebc7a3c1aeba62ba
pipelines/optimizer_ablation/HISTORICAL_2/temp__mixed_shift_reference.shadow	0	e3b0c44298fc1c149afbf4c8996fb92427ae41e4649b934ca495991b7852b855
pipelines/optimizer_ablation/HISTORICAL_2/temp__multi1	576	cc376ef18c8f0f776a8c64484a8becda1f813baf759535dcff5012422332b384
pipelines/optimizer_ablation/HISTORICAL_2/temp__multi1.desc	17	108c7a9f011f52dada1fca907b8925712d2f1c57a40c6e26c9930be62d5f01fd
pipelines/optimizer_ablation/HISTORICAL_2/temp__multi1.meta	26	5b25f80b5f8e1dcb92043569b0d396abddb57795b8bbf0ae3836f84dd7e6da29
pipelines/optimizer_ablation/HISTORICAL_2/temp__multi1.shadow	0	e3b0c44298fc1c149afbf4c8996fb92427ae41e4649b934ca495991b7852b855
pipelines/optimizer_ablation/HISTORICAL_2/temp__multi2	576	cc376ef18c8f0f776a8c64484a8becda1f813baf759535dcff5012422332b384
pipelines/optimizer_ablation/HISTORICAL_2/temp__multi2.desc	17	108c7a9f011f52dada1fca907b8925712d2f1c57a40c6e26c9930be62d5f01fd
pipelines/optimizer_ablation/HISTORICAL_2/temp__multi2.meta	26	a0a2323be2fd169c526f90d850176cb1c56d9aa11e93b2d9f0d27957cd1279c9
pipelines/optimizer_ablation/HISTORICAL_2/temp__multi2.shadow	0	e3b0c44298fc1c149afbf4c8996fb92427ae41e4649b934ca495991b7852b855
pipelines/optimizer_ablation/HISTORICAL_2/temp__multi_reference	576	cc376ef18c8f0f776a8c64484a8becda1f813baf759535dcff5012422332b384
pipelines/optimizer_ablation/HISTORICAL_2/temp__multi_reference.desc	17	108c7a9f011f52dada1fca907b8925712d2f1c57a40c6e26c9930be62d5f01fd
pipelines/optimizer_ablation/HISTORICAL_2/temp__multi_reference.meta	26	a81307886eaaa0c434060521e47cea0ffe57545dc588f9143dd9728ceb190b6b
pipelines/optimizer_ablation/HISTORICAL_2/temp__multi_reference.shadow	0	e3b0c44298fc1c149afbf4c8996fb92427ae41e4649b934ca495991b7852b855
pipelines/optimizer_ablation/HISTORICAL_2/temp__same1	396	8683d5a88833d6ca88e2eb066a934b0265dc11c808318381307bbc948271cc93
pipelines/optimizer_ablation/HISTORICAL_2/temp__same1.desc	19	50d98d960ea176637d0b4f71c821583440f783d1b0d0b4415ef76a3588b66afc
pipelines/optimizer_ablation/HISTORICAL_2/temp__same1.meta	26	8d228f68a958966bb304d017c7b75c3dc81bdb67514ddf49fa760268811602f7
pipelines/optimizer_ablation/HISTORICAL_2/temp__same1.shadow	0	e3b0c44298fc1c149afbf4c8996fb92427ae41e4649b934ca495991b7852b855
pipelines/optimizer_ablation/HISTORICAL_2/temp__same2	396	8683d5a88833d6ca88e2eb066a934b0265dc11c808318381307bbc948271cc93
pipelines/optimizer_ablation/HISTORICAL_2/temp__same2.desc	19	4b247f9753ddf401832d35b548ca71bd4c65b3b5290066d2e06665dd1c030ac4
pipelines/optimizer_ablation/HISTORICAL_2/temp__same2.meta	26	0eeb86681ddc712d783e549a52be2b7adcfaaaf7949fc6cf969711f974c038f8
pipelines/optimizer_ablation/HISTORICAL_2/temp__same2.shadow	0	e3b0c44298fc1c149afbf4c8996fb92427ae41e4649b934ca495991b7852b855
pipelines/rec205/FIXED/STREAM_ADD_mlii_mwi	41960	6d3801c1f53213b905dbcb996d4de4d22e28964754f7e97bba4b5a28f935939f
pipelines/rec205/FIXED/STREAM_ADD_mlii_mwi.meta	26	52268ee60a16c871f20c18424ff5de0d74fd96f3b73ebc183e0973669f57c906
pipelines/rec205/FIXED/bp_acc.meta	29	625cd8211328cfcaeb9d9fe889b0be1cc9a0781d1578fece2ecfcfa608d980de
pipelines/rec205/FIXED/bp_out.meta	26	81d05a5b90a99946fe933d0059b0385a3c28480c7bed0ef20ce877bc9cc48f2c
pipelines/rec205/FIXED/bp_win.meta	26	d9f9b4636c931e8a92943154d5a9457e2c53a1225598652f653e1b974031adf0
pipelines/rec205/FIXED/d_acc.meta	26	84a1be8a70fa3f4a796b4e3b993cf5ad3c327f227e037ce3d2818d73b6a5cce7
pipelines/rec205/FIXED/d_out.meta	26	01281fa51c8fa524e7216c9ddabb00809b29ff65075c9c739b7b7b4b8e44250e
pipelines/rec205/FIXED/mlii.meta	26	3dc4e5b45762f5625d463891eb947f8487d2762ea73cb384d9e3ef45973e9a5c
pipelines/rec205/FIXED/mlii_win.meta	29	9d221dcc047e061e41cab6622dc0e74e85cd4675281cdb4f804e8ec27b5f182e
pipelines/rec205/FIXED/mwi.meta	26	9e83f2f7ed1e95422e36edfcdac63ba93b6f76968b0718c42391c06eb37fbdae
pipelines/rec205/FIXED/mwi_long.meta	48	83aa991b7dff7d40444500318059bbf10c86c5204214e95d10345b768844de45
pipelines/rec205/FIXED/mwi_thr.meta	26	20a16c55b869fe15d78b643991cd798aba43a246b157f7f539f3c598ac86a4de
pipelines/rec205/FIXED/mwi_win.meta	29	6aaab1afc93c5a36725d6045f05fb15a395536b027c9299b5902ca68f2a37197
pipelines/rec205/FIXED/qrs_out.meta	26	2716177c11cbc25477a8942a18694549cc415bc5c911ec5c81333f7690d026f3
pipelines/rec205/FIXED/sq_out.meta	26	232f1d67ef376f6065975b29173bb7e4ab4605091c53850bd027ffbdad6f90d1
pipelines/rec205/HISTORICAL/STREAM_ADD_mlii_mwi	41960	6d3801c1f53213b905dbcb996d4de4d22e28964754f7e97bba4b5a28f935939f
pipelines/rec205/HISTORICAL/STREAM_ADD_mlii_mwi.meta	26	52268ee60a16c871f20c18424ff5de0d74fd96f3b73ebc183e0973669f57c906
pipelines/rec205/HISTORICAL/bp_acc.meta	29	5a5597be9481f74c8c26b83746c8f82a6e7ad542b0ab0e128d3c91ee23209330
pipelines/rec205/HISTORICAL/bp_out.meta	26	3660857458848696cbc2a2b318c8b42cf26defddd692c99afbcb6358c27e075e
pipelines/rec205/HISTORICAL/bp_win.meta	26	fc7c45df8e1f12755d79ab335e37e781f67353a2237a4d3794b83cfe5942ddf8
pipelines/rec205/HISTORICAL/d_acc.meta	26	9a742a23eaff8584ed199cb575e0ed9d9de68ac15fb13b75791a23cfacb4bbd9
pipelines/rec205/HISTORICAL/d_out.meta	26	621a438c9103523f39e4aff8f31afc9161719d1df5b22f7e36eb7a35377989ec
pipelines/rec205/HISTORICAL/mlii.meta	26	586df037b2fa8e2ea8ee1dca5858a641e2dee4e26f6acd8560003851d8ca6666
pipelines/rec205/HISTORICAL/mlii_win.meta	29	e3780baf7d00ed38f1fcbbb0b0c3cce6eaeb0359dac3381ae789495975927d4f
pipelines/rec205/HISTORICAL/mwi.meta	26	df64f4fb96ec8a0cb1909d45aef539f443af3fbf81ec703720a2c60d73e82d84
pipelines/rec205/HISTORICAL/mwi_long.meta	48	e96f07e68e7002351c30e8d562843456ce7f1085eb0f8d167dff770bd0d03a50
pipelines/rec205/HISTORICAL/mwi_thr.meta	26	8f097b4d8eadb17fea342591c273c45ed17417edc756a589555cccf88c9640ef
pipelines/rec205/HISTORICAL/mwi_win.meta	29	4e72c0581f5c212b72d2662db5d1fdad0f404d3a3b54a83d2a5e142a48f76d20
pipelines/rec205/HISTORICAL/qrs_out.meta	26	de53b6b0b562d2e977f79d9c6ca946e229a121ea3af46ef5bf5fbae155bf8f39
pipelines/rec205/HISTORICAL/sq_out.meta	26	6887da84cbec0c05cfec70e7093bfbcbf072a0a5b9763fc19e89e0e1b7a95484
pipelines/rec205/HISTORICAL_2/STREAM_ADD_mlii_mwi	41960	6d3801c1f53213b905dbcb996d4de4d22e28964754f7e97bba4b5a28f935939f
pipelines/rec205/HISTORICAL_2/STREAM_ADD_mlii_mwi.meta	26	52268ee60a16c871f20c18424ff5de0d74fd96f3b73ebc183e0973669f57c906
pipelines/rec205/HISTORICAL_2/bp_acc.meta	29	4b6fb7256c29f3cb877b6cec5c4269c7d59bc894c270756d767be7cfba7ea1c5
pipelines/rec205/HISTORICAL_2/bp_out.meta	26	0b56d41adf887554a166a80144aab74a4c9cf7755fabb135a69ad7410b34796e
pipelines/rec205/HISTORICAL_2/bp_win.meta	26	6805fc780bdb30c44c7ac81cd5463e27dcb78f3b2a3b52adffc114cc4ea16c2f
pipelines/rec205/HISTORICAL_2/d_acc.meta	26	65e7e5a3cf2e6c60c6e4094458ac2173d306db7245cd4f95cc7850762e9998a3
pipelines/rec205/HISTORICAL_2/d_out.meta	26	e4c1bf76ed850d9f5624068807394106916ed80ce717b4a16bae3478a47ad1b7
pipelines/rec205/HISTORICAL_2/mlii.meta	26	9297025cabf47d2409b62c3fe8068edec1f9cafa5a90c938f349136251f5c98b
pipelines/rec205/HISTORICAL_2/mlii_win.meta	29	e188d9a1e4183edcb0270778f72723a8e78cb6e8a303635ba38ad75fc723b2b2
pipelines/rec205/HISTORICAL_2/mwi.meta	26	455b6f2c294bf3f95820ac9f5a026228987da0ab2d54f27a0a35e29d328df3b9
pipelines/rec205/HISTORICAL_2/mwi_long.meta	48	36f4510226ccb7fbb75270dea9c5cce568d95228dcedf6db2cd2a5b9965deb0e
pipelines/rec205/HISTORICAL_2/mwi_thr.meta	26	5760f271cd354bb9817ce71ddc54fbfc44929708b726fdcdf42a96f8d30c2e4b
pipelines/rec205/HISTORICAL_2/mwi_win.meta	29	9084f24465076d2f73f930fb4459e67dee777beca1bd7dff2d2c80270f34fa81
pipelines/rec205/HISTORICAL_2/qrs_out.meta	26	8fea645a772d88616436e6c9e37b3fe83ae55c79463fea17dc14aa86cecc1000
pipelines/rec205/HISTORICAL_2/sq_out.meta	26	bb24b9607a4807c2451a962d1e8b7974dda072ab6e66b4e7306194f0a1d8960b
