path	bytes	sha256
compile/ALGSTRUCT/W1.stderr	165	25ac9ccfc764a5c657269e76aafc5f58811511cc90ccb6dbc467d13a2bde5950
compile/ALGSTRUCT/W1.stdout	333	e9e28a6cd9708fd44d9ea6c95c8b99aff0bc1410fdf6ac5c626e6dcdc5f07d0a
compile/ALGSTRUCT/W2_Q01.stderr	165	25ac9ccfc764a5c657269e76aafc5f58811511cc90ccb6dbc467d13a2bde5950
compile/ALGSTRUCT/W2_Q01.stdout	341	aa3aa12d6bf8f5a203823e47b30143eefedb62fc9e70195e975b21963c908ac5
compile/ALGSTRUCT/W2_Q02.stderr	166	81f4409f7021327ff3e6113d8c666c082153d9dc3a23a87ce7b96d0b2306ba3c
compile/ALGSTRUCT/W2_Q02.stdout	462	c297dc11c1eb2f34827e793f805e53bf88928b0935593a908bbd1ef99bb38ac7
compile/ALGSTRUCT/W2_Q04.stderr	169	ce8c5773bf6025adfbe6ae0f211b7a7dd43a9c859e1f5eb5f2ebd6d7058ba5b4
compile/ALGSTRUCT/W2_Q04.stdout	704	a6907c3b91929a7e2b96684b3b9ff0d84686d86f470ee00737b313e01cf89a19
compile/ALGSTRUCT/W2_Q08.stderr	173	fea5c56185b3fa463cd7e03eebadf39ce2ffeb0e78c3d45a43e74eba4897642d
compile/ALGSTRUCT/W2_Q08.stdout	1188	d5c0f273cf5b1d45b49965f71d9f7414f43597896b6d6870d4a39e0ff9c5ba2d
compile/ALGSTRUCT/W2_Q16.stderr	178	6c59d92d855cef87992729a9fae3ca61c23f5cde32f79c82653579cc77e693cc
compile/ALGSTRUCT/W2_Q16.stdout	2156	e63183f3a66baef93013dc9b53c54c5de6ef29c584fbef71d94610f5154f4024
compile/ALGSTRUCT/W2_Q32.stderr	179	2f8c6110c3a8e527d20ba05e83b8b8bc6a9e563f2a1a21c1fa436150303cc6a4
compile/ALGSTRUCT/W2_Q32.stdout	4092	475a25b34f3376ff2966e99811b909aef6fc606cd8af860a7295994a953a2bb2
compile/ALGSTRUCT/W3_d1.stderr	173	fea5c56185b3fa463cd7e03eebadf39ce2ffeb0e78c3d45a43e74eba4897642d
compile/ALGSTRUCT/W3_d1.stdout	1188	9d221be23a45720a16a46953f5f1d2e5b4caf024fc8b570b4aedcd9ee91139eb
compile/ALGSTRUCT/W3_d2.stderr	176	d5a4391debdde8177c1be10437203b25a4f17f24ccc1057e45492fbec3ba0012
compile/ALGSTRUCT/W3_d2.stdout	2068	2213edb751864e1f97a1182152a38462a6be169f46d5c4ace10398d49d08f3d4
compile/ALGSTRUCT/W3_d3.stderr	178	baff2df8f7065e690ab563ffc0b277666f195b565ea170e7b1042c73c7f7d49b
compile/ALGSTRUCT/W3_d3.stdout	3233	7f66f59318138a670f7551014b3175284c3a3134b73ac109f32369e0828be47c
compile/ALGSTRUCT/W4_Q01.stderr	172	e170a211dc94d20a89ba854509e33aa3844817f7c2d365727511fac32c08e028
compile/ALGSTRUCT/W4_Q01.stdout	2044	7d7c63716890f5f350911251ac5798a152128cf24f4a85d13082b98ab1044006
compile/ALGSTRUCT/W4_Q02.stderr	176	b70a06be98a85667d76f0afde6d7759a5110cf8c643d45d869c224e886a1ef24
compile/ALGSTRUCT/W4_Q02.stdout	3868	22bb3a1aed92a710366381912037416162862b4b23892e8fbe1495c0acb3b828
compile/ALGSTRUCT/W4_Q04.stderr	180	40f7bc406c718e7f6fda211570992af9e0c5b5ce0b1859380aedae5409c67878
compile/ALGSTRUCT/W4_Q04.stdout	7516	beed6a68b238dd56debf25ffb4af3a71af266c75d4e829478eef261811885649
compile/ALGSTRUCT/W4_Q08.stderr	180	16671bc7dbb2a92ab77723b6868a22c77f8216040a028395e976ec58d09ab076
compile/ALGSTRUCT/W4_Q08.stdout	14812	192884d427ea55ec6b5887b78777d5b21d4e92105d98c44ae4ddcb4eef2af35a
compile/ALGSTRUCT/W4_Q16.stderr	185	0fcd0b7b42d6a4361c8789447be944540c99c2446033e16b974f496a189b998b
compile/ALGSTRUCT/W4_Q16.stdout	29404	804351d77c2e68af3eb65c48a221373cf8907e5eb28db92d034ecba45fa261a1
compile/ALGSTRUCT/W4_Q32.stderr	193	46331ff3be5aacaf99d28b62f6045a8771b274e71b45e2b453402a3318854281
compile/ALGSTRUCT/W4_Q32.stdout	58588	102b767c4d1c76c0220726ae9d5906d78cc9181f3f099fe97c38e313ab8b506d
compile/ALGSTRUCT/W5_Q01.stderr	165	b4294804e6807226dd23099e2160749772d15f75d87e1775e62acf96eef65e5e
compile/ALGSTRUCT/W5_Q01.stdout	234	f8348c8d8c0f335805add7fb0ea37c536e0b7765a9fc006e19db29cab4ac649a
compile/ALGSTRUCT/W5_Q02.stderr	165	4e12fa230e18577078e0d89d341417e4163408aca37666f124b9188071cb9b2e
compile/ALGSTRUCT/W5_Q02.stdout	436	3cbc079369b97a7e464efff89884ada901865ba2d112d30e3d1dd0d38622c6e1
compile/ALGSTRUCT/W5_Q04.stderr	173	952627053b75fb4886b07301be081641eeac7e2a6c835728d77b5b484f660cb8
compile/ALGSTRUCT/W5_Q04.stdout	840	dee8d8a78cd02c5099ee650b9a9a528b8d5f32142137f21481746b25febda096
compile/ALGSTRUCT/W5_Q08.stderr	173	962c4af87e23c32b85edcd114e138d5110a53705bf441511c0c7550b9fc8ac6b
compile/ALGSTRUCT/W5_Q08.stdout	1648	03545f0f69c4f7765b6208ecff68171e769ef2d416cb1862853756944495e2f3
compile/ALGSTRUCT/W5_Q16.stderr	177	62e355b8d10da1953a0fcc342426320b37a32da5dec64bb20884eeef6dc05fae
compile/ALGSTRUCT/W5_Q16.stdout	3264	5c9b6efca751b4fef38ea1baa2bdcdebb372aeb5a5e14eaf340759689499d419
compile/ALGSTRUCT/W5_Q32.stderr	177	0fb83b00765f1250e4ab1917b94511d6087310b82d1540635fb54e4d08768920
compile/ALGSTRUCT/W5_Q32.stdout	6496	9221ec04aded1f42ed8fad92e7794edde14771148c8288f10a55cad5706fa3e7
compile/ALGSTRUCT/W6_Q01.stderr	165	146f1f4d63c9e7c92c7e14dfe5edff9520375c9b9595765bb0006718b32ee16a
compile/ALGSTRUCT/W6_Q01.stdout	483	fb3b232aa4d72f5f2974c28abb7928277a7be4b283571e850d3b64dd3cdf7d4d
compile/ALGSTRUCT/W6_Q02.stderr	169	3fd8e215e41f6e442e1baf452c41f8e1531dca96a88015bd9a0ca38d1eb0f191
compile/ALGSTRUCT/W6_Q02.stdout	634	259e45e1ccc1ed62f6f15db36e5f0a97e1c8b5857dbbb4e52b62908660d3c136
compile/ALGSTRUCT/W6_Q04.stderr	169	0eb30d34aeda4b3e7527edf80d43c96dbfab47492289ec270941324c97c2bf89
compile/ALGSTRUCT/W6_Q04.stdout	936	6ffcb7466f0f7ec679a24d6f0b1ccc48d222647ca7e9f6b1eeeaf71930fc08d8
compile/ALGSTRUCT/W6_Q08.stderr	176	79fc34f1ebb72b4cdc6d619ba5f20f6622b956ee47e9a4b01b56507ee0b20322
compile/ALGSTRUCT/W6_Q08.stdout	1540	e8bb9e84512bc92f203aaa0401c6b96823856b525b3f5bcc7776c4d7ea98ae2e
compile/ALGSTRUCT/W6_Q16.stderr	177	708633033211278d4a2a307ecc6ef0289b977d5b396e300ea9b0e852d43e9515
compile/ALGSTRUCT/W6_Q16.stdout	2748	3ec75b7ccbfde4300958e95117e04aac96d6e39fdf8abfd11508c42d0a32af98
compile/ALGSTRUCT/W6_Q32.stderr	181	6f29b6965c49cbe979f675518c51d43eb36bb4f88e2e6edbd8cf67f2c624de20
compile/ALGSTRUCT/W6_Q32.stdout	5164	2a7c090408675099e913a6fec3e269e6cd5c1952d34ae5cd48394c509b46420f
compile/ALGSTRUCT/W7_Q01.stderr	165	f3ace76146c90ead611a20a9b41dbea897bdffb39d117185ad51f84edafd36b3
compile/ALGSTRUCT/W7_Q01.stdout	411	53464fc8096383b10f36d1a1eb6fa83b354f21e416056611b17f3903d9090567
compile/ALGSTRUCT/W7_Q02.stderr	169	ed71f932bfacc663eaf394de30f862004cc576da81812e59cbdf7e80896774b7
compile/ALGSTRUCT/W7_Q02.stdout	538	c6872e766f8038eec42630ce445ea2c7d4d816c7a739ece4650cc6e12b900874
compile/ALGSTRUCT/W7_Q04.stderr	169	a670e7d88017fb5450b8ab4292ac0ccafbb18ea8e9affb6a8c38b097306f78c6
compile/ALGSTRUCT/W7_Q04.stdout	792	6b3b16a6ba5f91629e032e2582b90a2b6d3ce7879f8d9bbb9c2789d85cadcfcf
compile/ALGSTRUCT/W7_Q08.stderr	177	c9fb2dcc77043a7d70c41cc007f216e142599c48c6bcec815e7d8697c8fbf058
compile/ALGSTRUCT/W7_Q08.stdout	1300	98a2bf061325ded6e2ae264d00782994154a61e7dd4a9752b9ed0dfb889fad5f
compile/ALGSTRUCT/W7_Q16.stderr	177	0466bf97332b08657f34f26c6af297b52edb97d026f6e3b122492e2ffb00fbea
compile/ALGSTRUCT/W7_Q16.stdout	2316	450608f9af28658fa6f67c0823873203e5d98029818b9daf87da06c581dc6c24
compile/ALGSTRUCT/W7_Q32.stderr	181	0b9061216b23bf53c660391d6822537aaf64bb095d09ea88ea3387cb5758565f
compile/ALGSTRUCT/W7_Q32.stdout	4348	e33436e323df7210f30177f7632e4669a87db06552191fff4456d6f250008d9b
compile/ALGSTRUCT/W8_Q01.stderr	178	4bb1dc6c2fa16745edad3c88b3585dc55a2beb7f66079cdbe4acf5d6337cd3cb
compile/ALGSTRUCT/W8_Q01.stdout	6023	8b2f4010963eb28a95881291749af758eee430a0aae188cf70cf9ee742ba4158
compile/ALGSTRUCT/W8_Q02.stderr	178	c85a0ea84dbb2ad7cf23fafa1dff6a769906f494366871908198420ed9112819
compile/ALGSTRUCT/W8_Q02.stdout	6148	2769792545914899f428f4db9123493dee0e3a880fafc31c11aa9fce58c39b33
compile/ALGSTRUCT/W8_Q04.stderr	178	6bb880c20fb40682703cd4bdd9776278765051e016c799ebd353200cfaa1e317
compile/ALGSTRUCT/W8_Q04.stdout	6398	b4453e33aa3bcdb11f5fbf13dc96d2db5f99c15cc0ca126d18798b974a01fa4b
compile/ALGSTRUCT/W8_Q08.stderr	178	8daa722f6c37154e8232121644e3d94d7c4105e72969bc2cd059b1b261213cee
compile/ALGSTRUCT/W8_Q08.stdout	6898	d481cbb48951cbae92ff4c5f0e775811da3227536d3ce4a22925ef3f36a4997c
compile/ALGSTRUCT/W8_Q16.stderr	180	f0d1edd51ca032ed05661e8b073de45626122d764fc4f0818b9b5b8b0fc2f1cb
compile/ALGSTRUCT/W8_Q16.stdout	7898	4b8c26725fb2505a1b55a17e7b315bf0e1a4f03d29bb1fc6a3d25e6bdf0573a3
compile/ALGSTRUCT/W8_Q32.stderr	182	373737799f76d807dcde1a06e070de72f040ba990589c2f55d9f52dcddeee569
compile/ALGSTRUCT/W8_Q32.stdout	9898	1b96a2c6c3a2afa15aae1fd30b625b802232822f470582a121cadbb61f2b9334
compile/OFF/W1.stderr	166	cf07d37340b8135995c870c7d902369c17ae9f7b1524c06fc553aaa6ec9bed8a
compile/OFF/W1.stdout	475	bb49810c172da6d2fc12d9c748d47139c665618ffdde916a71b41ca5f58da643
compile/OFF/W2_Q01.stderr	166	cf07d37340b8135995c870c7d902369c17ae9f7b1524c06fc553aaa6ec9bed8a
compile/OFF/W2_Q01.stdout	483	bdbe5cea209fafaf66716137992a48e6d5d5ac608e3951eb5036fb6b43e36472
compile/OFF/W2_Q02.stderr	170	ab557a2fc883901d20c62adae3d513fc73d06db73ba504bda3c2046c592f2440
compile/OFF/W2_Q02.stdout	634	447c9d69d0dbdc4d4bc1a71555e33a9e4e319e994cd9e46fa45944f17dada330
compile/OFF/W2_Q04.stderr	170	325165b0c6a174df6fe1eadcf6916d07580664092a7ca326fa72fbecb8fd2624
compile/OFF/W2_Q04.stdout	936	63c038f27b8dced8562f80490e0e56ec28843fa8cd292c037babdc448e2e76e6
compile/OFF/W2_Q08.stderr	177	91f1ca8a35ee2521dabf031949ab74ece8f64b5b585b5f67fa1602a747895f0a
compile/OFF/W2_Q08.stdout	1540	6ecdbc54f536b1f1a944a934036f550d82aa8ee893811a2e631347e3d5e1aea9
compile/OFF/W2_Q16.stderr	178	f1764eefb846cb99be0017b798cd4d207801552db2e73df15e5ab02e6bad8c64
compile/OFF/W2_Q16.stdout	2748	efd59d6c48f1a537ce09f3099b4a3ac25e3d86b8c0ad90798745cee88d7df1ba
compile/OFF/W2_Q32.stderr	182	eed51b60c05566bfca6e09934e259bfb530806c5ff14438571e2a07c2cc439a1
compile/OFF/W2_Q32.stdout	5164	04864b2a58d59db1475b0c028e792ac71e2c57b17afc921854a15fbb6d37dcd8
compile/OFF/W3_d1.stderr	177	91f1ca8a35ee2521dabf031949ab74ece8f64b5b585b5f67fa1602a747895f0a
compile/OFF/W3_d1.stdout	1540	f221f55c2fb4be1cfdc0961021484951ed9f2632f3b8e91fcac1b5a0faef138c
compile/OFF/W3_d2.stderr	177	18efd330349d867757632eeaa3c57a609c693ab21b88f564fd7e31973df7cfad
compile/OFF/W3_d2.stdout	2563	006c6957d0e457dd072094ca1710e62a9cc3c61e5c42d5b3ebd2ccdd1b369593
compile/OFF/W3_d3.stderr	178	fa3d26b5ef67011699901479aa62a0050fee836859bd5332fc086f40daa2a158
compile/OFF/W3_d3.stdout	3870	ed6aa8e3f069de0d956fe5c6bd425f231d232fc2f8a657369cd917d64974d7aa
compile/OFF/W4_Q01.stderr	173	020d4d123e5d39dddf9ee8d203e12888423c725a4d72646845399350a41aa77c
compile/OFF/W4_Q01.stdout	2186	4a9ff41aa775c629075a5dd28c56d479f12634ea0fe528790c46937dd6dc6ad3
compile/OFF/W4_Q02.stderr	177	c9009251eff9386ae1f84441be59fca9294f4aa0dae9447864ef5d029d48c69c
compile/OFF/W4_Q02.stdout	4040	c079e293013783de2a85b069f03edf792a0198eef2f22a0b89210649bb8fd618
compile/OFF/W4_Q04.stderr	181	3baa591b9f8330f5ae69b92e4b59ce73630aeb27e1e4ba7a9a311e766f18cff1
compile/OFF/W4_Q04.stdout	7748	46e1f99096f07c69d28cbe26af7745009f4b3613c08f0d82cb72e7b5b2389795
compile/OFF/W4_Q08.stderr	181	af1b22b641a83e9e9793f2b588f7d7f812b95eb1573c08230f794a681f2f5a36
compile/OFF/W4_Q08.stdout	15164	99d9235501cd1b3df6fa25380a150181023dd0e34ca050bcbdb5c7e427ba09b8
compile/OFF/W4_Q16.stderr	185	1bf77b0c812ea29023f2f9c9e211ef99469135d6fb3c4bf1ac82b20763d15911
compile/OFF/W4_Q16.stdout	29996	315b6391907816fa4541cedfa5299bc81fe21301afee17f89d039e8a83ba29a3
compile/OFF/W4_Q32.stderr	193	feb0289588ca23b5ba6be95931aad2d9b9c2ea7f7993edf4505d3c856dc9f722
compile/OFF/W4_Q32.stdout	59660	3de2e8879de516671be18a05ade4c102447e6bd525f1f5a5b035b3c1b2cdbda8
compile/OFF/W5_Q01.stderr	166	b9937ff90210892dd90115681be80bd63427bbb6583e65f443dca74c129f6923
compile/OFF/W5_Q01.stdout	234	f8348c8d8c0f335805add7fb0ea37c536e0b7765a9fc006e19db29cab4ac649a
compile/OFF/W5_Q02.stderr	166	4f44214ca8c90beb06f4c437a9329d789e90c5147539095e0036d8f921533aa8
compile/OFF/W5_Q02.stdout	436	3cbc079369b97a7e464efff89884ada901865ba2d112d30e3d1dd0d38622c6e1
compile/OFF/W5_Q04.stderr	174	fad426e015680b0a0b76dbef3b1df5ee879fec245d6a89f7ad57f470dcde1bcf
compile/OFF/W5_Q04.stdout	840	dee8d8a78cd02c5099ee650b9a9a528b8d5f32142137f21481746b25febda096
compile/OFF/W5_Q08.stderr	174	449ba48bb07dc1b54043505e7ed851aeb53a7cc82b88a397aece2031241f29a2
compile/OFF/W5_Q08.stdout	1648	03545f0f69c4f7765b6208ecff68171e769ef2d416cb1862853756944495e2f3
compile/OFF/W5_Q16.stderr	178	ad6ad6ec95e6f30a36a97fd18d10e31f7d043f5d590b0b6e53d3f727797aea51
compile/OFF/W5_Q16.stdout	3264	5c9b6efca751b4fef38ea1baa2bdcdebb372aeb5a5e14eaf340759689499d419
compile/OFF/W5_Q32.stderr	178	c2d088f53dfd2af815ffc1d9b76990e2eae49cdeaf82ea815f1f00e9a673a97f
compile/OFF/W5_Q32.stdout	6496	9221ec04aded1f42ed8fad92e7794edde14771148c8288f10a55cad5706fa3e7
compile/OFF/W6_Q01.stderr	166	cf07d37340b8135995c870c7d902369c17ae9f7b1524c06fc553aaa6ec9bed8a
compile/OFF/W6_Q01.stdout	483	fb3b232aa4d72f5f2974c28abb7928277a7be4b283571e850d3b64dd3cdf7d4d
compile/OFF/W6_Q02.stderr	170	ab557a2fc883901d20c62adae3d513fc73d06db73ba504bda3c2046c592f2440
compile/OFF/W6_Q02.stdout	634	259e45e1ccc1ed62f6f15db36e5f0a97e1c8b5857dbbb4e52b62908660d3c136
compile/OFF/W6_Q04.stderr	170	325165b0c6a174df6fe1eadcf6916d07580664092a7ca326fa72fbecb8fd2624
compile/OFF/W6_Q04.stdout	936	6ffcb7466f0f7ec679a24d6f0b1ccc48d222647ca7e9f6b1eeeaf71930fc08d8
compile/OFF/W6_Q08.stderr	177	91f1ca8a35ee2521dabf031949ab74ece8f64b5b585b5f67fa1602a747895f0a
compile/OFF/W6_Q08.stdout	1540	e8bb9e84512bc92f203aaa0401c6b96823856b525b3f5bcc7776c4d7ea98ae2e
compile/OFF/W6_Q16.stderr	178	f1764eefb846cb99be0017b798cd4d207801552db2e73df15e5ab02e6bad8c64
compile/OFF/W6_Q16.stdout	2748	3ec75b7ccbfde4300958e95117e04aac96d6e39fdf8abfd11508c42d0a32af98
compile/OFF/W6_Q32.stderr	182	eed51b60c05566bfca6e09934e259bfb530806c5ff14438571e2a07c2cc439a1
compile/OFF/W6_Q32.stdout	5164	2a7c090408675099e913a6fec3e269e6cd5c1952d34ae5cd48394c509b46420f
compile/OFF/W7_Q01.stderr	166	8ab2e4f92e7d4c2c1684388267dd38dddb110886423038b40daee1c512b8ebd8
compile/OFF/W7_Q01.stdout	411	53464fc8096383b10f36d1a1eb6fa83b354f21e416056611b17f3903d9090567
compile/OFF/W7_Q02.stderr	170	8a4d0c3906d636fe4809d25b7b9cd6be1b45ae5b67292b3939c9a573eb00b55b
compile/OFF/W7_Q02.stdout	538	c6872e766f8038eec42630ce445ea2c7d4d816c7a739ece4650cc6e12b900874
compile/OFF/W7_Q04.stderr	170	2865a29481644ac156fc93ae499100e10bb360ca4e82b0a8ffaf2bf88c6c02cf
compile/OFF/W7_Q04.stdout	792	6b3b16a6ba5f91629e032e2582b90a2b6d3ce7879f8d9bbb9c2789d85cadcfcf
compile/OFF/W7_Q08.stderr	178	e8d1e5869f59e86f2be7d810e49f68a7f2e8dc65bd0fbc549e0ba88f41c57243
compile/OFF/W7_Q08.stdout	1300	98a2bf061325ded6e2ae264d00782994154a61e7dd4a9752b9ed0dfb889fad5f
compile/OFF/W7_Q16.stderr	178	3724e72e22758808c9ab64398bfb390e07ceda07ca8b6716f5da411ce50113e3
compile/OFF/W7_Q16.stdout	2316	450608f9af28658fa6f67c0823873203e5d98029818b9daf87da06c581dc6c24
compile/OFF/W7_Q32.stderr	182	8bdd85d9a292db8af9dd99865c2457896bbaad69be12e3b2b60bebdfe1b30e59
compile/OFF/W7_Q32.stdout	4348	e33436e323df7210f30177f7632e4669a87db06552191fff4456d6f250008d9b
compile/OFF/W8_Q01.stderr	179	d1ef48f8645aae06bc93037813cc75b3c4ebec7c869549382c06827921dfaa58
compile/OFF/W8_Q01.stdout	6168	ff539a95799535af25749fb473001127cd232e7386a18115ebbc61387ceca6a6
compile/OFF/W8_Q02.stderr	179	e13cea57ca73276cdc73e3813e18f04150cf49d995631c47d32f79e907e837e0
compile/OFF/W8_Q02.stdout	6322	5b9ec73668753e6cb16da0704c8eb762adfee347dc1fed7b776a993732706f38
compile/OFF/W8_Q04.stderr	179	501fe531fab97f625acaa9c61aba5b56621a4f521fcb89d258123fb3003e8d83
compile/OFF/W8_Q04.stdout	6630	520ca681eb106c2fd1fb3c11a2497c6162f614ae45472dfe84d97d8e82d7cef2
compile/OFF/W8_Q08.stderr	179	87473a705fdbfa4befbdfd149d040b314326d2a161fa5c7237327d1334f32b4c
compile/OFF/W8_Q08.stdout	7246	a797b7b6f5e884fa32e85ad11c8ea3fb35013fd0e23e324e1f36d5298771e1e1
compile/OFF/W8_Q16.stderr	180	91472ce7a9746180e6b1099c18c84f696a04e3974bb7feca22282f64fe1d6977
compile/OFF/W8_Q16.stdout	8478	08de94021ae087225f43ef216e2c454eff5d89a7ea9dae103be143f8984919ff
compile/OFF/W8_Q32.stderr	185	9873a4efa1330ffe817e3221b87b4330f655d8d8ecaa8c9b757a28dff7389581
compile/OFF/W8_Q32.stdout	10942	ea218c0dd019c1846c649a59d9f372ee70bdb1a75a98ce2de533831979cfaa9e
compile/STRUCT/W1.stderr	165	146f1f4d63c9e7c92c7e14dfe5edff9520375c9b9595765bb0006718b32ee16a
compile/STRUCT/W1.stdout	475	bb49810c172da6d2fc12d9c748d47139c665618ffdde916a71b41ca5f58da643
compile/STRUCT/W2_Q01.stderr	165	146f1f4d63c9e7c92c7e14dfe5edff9520375c9b9595765bb0006718b32ee16a
compile/STRUCT/W2_Q01.stdout	483	bdbe5cea209fafaf66716137992a48e6d5d5ac608e3951eb5036fb6b43e36472
compile/STRUCT/W2_Q02.stderr	169	3fd8e215e41f6e442e1baf452c41f8e1531dca96a88015bd9a0ca38d1eb0f191
compile/STRUCT/W2_Q02.stdout	634	447c9d69d0dbdc4d4bc1a71555e33a9e4e319e994cd9e46fa45944f17dada330
compile/STRUCT/W2_Q04.stderr	169	0eb30d34aeda4b3e7527edf80d43c96dbfab47492289ec270941324c97c2bf89
compile/STRUCT/W2_Q04.stdout	936	63c038f27b8dced8562f80490e0e56ec28843fa8cd292c037babdc448e2e76e6
compile/STRUCT/W2_Q08.stderr	176	79fc34f1ebb72b4cdc6d619ba5f20f6622b956ee47e9a4b01b56507ee0b20322
compile/STRUCT/W2_Q08.stdout	1540	6ecdbc54f536b1f1a944a934036f550d82aa8ee893811a2e631347e3d5e1aea9
compile/STRUCT/W2_Q16.stderr	177	708633033211278d4a2a307ecc6ef0289b977d5b396e300ea9b0e852d43e9515
compile/STRUCT/W2_Q16.stdout	2748	efd59d6c48f1a537ce09f3099b4a3ac25e3d86b8c0ad90798745cee88d7df1ba
compile/STRUCT/W2_Q32.stderr	181	6f29b6965c49cbe979f675518c51d43eb36bb4f88e2e6edbd8cf67f2c624de20
compile/STRUCT/W2_Q32.stdout	5164	04864b2a58d59db1475b0c028e792ac71e2c57b17afc921854a15fbb6d37dcd8
compile/STRUCT/W3_d1.stderr	176	79fc34f1ebb72b4cdc6d619ba5f20f6622b956ee47e9a4b01b56507ee0b20322
compile/STRUCT/W3_d1.stdout	1540	f221f55c2fb4be1cfdc0961021484951ed9f2632f3b8e91fcac1b5a0faef138c
compile/STRUCT/W3_d2.stderr	176	b7381a18d46b82484537476cf54fb40b97209ff67592b195bcb99c5b5bcf18ae
compile/STRUCT/W3_d2.stdout	2563	006c6957d0e457dd072094ca1710e62a9cc3c61e5c42d5b3ebd2ccdd1b369593
compile/STRUCT/W3_d3.stderr	177	ebf56a26cde09f312c51634a674aed2c7feb580cbaab16c826135b03e0f5f05e
compile/STRUCT/W3_d3.stdout	3870	ed6aa8e3f069de0d956fe5c6bd425f231d232fc2f8a657369cd917d64974d7aa
compile/STRUCT/W4_Q01.stderr	172	9acbcea201e87a3486119a4a1aae8a3224afad17d90d59f38747efba165d05b8
compile/STRUCT/W4_Q01.stdout	2186	4a9ff41aa775c629075a5dd28c56d479f12634ea0fe528790c46937dd6dc6ad3
compile/STRUCT/W4_Q02.stderr	176	538587f4a5045bdee87427fdb93874374b36f2106dd06750dd1f145788e08c2f
compile/STRUCT/W4_Q02.stdout	4040	c079e293013783de2a85b069f03edf792a0198eef2f22a0b89210649bb8fd618
compile/STRUCT/W4_Q04.stderr	180	70f41bf9d24e9de169928cf5f5f7e45ef4d6be1d989a26080a41afb869e94d12
compile/STRUCT/W4_Q04.stdout	7748	46e1f99096f07c69d28cbe26af7745009f4b3613c08f0d82cb72e7b5b2389795
compile/STRUCT/W4_Q08.stderr	180	371d0a37cf9b55c45bd2073e1fb6efb466272603b89001c08db9e1fa3579bc71
compile/STRUCT/W4_Q08.stdout	15164	99d9235501cd1b3df6fa25380a150181023dd0e34ca050bcbdb5c7e427ba09b8
compile/STRUCT/W4_Q16.stderr	184	4c9cd950160874623c6f04757433ca812baa7088cfa3fe987d0f5359cc2fe92d
compile/STRUCT/W4_Q16.stdout	29996	315b6391907816fa4541cedfa5299bc81fe21301afee17f89d039e8a83ba29a3
compile/STRUCT/W4_Q32.stderr	192	e69044f7c2efdcc8ba9cdd7a68bf9fbb865377e4288faf2944c407ba3de024d4
compile/STRUCT/W4_Q32.stdout	59660	3de2e8879de516671be18a05ade4c102447e6bd525f1f5a5b035b3c1b2cdbda8
compile/STRUCT/W5_Q01.stderr	165	b4294804e6807226dd23099e2160749772d15f75d87e1775e62acf96eef65e5e
compile/STRUCT/W5_Q01.stdout	234	f8348c8d8c0f335805add7fb0ea37c536e0b7765a9fc006e19db29cab4ac649a
compile/STRUCT/W5_Q02.stderr	165	4e12fa230e18577078e0d89d341417e4163408aca37666f124b9188071cb9b2e
compile/STRUCT/W5_Q02.stdout	436	3cbc079369b97a7e464efff89884ada901865ba2d112d30e3d1dd0d38622c6e1
compile/STRUCT/W5_Q04.stderr	173	952627053b75fb4886b07301be081641eeac7e2a6c835728d77b5b484f660cb8
compile/STRUCT/W5_Q04.stdout	840	dee8d8a78cd02c5099ee650b9a9a528b8d5f32142137f21481746b25febda096
compile/STRUCT/W5_Q08.stderr	173	962c4af87e23c32b85edcd114e138d5110a53705bf441511c0c7550b9fc8ac6b
compile/STRUCT/W5_Q08.stdout	1648	03545f0f69c4f7765b6208ecff68171e769ef2d416cb1862853756944495e2f3
compile/STRUCT/W5_Q16.stderr	177	62e355b8d10da1953a0fcc342426320b37a32da5dec64bb20884eeef6dc05fae
compile/STRUCT/W5_Q16.stdout	3264	5c9b6efca751b4fef38ea1baa2bdcdebb372aeb5a5e14eaf340759689499d419
compile/STRUCT/W5_Q32.stderr	177	0fb83b00765f1250e4ab1917b94511d6087310b82d1540635fb54e4d08768920
compile/STRUCT/W5_Q32.stdout	6496	9221ec04aded1f42ed8fad92e7794edde14771148c8288f10a55cad5706fa3e7
compile/STRUCT/W6_Q01.stderr	165	146f1f4d63c9e7c92c7e14dfe5edff9520375c9b9595765bb0006718b32ee16a
compile/STRUCT/W6_Q01.stdout	483	fb3b232aa4d72f5f2974c28abb7928277a7be4b283571e850d3b64dd3cdf7d4d
compile/STRUCT/W6_Q02.stderr	169	3fd8e215e41f6e442e1baf452c41f8e1531dca96a88015bd9a0ca38d1eb0f191
compile/STRUCT/W6_Q02.stdout	634	259e45e1ccc1ed62f6f15db36e5f0a97e1c8b5857dbbb4e52b62908660d3c136
compile/STRUCT/W6_Q04.stderr	169	0eb30d34aeda4b3e7527edf80d43c96dbfab47492289ec270941324c97c2bf89
compile/STRUCT/W6_Q04.stdout	936	6ffcb7466f0f7ec679a24d6f0b1ccc48d222647ca7e9f6b1eeeaf71930fc08d8
compile/STRUCT/W6_Q08.stderr	176	79fc34f1ebb72b4cdc6d619ba5f20f6622b956ee47e9a4b01b56507ee0b20322
compile/STRUCT/W6_Q08.stdout	1540	e8bb9e84512bc92f203aaa0401c6b96823856b525b3f5bcc7776c4d7ea98ae2e
compile/STRUCT/W6_Q16.stderr	177	708633033211278d4a2a307ecc6ef0289b977d5b396e300ea9b0e852d43e9515
compile/STRUCT/W6_Q16.stdout	2748	3ec75b7ccbfde4300958e95117e04aac96d6e39fdf8abfd11508c42d0a32af98
compile/STRUCT/W6_Q32.stderr	181	6f29b6965c49cbe979f675518c51d43eb36bb4f88e2e6edbd8cf67f2c624de20
compile/STRUCT/W6_Q32.stdout	5164	2a7c090408675099e913a6fec3e269e6cd5c1952d34ae5cd48394c509b46420f
compile/STRUCT/W7_Q01.stderr	165	f3ace76146c90ead611a20a9b41dbea897bdffb39d117185ad51f84edafd36b3
compile/STRUCT/W7_Q01.stdout	411	53464fc8096383b10f36d1a1eb6fa83b354f21e416056611b17f3903d9090567
compile/STRUCT/W7_Q02.stderr	169	ed71f932bfacc663eaf394de30f862004cc576da81812e59cbdf7e80896774b7
compile/STRUCT/W7_Q02.stdout	538	c6872e766f8038eec42630ce445ea2c7d4d816c7a739ece4650cc6e12b900874
compile/STRUCT/W7_Q04.stderr	169	a670e7d88017fb5450b8ab4292ac0ccafbb18ea8e9affb6a8c38b097306f78c6
compile/STRUCT/W7_Q04.stdout	792	6b3b16a6ba5f91629e032e2582b90a2b6d3ce7879f8d9bbb9c2789d85cadcfcf
compile/STRUCT/W7_Q08.stderr	177	c9fb2dcc77043a7d70c41cc007f216e142599c48c6bcec815e7d8697c8fbf058
compile/STRUCT/W7_Q08.stdout	1300	98a2bf061325ded6e2ae264d00782994154a61e7dd4a9752b9ed0dfb889fad5f
compile/STRUCT/W7_Q16.stderr	177	0466bf97332b08657f34f26c6af297b52edb97d026f6e3b122492e2ffb00fbea
compile/STRUCT/W7_Q16.stdout	2316	450608f9af28658fa6f67c0823873203e5d98029818b9daf87da06c581dc6c24
compile/STRUCT/W7_Q32.stderr	181	0b9061216b23bf53c660391d6822537aaf64bb095d09ea88ea3387cb5758565f
compile/STRUCT/W7_Q32.stdout	4348	e33436e323df7210f30177f7632e4669a87db06552191fff4456d6f250008d9b
compile/STRUCT/W8_Q01.stderr	178	8106f11c91abcfda06c93ff8a5278d51ec762c82a8c6249b2c646abe4c762faf
compile/STRUCT/W8_Q01.stdout	6168	ff539a95799535af25749fb473001127cd232e7386a18115ebbc61387ceca6a6
compile/STRUCT/W8_Q02.stderr	178	49b26ebb3caca6eec4840d38936f6269751477f5423e21914477a2739902a95c
compile/STRUCT/W8_Q02.stdout	6322	5b9ec73668753e6cb16da0704c8eb762adfee347dc1fed7b776a993732706f38
compile/STRUCT/W8_Q04.stderr	178	21ba910eb8bfaeb171e7bb285a84e306c52018de47f045c510bd747f141db5fc
compile/STRUCT/W8_Q04.stdout	6630	520ca681eb106c2fd1fb3c11a2497c6162f614ae45472dfe84d97d8e82d7cef2
compile/STRUCT/W8_Q08.stderr	178	f1abf9a3ccc762daed5d71c79cf43f9cba753d24e61a46375c79a101220aebf9
compile/STRUCT/W8_Q08.stdout	7246	a797b7b6f5e884fa32e85ad11c8ea3fb35013fd0e23e324e1f36d5298771e1e1
compile/STRUCT/W8_Q16.stderr	179	4a5a4cfbff4bf0be271336bd116790820d557d6fa674e75d86d3cca9ad647364
compile/STRUCT/W8_Q16.stdout	8478	08de94021ae087225f43ef216e2c454eff5d89a7ea9dae103be143f8984919ff
compile/STRUCT/W8_Q32.stderr	184	5d15fa07de19954917ac2efd5d7bc52d72912d4970b48aa5f4e2cc1bac3c4bb1
compile/STRUCT/W8_Q32.stdout	10942	ea218c0dd019c1846c649a59d9f372ee70bdb1a75a98ce2de533831979cfaa9e
compile/STRUCT_R1/W1.stderr	165	25ac9ccfc764a5c657269e76aafc5f58811511cc90ccb6dbc467d13a2bde5950
compile/STRUCT_R1/W1.stdout	333	e9e28a6cd9708fd44d9ea6c95c8b99aff0bc1410fdf6ac5c626e6dcdc5f07d0a
compile/STRUCT_R1/W2_Q01.stderr	165	25ac9ccfc764a5c657269e76aafc5f58811511cc90ccb6dbc467d13a2bde5950
compile/STRUCT_R1/W2_Q01.stdout	341	aa3aa12d6bf8f5a203823e47b30143eefedb62fc9e70195e975b21963c908ac5
compile/STRUCT_R1/W2_Q02.stderr	166	81f4409f7021327ff3e6113d8c666c082153d9dc3a23a87ce7b96d0b2306ba3c
compile/STRUCT_R1/W2_Q02.stdout	462	c297dc11c1eb2f34827e793f805e53bf88928b0935593a908bbd1ef99bb38ac7
compile/STRUCT_R1/W2_Q04.stderr	169	ce8c5773bf6025adfbe6ae0f211b7a7dd43a9c859e1f5eb5f2ebd6d7058ba5b4
compile/STRUCT_R1/W2_Q04.stdout	704	a6907c3b91929a7e2b96684b3b9ff0d84686d86f470ee00737b313e01cf89a19
compile/STRUCT_R1/W2_Q08.stderr	173	fea5c56185b3fa463cd7e03eebadf39ce2ffeb0e78c3d45a43e74eba4897642d
compile/STRUCT_R1/W2_Q08.stdout	1188	d5c0f273cf5b1d45b49965f71d9f7414f43597896b6d6870d4a39e0ff9c5ba2d
compile/STRUCT_R1/W2_Q16.stderr	178	6c59d92d855cef87992729a9fae3ca61c23f5cde32f79c82653579cc77e693cc
compile/STRUCT_R1/W2_Q16.stdout	2156	e63183f3a66baef93013dc9b53c54c5de6ef29c584fbef71d94610f5154f4024
compile/STRUCT_R1/W2_Q32.stderr	179	2f8c6110c3a8e527d20ba05e83b8b8bc6a9e563f2a1a21c1fa436150303cc6a4
compile/STRUCT_R1/W2_Q32.stdout	4092	475a25b34f3376ff2966e99811b909aef6fc606cd8af860a7295994a953a2bb2
compile/STRUCT_R1/W3_d1.stderr	173	fea5c56185b3fa463cd7e03eebadf39ce2ffeb0e78c3d45a43e74eba4897642d
compile/STRUCT_R1/W3_d1.stdout	1188	9d221be23a45720a16a46953f5f1d2e5b4caf024fc8b570b4aedcd9ee91139eb
compile/STRUCT_R1/W3_d2.stderr	176	d5a4391debdde8177c1be10437203b25a4f17f24ccc1057e45492fbec3ba0012
compile/STRUCT_R1/W3_d2.stdout	2068	2213edb751864e1f97a1182152a38462a6be169f46d5c4ace10398d49d08f3d4
compile/STRUCT_R1/W3_d3.stderr	178	baff2df8f7065e690ab563ffc0b277666f195b565ea170e7b1042c73c7f7d49b
compile/STRUCT_R1/W3_d3.stdout	3233	7f66f59318138a670f7551014b3175284c3a3134b73ac109f32369e0828be47c
compile/STRUCT_R1/W4_Q01.stderr	172	e170a211dc94d20a89ba854509e33aa3844817f7c2d365727511fac32c08e028
compile/STRUCT_R1/W4_Q01.stdout	2044	7d7c63716890f5f350911251ac5798a152128cf24f4a85d13082b98ab1044006
compile/STRUCT_R1/W4_Q02.stderr	176	b70a06be98a85667d76f0afde6d7759a5110cf8c643d45d869c224e886a1ef24
compile/STRUCT_R1/W4_Q02.stdout	3868	22bb3a1aed92a710366381912037416162862b4b23892e8fbe1495c0acb3b828
compile/STRUCT_R1/W4_Q04.stderr	180	40f7bc406c718e7f6fda211570992af9e0c5b5ce0b1859380aedae5409c67878
compile/STRUCT_R1/W4_Q04.stdout	7516	beed6a68b238dd56debf25ffb4af3a71af266c75d4e829478eef261811885649
compile/STRUCT_R1/W4_Q08.stderr	180	16671bc7dbb2a92ab77723b6868a22c77f8216040a028395e976ec58d09ab076
compile/STRUCT_R1/W4_Q08.stdout	14812	192884d427ea55ec6b5887b78777d5b21d4e92105d98c44ae4ddcb4eef2af35a
compile/STRUCT_R1/W4_Q16.stderr	185	0fcd0b7b42d6a4361c8789447be944540c99c2446033e16b974f496a189b998b
compile/STRUCT_R1/W4_Q16.stdout	29404	804351d77c2e68af3eb65c48a221373cf8907e5eb28db92d034ecba45fa261a1
compile/STRUCT_R1/W4_Q32.stderr	193	46331ff3be5aacaf99d28b62f6045a8771b274e71b45e2b453402a3318854281
compile/STRUCT_R1/W4_Q32.stdout	58588	102b767c4d1c76c0220726ae9d5906d78cc9181f3f099fe97c38e313ab8b506d
compile/STRUCT_R1/W5_Q01.stderr	165	b4294804e6807226dd23099e2160749772d15f75d87e1775e62acf96eef65e5e
compile/STRUCT_R1/W5_Q01.stdout	234	f8348c8d8c0f335805add7fb0ea37c536e0b7765a9fc006e19db29cab4ac649a
compile/STRUCT_R1/W5_Q02.stderr	165	4e12fa230e18577078e0d89d341417e4163408aca37666f124b9188071cb9b2e
compile/STRUCT_R1/W5_Q02.stdout	436	3cbc079369b97a7e464efff89884ada901865ba2d112d30e3d1dd0d38622c6e1
compile/STRUCT_R1/W5_Q04.stderr	173	952627053b75fb4886b07301be081641eeac7e2a6c835728d77b5b484f660cb8
compile/STRUCT_R1/W5_Q04.stdout	840	dee8d8a78cd02c5099ee650b9a9a528b8d5f32142137f21481746b25febda096
compile/STRUCT_R1/W5_Q08.stderr	173	962c4af87e23c32b85edcd114e138d5110a53705bf441511c0c7550b9fc8ac6b
compile/STRUCT_R1/W5_Q08.stdout	1648	03545f0f69c4f7765b6208ecff68171e769ef2d416cb1862853756944495e2f3
compile/STRUCT_R1/W5_Q16.stderr	177	62e355b8d10da1953a0fcc342426320b37a32da5dec64bb20884eeef6dc05fae
compile/STRUCT_R1/W5_Q16.stdout	3264	5c9b6efca751b4fef38ea1baa2bdcdebb372aeb5a5e14eaf340759689499d419
compile/STRUCT_R1/W5_Q32.stderr	177	0fb83b00765f1250e4ab1917b94511d6087310b82d1540635fb54e4d08768920
compile/STRUCT_R1/W5_Q32.stdout	6496	9221ec04aded1f42ed8fad92e7794edde14771148c8288f10a55cad5706fa3e7
compile/STRUCT_R1/W6_Q01.stderr	165	146f1f4d63c9e7c92c7e14dfe5edff9520375c9b9595765bb0006718b32ee16a
compile/STRUCT_R1/W6_Q01.stdout	483	fb3b232aa4d72f5f2974c28abb7928277a7be4b283571e850d3b64dd3cdf7d4d
compile/STRUCT_R1/W6_Q02.stderr	169	3fd8e215e41f6e442e1baf452c41f8e1531dca96a88015bd9a0ca38d1eb0f191
compile/STRUCT_R1/W6_Q02.stdout	634	259e45e1ccc1ed62f6f15db36e5f0a97e1c8b5857dbbb4e52b62908660d3c136
compile/STRUCT_R1/W6_Q04.stderr	169	0eb30d34aeda4b3e7527edf80d43c96dbfab47492289ec270941324c97c2bf89
compile/STRUCT_R1/W6_Q04.stdout	936	6ffcb7466f0f7ec679a24d6f0b1ccc48d222647ca7e9f6b1eeeaf71930fc08d8
compile/STRUCT_R1/W6_Q08.stderr	176	79fc34f1ebb72b4cdc6d619ba5f20f6622b956ee47e9a4b01b56507ee0b20322
compile/STRUCT_R1/W6_Q08.stdout	1540	e8bb9e84512bc92f203aaa0401c6b96823856b525b3f5bcc7776c4d7ea98ae2e
compile/STRUCT_R1/W6_Q16.stderr	177	708633033211278d4a2a307ecc6ef0289b977d5b396e300ea9b0e852d43e9515
compile/STRUCT_R1/W6_Q16.stdout	2748	3ec75b7ccbfde4300958e95117e04aac96d6e39fdf8abfd11508c42d0a32af98
compile/STRUCT_R1/W6_Q32.stderr	181	6f29b6965c49cbe979f675518c51d43eb36bb4f88e2e6edbd8cf67f2c624de20
compile/STRUCT_R1/W6_Q32.stdout	5164	2a7c090408675099e913a6fec3e269e6cd5c1952d34ae5cd48394c509b46420f
compile/STRUCT_R1/W7_Q01.stderr	165	f3ace76146c90ead611a20a9b41dbea897bdffb39d117185ad51f84edafd36b3
compile/STRUCT_R1/W7_Q01.stdout	411	53464fc8096383b10f36d1a1eb6fa83b354f21e416056611b17f3903d9090567
compile/STRUCT_R1/W7_Q02.stderr	169	ed71f932bfacc663eaf394de30f862004cc576da81812e59cbdf7e80896774b7
compile/STRUCT_R1/W7_Q02.stdout	538	c6872e766f8038eec42630ce445ea2c7d4d816c7a739ece4650cc6e12b900874
compile/STRUCT_R1/W7_Q04.stderr	169	a670e7d88017fb5450b8ab4292ac0ccafbb18ea8e9affb6a8c38b097306f78c6
compile/STRUCT_R1/W7_Q04.stdout	792	6b3b16a6ba5f91629e032e2582b90a2b6d3ce7879f8d9bbb9c2789d85cadcfcf
compile/STRUCT_R1/W7_Q08.stderr	177	c9fb2dcc77043a7d70c41cc007f216e142599c48c6bcec815e7d8697c8fbf058
compile/STRUCT_R1/W7_Q08.stdout	1300	98a2bf061325ded6e2ae264d00782994154a61e7dd4a9752b9ed0dfb889fad5f
compile/STRUCT_R1/W7_Q16.stderr	177	0466bf97332b08657f34f26c6af297b52edb97d026f6e3b122492e2ffb00fbea
compile/STRUCT_R1/W7_Q16.stdout	2316	450608f9af28658fa6f67c0823873203e5d98029818b9daf87da06c581dc6c24
compile/STRUCT_R1/W7_Q32.stderr	181	0b9061216b23bf53c660391d6822537aaf64bb095d09ea88ea3387cb5758565f
compile/STRUCT_R1/W7_Q32.stdout	4348	e33436e323df7210f30177f7632e4669a87db06552191fff4456d6f250008d9b
compile/STRUCT_R1/W8_Q01.stderr	178	f4817bb1b1d6d23e6f0a7c6f723feafaff541803ba5231569a6e00a4dbe95fa6
compile/STRUCT_R1/W8_Q01.stdout	6023	8b2f4010963eb28a95881291749af758eee430a0aae188cf70cf9ee742ba4158
compile/STRUCT_R1/W8_Q02.stderr	178	70e300f8ecb183b3e1c12b0add5dfacbf7e405855f5ec937ef24b232aa9feb11
compile/STRUCT_R1/W8_Q02.stdout	6148	2769792545914899f428f4db9123493dee0e3a880fafc31c11aa9fce58c39b33
compile/STRUCT_R1/W8_Q04.stderr	178	8500bd795c529e6a1f975d7518a52b9b4b809e64e8272a34a44210740a6116de
compile/STRUCT_R1/W8_Q04.stdout	6398	b4453e33aa3bcdb11f5fbf13dc96d2db5f99c15cc0ca126d18798b974a01fa4b
compile/STRUCT_R1/W8_Q08.stderr	178	62b0f61965875766cb5134e9ec0224d254c8e888912758a3043383ebafeaac9f
compile/STRUCT_R1/W8_Q08.stdout	6898	d481cbb48951cbae92ff4c5f0e775811da3227536d3ce4a22925ef3f36a4997c
compile/STRUCT_R1/W8_Q16.stderr	180	542a10da60d17fcf96d7c2378e5eec0baebb3e40ea1740229b1bf17994d16003
compile/STRUCT_R1/W8_Q16.stdout	7898	4b8c26725fb2505a1b55a17e7b315bf0e1a4f03d29bb1fc6a3d25e6bdf0573a3
compile/STRUCT_R1/W8_Q32.stderr	182	274e5733c6ed793416467cdf79d01e312a99a11f68fcf3d1b48c5c8722b6dcce
compile/STRUCT_R1/W8_Q32.stdout	9898	1b96a2c6c3a2afa15aae1fd30b625b802232822f470582a121cadbb61f2b9334
compile/STRUCT_R2/W1.stderr	165	146f1f4d63c9e7c92c7e14dfe5edff9520375c9b9595765bb0006718b32ee16a
compile/STRUCT_R2/W1.stdout	475	bb49810c172da6d2fc12d9c748d47139c665618ffdde916a71b41ca5f58da643
compile/STRUCT_R2/W2_Q01.stderr	165	146f1f4d63c9e7c92c7e14dfe5edff9520375c9b9595765bb0006718b32ee16a
compile/STRUCT_R2/W2_Q01.stdout	483	bdbe5cea209fafaf66716137992a48e6d5d5ac608e3951eb5036fb6b43e36472
compile/STRUCT_R2/W2_Q02.stderr	169	3fd8e215e41f6e442e1baf452c41f8e1531dca96a88015bd9a0ca38d1eb0f191
compile/STRUCT_R2/W2_Q02.stdout	634	447c9d69d0dbdc4d4bc1a71555e33a9e4e319e994cd9e46fa45944f17dada330
compile/STRUCT_R2/W2_Q04.stderr	169	0eb30d34aeda4b3e7527edf80d43c96dbfab47492289ec270941324c97c2bf89
compile/STRUCT_R2/W2_Q04.stdout	936	63c038f27b8dced8562f80490e0e56ec28843fa8cd292c037babdc448e2e76e6
compile/STRUCT_R2/W2_Q08.stderr	176	79fc34f1ebb72b4cdc6d619ba5f20f6622b956ee47e9a4b01b56507ee0b20322
compile/STRUCT_R2/W2_Q08.stdout	1540	6ecdbc54f536b1f1a944a934036f550d82aa8ee893811a2e631347e3d5e1aea9
compile/STRUCT_R2/W2_Q16.stderr	177	708633033211278d4a2a307ecc6ef0289b977d5b396e300ea9b0e852d43e9515
compile/STRUCT_R2/W2_Q16.stdout	2748	efd59d6c48f1a537ce09f3099b4a3ac25e3d86b8c0ad90798745cee88d7df1ba
compile/STRUCT_R2/W2_Q32.stderr	181	6f29b6965c49cbe979f675518c51d43eb36bb4f88e2e6edbd8cf67f2c624de20
compile/STRUCT_R2/W2_Q32.stdout	5164	04864b2a58d59db1475b0c028e792ac71e2c57b17afc921854a15fbb6d37dcd8
compile/STRUCT_R2/W3_d1.stderr	176	79fc34f1ebb72b4cdc6d619ba5f20f6622b956ee47e9a4b01b56507ee0b20322
compile/STRUCT_R2/W3_d1.stdout	1540	f221f55c2fb4be1cfdc0961021484951ed9f2632f3b8e91fcac1b5a0faef138c
compile/STRUCT_R2/W3_d2.stderr	176	b7381a18d46b82484537476cf54fb40b97209ff67592b195bcb99c5b5bcf18ae
compile/STRUCT_R2/W3_d2.stdout	2563	006c6957d0e457dd072094ca1710e62a9cc3c61e5c42d5b3ebd2ccdd1b369593
compile/STRUCT_R2/W3_d3.stderr	177	ebf56a26cde09f312c51634a674aed2c7feb580cbaab16c826135b03e0f5f05e
compile/STRUCT_R2/W3_d3.stdout	3870	ed6aa8e3f069de0d956fe5c6bd425f231d232fc2f8a657369cd917d64974d7aa
compile/STRUCT_R2/W4_Q01.stderr	172	9acbcea201e87a3486119a4a1aae8a3224afad17d90d59f38747efba165d05b8
compile/STRUCT_R2/W4_Q01.stdout	2186	4a9ff41aa775c629075a5dd28c56d479f12634ea0fe528790c46937dd6dc6ad3
compile/STRUCT_R2/W4_Q02.stderr	176	538587f4a5045bdee87427fdb93874374b36f2106dd06750dd1f145788e08c2f
compile/STRUCT_R2/W4_Q02.stdout	4040	c079e293013783de2a85b069f03edf792a0198eef2f22a0b89210649bb8fd618
compile/STRUCT_R2/W4_Q04.stderr	180	70f41bf9d24e9de169928cf5f5f7e45ef4d6be1d989a26080a41afb869e94d12
compile/STRUCT_R2/W4_Q04.stdout	7748	46e1f99096f07c69d28cbe26af7745009f4b3613c08f0d82cb72e7b5b2389795
compile/STRUCT_R2/W4_Q08.stderr	180	371d0a37cf9b55c45bd2073e1fb6efb466272603b89001c08db9e1fa3579bc71
compile/STRUCT_R2/W4_Q08.stdout	15164	99d9235501cd1b3df6fa25380a150181023dd0e34ca050bcbdb5c7e427ba09b8
compile/STRUCT_R2/W4_Q16.stderr	184	4c9cd950160874623c6f04757433ca812baa7088cfa3fe987d0f5359cc2fe92d
compile/STRUCT_R2/W4_Q16.stdout	29996	315b6391907816fa4541cedfa5299bc81fe21301afee17f89d039e8a83ba29a3
compile/STRUCT_R2/W4_Q32.stderr	192	e69044f7c2efdcc8ba9cdd7a68bf9fbb865377e4288faf2944c407ba3de024d4
compile/STRUCT_R2/W4_Q32.stdout	59660	3de2e8879de516671be18a05ade4c102447e6bd525f1f5a5b035b3c1b2cdbda8
compile/STRUCT_R2/W5_Q01.stderr	165	b4294804e6807226dd23099e2160749772d15f75d87e1775e62acf96eef65e5e
compile/STRUCT_R2/W5_Q01.stdout	234	f8348c8d8c0f335805add7fb0ea37c536e0b7765a9fc006e19db29cab4ac649a
compile/STRUCT_R2/W5_Q02.stderr	165	4e12fa230e18577078e0d89d341417e4163408aca37666f124b9188071cb9b2e
compile/STRUCT_R2/W5_Q02.stdout	436	3cbc079369b97a7e464efff89884ada901865ba2d112d30e3d1dd0d38622c6e1
compile/STRUCT_R2/W5_Q04.stderr	173	952627053b75fb4886b07301be081641eeac7e2a6c835728d77b5b484f660cb8
compile/STRUCT_R2/W5_Q04.stdout	840	dee8d8a78cd02c5099ee650b9a9a528b8d5f32142137f21481746b25febda096
compile/STRUCT_R2/W5_Q08.stderr	173	962c4af87e23c32b85edcd114e138d5110a53705bf441511c0c7550b9fc8ac6b
compile/STRUCT_R2/W5_Q08.stdout	1648	03545f0f69c4f7765b6208ecff68171e769ef2d416cb1862853756944495e2f3
compile/STRUCT_R2/W5_Q16.stderr	177	62e355b8d10da1953a0fcc342426320b37a32da5dec64bb20884eeef6dc05fae
compile/STRUCT_R2/W5_Q16.stdout	3264	5c9b6efca751b4fef38ea1baa2bdcdebb372aeb5a5e14eaf340759689499d419
compile/STRUCT_R2/W5_Q32.stderr	177	0fb83b00765f1250e4ab1917b94511d6087310b82d1540635fb54e4d08768920
compile/STRUCT_R2/W5_Q32.stdout	6496	9221ec04aded1f42ed8fad92e7794edde14771148c8288f10a55cad5706fa3e7
compile/STRUCT_R2/W6_Q01.stderr	165	146f1f4d63c9e7c92c7e14dfe5edff9520375c9b9595765bb0006718b32ee16a
compile/STRUCT_R2/W6_Q01.stdout	483	fb3b232aa4d72f5f2974c28abb7928277a7be4b283571e850d3b64dd3cdf7d4d
compile/STRUCT_R2/W6_Q02.stderr	169	3fd8e215e41f6e442e1baf452c41f8e1531dca96a88015bd9a0ca38d1eb0f191
compile/STRUCT_R2/W6_Q02.stdout	634	259e45e1ccc1ed62f6f15db36e5f0a97e1c8b5857dbbb4e52b62908660d3c136
compile/STRUCT_R2/W6_Q04.stderr	169	0eb30d34aeda4b3e7527edf80d43c96dbfab47492289ec270941324c97c2bf89
compile/STRUCT_R2/W6_Q04.stdout	936	6ffcb7466f0f7ec679a24d6f0b1ccc48d222647ca7e9f6b1eeeaf71930fc08d8
compile/STRUCT_R2/W6_Q08.stderr	176	79fc34f1ebb72b4cdc6d619ba5f20f6622b956ee47e9a4b01b56507ee0b20322
compile/STRUCT_R2/W6_Q08.stdout	1540	e8bb9e84512bc92f203aaa0401c6b96823856b525b3f5bcc7776c4d7ea98ae2e
compile/STRUCT_R2/W6_Q16.stderr	177	708633033211278d4a2a307ecc6ef0289b977d5b396e300ea9b0e852d43e9515
compile/STRUCT_R2/W6_Q16.stdout	2748	3ec75b7ccbfde4300958e95117e04aac96d6e39fdf8abfd11508c42d0a32af98
compile/STRUCT_R2/W6_Q32.stderr	181	6f29b6965c49cbe979f675518c51d43eb36bb4f88e2e6edbd8cf67f2c624de20
compile/STRUCT_R2/W6_Q32.stdout	5164	2a7c090408675099e913a6fec3e269e6cd5c1952d34ae5cd48394c509b46420f
compile/STRUCT_R2/W7_Q01.stderr	165	f3ace76146c90ead611a20a9b41dbea897bdffb39d117185ad51f84edafd36b3
compile/STRUCT_R2/W7_Q01.stdout	411	53464fc8096383b10f36d1a1eb6fa83b354f21e416056611b17f3903d9090567
compile/STRUCT_R2/W7_Q02.stderr	169	ed71f932bfacc663eaf394de30f862004cc576da81812e59cbdf7e80896774b7
compile/STRUCT_R2/W7_Q02.stdout	538	c6872e766f8038eec42630ce445ea2c7d4d816c7a739ece4650cc6e12b900874
compile/STRUCT_R2/W7_Q04.stderr	169	a670e7d88017fb5450b8ab4292ac0ccafbb18ea8e9affb6a8c38b097306f78c6
compile/STRUCT_R2/W7_Q04.stdout	792	6b3b16a6ba5f91629e032e2582b90a2b6d3ce7879f8d9bbb9c2789d85cadcfcf
compile/STRUCT_R2/W7_Q08.stderr	177	c9fb2dcc77043a7d70c41cc007f216e142599c48c6bcec815e7d8697c8fbf058
compile/STRUCT_R2/W7_Q08.stdout	1300	98a2bf061325ded6e2ae264d00782994154a61e7dd4a9752b9ed0dfb889fad5f
compile/STRUCT_R2/W7_Q16.stderr	177	0466bf97332b08657f34f26c6af297b52edb97d026f6e3b122492e2ffb00fbea
compile/STRUCT_R2/W7_Q16.stdout	2316	450608f9af28658fa6f67c0823873203e5d98029818b9daf87da06c581dc6c24
compile/STRUCT_R2/W7_Q32.stderr	181	0b9061216b23bf53c660391d6822537aaf64bb095d09ea88ea3387cb5758565f
compile/STRUCT_R2/W7_Q32.stdout	4348	e33436e323df7210f30177f7632e4669a87db06552191fff4456d6f250008d9b
compile/STRUCT_R2/W8_Q01.stderr	178	86a09d3608439f81b01038244e508a89b1d88b4dcd4fd5ce3ef850f7d5b43243
compile/STRUCT_R2/W8_Q01.stdout	6168	ff539a95799535af25749fb473001127cd232e7386a18115ebbc61387ceca6a6
compile/STRUCT_R2/W8_Q02.stderr	178	6366740b39cbbdfe2606c2a88546ad0a9152de2e9562a79022e2135a6a12d9b2
compile/STRUCT_R2/W8_Q02.stdout	6322	5b9ec73668753e6cb16da0704c8eb762adfee347dc1fed7b776a993732706f38
compile/STRUCT_R2/W8_Q04.stderr	178	7ab9fe3aab41dfa0e0ff75f159dac6d513b89e6efc08df5ac45869a6090b2c68
compile/STRUCT_R2/W8_Q04.stdout	6630	520ca681eb106c2fd1fb3c11a2497c6162f614ae45472dfe84d97d8e82d7cef2
compile/STRUCT_R2/W8_Q08.stderr	178	93561ece7b58310e93655af74107484e286918ea3592a2620b3f6da0f8bd8c77
compile/STRUCT_R2/W8_Q08.stdout	7246	a797b7b6f5e884fa32e85ad11c8ea3fb35013fd0e23e324e1f36d5298771e1e1
compile/STRUCT_R2/W8_Q16.stderr	179	3c5dcd3fdfabf5996574c6ef60ba80ec24cd6eb4efb85cbd39f11de12422a69f
compile/STRUCT_R2/W8_Q16.stdout	8478	08de94021ae087225f43ef216e2c454eff5d89a7ea9dae103be143f8984919ff
compile/STRUCT_R2/W8_Q32.stderr	184	929d68ac3b39f7c53fc23161d23999d42f16f7553c9bc5e4fc3e0047ba154e6e
compile/STRUCT_R2/W8_Q32.stdout	10942	ea218c0dd019c1846c649a59d9f372ee70bdb1a75a98ce2de533831979cfaa9e
profiles/build-ALGSTRUCT.log	4885	8c1d43d4387ec2101e8a5924ff8cb25726ef0a1efc3f33c2070f4764ae764194
profiles/build-OFF.log	4885	354396ad8e3cabbb77c633bc59bf15ed01599f19f311f8fa06451f9df9bbef96
profiles/build-STRUCT.log	4885	b90692fdd4a45cdd43a5c7ee748029ffd7f4a935ebf9d3a50f126b2d85e4a6db
profiles/build-STRUCT_R1.log	4885	3205b1f92a2032768ac8b794b4f17590c5dae66e1b5df94764f99017656045ae
profiles/build-STRUCT_R2.log	4885	3205b1f92a2032768ac8b794b4f17590c5dae66e1b5df94764f99017656045ae
profiles/build-info-ALGSTRUCT.txt	151	6d4ca343b77adbfa314d490f38b31b61c0d9ae6fb4a761cb715b7f79cf2eb66b
profiles/build-info-OFF.txt	155	be4c60cb144139deb2c33ef3515c918e79ef7e9a48db9968c51691aded613d6b
profiles/build-info-STRUCT.txt	153	b3f50fc0455dd99812fe787f9051d29511ab5cb119e0d5785cd2d77f7af2835e
profiles/build-info-STRUCT_R1.txt	152	d3f8b9593e3948cb0352130e8f4ca89670754bc6af44b46b47c814d9420a76ab
profiles/build-info-STRUCT_R2.txt	152	2a00785ffbd811ac1e905813a2b73c2eb7e3fed08e78b3d545cac3a8df246dd3
profiles/cmake-ALGSTRUCT.log	3085	2440458e986df0c3b5ca016cab4aa427a815d4b43edd1e82602ad7a1194f11e8
profiles/cmake-OFF.log	3071	a53b9234171722fe48b4f67b23dbf8fb2f9be063f01377e5660bf7605fd9ca1a
profiles/cmake-STRUCT.log	3078	f16e770c04f383fc31d9d1cdad12ef1ff568655a97502c769f588cc236b972d3
profiles/cmake-STRUCT_R1.log	3086	b253f72f42f2d25d4746382b5cafdd37046ccae9dcb4306a677fb1d8f9ebaee9
profiles/cmake-STRUCT_R2.log	3086	0b346f1c3db8d0927fdaee04cb59e89a6b93d71c0d6a08f5a438693de2f1f2e0
profiles/conan-install.log	5972	4fe97f013fb537b94de1fe429ac7651d330068f64b1eb70b9e15500c0732ca69
profiles/ctest-ALGSTRUCT.log	1491	4725f54e4e3828b1dda928804617cb8aa115ca7161e0a3bb9193266186787acb
profiles/ctest-OFF.log	1485	b0a2df153bda9fb64a74b83e530f41708c1b280d13b8d9f97b77753b9b31a67c
profiles/ctest-STRUCT.log	1488	af3f180ae1d9d493b131b3acc867f6930be3ba55329be5726782b94a63bf7899
profiles/ctest-STRUCT_R1.log	1491	465810a36e7e26b62c2c84310debdf81051c48c59bcda9ce96a6ecd933530ac1
profiles/ctest-STRUCT_R2.log	1491	13eb6fb3ed70eb84fc0596c05404d3cf495a0a6b20e293a10674ac6f0734af24
semantic/W1/ALGSTRUCT/A.desc	47	5787acced769f970ba7f750893bcaa9b5561a220ea42b224db71f7abd71c4dfa
semantic/W1/ALGSTRUCT/B.desc	47	f8f7b0f4c2423653c82e5af23efa0ea0d5e86fb7f932478b7f092ba3faf1a909
semantic/W1/ALGSTRUCT/STREAM_HASH_A_B.desc	43	91fa2aec6956910a282e26f8f428ec61448ae55aa3da815f9b270b5f0c8c0033
semantic/W1/ALGSTRUCT/STREAM_HASH_A_B.meta	26	fee04eaaabbb32395f67301e6cde9b83e9d86a1e2a7acc1131660f105b173212
semantic/W1/ALGSTRUCT/w1_out	576	db914d13d5437de21a5752c8f47b8ec7170b7e9ca789139de50e2cc924d8f9a1
semantic/W1/ALGSTRUCT/w1_out.desc	17	108c7a9f011f52dada1fca907b8925712d2f1c57a40c6e26c9930be62d5f01fd
semantic/W1/ALGSTRUCT/w1_out.meta	26	9cc2c38cb656ea0fe00f4430acd198114219695d43dba74a9b1fb1f680be3fdf
semantic/W1/ALGSTRUCT/w1_out.shadow	0	e3b0c44298fc1c149afbf4c8996fb92427ae41e4649b934ca495991b7852b855
semantic/W1/STRUCT/A.desc	47	5787acced769f970ba7f750893bcaa9b5561a220ea42b224db71f7abd71c4dfa
semantic/W1/STRUCT/B.desc	47	f8f7b0f4c2423653c82e5af23efa0ea0d5e86fb7f932478b7f092ba3faf1a909
semantic/W1/STRUCT/STREAM_TIMEMOVE_A.desc	43	91fa2aec6956910a282e26f8f428ec61448ae55aa3da815f9b270b5f0c8c0033
semantic/W1/STRUCT/STREAM_TIMEMOVE_A.meta	26	c8829d2015833cfb42b3f2c3907dd044ce1644eebed91024dc70e846aae37d0b
semantic/W1/STRUCT/STREAM_TIMEMOVE_B.desc	43	91fa2aec6956910a282e26f8f428ec61448ae55aa3da815f9b270b5f0c8c0033
semantic/W1/STRUCT/STREAM_TIMEMOVE_B.meta	26	97a1360dc2c653d318f92f37233bd76d55492e303b8f95eac2b764fb793a9664
semantic/W1/STRUCT/w1_out	576	db914d13d5437de21a5752c8f47b8ec7170b7e9ca789139de50e2cc924d8f9a1
semantic/W1/STRUCT/w1_out.desc	17	108c7a9f011f52dada1fca907b8925712d2f1c57a40c6e26c9930be62d5f01fd
semantic/W1/STRUCT/w1_out.meta	26	e3a9dce12980e06a1f73453232e3df20d9b9dd0cc70e1c9ea5612fa26b2cb812
semantic/W1/STRUCT/w1_out.shadow	0	e3b0c44298fc1c149afbf4c8996fb92427ae41e4649b934ca495991b7852b855
semantic/W2_Q01/ALGSTRUCT/A.desc	47	5787acced769f970ba7f750893bcaa9b5561a220ea42b224db71f7abd71c4dfa
semantic/W2_Q01/ALGSTRUCT/B.desc	47	f8f7b0f4c2423653c82e5af23efa0ea0d5e86fb7f932478b7f092ba3faf1a909
semantic/W2_Q01/ALGSTRUCT/STREAM_HASH_A_B.desc	43	91fa2aec6956910a282e26f8f428ec61448ae55aa3da815f9b270b5f0c8c0033
semantic/W2_Q01/ALGSTRUCT/STREAM_HASH_A_B.meta	26	9fd55336498383582659cca994922d6286fdbf13c9a5dc7599114170b678307a
semantic/W2_Q01/ALGSTRUCT/w2_out_000	576	db914d13d5437de21a5752c8f47b8ec7170b7e9ca789139de50e2cc924d8f9a1
semantic/W2_Q01/ALGSTRUCT/w2_out_000.desc	17	108c7a9f011f52dada1fca907b8925712d2f1c57a40c6e26c9930be62d5f01fd
semantic/W2_Q01/ALGSTRUCT/w2_out_000.meta	26	43ba6b4a524d71b4067326858ac512c97c87b13a3ad2e0b9b81bb6feea8e2155
semantic/W2_Q01/ALGSTRUCT/w2_out_000.shadow	0	e3b0c44298fc1c149afbf4c8996fb92427ae41e4649b934ca495991b7852b855
semantic/W2_Q01/STRUCT/A.desc	47	5787acced769f970ba7f750893bcaa9b5561a220ea42b224db71f7abd71c4dfa
semantic/W2_Q01/STRUCT/B.desc	47	f8f7b0f4c2423653c82e5af23efa0ea0d5e86fb7f932478b7f092ba3faf1a909
semantic/W2_Q01/STRUCT/STREAM_TIMEMOVE_A.desc	43	91fa2aec6956910a282e26f8f428ec61448ae55aa3da815f9b270b5f0c8c0033
semantic/W2_Q01/STRUCT/STREAM_TIMEMOVE_A.meta	26	a76e759ecba069ee538e2bbb42e732cc8ff2b6dc44f882f000eb4254521a17bd
semantic/W2_Q01/STRUCT/STREAM_TIMEMOVE_B.desc	43	91fa2aec6956910a282e26f8f428ec61448ae55aa3da815f9b270b5f0c8c0033
semantic/W2_Q01/STRUCT/STREAM_TIMEMOVE_B.meta	26	e3ac41c51604aa73811a7ee098e843f972b0925cf82af3264bf6c5989380f4e7
semantic/W2_Q01/STRUCT/w2_out_000	576	db914d13d5437de21a5752c8f47b8ec7170b7e9ca789139de50e2cc924d8f9a1
semantic/W2_Q01/STRUCT/w2_out_000.desc	17	108c7a9f011f52dada1fca907b8925712d2f1c57a40c6e26c9930be62d5f01fd
semantic/W2_Q01/STRUCT/w2_out_000.meta	26	40c42fcc76c905cfc7b5025acdcea508b7ab3660329c10dd32fc43af1a2adfb5
semantic/W2_Q01/STRUCT/w2_out_000.shadow	0	e3b0c44298fc1c149afbf4c8996fb92427ae41e4649b934ca495991b7852b855
semantic/W2_Q02/ALGSTRUCT/A.desc	47	5787acced769f970ba7f750893bcaa9b5561a220ea42b224db71f7abd71c4dfa
semantic/W2_Q02/ALGSTRUCT/B.desc	47	f8f7b0f4c2423653c82e5af23efa0ea0d5e86fb7f932478b7f092ba3faf1a909
semantic/W2_Q02/ALGSTRUCT/STREAM_HASH_A_B.desc	43	91fa2aec6956910a282e26f8f428ec61448ae55aa3da815f9b270b5f0c8c0033
semantic/W2_Q02/ALGSTRUCT/STREAM_HASH_A_B.meta	26	b1178748adfad75e173f8a319ccded5a90bb11c547163faaf66c3d977fbc2cb1
semantic/W2_Q02/ALGSTRUCT/w2_out_000	576	db914d13d5437de21a5752c8f47b8ec7170b7e9ca789139de50e2cc924d8f9a1
semantic/W2_Q02/ALGSTRUCT/w2_out_000.desc	17	108c7a9f011f52dada1fca907b8925712d2f1c57a40c6e26c9930be62d5f01fd
semantic/W2_Q02/ALGSTRUCT/w2_out_000.meta	26	52dbc60b7335d197a4a420057e07f5b7dd82b01eca3341cccdc836dff5928b8d
semantic/W2_Q02/ALGSTRUCT/w2_out_000.shadow	0	e3b0c44298fc1c149afbf4c8996fb92427ae41e4649b934ca495991b7852b855
semantic/W2_Q02/ALGSTRUCT/w2_out_001	576	db914d13d5437de21a5752c8f47b8ec7170b7e9ca789139de50e2cc924d8f9a1
semantic/W2_Q02/ALGSTRUCT/w2_out_001.desc	17	108c7a9f011f52dada1fca907b8925712d2f1c57a40c6e26c9930be62d5f01fd
semantic/W2_Q02/ALGSTRUCT/w2_out_001.meta	26	ad2a1a5df5f4ed876bfa5f150264c84fe48d3b1d36c79fbe84409969d7839f04
semantic/W2_Q02/ALGSTRUCT/w2_out_001.shadow	0	e3b0c44298fc1c149afbf4c8996fb92427ae41e4649b934ca495991b7852b855
semantic/W2_Q02/STRUCT/A.desc	47	5787acced769f970ba7f750893bcaa9b5561a220ea42b224db71f7abd71c4dfa
semantic/W2_Q02/STRUCT/B.desc	47	f8f7b0f4c2423653c82e5af23efa0ea0d5e86fb7f932478b7f092ba3faf1a909
semantic/W2_Q02/STRUCT/STREAM_TIMEMOVE_A.desc	43	91fa2aec6956910a282e26f8f428ec61448ae55aa3da815f9b270b5f0c8c0033
semantic/W2_Q02/STRUCT/STREAM_TIMEMOVE_A.meta	26	cdbaeacf7d00985558f5e69c1225e721cf3886ad87224de5851805ce2c82b750
semantic/W2_Q02/STRUCT/STREAM_TIMEMOVE_B.desc	43	91fa2aec6956910a282e26f8f428ec61448ae55aa3da815f9b270b5f0c8c0033
semantic/W2_Q02/STRUCT/STREAM_TIMEMOVE_B.meta	26	780b357cbad1c1b673238c098f863902a8d20ea2569be0c5b895129a25411ad0
semantic/W2_Q02/STRUCT/w2_out_000	576	db914d13d5437de21a5752c8f47b8ec7170b7e9ca789139de50e2cc924d8f9a1
semantic/W2_Q02/STRUCT/w2_out_000.desc	17	108c7a9f011f52dada1fca907b8925712d2f1c57a40c6e26c9930be62d5f01fd
semantic/W2_Q02/STRUCT/w2_out_000.meta	26	0896e4a802bab70498997b21aedca0777a7d6884065e63cdcd7af4a44fc23704
semantic/W2_Q02/STRUCT/w2_out_000.shadow	0	e3b0c44298fc1c149afbf4c8996fb92427ae41e4649b934ca495991b7852b855
semantic/W2_Q02/STRUCT/w2_out_001	576	db914d13d5437de21a5752c8f47b8ec7170b7e9ca789139de50e2cc924d8f9a1
semantic/W2_Q02/STRUCT/w2_out_001.desc	17	108c7a9f011f52dada1fca907b8925712d2f1c57a40c6e26c9930be62d5f01fd
semantic/W2_Q02/STRUCT/w2_out_001.meta	26	32ebfe63740574477f828987d1b3d93bd909d452d5dee222e5f1942e89263424
semantic/W2_Q02/STRUCT/w2_out_001.shadow	0	e3b0c44298fc1c149afbf4c8996fb92427ae41e4649b934ca495991b7852b855
semantic/W2_Q04/ALGSTRUCT/A.desc	47	5787acced769f970ba7f750893bcaa9b5561a220ea42b224db71f7abd71c4dfa
semantic/W2_Q04/ALGSTRUCT/B.desc	47	f8f7b0f4c2423653c82e5af23efa0ea0d5e86fb7f932478b7f092ba3faf1a909
semantic/W2_Q04/ALGSTRUCT/STREAM_HASH_A_B.desc	43	91fa2aec6956910a282e26f8f428ec61448ae55aa3da815f9b270b5f0c8c0033
semantic/W2_Q04/ALGSTRUCT/STREAM_HASH_A_B.meta	26	a4f0cf438593ded092855126fc37a0a6e6d7da425eafbd5ae5337dbd6cddf6cc
semantic/W2_Q04/ALGSTRUCT/w2_out_000	576	db914d13d5437de21a5752c8f47b8ec7170b7e9ca789139de50e2cc924d8f9a1
semantic/W2_Q04/ALGSTRUCT/w2_out_000.desc	17	108c7a9f011f52dada1fca907b8925712d2f1c57a40c6e26c9930be62d5f01fd
semantic/W2_Q04/ALGSTRUCT/w2_out_000.meta	26	422cdf4f94a38a1423bed779bbadcd14e39634951d514828259a29b4914c5e55
semantic/W2_Q04/ALGSTRUCT/w2_out_000.shadow	0	e3b0c44298fc1c149afbf4c8996fb92427ae41e4649b934ca495991b7852b855
semantic/W2_Q04/ALGSTRUCT/w2_out_001	576	db914d13d5437de21a5752c8f47b8ec7170b7e9ca789139de50e2cc924d8f9a1
semantic/W2_Q04/ALGSTRUCT/w2_out_001.desc	17	108c7a9f011f52dada1fca907b8925712d2f1c57a40c6e26c9930be62d5f01fd
semantic/W2_Q04/ALGSTRUCT/w2_out_001.meta	26	6285e6e4de127db9a8a4273c1842295931adb01358438c639706e8585d53caab
semantic/W2_Q04/ALGSTRUCT/w2_out_001.shadow	0	e3b0c44298fc1c149afbf4c8996fb92427ae41e4649b934ca495991b7852b855
semantic/W2_Q04/ALGSTRUCT/w2_out_002	576	db914d13d5437de21a5752c8f47b8ec7170b7e9ca789139de50e2cc924d8f9a1
semantic/W2_Q04/ALGSTRUCT/w2_out_002.desc	17	108c7a9f011f52dada1fca907b8925712d2f1c57a40c6e26c9930be62d5f01fd
semantic/W2_Q04/ALGSTRUCT/w2_out_002.meta	26	5b18ac920fe1d088dcaa745705b253f1e3d3f7bdb35d9d02324553b8803f624a
semantic/W2_Q04/ALGSTRUCT/w2_out_002.shadow	0	e3b0c44298fc1c149afbf4c8996fb92427ae41e4649b934ca495991b7852b855
semantic/W2_Q04/ALGSTRUCT/w2_out_003	576	db914d13d5437de21a5752c8f47b8ec7170b7e9ca789139de50e2cc924d8f9a1
semantic/W2_Q04/ALGSTRUCT/w2_out_003.desc	17	108c7a9f011f52dada1fca907b8925712d2f1c57a40c6e26c9930be62d5f01fd
semantic/W2_Q04/ALGSTRUCT/w2_out_003.meta	26	e87292831c0833a067de26ccb8ee3b3512e7c59eaebd99fe671c0d9db3dbc1d5
semantic/W2_Q04/ALGSTRUCT/w2_out_003.shadow	0	e3b0c44298fc1c149afbf4c8996fb92427ae41e4649b934ca495991b7852b855
semantic/W2_Q04/STRUCT/A.desc	47	5787acced769f970ba7f750893bcaa9b5561a220ea42b224db71f7abd71c4dfa
semantic/W2_Q04/STRUCT/B.desc	47	f8f7b0f4c2423653c82e5af23efa0ea0d5e86fb7f932478b7f092ba3faf1a909
semantic/W2_Q04/STRUCT/STREAM_TIMEMOVE_A.desc	43	91fa2aec6956910a282e26f8f428ec61448ae55aa3da815f9b270b5f0c8c0033
semantic/W2_Q04/STRUCT/STREAM_TIMEMOVE_A.meta	26	01d52e39ac37489ccd0a83b86728735927c79ac30af04cb599f669d8bc489699
semantic/W2_Q04/STRUCT/STREAM_TIMEMOVE_B.desc	43	91fa2aec6956910a282e26f8f428ec61448ae55aa3da815f9b270b5f0c8c0033
semantic/W2_Q04/STRUCT/STREAM_TIMEMOVE_B.meta	26	4753a4e35a383845c7ce3904ae4f6297f26a03a417ddc4f2666d4a44fedfad74
semantic/W2_Q04/STRUCT/w2_out_000	576	db914d13d5437de21a5752c8f47b8ec7170b7e9ca789139de50e2cc924d8f9a1
semantic/W2_Q04/STRUCT/w2_out_000.desc	17	108c7a9f011f52dada1fca907b8925712d2f1c57a40c6e26c9930be62d5f01fd
semantic/W2_Q04/STRUCT/w2_out_000.meta	26	284576f3b1e75042339997cddddb0422098587d938004901afbf0b72007f52cb
semantic/W2_Q04/STRUCT/w2_out_000.shadow	0	e3b0c44298fc1c149afbf4c8996fb92427ae41e4649b934ca495991b7852b855
semantic/W2_Q04/STRUCT/w2_out_001	576	db914d13d5437de21a5752c8f47b8ec7170b7e9ca789139de50e2cc924d8f9a1
semantic/W2_Q04/STRUCT/w2_out_001.desc	17	108c7a9f011f52dada1fca907b8925712d2f1c57a40c6e26c9930be62d5f01fd
semantic/W2_Q04/STRUCT/w2_out_001.meta	26	f88b369541519f61b78ebdaec396ead68bf5248528c41aa404ad7c6d569cd7b6
semantic/W2_Q04/STRUCT/w2_out_001.shadow	0	e3b0c44298fc1c149afbf4c8996fb92427ae41e4649b934ca495991b7852b855
semantic/W2_Q04/STRUCT/w2_out_002	576	db914d13d5437de21a5752c8f47b8ec7170b7e9ca789139de50e2cc924d8f9a1
semantic/W2_Q04/STRUCT/w2_out_002.desc	17	108c7a9f011f52dada1fca907b8925712d2f1c57a40c6e26c9930be62d5f01fd
semantic/W2_Q04/STRUCT/w2_out_002.meta	26	cd6fc09077459cdee506c1cf64edb03f469413212981c4d7d64631f3a7f00ab5
semantic/W2_Q04/STRUCT/w2_out_002.shadow	0	e3b0c44298fc1c149afbf4c8996fb92427ae41e4649b934ca495991b7852b855
semantic/W2_Q04/STRUCT/w2_out_003	576	db914d13d5437de21a5752c8f47b8ec7170b7e9ca789139de50e2cc924d8f9a1
semantic/W2_Q04/STRUCT/w2_out_003.desc	17	108c7a9f011f52dada1fca907b8925712d2f1c57a40c6e26c9930be62d5f01fd
semantic/W2_Q04/STRUCT/w2_out_003.meta	26	26323181f3575aa77f5c3ab1d0cc054bdc521687aef4505deb3155f893c1db0e
semantic/W2_Q04/STRUCT/w2_out_003.shadow	0	e3b0c44298fc1c149afbf4c8996fb92427ae41e4649b934ca495991b7852b855
semantic/W2_Q08/ALGSTRUCT/A.desc	47	5787acced769f970ba7f750893bcaa9b5561a220ea42b224db71f7abd71c4dfa
semantic/W2_Q08/ALGSTRUCT/B.desc	47	f8f7b0f4c2423653c82e5af23efa0ea0d5e86fb7f932478b7f092ba3faf1a909
semantic/W2_Q08/ALGSTRUCT/STREAM_HASH_A_B.desc	43	91fa2aec6956910a282e26f8f428ec61448ae55aa3da815f9b270b5f0c8c0033
semantic/W2_Q08/ALGSTRUCT/STREAM_HASH_A_B.meta	26	91f7783f7ec789f28424a110e2734a68b0f020779fb712927dba336eab9e0f26
semantic/W2_Q08/ALGSTRUCT/w2_out_000	576	db914d13d5437de21a5752c8f47b8ec7170b7e9ca789139de50e2cc924d8f9a1
semantic/W2_Q08/ALGSTRUCT/w2_out_000.desc	17	108c7a9f011f52dada1fca907b8925712d2f1c57a40c6e26c9930be62d5f01fd
semantic/W2_Q08/ALGSTRUCT/w2_out_000.meta	26	917d1c0a3621198f6a08444337c599ae00dcf75c35b2528c90bb3a4990b3df0e
semantic/W2_Q08/ALGSTRUCT/w2_out_000.shadow	0	e3b0c44298fc1c149afbf4c8996fb92427ae41e4649b934ca495991b7852b855
semantic/W2_Q08/ALGSTRUCT/w2_out_001	576	db914d13d5437de21a5752c8f47b8ec7170b7e9ca789139de50e2cc924d8f9a1
semantic/W2_Q08/ALGSTRUCT/w2_out_001.desc	17	108c7a9f011f52dada1fca907b8925712d2f1c57a40c6e26c9930be62d5f01fd
semantic/W2_Q08/ALGSTRUCT/w2_out_001.meta	26	d723f35eb332a7e226a7f230323d4f262b1a36b5acad68da7c1052a1723c83ce
semantic/W2_Q08/ALGSTRUCT/w2_out_001.shadow	0	e3b0c44298fc1c149afbf4c8996fb92427ae41e4649b934ca495991b7852b855
semantic/W2_Q08/ALGSTRUCT/w2_out_002	576	db914d13d5437de21a5752c8f47b8ec7170b7e9ca789139de50e2cc924d8f9a1
semantic/W2_Q08/ALGSTRUCT/w2_out_002.desc	17	108c7a9f011f52dada1fca907b8925712d2f1c57a40c6e26c9930be62d5f01fd
semantic/W2_Q08/ALGSTRUCT/w2_out_002.meta	26	8b5cb889e90d8a11061683a90b775b43e91ed739cf046796a392313eacbe74c6
semantic/W2_Q08/ALGSTRUCT/w2_out_002.shadow	0	e3b0c44298fc1c149afbf4c8996fb92427ae41e4649b934ca495991b7852b855
semantic/W2_Q08/ALGSTRUCT/w2_out_003	576	db914d13d5437de21a5752c8f47b8ec7170b7e9ca789139de50e2cc924d8f9a1
semantic/W2_Q08/ALGSTRUCT/w2_out_003.desc	17	108c7a9f011f52dada1fca907b8925712d2f1c57a40c6e26c9930be62d5f01fd
semantic/W2_Q08/ALGSTRUCT/w2_out_003.meta	26	23662dd7c99113f6bfe8decf315fdb990386b49e0ad0aa97d66d6875729caeb2
semantic/W2_Q08/ALGSTRUCT/w2_out_003.shadow	0	e3b0c44298fc1c149afbf4c8996fb92427ae41e4649b934ca495991b7852b855
semantic/W2_Q08/ALGSTRUCT/w2_out_004	576	db914d13d5437de21a5752c8f47b8ec7170b7e9ca789139de50e2cc924d8f9a1
semantic/W2_Q08/ALGSTRUCT/w2_out_004.desc	17	108c7a9f011f52dada1fca907b8925712d2f1c57a40c6e26c9930be62d5f01fd
semantic/W2_Q08/ALGSTRUCT/w2_out_004.meta	26	b6e0fcf493a135c933e896484f7413bd418cd036c85a02012fe734cf0d6d1591
semantic/W2_Q08/ALGSTRUCT/w2_out_004.shadow	0	e3b0c44298fc1c149afbf4c8996fb92427ae41e4649b934ca495991b7852b855
semantic/W2_Q08/ALGSTRUCT/w2_out_005	576	db914d13d5437de21a5752c8f47b8ec7170b7e9ca789139de50e2cc924d8f9a1
semantic/W2_Q08/ALGSTRUCT/w2_out_005.desc	17	108c7a9f011f52dada1fca907b8925712d2f1c57a40c6e26c9930be62d5f01fd
semantic/W2_Q08/ALGSTRUCT/w2_out_005.meta	26	7082f490a0b5f2d6475e53f4ac158dbe1e721e9bfe92ad87b35c6d456e9899c7
semantic/W2_Q08/ALGSTRUCT/w2_out_005.shadow	0	e3b0c44298fc1c149afbf4c8996fb92427ae41e4649b934ca495991b7852b855
semantic/W2_Q08/ALGSTRUCT/w2_out_006	576	db914d13d5437de21a5752c8f47b8ec7170b7e9ca789139de50e2cc924d8f9a1
semantic/W2_Q08/ALGSTRUCT/w2_out_006.desc	17	108c7a9f011f52dada1fca907b8925712d2f1c57a40c6e26c9930be62d5f01fd
semantic/W2_Q08/ALGSTRUCT/w2_out_006.meta	26	d2f43dc10a31aa9d5752d878f0148ad1c32dd3b7b3591215e42b6b2a0bf9dbab
semantic/W2_Q08/ALGSTRUCT/w2_out_006.shadow	0	e3b0c44298fc1c149afbf4c8996fb92427ae41e4649b934ca495991b7852b855
semantic/W2_Q08/ALGSTRUCT/w2_out_007	576	db914d13d5437de21a5752c8f47b8ec7170b7e9ca789139de50e2cc924d8f9a1
semantic/W2_Q08/ALGSTRUCT/w2_out_007.desc	17	108c7a9f011f52dada1fca907b8925712d2f1c57a40c6e26c9930be62d5f01fd
semantic/W2_Q08/ALGSTRUCT/w2_out_007.meta	26	c80878b5b02d3393f634eb09ce5adc5a53b14e3edb702cad0ec0716a8515d03e
semantic/W2_Q08/ALGSTRUCT/w2_out_007.shadow	0	e3b0c44298fc1c149afbf4c8996fb92427ae41e4649b934ca495991b7852b855
semantic/W2_Q08/STRUCT/A.desc	47	5787acced769f970ba7f750893bcaa9b5561a220ea42b224db71f7abd71c4dfa
semantic/W2_Q08/STRUCT/B.desc	47	f8f7b0f4c2423653c82e5af23efa0ea0d5e86fb7f932478b7f092ba3faf1a909
semantic/W2_Q08/STRUCT/STREAM_TIMEMOVE_A.desc	43	91fa2aec6956910a282e26f8f428ec61448ae55aa3da815f9b270b5f0c8c0033
semantic/W2_Q08/STRUCT/STREAM_TIMEMOVE_A.meta	26	b40f288da6c2ba9e333a375cda3a63f09fd5471e4dad380ca3341de1b5a26f11
semantic/W2_Q08/STRUCT/STREAM_TIMEMOVE_B.desc	43	91fa2aec6956910a282e26f8f428ec61448ae55aa3da815f9b270b5f0c8c0033
semantic/W2_Q08/STRUCT/STREAM_TIMEMOVE_B.meta	26	44938efaa0978f318296390e84f73fd43857346b7991fa669227bd6cdb93fb63
semantic/W2_Q08/STRUCT/w2_out_000	576	db914d13d5437de21a5752c8f47b8ec7170b7e9ca789139de50e2cc924d8f9a1
semantic/W2_Q08/STRUCT/w2_out_000.desc	17	108c7a9f011f52dada1fca907b8925712d2f1c57a40c6e26c9930be62d5f01fd
semantic/W2_Q08/STRUCT/w2_out_000.meta	26	4fdb1fdf0d4c3e13e32d690eb7f73fad76915b5a3353a7bfbe1c17da35ed6eee
semantic/W2_Q08/STRUCT/w2_out_000.shadow	0	e3b0c44298fc1c149afbf4c8996fb92427ae41e4649b934ca495991b7852b855
semantic/W2_Q08/STRUCT/w2_out_001	576	db914d13d5437de21a5752c8f47b8ec7170b7e9ca789139de50e2cc924d8f9a1
semantic/W2_Q08/STRUCT/w2_out_001.desc	17	108c7a9f011f52dada1fca907b8925712d2f1c57a40c6e26c9930be62d5f01fd
semantic/W2_Q08/STRUCT/w2_out_001.meta	26	d602753904777f2a50a534f1f73c98777c5e89e744d7ef128492c1e8c41fb962
semantic/W2_Q08/STRUCT/w2_out_001.shadow	0	e3b0c44298fc1c149afbf4c8996fb92427ae41e4649b934ca495991b7852b855
semantic/W2_Q08/STRUCT/w2_out_002	576	db914d13d5437de21a5752c8f47b8ec7170b7e9ca789139de50e2cc924d8f9a1
semantic/W2_Q08/STRUCT/w2_out_002.desc	17	108c7a9f011f52dada1fca907b8925712d2f1c57a40c6e26c9930be62d5f01fd
semantic/W2_Q08/STRUCT/w2_out_002.meta	26	f5fa9c66342f7059dc2205478c477947e127de725e0cae996ef04450b7f0a4e6
semantic/W2_Q08/STRUCT/w2_out_002.shadow	0	e3b0c44298fc1c149afbf4c8996fb92427ae41e4649b934ca495991b7852b855
semantic/W2_Q08/STRUCT/w2_out_003	576	db914d13d5437de21a5752c8f47b8ec7170b7e9ca789139de50e2cc924d8f9a1
semantic/W2_Q08/STRUCT/w2_out_003.desc	17	108c7a9f011f52dada1fca907b8925712d2f1c57a40c6e26c9930be62d5f01fd
semantic/W2_Q08/STRUCT/w2_out_003.meta	26	cc4eb4c43074d386a7f34667c85979cbcc53320e9b54a46191d9f92bd09d1d90
semantic/W2_Q08/STRUCT/w2_out_003.shadow	0	e3b0c44298fc1c149afbf4c8996fb92427ae41e4649b934ca495991b7852b855
semantic/W2_Q08/STRUCT/w2_out_004	576	db914d13d5437de21a5752c8f47b8ec7170b7e9ca789139de50e2cc924d8f9a1
semantic/W2_Q08/STRUCT/w2_out_004.desc	17	108c7a9f011f52dada1fca907b8925712d2f1c57a40c6e26c9930be62d5f01fd
semantic/W2_Q08/STRUCT/w2_out_004.meta	26	9dac1d0dbc5d0861f196cea53e6474fda7b214ef247a5e8865cd355e5e6ccde2
semantic/W2_Q08/STRUCT/w2_out_004.shadow	0	e3b0c44298fc1c149afbf4c8996fb92427ae41e4649b934ca495991b7852b855
semantic/W2_Q08/STRUCT/w2_out_005	576	db914d13d5437de21a5752c8f47b8ec7170b7e9ca789139de50e2cc924d8f9a1
semantic/W2_Q08/STRUCT/w2_out_005.desc	17	108c7a9f011f52dada1fca907b8925712d2f1c57a40c6e26c9930be62d5f01fd
semantic/W2_Q08/STRUCT/w2_out_005.meta	26	ce2852cbac0894d305891700d2499fb1af9fa657e4827d331534ea2d81fe5818
semantic/W2_Q08/STRUCT/w2_out_005.shadow	0	e3b0c44298fc1c149afbf4c8996fb92427ae41e4649b934ca495991b7852b855
semantic/W2_Q08/STRUCT/w2_out_006	576	db914d13d5437de21a5752c8f47b8ec7170b7e9ca789139de50e2cc924d8f9a1
semantic/W2_Q08/STRUCT/w2_out_006.desc	17	108c7a9f011f52dada1fca907b8925712d2f1c57a40c6e26c9930be62d5f01fd
semantic/W2_Q08/STRUCT/w2_out_006.meta	26	3e59a04be694f3e6bbd5094602bc8e565442eec8e65832295b98822216a0a488
semantic/W2_Q08/STRUCT/w2_out_006.shadow	0	e3b0c44298fc1c149afbf4c8996fb92427ae41e4649b934ca495991b7852b855
semantic/W2_Q08/STRUCT/w2_out_007	576	db914d13d5437de21a5752c8f47b8ec7170b7e9ca789139de50e2cc924d8f9a1
semantic/W2_Q08/STRUCT/w2_out_007.desc	17	108c7a9f011f52dada1fca907b8925712d2f1c57a40c6e26c9930be62d5f01fd
semantic/W2_Q08/STRUCT/w2_out_007.meta	26	e0d97c276e518b1868f4d01f598a2f5b4dc61b21cef4ea8ff345aa47c62e5f10
semantic/W2_Q08/STRUCT/w2_out_007.shadow	0	e3b0c44298fc1c149afbf4c8996fb92427ae41e4649b934ca495991b7852b855
semantic/W2_Q16/ALGSTRUCT/A.desc	47	5787acced769f970ba7f750893bcaa9b5561a220ea42b224db71f7abd71c4dfa
semantic/W2_Q16/ALGSTRUCT/B.desc	47	f8f7b0f4c2423653c82e5af23efa0ea0d5e86fb7f932478b7f092ba3faf1a909
semantic/W2_Q16/ALGSTRUCT/STREAM_HASH_A_B.desc	43	91fa2aec6956910a282e26f8f428ec61448ae55aa3da815f9b270b5f0c8c0033
semantic/W2_Q16/ALGSTRUCT/STREAM_HASH_A_B.meta	26	f03b489e4a4b780956cec5263a131eb7c66d3dec319fd5a91c3e1c5acbe5f728
semantic/W2_Q16/ALGSTRUCT/w2_out_000	576	db914d13d5437de21a5752c8f47b8ec7170b7e9ca789139de50e2cc924d8f9a1
semantic/W2_Q16/ALGSTRUCT/w2_out_000.desc	17	108c7a9f011f52dada1fca907b8925712d2f1c57a40c6e26c9930be62d5f01fd
semantic/W2_Q16/ALGSTRUCT/w2_out_000.meta	26	0d09f768d1ca847bd942a892299a2a2fd3f00fa5cc6aab934cf58e8f9c9f9784
semantic/W2_Q16/ALGSTRUCT/w2_out_000.shadow	0	e3b0c44298fc1c149afbf4c8996fb92427ae41e4649b934ca495991b7852b855
semantic/W2_Q16/ALGSTRUCT/w2_out_001	576	db914d13d5437de21a5752c8f47b8ec7170b7e9ca789139de50e2cc924d8f9a1
semantic/W2_Q16/ALGSTRUCT/w2_out_001.desc	17	108c7a9f011f52dada1fca907b8925712d2f1c57a40c6e26c9930be62d5f01fd
semantic/W2_Q16/ALGSTRUCT/w2_out_001.meta	26	0ab92a13fea18498160986f22499baafc927c997c2ec13bcbf2b1be582ed8b73
semantic/W2_Q16/ALGSTRUCT/w2_out_001.shadow	0	e3b0c44298fc1c149afbf4c8996fb92427ae41e4649b934ca495991b7852b855
semantic/W2_Q16/ALGSTRUCT/w2_out_002	576	db914d13d5437de21a5752c8f47b8ec7170b7e9ca789139de50e2cc924d8f9a1
semantic/W2_Q16/ALGSTRUCT/w2_out_002.desc	17	108c7a9f011f52dada1fca907b8925712d2f1c57a40c6e26c9930be62d5f01fd
semantic/W2_Q16/ALGSTRUCT/w2_out_002.meta	26	bf2f3dee3207caf79bfdd29edadfd71fb65b3b608fd22ab83b63fc193851b44e
semantic/W2_Q16/ALGSTRUCT/w2_out_002.shadow	0	e3b0c44298fc1c149afbf4c8996fb92427ae41e4649b934ca495991b7852b855
semantic/W2_Q16/ALGSTRUCT/w2_out_003	576	db914d13d5437de21a5752c8f47b8ec7170b7e9ca789139de50e2cc924d8f9a1
semantic/W2_Q16/ALGSTRUCT/w2_out_003.desc	17	108c7a9f011f52dada1fca907b8925712d2f1c57a40c6e26c9930be62d5f01fd
semantic/W2_Q16/ALGSTRUCT/w2_out_003.meta	26	5f0a47bf67e62d88cbddd7b870f8cd54ec420dba9b7f879685da9800f910fe8a
semantic/W2_Q16/ALGSTRUCT/w2_out_003.shadow	0	e3b0c44298fc1c149afbf4c8996fb92427ae41e4649b934ca495991b7852b855
semantic/W2_Q16/ALGSTRUCT/w2_out_004	576	db914d13d5437de21a5752c8f47b8ec7170b7e9ca789139de50e2cc924d8f9a1
semantic/W2_Q16/ALGSTRUCT/w2_out_004.desc	17	108c7a9f011f52dada1fca907b8925712d2f1c57a40c6e26c9930be62d5f01fd
semantic/W2_Q16/ALGSTRUCT/w2_out_004.meta	26	4f9df7a1933b8fcbf32c6ac083cdc5d2472d28eae062275aaeb02e752bf5fe3c
semantic/W2_Q16/ALGSTRUCT/w2_out_004.shadow	0	e3b0c44298fc1c149afbf4c8996fb92427ae41e4649b934ca495991b7852b855
semantic/W2_Q16/ALGSTRUCT/w2_out_005	576	db914d13d5437de21a5752c8f47b8ec7170b7e9ca789139de50e2cc924d8f9a1
semantic/W2_Q16/ALGSTRUCT/w2_out_005.desc	17	108c7a9f011f52dada1fca907b8925712d2f1c57a40c6e26c9930be62d5f01fd
semantic/W2_Q16/ALGSTRUCT/w2_out_005.meta	26	c8c741084f52b08fcfb29b67c19b925c5a966777da150e12483399c8867bb556
semantic/W2_Q16/ALGSTRUCT/w2_out_005.shadow	0	e3b0c44298fc1c149afbf4c8996fb92427ae41e4649b934ca495991b7852b855
semantic/W2_Q16/ALGSTRUCT/w2_out_006	576	db914d13d5437de21a5752c8f47b8ec7170b7e9ca789139de50e2cc924d8f9a1
semantic/W2_Q16/ALGSTRUCT/w2_out_006.desc	17	108c7a9f011f52dada1fca907b8925712d2f1c57a40c6e26c9930be62d5f01fd
semantic/W2_Q16/ALGSTRUCT/w2_out_006.meta	26	ea7b44824fb0768bf2b762debbe7bf57e0748cd29cc3243c5226c82e3e0f4ec1
semantic/W2_Q16/ALGSTRUCT/w2_out_006.shadow	0	e3b0c44298fc1c149afbf4c8996fb92427ae41e4649b934ca495991b7852b855
semantic/W2_Q16/ALGSTRUCT/w2_out_007	576	db914d13d5437de21a5752c8f47b8ec7170b7e9ca789139de50e2cc924d8f9a1
semantic/W2_Q16/ALGSTRUCT/w2_out_007.desc	17	108c7a9f011f52dada1fca907b8925712d2f1c57a40c6e26c9930be62d5f01fd
semantic/W2_Q16/ALGSTRUCT/w2_out_007.meta	26	c77f55dcbcf9eebbb73846a1662877a48160e7dcccb70765b8e67fd6ab6d40f3
semantic/W2_Q16/ALGSTRUCT/w2_out_007.shadow	0	e3b0c44298fc1c149afbf4c8996fb92427ae41e4649b934ca495991b7852b855
semantic/W2_Q16/ALGSTRUCT/w2_out_008	576	db914d13d5437de21a5752c8f47b8ec7170b7e9ca789139de50e2cc924d8f9a1
semantic/W2_Q16/ALGSTRUCT/w2_out_008.desc	17	108c7a9f011f52dada1fca907b8925712d2f1c57a40c6e26c9930be62d5f01fd
semantic/W2_Q16/ALGSTRUCT/w2_out_008.meta	26	23c79f033c059cd2c500967fa7d1852f5f01c9c8cfb4d6c84a2235577eaf6678
semantic/W2_Q16/ALGSTRUCT/w2_out_008.shadow	0	e3b0c44298fc1c149afbf4c8996fb92427ae41e4649b934ca495991b7852b855
semantic/W2_Q16/ALGSTRUCT/w2_out_009	576	db914d13d5437de21a5752c8f47b8ec7170b7e9ca789139de50e2cc924d8f9a1
semantic/W2_Q16/ALGSTRUCT/w2_out_009.desc	17	108c7a9f011f52dada1fca907b8925712d2f1c57a40c6e26c9930be62d5f01fd
semantic/W2_Q16/ALGSTRUCT/w2_out_009.meta	26	28af23d29ea9896cfb046c7427d64936258b05e475eb6a09701ac763a91f1b6f
semantic/W2_Q16/ALGSTRUCT/w2_out_009.shadow	0	e3b0c44298fc1c149afbf4c8996fb92427ae41e4649b934ca495991b7852b855
semantic/W2_Q16/ALGSTRUCT/w2_out_010	576	db914d13d5437de21a5752c8f47b8ec7170b7e9ca789139de50e2cc924d8f9a1
semantic/W2_Q16/ALGSTRUCT/w2_out_010.desc	17	108c7a9f011f52dada1fca907b8925712d2f1c57a40c6e26c9930be62d5f01fd
semantic/W2_Q16/ALGSTRUCT/w2_out_010.meta	26	3df26b0c0507cb5d4a3c1f298519ec692836bd012fdc87dfb6cb0239d386824a
semantic/W2_Q16/ALGSTRUCT/w2_out_010.shadow	0	e3b0c44298fc1c149afbf4c8996fb92427ae41e4649b934ca495991b7852b855
semantic/W2_Q16/ALGSTRUCT/w2_out_011	576	db914d13d5437de21a5752c8f47b8ec7170b7e9ca789139de50e2cc924d8f9a1
semantic/W2_Q16/ALGSTRUCT/w2_out_011.desc	17	108c7a9f011f52dada1fca907b8925712d2f1c57a40c6e26c9930be62d5f01fd
semantic/W2_Q16/ALGSTRUCT/w2_out_011.meta	26	8c1a79ad963ddc9a116ab0749c0216efb23646e0da059cd1ff1ffbd4d23281c0
semantic/W2_Q16/ALGSTRUCT/w2_out_011.shadow	0	e3b0c44298fc1c149afbf4c8996fb92427ae41e4649b934ca495991b7852b855
semantic/W2_Q16/ALGSTRUCT/w2_out_012	576	db914d13d5437de21a5752c8f47b8ec7170b7e9ca789139de50e2cc924d8f9a1
semantic/W2_Q16/ALGSTRUCT/w2_out_012.desc	17	108c7a9f011f52dada1fca907b8925712d2f1c57a40c6e26c9930be62d5f01fd
semantic/W2_Q16/ALGSTRUCT/w2_out_012.meta	26	89d90392791fdcdaef15f797b25af946a542c7f0bd7ac2e3c31c4dbf44686ae7
semantic/W2_Q16/ALGSTRUCT/w2_out_012.shadow	0	e3b0c44298fc1c149afbf4c8996fb92427ae41e4649b934ca495991b7852b855
semantic/W2_Q16/ALGSTRUCT/w2_out_013	576	db914d13d5437de21a5752c8f47b8ec7170b7e9ca789139de50e2cc924d8f9a1
semantic/W2_Q16/ALGSTRUCT/w2_out_013.desc	17	108c7a9f011f52dada1fca907b8925712d2f1c57a40c6e26c9930be62d5f01fd
semantic/W2_Q16/ALGSTRUCT/w2_out_013.meta	26	acf9ce727156bf115cd0a7c72a8a5d68297d3540c445f265483cfc8cf5ca01d7
semantic/W2_Q16/ALGSTRUCT/w2_out_013.shadow	0	e3b0c44298fc1c149afbf4c8996fb92427ae41e4649b934ca495991b7852b855
semantic/W2_Q16/ALGSTRUCT/w2_out_014	576	db914d13d5437de21a5752c8f47b8ec7170b7e9ca789139de50e2cc924d8f9a1
semantic/W2_Q16/ALGSTRUCT/w2_out_014.desc	17	108c7a9f011f52dada1fca907b8925712d2f1c57a40c6e26c9930be62d5f01fd
semantic/W2_Q16/ALGSTRUCT/w2_out_014.meta	26	a2072d7c1f4c5d7ddab74979fe3b8693871f5bf33d513ae510b8b712deca3dcc
semantic/W2_Q16/ALGSTRUCT/w2_out_014.shadow	0	e3b0c44298fc1c149afbf4c8996fb92427ae41e4649b934ca495991b7852b855
semantic/W2_Q16/ALGSTRUCT/w2_out_015	576	db914d13d5437de21a5752c8f47b8ec7170b7e9ca789139de50e2cc924d8f9a1
semantic/W2_Q16/ALGSTRUCT/w2_out_015.desc	17	108c7a9f011f52dada1fca907b8925712d2f1c57a40c6e26c9930be62d5f01fd
semantic/W2_Q16/ALGSTRUCT/w2_out_015.meta	26	517a5101b0f17885becebc982e70917dadde32e7f792b787ef3a483a2d1b5bd5
semantic/W2_Q16/ALGSTRUCT/w2_out_015.shadow	0	e3b0c44298fc1c149afbf4c8996fb92427ae41e4649b934ca495991b7852b855
semantic/W2_Q16/STRUCT/A.desc	47	5787acced769f970ba7f750893bcaa9b5561a220ea42b224db71f7abd71c4dfa
semantic/W2_Q16/STRUCT/B.desc	47	f8f7b0f4c2423653c82e5af23efa0ea0d5e86fb7f932478b7f092ba3faf1a909
semantic/W2_Q16/STRUCT/STREAM_TIMEMOVE_A.desc	43	91fa2aec6956910a282e26f8f428ec61448ae55aa3da815f9b270b5f0c8c0033
semantic/W2_Q16/STRUCT/STREAM_TIMEMOVE_A.meta	26	d65b2964700660704da0f40d5d72cf4df19e2018397183823bee7911892a9ec6
semantic/W2_Q16/STRUCT/STREAM_TIMEMOVE_B.desc	43	91fa2aec6956910a282e26f8f428ec61448ae55aa3da815f9b270b5f0c8c0033
semantic/W2_Q16/STRUCT/STREAM_TIMEMOVE_B.meta	26	c3cda8bd10315b6784ff9f9dedab7b3d328325fa3994a4d95d0c30b1499bc05e
semantic/W2_Q16/STRUCT/w2_out_000	576	db914d13d5437de21a5752c8f47b8ec7170b7e9ca789139de50e2cc924d8f9a1
semantic/W2_Q16/STRUCT/w2_out_000.desc	17	108c7a9f011f52dada1fca907b8925712d2f1c57a40c6e26c9930be62d5f01fd
semantic/W2_Q16/STRUCT/w2_out_000.meta	26	3b6a7609af86a2771824048c3dbd256a89319a8838b9ba3e1957ebbdfbcce1fc
semantic/W2_Q16/STRUCT/w2_out_000.shadow	0	e3b0c44298fc1c149afbf4c8996fb92427ae41e4649b934ca495991b7852b855
semantic/W2_Q16/STRUCT/w2_out_001	576	db914d13d5437de21a5752c8f47b8ec7170b7e9ca789139de50e2cc924d8f9a1
semantic/W2_Q16/STRUCT/w2_out_001.desc	17	108c7a9f011f52dada1fca907b8925712d2f1c57a40c6e26c9930be62d5f01fd
semantic/W2_Q16/STRUCT/w2_out_001.meta	26	49ab89bd9ee2cce3e3e70db9ea2a257538f7073b6656b24ffc23537ddb80f1fd
semantic/W2_Q16/STRUCT/w2_out_001.shadow	0	e3b0c44298fc1c149afbf4c8996fb92427ae41e4649b934ca495991b7852b855
semantic/W2_Q16/STRUCT/w2_out_002	576	db914d13d5437de21a5752c8f47b8ec7170b7e9ca789139de50e2cc924d8f9a1
semantic/W2_Q16/STRUCT/w2_out_002.desc	17	108c7a9f011f52dada1fca907b8925712d2f1c57a40c6e26c9930be62d5f01fd
semantic/W2_Q16/STRUCT/w2_out_002.meta	26	268c3fec63c7b8ed8bd8b2e6088acfc5f743f51458509f2c3bd0d9359662e668
semantic/W2_Q16/STRUCT/w2_out_002.shadow	0	e3b0c44298fc1c149afbf4c8996fb92427ae41e4649b934ca495991b7852b855
semantic/W2_Q16/STRUCT/w2_out_003	576	db914d13d5437de21a5752c8f47b8ec7170b7e9ca789139de50e2cc924d8f9a1
semantic/W2_Q16/STRUCT/w2_out_003.desc	17	108c7a9f011f52dada1fca907b8925712d2f1c57a40c6e26c9930be62d5f01fd
semantic/W2_Q16/STRUCT/w2_out_003.meta	26	02e3e9763c2edce45c922423484bc81e8401c5679d7f4ec66c2a40f083d7fe69
semantic/W2_Q16/STRUCT/w2_out_003.shadow	0	e3b0c44298fc1c149afbf4c8996fb92427ae41e4649b934ca495991b7852b855
semantic/W2_Q16/STRUCT/w2_out_004	576	db914d13d5437de21a5752c8f47b8ec7170b7e9ca789139de50e2cc924d8f9a1
semantic/W2_Q16/STRUCT/w2_out_004.desc	17	108c7a9f011f52dada1fca907b8925712d2f1c57a40c6e26c9930be62d5f01fd
semantic/W2_Q16/STRUCT/w2_out_004.meta	26	fcdb4d563d2e25944e87116c77cf7e0ae1378f1ece2f016d85869e9a2b499232
semantic/W2_Q16/STRUCT/w2_out_004.shadow	0	e3b0c44298fc1c149afbf4c8996fb92427ae41e4649b934ca495991b7852b855
semantic/W2_Q16/STRUCT/w2_out_005	576	db914d13d5437de21a5752c8f47b8ec7170b7e9ca789139de50e2cc924d8f9a1
semantic/W2_Q16/STRUCT/w2_out_005.desc	17	108c7a9f011f52dada1fca907b8925712d2f1c57a40c6e26c9930be62d5f01fd
semantic/W2_Q16/STRUCT/w2_out_005.meta	26	e6ca494036fb43ff8af1aba25c8a17a613cee87c871f5fc6e7f3b7e896e9cb8b
semantic/W2_Q16/STRUCT/w2_out_005.shadow	0	e3b0c44298fc1c149afbf4c8996fb92427ae41e4649b934ca495991b7852b855
semantic/W2_Q16/STRUCT/w2_out_006	576	db914d13d5437de21a5752c8f47b8ec7170b7e9ca789139de50e2cc924d8f9a1
semantic/W2_Q16/STRUCT/w2_out_006.desc	17	108c7a9f011f52dada1fca907b8925712d2f1c57a40c6e26c9930be62d5f01fd
semantic/W2_Q16/STRUCT/w2_out_006.meta	26	5e9932e82e817da6968a788f77fc9af5442a0cf5252ba5da3da76f09903849fb
semantic/W2_Q16/STRUCT/w2_out_006.shadow	0	e3b0c44298fc1c149afbf4c8996fb92427ae41e4649b934ca495991b7852b855
semantic/W2_Q16/STRUCT/w2_out_007	576	db914d13d5437de21a5752c8f47b8ec7170b7e9ca789139de50e2cc924d8f9a1
semantic/W2_Q16/STRUCT/w2_out_007.desc	17	108c7a9f011f52dada1fca907b8925712d2f1c57a40c6e26c9930be62d5f01fd
semantic/W2_Q16/STRUCT/w2_out_007.meta	26	37a694aa88633e89cd83f2d95fc4d7dd310f749f88a3bfb53854d3502f624be4
semantic/W2_Q16/STRUCT/w2_out_007.shadow	0	e3b0c44298fc1c149afbf4c8996fb92427ae41e4649b934ca495991b7852b855
semantic/W2_Q16/STRUCT/w2_out_008	576	db914d13d5437de21a5752c8f47b8ec7170b7e9ca789139de50e2cc924d8f9a1
semantic/W2_Q16/STRUCT/w2_out_008.desc	17	108c7a9f011f52dada1fca907b8925712d2f1c57a40c6e26c9930be62d5f01fd
semantic/W2_Q16/STRUCT/w2_out_008.meta	26	f6012e6d1178d22dc49bfef193b06bcda8bddaed57a475f157da62b086888c49
semantic/W2_Q16/STRUCT/w2_out_008.shadow	0	e3b0c44298fc1c149afbf4c8996fb92427ae41e4649b934ca495991b7852b855
semantic/W2_Q16/STRUCT/w2_out_009	576	db914d13d5437de21a5752c8f47b8ec7170b7e9ca789139de50e2cc924d8f9a1
semantic/W2_Q16/STRUCT/w2_out_009.desc	17	108c7a9f011f52dada1fca907b8925712d2f1c57a40c6e26c9930be62d5f01fd
semantic/W2_Q16/STRUCT/w2_out_009.meta	26	b3ef21f8ac7aa84dbe90118701ab7436658bf26b3ed6060da60c5b2ba07803f7
semantic/W2_Q16/STRUCT/w2_out_009.shadow	0	e3b0c44298fc1c149afbf4c8996fb92427ae41e4649b934ca495991b7852b855
semantic/W2_Q16/STRUCT/w2_out_010	576	db914d13d5437de21a5752c8f47b8ec7170b7e9ca789139de50e2cc924d8f9a1
semantic/W2_Q16/STRUCT/w2_out_010.desc	17	108c7a9f011f52dada1fca907b8925712d2f1c57a40c6e26c9930be62d5f01fd
semantic/W2_Q16/STRUCT/w2_out_010.meta	26	5e854b76565d78ac50214193c0a848dd8db07b911130afdd6dd35303ec58d7a1
semantic/W2_Q16/STRUCT/w2_out_010.shadow	0	e3b0c44298fc1c149afbf4c8996fb92427ae41e4649b934ca495991b7852b855
semantic/W2_Q16/STRUCT/w2_out_011	576	db914d13d5437de21a5752c8f47b8ec7170b7e9ca789139de50e2cc924d8f9a1
semantic/W2_Q16/STRUCT/w2_out_011.desc	17	108c7a9f011f52dada1fca907b8925712d2f1c57a40c6e26c9930be62d5f01fd
semantic/W2_Q16/STRUCT/w2_out_011.meta	26	c4057a8ffc486bee44ccfb3d3e7deb19328f6410281773e2f493ea5bea6e1462
semantic/W2_Q16/STRUCT/w2_out_011.shadow	0	e3b0c44298fc1c149afbf4c8996fb92427ae41e4649b934ca495991b7852b855
semantic/W2_Q16/STRUCT/w2_out_012	576	db914d13d5437de21a5752c8f47b8ec7170b7e9ca789139de50e2cc924d8f9a1
semantic/W2_Q16/STRUCT/w2_out_012.desc	17	108c7a9f011f52dada1fca907b8925712d2f1c57a40c6e26c9930be62d5f01fd
semantic/W2_Q16/STRUCT/w2_out_012.meta	26	cd6f88229ee639237ebfc710ca4a11348b9d03fa9a82a3f6e32070ae61390b93
semantic/W2_Q16/STRUCT/w2_out_012.shadow	0	e3b0c44298fc1c149afbf4c8996fb92427ae41e4649b934ca495991b7852b855
semantic/W2_Q16/STRUCT/w2_out_013	576	db914d13d5437de21a5752c8f47b8ec7170b7e9ca789139de50e2cc924d8f9a1
semantic/W2_Q16/STRUCT/w2_out_013.desc	17	108c7a9f011f52dada1fca907b8925712d2f1c57a40c6e26c9930be62d5f01fd
semantic/W2_Q16/STRUCT/w2_out_013.meta	26	ceec8013c58c34eeee3732a3a53838627f870f217e9c7514eaff6f94d35d96f1
semantic/W2_Q16/STRUCT/w2_out_013.shadow	0	e3b0c44298fc1c149afbf4c8996fb92427ae41e4649b934ca495991b7852b855
semantic/W2_Q16/STRUCT/w2_out_014	576	db914d13d5437de21a5752c8f47b8ec7170b7e9ca789139de50e2cc924d8f9a1
semantic/W2_Q16/STRUCT/w2_out_014.desc	17	108c7a9f011f52dada1fca907b8925712d2f1c57a40c6e26c9930be62d5f01fd
semantic/W2_Q16/STRUCT/w2_out_014.meta	26	dfac2be1f6760419cd7eb02a5c357e89542e99d2a4a8669c138dcebe6b709a2e
semantic/W2_Q16/STRUCT/w2_out_014.shadow	0	e3b0c44298fc1c149afbf4c8996fb92427ae41e4649b934ca495991b7852b855
semantic/W2_Q16/STRUCT/w2_out_015	576	db914d13d5437de21a5752c8f47b8ec7170b7e9ca789139de50e2cc924d8f9a1
semantic/W2_Q16/STRUCT/w2_out_015.desc	17	108c7a9f011f52dada1fca907b8925712d2f1c57a40c6e26c9930be62d5f01fd
semantic/W2_Q16/STRUCT/w2_out_015.meta	26	7d9e57b3e7af9af0db4c48667430f77536e4efad6aeee9878c46350c8ff95d59
semantic/W2_Q16/STRUCT/w2_out_015.shadow	0	e3b0c44298fc1c149afbf4c8996fb92427ae41e4649b934ca495991b7852b855
semantic/W2_Q32/ALGSTRUCT/A.desc	47	5787acced769f970ba7f750893bcaa9b5561a220ea42b224db71f7abd71c4dfa
semantic/W2_Q32/ALGSTRUCT/B.desc	47	f8f7b0f4c2423653c82e5af23efa0ea0d5e86fb7f932478b7f092ba3faf1a909
semantic/W2_Q32/ALGSTRUCT/STREAM_HASH_A_B.desc	43	91fa2aec6956910a282e26f8f428ec61448ae55aa3da815f9b270b5f0c8c0033
semantic/W2_Q32/ALGSTRUCT/STREAM_HASH_A_B.meta	26	c63ba31c47f92d80868f2df885edb699a02c8db24b84ff8edab99461bdf01203
semantic/W2_Q32/ALGSTRUCT/w2_out_000	576	db914d13d5437de21a5752c8f47b8ec7170b7e9ca789139de50e2cc924d8f9a1
semantic/W2_Q32/ALGSTRUCT/w2_out_000.desc	17	108c7a9f011f52dada1fca907b8925712d2f1c57a40c6e26c9930be62d5f01fd
semantic/W2_Q32/ALGSTRUCT/w2_out_000.meta	26	b6998e9a18d5fc65e95b303641d324b5a4ffcc15be0a8370e87845e1c3e268c5
semantic/W2_Q32/ALGSTRUCT/w2_out_000.shadow	0	e3b0c44298fc1c149afbf4c8996fb92427ae41e4649b934ca495991b7852b855
semantic/W2_Q32/ALGSTRUCT/w2_out_001	576	db914d13d5437de21a5752c8f47b8ec7170b7e9ca789139de50e2cc924d8f9a1
semantic/W2_Q32/ALGSTRUCT/w2_out_001.desc	17	108c7a9f011f52dada1fca907b8925712d2f1c57a40c6e26c9930be62d5f01fd
semantic/W2_Q32/ALGSTRUCT/w2_out_001.meta	26	ab0a14c90fd7d86e6e28a019507c2ad81a4b3768b6d3706403082f0939387267
semantic/W2_Q32/ALGSTRUCT/w2_out_001.shadow	0	e3b0c44298fc1c149afbf4c8996fb92427ae41e4649b934ca495991b7852b855
semantic/W2_Q32/ALGSTRUCT/w2_out_002	576	db914d13d5437de21a5752c8f47b8ec7170b7e9ca789139de50e2cc924d8f9a1
semantic/W2_Q32/ALGSTRUCT/w2_out_002.desc	17	108c7a9f011f52dada1fca907b8925712d2f1c57a40c6e26c9930be62d5f01fd
semantic/W2_Q32/ALGSTRUCT/w2_out_002.meta	26	d6942d1edbfb556c0841330905cfc90b7e88ac491ff5737521bbf9a376c6fdf9
semantic/W2_Q32/ALGSTRUCT/w2_out_002.shadow	0	e3b0c44298fc1c149afbf4c8996fb92427ae41e4649b934ca495991b7852b855
semantic/W2_Q32/ALGSTRUCT/w2_out_003	576	db914d13d5437de21a5752c8f47b8ec7170b7e9ca789139de50e2cc924d8f9a1
semantic/W2_Q32/ALGSTRUCT/w2_out_003.desc	17	108c7a9f011f52dada1fca907b8925712d2f1c57a40c6e26c9930be62d5f01fd
semantic/W2_Q32/ALGSTRUCT/w2_out_003.meta	26	3b6385172a579cec9a7ffe3aee33274484d1583f551b4b9d631c0e02a4c5e8e0
semantic/W2_Q32/ALGSTRUCT/w2_out_003.shadow	0	e3b0c44298fc1c149afbf4c8996fb92427ae41e4649b934ca495991b7852b855
semantic/W2_Q32/ALGSTRUCT/w2_out_004	576	db914d13d5437de21a5752c8f47b8ec7170b7e9ca789139de50e2cc924d8f9a1
semantic/W2_Q32/ALGSTRUCT/w2_out_004.desc	17	108c7a9f011f52dada1fca907b8925712d2f1c57a40c6e26c9930be62d5f01fd
semantic/W2_Q32/ALGSTRUCT/w2_out_004.meta	26	407890f48d239f0f8cc76fa93042cdfbe4f4ece0e2eb8c778c1cf8ebc072d02f
semantic/W2_Q32/ALGSTRUCT/w2_out_004.shadow	0	e3b0c44298fc1c149afbf4c8996fb92427ae41e4649b934ca495991b7852b855
semantic/W2_Q32/ALGSTRUCT/w2_out_005	576	db914d13d5437de21a5752c8f47b8ec7170b7e9ca789139de50e2cc924d8f9a1
semantic/W2_Q32/ALGSTRUCT/w2_out_005.desc	17	108c7a9f011f52dada1fca907b8925712d2f1c57a40c6e26c9930be62d5f01fd
semantic/W2_Q32/ALGSTRUCT/w2_out_005.meta	26	817729e9a813a3cd2dd3a09b761af2c55805181275e39612e7f027066563d8c7
semantic/W2_Q32/ALGSTRUCT/w2_out_005.shadow	0	e3b0c44298fc1c149afbf4c8996fb92427ae41e4649b934ca495991b7852b855
semantic/W2_Q32/ALGSTRUCT/w2_out_006	576	db914d13d5437de21a5752c8f47b8ec7170b7e9ca789139de50e2cc924d8f9a1
semantic/W2_Q32/ALGSTRUCT/w2_out_006.desc	17	108c7a9f011f52dada1fca907b8925712d2f1c57a40c6e26c9930be62d5f01fd
semantic/W2_Q32/ALGSTRUCT/w2_out_006.meta	26	cf425bbf261f44c758667cba783dd4c327967180b13ca886651e6b29c102f1b4
semantic/W2_Q32/ALGSTRUCT/w2_out_006.shadow	0	e3b0c44298fc1c149afbf4c8996fb92427ae41e4649b934ca495991b7852b855
semantic/W2_Q32/ALGSTRUCT/w2_out_007	576	db914d13d5437de21a5752c8f47b8ec7170b7e9ca789139de50e2cc924d8f9a1
semantic/W2_Q32/ALGSTRUCT/w2_out_007.desc	17	108c7a9f011f52dada1fca907b8925712d2f1c57a40c6e26c9930be62d5f01fd
semantic/W2_Q32/ALGSTRUCT/w2_out_007.meta	26	df75987da74520f08fc8952b1d80158c4248aa29002530cd0cbd980331e77c62
semantic/W2_Q32/ALGSTRUCT/w2_out_007.shadow	0	e3b0c44298fc1c149afbf4c8996fb92427ae41e4649b934ca495991b7852b855
semantic/W2_Q32/ALGSTRUCT/w2_out_008	576	db914d13d5437de21a5752c8f47b8ec7170b7e9ca789139de50e2cc924d8f9a1
semantic/W2_Q32/ALGSTRUCT/w2_out_008.desc	17	108c7a9f011f52dada1fca907b8925712d2f1c57a40c6e26c9930be62d5f01fd
semantic/W2_Q32/ALGSTRUCT/w2_out_008.meta	26	21e60a05d60b1b9b399529cd33034847fe28a985ae66ef30f7c79d113e14ac64
semantic/W2_Q32/ALGSTRUCT/w2_out_008.shadow	0	e3b0c44298fc1c149afbf4c8996fb92427ae41e4649b934ca495991b7852b855
semantic/W2_Q32/ALGSTRUCT/w2_out_009	576	db914d13d5437de21a5752c8f47b8ec7170b7e9ca789139de50e2cc924d8f9a1
semantic/W2_Q32/ALGSTRUCT/w2_out_009.desc	17	108c7a9f011f52dada1fca907b8925712d2f1c57a40c6e26c9930be62d5f01fd
semantic/W2_Q32/ALGSTRUCT/w2_out_009.meta	26	67c9de37bfbed75b7dd441cbc2421863de64db0cac86673fdb681adb7a172f78
semantic/W2_Q32/ALGSTRUCT/w2_out_009.shadow	0	e3b0c44298fc1c149afbf4c8996fb92427ae41e4649b934ca495991b7852b855
semantic/W2_Q32/ALGSTRUCT/w2_out_010	576	db914d13d5437de21a5752c8f47b8ec7170b7e9ca789139de50e2cc924d8f9a1
semantic/W2_Q32/ALGSTRUCT/w2_out_010.desc	17	108c7a9f011f52dada1fca907b8925712d2f1c57a40c6e26c9930be62d5f01fd
semantic/W2_Q32/ALGSTRUCT/w2_out_010.meta	26	8041d70c25832241d2d5f9e1f4898d840efae868563dc6df0d38f32d4910fc89
semantic/W2_Q32/ALGSTRUCT/w2_out_010.shadow	0	e3b0c44298fc1c149afbf4c8996fb92427ae41e4649b934ca495991b7852b855
semantic/W2_Q32/ALGSTRUCT/w2_out_011	576	db914d13d5437de21a5752c8f47b8ec7170b7e9ca789139de50e2cc924d8f9a1
semantic/W2_Q32/ALGSTRUCT/w2_out_011.desc	17	108c7a9f011f52dada1fca907b8925712d2f1c57a40c6e26c9930be62d5f01fd
semantic/W2_Q32/ALGSTRUCT/w2_out_011.meta	26	f8e066f3ced31635ba7aaf0187fb10fe1bef6578d5296be010225782cea18f6d
semantic/W2_Q32/ALGSTRUCT/w2_out_011.shadow	0	e3b0c44298fc1c149afbf4c8996fb92427ae41e4649b934ca495991b7852b855
semantic/W2_Q32/ALGSTRUCT/w2_out_012	576	db914d13d5437de21a5752c8f47b8ec7170b7e9ca789139de50e2cc924d8f9a1
semantic/W2_Q32/ALGSTRUCT/w2_out_012.desc	17	108c7a9f011f52dada1fca907b8925712d2f1c57a40c6e26c9930be62d5f01fd
semantic/W2_Q32/ALGSTRUCT/w2_out_012.meta	26	98e6f9049678cc610e2fe092954c7223a68dfb4ea11d56e9414ef5483c283865
semantic/W2_Q32/ALGSTRUCT/w2_out_012.shadow	0	e3b0c44298fc1c149afbf4c8996fb92427ae41e4649b934ca495991b7852b855
semantic/W2_Q32/ALGSTRUCT/w2_out_013	576	db914d13d5437de21a5752c8f47b8ec7170b7e9ca789139de50e2cc924d8f9a1
semantic/W2_Q32/ALGSTRUCT/w2_out_013.desc	17	108c7a9f011f52dada1fca907b8925712d2f1c57a40c6e26c9930be62d5f01fd
semantic/W2_Q32/ALGSTRUCT/w2_out_013.meta	26	2a544cc9afedc41ad145589298b9c170874bbf0c368545cc158ab75752ad512d
semantic/W2_Q32/ALGSTRUCT/w2_out_013.shadow	0	e3b0c44298fc1c149afbf4c8996fb92427ae41e4649b934ca495991b7852b855
semantic/W2_Q32/ALGSTRUCT/w2_out_014	576	db914d13d5437de21a5752c8f47b8ec7170b7e9ca789139de50e2cc924d8f9a1
semantic/W2_Q32/ALGSTRUCT/w2_out_014.desc	17	108c7a9f011f52dada1fca907b8925712d2f1c57a40c6e26c9930be62d5f01fd
semantic/W2_Q32/ALGSTRUCT/w2_out_014.meta	26	047349f78044edd32a4b64e9f12a0c06def3fe27907c0c829f6b6be575d96925
semantic/W2_Q32/ALGSTRUCT/w2_out_014.shadow	0	e3b0c44298fc1c149afbf4c8996fb92427ae41e4649b934ca495991b7852b855
semantic/W2_Q32/ALGSTRUCT/w2_out_015	576	db914d13d5437de21a5752c8f47b8ec7170b7e9ca789139de50e2cc924d8f9a1
semantic/W2_Q32/ALGSTRUCT/w2_out_015.desc	17	108c7a9f011f52dada1fca907b8925712d2f1c57a40c6e26c9930be62d5f01fd
semantic/W2_Q32/ALGSTRUCT/w2_out_015.meta	26	b55c0c105d7c5b6ce5f24db83c66aa8185c4ce64099ebbf47d930d6fad609fb3
semantic/W2_Q32/ALGSTRUCT/w2_out_015.shadow	0	e3b0c44298fc1c149afbf4c8996fb92427ae41e4649b934ca495991b7852b855
semantic/W2_Q32/ALGSTRUCT/w2_out_016	576	db914d13d5437de21a5752c8f47b8ec7170b7e9ca789139de50e2cc924d8f9a1
semantic/W2_Q32/ALGSTRUCT/w2_out_016.desc	17	108c7a9f011f52dada1fca907b8925712d2f1c57a40c6e26c9930be62d5f01fd
semantic/W2_Q32/ALGSTRUCT/w2_out_016.meta	26	7ad4d2239d235b6e74468830ea1d3711a60dc28f0584ad10a445e38eb36405f3
semantic/W2_Q32/ALGSTRUCT/w2_out_016.shadow	0	e3b0c44298fc1c149afbf4c8996fb92427ae41e4649b934ca495991b7852b855
semantic/W2_Q32/ALGSTRUCT/w2_out_017	576	db914d13d5437de21a5752c8f47b8ec7170b7e9ca789139de50e2cc924d8f9a1
semantic/W2_Q32/ALGSTRUCT/w2_out_017.desc	17	108c7a9f011f52dada1fca907b8925712d2f1c57a40c6e26c9930be62d5f01fd
semantic/W2_Q32/ALGSTRUCT/w2_out_017.meta	26	c056462408a5a3e55ba569bbe05c8718da6f0656e01552a6602d7276a5f2a26c
semantic/W2_Q32/ALGSTRUCT/w2_out_017.shadow	0	e3b0c44298fc1c149afbf4c8996fb92427ae41e4649b934ca495991b7852b855
semantic/W2_Q32/ALGSTRUCT/w2_out_018	576	db914d13d5437de21a5752c8f47b8ec7170b7e9ca789139de50e2cc924d8f9a1
semantic/W2_Q32/ALGSTRUCT/w2_out_018.desc	17	108c7a9f011f52dada1fca907b8925712d2f1c57a40c6e26c9930be62d5f01fd
semantic/W2_Q32/ALGSTRUCT/w2_out_018.meta	26	5c6de18b53a2006e147cc632743a83691e4f9246d06ba3fc7ae4d8a69fd3f028
semantic/W2_Q32/ALGSTRUCT/w2_out_018.shadow	0	e3b0c44298fc1c149afbf4c8996fb92427ae41e4649b934ca495991b7852b855
semantic/W2_Q32/ALGSTRUCT/w2_out_019	576	db914d13d5437de21a5752c8f47b8ec7170b7e9ca789139de50e2cc924d8f9a1
semantic/W2_Q32/ALGSTRUCT/w2_out_019.desc	17	108c7a9f011f52dada1fca907b8925712d2f1c57a40c6e26c9930be62d5f01fd
semantic/W2_Q32/ALGSTRUCT/w2_out_019.meta	26	9689b3ae1d45bb75f9a30b690a1f075e0f5a914951eac03d4600cc93e90ff8af
semantic/W2_Q32/ALGSTRUCT/w2_out_019.shadow	0	e3b0c44298fc1c149afbf4c8996fb92427ae41e4649b934ca495991b7852b855
semantic/W2_Q32/ALGSTRUCT/w2_out_020	576	db914d13d5437de21a5752c8f47b8ec7170b7e9ca789139de50e2cc924d8f9a1
semantic/W2_Q32/ALGSTRUCT/w2_out_020.desc	17	108c7a9f011f52dada1fca907b8925712d2f1c57a40c6e26c9930be62d5f01fd
semantic/W2_Q32/ALGSTRUCT/w2_out_020.meta	26	fb2d671842303596d89638d963ba4437516d455863afdbd9c07e928eaf64e2c7
semantic/W2_Q32/ALGSTRUCT/w2_out_020.shadow	0	e3b0c44298fc1c149afbf4c8996fb92427ae41e4649b934ca495991b7852b855
semantic/W2_Q32/ALGSTRUCT/w2_out_021	576	db914d13d5437de21a5752c8f47b8ec7170b7e9ca789139de50e2cc924d8f9a1
semantic/W2_Q32/ALGSTRUCT/w2_out_021.desc	17	108c7a9f011f52dada1fca907b8925712d2f1c57a40c6e26c9930be62d5f01fd
semantic/W2_Q32/ALGSTRUCT/w2_out_021.meta	26	6f3a3630b9333b98d8ecf59dd48b94c3dc604ede4f1113f54c063c0507f16962
semantic/W2_Q32/ALGSTRUCT/w2_out_021.shadow	0	e3b0c44298fc1c149afbf4c8996fb92427ae41e4649b934ca495991b7852b855
semantic/W2_Q32/ALGSTRUCT/w2_out_022	576	db914d13d5437de21a5752c8f47b8ec7170b7e9ca789139de50e2cc924d8f9a1
semantic/W2_Q32/ALGSTRUCT/w2_out_022.desc	17	108c7a9f011f52dada1fca907b8925712d2f1c57a40c6e26c9930be62d5f01fd
semantic/W2_Q32/ALGSTRUCT/w2_out_022.meta	26	832720f4b07d1df95b2671851b03616452b3a88bdaf34c3572257f1b3ae19bdb
semantic/W2_Q32/ALGSTRUCT/w2_out_022.shadow	0	e3b0c44298fc1c149afbf4c8996fb92427ae41e4649b934ca495991b7852b855
semantic/W2_Q32/ALGSTRUCT/w2_out_023	576	db914d13d5437de21a5752c8f47b8ec7170b7e9ca789139de50e2cc924d8f9a1
semantic/W2_Q32/ALGSTRUCT/w2_out_023.desc	17	108c7a9f011f52dada1fca907b8925712d2f1c57a40c6e26c9930be62d5f01fd
semantic/W2_Q32/ALGSTRUCT/w2_out_023.meta	26	2d3665583bd8155cf4d77f4c385ad0f35060c0d027a30ec97fce680de1180f61
semantic/W2_Q32/ALGSTRUCT/w2_out_023.shadow	0	e3b0c44298fc1c149afbf4c8996fb92427ae41e4649b934ca495991b7852b855
semantic/W2_Q32/ALGSTRUCT/w2_out_024	576	db914d13d5437de21a5752c8f47b8ec7170b7e9ca789139de50e2cc924d8f9a1
semantic/W2_Q32/ALGSTRUCT/w2_out_024.desc	17	108c7a9f011f52dada1fca907b8925712d2f1c57a40c6e26c9930be62d5f01fd
semantic/W2_Q32/ALGSTRUCT/w2_out_024.meta	26	8809b36c64208ca9f34e3a0411f2e0eadee3d48efac8f6e0c813fb39053fae65
semantic/W2_Q32/ALGSTRUCT/w2_out_024.shadow	0	e3b0c44298fc1c149afbf4c8996fb92427ae41e4649b934ca495991b7852b855
semantic/W2_Q32/ALGSTRUCT/w2_out_025	576	db914d13d5437de21a5752c8f47b8ec7170b7e9ca789139de50e2cc924d8f9a1
semantic/W2_Q32/ALGSTRUCT/w2_out_025.desc	17	108c7a9f011f52dada1fca907b8925712d2f1c57a40c6e26c9930be62d5f01fd
semantic/W2_Q32/ALGSTRUCT/w2_out_025.meta	26	e9e11898a6aa02217692c2f2ea876fa39bf3205bf907c73913bfeefedd178b6c
semantic/W2_Q32/ALGSTRUCT/w2_out_025.shadow	0	e3b0c44298fc1c149afbf4c8996fb92427ae41e4649b934ca495991b7852b855
semantic/W2_Q32/ALGSTRUCT/w2_out_026	576	db914d13d5437de21a5752c8f47b8ec7170b7e9ca789139de50e2cc924d8f9a1
semantic/W2_Q32/ALGSTRUCT/w2_out_026.desc	17	108c7a9f011f52dada1fca907b8925712d2f1c57a40c6e26c9930be62d5f01fd
semantic/W2_Q32/ALGSTRUCT/w2_out_026.meta	26	b4e0ba10b300e1c1a760176d67a81453cbcc3030a15173e8ccf6add19cc98039
semantic/W2_Q32/ALGSTRUCT/w2_out_026.shadow	0	e3b0c44298fc1c149afbf4c8996fb92427ae41e4649b934ca495991b7852b855
semantic/W2_Q32/ALGSTRUCT/w2_out_027	576	db914d13d5437de21a5752c8f47b8ec7170b7e9ca789139de50e2cc924d8f9a1
semantic/W2_Q32/ALGSTRUCT/w2_out_027.desc	17	108c7a9f011f52dada1fca907b8925712d2f1c57a40c6e26c9930be62d5f01fd
semantic/W2_Q32/ALGSTRUCT/w2_out_027.meta	26	602ae97ace8f9f0a0584eee0a89adb6dcb5de5277e1ef0f67ae1631e14611850
semantic/W2_Q32/ALGSTRUCT/w2_out_027.shadow	0	e3b0c44298fc1c149afbf4c8996fb92427ae41e4649b934ca495991b7852b855
semantic/W2_Q32/ALGSTRUCT/w2_out_028	576	db914d13d5437de21a5752c8f47b8ec7170b7e9ca789139de50e2cc924d8f9a1
semantic/W2_Q32/ALGSTRUCT/w2_out_028.desc	17	108c7a9f011f52dada1fca907b8925712d2f1c57a40c6e26c9930be62d5f01fd
semantic/W2_Q32/ALGSTRUCT/w2_out_028.meta	26	b5b58ee97c3b9ca7c3c0162c46cda17150ebd517b8c05111e929700a67a87873
semantic/W2_Q32/ALGSTRUCT/w2_out_028.shadow	0	e3b0c44298fc1c149afbf4c8996fb92427ae41e4649b934ca495991b7852b855
semantic/W2_Q32/ALGSTRUCT/w2_out_029	576	db914d13d5437de21a5752c8f47b8ec7170b7e9ca789139de50e2cc924d8f9a1
semantic/W2_Q32/ALGSTRUCT/w2_out_029.desc	17	108c7a9f011f52dada1fca907b8925712d2f1c57a40c6e26c9930be62d5f01fd
semantic/W2_Q32/ALGSTRUCT/w2_out_029.meta	26	3ef99a8db906307c5b552a9334df3fe90a130d9a9e928361f69d5486a4f2e89c
semantic/W2_Q32/ALGSTRUCT/w2_out_029.shadow	0	e3b0c44298fc1c149afbf4c8996fb92427ae41e4649b934ca495991b7852b855
semantic/W2_Q32/ALGSTRUCT/w2_out_030	576	db914d13d5437de21a5752c8f47b8ec7170b7e9ca789139de50e2cc924d8f9a1
semantic/W2_Q32/ALGSTRUCT/w2_out_030.desc	17	108c7a9f011f52dada1fca907b8925712d2f1c57a40c6e26c9930be62d5f01fd
semantic/W2_Q32/ALGSTRUCT/w2_out_030.meta	26	40a0e7893624de243d10ccf47a171dcadf81fce92e0fe20a43501621440fdd36
semantic/W2_Q32/ALGSTRUCT/w2_out_030.shadow	0	e3b0c44298fc1c149afbf4c8996fb92427ae41e4649b934ca495991b7852b855
semantic/W2_Q32/ALGSTRUCT/w2_out_031	576	db914d13d5437de21a5752c8f47b8ec7170b7e9ca789139de50e2cc924d8f9a1
semantic/W2_Q32/ALGSTRUCT/w2_out_031.desc	17	108c7a9f011f52dada1fca907b8925712d2f1c57a40c6e26c9930be62d5f01fd
semantic/W2_Q32/ALGSTRUCT/w2_out_031.meta	26	37a46ffb1e262317b9d613847383a88f93e57183455b8be8b8c7dc6c83f7b2d9
semantic/W2_Q32/ALGSTRUCT/w2_out_031.shadow	0	e3b0c44298fc1c149afbf4c8996fb92427ae41e4649b934ca495991b7852b855
semantic/W2_Q32/STRUCT/A.desc	47	5787acced769f970ba7f750893bcaa9b5561a220ea42b224db71f7abd71c4dfa
semantic/W2_Q32/STRUCT/B.desc	47	f8f7b0f4c2423653c82e5af23efa0ea0d5e86fb7f932478b7f092ba3faf1a909
semantic/W2_Q32/STRUCT/STREAM_TIMEMOVE_A.desc	43	91fa2aec6956910a282e26f8f428ec61448ae55aa3da815f9b270b5f0c8c0033
semantic/W2_Q32/STRUCT/STREAM_TIMEMOVE_A.meta	26	00bcc64229ecdb2dfaa53af76b2c540a02968a9358594454b737cd01eab2552c
semantic/W2_Q32/STRUCT/STREAM_TIMEMOVE_B.desc	43	91fa2aec6956910a282e26f8f428ec61448ae55aa3da815f9b270b5f0c8c0033
semantic/W2_Q32/STRUCT/STREAM_TIMEMOVE_B.meta	26	189637fdcfd48e7a5f3bd022640ca8b0aa2e1e2d940da41070fae94e8cd240b3
semantic/W2_Q32/STRUCT/w2_out_000	576	db914d13d5437de21a5752c8f47b8ec7170b7e9ca789139de50e2cc924d8f9a1
semantic/W2_Q32/STRUCT/w2_out_000.desc	17	108c7a9f011f52dada1fca907b8925712d2f1c57a40c6e26c9930be62d5f01fd
semantic/W2_Q32/STRUCT/w2_out_000.meta	26	9cfc808d42dfa90a858df120a393d288f197192294d1074ffc1f6094a3d86c67
semantic/W2_Q32/STRUCT/w2_out_000.shadow	0	e3b0c44298fc1c149afbf4c8996fb92427ae41e4649b934ca495991b7852b855
semantic/W2_Q32/STRUCT/w2_out_001	576	db914d13d5437de21a5752c8f47b8ec7170b7e9ca789139de50e2cc924d8f9a1
semantic/W2_Q32/STRUCT/w2_out_001.desc	17	108c7a9f011f52dada1fca907b8925712d2f1c57a40c6e26c9930be62d5f01fd
semantic/W2_Q32/STRUCT/w2_out_001.meta	26	2015d0c85b9ea388fc3d9594583499c0cdf6279d3f6e32617e312940e6b9c970
semantic/W2_Q32/STRUCT/w2_out_001.shadow	0	e3b0c44298fc1c149afbf4c8996fb92427ae41e4649b934ca495991b7852b855
semantic/W2_Q32/STRUCT/w2_out_002	576	db914d13d5437de21a5752c8f47b8ec7170b7e9ca789139de50e2cc924d8f9a1
semantic/W2_Q32/STRUCT/w2_out_002.desc	17	108c7a9f011f52dada1fca907b8925712d2f1c57a40c6e26c9930be62d5f01fd
semantic/W2_Q32/STRUCT/w2_out_002.meta	26	f8fba0d99e087586a39c02c0087a2fa5541efd129b0dc50bdc789ee7d3c7cd60
semantic/W2_Q32/STRUCT/w2_out_002.shadow	0	e3b0c44298fc1c149afbf4c8996fb92427ae41e4649b934ca495991b7852b855
semantic/W2_Q32/STRUCT/w2_out_003	576	db914d13d5437de21a5752c8f47b8ec7170b7e9ca789139de50e2cc924d8f9a1
semantic/W2_Q32/STRUCT/w2_out_003.desc	17	108c7a9f011f52dada1fca907b8925712d2f1c57a40c6e26c9930be62d5f01fd
semantic/W2_Q32/STRUCT/w2_out_003.meta	26	c1ae0653e309f437b8ff5f65fec0755b8e5c1083ae15d776ec96ae151d213d3a
semantic/W2_Q32/STRUCT/w2_out_003.shadow	0	e3b0c44298fc1c149afbf4c8996fb92427ae41e4649b934ca495991b7852b855
semantic/W2_Q32/STRUCT/w2_out_004	576	db914d13d5437de21a5752c8f47b8ec7170b7e9ca789139de50e2cc924d8f9a1
semantic/W2_Q32/STRUCT/w2_out_004.desc	17	108c7a9f011f52dada1fca907b8925712d2f1c57a40c6e26c9930be62d5f01fd
semantic/W2_Q32/STRUCT/w2_out_004.meta	26	762bcd79fd7c28ea22706a33473fed2e97c3c68d6939f03f38639a3472e89884
semantic/W2_Q32/STRUCT/w2_out_004.shadow	0	e3b0c44298fc1c149afbf4c8996fb92427ae41e4649b934ca495991b7852b855
semantic/W2_Q32/STRUCT/w2_out_005	576	db914d13d5437de21a5752c8f47b8ec7170b7e9ca789139de50e2cc924d8f9a1
semantic/W2_Q32/STRUCT/w2_out_005.desc	17	108c7a9f011f52dada1fca907b8925712d2f1c57a40c6e26c9930be62d5f01fd
semantic/W2_Q32/STRUCT/w2_out_005.meta	26	4b32d62e0543bd9115dd3ced809d663a2f391c85f798f25a18dba366b693f756
semantic/W2_Q32/STRUCT/w2_out_005.shadow	0	e3b0c44298fc1c149afbf4c8996fb92427ae41e4649b934ca495991b7852b855
semantic/W2_Q32/STRUCT/w2_out_006	576	db914d13d5437de21a5752c8f47b8ec7170b7e9ca789139de50e2cc924d8f9a1
semantic/W2_Q32/STRUCT/w2_out_006.desc	17	108c7a9f011f52dada1fca907b8925712d2f1c57a40c6e26c9930be62d5f01fd
semantic/W2_Q32/STRUCT/w2_out_006.meta	26	525962ffc0fe2c909e0d06bed2b7ba46fb5162280155042211c725f227abe250
semantic/W2_Q32/STRUCT/w2_out_006.shadow	0	e3b0c44298fc1c149afbf4c8996fb92427ae41e4649b934ca495991b7852b855
semantic/W2_Q32/STRUCT/w2_out_007	576	db914d13d5437de21a5752c8f47b8ec7170b7e9ca789139de50e2cc924d8f9a1
semantic/W2_Q32/STRUCT/w2_out_007.desc	17	108c7a9f011f52dada1fca907b8925712d2f1c57a40c6e26c9930be62d5f01fd
semantic/W2_Q32/STRUCT/w2_out_007.meta	26	349cf7c3eced62288d37228d861e59599865c66d407b2005e64ab5630187fc07
semantic/W2_Q32/STRUCT/w2_out_007.shadow	0	e3b0c44298fc1c149afbf4c8996fb92427ae41e4649b934ca495991b7852b855
semantic/W2_Q32/STRUCT/w2_out_008	576	db914d13d5437de21a5752c8f47b8ec7170b7e9ca789139de50e2cc924d8f9a1
semantic/W2_Q32/STRUCT/w2_out_008.desc	17	108c7a9f011f52dada1fca907b8925712d2f1c57a40c6e26c9930be62d5f01fd
semantic/W2_Q32/STRUCT/w2_out_008.meta	26	8db8bf656990ffc78959858270a910814a8b633547cec0c9f6e16a532fea8421
semantic/W2_Q32/STRUCT/w2_out_008.shadow	0	e3b0c44298fc1c149afbf4c8996fb92427ae41e4649b934ca495991b7852b855
semantic/W2_Q32/STRUCT/w2_out_009	576	db914d13d5437de21a5752c8f47b8ec7170b7e9ca789139de50e2cc924d8f9a1
semantic/W2_Q32/STRUCT/w2_out_009.desc	17	108c7a9f011f52dada1fca907b8925712d2f1c57a40c6e26c9930be62d5f01fd
semantic/W2_Q32/STRUCT/w2_out_009.meta	26	2dfc7cb149083302c61d708e08a64fc95025afb9cf2bfed809bb4fb772e9403a
semantic/W2_Q32/STRUCT/w2_out_009.shadow	0	e3b0c44298fc1c149afbf4c8996fb92427ae41e4649b934ca495991b7852b855
semantic/W2_Q32/STRUCT/w2_out_010	576	db914d13d5437de21a5752c8f47b8ec7170b7e9ca789139de50e2cc924d8f9a1
semantic/W2_Q32/STRUCT/w2_out_010.desc	17	108c7a9f011f52dada1fca907b8925712d2f1c57a40c6e26c9930be62d5f01fd
semantic/W2_Q32/STRUCT/w2_out_010.meta	26	35361ace008bb800b5efc26379898213511ec5e470f5a98c70a50fd799f99897
semantic/W2_Q32/STRUCT/w2_out_010.shadow	0	e3b0c44298fc1c149afbf4c8996fb92427ae41e4649b934ca495991b7852b855
semantic/W2_Q32/STRUCT/w2_out_011	576	db914d13d5437de21a5752c8f47b8ec7170b7e9ca789139de50e2cc924d8f9a1
semantic/W2_Q32/STRUCT/w2_out_011.desc	17	108c7a9f011f52dada1fca907b8925712d2f1c57a40c6e26c9930be62d5f01fd
semantic/W2_Q32/STRUCT/w2_out_011.meta	26	ffed67e5bd0ea93b2e5ac4076aac25dd71c562742da2facc33feedd77e17d6ac
semantic/W2_Q32/STRUCT/w2_out_011.shadow	0	e3b0c44298fc1c149afbf4c8996fb92427ae41e4649b934ca495991b7852b855
semantic/W2_Q32/STRUCT/w2_out_012	576	db914d13d5437de21a5752c8f47b8ec7170b7e9ca789139de50e2cc924d8f9a1
semantic/W2_Q32/STRUCT/w2_out_012.desc	17	108c7a9f011f52dada1fca907b8925712d2f1c57a40c6e26c9930be62d5f01fd
semantic/W2_Q32/STRUCT/w2_out_012.meta	26	d61fb42d429767c4d39a2255e1dbe80101f232176cc6aaa094067bb1692beb04
semantic/W2_Q32/STRUCT/w2_out_012.shadow	0	e3b0c44298fc1c149afbf4c8996fb92427ae41e4649b934ca495991b7852b855
semantic/W2_Q32/STRUCT/w2_out_013	576	db914d13d5437de21a5752c8f47b8ec7170b7e9ca789139de50e2cc924d8f9a1
semantic/W2_Q32/STRUCT/w2_out_013.desc	17	108c7a9f011f52dada1fca907b8925712d2f1c57a40c6e26c9930be62d5f01fd
semantic/W2_Q32/STRUCT/w2_out_013.meta	26	2c20fd93a8ef5df2df8306b90f7ac5ae3a62cf0d7162ed2881343b0ae20f05ea
semantic/W2_Q32/STRUCT/w2_out_013.shadow	0	e3b0c44298fc1c149afbf4c8996fb92427ae41e4649b934ca495991b7852b855
semantic/W2_Q32/STRUCT/w2_out_014	576	db914d13d5437de21a5752c8f47b8ec7170b7e9ca789139de50e2cc924d8f9a1
semantic/W2_Q32/STRUCT/w2_out_014.desc	17	108c7a9f011f52dada1fca907b8925712d2f1c57a40c6e26c9930be62d5f01fd
semantic/W2_Q32/STRUCT/w2_out_014.meta	26	6a74403ceef512dad3d926c925306b7e0791b05f3c832e0e80d693024c262bf0
semantic/W2_Q32/STRUCT/w2_out_014.shadow	0	e3b0c44298fc1c149afbf4c8996fb92427ae41e4649b934ca495991b7852b855
semantic/W2_Q32/STRUCT/w2_out_015	576	db914d13d5437de21a5752c8f47b8ec7170b7e9ca789139de50e2cc924d8f9a1
semantic/W2_Q32/STRUCT/w2_out_015.desc	17	108c7a9f011f52dada1fca907b8925712d2f1c57a40c6e26c9930be62d5f01fd
semantic/W2_Q32/STRUCT/w2_out_015.meta	26	7ced917a4440c0650f9802aca1f9b0d3f5f6bc1238d1581d291b2c4bffe3742a
semantic/W2_Q32/STRUCT/w2_out_015.shadow	0	e3b0c44298fc1c149afbf4c8996fb92427ae41e4649b934ca495991b7852b855
semantic/W2_Q32/STRUCT/w2_out_016	576	db914d13d5437de21a5752c8f47b8ec7170b7e9ca789139de50e2cc924d8f9a1
semantic/W2_Q32/STRUCT/w2_out_016.desc	17	108c7a9f011f52dada1fca907b8925712d2f1c57a40c6e26c9930be62d5f01fd
semantic/W2_Q32/STRUCT/w2_out_016.meta	26	437c8fa00973379bb7bf7f6c194514219b45959ad6453b0a8d68b8a4e4d6a6d4
semantic/W2_Q32/STRUCT/w2_out_016.shadow	0	e3b0c44298fc1c149afbf4c8996fb92427ae41e4649b934ca495991b7852b855
semantic/W2_Q32/STRUCT/w2_out_017	576	db914d13d5437de21a5752c8f47b8ec7170b7e9ca789139de50e2cc924d8f9a1
semantic/W2_Q32/STRUCT/w2_out_017.desc	17	108c7a9f011f52dada1fca907b8925712d2f1c57a40c6e26c9930be62d5f01fd
semantic/W2_Q32/STRUCT/w2_out_017.meta	26	99a65af19814ad4af796f1801367d98f46dfdb848f909af3d201c56e91bf20c1
semantic/W2_Q32/STRUCT/w2_out_017.shadow	0	e3b0c44298fc1c149afbf4c8996fb92427ae41e4649b934ca495991b7852b855
semantic/W2_Q32/STRUCT/w2_out_018	576	db914d13d5437de21a5752c8f47b8ec7170b7e9ca789139de50e2cc924d8f9a1
semantic/W2_Q32/STRUCT/w2_out_018.desc	17	108c7a9f011f52dada1fca907b8925712d2f1c57a40c6e26c9930be62d5f01fd
semantic/W2_Q32/STRUCT/w2_out_018.meta	26	c6e882fafc3248667470584c04774b17af30f53a9103cac2100f280938f50e5c
semantic/W2_Q32/STRUCT/w2_out_018.shadow	0	e3b0c44298fc1c149afbf4c8996fb92427ae41e4649b934ca495991b7852b855
semantic/W2_Q32/STRUCT/w2_out_019	576	db914d13d5437de21a5752c8f47b8ec7170b7e9ca789139de50e2cc924d8f9a1
semantic/W2_Q32/STRUCT/w2_out_019.desc	17	108c7a9f011f52dada1fca907b8925712d2f1c57a40c6e26c9930be62d5f01fd
semantic/W2_Q32/STRUCT/w2_out_019.meta	26	42da83b4c79f225fdaaaea1cae78c794faf36002953423ae9f832e79dec46f3a
semantic/W2_Q32/STRUCT/w2_out_019.shadow	0	e3b0c44298fc1c149afbf4c8996fb92427ae41e4649b934ca495991b7852b855
semantic/W2_Q32/STRUCT/w2_out_020	576	db914d13d5437de21a5752c8f47b8ec7170b7e9ca789139de50e2cc924d8f9a1
semantic/W2_Q32/STRUCT/w2_out_020.desc	17	108c7a9f011f52dada1fca907b8925712d2f1c57a40c6e26c9930be62d5f01fd
semantic/W2_Q32/STRUCT/w2_out_020.meta	26	416d52141c9fcaacd9b8a7fb5ec6e7a7ecd0a01c7d8870075a5342520ddd71c8
semantic/W2_Q32/STRUCT/w2_out_020.shadow	0	e3b0c44298fc1c149afbf4c8996fb92427ae41e4649b934ca495991b7852b855
semantic/W2_Q32/STRUCT/w2_out_021	576	db914d13d5437de21a5752c8f47b8ec7170b7e9ca789139de50e2cc924d8f9a1
semantic/W2_Q32/STRUCT/w2_out_021.desc	17	108c7a9f011f52dada1fca907b8925712d2f1c57a40c6e26c9930be62d5f01fd
semantic/W2_Q32/STRUCT/w2_out_021.meta	26	22dbb66b7f1dcbe18a4d94067046206eddc22d2dbae6da1ac8c9aaae297757c8
semantic/W2_Q32/STRUCT/w2_out_021.shadow	0	e3b0c44298fc1c149afbf4c8996fb92427ae41e4649b934ca495991b7852b855
semantic/W2_Q32/STRUCT/w2_out_022	576	db914d13d5437de21a5752c8f47b8ec7170b7e9ca789139de50e2cc924d8f9a1
semantic/W2_Q32/STRUCT/w2_out_022.desc	17	108c7a9f011f52dada1fca907b8925712d2f1c57a40c6e26c9930be62d5f01fd
semantic/W2_Q32/STRUCT/w2_out_022.meta	26	c9a2feba806fea1748a0e699c5334a2d4bfb74f62fd0fa017af137e140cf946a
semantic/W2_Q32/STRUCT/w2_out_022.shadow	0	e3b0c44298fc1c149afbf4c8996fb92427ae41e4649b934ca495991b7852b855
semantic/W2_Q32/STRUCT/w2_out_023	576	db914d13d5437de21a5752c8f47b8ec7170b7e9ca789139de50e2cc924d8f9a1
semantic/W2_Q32/STRUCT/w2_out_023.desc	17	108c7a9f011f52dada1fca907b8925712d2f1c57a40c6e26c9930be62d5f01fd
semantic/W2_Q32/STRUCT/w2_out_023.meta	26	d2cbb70aa8613f8e60f09065a07e0c13e98d9919ada4d7da68346d324ca95782
semantic/W2_Q32/STRUCT/w2_out_023.shadow	0	e3b0c44298fc1c149afbf4c8996fb92427ae41e4649b934ca495991b7852b855
semantic/W2_Q32/STRUCT/w2_out_024	576	db914d13d5437de21a5752c8f47b8ec7170b7e9ca789139de50e2cc924d8f9a1
semantic/W2_Q32/STRUCT/w2_out_024.desc	17	108c7a9f011f52dada1fca907b8925712d2f1c57a40c6e26c9930be62d5f01fd
semantic/W2_Q32/STRUCT/w2_out_024.meta	26	85af7dbceb4bc0f3fc3f5f0061bdfd7fd3b411e8b856c37f3b1e9ef7cb1c5fed
semantic/W2_Q32/STRUCT/w2_out_024.shadow	0	e3b0c44298fc1c149afbf4c8996fb92427ae41e4649b934ca495991b7852b855
semantic/W2_Q32/STRUCT/w2_out_025	576	db914d13d5437de21a5752c8f47b8ec7170b7e9ca789139de50e2cc924d8f9a1
semantic/W2_Q32/STRUCT/w2_out_025.desc	17	108c7a9f011f52dada1fca907b8925712d2f1c57a40c6e26c9930be62d5f01fd
semantic/W2_Q32/STRUCT/w2_out_025.meta	26	e51aae4d25ab82af54646c96f20f8e365c21c267a9c700bc6f116ad8aa4ea39b
semantic/W2_Q32/STRUCT/w2_out_025.shadow	0	e3b0c44298fc1c149afbf4c8996fb92427ae41e4649b934ca495991b7852b855
semantic/W2_Q32/STRUCT/w2_out_026	576	db914d13d5437de21a5752c8f47b8ec7170b7e9ca789139de50e2cc924d8f9a1
semantic/W2_Q32/STRUCT/w2_out_026.desc	17	108c7a9f011f52dada1fca907b8925712d2f1c57a40c6e26c9930be62d5f01fd
semantic/W2_Q32/STRUCT/w2_out_026.meta	26	1b5a223347d4bd7f5bde7d2924412abc68fe12dda01843337948ea9d276b8f89
semantic/W2_Q32/STRUCT/w2_out_026.shadow	0	e3b0c44298fc1c149afbf4c8996fb92427ae41e4649b934ca495991b7852b855
semantic/W2_Q32/STRUCT/w2_out_027	576	db914d13d5437de21a5752c8f47b8ec7170b7e9ca789139de50e2cc924d8f9a1
semantic/W2_Q32/STRUCT/w2_out_027.desc	17	108c7a9f011f52dada1fca907b8925712d2f1c57a40c6e26c9930be62d5f01fd
semantic/W2_Q32/STRUCT/w2_out_027.meta	26	c326ac77d8a51d4a09c4d8784bc914c6539b53dd67d7523711e8ff4050c18f81
semantic/W2_Q32/STRUCT/w2_out_027.shadow	0	e3b0c44298fc1c149afbf4c8996fb92427ae41e4649b934ca495991b7852b855
semantic/W2_Q32/STRUCT/w2_out_028	576	db914d13d5437de21a5752c8f47b8ec7170b7e9ca789139de50e2cc924d8f9a1
semantic/W2_Q32/STRUCT/w2_out_028.desc	17	108c7a9f011f52dada1fca907b8925712d2f1c57a40c6e26c9930be62d5f01fd
semantic/W2_Q32/STRUCT/w2_out_028.meta	26	f88ce8a6c6d87e3bfe999f3f3c7d199e6ce2c31def8deaf80bd32668686e9c97
semantic/W2_Q32/STRUCT/w2_out_028.shadow	0	e3b0c44298fc1c149afbf4c8996fb92427ae41e4649b934ca495991b7852b855
semantic/W2_Q32/STRUCT/w2_out_029	576	db914d13d5437de21a5752c8f47b8ec7170b7e9ca789139de50e2cc924d8f9a1
semantic/W2_Q32/STRUCT/w2_out_029.desc	17	108c7a9f011f52dada1fca907b8925712d2f1c57a40c6e26c9930be62d5f01fd
semantic/W2_Q32/STRUCT/w2_out_029.meta	26	2799c4f25a684fca08d25b2eccfebd94d629fdc7f21f4454c6a088d47837cd9a
semantic/W2_Q32/STRUCT/w2_out_029.shadow	0	e3b0c44298fc1c149afbf4c8996fb92427ae41e4649b934ca495991b7852b855
semantic/W2_Q32/STRUCT/w2_out_030	576	db914d13d5437de21a5752c8f47b8ec7170b7e9ca789139de50e2cc924d8f9a1
semantic/W2_Q32/STRUCT/w2_out_030.desc	17	108c7a9f011f52dada1fca907b8925712d2f1c57a40c6e26c9930be62d5f01fd
semantic/W2_Q32/STRUCT/w2_out_030.meta	26	34b3245063f179ab7ce828631aa70c2e3f8b4133de63f597f18997fd4d71ec44
semantic/W2_Q32/STRUCT/w2_out_030.shadow	0	e3b0c44298fc1c149afbf4c8996fb92427ae41e4649b934ca495991b7852b855
semantic/W2_Q32/STRUCT/w2_out_031	576	db914d13d5437de21a5752c8f47b8ec7170b7e9ca789139de50e2cc924d8f9a1
semantic/W2_Q32/STRUCT/w2_out_031.desc	17	108c7a9f011f52dada1fca907b8925712d2f1c57a40c6e26c9930be62d5f01fd
semantic/W2_Q32/STRUCT/w2_out_031.meta	26	240402554f8f4560e9c1f7d95cd8fdb52814a1107ccde7f6a4d4c294b6e36874
semantic/W2_Q32/STRUCT/w2_out_031.shadow	0	e3b0c44298fc1c149afbf4c8996fb92427ae41e4649b934ca495991b7852b855
semantic/W3_d1/ALGSTRUCT/A.desc	47	5787acced769f970ba7f750893bcaa9b5561a220ea42b224db71f7abd71c4dfa
semantic/W3_d1/ALGSTRUCT/B.desc	47	f8f7b0f4c2423653c82e5af23efa0ea0d5e86fb7f932478b7f092ba3faf1a909
semantic/W3_d1/ALGSTRUCT/STREAM_HASH_A_B.desc	43	91fa2aec6956910a282e26f8f428ec61448ae55aa3da815f9b270b5f0c8c0033
semantic/W3_d1/ALGSTRUCT/STREAM_HASH_A_B.meta	26	d39b143f0b8c6656d67e1ae5ab33cd602405423a121a991ffc044c50445171cb
semantic/W3_d1/ALGSTRUCT/w3_out_000	576	db914d13d5437de21a5752c8f47b8ec7170b7e9ca789139de50e2cc924d8f9a1
semantic/W3_d1/ALGSTRUCT/w3_out_000.desc	17	108c7a9f011f52dada1fca907b8925712d2f1c57a40c6e26c9930be62d5f01fd
semantic/W3_d1/ALGSTRUCT/w3_out_000.meta	26	38aa0a04b1949b5cc8d697f2987f15192e993a228b2b0f77f714f4836fe7c6ce
semantic/W3_d1/ALGSTRUCT/w3_out_000.shadow	0	e3b0c44298fc1c149afbf4c8996fb92427ae41e4649b934ca495991b7852b855
semantic/W3_d1/ALGSTRUCT/w3_out_001	576	db914d13d5437de21a5752c8f47b8ec7170b7e9ca789139de50e2cc924d8f9a1
semantic/W3_d1/ALGSTRUCT/w3_out_001.desc	17	108c7a9f011f52dada1fca907b8925712d2f1c57a40c6e26c9930be62d5f01fd
semantic/W3_d1/ALGSTRUCT/w3_out_001.meta	26	bed3a5b9571b36c02d97bb262e5df8b8ae1745bdba7d413794e703a54f722be4
semantic/W3_d1/ALGSTRUCT/w3_out_001.shadow	0	e3b0c44298fc1c149afbf4c8996fb92427ae41e4649b934ca495991b7852b855
semantic/W3_d1/ALGSTRUCT/w3_out_002	576	db914d13d5437de21a5752c8f47b8ec7170b7e9ca789139de50e2cc924d8f9a1
semantic/W3_d1/ALGSTRUCT/w3_out_002.desc	17	108c7a9f011f52dada1fca907b8925712d2f1c57a40c6e26c9930be62d5f01fd
semantic/W3_d1/ALGSTRUCT/w3_out_002.meta	26	751b0b5f651015a809c1456c3a08d584a1c736e12fdfcf01b09bb479471c89f2
semantic/W3_d1/ALGSTRUCT/w3_out_002.shadow	0	e3b0c44298fc1c149afbf4c8996fb92427ae41e4649b934ca495991b7852b855
semantic/W3_d1/ALGSTRUCT/w3_out_003	576	db914d13d5437de21a5752c8f47b8ec7170b7e9ca789139de50e2cc924d8f9a1
semantic/W3_d1/ALGSTRUCT/w3_out_003.desc	17	108c7a9f011f52dada1fca907b8925712d2f1c57a40c6e26c9930be62d5f01fd
semantic/W3_d1/ALGSTRUCT/w3_out_003.meta	26	1872faf34380b6efe3a3361709b5dcfd145c8d767c9916573d73f5ff9b872d3c
semantic/W3_d1/ALGSTRUCT/w3_out_003.shadow	0	e3b0c44298fc1c149afbf4c8996fb92427ae41e4649b934ca495991b7852b855
semantic/W3_d1/ALGSTRUCT/w3_out_004	576	db914d13d5437de21a5752c8f47b8ec7170b7e9ca789139de50e2cc924d8f9a1
semantic/W3_d1/ALGSTRUCT/w3_out_004.desc	17	108c7a9f011f52dada1fca907b8925712d2f1c57a40c6e26c9930be62d5f01fd
semantic/W3_d1/ALGSTRUCT/w3_out_004.meta	26	a2daacb93ae5a8f26616ce39fbd5f8c285d9a1a89b2cc843b983bdfb7a925314
semantic/W3_d1/ALGSTRUCT/w3_out_004.shadow	0	e3b0c44298fc1c149afbf4c8996fb92427ae41e4649b934ca495991b7852b855
semantic/W3_d1/ALGSTRUCT/w3_out_005	576	db914d13d5437de21a5752c8f47b8ec7170b7e9ca789139de50e2cc924d8f9a1
semantic/W3_d1/ALGSTRUCT/w3_out_005.desc	17	108c7a9f011f52dada1fca907b8925712d2f1c57a40c6e26c9930be62d5f01fd
semantic/W3_d1/ALGSTRUCT/w3_out_005.meta	26	33fe8a5d03d6b6778f3275941def6aa0cbb4a874f7bdf7e5e8376b3b98e7694c
semantic/W3_d1/ALGSTRUCT/w3_out_005.shadow	0	e3b0c44298fc1c149afbf4c8996fb92427ae41e4649b934ca495991b7852b855
semantic/W3_d1/ALGSTRUCT/w3_out_006	576	db914d13d5437de21a5752c8f47b8ec7170b7e9ca789139de50e2cc924d8f9a1
semantic/W3_d1/ALGSTRUCT/w3_out_006.desc	17	108c7a9f011f52dada1fca907b8925712d2f1c57a40c6e26c9930be62d5f01fd
semantic/W3_d1/ALGSTRUCT/w3_out_006.meta	26	00f01df41ac57522f76813e4f58ac260e542a854ac94ba7ac3cd7e83a5c5daa0
semantic/W3_d1/ALGSTRUCT/w3_out_006.shadow	0	e3b0c44298fc1c149afbf4c8996fb92427ae41e4649b934ca495991b7852b855
semantic/W3_d1/ALGSTRUCT/w3_out_007	576	db914d13d5437de21a5752c8f47b8ec7170b7e9ca789139de50e2cc924d8f9a1
semantic/W3_d1/ALGSTRUCT/w3_out_007.desc	17	108c7a9f011f52dada1fca907b8925712d2f1c57a40c6e26c9930be62d5f01fd
semantic/W3_d1/ALGSTRUCT/w3_out_007.meta	26	f60b0949e7bfc8b4c7d00e315b3617aba659865c23db02220e4aa621cdd4fabe
semantic/W3_d1/ALGSTRUCT/w3_out_007.shadow	0	e3b0c44298fc1c149afbf4c8996fb92427ae41e4649b934ca495991b7852b855
semantic/W3_d1/STRUCT/A.desc	47	5787acced769f970ba7f750893bcaa9b5561a220ea42b224db71f7abd71c4dfa
semantic/W3_d1/STRUCT/B.desc	47	f8f7b0f4c2423653c82e5af23efa0ea0d5e86fb7f932478b7f092ba3faf1a909
semantic/W3_d1/STRUCT/STREAM_TIMEMOVE_A.desc	43	91fa2aec6956910a282e26f8f428ec61448ae55aa3da815f9b270b5f0c8c0033
semantic/W3_d1/STRUCT/STREAM_TIMEMOVE_A.meta	26	0e4dffb96464a731aa057805f82daa44de6aac0b7bbf6dba217f4655ddf17a01
semantic/W3_d1/STRUCT/STREAM_TIMEMOVE_B.desc	43	91fa2aec6956910a282e26f8f428ec61448ae55aa3da815f9b270b5f0c8c0033
semantic/W3_d1/STRUCT/STREAM_TIMEMOVE_B.meta	26	052dc9b83f8b8712a709e517d80296ffe8a4b8109147b01ccb12a349793096dc
semantic/W3_d1/STRUCT/w3_out_000	576	db914d13d5437de21a5752c8f47b8ec7170b7e9ca789139de50e2cc924d8f9a1
semantic/W3_d1/STRUCT/w3_out_000.desc	17	108c7a9f011f52dada1fca907b8925712d2f1c57a40c6e26c9930be62d5f01fd
semantic/W3_d1/STRUCT/w3_out_000.meta	26	037589f675ddfccee0e5b67b622653c99d7041889d201edc8d61e965b4b518c3
semantic/W3_d1/STRUCT/w3_out_000.shadow	0	e3b0c44298fc1c149afbf4c8996fb92427ae41e4649b934ca495991b7852b855
semantic/W3_d1/STRUCT/w3_out_001	576	db914d13d5437de21a5752c8f47b8ec7170b7e9ca789139de50e2cc924d8f9a1
semantic/W3_d1/STRUCT/w3_out_001.desc	17	108c7a9f011f52dada1fca907b8925712d2f1c57a40c6e26c9930be62d5f01fd
semantic/W3_d1/STRUCT/w3_out_001.meta	26	44fa76292882b3847bcf428ac40fab63bafbeb6cb793b877f10dcaedda146ce8
semantic/W3_d1/STRUCT/w3_out_001.shadow	0	e3b0c44298fc1c149afbf4c8996fb92427ae41e4649b934ca495991b7852b855
semantic/W3_d1/STRUCT/w3_out_002	576	db914d13d5437de21a5752c8f47b8ec7170b7e9ca789139de50e2cc924d8f9a1
semantic/W3_d1/STRUCT/w3_out_002.desc	17	108c7a9f011f52dada1fca907b8925712d2f1c57a40c6e26c9930be62d5f01fd
semantic/W3_d1/STRUCT/w3_out_002.meta	26	04c9129f8bf7d9690cd16c837b9863348ca3c1991a00b554b5db5e75a0ae4d81
semantic/W3_d1/STRUCT/w3_out_002.shadow	0	e3b0c44298fc1c149afbf4c8996fb92427ae41e4649b934ca495991b7852b855
semantic/W3_d1/STRUCT/w3_out_003	576	db914d13d5437de21a5752c8f47b8ec7170b7e9ca789139de50e2cc924d8f9a1
semantic/W3_d1/STRUCT/w3_out_003.desc	17	108c7a9f011f52dada1fca907b8925712d2f1c57a40c6e26c9930be62d5f01fd
semantic/W3_d1/STRUCT/w3_out_003.meta	26	b8d01729c13835bfcdcf2ab7be3caa40ae26693395a634aa6033802a1b763028
semantic/W3_d1/STRUCT/w3_out_003.shadow	0	e3b0c44298fc1c149afbf4c8996fb92427ae41e4649b934ca495991b7852b855
semantic/W3_d1/STRUCT/w3_out_004	576	db914d13d5437de21a5752c8f47b8ec7170b7e9ca789139de50e2cc924d8f9a1
semantic/W3_d1/STRUCT/w3_out_004.desc	17	108c7a9f011f52dada1fca907b8925712d2f1c57a40c6e26c9930be62d5f01fd
semantic/W3_d1/STRUCT/w3_out_004.meta	26	62eaba18aa0aface1de7f684e0ee41c8334a9ed71d8015c434fd8aa6ac39d37a
semantic/W3_d1/STRUCT/w3_out_004.shadow	0	e3b0c44298fc1c149afbf4c8996fb92427ae41e4649b934ca495991b7852b855
semantic/W3_d1/STRUCT/w3_out_005	576	db914d13d5437de21a5752c8f47b8ec7170b7e9ca789139de50e2cc924d8f9a1
semantic/W3_d1/STRUCT/w3_out_005.desc	17	108c7a9f011f52dada1fca907b8925712d2f1c57a40c6e26c9930be62d5f01fd
semantic/W3_d1/STRUCT/w3_out_005.meta	26	ed2ba8d50c69c1681eac8fa12ec86ed9b3052e5de0b0b54d0fa77131861a4601
semantic/W3_d1/STRUCT/w3_out_005.shadow	0	e3b0c44298fc1c149afbf4c8996fb92427ae41e4649b934ca495991b7852b855
semantic/W3_d1/STRUCT/w3_out_006	576	db914d13d5437de21a5752c8f47b8ec7170b7e9ca789139de50e2cc924d8f9a1
semantic/W3_d1/STRUCT/w3_out_006.desc	17	108c7a9f011f52dada1fca907b8925712d2f1c57a40c6e26c9930be62d5f01fd
semantic/W3_d1/STRUCT/w3_out_006.meta	26	91a443e1e069016590a083929beca46b2a0f9fcf1c685616b160bb3ff1ce80e0
semantic/W3_d1/STRUCT/w3_out_006.shadow	0	e3b0c44298fc1c149afbf4c8996fb92427ae41e4649b934ca495991b7852b855
semantic/W3_d1/STRUCT/w3_out_007	576	db914d13d5437de21a5752c8f47b8ec7170b7e9ca789139de50e2cc924d8f9a1
semantic/W3_d1/STRUCT/w3_out_007.desc	17	108c7a9f011f52dada1fca907b8925712d2f1c57a40c6e26c9930be62d5f01fd
semantic/W3_d1/STRUCT/w3_out_007.meta	26	e141bb8198594bfb59eec58c86af320c75d2bdef979f583edc263b15f47cebce
semantic/W3_d1/STRUCT/w3_out_007.shadow	0	e3b0c44298fc1c149afbf4c8996fb92427ae41e4649b934ca495991b7852b855
semantic/W3_d2/ALGSTRUCT/A.desc	47	5787acced769f970ba7f750893bcaa9b5561a220ea42b224db71f7abd71c4dfa
semantic/W3_d2/ALGSTRUCT/B.desc	47	f8f7b0f4c2423653c82e5af23efa0ea0d5e86fb7f932478b7f092ba3faf1a909
semantic/W3_d2/ALGSTRUCT/S1.desc	47	5787acced769f970ba7f750893bcaa9b5561a220ea42b224db71f7abd71c4dfa
semantic/W3_d2/ALGSTRUCT/STREAM_HASH_A_B.desc	43	91fa2aec6956910a282e26f8f428ec61448ae55aa3da815f9b270b5f0c8c0033
semantic/W3_d2/ALGSTRUCT/STREAM_HASH_A_B.meta	26	560d2a0e15412cd47761c9b6b1acf7ff51085a7d0504ab66bfcb60a59c74a84b
semantic/W3_d2/ALGSTRUCT/STREAM_HASH_STREAM_HASH_STREAM_TIMEMOVE_A_STREAM_TIMEMOVE_B_S1.desc	43	91fa2aec6956910a282e26f8f428ec61448ae55aa3da815f9b270b5f0c8c0033
semantic/W3_d2/ALGSTRUCT/STREAM_HASH_STREAM_HASH_STREAM_TIMEMOVE_A_STREAM_TIMEMOVE_B_S1.meta	26	2a248f33bc1ca2713b9e334658ce46288caaa33f90e19d46973f59004fb3ad60
semantic/W3_d2/ALGSTRUCT/STREAM_HASH_STREAM_TIMEMOVE_A_STREAM_TIMEMOVE_B.desc	43	91fa2aec6956910a282e26f8f428ec61448ae55aa3da815f9b270b5f0c8c0033
semantic/W3_d2/ALGSTRUCT/STREAM_HASH_STREAM_TIMEMOVE_A_STREAM_TIMEMOVE_B.meta	26	72b4156e4b7045362cb719daabd53b0104d0ebd383147e89b0fd42c5d2ac9a77
semantic/W3_d2/ALGSTRUCT/w3_out_000	468	16046da8668414675e2853124983a7d6dcdf5e9e7818d9c576dc620230fbb5ff
semantic/W3_d2/ALGSTRUCT/w3_out_000.desc	17	108c7a9f011f52dada1fca907b8925712d2f1c57a40c6e26c9930be62d5f01fd
semantic/W3_d2/ALGSTRUCT/w3_out_000.meta	26	e2dc39821f8503202f9b260c236195154eabe1f6203125ab91f20ce706ff3e53
semantic/W3_d2/ALGSTRUCT/w3_out_000.shadow	0	e3b0c44298fc1c149afbf4c8996fb92427ae41e4649b934ca495991b7852b855
semantic/W3_d2/ALGSTRUCT/w3_out_001	468	16046da8668414675e2853124983a7d6dcdf5e9e7818d9c576dc620230fbb5ff
semantic/W3_d2/ALGSTRUCT/w3_out_001.desc	17	108c7a9f011f52dada1fca907b8925712d2f1c57a40c6e26c9930be62d5f01fd
semantic/W3_d2/ALGSTRUCT/w3_out_001.meta	26	7001712244782e7135b13b5671b68454b4c13fdb143bafeda34c0b3a6a91521f
semantic/W3_d2/ALGSTRUCT/w3_out_001.shadow	0	e3b0c44298fc1c149afbf4c8996fb92427ae41e4649b934ca495991b7852b855
semantic/W3_d2/ALGSTRUCT/w3_out_002	468	16046da8668414675e2853124983a7d6dcdf5e9e7818d9c576dc620230fbb5ff
semantic/W3_d2/ALGSTRUCT/w3_out_002.desc	17	108c7a9f011f52dada1fca907b8925712d2f1c57a40c6e26c9930be62d5f01fd
semantic/W3_d2/ALGSTRUCT/w3_out_002.meta	26	7e29f293f755cfeae63f62600330d2d44e1d669a1afb8b33482a4d637e9c2ac9
semantic/W3_d2/ALGSTRUCT/w3_out_002.shadow	0	e3b0c44298fc1c149afbf4c8996fb92427ae41e4649b934ca495991b7852b855
semantic/W3_d2/ALGSTRUCT/w3_out_003	468	16046da8668414675e2853124983a7d6dcdf5e9e7818d9c576dc620230fbb5ff
semantic/W3_d2/ALGSTRUCT/w3_out_003.desc	17	108c7a9f011f52dada1fca907b8925712d2f1c57a40c6e26c9930be62d5f01fd
semantic/W3_d2/ALGSTRUCT/w3_out_003.meta	26	87dd6c5806cec338a135fc0fb02fe5455e4aa8fc65efb2eec939e59e4f25013c
semantic/W3_d2/ALGSTRUCT/w3_out_003.shadow	0	e3b0c44298fc1c149afbf4c8996fb92427ae41e4649b934ca495991b7852b855
semantic/W3_d2/ALGSTRUCT/w3_out_004	468	16046da8668414675e2853124983a7d6dcdf5e9e7818d9c576dc620230fbb5ff
semantic/W3_d2/ALGSTRUCT/w3_out_004.desc	17	108c7a9f011f52dada1fca907b8925712d2f1c57a40c6e26c9930be62d5f01fd
semantic/W3_d2/ALGSTRUCT/w3_out_004.meta	26	aee3a156d92b3af20607d84408e5893d0353fed41fd695d5005681898c728d8d
semantic/W3_d2/ALGSTRUCT/w3_out_004.shadow	0	e3b0c44298fc1c149afbf4c8996fb92427ae41e4649b934ca495991b7852b855
semantic/W3_d2/ALGSTRUCT/w3_out_005	468	16046da8668414675e2853124983a7d6dcdf5e9e7818d9c576dc620230fbb5ff
semantic/W3_d2/ALGSTRUCT/w3_out_005.desc	17	108c7a9f011f52dada1fca907b8925712d2f1c57a40c6e26c9930be62d5f01fd
semantic/W3_d2/ALGSTRUCT/w3_out_005.meta	26	dafd01ff28df6437330a690b58af1ee5ea81fb094a52a97067520385bd442888
semantic/W3_d2/ALGSTRUCT/w3_out_005.shadow	0	e3b0c44298fc1c149afbf4c8996fb92427ae41e4649b934ca495991b7852b855
semantic/W3_d2/ALGSTRUCT/w3_out_006	468	16046da8668414675e2853124983a7d6dcdf5e9e7818d9c576dc620230fbb5ff
semantic/W3_d2/ALGSTRUCT/w3_out_006.desc	17	108c7a9f011f52dada1fca907b8925712d2f1c57a40c6e26c9930be62d5f01fd
semantic/W3_d2/ALGSTRUCT/w3_out_006.meta	26	a3aea09472a7b9a376e25a2391a9b9692a9c34da90f0b1805a57f35014c6c1e8
semantic/W3_d2/ALGSTRUCT/w3_out_006.shadow	0	e3b0c44298fc1c149afbf4c8996fb92427ae41e4649b934ca495991b7852b855
semantic/W3_d2/ALGSTRUCT/w3_out_007	468	16046da8668414675e2853124983a7d6dcdf5e9e7818d9c576dc620230fbb5ff
semantic/W3_d2/ALGSTRUCT/w3_out_007.desc	17	108c7a9f011f52dada1fca907b8925712d2f1c57a40c6e26c9930be62d5f01fd
semantic/W3_d2/ALGSTRUCT/w3_out_007.meta	26	73079ec251215c2d740111eeb6cf3f4fa0d300196ab34057d112ff3f871bbe7a
semantic/W3_d2/ALGSTRUCT/w3_out_007.shadow	0	e3b0c44298fc1c149afbf4c8996fb92427ae41e4649b934ca495991b7852b855
semantic/W3_d2/STRUCT/A.desc	47	5787acced769f970ba7f750893bcaa9b5561a220ea42b224db71f7abd71c4dfa
semantic/W3_d2/STRUCT/B.desc	47	f8f7b0f4c2423653c82e5af23efa0ea0d5e86fb7f932478b7f092ba3faf1a909
semantic/W3_d2/STRUCT/S1.desc	47	5787acced769f970ba7f750893bcaa9b5561a220ea42b224db71f7abd71c4dfa
semantic/W3_d2/STRUCT/STREAM_HASH_STREAM_TIMEMOVE_A_STREAM_TIMEMOVE_B.desc	43	c89fdf8049568277a1996e21f00e7c972a51d645b51886c8b4b004e4b9bda602
semantic/W3_d2/STRUCT/STREAM_HASH_STREAM_TIMEMOVE_A_STREAM_TIMEMOVE_B.meta	26	f8a1e50943329ae5ff6525f230b977b48099324d479cc91b29a3e79423440940
semantic/W3_d2/STRUCT/STREAM_TIMEMOVE_A.desc	43	91fa2aec6956910a282e26f8f428ec61448ae55aa3da815f9b270b5f0c8c0033
semantic/W3_d2/STRUCT/STREAM_TIMEMOVE_A.meta	26	cc865cea9b756bcc410e2f302329d1abec1e516ec1fbf50638149331241a33d6
semantic/W3_d2/STRUCT/STREAM_TIMEMOVE_B.desc	43	91fa2aec6956910a282e26f8f428ec61448ae55aa3da815f9b270b5f0c8c0033
semantic/W3_d2/STRUCT/STREAM_TIMEMOVE_B.meta	26	c3c66cc0edb7b8b7062c0116de173640771b6ae484b1c22400623f886bcc4409
semantic/W3_d2/STRUCT/STREAM_TIMEMOVE_S1.desc	43	ac73757d4bff8985fb902a1cf043a19b8d954e2bad8434282297641fef0db98d
semantic/W3_d2/STRUCT/STREAM_TIMEMOVE_S1.meta	26	bf55b7f8bf8a308988555851f5e3a8e7e6cade7e247313dcb8bfe7c272cb6f0c
semantic/W3_d2/STRUCT/STREAM_TIMEMOVE_STREAM_HASH_STREAM_TIMEMOVE_A_STREAM_TIMEMOVE_B.desc	43	91fa2aec6956910a282e26f8f428ec61448ae55aa3da815f9b270b5f0c8c0033
semantic/W3_d2/STRUCT/STREAM_TIMEMOVE_STREAM_HASH_STREAM_TIMEMOVE_A_STREAM_TIMEMOVE_B.meta	26	91f8790c4df1cc2f2fa7e08515b5be7d622913f30100c49542194b326ca80c83
semantic/W3_d2/STRUCT/w3_out_000	468	16046da8668414675e2853124983a7d6dcdf5e9e7818d9c576dc620230fbb5ff
semantic/W3_d2/STRUCT/w3_out_000.desc	17	108c7a9f011f52dada1fca907b8925712d2f1c57a40c6e26c9930be62d5f01fd
semantic/W3_d2/STRUCT/w3_out_000.meta	26	b0e214d0133519ce4760dfdbef21485d41d53dc43df29f5fb2aee0a77319c490
semantic/W3_d2/STRUCT/w3_out_000.shadow	0	e3b0c44298fc1c149afbf4c8996fb92427ae41e4649b934ca495991b7852b855
semantic/W3_d2/STRUCT/w3_out_001	468	16046da8668414675e2853124983a7d6dcdf5e9e7818d9c576dc620230fbb5ff
semantic/W3_d2/STRUCT/w3_out_001.desc	17	108c7a9f011f52dada1fca907b8925712d2f1c57a40c6e26c9930be62d5f01fd
semantic/W3_d2/STRUCT/w3_out_001.meta	26	05833ece22d680c618cfe5ddc510ad657ef92949113c4a76501838326d1afb7d
semantic/W3_d2/STRUCT/w3_out_001.shadow	0	e3b0c44298fc1c149afbf4c8996fb92427ae41e4649b934ca495991b7852b855
semantic/W3_d2/STRUCT/w3_out_002	468	16046da8668414675e2853124983a7d6dcdf5e9e7818d9c576dc620230fbb5ff
semantic/W3_d2/STRUCT/w3_out_002.desc	17	108c7a9f011f52dada1fca907b8925712d2f1c57a40c6e26c9930be62d5f01fd
semantic/W3_d2/STRUCT/w3_out_002.meta	26	74b95800664c5e3a475c820b21fba8400cbaa83adaaa199a00f2f4cbd60aa62b
semantic/W3_d2/STRUCT/w3_out_002.shadow	0	e3b0c44298fc1c149afbf4c8996fb92427ae41e4649b934ca495991b7852b855
semantic/W3_d2/STRUCT/w3_out_003	468	16046da8668414675e2853124983a7d6dcdf5e9e7818d9c576dc620230fbb5ff
semantic/W3_d2/STRUCT/w3_out_003.desc	17	108c7a9f011f52dada1fca907b8925712d2f1c57a40c6e26c9930be62d5f01fd
semantic/W3_d2/STRUCT/w3_out_003.meta	26	c69b2f0e12003afdbd534c9fa01f788f8f54219b9968515083bcadfeb86b3e97
semantic/W3_d2/STRUCT/w3_out_003.shadow	0	e3b0c44298fc1c149afbf4c8996fb92427ae41e4649b934ca495991b7852b855
semantic/W3_d2/STRUCT/w3_out_004	468	16046da8668414675e2853124983a7d6dcdf5e9e7818d9c576dc620230fbb5ff
semantic/W3_d2/STRUCT/w3_out_004.desc	17	108c7a9f011f52dada1fca907b8925712d2f1c57a40c6e26c9930be62d5f01fd
semantic/W3_d2/STRUCT/w3_out_004.meta	26	a71cca495ad9ae9f97c7b2ebe32f1f2edf7ddc1f3069bc45aaa1edde99ad914a
semantic/W3_d2/STRUCT/w3_out_004.shadow	0	e3b0c44298fc1c149afbf4c8996fb92427ae41e4649b934ca495991b7852b855
semantic/W3_d2/STRUCT/w3_out_005	468	16046da8668414675e2853124983a7d6dcdf5e9e7818d9c576dc620230fbb5ff
semantic/W3_d2/STRUCT/w3_out_005.desc	17	108c7a9f011f52dada1fca907b8925712d2f1c57a40c6e26c9930be62d5f01fd
semantic/W3_d2/STRUCT/w3_out_005.meta	26	1d49ea8ef03593a23e24dc1c9741168ea14f21d4ae42bf614f163ecf9b1cea17
semantic/W3_d2/STRUCT/w3_out_005.shadow	0	e3b0c44298fc1c149afbf4c8996fb92427ae41e4649b934ca495991b7852b855
semantic/W3_d2/STRUCT/w3_out_006	468	16046da8668414675e2853124983a7d6dcdf5e9e7818d9c576dc620230fbb5ff
semantic/W3_d2/STRUCT/w3_out_006.desc	17	108c7a9f011f52dada1fca907b8925712d2f1c57a40c6e26c9930be62d5f01fd
semantic/W3_d2/STRUCT/w3_out_006.meta	26	46899e38c13109e67a08879d51d35d262bebaf40cf513f6c8bd31851d8110b87
semantic/W3_d2/STRUCT/w3_out_006.shadow	0	e3b0c44298fc1c149afbf4c8996fb92427ae41e4649b934ca495991b7852b855
semantic/W3_d2/STRUCT/w3_out_007	468	16046da8668414675e2853124983a7d6dcdf5e9e7818d9c576dc620230fbb5ff
semantic/W3_d2/STRUCT/w3_out_007.desc	17	108c7a9f011f52dada1fca907b8925712d2f1c57a40c6e26c9930be62d5f01fd
semantic/W3_d2/STRUCT/w3_out_007.meta	26	95de84197db4828987bab632869d11c0924fd48593b92a807a52e260eee8b0c6
semantic/W3_d2/STRUCT/w3_out_007.shadow	0	e3b0c44298fc1c149afbf4c8996fb92427ae41e4649b934ca495991b7852b855
semantic/W3_d3/ALGSTRUCT/A.desc	47	5787acced769f970ba7f750893bcaa9b5561a220ea42b224db71f7abd71c4dfa
semantic/W3_d3/ALGSTRUCT/B.desc	47	f8f7b0f4c2423653c82e5af23efa0ea0d5e86fb7f932478b7f092ba3faf1a909
semantic/W3_d3/ALGSTRUCT/S1.desc	47	5787acced769f970ba7f750893bcaa9b5561a220ea42b224db71f7abd71c4dfa
semantic/W3_d3/ALGSTRUCT/S2.desc	47	5787acced769f970ba7f750893bcaa9b5561a220ea42b224db71f7abd71c4dfa
semantic/W3_d3/ALGSTRUCT/STREAM_HASH_A_B.desc	43	91fa2aec6956910a282e26f8f428ec61448ae55aa3da815f9b270b5f0c8c0033
semantic/W3_d3/ALGSTRUCT/STREAM_HASH_A_B.meta	26	79e5c7481f71e97c3cc682d08ceb05ebf20bd1495c793eac20c5210019dc2648
semantic/W3_d3/ALGSTRUCT/STREAM_HASH_STREAM_HASH_STREAM_TIMEMOVE_A_STREAM_TIMEMOVE_B_S1.desc	43	91fa2aec6956910a282e26f8f428ec61448ae55aa3da815f9b270b5f0c8c0033
semantic/W3_d3/ALGSTRUCT/STREAM_HASH_STREAM_HASH_STREAM_TIMEMOVE_A_STREAM_TIMEMOVE_B_S1.meta	26	fd8359dfab932b968006b8a3ff05410f70bfb58783c0dd6f6b11f321299de661
semantic/W3_d3/ALGSTRUCT/STREAM_HASH_STREAM_HASH_STREAM_TIMEMOVE_STREAM_HASH_STREAM_TIMEMOVE_A_STREAM_TIMEMOVE_B_STREAM_TIMEMOVE_S1_S2.desc	43	91fa2aec6956910a282e26f8f428ec61448ae55aa3da815f9b270b5f0c8c0033
semantic/W3_d3/ALGSTRUCT/STREAM_HASH_STREAM_HASH_STREAM_TIMEMOVE_STREAM_HASH_STREAM_TIMEMOVE_A_STREAM_TIMEMOVE_B_STREAM_TIMEMOVE_S1_S2.meta	26	1967235c2b4aaca8a34f5951acec3dd51338ace6c0dc4f8e5ecf71fe8e77de3b
semantic/W3_d3/ALGSTRUCT/STREAM_HASH_STREAM_TIMEMOVE_A_STREAM_TIMEMOVE_B.desc	43	91fa2aec6956910a282e26f8f428ec61448ae55aa3da815f9b270b5f0c8c0033
semantic/W3_d3/ALGSTRUCT/STREAM_HASH_STREAM_TIMEMOVE_A_STREAM_TIMEMOVE_B.meta	26	63cec8face30396066429c5f74485884bb22904f70a1126c35eab1fbc587fae5
semantic/W3_d3/ALGSTRUCT/STREAM_HASH_STREAM_TIMEMOVE_STREAM_HASH_STREAM_TIMEMOVE_A_STREAM_TIMEMOVE_B_STREAM_TIMEMOVE_S1.desc	43	91fa2aec6956910a282e26f8f428ec61448ae55aa3da815f9b270b5f0c8c0033
semantic/W3_d3/ALGSTRUCT/STREAM_HASH_STREAM_TIMEMOVE_STREAM_HASH_STREAM_TIMEMOVE_A_STREAM_TIMEMOVE_B_STREAM_TIMEMOVE_S1.meta	26	28f9984d0964333218478d19ef0713730795f98ff0aba0480e5f190585930685
semantic/W3_d3/ALGSTRUCT/w3_out_000	388	bb16ae46f8a4d9156119d156d47b33f83c02d87081fb616fac20c14ccb9f98b1
semantic/W3_d3/ALGSTRUCT/w3_out_000.desc	17	108c7a9f011f52dada1fca907b8925712d2f1c57a40c6e26c9930be62d5f01fd
semantic/W3_d3/ALGSTRUCT/w3_out_000.meta	26	bfe4cdc6beae7b7775550e5c19a3d238a9229aa078942326fe0fb109d4f42e78
semantic/W3_d3/ALGSTRUCT/w3_out_000.shadow	0	e3b0c44298fc1c149afbf4c8996fb92427ae41e4649b934ca495991b7852b855
semantic/W3_d3/ALGSTRUCT/w3_out_001	388	bb16ae46f8a4d9156119d156d47b33f83c02d87081fb616fac20c14ccb9f98b1
semantic/W3_d3/ALGSTRUCT/w3_out_001.desc	17	108c7a9f011f52dada1fca907b8925712d2f1c57a40c6e26c9930be62d5f01fd
semantic/W3_d3/ALGSTRUCT/w3_out_001.meta	26	0661918b4c2c40fdbcc71693adbd232d719f12659e1a95f6924a18e743bfa383
semantic/W3_d3/ALGSTRUCT/w3_out_001.shadow	0	e3b0c44298fc1c149afbf4c8996fb92427ae41e4649b934ca495991b7852b855
semantic/W3_d3/ALGSTRUCT/w3_out_002	388	bb16ae46f8a4d9156119d156d47b33f83c02d87081fb616fac20c14ccb9f98b1
semantic/W3_d3/ALGSTRUCT/w3_out_002.desc	17	108c7a9f011f52dada1fca907b8925712d2f1c57a40c6e26c9930be62d5f01fd
semantic/W3_d3/ALGSTRUCT/w3_out_002.meta	26	087c2a4ada5a9bc76646a30d09c4330e8fe8c191bd206c4e9daae3fe4ad1e7ac
semantic/W3_d3/ALGSTRUCT/w3_out_002.shadow	0	e3b0c44298fc1c149afbf4c8996fb92427ae41e4649b934ca495991b7852b855
semantic/W3_d3/ALGSTRUCT/w3_out_003	388	bb16ae46f8a4d9156119d156d47b33f83c02d87081fb616fac20c14ccb9f98b1
semantic/W3_d3/ALGSTRUCT/w3_out_003.desc	17	108c7a9f011f52dada1fca907b8925712d2f1c57a40c6e26c9930be62d5f01fd
semantic/W3_d3/ALGSTRUCT/w3_out_003.meta	26	f72801462e1dad22c77781085e8574709d6c05207d4d472eeda9f0a1aa23802d
semantic/W3_d3/ALGSTRUCT/w3_out_003.shadow	0	e3b0c44298fc1c149afbf4c8996fb92427ae41e4649b934ca495991b7852b855
semantic/W3_d3/ALGSTRUCT/w3_out_004	388	bb16ae46f8a4d9156119d156d47b33f83c02d87081fb616fac20c14ccb9f98b1
semantic/W3_d3/ALGSTRUCT/w3_out_004.desc	17	108c7a9f011f52dada1fca907b8925712d2f1c57a40c6e26c9930be62d5f01fd
semantic/W3_d3/ALGSTRUCT/w3_out_004.meta	26	03cd1258e4bea23d1956ac5f8681f144206001fa3e5fa0ba675c835b56404430
semantic/W3_d3/ALGSTRUCT/w3_out_004.shadow	0	e3b0c44298fc1c149afbf4c8996fb92427ae41e4649b934ca495991b7852b855
semantic/W3_d3/ALGSTRUCT/w3_out_005	388	bb16ae46f8a4d9156119d156d47b33f83c02d87081fb616fac20c14ccb9f98b1
semantic/W3_d3/ALGSTRUCT/w3_out_005.desc	17	108c7a9f011f52dada1fca907b8925712d2f1c57a40c6e26c9930be62d5f01fd
semantic/W3_d3/ALGSTRUCT/w3_out_005.meta	26	a9b430b583f333057e59a03a142e0bda31b4e9802a64f379d5bfb27b7de0c6a2
semantic/W3_d3/ALGSTRUCT/w3_out_005.shadow	0	e3b0c44298fc1c149afbf4c8996fb92427ae41e4649b934ca495991b7852b855
semantic/W3_d3/ALGSTRUCT/w3_out_006	388	bb16ae46f8a4d9156119d156d47b33f83c02d87081fb616fac20c14ccb9f98b1
semantic/W3_d3/ALGSTRUCT/w3_out_006.desc	17	108c7a9f011f52dada1fca907b8925712d2f1c57a40c6e26c9930be62d5f01fd
semantic/W3_d3/ALGSTRUCT/w3_out_006.meta	26	0200ffefaa2976fefcacfc4cbc899839677e4496cc2e289a6ab3d79d2242b251
semantic/W3_d3/ALGSTRUCT/w3_out_006.shadow	0	e3b0c44298fc1c149afbf4c8996fb92427ae41e4649b934ca495991b7852b855
semantic/W3_d3/ALGSTRUCT/w3_out_007	388	bb16ae46f8a4d9156119d156d47b33f83c02d87081fb616fac20c14ccb9f98b1
semantic/W3_d3/ALGSTRUCT/w3_out_007.desc	17	108c7a9f011f52dada1fca907b8925712d2f1c57a40c6e26c9930be62d5f01fd
semantic/W3_d3/ALGSTRUCT/w3_out_007.meta	26	a449f1f8f42bafacd53d3af8a837db98abd5fd09c5ff111ec5b913ffeca580a9
semantic/W3_d3/ALGSTRUCT/w3_out_007.shadow	0	e3b0c44298fc1c149afbf4c8996fb92427ae41e4649b934ca495991b7852b855
semantic/W3_d3/STRUCT/A.desc	47	5787acced769f970ba7f750893bcaa9b5561a220ea42b224db71f7abd71c4dfa
semantic/W3_d3/STRUCT/B.desc	47	f8f7b0f4c2423653c82e5af23efa0ea0d5e86fb7f932478b7f092ba3faf1a909
semantic/W3_d3/STRUCT/S1.desc	47	5787acced769f970ba7f750893bcaa9b5561a220ea42b224db71f7abd71c4dfa
semantic/W3_d3/STRUCT/S2.desc	47	5787acced769f970ba7f750893bcaa9b5561a220ea42b224db71f7abd71c4dfa
semantic/W3_d3/STRUCT/STREAM_HASH_STREAM_TIMEMOVE_A_STREAM_TIMEMOVE_B.desc	43	c89fdf8049568277a1996e21f00e7c972a51d645b51886c8b4b004e4b9bda602
semantic/W3_d3/STRUCT/STREAM_HASH_STREAM_TIMEMOVE_A_STREAM_TIMEMOVE_B.meta	26	67fe1464dcb970ea49a34c6f6639ac60295ebf5de1a132529155aa01bd41c8e3
semantic/W3_d3/STRUCT/STREAM_HASH_STREAM_TIMEMOVE_STREAM_HASH_STREAM_TIMEMOVE_A_STREAM_TIMEMOVE_B_STREAM_TIMEMOVE_S1.desc	43	c89fdf8049568277a1996e21f00e7c972a51d645b51886c8b4b004e4b9bda602
semantic/W3_d3/STRUCT/STREAM_HASH_STREAM_TIMEMOVE_STREAM_HASH_STREAM_TIMEMOVE_A_STREAM_TIMEMOVE_B_STREAM_TIMEMOVE_S1.meta	26	97eb214095f74fad0246be3b1847e0da964131bf13f565882c8099bb3d39cb42
semantic/W3_d3/STRUCT/STREAM_TIMEMOVE_A.desc	43	91fa2aec6956910a282e26f8f428ec61448ae55aa3da815f9b270b5f0c8c0033
semantic/W3_d3/STRUCT/STREAM_TIMEMOVE_A.meta	26	16201304d5c0d692d843af78130e63bda1f16afed0a2912723f96312c39a9cad
semantic/W3_d3/STRUCT/STREAM_TIMEMOVE_B.desc	43	91fa2aec6956910a282e26f8f428ec61448ae55aa3da815f9b270b5f0c8c0033
semantic/W3_d3/STRUCT/STREAM_TIMEMOVE_B.meta	26	0d52fb7f9f63635ac543d7b7e678a945c6a963c3dc2feb3cc296119d12667b9c
semantic/W3_d3/STRUCT/STREAM_TIMEMOVE_S1.desc	43	ac73757d4bff8985fb902a1cf043a19b8d954e2bad8434282297641fef0db98d
semantic/W3_d3/STRUCT/STREAM_TIMEMOVE_S1.meta	26	e8c19f6d7e11f2223a3db1a1701f262db7f53620b641f3a042e1a73beddd6c6a
semantic/W3_d3/STRUCT/STREAM_TIMEMOVE_S2.desc	43	6d3a326c95e7f6d8e28f60fb399e7c48f4ae4de85827116cc2b855fc652dd46c
semantic/W3_d3/STRUCT/STREAM_TIMEMOVE_S2.meta	26	8f8fe5d068d7e4ff0bdcc26f39ae0473e83bbc7060d2fb98dc04c97c31a8a020
semantic/W3_d3/STRUCT/STREAM_TIMEMOVE_STREAM_HASH_STREAM_TIMEMOVE_A_STREAM_TIMEMOVE_B.desc	43	91fa2aec6956910a282e26f8f428ec61448ae55aa3da815f9b270b5f0c8c0033
semantic/W3_d3/STRUCT/STREAM_TIMEMOVE_STREAM_HASH_STREAM_TIMEMOVE_A_STREAM_TIMEMOVE_B.meta	26	c8fbd872f9bb707911486cb7155f09928442ae0c126f1b99501b2acfe270a6c8
semantic/W3_d3/STRUCT/STREAM_TIMEMOVE_STREAM_HASH_STREAM_TIMEMOVE_STREAM_HASH_STREAM_TIMEMOVE_A_STREAM_TIMEMOVE_B_STREAM_TIMEMOVE_S1.desc	43	91fa2aec6956910a282e26f8f428ec61448ae55aa3da815f9b270b5f0c8c0033
semantic/W3_d3/STRUCT/STREAM_TIMEMOVE_STREAM_HASH_STREAM_TIMEMOVE_STREAM_HASH_STREAM_TIMEMOVE_A_STREAM_TIMEMOVE_B_STREAM_TIMEMOVE_S1.meta	26	ab70c2540baddf46fce2ed03db36ff770fb338eae315a1d16612a98aa81b3df7
semantic/W3_d3/STRUCT/w3_out_000	388	bb16ae46f8a4d9156119d156d47b33f83c02d87081fb616fac20c14ccb9f98b1
semantic/W3_d3/STRUCT/w3_out_000.desc	17	108c7a9f011f52dada1fca907b8925712d2f1c57a40c6e26c9930be62d5f01fd
semantic/W3_d3/STRUCT/w3_out_000.meta	26	bc9697d146f2ac654e111e32ecfbda48454166ea6c634f19437b2d260c6418d5
semantic/W3_d3/STRUCT/w3_out_000.shadow	0	e3b0c44298fc1c149afbf4c8996fb92427ae41e4649b934ca495991b7852b855
semantic/W3_d3/STRUCT/w3_out_001	388	bb16ae46f8a4d9156119d156d47b33f83c02d87081fb616fac20c14ccb9f98b1
semantic/W3_d3/STRUCT/w3_out_001.desc	17	108c7a9f011f52dada1fca907b8925712d2f1c57a40c6e26c9930be62d5f01fd
semantic/W3_d3/STRUCT/w3_out_001.meta	26	e95c279584a475d719ed68f71791920688b10c162c0ffe285fd37a1cf46b33de
semantic/W3_d3/STRUCT/w3_out_001.shadow	0	e3b0c44298fc1c149afbf4c8996fb92427ae41e4649b934ca495991b7852b855
semantic/W3_d3/STRUCT/w3_out_002	388	bb16ae46f8a4d9156119d156d47b33f83c02d87081fb616fac20c14ccb9f98b1
semantic/W3_d3/STRUCT/w3_out_002.desc	17	108c7a9f011f52dada1fca907b8925712d2f1c57a40c6e26c9930be62d5f01fd
semantic/W3_d3/STRUCT/w3_out_002.meta	26	33d3ba986368b171902d806fc6d091774d86b0cbc567c906cc1c7669448888fb
semantic/W3_d3/STRUCT/w3_out_002.shadow	0	e3b0c44298fc1c149afbf4c8996fb92427ae41e4649b934ca495991b7852b855
semantic/W3_d3/STRUCT/w3_out_003	388	bb16ae46f8a4d9156119d156d47b33f83c02d87081fb616fac20c14ccb9f98b1
semantic/W3_d3/STRUCT/w3_out_003.desc	17	108c7a9f011f52dada1fca907b8925712d2f1c57a40c6e26c9930be62d5f01fd
semantic/W3_d3/STRUCT/w3_out_003.meta	26	911fe95f5619466d27b2941d3b06ff9cc9b1f888ad8760bf80348885ad9ee028
semantic/W3_d3/STRUCT/w3_out_003.shadow	0	e3b0c44298fc1c149afbf4c8996fb92427ae41e4649b934ca495991b7852b855
semantic/W3_d3/STRUCT/w3_out_004	388	bb16ae46f8a4d9156119d156d47b33f83c02d87081fb616fac20c14ccb9f98b1
semantic/W3_d3/STRUCT/w3_out_004.desc	17	108c7a9f011f52dada1fca907b8925712d2f1c57a40c6e26c9930be62d5f01fd
semantic/W3_d3/STRUCT/w3_out_004.meta	26	391fcd226547179acd74e267c32ef0e6d6eada7998eb7de532a4fd07d8d96080
semantic/W3_d3/STRUCT/w3_out_004.shadow	0	e3b0c44298fc1c149afbf4c8996fb92427ae41e4649b934ca495991b7852b855
semantic/W3_d3/STRUCT/w3_out_005	388	bb16ae46f8a4d9156119d156d47b33f83c02d87081fb616fac20c14ccb9f98b1
semantic/W3_d3/STRUCT/w3_out_005.desc	17	108c7a9f011f52dada1fca907b8925712d2f1c57a40c6e26c9930be62d5f01fd
semantic/W3_d3/STRUCT/w3_out_005.meta	26	11f35514356bac199a0d1fdf748c32088f0058f75bee18cd2f98925b044e4d0b
semantic/W3_d3/STRUCT/w3_out_005.shadow	0	e3b0c44298fc1c149afbf4c8996fb92427ae41e4649b934ca495991b7852b855
semantic/W3_d3/STRUCT/w3_out_006	388	bb16ae46f8a4d9156119d156d47b33f83c02d87081fb616fac20c14ccb9f98b1
semantic/W3_d3/STRUCT/w3_out_006.desc	17	108c7a9f011f52dada1fca907b8925712d2f1c57a40c6e26c9930be62d5f01fd
semantic/W3_d3/STRUCT/w3_out_006.meta	26	57160950356b1741e7da84814deba4f4830997ceae1609e01da90e6fffdd5b59
semantic/W3_d3/STRUCT/w3_out_006.shadow	0	e3b0c44298fc1c149afbf4c8996fb92427ae41e4649b934ca495991b7852b855
semantic/W3_d3/STRUCT/w3_out_007	388	bb16ae46f8a4d9156119d156d47b33f83c02d87081fb616fac20c14ccb9f98b1
semantic/W3_d3/STRUCT/w3_out_007.desc	17	108c7a9f011f52dada1fca907b8925712d2f1c57a40c6e26c9930be62d5f01fd
semantic/W3_d3/STRUCT/w3_out_007.meta	26	07b38520a8e2d3436cd8249b7ed64bcd0e08bb50e1d9bd42ab9159aa4d3bfd9b
semantic/W3_d3/STRUCT/w3_out_007.shadow	0	e3b0c44298fc1c149afbf4c8996fb92427ae41e4649b934ca495991b7852b855
semantic/W4_Q01/ALGSTRUCT/A.desc	47	5787acced769f970ba7f750893bcaa9b5561a220ea42b224db71f7abd71c4dfa
semantic/W4_Q01/ALGSTRUCT/B.desc	47	f8f7b0f4c2423653c82e5af23efa0ea0d5e86fb7f932478b7f092ba3faf1a909
semantic/W4_Q01/ALGSTRUCT/STREAM_HASH_A_B.desc	43	91fa2aec6956910a282e26f8f428ec61448ae55aa3da815f9b270b5f0c8c0033
semantic/W4_Q01/ALGSTRUCT/STREAM_HASH_A_B.meta	26	3aaedebc9f86e109e94cf7c66b38d764067de792419925c09c5febfc21fed282
semantic/W4_Q01/ALGSTRUCT/w4_avg_000	456	4b6e84d154fb8ec750761040ed1e1007ab9842800bd35a9fc9c90c9a222fe56d
semantic/W4_Q01/ALGSTRUCT/w4_avg_000.desc	24	d82cc3bf56052e5f5425dbfc028af862adf0d8f351f32e9592c1cac70691187e
semantic/W4_Q01/ALGSTRUCT/w4_avg_000.meta	26	d15a0c1e5b6fd70837d6e463ad7c14f0239688bac30d0c8f4b821a7155461fff
semantic/W4_Q01/ALGSTRUCT/w4_avg_000.shadow	0	e3b0c44298fc1c149afbf4c8996fb92427ae41e4649b934ca495991b7852b855
semantic/W4_Q01/ALGSTRUCT/w4_out_000	576	db914d13d5437de21a5752c8f47b8ec7170b7e9ca789139de50e2cc924d8f9a1
semantic/W4_Q01/ALGSTRUCT/w4_out_000.desc	17	108c7a9f011f52dada1fca907b8925712d2f1c57a40c6e26c9930be62d5f01fd
semantic/W4_Q01/ALGSTRUCT/w4_out_000.meta	26	b3f86354d1e8e31d5ab517e3f661deadeeb48841ba92dccfbd194461788686d8
semantic/W4_Q01/ALGSTRUCT/w4_out_000.shadow	0	e3b0c44298fc1c149afbf4c8996fb92427ae41e4649b934ca495991b7852b855
semantic/W4_Q01/ALGSTRUCT/w4_p_000	576	db914d13d5437de21a5752c8f47b8ec7170b7e9ca789139de50e2cc924d8f9a1
semantic/W4_Q01/ALGSTRUCT/w4_p_000.desc	22	deca89418af4636c9c780a99ecd62c80178ffc4570c986a251968fd73ae9f9d7
semantic/W4_Q01/ALGSTRUCT/w4_p_000.meta	26	a6c11d781519b2a2719d6d33ce40361a9ad25dcd4c8057f0c70fe1007b7adc0c
semantic/W4_Q01/ALGSTRUCT/w4_p_000.shadow	0	e3b0c44298fc1c149afbf4c8996fb92427ae41e4649b934ca495991b7852b855
semantic/W4_Q01/ALGSTRUCT/w4_win_000	13680	87e2a416b2849deb4586f62664e469bff9a6e8435b891ab850684eb3c3fc3167
semantic/W4_Q01/ALGSTRUCT/w4_win_000.desc	622	86a39a257b6a8ff4c051487b58fdef89d996f2b00986d427f64468df66a09edb
semantic/W4_Q01/ALGSTRUCT/w4_win_000.meta	29	3eaadf3ef9af74505a16a74bc42d9e8e68444012af65c7bd9926a30735062df6
semantic/W4_Q01/ALGSTRUCT/w4_win_000.shadow	0	e3b0c44298fc1c149afbf4c8996fb92427ae41e4649b934ca495991b7852b855
semantic/W4_Q01/STRUCT/A.desc	47	5787acced769f970ba7f750893bcaa9b5561a220ea42b224db71f7abd71c4dfa
semantic/W4_Q01/STRUCT/B.desc	47	f8f7b0f4c2423653c82e5af23efa0ea0d5e86fb7f932478b7f092ba3faf1a909
semantic/W4_Q01/STRUCT/STREAM_TIMEMOVE_A.desc	43	91fa2aec6956910a282e26f8f428ec61448ae55aa3da815f9b270b5f0c8c0033
semantic/W4_Q01/STRUCT/STREAM_TIMEMOVE_A.meta	26	8c17817fbdb5f370a198479523a741311d8fc302a00cda4b56f56913778cc760
semantic/W4_Q01/STRUCT/STREAM_TIMEMOVE_B.desc	43	91fa2aec6956910a282e26f8f428ec61448ae55aa3da815f9b270b5f0c8c0033
semantic/W4_Q01/STRUCT/STREAM_TIMEMOVE_B.meta	26	cd337a5e6afd12546542c25de6a7253174a6a33e28336079485f9c13b3ac06bf
semantic/W4_Q01/STRUCT/w4_avg_000	456	4b6e84d154fb8ec750761040ed1e1007ab9842800bd35a9fc9c90c9a222fe56d
semantic/W4_Q01/STRUCT/w4_avg_000.desc	24	d82cc3bf56052e5f5425dbfc028af862adf0d8f351f32e9592c1cac70691187e
semantic/W4_Q01/STRUCT/w4_avg_000.meta	26	bdd9b9a609c070d4fd120af7ca0cac81862a4916f27a79fbfe92c7f7e656b011
semantic/W4_Q01/STRUCT/w4_avg_000.shadow	0	e3b0c44298fc1c149afbf4c8996fb92427ae41e4649b934ca495991b7852b855
semantic/W4_Q01/STRUCT/w4_out_000	576	db914d13d5437de21a5752c8f47b8ec7170b7e9ca789139de50e2cc924d8f9a1
semantic/W4_Q01/STRUCT/w4_out_000.desc	17	108c7a9f011f52dada1fca907b8925712d2f1c57a40c6e26c9930be62d5f01fd
semantic/W4_Q01/STRUCT/w4_out_000.meta	26	871110cb72da6c30496733b3b5db0fac000bfef4a63400db53034b5211b7d4d9
semantic/W4_Q01/STRUCT/w4_out_000.shadow	0	e3b0c44298fc1c149afbf4c8996fb92427ae41e4649b934ca495991b7852b855
semantic/W4_Q01/STRUCT/w4_p_000	576	db914d13d5437de21a5752c8f47b8ec7170b7e9ca789139de50e2cc924d8f9a1
semantic/W4_Q01/STRUCT/w4_p_000.desc	22	deca89418af4636c9c780a99ecd62c80178ffc4570c986a251968fd73ae9f9d7
semantic/W4_Q01/STRUCT/w4_p_000.meta	26	6bc1f71b2ce9bad620392543557f33a535a9e00e3c64a4d6cc012893c2837521
semantic/W4_Q01/STRUCT/w4_p_000.shadow	0	e3b0c44298fc1c149afbf4c8996fb92427ae41e4649b934ca495991b7852b855
semantic/W4_Q01/STRUCT/w4_win_000	13680	87e2a416b2849deb4586f62664e469bff9a6e8435b891ab850684eb3c3fc3167
semantic/W4_Q01/STRUCT/w4_win_000.desc	622	86a39a257b6a8ff4c051487b58fdef89d996f2b00986d427f64468df66a09edb
semantic/W4_Q01/STRUCT/w4_win_000.meta	29	a624c3d5239d841f544f2d7f16576eeae38d985c81b6c59b0f10af0c6a46f91f
semantic/W4_Q01/STRUCT/w4_win_000.shadow	0	e3b0c44298fc1c149afbf4c8996fb92427ae41e4649b934ca495991b7852b855
semantic/W4_Q02/ALGSTRUCT/A.desc	47	5787acced769f970ba7f750893bcaa9b5561a220ea42b224db71f7abd71c4dfa
semantic/W4_Q02/ALGSTRUCT/B.desc	47	f8f7b0f4c2423653c82e5af23efa0ea0d5e86fb7f932478b7f092ba3faf1a909
semantic/W4_Q02/ALGSTRUCT/STREAM_HASH_A_B.desc	43	91fa2aec6956910a282e26f8f428ec61448ae55aa3da815f9b270b5f0c8c0033
semantic/W4_Q02/ALGSTRUCT/STREAM_HASH_A_B.meta	26	e93fb069948b893b01974f3423e544ae4e1bbbbb93e571560de9b188992bf36b
semantic/W4_Q02/ALGSTRUCT/w4_avg_000	456	4b6e84d154fb8ec750761040ed1e1007ab9842800bd35a9fc9c90c9a222fe56d
semantic/W4_Q02/ALGSTRUCT/w4_avg_000.desc	24	d82cc3bf56052e5f5425dbfc028af862adf0d8f351f32e9592c1cac70691187e
semantic/W4_Q02/ALGSTRUCT/w4_avg_000.meta	26	e353535525004788f50880aa4d409dda955412f5529250fe6090b78211908cd8
semantic/W4_Q02/ALGSTRUCT/w4_avg_000.shadow	0	e3b0c44298fc1c149afbf4c8996fb92427ae41e4649b934ca495991b7852b855
semantic/W4_Q02/ALGSTRUCT/w4_avg_001	456	4b6e84d154fb8ec750761040ed1e1007ab9842800bd35a9fc9c90c9a222fe56d
semantic/W4_Q02/ALGSTRUCT/w4_avg_001.desc	24	6271206be67b85e268ce5c407efd73220641e0b9ac74a1137753d8f046dc4227
semantic/W4_Q02/ALGSTRUCT/w4_avg_001.meta	26	f83b2f122035f3e3065cf889f7c50e3b7bbcb9b90e3150693d0b1eab5ddbb133
semantic/W4_Q02/ALGSTRUCT/w4_avg_001.shadow	0	e3b0c44298fc1c149afbf4c8996fb92427ae41e4649b934ca495991b7852b855
semantic/W4_Q02/ALGSTRUCT/w4_out_000	576	db914d13d5437de21a5752c8f47b8ec7170b7e9ca789139de50e2cc924d8f9a1
semantic/W4_Q02/ALGSTRUCT/w4_out_000.desc	17	108c7a9f011f52dada1fca907b8925712d2f1c57a40c6e26c9930be62d5f01fd
semantic/W4_Q02/ALGSTRUCT/w4_out_000.meta	26	bd6b63af39118d7105b60c37679b3f09aa9cb00bba661f86984accebf557b11b
semantic/W4_Q02/ALGSTRUCT/w4_out_000.shadow	0	e3b0c44298fc1c149afbf4c8996fb92427ae41e4649b934ca495991b7852b855
semantic/W4_Q02/ALGSTRUCT/w4_out_001	576	db914d13d5437de21a5752c8f47b8ec7170b7e9ca789139de50e2cc924d8f9a1
semantic/W4_Q02/ALGSTRUCT/w4_out_001.desc	17	108c7a9f011f52dada1fca907b8925712d2f1c57a40c6e26c9930be62d5f01fd
semantic/W4_Q02/ALGSTRUCT/w4_out_001.meta	26	12e4cd7eb120b64503c3fecd1dd1bf0590f3addc89dbc7fe0e91fb5bc40edd65
semantic/W4_Q02/ALGSTRUCT/w4_out_001.shadow	0	e3b0c44298fc1c149afbf4c8996fb92427ae41e4649b934ca495991b7852b855
semantic/W4_Q02/ALGSTRUCT/w4_p_000	576	db914d13d5437de21a5752c8f47b8ec7170b7e9ca789139de50e2cc924d8f9a1
semantic/W4_Q02/ALGSTRUCT/w4_p_000.desc	22	deca89418af4636c9c780a99ecd62c80178ffc4570c986a251968fd73ae9f9d7
semantic/W4_Q02/ALGSTRUCT/w4_p_000.meta	26	7f5d245adf0ff852392f8673fa31445c07ffd69d576915a5edb4274b9c21674a
semantic/W4_Q02/ALGSTRUCT/w4_p_000.shadow	0	e3b0c44298fc1c149afbf4c8996fb92427ae41e4649b934ca495991b7852b855
semantic/W4_Q02/ALGSTRUCT/w4_p_001	576	db914d13d5437de21a5752c8f47b8ec7170b7e9ca789139de50e2cc924d8f9a1
semantic/W4_Q02/ALGSTRUCT/w4_p_001.desc	22	e95a96590cfe1e614bb1a8d1535cb3f15e9c2033e317f02939e9cc4ca754c5f2
semantic/W4_Q02/ALGSTRUCT/w4_p_001.meta	26	cd1e4e4858ec4b3da35cf97667631be77f5eac081696d0d56a09d0548053b3a3
semantic/W4_Q02/ALGSTRUCT/w4_p_001.shadow	0	e3b0c44298fc1c149afbf4c8996fb92427ae41e4649b934ca495991b7852b855
semantic/W4_Q02/ALGSTRUCT/w4_win_000	13680	87e2a416b2849deb4586f62664e469bff9a6e8435b891ab850684eb3c3fc3167
semantic/W4_Q02/ALGSTRUCT/w4_win_000.desc	622	86a39a257b6a8ff4c051487b58fdef89d996f2b00986d427f64468df66a09edb
semantic/W4_Q02/ALGSTRUCT/w4_win_000.meta	29	7abbbb902f7c9cffa09d74a13278f565709fa1db4e8da50003aaad235649fb22
semantic/W4_Q02/ALGSTRUCT/w4_win_000.shadow	0	e3b0c44298fc1c149afbf4c8996fb92427ae41e4649b934ca495991b7852b855
semantic/W4_Q02/ALGSTRUCT/w4_win_001	13680	87e2a416b2849deb4586f62664e469bff9a6e8435b891ab850684eb3c3fc3167
semantic/W4_Q02/ALGSTRUCT/w4_win_001.desc	622	141a3a9f520cca1530e055eff448ec71ef72ac5a67cc3c841b3b4f510a10a150
semantic/W4_Q02/ALGSTRUCT/w4_win_001.meta	29	29742ea936a386f46a2b4d8317d0a5efe793de9b71303662f045693102e2ace5
semantic/W4_Q02/ALGSTRUCT/w4_win_001.shadow	0	e3b0c44298fc1c149afbf4c8996fb92427ae41e4649b934ca495991b7852b855
semantic/W4_Q02/STRUCT/A.desc	47	5787acced769f970ba7f750893bcaa9b5561a220ea42b224db71f7abd71c4dfa
semantic/W4_Q02/STRUCT/B.desc	47	f8f7b0f4c2423653c82e5af23efa0ea0d5e86fb7f932478b7f092ba3faf1a909
semantic/W4_Q02/STRUCT/STREAM_TIMEMOVE_A.desc	43	91fa2aec6956910a282e26f8f428ec61448ae55aa3da815f9b270b5f0c8c0033
semantic/W4_Q02/STRUCT/STREAM_TIMEMOVE_A.meta	26	5a8b97f6e2f84d3d8d26d1e1b4b74217d24f5146c70a08dafc70ae2ea9289b69
semantic/W4_Q02/STRUCT/STREAM_TIMEMOVE_B.desc	43	91fa2aec6956910a282e26f8f428ec61448ae55aa3da815f9b270b5f0c8c0033
semantic/W4_Q02/STRUCT/STREAM_TIMEMOVE_B.meta	26	5650923a03c843011ebd70e56210d5a2a1b5e04c2083b27a6b8c783d9b246107
semantic/W4_Q02/STRUCT/w4_avg_000	456	4b6e84d154fb8ec750761040ed1e1007ab9842800bd35a9fc9c90c9a222fe56d
semantic/W4_Q02/STRUCT/w4_avg_000.desc	24	d82cc3bf56052e5f5425dbfc028af862adf0d8f351f32e9592c1cac70691187e
semantic/W4_Q02/STRUCT/w4_avg_000.meta	26	3e74dd8e73f2b7011ebce2b379f97167dbdb1ac8fb779f19979b2a54880590f6
semantic/W4_Q02/STRUCT/w4_avg_000.shadow	0	e3b0c44298fc1c149afbf4c8996fb92427ae41e4649b934ca495991b7852b855
semantic/W4_Q02/STRUCT/w4_avg_001	456	4b6e84d154fb8ec750761040ed1e1007ab9842800bd35a9fc9c90c9a222fe56d
semantic/W4_Q02/STRUCT/w4_avg_001.desc	24	6271206be67b85e268ce5c407efd73220641e0b9ac74a1137753d8f046dc4227
semantic/W4_Q02/STRUCT/w4_avg_001.meta	26	dd520f1f3696a03ebb35d087e9d14ba4dca49dfd9548dc1ea11041b1730b3291
semantic/W4_Q02/STRUCT/w4_avg_001.shadow	0	e3b0c44298fc1c149afbf4c8996fb92427ae41e4649b934ca495991b7852b855
semantic/W4_Q02/STRUCT/w4_out_000	576	db914d13d5437de21a5752c8f47b8ec7170b7e9ca789139de50e2cc924d8f9a1
semantic/W4_Q02/STRUCT/w4_out_000.desc	17	108c7a9f011f52dada1fca907b8925712d2f1c57a40c6e26c9930be62d5f01fd
semantic/W4_Q02/STRUCT/w4_out_000.meta	26	6449df44517487b878a5440aef9c6f269903ee2eb55d8c659308bcae597aba73
semantic/W4_Q02/STRUCT/w4_out_000.shadow	0	e3b0c44298fc1c149afbf4c8996fb92427ae41e4649b934ca495991b7852b855
semantic/W4_Q02/STRUCT/w4_out_001	576	db914d13d5437de21a5752c8f47b8ec7170b7e9ca789139de50e2cc924d8f9a1
semantic/W4_Q02/STRUCT/w4_out_001.desc	17	108c7a9f011f52dada1fca907b8925712d2f1c57a40c6e26c9930be62d5f01fd
semantic/W4_Q02/STRUCT/w4_out_001.meta	26	344eba17028b39a3a2af6b69cb305062f6a7c47482f62eaa791d5c45bd5ea870
semantic/W4_Q02/STRUCT/w4_out_001.shadow	0	e3b0c44298fc1c149afbf4c8996fb92427ae41e4649b934ca495991b7852b855
semantic/W4_Q02/STRUCT/w4_p_000	576	db914d13d5437de21a5752c8f47b8ec7170b7e9ca789139de50e2cc924d8f9a1
semantic/W4_Q02/STRUCT/w4_p_000.desc	22	deca89418af4636c9c780a99ecd62c80178ffc4570c986a251968fd73ae9f9d7
semantic/W4_Q02/STRUCT/w4_p_000.meta	26	5cfcba14dfd3b722caf80d09aa28a937f48971ecb2bf5595ed55abf4aef2109e
semantic/W4_Q02/STRUCT/w4_p_000.shadow	0	e3b0c44298fc1c149afbf4c8996fb92427ae41e4649b934ca495991b7852b855
semantic/W4_Q02/STRUCT/w4_p_001	576	db914d13d5437de21a5752c8f47b8ec7170b7e9ca789139de50e2cc924d8f9a1
semantic/W4_Q02/STRUCT/w4_p_001.desc	22	e95a96590cfe1e614bb1a8d1535cb3f15e9c2033e317f02939e9cc4ca754c5f2
semantic/W4_Q02/STRUCT/w4_p_001.meta	26	fffed40a54336b440117e811d92d8151a9c7f3f436f8723ef9413c48b57fe7e9
semantic/W4_Q02/STRUCT/w4_p_001.shadow	0	e3b0c44298fc1c149afbf4c8996fb92427ae41e4649b934ca495991b7852b855
semantic/W4_Q02/STRUCT/w4_win_000	13680	87e2a416b2849deb4586f62664e469bff9a6e8435b891ab850684eb3c3fc3167
semantic/W4_Q02/STRUCT/w4_win_000.desc	622	86a39a257b6a8ff4c051487b58fdef89d996f2b00986d427f64468df66a09edb
semantic/W4_Q02/STRUCT/w4_win_000.meta	29	d47ed0550e4236774542ce43497992490918e59e127102434a83da3e629b6fcb
semantic/W4_Q02/STRUCT/w4_win_000.shadow	0	e3b0c44298fc1c149afbf4c8996fb92427ae41e4649b934ca495991b7852b855
semantic/W4_Q02/STRUCT/w4_win_001	13680	87e2a416b2849deb4586f62664e469bff9a6e8435b891ab850684eb3c3fc3167
semantic/W4_Q02/STRUCT/w4_win_001.desc	622	141a3a9f520cca1530e055eff448ec71ef72ac5a67cc3c841b3b4f510a10a150
semantic/W4_Q02/STRUCT/w4_win_001.meta	29	b01d0b0bfc6e7f0c02de884a63cf26b26df0724d41e5bdfa123772fb72ab6fcb
semantic/W4_Q02/STRUCT/w4_win_001.shadow	0	e3b0c44298fc1c149afbf4c8996fb92427ae41e4649b934ca495991b7852b855
semantic/W4_Q04/ALGSTRUCT/A.desc	47	5787acced769f970ba7f750893bcaa9b5561a220ea42b224db71f7abd71c4dfa
semantic/W4_Q04/ALGSTRUCT/B.desc	47	f8f7b0f4c2423653c82e5af23efa0ea0d5e86fb7f932478b7f092ba3faf1a909
semantic/W4_Q04/ALGSTRUCT/STREAM_HASH_A_B.desc	43	91fa2aec6956910a282e26f8f428ec61448ae55aa3da815f9b270b5f0c8c0033
semantic/W4_Q04/ALGSTRUCT/STREAM_HASH_A_B.meta	26	897204cf4facf316b115256cbbb4b058f37cc54ba4735f105a5806451b94442f
semantic/W4_Q04/ALGSTRUCT/w4_avg_000	456	4b6e84d154fb8ec750761040ed1e1007ab9842800bd35a9fc9c90c9a222fe56d
semantic/W4_Q04/ALGSTRUCT/w4_avg_000.desc	24	d82cc3bf56052e5f5425dbfc028af862adf0d8f351f32e9592c1cac70691187e
semantic/W4_Q04/ALGSTRUCT/w4_avg_000.meta	26	4158fc6fc1330a247fd4e74f39822c6246d3f421c604b5a201afeb4b92e1fc28
semantic/W4_Q04/ALGSTRUCT/w4_avg_000.shadow	0	e3b0c44298fc1c149afbf4c8996fb92427ae41e4649b934ca495991b7852b855
semantic/W4_Q04/ALGSTRUCT/w4_avg_001	456	4b6e84d154fb8ec750761040ed1e1007ab9842800bd35a9fc9c90c9a222fe56d
semantic/W4_Q04/ALGSTRUCT/w4_avg_001.desc	24	6271206be67b85e268ce5c407efd73220641e0b9ac74a1137753d8f046dc4227
semantic/W4_Q04/ALGSTRUCT/w4_avg_001.meta	26	6ce76b8c33432eae1b133356733764ac8325533c4ef94a91bc0255fb96f3f0cf
semantic/W4_Q04/ALGSTRUCT/w4_avg_001.shadow	0	e3b0c44298fc1c149afbf4c8996fb92427ae41e4649b934ca495991b7852b855
semantic/W4_Q04/ALGSTRUCT/w4_avg_002	456	4b6e84d154fb8ec750761040ed1e1007ab9842800bd35a9fc9c90c9a222fe56d
semantic/W4_Q04/ALGSTRUCT/w4_avg_002.desc	24	54209826f53cf131f0be2820f7a13a41d0f27b928e927e0ed50eafaba7486cfb
semantic/W4_Q04/ALGSTRUCT/w4_avg_002.meta	26	f05dd52528fe913419bc318e696aba8d4296c68f8e16d0d571954a66300e7d9e
semantic/W4_Q04/ALGSTRUCT/w4_avg_002.shadow	0	e3b0c44298fc1c149afbf4c8996fb92427ae41e4649b934ca495991b7852b855
semantic/W4_Q04/ALGSTRUCT/w4_avg_003	456	4b6e84d154fb8ec750761040ed1e1007ab9842800bd35a9fc9c90c9a222fe56d
semantic/W4_Q04/ALGSTRUCT/w4_avg_003.desc	24	2a79925232fcb4dfdc8f26f6d3841bf9ea295b4574124d206ab36d806b71915b
semantic/W4_Q04/ALGSTRUCT/w4_avg_003.meta	26	311620c5f91854d3e87caf1d7f67a27323a739dbfd906888e9d238b952fb8553
semantic/W4_Q04/ALGSTRUCT/w4_avg_003.shadow	0	e3b0c44298fc1c149afbf4c8996fb92427ae41e4649b934ca495991b7852b855
semantic/W4_Q04/ALGSTRUCT/w4_out_000	576	db914d13d5437de21a5752c8f47b8ec7170b7e9ca789139de50e2cc924d8f9a1
semantic/W4_Q04/ALGSTRUCT/w4_out_000.desc	17	108c7a9f011f52dada1fca907b8925712d2f1c57a40c6e26c9930be62d5f01fd
semantic/W4_Q04/ALGSTRUCT/w4_out_000.meta	26	9c1c4c9f6752f8eb31d8fa9f853120fbca21586912677921b0faeab403ed091d
semantic/W4_Q04/ALGSTRUCT/w4_out_000.shadow	0	e3b0c44298fc1c149afbf4c8996fb92427ae41e4649b934ca495991b7852b855
semantic/W4_Q04/ALGSTRUCT/w4_out_001	576	db914d13d5437de21a5752c8f47b8ec7170b7e9ca789139de50e2cc924d8f9a1
semantic/W4_Q04/ALGSTRUCT/w4_out_001.desc	17	108c7a9f011f52dada1fca907b8925712d2f1c57a40c6e26c9930be62d5f01fd
semantic/W4_Q04/ALGSTRUCT/w4_out_001.meta	26	260fcee24371527e98ba30b2f17ab022c1aad523a10c0cb1804498e92ee69896
semantic/W4_Q04/ALGSTRUCT/w4_out_001.shadow	0	e3b0c44298fc1c149afbf4c8996fb92427ae41e4649b934ca495991b7852b855
semantic/W4_Q04/ALGSTRUCT/w4_out_002	576	db914d13d5437de21a5752c8f47b8ec7170b7e9ca789139de50e2cc924d8f9a1
semantic/W4_Q04/ALGSTRUCT/w4_out_002.desc	17	108c7a9f011f52dada1fca907b8925712d2f1c57a40c6e26c9930be62d5f01fd
semantic/W4_Q04/ALGSTRUCT/w4_out_002.meta	26	c4de4f95ad5fb0a8d6bc85f2bd41633b06688ed475507c7704672d9621019e81
semantic/W4_Q04/ALGSTRUCT/w4_out_002.shadow	0	e3b0c44298fc1c149afbf4c8996fb92427ae41e4649b934ca495991b7852b855
semantic/W4_Q04/ALGSTRUCT/w4_out_003	576	db914d13d5437de21a5752c8f47b8ec7170b7e9ca789139de50e2cc924d8f9a1
semantic/W4_Q04/ALGSTRUCT/w4_out_003.desc	17	108c7a9f011f52dada1fca907b8925712d2f1c57a40c6e26c9930be62d5f01fd
semantic/W4_Q04/ALGSTRUCT/w4_out_003.meta	26	e6d1ac08ec16cd36a028dfe68f17fe91acf6951688e65532243c9babe60fed4b
semantic/W4_Q04/ALGSTRUCT/w4_out_003.shadow	0	e3b0c44298fc1c149afbf4c8996fb92427ae41e4649b934ca495991b7852b855
semantic/W4_Q04/ALGSTRUCT/w4_p_000	576	db914d13d5437de21a5752c8f47b8ec7170b7e9ca789139de50e2cc924d8f9a1
semantic/W4_Q04/ALGSTRUCT/w4_p_000.desc	22	deca89418af4636c9c780a99ecd62c80178ffc4570c986a251968fd73ae9f9d7
semantic/W4_Q04/ALGSTRUCT/w4_p_000.meta	26	c1479f67ddb620935631acee2167d497ecfb5e87e6608d7fd25035fe9de129cd
semantic/W4_Q04/ALGSTRUCT/w4_p_000.shadow	0	e3b0c44298fc1c149afbf4c8996fb92427ae41e4649b934ca495991b7852b855
semantic/W4_Q04/ALGSTRUCT/w4_p_001	576	db914d13d5437de21a5752c8f47b8ec7170b7e9ca789139de50e2cc924d8f9a1
semantic/W4_Q04/ALGSTRUCT/w4_p_001.desc	22	e95a96590cfe1e614bb1a8d1535cb3f15e9c2033e317f02939e9cc4ca754c5f2
semantic/W4_Q04/ALGSTRUCT/w4_p_001.meta	26	49fdc0d2927a197853e684443c0cb189ae3e44bc7d392bd312937ac2cc6ac576
semantic/W4_Q04/ALGSTRUCT/w4_p_001.shadow	0	e3b0c44298fc1c149afbf4c8996fb92427ae41e4649b934ca495991b7852b855
semantic/W4_Q04/ALGSTRUCT/w4_p_002	576	db914d13d5437de21a5752c8f47b8ec7170b7e9ca789139de50e2cc924d8f9a1
semantic/W4_Q04/ALGSTRUCT/w4_p_002.desc	22	a637f771fd0ea18cd39c01e7c0a078d7a57a46c4715adbd5128aac2b41841170
semantic/W4_Q04/ALGSTRUCT/w4_p_002.meta	26	3a200fd80718659b6aa3ca4cfdb3a857b18a576c889a27dade15b4d1e0f56172
semantic/W4_Q04/ALGSTRUCT/w4_p_002.shadow	0	e3b0c44298fc1c149afbf4c8996fb92427ae41e4649b934ca495991b7852b855
semantic/W4_Q04/ALGSTRUCT/w4_p_003	576	db914d13d5437de21a5752c8f47b8ec7170b7e9ca789139de50e2cc924d8f9a1
semantic/W4_Q04/ALGSTRUCT/w4_p_003.desc	22	c4d6651520166192cbde8877093298e69e69bb2a737d041d0362d1a0f39edf48
semantic/W4_Q04/ALGSTRUCT/w4_p_003.meta	26	b3a517c5f365fea043923b2b53327ded8e0146fe3a65cea6296a03b85818df21
semantic/W4_Q04/ALGSTRUCT/w4_p_003.shadow	0	e3b0c44298fc1c149afbf4c8996fb92427ae41e4649b934ca495991b7852b855
semantic/W4_Q04/ALGSTRUCT/w4_win_000	13680	87e2a416b2849deb4586f62664e469bff9a6e8435b891ab850684eb3c3fc3167
semantic/W4_Q04/ALGSTRUCT/w4_win_000.desc	622	86a39a257b6a8ff4c051487b58fdef89d996f2b00986d427f64468df66a09edb
semantic/W4_Q04/ALGSTRUCT/w4_win_000.meta	29	22ccba8b009c70efe19cf3afe681e6af26a349d67eae555fd30bac590e5301d6
semantic/W4_Q04/ALGSTRUCT/w4_win_000.shadow	0	e3b0c44298fc1c149afbf4c8996fb92427ae41e4649b934ca495991b7852b855
semantic/W4_Q04/ALGSTRUCT/w4_win_001	13680	87e2a416b2849deb4586f62664e469bff9a6e8435b891ab850684eb3c3fc3167
semantic/W4_Q04/ALGSTRUCT/w4_win_001.desc	622	141a3a9f520cca1530e055eff448ec71ef72ac5a67cc3c841b3b4f510a10a150
semantic/W4_Q04/ALGSTRUCT/w4_win_001.meta	29	2edd7584f8cafa11260d2d3915984529cbbe90cb5b6572768d0a465dd0e3129c
semantic/W4_Q04/ALGSTRUCT/w4_win_001.shadow	0	e3b0c44298fc1c149afbf4c8996fb92427ae41e4649b934ca495991b7852b855
semantic/W4_Q04/ALGSTRUCT/w4_win_002	13680	87e2a416b2849deb4586f62664e469bff9a6e8435b891ab850684eb3c3fc3167
semantic/W4_Q04/ALGSTRUCT/w4_win_002.desc	622	68d40584b8dff9638fbe906d53bed5e7fcdd7b29ef5d9fcb221b4af51f206d55
semantic/W4_Q04/ALGSTRUCT/w4_win_002.meta	29	1698f032ebfd2a59519ba32b1c6512dbec7820628f4fb037a53ca032899d31d4
semantic/W4_Q04/ALGSTRUCT/w4_win_002.shadow	0	e3b0c44298fc1c149afbf4c8996fb92427ae41e4649b934ca495991b7852b855
semantic/W4_Q04/ALGSTRUCT/w4_win_003	13680	87e2a416b2849deb4586f62664e469bff9a6e8435b891ab850684eb3c3fc3167
semantic/W4_Q04/ALGSTRUCT/w4_win_003.desc	622	1db4154960605772cf4a54909b602f4730d898ce7a07ea6ba23cc129c45e6871
semantic/W4_Q04/ALGSTRUCT/w4_win_003.meta	29	08abfec02fcbde9047f9433e4f0d00539aeac2b4aa60d3d6b32759455dca8091
semantic/W4_Q04/ALGSTRUCT/w4_win_003.shadow	0	e3b0c44298fc1c149afbf4c8996fb92427ae41e4649b934ca495991b7852b855
semantic/W4_Q04/STRUCT/A.desc	47	5787acced769f970ba7f750893bcaa9b5561a220ea42b224db71f7abd71c4dfa
semantic/W4_Q04/STRUCT/B.desc	47	f8f7b0f4c2423653c82e5af23efa0ea0d5e86fb7f932478b7f092ba3faf1a909
semantic/W4_Q04/STRUCT/STREAM_TIMEMOVE_A.desc	43	91fa2aec6956910a282e26f8f428ec61448ae55aa3da815f9b270b5f0c8c0033
semantic/W4_Q04/STRUCT/STREAM_TIMEMOVE_A.meta	26	dcb2f110b57f08c53bf4ea23d1f5e593671849f016b7e562aaca5ad32b7d5e1e
semantic/W4_Q04/STRUCT/STREAM_TIMEMOVE_B.desc	43	91fa2aec6956910a282e26f8f428ec61448ae55aa3da815f9b270b5f0c8c0033
semantic/W4_Q04/STRUCT/STREAM_TIMEMOVE_B.meta	26	3eb61e18d63d15ce09f9a6972b983955bcf4324cc3fa3039870c1cdffb030e0d
semantic/W4_Q04/STRUCT/w4_avg_000	456	4b6e84d154fb8ec750761040ed1e1007ab9842800bd35a9fc9c90c9a222fe56d
semantic/W4_Q04/STRUCT/w4_avg_000.desc	24	d82cc3bf56052e5f5425dbfc028af862adf0d8f351f32e9592c1cac70691187e
semantic/W4_Q04/STRUCT/w4_avg_000.meta	26	02157ed93bbd0c8f2e5d7a3ebe13bbb73c21773e8ad7b0d0178494b0bb204869
semantic/W4_Q04/STRUCT/w4_avg_000.shadow	0	e3b0c44298fc1c149afbf4c8996fb92427ae41e4649b934ca495991b7852b855
semantic/W4_Q04/STRUCT/w4_avg_001	456	4b6e84d154fb8ec750761040ed1e1007ab9842800bd35a9fc9c90c9a222fe56d
semantic/W4_Q04/STRUCT/w4_avg_001.desc	24	6271206be67b85e268ce5c407efd73220641e0b9ac74a1137753d8f046dc4227
semantic/W4_Q04/STRUCT/w4_avg_001.meta	26	5e09398e25f4bf880babe99dd0a8711357ae8379edbbfe9a776e420b6c91e359
semantic/W4_Q04/STRUCT/w4_avg_001.shadow	0	e3b0c44298fc1c149afbf4c8996fb92427ae41e4649b934ca495991b7852b855
semantic/W4_Q04/STRUCT/w4_avg_002	456	4b6e84d154fb8ec750761040ed1e1007ab9842800bd35a9fc9c90c9a222fe56d
semantic/W4_Q04/STRUCT/w4_avg_002.desc	24	54209826f53cf131f0be2820f7a13a41d0f27b928e927e0ed50eafaba7486cfb
semantic/W4_Q04/STRUCT/w4_avg_002.meta	26	d0c6cc511d9efab254a1f7de1592685ca3d77bcd3c9d27fee6f1383d9d334179
semantic/W4_Q04/STRUCT/w4_avg_002.shadow	0	e3b0c44298fc1c149afbf4c8996fb92427ae41e4649b934ca495991b7852b855
semantic/W4_Q04/STRUCT/w4_avg_003	456	4b6e84d154fb8ec750761040ed1e1007ab9842800bd35a9fc9c90c9a222fe56d
semantic/W4_Q04/STRUCT/w4_avg_003.desc	24	2a79925232fcb4dfdc8f26f6d3841bf9ea295b4574124d206ab36d806b71915b
semantic/W4_Q04/STRUCT/w4_avg_003.meta	26	2f1bdaf82b742bae9595ad5be38e85147b00767d6ed29d7403e357561c5753b2
semantic/W4_Q04/STRUCT/w4_avg_003.shadow	0	e3b0c44298fc1c149afbf4c8996fb92427ae41e4649b934ca495991b7852b855
semantic/W4_Q04/STRUCT/w4_out_000	576	db914d13d5437de21a5752c8f47b8ec7170b7e9ca789139de50e2cc924d8f9a1
semantic/W4_Q04/STRUCT/w4_out_000.desc	17	108c7a9f011f52dada1fca907b8925712d2f1c57a40c6e26c9930be62d5f01fd
semantic/W4_Q04/STRUCT/w4_out_000.meta	26	26b56db43f8cb411fcc395fe1f55587b870ce992ced796e42b45188ea35f6c92
semantic/W4_Q04/STRUCT/w4_out_000.shadow	0	e3b0c44298fc1c149afbf4c8996fb92427ae41e4649b934ca495991b7852b855
semantic/W4_Q04/STRUCT/w4_out_001	576	db914d13d5437de21a5752c8f47b8ec7170b7e9ca789139de50e2cc924d8f9a1
semantic/W4_Q04/STRUCT/w4_out_001.desc	17	108c7a9f011f52dada1fca907b8925712d2f1c57a40c6e26c9930be62d5f01fd
semantic/W4_Q04/STRUCT/w4_out_001.meta	26	24b8d988cf99c53698d77a76164a4e189d6e438dabb6840fb54eec9b4fe47ce0
semantic/W4_Q04/STRUCT/w4_out_001.shadow	0	e3b0c44298fc1c149afbf4c8996fb92427ae41e4649b934ca495991b7852b855
semantic/W4_Q04/STRUCT/w4_out_002	576	db914d13d5437de21a5752c8f47b8ec7170b7e9ca789139de50e2cc924d8f9a1
semantic/W4_Q04/STRUCT/w4_out_002.desc	17	108c7a9f011f52dada1fca907b8925712d2f1c57a40c6e26c9930be62d5f01fd
semantic/W4_Q04/STRUCT/w4_out_002.meta	26	af5df91b99533e8c2efd08f269a96c769100de70a60ca2d455a7ef7a695de9ce
semantic/W4_Q04/STRUCT/w4_out_002.shadow	0	e3b0c44298fc1c149afbf4c8996fb92427ae41e4649b934ca495991b7852b855
semantic/W4_Q04/STRUCT/w4_out_003	576	db914d13d5437de21a5752c8f47b8ec7170b7e9ca789139de50e2cc924d8f9a1
semantic/W4_Q04/STRUCT/w4_out_003.desc	17	108c7a9f011f52dada1fca907b8925712d2f1c57a40c6e26c9930be62d5f01fd
semantic/W4_Q04/STRUCT/w4_out_003.meta	26	5d8f8ff847f8c5408b441d3098ed8bb8c801f21d43ad03e9e5e630a50118512e
semantic/W4_Q04/STRUCT/w4_out_003.shadow	0	e3b0c44298fc1c149afbf4c8996fb92427ae41e4649b934ca495991b7852b855
semantic/W4_Q04/STRUCT/w4_p_000	576	db914d13d5437de21a5752c8f47b8ec7170b7e9ca789139de50e2cc924d8f9a1
semantic/W4_Q04/STRUCT/w4_p_000.desc	22	deca89418af4636c9c780a99ecd62c80178ffc4570c986a251968fd73ae9f9d7
semantic/W4_Q04/STRUCT/w4_p_000.meta	26	a006cd5b029956eeb94cd907d163559ca1fc878f33e319cea66f4ac07993657b
semantic/W4_Q04/STRUCT/w4_p_000.shadow	0	e3b0c44298fc1c149afbf4c8996fb92427ae41e4649b934ca495991b7852b855
semantic/W4_Q04/STRUCT/w4_p_001	576	db914d13d5437de21a5752c8f47b8ec7170b7e9ca789139de50e2cc924d8f9a1
semantic/W4_Q04/STRUCT/w4_p_001.desc	22	e95a96590cfe1e614bb1a8d1535cb3f15e9c2033e317f02939e9cc4ca754c5f2
semantic/W4_Q04/STRUCT/w4_p_001.meta	26	02b6ddb196f8b8e8c5847fbf0097aa11fc71e8e545fa4020c04f2b2e81caf7be
semantic/W4_Q04/STRUCT/w4_p_001.shadow	0	e3b0c44298fc1c149afbf4c8996fb92427ae41e4649b934ca495991b7852b855
semantic/W4_Q04/STRUCT/w4_p_002	576	db914d13d5437de21a5752c8f47b8ec7170b7e9ca789139de50e2cc924d8f9a1
semantic/W4_Q04/STRUCT/w4_p_002.desc	22	a637f771fd0ea18cd39c01e7c0a078d7a57a46c4715adbd5128aac2b41841170
semantic/W4_Q04/STRUCT/w4_p_002.meta	26	11b851a618824d021ef996f2c9b1e631c0720d4a364416b5d5018c2dd7c3a1e2
semantic/W4_Q04/STRUCT/w4_p_002.shadow	0	e3b0c44298fc1c149afbf4c8996fb92427ae41e4649b934ca495991b7852b855
semantic/W4_Q04/STRUCT/w4_p_003	576	db914d13d5437de21a5752c8f47b8ec7170b7e9ca789139de50e2cc924d8f9a1
semantic/W4_Q04/STRUCT/w4_p_003.desc	22	c4d6651520166192cbde8877093298e69e69bb2a737d041d0362d1a0f39edf48
semantic/W4_Q04/STRUCT/w4_p_003.meta	26	dee7d65dab7190e31391c1ba6c6d7f2cc0185ad8f3f57feabab88384ef3f1eb8
semantic/W4_Q04/STRUCT/w4_p_003.shadow	0	e3b0c44298fc1c149afbf4c8996fb92427ae41e4649b934ca495991b7852b855
semantic/W4_Q04/STRUCT/w4_win_000	13680	87e2a416b2849deb4586f62664e469bff9a6e8435b891ab850684eb3c3fc3167
semantic/W4_Q04/STRUCT/w4_win_000.desc	622	86a39a257b6a8ff4c051487b58fdef89d996f2b00986d427f64468df66a09edb
semantic/W4_Q04/STRUCT/w4_win_000.meta	29	640bcf267afadd88a58f653640112829c18ebb8664efe7e5733649cd2527efab
semantic/W4_Q04/STRUCT/w4_win_000.shadow	0	e3b0c44298fc1c149afbf4c8996fb92427ae41e4649b934ca495991b7852b855
semantic/W4_Q04/STRUCT/w4_win_001	13680	87e2a416b2849deb4586f62664e469bff9a6e8435b891ab850684eb3c3fc3167
semantic/W4_Q04/STRUCT/w4_win_001.desc	622	141a3a9f520cca1530e055eff448ec71ef72ac5a67cc3c841b3b4f510a10a150
semantic/W4_Q04/STRUCT/w4_win_001.meta	29	f658ff1cf5fc53d3f8194c8aa1511230b77b78101628da5b692928a2fafb6ed9
semantic/W4_Q04/STRUCT/w4_win_001.shadow	0	e3b0c44298fc1c149afbf4c8996fb92427ae41e4649b934ca495991b7852b855
semantic/W4_Q04/STRUCT/w4_win_002	13680	87e2a416b2849deb4586f62664e469bff9a6e8435b891ab850684eb3c3fc3167
semantic/W4_Q04/STRUCT/w4_win_002.desc	622	68d40584b8dff9638fbe906d53bed5e7fcdd7b29ef5d9fcb221b4af51f206d55
semantic/W4_Q04/STRUCT/w4_win_002.meta	29	0fd83bad3e6a7073e53c8ef72d207508ba62b94a8dfcedf777c3c97d6824c9dd
semantic/W4_Q04/STRUCT/w4_win_002.shadow	0	e3b0c44298fc1c149afbf4c8996fb92427ae41e4649b934ca495991b7852b855
semantic/W4_Q04/STRUCT/w4_win_003	13680	87e2a416b2849deb4586f62664e469bff9a6e8435b891ab850684eb3c3fc3167
semantic/W4_Q04/STRUCT/w4_win_003.desc	622	1db4154960605772cf4a54909b602f4730d898ce7a07ea6ba23cc129c45e6871
semantic/W4_Q04/STRUCT/w4_win_003.meta	29	91b18cd13a87fdfc7a8ae90e00899a3c81b1b266a9ad10291e31a723b82bd490
semantic/W4_Q04/STRUCT/w4_win_003.shadow	0	e3b0c44298fc1c149afbf4c8996fb92427ae41e4649b934ca495991b7852b855
semantic/W4_Q08/ALGSTRUCT/A.desc	47	5787acced769f970ba7f750893bcaa9b5561a220ea42b224db71f7abd71c4dfa
semantic/W4_Q08/ALGSTRUCT/B.desc	47	f8f7b0f4c2423653c82e5af23efa0ea0d5e86fb7f932478b7f092ba3faf1a909
semantic/W4_Q08/ALGSTRUCT/STREAM_HASH_A_B.desc	43	91fa2aec6956910a282e26f8f428ec61448ae55aa3da815f9b270b5f0c8c0033
semantic/W4_Q08/ALGSTRUCT/STREAM_HASH_A_B.meta	26	a2e2e2d4e90ddfda56c1f827a882fae74deb43297d8824c909c91526e852785a
semantic/W4_Q08/ALGSTRUCT/w4_avg_000	456	4b6e84d154fb8ec750761040ed1e1007ab9842800bd35a9fc9c90c9a222fe56d
semantic/W4_Q08/ALGSTRUCT/w4_avg_000.desc	24	d82cc3bf56052e5f5425dbfc028af862adf0d8f351f32e9592c1cac70691187e
semantic/W4_Q08/ALGSTRUCT/w4_avg_000.meta	26	818e345e3bfddbd5c480da0ed7396dd69e981613d722a4001eedc76bf6f8cb83
semantic/W4_Q08/ALGSTRUCT/w4_avg_000.shadow	0	e3b0c44298fc1c149afbf4c8996fb92427ae41e4649b934ca495991b7852b855
semantic/W4_Q08/ALGSTRUCT/w4_avg_001	456	4b6e84d154fb8ec750761040ed1e1007ab9842800bd35a9fc9c90c9a222fe56d
semantic/W4_Q08/ALGSTRUCT/w4_avg_001.desc	24	6271206be67b85e268ce5c407efd73220641e0b9ac74a1137753d8f046dc4227
semantic/W4_Q08/ALGSTRUCT/w4_avg_001.meta	26	2fb2ee39cbea8edfb345f64ea95f1b9435f7c29020651d2527d489764df1db55
semantic/W4_Q08/ALGSTRUCT/w4_avg_001.shadow	0	e3b0c44298fc1c149afbf4c8996fb92427ae41e4649b934ca495991b7852b855
semantic/W4_Q08/ALGSTRUCT/w4_avg_002	456	4b6e84d154fb8ec750761040ed1e1007ab9842800bd35a9fc9c90c9a222fe56d
semantic/W4_Q08/ALGSTRUCT/w4_avg_002.desc	24	54209826f53cf131f0be2820f7a13a41d0f27b928e927e0ed50eafaba7486cfb
semantic/W4_Q08/ALGSTRUCT/w4_avg_002.meta	26	01723edb58124c104ceff0e280410b3ad26f2e6cbc0a49439876c9dea97506ff
semantic/W4_Q08/ALGSTRUCT/w4_avg_002.shadow	0	e3b0c44298fc1c149afbf4c8996fb92427ae41e4649b934ca495991b7852b855
semantic/W4_Q08/ALGSTRUCT/w4_avg_003	456	4b6e84d154fb8ec750761040ed1e1007ab9842800bd35a9fc9c90c9a222fe56d
semantic/W4_Q08/ALGSTRUCT/w4_avg_003.desc	24	2a79925232fcb4dfdc8f26f6d3841bf9ea295b4574124d206ab36d806b71915b
semantic/W4_Q08/ALGSTRUCT/w4_avg_003.meta	26	86572fc51935480c0d82f3b82386ce04f00c03c9de6f582d53819d6934ab01b9
semantic/W4_Q08/ALGSTRUCT/w4_avg_003.shadow	0	e3b0c44298fc1c149afbf4c8996fb92427ae41e4649b934ca495991b7852b855
semantic/W4_Q08/ALGSTRUCT/w4_avg_004	456	4b6e84d154fb8ec750761040ed1e1007ab9842800bd35a9fc9c90c9a222fe56d
semantic/W4_Q08/ALGSTRUCT/w4_avg_004.desc	24	c6d864c93e0d37217049c995ca1ff38ece8f2e5335f7c05ba27158a6c4ba0e55
semantic/W4_Q08/ALGSTRUCT/w4_avg_004.meta	26	0f14fadb23b2600b5d6eb0964a329528174a99a42fdb892eeca2cd693c300020
semantic/W4_Q08/ALGSTRUCT/w4_avg_004.shadow	0	e3b0c44298fc1c149afbf4c8996fb92427ae41e4649b934ca495991b7852b855
semantic/W4_Q08/ALGSTRUCT/w4_avg_005	456	4b6e84d154fb8ec750761040ed1e1007ab9842800bd35a9fc9c90c9a222fe56d
semantic/W4_Q08/ALGSTRUCT/w4_avg_005.desc	24	2d92c47be25d87ab22052dc929d20629f4890e5cb484f497f9e69ca540e4a6c2
semantic/W4_Q08/ALGSTRUCT/w4_avg_005.meta	26	5e4365588033830fddf4d3ffa0822ea97cd6efb41963392aab27c4a7213f5194
semantic/W4_Q08/ALGSTRUCT/w4_avg_005.shadow	0	e3b0c44298fc1c149afbf4c8996fb92427ae41e4649b934ca495991b7852b855
semantic/W4_Q08/ALGSTRUCT/w4_avg_006	456	4b6e84d154fb8ec750761040ed1e1007ab9842800bd35a9fc9c90c9a222fe56d
semantic/W4_Q08/ALGSTRUCT/w4_avg_006.desc	24	ba3d9fe0278ef1f56664ebdcc57c9dde8c6a1e2321b26d3cc905fb6080c769ca
semantic/W4_Q08/ALGSTRUCT/w4_avg_006.meta	26	bfb05dc67045dc432029fccb49e53f518868747fc7e609a6f5758bff540556c7
semantic/W4_Q08/ALGSTRUCT/w4_avg_006.shadow	0	e3b0c44298fc1c149afbf4c8996fb92427ae41e4649b934ca495991b7852b855
semantic/W4_Q08/ALGSTRUCT/w4_avg_007	456	4b6e84d154fb8ec750761040ed1e1007ab9842800bd35a9fc9c90c9a222fe56d
semantic/W4_Q08/ALGSTRUCT/w4_avg_007.desc	24	d8cf14191552fb84a13cc14ac62c408652f6ba7e88cc45ef5690d671a75de164
semantic/W4_Q08/ALGSTRUCT/w4_avg_007.meta	26	627a850a26dc5d445770e6528b96d53ef4207b292fedb7a84096f4753cb1ab4e
semantic/W4_Q08/ALGSTRUCT/w4_avg_007.shadow	0	e3b0c44298fc1c149afbf4c8996fb92427ae41e4649b934ca495991b7852b855
semantic/W4_Q08/ALGSTRUCT/w4_out_000	576	db914d13d5437de21a5752c8f47b8ec7170b7e9ca789139de50e2cc924d8f9a1
semantic/W4_Q08/ALGSTRUCT/w4_out_000.desc	17	108c7a9f011f52dada1fca907b8925712d2f1c57a40c6e26c9930be62d5f01fd
semantic/W4_Q08/ALGSTRUCT/w4_out_000.meta	26	69040a6c48cbd6c563d72e1f6995400c34c3a07d91a9de063618536005c427b2
semantic/W4_Q08/ALGSTRUCT/w4_out_000.shadow	0	e3b0c44298fc1c149afbf4c8996fb92427ae41e4649b934ca495991b7852b855
semantic/W4_Q08/ALGSTRUCT/w4_out_001	576	db914d13d5437de21a5752c8f47b8ec7170b7e9ca789139de50e2cc924d8f9a1
semantic/W4_Q08/ALGSTRUCT/w4_out_001.desc	17	108c7a9f011f52dada1fca907b8925712d2f1c57a40c6e26c9930be62d5f01fd
semantic/W4_Q08/ALGSTRUCT/w4_out_001.meta	26	c26827aa934f3b48a41d2c51721b9f33f2db0ea404d8b7752480e727f27d4eaa
semantic/W4_Q08/ALGSTRUCT/w4_out_001.shadow	0	e3b0c44298fc1c149afbf4c8996fb92427ae41e4649b934ca495991b7852b855
semantic/W4_Q08/ALGSTRUCT/w4_out_002	576	db914d13d5437de21a5752c8f47b8ec7170b7e9ca789139de50e2cc924d8f9a1
semantic/W4_Q08/ALGSTRUCT/w4_out_002.desc	17	108c7a9f011f52dada1fca907b8925712d2f1c57a40c6e26c9930be62d5f01fd
semantic/W4_Q08/ALGSTRUCT/w4_out_002.meta	26	5f27875ee5e3b429d496c3214cd5778aa527e4b9668bf61483bee6356c934f81
semantic/W4_Q08/ALGSTRUCT/w4_out_002.shadow	0	e3b0c44298fc1c149afbf4c8996fb92427ae41e4649b934ca495991b7852b855
semantic/W4_Q08/ALGSTRUCT/w4_out_003	576	db914d13d5437de21a5752c8f47b8ec7170b7e9ca789139de50e2cc924d8f9a1
semantic/W4_Q08/ALGSTRUCT/w4_out_003.desc	17	108c7a9f011f52dada1fca907b8925712d2f1c57a40c6e26c9930be62d5f01fd
semantic/W4_Q08/ALGSTRUCT/w4_out_003.meta	26	6e85866df637bc0623d4e0035a616835089d733591d3b19e67a0291ff7ca7ce3
semantic/W4_Q08/ALGSTRUCT/w4_out_003.shadow	0	e3b0c44298fc1c149afbf4c8996fb92427ae41e4649b934ca495991b7852b855
semantic/W4_Q08/ALGSTRUCT/w4_out_004	576	db914d13d5437de21a5752c8f47b8ec7170b7e9ca789139de50e2cc924d8f9a1
semantic/W4_Q08/ALGSTRUCT/w4_out_004.desc	17	108c7a9f011f52dada1fca907b8925712d2f1c57a40c6e26c9930be62d5f01fd
semantic/W4_Q08/ALGSTRUCT/w4_out_004.meta	26	c4cb00a0d3e2dac74f53c23aa4e03f14ac2e171e9bee6980b3078969e70c69ef
semantic/W4_Q08/ALGSTRUCT/w4_out_004.shadow	0	e3b0c44298fc1c149afbf4c8996fb92427ae41e4649b934ca495991b7852b855
semantic/W4_Q08/ALGSTRUCT/w4_out_005	576	db914d13d5437de21a5752c8f47b8ec7170b7e9ca789139de50e2cc924d8f9a1
semantic/W4_Q08/ALGSTRUCT/w4_out_005.desc	17	108c7a9f011f52dada1fca907b8925712d2f1c57a40c6e26c9930be62d5f01fd
semantic/W4_Q08/ALGSTRUCT/w4_out_005.meta	26	2d3cb0c6d96c5395a2d1234303f0e6e22dae73e3969c72aa10133fe0f6406070
semantic/W4_Q08/ALGSTRUCT/w4_out_005.shadow	0	e3b0c44298fc1c149afbf4c8996fb92427ae41e4649b934ca495991b7852b855
semantic/W4_Q08/ALGSTRUCT/w4_out_006	576	db914d13d5437de21a5752c8f47b8ec7170b7e9ca789139de50e2cc924d8f9a1
semantic/W4_Q08/ALGSTRUCT/w4_out_006.desc	17	108c7a9f011f52dada1fca907b8925712d2f1c57a40c6e26c9930be62d5f01fd
semantic/W4_Q08/ALGSTRUCT/w4_out_006.meta	26	1984f033b38839cc5ac55674ee743c24238a1e339b8181d0b480909ae365723b
semantic/W4_Q08/ALGSTRUCT/w4_out_006.shadow	0	e3b0c44298fc1c149afbf4c8996fb92427ae41e4649b934ca495991b7852b855
semantic/W4_Q08/ALGSTRUCT/w4_out_007	576	db914d13d5437de21a5752c8f47b8ec7170b7e9ca789139de50e2cc924d8f9a1
semantic/W4_Q08/ALGSTRUCT/w4_out_007.desc	17	108c7a9f011f52dada1fca907b8925712d2f1c57a40c6e26c9930be62d5f01fd
semantic/W4_Q08/ALGSTRUCT/w4_out_007.meta	26	b68ee71f2d620a57a9bfc7d88dbb4239af81241169ca8583e7fb3967400bc2f6
semantic/W4_Q08/ALGSTRUCT/w4_out_007.shadow	0	e3b0c44298fc1c149afbf4c8996fb92427ae41e4649b934ca495991b7852b855
semantic/W4_Q08/ALGSTRUCT/w4_p_000	576	db914d13d5437de21a5752c8f47b8ec7170b7e9ca789139de50e2cc924d8f9a1
semantic/W4_Q08/ALGSTRUCT/w4_p_000.desc	22	deca89418af4636c9c780a99ecd62c80178ffc4570c986a251968fd73ae9f9d7
semantic/W4_Q08/ALGSTRUCT/w4_p_000.meta	26	0d0daa29fd4d54bcd89bc72050eb59395c43871c0c97792da32c274503ca08e8
semantic/W4_Q08/ALGSTRUCT/w4_p_000.shadow	0	e3b0c44298fc1c149afbf4c8996fb92427ae41e4649b934ca495991b7852b855
semantic/W4_Q08/ALGSTRUCT/w4_p_001	576	db914d13d5437de21a5752c8f47b8ec7170b7e9ca789139de50e2cc924d8f9a1
semantic/W4_Q08/ALGSTRUCT/w4_p_001.desc	22	e95a96590cfe1e614bb1a8d1535cb3f15e9c2033e317f02939e9cc4ca754c5f2
semantic/W4_Q08/ALGSTRUCT/w4_p_001.meta	26	528c27504661404b740b60d34b8e78ed8fac581b4b6ca92c13c4bac63c67144e
semantic/W4_Q08/ALGSTRUCT/w4_p_001.shadow	0	e3b0c44298fc1c149afbf4c8996fb92427ae41e4649b934ca495991b7852b855
semantic/W4_Q08/ALGSTRUCT/w4_p_002	576	db914d13d5437de21a5752c8f47b8ec7170b7e9ca789139de50e2cc924d8f9a1
semantic/W4_Q08/ALGSTRUCT/w4_p_002.desc	22	a637f771fd0ea18cd39c01e7c0a078d7a57a46c4715adbd5128aac2b41841170
semantic/W4_Q08/ALGSTRUCT/w4_p_002.meta	26	c9156c7e8801bf59363bc74a80016ac1b6b7facc747203a1d01301447be256c4
semantic/W4_Q08/ALGSTRUCT/w4_p_002.shadow	0	e3b0c44298fc1c149afbf4c8996fb92427ae41e4649b934ca495991b7852b855
semantic/W4_Q08/ALGSTRUCT/w4_p_003	576	db914d13d5437de21a5752c8f47b8ec7170b7e9ca789139de50e2cc924d8f9a1
semantic/W4_Q08/ALGSTRUCT/w4_p_003.desc	22	c4d6651520166192cbde8877093298e69e69bb2a737d041d0362d1a0f39edf48
semantic/W4_Q08/ALGSTRUCT/w4_p_003.meta	26	99443f27043b0cbc7a0525b966b11e3e8a7f60a03072e7a24a9cb86ce07b9f4d
semantic/W4_Q08/ALGSTRUCT/w4_p_003.shadow	0	e3b0c44298fc1c149afbf4c8996fb92427ae41e4649b934ca495991b7852b855
semantic/W4_Q08/ALGSTRUCT/w4_p_004	576	db914d13d5437de21a5752c8f47b8ec7170b7e9ca789139de50e2cc924d8f9a1
semantic/W4_Q08/ALGSTRUCT/w4_p_004.desc	22	24795787ade910e615d4b928695a12d3fda8d1a36052778ab10a6cc08a1fcd73
semantic/W4_Q08/ALGSTRUCT/w4_p_004.meta	26	a6afbd3c849c7e2aac51fb25e69d9aed3a48c1403be49f95f556e4ba177cdea4
semantic/W4_Q08/ALGSTRUCT/w4_p_004.shadow	0	e3b0c44298fc1c149afbf4c8996fb92427ae41e4649b934ca495991b7852b855
semantic/W4_Q08/ALGSTRUCT/w4_p_005	576	db914d13d5437de21a5752c8f47b8ec7170b7e9ca789139de50e2cc924d8f9a1
semantic/W4_Q08/ALGSTRUCT/w4_p_005.desc	22	88b73c5e457227c4e85cbe49553ca3b51da6068e75d8a7f3d92e5f5219499989
semantic/W4_Q08/ALGSTRUCT/w4_p_005.meta	26	fbb2fc5684758e1b265c4fee2450228fc75a74a31d87939c1e4b11df92057e23
semantic/W4_Q08/ALGSTRUCT/w4_p_005.shadow	0	e3b0c44298fc1c149afbf4c8996fb92427ae41e4649b934ca495991b7852b855
semantic/W4_Q08/ALGSTRUCT/w4_p_006	576	db914d13d5437de21a5752c8f47b8ec7170b7e9ca789139de50e2cc924d8f9a1
semantic/W4_Q08/ALGSTRUCT/w4_p_006.desc	22	d383f9024f26c70d348bccc66c1a20b5b0b1c3c406b8f02ce9d32e37d0d6de53
semantic/W4_Q08/ALGSTRUCT/w4_p_006.meta	26	6793eeed13f62623e1939902ec5afd6f513b5d0bc64830df930b9a211611a4b3
semantic/W4_Q08/ALGSTRUCT/w4_p_006.shadow	0	e3b0c44298fc1c149afbf4c8996fb92427ae41e4649b934ca495991b7852b855
semantic/W4_Q08/ALGSTRUCT/w4_p_007	576	db914d13d5437de21a5752c8f47b8ec7170b7e9ca789139de50e2cc924d8f9a1
semantic/W4_Q08/ALGSTRUCT/w4_p_007.desc	22	a8c8e13c52ee4c51e4acafcb5a151a493833c01771ee4a23be16ab4ae894a052
semantic/W4_Q08/ALGSTRUCT/w4_p_007.meta	26	69cfe75ef20d0407c067b4b901a03dbe6af27d08e46e27129137bbb1f7d74918
semantic/W4_Q08/ALGSTRUCT/w4_p_007.shadow	0	e3b0c44298fc1c149afbf4c8996fb92427ae41e4649b934ca495991b7852b855
semantic/W4_Q08/ALGSTRUCT/w4_win_000	13680	87e2a416b2849deb4586f62664e469bff9a6e8435b891ab850684eb3c3fc3167
semantic/W4_Q08/ALGSTRUCT/w4_win_000.desc	622	86a39a257b6a8ff4c051487b58fdef89d996f2b00986d427f64468df66a09edb
semantic/W4_Q08/ALGSTRUCT/w4_win_000.meta	29	eb8ab7778b7108ad72af09e1cce5f8dd86d74ce793007c7cbfcbabe9b44bef40
semantic/W4_Q08/ALGSTRUCT/w4_win_000.shadow	0	e3b0c44298fc1c149afbf4c8996fb92427ae41e4649b934ca495991b7852b855
semantic/W4_Q08/ALGSTRUCT/w4_win_001	13680	87e2a416b2849deb4586f62664e469bff9a6e8435b891ab850684eb3c3fc3167
semantic/W4_Q08/ALGSTRUCT/w4_win_001.desc	622	141a3a9f520cca1530e055eff448ec71ef72ac5a67cc3c841b3b4f510a10a150
semantic/W4_Q08/ALGSTRUCT/w4_win_001.meta	29	d5f513117ce9744ed6b430b885f6a5357c1ccfa4533ae48fd81d932173846c72
semantic/W4_Q08/ALGSTRUCT/w4_win_001.shadow	0	e3b0c44298fc1c149afbf4c8996fb92427ae41e4649b934ca495991b7852b855
semantic/W4_Q08/ALGSTRUCT/w4_win_002	13680	87e2a416b2849deb4586f62664e469bff9a6e8435b891ab850684eb3c3fc3167
semantic/W4_Q08/ALGSTRUCT/w4_win_002.desc	622	68d40584b8dff9638fbe906d53bed5e7fcdd7b29ef5d9fcb221b4af51f206d55
semantic/W4_Q08/ALGSTRUCT/w4_win_002.meta	29	641036b30a5d9d821ed1ebe3d45b67fd947d39683dec4221e7d14507ca893d18
semantic/W4_Q08/ALGSTRUCT/w4_win_002.shadow	0	e3b0c44298fc1c149afbf4c8996fb92427ae41e4649b934ca495991b7852b855
semantic/W4_Q08/ALGSTRUCT/w4_win_003	13680	87e2a416b2849deb4586f62664e469bff9a6e8435b891ab850684eb3c3fc3167
semantic/W4_Q08/ALGSTRUCT/w4_win_003.desc	622	1db4154960605772cf4a54909b602f4730d898ce7a07ea6ba23cc129c45e6871
semantic/W4_Q08/ALGSTRUCT/w4_win_003.meta	29	ca8f17070b90a2aab1bac7d35df135fc00d32072507ee231649a5347004f31b1
semantic/W4_Q08/ALGSTRUCT/w4_win_003.shadow	0	e3b0c44298fc1c149afbf4c8996fb92427ae41e4649b934ca495991b7852b855
semantic/W4_Q08/ALGSTRUCT/w4_win_004	13680	87e2a416b2849deb4586f62664e469bff9a6e8435b891ab850684eb3c3fc3167
semantic/W4_Q08/ALGSTRUCT/w4_win_004.desc	622	f8243fd7ac703d8ce1daaa831f7c039d6d9a659c97a2d1a316b2bfe3a1a15a2f
semantic/W4_Q08/ALGSTRUCT/w4_win_004.meta	29	8dc0d87d420c923eb5c416cfc6ace06c4f82e3b6b24927b58973c7dcd0063e40
semantic/W4_Q08/ALGSTRUCT/w4_win_004.shadow	0	e3b0c44298fc1c149afbf4c8996fb92427ae41e4649b934ca495991b7852b855
semantic/W4_Q08/ALGSTRUCT/w4_win_005	13680	87e2a416b2849deb4586f62664e469bff9a6e8435b891ab850684eb3c3fc3167
semantic/W4_Q08/ALGSTRUCT/w4_win_005.desc	622	c11b646d3b4dc705b533c4e0c29019338ecd233b3fa6dd5faef901423b3dcbe0
semantic/W4_Q08/ALGSTRUCT/w4_win_005.meta	29	279f495b5df383d6e81227c4561c5ccbda05abb979ee953c90c7ed974aefc6dc
semantic/W4_Q08/ALGSTRUCT/w4_win_005.shadow	0	e3b0c44298fc1c149afbf4c8996fb92427ae41e4649b934ca495991b7852b855
semantic/W4_Q08/ALGSTRUCT/w4_win_006	13680	87e2a416b2849deb4586f62664e469bff9a6e8435b891ab850684eb3c3fc3167
semantic/W4_Q08/ALGSTRUCT/w4_win_006.desc	622	b5dc2340517ac512ed5a7dc3753dc0fb9182f6069592d403cbb0d6799af7da3b
semantic/W4_Q08/ALGSTRUCT/w4_win_006.meta	29	db4b29a2cd0ca203890c5b7473cbe5003295c29e2fb081cde517fa03c24e87ec
semantic/W4_Q08/ALGSTRUCT/w4_win_006.shadow	0	e3b0c44298fc1c149afbf4c8996fb92427ae41e4649b934ca495991b7852b855
semantic/W4_Q08/ALGSTRUCT/w4_win_007	13680	87e2a416b2849deb4586f62664e469bff9a6e8435b891ab850684eb3c3fc3167
semantic/W4_Q08/ALGSTRUCT/w4_win_007.desc	622	9dbabfe85c04bcb4aa3e745859dceef6c3a0254bb935c77e2bbbfb07e27647f5
semantic/W4_Q08/ALGSTRUCT/w4_win_007.meta	29	6bfb11cfc1fbe5e87f382abf017aacf4fd14e091569a72ad378c99ede0247381
semantic/W4_Q08/ALGSTRUCT/w4_win_007.shadow	0	e3b0c44298fc1c149afbf4c8996fb92427ae41e4649b934ca495991b7852b855
semantic/W4_Q08/STRUCT/A.desc	47	5787acced769f970ba7f750893bcaa9b5561a220ea42b224db71f7abd71c4dfa
semantic/W4_Q08/STRUCT/B.desc	47	f8f7b0f4c2423653c82e5af23efa0ea0d5e86fb7f932478b7f092ba3faf1a909
semantic/W4_Q08/STRUCT/STREAM_TIMEMOVE_A.desc	43	91fa2aec6956910a282e26f8f428ec61448ae55aa3da815f9b270b5f0c8c0033
semantic/W4_Q08/STRUCT/STREAM_TIMEMOVE_A.meta	26	e5a172900fb42e317fa85dde83871314a8e5da9f8311c9f0e4ada2318c855604
semantic/W4_Q08/STRUCT/STREAM_TIMEMOVE_B.desc	43	91fa2aec6956910a282e26f8f428ec61448ae55aa3da815f9b270b5f0c8c0033
semantic/W4_Q08/STRUCT/STREAM_TIMEMOVE_B.meta	26	b574b3e91f6db1fc01026a6a6dc603d032c980c1248b4dcb2a35329c25aa58a0
semantic/W4_Q08/STRUCT/w4_avg_000	456	4b6e84d154fb8ec750761040ed1e1007ab9842800bd35a9fc9c90c9a222fe56d
semantic/W4_Q08/STRUCT/w4_avg_000.desc	24	d82cc3bf56052e5f5425dbfc028af862adf0d8f351f32e9592c1cac70691187e
semantic/W4_Q08/STRUCT/w4_avg_000.meta	26	30ca1cdacc99caddca0ee3b30e88c67271b10b53e72f7e87e96305ba0008aa2e
semantic/W4_Q08/STRUCT/w4_avg_000.shadow	0	e3b0c44298fc1c149afbf4c8996fb92427ae41e4649b934ca495991b7852b855
semantic/W4_Q08/STRUCT/w4_avg_001	456	4b6e84d154fb8ec750761040ed1e1007ab9842800bd35a9fc9c90c9a222fe56d
semantic/W4_Q08/STRUCT/w4_avg_001.desc	24	6271206be67b85e268ce5c407efd73220641e0b9ac74a1137753d8f046dc4227
semantic/W4_Q08/STRUCT/w4_avg_001.meta	26	2c5fcf20ce064c1c8ecc81f0d3427ee70f77ba6139bafa2ea2ef2533f39762dd
semantic/W4_Q08/STRUCT/w4_avg_001.shadow	0	e3b0c44298fc1c149afbf4c8996fb92427ae41e4649b934ca495991b7852b855
semantic/W4_Q08/STRUCT/w4_avg_002	456	4b6e84d154fb8ec750761040ed1e1007ab9842800bd35a9fc9c90c9a222fe56d
semantic/W4_Q08/STRUCT/w4_avg_002.desc	24	54209826f53cf131f0be2820f7a13a41d0f27b928e927e0ed50eafaba7486cfb
semantic/W4_Q08/STRUCT/w4_avg_002.meta	26	272cae458a8f250cba598c72f04c48ae2b8401e392125d090e6a65127f0442e9
semantic/W4_Q08/STRUCT/w4_avg_002.shadow	0	e3b0c44298fc1c149afbf4c8996fb92427ae41e4649b934ca495991b7852b855
semantic/W4_Q08/STRUCT/w4_avg_003	456	4b6e84d154fb8ec750761040ed1e1007ab9842800bd35a9fc9c90c9a222fe56d
semantic/W4_Q08/STRUCT/w4_avg_003.desc	24	2a79925232fcb4dfdc8f26f6d3841bf9ea295b4574124d206ab36d806b71915b
semantic/W4_Q08/STRUCT/w4_avg_003.meta	26	cf46c4e1b89b2412596b1e0c4468408660f3999b4b8af34afadad92aa294475b
semantic/W4_Q08/STRUCT/w4_avg_003.shadow	0	e3b0c44298fc1c149afbf4c8996fb92427ae41e4649b934ca495991b7852b855
semantic/W4_Q08/STRUCT/w4_avg_004	456	4b6e84d154fb8ec750761040ed1e1007ab9842800bd35a9fc9c90c9a222fe56d
semantic/W4_Q08/STRUCT/w4_avg_004.desc	24	c6d864c93e0d37217049c995ca1ff38ece8f2e5335f7c05ba27158a6c4ba0e55
semantic/W4_Q08/STRUCT/w4_avg_004.meta	26	285f8422927a0802f5f67bd762d14578a41fd531c2619df056634f8706cc735c
semantic/W4_Q08/STRUCT/w4_avg_004.shadow	0	e3b0c44298fc1c149afbf4c8996fb92427ae41e4649b934ca495991b7852b855
semantic/W4_Q08/STRUCT/w4_avg_005	456	4b6e84d154fb8ec750761040ed1e1007ab9842800bd35a9fc9c90c9a222fe56d
semantic/W4_Q08/STRUCT/w4_avg_005.desc	24	2d92c47be25d87ab22052dc929d20629f4890e5cb484f497f9e69ca540e4a6c2
semantic/W4_Q08/STRUCT/w4_avg_005.meta	26	c3c3ae45b1b99af6eab23e8fb37be9138f633da12720d85e935ae3e176c10ac9
semantic/W4_Q08/STRUCT/w4_avg_005.shadow	0	e3b0c44298fc1c149afbf4c8996fb92427ae41e4649b934ca495991b7852b855
semantic/W4_Q08/STRUCT/w4_avg_006	456	4b6e84d154fb8ec750761040ed1e1007ab9842800bd35a9fc9c90c9a222fe56d
semantic/W4_Q08/STRUCT/w4_avg_006.desc	24	ba3d9fe0278ef1f56664ebdcc57c9dde8c6a1e2321b26d3cc905fb6080c769ca
semantic/W4_Q08/STRUCT/w4_avg_006.meta	26	5e74b1113a1b683699cb940e9ef5aed053b7379b693021cb1949c58ae666c005
semantic/W4_Q08/STRUCT/w4_avg_006.shadow	0	e3b0c44298fc1c149afbf4c8996fb92427ae41e4649b934ca495991b7852b855
semantic/W4_Q08/STRUCT/w4_avg_007	456	4b6e84d154fb8ec750761040ed1e1007ab9842800bd35a9fc9c90c9a222fe56d
semantic/W4_Q08/STRUCT/w4_avg_007.desc	24	d8cf14191552fb84a13cc14ac62c408652f6ba7e88cc45ef5690d671a75de164
semantic/W4_Q08/STRUCT/w4_avg_007.meta	26	ab769fe2ff9c4a594ef1da35987a11442232efef1fc8cedf497738c06225e548
semantic/W4_Q08/STRUCT/w4_avg_007.shadow	0	e3b0c44298fc1c149afbf4c8996fb92427ae41e4649b934ca495991b7852b855
semantic/W4_Q08/STRUCT/w4_out_000	576	db914d13d5437de21a5752c8f47b8ec7170b7e9ca789139de50e2cc924d8f9a1
semantic/W4_Q08/STRUCT/w4_out_000.desc	17	108c7a9f011f52dada1fca907b8925712d2f1c57a40c6e26c9930be62d5f01fd
semantic/W4_Q08/STRUCT/w4_out_000.meta	26	69f5a3679bb53d162e5bd019aba29652b21784bdf21d2c77adadcb510e1b84e5
semantic/W4_Q08/STRUCT/w4_out_000.shadow	0	e3b0c44298fc1c149afbf4c8996fb92427ae41e4649b934ca495991b7852b855
semantic/W4_Q08/STRUCT/w4_out_001	576	db914d13d5437de21a5752c8f47b8ec7170b7e9ca789139de50e2cc924d8f9a1
semantic/W4_Q08/STRUCT/w4_out_001.desc	17	108c7a9f011f52dada1fca907b8925712d2f1c57a40c6e26c9930be62d5f01fd
semantic/W4_Q08/STRUCT/w4_out_001.meta	26	19175cac5ba0939d6acbd7ff755c591357052180f564cfe7e4ae5b08049c8554
semantic/W4_Q08/STRUCT/w4_out_001.shadow	0	e3b0c44298fc1c149afbf4c8996fb92427ae41e4649b934ca495991b7852b855
semantic/W4_Q08/STRUCT/w4_out_002	576	db914d13d5437de21a5752c8f47b8ec7170b7e9ca789139de50e2cc924d8f9a1
semantic/W4_Q08/STRUCT/w4_out_002.desc	17	108c7a9f011f52dada1fca907b8925712d2f1c57a40c6e26c9930be62d5f01fd
semantic/W4_Q08/STRUCT/w4_out_002.meta	26	cff114ffab32722b225b412e4aa823b0547ed929fd95f2200a616c18062cd505
semantic/W4_Q08/STRUCT/w4_out_002.shadow	0	e3b0c44298fc1c149afbf4c8996fb92427ae41e4649b934ca495991b7852b855
semantic/W4_Q08/STRUCT/w4_out_003	576	db914d13d5437de21a5752c8f47b8ec7170b7e9ca789139de50e2cc924d8f9a1
semantic/W4_Q08/STRUCT/w4_out_003.desc	17	108c7a9f011f52dada1fca907b8925712d2f1c57a40c6e26c9930be62d5f01fd
semantic/W4_Q08/STRUCT/w4_out_003.meta	26	ac6987016b1e7eb8c40f03f91899e9c5340925e83745bfcdf921fb0226a031b8
semantic/W4_Q08/STRUCT/w4_out_003.shadow	0	e3b0c44298fc1c149afbf4c8996fb92427ae41e4649b934ca495991b7852b855
semantic/W4_Q08/STRUCT/w4_out_004	576	db914d13d5437de21a5752c8f47b8ec7170b7e9ca789139de50e2cc924d8f9a1
semantic/W4_Q08/STRUCT/w4_out_004.desc	17	108c7a9f011f52dada1fca907b8925712d2f1c57a40c6e26c9930be62d5f01fd
semantic/W4_Q08/STRUCT/w4_out_004.meta	26	847d1eef5d1656a52daee32fd4d01275da383083b4df73d7a06b25526b6ee412
semantic/W4_Q08/STRUCT/w4_out_004.shadow	0	e3b0c44298fc1c149afbf4c8996fb92427ae41e4649b934ca495991b7852b855
semantic/W4_Q08/STRUCT/w4_out_005	576	db914d13d5437de21a5752c8f47b8ec7170b7e9ca789139de50e2cc924d8f9a1
semantic/W4_Q08/STRUCT/w4_out_005.desc	17	108c7a9f011f52dada1fca907b8925712d2f1c57a40c6e26c9930be62d5f01fd
semantic/W4_Q08/STRUCT/w4_out_005.meta	26	a9866cd5edab6d9e97b1ddbd8579118167100fe5113ef1400ae4424ef80f9aea
semantic/W4_Q08/STRUCT/w4_out_005.shadow	0	e3b0c44298fc1c149afbf4c8996fb92427ae41e4649b934ca495991b7852b855
semantic/W4_Q08/STRUCT/w4_out_006	576	db914d13d5437de21a5752c8f47b8ec7170b7e9ca789139de50e2cc924d8f9a1
semantic/W4_Q08/STRUCT/w4_out_006.desc	17	108c7a9f011f52dada1fca907b8925712d2f1c57a40c6e26c9930be62d5f01fd
semantic/W4_Q08/STRUCT/w4_out_006.meta	26	f0b25619336059461beb829b29eaa74b44572cfa64eb8fb889ceb2f8e991f419
semantic/W4_Q08/STRUCT/w4_out_006.shadow	0	e3b0c44298fc1c149afbf4c8996fb92427ae41e4649b934ca495991b7852b855
semantic/W4_Q08/STRUCT/w4_out_007	576	db914d13d5437de21a5752c8f47b8ec7170b7e9ca789139de50e2cc924d8f9a1
semantic/W4_Q08/STRUCT/w4_out_007.desc	17	108c7a9f011f52dada1fca907b8925712d2f1c57a40c6e26c9930be62d5f01fd
semantic/W4_Q08/STRUCT/w4_out_007.meta	26	f09f8ac365f87dd930eb33926b1fe4e78207104173e6610ef6c80b28091fbbf2
semantic/W4_Q08/STRUCT/w4_out_007.shadow	0	e3b0c44298fc1c149afbf4c8996fb92427ae41e4649b934ca495991b7852b855
semantic/W4_Q08/STRUCT/w4_p_000	576	db914d13d5437de21a5752c8f47b8ec7170b7e9ca789139de50e2cc924d8f9a1
semantic/W4_Q08/STRUCT/w4_p_000.desc	22	deca89418af4636c9c780a99ecd62c80178ffc4570c986a251968fd73ae9f9d7
semantic/W4_Q08/STRUCT/w4_p_000.meta	26	e4d0f4ea2dcb4a6f9821e8b15312e1a8d04c7c9fdebfa5e13f66273e9c3d6bf7
semantic/W4_Q08/STRUCT/w4_p_000.shadow	0	e3b0c44298fc1c149afbf4c8996fb92427ae41e4649b934ca495991b7852b855
semantic/W4_Q08/STRUCT/w4_p_001	576	db914d13d5437de21a5752c8f47b8ec7170b7e9ca789139de50e2cc924d8f9a1
semantic/W4_Q08/STRUCT/w4_p_001.desc	22	e95a96590cfe1e614bb1a8d1535cb3f15e9c2033e317f02939e9cc4ca754c5f2
semantic/W4_Q08/STRUCT/w4_p_001.meta	26	b78ef53cb1dc0101bcf9780e5d4485d0359ff078752547ca2bf7aff2436b2ad8
semantic/W4_Q08/STRUCT/w4_p_001.shadow	0	e3b0c44298fc1c149afbf4c8996fb92427ae41e4649b934ca495991b7852b855
semantic/W4_Q08/STRUCT/w4_p_002	576	db914d13d5437de21a5752c8f47b8ec7170b7e9ca789139de50e2cc924d8f9a1
semantic/W4_Q08/STRUCT/w4_p_002.desc	22	a637f771fd0ea18cd39c01e7c0a078d7a57a46c4715adbd5128aac2b41841170
semantic/W4_Q08/STRUCT/w4_p_002.meta	26	8f2d42c233cc3ead7297a84da1822f11d7bb36c948fedc8e1d70208d1bbfde32
semantic/W4_Q08/STRUCT/w4_p_002.shadow	0	e3b0c44298fc1c149afbf4c8996fb92427ae41e4649b934ca495991b7852b855
semantic/W4_Q08/STRUCT/w4_p_003	576	db914d13d5437de21a5752c8f47b8ec7170b7e9ca789139de50e2cc924d8f9a1
semantic/W4_Q08/STRUCT/w4_p_003.desc	22	c4d6651520166192cbde8877093298e69e69bb2a737d041d0362d1a0f39edf48
semantic/W4_Q08/STRUCT/w4_p_003.meta	26	4313b39cfe2ce41d42d19073d3a8b5ed95e9b7c5717e4ae32b5a72414c80fbda
semantic/W4_Q08/STRUCT/w4_p_003.shadow	0	e3b0c44298fc1c149afbf4c8996fb92427ae41e4649b934ca495991b7852b855
semantic/W4_Q08/STRUCT/w4_p_004	576	db914d13d5437de21a5752c8f47b8ec7170b7e9ca789139de50e2cc924d8f9a1
semantic/W4_Q08/STRUCT/w4_p_004.desc	22	24795787ade910e615d4b928695a12d3fda8d1a36052778ab10a6cc08a1fcd73
semantic/W4_Q08/STRUCT/w4_p_004.meta	26	97131099f879a23e10c3c577cd3d594d8d7f5b003c67cbe9bed340da3ef92ff4
semantic/W4_Q08/STRUCT/w4_p_004.shadow	0	e3b0c44298fc1c149afbf4c8996fb92427ae41e4649b934ca495991b7852b855
semantic/W4_Q08/STRUCT/w4_p_005	576	db914d13d5437de21a5752c8f47b8ec7170b7e9ca789139de50e2cc924d8f9a1
semantic/W4_Q08/STRUCT/w4_p_005.desc	22	88b73c5e457227c4e85cbe49553ca3b51da6068e75d8a7f3d92e5f5219499989
semantic/W4_Q08/STRUCT/w4_p_005.meta	26	002ff0424822586462ad1001bca8f97c8d4ef68b716608c6c6b83bac0bad26a6
semantic/W4_Q08/STRUCT/w4_p_005.shadow	0	e3b0c44298fc1c149afbf4c8996fb92427ae41e4649b934ca495991b7852b855
semantic/W4_Q08/STRUCT/w4_p_006	576	db914d13d5437de21a5752c8f47b8ec7170b7e9ca789139de50e2cc924d8f9a1
semantic/W4_Q08/STRUCT/w4_p_006.desc	22	d383f9024f26c70d348bccc66c1a20b5b0b1c3c406b8f02ce9d32e37d0d6de53
semantic/W4_Q08/STRUCT/w4_p_006.meta	26	59e018aa426c2969d84f04c3e76ed59853adfd085f623d394419a71f86541326
semantic/W4_Q08/STRUCT/w4_p_006.shadow	0	e3b0c44298fc1c149afbf4c8996fb92427ae41e4649b934ca495991b7852b855
semantic/W4_Q08/STRUCT/w4_p_007	576	db914d13d5437de21a5752c8f47b8ec7170b7e9ca789139de50e2cc924d8f9a1
semantic/W4_Q08/STRUCT/w4_p_007.desc	22	a8c8e13c52ee4c51e4acafcb5a151a493833c01771ee4a23be16ab4ae894a052
semantic/W4_Q08/STRUCT/w4_p_007.meta	26	ca8d8cd47437f82ce7e08d022bd85f0f63c50eebe2831132b544e1065e01459f
semantic/W4_Q08/STRUCT/w4_p_007.shadow	0	e3b0c44298fc1c149afbf4c8996fb92427ae41e4649b934ca495991b7852b855
semantic/W4_Q08/STRUCT/w4_win_000	13680	87e2a416b2849deb4586f62664e469bff9a6e8435b891ab850684eb3c3fc3167
semantic/W4_Q08/STRUCT/w4_win_000.desc	622	86a39a257b6a8ff4c051487b58fdef89d996f2b00986d427f64468df66a09edb
semantic/W4_Q08/STRUCT/w4_win_000.meta	29	e2f3cad7fe96dcf87f3538d952d9e631cc2616aa2c3a855f7f16501470b518f1
semantic/W4_Q08/STRUCT/w4_win_000.shadow	0	e3b0c44298fc1c149afbf4c8996fb92427ae41e4649b934ca495991b7852b855
semantic/W4_Q08/STRUCT/w4_win_001	13680	87e2a416b2849deb4586f62664e469bff9a6e8435b891ab850684eb3c3fc3167
semantic/W4_Q08/STRUCT/w4_win_001.desc	622	141a3a9f520cca1530e055eff448ec71ef72ac5a67cc3c841b3b4f510a10a150
semantic/W4_Q08/STRUCT/w4_win_001.meta	29	43a35d1a05e4f5620bb11e58dc9a33b10ba0ed52c12f413479145fd18f115ae3
semantic/W4_Q08/STRUCT/w4_win_001.shadow	0	e3b0c44298fc1c149afbf4c8996fb92427ae41e4649b934ca495991b7852b855
semantic/W4_Q08/STRUCT/w4_win_002	13680	87e2a416b2849deb4586f62664e469bff9a6e8435b891ab850684eb3c3fc3167
semantic/W4_Q08/STRUCT/w4_win_002.desc	622	68d40584b8dff9638fbe906d53bed5e7fcdd7b29ef5d9fcb221b4af51f206d55
semantic/W4_Q08/STRUCT/w4_win_002.meta	29	43fda1e1498f1b4c8461347b1722a1359fe4e585d9c3ce6cb1d5301138c13687
semantic/W4_Q08/STRUCT/w4_win_002.shadow	0	e3b0c44298fc1c149afbf4c8996fb92427ae41e4649b934ca495991b7852b855
semantic/W4_Q08/STRUCT/w4_win_003	13680	87e2a416b2849deb4586f62664e469bff9a6e8435b891ab850684eb3c3fc3167
semantic/W4_Q08/STRUCT/w4_win_003.desc	622	1db4154960605772cf4a54909b602f4730d898ce7a07ea6ba23cc129c45e6871
semantic/W4_Q08/STRUCT/w4_win_003.meta	29	bfe16b69260dff9737ee6857faaf95e4e9ca7521af0a759434c4012e205b8183
semantic/W4_Q08/STRUCT/w4_win_003.shadow	0	e3b0c44298fc1c149afbf4c8996fb92427ae41e4649b934ca495991b7852b855
semantic/W4_Q08/STRUCT/w4_win_004	13680	87e2a416b2849deb4586f62664e469bff9a6e8435b891ab850684eb3c3fc3167
semantic/W4_Q08/STRUCT/w4_win_004.desc	622	f8243fd7ac703d8ce1daaa831f7c039d6d9a659c97a2d1a316b2bfe3a1a15a2f
semantic/W4_Q08/STRUCT/w4_win_004.meta	29	552953398bb2065e19479761a55afaa2e78b510654b7154b4a7144cba03ff891
semantic/W4_Q08/STRUCT/w4_win_004.shadow	0	e3b0c44298fc1c149afbf4c8996fb92427ae41e4649b934ca495991b7852b855
semantic/W4_Q08/STRUCT/w4_win_005	13680	87e2a416b2849deb4586f62664e469bff9a6e8435b891ab850684eb3c3fc3167
semantic/W4_Q08/STRUCT/w4_win_005.desc	622	c11b646d3b4dc705b533c4e0c29019338ecd233b3fa6dd5faef901423b3dcbe0
semantic/W4_Q08/STRUCT/w4_win_005.meta	29	11772d0752ce4cb928731c72361cf8026f4a36274121bf1c5a0ae31e3b501e34
semantic/W4_Q08/STRUCT/w4_win_005.shadow	0	e3b0c44298fc1c149afbf4c8996fb92427ae41e4649b934ca495991b7852b855
semantic/W4_Q08/STRUCT/w4_win_006	13680	87e2a416b2849deb4586f62664e469bff9a6e8435b891ab850684eb3c3fc3167
semantic/W4_Q08/STRUCT/w4_win_006.desc	622	b5dc2340517ac512ed5a7dc3753dc0fb9182f6069592d403cbb0d6799af7da3b
semantic/W4_Q08/STRUCT/w4_win_006.meta	29	a794c877265526cf01fb7da56586ac5574fedd27ad564213dd4523d7169cc179
semantic/W4_Q08/STRUCT/w4_win_006.shadow	0	e3b0c44298fc1c149afbf4c8996fb92427ae41e4649b934ca495991b7852b855
semantic/W4_Q08/STRUCT/w4_win_007	13680	87e2a416b2849deb4586f62664e469bff9a6e8435b891ab850684eb3c3fc3167
semantic/W4_Q08/STRUCT/w4_win_007.desc	622	9dbabfe85c04bcb4aa3e745859dceef6c3a0254bb935c77e2bbbfb07e27647f5
semantic/W4_Q08/STRUCT/w4_win_007.meta	29	b2ba33e154afdf9b1ebbc90839162fee0caf20bede1724dc5a8592b1de83c4b0
semantic/W4_Q08/STRUCT/w4_win_007.shadow	0	e3b0c44298fc1c149afbf4c8996fb92427ae41e4649b934ca495991b7852b855
semantic/W4_Q16/ALGSTRUCT/A.desc	47	5787acced769f970ba7f750893bcaa9b5561a220ea42b224db71f7abd71c4dfa
semantic/W4_Q16/ALGSTRUCT/B.desc	47	f8f7b0f4c2423653c82e5af23efa0ea0d5e86fb7f932478b7f092ba3faf1a909
semantic/W4_Q16/ALGSTRUCT/STREAM_HASH_A_B.desc	43	91fa2aec6956910a282e26f8f428ec61448ae55aa3da815f9b270b5f0c8c0033
semantic/W4_Q16/ALGSTRUCT/STREAM_HASH_A_B.meta	26	435e943243e36d356b9f897b2cb7921806f6d0553ed5fad55a888a8b9e85c94b
semantic/W4_Q16/ALGSTRUCT/w4_avg_000	456	4b6e84d154fb8ec750761040ed1e1007ab9842800bd35a9fc9c90c9a222fe56d
semantic/W4_Q16/ALGSTRUCT/w4_avg_000.desc	24	d82cc3bf56052e5f5425dbfc028af862adf0d8f351f32e9592c1cac70691187e
semantic/W4_Q16/ALGSTRUCT/w4_avg_000.meta	26	57bd2c6e9e3b87e4adca41b00a5240375e71032d534f6641361e30d404d7cc9b
semantic/W4_Q16/ALGSTRUCT/w4_avg_000.shadow	0	e3b0c44298fc1c149afbf4c8996fb92427ae41e4649b934ca495991b7852b855
semantic/W4_Q16/ALGSTRUCT/w4_avg_001	456	4b6e84d154fb8ec750761040ed1e1007ab9842800bd35a9fc9c90c9a222fe56d
semantic/W4_Q16/ALGSTRUCT/w4_avg_001.desc	24	6271206be67b85e268ce5c407efd73220641e0b9ac74a1137753d8f046dc4227
semantic/W4_Q16/ALGSTRUCT/w4_avg_001.meta	26	8a71657fd14905e7c69f7a4df1ca73c0f067205302e7010794db211ceb09d466
semantic/W4_Q16/ALGSTRUCT/w4_avg_001.shadow	0	e3b0c44298fc1c149afbf4c8996fb92427ae41e4649b934ca495991b7852b855
semantic/W4_Q16/ALGSTRUCT/w4_avg_002	456	4b6e84d154fb8ec750761040ed1e1007ab9842800bd35a9fc9c90c9a222fe56d
semantic/W4_Q16/ALGSTRUCT/w4_avg_002.desc	24	54209826f53cf131f0be2820f7a13a41d0f27b928e927e0ed50eafaba7486cfb
semantic/W4_Q16/ALGSTRUCT/w4_avg_002.meta	26	ce9cf738fee3ab4aaa7b5e114f9a6b40d31df54823fb6c3efd7d1955785982c7
semantic/W4_Q16/ALGSTRUCT/w4_avg_002.shadow	0	e3b0c44298fc1c149afbf4c8996fb92427ae41e4649b934ca495991b7852b855
semantic/W4_Q16/ALGSTRUCT/w4_avg_003	456	4b6e84d154fb8ec750761040ed1e1007ab9842800bd35a9fc9c90c9a222fe56d
semantic/W4_Q16/ALGSTRUCT/w4_avg_003.desc	24	2a79925232fcb4dfdc8f26f6d3841bf9ea295b4574124d206ab36d806b71915b
semantic/W4_Q16/ALGSTRUCT/w4_avg_003.meta	26	5c92b99b6ef835f73a9874a599579e0a5b8fb2975f0031bd4d1b287bcdf8a7a4
semantic/W4_Q16/ALGSTRUCT/w4_avg_003.shadow	0	e3b0c44298fc1c149afbf4c8996fb92427ae41e4649b934ca495991b7852b855
semantic/W4_Q16/ALGSTRUCT/w4_avg_004	456	4b6e84d154fb8ec750761040ed1e1007ab9842800bd35a9fc9c90c9a222fe56d
semantic/W4_Q16/ALGSTRUCT/w4_avg_004.desc	24	c6d864c93e0d37217049c995ca1ff38ece8f2e5335f7c05ba27158a6c4ba0e55
semantic/W4_Q16/ALGSTRUCT/w4_avg_004.meta	26	c33cf08dad8aac4f36a48994fc37cb2bcc4e74bd15e2fa65b32006103376b8fb
semantic/W4_Q16/ALGSTRUCT/w4_avg_004.shadow	0	e3b0c44298fc1c149afbf4c8996fb92427ae41e4649b934ca495991b7852b855
semantic/W4_Q16/ALGSTRUCT/w4_avg_005	456	4b6e84d154fb8ec750761040ed1e1007ab9842800bd35a9fc9c90c9a222fe56d
semantic/W4_Q16/ALGSTRUCT/w4_avg_005.desc	24	2d92c47be25d87ab22052dc929d20629f4890e5cb484f497f9e69ca540e4a6c2
semantic/W4_Q16/ALGSTRUCT/w4_avg_005.meta	26	c37b029fc2824c5509becb50a81aa22eee8adc0a05dfab195547994242282070
semantic/W4_Q16/ALGSTRUCT/w4_avg_005.shadow	0	e3b0c44298fc1c149afbf4c8996fb92427ae41e4649b934ca495991b7852b855
semantic/W4_Q16/ALGSTRUCT/w4_avg_006	456	4b6e84d154fb8ec750761040ed1e1007ab9842800bd35a9fc9c90c9a222fe56d
semantic/W4_Q16/ALGSTRUCT/w4_avg_006.desc	24	ba3d9fe0278ef1f56664ebdcc57c9dde8c6a1e2321b26d3cc905fb6080c769ca
semantic/W4_Q16/ALGSTRUCT/w4_avg_006.meta	26	e80702a4335270e2ddc1a2055acc77ffba1451fe2e41c960120539488074ed6f
semantic/W4_Q16/ALGSTRUCT/w4_avg_006.shadow	0	e3b0c44298fc1c149afbf4c8996fb92427ae41e4649b934ca495991b7852b855
semantic/W4_Q16/ALGSTRUCT/w4_avg_007	456	4b6e84d154fb8ec750761040ed1e1007ab9842800bd35a9fc9c90c9a222fe56d
semantic/W4_Q16/ALGSTRUCT/w4_avg_007.desc	24	d8cf14191552fb84a13cc14ac62c408652f6ba7e88cc45ef5690d671a75de164
semantic/W4_Q16/ALGSTRUCT/w4_avg_007.meta	26	f380dc7d70b3fa967f1d6c4dba00dfa5a342f22f2d89c0f5e3ddf5bb94926e1c
semantic/W4_Q16/ALGSTRUCT/w4_avg_007.shadow	0	e3b0c44298fc1c149afbf4c8996fb92427ae41e4649b934ca495991b7852b855
semantic/W4_Q16/ALGSTRUCT/w4_avg_008	456	4b6e84d154fb8ec750761040ed1e1007ab9842800bd35a9fc9c90c9a222fe56d
semantic/W4_Q16/ALGSTRUCT/w4_avg_008.desc	24	30dab1a5d52de4ea4eba3c9cc422b039f1f1f06e62ad556e260b50a5fd016c68
semantic/W4_Q16/ALGSTRUCT/w4_avg_008.meta	26	6790fb6a31c939cd7b37af25317dfbfcca01d0e6c29a0b8419a5852761c4183a
semantic/W4_Q16/ALGSTRUCT/w4_avg_008.shadow	0	e3b0c44298fc1c149afbf4c8996fb92427ae41e4649b934ca495991b7852b855
semantic/W4_Q16/ALGSTRUCT/w4_avg_009	456	4b6e84d154fb8ec750761040ed1e1007ab9842800bd35a9fc9c90c9a222fe56d
semantic/W4_Q16/ALGSTRUCT/w4_avg_009.desc	24	c570e225d3e1808b9592229bb98d742591d05e8ce93bec49ac30638e717f01a7
semantic/W4_Q16/ALGSTRUCT/w4_avg_009.meta	26	0b36fc4dd7a36787c2a36350e67bae384588d3692c7e7b30f771117254da79e9
semantic/W4_Q16/ALGSTRUCT/w4_avg_009.shadow	0	e3b0c44298fc1c149afbf4c8996fb92427ae41e4649b934ca495991b7852b855
semantic/W4_Q16/ALGSTRUCT/w4_avg_010	456	4b6e84d154fb8ec750761040ed1e1007ab9842800bd35a9fc9c90c9a222fe56d
semantic/W4_Q16/ALGSTRUCT/w4_avg_010.desc	24	2c16b0e95f72c7a2b6070139b704a85e8d10420870bf80993d8bb21d3952bbd4
semantic/W4_Q16/ALGSTRUCT/w4_avg_010.meta	26	8d04a25831ee12816a3cf7b2f609d5ba5c1a25ef3340ff3b8c9df4aa21df43ac
semantic/W4_Q16/ALGSTRUCT/w4_avg_010.shadow	0	e3b0c44298fc1c149afbf4c8996fb92427ae41e4649b934ca495991b7852b855
semantic/W4_Q16/ALGSTRUCT/w4_avg_011	456	4b6e84d154fb8ec750761040ed1e1007ab9842800bd35a9fc9c90c9a222fe56d
semantic/W4_Q16/ALGSTRUCT/w4_avg_011.desc	24	f4bbb626109e1000ad6d422b66777553f5929067219135e15d2b505cf983f5a4
semantic/W4_Q16/ALGSTRUCT/w4_avg_011.meta	26	0e8efc9ae8216a12a88d075bd4654e20770fa5bef796a432d1af90a421caf875
semantic/W4_Q16/ALGSTRUCT/w4_avg_011.shadow	0	e3b0c44298fc1c149afbf4c8996fb92427ae41e4649b934ca495991b7852b855
semantic/W4_Q16/ALGSTRUCT/w4_avg_012	456	4b6e84d154fb8ec750761040ed1e1007ab9842800bd35a9fc9c90c9a222fe56d
semantic/W4_Q16/ALGSTRUCT/w4_avg_012.desc	24	dd63aeb0736355cfe2e0262be7bd9e2bdc151453678549de4c08d638b3c76efc
semantic/W4_Q16/ALGSTRUCT/w4_avg_012.meta	26	7826cab64c84701ac76e06d4c5c625d4a8b895c3404b674e406992e369217346
semantic/W4_Q16/ALGSTRUCT/w4_avg_012.shadow	0	e3b0c44298fc1c149afbf4c8996fb92427ae41e4649b934ca495991b7852b855
semantic/W4_Q16/ALGSTRUCT/w4_avg_013	456	4b6e84d154fb8ec750761040ed1e1007ab9842800bd35a9fc9c90c9a222fe56d
semantic/W4_Q16/ALGSTRUCT/w4_avg_013.desc	24	a21436d1781f6f200c08c601b856095aac6fe0c52cd1c306ed43612ea5d33b1a
semantic/W4_Q16/ALGSTRUCT/w4_avg_013.meta	26	c06fac5b6c93dcb3180ecd03bc82bfefa5beda714b7aba71980cce40b85603f4
semantic/W4_Q16/ALGSTRUCT/w4_avg_013.shadow	0	e3b0c44298fc1c149afbf4c8996fb92427ae41e4649b934ca495991b7852b855
semantic/W4_Q16/ALGSTRUCT/w4_avg_014	456	4b6e84d154fb8ec750761040ed1e1007ab9842800bd35a9fc9c90c9a222fe56d
semantic/W4_Q16/ALGSTRUCT/w4_avg_014.desc	24	65d4fe85dcfcf17ef2e4a1a9376991d420285aaeec77f4ad69807ba89a82f0d3
semantic/W4_Q16/ALGSTRUCT/w4_avg_014.meta	26	b32f6cb0dae63219b4d09b0353cd48e3935bb071261cb67c36d82c9336c177cf
semantic/W4_Q16/ALGSTRUCT/w4_avg_014.shadow	0	e3b0c44298fc1c149afbf4c8996fb92427ae41e4649b934ca495991b7852b855
semantic/W4_Q16/ALGSTRUCT/w4_avg_015	456	4b6e84d154fb8ec750761040ed1e1007ab9842800bd35a9fc9c90c9a222fe56d
semantic/W4_Q16/ALGSTRUCT/w4_avg_015.desc	24	55f74c308827fb7117ed70c1dfa7607fd65a306b3a32b027ff2e88ad150c30c8
semantic/W4_Q16/ALGSTRUCT/w4_avg_015.meta	26	c230de86f623f126197404d73db99527817c2a891b1d6833e56721ae6c25c8a0
semantic/W4_Q16/ALGSTRUCT/w4_avg_015.shadow	0	e3b0c44298fc1c149afbf4c8996fb92427ae41e4649b934ca495991b7852b855
semantic/W4_Q16/ALGSTRUCT/w4_out_000	576	db914d13d5437de21a5752c8f47b8ec7170b7e9ca789139de50e2cc924d8f9a1
semantic/W4_Q16/ALGSTRUCT/w4_out_000.desc	17	108c7a9f011f52dada1fca907b8925712d2f1c57a40c6e26c9930be62d5f01fd
semantic/W4_Q16/ALGSTRUCT/w4_out_000.meta	26	3e9e237c5ad70fe2548d2983583de9ea7de7519fabdb50ef6d45afbbba9b7308
semantic/W4_Q16/ALGSTRUCT/w4_out_000.shadow	0	e3b0c44298fc1c149afbf4c8996fb92427ae41e4649b934ca495991b7852b855
semantic/W4_Q16/ALGSTRUCT/w4_out_001	576	db914d13d5437de21a5752c8f47b8ec7170b7e9ca789139de50e2cc924d8f9a1
semantic/W4_Q16/ALGSTRUCT/w4_out_001.desc	17	108c7a9f011f52dada1fca907b8925712d2f1c57a40c6e26c9930be62d5f01fd
semantic/W4_Q16/ALGSTRUCT/w4_out_001.meta	26	d76d149e015bb8e1839451d7642536e53786679a01b3c23a243ae477c8750a35
semantic/W4_Q16/ALGSTRUCT/w4_out_001.shadow	0	e3b0c44298fc1c149afbf4c8996fb92427ae41e4649b934ca495991b7852b855
semantic/W4_Q16/ALGSTRUCT/w4_out_002	576	db914d13d5437de21a5752c8f47b8ec7170b7e9ca789139de50e2cc924d8f9a1
semantic/W4_Q16/ALGSTRUCT/w4_out_002.desc	17	108c7a9f011f52dada1fca907b8925712d2f1c57a40c6e26c9930be62d5f01fd
semantic/W4_Q16/ALGSTRUCT/w4_out_002.meta	26	326676eed81d8b5984c29b047421ff5dc363edee5e69c5db9663e78e0a790982
semantic/W4_Q16/ALGSTRUCT/w4_out_002.shadow	0	e3b0c44298fc1c149afbf4c8996fb92427ae41e4649b934ca495991b7852b855
semantic/W4_Q16/ALGSTRUCT/w4_out_003	576	db914d13d5437de21a5752c8f47b8ec7170b7e9ca789139de50e2cc924d8f9a1
semantic/W4_Q16/ALGSTRUCT/w4_out_003.desc	17	108c7a9f011f52dada1fca907b8925712d2f1c57a40c6e26c9930be62d5f01fd
semantic/W4_Q16/ALGSTRUCT/w4_out_003.meta	26	5f8c0dc6400e1b63e29d774b39a4123659e30bb9a116b014866b64f9e3ea821d
semantic/W4_Q16/ALGSTRUCT/w4_out_003.shadow	0	e3b0c44298fc1c149afbf4c8996fb92427ae41e4649b934ca495991b7852b855
semantic/W4_Q16/ALGSTRUCT/w4_out_004	576	db914d13d5437de21a5752c8f47b8ec7170b7e9ca789139de50e2cc924d8f9a1
semantic/W4_Q16/ALGSTRUCT/w4_out_004.desc	17	108c7a9f011f52dada1fca907b8925712d2f1c57a40c6e26c9930be62d5f01fd
semantic/W4_Q16/ALGSTRUCT/w4_out_004.meta	26	1049c0b356d2db98750e899d2c3c01ed51b15cec0b94ac73ad8b6d50ed2e1035
semantic/W4_Q16/ALGSTRUCT/w4_out_004.shadow	0	e3b0c44298fc1c149afbf4c8996fb92427ae41e4649b934ca495991b7852b855
semantic/W4_Q16/ALGSTRUCT/w4_out_005	576	db914d13d5437de21a5752c8f47b8ec7170b7e9ca789139de50e2cc924d8f9a1
semantic/W4_Q16/ALGSTRUCT/w4_out_005.desc	17	108c7a9f011f52dada1fca907b8925712d2f1c57a40c6e26c9930be62d5f01fd
semantic/W4_Q16/ALGSTRUCT/w4_out_005.meta	26	f5abdd1150861e88a0d29cbf7b73c40e265e4a223ae80ca75254dee1d20705df
semantic/W4_Q16/ALGSTRUCT/w4_out_005.shadow	0	e3b0c44298fc1c149afbf4c8996fb92427ae41e4649b934ca495991b7852b855
semantic/W4_Q16/ALGSTRUCT/w4_out_006	576	db914d13d5437de21a5752c8f47b8ec7170b7e9ca789139de50e2cc924d8f9a1
semantic/W4_Q16/ALGSTRUCT/w4_out_006.desc	17	108c7a9f011f52dada1fca907b8925712d2f1c57a40c6e26c9930be62d5f01fd
semantic/W4_Q16/ALGSTRUCT/w4_out_006.meta	26	7e1e8e9aa98515a11e6cc02d9585a396e39fb1128f126a6524a5d46fcffc45cd
semantic/W4_Q16/ALGSTRUCT/w4_out_006.shadow	0	e3b0c44298fc1c149afbf4c8996fb92427ae41e4649b934ca495991b7852b855
semantic/W4_Q16/ALGSTRUCT/w4_out_007	576	db914d13d5437de21a5752c8f47b8ec7170b7e9ca789139de50e2cc924d8f9a1
semantic/W4_Q16/ALGSTRUCT/w4_out_007.desc	17	108c7a9f011f52dada1fca907b8925712d2f1c57a40c6e26c9930be62d5f01fd
semantic/W4_Q16/ALGSTRUCT/w4_out_007.meta	26	fecb18c4dc6dcf9c15df1a45322fb462fe0f5a6da20948fec503470d8a58db2b
semantic/W4_Q16/ALGSTRUCT/w4_out_007.shadow	0	e3b0c44298fc1c149afbf4c8996fb92427ae41e4649b934ca495991b7852b855
semantic/W4_Q16/ALGSTRUCT/w4_out_008	576	db914d13d5437de21a5752c8f47b8ec7170b7e9ca789139de50e2cc924d8f9a1
semantic/W4_Q16/ALGSTRUCT/w4_out_008.desc	17	108c7a9f011f52dada1fca907b8925712d2f1c57a40c6e26c9930be62d5f01fd
semantic/W4_Q16/ALGSTRUCT/w4_out_008.meta	26	643d5c35d4ed9e707cce0c79d95c35a5721607fa74ef0843c6677729bc6cf2d4
semantic/W4_Q16/ALGSTRUCT/w4_out_008.shadow	0	e3b0c44298fc1c149afbf4c8996fb92427ae41e4649b934ca495991b7852b855
semantic/W4_Q16/ALGSTRUCT/w4_out_009	576	db914d13d5437de21a5752c8f47b8ec7170b7e9ca789139de50e2cc924d8f9a1
semantic/W4_Q16/ALGSTRUCT/w4_out_009.desc	17	108c7a9f011f52dada1fca907b8925712d2f1c57a40c6e26c9930be62d5f01fd
semantic/W4_Q16/ALGSTRUCT/w4_out_009.meta	26	fa626ce9d1bfdc4b9704cfb42238ad6b715dfa72d51051ae7de96771041ae91d
semantic/W4_Q16/ALGSTRUCT/w4_out_009.shadow	0	e3b0c44298fc1c149afbf4c8996fb92427ae41e4649b934ca495991b7852b855
semantic/W4_Q16/ALGSTRUCT/w4_out_010	576	db914d13d5437de21a5752c8f47b8ec7170b7e9ca789139de50e2cc924d8f9a1
semantic/W4_Q16/ALGSTRUCT/w4_out_010.desc	17	108c7a9f011f52dada1fca907b8925712d2f1c57a40c6e26c9930be62d5f01fd
semantic/W4_Q16/ALGSTRUCT/w4_out_010.meta	26	21e4780d5a354fb48fc743a61b345a27d2889fcaf27df9254c1715c00e030fbe
semantic/W4_Q16/ALGSTRUCT/w4_out_010.shadow	0	e3b0c44298fc1c149afbf4c8996fb92427ae41e4649b934ca495991b7852b855
semantic/W4_Q16/ALGSTRUCT/w4_out_011	576	db914d13d5437de21a5752c8f47b8ec7170b7e9ca789139de50e2cc924d8f9a1
semantic/W4_Q16/ALGSTRUCT/w4_out_011.desc	17	108c7a9f011f52dada1fca907b8925712d2f1c57a40c6e26c9930be62d5f01fd
semantic/W4_Q16/ALGSTRUCT/w4_out_011.meta	26	db44f599d76f16d138c4c48fc5760ef52f100925b2c0377f076ed594bcd1b298
semantic/W4_Q16/ALGSTRUCT/w4_out_011.shadow	0	e3b0c44298fc1c149afbf4c8996fb92427ae41e4649b934ca495991b7852b855
semantic/W4_Q16/ALGSTRUCT/w4_out_012	576	db914d13d5437de21a5752c8f47b8ec7170b7e9ca789139de50e2cc924d8f9a1
semantic/W4_Q16/ALGSTRUCT/w4_out_012.desc	17	108c7a9f011f52dada1fca907b8925712d2f1c57a40c6e26c9930be62d5f01fd
semantic/W4_Q16/ALGSTRUCT/w4_out_012.meta	26	fbd4c9b9afe636b75099deffc2e725fd47ab99d969c971b2726227c1152551c9
semantic/W4_Q16/ALGSTRUCT/w4_out_012.shadow	0	e3b0c44298fc1c149afbf4c8996fb92427ae41e4649b934ca495991b7852b855
semantic/W4_Q16/ALGSTRUCT/w4_out_013	576	db914d13d5437de21a5752c8f47b8ec7170b7e9ca789139de50e2cc924d8f9a1
semantic/W4_Q16/ALGSTRUCT/w4_out_013.desc	17	108c7a9f011f52dada1fca907b8925712d2f1c57a40c6e26c9930be62d5f01fd
semantic/W4_Q16/ALGSTRUCT/w4_out_013.meta	26	0a68f3ef4ce08bfd95e5bd23dfb0b743a285d45878cd23ef9528c3873ceb904d
semantic/W4_Q16/ALGSTRUCT/w4_out_013.shadow	0	e3b0c44298fc1c149afbf4c8996fb92427ae41e4649b934ca495991b7852b855
semantic/W4_Q16/ALGSTRUCT/w4_out_014	576	db914d13d5437de21a5752c8f47b8ec7170b7e9ca789139de50e2cc924d8f9a1
semantic/W4_Q16/ALGSTRUCT/w4_out_014.desc	17	108c7a9f011f52dada1fca907b8925712d2f1c57a40c6e26c9930be62d5f01fd
semantic/W4_Q16/ALGSTRUCT/w4_out_014.meta	26	995ecb5077d6a0eaf9eaff84f47c9153d51a4398e1469a1c3c5e1c9ce4c5c0dd
semantic/W4_Q16/ALGSTRUCT/w4_out_014.shadow	0	e3b0c44298fc1c149afbf4c8996fb92427ae41e4649b934ca495991b7852b855
semantic/W4_Q16/ALGSTRUCT/w4_out_015	576	db914d13d5437de21a5752c8f47b8ec7170b7e9ca789139de50e2cc924d8f9a1
semantic/W4_Q16/ALGSTRUCT/w4_out_015.desc	17	108c7a9f011f52dada1fca907b8925712d2f1c57a40c6e26c9930be62d5f01fd
semantic/W4_Q16/ALGSTRUCT/w4_out_015.meta	26	abfe1e681f5b2fcdb220a33f5ea322ae688bc29d5449961fdf8d4bebc2b33a8a
semantic/W4_Q16/ALGSTRUCT/w4_out_015.shadow	0	e3b0c44298fc1c149afbf4c8996fb92427ae41e4649b934ca495991b7852b855
semantic/W4_Q16/ALGSTRUCT/w4_p_000	576	db914d13d5437de21a5752c8f47b8ec7170b7e9ca789139de50e2cc924d8f9a1
semantic/W4_Q16/ALGSTRUCT/w4_p_000.desc	22	deca89418af4636c9c780a99ecd62c80178ffc4570c986a251968fd73ae9f9d7
semantic/W4_Q16/ALGSTRUCT/w4_p_000.meta	26	9daae0f1fe94c408d2666e9ec1bd2993e6f571f48f78770f1bdeeac7c25ab602
semantic/W4_Q16/ALGSTRUCT/w4_p_000.shadow	0	e3b0c44298fc1c149afbf4c8996fb92427ae41e4649b934ca495991b7852b855
semantic/W4_Q16/ALGSTRUCT/w4_p_001	576	db914d13d5437de21a5752c8f47b8ec7170b7e9ca789139de50e2cc924d8f9a1
semantic/W4_Q16/ALGSTRUCT/w4_p_001.desc	22	e95a96590cfe1e614bb1a8d1535cb3f15e9c2033e317f02939e9cc4ca754c5f2
semantic/W4_Q16/ALGSTRUCT/w4_p_001.meta	26	9315a199f1a1c4cf617858ee449e5c81f2b6f1505dfb083639e0d2ea6e73384f
semantic/W4_Q16/ALGSTRUCT/w4_p_001.shadow	0	e3b0c44298fc1c149afbf4c8996fb92427ae41e4649b934ca495991b7852b855
semantic/W4_Q16/ALGSTRUCT/w4_p_002	576	db914d13d5437de21a5752c8f47b8ec7170b7e9ca789139de50e2cc924d8f9a1
semantic/W4_Q16/ALGSTRUCT/w4_p_002.desc	22	a637f771fd0ea18cd39c01e7c0a078d7a57a46c4715adbd5128aac2b41841170
semantic/W4_Q16/ALGSTRUCT/w4_p_002.meta	26	54e339bd2d80a159131337524adf60acb52f18316aaf89f9768037468f183762
semantic/W4_Q16/ALGSTRUCT/w4_p_002.shadow	0	e3b0c44298fc1c149afbf4c8996fb92427ae41e4649b934ca495991b7852b855
semantic/W4_Q16/ALGSTRUCT/w4_p_003	576	db914d13d5437de21a5752c8f47b8ec7170b7e9ca789139de50e2cc924d8f9a1
semantic/W4_Q16/ALGSTRUCT/w4_p_003.desc	22	c4d6651520166192cbde8877093298e69e69bb2a737d041d0362d1a0f39edf48
semantic/W4_Q16/ALGSTRUCT/w4_p_003.meta	26	7f71f33936492f39319033dc3b29f22f796aa71bd628b9441a50144a6b1e98e4
semantic/W4_Q16/ALGSTRUCT/w4_p_003.shadow	0	e3b0c44298fc1c149afbf4c8996fb92427ae41e4649b934ca495991b7852b855
semantic/W4_Q16/ALGSTRUCT/w4_p_004	576	db914d13d5437de21a5752c8f47b8ec7170b7e9ca789139de50e2cc924d8f9a1
semantic/W4_Q16/ALGSTRUCT/w4_p_004.desc	22	24795787ade910e615d4b928695a12d3fda8d1a36052778ab10a6cc08a1fcd73
semantic/W4_Q16/ALGSTRUCT/w4_p_004.meta	26	ebcddd351fd3523166acbb2dc7c3e0cc0bad216e2eb78843f5e1eeaba9a6ff0f
semantic/W4_Q16/ALGSTRUCT/w4_p_004.shadow	0	e3b0c44298fc1c149afbf4c8996fb92427ae41e4649b934ca495991b7852b855
semantic/W4_Q16/ALGSTRUCT/w4_p_005	576	db914d13d5437de21a5752c8f47b8ec7170b7e9ca789139de50e2cc924d8f9a1
semantic/W4_Q16/ALGSTRUCT/w4_p_005.desc	22	88b73c5e457227c4e85cbe49553ca3b51da6068e75d8a7f3d92e5f5219499989
semantic/W4_Q16/ALGSTRUCT/w4_p_005.meta	26	4c18d52dbafae54f3bbb6964a4314ae5a559410aa018f0bdf45550f6b22aca08
semantic/W4_Q16/ALGSTRUCT/w4_p_005.shadow	0	e3b0c44298fc1c149afbf4c8996fb92427ae41e4649b934ca495991b7852b855
semantic/W4_Q16/ALGSTRUCT/w4_p_006	576	db914d13d5437de21a5752c8f47b8ec7170b7e9ca789139de50e2cc924d8f9a1
semantic/W4_Q16/ALGSTRUCT/w4_p_006.desc	22	d383f9024f26c70d348bccc66c1a20b5b0b1c3c406b8f02ce9d32e37d0d6de53
semantic/W4_Q16/ALGSTRUCT/w4_p_006.meta	26	9ea4747ed98db03dab2da3c5cc64b69065f173105d292ba8c5486689fc446ef8
semantic/W4_Q16/ALGSTRUCT/w4_p_006.shadow	0	e3b0c44298fc1c149afbf4c8996fb92427ae41e4649b934ca495991b7852b855
semantic/W4_Q16/ALGSTRUCT/w4_p_007	576	db914d13d5437de21a5752c8f47b8ec7170b7e9ca789139de50e2cc924d8f9a1
semantic/W4_Q16/ALGSTRUCT/w4_p_007.desc	22	a8c8e13c52ee4c51e4acafcb5a151a493833c01771ee4a23be16ab4ae894a052
semantic/W4_Q16/ALGSTRUCT/w4_p_007.meta	26	fc384dccc61a808e55ed7132e3c6e1e92845e914a0ab897f53b5cb2611c42a7d
semantic/W4_Q16/ALGSTRUCT/w4_p_007.shadow	0	e3b0c44298fc1c149afbf4c8996fb92427ae41e4649b934ca495991b7852b855
semantic/W4_Q16/ALGSTRUCT/w4_p_008	576	db914d13d5437de21a5752c8f47b8ec7170b7e9ca789139de50e2cc924d8f9a1
semantic/W4_Q16/ALGSTRUCT/w4_p_008.desc	22	ad6e1547896c38121431f84a6df3d0ee5b0a1980daf88e4e7c28c2f5752ba40e
semantic/W4_Q16/ALGSTRUCT/w4_p_008.meta	26	baf30e5bcfd8872e33828be3ce1f4f11fc5c18afa9f5c0afc3fe31cd52fc5279
semantic/W4_Q16/ALGSTRUCT/w4_p_008.shadow	0	e3b0c44298fc1c149afbf4c8996fb92427ae41e4649b934ca495991b7852b855
semantic/W4_Q16/ALGSTRUCT/w4_p_009	576	db914d13d5437de21a5752c8f47b8ec7170b7e9ca789139de50e2cc924d8f9a1
semantic/W4_Q16/ALGSTRUCT/w4_p_009.desc	22	8e8c095243900dccab3462aaf96d87451c42ae390c2c472d21017829b9f1a5bf
semantic/W4_Q16/ALGSTRUCT/w4_p_009.meta	26	32e46ac7ca49fd3dbf4f4dc6606a08545eb7564031f3880587b741b7dfb4f85e
semantic/W4_Q16/ALGSTRUCT/w4_p_009.shadow	0	e3b0c44298fc1c149afbf4c8996fb92427ae41e4649b934ca495991b7852b855
semantic/W4_Q16/ALGSTRUCT/w4_p_010	576	db914d13d5437de21a5752c8f47b8ec7170b7e9ca789139de50e2cc924d8f9a1
semantic/W4_Q16/ALGSTRUCT/w4_p_010.desc	22	660ebc8980b1fb02074d631d53fcc7eed23c1b9bb5faf85599289a703c02699f
semantic/W4_Q16/ALGSTRUCT/w4_p_010.meta	26	5f50482882e1fce74e0e2b767fcc20967410d1c2f5550749e65886aea10a67ba
semantic/W4_Q16/ALGSTRUCT/w4_p_010.shadow	0	e3b0c44298fc1c149afbf4c8996fb92427ae41e4649b934ca495991b7852b855
semantic/W4_Q16/ALGSTRUCT/w4_p_011	576	db914d13d5437de21a5752c8f47b8ec7170b7e9ca789139de50e2cc924d8f9a1
semantic/W4_Q16/ALGSTRUCT/w4_p_011.desc	22	2829138aaf8d4457ca50dc33ae9225fbdbc8d831d80faa462bcf15d4fec4c65e
semantic/W4_Q16/ALGSTRUCT/w4_p_011.meta	26	3752a095df65853d99286b761b696a646ea67b0ce1fbe94d2293919c28fd0a0c
semantic/W4_Q16/ALGSTRUCT/w4_p_011.shadow	0	e3b0c44298fc1c149afbf4c8996fb92427ae41e4649b934ca495991b7852b855
semantic/W4_Q16/ALGSTRUCT/w4_p_012	576	db914d13d5437de21a5752c8f47b8ec7170b7e9ca789139de50e2cc924d8f9a1
semantic/W4_Q16/ALGSTRUCT/w4_p_012.desc	22	358f501aa8cd704cbb1d584c9706a187c593ed65d1b3e73490fd12ebd2eb0e8c
semantic/W4_Q16/ALGSTRUCT/w4_p_012.meta	26	f21dea4c233ba47e2078bcdb46ccc616751bd10b9c4fe89c3b37c078823bd56f
semantic/W4_Q16/ALGSTRUCT/w4_p_012.shadow	0	e3b0c44298fc1c149afbf4c8996fb92427ae41e4649b934ca495991b7852b855
semantic/W4_Q16/ALGSTRUCT/w4_p_013	576	db914d13d5437de21a5752c8f47b8ec7170b7e9ca789139de50e2cc924d8f9a1
semantic/W4_Q16/ALGSTRUCT/w4_p_013.desc	22	1bcb052f130a666a5fa5a267da076e08320b668fa51e93652f4c6772acd83bf5
semantic/W4_Q16/ALGSTRUCT/w4_p_013.meta	26	b6865bdade98eac66754bf8df8b556db030a44db5680765ef587ff7c5af5c421
semantic/W4_Q16/ALGSTRUCT/w4_p_013.shadow	0	e3b0c44298fc1c149afbf4c8996fb92427ae41e4649b934ca495991b7852b855
semantic/W4_Q16/ALGSTRUCT/w4_p_014	576	db914d13d5437de21a5752c8f47b8ec7170b7e9ca789139de50e2cc924d8f9a1
semantic/W4_Q16/ALGSTRUCT/w4_p_014.desc	22	0758426bff784bf347cd77c26d9733f92e26cb0440fd0d2903ff4d3ae4a31607
semantic/W4_Q16/ALGSTRUCT/w4_p_014.meta	26	76edca7d335bf2826076a66f98d54970332a74c4bbd5a6de24865828478c8016
semantic/W4_Q16/ALGSTRUCT/w4_p_014.shadow	0	e3b0c44298fc1c149afbf4c8996fb92427ae41e4649b934ca495991b7852b855
semantic/W4_Q16/ALGSTRUCT/w4_p_015	576	db914d13d5437de21a5752c8f47b8ec7170b7e9ca789139de50e2cc924d8f9a1
semantic/W4_Q16/ALGSTRUCT/w4_p_015.desc	22	e95a34ba8e0cd5b68a489aaeaca0848acc26382e4ea93bc03f5c1e28899196ef
semantic/W4_Q16/ALGSTRUCT/w4_p_015.meta	26	4ce83a5f9d7c0636754244deb5a16e1afa36a20bd779e6e878a7fb0a715d6b7c
semantic/W4_Q16/ALGSTRUCT/w4_p_015.shadow	0	e3b0c44298fc1c149afbf4c8996fb92427ae41e4649b934ca495991b7852b855
semantic/W4_Q16/ALGSTRUCT/w4_win_000	13680	87e2a416b2849deb4586f62664e469bff9a6e8435b891ab850684eb3c3fc3167
semantic/W4_Q16/ALGSTRUCT/w4_win_000.desc	622	86a39a257b6a8ff4c051487b58fdef89d996f2b00986d427f64468df66a09edb
semantic/W4_Q16/ALGSTRUCT/w4_win_000.meta	29	ddd91ce9793cfc179ac5ee71c8ac9018b453b7cfb6ceddc879ccb07982ddd2b5
semantic/W4_Q16/ALGSTRUCT/w4_win_000.shadow	0	e3b0c44298fc1c149afbf4c8996fb92427ae41e4649b934ca495991b7852b855
semantic/W4_Q16/ALGSTRUCT/w4_win_001	13680	87e2a416b2849deb4586f62664e469bff9a6e8435b891ab850684eb3c3fc3167
semantic/W4_Q16/ALGSTRUCT/w4_win_001.desc	622	141a3a9f520cca1530e055eff448ec71ef72ac5a67cc3c841b3b4f510a10a150
semantic/W4_Q16/ALGSTRUCT/w4_win_001.meta	29	70d7c12f9c8cfda131659fa30488bc7f61e19b365c56237259d3f2659e7021ed
semantic/W4_Q16/ALGSTRUCT/w4_win_001.shadow	0	e3b0c44298fc1c149afbf4c8996fb92427ae41e4649b934ca495991b7852b855
semantic/W4_Q16/ALGSTRUCT/w4_win_002	13680	87e2a416b2849deb4586f62664e469bff9a6e8435b891ab850684eb3c3fc3167
semantic/W4_Q16/ALGSTRUCT/w4_win_002.desc	622	68d40584b8dff9638fbe906d53bed5e7fcdd7b29ef5d9fcb221b4af51f206d55
semantic/W4_Q16/ALGSTRUCT/w4_win_002.meta	29	f0b696367c4a2550bf7a20a0ba5c24f55ee27a47e6c03e64fb7b1e07f195efdd
semantic/W4_Q16/ALGSTRUCT/w4_win_002.shadow	0	e3b0c44298fc1c149afbf4c8996fb92427ae41e4649b934ca495991b7852b855
semantic/W4_Q16/ALGSTRUCT/w4_win_003	13680	87e2a416b2849deb4586f62664e469bff9a6e8435b891ab850684eb3c3fc3167
semantic/W4_Q16/ALGSTRUCT/w4_win_003.desc	622	1db4154960605772cf4a54909b602f4730d898ce7a07ea6ba23cc129c45e6871
semantic/W4_Q16/ALGSTRUCT/w4_win_003.meta	29	4cec48ee6f365cead6b734e37ecaaf3137dcf770dfc62c70dd69bc502b1f0e3e
semantic/W4_Q16/ALGSTRUCT/w4_win_003.shadow	0	e3b0c44298fc1c149afbf4c8996fb92427ae41e4649b934ca495991b7852b855
semantic/W4_Q16/ALGSTRUCT/w4_win_004	13680	87e2a416b2849deb4586f62664e469bff9a6e8435b891ab850684eb3c3fc3167
semantic/W4_Q16/ALGSTRUCT/w4_win_004.desc	622	f8243fd7ac703d8ce1daaa831f7c039d6d9a659c97a2d1a316b2bfe3a1a15a2f
semantic/W4_Q16/ALGSTRUCT/w4_win_004.meta	29	efe6acced3fb8c1e6865fda998382c0db905500db93fbf2158de2f4c255d1680
semantic/W4_Q16/ALGSTRUCT/w4_win_004.shadow	0	e3b0c44298fc1c149afbf4c8996fb92427ae41e4649b934ca495991b7852b855
semantic/W4_Q16/ALGSTRUCT/w4_win_005	13680	87e2a416b2849deb4586f62664e469bff9a6e8435b891ab850684eb3c3fc3167
semantic/W4_Q16/ALGSTRUCT/w4_win_005.desc	622	c11b646d3b4dc705b533c4e0c29019338ecd233b3fa6dd5faef901423b3dcbe0
semantic/W4_Q16/ALGSTRUCT/w4_win_005.meta	29	6591c177af0623afbd4e1ad496b63fc57c04ecd9d3deaf08c6098e4325e81dd3
semantic/W4_Q16/ALGSTRUCT/w4_win_005.shadow	0	e3b0c44298fc1c149afbf4c8996fb92427ae41e4649b934ca495991b7852b855
semantic/W4_Q16/ALGSTRUCT/w4_win_006	13680	87e2a416b2849deb4586f62664e469bff9a6e8435b891ab850684eb3c3fc3167
semantic/W4_Q16/ALGSTRUCT/w4_win_006.desc	622	b5dc2340517ac512ed5a7dc3753dc0fb9182f6069592d403cbb0d6799af7da3b
semantic/W4_Q16/ALGSTRUCT/w4_win_006.meta	29	f2da410114ea054f160d1f79c10ad850f75346077aaf9bb2c1bb85cbd31c63bf
semantic/W4_Q16/ALGSTRUCT/w4_win_006.shadow	0	e3b0c44298fc1c149afbf4c8996fb92427ae41e4649b934ca495991b7852b855
semantic/W4_Q16/ALGSTRUCT/w4_win_007	13680	87e2a416b2849deb4586f62664e469bff9a6e8435b891ab850684eb3c3fc3167
semantic/W4_Q16/ALGSTRUCT/w4_win_007.desc	622	9dbabfe85c04bcb4aa3e745859dceef6c3a0254bb935c77e2bbbfb07e27647f5
semantic/W4_Q16/ALGSTRUCT/w4_win_007.meta	29	331fe8ad4304f046034fa73504a586a528beaf2dba83627a7ebf3b87ec7b3d89
semantic/W4_Q16/ALGSTRUCT/w4_win_007.shadow	0	e3b0c44298fc1c149afbf4c8996fb92427ae41e4649b934ca495991b7852b855
semantic/W4_Q16/ALGSTRUCT/w4_win_008	13680	87e2a416b2849deb4586f62664e469bff9a6e8435b891ab850684eb3c3fc3167
semantic/W4_Q16/ALGSTRUCT/w4_win_008.desc	622	f25c4ca05b0a3c4dab6849e9dddb59492a16b9a58b2b3bee21a7c974f726b2e1
semantic/W4_Q16/ALGSTRUCT/w4_win_008.meta	29	2162925e0026623bdf74d214488152bc9180444e6f8c873bb48433b0547c43c5
semantic/W4_Q16/ALGSTRUCT/w4_win_008.shadow	0	e3b0c44298fc1c149afbf4c8996fb92427ae41e4649b934ca495991b7852b855
semantic/W4_Q16/ALGSTRUCT/w4_win_009	13680	87e2a416b2849deb4586f62664e469bff9a6e8435b891ab850684eb3c3fc3167
semantic/W4_Q16/ALGSTRUCT/w4_win_009.desc	622	783107a5c59862dbe0ee793d0a0f35d4087e94898ee1347f8ae09e8dab77e4b6
semantic/W4_Q16/ALGSTRUCT/w4_win_009.meta	29	118eade57cfd5582d5bde8a97853c0a06a6074968569e98cc538741790934cc6
semantic/W4_Q16/ALGSTRUCT/w4_win_009.shadow	0	e3b0c44298fc1c149afbf4c8996fb92427ae41e4649b934ca495991b7852b855
semantic/W4_Q16/ALGSTRUCT/w4_win_010	13680	87e2a416b2849deb4586f62664e469bff9a6e8435b891ab850684eb3c3fc3167
semantic/W4_Q16/ALGSTRUCT/w4_win_010.desc	622	95029c059b3340ba514b80bd3e803f8ac99aee68f71ade78738c088713c198a5
semantic/W4_Q16/ALGSTRUCT/w4_win_010.meta	29	0d249e1a39bb8bf104e16c9e5e74383dcf923f1dfad845eb54d797ebdab15144
semantic/W4_Q16/ALGSTRUCT/w4_win_010.shadow	0	e3b0c44298fc1c149afbf4c8996fb92427ae41e4649b934ca495991b7852b855
semantic/W4_Q16/ALGSTRUCT/w4_win_011	13680	87e2a416b2849deb4586f62664e469bff9a6e8435b891ab850684eb3c3fc3167
semantic/W4_Q16/ALGSTRUCT/w4_win_011.desc	622	b49fb026386a60a8963488d23eb91cad818dbe2b65cd8654e84c5d29340b6cd8
semantic/W4_Q16/ALGSTRUCT/w4_win_011.meta	29	12f5dbb240ed5a3ec3ea50797aaf5582cac8f58feb429456b7a8694b5d8c1a88
semantic/W4_Q16/ALGSTRUCT/w4_win_011.shadow	0	e3b0c44298fc1c149afbf4c8996fb92427ae41e4649b934ca495991b7852b855
semantic/W4_Q16/ALGSTRUCT/w4_win_012	13680	87e2a416b2849deb4586f62664e469bff9a6e8435b891ab850684eb3c3fc3167
semantic/W4_Q16/ALGSTRUCT/w4_win_012.desc	622	3dabe78b4a6f53c3da0b3257a7ffa3bcfa0067e83088429ffeb99bb49d3b04bb
semantic/W4_Q16/ALGSTRUCT/w4_win_012.meta	29	f023b7675b544ed7b89c14d536db3ddb7d1069af879afacd4dffe7a9f4cde5fe
semantic/W4_Q16/ALGSTRUCT/w4_win_012.shadow	0	e3b0c44298fc1c149afbf4c8996fb92427ae41e4649b934ca495991b7852b855
semantic/W4_Q16/ALGSTRUCT/w4_win_013	13680	87e2a416b2849deb4586f62664e469bff9a6e8435b891ab850684eb3c3fc3167
semantic/W4_Q16/ALGSTRUCT/w4_win_013.desc	622	c979e81d9c9578b6f2b5e0f9f73d9ed49ed8db81807a791f108daeda108ffaee
semantic/W4_Q16/ALGSTRUCT/w4_win_013.meta	29	3c6b8e34bbb4c8fd5c6aff0fb2bb4c41f0dee78f4106ecc010aa9dc05905949b
semantic/W4_Q16/ALGSTRUCT/w4_win_013.shadow	0	e3b0c44298fc1c149afbf4c8996fb92427ae41e4649b934ca495991b7852b855
semantic/W4_Q16/ALGSTRUCT/w4_win_014	13680	87e2a416b2849deb4586f62664e469bff9a6e8435b891ab850684eb3c3fc3167
semantic/W4_Q16/ALGSTRUCT/w4_win_014.desc	622	a6c7022d99214b101c2b5d50751690b0bba73e35e02f276fb177047536e534f1
semantic/W4_Q16/ALGSTRUCT/w4_win_014.meta	29	5dc7e4ee151ad1313da826ab2851eabb0215e1b9c9e5a738d492fb95c50fbf33
semantic/W4_Q16/ALGSTRUCT/w4_win_014.shadow	0	e3b0c44298fc1c149afbf4c8996fb92427ae41e4649b934ca495991b7852b855
semantic/W4_Q16/ALGSTRUCT/w4_win_015	13680	87e2a416b2849deb4586f62664e469bff9a6e8435b891ab850684eb3c3fc3167
semantic/W4_Q16/ALGSTRUCT/w4_win_015.desc	622	feb7c214fa75b7523d4cb7a19d4006cad5591018f31507521b7fade4dc72ebbc
semantic/W4_Q16/ALGSTRUCT/w4_win_015.meta	29	a820e85bfde74a736d1133dd4b7003bf697050a2cd1f1861c73de2b62944e38a
semantic/W4_Q16/ALGSTRUCT/w4_win_015.shadow	0	e3b0c44298fc1c149afbf4c8996fb92427ae41e4649b934ca495991b7852b855
semantic/W4_Q16/STRUCT/A.desc	47	5787acced769f970ba7f750893bcaa9b5561a220ea42b224db71f7abd71c4dfa
semantic/W4_Q16/STRUCT/B.desc	47	f8f7b0f4c2423653c82e5af23efa0ea0d5e86fb7f932478b7f092ba3faf1a909
semantic/W4_Q16/STRUCT/STREAM_TIMEMOVE_A.desc	43	91fa2aec6956910a282e26f8f428ec61448ae55aa3da815f9b270b5f0c8c0033
semantic/W4_Q16/STRUCT/STREAM_TIMEMOVE_A.meta	26	d3b77be312791bdc0c84c74872b99322aee966b5dcbbf069a08789dd087e3cd3
semantic/W4_Q16/STRUCT/STREAM_TIMEMOVE_B.desc	43	91fa2aec6956910a282e26f8f428ec61448ae55aa3da815f9b270b5f0c8c0033
semantic/W4_Q16/STRUCT/STREAM_TIMEMOVE_B.meta	26	fca207f022b0f3a2dd0e16ebab3cbec373a18267c461ccede147b925a31935a0
semantic/W4_Q16/STRUCT/w4_avg_000	456	4b6e84d154fb8ec750761040ed1e1007ab9842800bd35a9fc9c90c9a222fe56d
semantic/W4_Q16/STRUCT/w4_avg_000.desc	24	d82cc3bf56052e5f5425dbfc028af862adf0d8f351f32e9592c1cac70691187e
semantic/W4_Q16/STRUCT/w4_avg_000.meta	26	a6b2ff0fb69872fcd9d028b73110617b33e05b7a2494fce1971c07aefd94eaad
semantic/W4_Q16/STRUCT/w4_avg_000.shadow	0	e3b0c44298fc1c149afbf4c8996fb92427ae41e4649b934ca495991b7852b855
semantic/W4_Q16/STRUCT/w4_avg_001	456	4b6e84d154fb8ec750761040ed1e1007ab9842800bd35a9fc9c90c9a222fe56d
semantic/W4_Q16/STRUCT/w4_avg_001.desc	24	6271206be67b85e268ce5c407efd73220641e0b9ac74a1137753d8f046dc4227
semantic/W4_Q16/STRUCT/w4_avg_001.meta	26	b79e586d528e11388db693a8f9e0beaad491a6ad36378ff781b2c736eb85142a
semantic/W4_Q16/STRUCT/w4_avg_001.shadow	0	e3b0c44298fc1c149afbf4c8996fb92427ae41e4649b934ca495991b7852b855
semantic/W4_Q16/STRUCT/w4_avg_002	456	4b6e84d154fb8ec750761040ed1e1007ab9842800bd35a9fc9c90c9a222fe56d
semantic/W4_Q16/STRUCT/w4_avg_002.desc	24	54209826f53cf131f0be2820f7a13a41d0f27b928e927e0ed50eafaba7486cfb
semantic/W4_Q16/STRUCT/w4_avg_002.meta	26	433c11bd198145721ed918c3d55f72a0be3153612edcb15ecafa62d68e87ebf9
semantic/W4_Q16/STRUCT/w4_avg_002.shadow	0	e3b0c44298fc1c149afbf4c8996fb92427ae41e4649b934ca495991b7852b855
semantic/W4_Q16/STRUCT/w4_avg_003	456	4b6e84d154fb8ec750761040ed1e1007ab9842800bd35a9fc9c90c9a222fe56d
semantic/W4_Q16/STRUCT/w4_avg_003.desc	24	2a79925232fcb4dfdc8f26f6d3841bf9ea295b4574124d206ab36d806b71915b
semantic/W4_Q16/STRUCT/w4_avg_003.meta	26	62f377c7767e8c9b85a8be90c592df47f7abfb8d392abba2df34fdee78375544
semantic/W4_Q16/STRUCT/w4_avg_003.shadow	0	e3b0c44298fc1c149afbf4c8996fb92427ae41e4649b934ca495991b7852b855
semantic/W4_Q16/STRUCT/w4_avg_004	456	4b6e84d154fb8ec750761040ed1e1007ab9842800bd35a9fc9c90c9a222fe56d
semantic/W4_Q16/STRUCT/w4_avg_004.desc	24	c6d864c93e0d37217049c995ca1ff38ece8f2e5335f7c05ba27158a6c4ba0e55
semantic/W4_Q16/STRUCT/w4_avg_004.meta	26	44b334dec9080a7b5dd8de9291117515b8757ff5865f4a9241b8f6db31a7a871
semantic/W4_Q16/STRUCT/w4_avg_004.shadow	0	e3b0c44298fc1c149afbf4c8996fb92427ae41e4649b934ca495991b7852b855
semantic/W4_Q16/STRUCT/w4_avg_005	456	4b6e84d154fb8ec750761040ed1e1007ab9842800bd35a9fc9c90c9a222fe56d
semantic/W4_Q16/STRUCT/w4_avg_005.desc	24	2d92c47be25d87ab22052dc929d20629f4890e5cb484f497f9e69ca540e4a6c2
semantic/W4_Q16/STRUCT/w4_avg_005.meta	26	754bffc27880fb37d588473ef3b025abd80f428a35ace1eece906ddb1978b775
semantic/W4_Q16/STRUCT/w4_avg_005.shadow	0	e3b0c44298fc1c149afbf4c8996fb92427ae41e4649b934ca495991b7852b855
semantic/W4_Q16/STRUCT/w4_avg_006	456	4b6e84d154fb8ec750761040ed1e1007ab9842800bd35a9fc9c90c9a222fe56d
semantic/W4_Q16/STRUCT/w4_avg_006.desc	24	ba3d9fe0278ef1f56664ebdcc57c9dde8c6a1e2321b26d3cc905fb6080c769ca
semantic/W4_Q16/STRUCT/w4_avg_006.meta	26	550528cea7a9a1d5ca9f6c11678eca76a072ca4181e2f6e957e5395e728afbef
semantic/W4_Q16/STRUCT/w4_avg_006.shadow	0	e3b0c44298fc1c149afbf4c8996fb92427ae41e4649b934ca495991b7852b855
semantic/W4_Q16/STRUCT/w4_avg_007	456	4b6e84d154fb8ec750761040ed1e1007ab9842800bd35a9fc9c90c9a222fe56d
semantic/W4_Q16/STRUCT/w4_avg_007.desc	24	d8cf14191552fb84a13cc14ac62c408652f6ba7e88cc45ef5690d671a75de164
semantic/W4_Q16/STRUCT/w4_avg_007.meta	26	24b79a8106bfda37578adc79c852eff684ffc90dcf35bfced6810faa5ddd82ea
semantic/W4_Q16/STRUCT/w4_avg_007.shadow	0	e3b0c44298fc1c149afbf4c8996fb92427ae41e4649b934ca495991b7852b855
semantic/W4_Q16/STRUCT/w4_avg_008	456	4b6e84d154fb8ec750761040ed1e1007ab9842800bd35a9fc9c90c9a222fe56d
semantic/W4_Q16/STRUCT/w4_avg_008.desc	24	30dab1a5d52de4ea4eba3c9cc422b039f1f1f06e62ad556e260b50a5fd016c68
semantic/W4_Q16/STRUCT/w4_avg_008.meta	26	5f40197f05ba293e363573eb762584019373f41c2142f95685c0482a95bb00f5
semantic/W4_Q16/STRUCT/w4_avg_008.shadow	0	e3b0c44298fc1c149afbf4c8996fb92427ae41e4649b934ca495991b7852b855
semantic/W4_Q16/STRUCT/w4_avg_009	456	4b6e84d154fb8ec750761040ed1e1007ab9842800bd35a9fc9c90c9a222fe56d
semantic/W4_Q16/STRUCT/w4_avg_009.desc	24	c570e225d3e1808b9592229bb98d742591d05e8ce93bec49ac30638e717f01a7
semantic/W4_Q16/STRUCT/w4_avg_009.meta	26	0da1b83bfaaf656442bff0668005a2f5518aa3cf645315ea51d5323c56f9365a
semantic/W4_Q16/STRUCT/w4_avg_009.shadow	0	e3b0c44298fc1c149afbf4c8996fb92427ae41e4649b934ca495991b7852b855
semantic/W4_Q16/STRUCT/w4_avg_010	456	4b6e84d154fb8ec750761040ed1e1007ab9842800bd35a9fc9c90c9a222fe56d
semantic/W4_Q16/STRUCT/w4_avg_010.desc	24	2c16b0e95f72c7a2b6070139b704a85e8d10420870bf80993d8bb21d3952bbd4
semantic/W4_Q16/STRUCT/w4_avg_010.meta	26	4f62bb6625f5796f06a19bc0b1d89f1719ddc67454ffcbbbf545d3f1457a7b75
semantic/W4_Q16/STRUCT/w4_avg_010.shadow	0	e3b0c44298fc1c149afbf4c8996fb92427ae41e4649b934ca495991b7852b855
semantic/W4_Q16/STRUCT/w4_avg_011	456	4b6e84d154fb8ec750761040ed1e1007ab9842800bd35a9fc9c90c9a222fe56d
semantic/W4_Q16/STRUCT/w4_avg_011.desc	24	f4bbb626109e1000ad6d422b66777553f5929067219135e15d2b505cf983f5a4
semantic/W4_Q16/STRUCT/w4_avg_011.meta	26	6c818c79556694dbd27df1f74435ed4560d6657e2d120ab38d02230cb7aea528
semantic/W4_Q16/STRUCT/w4_avg_011.shadow	0	e3b0c44298fc1c149afbf4c8996fb92427ae41e4649b934ca495991b7852b855
semantic/W4_Q16/STRUCT/w4_avg_012	456	4b6e84d154fb8ec750761040ed1e1007ab9842800bd35a9fc9c90c9a222fe56d
semantic/W4_Q16/STRUCT/w4_avg_012.desc	24	dd63aeb0736355cfe2e0262be7bd9e2bdc151453678549de4c08d638b3c76efc
semantic/W4_Q16/STRUCT/w4_avg_012.meta	26	5349961eab44e5703461ce050317b66a72cd74c6bf092430d640898cf2407e3f
semantic/W4_Q16/STRUCT/w4_avg_012.shadow	0	e3b0c44298fc1c149afbf4c8996fb92427ae41e4649b934ca495991b7852b855
semantic/W4_Q16/STRUCT/w4_avg_013	456	4b6e84d154fb8ec750761040ed1e1007ab9842800bd35a9fc9c90c9a222fe56d
semantic/W4_Q16/STRUCT/w4_avg_013.desc	24	a21436d1781f6f200c08c601b856095aac6fe0c52cd1c306ed43612ea5d33b1a
semantic/W4_Q16/STRUCT/w4_avg_013.meta	26	29bdad54608d4f19de56139d261afccb7da8eb1400a95f487d72e4f8ae5cc2db
semantic/W4_Q16/STRUCT/w4_avg_013.shadow	0	e3b0c44298fc1c149afbf4c8996fb92427ae41e4649b934ca495991b7852b855
semantic/W4_Q16/STRUCT/w4_avg_014	456	4b6e84d154fb8ec750761040ed1e1007ab9842800bd35a9fc9c90c9a222fe56d
semantic/W4_Q16/STRUCT/w4_avg_014.desc	24	65d4fe85dcfcf17ef2e4a1a9376991d420285aaeec77f4ad69807ba89a82f0d3
semantic/W4_Q16/STRUCT/w4_avg_014.meta	26	caad43eae928131d8787bce917eaff182a146fd4b9154b7c8c8b373a0634eebc
semantic/W4_Q16/STRUCT/w4_avg_014.shadow	0	e3b0c44298fc1c149afbf4c8996fb92427ae41e4649b934ca495991b7852b855
semantic/W4_Q16/STRUCT/w4_avg_015	456	4b6e84d154fb8ec750761040ed1e1007ab9842800bd35a9fc9c90c9a222fe56d
semantic/W4_Q16/STRUCT/w4_avg_015.desc	24	55f74c308827fb7117ed70c1dfa7607fd65a306b3a32b027ff2e88ad150c30c8
semantic/W4_Q16/STRUCT/w4_avg_015.meta	26	b927b9654a2a7743bd6e9661ac58f3911920f7b02b57feea0818fed8595a9266
semantic/W4_Q16/STRUCT/w4_avg_015.shadow	0	e3b0c44298fc1c149afbf4c8996fb92427ae41e4649b934ca495991b7852b855
semantic/W4_Q16/STRUCT/w4_out_000	576	db914d13d5437de21a5752c8f47b8ec7170b7e9ca789139de50e2cc924d8f9a1
semantic/W4_Q16/STRUCT/w4_out_000.desc	17	108c7a9f011f52dada1fca907b8925712d2f1c57a40c6e26c9930be62d5f01fd
semantic/W4_Q16/STRUCT/w4_out_000.meta	26	5695989f4140aa723f70eae6f66719f307abee3b90f0cda929088158595a1d5b
semantic/W4_Q16/STRUCT/w4_out_000.shadow	0	e3b0c44298fc1c149afbf4c8996fb92427ae41e4649b934ca495991b7852b855
semantic/W4_Q16/STRUCT/w4_out_001	576	db914d13d5437de21a5752c8f47b8ec7170b7e9ca789139de50e2cc924d8f9a1
semantic/W4_Q16/STRUCT/w4_out_001.desc	17	108c7a9f011f52dada1fca907b8925712d2f1c57a40c6e26c9930be62d5f01fd
semantic/W4_Q16/STRUCT/w4_out_001.meta	26	03ed8696ec095288c2cde063d1c1f80de60db0cedddaab88b9a5b16189bd186a
semantic/W4_Q16/STRUCT/w4_out_001.shadow	0	e3b0c44298fc1c149afbf4c8996fb92427ae41e4649b934ca495991b7852b855
semantic/W4_Q16/STRUCT/w4_out_002	576	db914d13d5437de21a5752c8f47b8ec7170b7e9ca789139de50e2cc924d8f9a1
semantic/W4_Q16/STRUCT/w4_out_002.desc	17	108c7a9f011f52dada1fca907b8925712d2f1c57a40c6e26c9930be62d5f01fd
semantic/W4_Q16/STRUCT/w4_out_002.meta	26	7ac99c7f934fcef0a6a50afb7498de9bf738578ff08d4fc9598c08cbbdc9e493
semantic/W4_Q16/STRUCT/w4_out_002.shadow	0	e3b0c44298fc1c149afbf4c8996fb92427ae41e4649b934ca495991b7852b855
semantic/W4_Q16/STRUCT/w4_out_003	576	db914d13d5437de21a5752c8f47b8ec7170b7e9ca789139de50e2cc924d8f9a1
semantic/W4_Q16/STRUCT/w4_out_003.desc	17	108c7a9f011f52dada1fca907b8925712d2f1c57a40c6e26c9930be62d5f01fd
semantic/W4_Q16/STRUCT/w4_out_003.meta	26	8f35859b75f460f368e5612258756b3edd10c635f313fdb90c8a8c8cf89fe10f
semantic/W4_Q16/STRUCT/w4_out_003.shadow	0	e3b0c44298fc1c149afbf4c8996fb92427ae41e4649b934ca495991b7852b855
semantic/W4_Q16/STRUCT/w4_out_004	576	db914d13d5437de21a5752c8f47b8ec7170b7e9ca789139de50e2cc924d8f9a1
semantic/W4_Q16/STRUCT/w4_out_004.desc	17	108c7a9f011f52dada1fca907b8925712d2f1c57a40c6e26c9930be62d5f01fd
semantic/W4_Q16/STRUCT/w4_out_004.meta	26	e99d68ac9d6d00eb85126d97761a2052ed696405e0e2b415b99b686fa865bbeb
semantic/W4_Q16/STRUCT/w4_out_004.shadow	0	e3b0c44298fc1c149afbf4c8996fb92427ae41e4649b934ca495991b7852b855
semantic/W4_Q16/STRUCT/w4_out_005	576	db914d13d5437de21a5752c8f47b8ec7170b7e9ca789139de50e2cc924d8f9a1
semantic/W4_Q16/STRUCT/w4_out_005.desc	17	108c7a9f011f52dada1fca907b8925712d2f1c57a40c6e26c9930be62d5f01fd
semantic/W4_Q16/STRUCT/w4_out_005.meta	26	71550d4d6db4ce06ba3aac05394a5c9d9b92af1c802cf19c8d6ba259c874e006
semantic/W4_Q16/STRUCT/w4_out_005.shadow	0	e3b0c44298fc1c149afbf4c8996fb92427ae41e4649b934ca495991b7852b855
semantic/W4_Q16/STRUCT/w4_out_006	576	db914d13d5437de21a5752c8f47b8ec7170b7e9ca789139de50e2cc924d8f9a1
semantic/W4_Q16/STRUCT/w4_out_006.desc	17	108c7a9f011f52dada1fca907b8925712d2f1c57a40c6e26c9930be62d5f01fd
semantic/W4_Q16/STRUCT/w4_out_006.meta	26	d4c274e989092344b60cb6421bf291fb8c9a7d3bce63705265e1d171ca2c1e15
semantic/W4_Q16/STRUCT/w4_out_006.shadow	0	e3b0c44298fc1c149afbf4c8996fb92427ae41e4649b934ca495991b7852b855
semantic/W4_Q16/STRUCT/w4_out_007	576	db914d13d5437de21a5752c8f47b8ec7170b7e9ca789139de50e2cc924d8f9a1
semantic/W4_Q16/STRUCT/w4_out_007.desc	17	108c7a9f011f52dada1fca907b8925712d2f1c57a40c6e26c9930be62d5f01fd
semantic/W4_Q16/STRUCT/w4_out_007.meta	26	5821f728506b67b842c41eb13424e11186a137ec85d6d179e84967692c82358f
semantic/W4_Q16/STRUCT/w4_out_007.shadow	0	e3b0c44298fc1c149afbf4c8996fb92427ae41e4649b934ca495991b7852b855
semantic/W4_Q16/STRUCT/w4_out_008	576	db914d13d5437de21a5752c8f47b8ec7170b7e9ca789139de50e2cc924d8f9a1
semantic/W4_Q16/STRUCT/w4_out_008.desc	17	108c7a9f011f52dada1fca907b8925712d2f1c57a40c6e26c9930be62d5f01fd
semantic/W4_Q16/STRUCT/w4_out_008.meta	26	fd0794e9759b65483b9bfab5ed4b2b22078db8b12095d865e6771442ee2189d3
semantic/W4_Q16/STRUCT/w4_out_008.shadow	0	e3b0c44298fc1c149afbf4c8996fb92427ae41e4649b934ca495991b7852b855
semantic/W4_Q16/STRUCT/w4_out_009	576	db914d13d5437de21a5752c8f47b8ec7170b7e9ca789139de50e2cc924d8f9a1
semantic/W4_Q16/STRUCT/w4_out_009.desc	17	108c7a9f011f52dada1fca907b8925712d2f1c57a40c6e26c9930be62d5f01fd
semantic/W4_Q16/STRUCT/w4_out_009.meta	26	93a09c60f146d96408d2abcd4818bea1d8d15b4144df942a7b50d532ba9b905e
semantic/W4_Q16/STRUCT/w4_out_009.shadow	0	e3b0c44298fc1c149afbf4c8996fb92427ae41e4649b934ca495991b7852b855
semantic/W4_Q16/STRUCT/w4_out_010	576	db914d13d5437de21a5752c8f47b8ec7170b7e9ca789139de50e2cc924d8f9a1
semantic/W4_Q16/STRUCT/w4_out_010.desc	17	108c7a9f011f52dada1fca907b8925712d2f1c57a40c6e26c9930be62d5f01fd
semantic/W4_Q16/STRUCT/w4_out_010.meta	26	f350fad139fcd538012926e2ecfad59ca6260873056dc6909fca34bbdf7cf8d3
semantic/W4_Q16/STRUCT/w4_out_010.shadow	0	e3b0c44298fc1c149afbf4c8996fb92427ae41e4649b934ca495991b7852b855
semantic/W4_Q16/STRUCT/w4_out_011	576	db914d13d5437de21a5752c8f47b8ec7170b7e9ca789139de50e2cc924d8f9a1
semantic/W4_Q16/STRUCT/w4_out_011.desc	17	108c7a9f011f52dada1fca907b8925712d2f1c57a40c6e26c9930be62d5f01fd
semantic/W4_Q16/STRUCT/w4_out_011.meta	26	3dfb06bd8f7bdf3da9718d874df422413d9da549ab62fbef454246667a4248da
semantic/W4_Q16/STRUCT/w4_out_011.shadow	0	e3b0c44298fc1c149afbf4c8996fb92427ae41e4649b934ca495991b7852b855
semantic/W4_Q16/STRUCT/w4_out_012	576	db914d13d5437de21a5752c8f47b8ec7170b7e9ca789139de50e2cc924d8f9a1
semantic/W4_Q16/STRUCT/w4_out_012.desc	17	108c7a9f011f52dada1fca907b8925712d2f1c57a40c6e26c9930be62d5f01fd
semantic/W4_Q16/STRUCT/w4_out_012.meta	26	3b182971afbd448fb99639d883c626647345bc39305500721c7e3a72c15ec241
semantic/W4_Q16/STRUCT/w4_out_012.shadow	0	e3b0c44298fc1c149afbf4c8996fb92427ae41e4649b934ca495991b7852b855
semantic/W4_Q16/STRUCT/w4_out_013	576	db914d13d5437de21a5752c8f47b8ec7170b7e9ca789139de50e2cc924d8f9a1
semantic/W4_Q16/STRUCT/w4_out_013.desc	17	108c7a9f011f52dada1fca907b8925712d2f1c57a40c6e26c9930be62d5f01fd
semantic/W4_Q16/STRUCT/w4_out_013.meta	26	ef749947b4c4649f35a30ad903466c49667c4cb7c11b4e0f71492068fcfe1061
semantic/W4_Q16/STRUCT/w4_out_013.shadow	0	e3b0c44298fc1c149afbf4c8996fb92427ae41e4649b934ca495991b7852b855
semantic/W4_Q16/STRUCT/w4_out_014	576	db914d13d5437de21a5752c8f47b8ec7170b7e9ca789139de50e2cc924d8f9a1
semantic/W4_Q16/STRUCT/w4_out_014.desc	17	108c7a9f011f52dada1fca907b8925712d2f1c57a40c6e26c9930be62d5f01fd
semantic/W4_Q16/STRUCT/w4_out_014.meta	26	4703db6f1458e2c459e76ba36ad671ef78102cde8a83d5292506c232a11f1aa1
semantic/W4_Q16/STRUCT/w4_out_014.shadow	0	e3b0c44298fc1c149afbf4c8996fb92427ae41e4649b934ca495991b7852b855
semantic/W4_Q16/STRUCT/w4_out_015	576	db914d13d5437de21a5752c8f47b8ec7170b7e9ca789139de50e2cc924d8f9a1
semantic/W4_Q16/STRUCT/w4_out_015.desc	17	108c7a9f011f52dada1fca907b8925712d2f1c57a40c6e26c9930be62d5f01fd
semantic/W4_Q16/STRUCT/w4_out_015.meta	26	c26bdcb03c343fb84ef5f044f190f0dbcbfda30ba74ed1f1fa0013109d577297
semantic/W4_Q16/STRUCT/w4_out_015.shadow	0	e3b0c44298fc1c149afbf4c8996fb92427ae41e4649b934ca495991b7852b855
semantic/W4_Q16/STRUCT/w4_p_000	576	db914d13d5437de21a5752c8f47b8ec7170b7e9ca789139de50e2cc924d8f9a1
semantic/W4_Q16/STRUCT/w4_p_000.desc	22	deca89418af4636c9c780a99ecd62c80178ffc4570c986a251968fd73ae9f9d7
semantic/W4_Q16/STRUCT/w4_p_000.meta	26	f2396744942dd263ff4c0e240812d1e7c12051dfc0f7eccedf70ec970e8f257c
semantic/W4_Q16/STRUCT/w4_p_000.shadow	0	e3b0c44298fc1c149afbf4c8996fb92427ae41e4649b934ca495991b7852b855
semantic/W4_Q16/STRUCT/w4_p_001	576	db914d13d5437de21a5752c8f47b8ec7170b7e9ca789139de50e2cc924d8f9a1
semantic/W4_Q16/STRUCT/w4_p_001.desc	22	e95a96590cfe1e614bb1a8d1535cb3f15e9c2033e317f02939e9cc4ca754c5f2
semantic/W4_Q16/STRUCT/w4_p_001.meta	26	5de82e0ed0cfe25456c40b6ef70be4e704b91fa316ef3a90620066804d46b4b4
semantic/W4_Q16/STRUCT/w4_p_001.shadow	0	e3b0c44298fc1c149afbf4c8996fb92427ae41e4649b934ca495991b7852b855
semantic/W4_Q16/STRUCT/w4_p_002	576	db914d13d5437de21a5752c8f47b8ec7170b7e9ca789139de50e2cc924d8f9a1
semantic/W4_Q16/STRUCT/w4_p_002.desc	22	a637f771fd0ea18cd39c01e7c0a078d7a57a46c4715adbd5128aac2b41841170
semantic/W4_Q16/STRUCT/w4_p_002.meta	26	7f75fad3ce7083fda38a5b302e4eaa07d2ac77c4c6b1b483e75d5a5fa3079c15
semantic/W4_Q16/STRUCT/w4_p_002.shadow	0	e3b0c44298fc1c149afbf4c8996fb92427ae41e4649b934ca495991b7852b855
semantic/W4_Q16/STRUCT/w4_p_003	576	db914d13d5437de21a5752c8f47b8ec7170b7e9ca789139de50e2cc924d8f9a1
semantic/W4_Q16/STRUCT/w4_p_003.desc	22	c4d6651520166192cbde8877093298e69e69bb2a737d041d0362d1a0f39edf48
semantic/W4_Q16/STRUCT/w4_p_003.meta	26	fec19d9fb2fb5a1c8f655bd456b9955923fd517c671350831d1e19c25590bfd9
semantic/W4_Q16/STRUCT/w4_p_003.shadow	0	e3b0c44298fc1c149afbf4c8996fb92427ae41e4649b934ca495991b7852b855
semantic/W4_Q16/STRUCT/w4_p_004	576	db914d13d5437de21a5752c8f47b8ec7170b7e9ca789139de50e2cc924d8f9a1
semantic/W4_Q16/STRUCT/w4_p_004.desc	22	24795787ade910e615d4b928695a12d3fda8d1a36052778ab10a6cc08a1fcd73
semantic/W4_Q16/STRUCT/w4_p_004.meta	26	ee95d68cb95ec2cbcc8cee6a2ae58db8c3e05d1a8547b7ebeb6ff691cb4614ef
semantic/W4_Q16/STRUCT/w4_p_004.shadow	0	e3b0c44298fc1c149afbf4c8996fb92427ae41e4649b934ca495991b7852b855
semantic/W4_Q16/STRUCT/w4_p_005	576	db914d13d5437de21a5752c8f47b8ec7170b7e9ca789139de50e2cc924d8f9a1
semantic/W4_Q16/STRUCT/w4_p_005.desc	22	88b73c5e457227c4e85cbe49553ca3b51da6068e75d8a7f3d92e5f5219499989
semantic/W4_Q16/STRUCT/w4_p_005.meta	26	01c4caa0841d45690bd2a467b773821d1a7945529571198814e23fb76707d77b
semantic/W4_Q16/STRUCT/w4_p_005.shadow	0	e3b0c44298fc1c149afbf4c8996fb92427ae41e4649b934ca495991b7852b855
semantic/W4_Q16/STRUCT/w4_p_006	576	db914d13d5437de21a5752c8f47b8ec7170b7e9ca789139de50e2cc924d8f9a1
semantic/W4_Q16/STRUCT/w4_p_006.desc	22	d383f9024f26c70d348bccc66c1a20b5b0b1c3c406b8f02ce9d32e37d0d6de53
semantic/W4_Q16/STRUCT/w4_p_006.meta	26	a0999695cf4a449ca25e90edcffff08632b54cf6b4480fa809a011fe57de74e5
semantic/W4_Q16/STRUCT/w4_p_006.shadow	0	e3b0c44298fc1c149afbf4c8996fb92427ae41e4649b934ca495991b7852b855
semantic/W4_Q16/STRUCT/w4_p_007	576	db914d13d5437de21a5752c8f47b8ec7170b7e9ca789139de50e2cc924d8f9a1
semantic/W4_Q16/STRUCT/w4_p_007.desc	22	a8c8e13c52ee4c51e4acafcb5a151a493833c01771ee4a23be16ab4ae894a052
semantic/W4_Q16/STRUCT/w4_p_007.meta	26	b2bceede8a05d49535169e3ddb5d3ad45879d4636625924cc5b664b60b36bb53
semantic/W4_Q16/STRUCT/w4_p_007.shadow	0	e3b0c44298fc1c149afbf4c8996fb92427ae41e4649b934ca495991b7852b855
semantic/W4_Q16/STRUCT/w4_p_008	576	db914d13d5437de21a5752c8f47b8ec7170b7e9ca789139de50e2cc924d8f9a1
semantic/W4_Q16/STRUCT/w4_p_008.desc	22	ad6e1547896c38121431f84a6df3d0ee5b0a1980daf88e4e7c28c2f5752ba40e
semantic/W4_Q16/STRUCT/w4_p_008.meta	26	bfa2fd69c45d7b662d0b687a67c20ba794b096f89b0d7ffcfc55d95c4c10fa5a
semantic/W4_Q16/STRUCT/w4_p_008.shadow	0	e3b0c44298fc1c149afbf4c8996fb92427ae41e4649b934ca495991b7852b855
semantic/W4_Q16/STRUCT/w4_p_009	576	db914d13d5437de21a5752c8f47b8ec7170b7e9ca789139de50e2cc924d8f9a1
semantic/W4_Q16/STRUCT/w4_p_009.desc	22	8e8c095243900dccab3462aaf96d87451c42ae390c2c472d21017829b9f1a5bf
semantic/W4_Q16/STRUCT/w4_p_009.meta	26	7eaf0efe8be06050b5225861f19ac75670409efed8d5928bb0084c325885664a
semantic/W4_Q16/STRUCT/w4_p_009.shadow	0	e3b0c44298fc1c149afbf4c8996fb92427ae41e4649b934ca495991b7852b855
semantic/W4_Q16/STRUCT/w4_p_010	576	db914d13d5437de21a5752c8f47b8ec7170b7e9ca789139de50e2cc924d8f9a1
semantic/W4_Q16/STRUCT/w4_p_010.desc	22	660ebc8980b1fb02074d631d53fcc7eed23c1b9bb5faf85599289a703c02699f
semantic/W4_Q16/STRUCT/w4_p_010.meta	26	12f2d715462ee007730b4813a4060fedcdb08754b8b28d93eb55986885bd34b1
semantic/W4_Q16/STRUCT/w4_p_010.shadow	0	e3b0c44298fc1c149afbf4c8996fb92427ae41e4649b934ca495991b7852b855
semantic/W4_Q16/STRUCT/w4_p_011	576	db914d13d5437de21a5752c8f47b8ec7170b7e9ca789139de50e2cc924d8f9a1
semantic/W4_Q16/STRUCT/w4_p_011.desc	22	2829138aaf8d4457ca50dc33ae9225fbdbc8d831d80faa462bcf15d4fec4c65e
semantic/W4_Q16/STRUCT/w4_p_011.meta	26	a59019b28f870579d2be4536c75fcf4ce0d82eb592461e9e5ea8ff3a846f2c51
semantic/W4_Q16/STRUCT/w4_p_011.shadow	0	e3b0c44298fc1c149afbf4c8996fb92427ae41e4649b934ca495991b7852b855
semantic/W4_Q16/STRUCT/w4_p_012	576	db914d13d5437de21a5752c8f47b8ec7170b7e9ca789139de50e2cc924d8f9a1
semantic/W4_Q16/STRUCT/w4_p_012.desc	22	358f501aa8cd704cbb1d584c9706a187c593ed65d1b3e73490fd12ebd2eb0e8c
semantic/W4_Q16/STRUCT/w4_p_012.meta	26	75dba20ecbdf937a7db117e49f9e4029b83930ac0315e10b69425167e4737045
semantic/W4_Q16/STRUCT/w4_p_012.shadow	0	e3b0c44298fc1c149afbf4c8996fb92427ae41e4649b934ca495991b7852b855
semantic/W4_Q16/STRUCT/w4_p_013	576	db914d13d5437de21a5752c8f47b8ec7170b7e9ca789139de50e2cc924d8f9a1
semantic/W4_Q16/STRUCT/w4_p_013.desc	22	1bcb052f130a666a5fa5a267da076e08320b668fa51e93652f4c6772acd83bf5
semantic/W4_Q16/STRUCT/w4_p_013.meta	26	c6b89769d5f64b7b5f9737be891607a4d9138f68c0196d54e97e20a580c89e20
semantic/W4_Q16/STRUCT/w4_p_013.shadow	0	e3b0c44298fc1c149afbf4c8996fb92427ae41e4649b934ca495991b7852b855
semantic/W4_Q16/STRUCT/w4_p_014	576	db914d13d5437de21a5752c8f47b8ec7170b7e9ca789139de50e2cc924d8f9a1
semantic/W4_Q16/STRUCT/w4_p_014.desc	22	0758426bff784bf347cd77c26d9733f92e26cb0440fd0d2903ff4d3ae4a31607
semantic/W4_Q16/STRUCT/w4_p_014.meta	26	613025a6c09b79b3042e0685cc69ebecc4317aad59b3c602db882494bd0ba2ec
semantic/W4_Q16/STRUCT/w4_p_014.shadow	0	e3b0c44298fc1c149afbf4c8996fb92427ae41e4649b934ca495991b7852b855
semantic/W4_Q16/STRUCT/w4_p_015	576	db914d13d5437de21a5752c8f47b8ec7170b7e9ca789139de50e2cc924d8f9a1
semantic/W4_Q16/STRUCT/w4_p_015.desc	22	e95a34ba8e0cd5b68a489aaeaca0848acc26382e4ea93bc03f5c1e28899196ef
semantic/W4_Q16/STRUCT/w4_p_015.meta	26	27abdb2e36c74e411de80a6bd5462600d8072b8643d4c65e0ce71845e592707b
semantic/W4_Q16/STRUCT/w4_p_015.shadow	0	e3b0c44298fc1c149afbf4c8996fb92427ae41e4649b934ca495991b7852b855
semantic/W4_Q16/STRUCT/w4_win_000	13680	87e2a416b2849deb4586f62664e469bff9a6e8435b891ab850684eb3c3fc3167
semantic/W4_Q16/STRUCT/w4_win_000.desc	622	86a39a257b6a8ff4c051487b58fdef89d996f2b00986d427f64468df66a09edb
semantic/W4_Q16/STRUCT/w4_win_000.meta	29	c8a178557580d61ece2cdc32fe518fe5f1e2e5aa818c0fe33e39e8ba863a3cf0
semantic/W4_Q16/STRUCT/w4_win_000.shadow	0	e3b0c44298fc1c149afbf4c8996fb92427ae41e4649b934ca495991b7852b855
semantic/W4_Q16/STRUCT/w4_win_001	13680	87e2a416b2849deb4586f62664e469bff9a6e8435b891ab850684eb3c3fc3167
semantic/W4_Q16/STRUCT/w4_win_001.desc	622	141a3a9f520cca1530e055eff448ec71ef72ac5a67cc3c841b3b4f510a10a150
semantic/W4_Q16/STRUCT/w4_win_001.meta	29	62158b3ac163599f995083e6946bb8fc413de0bb385c398a5c3c78034d3de98a
semantic/W4_Q16/STRUCT/w4_win_001.shadow	0	e3b0c44298fc1c149afbf4c8996fb92427ae41e4649b934ca495991b7852b855
semantic/W4_Q16/STRUCT/w4_win_002	13680	87e2a416b2849deb4586f62664e469bff9a6e8435b891ab850684eb3c3fc3167
semantic/W4_Q16/STRUCT/w4_win_002.desc	622	68d40584b8dff9638fbe906d53bed5e7fcdd7b29ef5d9fcb221b4af51f206d55
semantic/W4_Q16/STRUCT/w4_win_002.meta	29	329e3823b792246274b432e0830187f0756e9a25a6de85be145b5755eb045ced
semantic/W4_Q16/STRUCT/w4_win_002.shadow	0	e3b0c44298fc1c149afbf4c8996fb92427ae41e4649b934ca495991b7852b855
semantic/W4_Q16/STRUCT/w4_win_003	13680	87e2a416b2849deb4586f62664e469bff9a6e8435b891ab850684eb3c3fc3167
semantic/W4_Q16/STRUCT/w4_win_003.desc	622	1db4154960605772cf4a54909b602f4730d898ce7a07ea6ba23cc129c45e6871
semantic/W4_Q16/STRUCT/w4_win_003.meta	29	1a080eeba8badd7e5d6072ebdee5bd3e293afc9e6f9a2dacaa75ec2e0ecf327e
semantic/W4_Q16/STRUCT/w4_win_003.shadow	0	e3b0c44298fc1c149afbf4c8996fb92427ae41e4649b934ca495991b7852b855
semantic/W4_Q16/STRUCT/w4_win_004	13680	87e2a416b2849deb4586f62664e469bff9a6e8435b891ab850684eb3c3fc3167
semantic/W4_Q16/STRUCT/w4_win_004.desc	622	f8243fd7ac703d8ce1daaa831f7c039d6d9a659c97a2d1a316b2bfe3a1a15a2f
semantic/W4_Q16/STRUCT/w4_win_004.meta	29	27994dd827dd83f28572f1966d801f2339d5429b2f3e7c35a9c80cc4b0ef7833
semantic/W4_Q16/STRUCT/w4_win_004.shadow	0	e3b0c44298fc1c149afbf4c8996fb92427ae41e4649b934ca495991b7852b855
semantic/W4_Q16/STRUCT/w4_win_005	13680	87e2a416b2849deb4586f62664e469bff9a6e8435b891ab850684eb3c3fc3167
semantic/W4_Q16/STRUCT/w4_win_005.desc	622	c11b646d3b4dc705b533c4e0c29019338ecd233b3fa6dd5faef901423b3dcbe0
semantic/W4_Q16/STRUCT/w4_win_005.meta	29	540bc85d650c38cdcf6ed0f3d307bcae2ec1f1fb5ac9ca1b2d3c99990d94aa8c
semantic/W4_Q16/STRUCT/w4_win_005.shadow	0	e3b0c44298fc1c149afbf4c8996fb92427ae41e4649b934ca495991b7852b855
semantic/W4_Q16/STRUCT/w4_win_006	13680	87e2a416b2849deb4586f62664e469bff9a6e8435b891ab850684eb3c3fc3167
semantic/W4_Q16/STRUCT/w4_win_006.desc	622	b5dc2340517ac512ed5a7dc3753dc0fb9182f6069592d403cbb0d6799af7da3b
semantic/W4_Q16/STRUCT/w4_win_006.meta	29	468c75f5bb781e7dbe17a7c9f6f8eddfa75e98b6aff3cef8ed282dc86cfe7141
semantic/W4_Q16/STRUCT/w4_win_006.shadow	0	e3b0c44298fc1c149afbf4c8996fb92427ae41e4649b934ca495991b7852b855
semantic/W4_Q16/STRUCT/w4_win_007	13680	87e2a416b2849deb4586f62664e469bff9a6e8435b891ab850684eb3c3fc3167
semantic/W4_Q16/STRUCT/w4_win_007.desc	622	9dbabfe85c04bcb4aa3e745859dceef6c3a0254bb935c77e2bbbfb07e27647f5
semantic/W4_Q16/STRUCT/w4_win_007.meta	29	fac3b5a86dff90138e57bc01ac7c8ae5f5c4e3ff5e1cb4f5b241ec4c72546bdd
semantic/W4_Q16/STRUCT/w4_win_007.shadow	0	e3b0c44298fc1c149afbf4c8996fb92427ae41e4649b934ca495991b7852b855
semantic/W4_Q16/STRUCT/w4_win_008	13680	87e2a416b2849deb4586f62664e469bff9a6e8435b891ab850684eb3c3fc3167
semantic/W4_Q16/STRUCT/w4_win_008.desc	622	f25c4ca05b0a3c4dab6849e9dddb59492a16b9a58b2b3bee21a7c974f726b2e1
semantic/W4_Q16/STRUCT/w4_win_008.meta	29	01a46ed255d1fda3d14ae93828662406caaaa758f66b0ff4a7fb307ad672d1bf
semantic/W4_Q16/STRUCT/w4_win_008.shadow	0	e3b0c44298fc1c149afbf4c8996fb92427ae41e4649b934ca495991b7852b855
semantic/W4_Q16/STRUCT/w4_win_009	13680	87e2a416b2849deb4586f62664e469bff9a6e8435b891ab850684eb3c3fc3167
semantic/W4_Q16/STRUCT/w4_win_009.desc	622	783107a5c59862dbe0ee793d0a0f35d4087e94898ee1347f8ae09e8dab77e4b6
semantic/W4_Q16/STRUCT/w4_win_009.meta	29	0988ceb4e3d778d67ad9b9f30da1e5a4e55bf3b34c1c8f7a5d7f6988b141a7f9
semantic/W4_Q16/STRUCT/w4_win_009.shadow	0	e3b0c44298fc1c149afbf4c8996fb92427ae41e4649b934ca495991b7852b855
semantic/W4_Q16/STRUCT/w4_win_010	13680	87e2a416b2849deb4586f62664e469bff9a6e8435b891ab850684eb3c3fc3167
semantic/W4_Q16/STRUCT/w4_win_010.desc	622	95029c059b3340ba514b80bd3e803f8ac99aee68f71ade78738c088713c198a5
semantic/W4_Q16/STRUCT/w4_win_010.meta	29	d6faf5f0fa1fa2b52959876b8b5ca6ea7ce57f775d598759fa54e49a8307a8d5
semantic/W4_Q16/STRUCT/w4_win_010.shadow	0	e3b0c44298fc1c149afbf4c8996fb92427ae41e4649b934ca495991b7852b855
semantic/W4_Q16/STRUCT/w4_win_011	13680	87e2a416b2849deb4586f62664e469bff9a6e8435b891ab850684eb3c3fc3167
semantic/W4_Q16/STRUCT/w4_win_011.desc	622	b49fb026386a60a8963488d23eb91cad818dbe2b65cd8654e84c5d29340b6cd8
semantic/W4_Q16/STRUCT/w4_win_011.meta	29	d4d73e6cc2866b470bbde6b16f66eb2e5f0ccad47285bf3a38317a777631b651
semantic/W4_Q16/STRUCT/w4_win_011.shadow	0	e3b0c44298fc1c149afbf4c8996fb92427ae41e4649b934ca495991b7852b855
semantic/W4_Q16/STRUCT/w4_win_012	13680	87e2a416b2849deb4586f62664e469bff9a6e8435b891ab850684eb3c3fc3167
semantic/W4_Q16/STRUCT/w4_win_012.desc	622	3dabe78b4a6f53c3da0b3257a7ffa3bcfa0067e83088429ffeb99bb49d3b04bb
semantic/W4_Q16/STRUCT/w4_win_012.meta	29	1dbcea3169b1679fb57a93d7ff3468efa37884912002099ce8551aec8dd127b0
semantic/W4_Q16/STRUCT/w4_win_012.shadow	0	e3b0c44298fc1c149afbf4c8996fb92427ae41e4649b934ca495991b7852b855
semantic/W4_Q16/STRUCT/w4_win_013	13680	87e2a416b2849deb4586f62664e469bff9a6e8435b891ab850684eb3c3fc3167
semantic/W4_Q16/STRUCT/w4_win_013.desc	622	c979e81d9c9578b6f2b5e0f9f73d9ed49ed8db81807a791f108daeda108ffaee
semantic/W4_Q16/STRUCT/w4_win_013.meta	29	33562e72a3f646b06d512e7565e085acd409aa156a0718217dd1d21d108cdbf1
semantic/W4_Q16/STRUCT/w4_win_013.shadow	0	e3b0c44298fc1c149afbf4c8996fb92427ae41e4649b934ca495991b7852b855
semantic/W4_Q16/STRUCT/w4_win_014	13680	87e2a416b2849deb4586f62664e469bff9a6e8435b891ab850684eb3c3fc3167
semantic/W4_Q16/STRUCT/w4_win_014.desc	622	a6c7022d99214b101c2b5d50751690b0bba73e35e02f276fb177047536e534f1
semantic/W4_Q16/STRUCT/w4_win_014.meta	29	1c23d8152cc1874f1a8beed62672c02b041f8c0e97d22b63daa581da948263b9
semantic/W4_Q16/STRUCT/w4_win_014.shadow	0	e3b0c44298fc1c149afbf4c8996fb92427ae41e4649b934ca495991b7852b855
semantic/W4_Q16/STRUCT/w4_win_015	13680	87e2a416b2849deb4586f62664e469bff9a6e8435b891ab850684eb3c3fc3167
semantic/W4_Q16/STRUCT/w4_win_015.desc	622	feb7c214fa75b7523d4cb7a19d4006cad5591018f31507521b7fade4dc72ebbc
semantic/W4_Q16/STRUCT/w4_win_015.meta	29	bb292c719d0e6a8cd99989e7c3f064712d1bf990cb7f8c33fd7042678575fb97
semantic/W4_Q16/STRUCT/w4_win_015.shadow	0	e3b0c44298fc1c149afbf4c8996fb92427ae41e4649b934ca495991b7852b855
semantic/W4_Q32/ALGSTRUCT/A.desc	47	5787acced769f970ba7f750893bcaa9b5561a220ea42b224db71f7abd71c4dfa
semantic/W4_Q32/ALGSTRUCT/B.desc	47	f8f7b0f4c2423653c82e5af23efa0ea0d5e86fb7f932478b7f092ba3faf1a909
semantic/W4_Q32/ALGSTRUCT/STREAM_HASH_A_B.desc	43	91fa2aec6956910a282e26f8f428ec61448ae55aa3da815f9b270b5f0c8c0033
semantic/W4_Q32/ALGSTRUCT/STREAM_HASH_A_B.meta	26	ee5a1b94552b837b68bda77f77296f4c4a7668d3068b99092fbe2a3629e93bcc
semantic/W4_Q32/ALGSTRUCT/w4_avg_000	456	4b6e84d154fb8ec750761040ed1e1007ab9842800bd35a9fc9c90c9a222fe56d
semantic/W4_Q32/ALGSTRUCT/w4_avg_000.desc	24	d82cc3bf56052e5f5425dbfc028af862adf0d8f351f32e9592c1cac70691187e
semantic/W4_Q32/ALGSTRUCT/w4_avg_000.meta	26	1ee09bca3d3c1672668f4ee11fadc2862ca6f4341da7f2398091ae224062db85
semantic/W4_Q32/ALGSTRUCT/w4_avg_000.shadow	0	e3b0c44298fc1c149afbf4c8996fb92427ae41e4649b934ca495991b7852b855
semantic/W4_Q32/ALGSTRUCT/w4_avg_001	456	4b6e84d154fb8ec750761040ed1e1007ab9842800bd35a9fc9c90c9a222fe56d
semantic/W4_Q32/ALGSTRUCT/w4_avg_001.desc	24	6271206be67b85e268ce5c407efd73220641e0b9ac74a1137753d8f046dc4227
semantic/W4_Q32/ALGSTRUCT/w4_avg_001.meta	26	f02ffd6ac756535d592ada63ba224301c10926a846015a8e21243404f79e2cbf
semantic/W4_Q32/ALGSTRUCT/w4_avg_001.shadow	0	e3b0c44298fc1c149afbf4c8996fb92427ae41e4649b934ca495991b7852b855
semantic/W4_Q32/ALGSTRUCT/w4_avg_002	456	4b6e84d154fb8ec750761040ed1e1007ab9842800bd35a9fc9c90c9a222fe56d
semantic/W4_Q32/ALGSTRUCT/w4_avg_002.desc	24	54209826f53cf131f0be2820f7a13a41d0f27b928e927e0ed50eafaba7486cfb
semantic/W4_Q32/ALGSTRUCT/w4_avg_002.meta	26	21315ea27bfb2b1e612080b88cc1da1c79f2d30579c84e71aaccd19e168eac51
semantic/W4_Q32/ALGSTRUCT/w4_avg_002.shadow	0	e3b0c44298fc1c149afbf4c8996fb92427ae41e4649b934ca495991b7852b855
semantic/W4_Q32/ALGSTRUCT/w4_avg_003	456	4b6e84d154fb8ec750761040ed1e1007ab9842800bd35a9fc9c90c9a222fe56d
semantic/W4_Q32/ALGSTRUCT/w4_avg_003.desc	24	2a79925232fcb4dfdc8f26f6d3841bf9ea295b4574124d206ab36d806b71915b
semantic/W4_Q32/ALGSTRUCT/w4_avg_003.meta	26	8bab4664f18f2d12c4d3062da90c641759277fa02a7d0127e106c7b7cbb1de9b
semantic/W4_Q32/ALGSTRUCT/w4_avg_003.shadow	0	e3b0c44298fc1c149afbf4c8996fb92427ae41e4649b934ca495991b7852b855
semantic/W4_Q32/ALGSTRUCT/w4_avg_004	456	4b6e84d154fb8ec750761040ed1e1007ab9842800bd35a9fc9c90c9a222fe56d
semantic/W4_Q32/ALGSTRUCT/w4_avg_004.desc	24	c6d864c93e0d37217049c995ca1ff38ece8f2e5335f7c05ba27158a6c4ba0e55
semantic/W4_Q32/ALGSTRUCT/w4_avg_004.meta	26	20f770bf2dab9077853c98d267af7b41869c27370d0af7596666b55f527f86e1
semantic/W4_Q32/ALGSTRUCT/w4_avg_004.shadow	0	e3b0c44298fc1c149afbf4c8996fb92427ae41e4649b934ca495991b7852b855
semantic/W4_Q32/ALGSTRUCT/w4_avg_005	456	4b6e84d154fb8ec750761040ed1e1007ab9842800bd35a9fc9c90c9a222fe56d
semantic/W4_Q32/ALGSTRUCT/w4_avg_005.desc	24	2d92c47be25d87ab22052dc929d20629f4890e5cb484f497f9e69ca540e4a6c2
semantic/W4_Q32/ALGSTRUCT/w4_avg_005.meta	26	8aceb04805b787445094a031f54043aeceb3030dbb59273daf270bc3f309e3e4
semantic/W4_Q32/ALGSTRUCT/w4_avg_005.shadow	0	e3b0c44298fc1c149afbf4c8996fb92427ae41e4649b934ca495991b7852b855
semantic/W4_Q32/ALGSTRUCT/w4_avg_006	456	4b6e84d154fb8ec750761040ed1e1007ab9842800bd35a9fc9c90c9a222fe56d
semantic/W4_Q32/ALGSTRUCT/w4_avg_006.desc	24	ba3d9fe0278ef1f56664ebdcc57c9dde8c6a1e2321b26d3cc905fb6080c769ca
semantic/W4_Q32/ALGSTRUCT/w4_avg_006.meta	26	af7693ba148e903238de73e5edd0649dc5d09893eff25db1a59a2b60b016b7ce
semantic/W4_Q32/ALGSTRUCT/w4_avg_006.shadow	0	e3b0c44298fc1c149afbf4c8996fb92427ae41e4649b934ca495991b7852b855
semantic/W4_Q32/ALGSTRUCT/w4_avg_007	456	4b6e84d154fb8ec750761040ed1e1007ab9842800bd35a9fc9c90c9a222fe56d
semantic/W4_Q32/ALGSTRUCT/w4_avg_007.desc	24	d8cf14191552fb84a13cc14ac62c408652f6ba7e88cc45ef5690d671a75de164
semantic/W4_Q32/ALGSTRUCT/w4_avg_007.meta	26	bb30e55cfcf052062219b23c24c035a110e1b3a8841dbd0b06a3b46dc28a5438
semantic/W4_Q32/ALGSTRUCT/w4_avg_007.shadow	0	e3b0c44298fc1c149afbf4c8996fb92427ae41e4649b934ca495991b7852b855
semantic/W4_Q32/ALGSTRUCT/w4_avg_008	456	4b6e84d154fb8ec750761040ed1e1007ab9842800bd35a9fc9c90c9a222fe56d
semantic/W4_Q32/ALGSTRUCT/w4_avg_008.desc	24	30dab1a5d52de4ea4eba3c9cc422b039f1f1f06e62ad556e260b50a5fd016c68
semantic/W4_Q32/ALGSTRUCT/w4_avg_008.meta	26	12d585a43bee02853bb00c28258e185f2efec87e6a6e4d92e18b0bbc5db6e6d4
semantic/W4_Q32/ALGSTRUCT/w4_avg_008.shadow	0	e3b0c44298fc1c149afbf4c8996fb92427ae41e4649b934ca495991b7852b855
semantic/W4_Q32/ALGSTRUCT/w4_avg_009	456	4b6e84d154fb8ec750761040ed1e1007ab9842800bd35a9fc9c90c9a222fe56d
semantic/W4_Q32/ALGSTRUCT/w4_avg_009.desc	24	c570e225d3e1808b9592229bb98d742591d05e8ce93bec49ac30638e717f01a7
semantic/W4_Q32/ALGSTRUCT/w4_avg_009.meta	26	18314e29298aca6636f29dbf1fd1581bdcae3d2be62488e014f2d835a18affa9
semantic/W4_Q32/ALGSTRUCT/w4_avg_009.shadow	0	e3b0c44298fc1c149afbf4c8996fb92427ae41e4649b934ca495991b7852b855
semantic/W4_Q32/ALGSTRUCT/w4_avg_010	456	4b6e84d154fb8ec750761040ed1e1007ab9842800bd35a9fc9c90c9a222fe56d
semantic/W4_Q32/ALGSTRUCT/w4_avg_010.desc	24	2c16b0e95f72c7a2b6070139b704a85e8d10420870bf80993d8bb21d3952bbd4
semantic/W4_Q32/ALGSTRUCT/w4_avg_010.meta	26	c15e46fbb8cb8a12c07803219dfa03e4d76ce307836f95c32aa35df526f5fee4
semantic/W4_Q32/ALGSTRUCT/w4_avg_010.shadow	0	e3b0c44298fc1c149afbf4c8996fb92427ae41e4649b934ca495991b7852b855
semantic/W4_Q32/ALGSTRUCT/w4_avg_011	456	4b6e84d154fb8ec750761040ed1e1007ab9842800bd35a9fc9c90c9a222fe56d
semantic/W4_Q32/ALGSTRUCT/w4_avg_011.desc	24	f4bbb626109e1000ad6d422b66777553f5929067219135e15d2b505cf983f5a4
semantic/W4_Q32/ALGSTRUCT/w4_avg_011.meta	26	72dad3836ffc2fcf43dd87842b3a4461b2d2ded9778f5473c3900a4dabf27334
semantic/W4_Q32/ALGSTRUCT/w4_avg_011.shadow	0	e3b0c44298fc1c149afbf4c8996fb92427ae41e4649b934ca495991b7852b855
semantic/W4_Q32/ALGSTRUCT/w4_avg_012	456	4b6e84d154fb8ec750761040ed1e1007ab9842800bd35a9fc9c90c9a222fe56d
semantic/W4_Q32/ALGSTRUCT/w4_avg_012.desc	24	dd63aeb0736355cfe2e0262be7bd9e2bdc151453678549de4c08d638b3c76efc
semantic/W4_Q32/ALGSTRUCT/w4_avg_012.meta	26	26364dc9f418a4eb31ce153e148b6af0112d8255fb65ebeacb2bfd6d460b51a9
semantic/W4_Q32/ALGSTRUCT/w4_avg_012.shadow	0	e3b0c44298fc1c149afbf4c8996fb92427ae41e4649b934ca495991b7852b855
semantic/W4_Q32/ALGSTRUCT/w4_avg_013	456	4b6e84d154fb8ec750761040ed1e1007ab9842800bd35a9fc9c90c9a222fe56d
semantic/W4_Q32/ALGSTRUCT/w4_avg_013.desc	24	a21436d1781f6f200c08c601b856095aac6fe0c52cd1c306ed43612ea5d33b1a
semantic/W4_Q32/ALGSTRUCT/w4_avg_013.meta	26	f06532d9b20f99e38738ea4b147aaf0843aa4871106f8a3b2af4f9354bb9ab1c
semantic/W4_Q32/ALGSTRUCT/w4_avg_013.shadow	0	e3b0c44298fc1c149afbf4c8996fb92427ae41e4649b934ca495991b7852b855
semantic/W4_Q32/ALGSTRUCT/w4_avg_014	456	4b6e84d154fb8ec750761040ed1e1007ab9842800bd35a9fc9c90c9a222fe56d
semantic/W4_Q32/ALGSTRUCT/w4_avg_014.desc	24	65d4fe85dcfcf17ef2e4a1a9376991d420285aaeec77f4ad69807ba89a82f0d3
semantic/W4_Q32/ALGSTRUCT/w4_avg_014.meta	26	a4fd5179ee39c59fbd2268b05f784955e1ecc55e60eaf13eee7b93fa02c942cd
semantic/W4_Q32/ALGSTRUCT/w4_avg_014.shadow	0	e3b0c44298fc1c149afbf4c8996fb92427ae41e4649b934ca495991b7852b855
semantic/W4_Q32/ALGSTRUCT/w4_avg_015	456	4b6e84d154fb8ec750761040ed1e1007ab9842800bd35a9fc9c90c9a222fe56d
semantic/W4_Q32/ALGSTRUCT/w4_avg_015.desc	24	55f74c308827fb7117ed70c1dfa7607fd65a306b3a32b027ff2e88ad150c30c8
semantic/W4_Q32/ALGSTRUCT/w4_avg_015.meta	26	012e761a619ec6a784bd225c05c88dbddd688bafa36b5fd5ca09fe133de5203e
semantic/W4_Q32/ALGSTRUCT/w4_avg_015.shadow	0	e3b0c44298fc1c149afbf4c8996fb92427ae41e4649b934ca495991b7852b855
semantic/W4_Q32/ALGSTRUCT/w4_avg_016	456	4b6e84d154fb8ec750761040ed1e1007ab9842800bd35a9fc9c90c9a222fe56d
semantic/W4_Q32/ALGSTRUCT/w4_avg_016.desc	24	6d9febc7d1752f35faac375d614b88cb11982742120bc34510aad997e168875d
semantic/W4_Q32/ALGSTRUCT/w4_avg_016.meta	26	23ce5a4984a29a7c9ec109a8a92ff9817ce4bb9ce8b3072e6e6593d06a3e07b9
semantic/W4_Q32/ALGSTRUCT/w4_avg_016.shadow	0	e3b0c44298fc1c149afbf4c8996fb92427ae41e4649b934ca495991b7852b855
semantic/W4_Q32/ALGSTRUCT/w4_avg_017	456	4b6e84d154fb8ec750761040ed1e1007ab9842800bd35a9fc9c90c9a222fe56d
semantic/W4_Q32/ALGSTRUCT/w4_avg_017.desc	24	69fd8c1a65814a968f97151371bbc601626c349b6c01d180dc347706b6ed7725
semantic/W4_Q32/ALGSTRUCT/w4_avg_017.meta	26	c61b68ef40cf8ebf6a9472f99e6d97998a780d0cdce38fd179409fb9b4fd7713
semantic/W4_Q32/ALGSTRUCT/w4_avg_017.shadow	0	e3b0c44298fc1c149afbf4c8996fb92427ae41e4649b934ca495991b7852b855
semantic/W4_Q32/ALGSTRUCT/w4_avg_018	456	4b6e84d154fb8ec750761040ed1e1007ab9842800bd35a9fc9c90c9a222fe56d
semantic/W4_Q32/ALGSTRUCT/w4_avg_018.desc	24	eea88466b019e5a8da2a73e8d74bb504325fdd795bedb8619c42ffc59e39c765
semantic/W4_Q32/ALGSTRUCT/w4_avg_018.meta	26	749a346f44cc5c2ff460a09fbb8cc6a8579aa9e48b2d84d8705f2b40d10780e1
semantic/W4_Q32/ALGSTRUCT/w4_avg_018.shadow	0	e3b0c44298fc1c149afbf4c8996fb92427ae41e4649b934ca495991b7852b855
semantic/W4_Q32/ALGSTRUCT/w4_avg_019	456	4b6e84d154fb8ec750761040ed1e1007ab9842800bd35a9fc9c90c9a222fe56d
semantic/W4_Q32/ALGSTRUCT/w4_avg_019.desc	24	314aed69be19c98d9d4155b33d53c62a46b5bc86b703cce7635c689104dfb503
semantic/W4_Q32/ALGSTRUCT/w4_avg_019.meta	26	edd51db9d369a58d42628f1587c5955b4ac509d153e763eb06bda3b6a232f652
semantic/W4_Q32/ALGSTRUCT/w4_avg_019.shadow	0	e3b0c44298fc1c149afbf4c8996fb92427ae41e4649b934ca495991b7852b855
semantic/W4_Q32/ALGSTRUCT/w4_avg_020	456	4b6e84d154fb8ec750761040ed1e1007ab9842800bd35a9fc9c90c9a222fe56d
semantic/W4_Q32/ALGSTRUCT/w4_avg_020.desc	24	5b480db034780665183ea22d0108e0c8252d2d2aaa19b739c152a4906eae94bd
semantic/W4_Q32/ALGSTRUCT/w4_avg_020.meta	26	9ffaf8c4addd7d5a7a9e7a0c974ed29fa140eb8083eeac32d5a89c8f539cd7fc
semantic/W4_Q32/ALGSTRUCT/w4_avg_020.shadow	0	e3b0c44298fc1c149afbf4c8996fb92427ae41e4649b934ca495991b7852b855
semantic/W4_Q32/ALGSTRUCT/w4_avg_021	456	4b6e84d154fb8ec750761040ed1e1007ab9842800bd35a9fc9c90c9a222fe56d
semantic/W4_Q32/ALGSTRUCT/w4_avg_021.desc	24	e7f215a12d1246a19f2214ad4d92ff13e47f1511dbe6558cc9102586572b18c5
semantic/W4_Q32/ALGSTRUCT/w4_avg_021.meta	26	b7f6217e6444a889b9d14084296aa92842ab92826a78bf3c6d59e7441b52ca75
semantic/W4_Q32/ALGSTRUCT/w4_avg_021.shadow	0	e3b0c44298fc1c149afbf4c8996fb92427ae41e4649b934ca495991b7852b855
semantic/W4_Q32/ALGSTRUCT/w4_avg_022	456	4b6e84d154fb8ec750761040ed1e1007ab9842800bd35a9fc9c90c9a222fe56d
semantic/W4_Q32/ALGSTRUCT/w4_avg_022.desc	24	cfe47378a9505f0b8aef38b204b97ef6fe4c248ab69b2486addce239fdf34c9e
semantic/W4_Q32/ALGSTRUCT/w4_avg_022.meta	26	8a19f44d31c2475e863ce4a2f7bc7bf7d0e1fad2333a882bda915d013d12d32f
semantic/W4_Q32/ALGSTRUCT/w4_avg_022.shadow	0	e3b0c44298fc1c149afbf4c8996fb92427ae41e4649b934ca495991b7852b855
semantic/W4_Q32/ALGSTRUCT/w4_avg_023	456	4b6e84d154fb8ec750761040ed1e1007ab9842800bd35a9fc9c90c9a222fe56d
semantic/W4_Q32/ALGSTRUCT/w4_avg_023.desc	24	e81bf4d42222bd4d9ff9fb2edcc06b5d1146e02e139483cd9f7bc16f84234a29
semantic/W4_Q32/ALGSTRUCT/w4_avg_023.meta	26	f48d6888ebdea20fd07911eb9f663ffabe89e44da56ee9fb5a75a9985afc3a64
semantic/W4_Q32/ALGSTRUCT/w4_avg_023.shadow	0	e3b0c44298fc1c149afbf4c8996fb92427ae41e4649b934ca495991b7852b855
semantic/W4_Q32/ALGSTRUCT/w4_avg_024	456	4b6e84d154fb8ec750761040ed1e1007ab9842800bd35a9fc9c90c9a222fe56d
semantic/W4_Q32/ALGSTRUCT/w4_avg_024.desc	24	810d335ae0c0305dc1695542f5c626771f0b9ba1dfa8a938b4a28fe7ab9d9403
semantic/W4_Q32/ALGSTRUCT/w4_avg_024.meta	26	41267400002616e5f08de902fd6e6769791a48af833eb9be79c46f7395b982fe
semantic/W4_Q32/ALGSTRUCT/w4_avg_024.shadow	0	e3b0c44298fc1c149afbf4c8996fb92427ae41e4649b934ca495991b7852b855
semantic/W4_Q32/ALGSTRUCT/w4_avg_025	456	4b6e84d154fb8ec750761040ed1e1007ab9842800bd35a9fc9c90c9a222fe56d
semantic/W4_Q32/ALGSTRUCT/w4_avg_025.desc	24	98c2668ecf55c12bfbd85f7b95b2210f7eac8533879f8ba1d37f6b00eb97dd95
semantic/W4_Q32/ALGSTRUCT/w4_avg_025.meta	26	8fb66100bb05b77be55d17eee9385e17b1a62bc017dbb029568d22aac4e6d821
semantic/W4_Q32/ALGSTRUCT/w4_avg_025.shadow	0	e3b0c44298fc1c149afbf4c8996fb92427ae41e4649b934ca495991b7852b855
semantic/W4_Q32/ALGSTRUCT/w4_avg_026	456	4b6e84d154fb8ec750761040ed1e1007ab9842800bd35a9fc9c90c9a222fe56d
semantic/W4_Q32/ALGSTRUCT/w4_avg_026.desc	24	a08461bfceb211e0a656dc9143cec552858a87efd8f966ef8e2e0d1ebcb96e77
semantic/W4_Q32/ALGSTRUCT/w4_avg_026.meta	26	4dd6028c30898fa6f26e8a4563fea344ea2c5c0e51c1e23194b44753ba37179c
semantic/W4_Q32/ALGSTRUCT/w4_avg_026.shadow	0	e3b0c44298fc1c149afbf4c8996fb92427ae41e4649b934ca495991b7852b855
semantic/W4_Q32/ALGSTRUCT/w4_avg_027	456	4b6e84d154fb8ec750761040ed1e1007ab9842800bd35a9fc9c90c9a222fe56d
semantic/W4_Q32/ALGSTRUCT/w4_avg_027.desc	24	59d406544f56894910cae55ac8cf407e6f91c88d2067d3e133dbb718a63c9f3f
semantic/W4_Q32/ALGSTRUCT/w4_avg_027.meta	26	e843c2be383f7f9e6986c5068d455939e26ad97b8d646b28271904311792964f
semantic/W4_Q32/ALGSTRUCT/w4_avg_027.shadow	0	e3b0c44298fc1c149afbf4c8996fb92427ae41e4649b934ca495991b7852b855
semantic/W4_Q32/ALGSTRUCT/w4_avg_028	456	4b6e84d154fb8ec750761040ed1e1007ab9842800bd35a9fc9c90c9a222fe56d
semantic/W4_Q32/ALGSTRUCT/w4_avg_028.desc	24	46e3aeeafc5e8c0aaf83fb0b477ddf046fda6b07801a50f0ac1c7fd5316f7f93
semantic/W4_Q32/ALGSTRUCT/w4_avg_028.meta	26	8dabc4337ef6a5e1362f4583c0cfafd92b0555d683bf206c06789b7f3058137e
semantic/W4_Q32/ALGSTRUCT/w4_avg_028.shadow	0	e3b0c44298fc1c149afbf4c8996fb92427ae41e4649b934ca495991b7852b855
semantic/W4_Q32/ALGSTRUCT/w4_avg_029	456	4b6e84d154fb8ec750761040ed1e1007ab9842800bd35a9fc9c90c9a222fe56d
semantic/W4_Q32/ALGSTRUCT/w4_avg_029.desc	24	4d1d1d4ae6684641db0ff29c87c86159c6c3b0498039ea3ca1e9aded35f14a85
semantic/W4_Q32/ALGSTRUCT/w4_avg_029.meta	26	485cbbf6c5a6d651404627ddbc13163679c4088e60365c486aed1bfcbdc48cbd
semantic/W4_Q32/ALGSTRUCT/w4_avg_029.shadow	0	e3b0c44298fc1c149afbf4c8996fb92427ae41e4649b934ca495991b7852b855
semantic/W4_Q32/ALGSTRUCT/w4_avg_030	456	4b6e84d154fb8ec750761040ed1e1007ab9842800bd35a9fc9c90c9a222fe56d
semantic/W4_Q32/ALGSTRUCT/w4_avg_030.desc	24	0036cee62d1d6f2bfae3ca8498539bfb20a6a7c42b46f5a26d46f4b6bfe9db94
semantic/W4_Q32/ALGSTRUCT/w4_avg_030.meta	26	117de5759f1065605a841fee5f303faaef6dee70db6358e7861c60da39b30b85
semantic/W4_Q32/ALGSTRUCT/w4_avg_030.shadow	0	e3b0c44298fc1c149afbf4c8996fb92427ae41e4649b934ca495991b7852b855
semantic/W4_Q32/ALGSTRUCT/w4_avg_031	456	4b6e84d154fb8ec750761040ed1e1007ab9842800bd35a9fc9c90c9a222fe56d
semantic/W4_Q32/ALGSTRUCT/w4_avg_031.desc	24	726c101755c3f0e85a195d43932e74b92fb7f35d1e2b49e65d1fe04307b470cf
semantic/W4_Q32/ALGSTRUCT/w4_avg_031.meta	26	21de621f01e467af6bca6a6f950c6f0a325dac4c60ca094ca0adcefc409e6cac
semantic/W4_Q32/ALGSTRUCT/w4_avg_031.shadow	0	e3b0c44298fc1c149afbf4c8996fb92427ae41e4649b934ca495991b7852b855
semantic/W4_Q32/ALGSTRUCT/w4_out_000	576	db914d13d5437de21a5752c8f47b8ec7170b7e9ca789139de50e2cc924d8f9a1
semantic/W4_Q32/ALGSTRUCT/w4_out_000.desc	17	108c7a9f011f52dada1fca907b8925712d2f1c57a40c6e26c9930be62d5f01fd
semantic/W4_Q32/ALGSTRUCT/w4_out_000.meta	26	879913046ba02439a19390fc311125d94c832ba22ee602b7def4f3e04378bdc7
semantic/W4_Q32/ALGSTRUCT/w4_out_000.shadow	0	e3b0c44298fc1c149afbf4c8996fb92427ae41e4649b934ca495991b7852b855
semantic/W4_Q32/ALGSTRUCT/w4_out_001	576	db914d13d5437de21a5752c8f47b8ec7170b7e9ca789139de50e2cc924d8f9a1
semantic/W4_Q32/ALGSTRUCT/w4_out_001.desc	17	108c7a9f011f52dada1fca907b8925712d2f1c57a40c6e26c9930be62d5f01fd
semantic/W4_Q32/ALGSTRUCT/w4_out_001.meta	26	25d6bf62bcacab3f09d7f630529c0b0d736fee4b24ebf6c8d60c6318a9e067d0
semantic/W4_Q32/ALGSTRUCT/w4_out_001.shadow	0	e3b0c44298fc1c149afbf4c8996fb92427ae41e4649b934ca495991b7852b855
semantic/W4_Q32/ALGSTRUCT/w4_out_002	576	db914d13d5437de21a5752c8f47b8ec7170b7e9ca789139de50e2cc924d8f9a1
semantic/W4_Q32/ALGSTRUCT/w4_out_002.desc	17	108c7a9f011f52dada1fca907b8925712d2f1c57a40c6e26c9930be62d5f01fd
semantic/W4_Q32/ALGSTRUCT/w4_out_002.meta	26	f5112e7bec9466eef82ba0036f1b0e827eeca38ef0d4f3be12a8b855e8044535
semantic/W4_Q32/ALGSTRUCT/w4_out_002.shadow	0	e3b0c44298fc1c149afbf4c8996fb92427ae41e4649b934ca495991b7852b855
semantic/W4_Q32/ALGSTRUCT/w4_out_003	576	db914d13d5437de21a5752c8f47b8ec7170b7e9ca789139de50e2cc924d8f9a1
semantic/W4_Q32/ALGSTRUCT/w4_out_003.desc	17	108c7a9f011f52dada1fca907b8925712d2f1c57a40c6e26c9930be62d5f01fd
semantic/W4_Q32/ALGSTRUCT/w4_out_003.meta	26	ac5565295d13cc3adebdb0b1086530ac98ebe5e93b9f67a21f1daf6a1769802f
semantic/W4_Q32/ALGSTRUCT/w4_out_003.shadow	0	e3b0c44298fc1c149afbf4c8996fb92427ae41e4649b934ca495991b7852b855
semantic/W4_Q32/ALGSTRUCT/w4_out_004	576	db914d13d5437de21a5752c8f47b8ec7170b7e9ca789139de50e2cc924d8f9a1
semantic/W4_Q32/ALGSTRUCT/w4_out_004.desc	17	108c7a9f011f52dada1fca907b8925712d2f1c57a40c6e26c9930be62d5f01fd
semantic/W4_Q32/ALGSTRUCT/w4_out_004.meta	26	05a7b173e502a497a41131bd8e4f33feae0ab3c6012777e27ca4ddb278e32bfa
semantic/W4_Q32/ALGSTRUCT/w4_out_004.shadow	0	e3b0c44298fc1c149afbf4c8996fb92427ae41e4649b934ca495991b7852b855
semantic/W4_Q32/ALGSTRUCT/w4_out_005	576	db914d13d5437de21a5752c8f47b8ec7170b7e9ca789139de50e2cc924d8f9a1
semantic/W4_Q32/ALGSTRUCT/w4_out_005.desc	17	108c7a9f011f52dada1fca907b8925712d2f1c57a40c6e26c9930be62d5f01fd
semantic/W4_Q32/ALGSTRUCT/w4_out_005.meta	26	d0687e67091b9d8d232c24d59bd5b92cdf68aa299b294a91224aa03c67a398d2
semantic/W4_Q32/ALGSTRUCT/w4_out_005.shadow	0	e3b0c44298fc1c149afbf4c8996fb92427ae41e4649b934ca495991b7852b855
semantic/W4_Q32/ALGSTRUCT/w4_out_006	576	db914d13d5437de21a5752c8f47b8ec7170b7e9ca789139de50e2cc924d8f9a1
semantic/W4_Q32/ALGSTRUCT/w4_out_006.desc	17	108c7a9f011f52dada1fca907b8925712d2f1c57a40c6e26c9930be62d5f01fd
semantic/W4_Q32/ALGSTRUCT/w4_out_006.meta	26	b3d0b4bdc73f5d1beacbb334f72d8a48319a60cc529d8cb654476c8ebe17eac5
semantic/W4_Q32/ALGSTRUCT/w4_out_006.shadow	0	e3b0c44298fc1c149afbf4c8996fb92427ae41e4649b934ca495991b7852b855
semantic/W4_Q32/ALGSTRUCT/w4_out_007	576	db914d13d5437de21a5752c8f47b8ec7170b7e9ca789139de50e2cc924d8f9a1
semantic/W4_Q32/ALGSTRUCT/w4_out_007.desc	17	108c7a9f011f52dada1fca907b8925712d2f1c57a40c6e26c9930be62d5f01fd
semantic/W4_Q32/ALGSTRUCT/w4_out_007.meta	26	682661870d264e3847f2c356f7894506db3753f239922128196e4dc58766c4e9
semantic/W4_Q32/ALGSTRUCT/w4_out_007.shadow	0	e3b0c44298fc1c149afbf4c8996fb92427ae41e4649b934ca495991b7852b855
semantic/W4_Q32/ALGSTRUCT/w4_out_008	576	db914d13d5437de21a5752c8f47b8ec7170b7e9ca789139de50e2cc924d8f9a1
semantic/W4_Q32/ALGSTRUCT/w4_out_008.desc	17	108c7a9f011f52dada1fca907b8925712d2f1c57a40c6e26c9930be62d5f01fd
semantic/W4_Q32/ALGSTRUCT/w4_out_008.meta	26	15cf8d4153818d9715b7e8babd6b2851e41b0e269c7331ba5219f884c7bcdc8c
semantic/W4_Q32/ALGSTRUCT/w4_out_008.shadow	0	e3b0c44298fc1c149afbf4c8996fb92427ae41e4649b934ca495991b7852b855
semantic/W4_Q32/ALGSTRUCT/w4_out_009	576	db914d13d5437de21a5752c8f47b8ec7170b7e9ca789139de50e2cc924d8f9a1
semantic/W4_Q32/ALGSTRUCT/w4_out_009.desc	17	108c7a9f011f52dada1fca907b8925712d2f1c57a40c6e26c9930be62d5f01fd
semantic/W4_Q32/ALGSTRUCT/w4_out_009.meta	26	32fdef4e9a06342384cdc92cd9aaf0b146ed9a3a3a7947c56a700e882abb0345
semantic/W4_Q32/ALGSTRUCT/w4_out_009.shadow	0	e3b0c44298fc1c149afbf4c8996fb92427ae41e4649b934ca495991b7852b855
semantic/W4_Q32/ALGSTRUCT/w4_out_010	576	db914d13d5437de21a5752c8f47b8ec7170b7e9ca789139de50e2cc924d8f9a1
semantic/W4_Q32/ALGSTRUCT/w4_out_010.desc	17	108c7a9f011f52dada1fca907b8925712d2f1c57a40c6e26c9930be62d5f01fd
semantic/W4_Q32/ALGSTRUCT/w4_out_010.meta	26	fc10a8c2ca99a61dd3ed7e5c8bbfa1ad2a982174b66073fea21d63a96f72c524
semantic/W4_Q32/ALGSTRUCT/w4_out_010.shadow	0	e3b0c44298fc1c149afbf4c8996fb92427ae41e4649b934ca495991b7852b855
semantic/W4_Q32/ALGSTRUCT/w4_out_011	576	db914d13d5437de21a5752c8f47b8ec7170b7e9ca789139de50e2cc924d8f9a1
semantic/W4_Q32/ALGSTRUCT/w4_out_011.desc	17	108c7a9f011f52dada1fca907b8925712d2f1c57a40c6e26c9930be62d5f01fd
semantic/W4_Q32/ALGSTRUCT/w4_out_011.meta	26	f030e4be973f333322f44dea816c4102145bd5c8384a5711946fade118c7b13f
semantic/W4_Q32/ALGSTRUCT/w4_out_011.shadow	0	e3b0c44298fc1c149afbf4c8996fb92427ae41e4649b934ca495991b7852b855
semantic/W4_Q32/ALGSTRUCT/w4_out_012	576	db914d13d5437de21a5752c8f47b8ec7170b7e9ca789139de50e2cc924d8f9a1
semantic/W4_Q32/ALGSTRUCT/w4_out_012.desc	17	108c7a9f011f52dada1fca907b8925712d2f1c57a40c6e26c9930be62d5f01fd
semantic/W4_Q32/ALGSTRUCT/w4_out_012.meta	26	485a185067b18cf128e5fedc6a52c837cc0b2c0178d90539a7ff331e23e7bae0
semantic/W4_Q32/ALGSTRUCT/w4_out_012.shadow	0	e3b0c44298fc1c149afbf4c8996fb92427ae41e4649b934ca495991b7852b855
semantic/W4_Q32/ALGSTRUCT/w4_out_013	576	db914d13d5437de21a5752c8f47b8ec7170b7e9ca789139de50e2cc924d8f9a1
semantic/W4_Q32/ALGSTRUCT/w4_out_013.desc	17	108c7a9f011f52dada1fca907b8925712d2f1c57a40c6e26c9930be62d5f01fd
semantic/W4_Q32/ALGSTRUCT/w4_out_013.meta	26	b04956145c2e1c6fb9f3c029a4f6d7e50431fffb38481de6fe6c0dc2ce7c693e
semantic/W4_Q32/ALGSTRUCT/w4_out_013.shadow	0	e3b0c44298fc1c149afbf4c8996fb92427ae41e4649b934ca495991b7852b855
semantic/W4_Q32/ALGSTRUCT/w4_out_014	576	db914d13d5437de21a5752c8f47b8ec7170b7e9ca789139de50e2cc924d8f9a1
semantic/W4_Q32/ALGSTRUCT/w4_out_014.desc	17	108c7a9f011f52dada1fca907b8925712d2f1c57a40c6e26c9930be62d5f01fd
semantic/W4_Q32/ALGSTRUCT/w4_out_014.meta	26	e1e7037f9dd267c97ea06e7b1c72965c6d0517e0086d59648a6f65980d4f7cf3
semantic/W4_Q32/ALGSTRUCT/w4_out_014.shadow	0	e3b0c44298fc1c149afbf4c8996fb92427ae41e4649b934ca495991b7852b855
semantic/W4_Q32/ALGSTRUCT/w4_out_015	576	db914d13d5437de21a5752c8f47b8ec7170b7e9ca789139de50e2cc924d8f9a1
semantic/W4_Q32/ALGSTRUCT/w4_out_015.desc	17	108c7a9f011f52dada1fca907b8925712d2f1c57a40c6e26c9930be62d5f01fd
semantic/W4_Q32/ALGSTRUCT/w4_out_015.meta	26	27e2ba7e6ec13ceabd328fd760b1133fb41ac4f3de07a618d0bde8628d738771
semantic/W4_Q32/ALGSTRUCT/w4_out_015.shadow	0	e3b0c44298fc1c149afbf4c8996fb92427ae41e4649b934ca495991b7852b855
semantic/W4_Q32/ALGSTRUCT/w4_out_016	576	db914d13d5437de21a5752c8f47b8ec7170b7e9ca789139de50e2cc924d8f9a1
semantic/W4_Q32/ALGSTRUCT/w4_out_016.desc	17	108c7a9f011f52dada1fca907b8925712d2f1c57a40c6e26c9930be62d5f01fd
semantic/W4_Q32/ALGSTRUCT/w4_out_016.meta	26	1cca8b494dec0d78a697df2ebe6c468f051a933f5d81e428569d999520d937c6
semantic/W4_Q32/ALGSTRUCT/w4_out_016.shadow	0	e3b0c44298fc1c149afbf4c8996fb92427ae41e4649b934ca495991b7852b855
semantic/W4_Q32/ALGSTRUCT/w4_out_017	576	db914d13d5437de21a5752c8f47b8ec7170b7e9ca789139de50e2cc924d8f9a1
semantic/W4_Q32/ALGSTRUCT/w4_out_017.desc	17	108c7a9f011f52dada1fca907b8925712d2f1c57a40c6e26c9930be62d5f01fd
semantic/W4_Q32/ALGSTRUCT/w4_out_017.meta	26	4a38bbcea0d70710c1620f4256febba44dd5535f307c73c5fdc9037273d4273b
semantic/W4_Q32/ALGSTRUCT/w4_out_017.shadow	0	e3b0c44298fc1c149afbf4c8996fb92427ae41e4649b934ca495991b7852b855
semantic/W4_Q32/ALGSTRUCT/w4_out_018	576	db914d13d5437de21a5752c8f47b8ec7170b7e9ca789139de50e2cc924d8f9a1
semantic/W4_Q32/ALGSTRUCT/w4_out_018.desc	17	108c7a9f011f52dada1fca907b8925712d2f1c57a40c6e26c9930be62d5f01fd
semantic/W4_Q32/ALGSTRUCT/w4_out_018.meta	26	229814a7907b40d908ac6be27701aecd87dbe07b7633f879151c33f78be9099f
semantic/W4_Q32/ALGSTRUCT/w4_out_018.shadow	0	e3b0c44298fc1c149afbf4c8996fb92427ae41e4649b934ca495991b7852b855
semantic/W4_Q32/ALGSTRUCT/w4_out_019	576	db914d13d5437de21a5752c8f47b8ec7170b7e9ca789139de50e2cc924d8f9a1
semantic/W4_Q32/ALGSTRUCT/w4_out_019.desc	17	108c7a9f011f52dada1fca907b8925712d2f1c57a40c6e26c9930be62d5f01fd
semantic/W4_Q32/ALGSTRUCT/w4_out_019.meta	26	b1dcc2a40c95dd75505e9745fc720f12bd09c2b3f8a89617c5d82331eba98315
semantic/W4_Q32/ALGSTRUCT/w4_out_019.shadow	0	e3b0c44298fc1c149afbf4c8996fb92427ae41e4649b934ca495991b7852b855
semantic/W4_Q32/ALGSTRUCT/w4_out_020	576	db914d13d5437de21a5752c8f47b8ec7170b7e9ca789139de50e2cc924d8f9a1
semantic/W4_Q32/ALGSTRUCT/w4_out_020.desc	17	108c7a9f011f52dada1fca907b8925712d2f1c57a40c6e26c9930be62d5f01fd
semantic/W4_Q32/ALGSTRUCT/w4_out_020.meta	26	da10a90f5dd745341250ea324d97e3fad22c832233afa3695590208f266be13a
semantic/W4_Q32/ALGSTRUCT/w4_out_020.shadow	0	e3b0c44298fc1c149afbf4c8996fb92427ae41e4649b934ca495991b7852b855
semantic/W4_Q32/ALGSTRUCT/w4_out_021	576	db914d13d5437de21a5752c8f47b8ec7170b7e9ca789139de50e2cc924d8f9a1
semantic/W4_Q32/ALGSTRUCT/w4_out_021.desc	17	108c7a9f011f52dada1fca907b8925712d2f1c57a40c6e26c9930be62d5f01fd
semantic/W4_Q32/ALGSTRUCT/w4_out_021.meta	26	579d6266b1298ac7b2c9479c2ec6ec4d3f4a9a110df06743ed13ade713eb8a94
semantic/W4_Q32/ALGSTRUCT/w4_out_021.shadow	0	e3b0c44298fc1c149afbf4c8996fb92427ae41e4649b934ca495991b7852b855
semantic/W4_Q32/ALGSTRUCT/w4_out_022	576	db914d13d5437de21a5752c8f47b8ec7170b7e9ca789139de50e2cc924d8f9a1
semantic/W4_Q32/ALGSTRUCT/w4_out_022.desc	17	108c7a9f011f52dada1fca907b8925712d2f1c57a40c6e26c9930be62d5f01fd
semantic/W4_Q32/ALGSTRUCT/w4_out_022.meta	26	a4844b4bc7d865c53c0671ded1e2dcea942f6999027121cb8b57e9473cd0c94d
semantic/W4_Q32/ALGSTRUCT/w4_out_022.shadow	0	e3b0c44298fc1c149afbf4c8996fb92427ae41e4649b934ca495991b7852b855
semantic/W4_Q32/ALGSTRUCT/w4_out_023	576	db914d13d5437de21a5752c8f47b8ec7170b7e9ca789139de50e2cc924d8f9a1
semantic/W4_Q32/ALGSTRUCT/w4_out_023.desc	17	108c7a9f011f52dada1fca907b8925712d2f1c57a40c6e26c9930be62d5f01fd
semantic/W4_Q32/ALGSTRUCT/w4_out_023.meta	26	fac3b6b72c337fbe73d8dcc7a6ac96454ee438daed8a2f3c9d9671349f8cd3ac
semantic/W4_Q32/ALGSTRUCT/w4_out_023.shadow	0	e3b0c44298fc1c149afbf4c8996fb92427ae41e4649b934ca495991b7852b855
semantic/W4_Q32/ALGSTRUCT/w4_out_024	576	db914d13d5437de21a5752c8f47b8ec7170b7e9ca789139de50e2cc924d8f9a1
semantic/W4_Q32/ALGSTRUCT/w4_out_024.desc	17	108c7a9f011f52dada1fca907b8925712d2f1c57a40c6e26c9930be62d5f01fd
semantic/W4_Q32/ALGSTRUCT/w4_out_024.meta	26	05109efc0489e6c3ccd8f1221de0ff4a53b10f528b776867f70b78fbf3226523
semantic/W4_Q32/ALGSTRUCT/w4_out_024.shadow	0	e3b0c44298fc1c149afbf4c8996fb92427ae41e4649b934ca495991b7852b855
semantic/W4_Q32/ALGSTRUCT/w4_out_025	576	db914d13d5437de21a5752c8f47b8ec7170b7e9ca789139de50e2cc924d8f9a1
semantic/W4_Q32/ALGSTRUCT/w4_out_025.desc	17	108c7a9f011f52dada1fca907b8925712d2f1c57a40c6e26c9930be62d5f01fd
semantic/W4_Q32/ALGSTRUCT/w4_out_025.meta	26	0023ab3664c5de49b8bbd4a10249400ae3ed03a661bf5be4a2dd9a11cd5b491a
semantic/W4_Q32/ALGSTRUCT/w4_out_025.shadow	0	e3b0c44298fc1c149afbf4c8996fb92427ae41e4649b934ca495991b7852b855
semantic/W4_Q32/ALGSTRUCT/w4_out_026	576	db914d13d5437de21a5752c8f47b8ec7170b7e9ca789139de50e2cc924d8f9a1
semantic/W4_Q32/ALGSTRUCT/w4_out_026.desc	17	108c7a9f011f52dada1fca907b8925712d2f1c57a40c6e26c9930be62d5f01fd
semantic/W4_Q32/ALGSTRUCT/w4_out_026.meta	26	3ba677880cc4087dc25712ea8fb88672a6a702013d4f20e0c264fd2b8e227064
semantic/W4_Q32/ALGSTRUCT/w4_out_026.shadow	0	e3b0c44298fc1c149afbf4c8996fb92427ae41e4649b934ca495991b7852b855
semantic/W4_Q32/ALGSTRUCT/w4_out_027	576	db914d13d5437de21a5752c8f47b8ec7170b7e9ca789139de50e2cc924d8f9a1
semantic/W4_Q32/ALGSTRUCT/w4_out_027.desc	17	108c7a9f011f52dada1fca907b8925712d2f1c57a40c6e26c9930be62d5f01fd
semantic/W4_Q32/ALGSTRUCT/w4_out_027.meta	26	cbce3c626fa31f8bf4f93391b182cf2c62c983ff527065352f0fb6ea929fd7c2
semantic/W4_Q32/ALGSTRUCT/w4_out_027.shadow	0	e3b0c44298fc1c149afbf4c8996fb92427ae41e4649b934ca495991b7852b855
semantic/W4_Q32/ALGSTRUCT/w4_out_028	576	db914d13d5437de21a5752c8f47b8ec7170b7e9ca789139de50e2cc924d8f9a1
semantic/W4_Q32/ALGSTRUCT/w4_out_028.desc	17	108c7a9f011f52dada1fca907b8925712d2f1c57a40c6e26c9930be62d5f01fd
semantic/W4_Q32/ALGSTRUCT/w4_out_028.meta	26	44b8e9c8b5a151a305a264776db241dd4ec1fb8e7a42eed63a3a3895dfbce188
semantic/W4_Q32/ALGSTRUCT/w4_out_028.shadow	0	e3b0c44298fc1c149afbf4c8996fb92427ae41e4649b934ca495991b7852b855
semantic/W4_Q32/ALGSTRUCT/w4_out_029	576	db914d13d5437de21a5752c8f47b8ec7170b7e9ca789139de50e2cc924d8f9a1
semantic/W4_Q32/ALGSTRUCT/w4_out_029.desc	17	108c7a9f011f52dada1fca907b8925712d2f1c57a40c6e26c9930be62d5f01fd
semantic/W4_Q32/ALGSTRUCT/w4_out_029.meta	26	18be4ab4acb6def2047f5be2debb18bd9b4b11f45669e1e3efe4d48df88e6982
semantic/W4_Q32/ALGSTRUCT/w4_out_029.shadow	0	e3b0c44298fc1c149afbf4c8996fb92427ae41e4649b934ca495991b7852b855
semantic/W4_Q32/ALGSTRUCT/w4_out_030	576	db914d13d5437de21a5752c8f47b8ec7170b7e9ca789139de50e2cc924d8f9a1
semantic/W4_Q32/ALGSTRUCT/w4_out_030.desc	17	108c7a9f011f52dada1fca907b8925712d2f1c57a40c6e26c9930be62d5f01fd
semantic/W4_Q32/ALGSTRUCT/w4_out_030.meta	26	545d9900e93e28289878fa08128f85ccc7ca0f7a69e595b60eb5c6c6f17a3c67
semantic/W4_Q32/ALGSTRUCT/w4_out_030.shadow	0	e3b0c44298fc1c149afbf4c8996fb92427ae41e4649b934ca495991b7852b855
semantic/W4_Q32/ALGSTRUCT/w4_out_031	576	db914d13d5437de21a5752c8f47b8ec7170b7e9ca789139de50e2cc924d8f9a1
semantic/W4_Q32/ALGSTRUCT/w4_out_031.desc	17	108c7a9f011f52dada1fca907b8925712d2f1c57a40c6e26c9930be62d5f01fd
semantic/W4_Q32/ALGSTRUCT/w4_out_031.meta	26	4e5c38ac31432878b01183a4cb4bb5f9a87c9926659686ccd3509dc52173ff9e
semantic/W4_Q32/ALGSTRUCT/w4_out_031.shadow	0	e3b0c44298fc1c149afbf4c8996fb92427ae41e4649b934ca495991b7852b855
semantic/W4_Q32/ALGSTRUCT/w4_p_000	576	db914d13d5437de21a5752c8f47b8ec7170b7e9ca789139de50e2cc924d8f9a1
semantic/W4_Q32/ALGSTRUCT/w4_p_000.desc	22	deca89418af4636c9c780a99ecd62c80178ffc4570c986a251968fd73ae9f9d7
semantic/W4_Q32/ALGSTRUCT/w4_p_000.meta	26	8f7163187f249ead44fd8230c2ec0eaab5832d540e4d4890bcf4c706eea23660
semantic/W4_Q32/ALGSTRUCT/w4_p_000.shadow	0	e3b0c44298fc1c149afbf4c8996fb92427ae41e4649b934ca495991b7852b855
semantic/W4_Q32/ALGSTRUCT/w4_p_001	576	db914d13d5437de21a5752c8f47b8ec7170b7e9ca789139de50e2cc924d8f9a1
semantic/W4_Q32/ALGSTRUCT/w4_p_001.desc	22	e95a96590cfe1e614bb1a8d1535cb3f15e9c2033e317f02939e9cc4ca754c5f2
semantic/W4_Q32/ALGSTRUCT/w4_p_001.meta	26	ef137d083fec6c6a5eec5615be638ecfca3e11b27ccc0ec3df6c326ab67ee2ac
semantic/W4_Q32/ALGSTRUCT/w4_p_001.shadow	0	e3b0c44298fc1c149afbf4c8996fb92427ae41e4649b934ca495991b7852b855
semantic/W4_Q32/ALGSTRUCT/w4_p_002	576	db914d13d5437de21a5752c8f47b8ec7170b7e9ca789139de50e2cc924d8f9a1
semantic/W4_Q32/ALGSTRUCT/w4_p_002.desc	22	a637f771fd0ea18cd39c01e7c0a078d7a57a46c4715adbd5128aac2b41841170
semantic/W4_Q32/ALGSTRUCT/w4_p_002.meta	26	9b4f47617d46dde2ca3ab309cec79bcf041e1f93f5f8b3cd758c3ed2ca180f12
semantic/W4_Q32/ALGSTRUCT/w4_p_002.shadow	0	e3b0c44298fc1c149afbf4c8996fb92427ae41e4649b934ca495991b7852b855
semantic/W4_Q32/ALGSTRUCT/w4_p_003	576	db914d13d5437de21a5752c8f47b8ec7170b7e9ca789139de50e2cc924d8f9a1
semantic/W4_Q32/ALGSTRUCT/w4_p_003.desc	22	c4d6651520166192cbde8877093298e69e69bb2a737d041d0362d1a0f39edf48
semantic/W4_Q32/ALGSTRUCT/w4_p_003.meta	26	cfd5e03ee7728494465c5edc6c55c617db6a096d6163fc65e6a80d3b0b8cba9d
semantic/W4_Q32/ALGSTRUCT/w4_p_003.shadow	0	e3b0c44298fc1c149afbf4c8996fb92427ae41e4649b934ca495991b7852b855
semantic/W4_Q32/ALGSTRUCT/w4_p_004	576	db914d13d5437de21a5752c8f47b8ec7170b7e9ca789139de50e2cc924d8f9a1
semantic/W4_Q32/ALGSTRUCT/w4_p_004.desc	22	24795787ade910e615d4b928695a12d3fda8d1a36052778ab10a6cc08a1fcd73
semantic/W4_Q32/ALGSTRUCT/w4_p_004.meta	26	46fe7db194c49cafe0c2a1071e9b7e378aff0d26366311b629be3ba82fd79265
semantic/W4_Q32/ALGSTRUCT/w4_p_004.shadow	0	e3b0c44298fc1c149afbf4c8996fb92427ae41e4649b934ca495991b7852b855
semantic/W4_Q32/ALGSTRUCT/w4_p_005	576	db914d13d5437de21a5752c8f47b8ec7170b7e9ca789139de50e2cc924d8f9a1
semantic/W4_Q32/ALGSTRUCT/w4_p_005.desc	22	88b73c5e457227c4e85cbe49553ca3b51da6068e75d8a7f3d92e5f5219499989
semantic/W4_Q32/ALGSTRUCT/w4_p_005.meta	26	89dc262d722fe2e6f989ec066e7734b60e53186cbeb05eb5fc8aa33748ca42a9
semantic/W4_Q32/ALGSTRUCT/w4_p_005.shadow	0	e3b0c44298fc1c149afbf4c8996fb92427ae41e4649b934ca495991b7852b855
semantic/W4_Q32/ALGSTRUCT/w4_p_006	576	db914d13d5437de21a5752c8f47b8ec7170b7e9ca789139de50e2cc924d8f9a1
semantic/W4_Q32/ALGSTRUCT/w4_p_006.desc	22	d383f9024f26c70d348bccc66c1a20b5b0b1c3c406b8f02ce9d32e37d0d6de53
semantic/W4_Q32/ALGSTRUCT/w4_p_006.meta	26	d244ea506b61af75eab89f4c5d7fb41bcb170cf8fc44da576e79d461c11d1d78
semantic/W4_Q32/ALGSTRUCT/w4_p_006.shadow	0	e3b0c44298fc1c149afbf4c8996fb92427ae41e4649b934ca495991b7852b855
semantic/W4_Q32/ALGSTRUCT/w4_p_007	576	db914d13d5437de21a5752c8f47b8ec7170b7e9ca789139de50e2cc924d8f9a1
semantic/W4_Q32/ALGSTRUCT/w4_p_007.desc	22	a8c8e13c52ee4c51e4acafcb5a151a493833c01771ee4a23be16ab4ae894a052
semantic/W4_Q32/ALGSTRUCT/w4_p_007.meta	26	21e6379010b2970f0b96e100bfa9e909f37271ee65ec9391751fbd363e56ab85
semantic/W4_Q32/ALGSTRUCT/w4_p_007.shadow	0	e3b0c44298fc1c149afbf4c8996fb92427ae41e4649b934ca495991b7852b855
semantic/W4_Q32/ALGSTRUCT/w4_p_008	576	db914d13d5437de21a5752c8f47b8ec7170b7e9ca789139de50e2cc924d8f9a1
semantic/W4_Q32/ALGSTRUCT/w4_p_008.desc	22	ad6e1547896c38121431f84a6df3d0ee5b0a1980daf88e4e7c28c2f5752ba40e
semantic/W4_Q32/ALGSTRUCT/w4_p_008.meta	26	06ba9af15b133383d0b6d8f49f7a4cc9ddf2b996040ae2e66fac1d77d9f9af16
semantic/W4_Q32/ALGSTRUCT/w4_p_008.shadow	0	e3b0c44298fc1c149afbf4c8996fb92427ae41e4649b934ca495991b7852b855
semantic/W4_Q32/ALGSTRUCT/w4_p_009	576	db914d13d5437de21a5752c8f47b8ec7170b7e9ca789139de50e2cc924d8f9a1
semantic/W4_Q32/ALGSTRUCT/w4_p_009.desc	22	8e8c095243900dccab3462aaf96d87451c42ae390c2c472d21017829b9f1a5bf
semantic/W4_Q32/ALGSTRUCT/w4_p_009.meta	26	a608b8022887bda5abb22cdbc17ac90287107d80f03e2a6c4af9f8ddf726a17b
semantic/W4_Q32/ALGSTRUCT/w4_p_009.shadow	0	e3b0c44298fc1c149afbf4c8996fb92427ae41e4649b934ca495991b7852b855
semantic/W4_Q32/ALGSTRUCT/w4_p_010	576	db914d13d5437de21a5752c8f47b8ec7170b7e9ca789139de50e2cc924d8f9a1
semantic/W4_Q32/ALGSTRUCT/w4_p_010.desc	22	660ebc8980b1fb02074d631d53fcc7eed23c1b9bb5faf85599289a703c02699f
semantic/W4_Q32/ALGSTRUCT/w4_p_010.meta	26	aab4ce35ae168eca1b371a7e9f93c72661048b55368229599fe3d0500b12d3a3
semantic/W4_Q32/ALGSTRUCT/w4_p_010.shadow	0	e3b0c44298fc1c149afbf4c8996fb92427ae41e4649b934ca495991b7852b855
semantic/W4_Q32/ALGSTRUCT/w4_p_011	576	db914d13d5437de21a5752c8f47b8ec7170b7e9ca789139de50e2cc924d8f9a1
semantic/W4_Q32/ALGSTRUCT/w4_p_011.desc	22	2829138aaf8d4457ca50dc33ae9225fbdbc8d831d80faa462bcf15d4fec4c65e
semantic/W4_Q32/ALGSTRUCT/w4_p_011.meta	26	5bf12ec9b08dd8fe1a5e34b39d6c6aa0c1df626ffd8c83039a4ef6f348896e0c
semantic/W4_Q32/ALGSTRUCT/w4_p_011.shadow	0	e3b0c44298fc1c149afbf4c8996fb92427ae41e4649b934ca495991b7852b855
semantic/W4_Q32/ALGSTRUCT/w4_p_012	576	db914d13d5437de21a5752c8f47b8ec7170b7e9ca789139de50e2cc924d8f9a1
semantic/W4_Q32/ALGSTRUCT/w4_p_012.desc	22	358f501aa8cd704cbb1d584c9706a187c593ed65d1b3e73490fd12ebd2eb0e8c
semantic/W4_Q32/ALGSTRUCT/w4_p_012.meta	26	fdcf5805f6749fa80712d042e56f017c8e9d6d04b61c8c6b9f611a3076f8cdbe
semantic/W4_Q32/ALGSTRUCT/w4_p_012.shadow	0	e3b0c44298fc1c149afbf4c8996fb92427ae41e4649b934ca495991b7852b855
semantic/W4_Q32/ALGSTRUCT/w4_p_013	576	db914d13d5437de21a5752c8f47b8ec7170b7e9ca789139de50e2cc924d8f9a1
semantic/W4_Q32/ALGSTRUCT/w4_p_013.desc	22	1bcb052f130a666a5fa5a267da076e08320b668fa51e93652f4c6772acd83bf5
semantic/W4_Q32/ALGSTRUCT/w4_p_013.meta	26	283bf8843d8f2c04d68f218bba6a394b13b70a09e0779e163f39d0ceeb803f78
semantic/W4_Q32/ALGSTRUCT/w4_p_013.shadow	0	e3b0c44298fc1c149afbf4c8996fb92427ae41e4649b934ca495991b7852b855
semantic/W4_Q32/ALGSTRUCT/w4_p_014	576	db914d13d5437de21a5752c8f47b8ec7170b7e9ca789139de50e2cc924d8f9a1
semantic/W4_Q32/ALGSTRUCT/w4_p_014.desc	22	0758426bff784bf347cd77c26d9733f92e26cb0440fd0d2903ff4d3ae4a31607
semantic/W4_Q32/ALGSTRUCT/w4_p_014.meta	26	78b0534c01b6aef537ae032107b240f55326f32130642e5de8022c7d404590c6
semantic/W4_Q32/ALGSTRUCT/w4_p_014.shadow	0	e3b0c44298fc1c149afbf4c8996fb92427ae41e4649b934ca495991b7852b855
semantic/W4_Q32/ALGSTRUCT/w4_p_015	576	db914d13d5437de21a5752c8f47b8ec7170b7e9ca789139de50e2cc924d8f9a1
semantic/W4_Q32/ALGSTRUCT/w4_p_015.desc	22	e95a34ba8e0cd5b68a489aaeaca0848acc26382e4ea93bc03f5c1e28899196ef
semantic/W4_Q32/ALGSTRUCT/w4_p_015.meta	26	09df306324155a3e3f1198ea6b09f975b9ab3fdfc31ae02bd8a408fc4f3f505b
semantic/W4_Q32/ALGSTRUCT/w4_p_015.shadow	0	e3b0c44298fc1c149afbf4c8996fb92427ae41e4649b934ca495991b7852b855
semantic/W4_Q32/ALGSTRUCT/w4_p_016	576	db914d13d5437de21a5752c8f47b8ec7170b7e9ca789139de50e2cc924d8f9a1
semantic/W4_Q32/ALGSTRUCT/w4_p_016.desc	22	ba7d84c5868820eaef993f3a1057093c9c71fbd9859ea350d6c913d0a8c21494
semantic/W4_Q32/ALGSTRUCT/w4_p_016.meta	26	3e0ee7a78f181d8c1967d5a51bd0674e3b754a436867fcf032fdeb2633e527b2
semantic/W4_Q32/ALGSTRUCT/w4_p_016.shadow	0	e3b0c44298fc1c149afbf4c8996fb92427ae41e4649b934ca495991b7852b855
semantic/W4_Q32/ALGSTRUCT/w4_p_017	576	db914d13d5437de21a5752c8f47b8ec7170b7e9ca789139de50e2cc924d8f9a1
semantic/W4_Q32/ALGSTRUCT/w4_p_017.desc	22	9ade9d0753f9fc537983cf0ba4ca2c8e5213570dfea660f043557ac2bd815ccc
semantic/W4_Q32/ALGSTRUCT/w4_p_017.meta	26	8c848231a7ecf8c38771d6dc9942a9f2dc2944a95abc4047b587ddae5deeb973
semantic/W4_Q32/ALGSTRUCT/w4_p_017.shadow	0	e3b0c44298fc1c149afbf4c8996fb92427ae41e4649b934ca495991b7852b855
semantic/W4_Q32/ALGSTRUCT/w4_p_018	576	db914d13d5437de21a5752c8f47b8ec7170b7e9ca789139de50e2cc924d8f9a1
semantic/W4_Q32/ALGSTRUCT/w4_p_018.desc	22	9e88e94f7774f87648b3482a56ef71e451e825a79484140c2bbc9f77e53ffa7d
semantic/W4_Q32/ALGSTRUCT/w4_p_018.meta	26	3f65e691a7ae9ec8ad5d5fc524c7ad75057040cdbbe791151468a577c5e80165
semantic/W4_Q32/ALGSTRUCT/w4_p_018.shadow	0	e3b0c44298fc1c149afbf4c8996fb92427ae41e4649b934ca495991b7852b855
semantic/W4_Q32/ALGSTRUCT/w4_p_019	576	db914d13d5437de21a5752c8f47b8ec7170b7e9ca789139de50e2cc924d8f9a1
semantic/W4_Q32/ALGSTRUCT/w4_p_019.desc	22	af72dab8df98e40e814c70fb3e47250c2a31797e0543db38e9d85a056f1253f9
semantic/W4_Q32/ALGSTRUCT/w4_p_019.meta	26	94349fa417c0231d2ebcd37e80836579a136d8fff7ebcdc1bc2c16361b21aa84
semantic/W4_Q32/ALGSTRUCT/w4_p_019.shadow	0	e3b0c44298fc1c149afbf4c8996fb92427ae41e4649b934ca495991b7852b855
semantic/W4_Q32/ALGSTRUCT/w4_p_020	576	db914d13d5437de21a5752c8f47b8ec7170b7e9ca789139de50e2cc924d8f9a1
semantic/W4_Q32/ALGSTRUCT/w4_p_020.desc	22	a81fe0e9c8aecb8bbfd377b93b16f064563f03496fb03b80d934c1330d634580
semantic/W4_Q32/ALGSTRUCT/w4_p_020.meta	26	c52d41229669ada2f540d319f974d0ee648367c6aba716c6d88d54af4b3fefdc
semantic/W4_Q32/ALGSTRUCT/w4_p_020.shadow	0	e3b0c44298fc1c149afbf4c8996fb92427ae41e4649b934ca495991b7852b855
semantic/W4_Q32/ALGSTRUCT/w4_p_021	576	db914d13d5437de21a5752c8f47b8ec7170b7e9ca789139de50e2cc924d8f9a1
semantic/W4_Q32/ALGSTRUCT/w4_p_021.desc	22	41a856b38047187755438ccb07906e9508ac81d6315b4c10a3af1eed7555b7ad
semantic/W4_Q32/ALGSTRUCT/w4_p_021.meta	26	948ee35dbbb5173475594cd0c15529343a367ffcacf7c65b1417fcf232d1f83d
semantic/W4_Q32/ALGSTRUCT/w4_p_021.shadow	0	e3b0c44298fc1c149afbf4c8996fb92427ae41e4649b934ca495991b7852b855
semantic/W4_Q32/ALGSTRUCT/w4_p_022	576	db914d13d5437de21a5752c8f47b8ec7170b7e9ca789139de50e2cc924d8f9a1
semantic/W4_Q32/ALGSTRUCT/w4_p_022.desc	22	ab9740b6f8b2196de374fca1a6f3a94c08192701fb32206fa6623bac02ff85dc
semantic/W4_Q32/ALGSTRUCT/w4_p_022.meta	26	710a11d34d458e614384cb5d2dfdfbcd90b5db7ba27e8439f8305bd0529520df
semantic/W4_Q32/ALGSTRUCT/w4_p_022.shadow	0	e3b0c44298fc1c149afbf4c8996fb92427ae41e4649b934ca495991b7852b855
semantic/W4_Q32/ALGSTRUCT/w4_p_023	576	db914d13d5437de21a5752c8f47b8ec7170b7e9ca789139de50e2cc924d8f9a1
semantic/W4_Q32/ALGSTRUCT/w4_p_023.desc	22	6ed608d442acbe7a515ee3d6d78981e8749f1ff576ee817b1603a426795677cf
semantic/W4_Q32/ALGSTRUCT/w4_p_023.meta	26	1228d5f0e3a4eaa2046e3b7f40c115bc71ce5739f6acaf9d5944fc1ec9c7dde3
semantic/W4_Q32/ALGSTRUCT/w4_p_023.shadow	0	e3b0c44298fc1c149afbf4c8996fb92427ae41e4649b934ca495991b7852b855
semantic/W4_Q32/ALGSTRUCT/w4_p_024	576	db914d13d5437de21a5752c8f47b8ec7170b7e9ca789139de50e2cc924d8f9a1
semantic/W4_Q32/ALGSTRUCT/w4_p_024.desc	22	83b6f9889271915bf6e35e159344238c339de4b9d7ae5baac6a4994beba2ecda
semantic/W4_Q32/ALGSTRUCT/w4_p_024.meta	26	5399ad8b26588b3e2c3b0921787aa58f1a5944b60cfc6156075ba84334b83944
semantic/W4_Q32/ALGSTRUCT/w4_p_024.shadow	0	e3b0c44298fc1c149afbf4c8996fb92427ae41e4649b934ca495991b7852b855
semantic/W4_Q32/ALGSTRUCT/w4_p_025	576	db914d13d5437de21a5752c8f47b8ec7170b7e9ca789139de50e2cc924d8f9a1
semantic/W4_Q32/ALGSTRUCT/w4_p_025.desc	22	e721128ee866e66547d663187f3a674c4b9fd9f69cac4cb062f079ef4c36cafc
semantic/W4_Q32/ALGSTRUCT/w4_p_025.meta	26	93a61885363c4a79ff37e29f36c1c21949b701f73dd368cf5499ba41506dd3c5
semantic/W4_Q32/ALGSTRUCT/w4_p_025.shadow	0	e3b0c44298fc1c149afbf4c8996fb92427ae41e4649b934ca495991b7852b855
semantic/W4_Q32/ALGSTRUCT/w4_p_026	576	db914d13d5437de21a5752c8f47b8ec7170b7e9ca789139de50e2cc924d8f9a1
semantic/W4_Q32/ALGSTRUCT/w4_p_026.desc	22	2b76daac47a98e6c5c82528e21f4748d668ac6b331315655f023250934ee99da
semantic/W4_Q32/ALGSTRUCT/w4_p_026.meta	26	4c2a7492367114a22a902b0e9cfe79721e07e1aff3947350af7717a5324f13ad
semantic/W4_Q32/ALGSTRUCT/w4_p_026.shadow	0	e3b0c44298fc1c149afbf4c8996fb92427ae41e4649b934ca495991b7852b855
semantic/W4_Q32/ALGSTRUCT/w4_p_027	576	db914d13d5437de21a5752c8f47b8ec7170b7e9ca789139de50e2cc924d8f9a1
semantic/W4_Q32/ALGSTRUCT/w4_p_027.desc	22	b90316c6c48882b55240db793dd2d924f5c96e21dd20815901118b7ae125cae7
semantic/W4_Q32/ALGSTRUCT/w4_p_027.meta	26	3dfe48e10b1f2ab89ce40b96ac64d10d143f2dcfa17ee47e553a27ab60532cd3
semantic/W4_Q32/ALGSTRUCT/w4_p_027.shadow	0	e3b0c44298fc1c149afbf4c8996fb92427ae41e4649b934ca495991b7852b855
semantic/W4_Q32/ALGSTRUCT/w4_p_028	576	db914d13d5437de21a5752c8f47b8ec7170b7e9ca789139de50e2cc924d8f9a1
semantic/W4_Q32/ALGSTRUCT/w4_p_028.desc	22	cd94029c526ceb289a2915a769801e7fa5a9c472df1d2b759e311edebff8fcdf
semantic/W4_Q32/ALGSTRUCT/w4_p_028.meta	26	d2d290dc4245c49fa6f5654f1a573078ddca5c7606c81a10a889cbca1039c85e
semantic/W4_Q32/ALGSTRUCT/w4_p_028.shadow	0	e3b0c44298fc1c149afbf4c8996fb92427ae41e4649b934ca495991b7852b855
semantic/W4_Q32/ALGSTRUCT/w4_p_029	576	db914d13d5437de21a5752c8f47b8ec7170b7e9ca789139de50e2cc924d8f9a1
semantic/W4_Q32/ALGSTRUCT/w4_p_029.desc	22	5271e2adf2b037c5fee1929c03ed01ae0cb771d2943a614538e887a5fb03dbab
semantic/W4_Q32/ALGSTRUCT/w4_p_029.meta	26	d3ddb7b873e5a3ed1ccf624b4281b49b01adf3bd42a2913e34a34c037e70ea07
semantic/W4_Q32/ALGSTRUCT/w4_p_029.shadow	0	e3b0c44298fc1c149afbf4c8996fb92427ae41e4649b934ca495991b7852b855
semantic/W4_Q32/ALGSTRUCT/w4_p_030	576	db914d13d5437de21a5752c8f47b8ec7170b7e9ca789139de50e2cc924d8f9a1
semantic/W4_Q32/ALGSTRUCT/w4_p_030.desc	22	1262768e09686428c1ac318e16fe3137489c88e7987d40d31368f0f096ba657d
semantic/W4_Q32/ALGSTRUCT/w4_p_030.meta	26	95e5b1ee7febd71ae605a702370f8ea56bd3cda6d013fc5c92d5ca311d5c9400
semantic/W4_Q32/ALGSTRUCT/w4_p_030.shadow	0	e3b0c44298fc1c149afbf4c8996fb92427ae41e4649b934ca495991b7852b855
semantic/W4_Q32/ALGSTRUCT/w4_p_031	576	db914d13d5437de21a5752c8f47b8ec7170b7e9ca789139de50e2cc924d8f9a1
semantic/W4_Q32/ALGSTRUCT/w4_p_031.desc	22	c09bd7851ee6c5a319db9580447a280e08492f7ed03785784d06de91863997c1
semantic/W4_Q32/ALGSTRUCT/w4_p_031.meta	26	61b0751a1ebe0bded6c153521e5dbad52f5a3490f27a666a63a423a6926d6d13
semantic/W4_Q32/ALGSTRUCT/w4_p_031.shadow	0	e3b0c44298fc1c149afbf4c8996fb92427ae41e4649b934ca495991b7852b855
semantic/W4_Q32/ALGSTRUCT/w4_win_000	13680	87e2a416b2849deb4586f62664e469bff9a6e8435b891ab850684eb3c3fc3167
semantic/W4_Q32/ALGSTRUCT/w4_win_000.desc	622	86a39a257b6a8ff4c051487b58fdef89d996f2b00986d427f64468df66a09edb
semantic/W4_Q32/ALGSTRUCT/w4_win_000.meta	29	e5b518bc33eda516ad9caad26500b4d2b03f7acd881fc991cd49817774d1c3f2
semantic/W4_Q32/ALGSTRUCT/w4_win_000.shadow	0	e3b0c44298fc1c149afbf4c8996fb92427ae41e4649b934ca495991b7852b855
semantic/W4_Q32/ALGSTRUCT/w4_win_001	13680	87e2a416b2849deb4586f62664e469bff9a6e8435b891ab850684eb3c3fc3167
semantic/W4_Q32/ALGSTRUCT/w4_win_001.desc	622	141a3a9f520cca1530e055eff448ec71ef72ac5a67cc3c841b3b4f510a10a150
semantic/W4_Q32/ALGSTRUCT/w4_win_001.meta	29	d6fc4ae5f2d564e1538311192dfa6744d12d7e2940e8e8474cbd0571976c2eae
semantic/W4_Q32/ALGSTRUCT/w4_win_001.shadow	0	e3b0c44298fc1c149afbf4c8996fb92427ae41e4649b934ca495991b7852b855
semantic/W4_Q32/ALGSTRUCT/w4_win_002	13680	87e2a416b2849deb4586f62664e469bff9a6e8435b891ab850684eb3c3fc3167
semantic/W4_Q32/ALGSTRUCT/w4_win_002.desc	622	68d40584b8dff9638fbe906d53bed5e7fcdd7b29ef5d9fcb221b4af51f206d55
semantic/W4_Q32/ALGSTRUCT/w4_win_002.meta	29	039d632fb41a37587a000ef84cfc64fa4daf7ac95e1e3661dab0f52f379b2bdd
semantic/W4_Q32/ALGSTRUCT/w4_win_002.shadow	0	e3b0c44298fc1c149afbf4c8996fb92427ae41e4649b934ca495991b7852b855
semantic/W4_Q32/ALGSTRUCT/w4_win_003	13680	87e2a416b2849deb4586f62664e469bff9a6e8435b891ab850684eb3c3fc3167
semantic/W4_Q32/ALGSTRUCT/w4_win_003.desc	622	1db4154960605772cf4a54909b602f4730d898ce7a07ea6ba23cc129c45e6871
semantic/W4_Q32/ALGSTRUCT/w4_win_003.meta	29	f59ad555bdf11149a7adcce185bb695871518477bac79a2f0652d9f940dab0a4
semantic/W4_Q32/ALGSTRUCT/w4_win_003.shadow	0	e3b0c44298fc1c149afbf4c8996fb92427ae41e4649b934ca495991b7852b855
semantic/W4_Q32/ALGSTRUCT/w4_win_004	13680	87e2a416b2849deb4586f62664e469bff9a6e8435b891ab850684eb3c3fc3167
semantic/W4_Q32/ALGSTRUCT/w4_win_004.desc	622	f8243fd7ac703d8ce1daaa831f7c039d6d9a659c97a2d1a316b2bfe3a1a15a2f
semantic/W4_Q32/ALGSTRUCT/w4_win_004.meta	29	d8c545da6df4ed9d383ce986a87158144ad184f4d439555f12da3d392b6f013a
semantic/W4_Q32/ALGSTRUCT/w4_win_004.shadow	0	e3b0c44298fc1c149afbf4c8996fb92427ae41e4649b934ca495991b7852b855
semantic/W4_Q32/ALGSTRUCT/w4_win_005	13680	87e2a416b2849deb4586f62664e469bff9a6e8435b891ab850684eb3c3fc3167
semantic/W4_Q32/ALGSTRUCT/w4_win_005.desc	622	c11b646d3b4dc705b533c4e0c29019338ecd233b3fa6dd5faef901423b3dcbe0
semantic/W4_Q32/ALGSTRUCT/w4_win_005.meta	29	a54324d620131f378f7f601c1076251145fe657aff04a85bb318e98759db483f
semantic/W4_Q32/ALGSTRUCT/w4_win_005.shadow	0	e3b0c44298fc1c149afbf4c8996fb92427ae41e4649b934ca495991b7852b855
semantic/W4_Q32/ALGSTRUCT/w4_win_006	13680	87e2a416b2849deb4586f62664e469bff9a6e8435b891ab850684eb3c3fc3167
semantic/W4_Q32/ALGSTRUCT/w4_win_006.desc	622	b5dc2340517ac512ed5a7dc3753dc0fb9182f6069592d403cbb0d6799af7da3b
semantic/W4_Q32/ALGSTRUCT/w4_win_006.meta	29	5b10636aa394caad870c5f0dc6201348a0742768a8ffc09e7553d42b9dbeb8ae
semantic/W4_Q32/ALGSTRUCT/w4_win_006.shadow	0	e3b0c44298fc1c149afbf4c8996fb92427ae41e4649b934ca495991b7852b855
semantic/W4_Q32/ALGSTRUCT/w4_win_007	13680	87e2a416b2849deb4586f62664e469bff9a6e8435b891ab850684eb3c3fc3167
semantic/W4_Q32/ALGSTRUCT/w4_win_007.desc	622	9dbabfe85c04bcb4aa3e745859dceef6c3a0254bb935c77e2bbbfb07e27647f5
semantic/W4_Q32/ALGSTRUCT/w4_win_007.meta	29	7cb4b4070ee0175ac2bc18fbd8a092023da334ac98a639ecc93f3cb44575a150
semantic/W4_Q32/ALGSTRUCT/w4_win_007.shadow	0	e3b0c44298fc1c149afbf4c8996fb92427ae41e4649b934ca495991b7852b855
semantic/W4_Q32/ALGSTRUCT/w4_win_008	13680	87e2a416b2849deb4586f62664e469bff9a6e8435b891ab850684eb3c3fc3167
semantic/W4_Q32/ALGSTRUCT/w4_win_008.desc	622	f25c4ca05b0a3c4dab6849e9dddb59492a16b9a58b2b3bee21a7c974f726b2e1
semantic/W4_Q32/ALGSTRUCT/w4_win_008.meta	29	ac2537de14a4ecd5c2d806715faf9f0c3f94ca07190b942ffa8fa450db775499
semantic/W4_Q32/ALGSTRUCT/w4_win_008.shadow	0	e3b0c44298fc1c149afbf4c8996fb92427ae41e4649b934ca495991b7852b855
semantic/W4_Q32/ALGSTRUCT/w4_win_009	13680	87e2a416b2849deb4586f62664e469bff9a6e8435b891ab850684eb3c3fc3167
semantic/W4_Q32/ALGSTRUCT/w4_win_009.desc	622	783107a5c59862dbe0ee793d0a0f35d4087e94898ee1347f8ae09e8dab77e4b6
semantic/W4_Q32/ALGSTRUCT/w4_win_009.meta	29	f21ee8f98676b836a6a0773235fa98555bf7d17523c73454d7dd57ce3789af59
semantic/W4_Q32/ALGSTRUCT/w4_win_009.shadow	0	e3b0c44298fc1c149afbf4c8996fb92427ae41e4649b934ca495991b7852b855
semantic/W4_Q32/ALGSTRUCT/w4_win_010	13680	87e2a416b2849deb4586f62664e469bff9a6e8435b891ab850684eb3c3fc3167
semantic/W4_Q32/ALGSTRUCT/w4_win_010.desc	622	95029c059b3340ba514b80bd3e803f8ac99aee68f71ade78738c088713c198a5
semantic/W4_Q32/ALGSTRUCT/w4_win_010.meta	29	78cf641bfd88d27582da3a17661005f00df079f84f781d07aa4ed4f2d3222d37
semantic/W4_Q32/ALGSTRUCT/w4_win_010.shadow	0	e3b0c44298fc1c149afbf4c8996fb92427ae41e4649b934ca495991b7852b855
semantic/W4_Q32/ALGSTRUCT/w4_win_011	13680	87e2a416b2849deb4586f62664e469bff9a6e8435b891ab850684eb3c3fc3167
semantic/W4_Q32/ALGSTRUCT/w4_win_011.desc	622	b49fb026386a60a8963488d23eb91cad818dbe2b65cd8654e84c5d29340b6cd8
semantic/W4_Q32/ALGSTRUCT/w4_win_011.meta	29	39011adb35d7790658341f983bf5d451b6d00bd9d8577b2c63cf85abbba9676c
semantic/W4_Q32/ALGSTRUCT/w4_win_011.shadow	0	e3b0c44298fc1c149afbf4c8996fb92427ae41e4649b934ca495991b7852b855
semantic/W4_Q32/ALGSTRUCT/w4_win_012	13680	87e2a416b2849deb4586f62664e469bff9a6e8435b891ab850684eb3c3fc3167
semantic/W4_Q32/ALGSTRUCT/w4_win_012.desc	622	3dabe78b4a6f53c3da0b3257a7ffa3bcfa0067e83088429ffeb99bb49d3b04bb
semantic/W4_Q32/ALGSTRUCT/w4_win_012.meta	29	f551273554ee5f824e76b9696528129669ae3d5cbdbaf3ec732fbe5a6061cf96
semantic/W4_Q32/ALGSTRUCT/w4_win_012.shadow	0	e3b0c44298fc1c149afbf4c8996fb92427ae41e4649b934ca495991b7852b855
semantic/W4_Q32/ALGSTRUCT/w4_win_013	13680	87e2a416b2849deb4586f62664e469bff9a6e8435b891ab850684eb3c3fc3167
semantic/W4_Q32/ALGSTRUCT/w4_win_013.desc	622	c979e81d9c9578b6f2b5e0f9f73d9ed49ed8db81807a791f108daeda108ffaee
semantic/W4_Q32/ALGSTRUCT/w4_win_013.meta	29	34ef1e2239551712375d3bbb953dfa7238f73417109288b2a1f3f1cde86247bf
semantic/W4_Q32/ALGSTRUCT/w4_win_013.shadow	0	e3b0c44298fc1c149afbf4c8996fb92427ae41e4649b934ca495991b7852b855
semantic/W4_Q32/ALGSTRUCT/w4_win_014	13680	87e2a416b2849deb4586f62664e469bff9a6e8435b891ab850684eb3c3fc3167
semantic/W4_Q32/ALGSTRUCT/w4_win_014.desc	622	a6c7022d99214b101c2b5d50751690b0bba73e35e02f276fb177047536e534f1
semantic/W4_Q32/ALGSTRUCT/w4_win_014.meta	29	d25c71ffc30e065e76f2d2179d71b448d73ba7aece70934506321aa6296d4a20
semantic/W4_Q32/ALGSTRUCT/w4_win_014.shadow	0	e3b0c44298fc1c149afbf4c8996fb92427ae41e4649b934ca495991b7852b855
semantic/W4_Q32/ALGSTRUCT/w4_win_015	13680	87e2a416b2849deb4586f62664e469bff9a6e8435b891ab850684eb3c3fc3167
semantic/W4_Q32/ALGSTRUCT/w4_win_015.desc	622	feb7c214fa75b7523d4cb7a19d4006cad5591018f31507521b7fade4dc72ebbc
semantic/W4_Q32/ALGSTRUCT/w4_win_015.meta	29	396b4c1108583cf80fd5498f6e3cffee374d17aec7beb988568fa38a15d6916a
semantic/W4_Q32/ALGSTRUCT/w4_win_015.shadow	0	e3b0c44298fc1c149afbf4c8996fb92427ae41e4649b934ca495991b7852b855
semantic/W4_Q32/ALGSTRUCT/w4_win_016	13680	87e2a416b2849deb4586f62664e469bff9a6e8435b891ab850684eb3c3fc3167
semantic/W4_Q32/ALGSTRUCT/w4_win_016.desc	622	ced448dfa3f45db441a91dd15ddbad6977c32c3c3513cad9825d5bf42829abe8
semantic/W4_Q32/ALGSTRUCT/w4_win_016.meta	29	5d2e501a1b9ee5fcc9f2b756e6942385e8dc38327247e5c4b03db82f40c77422
semantic/W4_Q32/ALGSTRUCT/w4_win_016.shadow	0	e3b0c44298fc1c149afbf4c8996fb92427ae41e4649b934ca495991b7852b855
semantic/W4_Q32/ALGSTRUCT/w4_win_017	13680	87e2a416b2849deb4586f62664e469bff9a6e8435b891ab850684eb3c3fc3167
semantic/W4_Q32/ALGSTRUCT/w4_win_017.desc	622	563a255d6c5aab627498693dbdcc7b2bdfed52d2724cf6e13f3b04fa20fa7f13
semantic/W4_Q32/ALGSTRUCT/w4_win_017.meta	29	3da390d978d6713419f3cfec1a948aec3f1c2003698a4fcac9c770f096d0b59e
semantic/W4_Q32/ALGSTRUCT/w4_win_017.shadow	0	e3b0c44298fc1c149afbf4c8996fb92427ae41e4649b934ca495991b7852b855
semantic/W4_Q32/ALGSTRUCT/w4_win_018	13680	87e2a416b2849deb4586f62664e469bff9a6e8435b891ab850684eb3c3fc3167
semantic/W4_Q32/ALGSTRUCT/w4_win_018.desc	622	8671b39c9bec55359157e8847e32320892f13110bed93798930e143a240fadda
semantic/W4_Q32/ALGSTRUCT/w4_win_018.meta	29	6adb4c8856c7ffdeded80d2937b1789d9b41bc0c181fb7af599080d2fb0ac231
semantic/W4_Q32/ALGSTRUCT/w4_win_018.shadow	0	e3b0c44298fc1c149afbf4c8996fb92427ae41e4649b934ca495991b7852b855
semantic/W4_Q32/ALGSTRUCT/w4_win_019	13680	87e2a416b2849deb4586f62664e469bff9a6e8435b891ab850684eb3c3fc3167
semantic/W4_Q32/ALGSTRUCT/w4_win_019.desc	622	ce222f04c6dec7f316806fbbabc218837b681ef16bf08c737826323fb6ee67a6
semantic/W4_Q32/ALGSTRUCT/w4_win_019.meta	29	fbae05d9eaa3b555c27757883b8359371dbeaa602dc73e2795312f5cc91f51f9
semantic/W4_Q32/ALGSTRUCT/w4_win_019.shadow	0	e3b0c44298fc1c149afbf4c8996fb92427ae41e4649b934ca495991b7852b855
semantic/W4_Q32/ALGSTRUCT/w4_win_020	13680	87e2a416b2849deb4586f62664e469bff9a6e8435b891ab850684eb3c3fc3167
semantic/W4_Q32/ALGSTRUCT/w4_win_020.desc	622	a34710cd7b04fd8055ba7a7abfd622acce12d7d0e58cd7fad8bdb333af5d0519
semantic/W4_Q32/ALGSTRUCT/w4_win_020.meta	29	28eda700b127f49c6c3a66c238dee2c0c700fb307079a3013afd901796cda8e3
semantic/W4_Q32/ALGSTRUCT/w4_win_020.shadow	0	e3b0c44298fc1c149afbf4c8996fb92427ae41e4649b934ca495991b7852b855
semantic/W4_Q32/ALGSTRUCT/w4_win_021	13680	87e2a416b2849deb4586f62664e469bff9a6e8435b891ab850684eb3c3fc3167
semantic/W4_Q32/ALGSTRUCT/w4_win_021.desc	622	007eb593f6c2cfcd821720e3a2f2e68a4077cce722eefcd003a6257ce41ce13f
semantic/W4_Q32/ALGSTRUCT/w4_win_021.meta	29	30f6b80e7e957f7269505169ab119510b7af0f3483b749ac3d98563214e4d81a
semantic/W4_Q32/ALGSTRUCT/w4_win_021.shadow	0	e3b0c44298fc1c149afbf4c8996fb92427ae41e4649b934ca495991b7852b855
semantic/W4_Q32/ALGSTRUCT/w4_win_022	13680	87e2a416b2849deb4586f62664e469bff9a6e8435b891ab850684eb3c3fc3167
semantic/W4_Q32/ALGSTRUCT/w4_win_022.desc	622	6185e391eef7339277b452c55eb630d798b5b86b974dc604237c737d1f36c252
semantic/W4_Q32/ALGSTRUCT/w4_win_022.meta	29	004058e09f48f28a269af29ad10bcd0ac6511d946fe8593964946ab0c01e9a57
semantic/W4_Q32/ALGSTRUCT/w4_win_022.shadow	0	e3b0c44298fc1c149afbf4c8996fb92427ae41e4649b934ca495991b7852b855
semantic/W4_Q32/ALGSTRUCT/w4_win_023	13680	87e2a416b2849deb4586f62664e469bff9a6e8435b891ab850684eb3c3fc3167
semantic/W4_Q32/ALGSTRUCT/w4_win_023.desc	622	68be9074022a0504959724435979045d0763e5f43e38a42dd3a6cdbaa0a1bca1
semantic/W4_Q32/ALGSTRUCT/w4_win_023.meta	29	82c41d2bcfd2bf5aedaceb119ca5af1d5e3773d360e0f837d707ed17fdbaaacd
semantic/W4_Q32/ALGSTRUCT/w4_win_023.shadow	0	e3b0c44298fc1c149afbf4c8996fb92427ae41e4649b934ca495991b7852b855
semantic/W4_Q32/ALGSTRUCT/w4_win_024	13680	87e2a416b2849deb4586f62664e469bff9a6e8435b891ab850684eb3c3fc3167
semantic/W4_Q32/ALGSTRUCT/w4_win_024.desc	622	f5571647218f1ba0d1532e7f597726e9736e0244db9facb48c878980d09a4e80
semantic/W4_Q32/ALGSTRUCT/w4_win_024.meta	29	65997c7f3b91ad1deea68a6aac671cb7c3848b1e56af68b2a47f1a226859839d
semantic/W4_Q32/ALGSTRUCT/w4_win_024.shadow	0	e3b0c44298fc1c149afbf4c8996fb92427ae41e4649b934ca495991b7852b855
semantic/W4_Q32/ALGSTRUCT/w4_win_025	13680	87e2a416b2849deb4586f62664e469bff9a6e8435b891ab850684eb3c3fc3167
semantic/W4_Q32/ALGSTRUCT/w4_win_025.desc	622	2952543b5757c425424148e7012d3b4146244809a1919a8e97a8b7470f4b575c
semantic/W4_Q32/ALGSTRUCT/w4_win_025.meta	29	bc24efe882359ad51bb7ceba52a3f2727ee6d802f8e8792fa196dd9297ed6cad
semantic/W4_Q32/ALGSTRUCT/w4_win_025.shadow	0	e3b0c44298fc1c149afbf4c8996fb92427ae41e4649b934ca495991b7852b855
semantic/W4_Q32/ALGSTRUCT/w4_win_026	13680	87e2a416b2849deb4586f62664e469bff9a6e8435b891ab850684eb3c3fc3167
semantic/W4_Q32/ALGSTRUCT/w4_win_026.desc	622	909ca741a4d8c9602358b12e5b323b3e989d3cdb41f28f120ee636d9636db7e9
semantic/W4_Q32/ALGSTRUCT/w4_win_026.meta	29	723a8ef564e95a5b8054cd1bd8fd3ab6c702ca6ce4915c51fd9cfb463e503676
semantic/W4_Q32/ALGSTRUCT/w4_win_026.shadow	0	e3b0c44298fc1c149afbf4c8996fb92427ae41e4649b934ca495991b7852b855
semantic/W4_Q32/ALGSTRUCT/w4_win_027	13680	87e2a416b2849deb4586f62664e469bff9a6e8435b891ab850684eb3c3fc3167
semantic/W4_Q32/ALGSTRUCT/w4_win_027.desc	622	abf1c061743ae2712cc31022e7d5ce7e8cd76cedc6308ac5b94e16b1260e2a9f
semantic/W4_Q32/ALGSTRUCT/w4_win_027.meta	29	987687d8a2ba5709aff7a70a748ddf60ac9927783e2c6b2f8bb42b460d194414
semantic/W4_Q32/ALGSTRUCT/w4_win_027.shadow	0	e3b0c44298fc1c149afbf4c8996fb92427ae41e4649b934ca495991b7852b855
semantic/W4_Q32/ALGSTRUCT/w4_win_028	13680	87e2a416b2849deb4586f62664e469bff9a6e8435b891ab850684eb3c3fc3167
semantic/W4_Q32/ALGSTRUCT/w4_win_028.desc	622	d66ae72fa90504829d9065deda5cf73999bfe5a205e629067ce378a771898bd5
semantic/W4_Q32/ALGSTRUCT/w4_win_028.meta	29	1ac1ff9043ecb0e22934dccdbaf2ab5fd4c75dd729d7b3be054171f2b74463e4
semantic/W4_Q32/ALGSTRUCT/w4_win_028.shadow	0	e3b0c44298fc1c149afbf4c8996fb92427ae41e4649b934ca495991b7852b855
semantic/W4_Q32/ALGSTRUCT/w4_win_029	13680	87e2a416b2849deb4586f62664e469bff9a6e8435b891ab850684eb3c3fc3167
semantic/W4_Q32/ALGSTRUCT/w4_win_029.desc	622	07c7a4d3ecac024a5fd726a3512eeacc83da1bbb27aa1ee44c60aedb6d670456
semantic/W4_Q32/ALGSTRUCT/w4_win_029.meta	29	2de0fd81ae186e90e882fe6938f1e3c076f5aece2726c5c644ff4690d5a8f801
semantic/W4_Q32/ALGSTRUCT/w4_win_029.shadow	0	e3b0c44298fc1c149afbf4c8996fb92427ae41e4649b934ca495991b7852b855
semantic/W4_Q32/ALGSTRUCT/w4_win_030	13680	87e2a416b2849deb4586f62664e469bff9a6e8435b891ab850684eb3c3fc3167
semantic/W4_Q32/ALGSTRUCT/w4_win_030.desc	622	b94a55ae002c7d98043231f7114c9c7dae7d388154bce904fecd844dfc9000f7
semantic/W4_Q32/ALGSTRUCT/w4_win_030.meta	29	3d3c03d34d96bce03090a63b46233af8d4ce57feef97c7ad1feca8e737f08cbf
semantic/W4_Q32/ALGSTRUCT/w4_win_030.shadow	0	e3b0c44298fc1c149afbf4c8996fb92427ae41e4649b934ca495991b7852b855
semantic/W4_Q32/ALGSTRUCT/w4_win_031	13680	87e2a416b2849deb4586f62664e469bff9a6e8435b891ab850684eb3c3fc3167
semantic/W4_Q32/ALGSTRUCT/w4_win_031.desc	622	2090f4378e4fc0cf05907b7e8747fbafca9c4f9e1a609fdab669470f4e39d3c1
semantic/W4_Q32/ALGSTRUCT/w4_win_031.meta	29	629db92d04fa50fc7ab26fa351e0be3667c219a12d6bd0d4c55a5c8ce76f6b70
semantic/W4_Q32/ALGSTRUCT/w4_win_031.shadow	0	e3b0c44298fc1c149afbf4c8996fb92427ae41e4649b934ca495991b7852b855
semantic/W4_Q32/STRUCT/A.desc	47	5787acced769f970ba7f750893bcaa9b5561a220ea42b224db71f7abd71c4dfa
semantic/W4_Q32/STRUCT/B.desc	47	f8f7b0f4c2423653c82e5af23efa0ea0d5e86fb7f932478b7f092ba3faf1a909
semantic/W4_Q32/STRUCT/STREAM_TIMEMOVE_A.desc	43	91fa2aec6956910a282e26f8f428ec61448ae55aa3da815f9b270b5f0c8c0033
semantic/W4_Q32/STRUCT/STREAM_TIMEMOVE_A.meta	26	475b9e2621636a0db8907f5719205ca51367a29198ac2af3a512ef236ca482ce
semantic/W4_Q32/STRUCT/STREAM_TIMEMOVE_B.desc	43	91fa2aec6956910a282e26f8f428ec61448ae55aa3da815f9b270b5f0c8c0033
semantic/W4_Q32/STRUCT/STREAM_TIMEMOVE_B.meta	26	873479eb872746d5cb33dd66e78afa22c9d946a4ec03dc1a031423a85be834d5
semantic/W4_Q32/STRUCT/w4_avg_000	456	4b6e84d154fb8ec750761040ed1e1007ab9842800bd35a9fc9c90c9a222fe56d
semantic/W4_Q32/STRUCT/w4_avg_000.desc	24	d82cc3bf56052e5f5425dbfc028af862adf0d8f351f32e9592c1cac70691187e
semantic/W4_Q32/STRUCT/w4_avg_000.meta	26	3829829b78fa61e6a744a7b3de6ffa7b24b13ee0d5ba2f8ab72c70686eb28bf3
semantic/W4_Q32/STRUCT/w4_avg_000.shadow	0	e3b0c44298fc1c149afbf4c8996fb92427ae41e4649b934ca495991b7852b855
semantic/W4_Q32/STRUCT/w4_avg_001	456	4b6e84d154fb8ec750761040ed1e1007ab9842800bd35a9fc9c90c9a222fe56d
semantic/W4_Q32/STRUCT/w4_avg_001.desc	24	6271206be67b85e268ce5c407efd73220641e0b9ac74a1137753d8f046dc4227
semantic/W4_Q32/STRUCT/w4_avg_001.meta	26	e0cde9ceea9c57187d66b4e87be90b7cbf94d83a2de336fa1325f151df1a67ee
semantic/W4_Q32/STRUCT/w4_avg_001.shadow	0	e3b0c44298fc1c149afbf4c8996fb92427ae41e4649b934ca495991b7852b855
semantic/W4_Q32/STRUCT/w4_avg_002	456	4b6e84d154fb8ec750761040ed1e1007ab9842800bd35a9fc9c90c9a222fe56d
semantic/W4_Q32/STRUCT/w4_avg_002.desc	24	54209826f53cf131f0be2820f7a13a41d0f27b928e927e0ed50eafaba7486cfb
semantic/W4_Q32/STRUCT/w4_avg_002.meta	26	312254da082a742d345aee4c0aa5e288448ce0d57f429ba2cb60defd755c7041
semantic/W4_Q32/STRUCT/w4_avg_002.shadow	0	e3b0c44298fc1c149afbf4c8996fb92427ae41e4649b934ca495991b7852b855
semantic/W4_Q32/STRUCT/w4_avg_003	456	4b6e84d154fb8ec750761040ed1e1007ab9842800bd35a9fc9c90c9a222fe56d
semantic/W4_Q32/STRUCT/w4_avg_003.desc	24	2a79925232fcb4dfdc8f26f6d3841bf9ea295b4574124d206ab36d806b71915b
semantic/W4_Q32/STRUCT/w4_avg_003.meta	26	5fe7c153cd20f179977acb4326414b63df433d1f5de136c482898d2e212edb71
semantic/W4_Q32/STRUCT/w4_avg_003.shadow	0	e3b0c44298fc1c149afbf4c8996fb92427ae41e4649b934ca495991b7852b855
semantic/W4_Q32/STRUCT/w4_avg_004	456	4b6e84d154fb8ec750761040ed1e1007ab9842800bd35a9fc9c90c9a222fe56d
semantic/W4_Q32/STRUCT/w4_avg_004.desc	24	c6d864c93e0d37217049c995ca1ff38ece8f2e5335f7c05ba27158a6c4ba0e55
semantic/W4_Q32/STRUCT/w4_avg_004.meta	26	8c60742141354e17995fcd211e88e198e0a82898196ad0a4c90a7afbe9dba4a9
semantic/W4_Q32/STRUCT/w4_avg_004.shadow	0	e3b0c44298fc1c149afbf4c8996fb92427ae41e4649b934ca495991b7852b855
semantic/W4_Q32/STRUCT/w4_avg_005	456	4b6e84d154fb8ec750761040ed1e1007ab9842800bd35a9fc9c90c9a222fe56d
semantic/W4_Q32/STRUCT/w4_avg_005.desc	24	2d92c47be25d87ab22052dc929d20629f4890e5cb484f497f9e69ca540e4a6c2
semantic/W4_Q32/STRUCT/w4_avg_005.meta	26	0f6eb1bbc16a7d5223a72420fb69b226520037e3154d8e4b570abe5337699677
semantic/W4_Q32/STRUCT/w4_avg_005.shadow	0	e3b0c44298fc1c149afbf4c8996fb92427ae41e4649b934ca495991b7852b855
semantic/W4_Q32/STRUCT/w4_avg_006	456	4b6e84d154fb8ec750761040ed1e1007ab9842800bd35a9fc9c90c9a222fe56d
semantic/W4_Q32/STRUCT/w4_avg_006.desc	24	ba3d9fe0278ef1f56664ebdcc57c9dde8c6a1e2321b26d3cc905fb6080c769ca
semantic/W4_Q32/STRUCT/w4_avg_006.meta	26	d51cbe5dffd9777d4038cb654757070a9a541c70d115568fdfbf79d227ec1ef0
semantic/W4_Q32/STRUCT/w4_avg_006.shadow	0	e3b0c44298fc1c149afbf4c8996fb92427ae41e4649b934ca495991b7852b855
semantic/W4_Q32/STRUCT/w4_avg_007	456	4b6e84d154fb8ec750761040ed1e1007ab9842800bd35a9fc9c90c9a222fe56d
semantic/W4_Q32/STRUCT/w4_avg_007.desc	24	d8cf14191552fb84a13cc14ac62c408652f6ba7e88cc45ef5690d671a75de164
semantic/W4_Q32/STRUCT/w4_avg_007.meta	26	5182cd2243e9cc19ff9b3335c237c63f4a556f75b92f4ec71c402821352795ec
semantic/W4_Q32/STRUCT/w4_avg_007.shadow	0	e3b0c44298fc1c149afbf4c8996fb92427ae41e4649b934ca495991b7852b855
semantic/W4_Q32/STRUCT/w4_avg_008	456	4b6e84d154fb8ec750761040ed1e1007ab9842800bd35a9fc9c90c9a222fe56d
semantic/W4_Q32/STRUCT/w4_avg_008.desc	24	30dab1a5d52de4ea4eba3c9cc422b039f1f1f06e62ad556e260b50a5fd016c68
semantic/W4_Q32/STRUCT/w4_avg_008.meta	26	b4cb89df15113f18a2633df276a0ac96c45fe1198f6ab2859d010faf720c2fc1
semantic/W4_Q32/STRUCT/w4_avg_008.shadow	0	e3b0c44298fc1c149afbf4c8996fb92427ae41e4649b934ca495991b7852b855
semantic/W4_Q32/STRUCT/w4_avg_009	456	4b6e84d154fb8ec750761040ed1e1007ab9842800bd35a9fc9c90c9a222fe56d
semantic/W4_Q32/STRUCT/w4_avg_009.desc	24	c570e225d3e1808b9592229bb98d742591d05e8ce93bec49ac30638e717f01a7
semantic/W4_Q32/STRUCT/w4_avg_009.meta	26	6812ad195f975673f81cdd34eb520b7c0ac2877059e200a79ab156c6db3f6134
semantic/W4_Q32/STRUCT/w4_avg_009.shadow	0	e3b0c44298fc1c149afbf4c8996fb92427ae41e4649b934ca495991b7852b855
semantic/W4_Q32/STRUCT/w4_avg_010	456	4b6e84d154fb8ec750761040ed1e1007ab9842800bd35a9fc9c90c9a222fe56d
semantic/W4_Q32/STRUCT/w4_avg_010.desc	24	2c16b0e95f72c7a2b6070139b704a85e8d10420870bf80993d8bb21d3952bbd4
semantic/W4_Q32/STRUCT/w4_avg_010.meta	26	ef7c888ec4a6f520a23328250848af930352753f2d786624e1f355921b378a32
semantic/W4_Q32/STRUCT/w4_avg_010.shadow	0	e3b0c44298fc1c149afbf4c8996fb92427ae41e4649b934ca495991b7852b855
semantic/W4_Q32/STRUCT/w4_avg_011	456	4b6e84d154fb8ec750761040ed1e1007ab9842800bd35a9fc9c90c9a222fe56d
semantic/W4_Q32/STRUCT/w4_avg_011.desc	24	f4bbb626109e1000ad6d422b66777553f5929067219135e15d2b505cf983f5a4
semantic/W4_Q32/STRUCT/w4_avg_011.meta	26	a87ca1624ccb7daf6b22f0fc24ba8d4c564ff555d12d80d22180479cb0472847
semantic/W4_Q32/STRUCT/w4_avg_011.shadow	0	e3b0c44298fc1c149afbf4c8996fb92427ae41e4649b934ca495991b7852b855
semantic/W4_Q32/STRUCT/w4_avg_012	456	4b6e84d154fb8ec750761040ed1e1007ab9842800bd35a9fc9c90c9a222fe56d
semantic/W4_Q32/STRUCT/w4_avg_012.desc	24	dd63aeb0736355cfe2e0262be7bd9e2bdc151453678549de4c08d638b3c76efc
semantic/W4_Q32/STRUCT/w4_avg_012.meta	26	f8a6862ec0ffefd73e9183a2c1211b58daadfb4aea92f13a8974b6ce9eb5ee91
semantic/W4_Q32/STRUCT/w4_avg_012.shadow	0	e3b0c44298fc1c149afbf4c8996fb92427ae41e4649b934ca495991b7852b855
semantic/W4_Q32/STRUCT/w4_avg_013	456	4b6e84d154fb8ec750761040ed1e1007ab9842800bd35a9fc9c90c9a222fe56d
semantic/W4_Q32/STRUCT/w4_avg_013.desc	24	a21436d1781f6f200c08c601b856095aac6fe0c52cd1c306ed43612ea5d33b1a
semantic/W4_Q32/STRUCT/w4_avg_013.meta	26	3aedc338f1edeb7384772c648f75a3c2853a1dce123dffc14fb3f59459a3d552
semantic/W4_Q32/STRUCT/w4_avg_013.shadow	0	e3b0c44298fc1c149afbf4c8996fb92427ae41e4649b934ca495991b7852b855
semantic/W4_Q32/STRUCT/w4_avg_014	456	4b6e84d154fb8ec750761040ed1e1007ab9842800bd35a9fc9c90c9a222fe56d
semantic/W4_Q32/STRUCT/w4_avg_014.desc	24	65d4fe85dcfcf17ef2e4a1a9376991d420285aaeec77f4ad69807ba89a82f0d3
semantic/W4_Q32/STRUCT/w4_avg_014.meta	26	5b601319d3c813f359c8186da1d5b0352cf2202a1b13d4b93dacdd5499dc4c31
semantic/W4_Q32/STRUCT/w4_avg_014.shadow	0	e3b0c44298fc1c149afbf4c8996fb92427ae41e4649b934ca495991b7852b855
semantic/W4_Q32/STRUCT/w4_avg_015	456	4b6e84d154fb8ec750761040ed1e1007ab9842800bd35a9fc9c90c9a222fe56d
semantic/W4_Q32/STRUCT/w4_avg_015.desc	24	55f74c308827fb7117ed70c1dfa7607fd65a306b3a32b027ff2e88ad150c30c8
semantic/W4_Q32/STRUCT/w4_avg_015.meta	26	bb082ced172f6352bcde1d3927e05ef77e0f0bc9760564230e1fd9920b023502
semantic/W4_Q32/STRUCT/w4_avg_015.shadow	0	e3b0c44298fc1c149afbf4c8996fb92427ae41e4649b934ca495991b7852b855
semantic/W4_Q32/STRUCT/w4_avg_016	456	4b6e84d154fb8ec750761040ed1e1007ab9842800bd35a9fc9c90c9a222fe56d
semantic/W4_Q32/STRUCT/w4_avg_016.desc	24	6d9febc7d1752f35faac375d614b88cb11982742120bc34510aad997e168875d
semantic/W4_Q32/STRUCT/w4_avg_016.meta	26	5b712bc9da2175e7212c03d35d0dc17edb515f72bc1577dfa4f6c52e034222c7
semantic/W4_Q32/STRUCT/w4_avg_016.shadow	0	e3b0c44298fc1c149afbf4c8996fb92427ae41e4649b934ca495991b7852b855
semantic/W4_Q32/STRUCT/w4_avg_017	456	4b6e84d154fb8ec750761040ed1e1007ab9842800bd35a9fc9c90c9a222fe56d
semantic/W4_Q32/STRUCT/w4_avg_017.desc	24	69fd8c1a65814a968f97151371bbc601626c349b6c01d180dc347706b6ed7725
semantic/W4_Q32/STRUCT/w4_avg_017.meta	26	73c5879fc606a401c18a9b3c1520fa86757568a371a2b36b8df32dcd69ec4e13
semantic/W4_Q32/STRUCT/w4_avg_017.shadow	0	e3b0c44298fc1c149afbf4c8996fb92427ae41e4649b934ca495991b7852b855
semantic/W4_Q32/STRUCT/w4_avg_018	456	4b6e84d154fb8ec750761040ed1e1007ab9842800bd35a9fc9c90c9a222fe56d
semantic/W4_Q32/STRUCT/w4_avg_018.desc	24	eea88466b019e5a8da2a73e8d74bb504325fdd795bedb8619c42ffc59e39c765
semantic/W4_Q32/STRUCT/w4_avg_018.meta	26	2a22ef67be09b8bcdd7ba906801953853552151ab0cc652d0f78f56500d0dfd4
semantic/W4_Q32/STRUCT/w4_avg_018.shadow	0	e3b0c44298fc1c149afbf4c8996fb92427ae41e4649b934ca495991b7852b855
semantic/W4_Q32/STRUCT/w4_avg_019	456	4b6e84d154fb8ec750761040ed1e1007ab9842800bd35a9fc9c90c9a222fe56d
semantic/W4_Q32/STRUCT/w4_avg_019.desc	24	314aed69be19c98d9d4155b33d53c62a46b5bc86b703cce7635c689104dfb503
semantic/W4_Q32/STRUCT/w4_avg_019.meta	26	3a481de68c8c52eb94176b0762e28eaf527dd91ffaba97183cf367b8b68b372e
semantic/W4_Q32/STRUCT/w4_avg_019.shadow	0	e3b0c44298fc1c149afbf4c8996fb92427ae41e4649b934ca495991b7852b855
semantic/W4_Q32/STRUCT/w4_avg_020	456	4b6e84d154fb8ec750761040ed1e1007ab9842800bd35a9fc9c90c9a222fe56d
semantic/W4_Q32/STRUCT/w4_avg_020.desc	24	5b480db034780665183ea22d0108e0c8252d2d2aaa19b739c152a4906eae94bd
semantic/W4_Q32/STRUCT/w4_avg_020.meta	26	c3f23ed80833f95914a84e551532ec1c5c0e3f520f09b63ea76179dc70f57907
semantic/W4_Q32/STRUCT/w4_avg_020.shadow	0	e3b0c44298fc1c149afbf4c8996fb92427ae41e4649b934ca495991b7852b855
semantic/W4_Q32/STRUCT/w4_avg_021	456	4b6e84d154fb8ec750761040ed1e1007ab9842800bd35a9fc9c90c9a222fe56d
semantic/W4_Q32/STRUCT/w4_avg_021.desc	24	e7f215a12d1246a19f2214ad4d92ff13e47f1511dbe6558cc9102586572b18c5
semantic/W4_Q32/STRUCT/w4_avg_021.meta	26	41f732fb16f3dd5587edebb4816af2f08b322d3dc3c3f2971b46dc675be5d21f
semantic/W4_Q32/STRUCT/w4_avg_021.shadow	0	e3b0c44298fc1c149afbf4c8996fb92427ae41e4649b934ca495991b7852b855
semantic/W4_Q32/STRUCT/w4_avg_022	456	4b6e84d154fb8ec750761040ed1e1007ab9842800bd35a9fc9c90c9a222fe56d
semantic/W4_Q32/STRUCT/w4_avg_022.desc	24	cfe47378a9505f0b8aef38b204b97ef6fe4c248ab69b2486addce239fdf34c9e
semantic/W4_Q32/STRUCT/w4_avg_022.meta	26	95c4218d220ff92e376fa883ead528601973f742c78ffda81bb8643bbcdef674
semantic/W4_Q32/STRUCT/w4_avg_022.shadow	0	e3b0c44298fc1c149afbf4c8996fb92427ae41e4649b934ca495991b7852b855
semantic/W4_Q32/STRUCT/w4_avg_023	456	4b6e84d154fb8ec750761040ed1e1007ab9842800bd35a9fc9c90c9a222fe56d
semantic/W4_Q32/STRUCT/w4_avg_023.desc	24	e81bf4d42222bd4d9ff9fb2edcc06b5d1146e02e139483cd9f7bc16f84234a29
semantic/W4_Q32/STRUCT/w4_avg_023.meta	26	bfa784d6487b97ebf3bfe56f30b8fc4fee88c1fdc24a694274585a5f55f75003
semantic/W4_Q32/STRUCT/w4_avg_023.shadow	0	e3b0c44298fc1c149afbf4c8996fb92427ae41e4649b934ca495991b7852b855
semantic/W4_Q32/STRUCT/w4_avg_024	456	4b6e84d154fb8ec750761040ed1e1007ab9842800bd35a9fc9c90c9a222fe56d
semantic/W4_Q32/STRUCT/w4_avg_024.desc	24	810d335ae0c0305dc1695542f5c626771f0b9ba1dfa8a938b4a28fe7ab9d9403
semantic/W4_Q32/STRUCT/w4_avg_024.meta	26	43321623c202a5286d5938625b59b601cc5caad4bce8ef452002953eab79796e
semantic/W4_Q32/STRUCT/w4_avg_024.shadow	0	e3b0c44298fc1c149afbf4c8996fb92427ae41e4649b934ca495991b7852b855
semantic/W4_Q32/STRUCT/w4_avg_025	456	4b6e84d154fb8ec750761040ed1e1007ab9842800bd35a9fc9c90c9a222fe56d
semantic/W4_Q32/STRUCT/w4_avg_025.desc	24	98c2668ecf55c12bfbd85f7b95b2210f7eac8533879f8ba1d37f6b00eb97dd95
semantic/W4_Q32/STRUCT/w4_avg_025.meta	26	c15b00c95d8cd01209a69007e4aafe1fd87a6bd078da70eb3b874807b5dc2ed4
semantic/W4_Q32/STRUCT/w4_avg_025.shadow	0	e3b0c44298fc1c149afbf4c8996fb92427ae41e4649b934ca495991b7852b855
semantic/W4_Q32/STRUCT/w4_avg_026	456	4b6e84d154fb8ec750761040ed1e1007ab9842800bd35a9fc9c90c9a222fe56d
semantic/W4_Q32/STRUCT/w4_avg_026.desc	24	a08461bfceb211e0a656dc9143cec552858a87efd8f966ef8e2e0d1ebcb96e77
semantic/W4_Q32/STRUCT/w4_avg_026.meta	26	92ae06430be8e3dd0f231e546caa6f39c440579122444a802c4a44525764c042
semantic/W4_Q32/STRUCT/w4_avg_026.shadow	0	e3b0c44298fc1c149afbf4c8996fb92427ae41e4649b934ca495991b7852b855
semantic/W4_Q32/STRUCT/w4_avg_027	456	4b6e84d154fb8ec750761040ed1e1007ab9842800bd35a9fc9c90c9a222fe56d
semantic/W4_Q32/STRUCT/w4_avg_027.desc	24	59d406544f56894910cae55ac8cf407e6f91c88d2067d3e133dbb718a63c9f3f
semantic/W4_Q32/STRUCT/w4_avg_027.meta	26	42b19d2968195e83fc69680abe8238e1edcce2fb6ac69092fe2d15117334229d
semantic/W4_Q32/STRUCT/w4_avg_027.shadow	0	e3b0c44298fc1c149afbf4c8996fb92427ae41e4649b934ca495991b7852b855
semantic/W4_Q32/STRUCT/w4_avg_028	456	4b6e84d154fb8ec750761040ed1e1007ab9842800bd35a9fc9c90c9a222fe56d
semantic/W4_Q32/STRUCT/w4_avg_028.desc	24	46e3aeeafc5e8c0aaf83fb0b477ddf046fda6b07801a50f0ac1c7fd5316f7f93
semantic/W4_Q32/STRUCT/w4_avg_028.meta	26	b0c683571f51e37c539d6a70f0c00001307426f58906ec29ec51cdf506af5da4
semantic/W4_Q32/STRUCT/w4_avg_028.shadow	0	e3b0c44298fc1c149afbf4c8996fb92427ae41e4649b934ca495991b7852b855
semantic/W4_Q32/STRUCT/w4_avg_029	456	4b6e84d154fb8ec750761040ed1e1007ab9842800bd35a9fc9c90c9a222fe56d
semantic/W4_Q32/STRUCT/w4_avg_029.desc	24	4d1d1d4ae6684641db0ff29c87c86159c6c3b0498039ea3ca1e9aded35f14a85
semantic/W4_Q32/STRUCT/w4_avg_029.meta	26	1d029669c008cfa5319942c6c48319370478647a92f3fc439c3d0a6fb9a4706d
semantic/W4_Q32/STRUCT/w4_avg_029.shadow	0	e3b0c44298fc1c149afbf4c8996fb92427ae41e4649b934ca495991b7852b855
semantic/W4_Q32/STRUCT/w4_avg_030	456	4b6e84d154fb8ec750761040ed1e1007ab9842800bd35a9fc9c90c9a222fe56d
semantic/W4_Q32/STRUCT/w4_avg_030.desc	24	0036cee62d1d6f2bfae3ca8498539bfb20a6a7c42b46f5a26d46f4b6bfe9db94
semantic/W4_Q32/STRUCT/w4_avg_030.meta	26	fe9ff79ae758e3a4d404f53a0602d39b2286ae4c435c34081da702663580b6bb
semantic/W4_Q32/STRUCT/w4_avg_030.shadow	0	e3b0c44298fc1c149afbf4c8996fb92427ae41e4649b934ca495991b7852b855
semantic/W4_Q32/STRUCT/w4_avg_031	456	4b6e84d154fb8ec750761040ed1e1007ab9842800bd35a9fc9c90c9a222fe56d
semantic/W4_Q32/STRUCT/w4_avg_031.desc	24	726c101755c3f0e85a195d43932e74b92fb7f35d1e2b49e65d1fe04307b470cf
semantic/W4_Q32/STRUCT/w4_avg_031.meta	26	a57f488eb215fe8efffd6e6cc7f49c4a202abf8a24766a2add492b4019e2757b
semantic/W4_Q32/STRUCT/w4_avg_031.shadow	0	e3b0c44298fc1c149afbf4c8996fb92427ae41e4649b934ca495991b7852b855
semantic/W4_Q32/STRUCT/w4_out_000	576	db914d13d5437de21a5752c8f47b8ec7170b7e9ca789139de50e2cc924d8f9a1
semantic/W4_Q32/STRUCT/w4_out_000.desc	17	108c7a9f011f52dada1fca907b8925712d2f1c57a40c6e26c9930be62d5f01fd
semantic/W4_Q32/STRUCT/w4_out_000.meta	26	be56415bc5d6c7c17e89b3c1cc03293d8299b5e18792289f2dae30f63ec4b2cf
semantic/W4_Q32/STRUCT/w4_out_000.shadow	0	e3b0c44298fc1c149afbf4c8996fb92427ae41e4649b934ca495991b7852b855
semantic/W4_Q32/STRUCT/w4_out_001	576	db914d13d5437de21a5752c8f47b8ec7170b7e9ca789139de50e2cc924d8f9a1
semantic/W4_Q32/STRUCT/w4_out_001.desc	17	108c7a9f011f52dada1fca907b8925712d2f1c57a40c6e26c9930be62d5f01fd
semantic/W4_Q32/STRUCT/w4_out_001.meta	26	e1f6708927089761deb1ff8247fae4b5a87f211fbe4f61ca18224370d93285a4
semantic/W4_Q32/STRUCT/w4_out_001.shadow	0	e3b0c44298fc1c149afbf4c8996fb92427ae41e4649b934ca495991b7852b855
semantic/W4_Q32/STRUCT/w4_out_002	576	db914d13d5437de21a5752c8f47b8ec7170b7e9ca789139de50e2cc924d8f9a1
semantic/W4_Q32/STRUCT/w4_out_002.desc	17	108c7a9f011f52dada1fca907b8925712d2f1c57a40c6e26c9930be62d5f01fd
semantic/W4_Q32/STRUCT/w4_out_002.meta	26	6068fe206fdcf4f3398bf6c36246489ebb99542d881790edd1977ff99dae2756
semantic/W4_Q32/STRUCT/w4_out_002.shadow	0	e3b0c44298fc1c149afbf4c8996fb92427ae41e4649b934ca495991b7852b855
semantic/W4_Q32/STRUCT/w4_out_003	576	db914d13d5437de21a5752c8f47b8ec7170b7e9ca789139de50e2cc924d8f9a1
semantic/W4_Q32/STRUCT/w4_out_003.desc	17	108c7a9f011f52dada1fca907b8925712d2f1c57a40c6e26c9930be62d5f01fd
semantic/W4_Q32/STRUCT/w4_out_003.meta	26	ea48a7eee376243f097a2aa42a9c89cf9e06edd358e657b5d026ded3a1e7b54c
semantic/W4_Q32/STRUCT/w4_out_003.shadow	0	e3b0c44298fc1c149afbf4c8996fb92427ae41e4649b934ca495991b7852b855
semantic/W4_Q32/STRUCT/w4_out_004	576	db914d13d5437de21a5752c8f47b8ec7170b7e9ca789139de50e2cc924d8f9a1
semantic/W4_Q32/STRUCT/w4_out_004.desc	17	108c7a9f011f52dada1fca907b8925712d2f1c57a40c6e26c9930be62d5f01fd
semantic/W4_Q32/STRUCT/w4_out_004.meta	26	4be28c7bf4426fbeacd7604fefb8a0e09ed1d687efc382d0c76e31ee189c626a
semantic/W4_Q32/STRUCT/w4_out_004.shadow	0	e3b0c44298fc1c149afbf4c8996fb92427ae41e4649b934ca495991b7852b855
semantic/W4_Q32/STRUCT/w4_out_005	576	db914d13d5437de21a5752c8f47b8ec7170b7e9ca789139de50e2cc924d8f9a1
semantic/W4_Q32/STRUCT/w4_out_005.desc	17	108c7a9f011f52dada1fca907b8925712d2f1c57a40c6e26c9930be62d5f01fd
semantic/W4_Q32/STRUCT/w4_out_005.meta	26	309dc8bdbc639aa3d71d15eb0e1fb72b982f23a3fff60c80e8547d44f7298305
semantic/W4_Q32/STRUCT/w4_out_005.shadow	0	e3b0c44298fc1c149afbf4c8996fb92427ae41e4649b934ca495991b7852b855
semantic/W4_Q32/STRUCT/w4_out_006	576	db914d13d5437de21a5752c8f47b8ec7170b7e9ca789139de50e2cc924d8f9a1
semantic/W4_Q32/STRUCT/w4_out_006.desc	17	108c7a9f011f52dada1fca907b8925712d2f1c57a40c6e26c9930be62d5f01fd
semantic/W4_Q32/STRUCT/w4_out_006.meta	26	86c86a64d76673fdc7d61afba9482376f2d32b220f5fcc87295a3130c18c5d3e
semantic/W4_Q32/STRUCT/w4_out_006.shadow	0	e3b0c44298fc1c149afbf4c8996fb92427ae41e4649b934ca495991b7852b855
semantic/W4_Q32/STRUCT/w4_out_007	576	db914d13d5437de21a5752c8f47b8ec7170b7e9ca789139de50e2cc924d8f9a1
semantic/W4_Q32/STRUCT/w4_out_007.desc	17	108c7a9f011f52dada1fca907b8925712d2f1c57a40c6e26c9930be62d5f01fd
semantic/W4_Q32/STRUCT/w4_out_007.meta	26	4f1c803cadc067b79f409d9f5afe5f43778239f71ec5fb067ff593ae8e21e61b
semantic/W4_Q32/STRUCT/w4_out_007.shadow	0	e3b0c44298fc1c149afbf4c8996fb92427ae41e4649b934ca495991b7852b855
semantic/W4_Q32/STRUCT/w4_out_008	576	db914d13d5437de21a5752c8f47b8ec7170b7e9ca789139de50e2cc924d8f9a1
semantic/W4_Q32/STRUCT/w4_out_008.desc	17	108c7a9f011f52dada1fca907b8925712d2f1c57a40c6e26c9930be62d5f01fd
semantic/W4_Q32/STRUCT/w4_out_008.meta	26	56772b4638f79cb011b0333b8beb8486e3e3fa7f1aacb4c5c50a234cdf198cbe
semantic/W4_Q32/STRUCT/w4_out_008.shadow	0	e3b0c44298fc1c149afbf4c8996fb92427ae41e4649b934ca495991b7852b855
semantic/W4_Q32/STRUCT/w4_out_009	576	db914d13d5437de21a5752c8f47b8ec7170b7e9ca789139de50e2cc924d8f9a1
semantic/W4_Q32/STRUCT/w4_out_009.desc	17	108c7a9f011f52dada1fca907b8925712d2f1c57a40c6e26c9930be62d5f01fd
semantic/W4_Q32/STRUCT/w4_out_009.meta	26	9a74848a72955e567f67d588cd063b28178237ff73a355cb13bc90d266f1fca9
semantic/W4_Q32/STRUCT/w4_out_009.shadow	0	e3b0c44298fc1c149afbf4c8996fb92427ae41e4649b934ca495991b7852b855
semantic/W4_Q32/STRUCT/w4_out_010	576	db914d13d5437de21a5752c8f47b8ec7170b7e9ca789139de50e2cc924d8f9a1
semantic/W4_Q32/STRUCT/w4_out_010.desc	17	108c7a9f011f52dada1fca907b8925712d2f1c57a40c6e26c9930be62d5f01fd
semantic/W4_Q32/STRUCT/w4_out_010.meta	26	242b1335d359abc1ab196bd513c166a7a80c9a3d52e03e927e17b9df79800464
semantic/W4_Q32/STRUCT/w4_out_010.shadow	0	e3b0c44298fc1c149afbf4c8996fb92427ae41e4649b934ca495991b7852b855
semantic/W4_Q32/STRUCT/w4_out_011	576	db914d13d5437de21a5752c8f47b8ec7170b7e9ca789139de50e2cc924d8f9a1
semantic/W4_Q32/STRUCT/w4_out_011.desc	17	108c7a9f011f52dada1fca907b8925712d2f1c57a40c6e26c9930be62d5f01fd
semantic/W4_Q32/STRUCT/w4_out_011.meta	26	5859aaca8eeefc2c46c72193c951d1d3fbfaaee4cb462e55ccfc05e3f734d165
semantic/W4_Q32/STRUCT/w4_out_011.shadow	0	e3b0c44298fc1c149afbf4c8996fb92427ae41e4649b934ca495991b7852b855
semantic/W4_Q32/STRUCT/w4_out_012	576	db914d13d5437de21a5752c8f47b8ec7170b7e9ca789139de50e2cc924d8f9a1
semantic/W4_Q32/STRUCT/w4_out_012.desc	17	108c7a9f011f52dada1fca907b8925712d2f1c57a40c6e26c9930be62d5f01fd
semantic/W4_Q32/STRUCT/w4_out_012.meta	26	60966b2a88450f394145f4e3954e4ba0c17d0b3c7206b6a68dcde26a8092d85c
semantic/W4_Q32/STRUCT/w4_out_012.shadow	0	e3b0c44298fc1c149afbf4c8996fb92427ae41e4649b934ca495991b7852b855
semantic/W4_Q32/STRUCT/w4_out_013	576	db914d13d5437de21a5752c8f47b8ec7170b7e9ca789139de50e2cc924d8f9a1
semantic/W4_Q32/STRUCT/w4_out_013.desc	17	108c7a9f011f52dada1fca907b8925712d2f1c57a40c6e26c9930be62d5f01fd
semantic/W4_Q32/STRUCT/w4_out_013.meta	26	d7fefc0e84a9aff6b7857f94b5c07555e3ff64055208e1e7a5d5fee2686ca9df
semantic/W4_Q32/STRUCT/w4_out_013.shadow	0	e3b0c44298fc1c149afbf4c8996fb92427ae41e4649b934ca495991b7852b855
semantic/W4_Q32/STRUCT/w4_out_014	576	db914d13d5437de21a5752c8f47b8ec7170b7e9ca789139de50e2cc924d8f9a1
semantic/W4_Q32/STRUCT/w4_out_014.desc	17	108c7a9f011f52dada1fca907b8925712d2f1c57a40c6e26c9930be62d5f01fd
semantic/W4_Q32/STRUCT/w4_out_014.meta	26	952c9376daabea2cd3e40c845b0fc6f8243df3e529b25d5008d0441b5c238be4
semantic/W4_Q32/STRUCT/w4_out_014.shadow	0	e3b0c44298fc1c149afbf4c8996fb92427ae41e4649b934ca495991b7852b855
semantic/W4_Q32/STRUCT/w4_out_015	576	db914d13d5437de21a5752c8f47b8ec7170b7e9ca789139de50e2cc924d8f9a1
semantic/W4_Q32/STRUCT/w4_out_015.desc	17	108c7a9f011f52dada1fca907b8925712d2f1c57a40c6e26c9930be62d5f01fd
semantic/W4_Q32/STRUCT/w4_out_015.meta	26	0c98d1f7d3191175c14c2db64ca7ecabcbced59ae5de3c028850510cea45bad1
semantic/W4_Q32/STRUCT/w4_out_015.shadow	0	e3b0c44298fc1c149afbf4c8996fb92427ae41e4649b934ca495991b7852b855
semantic/W4_Q32/STRUCT/w4_out_016	576	db914d13d5437de21a5752c8f47b8ec7170b7e9ca789139de50e2cc924d8f9a1
semantic/W4_Q32/STRUCT/w4_out_016.desc	17	108c7a9f011f52dada1fca907b8925712d2f1c57a40c6e26c9930be62d5f01fd
semantic/W4_Q32/STRUCT/w4_out_016.meta	26	c23cd1e057484c3bf2cf07700e6734e2f2cd47a4ce4342c4a5f984fccc2732d0
semantic/W4_Q32/STRUCT/w4_out_016.shadow	0	e3b0c44298fc1c149afbf4c8996fb92427ae41e4649b934ca495991b7852b855
semantic/W4_Q32/STRUCT/w4_out_017	576	db914d13d5437de21a5752c8f47b8ec7170b7e9ca789139de50e2cc924d8f9a1
semantic/W4_Q32/STRUCT/w4_out_017.desc	17	108c7a9f011f52dada1fca907b8925712d2f1c57a40c6e26c9930be62d5f01fd
semantic/W4_Q32/STRUCT/w4_out_017.meta	26	eda0b415fb5392e388cda5f36f52a983b7a40f4aa69f233da7cafd9ef8327147
semantic/W4_Q32/STRUCT/w4_out_017.shadow	0	e3b0c44298fc1c149afbf4c8996fb92427ae41e4649b934ca495991b7852b855
semantic/W4_Q32/STRUCT/w4_out_018	576	db914d13d5437de21a5752c8f47b8ec7170b7e9ca789139de50e2cc924d8f9a1
semantic/W4_Q32/STRUCT/w4_out_018.desc	17	108c7a9f011f52dada1fca907b8925712d2f1c57a40c6e26c9930be62d5f01fd
semantic/W4_Q32/STRUCT/w4_out_018.meta	26	277330534d59b8966f0d07ab3f5026b21187b6fe3918bde8e40ece8d0bba77bc
semantic/W4_Q32/STRUCT/w4_out_018.shadow	0	e3b0c44298fc1c149afbf4c8996fb92427ae41e4649b934ca495991b7852b855
semantic/W4_Q32/STRUCT/w4_out_019	576	db914d13d5437de21a5752c8f47b8ec7170b7e9ca789139de50e2cc924d8f9a1
semantic/W4_Q32/STRUCT/w4_out_019.desc	17	108c7a9f011f52dada1fca907b8925712d2f1c57a40c6e26c9930be62d5f01fd
semantic/W4_Q32/STRUCT/w4_out_019.meta	26	f7be01be86c04abe5d102818107120c6017bd65ce073fb60ccc84bdbe29dd1f2
semantic/W4_Q32/STRUCT/w4_out_019.shadow	0	e3b0c44298fc1c149afbf4c8996fb92427ae41e4649b934ca495991b7852b855
semantic/W4_Q32/STRUCT/w4_out_020	576	db914d13d5437de21a5752c8f47b8ec7170b7e9ca789139de50e2cc924d8f9a1
semantic/W4_Q32/STRUCT/w4_out_020.desc	17	108c7a9f011f52dada1fca907b8925712d2f1c57a40c6e26c9930be62d5f01fd
semantic/W4_Q32/STRUCT/w4_out_020.meta	26	c9a15fcf44a8aaf57a49fc2c676ffb6e6883e637f003b8723b5969b09e734231
semantic/W4_Q32/STRUCT/w4_out_020.shadow	0	e3b0c44298fc1c149afbf4c8996fb92427ae41e4649b934ca495991b7852b855
semantic/W4_Q32/STRUCT/w4_out_021	576	db914d13d5437de21a5752c8f47b8ec7170b7e9ca789139de50e2cc924d8f9a1
semantic/W4_Q32/STRUCT/w4_out_021.desc	17	108c7a9f011f52dada1fca907b8925712d2f1c57a40c6e26c9930be62d5f01fd
semantic/W4_Q32/STRUCT/w4_out_021.meta	26	c927ae450a6f0324904e444e04a3d81b7177cabfaad5dfd7c0c6c37bcf823ad1
semantic/W4_Q32/STRUCT/w4_out_021.shadow	0	e3b0c44298fc1c149afbf4c8996fb92427ae41e4649b934ca495991b7852b855
semantic/W4_Q32/STRUCT/w4_out_022	576	db914d13d5437de21a5752c8f47b8ec7170b7e9ca789139de50e2cc924d8f9a1
semantic/W4_Q32/STRUCT/w4_out_022.desc	17	108c7a9f011f52dada1fca907b8925712d2f1c57a40c6e26c9930be62d5f01fd
semantic/W4_Q32/STRUCT/w4_out_022.meta	26	34ee234bcc5a3e6c6a71ce343f7d5c86ab94a4e293986c26b88819ce18cc5363
semantic/W4_Q32/STRUCT/w4_out_022.shadow	0	e3b0c44298fc1c149afbf4c8996fb92427ae41e4649b934ca495991b7852b855
semantic/W4_Q32/STRUCT/w4_out_023	576	db914d13d5437de21a5752c8f47b8ec7170b7e9ca789139de50e2cc924d8f9a1
semantic/W4_Q32/STRUCT/w4_out_023.desc	17	108c7a9f011f52dada1fca907b8925712d2f1c57a40c6e26c9930be62d5f01fd
semantic/W4_Q32/STRUCT/w4_out_023.meta	26	d14c3d48ce66b6761eac5e0e56e31326de5b0010309ca67f54d189079e7d8210
semantic/W4_Q32/STRUCT/w4_out_023.shadow	0	e3b0c44298fc1c149afbf4c8996fb92427ae41e4649b934ca495991b7852b855
semantic/W4_Q32/STRUCT/w4_out_024	576	db914d13d5437de21a5752c8f47b8ec7170b7e9ca789139de50e2cc924d8f9a1
semantic/W4_Q32/STRUCT/w4_out_024.desc	17	108c7a9f011f52dada1fca907b8925712d2f1c57a40c6e26c9930be62d5f01fd
semantic/W4_Q32/STRUCT/w4_out_024.meta	26	26948b2105b0840c22eba5bb41a51c6f15d18af485089836b27c9a5e3b6ec75a
semantic/W4_Q32/STRUCT/w4_out_024.shadow	0	e3b0c44298fc1c149afbf4c8996fb92427ae41e4649b934ca495991b7852b855
semantic/W4_Q32/STRUCT/w4_out_025	576	db914d13d5437de21a5752c8f47b8ec7170b7e9ca789139de50e2cc924d8f9a1
semantic/W4_Q32/STRUCT/w4_out_025.desc	17	108c7a9f011f52dada1fca907b8925712d2f1c57a40c6e26c9930be62d5f01fd
semantic/W4_Q32/STRUCT/w4_out_025.meta	26	f4e65a3d0fc3f2e85014e6e5c484faeff5c8825b866f45dafcb95d5b82d1a901
semantic/W4_Q32/STRUCT/w4_out_025.shadow	0	e3b0c44298fc1c149afbf4c8996fb92427ae41e4649b934ca495991b7852b855
semantic/W4_Q32/STRUCT/w4_out_026	576	db914d13d5437de21a5752c8f47b8ec7170b7e9ca789139de50e2cc924d8f9a1
semantic/W4_Q32/STRUCT/w4_out_026.desc	17	108c7a9f011f52dada1fca907b8925712d2f1c57a40c6e26c9930be62d5f01fd
semantic/W4_Q32/STRUCT/w4_out_026.meta	26	ae6943d40864f624038c8bb5f8a44e96bed6ca643f593086abd0683c139fe764
semantic/W4_Q32/STRUCT/w4_out_026.shadow	0	e3b0c44298fc1c149afbf4c8996fb92427ae41e4649b934ca495991b7852b855
semantic/W4_Q32/STRUCT/w4_out_027	576	db914d13d5437de21a5752c8f47b8ec7170b7e9ca789139de50e2cc924d8f9a1
semantic/W4_Q32/STRUCT/w4_out_027.desc	17	108c7a9f011f52dada1fca907b8925712d2f1c57a40c6e26c9930be62d5f01fd
semantic/W4_Q32/STRUCT/w4_out_027.meta	26	55a7b120a971017ca62930892e7cd75a2d6952111a0a94543870e8e8b9b8f2bd
semantic/W4_Q32/STRUCT/w4_out_027.shadow	0	e3b0c44298fc1c149afbf4c8996fb92427ae41e4649b934ca495991b7852b855
semantic/W4_Q32/STRUCT/w4_out_028	576	db914d13d5437de21a5752c8f47b8ec7170b7e9ca789139de50e2cc924d8f9a1
semantic/W4_Q32/STRUCT/w4_out_028.desc	17	108c7a9f011f52dada1fca907b8925712d2f1c57a40c6e26c9930be62d5f01fd
semantic/W4_Q32/STRUCT/w4_out_028.meta	26	fd58df1578ba3b34d10f140901fb1ef10c95656f1905a2d3bfdb3eb469548271
semantic/W4_Q32/STRUCT/w4_out_028.shadow	0	e3b0c44298fc1c149afbf4c8996fb92427ae41e4649b934ca495991b7852b855
semantic/W4_Q32/STRUCT/w4_out_029	576	db914d13d5437de21a5752c8f47b8ec7170b7e9ca789139de50e2cc924d8f9a1
semantic/W4_Q32/STRUCT/w4_out_029.desc	17	108c7a9f011f52dada1fca907b8925712d2f1c57a40c6e26c9930be62d5f01fd
semantic/W4_Q32/STRUCT/w4_out_029.meta	26	82eec4c66c96be76b23a410881b9eff59948ddf720ad97c2b46f41771962fd2f
semantic/W4_Q32/STRUCT/w4_out_029.shadow	0	e3b0c44298fc1c149afbf4c8996fb92427ae41e4649b934ca495991b7852b855
semantic/W4_Q32/STRUCT/w4_out_030	576	db914d13d5437de21a5752c8f47b8ec7170b7e9ca789139de50e2cc924d8f9a1
semantic/W4_Q32/STRUCT/w4_out_030.desc	17	108c7a9f011f52dada1fca907b8925712d2f1c57a40c6e26c9930be62d5f01fd
semantic/W4_Q32/STRUCT/w4_out_030.meta	26	c8866f0914ec9dd42abe0b58baa4de3efb6daf7f4be96630462d28f186cf4398
semantic/W4_Q32/STRUCT/w4_out_030.shadow	0	e3b0c44298fc1c149afbf4c8996fb92427ae41e4649b934ca495991b7852b855
semantic/W4_Q32/STRUCT/w4_out_031	576	db914d13d5437de21a5752c8f47b8ec7170b7e9ca789139de50e2cc924d8f9a1
semantic/W4_Q32/STRUCT/w4_out_031.desc	17	108c7a9f011f52dada1fca907b8925712d2f1c57a40c6e26c9930be62d5f01fd
semantic/W4_Q32/STRUCT/w4_out_031.meta	26	3d54fee8d2f9a8a6a3f768d496484bc7f561bfb91e0448dffbad1ab91887049f
semantic/W4_Q32/STRUCT/w4_out_031.shadow	0	e3b0c44298fc1c149afbf4c8996fb92427ae41e4649b934ca495991b7852b855
semantic/W4_Q32/STRUCT/w4_p_000	576	db914d13d5437de21a5752c8f47b8ec7170b7e9ca789139de50e2cc924d8f9a1
semantic/W4_Q32/STRUCT/w4_p_000.desc	22	deca89418af4636c9c780a99ecd62c80178ffc4570c986a251968fd73ae9f9d7
semantic/W4_Q32/STRUCT/w4_p_000.meta	26	f293f149030354ef5e18dce574868560e9cf5ba3dd6ec8a182f79ed5ac0ca135
semantic/W4_Q32/STRUCT/w4_p_000.shadow	0	e3b0c44298fc1c149afbf4c8996fb92427ae41e4649b934ca495991b7852b855
semantic/W4_Q32/STRUCT/w4_p_001	576	db914d13d5437de21a5752c8f47b8ec7170b7e9ca789139de50e2cc924d8f9a1
semantic/W4_Q32/STRUCT/w4_p_001.desc	22	e95a96590cfe1e614bb1a8d1535cb3f15e9c2033e317f02939e9cc4ca754c5f2
semantic/W4_Q32/STRUCT/w4_p_001.meta	26	de6bd9e7e71731422c589f56f16358ac7cdedaf38a2d670f490a3d0475844f2b
semantic/W4_Q32/STRUCT/w4_p_001.shadow	0	e3b0c44298fc1c149afbf4c8996fb92427ae41e4649b934ca495991b7852b855
semantic/W4_Q32/STRUCT/w4_p_002	576	db914d13d5437de21a5752c8f47b8ec7170b7e9ca789139de50e2cc924d8f9a1
semantic/W4_Q32/STRUCT/w4_p_002.desc	22	a637f771fd0ea18cd39c01e7c0a078d7a57a46c4715adbd5128aac2b41841170
semantic/W4_Q32/STRUCT/w4_p_002.meta	26	a7b2d8e0c14ff7e1247ed254dd91c8f5d9888c55f351d07a51f16b08f9921b69
semantic/W4_Q32/STRUCT/w4_p_002.shadow	0	e3b0c44298fc1c149afbf4c8996fb92427ae41e4649b934ca495991b7852b855
semantic/W4_Q32/STRUCT/w4_p_003	576	db914d13d5437de21a5752c8f47b8ec7170b7e9ca789139de50e2cc924d8f9a1
semantic/W4_Q32/STRUCT/w4_p_003.desc	22	c4d6651520166192cbde8877093298e69e69bb2a737d041d0362d1a0f39edf48
semantic/W4_Q32/STRUCT/w4_p_003.meta	26	d6860cacbe515c09835202a1f18d89915bcf4677c597ec1bcb9cb755370ba703
semantic/W4_Q32/STRUCT/w4_p_003.shadow	0	e3b0c44298fc1c149afbf4c8996fb92427ae41e4649b934ca495991b7852b855
semantic/W4_Q32/STRUCT/w4_p_004	576	db914d13d5437de21a5752c8f47b8ec7170b7e9ca789139de50e2cc924d8f9a1
semantic/W4_Q32/STRUCT/w4_p_004.desc	22	24795787ade910e615d4b928695a12d3fda8d1a36052778ab10a6cc08a1fcd73
semantic/W4_Q32/STRUCT/w4_p_004.meta	26	c85b956a75c2ed1d45abd0a4954a9e8a0b181e5dd5098f0382220f3b3c93da73
semantic/W4_Q32/STRUCT/w4_p_004.shadow	0	e3b0c44298fc1c149afbf4c8996fb92427ae41e4649b934ca495991b7852b855
semantic/W4_Q32/STRUCT/w4_p_005	576	db914d13d5437de21a5752c8f47b8ec7170b7e9ca789139de50e2cc924d8f9a1
semantic/W4_Q32/STRUCT/w4_p_005.desc	22	88b73c5e457227c4e85cbe49553ca3b51da6068e75d8a7f3d92e5f5219499989
semantic/W4_Q32/STRUCT/w4_p_005.meta	26	e6bb4ef2c75969b86aa27427fd93802e45375a925fa8e862ea5cf9f6c7b197d5
semantic/W4_Q32/STRUCT/w4_p_005.shadow	0	e3b0c44298fc1c149afbf4c8996fb92427ae41e4649b934ca495991b7852b855
semantic/W4_Q32/STRUCT/w4_p_006	576	db914d13d5437de21a5752c8f47b8ec7170b7e9ca789139de50e2cc924d8f9a1
semantic/W4_Q32/STRUCT/w4_p_006.desc	22	d383f9024f26c70d348bccc66c1a20b5b0b1c3c406b8f02ce9d32e37d0d6de53
semantic/W4_Q32/STRUCT/w4_p_006.meta	26	7de6a876c5d9cb21aa01ad7a6e056f41f390f7c028e7491ad2cf0ab71a937394
semantic/W4_Q32/STRUCT/w4_p_006.shadow	0	e3b0c44298fc1c149afbf4c8996fb92427ae41e4649b934ca495991b7852b855
semantic/W4_Q32/STRUCT/w4_p_007	576	db914d13d5437de21a5752c8f47b8ec7170b7e9ca789139de50e2cc924d8f9a1
semantic/W4_Q32/STRUCT/w4_p_007.desc	22	a8c8e13c52ee4c51e4acafcb5a151a493833c01771ee4a23be16ab4ae894a052
semantic/W4_Q32/STRUCT/w4_p_007.meta	26	7812a9e9558701b2c83f1a2dfafa5885972536d8717f6d38ba31a012e92b60fb
semantic/W4_Q32/STRUCT/w4_p_007.shadow	0	e3b0c44298fc1c149afbf4c8996fb92427ae41e4649b934ca495991b7852b855
semantic/W4_Q32/STRUCT/w4_p_008	576	db914d13d5437de21a5752c8f47b8ec7170b7e9ca789139de50e2cc924d8f9a1
semantic/W4_Q32/STRUCT/w4_p_008.desc	22	ad6e1547896c38121431f84a6df3d0ee5b0a1980daf88e4e7c28c2f5752ba40e
semantic/W4_Q32/STRUCT/w4_p_008.meta	26	6928c5820c034574d489b54e8ca6cc7365e769a121d99bdd4c4a681303ca8fb0
semantic/W4_Q32/STRUCT/w4_p_008.shadow	0	e3b0c44298fc1c149afbf4c8996fb92427ae41e4649b934ca495991b7852b855
semantic/W4_Q32/STRUCT/w4_p_009	576	db914d13d5437de21a5752c8f47b8ec7170b7e9ca789139de50e2cc924d8f9a1
semantic/W4_Q32/STRUCT/w4_p_009.desc	22	8e8c095243900dccab3462aaf96d87451c42ae390c2c472d21017829b9f1a5bf
semantic/W4_Q32/STRUCT/w4_p_009.meta	26	cef593e65b9b55770757585f400c4162d91c8bb89b9207240b5df0f606531909
semantic/W4_Q32/STRUCT/w4_p_009.shadow	0	e3b0c44298fc1c149afbf4c8996fb92427ae41e4649b934ca495991b7852b855
semantic/W4_Q32/STRUCT/w4_p_010	576	db914d13d5437de21a5752c8f47b8ec7170b7e9ca789139de50e2cc924d8f9a1
semantic/W4_Q32/STRUCT/w4_p_010.desc	22	660ebc8980b1fb02074d631d53fcc7eed23c1b9bb5faf85599289a703c02699f
semantic/W4_Q32/STRUCT/w4_p_010.meta	26	3c2ed0ac9255c1918ce960a1fa2ec7874eba39bc668590dcddd107675a96a072
semantic/W4_Q32/STRUCT/w4_p_010.shadow	0	e3b0c44298fc1c149afbf4c8996fb92427ae41e4649b934ca495991b7852b855
semantic/W4_Q32/STRUCT/w4_p_011	576	db914d13d5437de21a5752c8f47b8ec7170b7e9ca789139de50e2cc924d8f9a1
semantic/W4_Q32/STRUCT/w4_p_011.desc	22	2829138aaf8d4457ca50dc33ae9225fbdbc8d831d80faa462bcf15d4fec4c65e
semantic/W4_Q32/STRUCT/w4_p_011.meta	26	feb79fa85ff5ae0b64429f6e730b374cbe7daaf545d1e494c01cebb68b3e6ce1
semantic/W4_Q32/STRUCT/w4_p_011.shadow	0	e3b0c44298fc1c149afbf4c8996fb92427ae41e4649b934ca495991b7852b855
semantic/W4_Q32/STRUCT/w4_p_012	576	db914d13d5437de21a5752c8f47b8ec7170b7e9ca789139de50e2cc924d8f9a1
semantic/W4_Q32/STRUCT/w4_p_012.desc	22	358f501aa8cd704cbb1d584c9706a187c593ed65d1b3e73490fd12ebd2eb0e8c
semantic/W4_Q32/STRUCT/w4_p_012.meta	26	0aae02b212e1fb4f87e1e22bf3f32623cc84a90cb4e7365ef5813c82a77f9fe4
semantic/W4_Q32/STRUCT/w4_p_012.shadow	0	e3b0c44298fc1c149afbf4c8996fb92427ae41e4649b934ca495991b7852b855
semantic/W4_Q32/STRUCT/w4_p_013	576	db914d13d5437de21a5752c8f47b8ec7170b7e9ca789139de50e2cc924d8f9a1
semantic/W4_Q32/STRUCT/w4_p_013.desc	22	1bcb052f130a666a5fa5a267da076e08320b668fa51e93652f4c6772acd83bf5
semantic/W4_Q32/STRUCT/w4_p_013.meta	26	9463ef57e14afee0a9b560b1cd1cfb5fbab974e24d1dd1a07dec2bad1fa686f0
semantic/W4_Q32/STRUCT/w4_p_013.shadow	0	e3b0c44298fc1c149afbf4c8996fb92427ae41e4649b934ca495991b7852b855
semantic/W4_Q32/STRUCT/w4_p_014	576	db914d13d5437de21a5752c8f47b8ec7170b7e9ca789139de50e2cc924d8f9a1
semantic/W4_Q32/STRUCT/w4_p_014.desc	22	0758426bff784bf347cd77c26d9733f92e26cb0440fd0d2903ff4d3ae4a31607
semantic/W4_Q32/STRUCT/w4_p_014.meta	26	f03edfa19b983eb872314e84954dd7f73175e3482d2094e816a062360ef88a20
semantic/W4_Q32/STRUCT/w4_p_014.shadow	0	e3b0c44298fc1c149afbf4c8996fb92427ae41e4649b934ca495991b7852b855
semantic/W4_Q32/STRUCT/w4_p_015	576	db914d13d5437de21a5752c8f47b8ec7170b7e9ca789139de50e2cc924d8f9a1
semantic/W4_Q32/STRUCT/w4_p_015.desc	22	e95a34ba8e0cd5b68a489aaeaca0848acc26382e4ea93bc03f5c1e28899196ef
semantic/W4_Q32/STRUCT/w4_p_015.meta	26	ff021fcb1b81453afabc040136c944cc62bceb8de4396900d7fd3a1a19367fef
semantic/W4_Q32/STRUCT/w4_p_015.shadow	0	e3b0c44298fc1c149afbf4c8996fb92427ae41e4649b934ca495991b7852b855
semantic/W4_Q32/STRUCT/w4_p_016	576	db914d13d5437de21a5752c8f47b8ec7170b7e9ca789139de50e2cc924d8f9a1
semantic/W4_Q32/STRUCT/w4_p_016.desc	22	ba7d84c5868820eaef993f3a1057093c9c71fbd9859ea350d6c913d0a8c21494
semantic/W4_Q32/STRUCT/w4_p_016.meta	26	2e66f63847d41330e9a6124da2733cd209c4d9abc2e61790cedd46bca291f8cf
semantic/W4_Q32/STRUCT/w4_p_016.shadow	0	e3b0c44298fc1c149afbf4c8996fb92427ae41e4649b934ca495991b7852b855
semantic/W4_Q32/STRUCT/w4_p_017	576	db914d13d5437de21a5752c8f47b8ec7170b7e9ca789139de50e2cc924d8f9a1
semantic/W4_Q32/STRUCT/w4_p_017.desc	22	9ade9d0753f9fc537983cf0ba4ca2c8e5213570dfea660f043557ac2bd815ccc
semantic/W4_Q32/STRUCT/w4_p_017.meta	26	29bd798d8e439b128a9b44bd4deb5c8307c880882fbad436ffcbf868ca7a2328
semantic/W4_Q32/STRUCT/w4_p_017.shadow	0	e3b0c44298fc1c149afbf4c8996fb92427ae41e4649b934ca495991b7852b855
semantic/W4_Q32/STRUCT/w4_p_018	576	db914d13d5437de21a5752c8f47b8ec7170b7e9ca789139de50e2cc924d8f9a1
semantic/W4_Q32/STRUCT/w4_p_018.desc	22	9e88e94f7774f87648b3482a56ef71e451e825a79484140c2bbc9f77e53ffa7d
semantic/W4_Q32/STRUCT/w4_p_018.meta	26	7f832f94a7eb83eec6748e45d6ffd83bc09c02234304324536763f5d919ae12f
semantic/W4_Q32/STRUCT/w4_p_018.shadow	0	e3b0c44298fc1c149afbf4c8996fb92427ae41e4649b934ca495991b7852b855
semantic/W4_Q32/STRUCT/w4_p_019	576	db914d13d5437de21a5752c8f47b8ec7170b7e9ca789139de50e2cc924d8f9a1
semantic/W4_Q32/STRUCT/w4_p_019.desc	22	af72dab8df98e40e814c70fb3e47250c2a31797e0543db38e9d85a056f1253f9
semantic/W4_Q32/STRUCT/w4_p_019.meta	26	55b99765c170bd911ab43c08ecfa6427a76158805f7845389be74b6fc1bcbf8c
semantic/W4_Q32/STRUCT/w4_p_019.shadow	0	e3b0c44298fc1c149afbf4c8996fb92427ae41e4649b934ca495991b7852b855
semantic/W4_Q32/STRUCT/w4_p_020	576	db914d13d5437de21a5752c8f47b8ec7170b7e9ca789139de50e2cc924d8f9a1
semantic/W4_Q32/STRUCT/w4_p_020.desc	22	a81fe0e9c8aecb8bbfd377b93b16f064563f03496fb03b80d934c1330d634580
semantic/W4_Q32/STRUCT/w4_p_020.meta	26	3335db37b10a33d992ba5393314e845f2c8b627e36c2d21659c0e0afe93e5683
semantic/W4_Q32/STRUCT/w4_p_020.shadow	0	e3b0c44298fc1c149afbf4c8996fb92427ae41e4649b934ca495991b7852b855
semantic/W4_Q32/STRUCT/w4_p_021	576	db914d13d5437de21a5752c8f47b8ec7170b7e9ca789139de50e2cc924d8f9a1
semantic/W4_Q32/STRUCT/w4_p_021.desc	22	41a856b38047187755438ccb07906e9508ac81d6315b4c10a3af1eed7555b7ad
semantic/W4_Q32/STRUCT/w4_p_021.meta	26	5aa748dcf6463923c45915f10e704780bd1b9ab41df6920f30099d78efaf84c5
semantic/W4_Q32/STRUCT/w4_p_021.shadow	0	e3b0c44298fc1c149afbf4c8996fb92427ae41e4649b934ca495991b7852b855
semantic/W4_Q32/STRUCT/w4_p_022	576	db914d13d5437de21a5752c8f47b8ec7170b7e9ca789139de50e2cc924d8f9a1
semantic/W4_Q32/STRUCT/w4_p_022.desc	22	ab9740b6f8b2196de374fca1a6f3a94c08192701fb32206fa6623bac02ff85dc
semantic/W4_Q32/STRUCT/w4_p_022.meta	26	2a807c6c574932ad6109e3ef381999d2ee79f596b6ea82c13aff93563f857c5c
semantic/W4_Q32/STRUCT/w4_p_022.shadow	0	e3b0c44298fc1c149afbf4c8996fb92427ae41e4649b934ca495991b7852b855
semantic/W4_Q32/STRUCT/w4_p_023	576	db914d13d5437de21a5752c8f47b8ec7170b7e9ca789139de50e2cc924d8f9a1
semantic/W4_Q32/STRUCT/w4_p_023.desc	22	6ed608d442acbe7a515ee3d6d78981e8749f1ff576ee817b1603a426795677cf
semantic/W4_Q32/STRUCT/w4_p_023.meta	26	34a2e7d368d36b4c623e098daf8eaeed0fcc3d154d24502fdcbc363d1cd37a1c
semantic/W4_Q32/STRUCT/w4_p_023.shadow	0	e3b0c44298fc1c149afbf4c8996fb92427ae41e4649b934ca495991b7852b855
semantic/W4_Q32/STRUCT/w4_p_024	576	db914d13d5437de21a5752c8f47b8ec7170b7e9ca789139de50e2cc924d8f9a1
semantic/W4_Q32/STRUCT/w4_p_024.desc	22	83b6f9889271915bf6e35e159344238c339de4b9d7ae5baac6a4994beba2ecda
semantic/W4_Q32/STRUCT/w4_p_024.meta	26	d62e5a24058bcc3689ede13361de7a82a9af6116dea71db6b6030c091541adc6
semantic/W4_Q32/STRUCT/w4_p_024.shadow	0	e3b0c44298fc1c149afbf4c8996fb92427ae41e4649b934ca495991b7852b855
semantic/W4_Q32/STRUCT/w4_p_025	576	db914d13d5437de21a5752c8f47b8ec7170b7e9ca789139de50e2cc924d8f9a1
semantic/W4_Q32/STRUCT/w4_p_025.desc	22	e721128ee866e66547d663187f3a674c4b9fd9f69cac4cb062f079ef4c36cafc
semantic/W4_Q32/STRUCT/w4_p_025.meta	26	7452e67790e4f6fc15fcb755989eae92e53cafe688c09b5e73306018aed9c57d
semantic/W4_Q32/STRUCT/w4_p_025.shadow	0	e3b0c44298fc1c149afbf4c8996fb92427ae41e4649b934ca495991b7852b855
semantic/W4_Q32/STRUCT/w4_p_026	576	db914d13d5437de21a5752c8f47b8ec7170b7e9ca789139de50e2cc924d8f9a1
semantic/W4_Q32/STRUCT/w4_p_026.desc	22	2b76daac47a98e6c5c82528e21f4748d668ac6b331315655f023250934ee99da
semantic/W4_Q32/STRUCT/w4_p_026.meta	26	6c1bf10c211e1ae75d5837b6b068e5e95c9fdf9f2548388f2f3d1939926233a1
semantic/W4_Q32/STRUCT/w4_p_026.shadow	0	e3b0c44298fc1c149afbf4c8996fb92427ae41e4649b934ca495991b7852b855
semantic/W4_Q32/STRUCT/w4_p_027	576	db914d13d5437de21a5752c8f47b8ec7170b7e9ca789139de50e2cc924d8f9a1
semantic/W4_Q32/STRUCT/w4_p_027.desc	22	b90316c6c48882b55240db793dd2d924f5c96e21dd20815901118b7ae125cae7
semantic/W4_Q32/STRUCT/w4_p_027.meta	26	a5d77d7b10e342c4957781befff0481843a70d06aa40f7f7c63f7934957abd04
semantic/W4_Q32/STRUCT/w4_p_027.shadow	0	e3b0c44298fc1c149afbf4c8996fb92427ae41e4649b934ca495991b7852b855
semantic/W4_Q32/STRUCT/w4_p_028	576	db914d13d5437de21a5752c8f47b8ec7170b7e9ca789139de50e2cc924d8f9a1
semantic/W4_Q32/STRUCT/w4_p_028.desc	22	cd94029c526ceb289a2915a769801e7fa5a9c472df1d2b759e311edebff8fcdf
semantic/W4_Q32/STRUCT/w4_p_028.meta	26	ffa9f72b0f6233e6ab564655a6a4932a76e092acc055d9f49fe4cc7ede8a41ef
semantic/W4_Q32/STRUCT/w4_p_028.shadow	0	e3b0c44298fc1c149afbf4c8996fb92427ae41e4649b934ca495991b7852b855
semantic/W4_Q32/STRUCT/w4_p_029	576	db914d13d5437de21a5752c8f47b8ec7170b7e9ca789139de50e2cc924d8f9a1
semantic/W4_Q32/STRUCT/w4_p_029.desc	22	5271e2adf2b037c5fee1929c03ed01ae0cb771d2943a614538e887a5fb03dbab
semantic/W4_Q32/STRUCT/w4_p_029.meta	26	36eef38ad6fbb1013bdcea6a081b4fd1b77fee5da876e84f4ba05a7465a543a6
semantic/W4_Q32/STRUCT/w4_p_029.shadow	0	e3b0c44298fc1c149afbf4c8996fb92427ae41e4649b934ca495991b7852b855
semantic/W4_Q32/STRUCT/w4_p_030	576	db914d13d5437de21a5752c8f47b8ec7170b7e9ca789139de50e2cc924d8f9a1
semantic/W4_Q32/STRUCT/w4_p_030.desc	22	1262768e09686428c1ac318e16fe3137489c88e7987d40d31368f0f096ba657d
semantic/W4_Q32/STRUCT/w4_p_030.meta	26	91ed1ba7350e07ec9f6554562073d98a72117152ac1ae85270f7d1604a439947
semantic/W4_Q32/STRUCT/w4_p_030.shadow	0	e3b0c44298fc1c149afbf4c8996fb92427ae41e4649b934ca495991b7852b855
semantic/W4_Q32/STRUCT/w4_p_031	576	db914d13d5437de21a5752c8f47b8ec7170b7e9ca789139de50e2cc924d8f9a1
semantic/W4_Q32/STRUCT/w4_p_031.desc	22	c09bd7851ee6c5a319db9580447a280e08492f7ed03785784d06de91863997c1
semantic/W4_Q32/STRUCT/w4_p_031.meta	26	aaff724ba63a2d1dd248b150831a7f557c301ae2d6195b9a4d03bcc3e0c3b1f1
semantic/W4_Q32/STRUCT/w4_p_031.shadow	0	e3b0c44298fc1c149afbf4c8996fb92427ae41e4649b934ca495991b7852b855
semantic/W4_Q32/STRUCT/w4_win_000	13680	87e2a416b2849deb4586f62664e469bff9a6e8435b891ab850684eb3c3fc3167
semantic/W4_Q32/STRUCT/w4_win_000.desc	622	86a39a257b6a8ff4c051487b58fdef89d996f2b00986d427f64468df66a09edb
semantic/W4_Q32/STRUCT/w4_win_000.meta	29	569c897aecbf7f4aba143f25e22a49ea6437ccb868c893786c413c8b07fd1a2c
semantic/W4_Q32/STRUCT/w4_win_000.shadow	0	e3b0c44298fc1c149afbf4c8996fb92427ae41e4649b934ca495991b7852b855
semantic/W4_Q32/STRUCT/w4_win_001	13680	87e2a416b2849deb4586f62664e469bff9a6e8435b891ab850684eb3c3fc3167
semantic/W4_Q32/STRUCT/w4_win_001.desc	622	141a3a9f520cca1530e055eff448ec71ef72ac5a67cc3c841b3b4f510a10a150
semantic/W4_Q32/STRUCT/w4_win_001.meta	29	75d9063a455340947b422cae92c9bf1d75d822ca93c363427296b123b22192c5
semantic/W4_Q32/STRUCT/w4_win_001.shadow	0	e3b0c44298fc1c149afbf4c8996fb92427ae41e4649b934ca495991b7852b855
semantic/W4_Q32/STRUCT/w4_win_002	13680	87e2a416b2849deb4586f62664e469bff9a6e8435b891ab850684eb3c3fc3167
semantic/W4_Q32/STRUCT/w4_win_002.desc	622	68d40584b8dff9638fbe906d53bed5e7fcdd7b29ef5d9fcb221b4af51f206d55
semantic/W4_Q32/STRUCT/w4_win_002.meta	29	bdaeb4d6a8885cbed2cb639861b3ac34f5e27b3ebe332113d46a5f283617b490
semantic/W4_Q32/STRUCT/w4_win_002.shadow	0	e3b0c44298fc1c149afbf4c8996fb92427ae41e4649b934ca495991b7852b855
semantic/W4_Q32/STRUCT/w4_win_003	13680	87e2a416b2849deb4586f62664e469bff9a6e8435b891ab850684eb3c3fc3167
semantic/W4_Q32/STRUCT/w4_win_003.desc	622	1db4154960605772cf4a54909b602f4730d898ce7a07ea6ba23cc129c45e6871
semantic/W4_Q32/STRUCT/w4_win_003.meta	29	bd61c320df29a9961f3ce4ab531a065f62192e63be720f9de7ed8e7b8ba80842
semantic/W4_Q32/STRUCT/w4_win_003.shadow	0	e3b0c44298fc1c149afbf4c8996fb92427ae41e4649b934ca495991b7852b855
semantic/W4_Q32/STRUCT/w4_win_004	13680	87e2a416b2849deb4586f62664e469bff9a6e8435b891ab850684eb3c3fc3167
semantic/W4_Q32/STRUCT/w4_win_004.desc	622	f8243fd7ac703d8ce1daaa831f7c039d6d9a659c97a2d1a316b2bfe3a1a15a2f
semantic/W4_Q32/STRUCT/w4_win_004.meta	29	90d8b8bb7e875f90e97bbdb4f82fcb8bda6bf7ca5e70b12f8eacdc3f6e2847fe
semantic/W4_Q32/STRUCT/w4_win_004.shadow	0	e3b0c44298fc1c149afbf4c8996fb92427ae41e4649b934ca495991b7852b855
semantic/W4_Q32/STRUCT/w4_win_005	13680	87e2a416b2849deb4586f62664e469bff9a6e8435b891ab850684eb3c3fc3167
semantic/W4_Q32/STRUCT/w4_win_005.desc	622	c11b646d3b4dc705b533c4e0c29019338ecd233b3fa6dd5faef901423b3dcbe0
semantic/W4_Q32/STRUCT/w4_win_005.meta	29	0a1fbc662645caab0d08fcfc9d11d476aa6877f7b40bc497a5fd6421913747af
semantic/W4_Q32/STRUCT/w4_win_005.shadow	0	e3b0c44298fc1c149afbf4c8996fb92427ae41e4649b934ca495991b7852b855
semantic/W4_Q32/STRUCT/w4_win_006	13680	87e2a416b2849deb4586f62664e469bff9a6e8435b891ab850684eb3c3fc3167
semantic/W4_Q32/STRUCT/w4_win_006.desc	622	b5dc2340517ac512ed5a7dc3753dc0fb9182f6069592d403cbb0d6799af7da3b
semantic/W4_Q32/STRUCT/w4_win_006.meta	29	04776b83ba1bde78664c3be0ba3506b2e45b59381e1a90981e50733338cb3f7b
semantic/W4_Q32/STRUCT/w4_win_006.shadow	0	e3b0c44298fc1c149afbf4c8996fb92427ae41e4649b934ca495991b7852b855
semantic/W4_Q32/STRUCT/w4_win_007	13680	87e2a416b2849deb4586f62664e469bff9a6e8435b891ab850684eb3c3fc3167
semantic/W4_Q32/STRUCT/w4_win_007.desc	622	9dbabfe85c04bcb4aa3e745859dceef6c3a0254bb935c77e2bbbfb07e27647f5
semantic/W4_Q32/STRUCT/w4_win_007.meta	29	d64a5c84a9fc68cf8f00cb3a6a2e024ef5ac5fb8bcea0de767ae42073088e7ac
semantic/W4_Q32/STRUCT/w4_win_007.shadow	0	e3b0c44298fc1c149afbf4c8996fb92427ae41e4649b934ca495991b7852b855
semantic/W4_Q32/STRUCT/w4_win_008	13680	87e2a416b2849deb4586f62664e469bff9a6e8435b891ab850684eb3c3fc3167
semantic/W4_Q32/STRUCT/w4_win_008.desc	622	f25c4ca05b0a3c4dab6849e9dddb59492a16b9a58b2b3bee21a7c974f726b2e1
semantic/W4_Q32/STRUCT/w4_win_008.meta	29	961a33c9fc28a3d7a6e035f154843c5cd9bb848e86335e16cfa8759df69000d2
semantic/W4_Q32/STRUCT/w4_win_008.shadow	0	e3b0c44298fc1c149afbf4c8996fb92427ae41e4649b934ca495991b7852b855
semantic/W4_Q32/STRUCT/w4_win_009	13680	87e2a416b2849deb4586f62664e469bff9a6e8435b891ab850684eb3c3fc3167
semantic/W4_Q32/STRUCT/w4_win_009.desc	622	783107a5c59862dbe0ee793d0a0f35d4087e94898ee1347f8ae09e8dab77e4b6
semantic/W4_Q32/STRUCT/w4_win_009.meta	29	d71884db10b2f327e3ce56c576c05238f197f469d1932bac2ad68aca8c43ab66
semantic/W4_Q32/STRUCT/w4_win_009.shadow	0	e3b0c44298fc1c149afbf4c8996fb92427ae41e4649b934ca495991b7852b855
semantic/W4_Q32/STRUCT/w4_win_010	13680	87e2a416b2849deb4586f62664e469bff9a6e8435b891ab850684eb3c3fc3167
semantic/W4_Q32/STRUCT/w4_win_010.desc	622	95029c059b3340ba514b80bd3e803f8ac99aee68f71ade78738c088713c198a5
semantic/W4_Q32/STRUCT/w4_win_010.meta	29	25bb02fddd19c695d685346bb738d964f02157bc27147d5f354ff59938d281a6
semantic/W4_Q32/STRUCT/w4_win_010.shadow	0	e3b0c44298fc1c149afbf4c8996fb92427ae41e4649b934ca495991b7852b855
semantic/W4_Q32/STRUCT/w4_win_011	13680	87e2a416b2849deb4586f62664e469bff9a6e8435b891ab850684eb3c3fc3167
semantic/W4_Q32/STRUCT/w4_win_011.desc	622	b49fb026386a60a8963488d23eb91cad818dbe2b65cd8654e84c5d29340b6cd8
semantic/W4_Q32/STRUCT/w4_win_011.meta	29	132a1c1a9a76b9262ca5e5f03019546fbbf98b5ddef8fff72aa812197bd67452
semantic/W4_Q32/STRUCT/w4_win_011.shadow	0	e3b0c44298fc1c149afbf4c8996fb92427ae41e4649b934ca495991b7852b855
semantic/W4_Q32/STRUCT/w4_win_012	13680	87e2a416b2849deb4586f62664e469bff9a6e8435b891ab850684eb3c3fc3167
semantic/W4_Q32/STRUCT/w4_win_012.desc	622	3dabe78b4a6f53c3da0b3257a7ffa3bcfa0067e83088429ffeb99bb49d3b04bb
semantic/W4_Q32/STRUCT/w4_win_012.meta	29	fedc48d1fe9c84506f2ea4d15bb4e7ae371e97d139566e04e4d6b18f38fcfc71
semantic/W4_Q32/STRUCT/w4_win_012.shadow	0	e3b0c44298fc1c149afbf4c8996fb92427ae41e4649b934ca495991b7852b855
semantic/W4_Q32/STRUCT/w4_win_013	13680	87e2a416b2849deb4586f62664e469bff9a6e8435b891ab850684eb3c3fc3167
semantic/W4_Q32/STRUCT/w4_win_013.desc	622	c979e81d9c9578b6f2b5e0f9f73d9ed49ed8db81807a791f108daeda108ffaee
semantic/W4_Q32/STRUCT/w4_win_013.meta	29	fe66caea0124c36b578db855b31be5c95e66a0f980410026f1039782bfa0eb61
semantic/W4_Q32/STRUCT/w4_win_013.shadow	0	e3b0c44298fc1c149afbf4c8996fb92427ae41e4649b934ca495991b7852b855
semantic/W4_Q32/STRUCT/w4_win_014	13680	87e2a416b2849deb4586f62664e469bff9a6e8435b891ab850684eb3c3fc3167
semantic/W4_Q32/STRUCT/w4_win_014.desc	622	a6c7022d99214b101c2b5d50751690b0bba73e35e02f276fb177047536e534f1
semantic/W4_Q32/STRUCT/w4_win_014.meta	29	d06479695fcaad5663948abe7d737b4327e12e987f4fa32ab0a2c1a8235603ad
semantic/W4_Q32/STRUCT/w4_win_014.shadow	0	e3b0c44298fc1c149afbf4c8996fb92427ae41e4649b934ca495991b7852b855
semantic/W4_Q32/STRUCT/w4_win_015	13680	87e2a416b2849deb4586f62664e469bff9a6e8435b891ab850684eb3c3fc3167
semantic/W4_Q32/STRUCT/w4_win_015.desc	622	feb7c214fa75b7523d4cb7a19d4006cad5591018f31507521b7fade4dc72ebbc
semantic/W4_Q32/STRUCT/w4_win_015.meta	29	a0ed73566255d8a1a27b078e62ead28194a9ba4f3b05b1ab8425492d5c555d0a
semantic/W4_Q32/STRUCT/w4_win_015.shadow	0	e3b0c44298fc1c149afbf4c8996fb92427ae41e4649b934ca495991b7852b855
semantic/W4_Q32/STRUCT/w4_win_016	13680	87e2a416b2849deb4586f62664e469bff9a6e8435b891ab850684eb3c3fc3167
semantic/W4_Q32/STRUCT/w4_win_016.desc	622	ced448dfa3f45db441a91dd15ddbad6977c32c3c3513cad9825d5bf42829abe8
semantic/W4_Q32/STRUCT/w4_win_016.meta	29	e1735556e858d3a8f82ec2b8a30c757b1df24b8966bc618d21557f9c5bc1f8cc
semantic/W4_Q32/STRUCT/w4_win_016.shadow	0	e3b0c44298fc1c149afbf4c8996fb92427ae41e4649b934ca495991b7852b855
semantic/W4_Q32/STRUCT/w4_win_017	13680	87e2a416b2849deb4586f62664e469bff9a6e8435b891ab850684eb3c3fc3167
semantic/W4_Q32/STRUCT/w4_win_017.desc	622	563a255d6c5aab627498693dbdcc7b2bdfed52d2724cf6e13f3b04fa20fa7f13
semantic/W4_Q32/STRUCT/w4_win_017.meta	29	64df17ad2240a27e60594a0c119b7535b1d61fedc6510cc5fe9e787bc385dcbb
semantic/W4_Q32/STRUCT/w4_win_017.shadow	0	e3b0c44298fc1c149afbf4c8996fb92427ae41e4649b934ca495991b7852b855
semantic/W4_Q32/STRUCT/w4_win_018	13680	87e2a416b2849deb4586f62664e469bff9a6e8435b891ab850684eb3c3fc3167
semantic/W4_Q32/STRUCT/w4_win_018.desc	622	8671b39c9bec55359157e8847e32320892f13110bed93798930e143a240fadda
semantic/W4_Q32/STRUCT/w4_win_018.meta	29	7de4eeafc0f3835feb7d204b0c4e2bc94482770a4f1c17df39d6a67d23bd32aa
semantic/W4_Q32/STRUCT/w4_win_018.shadow	0	e3b0c44298fc1c149afbf4c8996fb92427ae41e4649b934ca495991b7852b855
semantic/W4_Q32/STRUCT/w4_win_019	13680	87e2a416b2849deb4586f62664e469bff9a6e8435b891ab850684eb3c3fc3167
semantic/W4_Q32/STRUCT/w4_win_019.desc	622	ce222f04c6dec7f316806fbbabc218837b681ef16bf08c737826323fb6ee67a6
semantic/W4_Q32/STRUCT/w4_win_019.meta	29	bc3e25539af0e9207940d148d764b2a05226b73893e41d49c644f1e6ce60205b
semantic/W4_Q32/STRUCT/w4_win_019.shadow	0	e3b0c44298fc1c149afbf4c8996fb92427ae41e4649b934ca495991b7852b855
semantic/W4_Q32/STRUCT/w4_win_020	13680	87e2a416b2849deb4586f62664e469bff9a6e8435b891ab850684eb3c3fc3167
semantic/W4_Q32/STRUCT/w4_win_020.desc	622	a34710cd7b04fd8055ba7a7abfd622acce12d7d0e58cd7fad8bdb333af5d0519
semantic/W4_Q32/STRUCT/w4_win_020.meta	29	eaccda3fb78f132f69293f29614441194b0ad42aa09eca9f37d82d0034a28b28
semantic/W4_Q32/STRUCT/w4_win_020.shadow	0	e3b0c44298fc1c149afbf4c8996fb92427ae41e4649b934ca495991b7852b855
semantic/W4_Q32/STRUCT/w4_win_021	13680	87e2a416b2849deb4586f62664e469bff9a6e8435b891ab850684eb3c3fc3167
semantic/W4_Q32/STRUCT/w4_win_021.desc	622	007eb593f6c2cfcd821720e3a2f2e68a4077cce722eefcd003a6257ce41ce13f
semantic/W4_Q32/STRUCT/w4_win_021.meta	29	854a9e00e36a336345c1aadc1db61d1046650d2c8cc4d1c6367d15e54ed85090
semantic/W4_Q32/STRUCT/w4_win_021.shadow	0	e3b0c44298fc1c149afbf4c8996fb92427ae41e4649b934ca495991b7852b855
semantic/W4_Q32/STRUCT/w4_win_022	13680	87e2a416b2849deb4586f62664e469bff9a6e8435b891ab850684eb3c3fc3167
semantic/W4_Q32/STRUCT/w4_win_022.desc	622	6185e391eef7339277b452c55eb630d798b5b86b974dc604237c737d1f36c252
semantic/W4_Q32/STRUCT/w4_win_022.meta	29	2d3054fed83b5b44cf111429b51cc657c98d50c0f9a5ffb312607be8ddf10951
semantic/W4_Q32/STRUCT/w4_win_022.shadow	0	e3b0c44298fc1c149afbf4c8996fb92427ae41e4649b934ca495991b7852b855
semantic/W4_Q32/STRUCT/w4_win_023	13680	87e2a416b2849deb4586f62664e469bff9a6e8435b891ab850684eb3c3fc3167
semantic/W4_Q32/STRUCT/w4_win_023.desc	622	68be9074022a0504959724435979045d0763e5f43e38a42dd3a6cdbaa0a1bca1
semantic/W4_Q32/STRUCT/w4_win_023.meta	29	dd27f8b481f9171f51b9da2f7fcad2a1613cc774bb1edea1b32120749869be0b
semantic/W4_Q32/STRUCT/w4_win_023.shadow	0	e3b0c44298fc1c149afbf4c8996fb92427ae41e4649b934ca495991b7852b855
semantic/W4_Q32/STRUCT/w4_win_024	13680	87e2a416b2849deb4586f62664e469bff9a6e8435b891ab850684eb3c3fc3167
semantic/W4_Q32/STRUCT/w4_win_024.desc	622	f5571647218f1ba0d1532e7f597726e9736e0244db9facb48c878980d09a4e80
semantic/W4_Q32/STRUCT/w4_win_024.meta	29	2d906bc13527fb908cd640f17cd76305399a671cb1e578e9665de09d017d8969
semantic/W4_Q32/STRUCT/w4_win_024.shadow	0	e3b0c44298fc1c149afbf4c8996fb92427ae41e4649b934ca495991b7852b855
semantic/W4_Q32/STRUCT/w4_win_025	13680	87e2a416b2849deb4586f62664e469bff9a6e8435b891ab850684eb3c3fc3167
semantic/W4_Q32/STRUCT/w4_win_025.desc	622	2952543b5757c425424148e7012d3b4146244809a1919a8e97a8b7470f4b575c
semantic/W4_Q32/STRUCT/w4_win_025.meta	29	f5bf8f0c61e10857bc337699af2ecc9a8b4e796157ddd08b7e7c1e1c1e47d5d6
semantic/W4_Q32/STRUCT/w4_win_025.shadow	0	e3b0c44298fc1c149afbf4c8996fb92427ae41e4649b934ca495991b7852b855
semantic/W4_Q32/STRUCT/w4_win_026	13680	87e2a416b2849deb4586f62664e469bff9a6e8435b891ab850684eb3c3fc3167
semantic/W4_Q32/STRUCT/w4_win_026.desc	622	909ca741a4d8c9602358b12e5b323b3e989d3cdb41f28f120ee636d9636db7e9
semantic/W4_Q32/STRUCT/w4_win_026.meta	29	a6e50f9c2146458e0ea88bf49ee1c685c7e9d667cac207559893a777708c38d0
semantic/W4_Q32/STRUCT/w4_win_026.shadow	0	e3b0c44298fc1c149afbf4c8996fb92427ae41e4649b934ca495991b7852b855
semantic/W4_Q32/STRUCT/w4_win_027	13680	87e2a416b2849deb4586f62664e469bff9a6e8435b891ab850684eb3c3fc3167
semantic/W4_Q32/STRUCT/w4_win_027.desc	622	abf1c061743ae2712cc31022e7d5ce7e8cd76cedc6308ac5b94e16b1260e2a9f
semantic/W4_Q32/STRUCT/w4_win_027.meta	29	370799c05716d6315003d2301bf61bc11f3d02a8a67ecee8cfac05c415a38da0
semantic/W4_Q32/STRUCT/w4_win_027.shadow	0	e3b0c44298fc1c149afbf4c8996fb92427ae41e4649b934ca495991b7852b855
semantic/W4_Q32/STRUCT/w4_win_028	13680	87e2a416b2849deb4586f62664e469bff9a6e8435b891ab850684eb3c3fc3167
semantic/W4_Q32/STRUCT/w4_win_028.desc	622	d66ae72fa90504829d9065deda5cf73999bfe5a205e629067ce378a771898bd5
semantic/W4_Q32/STRUCT/w4_win_028.meta	29	daf88ec4a9f96d9f08b4c7db08cbb690f11b94ad4d691506f2c0876b94d9c355
semantic/W4_Q32/STRUCT/w4_win_028.shadow	0	e3b0c44298fc1c149afbf4c8996fb92427ae41e4649b934ca495991b7852b855
semantic/W4_Q32/STRUCT/w4_win_029	13680	87e2a416b2849deb4586f62664e469bff9a6e8435b891ab850684eb3c3fc3167
semantic/W4_Q32/STRUCT/w4_win_029.desc	622	07c7a4d3ecac024a5fd726a3512eeacc83da1bbb27aa1ee44c60aedb6d670456
semantic/W4_Q32/STRUCT/w4_win_029.meta	29	9b806018ddbd2150bee470bb61245779aad08918caeba30caa9b79a002d640ee
semantic/W4_Q32/STRUCT/w4_win_029.shadow	0	e3b0c44298fc1c149afbf4c8996fb92427ae41e4649b934ca495991b7852b855
semantic/W4_Q32/STRUCT/w4_win_030	13680	87e2a416b2849deb4586f62664e469bff9a6e8435b891ab850684eb3c3fc3167
semantic/W4_Q32/STRUCT/w4_win_030.desc	622	b94a55ae002c7d98043231f7114c9c7dae7d388154bce904fecd844dfc9000f7
semantic/W4_Q32/STRUCT/w4_win_030.meta	29	f9b76988a300dd8a8de9ac672f3d885abf9f414443f136b7a48d05ae2950bc0e
semantic/W4_Q32/STRUCT/w4_win_030.shadow	0	e3b0c44298fc1c149afbf4c8996fb92427ae41e4649b934ca495991b7852b855
semantic/W4_Q32/STRUCT/w4_win_031	13680	87e2a416b2849deb4586f62664e469bff9a6e8435b891ab850684eb3c3fc3167
semantic/W4_Q32/STRUCT/w4_win_031.desc	622	2090f4378e4fc0cf05907b7e8747fbafca9c4f9e1a609fdab669470f4e39d3c1
semantic/W4_Q32/STRUCT/w4_win_031.meta	29	c81fa3c5910984d7f5daa6439da4ebceee1d2d80132920e0524a8872a144f5c2
semantic/W4_Q32/STRUCT/w4_win_031.shadow	0	e3b0c44298fc1c149afbf4c8996fb92427ae41e4649b934ca495991b7852b855
semantic/W5_Q01/ALGSTRUCT/w5_out_000	588	78d323c885e090256d3aa97adf8b7cad4af5dc5bf42e63c5cb8cf575e8ca09a1
semantic/W5_Q01/ALGSTRUCT/w5_out_000.desc	17	108c7a9f011f52dada1fca907b8925712d2f1c57a40c6e26c9930be62d5f01fd
semantic/W5_Q01/ALGSTRUCT/w5_out_000.meta	26	1806dc6517f0a01fd45368d7fd827598406ac9518eb7f98c8c1c7d66d88e1d2f
semantic/W5_Q01/ALGSTRUCT/w5_out_000.shadow	0	e3b0c44298fc1c149afbf4c8996fb92427ae41e4649b934ca495991b7852b855
semantic/W5_Q01/ALGSTRUCT/w5a_000.desc	47	5787acced769f970ba7f750893bcaa9b5561a220ea42b224db71f7abd71c4dfa
semantic/W5_Q01/ALGSTRUCT/w5b_000.desc	47	f8f7b0f4c2423653c82e5af23efa0ea0d5e86fb7f932478b7f092ba3faf1a909
semantic/W5_Q01/STRUCT/w5_out_000	588	78d323c885e090256d3aa97adf8b7cad4af5dc5bf42e63c5cb8cf575e8ca09a1
semantic/W5_Q01/STRUCT/w5_out_000.desc	17	108c7a9f011f52dada1fca907b8925712d2f1c57a40c6e26c9930be62d5f01fd
semantic/W5_Q01/STRUCT/w5_out_000.meta	26	7218f2d47d2a413cfa5d7cf79b204b8a6afc8966c27b732fd88bed134550eb67
semantic/W5_Q01/STRUCT/w5_out_000.shadow	0	e3b0c44298fc1c149afbf4c8996fb92427ae41e4649b934ca495991b7852b855
semantic/W5_Q01/STRUCT/w5a_000.desc	47	5787acced769f970ba7f750893bcaa9b5561a220ea42b224db71f7abd71c4dfa
semantic/W5_Q01/STRUCT/w5b_000.desc	47	f8f7b0f4c2423653c82e5af23efa0ea0d5e86fb7f932478b7f092ba3faf1a909
semantic/W6_Q01/ALGSTRUCT/A.desc	47	5787acced769f970ba7f750893bcaa9b5561a220ea42b224db71f7abd71c4dfa
semantic/W6_Q01/ALGSTRUCT/B.desc	47	f8f7b0f4c2423653c82e5af23efa0ea0d5e86fb7f932478b7f092ba3faf1a909
semantic/W6_Q01/ALGSTRUCT/STREAM_TIMEMOVE_A.desc	43	ac73757d4bff8985fb902a1cf043a19b8d954e2bad8434282297641fef0db98d
semantic/W6_Q01/ALGSTRUCT/STREAM_TIMEMOVE_A.meta	26	d39af332ee7d9b8d99f539624b55effbd53afea59f5f790731d792e9e6f4de96
semantic/W6_Q01/ALGSTRUCT/STREAM_TIMEMOVE_B.desc	43	91fa2aec6956910a282e26f8f428ec61448ae55aa3da815f9b270b5f0c8c0033
semantic/W6_Q01/ALGSTRUCT/STREAM_TIMEMOVE_B.meta	26	c2c564372d561bbf7092b0a815dc10acc7eae9caec2b365a88cbbec2d3a2f69e
semantic/W6_Q01/ALGSTRUCT/w6_out_000	576	db914d13d5437de21a5752c8f47b8ec7170b7e9ca789139de50e2cc924d8f9a1
semantic/W6_Q01/ALGSTRUCT/w6_out_000.desc	17	108c7a9f011f52dada1fca907b8925712d2f1c57a40c6e26c9930be62d5f01fd
semantic/W6_Q01/ALGSTRUCT/w6_out_000.meta	26	0e044c8c6e304aa6572a52d9f72fc2f2d86b38ab3c789e682daee92109a7faab
semantic/W6_Q01/ALGSTRUCT/w6_out_000.shadow	0	e3b0c44298fc1c149afbf4c8996fb92427ae41e4649b934ca495991b7852b855
semantic/W6_Q01/STRUCT/A.desc	47	5787acced769f970ba7f750893bcaa9b5561a220ea42b224db71f7abd71c4dfa
semantic/W6_Q01/STRUCT/B.desc	47	f8f7b0f4c2423653c82e5af23efa0ea0d5e86fb7f932478b7f092ba3faf1a909
semantic/W6_Q01/STRUCT/STREAM_TIMEMOVE_A.desc	43	ac73757d4bff8985fb902a1cf043a19b8d954e2bad8434282297641fef0db98d
semantic/W6_Q01/STRUCT/STREAM_TIMEMOVE_A.meta	26	83e1c4da9f409639a2693f57ba65af18fab762ceb915dab1509b91b488e6e05c
semantic/W6_Q01/STRUCT/STREAM_TIMEMOVE_B.desc	43	91fa2aec6956910a282e26f8f428ec61448ae55aa3da815f9b270b5f0c8c0033
semantic/W6_Q01/STRUCT/STREAM_TIMEMOVE_B.meta	26	4eff0a4479b31e0a3abcd146853a78d50a9bd583027836f3e232f4154f06c94a
semantic/W6_Q01/STRUCT/w6_out_000	576	db914d13d5437de21a5752c8f47b8ec7170b7e9ca789139de50e2cc924d8f9a1
semantic/W6_Q01/STRUCT/w6_out_000.desc	17	108c7a9f011f52dada1fca907b8925712d2f1c57a40c6e26c9930be62d5f01fd
semantic/W6_Q01/STRUCT/w6_out_000.meta	26	b4fad072e936db1800c1c441e391990043cbdf541a6242f589d6d01b645155b4
semantic/W6_Q01/STRUCT/w6_out_000.shadow	0	e3b0c44298fc1c149afbf4c8996fb92427ae41e4649b934ca495991b7852b855
semantic/W7_Q01/ALGSTRUCT/A.desc	47	5787acced769f970ba7f750893bcaa9b5561a220ea42b224db71f7abd71c4dfa
semantic/W7_Q01/ALGSTRUCT/B.desc	47	f8f7b0f4c2423653c82e5af23efa0ea0d5e86fb7f932478b7f092ba3faf1a909
semantic/W7_Q01/ALGSTRUCT/w7_out_000	576	db914d13d5437de21a5752c8f47b8ec7170b7e9ca789139de50e2cc924d8f9a1
semantic/W7_Q01/ALGSTRUCT/w7_out_000.desc	17	108c7a9f011f52dada1fca907b8925712d2f1c57a40c6e26c9930be62d5f01fd
semantic/W7_Q01/ALGSTRUCT/w7_out_000.meta	26	61c70fad7dc141e80bce92da4e1079cfd55aa9b01493572435c4eb2b320706ab
semantic/W7_Q01/ALGSTRUCT/w7_out_000.shadow	0	e3b0c44298fc1c149afbf4c8996fb92427ae41e4649b934ca495991b7852b855
semantic/W7_Q01/ALGSTRUCT/w7_sa	388	c7eb2b81960610d6d61d91fa941e8d27978b0b651c72ba8f14f32f2da5fed2f7
semantic/W7_Q01/ALGSTRUCT/w7_sa.desc	17	108c7a9f011f52dada1fca907b8925712d2f1c57a40c6e26c9930be62d5f01fd
semantic/W7_Q01/ALGSTRUCT/w7_sa.meta	26	14b371cb71fb981acb7bc48fbe53540574ba7cde81e6f83ea174c4d2c8a207ef
semantic/W7_Q01/ALGSTRUCT/w7_sa.shadow	0	e3b0c44298fc1c149afbf4c8996fb92427ae41e4649b934ca495991b7852b855
semantic/W7_Q01/ALGSTRUCT/w7_sb	192	74baaeecabf1a2564afbce173bdb26159f2cc6119db4406e155e48123518bafc
semantic/W7_Q01/ALGSTRUCT/w7_sb.desc	17	108c7a9f011f52dada1fca907b8925712d2f1c57a40c6e26c9930be62d5f01fd
semantic/W7_Q01/ALGSTRUCT/w7_sb.meta	26	1fdd6f96cc7d9eb6ef5fffcf3a91c9a2cef19c6a6b25e613edcf4beb6eddb2ee
semantic/W7_Q01/ALGSTRUCT/w7_sb.shadow	0	e3b0c44298fc1c149afbf4c8996fb92427ae41e4649b934ca495991b7852b855
semantic/W7_Q01/STRUCT/A.desc	47	5787acced769f970ba7f750893bcaa9b5561a220ea42b224db71f7abd71c4dfa
semantic/W7_Q01/STRUCT/B.desc	47	f8f7b0f4c2423653c82e5af23efa0ea0d5e86fb7f932478b7f092ba3faf1a909
semantic/W7_Q01/STRUCT/w7_out_000	576	db914d13d5437de21a5752c8f47b8ec7170b7e9ca789139de50e2cc924d8f9a1
semantic/W7_Q01/STRUCT/w7_out_000.desc	17	108c7a9f011f52dada1fca907b8925712d2f1c57a40c6e26c9930be62d5f01fd
semantic/W7_Q01/STRUCT/w7_out_000.meta	26	dfbaa44d80e088944072687ea9b9d63e83f372a7d4f0f456208ef71545cc76ea
semantic/W7_Q01/STRUCT/w7_out_000.shadow	0	e3b0c44298fc1c149afbf4c8996fb92427ae41e4649b934ca495991b7852b855
semantic/W7_Q01/STRUCT/w7_sa	388	c7eb2b81960610d6d61d91fa941e8d27978b0b651c72ba8f14f32f2da5fed2f7
semantic/W7_Q01/STRUCT/w7_sa.desc	17	108c7a9f011f52dada1fca907b8925712d2f1c57a40c6e26c9930be62d5f01fd
semantic/W7_Q01/STRUCT/w7_sa.meta	26	e26865004ce8b0ca5aabb4bafa3fac3f89b12df8a0a4a75edc33bc373f3d41fc
semantic/W7_Q01/STRUCT/w7_sa.shadow	0	e3b0c44298fc1c149afbf4c8996fb92427ae41e4649b934ca495991b7852b855
semantic/W7_Q01/STRUCT/w7_sb	192	74baaeecabf1a2564afbce173bdb26159f2cc6119db4406e155e48123518bafc
semantic/W7_Q01/STRUCT/w7_sb.desc	17	108c7a9f011f52dada1fca907b8925712d2f1c57a40c6e26c9930be62d5f01fd
semantic/W7_Q01/STRUCT/w7_sb.meta	26	c3c8360faf0d8a63667b8879a99eb82ca4c410ce96d5c52c6b285de63eeb7dfc
semantic/W7_Q01/STRUCT/w7_sb.shadow	0	e3b0c44298fc1c149afbf4c8996fb92427ae41e4649b934ca495991b7852b855
semantic/W8_Q01/ALGSTRUCT/STREAM_HASH_mlii_mwi.desc	45	f3f691ba90b2eb7ed52ce0a8d16da7abe28f044015d5a2564993b61498d7f48f
semantic/W8_Q01/ALGSTRUCT/STREAM_HASH_mlii_mwi.meta	26	63e1ebb80197affa1db18e5ca43eea514261a139eb0bceda9d55179ad55121e8
semantic/W8_Q01/ALGSTRUCT/bp_acc.desc	493	53ef8fa01e980b4d4518d569b8a7c3c1cd56b9bc050bd451980c2751370f8f5a
semantic/W8_Q01/ALGSTRUCT/bp_acc.meta	29	7e08a54bc4357fe03d78ca1138e3a30438f66238ea91220f6b2977c14a48810d
semantic/W8_Q01/ALGSTRUCT/bp_out.desc	46	55ca32d227c54caf7b3de74724552e720db7f0e967d644f4493760642e5dea5a
semantic/W8_Q01/ALGSTRUCT/bp_out.meta	26	39158dc0ceec5c7163181b77082940941a9c92bbf21abec966d3b09d229c6638
semantic/W8_Q01/ALGSTRUCT/bp_win.desc	118	f99af921565c807f44afdb2ff8e14360ff677ac5d1ef69622493aaecea85bf3b
semantic/W8_Q01/ALGSTRUCT/bp_win.meta	26	8f0389067071db8c6a77e52030ec4eac6dd8940dc51d3bf40f95ba867930a20d
semantic/W8_Q01/ALGSTRUCT/bpf.desc	59	9f33660f2bea556c9e4a5de78d3272bacbca2f5123c08ab77f0f420321fd8bc2
semantic/W8_Q01/ALGSTRUCT/d_acc.desc	113	41fb59bdc02bf2e89f03237c39f065a4232d89df6f2169b00e96d115974de0ff
semantic/W8_Q01/ALGSTRUCT/d_acc.meta	26	a5d15572928dcc01f438cead3b83838a03657243694112b6d75288bf93bed1cc
semantic/W8_Q01/ALGSTRUCT/d_out.desc	45	644b6adb1bb696f17638995afeb4e3691733ba5b32a765688b9dde663956045b
semantic/W8_Q01/ALGSTRUCT/d_out.meta	26	9cd5af671f04ff138dbe7bcf93a43affd60b7d31c6cb78405006fa3978e00156
semantic/W8_Q01/ALGSTRUCT/df.desc	56	b1e8813616fa26d611a00c26de8cfa834a7b9a407dbba520b957e0d151fd572c
semantic/W8_Q01/ALGSTRUCT/ecg.desc	55	925d58f601ce1bedaba626349ec166b1bfcb819046e020189fcfbcf866e18220
semantic/W8_Q01/ALGSTRUCT/mlii.desc	45	f9bfa697e4a5f0d3ff909e496ab91fd0faa256988e77e890dc4eacc87932b2bb
semantic/W8_Q01/ALGSTRUCT/mlii.meta	26	06188893145ef5ca28e074d445199260b3b923abb7c09479ea0bbf5f4b0d93fc
semantic/W8_Q01/ALGSTRUCT/mlii_win.desc	443	903822f3144dacfa5ad62cd5c610c5491f51a3d0a13713f6f62c7af0b97acac3
semantic/W8_Q01/ALGSTRUCT/mlii_win.meta	29	b7630770d5e3cb0214eae50246fce933a181cd7d8ca90ab6a8ba40743553b065
semantic/W8_Q01/ALGSTRUCT/mon_000	1680	7a3c0be45fbb5a60bf696367b65a86c085f714efcf9949d569e2c1b39ccf410f
semantic/W8_Q01/ALGSTRUCT/mon_000.desc	18	2a0216848c9805794ff9ea65e9b904750549edd949bc60c329f9c6a45f923f69
semantic/W8_Q01/ALGSTRUCT/mon_000.meta	26	40172fb4cc83079aaf33487894dbf60d21f1569e07e233599fe5160eea7e4c64
semantic/W8_Q01/ALGSTRUCT/mon_000.shadow	0	e3b0c44298fc1c149afbf4c8996fb92427ae41e4649b934ca495991b7852b855
semantic/W8_Q01/ALGSTRUCT/mwi.desc	43	32c20c37916e6dd6b2b7c09bacd090abae3881cf69c0d079757fdcc5a35ab50c
semantic/W8_Q01/ALGSTRUCT/mwi.meta	26	64349a9a3ad3cbc656da7039beb333f67ceca4e0ad5c052a6368835484a2164f
semantic/W8_Q01/ALGSTRUCT/mwi_win.desc	588	538152db61c129ebb4d08222a10e0407898638651d7ef4a5b3bb339c073d905b
semantic/W8_Q01/ALGSTRUCT/mwi_win.meta	29	3930daed210fdc880e5d77e63dfd88b024cc431ea96796d9628575d04d42b1cc
semantic/W8_Q01/ALGSTRUCT/sq_out.desc	47	919f820caba144bc57de2527871dd298404f77dce2b6e1f30da6fc84cea69c1d
semantic/W8_Q01/ALGSTRUCT/sq_out.meta	26	8a11e4c2451265b176f3ac3ef15cb3c56f286a75f91924376e0f63ae5ca46a5a
semantic/W8_Q01/STRUCT/STREAM_TIMEMOVE_mlii.desc	45	f9bfa697e4a5f0d3ff909e496ab91fd0faa256988e77e890dc4eacc87932b2bb
semantic/W8_Q01/STRUCT/STREAM_TIMEMOVE_mlii.meta	26	97c66851b7401a0a93f5575c742cb61a22bc67a98a1e7be3775c21bd6caee2b9
semantic/W8_Q01/STRUCT/STREAM_TIMEMOVE_mwi.desc	43	32c20c37916e6dd6b2b7c09bacd090abae3881cf69c0d079757fdcc5a35ab50c
semantic/W8_Q01/STRUCT/STREAM_TIMEMOVE_mwi.meta	26	ef0dae8230a9432ef7086dee01dea3e5bc760d2a95990c0d81a99f295a5b2c73
semantic/W8_Q01/STRUCT/bp_acc.desc	493	53ef8fa01e980b4d4518d569b8a7c3c1cd56b9bc050bd451980c2751370f8f5a
semantic/W8_Q01/STRUCT/bp_acc.meta	29	12d31b9f5d4f06394689da4ab51f3d4a51743044ec85382fb9580fb9db575998
semantic/W8_Q01/STRUCT/bp_out.desc	46	55ca32d227c54caf7b3de74724552e720db7f0e967d644f4493760642e5dea5a
semantic/W8_Q01/STRUCT/bp_out.meta	26	a17f13200bb260f607a4bdd26850193c32044d4ca8b3c2365af7bd1e5c3e33e7
semantic/W8_Q01/STRUCT/bp_win.desc	118	f99af921565c807f44afdb2ff8e14360ff677ac5d1ef69622493aaecea85bf3b
semantic/W8_Q01/STRUCT/bp_win.meta	26	bcc46129d5497aba3e5992dc5483153ba33083f781203ea2508b8f3642bc15ba
semantic/W8_Q01/STRUCT/bpf.desc	59	9f33660f2bea556c9e4a5de78d3272bacbca2f5123c08ab77f0f420321fd8bc2
semantic/W8_Q01/STRUCT/d_acc.desc	113	41fb59bdc02bf2e89f03237c39f065a4232d89df6f2169b00e96d115974de0ff
semantic/W8_Q01/STRUCT/d_acc.meta	26	0d540ac21048f188809fc5d1827cd4cba87e0e2436c0c30b3394e4a143329365
semantic/W8_Q01/STRUCT/d_out.desc	45	644b6adb1bb696f17638995afeb4e3691733ba5b32a765688b9dde663956045b
semantic/W8_Q01/STRUCT/d_out.meta	26	6827605a835dd60d0cf2a5e3eba1a1511d45dec9ba1c54bac825f98327ab7adb
semantic/W8_Q01/STRUCT/df.desc	56	b1e8813616fa26d611a00c26de8cfa834a7b9a407dbba520b957e0d151fd572c
semantic/W8_Q01/STRUCT/ecg.desc	55	925d58f601ce1bedaba626349ec166b1bfcb819046e020189fcfbcf866e18220
semantic/W8_Q01/STRUCT/mlii.desc	45	198a7e6fd28fb59bb8469633d1d60d2ea84ae2ecd751c124369b35c151b85e38
semantic/W8_Q01/STRUCT/mlii.meta	26	c9ed092a302f71f72aa9ed4f18ec63857e1ba91ab9b34e047b54fd222ee5bb13
semantic/W8_Q01/STRUCT/mlii_win.desc	443	903822f3144dacfa5ad62cd5c610c5491f51a3d0a13713f6f62c7af0b97acac3
semantic/W8_Q01/STRUCT/mlii_win.meta	29	1852585f1a2fdf3c6c80f1d2605c5e94f5e391f2404009e5ed07e8d816d9af4a
semantic/W8_Q01/STRUCT/mon_000	1680	7a3c0be45fbb5a60bf696367b65a86c085f714efcf9949d569e2c1b39ccf410f
semantic/W8_Q01/STRUCT/mon_000.desc	18	2a0216848c9805794ff9ea65e9b904750549edd949bc60c329f9c6a45f923f69
semantic/W8_Q01/STRUCT/mon_000.meta	26	b50c996e28735d0f1e03344f05e687ee25d6e0259fe901ed9adc6c683048c49f
semantic/W8_Q01/STRUCT/mon_000.shadow	0	e3b0c44298fc1c149afbf4c8996fb92427ae41e4649b934ca495991b7852b855
semantic/W8_Q01/STRUCT/mwi.desc	44	c356b28d19705af5b0ed8fd293ddf1d6d1de39043d7dba5382d7ab3819579217
semantic/W8_Q01/STRUCT/mwi.meta	26	f86d6cbb8f6598d612d4a2ea1a869c180495f5a966df548c371175b848f6a792
semantic/W8_Q01/STRUCT/mwi_win.desc	588	538152db61c129ebb4d08222a10e0407898638651d7ef4a5b3bb339c073d905b
semantic/W8_Q01/STRUCT/mwi_win.meta	29	34b2704b2602ae82bd48a1e6259e16b21de658a97149d06a3f0071a63aa0e3c8
semantic/W8_Q01/STRUCT/sq_out.desc	47	919f820caba144bc57de2527871dd298404f77dce2b6e1f30da6fc84cea69c1d
semantic/W8_Q01/STRUCT/sq_out.meta	26	05d7d7074d7d82bdebcbff8b2327f208682c6c97756836839677750d0ed61cce
semantic/W8_Q02/ALGSTRUCT/STREAM_HASH_mlii_mwi.desc	45	f3f691ba90b2eb7ed52ce0a8d16da7abe28f044015d5a2564993b61498d7f48f
semantic/W8_Q02/ALGSTRUCT/STREAM_HASH_mlii_mwi.meta	26	46a5274aec27ebcc07682b7dfa2f85acf7b649fdd989d1437a825e14a9392423
semantic/W8_Q02/ALGSTRUCT/bp_acc.desc	493	53ef8fa01e980b4d4518d569b8a7c3c1cd56b9bc050bd451980c2751370f8f5a
semantic/W8_Q02/ALGSTRUCT/bp_acc.meta	29	7391ea5f64641071bc7e49db0689bf0f82d1ce02ba27df4819a4067f63b7d308
semantic/W8_Q02/ALGSTRUCT/bp_out.desc	46	55ca32d227c54caf7b3de74724552e720db7f0e967d644f4493760642e5dea5a
semantic/W8_Q02/ALGSTRUCT/bp_out.meta	26	79dd7aa980781bfa39391f2d4b659e713dd6c47024518f3220d2eb561803f82b
semantic/W8_Q02/ALGSTRUCT/bp_win.desc	118	f99af921565c807f44afdb2ff8e14360ff677ac5d1ef69622493aaecea85bf3b
semantic/W8_Q02/ALGSTRUCT/bp_win.meta	26	301ce4a2d44dd945b828ff2ac9608ce1dcdc74dfbeae725a5bd0b6534e528c93
semantic/W8_Q02/ALGSTRUCT/bpf.desc	59	9f33660f2bea556c9e4a5de78d3272bacbca2f5123c08ab77f0f420321fd8bc2
semantic/W8_Q02/ALGSTRUCT/d_acc.desc	113	41fb59bdc02bf2e89f03237c39f065a4232d89df6f2169b00e96d115974de0ff
semantic/W8_Q02/ALGSTRUCT/d_acc.meta	26	cd9dc7bfe25fc510e199defd188566d0ce29605f4b0681bc5b50384a1942e07d
semantic/W8_Q02/ALGSTRUCT/d_out.desc	45	644b6adb1bb696f17638995afeb4e3691733ba5b32a765688b9dde663956045b
semantic/W8_Q02/ALGSTRUCT/d_out.meta	26	a63350822db4110bd903a7fd62cad68821737c0e5382f11e0e9e643d3c6b779f
semantic/W8_Q02/ALGSTRUCT/df.desc	56	b1e8813616fa26d611a00c26de8cfa834a7b9a407dbba520b957e0d151fd572c
semantic/W8_Q02/ALGSTRUCT/ecg.desc	55	925d58f601ce1bedaba626349ec166b1bfcb819046e020189fcfbcf866e18220
semantic/W8_Q02/ALGSTRUCT/mlii.desc	45	f9bfa697e4a5f0d3ff909e496ab91fd0faa256988e77e890dc4eacc87932b2bb
semantic/W8_Q02/ALGSTRUCT/mlii.meta	26	35b65b63869a8977aa6bb6fd5c213c2f6db96199ed961355e0b968b148f8f06c
semantic/W8_Q02/ALGSTRUCT/mlii_win.desc	443	903822f3144dacfa5ad62cd5c610c5491f51a3d0a13713f6f62c7af0b97acac3
semantic/W8_Q02/ALGSTRUCT/mlii_win.meta	29	8deb20b161d0f5d5ec141c79d45f310b241d5dd088ff73107ee265c9e6d9e651
semantic/W8_Q02/ALGSTRUCT/mon_000	1680	7a3c0be45fbb5a60bf696367b65a86c085f714efcf9949d569e2c1b39ccf410f
semantic/W8_Q02/ALGSTRUCT/mon_000.desc	18	2a0216848c9805794ff9ea65e9b904750549edd949bc60c329f9c6a45f923f69
semantic/W8_Q02/ALGSTRUCT/mon_000.meta	26	fbeb3101e41ac4938087c73da2a9e1f8009eb60f28d22bf69073cc51e1da5a45
semantic/W8_Q02/ALGSTRUCT/mon_000.shadow	0	e3b0c44298fc1c149afbf4c8996fb92427ae41e4649b934ca495991b7852b855
semantic/W8_Q02/ALGSTRUCT/mon_001	1680	7a3c0be45fbb5a60bf696367b65a86c085f714efcf9949d569e2c1b39ccf410f
semantic/W8_Q02/ALGSTRUCT/mon_001.desc	18	2a0216848c9805794ff9ea65e9b904750549edd949bc60c329f9c6a45f923f69
semantic/W8_Q02/ALGSTRUCT/mon_001.meta	26	22dab02bbff73955f64ce7fb92b8dc73c79bd2a6b073026302739804e33b6735
semantic/W8_Q02/ALGSTRUCT/mon_001.shadow	0	e3b0c44298fc1c149afbf4c8996fb92427ae41e4649b934ca495991b7852b855
semantic/W8_Q02/ALGSTRUCT/mwi.desc	43	32c20c37916e6dd6b2b7c09bacd090abae3881cf69c0d079757fdcc5a35ab50c
semantic/W8_Q02/ALGSTRUCT/mwi.meta	26	bf8f719b1fb26c6cb31fade493eff7c2d02c8e3f22e23a6f3a3416872daddda4
semantic/W8_Q02/ALGSTRUCT/mwi_win.desc	588	538152db61c129ebb4d08222a10e0407898638651d7ef4a5b3bb339c073d905b
semantic/W8_Q02/ALGSTRUCT/mwi_win.meta	29	3e6251ce8e2293b5f4a82f92040911d203585d7fe5682ad74b12f6fa1979584d
semantic/W8_Q02/ALGSTRUCT/sq_out.desc	47	919f820caba144bc57de2527871dd298404f77dce2b6e1f30da6fc84cea69c1d
semantic/W8_Q02/ALGSTRUCT/sq_out.meta	26	f3ad72254792383fbf1fff82319675babe9d69ba55e0acb8a8b2cf679d53150f
semantic/W8_Q02/STRUCT/STREAM_TIMEMOVE_mlii.desc	45	f9bfa697e4a5f0d3ff909e496ab91fd0faa256988e77e890dc4eacc87932b2bb
semantic/W8_Q02/STRUCT/STREAM_TIMEMOVE_mlii.meta	26	34c9a3d5c6c6fdeae291f9b162682a3ede6dc4f5de5412c35913e0eaad97c643
semantic/W8_Q02/STRUCT/STREAM_TIMEMOVE_mwi.desc	43	32c20c37916e6dd6b2b7c09bacd090abae3881cf69c0d079757fdcc5a35ab50c
semantic/W8_Q02/STRUCT/STREAM_TIMEMOVE_mwi.meta	26	68c5f29276644b941b9a11a03668fddb15be81a5bf5990b8365d38a4bdc01752
semantic/W8_Q02/STRUCT/bp_acc.desc	493	53ef8fa01e980b4d4518d569b8a7c3c1cd56b9bc050bd451980c2751370f8f5a
semantic/W8_Q02/STRUCT/bp_acc.meta	29	97357fe15d378f07d99f37878ff9e2e2125e9c63483dfd5fc405646d935345e3
semantic/W8_Q02/STRUCT/bp_out.desc	46	55ca32d227c54caf7b3de74724552e720db7f0e967d644f4493760642e5dea5a
semantic/W8_Q02/STRUCT/bp_out.meta	26	92a4b9ef47cadcef75cffa4a68f71ac1ca5e20d4a019b4d4a5790c4edfc13ace
semantic/W8_Q02/STRUCT/bp_win.desc	118	f99af921565c807f44afdb2ff8e14360ff677ac5d1ef69622493aaecea85bf3b
semantic/W8_Q02/STRUCT/bp_win.meta	26	e58279c7f0050dcde8e53276c5ddf9471b861386317cdbdcf9f6aca330b44524
semantic/W8_Q02/STRUCT/bpf.desc	59	9f33660f2bea556c9e4a5de78d3272bacbca2f5123c08ab77f0f420321fd8bc2
semantic/W8_Q02/STRUCT/d_acc.desc	113	41fb59bdc02bf2e89f03237c39f065a4232d89df6f2169b00e96d115974de0ff
semantic/W8_Q02/STRUCT/d_acc.meta	26	1ca68992d0671832028957cde4e0aab4be5a39ad644b75dafd32e99acada4aae
semantic/W8_Q02/STRUCT/d_out.desc	45	644b6adb1bb696f17638995afeb4e3691733ba5b32a765688b9dde663956045b
semantic/W8_Q02/STRUCT/d_out.meta	26	8421622f01f9249980908e8eb2a59f408e09ebd2ed70a79d2af45d96f1576337
semantic/W8_Q02/STRUCT/df.desc	56	b1e8813616fa26d611a00c26de8cfa834a7b9a407dbba520b957e0d151fd572c
semantic/W8_Q02/STRUCT/ecg.desc	55	925d58f601ce1bedaba626349ec166b1bfcb819046e020189fcfbcf866e18220
semantic/W8_Q02/STRUCT/mlii.desc	45	198a7e6fd28fb59bb8469633d1d60d2ea84ae2ecd751c124369b35c151b85e38
semantic/W8_Q02/STRUCT/mlii.meta	26	620e50591546e12c5a02f37d4f1e536a2d693451168df834a6a53dfb11d8d099
semantic/W8_Q02/STRUCT/mlii_win.desc	443	903822f3144dacfa5ad62cd5c610c5491f51a3d0a13713f6f62c7af0b97acac3
semantic/W8_Q02/STRUCT/mlii_win.meta	29	d6cc8a970b5fc4a7896936be54c6d7e6c3e7fabd4dd9cc8832602946c0fa57a9
semantic/W8_Q02/STRUCT/mon_000	1680	7a3c0be45fbb5a60bf696367b65a86c085f714efcf9949d569e2c1b39ccf410f
semantic/W8_Q02/STRUCT/mon_000.desc	18	2a0216848c9805794ff9ea65e9b904750549edd949bc60c329f9c6a45f923f69
semantic/W8_Q02/STRUCT/mon_000.meta	26	b11696d59ecf2b0f5afc891d090ce95c37dcb4e0af0d7847470848a8e5cb2577
semantic/W8_Q02/STRUCT/mon_000.shadow	0	e3b0c44298fc1c149afbf4c8996fb92427ae41e4649b934ca495991b7852b855
semantic/W8_Q02/STRUCT/mon_001	1680	7a3c0be45fbb5a60bf696367b65a86c085f714efcf9949d569e2c1b39ccf410f
semantic/W8_Q02/STRUCT/mon_001.desc	18	2a0216848c9805794ff9ea65e9b904750549edd949bc60c329f9c6a45f923f69
semantic/W8_Q02/STRUCT/mon_001.meta	26	660bef0ed42b88d312261fba57ea4bee864d3be98eea160a5829d8cf592b7981
semantic/W8_Q02/STRUCT/mon_001.shadow	0	e3b0c44298fc1c149afbf4c8996fb92427ae41e4649b934ca495991b7852b855
semantic/W8_Q02/STRUCT/mwi.desc	44	c356b28d19705af5b0ed8fd293ddf1d6d1de39043d7dba5382d7ab3819579217
semantic/W8_Q02/STRUCT/mwi.meta	26	8fed3fc24f253f52a757583f8cf1c69a28f9535ee88f8c0d4c2469febd26c7c4
semantic/W8_Q02/STRUCT/mwi_win.desc	588	538152db61c129ebb4d08222a10e0407898638651d7ef4a5b3bb339c073d905b
semantic/W8_Q02/STRUCT/mwi_win.meta	29	eb42abbcf146897e1057a0d7cb09e0d0e6ffdd4df7c040d29948d17a01c7702e
semantic/W8_Q02/STRUCT/sq_out.desc	47	919f820caba144bc57de2527871dd298404f77dce2b6e1f30da6fc84cea69c1d
semantic/W8_Q02/STRUCT/sq_out.meta	26	d3d715dfad81b1b04cd4ff14fe12089e3da588903aaac7f5f5e4c405bb979c7c
semantic/W8_Q04/ALGSTRUCT/STREAM_HASH_mlii_mwi.desc	45	f3f691ba90b2eb7ed52ce0a8d16da7abe28f044015d5a2564993b61498d7f48f
semantic/W8_Q04/ALGSTRUCT/STREAM_HASH_mlii_mwi.meta	26	9b6359699cae52a192da21d8af90eee4993ca1866aa4abeb553efd0495322a1f
semantic/W8_Q04/ALGSTRUCT/bp_acc.desc	493	53ef8fa01e980b4d4518d569b8a7c3c1cd56b9bc050bd451980c2751370f8f5a
semantic/W8_Q04/ALGSTRUCT/bp_acc.meta	29	19c17d2d5f2bff47bbc0abfc91652cf35dd834a32164d5c48f4b1a6fbcd813d6
semantic/W8_Q04/ALGSTRUCT/bp_out.desc	46	55ca32d227c54caf7b3de74724552e720db7f0e967d644f4493760642e5dea5a
semantic/W8_Q04/ALGSTRUCT/bp_out.meta	26	b94710b7c1450b6b7f677861d0fb51ff7fae6a8e6145eb52ecc6588dc5a73125
semantic/W8_Q04/ALGSTRUCT/bp_win.desc	118	f99af921565c807f44afdb2ff8e14360ff677ac5d1ef69622493aaecea85bf3b
semantic/W8_Q04/ALGSTRUCT/bp_win.meta	26	390d36b227cf317c055f9e9111940fd845d8e0961b40817a3dc755530b3ff13b
semantic/W8_Q04/ALGSTRUCT/bpf.desc	59	9f33660f2bea556c9e4a5de78d3272bacbca2f5123c08ab77f0f420321fd8bc2
semantic/W8_Q04/ALGSTRUCT/d_acc.desc	113	41fb59bdc02bf2e89f03237c39f065a4232d89df6f2169b00e96d115974de0ff
semantic/W8_Q04/ALGSTRUCT/d_acc.meta	26	20a377c49f64a32a7f2670dec47a281e02b174d9a03f1d806b7268e43c11978d
semantic/W8_Q04/ALGSTRUCT/d_out.desc	45	644b6adb1bb696f17638995afeb4e3691733ba5b32a765688b9dde663956045b
semantic/W8_Q04/ALGSTRUCT/d_out.meta	26	e92711ffd414608efd63418114ad79a55cbbd01266460f521cdc22f061ef477c
semantic/W8_Q04/ALGSTRUCT/df.desc	56	b1e8813616fa26d611a00c26de8cfa834a7b9a407dbba520b957e0d151fd572c
semantic/W8_Q04/ALGSTRUCT/ecg.desc	55	925d58f601ce1bedaba626349ec166b1bfcb819046e020189fcfbcf866e18220
semantic/W8_Q04/ALGSTRUCT/mlii.desc	45	f9bfa697e4a5f0d3ff909e496ab91fd0faa256988e77e890dc4eacc87932b2bb
semantic/W8_Q04/ALGSTRUCT/mlii.meta	26	9cc63b46d589f335b654db9750dfaf224c7dc24a6310b4886b7a0677ce32bf4d
semantic/W8_Q04/ALGSTRUCT/mlii_win.desc	443	903822f3144dacfa5ad62cd5c610c5491f51a3d0a13713f6f62c7af0b97acac3
semantic/W8_Q04/ALGSTRUCT/mlii_win.meta	29	10d78db950a257d2fc09c801b41846ce31790dd2009eb7c6d63aa0330b1f8478
semantic/W8_Q04/ALGSTRUCT/mon_000	1680	7a3c0be45fbb5a60bf696367b65a86c085f714efcf9949d569e2c1b39ccf410f
semantic/W8_Q04/ALGSTRUCT/mon_000.desc	18	2a0216848c9805794ff9ea65e9b904750549edd949bc60c329f9c6a45f923f69
semantic/W8_Q04/ALGSTRUCT/mon_000.meta	26	cd8983fdba567acc95dcf8043e3f1fc9e95077bb9c27d5f9786c7f4b86448481
semantic/W8_Q04/ALGSTRUCT/mon_000.shadow	0	e3b0c44298fc1c149afbf4c8996fb92427ae41e4649b934ca495991b7852b855
semantic/W8_Q04/ALGSTRUCT/mon_001	1680	7a3c0be45fbb5a60bf696367b65a86c085f714efcf9949d569e2c1b39ccf410f
semantic/W8_Q04/ALGSTRUCT/mon_001.desc	18	2a0216848c9805794ff9ea65e9b904750549edd949bc60c329f9c6a45f923f69
semantic/W8_Q04/ALGSTRUCT/mon_001.meta	26	79acaba3100821be0e631ea6db1996d1417382c9791d32bff126189879a6125a
semantic/W8_Q04/ALGSTRUCT/mon_001.shadow	0	e3b0c44298fc1c149afbf4c8996fb92427ae41e4649b934ca495991b7852b855
semantic/W8_Q04/ALGSTRUCT/mon_002	1680	7a3c0be45fbb5a60bf696367b65a86c085f714efcf9949d569e2c1b39ccf410f
semantic/W8_Q04/ALGSTRUCT/mon_002.desc	18	2a0216848c9805794ff9ea65e9b904750549edd949bc60c329f9c6a45f923f69
semantic/W8_Q04/ALGSTRUCT/mon_002.meta	26	555db83484d05757562d62ce832d3122773042947d6115590f01c5ff063e883c
semantic/W8_Q04/ALGSTRUCT/mon_002.shadow	0	e3b0c44298fc1c149afbf4c8996fb92427ae41e4649b934ca495991b7852b855
semantic/W8_Q04/ALGSTRUCT/mon_003	1680	7a3c0be45fbb5a60bf696367b65a86c085f714efcf9949d569e2c1b39ccf410f
semantic/W8_Q04/ALGSTRUCT/mon_003.desc	18	2a0216848c9805794ff9ea65e9b904750549edd949bc60c329f9c6a45f923f69
semantic/W8_Q04/ALGSTRUCT/mon_003.meta	26	79bd31a17d800e2ae1037b714b7fa9e956678c52d5e1a6ac7840df54169c23af
semantic/W8_Q04/ALGSTRUCT/mon_003.shadow	0	e3b0c44298fc1c149afbf4c8996fb92427ae41e4649b934ca495991b7852b855
semantic/W8_Q04/ALGSTRUCT/mwi.desc	43	32c20c37916e6dd6b2b7c09bacd090abae3881cf69c0d079757fdcc5a35ab50c
semantic/W8_Q04/ALGSTRUCT/mwi.meta	26	ef7a220e5040e135de855fe94efc3e6eab4ee8c7d084ea2bd92b23d4a20adebd
semantic/W8_Q04/ALGSTRUCT/mwi_win.desc	588	538152db61c129ebb4d08222a10e0407898638651d7ef4a5b3bb339c073d905b
semantic/W8_Q04/ALGSTRUCT/mwi_win.meta	29	08e3480b902b19fdc1f063af688474aa085f489894784e1b290bbfb0c7211759
semantic/W8_Q04/ALGSTRUCT/sq_out.desc	47	919f820caba144bc57de2527871dd298404f77dce2b6e1f30da6fc84cea69c1d
semantic/W8_Q04/ALGSTRUCT/sq_out.meta	26	594d8277cd42f1e832c44942cd7d49442f51a9cf96d8b7dbfce1138448910b73
semantic/W8_Q04/STRUCT/STREAM_TIMEMOVE_mlii.desc	45	f9bfa697e4a5f0d3ff909e496ab91fd0faa256988e77e890dc4eacc87932b2bb
semantic/W8_Q04/STRUCT/STREAM_TIMEMOVE_mlii.meta	26	80985737e21309007b21615545e7c658fe2b343183bda7f58c47bbd70177c228
semantic/W8_Q04/STRUCT/STREAM_TIMEMOVE_mwi.desc	43	32c20c37916e6dd6b2b7c09bacd090abae3881cf69c0d079757fdcc5a35ab50c
semantic/W8_Q04/STRUCT/STREAM_TIMEMOVE_mwi.meta	26	c109cbc3ca5216b38d93114cd997107c5392fdadd6bdd27735f372972c6c11a9
semantic/W8_Q04/STRUCT/bp_acc.desc	493	53ef8fa01e980b4d4518d569b8a7c3c1cd56b9bc050bd451980c2751370f8f5a
semantic/W8_Q04/STRUCT/bp_acc.meta	29	f842ae76a01cea7dbdc274d10d96f24e9b9e9729dc95853cf588bd2f7d2b9f77
semantic/W8_Q04/STRUCT/bp_out.desc	46	55ca32d227c54caf7b3de74724552e720db7f0e967d644f4493760642e5dea5a
semantic/W8_Q04/STRUCT/bp_out.meta	26	2d4ae759895ca4670bb7a7eb143e6b81452962c67d780b2e5edc1a3f08baec49
semantic/W8_Q04/STRUCT/bp_win.desc	118	f99af921565c807f44afdb2ff8e14360ff677ac5d1ef69622493aaecea85bf3b
semantic/W8_Q04/STRUCT/bp_win.meta	26	bce914cf510f6d7323e49140b7eed41f81a6bc0ec3142cdb730d140d8999a178
semantic/W8_Q04/STRUCT/bpf.desc	59	9f33660f2bea556c9e4a5de78d3272bacbca2f5123c08ab77f0f420321fd8bc2
semantic/W8_Q04/STRUCT/d_acc.desc	113	41fb59bdc02bf2e89f03237c39f065a4232d89df6f2169b00e96d115974de0ff
semantic/W8_Q04/STRUCT/d_acc.meta	26	116bd5cff04dca291621ee02d8fce6c29e66c4326185ccd94a9abf89a62ebae5
semantic/W8_Q04/STRUCT/d_out.desc	45	644b6adb1bb696f17638995afeb4e3691733ba5b32a765688b9dde663956045b
semantic/W8_Q04/STRUCT/d_out.meta	26	83057d84a3dc5aec06b1d9c38c0af521a342c819771129fadc508edbaf198e65
semantic/W8_Q04/STRUCT/df.desc	56	b1e8813616fa26d611a00c26de8cfa834a7b9a407dbba520b957e0d151fd572c
semantic/W8_Q04/STRUCT/ecg.desc	55	925d58f601ce1bedaba626349ec166b1bfcb819046e020189fcfbcf866e18220
semantic/W8_Q04/STRUCT/mlii.desc	45	198a7e6fd28fb59bb8469633d1d60d2ea84ae2ecd751c124369b35c151b85e38
semantic/W8_Q04/STRUCT/mlii.meta	26	770abe7b302bf08dc41305460856cc0b3af37bbb770d7d3124d2787e738df609
semantic/W8_Q04/STRUCT/mlii_win.desc	443	903822f3144dacfa5ad62cd5c610c5491f51a3d0a13713f6f62c7af0b97acac3
semantic/W8_Q04/STRUCT/mlii_win.meta	29	2e6289cb5d27a308e2c9fe8e482c332987c8a3fe4dfaa2424ea82c7dc1d3e8f8
semantic/W8_Q04/STRUCT/mon_000	1680	7a3c0be45fbb5a60bf696367b65a86c085f714efcf9949d569e2c1b39ccf410f
semantic/W8_Q04/STRUCT/mon_000.desc	18	2a0216848c9805794ff9ea65e9b904750549edd949bc60c329f9c6a45f923f69
semantic/W8_Q04/STRUCT/mon_000.meta	26	5f9b4fc8a618bd26f2cb31eee8b9da5b297a57c80a7112463370bc8fe70e654a
semantic/W8_Q04/STRUCT/mon_000.shadow	0	e3b0c44298fc1c149afbf4c8996fb92427ae41e4649b934ca495991b7852b855
semantic/W8_Q04/STRUCT/mon_001	1680	7a3c0be45fbb5a60bf696367b65a86c085f714efcf9949d569e2c1b39ccf410f
semantic/W8_Q04/STRUCT/mon_001.desc	18	2a0216848c9805794ff9ea65e9b904750549edd949bc60c329f9c6a45f923f69
semantic/W8_Q04/STRUCT/mon_001.meta	26	745a32e0f0e8c4eeccfb3a3e80be17e8d77fa563f3982e444c9cf163ae4011ef
semantic/W8_Q04/STRUCT/mon_001.shadow	0	e3b0c44298fc1c149afbf4c8996fb92427ae41e4649b934ca495991b7852b855
semantic/W8_Q04/STRUCT/mon_002	1680	7a3c0be45fbb5a60bf696367b65a86c085f714efcf9949d569e2c1b39ccf410f
semantic/W8_Q04/STRUCT/mon_002.desc	18	2a0216848c9805794ff9ea65e9b904750549edd949bc60c329f9c6a45f923f69
semantic/W8_Q04/STRUCT/mon_002.meta	26	247026f430a58a122bb5a77c240cde2dc7e6c4549fe0e2a2ccfa9b77264e4848
semantic/W8_Q04/STRUCT/mon_002.shadow	0	e3b0c44298fc1c149afbf4c8996fb92427ae41e4649b934ca495991b7852b855
semantic/W8_Q04/STRUCT/mon_003	1680	7a3c0be45fbb5a60bf696367b65a86c085f714efcf9949d569e2c1b39ccf410f
semantic/W8_Q04/STRUCT/mon_003.desc	18	2a0216848c9805794ff9ea65e9b904750549edd949bc60c329f9c6a45f923f69
semantic/W8_Q04/STRUCT/mon_003.meta	26	af4f99a5ccc7c9e6dccbe2bbb28b207fb055cc6668fccfba14485b63da1565ba
semantic/W8_Q04/STRUCT/mon_003.shadow	0	e3b0c44298fc1c149afbf4c8996fb92427ae41e4649b934ca495991b7852b855
semantic/W8_Q04/STRUCT/mwi.desc	44	c356b28d19705af5b0ed8fd293ddf1d6d1de39043d7dba5382d7ab3819579217
semantic/W8_Q04/STRUCT/mwi.meta	26	ec5bf77a62844a7ed33cd29c6dd561b1447bb9bd61ab2233f570f33f6e18266b
semantic/W8_Q04/STRUCT/mwi_win.desc	588	538152db61c129ebb4d08222a10e0407898638651d7ef4a5b3bb339c073d905b
semantic/W8_Q04/STRUCT/mwi_win.meta	29	1f3478a91e760548980bdfddd35dbe40f459908bfcfd853cebe54e1393dab31f
semantic/W8_Q04/STRUCT/sq_out.desc	47	919f820caba144bc57de2527871dd298404f77dce2b6e1f30da6fc84cea69c1d
semantic/W8_Q04/STRUCT/sq_out.meta	26	89bfd215178b1b5d464461f421b381fe395b8117d74c1cb1d6414bfeed99aa60
semantic/W8_Q08/ALGSTRUCT/STREAM_HASH_mlii_mwi.desc	45	f3f691ba90b2eb7ed52ce0a8d16da7abe28f044015d5a2564993b61498d7f48f
semantic/W8_Q08/ALGSTRUCT/STREAM_HASH_mlii_mwi.meta	26	dbf090ac7cf4dbca74647460048ec839da469bbbde03f8a49161ba353ff92614
semantic/W8_Q08/ALGSTRUCT/bp_acc.desc	493	53ef8fa01e980b4d4518d569b8a7c3c1cd56b9bc050bd451980c2751370f8f5a
semantic/W8_Q08/ALGSTRUCT/bp_acc.meta	29	8dd573174820dad8439de6472dcc787dd00262e63a0b862caae64bd19e5daf21
semantic/W8_Q08/ALGSTRUCT/bp_out.desc	46	55ca32d227c54caf7b3de74724552e720db7f0e967d644f4493760642e5dea5a
semantic/W8_Q08/ALGSTRUCT/bp_out.meta	26	70b6e6309821c4c984094e6528cfe083f276ca5cc4863ef94a724bd2fae33076
semantic/W8_Q08/ALGSTRUCT/bp_win.desc	118	f99af921565c807f44afdb2ff8e14360ff677ac5d1ef69622493aaecea85bf3b
semantic/W8_Q08/ALGSTRUCT/bp_win.meta	26	84148abe171491950bea11e783ef60bbf3be76f99ada6fb9b35d66fbd8b4e45c
semantic/W8_Q08/ALGSTRUCT/bpf.desc	59	9f33660f2bea556c9e4a5de78d3272bacbca2f5123c08ab77f0f420321fd8bc2
semantic/W8_Q08/ALGSTRUCT/d_acc.desc	113	41fb59bdc02bf2e89f03237c39f065a4232d89df6f2169b00e96d115974de0ff
semantic/W8_Q08/ALGSTRUCT/d_acc.meta	26	854af4a91d2681ecf7a2aebb51a5923545b52db57d35022d1f83d6d0ae3beb19
semantic/W8_Q08/ALGSTRUCT/d_out.desc	45	644b6adb1bb696f17638995afeb4e3691733ba5b32a765688b9dde663956045b
semantic/W8_Q08/ALGSTRUCT/d_out.meta	26	6dc2f9b4c55086a9492155b078b45a5eec4cf283905b8b747f40ebf187acf404
semantic/W8_Q08/ALGSTRUCT/df.desc	56	b1e8813616fa26d611a00c26de8cfa834a7b9a407dbba520b957e0d151fd572c
semantic/W8_Q08/ALGSTRUCT/ecg.desc	55	925d58f601ce1bedaba626349ec166b1bfcb819046e020189fcfbcf866e18220
semantic/W8_Q08/ALGSTRUCT/mlii.desc	45	f9bfa697e4a5f0d3ff909e496ab91fd0faa256988e77e890dc4eacc87932b2bb
semantic/W8_Q08/ALGSTRUCT/mlii.meta	26	09ea9fc50467e3349c70b9f6212ee9944c5deb56df26e652cbb07be72daed613
semantic/W8_Q08/ALGSTRUCT/mlii_win.desc	443	903822f3144dacfa5ad62cd5c610c5491f51a3d0a13713f6f62c7af0b97acac3
semantic/W8_Q08/ALGSTRUCT/mlii_win.meta	29	1ee8556c09224c37e27c6740fe7dab7cc2a9d28d1569f05ce4e0219828629288
semantic/W8_Q08/ALGSTRUCT/mon_000	1680	7a3c0be45fbb5a60bf696367b65a86c085f714efcf9949d569e2c1b39ccf410f
semantic/W8_Q08/ALGSTRUCT/mon_000.desc	18	2a0216848c9805794ff9ea65e9b904750549edd949bc60c329f9c6a45f923f69
semantic/W8_Q08/ALGSTRUCT/mon_000.meta	26	ba654e4361c5d282345bfc0c22c6541f2a233d355e9dfbbf8ebefb2d4ab5fd6a
semantic/W8_Q08/ALGSTRUCT/mon_000.shadow	0	e3b0c44298fc1c149afbf4c8996fb92427ae41e4649b934ca495991b7852b855
semantic/W8_Q08/ALGSTRUCT/mon_001	1680	7a3c0be45fbb5a60bf696367b65a86c085f714efcf9949d569e2c1b39ccf410f
semantic/W8_Q08/ALGSTRUCT/mon_001.desc	18	2a0216848c9805794ff9ea65e9b904750549edd949bc60c329f9c6a45f923f69
semantic/W8_Q08/ALGSTRUCT/mon_001.meta	26	f28abfc4a5e74aa515e31a66f72f5e46fe21854c5b2944206bbc2deed18dc65c
semantic/W8_Q08/ALGSTRUCT/mon_001.shadow	0	e3b0c44298fc1c149afbf4c8996fb92427ae41e4649b934ca495991b7852b855
semantic/W8_Q08/ALGSTRUCT/mon_002	1680	7a3c0be45fbb5a60bf696367b65a86c085f714efcf9949d569e2c1b39ccf410f
semantic/W8_Q08/ALGSTRUCT/mon_002.desc	18	2a0216848c9805794ff9ea65e9b904750549edd949bc60c329f9c6a45f923f69
semantic/W8_Q08/ALGSTRUCT/mon_002.meta	26	b1c8ae04b8d3b5ea82795a6e64c464312223694143c815f8d7169cd3d65ced53
semantic/W8_Q08/ALGSTRUCT/mon_002.shadow	0	e3b0c44298fc1c149afbf4c8996fb92427ae41e4649b934ca495991b7852b855
semantic/W8_Q08/ALGSTRUCT/mon_003	1680	7a3c0be45fbb5a60bf696367b65a86c085f714efcf9949d569e2c1b39ccf410f
semantic/W8_Q08/ALGSTRUCT/mon_003.desc	18	2a0216848c9805794ff9ea65e9b904750549edd949bc60c329f9c6a45f923f69
semantic/W8_Q08/ALGSTRUCT/mon_003.meta	26	a2ef78202bbc32d336e70f9c743375c7a50a310e0fd0c6bb3e5ecb0f67309926
semantic/W8_Q08/ALGSTRUCT/mon_003.shadow	0	e3b0c44298fc1c149afbf4c8996fb92427ae41e4649b934ca495991b7852b855
semantic/W8_Q08/ALGSTRUCT/mon_004	1680	7a3c0be45fbb5a60bf696367b65a86c085f714efcf9949d569e2c1b39ccf410f
semantic/W8_Q08/ALGSTRUCT/mon_004.desc	18	2a0216848c9805794ff9ea65e9b904750549edd949bc60c329f9c6a45f923f69
semantic/W8_Q08/ALGSTRUCT/mon_004.meta	26	99d992e3bdb25879a543dce7938ebb058f6cdc7726edcd05936e0a3d41b248b6
semantic/W8_Q08/ALGSTRUCT/mon_004.shadow	0	e3b0c44298fc1c149afbf4c8996fb92427ae41e4649b934ca495991b7852b855
semantic/W8_Q08/ALGSTRUCT/mon_005	1680	7a3c0be45fbb5a60bf696367b65a86c085f714efcf9949d569e2c1b39ccf410f
semantic/W8_Q08/ALGSTRUCT/mon_005.desc	18	2a0216848c9805794ff9ea65e9b904750549edd949bc60c329f9c6a45f923f69
semantic/W8_Q08/ALGSTRUCT/mon_005.meta	26	56a19bbabebfc0004876c97cd573902556d077d4d9b0360858092de20ae111eb
semantic/W8_Q08/ALGSTRUCT/mon_005.shadow	0	e3b0c44298fc1c149afbf4c8996fb92427ae41e4649b934ca495991b7852b855
semantic/W8_Q08/ALGSTRUCT/mon_006	1680	7a3c0be45fbb5a60bf696367b65a86c085f714efcf9949d569e2c1b39ccf410f
semantic/W8_Q08/ALGSTRUCT/mon_006.desc	18	2a0216848c9805794ff9ea65e9b904750549edd949bc60c329f9c6a45f923f69
semantic/W8_Q08/ALGSTRUCT/mon_006.meta	26	e376997624e49abd7cd4da10c6ee4da037a9f9af4ee97b9cae1372b10f075fea
semantic/W8_Q08/ALGSTRUCT/mon_006.shadow	0	e3b0c44298fc1c149afbf4c8996fb92427ae41e4649b934ca495991b7852b855
semantic/W8_Q08/ALGSTRUCT/mon_007	1680	7a3c0be45fbb5a60bf696367b65a86c085f714efcf9949d569e2c1b39ccf410f
semantic/W8_Q08/ALGSTRUCT/mon_007.desc	18	2a0216848c9805794ff9ea65e9b904750549edd949bc60c329f9c6a45f923f69
semantic/W8_Q08/ALGSTRUCT/mon_007.meta	26	3b1c78bdacc85a90b4105bfe54658bb0452d0b6f80cf096d84d6e84a123855f1
semantic/W8_Q08/ALGSTRUCT/mon_007.shadow	0	e3b0c44298fc1c149afbf4c8996fb92427ae41e4649b934ca495991b7852b855
semantic/W8_Q08/ALGSTRUCT/mwi.desc	43	32c20c37916e6dd6b2b7c09bacd090abae3881cf69c0d079757fdcc5a35ab50c
semantic/W8_Q08/ALGSTRUCT/mwi.meta	26	498e518dca8a1c403098f530c7a15bc43640ff043ec85b24667af620f7d20f70
semantic/W8_Q08/ALGSTRUCT/mwi_win.desc	588	538152db61c129ebb4d08222a10e0407898638651d7ef4a5b3bb339c073d905b
semantic/W8_Q08/ALGSTRUCT/mwi_win.meta	29	e1f537dfd1d1cb7662bfbe249634721a35e732d7fbfd587f575efc2c121a0eaf
semantic/W8_Q08/ALGSTRUCT/sq_out.desc	47	919f820caba144bc57de2527871dd298404f77dce2b6e1f30da6fc84cea69c1d
semantic/W8_Q08/ALGSTRUCT/sq_out.meta	26	6a0976647e6e06ecb9d04ce8b50aef24973e1fb280f4f1c368597df470a418f9
semantic/W8_Q08/STRUCT/STREAM_TIMEMOVE_mlii.desc	45	f9bfa697e4a5f0d3ff909e496ab91fd0faa256988e77e890dc4eacc87932b2bb
semantic/W8_Q08/STRUCT/STREAM_TIMEMOVE_mlii.meta	26	dbae7b2822eaf9cebc9762b0a9342b06b0c6d7e0139ef7caa0cdbdea21d1b58d
semantic/W8_Q08/STRUCT/STREAM_TIMEMOVE_mwi.desc	43	32c20c37916e6dd6b2b7c09bacd090abae3881cf69c0d079757fdcc5a35ab50c
semantic/W8_Q08/STRUCT/STREAM_TIMEMOVE_mwi.meta	26	f7bf5da7bc6cf0f369062c973f8a24ac0ceb266f34c6388618d74ffc9063e1df
semantic/W8_Q08/STRUCT/bp_acc.desc	493	53ef8fa01e980b4d4518d569b8a7c3c1cd56b9bc050bd451980c2751370f8f5a
semantic/W8_Q08/STRUCT/bp_acc.meta	29	baef240768f832d106d175dc9004714c82de6b08d974ccc2d36cca41f23a8fac
semantic/W8_Q08/STRUCT/bp_out.desc	46	55ca32d227c54caf7b3de74724552e720db7f0e967d644f4493760642e5dea5a
semantic/W8_Q08/STRUCT/bp_out.meta	26	3d77ad28acc7f838b9c6a964f75ed3e859b4d3ba81167a52e7892dc3833273ed
semantic/W8_Q08/STRUCT/bp_win.desc	118	f99af921565c807f44afdb2ff8e14360ff677ac5d1ef69622493aaecea85bf3b
semantic/W8_Q08/STRUCT/bp_win.meta	26	fc9169ad312f7e78c4fbcd2a9ae8b011bd284b294d7cef148760651add816e15
semantic/W8_Q08/STRUCT/bpf.desc	59	9f33660f2bea556c9e4a5de78d3272bacbca2f5123c08ab77f0f420321fd8bc2
semantic/W8_Q08/STRUCT/d_acc.desc	113	41fb59bdc02bf2e89f03237c39f065a4232d89df6f2169b00e96d115974de0ff
semantic/W8_Q08/STRUCT/d_acc.meta	26	be63d193156937bfea3522a7f2f6fbc69f207bf78f9951bd76c07033f57dc9d0
semantic/W8_Q08/STRUCT/d_out.desc	45	644b6adb1bb696f17638995afeb4e3691733ba5b32a765688b9dde663956045b
semantic/W8_Q08/STRUCT/d_out.meta	26	b92bdd21aa404971a96292aedb0c75614d698a32815fe7cb2cd831bf4188dee1
semantic/W8_Q08/STRUCT/df.desc	56	b1e8813616fa26d611a00c26de8cfa834a7b9a407dbba520b957e0d151fd572c
semantic/W8_Q08/STRUCT/ecg.desc	55	925d58f601ce1bedaba626349ec166b1bfcb819046e020189fcfbcf866e18220
semantic/W8_Q08/STRUCT/mlii.desc	45	198a7e6fd28fb59bb8469633d1d60d2ea84ae2ecd751c124369b35c151b85e38
semantic/W8_Q08/STRUCT/mlii.meta	26	bbaa87ea594af57835783b55d9babaabc43a65b5d4f8a779d14c4ffc7d68d957
semantic/W8_Q08/STRUCT/mlii_win.desc	443	903822f3144dacfa5ad62cd5c610c5491f51a3d0a13713f6f62c7af0b97acac3
semantic/W8_Q08/STRUCT/mlii_win.meta	29	32f9311932c80edcc1a99aa9719bbed661b49969749bf3f197e6e9a1d20c98c7
semantic/W8_Q08/STRUCT/mon_000	1680	7a3c0be45fbb5a60bf696367b65a86c085f714efcf9949d569e2c1b39ccf410f
semantic/W8_Q08/STRUCT/mon_000.desc	18	2a0216848c9805794ff9ea65e9b904750549edd949bc60c329f9c6a45f923f69
semantic/W8_Q08/STRUCT/mon_000.meta	26	748ae6334283fe3a279240c2b5b415dc1e5e69aa94a421eaa62474b7a273d184
semantic/W8_Q08/STRUCT/mon_000.shadow	0	e3b0c44298fc1c149afbf4c8996fb92427ae41e4649b934ca495991b7852b855
semantic/W8_Q08/STRUCT/mon_001	1680	7a3c0be45fbb5a60bf696367b65a86c085f714efcf9949d569e2c1b39ccf410f
semantic/W8_Q08/STRUCT/mon_001.desc	18	2a0216848c9805794ff9ea65e9b904750549edd949bc60c329f9c6a45f923f69
semantic/W8_Q08/STRUCT/mon_001.meta	26	def20be8b2e761c7d68753cdf6d4230072825a85a981ad98633406be4fca4ece
semantic/W8_Q08/STRUCT/mon_001.shadow	0	e3b0c44298fc1c149afbf4c8996fb92427ae41e4649b934ca495991b7852b855
semantic/W8_Q08/STRUCT/mon_002	1680	7a3c0be45fbb5a60bf696367b65a86c085f714efcf9949d569e2c1b39ccf410f
semantic/W8_Q08/STRUCT/mon_002.desc	18	2a0216848c9805794ff9ea65e9b904750549edd949bc60c329f9c6a45f923f69
semantic/W8_Q08/STRUCT/mon_002.meta	26	ad3923ddcc76c31684b50c38a246c1d076d481cc702ebb1de101bfb55a6fc4c8
semantic/W8_Q08/STRUCT/mon_002.shadow	0	e3b0c44298fc1c149afbf4c8996fb92427ae41e4649b934ca495991b7852b855
semantic/W8_Q08/STRUCT/mon_003	1680	7a3c0be45fbb5a60bf696367b65a86c085f714efcf9949d569e2c1b39ccf410f
semantic/W8_Q08/STRUCT/mon_003.desc	18	2a0216848c9805794ff9ea65e9b904750549edd949bc60c329f9c6a45f923f69
semantic/W8_Q08/STRUCT/mon_003.meta	26	2c082f17f309479d0dd17583842d5a4ae3407869cfe298f6330d074da307015c
semantic/W8_Q08/STRUCT/mon_003.shadow	0	e3b0c44298fc1c149afbf4c8996fb92427ae41e4649b934ca495991b7852b855
semantic/W8_Q08/STRUCT/mon_004	1680	7a3c0be45fbb5a60bf696367b65a86c085f714efcf9949d569e2c1b39ccf410f
semantic/W8_Q08/STRUCT/mon_004.desc	18	2a0216848c9805794ff9ea65e9b904750549edd949bc60c329f9c6a45f923f69
semantic/W8_Q08/STRUCT/mon_004.meta	26	2a0c2c0c9e8d3b6854ac934a216c48266edfebf559f87bbcffe89b46edd751c0
semantic/W8_Q08/STRUCT/mon_004.shadow	0	e3b0c44298fc1c149afbf4c8996fb92427ae41e4649b934ca495991b7852b855
semantic/W8_Q08/STRUCT/mon_005	1680	7a3c0be45fbb5a60bf696367b65a86c085f714efcf9949d569e2c1b39ccf410f
semantic/W8_Q08/STRUCT/mon_005.desc	18	2a0216848c9805794ff9ea65e9b904750549edd949bc60c329f9c6a45f923f69
semantic/W8_Q08/STRUCT/mon_005.meta	26	763a1b847d3ec3131384a795ab2544037204604276b72bc50f47dd4d70122573
semantic/W8_Q08/STRUCT/mon_005.shadow	0	e3b0c44298fc1c149afbf4c8996fb92427ae41e4649b934ca495991b7852b855
semantic/W8_Q08/STRUCT/mon_006	1680	7a3c0be45fbb5a60bf696367b65a86c085f714efcf9949d569e2c1b39ccf410f
semantic/W8_Q08/STRUCT/mon_006.desc	18	2a0216848c9805794ff9ea65e9b904750549edd949bc60c329f9c6a45f923f69
semantic/W8_Q08/STRUCT/mon_006.meta	26	243e045c7ce755a7e7284436fb285e15d26c90b9ae166aafdf4f79bafbb1bc19
semantic/W8_Q08/STRUCT/mon_006.shadow	0	e3b0c44298fc1c149afbf4c8996fb92427ae41e4649b934ca495991b7852b855
semantic/W8_Q08/STRUCT/mon_007	1680	7a3c0be45fbb5a60bf696367b65a86c085f714efcf9949d569e2c1b39ccf410f
semantic/W8_Q08/STRUCT/mon_007.desc	18	2a0216848c9805794ff9ea65e9b904750549edd949bc60c329f9c6a45f923f69
semantic/W8_Q08/STRUCT/mon_007.meta	26	acb3b381d4b1d87112842486cea4b4eeeb8965b95175368036281ac2ebce9f3b
semantic/W8_Q08/STRUCT/mon_007.shadow	0	e3b0c44298fc1c149afbf4c8996fb92427ae41e4649b934ca495991b7852b855
semantic/W8_Q08/STRUCT/mwi.desc	44	c356b28d19705af5b0ed8fd293ddf1d6d1de39043d7dba5382d7ab3819579217
semantic/W8_Q08/STRUCT/mwi.meta	26	3223bef5fd17b7434449cd722434fc68ba0ee5836c7a27bc5e716f1d5c570ad6
semantic/W8_Q08/STRUCT/mwi_win.desc	588	538152db61c129ebb4d08222a10e0407898638651d7ef4a5b3bb339c073d905b
semantic/W8_Q08/STRUCT/mwi_win.meta	29	e433ed79cc783832607bd54b4b0d01d855ed10384ad4237b0a347360f10d47aa
semantic/W8_Q08/STRUCT/sq_out.desc	47	919f820caba144bc57de2527871dd298404f77dce2b6e1f30da6fc84cea69c1d
semantic/W8_Q08/STRUCT/sq_out.meta	26	f6df08d5d39eede571a821c53623d8a657f9852954a71bd9239058f4045d8c72
semantic/W8_Q16/ALGSTRUCT/STREAM_HASH_mlii_mwi.desc	45	f3f691ba90b2eb7ed52ce0a8d16da7abe28f044015d5a2564993b61498d7f48f
semantic/W8_Q16/ALGSTRUCT/STREAM_HASH_mlii_mwi.meta	26	5affa0a003b2edae19bd1a82affb999ac9a58e62626b6389d0ae1f8de08f8192
semantic/W8_Q16/ALGSTRUCT/bp_acc.desc	493	53ef8fa01e980b4d4518d569b8a7c3c1cd56b9bc050bd451980c2751370f8f5a
semantic/W8_Q16/ALGSTRUCT/bp_acc.meta	29	de45168a3f994b8547601a3503d37ef59a77e17eefd04f704eda3aded76a195b
semantic/W8_Q16/ALGSTRUCT/bp_out.desc	46	55ca32d227c54caf7b3de74724552e720db7f0e967d644f4493760642e5dea5a
semantic/W8_Q16/ALGSTRUCT/bp_out.meta	26	ff40f73f897401d4030926e5f44a1567dc43311eeff72c55c7fb4146d4917553
semantic/W8_Q16/ALGSTRUCT/bp_win.desc	118	f99af921565c807f44afdb2ff8e14360ff677ac5d1ef69622493aaecea85bf3b
semantic/W8_Q16/ALGSTRUCT/bp_win.meta	26	f15ddad8762892c00ffae4cfd0d82ef848c2b2741f5fb173f0268360593c1bd5
semantic/W8_Q16/ALGSTRUCT/bpf.desc	59	9f33660f2bea556c9e4a5de78d3272bacbca2f5123c08ab77f0f420321fd8bc2
semantic/W8_Q16/ALGSTRUCT/d_acc.desc	113	41fb59bdc02bf2e89f03237c39f065a4232d89df6f2169b00e96d115974de0ff
semantic/W8_Q16/ALGSTRUCT/d_acc.meta	26	7e108d0f455f79c5785469da955d9fcbc10d6ed2f4d077e275ba085b8a134d46
semantic/W8_Q16/ALGSTRUCT/d_out.desc	45	644b6adb1bb696f17638995afeb4e3691733ba5b32a765688b9dde663956045b
semantic/W8_Q16/ALGSTRUCT/d_out.meta	26	d0514d4e71f3b0d4ea08595d6f265a684eea6d8da8ba7cdc1e455c4cc51b8cb6
semantic/W8_Q16/ALGSTRUCT/df.desc	56	b1e8813616fa26d611a00c26de8cfa834a7b9a407dbba520b957e0d151fd572c
semantic/W8_Q16/ALGSTRUCT/ecg.desc	55	925d58f601ce1bedaba626349ec166b1bfcb819046e020189fcfbcf866e18220
semantic/W8_Q16/ALGSTRUCT/mlii.desc	45	f9bfa697e4a5f0d3ff909e496ab91fd0faa256988e77e890dc4eacc87932b2bb
semantic/W8_Q16/ALGSTRUCT/mlii.meta	26	85a87dbc09f380005eda339967ff058cbb1d3ad9826e923f8f32e627bef5c350
semantic/W8_Q16/ALGSTRUCT/mlii_win.desc	443	903822f3144dacfa5ad62cd5c610c5491f51a3d0a13713f6f62c7af0b97acac3
semantic/W8_Q16/ALGSTRUCT/mlii_win.meta	29	1db3533e1afb5dce07efd94677e95f12a21d9aedce34db2d1954d2a4f4a328da
semantic/W8_Q16/ALGSTRUCT/mon_000	1680	7a3c0be45fbb5a60bf696367b65a86c085f714efcf9949d569e2c1b39ccf410f
semantic/W8_Q16/ALGSTRUCT/mon_000.desc	18	2a0216848c9805794ff9ea65e9b904750549edd949bc60c329f9c6a45f923f69
semantic/W8_Q16/ALGSTRUCT/mon_000.meta	26	8a36bed9c72fbff0404fd5a05f8ef057103b7a9058c4b5ab933cb6d9b4af012f
semantic/W8_Q16/ALGSTRUCT/mon_000.shadow	0	e3b0c44298fc1c149afbf4c8996fb92427ae41e4649b934ca495991b7852b855
semantic/W8_Q16/ALGSTRUCT/mon_001	1680	7a3c0be45fbb5a60bf696367b65a86c085f714efcf9949d569e2c1b39ccf410f
semantic/W8_Q16/ALGSTRUCT/mon_001.desc	18	2a0216848c9805794ff9ea65e9b904750549edd949bc60c329f9c6a45f923f69
semantic/W8_Q16/ALGSTRUCT/mon_001.meta	26	29d8021cca269f9ab0c7551a4c9d307f80658f9df53df25ca3323de4fa20eed3
semantic/W8_Q16/ALGSTRUCT/mon_001.shadow	0	e3b0c44298fc1c149afbf4c8996fb92427ae41e4649b934ca495991b7852b855
semantic/W8_Q16/ALGSTRUCT/mon_002	1680	7a3c0be45fbb5a60bf696367b65a86c085f714efcf9949d569e2c1b39ccf410f
semantic/W8_Q16/ALGSTRUCT/mon_002.desc	18	2a0216848c9805794ff9ea65e9b904750549edd949bc60c329f9c6a45f923f69
semantic/W8_Q16/ALGSTRUCT/mon_002.meta	26	70cf9bced8dcbbf5ebc3063853147de59a1f7f947031374cf445f0874763eff6
semantic/W8_Q16/ALGSTRUCT/mon_002.shadow	0	e3b0c44298fc1c149afbf4c8996fb92427ae41e4649b934ca495991b7852b855
semantic/W8_Q16/ALGSTRUCT/mon_003	1680	7a3c0be45fbb5a60bf696367b65a86c085f714efcf9949d569e2c1b39ccf410f
semantic/W8_Q16/ALGSTRUCT/mon_003.desc	18	2a0216848c9805794ff9ea65e9b904750549edd949bc60c329f9c6a45f923f69
semantic/W8_Q16/ALGSTRUCT/mon_003.meta	26	87a76f7ca2c60aaa531fab4dcd2480db0c4452bef3cd1623f8db70e6c81374be
semantic/W8_Q16/ALGSTRUCT/mon_003.shadow	0	e3b0c44298fc1c149afbf4c8996fb92427ae41e4649b934ca495991b7852b855
semantic/W8_Q16/ALGSTRUCT/mon_004	1680	7a3c0be45fbb5a60bf696367b65a86c085f714efcf9949d569e2c1b39ccf410f
semantic/W8_Q16/ALGSTRUCT/mon_004.desc	18	2a0216848c9805794ff9ea65e9b904750549edd949bc60c329f9c6a45f923f69
semantic/W8_Q16/ALGSTRUCT/mon_004.meta	26	fa99353e8c14949bd4d08e5f95f2f64f0ca04d3392cf27db7d5f4835c6093715
semantic/W8_Q16/ALGSTRUCT/mon_004.shadow	0	e3b0c44298fc1c149afbf4c8996fb92427ae41e4649b934ca495991b7852b855
semantic/W8_Q16/ALGSTRUCT/mon_005	1680	7a3c0be45fbb5a60bf696367b65a86c085f714efcf9949d569e2c1b39ccf410f
semantic/W8_Q16/ALGSTRUCT/mon_005.desc	18	2a0216848c9805794ff9ea65e9b904750549edd949bc60c329f9c6a45f923f69
semantic/W8_Q16/ALGSTRUCT/mon_005.meta	26	f5d8af24280fb027989873a90f719655efdacf66156d769f06c5c36d2452613d
semantic/W8_Q16/ALGSTRUCT/mon_005.shadow	0	e3b0c44298fc1c149afbf4c8996fb92427ae41e4649b934ca495991b7852b855
semantic/W8_Q16/ALGSTRUCT/mon_006	1680	7a3c0be45fbb5a60bf696367b65a86c085f714efcf9949d569e2c1b39ccf410f
semantic/W8_Q16/ALGSTRUCT/mon_006.desc	18	2a0216848c9805794ff9ea65e9b904750549edd949bc60c329f9c6a45f923f69
semantic/W8_Q16/ALGSTRUCT/mon_006.meta	26	acc72a9aab38e07b0fa83a4b9abdd46c33304d67bf3bb3f4add98cb86232a36f
semantic/W8_Q16/ALGSTRUCT/mon_006.shadow	0	e3b0c44298fc1c149afbf4c8996fb92427ae41e4649b934ca495991b7852b855
semantic/W8_Q16/ALGSTRUCT/mon_007	1680	7a3c0be45fbb5a60bf696367b65a86c085f714efcf9949d569e2c1b39ccf410f
semantic/W8_Q16/ALGSTRUCT/mon_007.desc	18	2a0216848c9805794ff9ea65e9b904750549edd949bc60c329f9c6a45f923f69
semantic/W8_Q16/ALGSTRUCT/mon_007.meta	26	908eada89788ecc9bd1167157f5ba9e950e411e62064f087ff4742b86a05f794
semantic/W8_Q16/ALGSTRUCT/mon_007.shadow	0	e3b0c44298fc1c149afbf4c8996fb92427ae41e4649b934ca495991b7852b855
semantic/W8_Q16/ALGSTRUCT/mon_008	1680	7a3c0be45fbb5a60bf696367b65a86c085f714efcf9949d569e2c1b39ccf410f
semantic/W8_Q16/ALGSTRUCT/mon_008.desc	18	2a0216848c9805794ff9ea65e9b904750549edd949bc60c329f9c6a45f923f69
semantic/W8_Q16/ALGSTRUCT/mon_008.meta	26	4a5baff4dbf826edee512f0497e60dcdd38179e3ed3040490f73f5ce72302265
semantic/W8_Q16/ALGSTRUCT/mon_008.shadow	0	e3b0c44298fc1c149afbf4c8996fb92427ae41e4649b934ca495991b7852b855
semantic/W8_Q16/ALGSTRUCT/mon_009	1680	7a3c0be45fbb5a60bf696367b65a86c085f714efcf9949d569e2c1b39ccf410f
semantic/W8_Q16/ALGSTRUCT/mon_009.desc	18	2a0216848c9805794ff9ea65e9b904750549edd949bc60c329f9c6a45f923f69
semantic/W8_Q16/ALGSTRUCT/mon_009.meta	26	517f87f09994e6bc68e2683f723949b5cb173c07f925da63b720438a60d782df
semantic/W8_Q16/ALGSTRUCT/mon_009.shadow	0	e3b0c44298fc1c149afbf4c8996fb92427ae41e4649b934ca495991b7852b855
semantic/W8_Q16/ALGSTRUCT/mon_010	1680	7a3c0be45fbb5a60bf696367b65a86c085f714efcf9949d569e2c1b39ccf410f
semantic/W8_Q16/ALGSTRUCT/mon_010.desc	18	2a0216848c9805794ff9ea65e9b904750549edd949bc60c329f9c6a45f923f69
semantic/W8_Q16/ALGSTRUCT/mon_010.meta	26	bc64f1dd517f0ce4e1f3e7fa38248f4cc9be1ed723c675a492d700f63ae0dca6
semantic/W8_Q16/ALGSTRUCT/mon_010.shadow	0	e3b0c44298fc1c149afbf4c8996fb92427ae41e4649b934ca495991b7852b855
semantic/W8_Q16/ALGSTRUCT/mon_011	1680	7a3c0be45fbb5a60bf696367b65a86c085f714efcf9949d569e2c1b39ccf410f
semantic/W8_Q16/ALGSTRUCT/mon_011.desc	18	2a0216848c9805794ff9ea65e9b904750549edd949bc60c329f9c6a45f923f69
semantic/W8_Q16/ALGSTRUCT/mon_011.meta	26	f6efe4a364438b0704ffbc27d5c582c1c60b4d9834fb45e8d05cc3a95d379b91
semantic/W8_Q16/ALGSTRUCT/mon_011.shadow	0	e3b0c44298fc1c149afbf4c8996fb92427ae41e4649b934ca495991b7852b855
semantic/W8_Q16/ALGSTRUCT/mon_012	1680	7a3c0be45fbb5a60bf696367b65a86c085f714efcf9949d569e2c1b39ccf410f
semantic/W8_Q16/ALGSTRUCT/mon_012.desc	18	2a0216848c9805794ff9ea65e9b904750549edd949bc60c329f9c6a45f923f69
semantic/W8_Q16/ALGSTRUCT/mon_012.meta	26	cf166c5faea069aa1840b2a86762d2bd637a72a69b1e963ceb547c46244bd9e4
semantic/W8_Q16/ALGSTRUCT/mon_012.shadow	0	e3b0c44298fc1c149afbf4c8996fb92427ae41e4649b934ca495991b7852b855
semantic/W8_Q16/ALGSTRUCT/mon_013	1680	7a3c0be45fbb5a60bf696367b65a86c085f714efcf9949d569e2c1b39ccf410f
semantic/W8_Q16/ALGSTRUCT/mon_013.desc	18	2a0216848c9805794ff9ea65e9b904750549edd949bc60c329f9c6a45f923f69
semantic/W8_Q16/ALGSTRUCT/mon_013.meta	26	625e9a9d07cb68a39a0e272f57091a9846fd8b7e0c9e6e6b0cf468c832dc7229
semantic/W8_Q16/ALGSTRUCT/mon_013.shadow	0	e3b0c44298fc1c149afbf4c8996fb92427ae41e4649b934ca495991b7852b855
semantic/W8_Q16/ALGSTRUCT/mon_014	1680	7a3c0be45fbb5a60bf696367b65a86c085f714efcf9949d569e2c1b39ccf410f
semantic/W8_Q16/ALGSTRUCT/mon_014.desc	18	2a0216848c9805794ff9ea65e9b904750549edd949bc60c329f9c6a45f923f69
semantic/W8_Q16/ALGSTRUCT/mon_014.meta	26	41f27a550d1944b65cfaa3cf9e11f6ad94faf3407f410cb8b2e17df233a61f05
semantic/W8_Q16/ALGSTRUCT/mon_014.shadow	0	e3b0c44298fc1c149afbf4c8996fb92427ae41e4649b934ca495991b7852b855
semantic/W8_Q16/ALGSTRUCT/mon_015	1680	7a3c0be45fbb5a60bf696367b65a86c085f714efcf9949d569e2c1b39ccf410f
semantic/W8_Q16/ALGSTRUCT/mon_015.desc	18	2a0216848c9805794ff9ea65e9b904750549edd949bc60c329f9c6a45f923f69
semantic/W8_Q16/ALGSTRUCT/mon_015.meta	26	530a458d3b6ed4a2986072b75a69cf26ad60478194602a5f9535c70ee03bdc49
semantic/W8_Q16/ALGSTRUCT/mon_015.shadow	0	e3b0c44298fc1c149afbf4c8996fb92427ae41e4649b934ca495991b7852b855
semantic/W8_Q16/ALGSTRUCT/mwi.desc	43	32c20c37916e6dd6b2b7c09bacd090abae3881cf69c0d079757fdcc5a35ab50c
semantic/W8_Q16/ALGSTRUCT/mwi.meta	26	6a2a03a2f1dc59a2430e01c75fcffd239f0564e6074af4b104cef08f85cfeca3
semantic/W8_Q16/ALGSTRUCT/mwi_win.desc	588	538152db61c129ebb4d08222a10e0407898638651d7ef4a5b3bb339c073d905b
semantic/W8_Q16/ALGSTRUCT/mwi_win.meta	29	9a9a9a3dac046f88d318b219fe30ff3376fde1caef40373198a29d482836fe95
semantic/W8_Q16/ALGSTRUCT/sq_out.desc	47	919f820caba144bc57de2527871dd298404f77dce2b6e1f30da6fc84cea69c1d
semantic/W8_Q16/ALGSTRUCT/sq_out.meta	26	3f225e9cdf91766d24d14a9565c6ed605f32d7651ace3a25e27e3894a06090b2
semantic/W8_Q16/STRUCT/STREAM_TIMEMOVE_mlii.desc	45	f9bfa697e4a5f0d3ff909e496ab91fd0faa256988e77e890dc4eacc87932b2bb
semantic/W8_Q16/STRUCT/STREAM_TIMEMOVE_mlii.meta	26	bff06712b55a52c6b094d0540e5c5aa0ccae79bbc9190c2ac2a3a76f9b54fed0
semantic/W8_Q16/STRUCT/STREAM_TIMEMOVE_mwi.desc	43	32c20c37916e6dd6b2b7c09bacd090abae3881cf69c0d079757fdcc5a35ab50c
semantic/W8_Q16/STRUCT/STREAM_TIMEMOVE_mwi.meta	26	ce835872678a13b3212bb44a3566f80bc9141984d2381a9cdafdea18089eec5d
semantic/W8_Q16/STRUCT/bp_acc.desc	493	53ef8fa01e980b4d4518d569b8a7c3c1cd56b9bc050bd451980c2751370f8f5a
semantic/W8_Q16/STRUCT/bp_acc.meta	29	e1ef877bd50ad42d3cb035005440524a23ec483500ebe474d9a45e3cf3ec833b
semantic/W8_Q16/STRUCT/bp_out.desc	46	55ca32d227c54caf7b3de74724552e720db7f0e967d644f4493760642e5dea5a
semantic/W8_Q16/STRUCT/bp_out.meta	26	28c89bdc55c98d8f35ad42d4f49e966a7e4ef1cb675d66757c423624c823fdf1
semantic/W8_Q16/STRUCT/bp_win.desc	118	f99af921565c807f44afdb2ff8e14360ff677ac5d1ef69622493aaecea85bf3b
semantic/W8_Q16/STRUCT/bp_win.meta	26	79e9e022d5422d9ebf57f6b21220c9a71219d860df1ce3ceca82fdecac1c7113
semantic/W8_Q16/STRUCT/bpf.desc	59	9f33660f2bea556c9e4a5de78d3272bacbca2f5123c08ab77f0f420321fd8bc2
semantic/W8_Q16/STRUCT/d_acc.desc	113	41fb59bdc02bf2e89f03237c39f065a4232d89df6f2169b00e96d115974de0ff
semantic/W8_Q16/STRUCT/d_acc.meta	26	fa180d45bc9fe1c7bfa23f91d4b2c27536403f6cafb5fdc34b000cb2b6b1f50a
semantic/W8_Q16/STRUCT/d_out.desc	45	644b6adb1bb696f17638995afeb4e3691733ba5b32a765688b9dde663956045b
semantic/W8_Q16/STRUCT/d_out.meta	26	a603204d65cec80b424ded95b7c986e64b3c68d86b8189bc118c29a69f4bb851
semantic/W8_Q16/STRUCT/df.desc	56	b1e8813616fa26d611a00c26de8cfa834a7b9a407dbba520b957e0d151fd572c
semantic/W8_Q16/STRUCT/ecg.desc	55	925d58f601ce1bedaba626349ec166b1bfcb819046e020189fcfbcf866e18220
semantic/W8_Q16/STRUCT/mlii.desc	45	198a7e6fd28fb59bb8469633d1d60d2ea84ae2ecd751c124369b35c151b85e38
semantic/W8_Q16/STRUCT/mlii.meta	26	483fd061dce10b3e0ce8160ca62e621790dce8d2de57484ebcdb74e62df3cebb
semantic/W8_Q16/STRUCT/mlii_win.desc	443	903822f3144dacfa5ad62cd5c610c5491f51a3d0a13713f6f62c7af0b97acac3
semantic/W8_Q16/STRUCT/mlii_win.meta	29	31dffe63b5cf772f0e35d37aeb9e40ec209c6d8745a3ad830a6980d3aefa07e8
semantic/W8_Q16/STRUCT/mon_000	1680	7a3c0be45fbb5a60bf696367b65a86c085f714efcf9949d569e2c1b39ccf410f
semantic/W8_Q16/STRUCT/mon_000.desc	18	2a0216848c9805794ff9ea65e9b904750549edd949bc60c329f9c6a45f923f69
semantic/W8_Q16/STRUCT/mon_000.meta	26	d84f2fc08f75e723149e3b6aa1b738374101e02fe31b81f6a437f360ddc49ae4
semantic/W8_Q16/STRUCT/mon_000.shadow	0	e3b0c44298fc1c149afbf4c8996fb92427ae41e4649b934ca495991b7852b855
semantic/W8_Q16/STRUCT/mon_001	1680	7a3c0be45fbb5a60bf696367b65a86c085f714efcf9949d569e2c1b39ccf410f
semantic/W8_Q16/STRUCT/mon_001.desc	18	2a0216848c9805794ff9ea65e9b904750549edd949bc60c329f9c6a45f923f69
semantic/W8_Q16/STRUCT/mon_001.meta	26	0ec4963cc6700e9d55884cb5b6dd13a19c136d0db42aeb8a716a4c71b033f79e
semantic/W8_Q16/STRUCT/mon_001.shadow	0	e3b0c44298fc1c149afbf4c8996fb92427ae41e4649b934ca495991b7852b855
semantic/W8_Q16/STRUCT/mon_002	1680	7a3c0be45fbb5a60bf696367b65a86c085f714efcf9949d569e2c1b39ccf410f
semantic/W8_Q16/STRUCT/mon_002.desc	18	2a0216848c9805794ff9ea65e9b904750549edd949bc60c329f9c6a45f923f69
semantic/W8_Q16/STRUCT/mon_002.meta	26	88a03af35b3d080459de6f0cf8268cc362b8fa8d4811e9d058986f12707434ed
semantic/W8_Q16/STRUCT/mon_002.shadow	0	e3b0c44298fc1c149afbf4c8996fb92427ae41e4649b934ca495991b7852b855
semantic/W8_Q16/STRUCT/mon_003	1680	7a3c0be45fbb5a60bf696367b65a86c085f714efcf9949d569e2c1b39ccf410f
semantic/W8_Q16/STRUCT/mon_003.desc	18	2a0216848c9805794ff9ea65e9b904750549edd949bc60c329f9c6a45f923f69
semantic/W8_Q16/STRUCT/mon_003.meta	26	0a5687576aea3ad406673e0dcba73fd603e9f67589db061afc7cca4778c1fb15
semantic/W8_Q16/STRUCT/mon_003.shadow	0	e3b0c44298fc1c149afbf4c8996fb92427ae41e4649b934ca495991b7852b855
semantic/W8_Q16/STRUCT/mon_004	1680	7a3c0be45fbb5a60bf696367b65a86c085f714efcf9949d569e2c1b39ccf410f
semantic/W8_Q16/STRUCT/mon_004.desc	18	2a0216848c9805794ff9ea65e9b904750549edd949bc60c329f9c6a45f923f69
semantic/W8_Q16/STRUCT/mon_004.meta	26	fb84b73626ece144ae2156e834366615174d21d68f2df87fb88412717c1201b4
semantic/W8_Q16/STRUCT/mon_004.shadow	0	e3b0c44298fc1c149afbf4c8996fb92427ae41e4649b934ca495991b7852b855
semantic/W8_Q16/STRUCT/mon_005	1680	7a3c0be45fbb5a60bf696367b65a86c085f714efcf9949d569e2c1b39ccf410f
semantic/W8_Q16/STRUCT/mon_005.desc	18	2a0216848c9805794ff9ea65e9b904750549edd949bc60c329f9c6a45f923f69
semantic/W8_Q16/STRUCT/mon_005.meta	26	2b6a7ba6d023935828bbe7ddf2287c2fcaf977926385956b666eaa94ad4146b1
semantic/W8_Q16/STRUCT/mon_005.shadow	0	e3b0c44298fc1c149afbf4c8996fb92427ae41e4649b934ca495991b7852b855
semantic/W8_Q16/STRUCT/mon_006	1680	7a3c0be45fbb5a60bf696367b65a86c085f714efcf9949d569e2c1b39ccf410f
semantic/W8_Q16/STRUCT/mon_006.desc	18	2a0216848c9805794ff9ea65e9b904750549edd949bc60c329f9c6a45f923f69
semantic/W8_Q16/STRUCT/mon_006.meta	26	1dfb954dbbbcde658e44fe92bcda658bf7b557f6fc5f3d3af31ad412b6062138
semantic/W8_Q16/STRUCT/mon_006.shadow	0	e3b0c44298fc1c149afbf4c8996fb92427ae41e4649b934ca495991b7852b855
semantic/W8_Q16/STRUCT/mon_007	1680	7a3c0be45fbb5a60bf696367b65a86c085f714efcf9949d569e2c1b39ccf410f
semantic/W8_Q16/STRUCT/mon_007.desc	18	2a0216848c9805794ff9ea65e9b904750549edd949bc60c329f9c6a45f923f69
semantic/W8_Q16/STRUCT/mon_007.meta	26	7f49e2e0e294bdaaab043c4eab8e7a7edcc94474c3a58b44a24ef4c8b47d8804
semantic/W8_Q16/STRUCT/mon_007.shadow	0	e3b0c44298fc1c149afbf4c8996fb92427ae41e4649b934ca495991b7852b855
semantic/W8_Q16/STRUCT/mon_008	1680	7a3c0be45fbb5a60bf696367b65a86c085f714efcf9949d569e2c1b39ccf410f
semantic/W8_Q16/STRUCT/mon_008.desc	18	2a0216848c9805794ff9ea65e9b904750549edd949bc60c329f9c6a45f923f69
semantic/W8_Q16/STRUCT/mon_008.meta	26	5b360325c757bb627e956cb1918c9ec99c7547faf9c48f92df9d99bbb573b667
semantic/W8_Q16/STRUCT/mon_008.shadow	0	e3b0c44298fc1c149afbf4c8996fb92427ae41e4649b934ca495991b7852b855
semantic/W8_Q16/STRUCT/mon_009	1680	7a3c0be45fbb5a60bf696367b65a86c085f714efcf9949d569e2c1b39ccf410f
semantic/W8_Q16/STRUCT/mon_009.desc	18	2a0216848c9805794ff9ea65e9b904750549edd949bc60c329f9c6a45f923f69
semantic/W8_Q16/STRUCT/mon_009.meta	26	b42a4d21c1a243f2a914c42234a699b2d7a0d45f99bef7427056b1c80d1b91f6
semantic/W8_Q16/STRUCT/mon_009.shadow	0	e3b0c44298fc1c149afbf4c8996fb92427ae41e4649b934ca495991b7852b855
semantic/W8_Q16/STRUCT/mon_010	1680	7a3c0be45fbb5a60bf696367b65a86c085f714efcf9949d569e2c1b39ccf410f
semantic/W8_Q16/STRUCT/mon_010.desc	18	2a0216848c9805794ff9ea65e9b904750549edd949bc60c329f9c6a45f923f69
semantic/W8_Q16/STRUCT/mon_010.meta	26	e9e82058968b52f63c3e4c64d9b709675784865cc03f0f8614e6e0fe31e3f0e8
semantic/W8_Q16/STRUCT/mon_010.shadow	0	e3b0c44298fc1c149afbf4c8996fb92427ae41e4649b934ca495991b7852b855
semantic/W8_Q16/STRUCT/mon_011	1680	7a3c0be45fbb5a60bf696367b65a86c085f714efcf9949d569e2c1b39ccf410f
semantic/W8_Q16/STRUCT/mon_011.desc	18	2a0216848c9805794ff9ea65e9b904750549edd949bc60c329f9c6a45f923f69
semantic/W8_Q16/STRUCT/mon_011.meta	26	77bf865f1aba2c114ef26ee0026b409e1fecf520c12d26183fb4d4b1ee5c87e6
semantic/W8_Q16/STRUCT/mon_011.shadow	0	e3b0c44298fc1c149afbf4c8996fb92427ae41e4649b934ca495991b7852b855
semantic/W8_Q16/STRUCT/mon_012	1680	7a3c0be45fbb5a60bf696367b65a86c085f714efcf9949d569e2c1b39ccf410f
semantic/W8_Q16/STRUCT/mon_012.desc	18	2a0216848c9805794ff9ea65e9b904750549edd949bc60c329f9c6a45f923f69
semantic/W8_Q16/STRUCT/mon_012.meta	26	014202788c3a385ea104159fb047bf6c37c11157e2fe44d79541441f42b4fe2e
semantic/W8_Q16/STRUCT/mon_012.shadow	0	e3b0c44298fc1c149afbf4c8996fb92427ae41e4649b934ca495991b7852b855
semantic/W8_Q16/STRUCT/mon_013	1680	7a3c0be45fbb5a60bf696367b65a86c085f714efcf9949d569e2c1b39ccf410f
semantic/W8_Q16/STRUCT/mon_013.desc	18	2a0216848c9805794ff9ea65e9b904750549edd949bc60c329f9c6a45f923f69
semantic/W8_Q16/STRUCT/mon_013.meta	26	c917286977fd2b78859272c9b53fcfb6a4a25d30f251fda614ba55e47be85ff4
semantic/W8_Q16/STRUCT/mon_013.shadow	0	e3b0c44298fc1c149afbf4c8996fb92427ae41e4649b934ca495991b7852b855
semantic/W8_Q16/STRUCT/mon_014	1680	7a3c0be45fbb5a60bf696367b65a86c085f714efcf9949d569e2c1b39ccf410f
semantic/W8_Q16/STRUCT/mon_014.desc	18	2a0216848c9805794ff9ea65e9b904750549edd949bc60c329f9c6a45f923f69
semantic/W8_Q16/STRUCT/mon_014.meta	26	01116a1ce26914ad0452f18ead8f2bad5a93fbaafe61126060a06fcb8274bd37
semantic/W8_Q16/STRUCT/mon_014.shadow	0	e3b0c44298fc1c149afbf4c8996fb92427ae41e4649b934ca495991b7852b855
semantic/W8_Q16/STRUCT/mon_015	1680	7a3c0be45fbb5a60bf696367b65a86c085f714efcf9949d569e2c1b39ccf410f
semantic/W8_Q16/STRUCT/mon_015.desc	18	2a0216848c9805794ff9ea65e9b904750549edd949bc60c329f9c6a45f923f69
semantic/W8_Q16/STRUCT/mon_015.meta	26	1643c50d5a8ab5f927d1c04f61612d82525ff969470c4eb0c0645088f6e01de8
semantic/W8_Q16/STRUCT/mon_015.shadow	0	e3b0c44298fc1c149afbf4c8996fb92427ae41e4649b934ca495991b7852b855
semantic/W8_Q16/STRUCT/mwi.desc	44	c356b28d19705af5b0ed8fd293ddf1d6d1de39043d7dba5382d7ab3819579217
semantic/W8_Q16/STRUCT/mwi.meta	26	eb04da503b370d31e07f521ac99f9c1b297b9262f71183ea3eabf62cf410ac3e
semantic/W8_Q16/STRUCT/mwi_win.desc	588	538152db61c129ebb4d08222a10e0407898638651d7ef4a5b3bb339c073d905b
semantic/W8_Q16/STRUCT/mwi_win.meta	29	3552e1abf151eb1d455ad1ee174d2730aa7e174467e3f8059fabce51213cb98b
semantic/W8_Q16/STRUCT/sq_out.desc	47	919f820caba144bc57de2527871dd298404f77dce2b6e1f30da6fc84cea69c1d
semantic/W8_Q16/STRUCT/sq_out.meta	26	1c9257dfbe9ddb9cb3f0254491a69a45af0e30948ab73b3aad9e9edc0a858ef0
semantic/W8_Q32/ALGSTRUCT/STREAM_HASH_mlii_mwi.desc	45	f3f691ba90b2eb7ed52ce0a8d16da7abe28f044015d5a2564993b61498d7f48f
semantic/W8_Q32/ALGSTRUCT/STREAM_HASH_mlii_mwi.meta	26	eeade0d16a0ea6d71957ed13051189b985e4d64450fbfb328d73d50aa1568a73
semantic/W8_Q32/ALGSTRUCT/bp_acc.desc	493	53ef8fa01e980b4d4518d569b8a7c3c1cd56b9bc050bd451980c2751370f8f5a
semantic/W8_Q32/ALGSTRUCT/bp_acc.meta	29	b857d59326c3d4dfbd2c3240a0bf5abc68f3700ad174c0af4077bcf15050f1e8
semantic/W8_Q32/ALGSTRUCT/bp_out.desc	46	55ca32d227c54caf7b3de74724552e720db7f0e967d644f4493760642e5dea5a
semantic/W8_Q32/ALGSTRUCT/bp_out.meta	26	37b1a587e50de9fd2ebe52c16753d5545589d645788156ca7572abf5b89d422e
semantic/W8_Q32/ALGSTRUCT/bp_win.desc	118	f99af921565c807f44afdb2ff8e14360ff677ac5d1ef69622493aaecea85bf3b
semantic/W8_Q32/ALGSTRUCT/bp_win.meta	26	23e47745372f6b46615079e1b99d6214d359b639afe292d1ec902f597f70bf6f
semantic/W8_Q32/ALGSTRUCT/bpf.desc	59	9f33660f2bea556c9e4a5de78d3272bacbca2f5123c08ab77f0f420321fd8bc2
semantic/W8_Q32/ALGSTRUCT/d_acc.desc	113	41fb59bdc02bf2e89f03237c39f065a4232d89df6f2169b00e96d115974de0ff
semantic/W8_Q32/ALGSTRUCT/d_acc.meta	26	ba78e00dfaa69aaa1e566403b63baff89e1b3780c8e25d0006181826f7e4f235
semantic/W8_Q32/ALGSTRUCT/d_out.desc	45	644b6adb1bb696f17638995afeb4e3691733ba5b32a765688b9dde663956045b
semantic/W8_Q32/ALGSTRUCT/d_out.meta	26	803a9b96dcda9f5e16b9439234f71f717265a45d3e45b9727bc01054aaae4157
semantic/W8_Q32/ALGSTRUCT/df.desc	56	b1e8813616fa26d611a00c26de8cfa834a7b9a407dbba520b957e0d151fd572c
semantic/W8_Q32/ALGSTRUCT/ecg.desc	55	925d58f601ce1bedaba626349ec166b1bfcb819046e020189fcfbcf866e18220
semantic/W8_Q32/ALGSTRUCT/mlii.desc	45	f9bfa697e4a5f0d3ff909e496ab91fd0faa256988e77e890dc4eacc87932b2bb
semantic/W8_Q32/ALGSTRUCT/mlii.meta	26	69029fcb062889a74e57b53a02ce67faaf443a83b9a66be12fc15757e0e15ee5
semantic/W8_Q32/ALGSTRUCT/mlii_win.desc	443	903822f3144dacfa5ad62cd5c610c5491f51a3d0a13713f6f62c7af0b97acac3
semantic/W8_Q32/ALGSTRUCT/mlii_win.meta	29	584ab0c585ced2c7a74d7ac18d4bd1b77ce3a889b65d679a082a943858f5d5e0
semantic/W8_Q32/ALGSTRUCT/mon_000	1680	7a3c0be45fbb5a60bf696367b65a86c085f714efcf9949d569e2c1b39ccf410f
semantic/W8_Q32/ALGSTRUCT/mon_000.desc	18	2a0216848c9805794ff9ea65e9b904750549edd949bc60c329f9c6a45f923f69
semantic/W8_Q32/ALGSTRUCT/mon_000.meta	26	595da45fe47ffe2384af7b7823c5b71be0da42451e63176045f86b1235feb23f
semantic/W8_Q32/ALGSTRUCT/mon_000.shadow	0	e3b0c44298fc1c149afbf4c8996fb92427ae41e4649b934ca495991b7852b855
semantic/W8_Q32/ALGSTRUCT/mon_001	1680	7a3c0be45fbb5a60bf696367b65a86c085f714efcf9949d569e2c1b39ccf410f
semantic/W8_Q32/ALGSTRUCT/mon_001.desc	18	2a0216848c9805794ff9ea65e9b904750549edd949bc60c329f9c6a45f923f69
semantic/W8_Q32/ALGSTRUCT/mon_001.meta	26	f59e03f020e44459d8436e0b6f11432d8ffd69cbbd94e59bc6350cdbc44843f8
semantic/W8_Q32/ALGSTRUCT/mon_001.shadow	0	e3b0c44298fc1c149afbf4c8996fb92427ae41e4649b934ca495991b7852b855
semantic/W8_Q32/ALGSTRUCT/mon_002	1680	7a3c0be45fbb5a60bf696367b65a86c085f714efcf9949d569e2c1b39ccf410f
semantic/W8_Q32/ALGSTRUCT/mon_002.desc	18	2a0216848c9805794ff9ea65e9b904750549edd949bc60c329f9c6a45f923f69
semantic/W8_Q32/ALGSTRUCT/mon_002.meta	26	b7ec2f544dffafcb68ba525136fe779c2ef36c3c590eef1ddbc03ddbbb673ea7
semantic/W8_Q32/ALGSTRUCT/mon_002.shadow	0	e3b0c44298fc1c149afbf4c8996fb92427ae41e4649b934ca495991b7852b855
semantic/W8_Q32/ALGSTRUCT/mon_003	1680	7a3c0be45fbb5a60bf696367b65a86c085f714efcf9949d569e2c1b39ccf410f
semantic/W8_Q32/ALGSTRUCT/mon_003.desc	18	2a0216848c9805794ff9ea65e9b904750549edd949bc60c329f9c6a45f923f69
semantic/W8_Q32/ALGSTRUCT/mon_003.meta	26	a5bf75aa620dd0906ba37c6b74c81ba615bdc716fda5c5175916255ed84cea81
semantic/W8_Q32/ALGSTRUCT/mon_003.shadow	0	e3b0c44298fc1c149afbf4c8996fb92427ae41e4649b934ca495991b7852b855
semantic/W8_Q32/ALGSTRUCT/mon_004	1680	7a3c0be45fbb5a60bf696367b65a86c085f714efcf9949d569e2c1b39ccf410f
semantic/W8_Q32/ALGSTRUCT/mon_004.desc	18	2a0216848c9805794ff9ea65e9b904750549edd949bc60c329f9c6a45f923f69
semantic/W8_Q32/ALGSTRUCT/mon_004.meta	26	266b57ffb99db3eb82707abb5d02d7573ff46f85d6ca7d9848aef361025fd228
semantic/W8_Q32/ALGSTRUCT/mon_004.shadow	0	e3b0c44298fc1c149afbf4c8996fb92427ae41e4649b934ca495991b7852b855
semantic/W8_Q32/ALGSTRUCT/mon_005	1680	7a3c0be45fbb5a60bf696367b65a86c085f714efcf9949d569e2c1b39ccf410f
semantic/W8_Q32/ALGSTRUCT/mon_005.desc	18	2a0216848c9805794ff9ea65e9b904750549edd949bc60c329f9c6a45f923f69
semantic/W8_Q32/ALGSTRUCT/mon_005.meta	26	be8e3a2b35659aa0e3b158534bebfa08bd8e4deb2c2be4511833880b2bbf1c4f
semantic/W8_Q32/ALGSTRUCT/mon_005.shadow	0	e3b0c44298fc1c149afbf4c8996fb92427ae41e4649b934ca495991b7852b855
semantic/W8_Q32/ALGSTRUCT/mon_006	1680	7a3c0be45fbb5a60bf696367b65a86c085f714efcf9949d569e2c1b39ccf410f
semantic/W8_Q32/ALGSTRUCT/mon_006.desc	18	2a0216848c9805794ff9ea65e9b904750549edd949bc60c329f9c6a45f923f69
semantic/W8_Q32/ALGSTRUCT/mon_006.meta	26	eaeeaa405d1a7a1a4ec8695bb705ac3e148757b3f62ccc510899b205a04b4f25
semantic/W8_Q32/ALGSTRUCT/mon_006.shadow	0	e3b0c44298fc1c149afbf4c8996fb92427ae41e4649b934ca495991b7852b855
semantic/W8_Q32/ALGSTRUCT/mon_007	1680	7a3c0be45fbb5a60bf696367b65a86c085f714efcf9949d569e2c1b39ccf410f
semantic/W8_Q32/ALGSTRUCT/mon_007.desc	18	2a0216848c9805794ff9ea65e9b904750549edd949bc60c329f9c6a45f923f69
semantic/W8_Q32/ALGSTRUCT/mon_007.meta	26	446668b1d4ee5d7d4f89f7182d0970923fad1cbf0a1bfe13a74551f82c8dbbdd
semantic/W8_Q32/ALGSTRUCT/mon_007.shadow	0	e3b0c44298fc1c149afbf4c8996fb92427ae41e4649b934ca495991b7852b855
semantic/W8_Q32/ALGSTRUCT/mon_008	1680	7a3c0be45fbb5a60bf696367b65a86c085f714efcf9949d569e2c1b39ccf410f
semantic/W8_Q32/ALGSTRUCT/mon_008.desc	18	2a0216848c9805794ff9ea65e9b904750549edd949bc60c329f9c6a45f923f69
semantic/W8_Q32/ALGSTRUCT/mon_008.meta	26	cd2d40ef86812dc2de170a94029b272a832b08c813ceebf13b44fbe606fc8210
semantic/W8_Q32/ALGSTRUCT/mon_008.shadow	0	e3b0c44298fc1c149afbf4c8996fb92427ae41e4649b934ca495991b7852b855
semantic/W8_Q32/ALGSTRUCT/mon_009	1680	7a3c0be45fbb5a60bf696367b65a86c085f714efcf9949d569e2c1b39ccf410f
semantic/W8_Q32/ALGSTRUCT/mon_009.desc	18	2a0216848c9805794ff9ea65e9b904750549edd949bc60c329f9c6a45f923f69
semantic/W8_Q32/ALGSTRUCT/mon_009.meta	26	35de5a7ff19f22c6e3afd7b90b5c25c75a50f11f5e96263b31d9f1ba9d0507aa
semantic/W8_Q32/ALGSTRUCT/mon_009.shadow	0	e3b0c44298fc1c149afbf4c8996fb92427ae41e4649b934ca495991b7852b855
semantic/W8_Q32/ALGSTRUCT/mon_010	1680	7a3c0be45fbb5a60bf696367b65a86c085f714efcf9949d569e2c1b39ccf410f
semantic/W8_Q32/ALGSTRUCT/mon_010.desc	18	2a0216848c9805794ff9ea65e9b904750549edd949bc60c329f9c6a45f923f69
semantic/W8_Q32/ALGSTRUCT/mon_010.meta	26	acc7488c68d69cea0aff21e67254e44612c0d2b649e7e5488c2bb294f6b3b6be
semantic/W8_Q32/ALGSTRUCT/mon_010.shadow	0	e3b0c44298fc1c149afbf4c8996fb92427ae41e4649b934ca495991b7852b855
semantic/W8_Q32/ALGSTRUCT/mon_011	1680	7a3c0be45fbb5a60bf696367b65a86c085f714efcf9949d569e2c1b39ccf410f
semantic/W8_Q32/ALGSTRUCT/mon_011.desc	18	2a0216848c9805794ff9ea65e9b904750549edd949bc60c329f9c6a45f923f69
semantic/W8_Q32/ALGSTRUCT/mon_011.meta	26	58b4ca4e2ca532f2ab1f8fee0e07526a37632db6f7734ff18a36ba2c65b564d0
semantic/W8_Q32/ALGSTRUCT/mon_011.shadow	0	e3b0c44298fc1c149afbf4c8996fb92427ae41e4649b934ca495991b7852b855
semantic/W8_Q32/ALGSTRUCT/mon_012	1680	7a3c0be45fbb5a60bf696367b65a86c085f714efcf9949d569e2c1b39ccf410f
semantic/W8_Q32/ALGSTRUCT/mon_012.desc	18	2a0216848c9805794ff9ea65e9b904750549edd949bc60c329f9c6a45f923f69
semantic/W8_Q32/ALGSTRUCT/mon_012.meta	26	1606e56acb8d16a53c863446985b10c83747d0392e50a95ce480dcb5e2393679
semantic/W8_Q32/ALGSTRUCT/mon_012.shadow	0	e3b0c44298fc1c149afbf4c8996fb92427ae41e4649b934ca495991b7852b855
semantic/W8_Q32/ALGSTRUCT/mon_013	1680	7a3c0be45fbb5a60bf696367b65a86c085f714efcf9949d569e2c1b39ccf410f
semantic/W8_Q32/ALGSTRUCT/mon_013.desc	18	2a0216848c9805794ff9ea65e9b904750549edd949bc60c329f9c6a45f923f69
semantic/W8_Q32/ALGSTRUCT/mon_013.meta	26	b68ff7bac0634c9583d5e586160a89a56e01bc2e6073df64a8db0d2afa81a059
semantic/W8_Q32/ALGSTRUCT/mon_013.shadow	0	e3b0c44298fc1c149afbf4c8996fb92427ae41e4649b934ca495991b7852b855
semantic/W8_Q32/ALGSTRUCT/mon_014	1680	7a3c0be45fbb5a60bf696367b65a86c085f714efcf9949d569e2c1b39ccf410f
semantic/W8_Q32/ALGSTRUCT/mon_014.desc	18	2a0216848c9805794ff9ea65e9b904750549edd949bc60c329f9c6a45f923f69
semantic/W8_Q32/ALGSTRUCT/mon_014.meta	26	63d9597e62fbcaf48f758f8069133d51b649edfdceb1c46d478ef622aaf4cb53
semantic/W8_Q32/ALGSTRUCT/mon_014.shadow	0	e3b0c44298fc1c149afbf4c8996fb92427ae41e4649b934ca495991b7852b855
semantic/W8_Q32/ALGSTRUCT/mon_015	1680	7a3c0be45fbb5a60bf696367b65a86c085f714efcf9949d569e2c1b39ccf410f
semantic/W8_Q32/ALGSTRUCT/mon_015.desc	18	2a0216848c9805794ff9ea65e9b904750549edd949bc60c329f9c6a45f923f69
semantic/W8_Q32/ALGSTRUCT/mon_015.meta	26	92ff4822f90e4e9d6686f9e7af7b0a05b9f46b0eace49670c588cd582ac190a6
semantic/W8_Q32/ALGSTRUCT/mon_015.shadow	0	e3b0c44298fc1c149afbf4c8996fb92427ae41e4649b934ca495991b7852b855
semantic/W8_Q32/ALGSTRUCT/mon_016	1680	7a3c0be45fbb5a60bf696367b65a86c085f714efcf9949d569e2c1b39ccf410f
semantic/W8_Q32/ALGSTRUCT/mon_016.desc	18	2a0216848c9805794ff9ea65e9b904750549edd949bc60c329f9c6a45f923f69
semantic/W8_Q32/ALGSTRUCT/mon_016.meta	26	1b9f967fd6857ec077783328aaa0607daf9335ad09e351664888080f697b8927
semantic/W8_Q32/ALGSTRUCT/mon_016.shadow	0	e3b0c44298fc1c149afbf4c8996fb92427ae41e4649b934ca495991b7852b855
semantic/W8_Q32/ALGSTRUCT/mon_017	1680	7a3c0be45fbb5a60bf696367b65a86c085f714efcf9949d569e2c1b39ccf410f
semantic/W8_Q32/ALGSTRUCT/mon_017.desc	18	2a0216848c9805794ff9ea65e9b904750549edd949bc60c329f9c6a45f923f69
semantic/W8_Q32/ALGSTRUCT/mon_017.meta	26	9f70174a78dc5f4546434070f49b29ab05c4bb27c915516ccef6649832354f0e
semantic/W8_Q32/ALGSTRUCT/mon_017.shadow	0	e3b0c44298fc1c149afbf4c8996fb92427ae41e4649b934ca495991b7852b855
semantic/W8_Q32/ALGSTRUCT/mon_018	1680	7a3c0be45fbb5a60bf696367b65a86c085f714efcf9949d569e2c1b39ccf410f
semantic/W8_Q32/ALGSTRUCT/mon_018.desc	18	2a0216848c9805794ff9ea65e9b904750549edd949bc60c329f9c6a45f923f69
semantic/W8_Q32/ALGSTRUCT/mon_018.meta	26	8729f108938f9e1d5695f67444e6861002fde00ecd1ee997c3a86b93860da4d0
semantic/W8_Q32/ALGSTRUCT/mon_018.shadow	0	e3b0c44298fc1c149afbf4c8996fb92427ae41e4649b934ca495991b7852b855
semantic/W8_Q32/ALGSTRUCT/mon_019	1680	7a3c0be45fbb5a60bf696367b65a86c085f714efcf9949d569e2c1b39ccf410f
semantic/W8_Q32/ALGSTRUCT/mon_019.desc	18	2a0216848c9805794ff9ea65e9b904750549edd949bc60c329f9c6a45f923f69
semantic/W8_Q32/ALGSTRUCT/mon_019.meta	26	033ff82fa1e8a13937a8cb8ddab91ca393ccba8ce69ed37ace690ab9171dee55
semantic/W8_Q32/ALGSTRUCT/mon_019.shadow	0	e3b0c44298fc1c149afbf4c8996fb92427ae41e4649b934ca495991b7852b855
semantic/W8_Q32/ALGSTRUCT/mon_020	1680	7a3c0be45fbb5a60bf696367b65a86c085f714efcf9949d569e2c1b39ccf410f
semantic/W8_Q32/ALGSTRUCT/mon_020.desc	18	2a0216848c9805794ff9ea65e9b904750549edd949bc60c329f9c6a45f923f69
semantic/W8_Q32/ALGSTRUCT/mon_020.meta	26	927e35e9f65c3e7ae50e76bed63d16fffd58184b25aebebac6fe9608d0967613
semantic/W8_Q32/ALGSTRUCT/mon_020.shadow	0	e3b0c44298fc1c149afbf4c8996fb92427ae41e4649b934ca495991b7852b855
semantic/W8_Q32/ALGSTRUCT/mon_021	1680	7a3c0be45fbb5a60bf696367b65a86c085f714efcf9949d569e2c1b39ccf410f
semantic/W8_Q32/ALGSTRUCT/mon_021.desc	18	2a0216848c9805794ff9ea65e9b904750549edd949bc60c329f9c6a45f923f69
semantic/W8_Q32/ALGSTRUCT/mon_021.meta	26	65ef82e76c7658602deb7cf44344059a8ebf04426f35c97896e2d68644ccca2f
semantic/W8_Q32/ALGSTRUCT/mon_021.shadow	0	e3b0c44298fc1c149afbf4c8996fb92427ae41e4649b934ca495991b7852b855
semantic/W8_Q32/ALGSTRUCT/mon_022	1680	7a3c0be45fbb5a60bf696367b65a86c085f714efcf9949d569e2c1b39ccf410f
semantic/W8_Q32/ALGSTRUCT/mon_022.desc	18	2a0216848c9805794ff9ea65e9b904750549edd949bc60c329f9c6a45f923f69
semantic/W8_Q32/ALGSTRUCT/mon_022.meta	26	5e77b077eda332a0ae3cfaebf7ae1944f501f7c4b87d40dccc52b3c35e5e5397
semantic/W8_Q32/ALGSTRUCT/mon_022.shadow	0	e3b0c44298fc1c149afbf4c8996fb92427ae41e4649b934ca495991b7852b855
semantic/W8_Q32/ALGSTRUCT/mon_023	1680	7a3c0be45fbb5a60bf696367b65a86c085f714efcf9949d569e2c1b39ccf410f
semantic/W8_Q32/ALGSTRUCT/mon_023.desc	18	2a0216848c9805794ff9ea65e9b904750549edd949bc60c329f9c6a45f923f69
semantic/W8_Q32/ALGSTRUCT/mon_023.meta	26	2005324ffee6b29022c1a68da19312d8d49bf44c7547ecc4a4f8844aa2741c67
semantic/W8_Q32/ALGSTRUCT/mon_023.shadow	0	e3b0c44298fc1c149afbf4c8996fb92427ae41e4649b934ca495991b7852b855
semantic/W8_Q32/ALGSTRUCT/mon_024	1680	7a3c0be45fbb5a60bf696367b65a86c085f714efcf9949d569e2c1b39ccf410f
semantic/W8_Q32/ALGSTRUCT/mon_024.desc	18	2a0216848c9805794ff9ea65e9b904750549edd949bc60c329f9c6a45f923f69
semantic/W8_Q32/ALGSTRUCT/mon_024.meta	26	fb1586d29ad2dd40d2f8cb01ad32165e7ed1e7d6ed19b27947b0374235626bcd
semantic/W8_Q32/ALGSTRUCT/mon_024.shadow	0	e3b0c44298fc1c149afbf4c8996fb92427ae41e4649b934ca495991b7852b855
semantic/W8_Q32/ALGSTRUCT/mon_025	1680	7a3c0be45fbb5a60bf696367b65a86c085f714efcf9949d569e2c1b39ccf410f
semantic/W8_Q32/ALGSTRUCT/mon_025.desc	18	2a0216848c9805794ff9ea65e9b904750549edd949bc60c329f9c6a45f923f69
semantic/W8_Q32/ALGSTRUCT/mon_025.meta	26	ff3377d8217a9e2e00b8941ac9ac685ae7daa9aef617d09ac3730a43f4d9024a
semantic/W8_Q32/ALGSTRUCT/mon_025.shadow	0	e3b0c44298fc1c149afbf4c8996fb92427ae41e4649b934ca495991b7852b855
semantic/W8_Q32/ALGSTRUCT/mon_026	1680	7a3c0be45fbb5a60bf696367b65a86c085f714efcf9949d569e2c1b39ccf410f
semantic/W8_Q32/ALGSTRUCT/mon_026.desc	18	2a0216848c9805794ff9ea65e9b904750549edd949bc60c329f9c6a45f923f69
semantic/W8_Q32/ALGSTRUCT/mon_026.meta	26	5946aa266088623492295dc3aeb30aae05823777a09cc2838238ae5a6506125b
semantic/W8_Q32/ALGSTRUCT/mon_026.shadow	0	e3b0c44298fc1c149afbf4c8996fb92427ae41e4649b934ca495991b7852b855
semantic/W8_Q32/ALGSTRUCT/mon_027	1680	7a3c0be45fbb5a60bf696367b65a86c085f714efcf9949d569e2c1b39ccf410f
semantic/W8_Q32/ALGSTRUCT/mon_027.desc	18	2a0216848c9805794ff9ea65e9b904750549edd949bc60c329f9c6a45f923f69
semantic/W8_Q32/ALGSTRUCT/mon_027.meta	26	a7031ef190252dfe46a5b06978fbd029d840b5cfb84f76313804d980827d72d0
semantic/W8_Q32/ALGSTRUCT/mon_027.shadow	0	e3b0c44298fc1c149afbf4c8996fb92427ae41e4649b934ca495991b7852b855
semantic/W8_Q32/ALGSTRUCT/mon_028	1680	7a3c0be45fbb5a60bf696367b65a86c085f714efcf9949d569e2c1b39ccf410f
semantic/W8_Q32/ALGSTRUCT/mon_028.desc	18	2a0216848c9805794ff9ea65e9b904750549edd949bc60c329f9c6a45f923f69
semantic/W8_Q32/ALGSTRUCT/mon_028.meta	26	5991069a8c8ceedfc01a07a6d695cdc2c106a59056d4bc9a735c4415f98e8ef5
semantic/W8_Q32/ALGSTRUCT/mon_028.shadow	0	e3b0c44298fc1c149afbf4c8996fb92427ae41e4649b934ca495991b7852b855
semantic/W8_Q32/ALGSTRUCT/mon_029	1680	7a3c0be45fbb5a60bf696367b65a86c085f714efcf9949d569e2c1b39ccf410f
semantic/W8_Q32/ALGSTRUCT/mon_029.desc	18	2a0216848c9805794ff9ea65e9b904750549edd949bc60c329f9c6a45f923f69
semantic/W8_Q32/ALGSTRUCT/mon_029.meta	26	ef98fb0209d41bbb8e171a20ee80e4ec2278eec59aca25c7e24156fa90738313
semantic/W8_Q32/ALGSTRUCT/mon_029.shadow	0	e3b0c44298fc1c149afbf4c8996fb92427ae41e4649b934ca495991b7852b855
semantic/W8_Q32/ALGSTRUCT/mon_030	1680	7a3c0be45fbb5a60bf696367b65a86c085f714efcf9949d569e2c1b39ccf410f
semantic/W8_Q32/ALGSTRUCT/mon_030.desc	18	2a0216848c9805794ff9ea65e9b904750549edd949bc60c329f9c6a45f923f69
semantic/W8_Q32/ALGSTRUCT/mon_030.meta	26	3bcf029346dff69e492847648d0359ae75ee23a8d8e2ee8bdb3dcae82cd72552
semantic/W8_Q32/ALGSTRUCT/mon_030.shadow	0	e3b0c44298fc1c149afbf4c8996fb92427ae41e4649b934ca495991b7852b855
semantic/W8_Q32/ALGSTRUCT/mon_031	1680	7a3c0be45fbb5a60bf696367b65a86c085f714efcf9949d569e2c1b39ccf410f
semantic/W8_Q32/ALGSTRUCT/mon_031.desc	18	2a0216848c9805794ff9ea65e9b904750549edd949bc60c329f9c6a45f923f69
semantic/W8_Q32/ALGSTRUCT/mon_031.meta	26	4771d6551781741c47e5c8cc7fe6d51d38b56b44897573c06482b8c68a833ac0
semantic/W8_Q32/ALGSTRUCT/mon_031.shadow	0	e3b0c44298fc1c149afbf4c8996fb92427ae41e4649b934ca495991b7852b855
semantic/W8_Q32/ALGSTRUCT/mwi.desc	43	32c20c37916e6dd6b2b7c09bacd090abae3881cf69c0d079757fdcc5a35ab50c
semantic/W8_Q32/ALGSTRUCT/mwi.meta	26	8c24ac7e14770e1265021db124624d52a04948b3d46d81358c3736cbe319efc7
semantic/W8_Q32/ALGSTRUCT/mwi_win.desc	588	538152db61c129ebb4d08222a10e0407898638651d7ef4a5b3bb339c073d905b
semantic/W8_Q32/ALGSTRUCT/mwi_win.meta	29	741cfb3804da3ee279148d2f6b906a62fe9042944e27bd62059413316a1c1092
semantic/W8_Q32/ALGSTRUCT/sq_out.desc	47	919f820caba144bc57de2527871dd298404f77dce2b6e1f30da6fc84cea69c1d
semantic/W8_Q32/ALGSTRUCT/sq_out.meta	26	a8c730d73bfb254640a0c1b718120ce66ce646d11193914903e95460ca2eaa0e
semantic/W8_Q32/STRUCT/STREAM_TIMEMOVE_mlii.desc	45	f9bfa697e4a5f0d3ff909e496ab91fd0faa256988e77e890dc4eacc87932b2bb
semantic/W8_Q32/STRUCT/STREAM_TIMEMOVE_mlii.meta	26	ba98f1558d3026c34b98d7e10669ce57fd1b812fce254fcc23171233eb34ed11
semantic/W8_Q32/STRUCT/STREAM_TIMEMOVE_mwi.desc	43	32c20c37916e6dd6b2b7c09bacd090abae3881cf69c0d079757fdcc5a35ab50c
semantic/W8_Q32/STRUCT/STREAM_TIMEMOVE_mwi.meta	26	6f9173af122c15456f768e22d9a147b33297a578d1106c21d24caf50d8dacf1a
semantic/W8_Q32/STRUCT/bp_acc.desc	493	53ef8fa01e980b4d4518d569b8a7c3c1cd56b9bc050bd451980c2751370f8f5a
semantic/W8_Q32/STRUCT/bp_acc.meta	29	83c19f96e83fc5bb3f27b32da020425ff24e54513baba34c4c093ce40eb11545
semantic/W8_Q32/STRUCT/bp_out.desc	46	55ca32d227c54caf7b3de74724552e720db7f0e967d644f4493760642e5dea5a
semantic/W8_Q32/STRUCT/bp_out.meta	26	1c171ab4de3e0a1fa5d4ad36bbdc5719792e6e1a2163955e3636cc0e83e220ef
semantic/W8_Q32/STRUCT/bp_win.desc	118	f99af921565c807f44afdb2ff8e14360ff677ac5d1ef69622493aaecea85bf3b
semantic/W8_Q32/STRUCT/bp_win.meta	26	bbf97dd9ab17f87df907166f5c1c0e6df97403cae1fb7b54402c48224393ead6
semantic/W8_Q32/STRUCT/bpf.desc	59	9f33660f2bea556c9e4a5de78d3272bacbca2f5123c08ab77f0f420321fd8bc2
semantic/W8_Q32/STRUCT/d_acc.desc	113	41fb59bdc02bf2e89f03237c39f065a4232d89df6f2169b00e96d115974de0ff
semantic/W8_Q32/STRUCT/d_acc.meta	26	bcba674d1bae73629168352feaf8482daabd88a2cd3a18887a15b4a5bf1dd239
semantic/W8_Q32/STRUCT/d_out.desc	45	644b6adb1bb696f17638995afeb4e3691733ba5b32a765688b9dde663956045b
semantic/W8_Q32/STRUCT/d_out.meta	26	39df32848489f3f1714602727a4a58ecb41772040208a0d92f641b01009ef94b
semantic/W8_Q32/STRUCT/df.desc	56	b1e8813616fa26d611a00c26de8cfa834a7b9a407dbba520b957e0d151fd572c
semantic/W8_Q32/STRUCT/ecg.desc	55	925d58f601ce1bedaba626349ec166b1bfcb819046e020189fcfbcf866e18220
semantic/W8_Q32/STRUCT/mlii.desc	45	198a7e6fd28fb59bb8469633d1d60d2ea84ae2ecd751c124369b35c151b85e38
semantic/W8_Q32/STRUCT/mlii.meta	26	62c2d3b2252feca286e072d36b4aca3f60086b1bf8e0871a281eac3f402c951e
semantic/W8_Q32/STRUCT/mlii_win.desc	443	903822f3144dacfa5ad62cd5c610c5491f51a3d0a13713f6f62c7af0b97acac3
semantic/W8_Q32/STRUCT/mlii_win.meta	29	6b29c82c0a2df84b1c04b3362fb639ce4682eff65aec6181f9e71c7e5adafe2d
semantic/W8_Q32/STRUCT/mon_000	1680	7a3c0be45fbb5a60bf696367b65a86c085f714efcf9949d569e2c1b39ccf410f
semantic/W8_Q32/STRUCT/mon_000.desc	18	2a0216848c9805794ff9ea65e9b904750549edd949bc60c329f9c6a45f923f69
semantic/W8_Q32/STRUCT/mon_000.meta	26	0b21f74324bd4f638396ba084fd5a1ca77b8cb83fe59c7a8991126c48d264a8c
semantic/W8_Q32/STRUCT/mon_000.shadow	0	e3b0c44298fc1c149afbf4c8996fb92427ae41e4649b934ca495991b7852b855
semantic/W8_Q32/STRUCT/mon_001	1680	7a3c0be45fbb5a60bf696367b65a86c085f714efcf9949d569e2c1b39ccf410f
semantic/W8_Q32/STRUCT/mon_001.desc	18	2a0216848c9805794ff9ea65e9b904750549edd949bc60c329f9c6a45f923f69
semantic/W8_Q32/STRUCT/mon_001.meta	26	c7fac8a11be077face1e80fa1d1f060a8c44583e35d1256d3bb3e2d2ffa9a3a7
semantic/W8_Q32/STRUCT/mon_001.shadow	0	e3b0c44298fc1c149afbf4c8996fb92427ae41e4649b934ca495991b7852b855
semantic/W8_Q32/STRUCT/mon_002	1680	7a3c0be45fbb5a60bf696367b65a86c085f714efcf9949d569e2c1b39ccf410f
semantic/W8_Q32/STRUCT/mon_002.desc	18	2a0216848c9805794ff9ea65e9b904750549edd949bc60c329f9c6a45f923f69
semantic/W8_Q32/STRUCT/mon_002.meta	26	1a5a38ee77c807b859529968049ee43c7f6f4c68cbe744b52424f814a052c3f9
semantic/W8_Q32/STRUCT/mon_002.shadow	0	e3b0c44298fc1c149afbf4c8996fb92427ae41e4649b934ca495991b7852b855
semantic/W8_Q32/STRUCT/mon_003	1680	7a3c0be45fbb5a60bf696367b65a86c085f714efcf9949d569e2c1b39ccf410f
semantic/W8_Q32/STRUCT/mon_003.desc	18	2a0216848c9805794ff9ea65e9b904750549edd949bc60c329f9c6a45f923f69
semantic/W8_Q32/STRUCT/mon_003.meta	26	aa862301c46038fefee18ac8c927640ebae53abf740e2ef79c31d5bb2826f055
semantic/W8_Q32/STRUCT/mon_003.shadow	0	e3b0c44298fc1c149afbf4c8996fb92427ae41e4649b934ca495991b7852b855
semantic/W8_Q32/STRUCT/mon_004	1680	7a3c0be45fbb5a60bf696367b65a86c085f714efcf9949d569e2c1b39ccf410f
semantic/W8_Q32/STRUCT/mon_004.desc	18	2a0216848c9805794ff9ea65e9b904750549edd949bc60c329f9c6a45f923f69
semantic/W8_Q32/STRUCT/mon_004.meta	26	9112b864221fb9bcd6018ebe3f46669c6bc8f5f6586425fc3505c169bb196812
semantic/W8_Q32/STRUCT/mon_004.shadow	0	e3b0c44298fc1c149afbf4c8996fb92427ae41e4649b934ca495991b7852b855
semantic/W8_Q32/STRUCT/mon_005	1680	7a3c0be45fbb5a60bf696367b65a86c085f714efcf9949d569e2c1b39ccf410f
semantic/W8_Q32/STRUCT/mon_005.desc	18	2a0216848c9805794ff9ea65e9b904750549edd949bc60c329f9c6a45f923f69
semantic/W8_Q32/STRUCT/mon_005.meta	26	2b6f99c6457202c9bb3c2876475295d2f57cb486feb1ca14f66ff146706a90c3
semantic/W8_Q32/STRUCT/mon_005.shadow	0	e3b0c44298fc1c149afbf4c8996fb92427ae41e4649b934ca495991b7852b855
semantic/W8_Q32/STRUCT/mon_006	1680	7a3c0be45fbb5a60bf696367b65a86c085f714efcf9949d569e2c1b39ccf410f
semantic/W8_Q32/STRUCT/mon_006.desc	18	2a0216848c9805794ff9ea65e9b904750549edd949bc60c329f9c6a45f923f69
semantic/W8_Q32/STRUCT/mon_006.meta	26	51cd03aace6278b2f94bec60ffdcf15ad9dd8a72c3121776cfab3640a0b3eb2d
semantic/W8_Q32/STRUCT/mon_006.shadow	0	e3b0c44298fc1c149afbf4c8996fb92427ae41e4649b934ca495991b7852b855
semantic/W8_Q32/STRUCT/mon_007	1680	7a3c0be45fbb5a60bf696367b65a86c085f714efcf9949d569e2c1b39ccf410f
semantic/W8_Q32/STRUCT/mon_007.desc	18	2a0216848c9805794ff9ea65e9b904750549edd949bc60c329f9c6a45f923f69
semantic/W8_Q32/STRUCT/mon_007.meta	26	2cbdd92def83741fabce930ea54d222e5a92586ec77b96f1a95ca946ac780319
semantic/W8_Q32/STRUCT/mon_007.shadow	0	e3b0c44298fc1c149afbf4c8996fb92427ae41e4649b934ca495991b7852b855
semantic/W8_Q32/STRUCT/mon_008	1680	7a3c0be45fbb5a60bf696367b65a86c085f714efcf9949d569e2c1b39ccf410f
semantic/W8_Q32/STRUCT/mon_008.desc	18	2a0216848c9805794ff9ea65e9b904750549edd949bc60c329f9c6a45f923f69
semantic/W8_Q32/STRUCT/mon_008.meta	26	c4cd410026437562d5bcd8ce6a602d80d0be278d47c7a4aaaf86f22c7a588dc5
semantic/W8_Q32/STRUCT/mon_008.shadow	0	e3b0c44298fc1c149afbf4c8996fb92427ae41e4649b934ca495991b7852b855
semantic/W8_Q32/STRUCT/mon_009	1680	7a3c0be45fbb5a60bf696367b65a86c085f714efcf9949d569e2c1b39ccf410f
semantic/W8_Q32/STRUCT/mon_009.desc	18	2a0216848c9805794ff9ea65e9b904750549edd949bc60c329f9c6a45f923f69
semantic/W8_Q32/STRUCT/mon_009.meta	26	ef2207e6e37ab564ba2bda7a59bc723000765ce5274ed82fa81a61f46bedced6
semantic/W8_Q32/STRUCT/mon_009.shadow	0	e3b0c44298fc1c149afbf4c8996fb92427ae41e4649b934ca495991b7852b855
semantic/W8_Q32/STRUCT/mon_010	1680	7a3c0be45fbb5a60bf696367b65a86c085f714efcf9949d569e2c1b39ccf410f
semantic/W8_Q32/STRUCT/mon_010.desc	18	2a0216848c9805794ff9ea65e9b904750549edd949bc60c329f9c6a45f923f69
semantic/W8_Q32/STRUCT/mon_010.meta	26	5473e0d6e95134c2a95d1bf96725532fa469423c63d313c083f092d9a19c5df2
semantic/W8_Q32/STRUCT/mon_010.shadow	0	e3b0c44298fc1c149afbf4c8996fb92427ae41e4649b934ca495991b7852b855
semantic/W8_Q32/STRUCT/mon_011	1680	7a3c0be45fbb5a60bf696367b65a86c085f714efcf9949d569e2c1b39ccf410f
semantic/W8_Q32/STRUCT/mon_011.desc	18	2a0216848c9805794ff9ea65e9b904750549edd949bc60c329f9c6a45f923f69
semantic/W8_Q32/STRUCT/mon_011.meta	26	d853901bf14203a50d118f412ed0c358541a667684787dd2b0733128bbdbaea5
semantic/W8_Q32/STRUCT/mon_011.shadow	0	e3b0c44298fc1c149afbf4c8996fb92427ae41e4649b934ca495991b7852b855
semantic/W8_Q32/STRUCT/mon_012	1680	7a3c0be45fbb5a60bf696367b65a86c085f714efcf9949d569e2c1b39ccf410f
semantic/W8_Q32/STRUCT/mon_012.desc	18	2a0216848c9805794ff9ea65e9b904750549edd949bc60c329f9c6a45f923f69
semantic/W8_Q32/STRUCT/mon_012.meta	26	1f8db0873ae9fc06a371d9c0ea20e2d386328ad4cd274e03b64c627b56569b49
semantic/W8_Q32/STRUCT/mon_012.shadow	0	e3b0c44298fc1c149afbf4c8996fb92427ae41e4649b934ca495991b7852b855
semantic/W8_Q32/STRUCT/mon_013	1680	7a3c0be45fbb5a60bf696367b65a86c085f714efcf9949d569e2c1b39ccf410f
semantic/W8_Q32/STRUCT/mon_013.desc	18	2a0216848c9805794ff9ea65e9b904750549edd949bc60c329f9c6a45f923f69
semantic/W8_Q32/STRUCT/mon_013.meta	26	75a52ec1a470a01d79768fd2bc8eef899c500048a7bca484df3b6f96e1ae7de0
semantic/W8_Q32/STRUCT/mon_013.shadow	0	e3b0c44298fc1c149afbf4c8996fb92427ae41e4649b934ca495991b7852b855
semantic/W8_Q32/STRUCT/mon_014	1680	7a3c0be45fbb5a60bf696367b65a86c085f714efcf9949d569e2c1b39ccf410f
semantic/W8_Q32/STRUCT/mon_014.desc	18	2a0216848c9805794ff9ea65e9b904750549edd949bc60c329f9c6a45f923f69
semantic/W8_Q32/STRUCT/mon_014.meta	26	47dfcd8303886b31203ccae2e639b3418e854cb6c1d4b0b80588b80217764ab6
semantic/W8_Q32/STRUCT/mon_014.shadow	0	e3b0c44298fc1c149afbf4c8996fb92427ae41e4649b934ca495991b7852b855
semantic/W8_Q32/STRUCT/mon_015	1680	7a3c0be45fbb5a60bf696367b65a86c085f714efcf9949d569e2c1b39ccf410f
semantic/W8_Q32/STRUCT/mon_015.desc	18	2a0216848c9805794ff9ea65e9b904750549edd949bc60c329f9c6a45f923f69
semantic/W8_Q32/STRUCT/mon_015.meta	26	1bcf299a16847a7762e4fd4796f71a6bdde953fef74a223097dc0c3ce3671566
semantic/W8_Q32/STRUCT/mon_015.shadow	0	e3b0c44298fc1c149afbf4c8996fb92427ae41e4649b934ca495991b7852b855
semantic/W8_Q32/STRUCT/mon_016	1680	7a3c0be45fbb5a60bf696367b65a86c085f714efcf9949d569e2c1b39ccf410f
semantic/W8_Q32/STRUCT/mon_016.desc	18	2a0216848c9805794ff9ea65e9b904750549edd949bc60c329f9c6a45f923f69
semantic/W8_Q32/STRUCT/mon_016.meta	26	66f45328b5c46c1f9be008a300d5564d0441f0c373aadb829c2e8016440fbf35
semantic/W8_Q32/STRUCT/mon_016.shadow	0	e3b0c44298fc1c149afbf4c8996fb92427ae41e4649b934ca495991b7852b855
semantic/W8_Q32/STRUCT/mon_017	1680	7a3c0be45fbb5a60bf696367b65a86c085f714efcf9949d569e2c1b39ccf410f
semantic/W8_Q32/STRUCT/mon_017.desc	18	2a0216848c9805794ff9ea65e9b904750549edd949bc60c329f9c6a45f923f69
semantic/W8_Q32/STRUCT/mon_017.meta	26	0da89ca4b7c65e6c289c6cef07f791fc6c78dbc0500ef0841df26afef1bce22c
semantic/W8_Q32/STRUCT/mon_017.shadow	0	e3b0c44298fc1c149afbf4c8996fb92427ae41e4649b934ca495991b7852b855
semantic/W8_Q32/STRUCT/mon_018	1680	7a3c0be45fbb5a60bf696367b65a86c085f714efcf9949d569e2c1b39ccf410f
semantic/W8_Q32/STRUCT/mon_018.desc	18	2a0216848c9805794ff9ea65e9b904750549edd949bc60c329f9c6a45f923f69
semantic/W8_Q32/STRUCT/mon_018.meta	26	bb6fe74fd057db4b74df703c16b416928d102e7c5bac000cb3032307ed8a7eda
semantic/W8_Q32/STRUCT/mon_018.shadow	0	e3b0c44298fc1c149afbf4c8996fb92427ae41e4649b934ca495991b7852b855
semantic/W8_Q32/STRUCT/mon_019	1680	7a3c0be45fbb5a60bf696367b65a86c085f714efcf9949d569e2c1b39ccf410f
semantic/W8_Q32/STRUCT/mon_019.desc	18	2a0216848c9805794ff9ea65e9b904750549edd949bc60c329f9c6a45f923f69
semantic/W8_Q32/STRUCT/mon_019.meta	26	3ca0586847011421531557e2481b52e692dcdaa83eb44048166cd0447fa63c31
semantic/W8_Q32/STRUCT/mon_019.shadow	0	e3b0c44298fc1c149afbf4c8996fb92427ae41e4649b934ca495991b7852b855
semantic/W8_Q32/STRUCT/mon_020	1680	7a3c0be45fbb5a60bf696367b65a86c085f714efcf9949d569e2c1b39ccf410f
semantic/W8_Q32/STRUCT/mon_020.desc	18	2a0216848c9805794ff9ea65e9b904750549edd949bc60c329f9c6a45f923f69
semantic/W8_Q32/STRUCT/mon_020.meta	26	c830977b191a4c78397ed2ec15f73cc3ecf00040061ae9b921e168025ca1c729
semantic/W8_Q32/STRUCT/mon_020.shadow	0	e3b0c44298fc1c149afbf4c8996fb92427ae41e4649b934ca495991b7852b855
semantic/W8_Q32/STRUCT/mon_021	1680	7a3c0be45fbb5a60bf696367b65a86c085f714efcf9949d569e2c1b39ccf410f
semantic/W8_Q32/STRUCT/mon_021.desc	18	2a0216848c9805794ff9ea65e9b904750549edd949bc60c329f9c6a45f923f69
semantic/W8_Q32/STRUCT/mon_021.meta	26	b33a196dd908d6fa5242081d8284994297d85c8ae94696f7dba327f5c2216092
semantic/W8_Q32/STRUCT/mon_021.shadow	0	e3b0c44298fc1c149afbf4c8996fb92427ae41e4649b934ca495991b7852b855
semantic/W8_Q32/STRUCT/mon_022	1680	7a3c0be45fbb5a60bf696367b65a86c085f714efcf9949d569e2c1b39ccf410f
semantic/W8_Q32/STRUCT/mon_022.desc	18	2a0216848c9805794ff9ea65e9b904750549edd949bc60c329f9c6a45f923f69
semantic/W8_Q32/STRUCT/mon_022.meta	26	a0195e283a88c81a6e67d63d09a9ad6168cab54cd985288bbf54def6f1a9c31c
semantic/W8_Q32/STRUCT/mon_022.shadow	0	e3b0c44298fc1c149afbf4c8996fb92427ae41e4649b934ca495991b7852b855
semantic/W8_Q32/STRUCT/mon_023	1680	7a3c0be45fbb5a60bf696367b65a86c085f714efcf9949d569e2c1b39ccf410f
semantic/W8_Q32/STRUCT/mon_023.desc	18	2a0216848c9805794ff9ea65e9b904750549edd949bc60c329f9c6a45f923f69
semantic/W8_Q32/STRUCT/mon_023.meta	26	779e506034ac2c4ead36e062dcdb0906addbce3c7a101e275e3c40412b68d7cc
semantic/W8_Q32/STRUCT/mon_023.shadow	0	e3b0c44298fc1c149afbf4c8996fb92427ae41e4649b934ca495991b7852b855
semantic/W8_Q32/STRUCT/mon_024	1680	7a3c0be45fbb5a60bf696367b65a86c085f714efcf9949d569e2c1b39ccf410f
semantic/W8_Q32/STRUCT/mon_024.desc	18	2a0216848c9805794ff9ea65e9b904750549edd949bc60c329f9c6a45f923f69
semantic/W8_Q32/STRUCT/mon_024.meta	26	a5b48eb7d6c3adc7e8a9612d85863bad44d9acef070f0920631d40859d6a82be
semantic/W8_Q32/STRUCT/mon_024.shadow	0	e3b0c44298fc1c149afbf4c8996fb92427ae41e4649b934ca495991b7852b855
semantic/W8_Q32/STRUCT/mon_025	1680	7a3c0be45fbb5a60bf696367b65a86c085f714efcf9949d569e2c1b39ccf410f
semantic/W8_Q32/STRUCT/mon_025.desc	18	2a0216848c9805794ff9ea65e9b904750549edd949bc60c329f9c6a45f923f69
semantic/W8_Q32/STRUCT/mon_025.meta	26	86456cdc9664264093f660c1cb3fa90c79e56e8c438ba42d840563eaaeb43f9c
semantic/W8_Q32/STRUCT/mon_025.shadow	0	e3b0c44298fc1c149afbf4c8996fb92427ae41e4649b934ca495991b7852b855
semantic/W8_Q32/STRUCT/mon_026	1680	7a3c0be45fbb5a60bf696367b65a86c085f714efcf9949d569e2c1b39ccf410f
semantic/W8_Q32/STRUCT/mon_026.desc	18	2a0216848c9805794ff9ea65e9b904750549edd949bc60c329f9c6a45f923f69
semantic/W8_Q32/STRUCT/mon_026.meta	26	7bc99fd17c01c323b2c0694392a5002862ea7e4c8541e661838e23463a152636
semantic/W8_Q32/STRUCT/mon_026.shadow	0	e3b0c44298fc1c149afbf4c8996fb92427ae41e4649b934ca495991b7852b855
semantic/W8_Q32/STRUCT/mon_027	1680	7a3c0be45fbb5a60bf696367b65a86c085f714efcf9949d569e2c1b39ccf410f
semantic/W8_Q32/STRUCT/mon_027.desc	18	2a0216848c9805794ff9ea65e9b904750549edd949bc60c329f9c6a45f923f69
semantic/W8_Q32/STRUCT/mon_027.meta	26	a35c613adf306869a3bfb08cf6d8451973d728e7408f83cd9cdf039960ae9d47
semantic/W8_Q32/STRUCT/mon_027.shadow	0	e3b0c44298fc1c149afbf4c8996fb92427ae41e4649b934ca495991b7852b855
semantic/W8_Q32/STRUCT/mon_028	1680	7a3c0be45fbb5a60bf696367b65a86c085f714efcf9949d569e2c1b39ccf410f
semantic/W8_Q32/STRUCT/mon_028.desc	18	2a0216848c9805794ff9ea65e9b904750549edd949bc60c329f9c6a45f923f69
semantic/W8_Q32/STRUCT/mon_028.meta	26	45a1caa10fc748008e68e3854925935e4673287b51fb7edcb9f372aba5dfc3c5
semantic/W8_Q32/STRUCT/mon_028.shadow	0	e3b0c44298fc1c149afbf4c8996fb92427ae41e4649b934ca495991b7852b855
semantic/W8_Q32/STRUCT/mon_029	1680	7a3c0be45fbb5a60bf696367b65a86c085f714efcf9949d569e2c1b39ccf410f
semantic/W8_Q32/STRUCT/mon_029.desc	18	2a0216848c9805794ff9ea65e9b904750549edd949bc60c329f9c6a45f923f69
semantic/W8_Q32/STRUCT/mon_029.meta	26	3af0ced5c5b103cbfaa2aaafb63beb971a89b4ae9304149811feaf9db76062dd
semantic/W8_Q32/STRUCT/mon_029.shadow	0	e3b0c44298fc1c149afbf4c8996fb92427ae41e4649b934ca495991b7852b855
semantic/W8_Q32/STRUCT/mon_030	1680	7a3c0be45fbb5a60bf696367b65a86c085f714efcf9949d569e2c1b39ccf410f
semantic/W8_Q32/STRUCT/mon_030.desc	18	2a0216848c9805794ff9ea65e9b904750549edd949bc60c329f9c6a45f923f69
semantic/W8_Q32/STRUCT/mon_030.meta	26	aec33970d15407542ea9c61d51e7a7e4358c3b7986f4960a857e6bf75f8bbd2b
semantic/W8_Q32/STRUCT/mon_030.shadow	0	e3b0c44298fc1c149afbf4c8996fb92427ae41e4649b934ca495991b7852b855
semantic/W8_Q32/STRUCT/mon_031	1680	7a3c0be45fbb5a60bf696367b65a86c085f714efcf9949d569e2c1b39ccf410f
semantic/W8_Q32/STRUCT/mon_031.desc	18	2a0216848c9805794ff9ea65e9b904750549edd949bc60c329f9c6a45f923f69
semantic/W8_Q32/STRUCT/mon_031.meta	26	8a617dfc9b6f38b78812ba30e3047ccbd485a3cf55a829f8b214d283c4b0e3ee
semantic/W8_Q32/STRUCT/mon_031.shadow	0	e3b0c44298fc1c149afbf4c8996fb92427ae41e4649b934ca495991b7852b855
semantic/W8_Q32/STRUCT/mwi.desc	44	c356b28d19705af5b0ed8fd293ddf1d6d1de39043d7dba5382d7ab3819579217
semantic/W8_Q32/STRUCT/mwi.meta	26	708af671fcfd488eb43c3be24dd6bf1d74b46db3e406f490b9da12f6407968a1
semantic/W8_Q32/STRUCT/mwi_win.desc	588	538152db61c129ebb4d08222a10e0407898638651d7ef4a5b3bb339c073d905b
semantic/W8_Q32/STRUCT/mwi_win.meta	29	4e8395e02077b0ddce82b10551fdc2cba5192f8ec988ffc8a04fa67a68e79306
semantic/W8_Q32/STRUCT/sq_out.desc	47	919f820caba144bc57de2527871dd298404f77dce2b6e1f30da6fc84cea69c1d
semantic/W8_Q32/STRUCT/sq_out.meta	26	c886113e7a8ad098055ee10ed5d272e448b9f9a054ddcdad43cd01beb4d752d4
