iter,compute_ns,wake_lag_ns,e2e_ns
0,333901,20497,376749
1,202107,20270,234173
2,191700,20191,222428
3,189904,19872,219442
4,187570,19887,216587
5,187756,19920,217249
6,186811,19933,215911
7,186496,19929,215666
8,189293,20628,218568
9,186496,19995,214899
10,186256,19824,214394
11,186274,20541,215741
12,185459,19814,213959
13,187237,19848,215122
14,186330,20196,214414
15,186293,19932,215483
16,340123,23057,386031
17,268736,21941,307768
18,203921,20234,235582
19,194219,20211,224447
20,188107,20484,217369
21,202718,20794,232975
22,196441,20661,227435
23,192830,20638,222856
24,197441,20467,227796
25,476306,19999,505952
26,412103,20346,441597
27,402492,20788,433205
28,402677,20542,431904
29,399992,20519,429603
30,645487,20070,674186
31,610506,19993,639499
32,617321,20896,647364
33,620006,20298,649304
34,616562,20071,645355
35,647265,21326,680313
36,612562,21934,643181
37,615192,20152,644657
38,610859,20943,640486
39,617303,20216,646870
40,607395,21213,637590
41,603543,20079,632048
42,612747,19889,642210
43,616469,20329,646446
44,615210,20417,645126
45,605932,20173,635123
46,612765,21853,643341
47,621599,20312,651966
48,607062,20122,635758
49,609062,20211,637773
50,654820,21688,690823
51,618432,20109,648152
52,615728,20845,645722
53,610747,20322,639958
54,609210,20708,638770
55,608210,20074,636821
56,610117,20513,639853
57,609673,20416,638941
58,607247,24043,639604
59,612228,20057,641044
60,940074,20237,969607
61,890519,20621,921085
62,870649,20209,901506
63,861224,24891,894744
64,867575,20424,896795
65,882464,20363,913568
66,856520,20081,885675
67,856335,21633,886449
68,865334,20055,894371
69,855501,20272,884570
70,857279,20138,887009
71,856465,20096,885394
72,854779,23741,887557
73,853890,20200,882442
74,853705,19991,882511
75,853001,20005,881673
76,857891,20298,887688
77,855242,19960,883350
78,849649,20122,877938
79,850780,20618,879971
80,850668,20206,879966
81,851612,20036,880037
82,852575,20364,881125
83,849983,19823,878528
84,859668,20003,888634
85,860149,21963,891038
86,853927,20162,881663
87,852724,19954,881103
88,853335,20301,881839
89,852779,19926,881335
90,853965,20238,882813
91,855150,19974,883753
92,855538,20043,883637
93,855409,19835,883558
94,853853,20350,882111
95,856650,20123,886013
96,855871,20322,884768
97,854131,19984,882115
98,852594,19813,881444
99,855816,20162,884404
100,855835,20009,884492
101,851409,20041,880209
102,852631,20425,882093
103,856168,20145,884886
104,855631,20047,884363
105,854205,21006,883637
106,849853,20094,878206
107,856187,19978,884738
108,855372,22567,886680
109,851742,20007,880212
110,854853,20132,883171
111,851760,19998,880166
112,854075,20143,882533
113,852891,19916,881695
114,856964,20097,885820
115,851353,19981,879408
116,858001,20199,887015
117,850520,20862,880549
118,854965,19876,882933
119,851946,19872,880725
120,856465,19867,884646
121,851669,21271,881680
122,850705,19748,878694
123,854464,19984,883430
124,853539,20165,882259
125,859094,20623,888291
126,853483,21065,882714
127,860186,20005,888598
128,856446,20593,885909
129,853205,19903,881811
130,852316,20103,880938
131,853001,20303,881989
132,853872,19946,882188
133,851520,20090,880535
134,856612,19937,884883
135,854965,21841,885324
136,856371,19781,884467
137,854835,20239,883870
138,857834,20124,886569
139,851261,23713,883788
140,854761,19968,883228
141,856186,20000,885168
142,859075,20014,887830
143,857613,20065,885992
144,857927,23136,889656
145,857650,20002,886410
146,859149,20127,887628
147,857890,19974,886105
148,854335,22527,885157
149,859038,20059,887801
150,858038,20017,886148
151,859501,20365,888421
152,854446,19990,882732
153,860001,20098,888580
154,857131,20482,886150
155,859594,20070,888090
156,857575,19862,886104
157,859409,23451,891878
158,862131,19984,890059
159,852965,20053,881425
160,859594,20086,887976
161,855649,19859,884304
162,861353,21393,890931
163,856557,20055,884926
164,857539,19884,885514
165,856445,19860,884732
166,853242,22098,883655
167,853261,20019,881335
168,853390,20126,881831
169,855186,20288,883937
170,854131,20098,882673
171,853724,19965,882152
172,852298,20220,880647
173,852650,20067,880920
174,857927,20581,887175
175,854001,20837,884024
176,855482,19962,883797
177,853594,20513,882385
178,854779,19935,882954
179,861631,20134,890653
180,859761,21168,889299
181,857501,19848,885368
182,854113,20029,882660
183,853594,20024,882100
184,857668,19910,885985
185,856113,19943,884481
186,861390,19864,890013
187,851613,19989,880509
188,860539,20299,889059
189,860946,21185,890445
190,856354,19958,885478
191,861816,20046,890695
192,859223,20004,887950
193,862501,20501,891891
194,861038,19923,889813
195,859316,20011,887827
196,856853,20006,885192
197,862909,20557,892317
198,859483,20758,888611
199,859519,20198,888699
200,865408,20452,894398
201,858724,20040,887912
202,864631,20333,893279
203,858853,20421,888348
204,861149,19824,889510
205,855187,20005,883913
206,861519,19833,889779
207,859002,21182,889313
208,862298,19918,890679
209,857501,19914,886230
210,854113,19854,882336
211,853223,20110,882574
212,853816,20068,882180
213,853298,19989,881435
214,857909,20022,886227
215,860020,20091,889426
216,855280,21570,885478
217,857779,20065,886159
218,853687,19912,882025
219,855261,19908,883928
220,850502,20405,879869
221,858131,20011,886790
222,860649,20044,889174
223,864779,20669,894947
224,858724,20016,887406
225,856668,20698,886088
226,861482,20323,890232
227,853112,19874,881801
228,857556,19851,885908
229,853705,22033,884368
230,856020,19751,884418
231,856446,20042,885488
232,860501,19982,888872
233,856668,20496,886294
234,863020,22919,894550
235,864001,19877,892601
236,856649,20299,886040
237,859372,20461,888443
238,856279,21032,885533
239,865223,19916,893343
240,1392453,19985,1422235
241,1302307,20351,1331843
242,1297307,20254,1326487
243,1294956,21140,1325188
244,1297622,20283,1327202
245,1293160,20353,1322697
246,1300215,20774,1330377
247,1302696,21734,1333522
248,1302641,20229,1332240
249,1292807,20373,1322532
250,1287733,20054,1316953
251,1284992,20104,1313986
252,1291641,20879,1321186
253,1293919,20356,1323774
254,1293159,20166,1322307
255,1298437,20236,1327821
256,1292678,21214,1322484
257,1290808,20172,1320239
258,1291326,20427,1320142
259,1291492,20200,1320674
260,1285826,20622,1315133
261,1288511,20878,1318611
262,1286549,20058,1315532
263,1291215,19961,1319768
264,1295252,20586,1324690
265,1292919,20898,1322316
266,1287141,20338,1316330
267,1283270,20500,1312622
268,1280419,20069,1309192
269,1280715,20028,1309539
270,1287085,21710,1317332
271,1282271,19890,1310642
272,1282993,20034,1311601
273,1284085,19844,1312448
274,1286826,20915,1316185
275,1288826,20077,1318051
276,1287585,20110,1316435
277,1282066,20161,1310635
278,1288307,20212,1317204
279,1286141,21153,1315608
280,1286271,20019,1314567
281,1282808,19847,1311044
282,1282808,19935,1310928
283,1280641,20914,1309814
284,1280678,20131,1309217
285,1287511,20090,1316323
286,1278104,20196,1306652
287,1285678,20692,1314592
288,1283363,21263,1313163
289,1282567,20147,1311417
290,1284752,20828,1313728
291,1280640,19953,1308853
292,1284308,21005,1313886
293,1285918,20593,1315049
294,1287845,20070,1316470
295,1284697,20010,1313113
296,1284511,19950,1313090
297,1286085,20909,1315439
298,1282493,20053,1310786
299,1279548,19734,1307652
300,1279474,20081,1307814
301,1282808,21189,1312515
302,1278845,19925,1306992
303,1285289,20013,1313450
304,1285400,19897,1313649
305,1283308,20170,1311793
306,1280937,20760,1310308
307,1275530,20033,1303730
308,1291474,20195,1319836
309,1285326,20246,1313868
310,1279493,21299,1308884
311,1280345,20035,1308750
312,1282437,20752,1311801
313,1277937,20451,1306889
314,1278864,19928,1307199
315,1281548,21314,1311270
316,1282048,20717,1311598
317,1280715,20009,1309168
318,1278826,20041,1307293
319,1280104,21390,1309753
320,1278419,19811,1306693
321,1278141,19936,1306651
322,1280160,19858,1308721
323,1533784,22575,1573192
324,1475267,29313,1519523
325,1485100,23586,1528093
326,1569246,22970,1611124
327,1531191,21706,1571694
328,1427749,28666,1469526
329,1575691,21847,1621611
330,1542469,23638,1587459
331,1531858,25467,1576140
332,1543469,24240,1586413
333,1502025,29959,1547707
334,1521839,23473,1563257
335,1519525,23635,1562697
336,1492600,25946,1535693
337,1493377,29591,1537672
338,1552913,24271,1597406
339,1521525,24359,1565162
340,1508729,23947,1551028
341,1534969,23443,1578282
342,1422305,27514,1464170
343,1336251,20935,1367371
344,1301271,20449,1331201
345,1306807,20741,1337085
346,1311807,21589,1342470
347,1309455,20863,1339244
348,1299214,20488,1328776
349,1293474,20539,1322309
350,1288826,20553,1318267
351,1281660,21753,1311894
352,1277900,20045,1306426
353,1278215,20114,1307070
354,1280326,20239,1308991
355,1283826,21088,1313562
356,1280141,20213,1308965
357,1283770,20246,1312349
358,1278753,20222,1307363
359,1338862,20051,1369043
360,1282029,21641,1312911
361,1404065,26358,1446070
362,1304362,20428,1334809
363,1293882,20460,1323027
364,1295381,21531,1325709
365,1292660,20212,1321926
366,1291308,20429,1320496
367,1285122,20443,1314658
368,1286456,19957,1315024
369,1282938,21380,1312984
370,1285567,20005,1314350
371,1280382,19926,1309012
372,1282289,20126,1310952
373,1284271,20845,1313745
374,1285604,20359,1314444
375,1282326,20002,1310902
376,1285919,20998,1315564
377,1281456,20048,1310208
378,1282141,21249,1311779
379,1286808,20615,1316144
380,1284160,20110,1312770
381,1283604,20050,1312358
382,1281493,22177,1312447
383,1281697,20135,1310128
384,1342048,21945,1375770
385,1303456,20218,1332896
386,1290012,20362,1319280
387,1294604,21748,1325240
388,1290530,20225,1318995
389,1287863,20127,1316546
390,1286900,20086,1315264
391,1285363,21101,1315001
392,1285659,20152,1314108
393,1286307,19907,1314566
394,1282418,20273,1311080
395,1281808,19990,1310261
396,1285067,21172,1314424
397,1282845,19983,1311086
398,1280660,20033,1308971
399,1284475,20473,1313262
400,1284029,21229,1313796
401,1316307,20077,1344569
402,1299789,20702,1329194
403,1291640,20271,1320801
404,1283604,20507,1312889
405,1285363,21875,1315793
406,1284030,19926,1312548
407,1308863,20810,1339746
408,1290659,20176,1319613
409,1288307,21358,1318147
410,1282641,20187,1311087
411,1285844,20071,1314304
412,1285734,20048,1314207
413,1285141,20136,1313647
414,1284160,20947,1313533
415,1286326,20184,1314732
416,1288104,20123,1316523
417,1281159,20100,1310000
418,1286660,21171,1316127
419,1282530,20204,1311641
420,1281586,20162,1309858
421,1280937,19991,1309372
422,1282196,20727,1311294
423,1281196,21150,1311068
424,1285178,19997,1313416
425,1283493,20789,1312985
426,1284530,20136,1313054
427,1281733,21300,1311755
428,1283770,20554,1312695
429,1280511,20105,1309357
430,1299289,19989,1328204
431,1289659,20522,1319533
432,1284882,21537,1315085
433,1284585,20236,1313433
434,1284697,19935,1313187
435,1283529,20042,1312016
436,1285234,21687,1315346
437,1283770,20034,1312638
438,1277993,19826,1306078
439,1282604,20118,1311036
440,1282141,19928,1310532
441,1281011,21406,1311140
442,1283604,20105,1312283
443,1283437,20453,1312316
444,1281141,19948,1309330
445,1280418,21278,1310401
446,1282715,20089,1311452
447,1280530,20176,1309502
448,1283863,20672,1312887
449,1278363,20038,1307271
450,1282456,21442,1312712
451,1280271,20752,1309819
452,1278622,20081,1307185
453,1297159,20113,1326032
454,1292752,22240,1324214
455,1295474,20383,1324450
456,1292456,20305,1321742
457,1289937,20300,1319163
458,1283938,20055,1312307
459,1287085,21015,1316433
460,1288437,19918,1317558
461,1287030,20339,1316257
462,1306641,19982,1335919
463,1313085,22072,1344656
464,1297604,20290,1326726
465,1289400,20359,1319037
466,1305029,20595,1335347
467,1289641,20165,1319342
468,1288715,21569,1318932
469,1287271,20324,1316668
470,1280585,19986,1309701
471,1289289,19870,1318307
472,1280900,21164,1311027
473,1286808,20326,1315985
474,1289215,20043,1318573
475,1289585,20150,1318976
476,1300289,21016,1330841
477,1290363,21420,1320913
478,1282178,20490,1311519
479,1290604,20207,1319885
480,1285715,20555,1316269
481,1281345,21385,1311859
482,1282215,20010,1311114
483,1279548,20043,1308443
484,1286623,20631,1315808
485,1289104,20182,1317822
486,1288122,21567,1318856
487,1279845,20600,1309722
488,1280419,20392,1309403
489,1279975,19813,1308806
490,1280326,21699,1310951
491,1276289,20176,1305558
492,1290252,20560,1319831
493,1285623,20408,1315419
494,1289382,20107,1318988
495,1280752,21326,1311300
496,1281178,19895,1309944
497,1279215,19835,1308291
498,1281586,20164,1310583
499,1283141,20939,1313098
500,1281549,20157,1310557
501,1281418,19856,1310200
502,1279215,19962,1307844
503,1278178,20032,1306895
504,1280270,21344,1310151
505,1276400,19821,1305239
506,1288456,20297,1317179
507,1285549,20552,1315397
508,1277475,21308,1307449
509,1275290,20211,1304445
510,1290048,20040,1318533
511,1284734,20221,1314250
512,1300326,20012,1329264
513,1284992,22157,1316132
514,1282456,20190,1311294
515,1279307,20185,1308400
516,1278308,20162,1307322
517,1277233,21030,1307041
518,1279697,20377,1308555
519,1276752,19910,1305717
520,1276289,20035,1304898
521,1289308,20160,1318504
522,1282197,20657,1311575
523,1278919,20060,1307737
524,1280363,20166,1309122
525,1281696,20106,1310765
526,1276845,21251,1306781
527,1276863,19950,1305776
528,1279437,20020,1307994
529,1277363,20052,1306175
530,1287585,20085,1316355
531,1284030,20952,1314037
532,1282567,20318,1311385
533,1275641,20591,1305102
534,1287030,19920,1315468
535,1281215,21158,1311632
536,1274993,19783,1303683
537,1289955,20037,1319289
538,1282826,20181,1311637
539,1274734,19973,1303614
540,1276493,20822,1305926
541,1275827,20280,1305347
542,1295252,19998,1324101
543,1286937,20456,1316801
544,1279789,21231,1309594
545,1276475,20189,1305627
546,1289067,20703,1318437
547,1289141,20606,1318747
548,1279733,19972,1308520
549,1278197,21728,1309073
550,1276233,19927,1304846
551,1286400,20071,1315119
552,1278456,20381,1307633
553,1274771,20915,1304482
554,1287289,20003,1315774
555,1280271,20332,1309566
556,1277012,20124,1305598
557,1276067,20082,1305260
558,1276363,20894,1305998
559,1277900,20075,1306993
560,1282123,20144,1310952
561,1277734,19973,1306836
562,1279937,21303,1309870
563,1277511,19984,1306532
564,1277307,20053,1306065
565,1278086,19790,1306782
566,1278641,20600,1307815
567,1277308,21245,1307904
568,1301585,20148,1330862
569,1295845,20680,1326543
570,1283492,20231,1312224
571,1281141,21395,1311388
572,1279585,20742,1309124
573,1279085,19812,1308027
574,1280734,20770,1310485
575,1281530,19969,1310499
576,1280270,20855,1309941
577,1281659,20129,1311084
578,1278622,19883,1307394
579,1278937,19860,1308186
580,1277900,21042,1307757
581,1280233,19982,1309475
582,1280178,20218,1309026
583,1280086,20029,1309244
584,1280586,19913,1308980
585,1276604,20947,1306643
586,1280530,20239,1309398
587,1275215,20068,1304171
588,1287271,19896,1316019
589,1282011,20949,1312293
590,1284567,19981,1313659
591,1300548,19847,1329691
592,1365454,20732,1399111
593,1298937,20357,1328627
594,1290474,21687,1320883
595,1292937,20331,1322490
596,1286660,20585,1316133
597,1282604,19988,1311907
598,1287252,21578,1317552
599,1299103,20425,1328806
600,1294289,20439,1324154
601,1286734,20527,1315983
602,1284530,20078,1313200
603,1280456,21779,1310938
604,1279900,20052,1308452
605,1282900,20214,1312133
606,1279937,20117,1308647
607,1279511,21262,1309810
608,1278456,20146,1307269
609,1281196,19975,1310227
610,1280049,20767,1309519
611,1283789,19910,1312662
612,1283956,21537,1314104
613,1280030,21070,1309859
614,1288196,19954,1316780
615,1284900,20153,1314090
616,1282363,22094,1313013
617,1278771,19960,1307823
618,1279252,20011,1307708
619,1281197,20007,1309962
620,1278067,19928,1306662
621,1282845,21536,1313436
622,1279733,19902,1308136
623,1278659,19935,1307464
624,1279678,20115,1308256
625,1280937,21557,1311734
626,1279715,20293,1308452
627,1283455,19973,1312522
628,1280197,20210,1309017
629,1278067,20187,1307013
630,1278456,21072,1308195
631,1278197,20105,1307005
632,1279752,19952,1307926
633,1279993,20559,1309311
634,1277919,21148,1307511
635,1278530,20033,1307137
636,1277993,20787,1307521
637,1280456,19838,1309590
638,1278530,19908,1307160
639,1278474,21701,1309138
640,1276141,20049,1304578
641,1279771,19933,1308592
642,1276585,19891,1304921
643,1278123,21351,1308288
644,1280234,19810,1308358
645,1278086,19935,1306761
646,1279215,20023,1307923
647,1279937,19926,1308363
648,1279419,21145,1309119
649,1281363,20677,1311096
650,1280752,19858,1309221
651,1280474,20039,1309420
652,1285178,21591,1315621
653,1279419,19772,1308227
654,1277696,20045,1306112
655,1280011,20226,1308922
656,1281660,20703,1310769
657,1278179,21181,1308137
658,1277549,19880,1305854
659,1279270,20616,1308535
660,1280678,20241,1309382
661,1277919,21201,1308009
662,1278030,20530,1306949
663,1277419,19877,1305889
664,1277048,20077,1305606
665,1275697,20054,1304546
666,1275364,20921,1304469
667,1290030,20120,1318779
668,1281215,20097,1309756
669,1277234,20018,1306270
670,1276233,21256,1305953
671,1279475,19937,1308096
672,1278437,20543,1307351
673,1280160,20261,1309198
674,1278678,20127,1307212
675,1277549,20809,1307209
676,1277123,19990,1305871
677,1278474,19966,1307459
678,1278196,19851,1306677
679,1279623,21218,1309729
680,1421323,20158,1453555
681,1607986,24598,1653899
682,1619227,22538,1662135
683,1574875,24274,1621279
684,1547432,34697,1598684
685,1477711,22359,1515959
686,1434082,20984,1470566
687,1419324,21461,1455543
688,1368065,25958,1405319
689,1395101,22083,1430759
690,1393065,21319,1428254
691,1401769,21463,1435990
692,1386158,20940,1420764
693,1374768,25789,1412872
694,1383028,21414,1416830
695,1398361,21187,1432603
696,1400305,21497,1434487
697,1377769,24679,1415559
698,1385213,20656,1419406
699,1391435,21263,1425938
700,1402898,21295,1437656
701,1405471,21624,1440892
702,1390417,25325,1428149
703,1595098,27431,1641658
704,1571339,26334,1619358
705,1569080,22256,1609428
706,1629190,36845,1683942
707,1655911,26415,1706881
708,1702577,26466,1750709
709,1696559,24665,1745223
710,1785391,30994,1857179
711,1670114,37916,1725031
712,1664670,25153,1710156
713,1592838,24241,1641986
714,1591154,27847,1639334
715,1530414,37029,1582646
716,1557284,34895,1614697
717,1600283,25891,1646043
718,1592135,25812,1637984
719,1636690,24771,1685385
720,1515580,32786,1563403
721,1592375,34929,1651304
722,1548987,27370,1597005
723,1444064,22384,1482040
724,1395547,26214,1435297
725,1408953,22080,1444699
726,1429064,22594,1466102
727,1409194,23997,1447264
728,1425138,22603,1463074
729,1377861,25304,1416091
730,1433286,23170,1470733
731,1413027,23906,1451840
732,1421861,24031,1461391
733,1660430,28324,1701253
734,1589986,23264,1636065
735,1517932,23722,1559673
736,1501674,21551,1540262
737,1483785,23028,1524368
738,1564894,27099,1607901
739,1600765,24706,1646562
740,1510895,22535,1550856
741,1532544,22234,1572443
742,1576302,38193,1631495
743,1445008,23356,1485012
744,1375565,25962,1413453
745,1339269,20495,1369579
746,1330214,20361,1361075
747,1390990,28543,1434311
748,1353899,31390,1396974
749,1329862,31663,1373247
750,1372565,24807,1477074
751,1336269,24656,1404165
752,1308752,20411,1368217
753,1328918,21184,1394656
754,1368751,20068,1458762
755,1389046,21841,1464183
756,1342936,23635,1412199
757,1338547,21537,1404399
758,1332289,21385,1415746
759,1334659,20936,1401501
760,1308085,22340,1370017
761,1317159,20465,1381919
762,1311159,21294,1391155
763,1306844,20289,1369577
764,1306419,20322,1367443
765,1300474,22023,1362588
766,1293659,20611,1369121
767,1300437,20291,1360005
768,1306640,20861,1367315
769,1292622,22395,1355035
770,1299270,20409,1374678
771,1303251,20386,1364007
772,1299863,20492,1358706
773,1291733,20395,1351480
774,1291974,21151,1384180
775,1311140,20888,1371527
776,1307288,20531,1368152
777,1300326,20860,1362055
778,1291677,21468,1367960
779,1299807,20445,1359196
780,1289400,20422,1346914
781,1294789,20547,1354798
782,1289993,20765,1366201
783,1295733,21799,1357031
784,1293363,20350,1351879
785,1295955,20382,1353244
786,1289530,21322,1365851
787,1290604,21615,1350089
788,1299474,20278,1358603
789,1291863,21014,1368209
790,1297733,21231,1358205
791,1287974,20190,1348071
792,1286030,21853,1342975
793,1290992,20182,1367100
794,1303233,20937,1363484
795,1288678,20266,1346017
796,1286381,21707,1344366
797,1299549,20277,1376138
798,1297252,21439,1357153
799,1290400,20416,1350722
800,1286567,20356,1345125
801,1290641,21538,1365733
802,1302714,21218,1363784
803,1294437,20362,1354650
804,1292845,20450,1351386
805,1295271,21725,1371587
806,1303381,21368,1365138
807,1292548,20475,1351930
808,1301011,20267,1359740
809,1302085,20836,1378642
810,1315233,22500,1379436
811,1295567,20366,1355432
812,1287678,20491,1346761
813,1309048,21375,1388996
814,1296807,21854,1359382
815,1293770,20312,1353859
816,1299382,20437,1360410
817,1292604,20710,1368257
818,1301493,20206,1360790
819,1293140,22240,1354657
820,1294382,20624,1354542
821,1291511,20416,1367759
822,1329029,20911,1398087
823,1308140,22797,1370696
824,1298067,20682,1358414
825,1297845,20288,1377076
826,1310937,20506,1371627
827,1295344,20353,1355530
828,1290789,21443,1349842
829,1296678,20216,1372800
830,1301492,20860,1362648
831,1293567,21115,1353829
832,1287271,22260,1346955
833,1290289,20589,1379321
834,1308270,21010,1369353
835,1292844,20950,1352183
836,1287770,20390,1346493
837,1289696,22331,1365971
838,1296678,21308,1356337
839,1287049,21156,1346537
840,1291474,20281,1349921
841,1284418,21463,1358473
842,1303363,20403,1363191
843,1294437,20954,1353687
844,1288178,19653,1346145
845,1285826,21649,1361196
846,1297344,22072,1360156
847,1284215,20567,1344059
848,1290048,20674,1349796
849,1301400,20392,1391549
850,1391287,23722,1470804
851,1327454,21162,1392209
852,1303048,20528,1384297
853,1311103,20875,1373570
854,1312659,21167,1375807
855,1292085,22183,1353841
856,1289289,20197,1367281
857,1310307,20266,1371850
858,1324788,20854,1389623
859,1293548,22074,1354454
860,1298437,20625,1376709
861,1298326,20268,1358186
862,1300085,21116,1361959
863,1298326,20130,1357881
864,1286271,21812,1362841
865,1299770,20493,1360429
866,1290011,20710,1350739
867,1290715,20224,1350790
868,1289696,21795,1367065
869,1302492,20328,1363338
870,1288493,20212,1347371
871,1294955,20226,1353515
872,1294159,21000,1370417
873,1291308,21830,1351785
874,1298474,20400,1359095
875,1301993,20543,1361757
876,1291641,20928,1367697
877,1291733,21240,1352324
878,1296474,20031,1355782
879,1297086,20249,1355204
880,1288252,20782,1364033
881,1291122,20388,1350028
882,1285289,22033,1345414
883,1296511,20344,1355169
884,1286270,21154,1361627
885,1297511,20353,1358049
886,1318955,22424,1385008
887,1308640,20716,1372226
888,1291159,20952,1369814
889,1302178,20263,1362662
890,1293196,20332,1352121
891,1284808,21829,1344062
892,1303233,21288,1397538
893,1305899,20006,1367867
894,1290012,20131,1349234
895,1295993,22202,1357360
896,1297326,21049,1375300
897,1302993,20415,1363740
898,1292271,20466,1351791
899,1292400,20276,1351694
900,1283178,21477,1358673
901,1297381,20176,1357464
902,1294363,21227,1355534
903,1300585,20427,1359678
904,1284697,21794,1361934
905,1304122,24475,1368726
906,1302288,20674,1363147
907,1288697,20318,1349976
908,1287455,20369,1365471
909,1292141,21884,1352913
910,1296030,20880,1357538
911,1289586,20301,1349663
912,1289030,20334,1365011
913,1295289,21664,1354897
914,1295363,20660,1355133
915,1288511,20248,1363073
916,1305178,20725,1366087
917,1289085,21183,1349416
918,1286937,21458,1346839
919,1304585,20694,1383056
920,1313122,20986,1377237
921,1318011,21333,1383306
922,1309270,22441,1374007
923,1309511,21085,1389724
924,1305862,20451,1366535
925,1295122,21391,1357142
926,1288067,20349,1348675
927,1283215,21606,1361412
928,1302455,20527,1363389
929,1288159,20930,1347829
930,1293992,20315,1354195
931,1283437,21663,1358248
932,1296307,20381,1355095
933,1295271,20877,1355924
934,1290307,20446,1350679
935,1292085,20627,1368933
936,1291696,21624,1350023
937,1294937,21082,1353796
938,1286789,20245,1345033
939,1285455,20407,1361269
940,1301104,21589,1362173
941,1294048,20973,1353687
942,1296085,20117,1354776
943,1287585,20427,1363215
944,1295845,20738,1355285
945,1282475,21790,1342819
946,1288400,20304,1346796
947,1281400,20300,1356310
948,1292307,20425,1350509
949,1284807,21366,1343192
950,1288715,20140,1346909
951,1289678,20672,1380330
952,1297826,20446,1357419
953,1293900,20145,1352822
954,1282807,21420,1341134
955,1286011,20637,1361092
956,1302566,20522,1363124
957,1294122,20517,1353639
958,1284438,21718,1343636
959,1288770,20584,1364446
960,1320548,20746,1384515
961,1308344,21038,1372011
962,1296826,20552,1357784
963,1291160,21882,1368133
964,1302900,20192,1363814
965,1301196,20355,1360994
966,1296363,20609,1358379
967,1294511,22014,1373802
968,1301400,20565,1362316
969,1296456,20264,1357348
970,1294751,21686,1355955
971,1291196,20440,1366636
972,1293974,21697,1353059
973,1301122,20229,1361925
974,1289363,20354,1348568
975,1304825,20905,1383100
976,1300252,21736,1360561
977,1296104,20213,1356223
978,1293103,20282,1351978
979,1292030,20815,1367992
980,1296493,20181,1355691
981,1296030,21678,1357244
982,1294567,20173,1371072
983,1311770,20854,1375105
984,1298103,20238,1358267
985,1289011,22198,1349783
986,1289956,20342,1367278
987,1297363,20967,1358089
988,1288474,20370,1347325
989,1298641,20532,1358505
990,1292715,21826,1369373
991,1299622,20877,1359998
992,1289585,20502,1349586
993,1302456,21219,1363674
994,1294623,21587,1371004
995,1303418,20490,1362722
996,1296271,20282,1355033
997,1286734,20314,1344602
998,1288622,20865,1362764
999,1289585,21547,1350225
1000,1291307,20284,1349979
1001,1289511,20557,1348567
1002,1293659,20238,1369451
1003,1288808,21716,1348393
1004,1301159,20730,1362611
1005,1292826,20096,1352644
1006,1289030,20258,1365472
1007,1298641,20957,1361042
1008,1286715,22343,1345965
1009,1287067,20450,1345275
1010,1300622,20334,1391955
1011,1299382,21219,1360711
1012,1285919,21512,1345226
1013,1291678,20082,1352148
1014,1296456,20281,1375735
1015,1298529,21369,1358750
1016,1292641,20253,1352838
1017,1282437,21473,1340743
1018,1299770,20079,1375608
1019,1295529,21260,1356289
1020,1286660,20311,1344840
1021,1284197,22197,1344319
1022,1314158,20415,1389554
1023,1301585,20984,1361569
1024,1307140,20313,1366082
1025,1299030,20272,1356856
1026,1290307,21935,1368316
1027,1298085,21283,1357386
1028,1291029,20315,1348326
1029,1284567,20329,1344840
1030,1287937,21697,1364762
1031,1309955,21248,1371165
1032,1293252,20336,1350143
1033,1289326,20313,1348175
1034,1285104,20531,1361115
1035,1289437,22416,1349168
1036,1291474,20319,1349533
1037,1284382,20463,1343085
1038,1287548,20125,1361802
1039,1297585,21974,1358466
1040,1291696,20544,1350461
1041,1285956,20428,1344550
1042,1295215,20738,1371859
1043,1302900,20364,1362374
1044,1287140,21583,1345741
1045,1294011,20597,1370311
1046,1299585,20389,1358658
1047,1296215,20569,1353746
1048,1287400,21751,1346318
1049,1289844,20321,1365035
1050,1301530,20335,1361012
1051,1293641,20238,1352267
1052,1285160,21196,1342318
1053,1282511,21175,1357685
1054,1298770,20504,1357773
1055,1291104,20203,1347936
1056,1287308,20995,1345117
1057,1280085,21455,1353595
1058,1294381,20247,1352942
1059,1291085,20242,1349679
1060,1288696,20941,1347859
1061,1286400,19548,1359595
1062,1292455,21878,1353259
1063,1293474,20300,1352495
1064,1291215,20962,1348824
1065,1296326,22532,1375338
1066,1293178,21714,1353576
1067,1290530,20469,1347738
1068,1298233,20908,1356789
1069,1289623,20423,1379729
1070,1295011,20437,1354039
1071,1289956,22063,1349203
1072,1290622,21114,1348458
1073,1285789,20776,1359861
1074,1295844,20642,1356319
1075,1282400,21232,1340113
1076,1287678,21098,1345794
1077,1316196,20241,1401047
1078,1313251,20311,1374580
1079,1355010,20158,1419686
1080,1305622,22137,1366406
1081,1293641,20151,1369883
1082,1300344,20276,1360138
1083,1560562,22679,1654572
1084,1513821,31046,1613274
1085,1495285,24227,1604399
1086,1570358,23500,1671671
1087,1531173,23570,1630686
1088,1500637,23028,1592071
1089,1504970,29914,1623401
1090,1523302,22558,1616045
1091,1538636,26331,1642836
1092,1542247,22493,1636535
1093,1516192,27324,1630588
1094,1526840,23745,1625139
1095,1532339,22556,1624579
1096,1509599,22718,1603501
1097,1572635,24306,1692476
1098,1513488,30710,1610623
1099,1544617,24132,1641933
1100,1570821,23979,1666668
1101,1665356,23808,1798846
1102,1586986,29508,1692660
1103,1526747,23541,1622194
1104,1604913,24666,1703929
1105,1483766,23143,1590501
1106,1590487,23991,1690068
1107,1375269,23747,1459033
1108,1428453,22409,1535971
1109,1436360,23349,1522949
1110,1413491,23289,1496408
1111,1378565,25101,1460017
1112,1420620,24263,1522770
1113,1415120,22944,1497211
1114,1408509,22606,1493354
1115,1418324,22231,1495535
1116,1581802,24950,1702454
1117,1575005,22168,1670968
1118,1583357,24293,1677982
1119,1574580,24770,1669034
1120,1478748,28693,1593514
1121,1516655,22189,1614398
1122,1508636,24369,1606745
1123,1550358,23383,1652869
1124,1470803,21360,1577385
1125,1412564,25098,1498013
1126,1422565,21705,1504194
1127,1395935,21441,1478653
1128,1405083,21418,1521147
1129,1388527,25322,1470534
1130,1410953,21855,1491863
1131,1412009,22073,1492284
1132,1407731,21679,1508835
1133,1701577,23304,1795676
1134,1477118,30172,1573752
1135,1561987,27945,1662857
1136,1531877,22922,1646686
1137,1501193,21307,1608127
1138,1518007,28618,1614994
1139,1488544,23151,1587564
1140,1539210,22443,1653984
1141,1452860,22216,1540834
1142,1422231,21693,1507404
1143,1387713,24227,1467735
1144,1428953,20945,1529618
1145,1423397,21255,1506725
1146,1411231,21658,1493166
1147,1382713,23933,1464071
1148,1429342,21762,1528750
1149,1406935,21757,1487246
1150,1595857,24808,1699034
1151,1575505,23267,1674845
1152,1495970,30671,1619843
1153,1532803,24000,1626635
1154,1597172,22792,1693332
1155,1471933,21287,1575219
1156,1541098,25044,1666974
1157,1456119,22632,1543823
1158,1421657,21146,1505190
1159,1417749,21956,1499426
1160,1417268,22377,1518792
1161,1389084,25208,1472216
1162,1414212,21129,1496229
1163,1399990,22254,1482447
1164,1411879,22176,1510776
1165,1377269,27339,1460811
1166,1685281,34298,1809207
1167,1556431,22053,1659372
1168,1539581,23622,1652497
1169,1439860,23136,1525606
1170,1333195,22948,1402847
1171,1345936,20796,1435823
1172,1332992,20476,1397875
1173,1313566,20379,1376889
1174,1300160,22284,1361201
1175,1306437,20279,1386233
1176,1317714,21090,1381822
1177,1301900,20696,1363114
1178,1303418,20321,1364720
1179,1293623,21966,1371217
1180,1305511,20240,1365565
1181,1299067,20161,1360042
1182,1303548,21027,1365074
1183,1291974,21691,1370164
1184,1302677,20279,1363141
1185,1304881,20997,1365414
1186,1295715,20474,1355762
1187,1292475,20117,1383035
1188,1293326,21559,1352588
1189,1290178,20592,1349380
1190,1310381,20495,1374708
1191,1307474,20842,1390574
1192,1300955,22024,1363849
1193,1298474,20798,1358382
1194,1294493,21089,1355526
1195,1288493,20141,1364558
1196,1295715,20877,1355165
1197,1288400,22152,1348514
1198,1284808,20907,1344065
1199,1286048,20513,1362098
1200,1295678,19842,1355667
1201,1283641,21376,1341998
1202,1291826,20316,1349475
1203,1291122,20108,1365859
1204,1298437,21215,1359670
1205,1289382,20340,1349721
1206,1285771,21930,1344237
1207,1290548,20314,1365898
1208,1301011,21458,1360042
1209,1291844,20102,1350149
1210,1279049,21228,1336554
1211,1298678,20353,1376141
1212,1293826,21053,1352730
1213,1301141,20048,1363021
1214,1294807,20118,1354739
1215,1282678,21967,1359810
1216,1297233,20851,1356251
1217,1293844,20273,1353061
1218,1384176,20620,1479795
1219,1339418,23469,1430626
1220,1331511,20317,1396678
1221,1306659,20497,1367489
1222,1302955,20308,1363781
1223,1302900,20340,1381813
1224,1308622,21634,1369607
1225,1299808,20185,1359621
1226,1310493,19940,1374376
1227,1318622,20213,1398389
1228,1304270,21803,1364387
1229,1300419,20335,1359346
1230,1292307,20164,1351767
1231,1292900,20178,1368003
1232,1300215,20859,1359869
1233,1284733,21245,1342404
1234,1298030,20241,1358454
1235,1298456,20310,1375487
1236,1297066,20824,1357557
1237,1289511,21766,1348165
1238,1292011,20206,1367383
1239,1299344,20368,1360712
1240,1297678,21067,1357633
1241,1288974,20118,1347592
1242,1283770,21375,1358570
1243,1305566,20685,1365806
1244,1300974,21070,1360284
1245,1291085,20047,1348039
1246,1285770,21544,1376442
1247,1295604,20354,1354716
1248,1293511,20813,1350805
1249,1292067,20586,1350837
1250,1287289,20156,1362907
1251,1292252,21245,1351589
1252,1298603,20963,1356899
1253,1289382,20199,1347191
1254,1294733,20232,1375909
1255,1309622,22081,1372295
1256,1303345,21113,1363994
1257,1294456,20165,1353119
1258,1299807,20234,1377374
1259,1299585,20378,1358907
1260,1287696,22060,1347608
1261,1296233,20222,1354548
1262,1286900,20144,1363265
1263,1301085,20473,1362798
1264,1290308,21914,1349536
1265,1295122,20317,1354717
1266,1291326,20257,1368619
1267,1297233,20420,1356819
1268,1303382,20415,1363611
1269,1290030,22023,1349145
1270,1288382,20167,1365677
1271,1296530,20237,1356358
1272,1311622,21158,1373483
1273,1295455,22081,1355777
1274,1291992,20243,1369309
1275,1296141,20165,1355916
1276,1294252,20531,1353171
1277,1290955,20101,1349130
1278,1283308,21598,1359312
1279,1301437,20982,1360696
1280,1295381,20311,1353432
1281,1291623,20362,1351595
1282,1281012,21470,1355258
1283,1291233,20892,1351106
1284,1295122,20258,1353435
1285,1284974,20216,1342301
1286,1287234,21138,1362981
1287,1294734,21542,1356312
1288,1294974,20612,1354252
1289,1294196,20126,1352414
1290,1287160,21047,1364409
1291,1292085,21878,1351370
1292,1291122,20540,1351439
1293,1290419,20276,1348546
1294,1284215,21050,1359523
1295,1425879,22119,1510441
1296,1340992,23283,1409255
1297,1321825,21223,1384270
1298,1314936,21237,1400154
1299,1310992,20659,1374465
1300,1305974,21878,1367962
1301,1304771,21374,1384476
1302,1308104,21906,1371287
1303,1310715,20476,1375041
1304,1305493,20694,1366426
1305,1298345,22135,1392626
1306,1304881,20538,1365752
1307,1291307,20460,1351155
1308,1294307,21159,1353428
1309,1288011,21119,1364296
1310,1322066,20411,1390976
1311,1316714,20221,1380398
1312,1303622,20569,1365782
1313,1298789,20249,1379759
1314,1305196,21969,1368997
1315,1303362,20427,1365641
1316,1302715,20275,1362618
1317,1295771,20326,1373225
1318,1307659,21804,1372870
1319,1303122,20300,1364421
1320,1291955,20221,1351843
1321,1298715,20439,1378486
1322,1303511,22305,1364556
1323,1285789,21913,1346016
1324,1288567,20335,1346716
1325,1298640,20830,1375803
1326,1299937,20955,1360966
1327,1288919,22267,1349481
1328,1298159,20300,1357421
1329,1388713,20962,1485637
1330,1320270,20180,1384097
1331,1302122,20805,1363889
1332,1304196,22691,1366238
1333,1298697,20446,1376585
1334,1308178,21423,1368803
1335,1303622,20289,1364910
1336,1292715,21879,1351574
1337,1295159,20226,1372736
1338,1307288,21055,1369009
1339,1298789,20125,1358005
1340,1287696,20416,1344779
1341,1285715,21284,1360664
1342,1298178,21113,1358234
1343,1293363,20238,1352063
1344,1294197,20178,1353448
1345,1291771,21823,1369500
1346,1303382,21115,1363977
1347,1290530,20388,1348954
1348,1288548,20217,1345024
1349,1298196,21046,1376556
1350,1294956,22210,1355165
1351,1294159,20391,1352679
1352,1305955,20738,1365933
1353,1298641,21197,1379114
1354,1292197,22453,1353871
1355,1289067,20449,1347589
1356,1288567,20426,1347362
1357,1290603,20977,1368339
1358,1299140,20398,1357816
1359,1288048,21729,1347239
1360,1290270,20558,1347494
1361,1282734,20220,1358915
1362,1306715,20530,1368670
1363,1288826,21620,1348390
1364,1289622,20838,1379514
1365,1299030,20463,1360140
1366,1296844,20810,1356376
1367,1290696,21158,1350650
1368,1285993,22358,1363498
1369,1305252,20502,1366086
1370,1299770,21127,1360267
1371,1297863,19975,1356004
1372,1285438,21620,1362704
1373,1301048,20838,1362903
1374,1295882,21074,1356510
1375,1298104,20236,1357747
1376,1287363,20213,1362075
1377,1299159,22173,1361072
1378,1295159,20280,1353772
1379,1287733,20313,1345823
1380,1291086,20790,1366670
1381,1300363,21824,1360223
1382,1293770,20245,1352552
1383,1293622,20167,1352492
1384,1284252,20588,1358987
1385,1300863,20325,1359946
1386,1288493,21544,1348203
1387,1288382,20521,1345939
1388,1285715,20646,1360453
1389,1302678,20771,1362874
1390,1288086,22417,1348649
1391,1293418,20616,1351478
1392,1288178,20815,1363973
1393,1305826,20514,1366802
1394,1298196,20177,1357076
1395,1286864,21359,1345666
1396,1285770,20391,1360346
1397,1296067,20387,1356416
1398,1287197,20346,1346726
1399,1283641,21676,1341705
1400,1289826,20579,1364367
1401,1295215,20482,1354585
1402,1289678,20403,1349081
1403,1294141,20825,1353872
1404,1282567,21563,1360573
1405,1303325,20836,1364846
1406,1297751,20128,1357231
1407,1283456,20049,1340356
1408,1279160,21176,1351316
1409,1300715,20690,1360534
1410,1296270,20315,1355992
1411,1286844,20311,1345933
1412,1282789,20844,1358187
1413,1286104,22081,1345240
1414,1290993,19855,1350439
1415,1285734,20165,1343509
1416,1281789,20476,1355338
1417,1286382,22047,1345520
1418,1291289,20357,1349590
1419,1284696,20279,1342382
1420,1290455,20663,1365414
1421,1323770,21047,1387724
1422,1310159,22063,1372129
1423,1311437,20670,1373402
1424,1294752,20888,1387601
1425,1326917,20753,1389226
1426,1314807,22139,1376186
1427,1298159,21228,1375552
1428,1301362,20131,1360474
1429,1292770,20645,1351896
1430,1291474,20529,1351336
1431,1288418,21434,1362536
1432,1307845,20244,1366050
1433,1300085,20628,1358472
1434,1297104,20328,1355394
1435,1285771,21547,1361761
1436,1299160,20413,1357479
1437,1291697,20316,1351308
1438,1296714,20126,1355674
1439,1345566,21233,1426612
1440,1305826,22415,1368907
1441,1291603,20374,1349625
1442,1288381,20388,1347546
1443,1304197,21198,1382375
1444,1361066,23769,1434186
1445,1308585,20302,1369682
1446,1310585,20353,1373548
1447,1307140,21015,1389044
1448,1303770,20270,1364391
1449,1288140,21989,1348463
1450,1325807,20392,1391809
1451,1308993,21240,1389361
1452,1312714,20587,1373060
1453,1291048,21807,1350854
1454,1307308,20617,1370571
1455,1300400,21112,1377937
1456,1299418,20386,1360100
1457,1292011,20326,1350170
1458,1293604,22212,1356241
1459,1292400,21337,1370884
1460,1297381,20944,1357343
1461,1289641,20439,1349005
1462,1286363,22307,1347799
1463,1543062,25006,1658899
1464,1531933,22353,1623784
1465,1492507,22775,1584818
1466,1560228,24104,1655256
1467,1482914,27341,1593699
1468,1510637,22393,1600750
1469,1544080,22814,1640689
1470,1529340,22995,1625370
1471,1513766,25733,1622923
1472,1519080,23506,1617974
1473,1573598,23242,1675950
1474,1535358,22719,1631039
1475,1536507,23122,1653312
1476,1455527,24990,1546330
1477,1553988,25615,1652657
1478,1576765,24370,1679744
1479,1530543,22940,1640278
1480,1461452,24270,1551647
1481,1555320,23395,1652177
1482,1469786,23446,1560267
1483,1375528,20905,1486616
1484,1339047,20308,1404465
1485,1299622,21360,1360889
1486,1336621,20782,1405810
1487,1332844,21463,1420879
1488,1315233,20643,1379635
1489,1310567,21900,1376428
1490,1339473,20543,1407219
1491,1314233,20798,1397604
1492,1328307,20275,1392396
1493,1306214,20438,1368059
1494,1294363,21675,1371667
1495,1304085,20652,1364292
1496,1296641,21296,1356955
1497,1288363,20199,1345784
1498,1305085,22511,1385150
1499,1308603,21395,1369998
1500,1297474,20187,1356920
1501,1291308,20442,1349453
1502,1297437,20290,1376059
1503,1296011,21768,1355760
1504,1296400,20319,1355219
1505,1295770,21037,1357010
1506,1297900,20403,1375080
1507,1293363,21678,1355614
1508,1296548,20433,1354925
1509,1290178,20669,1349346
1510,1288252,20239,1363841
1511,1293382,20882,1353393
1512,1279771,21361,1337353
1513,1301566,20856,1362219
1514,1291974,20426,1366918
1515,1299622,20996,1359858
1516,1284660,21826,1343966
1517,1287012,20618,1344851
1518,1290789,20780,1365698
1519,1298048,21257,1358768
1520,1286197,20234,1344060
1521,1287882,21417,1347297
1522,1301344,20857,1378718
1523,1307326,21297,1367492
1524,1292918,20292,1350117
1525,1287567,22067,1346485
1526,1294178,20285,1369295
1527,1300956,21077,1360661
1528,1287271,21572,1346861
1529,1383898,20253,1466909
1530,1497711,25917,1613515
1531,1549580,23190,1643565
1532,1496044,22000,1587043
1533,1533155,22385,1628723
1534,1443693,24697,1553370
1535,1584191,23692,1682696
1536,1463248,21299,1546565
1537,1411861,20869,1491876
1538,1420805,21624,1528612
1539,1395231,23528,1472666
1540,1415768,21283,1493568
1541,1412620,21334,1492805
1542,1419656,22107,1533318
1543,1397935,22790,1477223
1544,1419046,21526,1497533
1545,1618968,24484,1721173
1546,1550691,24647,1666892
1547,1557136,22809,1652554
1548,1472823,33287,1573516
1549,1550784,22339,1647288
1550,1499489,22483,1608340
1551,1581932,24034,1680001
1552,1404287,25475,1488428
1553,1451711,22490,1535737
1554,1416008,21781,1525177
1555,1428008,22370,1508729
1556,1410676,21699,1492632
1557,1393009,24585,1491203
1558,1422768,21543,1500866
1559,1437138,23057,1520861
1560,1417231,20942,1496283
1561,1584450,26772,1703183
1562,1566006,22472,1663365
1563,1557820,24504,1659249
1564,1538636,22389,1632264
1565,1525691,22477,1645945
1566,1514692,32085,1615331
1567,1488582,21748,1585142
1568,1540859,21965,1643322
1569,1439841,21202,1549171
1570,1399139,23051,1477855
1571,1413879,21972,1494480
1572,1432008,21709,1513105
1573,1422231,21667,1523378
1574,1416713,21441,1498930
1575,1381343,23382,1464279
1576,1426305,21933,1508515
1577,1538322,21225,1665711
1578,1570524,22758,1668207
1579,1486026,31736,1587576
1580,1513563,23714,1605386
1581,1391565,21691,1491124
1582,1352640,20631,1425658
1583,1344010,21034,1411099
1584,1332881,22531,1398948
1585,1326159,20323,1412425
1586,1323918,20800,1389402
1587,1312696,21407,1375861
1588,1290640,22163,1351544
1589,1294122,20140,1374298
1590,1310029,20580,1373294
1591,1300344,21150,1361512
1592,1293622,20387,1353193
1593,1286085,21235,1363690
1594,1302567,20287,1363389
1595,1295363,20856,1356330
1596,1288919,20371,1347918
1597,1287104,19923,1360711
1598,1296178,20345,1356874
1599,1301956,21026,1364499
1600,1292234,20355,1351106
1601,1300678,20850,1392323
1602,1300234,22273,1361302
1603,1294882,20954,1353927
1604,1293048,21190,1352108
1605,1294307,22001,1372789
1606,1294271,21516,1354545
1607,1299733,20438,1360411
1608,1292159,21137,1350148
1609,1288993,21003,1365106
1610,1310233,20629,1371879
1611,1293011,21663,1352321
1612,1297566,20492,1356446
1613,1293122,21098,1369146
1614,1297918,20576,1358475
1615,1286197,21443,1345046
1616,1299641,20457,1358060
1617,1289826,20971,1365889
1618,1297233,20171,1355829
1619,1291641,20092,1351232
1620,1287677,21515,1361711
1621,1310011,20974,1371725
1622,1293363,20525,1353128
1623,1286956,20354,1345494
1624,1299177,21240,1374639
1625,1304122,21273,1364264
1626,1288901,20268,1346316
1627,1298882,20875,1359163
1628,1295826,21260,1371788
1629,1290696,21701,1350304
1630,1303159,20678,1363911
1631,1306159,20618,1367777
1632,1294733,21188,1369698
1633,1296307,22666,1358640
1634,1301937,20162,1360950
1635,1298381,20399,1357761
1636,1299103,21598,1375423
1637,1301585,20519,1361252
1638,1291289,21720,1352416
1639,1296715,20364,1356874
1640,1287049,20860,1361685
1641,1301844,20244,1361199
1642,1282567,21667,1342900
1643,1286289,20181,1345322
1644,1294104,20936,1370650
1645,1300233,20339,1358757
1646,1293715,20316,1353068
1647,1287086,21610,1346491
1648,1301789,20346,1380208
1649,1300696,20508,1361778
1650,1293474,20615,1354274
1651,1294234,21131,1354697
1652,1304641,20275,1381062
1653,1300770,20437,1360355
1654,1290215,20284,1349165
1655,1287512,20243,1344624
1656,1287660,21999,1363658
1657,1297382,20273,1357413
1658,1288696,20398,1348464
1659,1290697,20283,1350830
1660,1291789,21539,1382808
1661,1304845,20757,1366526
1662,1294937,20493,1354985
1663,1283826,20341,1341796
1664,1285548,20577,1360846
1665,1296011,21722,1356603
1666,1291715,20366,1351173
1667,1285382,20325,1343520
1668,1297437,20394,1371590
1669,1301215,21873,1363050
1670,1297326,20294,1357916
1671,1288456,20364,1347412
1672,1287715,20138,1362314
1673,1302715,21133,1362773
1674,1330344,21834,1399547
1675,1330418,21070,1395191
1676,1322158,20696,1408464
1677,1344973,21358,1413645
1678,1308678,22688,1373328
1679,1319640,20554,1382657
1680,1306085,20846,1389393
1681,1307085,20490,1368648
1682,1302197,20338,1362885
1683,1289437,21131,1365845
1684,1304974,20404,1365748
1685,1294623,20344,1354596
1686,1293197,20377,1352350
1687,1285345,22041,1361384
1688,1298641,20370,1359158
1689,1297715,20125,1357598
1690,1293900,20380,1353464
1691,1289697,20227,1365885
1692,1293030,21409,1352549
1693,1302548,20016,1361730
1694,1297011,21178,1358355
1695,1296659,20137,1372573
1696,1287919,21616,1346756
1697,1310696,21167,1373825
1698,1308233,20311,1368080
1699,1294548,20232,1372168
1700,1305437,21043,1365534
1701,1295307,22336,1356846
1702,1295160,20813,1354898
1703,1293752,20290,1372078
1704,1297344,20656,1356704
1705,1288919,21987,1348497
1706,1287307,20056,1347289
1707,1289864,20385,1367655
1708,1298678,20788,1358965
1709,1295085,20358,1353480
1710,1285807,21633,1345218
1711,1296752,20110,1372972
1712,1296567,20643,1356042
1713,1288159,20175,1345630
1714,1294567,21543,1354387
1715,1293771,20242,1371141
1716,1295345,20682,1354248
1717,1294419,20585,1353262
1718,1290659,20192,1348536
1719,1286326,21504,1376995
1720,1311344,20481,1373565
1721,1304122,20310,1363765
1722,1296400,20213,1355409
1723,1283123,21988,1361313
1724,1299382,20502,1358605
1725,1294085,20572,1352879
1726,1297844,20512,1357207
1727,1290567,20248,1368647
1728,1292233,21727,1352071
1729,1293604,20722,1352751
1730,1290733,20959,1349599
1731,1285641,20306,1360983
1732,1293437,21692,1352758
1733,1290363,21058,1349606
1734,1288067,20961,1346750
1735,1297289,20494,1374115
1736,1296252,20638,1355074
1737,1284141,21672,1342368
1738,1295400,21205,1354067
1739,1288197,20385,1362025
1740,1297937,21511,1357465
1741,1285826,21730,1345148
1742,1297715,20392,1356773
1743,1293863,21092,1369287
1744,1298492,20624,1356801
1745,1289733,20268,1347797
1746,1299085,21043,1360109
1747,1292252,21020,1368197
1748,1293622,20516,1352785
1749,1295549,20678,1354818
1750,1295585,21545,1368778
1751,1298844,20578,1357237
1752,1294215,20166,1351769
1753,1290345,20384,1349061
1754,1286697,20584,1362075
1755,1293493,22155,1354295
1756,1289641,20243,1346161
1757,1288567,20183,1346286
1758,1288734,20308,1364078
1759,1292882,21620,1352223
1760,1296011,20838,1355515
1761,1291196,20315,1350640
1762,1289975,20422,1367543
1763,1302808,20492,1363724
1764,1286566,21952,1345166
1765,1289974,20132,1347569
1766,1322807,20313,1397786
1767,1309733,21216,1371875
1768,1295363,22380,1356205
1769,1293345,20265,1352831
1770,1296493,20316,1372474
1771,1299937,21237,1361025
1772,1287715,20918,1346188
1773,1285475,21915,1344685
1774,1300771,20578,1379199
1775,1300160,21018,1361250
1776,1288771,20847,1348135
1777,1284771,21862,1343280
1778,1291159,20321,1377942
1779,1303844,20650,1363604
1780,1289919,20905,1348712
1781,1292863,20326,1352003
1782,1283604,21323,1374315
1783,1308233,20449,1369551
1784,1297159,20852,1356418
1785,1289345,20662,1349043
1786,1286066,21474,1362632
1787,1303493,20396,1363795
1788,1300844,20947,1360198
1789,1291919,20646,1350731
1790,1288844,20475,1364170
1791,1301585,21768,1362575
1792,1295159,20653,1354256
1793,1289734,20741,1348881
1794,1291974,20218,1367895
1795,1301715,21993,1363355
1796,1290455,21470,1350370
1797,1286511,20521,1344421
1798,1299677,20925,1377842
1799,1365361,20920,1428614
1800,1302826,22491,1365150
1801,1294771,20394,1354738
1802,1290845,20316,1374881
1803,1304771,21182,1365377
1804,1290585,21568,1350097
1805,1288067,20360,1347426
1806,1291678,20393,1367440
1807,1302307,20555,1362398
1808,1297289,20439,1355839
1809,1283178,21751,1342743
1810,1292733,20321,1368609
1811,1302085,20372,1362475
1812,1357898,20590,1429340
1813,1324863,23124,1412207
1814,1323252,21212,1386815
1815,1314844,21004,1377199
1816,1306529,20815,1366529
1817,1299437,20273,1377820
1818,1300030,21937,1360540
1819,1312678,20636,1373795
1820,1299418,21077,1359457
1821,1291511,20128,1368749
1822,1296863,21662,1356820
1823,1298937,20435,1357927
1824,1290622,20949,1348793
1825,1292048,20501,1370770
1826,1296585,20385,1355488
1827,1286660,21567,1346819
1828,1298456,20359,1356814
1829,1299455,20429,1376680
1830,1300141,20610,1361083
1831,1287308,21866,1347543
1832,1292548,20566,1351928
1833,1288697,20950,1366312
1834,1296011,20261,1354697
1835,1297770,20423,1357859
1836,1300029,21531,1358615
1837,1291178,20675,1382962
1838,1301844,21282,1363162
1839,1301993,20444,1361232
1840,1295326,22052,1356266
1841,1290492,21011,1367447
1842,1326752,20358,1401682
1843,1550302,25168,1648062
1844,1560043,22423,1652576
1845,1452212,26124,1562038
1846,1566617,22361,1666698
1847,1536599,22430,1629398
1848,1531636,23685,1625024
1849,1467304,29367,1585651
1850,1522729,22622,1618350
1851,1509526,22451,1603827
1852,1572857,25114,1672229
1853,1561987,23794,1681428
1854,1479044,25254,1572149
1855,1556728,23361,1655792
1856,1550525,22598,1647047
1857,1574506,23612,1691597
1858,1501933,32479,1607596
1859,1552191,24234,1646572
1860,1613894,24433,1715418
1861,1513063,22170,1624175
1862,1401028,20443,1480192
1863,1372546,23681,1452912
1864,1402232,21584,1479148
1865,1336048,21135,1426459
1866,1367565,20909,1440936
1867,1330121,23128,1399804
1868,1364232,24698,1439151
1869,1324215,20527,1410166
1870,1314011,20893,1376810
1871,1367066,22055,1441730
1872,1324732,22330,1392525
1873,1322863,20714,1408353
1874,1319010,21155,1383127
1875,1313659,21891,1376290
1876,1297215,21592,1375046
1877,1307751,20291,1368172
1878,1297438,20416,1356760
1879,1301177,21153,1361181
1880,1291770,20463,1369344
1881,1297029,22627,1360211
1882,1306345,20382,1367447
1883,1292715,20470,1353036
1884,1297252,20188,1375161
1885,1290993,22185,1352344
1886,1300918,20532,1362006
1887,1292659,20565,1352613
1888,1287123,21024,1364201
1889,1297474,20593,1357196
1890,1291900,21683,1350990
1891,1287622,20327,1344449
1892,1292863,20804,1367999
1893,1292808,20226,1352866
1894,1294103,22408,1355418
1895,1290715,20403,1349914
1896,1299011,21029,1388983
1897,1300196,20598,1359479
1898,1295456,20539,1353956
1899,1282881,21813,1340287
1900,1288011,20698,1362504
1901,1292067,20471,1351723
1902,1315011,20226,1380125
1903,1331196,21964,1395955
1904,1322603,22256,1406988
1905,1320622,20326,1384984
1906,1322215,21655,1386591
1907,1299882,20854,1360346
1908,1291289,21759,1370195
1909,1308270,20643,1368579
1910,1306770,20565,1368094
1911,1291622,21172,1352034
1912,1284770,21632,1361327
1913,1297752,20516,1356897
1914,1288326,20475,1347745
1915,1286419,21100,1345185
1916,1292918,20318,1367995
1917,1290696,21704,1350974
1918,1317178,20330,1377729
1919,1304529,21140,1366076
1920,1293474,20210,1369665
1921,1296603,21652,1356458
1922,1297455,20481,1357658
1923,1295363,20958,1354876
1924,1290048,20083,1365241
1925,1298529,20227,1357108
1926,1293734,21502,1353901
1927,1301493,20757,1361934
1928,1320529,20567,1402929
1929,1303918,20267,1364258
1930,1283752,21690,1342793
1931,1296011,21148,1355233
1932,1290641,20107,1367136
1933,1306955,20529,1368613
1934,1299066,20265,1359201
1935,1292215,22077,1352773
1936,1291697,20295,1368138
1937,1297974,20272,1357894
1938,1288011,20305,1348464
1939,1290011,21932,1367886
1940,1292937,20594,1351660
1941,1515970,22960,1606780
1942,1552284,23141,1646979
1943,1521562,22285,1632697
1944,1522970,24226,1614269
1945,1503563,23129,1594839
1946,1582357,23125,1676759
1947,1433119,21362,1540331
1948,1400879,26247,1483996
1949,1426508,21854,1509140
1950,1420842,22461,1504413
1951,1415083,21772,1519297
1952,1427194,20860,1505256
1953,1389917,25024,1472291
1954,1425842,21538,1507619
1955,1422509,21700,1535411
1956,1618301,26307,1725792
1957,1483008,29841,1582884
1958,1564820,26133,1677026
1959,1532433,24370,1648152
1960,1532248,22014,1629704
1961,1514655,23176,1607459
1962,1458341,25414,1556568
1963,1514970,22724,1629877
1964,1428342,21202,1512635
1965,1430323,21382,1511593
1966,1398490,23324,1478906
1967,1429953,20764,1533104
1968,1424842,21167,1505897
1969,1416731,21052,1495578
1970,1421157,22473,1504648
1971,1389546,26359,1491978
1972,1622727,21614,1717506
1973,1561376,22980,1656966
1974,1573672,22217,1681665
1975,1496544,24510,1608534
1976,1503173,21876,1595863
1977,1543117,26242,1641655
1978,1510304,23905,1610169
1979,1527266,21901,1643035
1980,1407176,24527,1491905
1981,1429879,21467,1511141
1982,1423286,21482,1506248
1983,1424768,23014,1529206
1984,1386973,23734,1468075
1985,1417879,21526,1497848
1986,1417490,21929,1500751
1987,1420212,21295,1520339
1988,1582265,21309,1680295
1989,1476414,28251,1572405
1990,1598006,22783,1695806
1991,1503618,23242,1614784
1992,1393342,20997,1466913
1993,1325010,22513,1392041
1994,1358565,20786,1430036
1995,1321585,20671,1405365
1996,1320307,20444,1384028
1997,1319473,21421,1384505
1998,1313029,21622,1374836
1999,1323214,20655,1405553
2000,1322622,20669,1385975
2001,1305696,20535,1366249
2002,1312011,21866,1376283
2003,1306492,20398,1386167
2004,1309196,20839,1370997
2005,1306196,20334,1367326
2006,1299660,20460,1378136
2007,1297511,21438,1357634
2008,1299604,20193,1358259
2009,1300881,20281,1359218
2010,1293400,20147,1370287
2011,1290974,21663,1350322
2012,1298215,20288,1357762
2013,1301067,20340,1361035
2014,1300196,21446,1397363
2015,1300900,20572,1359582
2016,1296900,22199,1357209
2017,1296734,20472,1354186
2018,1292493,20616,1369959
2019,1296530,20445,1355141
2020,1292622,21479,1352230
2021,1292215,20382,1350022
2022,1288752,20322,1364777
2023,1310159,20929,1372217
2024,1291715,20277,1348398
2025,1288864,22033,1348340
2026,1300807,20992,1380039
2027,1299307,21043,1359701
2028,1300808,20465,1361382
2029,1289326,21665,1348620
2030,1305215,20606,1383893
2031,1344418,21916,1413518
2032,1311918,20282,1372311
2033,1301362,20315,1361103
2034,1293418,21812,1373359
2035,1317733,20641,1382151
2036,1300678,20896,1361740
2037,1298215,20299,1358624
2038,1291604,21222,1369788
2039,1330363,20588,1394468
2040,1309381,20473,1369409
2041,1300752,20931,1359090
2042,1296345,20668,1374215
2043,1301881,21813,1364564
2044,1307307,21124,1368375
2045,1300103,21027,1360704
2046,1301992,20448,1378755
2047,1294845,22353,1355697
2048,1323548,21182,1384933
2049,1307011,21085,1368577
2050,1293567,20303,1369128
2051,1296029,20114,1355346
2052,1292271,22129,1351769
2053,1294030,21162,1352450
2054,1294956,20509,1371334
2055,1298140,20209,1358904
2056,1294011,21836,1353642
2057,1290326,21165,1350101
2058,1288012,20160,1362689
2059,1296233,20378,1354629
2060,1297826,20041,1357125
2061,1288085,22186,1347400
2062,1291530,20237,1367525
2063,1299011,20399,1358299
2064,1288789,20395,1345998
2065,1290900,22189,1351384
2066,1385324,21184,1483377
2067,1321899,20624,1385486
2068,1321511,21583,1384352
2069,1312214,21579,1394014
2070,1304307,22020,1367327
2071,1305437,20294,1367082
2072,1296381,20567,1356189
2073,1295344,21433,1388147
2074,1305381,21838,1367644
2075,1306899,20408,1366733
2076,1296382,21089,1356525
2077,1296807,20510,1374039
2078,1304271,21321,1365386
2079,1286622,21670,1346958
2080,1294067,20758,1353157
2081,1292178,20383,1368060
2082,1299104,21009,1359815
2083,1289604,22265,1349035
2084,1292215,20390,1351382
2085,1289826,20405,1367285
2086,1303437,20993,1364355
2087,1290381,20692,1348962
2088,1279679,21486,1337348
2089,1305696,20815,1385695
2090,1307085,21514,1368709
2091,1296382,20176,1355261
2092,1284919,21692,1342777
2093,1289530,20966,1365365
2094,1294696,20628,1354101
2095,1290493,20494,1349782
2096,1294271,20823,1354759
2097,1294271,22209,1372497
2098,1300455,21038,1361122
2099,1285549,20256,1343211
2100,1289067,20585,1346392
2101,1290752,22527,1368111
2102,1289437,20893,1348237
2103,1282993,19981,1341269
2104,1285641,20495,1344413
2105,1288215,20398,1365371
2106,1294956,22081,1354721
2107,1292992,20132,1352031
2108,1312733,20739,1373323
2109,1292122,20345,1367059
2110,1300456,22602,1361649
2111,1289752,20505,1347664
2112,1287437,20278,1346307
2113,1281456,20441,1355933
2114,1296178,20492,1357188
2115,1285937,21489,1346666
2116,1291178,20429,1348884
2117,1293900,20666,1370731
2118,1298993,20717,1360542
2119,1283252,21788,1342484
2120,1285623,20543,1343294
2121,1295326,20687,1372271
2122,1297492,20757,1358267
2123,1287252,20271,1346356
2124,1283845,22101,1341723
2125,1296085,21060,1373329
2126,1303678,23574,1366010
2127,1288030,20570,1346488
2128,1283382,21474,1340967
2129,1292233,20674,1368721
2130,1302197,20244,1361735
2131,1287271,20332,1343843
2132,1285475,20754,1375523
2133,1288455,22362,1347983
2134,1284474,20209,1343053
2135,1289178,20298,1348104
2136,1288993,20627,1363489
2137,1287641,21290,1346579
2138,1288641,20231,1347260
2139,1284678,20430,1343570
2140,1282771,20685,1358177
2141,1296918,20421,1357080
2142,1288492,21881,1348762
2143,1287807,20229,1345999
2144,1297233,20706,1374346
2145,1299215,20369,1358564
2146,1291289,22088,1352080
2147,1288734,20621,1346039
2148,1287381,20320,1361275
2149,1298697,20631,1357752
2150,1296734,20608,1357637
2151,1279141,21605,1339097
2152,1287012,22489,1364352
2153,1294752,20670,1353496
2154,1295548,20685,1354991
2155,1280345,22422,1340044
2156,1294474,20418,1370891
2157,1298623,20803,1358202
2158,1401954,26113,1485417
2159,1376954,20720,1443618
2160,1303862,22050,1385745
2161,1318881,21491,1383667
2162,1309918,21079,1372459
2163,1308011,20315,1370529
2164,1296752,21868,1378526
2165,1309641,20716,1371096
2166,1299419,20211,1358425
2167,1300567,20355,1360773
2168,1295104,20777,1372768
2169,1301622,21700,1373562
2170,1304882,20436,1366465
2171,1290993,20339,1351646
2172,1292530,21039,1369216
2173,1296271,22314,1357602
2174,1300511,20402,1361023
2175,1299733,20435,1360593
2176,1301363,20616,1380125
2177,1305900,20259,1367084
2178,1296734,21905,1358359
2179,1295270,20289,1354985
2180,1291567,20433,1368184
2181,1302789,20818,1363217
2182,1299493,22389,1361751
2183,1295715,20310,1354432
2184,1294863,20214,1373501
2185,1305140,21024,1367127
2186,1297956,20612,1359752
2187,1285233,21424,1344028
2188,1294492,20494,1372115
2189,1301603,20823,1362611
2190,1303048,20245,1363422
2191,1285475,21668,1344104
2192,1293048,20312,1383562
2193,1312067,21270,1376021
2194,1300548,20618,1361906
2195,1293308,20373,1369790
2196,1295585,21648,1355232
2197,1288289,20903,1346839
2198,1294919,20546,1354983
2199,1288492,20264,1364034
2200,1292863,21854,1352439
2201,1298419,20442,1358582
2202,1296641,20253,1355911
2203,1290123,20452,1366666
2204,1298789,20522,1358144
2205,1282956,21501,1340604
2206,1293715,20089,1353599
2207,1287882,20325,1363743
2208,1294400,20432,1352795
2209,1290567,21855,1351032
2210,1297104,21166,1357121
2211,1289104,20402,1365079
2212,1298215,20453,1358853
2213,1301270,20208,1361682
2214,1291548,21650,1352049
2215,1292252,20016,1368730
2216,1293678,20438,1352856
2217,1291029,20322,1350407
2218,1290474,21671,1351330
2219,1284697,20204,1359529
2220,1293437,20181,1351451
2221,1295011,20306,1355298
2222,1556821,24561,1662788
2223,1498451,24596,1614805
2224,1502488,23832,1594893
2225,1561858,23439,1664684
2226,1529321,24342,1625940
2227,1488229,26302,1597863
2228,1577895,23853,1674746
2229,1563321,23942,1661372
2230,1537988,23252,1637627
2231,1521192,21822,1648604
2232,1497693,29078,1598565
2233,1565339,25333,1662189
2234,1503285,22588,1610556
2235,1536358,23843,1650144
2236,1516321,24599,1611012
2237,1587690,22836,1685766
2238,1539877,21535,1632133
2239,1515785,23438,1629203
2240,1558395,22045,1653013
2241,1409269,28227,1493772
2242,1368343,21242,1440528
2243,1336547,20626,1424321
2244,1317918,20381,1381039
2245,1334084,22082,1400758
2246,1322807,21189,1386699
2247,1331510,20740,1418546
2248,1320399,20440,1382931
2249,1316289,22417,1382241
2250,1325603,22321,1392035
2251,1310899,20447,1406512
2252,1309789,20331,1370101
2253,1298067,21123,1357726
2254,1288048,22102,1347464
2255,1301586,20616,1379867
2256,1297530,20593,1357233
2257,1294085,21052,1353859
2258,1298437,20603,1360465
2259,1286641,23100,1365759
2260,1298955,20763,1359736
2261,1303807,21073,1366435
2262,1311159,20439,1395486
2263,1305585,22084,1368854
2264,1302548,20839,1361553
2265,1299659,20743,1360290
2266,1303474,21127,1384082
2267,1308770,20938,1371578
2268,1290049,22268,1350057
2269,1293196,20375,1352830
2270,1292511,20778,1369974
2271,1293289,20496,1352877
2272,1284641,21642,1343967
2273,1292956,20434,1352055
2274,1288919,20411,1363995
2275,1295789,20296,1355565
2276,1292270,20180,1349765
2277,1296401,22085,1358280
2278,1298382,20155,1374461
2279,1303104,20947,1362476
2280,1289400,20442,1347064
2281,1291993,22754,1353857
2282,1294493,20287,1372001
2283,1296011,21153,1356571
2284,1288215,20408,1346956
2285,1294734,20349,1352396
2286,1292845,21698,1370615
2287,1306344,20712,1367204
2288,1288382,20337,1346607
2289,1291511,20407,1349418
2290,1296900,22330,1376803
2291,1300807,21252,1361355
2292,1289992,20525,1347647
2293,1296919,20929,1358217
2294,1290345,21035,1366916
2295,1296808,22310,1358228
2296,1296771,20306,1355372
2297,1306937,21080,1369793
2298,1298270,20298,1375789
2299,1297770,22443,1359379
2300,1291493,20291,1349449
2301,1286493,20694,1344667
2302,1295141,20838,1371403
2303,1293715,20093,1352677
2304,1282864,22016,1342100
2305,1294622,20771,1354448
2306,1293141,20878,1369295
2307,1297530,20336,1357254
2308,1288308,21815,1347270
2309,1284826,20403,1343895
2310,1290937,20769,1382816
2311,1310325,21043,1372535
2312,1288326,20668,1348272
2313,1292104,21925,1352991
2314,1308011,21180,1388097
2315,1299048,20379,1359612
2316,1298770,20356,1357182
2317,1277585,21168,1335624
2318,1290178,20942,1366045
2319,1299548,20660,1360078
2320,1287807,21119,1346129
2321,1284808,20614,1344162
2322,1293178,22223,1372974
2323,1293993,21070,1354396
2324,1288086,20418,1347595
2325,1286123,20766,1362739
2326,1292215,22448,1353736
2327,1289659,21221,1348417
2328,1289678,20125,1347876
2329,1286363,20991,1363149
2330,1301474,20394,1362904
2331,1287845,22280,1347531
2332,1287381,20091,1344453
2333,1283901,21105,1358856
2334,1301956,20471,1362315
2335,1292771,21838,1353145
2336,1295622,20316,1353345
2337,1287123,20571,1363451
2338,1294807,20400,1353651
2339,1295715,21284,1355591
2340,1282493,21467,1341478
2341,1289344,20277,1363343
2342,1296844,20495,1356487
2343,1290067,20565,1348779
2344,1281141,21618,1339832
2345,1291549,22317,1369161
2346,1304548,20628,1365009
2347,1293677,20346,1354060
2348,1289085,20119,1346371
2349,1284048,21505,1360090
2350,1298048,20631,1359512
2351,1294956,19793,1354656
2352,1539691,24993,1638757
2353,1522785,26416,1635773
2354,1533451,22375,1628546
2355,1590487,22481,1686633
2356,1486618,22107,1576113
2357,1589320,23454,1708865
2358,1388491,25192,1472923
2359,1452508,22244,1538491
2360,1420527,21350,1501877
2361,1412657,21661,1515113
2362,1388842,24251,1470259
2363,1419713,21469,1500625
2364,1401676,21298,1478954
2365,1414065,20646,1514431
2366,1420194,21363,1500501
2367,1583228,23787,1682291
2368,1572135,22282,1667064
2369,1572098,23630,1711559
2370,1524137,21829,1617612
2371,1438101,30308,1531963
2372,1548766,23915,1643734
2373,1513599,23577,1637119
2374,1520303,21777,1611801
2375,1428508,21384,1510558
2376,1388546,23362,1470204
2377,1436008,22006,1545142
2378,1427638,21224,1510102
2379,1409676,20850,1489709
2380,1384713,24050,1464262
2381,1420064,22676,1517350
2382,1421805,21375,1501272
2383,1494322,21075,1636839
2384,1587987,24256,1683093
2385,1488377,30993,1603073
2386,1544450,21878,1642272
2387,1517025,22837,1610953
2388,1600579,23110,1713021
2389,1417676,28070,1507948
2390,1570487,23752,1676459
2391,1442286,20210,1526384
2392,1430693,20725,1537268
2393,1415027,22183,1498450
2394,1382379,23088,1461874
2395,1411509,21917,1490665
2396,1416509,21172,1516309
2397,1415787,21631,1497583
2398,1388065,24887,1469729
2399,1415879,21698,1499798
2400,1617282,29101,1744029
2401,1589839,22893,1684138
2402,1536802,22148,1631838
2403,1391250,25830,1472301
2404,1329529,20474,1415020
2405,1348158,20951,1417183
2406,1318567,20577,1383013
2407,1319104,22704,1383862
2408,1339844,20496,1429282
2409,1338843,20862,1406353
2410,1325566,20487,1393682
2411,1338677,20335,1407103
2412,1316011,22795,1402397
2413,1317529,20365,1380486
2414,1305826,20416,1367760
2415,1298697,21060,1360681
2416,1286475,21816,1363549
2417,1301345,20682,1362156
2418,1295993,20604,1356985
2419,1293697,21155,1352573
2420,1288548,21003,1364550
2421,1291752,21074,1351789
2422,1296030,20255,1354969
2423,1289234,20918,1347558
2424,1297456,21006,1375590
2425,1293752,22151,1355421
2426,1289437,20443,1349269
2427,1297345,20902,1358987
2428,1295400,20824,1388056
2429,1305474,21375,1367237
2430,1292604,21835,1353475
2431,1294215,20146,1353230
2432,1298751,20882,1375596
2433,1300919,20211,1361148
2434,1291918,21986,1352275
2435,1322751,21334,1387047
2436,1306085,21089,1383914
2437,1307011,20955,1368780
2438,1298160,20266,1357498
2439,1302326,22022,1365384
2440,1296141,20203,1372732
2441,1298696,20477,1359246
2442,1300826,20398,1361649
2443,1288437,21969,1348406
2444,1290437,20410,1365383
2445,1303715,20442,1362842
2446,1293344,20883,1353819
2447,1293826,20249,1353167
2448,1283178,21283,1357293
2449,1328158,20408,1390788
2450,1299326,20886,1359748
2451,1288400,20511,1364132
2452,1294289,22064,1353630
2453,1296604,20837,1355885
2454,1287030,20648,1345344
2455,1290382,20347,1365635
2456,1297122,20269,1355520
2457,1280919,21618,1339536
2458,1306178,20929,1367717
2459,1298622,20369,1376508
2460,1298123,20827,1358042
2461,1290141,21232,1349224
2462,1293548,20506,1352572
2463,1291215,20464,1366197
2464,1297326,20608,1356452
2465,1290049,20715,1348170
2466,1276511,22546,1336019
2467,1296141,20560,1373200
2468,1291104,20778,1349862
2469,1285085,20385,1344599
2470,1285753,21623,1346059
2471,1298177,21192,1376091
2472,1296604,20836,1356476
2473,1291400,20425,1351917
2474,1300288,20976,1362209
2475,1283400,22436,1359983
2476,1303845,20487,1363183
2477,1290641,20261,1350031
2478,1291937,21090,1351767
2479,1286197,21661,1362746
2480,1296548,20916,1356816
2481,1295438,20245,1355997
2482,1291993,20834,1352159
2483,1291345,21015,1366840
2484,1287215,22216,1346856
2485,1304659,20915,1364962
2486,1290363,20448,1349995
2487,1286548,20981,1379694
2488,1300382,22293,1361025
2489,1288067,20270,1347280
2490,1292122,20321,1351202
2491,1289030,20095,1366346
2492,1299845,20368,1359082
2493,1283141,21347,1341672
2494,1289178,20231,1349279
2495,1294900,21135,1372145
2496,1297511,20501,1356882
2497,1285789,22665,1345083
2498,1288308,20475,1346652
2499,1306067,20915,1384333
2500,1299474,21615,1361681
2501,1288956,20351,1348603
2502,1293733,22256,1354803
2503,1291048,20529,1366688
2504,1298881,21210,1358850
2505,1294011,20243,1354235
2506,1290400,21870,1351177
2507,1292345,20940,1369228
2508,1298845,21010,1358613
2509,1286974,20246,1344590
2510,1287122,20779,1345993
2511,1287456,21313,1364379
2512,1296975,20198,1355838
2513,1290271,20305,1348815
2514,1292678,20689,1354255
2515,1285141,21575,1362086
2516,1298178,20478,1357100
2517,1291641,20234,1350651
2518,1288030,20100,1363851
2519,1354770,20503,1419308
2520,1294937,22315,1355622
2521,1291289,20199,1349710
2522,1299807,20566,1379779
2523,1307455,20413,1367849
2524,1284345,21984,1343032
2525,1291141,20517,1349509
2526,1289252,20624,1366931
2527,1389694,21509,1465110
2528,1315251,20319,1376422
2529,1295123,22446,1355901
2530,1299992,20553,1379267
2531,1306437,21215,1367133
2532,1298122,20637,1357221
2533,1287845,21782,1347256
2534,1307104,20389,1385788
2535,1309604,21422,1371636
2536,1296511,21047,1357206
2537,1292252,20506,1351776
2538,1288660,21300,1367588
2539,1308659,20758,1369657
2540,1293382,21069,1353005
2541,1293196,20287,1350631
2542,1289696,21710,1366924
2543,1311603,20576,1373623
2544,1289585,20998,1348842
2545,1296382,20605,1356337
2546,1291011,20378,1382944
2547,1302159,21505,1363293
2548,1297438,21075,1355419
2549,1290641,23367,1352322
2550,1296697,20251,1374799
2551,1299697,22119,1361259
2552,1292586,21300,1351403
2553,1288419,20388,1347788
2554,1293419,20273,1369413
2555,1304382,20935,1364446
2556,1292196,22321,1351628
2557,1290826,20984,1348976
2558,1291400,20128,1367934
2559,1299511,20938,1359949
2560,1316048,22510,1378168
2561,1297381,20931,1357405
2562,1294696,20575,1373215
2563,1309733,20663,1370748
2564,1294381,20881,1353429
2565,1285696,21508,1344186
2566,1293455,20374,1369810
2567,1304678,20852,1366288
2568,1295196,20070,1354710
2569,1287622,21548,1347040
2570,1290011,20563,1375795
2571,1303326,20503,1364513
2572,1286122,20184,1343861
2573,1296270,20513,1356153
2574,1285734,21769,1369427
2575,1305585,20506,1366275
2576,1295918,20372,1354253
2577,1293548,20256,1351971
2578,1284641,21272,1372412
2579,1300807,20935,1360871
2580,1294400,20393,1352459
2581,1290790,20371,1365140
2582,1297493,20237,1358766
2583,1281919,21623,1340393
2584,1288196,20378,1345740
2585,1286401,20336,1360902
2586,1293270,20277,1353361
2587,1293456,22589,1354358
2588,1290678,21047,1349354
2589,1287919,20988,1364683
2590,1294215,20150,1354920
2591,1294789,20886,1355952
2592,1285900,22439,1346635
2593,1286679,20768,1361797
2594,1300122,20227,1360163
2595,1288400,20797,1348215
2596,1283641,21646,1342101
2597,1294882,20808,1371374
2598,1297548,20582,1357888
2599,1290086,20911,1348977
2600,1288826,20999,1348028
2601,1298233,21922,1387080
2602,1566006,26566,1668941
2603,1540562,22562,1636696
2604,1496192,22706,1586638
2605,1500081,24666,1625653
2606,1551969,21440,1645907
2607,1522322,21676,1614996
2608,1538377,23116,1631825
2609,1508766,21871,1622506
2610,1484267,35479,1589022
2611,1547747,23975,1643591
2612,1567247,23212,1661642
2613,1522100,22096,1632490
2614,1510711,26742,1602766
2615,1516526,22052,1607298
2616,1545284,23104,1647571
2617,1541988,23933,1656196
2618,1513211,22910,1611897
2619,1516970,29388,1611838
2620,1505896,23051,1598483
2621,1406935,21380,1504295
2622,1337269,20561,1403478
2623,1314252,22262,1378235
2624,1317974,21128,1381527
2625,1329011,21402,1415133
2626,1314918,20435,1377037
2627,1333436,21245,1400921
2628,1305400,22483,1368253
2629,1310993,20220,1392063
2630,1323362,20456,1388873
2631,1304029,20933,1366203
2632,1295308,22134,1357330
2633,1294937,20167,1372529
2634,1301974,20478,1363877
2635,1292196,20789,1352577
2636,1290178,20062,1348573
2637,1311196,22319,1392328
2638,1306882,20592,1369473
2639,1304123,21125,1366913
2640,1289752,20306,1349354
2641,1281197,22285,1360610
2642,1317863,21058,1381179
2643,1301400,21332,1363268
2644,1298085,20698,1374597
2645,1301122,20398,1362501
2646,1305715,22487,1367516
2647,1301122,20557,1360919
2648,1293011,20386,1368804
2649,1292586,21234,1352337
2650,1299993,22454,1361297
2651,1288900,20301,1347053
2652,1288974,20260,1363159
2653,1299567,20645,1359340
2654,1287363,20492,1346336
2655,1288586,21378,1347074
2656,1286660,20393,1361625
2657,1297215,20796,1356806
2658,1297715,20162,1357506
2659,1289382,21789,1348466
2660,1294456,20618,1371499
2661,1299660,20781,1360458
2662,1293103,20536,1350787
2663,1293789,20272,1353764
2664,1288530,21269,1378446
2665,1322696,21728,1388386
2666,1298252,20224,1357216
2667,1304177,20275,1364341
2668,1288678,21847,1366209
2669,1298400,20509,1358723
2670,1293955,20431,1354627
2671,1292918,20482,1351567
2672,1288974,20571,1365266
2673,1294807,21994,1355208
2674,1308789,20971,1369648
2675,1295474,20337,1355477
2676,1291603,20315,1367047
2677,1294937,21960,1355433
2678,1297844,21030,1356781
2679,1296234,20470,1355073
2680,1290975,20355,1367550
2681,1300159,20888,1360065
2682,1292289,21774,1352377
2683,1289382,20492,1348114
2684,1295677,20488,1374461
2685,1297808,20780,1357790
2686,1288178,21518,1347010
2687,1293438,20365,1351320
2688,1291882,20380,1367538
2689,1291585,20746,1351071
2690,1298826,20779,1360474
2691,1286863,21702,1346416
2692,1288141,20568,1363356
2693,1415046,22342,1494886
2694,1321066,20430,1385310
2695,1319400,22761,1383085
2696,1308011,20812,1391248
2697,1318900,20549,1383447
2698,1321881,21711,1385202
2699,1303751,21040,1365384
2700,1296141,21630,1375399
2701,1336048,21015,1402080
2702,1314808,21103,1377391
2703,1300641,21099,1362572
2704,1286845,21763,1365032
2705,1313326,21110,1375361
2706,1300863,20440,1360894
2707,1292400,20380,1368038
2708,1298771,20357,1360219
2709,1293030,22188,1354235
2710,1295789,20665,1355842
2711,1295974,20253,1372097
2712,1305640,20953,1366371
2713,1291993,21969,1352516
2714,1295178,21168,1357234
2715,1290363,20312,1366619
2716,1298493,21030,1357892
2717,1292363,20452,1350981
2718,1286826,22079,1347700
2719,1298177,20389,1374048
2720,1310122,20941,1370877
2721,1295400,20177,1355910
2722,1289141,22119,1350111
2723,1307437,20522,1401791
2724,1301529,20833,1362528
2725,1295549,20440,1355358
2726,1297697,20417,1356668
2727,1288252,21636,1363795
2728,1293696,20558,1352106
2729,1322140,20573,1386564
2730,1303048,20976,1365449
2731,1291660,22566,1370742
2732,1307326,20876,1368294
2733,1302548,20539,1362882
2734,1299808,21275,1361341
2735,1291974,20475,1368540
2736,1291752,21602,1350908
2737,1301178,20708,1360793
2738,1291604,20186,1350826
2739,1287974,20219,1363284
2740,1298030,21697,1359560
2741,1296326,20434,1356000
2742,1289604,20411,1348681
2743,1298363,20888,1375936
2744,1297882,20162,1357672
2745,1291363,21456,1350429
2746,1299493,21118,1360202
2747,1289789,20336,1366180
2748,1296863,20239,1355268
2749,1293715,22236,1353043
2750,1292456,21140,1351484
2751,1287030,20413,1362646
2752,1299141,20335,1358049
2753,1287844,20368,1344193
2754,1299381,22606,1360672
2755,1293252,20509,1369038
2756,1296938,20560,1357423
2757,1297400,20297,1355937
2758,1299678,22479,1361342
2759,1287882,20586,1362893
2760,1299307,20527,1358833
2761,1288086,20911,1346589
2762,1288345,20426,1346547
2763,1359843,21867,1464524
2764,1587895,22474,1692274
2765,1531265,23322,1626142
2766,1584599,22595,1682618
2767,1476619,44389,1603395
2768,1525562,23811,1625594
2769,1521396,21121,1610849
2770,1434509,21228,1517402
2771,1428619,20946,1534861
2772,1401805,23518,1481766
2773,1417749,20921,1495669
2774,1423009,21731,1527313
2775,1407972,21153,1486143
2776,1390324,24836,1472529
2777,1411434,20980,1491098
2778,1613375,21883,1732701
2779,1557543,22416,1653642
2780,1564506,22134,1665082
2781,1463749,28760,1555841
2782,1516970,22441,1654909
2783,1567154,26641,1677238
2784,1497359,21637,1587939
2785,1528821,32097,1631324
2786,1438286,21278,1545025
2787,1427860,21181,1508726
2788,1409268,21418,1491314
2789,1418583,22488,1498773
2790,1409879,23596,1508455
2791,1421471,21370,1502377
2792,1410250,21606,1488114
2793,1411046,21676,1490721
2794,1382676,23932,1479478
2795,1626708,25854,1735857
2796,1562524,22128,1659632
2797,1568728,25012,1670869
2798,1516877,22119,1625162
2799,1546821,27209,1641455
2800,1479118,21612,1568804
2801,1598376,22442,1692408
2802,1431434,20771,1537648
2803,1436564,25194,1525349
2804,1455564,21838,1539326
2805,1422231,21111,1505508
2806,1409935,21274,1516966
2807,1441545,23085,1527573
2808,1390917,23304,1470701
2809,1417379,21226,1500974
2810,1436972,22259,1539747
2811,1625060,44124,1775294
2812,1477118,27511,1570573
2813,1541155,23358,1639845
2814,1480526,23817,1589434
2815,1356084,20665,1427693
2816,1357029,21883,1425781
2817,1312493,22121,1376798
2818,1306159,21469,1389904
2819,1334603,21168,1403474
2820,1326141,21405,1392970
2821,1307437,21902,1369875
2822,1307492,20416,1390074
2823,1305196,20523,1368015
2824,1302493,20871,1362455
2825,1295233,20330,1356007
2826,1295622,22512,1377948
2827,1310177,20397,1371185
2828,1297196,21022,1356699
2829,1293882,20388,1352695
2830,1287085,22089,1364137
2831,1298511,20141,1357744
2832,1290141,20896,1348017
2833,1291734,20206,1349884
2834,1288956,20295,1364138
2835,1290734,21922,1350877
2836,1306197,21047,1366928
2837,1295678,20895,1373146
2838,1302919,20446,1363567
2839,1292808,21962,1351824
2840,1298529,20754,1356820
2841,1293974,20361,1385704
2842,1299937,20820,1361237
2843,1286881,20797,1345659
2844,1296845,22424,1357342
2845,1291141,19586,1366782
2846,1300733,20526,1360018
2847,1291400,21226,1351792
2848,1292993,22445,1353530
2849,1290104,21200,1367674
2850,1297030,20400,1357003
2851,1291141,20563,1350203
2852,1291882,21040,1351902
2853,1284159,21907,1360677
2854,1304344,20496,1363876
2855,1289456,20658,1348021
2856,1295419,21043,1354831
2857,1281807,22003,1356754
2858,1293567,20203,1351565
2859,1284752,20569,1342709
2860,1284308,20305,1340279
2861,1295289,20542,1370293
2862,1288307,21910,1348179
2863,1291252,20294,1350212
2864,1294530,20179,1353226
2865,1303956,20897,1382574
2866,1306196,22672,1368812
2867,1295715,20797,1355586
2868,1297196,20812,1356304
2869,1295196,20752,1372707
2870,1298270,20433,1357332
2871,1284382,21801,1343182
2872,1289289,21148,1347289
2873,1287641,20348,1364821
2874,1296586,19881,1356187
2875,1288234,22007,1348981
2876,1292697,21040,1353421
2877,1290271,20888,1367694
2878,1296993,21921,1358413
2879,1350140,20491,1413778
2880,1294308,22469,1354961
2881,1289586,20854,1366827
2882,1299585,20368,1361120
2883,1290030,20901,1350060
2884,1291326,21769,1351316
2885,1301845,21061,1380645
2886,1299104,20427,1359826
2887,1293826,20553,1353193
2888,1292363,20271,1350615
2889,1288381,22120,1365111
2890,1295178,20227,1355570
2891,1292085,20167,1351826
2892,1297660,20737,1358284
2893,1285974,22401,1364078
2894,1293122,20656,1353092
2895,1350955,20374,1426549
2896,1342195,21536,1410046
2897,1309400,21254,1394931
2898,1302233,22640,1365614
2899,1311900,20433,1373294
2900,1301437,21373,1394216
2901,1319362,20609,1384119
2902,1308474,22681,1370950
2903,1303141,21362,1364687
2904,1300085,21265,1379960
2905,1297215,20538,1357549
2906,1290012,19960,1348619
2907,1287011,20939,1344394
2908,1300512,20805,1377482
2909,1297752,20523,1358811
2910,1294955,20149,1353585
2911,1289530,21590,1349804
2912,1293141,20475,1371726
2913,1303122,20989,1364555
2914,1295937,20355,1356310
2915,1289548,20333,1349028
2916,1295548,21571,1373359
2917,1303640,20659,1363632
2918,1288475,20359,1347906
2919,1283493,20206,1341773
2920,1293678,21722,1371880
2921,1294937,21070,1355525
2922,1293733,20232,1352261
2923,1286696,20172,1344053
2924,1290048,20872,1366734
2925,1291567,23239,1354194
2926,1292400,20457,1352820
2927,1291659,20657,1350390
2928,1295604,20912,1374181
2929,1295548,21983,1355142
2930,1293659,20238,1353471
2931,1292085,21197,1351430
2932,1288048,20378,1361685
2933,1291881,20633,1351162
2934,1291955,22408,1354197
2935,1296289,20867,1355007
2936,1291104,21067,1367262
2937,1299252,21340,1359276
2938,1287567,21356,1346292
2939,1286216,20778,1345085
2940,1299344,21014,1376135
2941,1300325,20417,1360039
2942,1293604,20672,1352257
2943,1287104,21522,1345995
2944,1295123,20943,1371935
2945,1295715,20735,1355246
2946,1287327,20805,1347371
2947,1285530,22006,1344258
2948,1294363,21039,1371308
2949,1298234,20702,1357193
2950,1292844,20716,1352319
2951,1289827,20323,1346833
2952,1287845,21931,1362367
2953,1302196,20205,1359678
2954,1292623,20182,1352507
2955,1295085,20196,1353448
2956,1289919,21638,1366815
2957,1295974,20245,1355181
2958,1295604,20370,1353899
2959,1295826,20107,1354154
2960,1290270,21584,1379113
2961,1295845,21544,1355610
2962,1299956,21207,1359995
2963,1295715,20221,1370491
2964,1324066,20513,1387912
2965,1297751,22455,1359910
2966,1295956,20784,1355295
2967,1294734,20447,1371883
2968,1295826,20405,1354564
2969,1289400,20605,1347893
2970,1285253,22491,1345483
2971,1299660,21635,1378312
2972,1299085,20409,1357919
2973,1295030,20608,1354230
2974,1285586,22383,1345468
2975,1295048,20175,1369222
2976,1297585,20541,1356089
2977,1289678,20500,1348177
2978,1288104,23885,1350044
2979,1283456,22012,1357078
2980,1297715,20804,1356259
2981,1508951,21800,1597787
2982,1532081,21536,1623745
2983,1451897,29718,1563299
2984,1567691,24788,1666348
2985,1533544,22525,1629419
2986,1499711,21688,1591082
2987,1546432,23554,1661688
2988,1474248,33569,1574779
2989,1544543,22973,1640607
2990,1519136,23080,1619974
2991,1595413,22909,1707894
2992,1500434,30554,1597171
2993,1537932,22717,1639055
2994,1498359,23176,1592867
2995,1551858,23116,1677676
2996,1560098,22038,1656931
2997,1461526,25109,1551449
2998,1564266,23068,1664091
2999,1542433,22212,1652161
3000,1409749,20838,1485346
3001,1327344,22113,1396419
3002,1327289,20868,1392266
3003,1348400,20382,1438873
3004,1334121,20693,1399795
3005,1314048,20689,1377217
3006,1318159,22630,1384752
3007,1322715,21626,1409006
3008,1318177,20974,1380558
3009,1312048,21359,1375221
3010,1293215,22023,1353978
3011,1303178,21037,1381714
3012,1305567,20903,1365858
3013,1298012,20918,1357891
3014,1294697,20321,1354295
3015,1298363,21985,1376773
3016,1301067,21277,1361732
3017,1292326,20292,1351950
3018,1288585,20250,1347243
3019,1295900,21822,1388906
3020,1308604,21984,1371513
3021,1295901,20351,1355046
3022,1292715,20606,1352061
3023,1296790,21009,1375260
3024,1295419,21839,1356850
3025,1298437,20335,1359994
3026,1295401,20868,1356157
3027,1293919,20512,1370578
3028,1297029,22028,1357279
3029,1297900,20857,1358608
3030,1291604,20612,1368530
3031,1302140,20108,1361841
3032,1292752,20289,1350559
3033,1285419,22138,1344760
3034,1314382,20153,1396477
3035,1298363,20612,1358770
3036,1302085,20663,1360544
3037,1285845,22179,1345208
3038,1294567,20582,1370518
3039,1294640,20541,1353255
3040,1296493,20611,1354733
3041,1291271,21014,1351062
3042,1292993,21900,1373170
3043,1306067,20693,1367221
3044,1295752,20911,1354810
3045,1288104,20981,1347788
3046,1281752,21533,1359155
3047,1301733,20140,1362669
3048,1291604,21099,1350776
3049,1293345,20873,1352939
3050,1293141,20258,1369138
3051,1296048,21847,1355451
3052,1298438,20251,1356483
3053,1285493,20987,1344165
3054,1289308,20261,1364623
3055,1286864,21758,1347010
3056,1288696,20310,1347135
3057,1284789,20954,1343909
3058,1289067,19894,1364830
3059,1294956,20445,1356104
3060,1292548,21183,1351342
3061,1297715,21179,1358412
3062,1290807,20231,1367445
3063,1295252,20541,1355182
3064,1295900,22372,1356364
3065,1294993,21072,1354341
3066,1292512,20142,1368985
3067,1295215,20286,1355296
3068,1289881,20670,1348255
3069,1286307,21945,1345882
3070,1285604,20219,1361063
3071,1300085,20900,1360170
3072,1617912,20896,1687752
3073,1325067,23856,1388496
3074,1308178,20482,1389436
3075,1309604,20589,1369340
3076,1295289,20677,1353928
3077,1303233,20562,1364294
3078,1307900,21615,1405920
3079,1311418,20574,1372232
3080,1297400,20662,1357895
3081,1294085,20417,1353372
3082,1289807,21581,1367517
3083,1311567,20336,1374735
3084,1294233,20517,1354231
3085,1292345,20513,1351024
3086,1289030,20824,1364445
3087,1292123,21988,1351498
3088,1287622,20298,1344735
3089,1289845,20276,1348231
3090,1289697,21383,1365893
3091,1294807,21991,1356113
3092,1300714,20394,1362016
3093,1296585,20446,1373882
3094,1302085,21553,1362748
3095,1290327,20289,1348300
3096,1288863,22064,1347964
3097,1301196,20246,1379441
3098,1296270,21075,1357659
3099,1373361,20515,1448190
3100,1331844,23197,1399911
3101,1321659,20860,1407703
3102,1353195,21985,1425069
3103,1304622,20481,1365510
3104,1295900,20848,1357303
3105,1293326,21308,1374077
3106,1315362,21100,1380554
3107,1297196,20577,1358551
3108,1292289,20333,1351658
3109,1287270,21330,1365229
3110,1328307,21307,1395558
3111,1301844,20118,1362758
3112,1299530,20336,1360735
3113,1299400,20758,1379768
3114,1301808,22533,1365413
3115,1300382,22510,1362687
3116,1297586,20284,1357924
3117,1296807,20835,1375697
3118,1302401,22129,1364176
3119,1292438,20384,1350394
3120,1294659,21139,1354224
3121,1295808,20561,1373682
3122,1298863,20631,1360030
3123,1288900,21146,1348305
3124,1290364,20661,1348931
3125,1290974,20305,1369852
3126,1299826,20375,1360422
3127,1282938,21983,1342198
3128,1288586,20886,1347101
3129,1292937,20827,1370800
3130,1298604,20175,1359592
3131,1290789,20763,1350385
3132,1308344,21816,1369141
3133,1290808,20404,1366637
3134,1300696,20511,1360651
3135,1293011,23118,1354869
3136,1285679,21449,1344460
3137,1289807,20204,1380436
3138,1300159,20589,1361247
3139,1297715,21103,1357947
3140,1288807,20451,1348091
3141,1284586,21504,1360014
3142,1298382,20333,1359565
3143,1289604,20218,1348525
3144,1282864,20288,1340854
3145,1276900,22063,1352536
3146,1300363,20336,1362050
3147,1287900,20388,1345491
3148,1286938,20569,1344950
3149,1295881,20268,1374612
3150,1298233,21895,1359869
3151,1291160,20317,1350291
3152,1295789,20720,1356064
3153,1292808,20198,1368337
3154,1293900,22176,1354409
3155,1286641,20376,1344183
3156,1286085,20557,1360382
3157,1303845,20220,1364785
3158,1299955,20586,1359781
3159,1283826,21564,1342316
3160,1292549,20709,1368534
3161,1300493,20519,1360567
3162,1297493,20385,1357007
3163,1287196,21475,1345782
3164,1304770,20990,1383833
3165,1307456,21004,1369866
3166,1298066,20648,1359603
3167,1286123,21311,1346599
3168,1286123,21512,1363892
3169,1299993,20822,1360851
3170,1297789,20781,1358032
3171,1287196,21258,1347232
3172,1304992,22089,1387025
3173,1309733,21233,1373262
3174,1297863,20710,1362702
3175,1577543,23317,1672285
3176,1567876,22702,1679225
3177,1454712,26422,1549651
3178,1608579,28343,1711458
3179,1478822,22099,1570790
3180,1583709,23150,1703524
3181,1400028,23888,1486729
3182,1437768,21476,1522817
3183,1423046,21139,1504054
3184,1410880,21246,1509679
3185,1419657,21205,1500953
3186,1377066,23202,1456396
3187,1414935,21476,1495946
3188,1417398,21509,1516794
3189,1425916,21542,1510382
3190,1613468,37039,1725616
3191,1567043,23109,1661150
3192,1556006,22419,1668387
3193,1547525,22230,1641716
3194,1610635,23430,1707507
3195,1428175,28445,1517138
3196,1579543,22330,1719685
3197,1447360,20808,1534203
3198,1425028,21100,1508311
3199,1403028,23134,1485883
3200,1422583,21871,1526970
3201,1421287,21681,1502893
3202,1445379,21992,1530110
3203,1419712,21266,1499496
3204,1385268,25633,1491030
3205,1435083,23333,1518192
3206,1651226,22588,1742554
3207,1554210,22862,1648515
3208,1492285,31599,1613475
3209,1533136,23614,1630175
3210,1506655,22554,1608430
3211,1525895,23254,1623407
3212,1552969,22954,1676661
3213,1454693,26006,1543513
3214,1453768,21706,1540102
3215,1426082,21183,1508857
3216,1418861,21568,1522946
3217,1397806,24010,1479833
3218,1427749,21450,1510143
3219,1417583,22798,1518009
3220,1424379,21312,1506097
3221,1419138,22290,1498834
3222,1502544,24935,1611126
3223,1582006,24042,1700286
3224,1576654,29223,1676097
3225,1469619,22367,1561077
3226,1366251,23846,1441484
3227,1352029,20490,1444702
3228,1338047,20449,1403921
3229,1317622,21148,1381862
3230,1334640,20514,1401302
3231,1304770,22438,1389836
3232,1323566,20563,1388240
3233,1298697,20781,1359180
3234,1295622,20314,1354565
3235,1286548,21682,1364118
3236,1314697,20900,1377428
3237,1298660,20914,1359276
3238,1293900,20484,1353606
3239,1354658,20573,1436933
3240,1306307,22070,1367691
3241,1382991,21825,1458167
3242,1324122,20525,1387349
3243,1302326,21169,1386567
3244,1313029,22481,1375732
3245,1306918,20662,1367635
3246,1301048,20602,1362261
3247,1298197,20394,1378867
3248,1300548,20446,1361900
3249,1297178,21573,1357620
3250,1298308,21031,1358986
3251,1292548,20712,1369537
3252,1297974,20671,1357145
3253,1299659,22094,1360309
3254,1298381,20201,1358527
3255,1289770,19142,1380041
3256,1304030,20397,1364666
3257,1300067,20467,1359959
3258,1287475,21316,1347567
3259,1303548,21127,1383433
3260,1300863,20511,1360966
3261,1303419,20544,1363943
3262,1292530,21542,1352126
3263,1294085,21074,1371436
3264,1319029,20700,1381803
3265,1298159,20196,1357262
3266,1294752,21210,1356406
3267,1284660,21485,1361607
3268,1303659,20222,1363862
3269,1294326,20384,1354469
3270,1292252,21158,1353113
3271,1290159,22229,1367369
3272,1296400,20299,1353865
3273,1297548,20351,1356454
3274,1298326,21032,1360098
3275,1292289,20343,1370316
3276,1296789,21747,1359498
3277,1300197,20391,1360827
3278,1298326,21146,1358731
3279,1291826,20568,1368930
3280,1287030,21732,1346465
3281,1299493,21006,1360794
3282,1296067,20650,1356494
3283,1285845,20220,1363563
3284,1302066,21253,1364522
3285,1293844,22250,1353964
3286,1291881,21153,1370404
3287,1314548,20612,1377289
3288,1293234,20682,1354229
3289,1288104,21809,1347356
3290,1295011,20953,1372574
3291,1299381,20338,1359589
3292,1291345,20870,1350714
3293,1292678,20385,1352692
3294,1296826,22012,1375818
3295,1302678,20434,1362777
3296,1289752,20744,1348829
3297,1288178,20110,1347566
3298,1289529,21867,1367470
3299,1295937,20474,1356855
3300,1289048,20785,1347703
3301,1282548,20206,1341014
3302,1287752,20776,1364398
3303,1288363,22237,1348840
3304,1291289,20177,1349243
3305,1305715,20784,1367905
3306,1292474,21095,1370975
3307,1294400,22703,1356010
3308,1291234,20180,1349117
3309,1284178,20306,1342428
3310,1298992,21098,1378386
3311,1297363,20242,1357345
3312,1288104,21461,1347157
3313,1288104,20328,1346209
3314,1287845,21027,1378334
3315,1298678,20245,1360034
3316,1285975,23317,1346976
3317,1293511,20294,1351879
3318,1287085,21086,1365671
3319,1289696,20230,1349871
3320,1286197,22096,1346700
3321,1281826,21279,1340049
3322,1295659,20386,1370804
3323,1293289,20697,1353429
3324,1288974,20933,1348185
3325,1282271,21227,1341275
3326,1297456,20204,1373511
3327,1300141,20385,1358599
3328,1299215,21011,1358966
3329,1286974,20599,1346832
3330,1281956,21319,1359311
3331,1296364,20685,1357158
3332,1288030,20977,1346451
3333,1318881,20899,1383501
3334,1313511,22155,1393591
3335,1308530,20688,1369976
3336,1292234,20943,1351010
3337,1288048,20273,1346468
3338,1290048,20120,1367908
3339,1294215,22081,1355110
3340,1303455,20984,1363939
3341,1293734,20239,1353305
3342,1288160,20327,1364523
3343,1313955,21121,1378131
3344,1327103,21302,1391386
3345,1319214,20502,1384697
3346,1309900,20794,1395581
3347,1311085,21142,1374115
3348,1296122,21917,1356742
3349,1290678,20542,1365756
3350,1300456,20594,1363049
3351,1297660,20219,1358063
3352,1286011,21420,1345024
3353,1287493,20435,1362982
3354,1293678,20727,1353478
3355,1293382,20816,1353122
3356,1306252,20534,1365933
3357,1295289,21994,1373282
3358,1302400,20583,1362408
3359,1295826,20412,1354941
3360,1462601,23019,1549803
3361,1497156,24998,1605337
3362,1552191,23568,1649072
3363,1512284,24397,1617995
3364,1546876,24726,1644638
3365,1496674,22667,1609005
3366,1494748,27960,1598003
3367,1542136,23215,1633813
3368,1544988,22285,1640994
3369,1504970,21726,1617953
3370,1525822,26982,1622636
3371,1550098,22163,1642872
3372,1525303,22215,1623035
3373,1540692,23785,1668715
3374,1566820,22559,1663415
3375,1499415,30963,1600784
3376,1535803,23644,1631353
3377,1496193,21622,1605720
3378,1525173,23488,1624253
3379,1466564,32781,1565362
3380,1391639,20704,1467286
3381,1365380,20496,1459523
3382,1331807,21436,1398038
3383,1327788,21358,1394942
3384,1304511,22244,1366458
3385,1354492,21018,1442934
3386,1325900,20903,1390709
3387,1307881,20139,1369650
3388,1293085,21840,1353999
3389,1315807,21225,1397605
3390,1313677,21055,1376620
3391,1304326,20254,1364190
3392,1290512,20583,1348983
3393,1288753,21877,1366091
3394,1305030,21095,1366587
3395,1298196,20480,1357083
3396,1296659,20717,1357209
3397,1286271,21492,1362835
3398,1308918,21006,1369665
3399,1304863,20261,1363846
3400,1290530,19405,1347564
3401,1287975,20364,1364041
3402,1319992,22084,1383983
3403,1318862,21321,1383368
3404,1303123,20687,1364086
3405,1297678,20164,1376730
3406,1303585,22254,1366135
3407,1295141,20676,1353687
3408,1287900,20209,1344664
3409,1295826,20353,1373548
3410,1302214,20423,1362137
3411,1291771,21476,1350764
3412,1289715,20268,1364778
3413,1305900,20468,1366478
3414,1296233,20371,1355363
3415,1287308,21591,1346675
3416,1292641,20512,1371060
3417,1303918,20397,1364185
3418,1291382,20393,1352200
3419,1288641,20408,1347418
3420,1285067,21090,1360138
3421,1295585,20919,1354856
3422,1299993,20341,1360204
3423,1294881,20319,1353459
3424,1280789,21335,1354882
3425,1301326,20330,1362619
3426,1297419,20660,1357078
3427,1286363,20211,1344852
3428,1288141,20522,1366440
3429,1294863,21853,1354196
3430,1290974,21330,1350655
3431,1291308,21067,1350837
3432,1286511,20266,1374554
3433,1296715,22412,1357607
3434,1301271,20408,1362492
3435,1289196,20200,1347544
3436,1288530,20288,1366762
3437,1296493,20395,1357850
3438,1291345,21837,1352774
3439,1287104,20352,1346585
3440,1293808,20274,1370691
3441,1298030,20640,1358984
3442,1294326,22007,1354277
3443,1288289,20355,1346218
3444,1288437,20425,1363658
3445,1300659,20847,1361469
3446,1298085,20269,1359502
3447,1281252,21618,1339722
3448,1290844,20318,1366365
3449,1295919,20610,1355787
3450,1292344,20217,1351246
3451,1283530,21733,1342558
3452,1292937,21007,1368517
3453,1294382,20280,1353402
3454,1296474,20350,1356713
3455,1287622,20365,1347209
3456,1286475,21455,1362132
3457,1300215,20302,1359331
3458,1295066,21039,1355809
3459,1289493,20350,1348527
3460,1285863,21532,1364098
3461,1296048,20713,1355687
3462,1296418,21080,1357164
3463,1292252,20390,1351086
3464,1292789,20220,1366915
3465,1289289,21439,1348561
3466,1303770,20620,1365168
3467,1290160,20153,1348349
3468,1288567,20020,1362363
3469,1293770,21739,1353990
3470,1292863,20661,1350468
3471,1289012,20342,1346038
3472,1307030,21134,1392977
3473,1351806,20927,1415825
3474,1299326,22331,1360434
3475,1302900,20364,1379059
3476,1311548,21008,1374148
3477,1297512,20949,1358033
3478,1289974,21668,1348864
3479,1292734,20479,1369137
3480,1316085,20993,1380189
3481,1298271,20212,1358815
3482,1295733,20208,1354792
3483,1290567,21631,1368178
3484,1298697,20886,1357785
3485,1289678,20512,1347059
3486,1300678,20656,1360147
3487,1291474,22338,1369404
3488,1297419,20538,1356715
3489,1290455,20478,1349378
3490,1294660,20196,1355744
3491,1290826,20359,1379610
3492,1294492,21671,1354719
3493,1298085,20834,1357918
3494,1299715,20181,1360599
3495,1301270,20492,1378335
3496,1294530,21119,1352981
3497,1290622,20411,1348737
3498,1290919,20315,1350325
3499,1291678,20329,1366062
3500,1301677,21177,1362021
3501,1282382,21619,1341815
3502,1288937,20244,1347421
3503,1291474,20481,1366787
3504,1296900,21125,1356191
3505,1282308,21863,1340429
3506,1289474,20266,1347703
3507,1292918,20966,1369124
3508,1300659,20666,1359324
3509,1292733,20458,1350876
3510,1283993,21103,1342058
3511,1284011,20581,1359313
3512,1291511,20447,1349291
3513,1285604,20424,1343102
3514,1287863,21477,1347469
3515,1304419,20992,1383039
3516,1299085,21228,1359368
3517,1300900,20280,1363790
3518,1297307,20720,1357545
3519,1287234,21847,1363709
3520,1301863,21047,1362576
3521,1289956,20357,1348850
3522,1290363,20631,1348623
3523,1281123,21295,1354732
3524,1303252,21180,1363209
3525,1289401,20380,1347909
3526,1288030,20820,1349071
3527,1286549,20316,1361400
3528,1293567,22850,1353620
3529,1292807,20272,1351190
3530,1291530,20953,1350316
3531,1289993,20301,1366219
3532,1302715,21891,1363790
3533,1290123,21183,1349175
3534,1288660,20309,1348486
3535,1291197,20953,1368778
3536,1299067,20467,1358404
3537,1283271,20613,1341660
3538,1298419,20590,1357915
3539,1288345,20660,1364004
3540,1347806,20489,1417980
3541,1317733,22894,1384219
3542,1310844,20890,1393603
3543,1306085,20812,1368600
3544,1303937,21141,1364170
3545,1294141,20507,1354425
3546,1287789,24764,1369996
3547,1307307,21019,1369085
3548,1294567,20997,1354248
3549,1303308,20511,1364503
3550,1287696,21619,1380203
3551,1300326,21041,1363163
3552,1297326,20426,1355900
3553,1291697,20329,1349673
3554,1286585,21177,1361465
3555,1298623,21971,1359963
3556,1302826,20337,1362533
3557,1293363,20407,1353029
3558,1291474,20773,1369543
3559,1291863,21863,1351948
3560,1301308,20452,1362036
3561,1294030,20948,1354199
3562,1284808,21036,1361436
3563,1300048,20847,1361098
3564,1292307,22233,1351929
3565,1294641,20229,1353425
3566,1292882,20966,1369883
3567,1300326,20721,1360491
3568,1286271,21700,1344970
3569,1293789,20251,1352688
3570,1285345,21043,1361295
3571,1296585,20280,1355346
3572,1287845,20313,1345009
3573,1285197,21681,1343395
3574,1288419,21343,1364576
3575,1288789,21339,1347628
3576,1289438,20372,1347087
3577,1283160,21221,1342103
3578,1292160,21477,1369320
3579,1299918,20621,1359724
3580,1295826,20487,1356497
3581,1292604,20742,1351105
3582,1288178,21517,1365491
3583,1292438,20384,1351672
3584,1323826,20602,1386649
3585,1297696,20987,1363349
3586,1508322,24076,1615156
3587,1564561,23017,1663651
3588,1534377,23568,1628166
3589,1608597,24935,1709827
3590,1486192,23264,1597288
3591,1527599,27409,1630451
3592,1463267,21294,1549208
3593,1426731,22623,1510853
3594,1420194,23693,1528238
3595,1391139,23542,1469792
3596,1420935,22742,1506527
3597,1413324,23479,1494301
3598,1421194,22530,1523463
3599,1475489,22804,1559236
3600,1379454,24931,1459495
3601,1507525,23038,1638932
3602,1589079,23460,1708574
3603,1575098,22437,1671516
3604,1495526,23935,1581255
3605,1517563,22505,1630121
3606,1582432,23704,1682745
3607,1485637,21978,1575836
3608,1600746,22807,1698922
3609,1367472,26471,1497257
3610,1476119,23393,1566807
3611,1429787,24222,1517822
3612,1423305,21570,1506485
3613,1389139,24308,1489779
3614,1432694,21897,1515367
3615,1410676,20967,1491086
3616,1420639,22166,1501285
3617,1416157,21681,1514225
3618,1596469,23937,1689034
3619,1575283,23600,1672808
3620,1569154,22596,1666322
3621,1522766,22703,1636319
3622,1455934,26552,1550818
3623,1545154,23826,1642182
3624,1510581,22525,1614771
3625,1511600,21929,1623101
3626,1449860,22258,1538394
3627,1401806,24292,1484134
3628,1432842,21640,1513722
3629,1413620,25432,1519625
3630,1419416,21410,1503806
3631,1391843,24000,1470397
3632,1417379,22181,1500207
3633,1430824,21695,1534387
3634,1638967,21395,1729102
3635,1554099,24280,1652229
3636,1518118,30869,1616375
3637,1491304,22514,1599612
3638,1378695,22972,1455296
3639,1344844,20839,1412941
3640,1328252,23188,1397049
3641,1331066,20536,1415397
3642,1328251,21161,1393153
3643,1304863,20491,1365316
3644,1318029,20505,1381311
3645,1295844,21965,1373790
3646,1314159,21424,1377953
3647,1301456,20624,1362153
3648,1288678,20472,1347686
3649,1292475,21506,1369109
3650,1300993,21187,1362179
3651,1297715,20387,1358397
3652,1294048,20457,1354282
3653,1292789,20953,1369426
3654,1296382,22561,1357127
3655,1291937,20594,1349882
3656,1290529,20571,1348526
3657,1296882,20790,1374318
3658,1297956,22342,1358890
3659,1291104,20709,1349960
3660,1286400,20112,1345049
3661,1298678,21052,1377803
3662,1303937,20771,1365077
3663,1287604,21453,1347723
3664,1324733,20282,1411292
3665,1816519,54444,1976591
3666,1490748,25033,1578928
3667,1333658,22401,1400411
3668,1321196,20416,1419536
3669,1338177,21560,1404106
3670,1309974,20537,1371529
3671,1297493,20496,1357506
3672,1296067,21327,1372577
3673,1314956,21304,1376907
3674,1298882,20541,1359477
3675,1296345,20259,1355566
3676,1283845,21645,1359174
3677,1311493,21400,1373114
3678,1291752,20544,1352555
3679,1294437,20614,1354069
3680,1293734,20740,1368769
3681,1295937,22589,1358414
3682,1294141,20363,1352688
3683,1287474,20210,1346073
3684,1286141,20743,1360735
3685,1290530,22481,1351529
3686,1302178,20459,1363803
3687,1294437,20418,1353743
3688,1290012,20303,1366757
3689,1306067,20539,1368161
3690,1291604,21685,1351547
3691,1294696,21310,1354376
3692,1291771,20565,1369242
3693,1309863,20710,1370016
3694,1289623,21633,1349310
3695,1289548,20962,1348213
3696,1299178,20143,1375394
3697,1305826,20639,1366501
3698,1295826,21302,1356942
3699,1294012,22373,1355476
3700,1301381,20517,1379564
3701,1301530,20550,1361449
3702,1320399,21379,1385926
3703,1305696,22710,1369294
3704,1306585,20243,1384660
3705,1321677,21406,1386119
3706,1306955,21550,1369967
3707,1299345,20694,1360390
3708,1295308,21506,1379905
3709,1310011,20761,1372105
3710,1293864,21239,1354175
3711,1290271,20290,1348023
3712,1281437,21306,1357354
3713,1305122,20173,1365405
3714,1295067,21298,1355290
3715,1295381,20905,1354934
3716,1291141,20475,1366449
3717,1295363,21510,1355780
3718,1300456,21321,1362331
3719,1292974,20372,1352642
3720,1296826,20405,1374063
3721,1297641,22180,1358524
3722,1300715,21065,1360279
3723,1284956,20246,1343090
3724,1286475,20557,1361530
3725,1313585,20442,1375785
3726,1291512,21921,1351857
3727,1295493,20269,1355001
3728,1291733,20376,1381571
3729,1297677,20390,1357253
3730,1290197,21980,1350398
3731,1295900,20476,1372912
3732,1297400,20324,1356464
3733,1298733,20301,1358701
3734,1293808,20835,1354512
3735,1284790,21332,1360565
3736,1300289,20532,1359949
3737,1286234,20565,1345186
3738,1300159,20153,1361275
3739,1288456,21650,1364939
3740,1547784,23924,1648373
3741,1528432,22105,1624425
3742,1498360,23305,1592033
3743,1554654,23153,1665324
3744,1500323,34594,1609471
3745,1515081,23609,1607448
3746,1574728,23031,1668647
3747,1533525,22305,1647699
3748,1509674,28487,1607623
3749,1520748,22058,1616137
3750,1579153,22424,1679021
3751,1528617,24086,1641388
3752,1540173,22583,1632365
3753,1441287,27302,1533124
3754,1554228,23057,1650747
3755,1567339,22442,1679780
3756,1499526,22068,1592259
3757,1493692,26065,1588127
3758,1546025,23987,1642899
3759,1434471,20983,1537249
3760,1347103,20849,1415507
3761,1313955,20327,1376596
3762,1300697,21769,1363983
3763,1349566,20857,1438737
3764,1327993,20853,1391271
3765,1320270,20238,1383044
3766,1330085,22421,1395949
3767,1325399,20694,1411000
3768,1324103,21320,1387700
3769,1319473,20686,1381974
3770,1307400,21405,1370452
3771,1314974,22143,1399708
3772,1318937,20935,1381538
3773,1303271,20820,1365738
3774,1292048,21001,1352456
3775,1290901,21943,1370231
3776,1309788,21457,1371653
3777,1297307,20453,1357186
3778,1292215,20301,1350627
3779,1302215,21186,1381733
3780,1302955,22369,1365194
3781,1299382,20476,1358560
3782,1289197,20287,1347593
3783,1301418,20875,1378181
3784,1296456,22354,1357531
3785,1291049,20331,1350935
3786,1293234,20327,1351616
3787,1289919,20972,1380037
3788,1302826,20190,1361774
3789,1285067,21483,1343309
3790,1290104,20850,1349434
3791,1305956,21383,1386467
3792,1303696,20842,1363982
3793,1286956,21524,1346109
3794,1305363,20372,1364531
3795,1294845,20812,1373786
3796,1300567,20771,1359967
3797,1297881,20397,1358389
3798,1284974,21598,1362053
3799,1302400,20298,1361364
3800,1296882,20257,1356008
3801,1289604,20271,1348486
3802,1289048,21695,1366260
3803,1301807,20450,1360645
3804,1300159,20853,1359419
3805,1293548,20608,1353693
3806,1285141,20271,1362670
3807,1289030,21250,1347224
3808,1297752,21190,1359867
3809,1295363,20464,1356364
3810,1291418,20090,1366804
3811,1287882,21402,1347524
3812,1305677,20972,1367316
3813,1290381,20320,1349256
3814,1322233,20168,1399400
3815,1308122,20627,1369766
3816,1291771,22068,1352690
3817,1302049,20287,1363501
3818,1293012,20671,1371682
3819,1299344,20667,1360641
3820,1291104,21276,1349861
3821,1287493,20327,1346412
3822,1290826,20268,1368352
3823,1300085,20931,1362348
3824,1294567,20278,1355159
3825,1287548,22257,1348083
3826,1294567,20327,1371745
3827,1292123,20786,1351371
3828,1291196,20319,1349441
3829,1277993,22391,1337253
3830,1286604,20609,1362434
3831,1297474,20290,1357912
3832,1288586,20323,1347019
3833,1287511,20541,1345904
3834,1283752,21872,1361456
3835,1301270,20331,1362489
3836,1293623,20790,1352263
3837,1288789,20212,1346334
3838,1284567,21172,1359942
3839,1298697,20205,1357919
3840,1296530,20997,1356804
3841,1287937,20827,1347467
3842,1293660,20489,1372944
3843,1292363,21950,1353757
3844,1288864,21112,1347475
3845,1287733,20942,1347989
3846,1282549,20456,1373726
3847,1292511,21453,1353631
3848,1296808,20987,1356256
3849,1291419,21205,1350086
3850,1286679,20256,1361730
3851,1306048,20789,1367651
3852,1285122,21731,1345205
3853,1286937,20764,1346201
3854,1298641,20575,1377067
3855,1298418,20886,1358618
3856,1288048,21698,1348190
3857,1296789,20898,1358278
3858,1292290,20134,1368700
3859,1299678,20260,1360511
3860,1298048,20978,1358803
3861,1287419,21901,1364893
3862,1300734,20360,1360019
3863,1288141,20319,1347219
3864,1296308,21038,1355678
3865,1284178,21868,1359860
3866,1299604,19809,1358967
3867,1292715,20545,1351649
3868,1290993,21078,1350589
3869,1290067,20241,1365048
3870,1294974,22035,1356638
3871,1290567,20364,1348301
3872,1303511,21101,1364444
3873,1294586,20912,1372885
3874,1292492,23076,1353234
3875,1301585,20386,1360767
3876,1292512,20901,1351986
3877,1291159,21008,1368722
3878,1300660,20226,1362051
3879,1282474,21427,1341068
3880,1285252,20275,1343249
3881,1290585,20327,1367133
3882,1294678,20378,1354667
3883,1284641,21505,1342609
3884,1290419,20334,1347975
3885,1287215,20312,1362582
3886,1311141,20345,1372596
3887,1291048,20100,1350037
3888,1287882,21690,1346460
3889,1295567,20927,1373548
3890,1297511,20404,1357248
3891,1285715,20160,1343467
3892,1289142,21583,1347390
3893,1293752,20783,1370219
3894,1293882,20019,1353919
3895,1286826,20182,1346341
3896,1284049,20585,1344096
3897,1286474,21620,1362056
3898,1293382,20782,1353626
3899,1290012,20167,1348641
3900,1284012,20497,1341841
3901,1284845,21864,1360856
3902,1295141,21101,1355741
3903,1292160,20338,1351182
3904,1289030,20815,1347622
3905,1287993,20885,1379618
3906,1296623,22012,1357615
3907,1290975,20360,1350111
3908,1280938,20152,1338534
3909,1312215,21074,1394584
3910,1305548,22405,1367897
3911,1296548,20364,1356319
3912,1289215,20119,1346834
3913,1296475,20374,1372885
3914,1298715,20296,1357714
3915,1288975,21812,1349212
3916,1292290,20382,1350041
3917,1293067,20267,1369740
3918,1301586,20985,1362699
3919,1287197,21909,1347660
3920,1294308,20238,1353489
3921,1296419,20382,1374707
3922,1300993,20471,1361111
3923,1288345,20559,1347348
3924,1288937,22279,1366622
3925,1311418,20627,1372507
3926,1298160,20697,1356115
3927,1290512,20433,1349037
3928,1284771,21616,1359812
3929,1306937,20538,1366011
3930,1291752,20460,1351304
3931,1289919,20659,1347281
3932,1300604,20285,1377369
3933,1300659,23319,1365367
3934,1296789,20353,1355548
3935,1287289,20774,1346785
3936,1286993,20456,1363170
3937,1293493,21768,1353371
3938,1289937,20319,1348015
3939,1290160,20575,1350252
3940,1287568,20163,1363636
3941,1297567,20344,1358892
3942,1294437,21490,1355371
3943,1288418,21078,1346348
3944,1282512,20297,1356140
3945,1298011,21163,1358007
3946,1289660,21568,1350060
3947,1291030,20304,1348741
3948,1290697,20356,1367126
3949,1296586,20611,1355325
3950,1291918,21441,1352007
3951,1283011,21549,1341819
3952,1294067,20934,1368444
3953,1294216,20541,1353552
3954,1294493,20463,1353603
3955,1281530,21294,1339212
3956,1297826,20882,1373244
3957,1314233,20341,1377740
3958,1307418,20541,1367125
3959,1354566,21166,1418620
3960,1291382,21886,1370544
3961,1299030,20530,1359263
3962,1295882,20285,1355426
3963,1291659,20855,1350681
3964,1287067,21519,1376678
3965,1297419,20349,1357600
3966,1310492,20271,1372596
3967,1297270,20896,1356759
3968,1293067,20318,1369754
3969,1294845,21649,1355233
3970,1299196,20608,1358396
3971,1294178,20900,1353244
3972,1285326,20229,1358777
3973,1292845,22134,1353404
3974,1299660,20149,1359659
3975,1290974,20904,1349192
3976,1289289,20307,1363744
3977,1299752,20489,1358592
3978,1313141,21597,1378052
3979,1306048,20889,1366140
3980,1295252,20256,1371933
3981,1301215,20418,1360762
3982,1289826,21860,1350963
3983,1293512,21115,1353700
3984,1292771,20259,1368733
3985,1299363,20292,1359970
3986,1292011,21233,1352132
3987,1284363,22008,1359926
3988,1296956,20356,1355811
3989,1280623,20500,1339474
3990,1298308,21144,1360803
3991,1286919,22271,1363670
3992,1300881,24008,1363333
3993,1289622,20671,1348144
3994,1302160,20666,1362492
3995,1291604,21181,1368765
3996,1289493,21864,1348615
3997,1300363,20674,1362481
3998,1561414,23374,1659304
3999,1574153,24759,1696818
4000,1483896,31775,1581466
4001,1595764,22808,1692423
4002,1485656,21267,1574977
4003,1579469,23170,1699785
4004,1433842,20685,1518414
4005,1398120,22941,1478097
4006,1416527,22863,1500704
4007,1414195,21915,1513144
4008,1414676,20948,1495900
4009,1404065,23408,1486101
4010,1424508,23608,1504893
4011,1411324,22326,1516241
4012,1417508,21155,1495885
4013,1592653,24577,1691618
4014,1491822,25500,1586192
4015,1569636,22478,1681149
4016,1547655,22937,1644423
4017,1588302,23914,1684418
4018,1440601,30893,1538493
4019,1531766,25093,1659708
4020,1506452,22033,1598724
4021,1430509,22196,1514666
4022,1427361,22618,1511014
4023,1394176,23837,1512437
4024,1421768,22648,1503211
4025,1429916,22755,1514078
4026,1415269,23066,1498000
4027,1383954,24563,1483257
4028,1428879,22967,1512363
4029,1449638,22537,1621950
4030,1593543,23607,1691481
4031,1564080,23918,1678311
4032,1500396,26545,1595402
4033,1514377,23448,1607954
4034,1585432,23463,1688356
4035,1488989,21959,1598520
4036,1551562,31067,1653461
4037,1425361,21230,1509848
4038,1410139,20781,1494974
4039,1421138,22018,1527821
4040,1417009,21551,1500244
4041,1398583,23697,1478649
4042,1413027,21322,1493182
4043,1402547,21429,1505122
4044,1428101,21407,1509266
4045,1385602,23645,1464561
4046,1673522,21345,1767347
4047,1554395,21896,1673993
4048,1551395,22559,1646230
4049,1436545,21018,1517636
4050,1325826,23163,1392729
4051,1340437,20622,1433242
4052,1336770,20211,1402072
4053,1304382,20336,1366161
4054,1307271,21834,1388473
4055,1353676,21052,1423191
4056,1314159,20640,1377410
4057,1313881,20303,1376758
4058,1313141,20410,1398216
4059,1305178,21722,1367233
4060,1320863,20848,1384747
4061,1304548,20825,1366817
4062,1303123,20488,1384498
4063,1315956,21800,1378477
4064,1304623,21241,1366955
4065,1295882,20237,1357155
4066,1299345,20900,1380798
4067,1306696,21081,1369702
4068,1284289,21856,1344441
4069,1292734,20259,1352844
4070,1309011,20348,1391617
4071,1313104,21140,1374373
4072,1290233,22397,1351889
4073,1298400,20245,1358533
4074,1290530,20278,1366622
4075,1300567,21070,1360562
4076,1292419,21085,1351614
4077,1280438,21934,1340815
4078,1296437,20375,1376311
4079,1301289,20982,1363177
4080,1298882,21015,1361007
4081,1290290,21975,1351486
4082,1298863,20453,1392648
4083,1304714,20856,1365478
4084,1295178,20982,1354715
4085,1288678,20348,1347137
4086,1286789,21772,1364097
4087,1298715,20620,1357297
4088,1298567,20986,1359182
4089,1287752,20315,1346159
4090,1282605,21590,1357860
4091,1305974,20790,1367208
4092,1294937,20971,1353815
4093,1301752,20264,1363682
4094,1302585,20556,1383233
4095,1303270,22072,1365286
4096,1319733,20920,1379986
4097,1301678,20342,1361408
4098,1294049,20208,1372404
4099,1295066,21576,1355883
4100,1295641,21220,1354638
4101,1294919,20087,1355079
4102,1294122,20120,1371297
4103,1299752,20820,1361737
4104,1285937,22113,1346383
4105,1292938,20257,1351361
4106,1286622,20383,1363542
4107,1297993,21138,1359260
4108,1285530,21673,1344110
4109,1289641,20706,1347902
4110,1287734,20480,1363879
4111,1297400,20291,1357709
4112,1298770,20194,1356871
4113,1283733,21228,1341554
4114,1287012,20336,1363328
4115,1297808,20609,1357787
4116,1302918,20939,1364357
4117,1293289,22084,1371150
4118,1299974,20506,1360646
4119,1383306,20484,1469455
4120,1569413,23517,1665892
4121,1514804,21920,1622481
4122,1448101,27844,1546869
4123,1563562,23525,1658437
4124,1504766,24225,1597175
4125,1576135,24554,1692817
4126,1485656,28514,1583632
4127,1535303,22066,1629330
4128,1508489,22340,1598494
4129,1575006,22577,1703988
4130,1559191,21795,1656540
4131,1453749,29440,1547595
4132,1531840,30696,1632516
4133,1524822,22933,1639215
4134,1564877,24392,1666600
4135,1493582,30815,1591599
4136,1515600,24459,1610353
4137,1550321,24622,1667385
4138,1490322,23692,1582550
4139,1377139,20781,1452771
4140,1319307,22315,1383195
4141,1321918,21218,1424617
4142,1331715,21955,1400817
4143,1317289,20377,1379276
4144,1312178,21986,1374107
4145,1321252,20722,1403325
4146,1329455,20719,1395173
4147,1304030,20437,1365114
4148,1304807,20544,1365499
4149,1288641,21560,1368644
4150,1298789,20297,1359159
4151,1287753,20682,1347581
4152,1294085,20215,1352985
4153,1285215,21601,1362593
4154,1309345,20467,1372144
4155,1292437,20852,1353511
4156,1322140,20700,1383414
4157,1304215,20807,1384799
4158,1316382,22231,1379870
4159,1303567,20745,1364089
4160,1294919,20241,1352530
4161,1289252,20293,1365581
4162,1293678,21772,1354079
4163,1294123,20638,1353704
4164,1294381,20227,1352997
4165,1296103,20482,1372881
4166,1302956,21145,1363618
4167,1286030,22124,1346320
4168,1295530,20138,1352779
4169,1305455,21190,1384515
4170,1308085,22908,1373011
4171,1295363,21591,1357046
4172,1304103,21105,1365505
4173,1294419,20231,1371241
4174,1298659,20468,1360052
4175,1293678,21242,1356530
4176,1287919,21794,1346065
4177,1286512,20679,1361894
4178,1297474,20527,1356334
4179,1295845,20931,1356719
4180,1284549,21947,1360402
4181,1303549,20850,1364972
4182,1290363,20272,1350783
4183,1290993,20750,1349816
4184,1297233,22783,1376608
4185,1294030,22447,1355476
4186,1293975,20350,1352342
4187,1291808,20939,1351283
4188,1283678,20416,1360760
4189,1293511,22858,1354684
4190,1291807,20447,1349939
4191,1283826,21165,1343046
4192,1289679,20383,1364190
4193,1301159,20380,1362612
4194,1288493,21766,1348665
4195,1293918,20466,1352272
4196,1288697,20869,1363824
4197,1305566,20698,1365968
4198,1287011,21307,1347577
4199,1295123,20821,1354739
4200,1283790,20873,1371735
4201,1308715,20462,1368990
4202,1289659,20291,1350117
4203,1280660,21325,1339855
4204,1325752,20618,1412535
4205,1330214,21243,1396179
4206,1301104,20221,1360731
4207,1283382,21218,1341155
4208,1303752,20770,1383391
4209,1310585,21136,1372980
4210,1299178,20392,1361365
4211,1294012,20758,1353732
4212,1297881,21922,1378488
4213,1310974,20900,1373132
4214,1294308,20470,1354517
4215,1292419,20744,1349773
4216,1284308,21723,1359937
4217,1304493,20700,1365173
4218,1293641,20270,1353262
4219,1291863,20711,1351073
4220,1287382,20318,1362273
4221,1296012,22797,1356807
4222,1292974,20311,1352026
4223,1292548,20215,1350911
4224,1289401,20359,1364277
4225,1295011,22190,1356663
4226,1290160,20575,1348770
4227,1287882,20385,1345544
4228,1295938,20659,1372132
4229,1299103,21322,1358425
4230,1285494,21375,1343978
4231,1292030,20815,1350271
4232,1291030,20589,1367044
4233,1301567,20382,1362262
4234,1289993,21675,1350927
4235,1290882,20245,1349275
4236,1289845,20686,1364659
4237,1302011,20515,1362026
4238,1293122,20641,1352559
4239,1284419,21323,1342871
4240,1292845,20727,1367922
4241,1295437,20353,1356437
4242,1291382,20349,1350896
4243,1284512,22179,1359912
4244,1301401,20657,1360667
4245,1286493,20079,1345423
4246,1296382,20168,1356641
4247,1290197,20923,1365841
4248,1290086,22013,1349524
4249,1287160,20416,1344686
4250,1285215,20061,1343571
4251,1291067,20890,1366585
4252,1284530,21609,1343083
4253,1293826,20309,1353153
4254,1294548,20824,1354890
4255,1341473,20579,1427107
4256,1306233,20316,1366271
4257,1297363,22035,1359787
4258,1292344,20457,1352098
4259,1283290,20342,1374945
4260,1303659,20709,1364219
4261,1288993,21169,1347569
4262,1291475,20554,1350028
4263,1299437,20791,1377801
4264,1300382,20454,1359538
4265,1291919,20616,1349497
4266,1285975,22003,1346421
4267,1289548,20221,1364231
4268,1292752,20402,1351228
4269,1294493,20306,1354001
4270,1285178,21229,1343962
4271,1289993,20188,1365217
4272,1294993,20202,1353657
4273,1294493,20291,1354394
4274,1297345,20361,1356316
4275,1282011,21192,1357888
4276,1295400,20262,1353717
4277,1292660,20332,1351269
4278,1356843,21106,1429245
4279,1302326,22640,1384539
4280,1312808,20822,1375647
4281,1299937,20318,1358773
4282,1297734,20369,1358121
4283,1297234,20662,1376913
4284,1290400,21622,1350818
4285,1304882,20266,1365536
4286,1296307,20429,1357125
4287,1288419,20443,1365676
4288,1293771,21404,1353340
4289,1300103,20696,1360633
4290,1298123,20340,1360092
4291,1295937,20577,1373569
4292,1299456,20536,1361436
4293,1295678,21385,1354377
4294,1292734,20659,1352355
4295,1292881,20155,1366925
4296,1291030,20522,1350032
4297,1285660,21667,1343085
4298,1295345,20256,1354192
4299,1292789,20270,1367651
4300,1294234,20415,1353629
4301,1298493,20300,1358699
4302,1294289,21223,1354808
4303,1295660,21052,1373303
4304,1295734,21289,1356707
4305,1296215,20285,1356314
4306,1302641,21708,1364793
4307,1291752,20871,1369863
4308,1298382,20571,1357859
4309,1294012,20252,1352966
4310,1291734,20952,1368888
4311,1289049,21542,1349608
4312,1301437,20927,1360845
4313,1285382,20256,1344397
4314,1293438,20882,1371170
4315,1292789,21842,1353501
4316,1288937,20468,1346330
4317,1293308,20964,1353215
4318,1291937,20608,1384174
4319,1360473,21400,1425632
4320,1297253,22194,1359056
4321,1297493,20616,1358127
4322,1289734,20390,1367956
4323,1307956,21349,1368878
4324,1320455,22494,1384930
4325,1303659,21046,1363890
4326,1316234,20320,1399811
4327,1304734,21279,1366715
4328,1296234,20516,1356915
4329,1292270,22032,1353376
4330,1312418,20435,1396111
4331,1311826,21005,1374052
4332,1302400,20353,1361715
4333,1282105,21573,1340380
4334,1299049,20624,1377338
4335,1305548,20509,1366594
4336,1291104,20357,1348701
4337,1289900,20909,1349382
4338,1288641,21869,1365509
4339,1295271,22069,1357209
4340,1291196,20435,1349279
4341,1286530,20654,1345572
4342,1284382,21947,1360606
4343,1293622,21091,1354417
4344,1294863,20217,1352561
4345,1286512,20676,1344391
4346,1292455,20357,1353016
4347,1289252,22095,1350032
4348,1290363,20629,1348287
4349,1289345,20754,1348524
4350,1285956,20343,1345428
4351,1279771,21433,1338351
4352,1287567,20336,1345088
4353,1297252,21240,1358602
4354,1289123,20365,1347154
4355,1301603,20528,1361872
4356,1288789,21359,1346944
4357,1291845,20355,1349162
4358,1303641,20999,1365695
4359,1298270,20328,1358413
4360,1290660,21678,1349855
4361,1301122,20803,1360906
4362,1292901,20392,1351699
4363,1287715,20073,1345251
4364,1294844,20125,1352858
4365,1282196,21270,1340392
4366,1289900,20192,1347499
4367,1293252,20170,1352958
4368,1289901,20055,1347566
4369,1286363,21608,1345137
4370,1315899,20289,1379706
4371,1293863,20322,1353018
4372,1295530,20596,1354051
4373,1287493,20481,1346547
4374,1283734,21441,1342989
4375,1292919,20345,1350522
4376,1295104,21007,1355203
4377,1288733,20948,1347662
4378,1290530,22501,1352215
4379,1293456,20701,1352637
4380,1293438,20641,1351615
4381,1300307,20100,1359148
4382,1292567,20559,1351440
4383,1279956,21945,1339234
4384,1290196,20460,1346915
4385,1287308,20456,1345819
4386,1286753,20859,1345870
4387,1278734,21931,1337868
4388,1288845,20371,1346938
4389,1292622,20219,1352174
4390,1292641,20900,1353022
4391,1284882,20137,1342704
4392,1283141,22116,1340794
4393,1306900,21279,1368826
4394,1287141,20719,1346489
4395,1289974,20475,1348134
4396,1284548,21398,1342446
4397,1296160,20635,1357090
4398,1291567,20742,1350660
4399,1290956,20479,1349915
4400,1289456,20512,1350059
4401,1294660,22046,1356575
4402,1289418,20579,1349238
4403,1287141,20298,1345734
4404,1296826,20460,1355230
4405,1287771,21235,1346579
4406,1291104,20306,1350483
4407,1292993,20542,1352460
4408,1290419,20335,1349494
4409,1387102,20442,1472339
4410,1543210,24439,1636426
4411,1563783,22157,1660329
4412,1499563,21876,1590345
4413,1543062,24983,1641710
4414,1440250,25165,1529339
4415,1591635,22773,1689258
4416,1413935,20824,1497499
4417,1423268,21654,1506235
4418,1415601,21631,1498120
4419,1385139,24980,1464155
4420,1422824,21476,1504095
4421,1418509,21843,1500239
4422,1415250,21857,1495476
4423,1388602,25651,1468734
4424,1423491,21851,1505840
4425,1601450,23495,1700740
4426,1567154,22251,1660274
4427,1561432,22339,1655214
4428,1471749,25466,1560528
4429,1583431,24555,1680374
4430,1484304,22107,1576354
4431,1573283,23899,1668403
4432,1375825,24082,1459720
4433,1416028,21485,1499123
4434,1424064,21204,1505674
4435,1414101,22126,1495226
4436,1432694,22177,1512722
4437,1402472,23489,1482942
4438,1420990,22023,1501901
4439,1436509,22889,1520656
4440,1411787,21570,1490449
4441,1646060,26957,1744478
4442,1562210,22027,1656050
4443,1581839,23338,1677527
4444,1523137,21908,1619654
4445,1594376,23608,1691130
4446,1431398,31420,1528946
4447,1542192,22675,1645717
4448,1480138,21375,1565882
4449,1436139,21668,1517712
4450,1378954,24702,1459303
4451,1422657,21569,1502354
4452,1407342,22250,1490832
4453,1423694,21635,1503883
4454,1406009,21724,1487676
4455,1386510,23406,1466711
4456,1406621,22995,1485910
4457,1616764,21472,1706198
4458,1562672,22728,1663621
4459,1515007,28818,1609323
4460,1466749,22277,1552432
4461,1348418,20773,1414597
4462,1350732,20843,1421501
4463,1341214,20765,1409515
4464,1311011,22763,1376236
4465,1322585,21240,1391398
4466,1309937,20625,1373524
4467,1343399,20362,1410816
4468,1309697,22174,1371981
4469,1310919,20319,1371829
4470,1313215,20741,1377362
4471,1303196,20644,1364358
4472,1298771,19937,1357114
4473,1288660,22064,1348315
4474,1301752,20689,1363477
4475,1295104,21574,1355307
4476,1293585,20533,1352581
4477,1291752,22012,1352504
4478,1293530,20490,1354445
4479,1290678,20079,1348960
4480,1287030,19741,1345215
4481,1301030,20200,1361174
4482,1290289,21642,1351505
4483,1288604,20324,1347390
4484,1295734,21153,1355701
4485,1288086,20075,1347104
4486,1286419,21239,1346435
4487,1295382,20494,1356838
4488,1291289,20954,1351779
4489,1289178,20487,1348664
4490,1288659,20298,1346420
4491,1292549,21814,1352639
4492,1293141,21013,1352894
4493,1291308,20306,1350039
4494,1294882,20302,1354553
4495,1287919,21781,1348347
4496,1290048,21092,1349028
4497,1317493,20143,1377413
4498,1299456,20195,1362020
4499,1552636,23432,1650159
4500,1472563,25355,1569362
4501,1497081,23499,1590450
4502,1573136,22533,1671704
4503,1543025,23195,1637108
4504,1443342,31470,1537737
4505,1560284,22670,1653397
4506,1525952,24222,1623764
4507,1530785,25163,1630168
4508,1543803,23770,1638349
4509,1507044,25619,1601069
4510,1539266,22097,1632491
4511,1570913,22148,1666097
4512,1511007,21552,1601854
4513,1508026,26345,1602759
4514,1551914,24379,1651976
4515,1509137,24023,1604288
4516,1555265,22945,1649042
4517,1525081,25626,1621817
4518,1387732,23920,1467354
4519,1353066,20787,1424462
4520,1317548,20468,1381441
4521,1317363,21501,1380493
4522,1337325,22684,1408601
4523,1319696,20994,1383949
4524,1315696,21028,1379464
4525,1314659,22468,1380997
4526,1310641,20520,1373771
4527,1303863,22388,1367898
4528,1304696,20569,1363468
4529,1295733,21250,1357094
4530,1306567,21469,1369460
4531,1291215,21651,1351273
4532,1294697,20499,1355121
4533,1295086,21125,1355524
4534,1302270,20806,1365409
4535,1294067,20339,1354165
4536,1285197,21726,1344625
4537,1299919,21092,1360454
4538,1298011,20477,1357765
4539,1295974,20251,1354317
4540,1284456,21934,1342556
4541,1295900,20985,1355051
4542,1294789,20981,1354751
4543,1287975,20403,1346081
4544,1306233,20603,1367077
4545,1296863,21786,1357278
4546,1294585,20467,1355200
4547,1294271,20537,1355826
4548,1293308,20367,1353192
4549,1290067,21938,1350467
4550,1305233,20582,1366760
4551,1290771,20986,1350386
4552,1289826,20556,1348734
4553,1302529,20256,1363081
4554,1288474,22179,1348227
4555,1290271,20879,1350149
4556,1289641,20246,1348460
4557,1291771,20371,1351530
4558,1292455,21443,1352454
4559,1294437,21291,1355172
4560,1289993,20305,1347631
4561,1291956,20561,1352090
4562,1292826,20612,1352216
4563,1287086,21665,1347176
4564,1295029,20384,1353283
4565,1295641,20528,1355242
4566,1291048,20228,1349794
4567,1288215,21429,1348792
4568,1295030,20666,1354880
4569,1284419,20606,1343451
4570,1294715,20399,1354706
4571,1284623,21136,1343239
4572,1278215,21448,1336644
4573,1299437,20666,1358751
4574,1290196,20403,1349136
4575,1284364,20918,1342447
4576,1279919,21452,1337370
4577,1286956,20541,1344589
4578,1287067,20259,1345622
4579,1289604,21163,1347877
4580,1287049,20992,1345614
4581,1280160,21434,1338186
4582,1295549,20615,1355885
4583,1289919,21111,1350029
4584,1287178,20682,1345822
4585,1281808,21420,1340282
4586,1289771,20212,1348723
4587,1287160,20319,1345108
4588,1293419,20297,1351215
4589,1284771,20330,1343434
4590,1291475,21827,1352597
4591,1294363,20268,1353094
4592,1289752,20264,1347830
4593,1288900,20371,1347253
4594,1293215,22110,1353509
4595,1289863,20069,1348135
4596,1285752,21602,1343687
4597,1291585,20653,1351275
4598,1288789,20261,1346771
4599,1289641,21203,1350398
4600,1292271,21013,1350802
4601,1286308,20269,1344613
4602,1292623,20858,1351202
4603,1283197,21336,1340458
4604,1291716,20407,1349862
4605,1289048,20551,1348506
4606,1293678,20510,1353391
4607,1293770,20191,1352183
4608,1325899,22096,1385791
4609,1299196,21351,1360677
4610,1285826,20162,1343988
4611,1298975,20418,1360521
4612,1289123,21471,1348111
4613,1286900,20282,1345941
4614,1288437,19963,1347177
4615,1296123,20515,1354858
4616,1291752,21140,1350984
4617,1279216,21878,1338389
4618,1295586,20412,1356070
4619,1292511,20260,1351437
4620,1288308,21033,1346378
4621,1278605,21327,1336116
4622,1286678,20305,1346001
4623,1290493,20134,1350478
4624,1291197,20945,1350715
4625,1293326,20330,1351600
4626,1280956,21383,1340727
4627,1291622,20231,1352242
4628,1289678,21060,1348553
4629,1286382,20223,1345419
4630,1280956,21313,1339824
4631,1288770,20513,1347283
4632,1295049,21231,1355279
4633,1289678,20709,1347849
4634,1287215,20131,1346197
4635,1276234,21165,1334454
4636,1285475,21050,1342635
4637,1290493,20898,1349539
4638,1284956,20487,1343498
4639,1282289,21503,1341292
4640,1290586,20814,1350065
4641,1286122,21180,1345043
4642,1287456,20306,1345132
4643,1285882,21025,1344887
4644,1284326,21818,1342737
4645,1290048,21074,1348936
4646,1307326,20292,1370876
4647,1299566,20696,1360465
4648,1287493,21804,1348333
4649,1295085,20911,1355144
4650,1288178,20389,1346640
4651,1296196,20866,1356081
4652,1289363,20251,1348170
4653,1286197,22490,1346926
4654,1299363,20412,1359848
4655,1290400,20445,1348011
4656,1283123,20830,1340507
4657,1286845,22383,1346338
4658,1290400,20268,1349186
4659,1282068,20356,1339904
4660,1293086,20575,1351808
4661,1288826,20367,1347378
4662,1285419,21124,1344524
4663,1291678,20194,1349964
4664,1284549,20709,1342905
4665,1296770,20297,1357141
4666,1282956,22054,1343194
4667,1289530,20143,1348728
4668,1285715,20713,1343779
4669,1297141,20135,1356905
4670,1300660,21427,1362197
4671,1286826,21591,1345787
4672,1292548,20458,1351283
4673,1286493,20028,1344261
4674,1292030,21191,1351998
4675,1285845,21540,1344366
4676,1286067,20388,1345362
4677,1291345,21477,1351339
4678,1290549,20566,1349132
4679,1343011,20210,1403238
4680,1288790,21374,1348144
4681,1292790,20629,1352288
4682,1293030,20514,1350969
4683,1289993,20010,1347947
4684,1277345,24711,1337834
4685,1286660,20689,1344700
4686,1287215,21000,1346233
4687,1288345,20218,1348155
4688,1287752,21177,1345559
4689,1289493,21971,1350667
4690,1293734,20245,1353219
4691,1296827,20241,1356363
4692,1309381,20793,1373155
4693,1297308,22457,1360745
4694,1290938,20638,1350001
4695,1298122,20560,1359126
4696,1293586,21019,1353604
4697,1289419,20238,1349100
4698,1281882,21753,1341524
4699,1329770,20472,1395019
4700,1300678,20264,1359756
4701,1290918,20242,1352123
4702,1295160,22128,1357102
4703,1291474,20661,1351653
4704,1293641,20139,1350909
4705,1283012,20116,1341183
4706,1290104,20557,1351364
4707,1287993,21777,1346861
4708,1284271,20439,1341839
4709,1289419,20639,1349946
4710,1289290,20543,1349479
4711,1290401,21948,1351199
4712,1289863,20259,1347769
4713,1288530,20644,1348951
4714,1284697,20380,1343817
4715,1302326,20302,1364294
4716,1297178,22115,1357477
4717,1294604,21426,1355714
4718,1289826,20311,1349081
4719,1291882,20251,1350984
4720,1288215,21434,1346981
4721,1287308,20967,1345718
4722,1291845,20167,1350918
4723,1294419,20552,1354155
4724,1292382,20622,1351688
4725,1284549,22175,1344760
4726,1297585,20078,1357052
4727,1296345,20667,1357678
4728,1295900,21145,1355044
4729,1284456,22068,1343542
4730,1290845,20323,1349704
4731,1291326,20931,1350330
4732,1291845,21056,1351548
4733,1290530,20145,1349156
4734,1287253,21383,1346746
4735,1289937,20453,1349297
4736,1299567,21227,1360460
4737,1290141,20409,1350216
4738,1284438,21424,1342658
4739,1297123,20254,1358172
4740,1295659,21065,1355557
4741,1291826,20394,1350368
4742,1300900,21983,1363549
4743,1287012,21777,1346621
4744,1304881,21162,1365654
4745,1294326,20973,1354668
4746,1296789,20117,1356720
4747,1282623,21374,1340829
4748,1294845,20666,1354214
4749,1290364,20903,1349321
4750,1289308,22380,1351039
4751,1295382,20302,1355461
4752,1292937,21392,1352588
4753,1284641,21018,1343992
4754,1288196,20422,1347210
4755,1287530,20177,1346225
4756,1277827,21174,1335352
4757,1286752,20874,1346348
4758,1291049,20426,1350955
4759,1289956,20200,1349081
4760,1286845,20381,1346892
4761,1298974,22471,1361815
4762,1301604,20245,1361515
4763,1288771,20352,1347993
4764,1288715,20200,1346952
4765,1294864,22198,1356227
4766,1289697,20286,1348797
4767,1289475,20301,1348923
4768,1299771,20556,1360215
4769,1288493,20293,1347785
4770,1285511,21865,1345968
4771,1299289,20639,1359445
4772,1287048,20098,1345590
4773,1284419,20186,1341734
4774,1287382,21480,1346676
4775,1292716,20661,1351431
4776,1286604,20157,1345131
4777,1291604,20413,1350461
4778,1288789,20946,1348197
4779,1283215,21740,1341862
4780,1283938,20532,1341913
4781,1285364,20473,1342983
4782,1302493,20802,1366646
4783,1313955,22818,1379661
4784,1309529,20314,1371510
4785,1307622,20273,1370247
4786,1314882,21566,1380168
4787,1293289,20543,1352276
4788,1281715,21930,1341830
4789,1295456,20741,1356418
4790,1292141,21033,1351951
4791,1286808,20363,1346096
4792,1280697,21731,1340390
4793,1284863,20301,1343941
4794,1293530,21093,1354252
4795,1285345,20034,1343285
4796,1291271,20604,1349874
4797,1291975,21509,1351946
4798,1294715,20209,1354812
4799,1284030,20353,1342179
4800,1286548,20775,1344916
4801,1277549,21439,1335876
4802,1289549,20584,1348520
4803,1294789,20598,1353739
4804,1290679,20169,1349587
4805,1283882,20368,1342528
4806,1293159,21551,1353191
4807,1293622,20418,1353021
4808,1312603,21432,1375128
4809,1300049,20225,1360476
4810,1288678,21907,1347937
4811,1297881,20404,1356692
4812,1288808,20770,1348114
4813,1291197,20637,1350129
4814,1292549,20577,1350810
4815,1286753,21575,1347178
4816,1287419,20460,1344174
4817,1284548,20289,1342689
4818,1290826,20452,1350037
4819,1288289,21413,1347831
4820,1292864,20298,1360549
4821,1567135,23627,1662854
4822,1561081,22845,1655072
4823,1499600,23138,1590422
4824,1578653,25765,1673714
4825,1482248,22520,1572768
4826,1587617,22943,1687113
4827,1439194,21105,1525872
4828,1397157,25214,1478500
4829,1422694,22525,1505107
4830,1412454,23725,1498492
4831,1423028,24036,1503784
4832,1417453,22310,1497058
4833,1389084,23844,1467019
4834,1426453,24081,1509718
4835,1411435,22892,1493752
4836,1694004,23370,1786020
4837,1495230,24867,1587892
4838,1599968,26345,1704960
4839,1545359,22008,1640124
4840,1509599,21578,1603269
4841,1526877,22722,1622394
4842,1451416,26090,1542430
4843,1549395,23660,1650573
4844,1438564,21620,1521645
4845,1426897,21134,1512234
4846,1395083,25576,1477844
4847,1414528,21072,1494302
4848,1416805,21642,1496132
4849,1412769,20713,1492406
4850,1407880,21005,1486087
4851,1379436,23947,1457308
4852,1568932,24758,1671892
4853,1567191,22273,1663685
4854,1567988,23084,1664014
4855,1505655,25007,1598846
4856,1515711,23596,1607972
4857,1599080,26092,1700614
4858,1484415,21366,1572946
4859,1560636,23381,1658848
4860,1381546,24934,1468461
4861,1432620,21597,1516660
4862,1406213,21445,1487823
4863,1435453,22533,1520596
4864,1389695,24383,1474317
4865,1426046,21453,1506701
4866,1401083,21282,1482457
4867,1427046,21279,1508175
4868,1419675,21478,1505319
4869,1616672,37290,1728701
4870,1576672,22972,1672921
4871,1548303,22376,1643899
4872,1420620,20816,1498268
4873,1329900,22795,1397453
4874,1329881,20736,1397042
4875,1316937,20936,1380946
4876,1324751,20691,1390349
4877,1327122,20317,1392512
4878,1374547,22462,1462804
4879,1566487,22736,1666093
4880,1539506,23010,1630571
4881,1540173,23507,1637808
4882,1473082,28467,1569177
4883,1498859,22759,1591228
4884,1556561,24570,1656038
4885,1529155,22530,1623646
4886,1536951,24229,1632864
4887,1446064,30745,1541660
4888,1578136,21945,1672968
4889,1536284,24923,1630076
4890,1533322,21456,1627387
4891,1456341,31342,1552775
4892,1552488,23857,1646140
4893,1560155,23631,1655265
4894,1522433,21887,1615836
4895,1579932,25512,1677757
4896,1487415,27343,1584312
4897,1477378,23580,1565605
4898,1346788,20669,1417474
4899,1315937,20239,1380416
4900,1350825,21885,1420616
4901,1336826,21010,1403168
4902,1321252,20433,1387794
4903,1309419,20892,1372902
4904,1321881,20610,1384546
4905,1308048,21237,1369747
4906,1413768,21900,1492408
4907,1313197,20396,1374832
4908,1337343,21263,1406328
4909,1312456,22630,1375696
4910,1315141,20386,1377452
4911,1296586,20364,1356559
4912,1308085,20249,1369055
4913,1316066,21060,1379070
4914,1315918,21242,1381049
4915,1321881,21553,1387008
4916,1307030,20901,1368615
4917,1303474,20972,1364278
4918,1304178,22654,1365665
4919,1294326,20391,1353568
4920,1297067,20498,1356398
4921,1297511,20902,1356616
4922,1307418,20898,1371501
4923,1294493,21636,1355443
4924,1295437,20392,1352828
4925,1287826,20573,1345602
4926,1287919,20217,1346247
4927,1286604,21993,1346448
4928,1295400,20341,1354333
4929,1290049,21003,1349570
4930,1287030,20259,1347196
4931,1287067,20144,1346173
4932,1284715,21604,1341875
4933,1287956,21101,1348000
4934,1291122,20245,1350644
4935,1287678,20352,1346937
4936,1279734,21442,1337398
4937,1290141,20846,1348801
4938,1284530,20268,1345556
4939,1285290,20190,1344608
4940,1282827,20297,1340975
4941,1283753,21480,1342861
4942,1286160,20217,1344487
4943,1288419,21194,1347909
4944,1297567,20876,1358220
4945,1294734,21725,1354421
4946,1294030,21184,1352787
4947,1285012,20940,1344173
4948,1289030,20306,1347576
4949,1293048,20821,1351424
4950,1294160,21485,1353866
4951,1288123,20870,1346881
4952,1284327,20440,1342322
4953,1283067,20807,1341151
4954,1283808,21749,1343241
4955,1281456,20875,1339348
4956,1285011,20297,1341937
4957,1284900,20256,1342933
4958,1284030,21270,1343189
4959,1278696,21786,1337260
4960,1283178,20431,1340516
4961,1280642,20168,1338401
4962,1287308,21127,1346415
4963,1278753,21643,1336932
4964,1282326,20528,1340150
4965,1286104,20505,1343350
4966,1295400,20613,1353864
4967,1290919,20924,1350453
4968,1280771,21903,1339932
4969,1286104,20325,1343132
4970,1284012,20302,1342239
4971,1282419,20521,1339828
4972,1275938,21148,1332233
4973,1288048,20737,1346414
4974,1285216,20325,1343466
4975,1282882,20377,1339258
4976,1280623,20392,1336718
4977,1275290,21149,1332845
4978,1289881,20404,1349526
4979,1285919,20271,1342633
4980,1284975,20211,1342296
4981,1278438,21672,1336312
4982,1284345,20260,1343438
4983,1288974,20423,1348156
4984,1290882,20271,1348486
4985,1282475,20212,1340556
4986,1279197,21320,1336461
4987,1298530,20335,1357753
4988,1292104,20146,1349823
4989,1287808,20309,1346209
4990,1286567,21769,1345595
4991,1299085,20636,1358498
4992,1289679,21021,1347476
4993,1285549,20295,1342954
4994,1288900,20402,1347228
4995,1285660,21585,1344577
4996,1291401,21099,1349740
4997,1287030,21299,1346032
4998,1288011,20407,1347028
4999,1286733,21719,1347507
5000,1285567,21030,1342763
5001,1289215,20841,1348185
5002,1287178,20244,1346829
5003,1287012,21592,1346251
5004,1283789,21794,1343230
5005,1289512,20512,1348338
5006,1285326,20304,1343741
5007,1288789,20523,1346182
5008,1291493,21613,1349494
5009,1288641,20516,1347712
5010,1285585,20346,1344579
5011,1288900,20157,1347871
5012,1283419,20338,1341331
5013,1281234,21539,1341421
5014,1286770,20406,1344917
5015,1377010,21217,1451689
5016,1309585,20361,1371872
5017,1291307,21211,1352221
5018,1303289,20559,1365384
5019,1292919,20518,1352565
5020,1298438,20644,1357821
5021,1290771,21195,1349484
5022,1287993,25081,1350481
5023,1292326,20300,1350144
5024,1289642,20185,1346400
5025,1296141,21200,1356470
5026,1284493,22179,1344356
5027,1289419,20323,1348000
5028,1287549,20467,1345997
5029,1292863,21093,1352622
5030,1289474,20256,1349230
5031,1285142,21476,1344135
5032,1289326,20287,1344909
5033,1288419,20820,1346516
5034,1285160,20316,1343586
5035,1282419,21313,1340380
5036,1287030,20476,1343580
5037,1293974,21009,1353946
5038,1333381,20672,1399756
5039,1360658,20298,1425270
5040,1299715,21962,1361158
5041,1295493,20625,1354432
5042,1290790,20158,1350725
5043,1288104,20358,1347165
5044,1280493,21263,1338755
5045,1313159,20407,1375936
5046,1301066,20218,1362025
5047,1291030,21011,1350225
5048,1290345,20155,1347647
5049,1289622,21227,1347941
5050,1290604,21112,1349511
5051,1287419,21015,1346489
5052,1290290,20419,1349763
5053,1285105,21361,1342390
5054,1295993,21283,1355849
5055,1288697,20816,1346697
5056,1291604,20016,1349601
5057,1288974,20771,1348152
5058,1288475,21232,1347983
5059,1288308,21098,1348202
5060,1285345,20150,1342735
5061,1289919,20757,1349712
5062,1284160,21625,1343580
5063,1282271,20992,1340540
5064,1293993,21080,1353869
5065,1297715,20558,1358309
5066,1293122,20980,1353472
5067,1286011,22033,1345192
5068,1288567,20381,1346392
5069,1287512,20155,1345888
5070,1283067,20281,1341718
5071,1287474,21352,1346215
5072,1284734,21200,1343582
5073,1284919,20326,1342782
5074,1288605,20582,1348815
5075,1286160,21022,1345366
5076,1282437,21890,1341957
5077,1292382,20275,1351730
5078,1294956,20142,1355412
5079,1291067,21138,1350612
5080,1282475,21876,1341017
5081,1289622,19761,1349790
5082,1286937,20239,1346546
5083,1287919,20994,1346727
5084,1285790,20268,1342575
5085,1283030,21284,1340814
5086,1285326,20373,1342921
5087,1285179,20425,1341102
5088,1285493,20347,1343024
5089,1284974,21196,1343596
5090,1285401,20285,1343999
5091,1293067,20244,1352273
5092,1292715,20388,1351121
5093,1283196,21051,1342062
5094,1278863,21660,1337911
5095,1285956,20600,1343704
5096,1283364,20485,1341589
5097,1281530,21000,1339955
5098,1277642,21016,1335305
5099,1281345,20253,1339005
5100,1284530,20175,1342093
5101,1288530,21116,1349089
5102,1287031,20353,1346604
5103,1279808,21480,1338639
5104,1287123,20124,1344820
5105,1288067,20805,1346946
5106,1283993,20209,1342016
5107,1295456,21521,1356513
5108,1306622,20480,1365861
5109,1295178,21162,1355135
5110,1291549,20232,1349798
5111,1299345,20561,1359979
5112,1287030,21244,1345440
5113,1297622,21036,1357936
5114,1284827,20403,1343766
5115,1286623,20158,1345095
5116,1284178,21415,1342148
5117,1291141,20985,1349478
5118,1288771,20333,1346937
5119,1289808,21107,1350544
5120,1314122,20307,1373336
5121,1289382,22582,1349186
5122,1285345,20375,1344126
5123,1289734,21260,1349641
5124,1290141,20349,1348785
5125,1280252,21402,1337450
5126,1285697,20379,1343649
5127,1288641,20801,1347386
5128,1290123,20372,1348512
5129,1297270,20460,1356156
5130,1285734,21625,1344987
5131,1286234,20991,1344520
5132,1287845,20395,1344091
5133,1285049,20372,1344365
5134,1283919,21036,1343714
5135,1286716,20866,1345155
5136,1283234,20196,1341188
5137,1285697,20636,1343314
5138,1283975,20984,1342162
5139,1278327,21759,1336381
5140,1291012,20422,1350340
5141,1284086,20344,1344114
5142,1302826,21044,1366573
5143,1298512,21708,1359126
5144,1291734,20390,1349789
5145,1289326,20645,1348526
5146,1293474,20197,1352078
5147,1293382,20341,1352222
5148,1290049,21635,1349276
5149,1288937,20150,1347346
5150,1291327,20479,1350175
5151,1290364,21253,1350079
5152,1285345,21603,1344077
5153,1285215,20247,1343128
5154,1295215,19984,1355087
5155,1290104,21128,1349658
5156,1285752,20921,1344413
5157,1280975,21807,1340429
5158,1288104,20896,1348129
5159,1300271,20892,1359051
5160,1294622,20944,1353714
5161,1285234,21738,1343564
5162,1281789,20364,1340264
5163,1292567,20786,1353000
5164,1288197,20838,1347386
5165,1287253,20186,1345956
5166,1283030,21294,1341917
5167,1283938,20309,1341950
5168,1285086,20824,1344409
5169,1283438,20135,1341479
5170,1277363,21688,1335829
5171,1285826,20370,1344436
5172,1297567,20847,1357413
5173,1287715,20325,1346410
5174,1283493,21414,1343425
5175,1284845,21300,1342848
5176,1302196,20352,1363714
5177,1294864,20219,1353414
5178,1288734,21067,1348077
5179,1283753,20990,1341390
5180,1320733,20097,1381107
5181,1296993,20649,1358030
5182,1288363,20886,1348471
5183,1286697,20327,1345078
5184,1285937,21880,1344743
5185,1288456,20728,1348350
5186,1301844,21243,1363420
5187,1287567,20331,1346879
5188,1281715,21181,1339395
5189,1296308,20214,1357299
5190,1288733,21136,1348740
5191,1289030,20040,1347643
5192,1290234,20462,1349139
5193,1283864,21385,1343822
5194,1287919,20734,1345930
5195,1285568,19637,1344185
5196,1286197,20300,1343459
5197,1284604,21446,1343679
5198,1288382,21109,1348360
5199,1291679,20197,1352023
5200,1292456,20323,1352093
5201,1292845,20875,1353534
5202,1285401,21854,1345013
5203,1297863,20332,1357768
5204,1285549,20291,1344357
5205,1285382,20269,1343113
5206,1282308,21507,1340925
5207,1286863,20540,1344125
5208,1280234,20259,1338603
5209,1292678,20662,1352210
5210,1299956,20362,1359650
5211,1283974,21452,1343056
5212,1291752,20430,1349422
5213,1286178,20445,1343863
5214,1291067,20385,1348859
5215,1284141,21642,1342320
5216,1293196,19898,1350945
5217,1286104,20468,1343738
5218,1289585,20242,1345901
5219,1282327,20812,1339823
5220,1285271,21328,1345154
5221,1295363,20361,1355613
5222,1281068,20543,1339480
5223,1284438,21409,1343383
5224,1284734,21555,1345233
5225,1288512,20181,1346933
5226,1286974,20307,1346077
5227,1287808,21007,1346851
5228,1287660,20559,1345403
5229,1281697,21149,1340289
5230,1283622,20293,1342285
5231,1292974,20345,1351930
5232,1471230,22248,1557311
5233,1505044,28653,1599326
5234,1538358,22779,1638192
5235,1510507,22183,1604244
5236,1517285,23105,1615388
5237,1543025,22638,1650810
5238,1435991,25173,1523569
5239,1435360,22521,1520288
5240,1413064,21332,1492247
5241,1415213,21606,1494558
5242,1378436,22696,1459538
5243,1425065,26192,1513644
5244,1409083,21244,1488308
5245,1418602,21185,1499081
5246,1422065,21662,1501559
5247,1383750,26308,1468409
5248,1608561,24915,1708641
5249,1589487,21912,1685416
5250,1535692,22686,1628061
5251,1452620,26479,1541949
5252,1603098,26309,1703091
5253,1474990,23861,1570571
5254,1571172,23375,1667991
5255,1441267,20964,1524379
5256,1382343,23073,1462026
5257,1475804,22291,1568724
5258,1592932,29102,1697921
5259,1601450,24728,1702195
5260,1491748,26281,1592954
5261,1605857,25259,1702652
5262,1589153,23811,1687222
5263,1541395,24288,1638368
5264,1731651,24859,1835379
5265,1606376,27634,1711767
5266,1722910,24982,1840817
5267,1625912,28219,1732982
5268,1632560,23734,1732922
5269,1717021,34787,1829529
5270,1621468,23468,1727620
5271,1743781,25390,1850391
5272,1580247,23979,1677113
5273,1599098,32698,1710183
5274,1544377,36713,1654015
5275,1544581,23914,1641234
5276,1579450,28169,1680692
5277,1570709,24480,1670725
5278,1458101,27422,1548948
5279,1457730,21733,1542351
5280,1430064,21933,1512144
5281,1624264,34392,1733710
5282,1595117,22463,1690300
5283,1475748,31701,1574337
5284,1456656,24679,1544686
5285,1356065,20749,1426480
5286,1320233,20578,1384552
5287,1324511,22169,1387919
5288,1345973,21109,1413452
5289,1332714,20494,1397560
5290,1323048,20379,1387593
5291,1310141,20765,1372812
5292,1304919,21873,1367995
5293,1307789,20147,1367528
5294,1300104,20329,1360469
5295,1297474,20492,1357502
5296,1292179,21433,1351907
5297,1298882,20670,1359644
5298,1293567,20537,1353992
5299,1294474,20330,1354081
5300,1294715,20474,1353096
5301,1290327,21175,1349445
5302,1284456,20319,1342701
5303,1297122,20649,1357363
5304,1294752,21275,1354915
5305,1290549,22050,1351357
5306,1303048,20861,1365872
5307,1296104,21246,1356738
5308,1292252,20743,1350772
5309,1293548,20387,1352972
5310,1285160,21199,1344321
5311,1289067,20381,1347169
5312,1292660,20432,1351517
5313,1295048,21225,1356828
5314,1284382,21426,1344456
5315,1295956,20293,1356211
5316,1291807,20548,1351022
5317,1292604,21341,1353203
5318,1289697,20596,1349014
5319,1282715,21279,1340697
5320,1298307,20312,1356749
5321,1286345,20920,1345541
5322,1282993,20416,1341612
5323,1283345,21580,1342220
5324,1298345,21317,1358365
5325,1294326,20295,1353028
5326,1291122,20254,1350209
5327,1288289,20232,1346835
5328,1288826,22099,1347332
5329,1296308,20614,1356421
5330,1291419,20351,1349584
5331,1286252,20718,1344210
5332,1288715,21863,1347633
5333,1291715,20156,1349889
5334,1284419,20300,1342089
5335,1290160,20611,1347992
5336,1288419,20293,1344192
5337,1279790,21549,1337523
5338,1289141,20472,1347353
5339,1284401,20616,1343182
5340,1294826,20334,1353678
5341,1285307,21221,1342602
5342,1291827,20254,1350135
5343,1289011,20713,1348168
5344,1284975,20450,1342443
5345,1290011,20576,1347939
5346,1290160,21629,1348825
5347,1289474,20977,1347525
5348,1289475,20807,1347669
5349,1299085,20599,1359851
5350,1287141,21763,1347219
5351,1289160,20297,1346363
5352,1298753,20571,1358804
5353,1290771,20585,1348096
5354,1288456,20526,1346333
5355,1281456,21690,1339183
5356,1290623,20761,1349234
5357,1288882,20720,1348305
5358,1288790,20420,1347393
5359,1284937,21251,1343724
5360,1289308,20728,1347758
5361,1321455,24187,1387216
5362,1301085,20906,1361972
5363,1295141,20643,1355135
5364,1290105,21751,1348577
5365,1287345,20433,1345055
5366,1286586,20281,1344236
5367,1284827,21111,1342899
5368,1294271,22256,1353878
5369,1295993,20326,1355930
5370,1297585,20545,1357722
5371,1291641,21078,1350737
5372,1294549,20519,1354696
5373,1283271,21516,1341157
5374,1287382,20290,1345431
5375,1295789,20138,1355056
5376,1286807,20320,1343738
5377,1282771,21762,1340106
5378,1297696,20295,1357713
5379,1288900,20273,1347672
5380,1293067,20195,1351020
5381,1292419,20395,1351943
5382,1290493,21689,1351199
5383,1287030,20537,1343936
5384,1319270,20903,1383284
5385,1300363,20751,1361206
5386,1291660,24527,1355371
5387,1292511,20227,1350867
5388,1290697,20464,1348178
5389,1288530,20275,1347119
5390,1294567,20400,1354689
5391,1285049,21565,1344131
5392,1288919,20413,1346461
5393,1285937,20353,1344920
5394,1292511,20276,1351397
5395,1288197,21606,1347506
5396,1291234,21177,1351465
5397,1287216,20469,1346073
5398,1293418,20891,1353309
5399,1347825,21091,1408934
5400,1293882,22107,1354544
5401,1290548,20696,1349892
5402,1288567,20137,1346666
5403,1293511,21318,1353551
5404,1285400,22056,1345864
5405,1294844,20479,1354249
5406,1292067,20364,1351726
5407,1333122,21304,1402092
5408,1298863,20449,1359682
5409,1293326,21891,1353883
5410,1296900,20313,1357398
5411,1291753,20902,1350227
5412,1288475,20213,1346168
5413,1286215,21303,1344869
5414,1290660,20281,1350254
5415,1292604,21147,1352732
5416,1294807,20310,1353617
5417,1288364,20065,1348428
5418,1286864,21285,1347185
5419,1293400,20300,1352348
5420,1293696,20537,1351492
5421,1293401,21052,1353655
5422,1277715,21160,1336727
5423,1289771,20249,1349815
5424,1294456,20708,1353571
5425,1286734,20982,1344752
5426,1287085,20330,1344860
5427,1278808,21643,1336950
5428,1289881,20250,1346779
5429,1287122,20746,1346313
5430,1305382,20631,1368216
5431,1288827,21425,1348843
5432,1287604,20403,1346803
5433,1296604,21288,1358039
5434,1285234,20266,1344665
5435,1282864,20262,1341606
5436,1289604,21593,1349122
5437,1296511,20959,1355044
5438,1290881,21178,1350837
5439,1285178,20285,1344037
5440,1285586,21801,1343793
5441,1295623,20594,1354845
5442,1298456,20164,1359119
5443,1288308,20160,1347264
5444,1286493,20230,1344334
5445,1288919,21228,1346980
5446,1283049,20317,1341791
5447,1282197,20572,1342139
5448,1289826,20346,1349061
5449,1289604,21585,1349669
5450,1289511,20414,1349999
5451,1284197,20781,1342755
5452,1282363,20240,1341380
5453,1299697,20384,1360228
5454,1281660,21604,1340948
5455,1287382,20804,1346481
5456,1293956,20782,1354274
5457,1293530,20259,1352159
5458,1286345,21331,1344953
5459,1296734,21197,1357004
5460,1286012,20305,1344593
5461,1297178,20671,1356923
5462,1294067,20797,1352382
5463,1280456,21276,1338769
5464,1284216,20217,1342320
5465,1297382,20287,1357039
5466,1293623,20876,1353516
5467,1280197,21688,1338625
5468,1289863,20296,1347899
5469,1288549,20218,1347451
5470,1292344,20214,1351373
5471,1282641,20933,1341925
5472,1278197,22097,1335460
5473,1286937,20352,1344956
5474,1281474,20330,1340026
5475,1281400,20771,1340393
5476,1281567,22064,1339723
5477,1284419,20412,1341794
5478,1287493,20483,1346882
5479,1295678,21016,1356527
5480,1285308,23346,1346430
5481,1283474,21436,1342835
5482,1290030,20617,1350017
5483,1290271,21187,1350754
5484,1288344,20461,1346009
5485,1279437,21811,1337859
5486,1294548,21270,1355040
5487,1284364,20470,1343166
5488,1288012,20170,1347125
5489,1287271,20870,1346269
5490,1284363,21589,1344841
5491,1289197,21789,1349633
5492,1286826,20323,1344722
5493,1285789,20597,1345644
5494,1282363,21872,1341235
5495,1290585,21183,1349860
5496,1288549,20383,1346523
5497,1285345,20638,1345075
5498,1289327,20283,1349164
5499,1286827,21762,1347624
5500,1289641,20239,1346009
5501,1282993,20569,1340839
5502,1288104,20454,1347724
5503,1290419,21618,1349944
5504,1288141,20448,1345699
5505,1295011,21759,1355436
5506,1286586,20144,1344914
5507,1289252,20140,1346651
5508,1282252,21564,1341242
5509,1284567,20560,1342664
5510,1281271,20501,1339919
5511,1289271,20516,1347730
5512,1278438,21365,1337635
5513,1282994,21158,1342132
5514,1292011,20469,1352072
5515,1284734,20317,1343643
5516,1291956,21054,1351028
5517,1287123,21626,1347414
5518,1287864,20807,1347762
5519,1301455,20600,1364425
5520,1296178,20948,1355440
5521,1308770,21612,1369252
5522,1308103,20867,1371100
5523,1292844,20475,1352560
5524,1293456,21397,1352056
5525,1291733,21597,1352515
5526,1280400,22150,1340902
5527,1292215,20054,1350324
5528,1294160,20254,1353468
5529,1291660,21232,1351965
5530,1280104,21655,1339277
5531,1292549,20577,1352792
5532,1285012,20259,1342881
5533,1289308,20274,1346766
5534,1298808,20881,1359743
5535,1285882,22156,1347278
5536,1291937,20282,1351478
5537,1287697,20556,1346919
5538,1290993,21016,1351934
5539,1283382,21383,1341950
5540,1290771,20787,1350187
5541,1284808,20283,1343220
5542,1285364,21169,1344642
5543,1283123,20776,1342324
5544,1281326,21607,1338803
5545,1310159,20362,1371465
5546,1295234,21062,1354369
5547,1285956,20040,1344070
5548,1283659,21371,1340475
5549,1298067,21182,1358822
5550,1287975,20604,1346634
5551,1287697,21101,1346963
5552,1290104,20356,1347867
5553,1286493,21891,1346383
5554,1287178,21202,1346935
5555,1285326,20328,1342839
5556,1283142,20028,1340391
5557,1286437,21599,1346092
5558,1291011,21096,1350810
5559,1286012,20444,1343751
5560,1288956,19996,1346821
5561,1284400,20825,1342299
5562,1286494,21804,1345315
5563,1289215,20449,1347922
5564,1286938,20167,1343011
5565,1289363,20256,1348230
5566,1292901,21846,1354894
5567,1291549,20750,1351501
5568,1299085,20357,1359664
5569,1289956,20280,1348809
5570,1288049,20035,1345916
5571,1283030,21292,1342414
5572,1287178,20492,1345855
5573,1291105,20210,1350388
5574,1290808,21262,1351291
5575,1283734,21871,1344234
5576,1287789,20886,1346748
5577,1287400,20567,1347578
5578,1287104,20860,1347000
5579,1283549,20300,1341922
5580,1280215,21354,1338605
5581,1291511,20776,1352342
5582,1287271,20291,1346005
5583,1291586,20361,1350038
5584,1283734,21395,1340573
5585,1282864,20558,1340181
5586,1291178,20351,1352214
5587,1292030,20403,1352043
5588,1288882,20566,1345706
5589,1280456,22267,1339056
5590,1285178,20430,1344348
5591,1303993,20352,1362826
5592,1297067,20848,1356544
5593,1289882,23920,1352672
5594,1293308,20083,1351335
5595,1295882,20561,1353146
5596,1288105,20742,1345994
5597,1289326,20405,1346823
5598,1279753,21236,1337599
5599,1288197,20344,1345299
5600,1288179,20321,1345832
5601,1281753,20169,1339180
5602,1286456,21593,1344659
5603,1290659,20108,1348618
5604,1285920,20048,1343041
5605,1289456,20600,1348574
5606,1288826,20504,1347996
5607,1284604,21187,1343790
5608,1288456,20331,1347768
5609,1287456,20642,1346190
5610,1286104,20101,1343983
5611,1287437,21895,1346647
5612,1288493,20299,1347310
5613,1284382,20795,1343269
5614,1309530,20421,1372857
5615,1296697,20288,1355706
5616,1285623,21267,1343463
5617,1293567,20078,1351718
5618,1288530,20111,1346344
5619,1296382,20348,1355507
5620,1293789,21420,1352708
5621,1290419,20879,1350408
5622,1289123,20412,1347738
5623,1301956,20631,1362234
5624,1294474,21053,1353323
5625,1284826,21717,1344599
5626,1287438,20547,1345873
5627,1289697,20525,1348165
5628,1296123,21188,1356402
5629,1284085,22148,1344085
5630,1288605,20219,1347970
5631,1290141,20456,1350485
5632,1313586,21322,1373407
5633,1290085,20189,1349274
5634,1284493,21020,1344494
5635,1334270,20442,1400618
5636,1314863,20383,1377819
5637,1299530,21064,1360760
5638,1317437,21858,1392849
5639,1552655,23706,1648989
5640,1537692,22665,1631819
5641,1498063,23347,1595001
5642,1572951,22991,1672551
5643,1468712,28489,1561551
5644,1574117,22244,1670119
5645,1682948,25926,1788872
5646,1653338,22737,1758925
5647,1568395,35308,1676924
5648,1737466,24601,1852713
5649,1645968,30986,1752656
5650,1688429,25297,1803318
5651,1611153,25683,1711742
5652,1489581,32236,1592649
5653,1594746,26769,1695199
5654,1610320,23932,1712936
5655,1542099,23743,1636322
5656,1525210,31574,1622579
5657,1593691,30663,1696019
5658,1527025,24974,1623053
5659,1450342,21674,1537588
5660,1557580,22689,1656045
5661,1529970,29556,1627303
5662,1579729,22757,1676835
5663,1580506,22105,1674794
5664,1512155,23620,1603736
5665,1506378,26173,1602327
5666,1510896,22836,1605082
5667,1581802,24017,1692891
5668,1441620,20976,1523984
5669,1427546,22861,1510554
5670,1384232,24803,1464238
5671,1430083,23059,1512752
5672,1419528,22500,1499545
5673,1420658,22570,1501578
5674,1377214,25308,1457169
5675,1416231,21953,1496646
5676,1412250,22671,1494327
5677,1622468,24056,1719819
5678,1546636,22460,1643817
5679,1514285,25995,1608593
5680,1560821,24917,1657440
5681,1494396,23654,1585697
5682,1567709,24947,1665118
5683,1432750,27148,1524118
5684,1601746,25033,1697852
5685,1439008,20752,1524055
5686,1425046,22526,1508107
5687,1399269,22300,1483789
5688,1388714,23427,1468843
5689,1418750,23053,1499283
5690,1410435,23475,1496020
5691,1415954,22471,1498887
5692,1390510,23691,1469792
5693,1416806,24391,1499510
5694,1636357,24017,1730094
5695,1562599,23143,1658851
5696,1524970,25343,1623089
5697,1453379,27322,1539718
5698,1363491,20726,1434309
5699,1354936,20574,1423250
5700,1312067,20551,1373284
5701,1306937,22012,1368208
5702,1326066,20360,1392259
5703,1325029,20523,1387515
5704,1299456,20353,1358641
5705,1298586,20497,1358415
5706,1293771,21421,1354728
5707,1299845,20306,1359094
5708,1294530,20321,1351813
5709,1286104,20317,1344420
5710,1282938,21425,1341251
5711,1299863,20366,1359784
5712,1288807,20196,1346540
5713,1290845,20396,1351610
5714,1289456,20170,1348940
5715,1280512,21667,1339808
5716,1286456,20404,1344397
5717,1295696,20308,1354689
5718,1286807,20119,1345334
5719,1298382,21691,1359979
5720,1294160,20428,1353790
5721,1288827,20609,1347657
5722,1292919,20328,1351913
5723,1288179,20046,1345502
5724,1287086,21211,1345370
5725,1303511,20336,1362606
5726,1291975,20222,1351177
5727,1290863,20422,1347969
5728,1292419,21975,1352485
5729,1287530,20990,1345852
5730,1289679,20319,1347497
5731,1298437,20667,1357659
5732,1287993,20960,1345193
5733,1286642,21124,1345302
5734,1295992,20583,1355650
5735,1286993,20413,1345294
5736,1289363,20891,1346679
5737,1284789,21481,1343381
5738,1293345,20255,1352321
5739,1284937,20399,1342484
5740,1294233,20507,1352314
5741,1283826,21244,1342829
5742,1282160,21482,1339882
5743,1289900,20830,1349267
5744,1283604,20178,1340504
5745,1284845,21267,1342963
5746,1283326,21505,1341016
5747,1287882,20539,1346050
5748,1290715,20165,1347916
5749,1294215,21272,1352746
5750,1290659,20676,1349909
5751,1279142,21729,1337444
5752,1343566,20466,1414142
5753,1327992,20814,1393046
5754,1304289,20514,1365506
5755,1287493,21271,1347263
5756,1296659,20026,1356222
5757,1294326,20115,1353830
5758,1291919,20371,1350604
5759,1353992,20182,1416228
5760,1296123,22402,1356005
5761,1295975,20102,1354575
5762,1288048,20209,1345942
5763,1292086,20576,1352549
5764,1285086,21147,1342584
5765,1296549,20107,1354673
5766,1299530,20232,1359780
5767,1291697,20266,1350425
5768,1286678,20058,1344032
5769,1289586,21834,1350826
5770,1298141,20941,1358007
5771,1293178,20511,1351152
5772,1290808,20286,1348722
5773,1294826,21672,1354627
5774,1291826,20576,1350364
5775,1309475,20979,1375008
5776,1301438,20235,1362523
5777,1304418,20324,1367445
5778,1294401,21840,1355962
5779,1289585,21095,1351143
5780,1289012,20203,1347714
5781,1290085,20384,1348914
5782,1285271,21474,1345559
5783,1291993,21137,1351500
5784,1290289,20504,1348367
5785,1289031,20315,1347085
5786,1292622,21108,1353211
5787,1288456,22327,1347579
5788,1289604,22416,1348334
5789,1294604,20653,1354423
5790,1302382,21316,1363845
5791,1287104,21573,1346343
5792,1298289,20292,1357210
5793,1290974,20566,1350225
5794,1293734,20395,1353017
5795,1291493,20595,1350310
5796,1281623,21482,1338585
5797,1290197,20645,1348415
5798,1289641,20771,1348744
5799,1288271,20415,1346037
5800,1281197,21209,1338275
5801,1295548,20890,1356438
5802,1287900,20424,1346434
5803,1292623,20364,1351375
5804,1299363,21305,1361371
5805,1293104,21432,1352017
5806,1295475,20466,1355421
5807,1297123,20314,1356565
5808,1289882,21236,1348506
5809,1283789,21363,1342022
5810,1292863,20359,1352259
5811,1292122,20633,1351144
5812,1289216,21167,1349696
5813,1294993,20274,1353507
5814,1287085,21753,1345560
5815,1291771,21138,1350075
5816,1286178,20375,1344145
5817,1286993,20131,1345457
5818,1286456,21406,1346287
5819,1294919,21106,1354839
5820,1286456,20825,1345669
5821,1295456,20914,1355517
5822,1287845,20651,1347717
5823,1311326,22204,1372436
5824,1300030,21200,1359266
5825,1291882,20196,1349837
5826,1286956,20433,1345018
5827,1295826,22264,1356441
5828,1287123,21075,1346160
5829,1290419,20442,1348990
5830,1284827,20809,1343523
5831,1294141,21009,1353353
5832,1281401,21710,1340091
5833,1291049,20465,1349809
5834,1292419,20165,1349676
5835,1286605,20254,1342802
5836,1287623,22029,1345948
5837,1289623,21341,1348870
5838,1289827,20226,1348051
5839,1286086,20259,1343122
5840,1286623,20589,1344100
5841,1279456,21716,1338634
5842,1285808,20564,1344630
5843,1286326,20820,1346071
5844,1305844,20594,1367937
5845,1296549,22239,1358213
5846,1294253,19810,1353450
5847,1294085,20880,1354187
5848,1297826,20469,1356572
5849,1286511,20150,1343661
5850,1287196,21629,1346085
5851,1287512,21070,1345637
5852,1288307,20548,1346355
5853,1291789,20341,1348999
5854,1284493,21042,1342201
5855,1285141,20927,1342845
5856,1292382,20682,1350693
5857,1292215,20438,1349671
5858,1285864,21027,1344945
5859,1285086,21710,1343165
5860,1292697,20243,1349439
5861,1291085,20387,1348880
5862,1330993,21624,1391875
5863,1287419,22270,1346337
5864,1294919,20952,1352722
5865,1290604,20300,1349014
5866,1291345,20259,1348529
5867,1301437,20755,1363081
5868,1287938,21623,1346171
5869,1293585,20305,1351131
5870,1293808,20727,1352997
5871,1286401,20705,1343883
5872,1280826,21888,1338251
5873,1305511,20699,1365561
5874,1292789,20288,1350002
5875,1286493,20858,1344499
5876,1288845,20466,1346754
5877,1291678,21408,1351252
5878,1289882,20237,1348008
5879,1288845,20808,1347411
5880,1287752,20434,1345648
5881,1285327,21765,1344035
5882,1297197,20354,1356994
5883,1288438,21294,1348139
5884,1283122,20346,1339894
5885,1300752,21232,1360835
5886,1286715,22025,1345685
5887,1289345,20355,1346218
5888,1292623,20203,1350696
5889,1297011,20533,1356247
5890,1283159,21994,1343023
5891,1290345,20453,1349445
5892,1289512,20912,1348090
5893,1288808,20594,1347956
5894,1287030,20312,1346045
5895,1280345,21347,1338414
5896,1290048,20917,1348187
5897,1281975,20303,1340295
5898,1283012,20336,1340236
5899,1282511,20834,1340363
5900,1288882,20237,1345785
5901,1290086,20363,1349226
5902,1301622,20582,1363148
5903,1292178,20837,1351219
5904,1277901,21594,1334809
5905,1286567,20924,1344361
5906,1292808,20476,1352005
5907,1283400,20991,1341391
5908,1285030,21710,1343407
5909,1290938,20225,1348662
5910,1290511,21388,1350381
5911,1285994,21107,1344210
5912,1281456,20307,1338744
5913,1279308,21842,1338408
5914,1317307,20690,1381367
5915,1293863,20464,1351586
5916,1289326,20183,1348082
5917,1284326,21736,1343154
5918,1295215,20621,1355039
5919,1288660,20358,1347924
5920,1284993,20225,1342958
5921,1284364,20202,1342565
5922,1284623,21367,1344767
5923,1288956,20400,1347318
5924,1292270,20896,1351037
5925,1295216,20374,1355644
5926,1288734,21742,1348679
5927,1288178,20276,1347416
5928,1294049,21365,1352690
5929,1284474,20509,1344131
5930,1285863,20524,1343757
5931,1294233,21484,1354680
5932,1291474,20888,1349843
5933,1287382,20459,1346081
5934,1293048,20436,1351947
5935,1282790,21638,1341056
5936,1287938,21486,1345589
5937,1302529,20334,1362919
5938,1291104,20367,1349971
5939,1286956,21105,1344819
5940,1284234,21510,1342224
5941,1283290,20098,1340813
5942,1284438,20280,1342754
5943,1284419,21702,1343972
5944,1278956,21774,1336581
5945,1286752,20715,1345707
5946,1286622,20156,1343778
5947,1289493,20319,1347589
5948,1292345,21333,1353215
5949,1283974,21664,1342731
5950,1284715,20235,1343542
5951,1290271,20583,1348186
5952,1286215,21098,1344683
5953,1281030,21799,1339754
5954,1287382,20851,1346010
5955,1279993,20255,1336525
5956,1290919,21140,1349706
5957,1290437,21062,1350795
5958,1283623,21486,1343071
5959,1287660,20130,1345067
5960,1290974,20960,1349323
5961,1292678,20419,1350152
5962,1279179,21046,1337243
5963,1293104,20783,1352313
5964,1292622,20428,1349698
5965,1287604,20387,1346769
5966,1285105,20291,1344820
5967,1282715,21826,1341151
5968,1289957,20248,1346407
5969,1282827,20429,1339774
5970,1286993,20204,1345492
5971,1284678,21479,1344119
5972,1296844,20475,1355708
5973,1286326,20268,1345186
5974,1293863,20357,1354312
5975,1295882,20649,1356327
5976,1288048,21314,1347269
5977,1300308,20236,1359913
5978,1286790,20455,1344336
5979,1282716,20284,1340980
5980,1294419,21893,1353478
5981,1289067,20278,1346733
5982,1281827,20256,1338545
5983,1304530,20363,1365967
5984,1291808,20841,1350519
5985,1285308,21654,1344498
5986,1297271,21298,1357327
5987,1286549,20035,1345009
5988,1289771,20920,1347265
5989,1283048,21492,1340670
5990,1285400,20822,1344036
5991,1292105,20429,1350644
5992,1285233,20740,1342937
5993,1283734,21126,1341063
5994,1279920,21679,1336505
5995,1289178,20397,1346316
5996,1283715,20153,1340849
5997,1284012,20834,1342586
5998,1280826,21517,1338602
5999,1283660,19884,1340025
6000,1284734,20177,1342391
6001,1290197,21043,1350462
6002,1287659,20836,1347180
6003,1287401,21796,1348863
6004,1293901,20237,1352081
6005,1289993,20585,1349856
6006,1295586,21082,1355241
6007,1280882,21153,1339739
6008,1285252,20205,1342642
6009,1292011,20387,1350805
6010,1291271,21143,1354024
6011,1424083,27731,1513350
6012,1322511,23359,1388943
6013,1326492,20466,1391383
6014,1317233,21259,1380639
6015,1317085,20329,1379247
6016,1291808,21253,1349523
6017,1291141,20527,1350075
6018,1317566,21097,1390922
6019,1550728,24223,1647858
6020,1545340,22275,1638243
6021,1445601,28310,1539224
6022,1547859,23380,1641144
6023,1546173,25025,1644437
6024,1504878,23465,1607453
6025,1496877,26333,1590247
6026,1539988,24274,1636242
6027,1545951,24104,1642016
6028,1556710,23582,1653679
6029,1602506,22226,1696897
6030,1475064,24446,1568175
6031,1535580,23442,1633799
6032,1494322,22439,1587685
6033,1563043,23787,1667532
6034,1504397,25803,1597142
6035,1552265,22077,1647563
6036,1537729,22166,1636467
6037,1559302,22959,1655167
6038,1415139,21936,1495148
6039,1324456,22767,1391370
6040,1344900,20634,1412662
6041,1321399,20797,1385974
6042,1324881,20516,1389859
6043,1315215,21791,1377949
6044,1312696,20547,1374298
6045,1312752,20321,1377053
6046,1307085,20354,1369476
6047,1305178,20702,1365935
6048,1303104,21644,1366229
6049,1300104,20233,1361262
6050,1300956,20285,1362407
6051,1297307,20282,1356922
6052,1288382,21057,1346753
6053,1298270,20183,1357860
6054,1295105,20346,1356171
6055,1296196,20231,1356890
6056,1289252,20061,1347757
6057,1284938,21206,1342866
6058,1584636,23314,1686855
6059,1549136,21995,1643630
6060,1504803,22010,1595831
6061,1559210,24637,1653124
6062,1482101,21319,1573251
6063,1583710,24445,1680727
6064,1429861,20960,1513190
6065,1407639,21123,1486520
6066,1404158,23991,1485684
6067,1411157,21246,1491643
6068,1413454,21002,1490899
6069,1406361,22147,1485988
6070,1385732,24866,1469227
6071,1423472,20844,1502722
6072,1410991,20841,1490145
6073,1586431,24744,1686897
6074,1571487,23241,1668597
6075,1497934,32442,1596281
6076,1536747,22216,1630666
6077,1589505,25694,1686254
6078,1475822,21375,1567937
6079,1538785,28410,1678007
6080,1458119,21462,1544154
6081,1430305,21847,1513595
6082,1424750,21214,1507684
6083,1405768,21099,1483033
6084,1377491,24097,1455976
6085,1435138,21574,1519063
6086,1413898,22108,1497208
6087,1414176,22326,1495371
6088,1391732,23620,1469758
6089,1669264,21968,1761953
6090,1557951,23298,1650803
6091,1586672,24146,1684428
6092,1528933,23791,1622056
6093,1446582,28548,1537555
6094,1518507,25655,1616438
6095,1521118,24244,1624120
6096,1505434,21592,1594043
6097,1407676,28645,1493505
6098,1451971,23512,1540130
6099,1419675,22675,1502646
6100,1416028,22431,1499013
6101,1433139,22723,1517453
6102,1384788,24425,1469137
6103,1425268,24754,1511206
6104,1423009,22769,1506499
6105,1419546,23765,1502440
6106,1654949,24559,1746636
6107,1570228,22352,1663023
6108,1533136,24922,1640835
6109,1453749,23178,1538407
6110,1337659,20878,1405443
6111,1324011,21876,1390663
6112,1343918,20798,1413030
6113,1314955,20368,1378360
6114,1323529,20624,1388134
6115,1298048,22455,1360521
6116,1311623,21396,1373388
6117,1325529,20781,1390569
6118,1301937,20388,1363547
6119,1365621,20977,1431338
6120,1309048,22012,1369819
6121,1358381,20730,1428592
6122,1313474,20301,1377070
6123,1309011,20594,1371419
6124,1301789,22332,1363787
6125,1296808,20050,1356154
6126,1303733,20399,1365205
6127,1302678,20654,1362961
6128,1301086,20391,1360791
6129,1284734,21574,1344270
6130,1297067,20200,1355674
6131,1290567,20641,1350318
6132,1288771,20174,1346370
6133,1282531,21431,1340368
6134,1292178,20557,1350864
6135,1290030,20813,1349027
6136,1291456,20290,1349505
6137,1297197,20287,1356557
6138,1287937,21729,1346925
6139,1289697,20540,1348255
6140,1292067,20296,1349973
6141,1287586,20292,1345451
6142,1283197,21567,1341578
6143,1288994,20082,1349130
6144,1337659,21430,1402014
6145,1311641,21260,1373030
6146,1295679,20201,1356915
6147,1282437,21421,1339339
6148,1294400,20824,1352613
6149,1291012,20654,1349850
6150,1285401,20206,1343161
6151,1294604,21500,1355307
6152,1290678,20811,1349396
6153,1287641,20770,1346763
6154,1295012,20822,1355463
6155,1286493,20652,1345348
6156,1292067,22205,1351568
6157,1303733,21164,1365397
6158,1291659,20309,1350801
6159,1288049,20953,1346094
6160,1286419,21932,1345091
6161,1287216,21003,1346588
6162,1287142,20184,1344714
6163,1288845,20681,1346747
6164,1282179,20177,1339595
6165,1282771,21452,1339723
6166,1288900,20412,1347348
6167,1307586,20871,1368937
6168,1291882,20108,1350860
6169,1285104,22180,1344561
6170,1292012,20528,1350779
6171,1290474,20283,1349535
6172,1291326,20224,1349680
6173,1290438,20572,1349454
6174,1288771,22051,1349248
6175,1287660,20640,1346596
6176,1283974,20378,1340814
6177,1292048,20744,1350329
6178,1284049,21094,1341827
6179,1282308,20905,1340360
6180,1284957,20735,1343912
6181,1287104,20342,1343649
6182,1288511,20875,1347831
6183,1289197,21743,1348625
6184,1287216,20295,1344732
6185,1288530,20495,1346784
6186,1291382,21029,1350114
6187,1281030,22100,1340111
6188,1285271,20060,1342941
6189,1289197,20260,1348456
6190,1304530,21404,1366452
6191,1291252,20271,1350448
6192,1281734,22861,1342076
6193,1288234,20302,1345776
6194,1290845,21076,1350383
6195,1282919,20350,1339917
6196,1278586,21477,1335692
6197,1288845,20677,1347910
6198,1285123,20581,1343370
6199,1282178,20411,1339662
6200,1292807,21185,1353029
6201,1280938,21608,1339675
6202,1288252,20290,1348393
6203,1293753,20453,1353482
6204,1312826,20912,1372626
6205,1288845,21465,1347124
6206,1295567,20536,1356324
6207,1290363,20236,1348376
6208,1286882,21047,1346743
6209,1288233,20247,1346888
6210,1280364,21948,1338793
6211,1282086,21408,1341178
6212,1285604,20645,1344396
6213,1287956,20252,1345467
6214,1281549,21416,1340076
6215,1288716,20783,1347868
6216,1284049,20928,1341179
6217,1282883,20517,1341472
6218,1285919,20791,1345042
6219,1277660,21733,1335281
6220,1284530,20933,1342407
6221,1294882,20522,1353551
6222,1289659,20777,1352918
6223,1321437,22404,1386137
6224,1325604,22012,1390818
6225,1312844,20379,1374056
6226,1312140,20857,1375941
6227,1295567,20372,1356530
6228,1299104,21925,1360046
6229,1294993,20606,1355024
6230,1294845,20288,1354688
6231,1293308,20525,1353554
6232,1290974,21578,1350034
6233,1294160,21186,1353771
6234,1293827,20367,1353193
6235,1285012,20382,1342560
6236,1306678,21564,1368611
6237,1294623,22154,1355517
6238,1287345,20206,1346661
6239,1283327,20314,1340250
6240,1293733,21162,1352506
6241,1283104,21437,1342356
6242,1291012,20397,1349296
6243,1284234,20504,1342200
6244,1289808,20741,1347900
6245,1288048,20349,1345934
6246,1287271,22254,1346357
6247,1286993,20343,1344631
6248,1289956,20302,1347591
6249,1289400,20447,1347513
6250,1278938,21592,1336918
6251,1285530,20496,1343989
6252,1285308,20233,1341115
6253,1293048,20508,1350944
6254,1292530,20337,1351755
6255,1278642,21779,1337476
6256,1289141,20220,1346972
6257,1299937,20994,1361857
6258,1288474,21009,1347761
6259,1278012,21562,1336722
6260,1288993,20651,1346940
6261,1285104,20407,1342381
6262,1289271,20607,1347377
6263,1293307,20289,1352429
6264,1284271,21805,1343242
6265,1291753,20598,1352127
6266,1289178,20279,1347253
6267,1291252,21053,1351175
6268,1285938,21995,1344155
6269,1299289,20177,1358428
6270,1291845,20266,1349851
6271,1284771,20855,1343885
6272,1283734,20407,1341529
6273,1281789,21886,1340619
6274,1288160,20494,1346727
6275,1285771,22083,1345575
6276,1283623,20394,1340497
6277,1286086,21558,1345236
6278,1300715,20462,1360621
6279,1287734,21144,1346432
6280,1295012,20751,1355206
6281,1295641,20266,1355110
6282,1285827,21356,1346460
6283,1295993,20056,1354197
6284,1290530,20275,1348156
6285,1291048,20419,1350486
6286,1289068,21324,1349002
6287,1285956,20117,1343850
6288,1285011,20299,1342088
6289,1287808,20054,1346454
6290,1287863,20366,1346025
6291,1278011,21271,1336745
6292,1293456,20823,1351296
6293,1283011,20208,1340700
6294,1288845,20352,1348197
6295,1279623,21406,1338546
6296,1292752,22143,1353617
6297,1292364,20139,1350446
6298,1282141,20358,1340184
6299,1281456,21576,1340199
6300,1281234,21518,1339344
6301,1284197,20367,1342248
6302,1284475,20511,1342041
6303,1297085,20971,1356130
6304,1281456,22116,1340405
6305,1298678,20224,1359772
6306,1297493,20257,1358138
6307,1293919,20939,1352820
6308,1285696,20750,1344650
6309,1283753,22026,1342314
6310,1283327,20133,1342144
6311,1287252,20944,1344252
6312,1287771,20811,1345970
6313,1279919,21531,1337857
6314,1286122,20342,1343057
6315,1284956,21005,1343442
6316,1284678,20928,1342457
6317,1286363,20165,1343472
6318,1282790,21385,1341284
6319,1283938,20381,1341485
6320,1286307,20914,1344740
6321,1283382,20226,1340866
6322,1282697,21223,1340586
6323,1288216,20294,1345675
6324,1290808,20901,1348505
6325,1292826,20101,1350223
6326,1287141,20505,1347646
6327,1281715,21688,1340254
6328,1291363,21166,1351380
6329,1289086,20477,1347062
6330,1286789,20214,1344170
6331,1280363,21378,1337908
6332,1293067,20949,1352275
6333,1286974,20371,1345234
6334,1282660,20164,1341045
6335,1284290,20790,1342282
6336,1283308,21399,1340928
6337,1286993,20988,1345332
6338,1287067,19984,1345828
6339,1283790,20203,1341251
6340,1293345,21404,1353452
6341,1290919,21012,1349393
6342,1285493,20341,1342945
6343,1287567,20097,1344330
6344,1285863,21130,1344086
6345,1278197,21850,1335547
6346,1293956,20476,1352135
6347,1287419,20047,1344558
6348,1288512,20247,1345276
6349,1287548,22133,1346496
6350,1291790,20352,1348696
6351,1299419,20422,1359989
6352,1300623,20456,1361152
6353,1296123,20675,1354000
6354,1284753,21450,1344257
6355,1292400,20354,1349309
6356,1286178,20517,1342602
6357,1286123,20328,1343820
6358,1280234,21252,1337911
6359,1289290,21063,1347944
6360,1287605,20226,1345200
6361,1296678,20685,1355214
6362,1287548,20978,1346081
6363,1280234,21827,1337968
6364,1293548,20453,1350538
6365,1288919,20728,1348350
6366,1289215,20243,1345809
6367,1283068,21629,1340270
6368,1282882,20311,1339062
6369,1283364,20140,1339614
6370,1294789,20359,1353203
6371,1288290,21022,1346311
6372,1278160,21557,1335327
6373,1291826,20312,1349508
6374,1288141,20438,1345079
6375,1284178,20601,1342001
6376,1277863,21358,1334351
6377,1285234,20595,1341977
6378,1284937,20481,1341714
6379,1330992,20162,1395302
6380,1306345,20307,1367391
6381,1288882,21693,1348334
6382,1291364,21208,1351904
6383,1297086,20260,1356901
6384,1288993,20127,1347212
6385,1287808,21588,1347617
6386,1290715,20084,1348150
6387,1320085,20303,1383794
6388,1311215,21688,1372180
6389,1293882,20462,1352380
6390,1290993,21904,1350896
6391,1296048,20438,1354356
6392,1290623,21101,1348130
6393,1290752,20245,1349904
6394,1289030,21965,1347809
6395,1292067,20813,1350528
6396,1291567,20773,1349969
6397,1289900,19991,1347484
6398,1411658,20321,1496959
6399,1529637,26504,1624787
6400,1547895,22871,1641024
6401,1510211,22423,1601132
6402,1567692,23104,1664924
6403,1474286,24509,1564942
6404,1524396,23746,1620085
6405,1551303,22021,1642970
6406,1523600,22758,1617430
6407,1502508,22180,1597427
6408,1527747,24937,1621016
6409,1570469,22044,1661660
6410,1509489,23782,1604102
6411,1538414,22630,1633635
6412,1480526,28442,1575838
6413,1536618,24976,1638185
6414,1544765,23842,1643662
6415,1508785,21376,1599789
6416,1554507,22798,1647062
6417,1456693,23944,1546210
6418,1407435,21070,1485652
6419,1342603,20844,1412724
6420,1326400,21192,1392036
6421,1315326,22153,1380145
6422,1331122,20724,1399789
6423,1322492,20868,1385304
6424,1318011,21216,1382912
6425,1319993,21231,1385223
6426,1313881,21895,1377554
6427,1306548,20485,1368902
6428,1300808,20333,1361362
6429,1299974,20755,1360469
6430,1298141,21993,1360467
6431,1290789,20027,1349149
6432,1288882,20820,1348516
6433,1296270,20557,1356142
6434,1290771,20331,1350860
6435,1288531,21958,1349099
6436,1288159,20732,1346299
6437,1293197,20507,1352425
6438,1292401,20188,1351125
6439,1284474,21352,1341937
6440,1293827,20886,1352637
6441,1287179,20123,1344838
6442,1287697,20286,1345353
6443,1300918,21116,1361256
6444,1290271,21539,1348661
6445,1289697,20202,1349084
6446,1308308,20347,1369913
6447,1290605,20880,1350743
6448,1283567,21878,1342593
6449,1292641,21060,1352719
6450,1291104,21167,1351011
6451,1289567,21015,1346952
6452,1285937,20364,1344041
6453,1283549,21417,1340909
6454,1294845,20469,1355202
6455,1292623,20354,1352235
6456,1286290,20184,1343398
6457,1279548,21718,1337507
6458,1294549,20456,1352818
6459,1285660,20211,1342889
6460,1285197,21430,1343237
6461,1279123,20537,1336641
6462,1284752,21331,1343453
6463,1283271,20180,1340802
6464,1286456,21009,1345909
6465,1287363,20543,1346035
6466,1287623,21244,1347607
6467,1303752,20259,1364195
6468,1289789,20978,1347877
6469,1351454,20400,1432909
6470,1568395,22915,1673475
6471,1518600,30875,1619677
6472,1489489,24131,1581285
6473,1548636,28350,1648910
6474,1496674,22439,1590019
6475,1545525,24621,1636516
6476,1423713,20636,1505866
6477,1419231,20948,1499141
6478,1424287,21907,1505656
6479,1467971,21866,1552873
6480,1398676,25345,1479428
6481,1407084,21564,1486461
6482,1416769,21801,1496328
6483,1415657,21538,1494750
6484,1380602,24499,1459119
6485,1609691,23440,1712295
6486,1564765,21658,1664959
6487,1584932,23044,1684252
6488,1523563,21744,1614379
6489,1525192,29112,1633599
6490,1498156,23330,1592966
6491,1586840,24123,1684646
6492,1421120,20842,1502924
6493,1399658,23710,1478681
6494,1417769,21410,1497584
6495,1405953,20832,1487414
6496,1411584,21532,1490855
6497,1427546,21862,1509647
6498,1377603,22619,1456554
6499,1420453,21671,1500234
6500,1410342,21130,1489379
6501,1629597,25590,1733963
6502,1475619,30309,1578723
6503,1592691,22769,1689495
6504,1525451,22506,1619086
6505,1545377,23558,1641137
6506,1508082,23462,1601060
6507,1461138,27922,1559522
6508,1530303,25715,1625165
6509,1439564,23267,1525460
6510,1418342,21745,1501734
6511,1394472,23928,1476232
6512,1410694,22776,1493488
6513,1426195,23420,1508669
6514,1417990,22565,1500573
6515,1414139,22710,1494736
6516,1388824,23892,1469253
6517,1419768,22537,1501156
6518,1611005,26181,1718759
6519,1576246,24437,1670516
6520,1488990,33953,1591941
6521,1453916,22098,1539401
6522,1338103,21150,1406363
6523,1344770,21035,1415285
6524,1325400,20420,1390134
6525,1321660,22677,1387724
6526,1317271,20951,1382480
6527,1313122,21022,1376810
6528,1318770,20444,1382214
6529,1312289,22090,1374971
6530,1331770,21383,1398652
6531,1307438,21027,1368630
6532,1303567,20375,1363608
6533,1293475,20224,1352605
6534,1288049,21018,1346066
6535,1292845,20347,1350803
6536,1290252,20288,1347892
6537,1285308,20248,1343073
6538,1289882,21560,1348978
6539,1292123,20223,1350197
6540,1287882,20275,1345693
6541,1294067,20364,1353079
6542,1295474,20509,1356353
6543,1286456,21358,1344480
6544,1305307,21040,1365346
6545,1319030,20277,1379417
6546,1292937,20292,1352043
6547,1289327,21826,1349763
6548,1299252,20971,1358833
6549,1286512,20486,1345237
6550,1307567,20260,1369048
6551,1296159,20923,1357286
6552,1283790,21698,1342932
6553,1292271,20491,1352261
6554,1297752,20302,1358091
6555,1297253,21225,1356328
6556,1284697,22185,1343678
6557,1291586,20682,1350637
6558,1285715,20586,1343708
6559,1290641,23526,1352908
6560,1287511,20467,1345145
6561,1288808,21854,1347661
6562,1291401,20702,1350972
6563,1285641,20995,1344839
6564,1289623,20269,1347298
6565,1277179,21544,1335741
6566,1291586,21559,1352181
6567,1285901,20667,1344937
6568,1292549,20496,1350748
6569,1294604,21530,1354967
6570,1284067,22083,1344168
6571,1290882,20135,1348313
6572,1288882,20261,1346809
6573,1289030,25146,1353268
6574,1283511,21366,1342136
6575,1300752,20288,1359355
6576,1292160,20081,1349907
6577,1289345,21318,1348663
6578,1292141,20222,1351011
6579,1285438,21423,1342712
6580,1292216,20420,1350634
6581,1302530,21509,1365093
6582,1311344,20153,1372979
6583,1309400,22799,1373384
6584,1309696,20592,1371380
6585,1296808,21348,1356488
6586,1299160,20437,1360318
6587,1301363,20322,1360888
6588,1295752,21783,1356386
6589,1292326,20761,1352605
6590,1294937,20331,1354286
6591,1289937,20198,1347487
6592,1288605,21825,1349299
6593,1300734,21062,1361703
6594,1291790,20281,1350736
6595,1289697,20204,1347937
6596,1296160,21237,1356100
6597,1288678,22198,1348690
6598,1285901,20453,1344057
6599,1287808,20172,1347109
6600,1282234,20187,1338476
6601,1282141,21740,1340140
6602,1297197,20329,1356562
6603,1289586,20215,1348355
6604,1291141,20248,1351055
6605,1291863,20337,1350404
6606,1286493,21742,1346920
6607,1289844,20479,1348750
6608,1284160,20124,1341561
6609,1284216,20176,1341946
6610,1284604,21581,1343907
6611,1292993,20689,1353237
6612,1286789,20204,1344511
6613,1306345,21237,1367451
6614,1288938,20715,1347856
6615,1282716,21602,1342316
6616,1288586,20524,1346479
6617,1300271,21095,1359828
6618,1288474,20961,1346898
6619,1283253,21441,1340563
6620,1286345,20289,1343800
6621,1282456,20545,1340241
6622,1290641,20060,1348589
6623,1282771,20130,1340086
6624,1278790,21406,1337417
6625,1289567,20569,1348635
6626,1287179,20584,1346613
6627,1291419,20265,1349276
6628,1279308,21874,1337570
6629,1286734,20426,1345956
6630,1287142,20460,1346026
6631,1289531,20363,1348615
6632,1278086,20545,1335445
6633,1282456,21043,1340313
6634,1289326,20521,1348883
6635,1281548,20239,1339417
6636,1292586,20532,1351358
6637,1281808,21474,1340596
6638,1295659,20397,1355630
6639,1286030,21023,1345349
6640,1286697,20241,1345882
6641,1288696,20312,1347712
6642,1292864,21643,1352932
6643,1284142,20991,1342632
6644,1285623,20395,1343406
6645,1294252,20318,1351884
6646,1281530,21704,1340641
6647,1283826,20275,1340675
6648,1287067,20308,1343967
6649,1281901,20286,1339445
6650,1290697,20245,1350479
6651,1448601,24039,1541935
6652,1475952,21462,1558265
6653,1331011,20218,1395339
6654,1310326,20825,1372706
6655,1304715,22267,1366074
6656,1331789,20375,1393051
6657,1341862,20131,1412010
6658,1310400,20331,1373637
6659,1306270,20235,1367245
6660,1298067,21825,1358484
6661,1377251,20432,1475922
6662,1363659,21058,1433957
6663,1309363,21092,1369473
6664,1335677,21571,1403285
6665,1382195,21086,1456021
6666,1336140,20416,1405352
6667,1315604,20746,1378163
6668,1302660,20594,1363901
6669,1293437,22147,1353547
6670,1292271,20866,1352747
6671,1302881,20585,1362817
6672,1348103,20877,1420479
6673,1341529,23005,1411236
6674,1324233,20983,1389881
6675,1302104,20423,1363156
6676,1295345,20790,1354153
6677,1297252,20453,1357149
6678,1301771,22470,1369443
6679,1346492,20355,1415661
6680,1306511,20370,1369473
6681,1299178,20237,1359692
6682,1296511,21790,1359041
6683,1300382,20583,1361167
6684,1293919,20412,1352146
6685,1322844,20279,1393808
6686,1350232,21257,1419248
6687,1300085,22070,1363136
6688,1339252,20455,1407687
6689,1379639,21340,1453275
6690,1314475,20170,1376514
6691,1291363,22038,1352253
6692,1370176,21331,1441784
6693,1311066,20383,1374116
6694,1299252,20602,1359798
6695,1296068,21080,1356516
6696,1285900,21448,1345366
6697,1293345,20444,1352307
6698,1331196,19941,1395451
6699,1310863,21067,1372077
6700,1291345,22138,1352094
6701,1296030,20302,1355868
6702,1301030,20279,1360549
6703,1295271,20980,1355694
6704,1296011,20532,1354505
6705,1301160,21622,1366003
6706,1345492,20285,1414369
6707,1304289,20948,1365237
6708,1293734,19982,1351937
6709,1293419,21498,1353546
6710,1306437,20346,1369320
6711,1305344,20269,1366112
6712,1421065,22413,1502810
6713,1317733,20280,1380494
6714,1319122,21907,1382177
6715,1351232,20256,1419191
6716,1315623,20585,1376114
6717,1301604,20508,1360630
6718,1292234,21394,1351127
6719,1368122,20965,1439455
6720,1323862,20572,1388416
6721,1309808,20199,1371209
6722,1318011,20269,1383724
6723,1319066,22544,1382907
6724,1311566,20448,1374125
6725,1297418,20204,1358456
6726,1329177,20682,1397007
6727,1303123,21865,1365857
6728,1303437,20917,1364853
6729,1290993,20136,1351165
6730,1301493,20428,1362994
6731,1291864,20591,1350732
6732,1285364,21626,1344470
6733,1359029,20900,1430391
6734,1320807,20693,1388388
6735,1306160,21171,1369015
6736,1296808,21984,1357883
6737,1298678,20610,1358861
6738,1290993,20384,1350876
6739,1301789,21010,1363243
6740,1297289,20488,1357369
6741,1286105,21449,1346256
6742,1302697,20797,1364233
6743,1306233,21108,1367841
6744,1296234,20382,1355078
6745,1290697,22417,1351650
6746,1289086,20080,1347628
6747,1297160,21021,1357273
6748,1295586,20203,1355158
6749,1292993,20440,1352506
6750,1292604,21919,1352467
6751,1300642,20990,1360871
6752,1288993,20597,1346756
6753,1284882,20316,1343956
6754,1286197,21610,1345028
6755,1287493,20903,1345913
6756,1290845,20158,1348891
6757,1289400,20247,1348369
6758,1289808,20207,1349921
6759,1283697,21741,1344401
6760,1292789,21293,1352860
6761,1297697,20457,1358264
6762,1296844,20138,1356316
6763,1290715,22154,1351369
6764,1290493,20188,1348236
6765,1299382,21092,1360028
6766,1319492,20514,1386376
6767,1311215,20270,1371817
6768,1302715,22193,1363834
6769,1293882,20894,1353349
6770,1292327,20205,1351512
6771,1288771,20294,1349212
6772,1291086,21921,1351117
6773,1319400,20936,1383261
6774,1309734,21025,1372943
6775,1299937,20040,1360773
6776,1297197,20870,1356455
6777,1335010,21831,1406933
6778,1550932,24642,1647332
6779,1578006,22268,1670828
6780,1520340,23190,1619659
6781,1501174,23818,1591157
6782,1557802,24203,1652375
6783,1486138,22977,1579743
6784,1561988,23159,1661608
6785,1518248,21952,1611143
6786,1509415,28301,1604177
6787,1511896,21872,1606452
6788,1601968,23683,1699557
6789,1549099,22642,1645573
6790,1461637,28992,1557832
6791,1525767,22785,1621364
6792,1543785,24411,1644657
6793,1559914,22629,1651801
6794,1510563,25256,1616539
6795,1482730,27549,1578260
6796,1531488,24194,1635533
6797,1451934,21283,1535605
6798,1347548,20650,1419178
6799,1313326,22277,1377954
6800,1315159,20422,1376229
6801,1337381,20622,1404021
6802,1322900,20804,1387388
6803,1323233,21245,1389755
6804,1308030,22798,1372160
6805,1325362,20405,1388138
6806,1305622,20476,1366820
6807,1297679,21176,1358798
6808,1290716,21748,1349240
6809,1300548,20485,1359644
6810,1295326,20352,1356270
6811,1290864,21071,1351267
6812,1295974,20456,1355967
6813,1287197,21083,1346372
6814,1291697,20469,1350572
6815,1295697,20928,1357050
6816,1294289,20332,1353639
6817,1288548,21200,1347211
6818,1291197,20548,1351096
6819,1296493,20989,1356574
6820,1293011,20356,1351422
6821,1290160,20334,1348808
6822,1289030,21887,1348379
6823,1296659,20772,1356135
6824,1286345,20362,1345335
6825,1294474,20414,1353072
6826,1285252,21837,1344348
6827,1294771,21037,1354215
6828,1290141,20552,1348656
6829,1289159,20364,1347467
6830,1288493,20360,1346686
6831,1289511,21932,1349165
6832,1288105,20539,1345013
6833,1288604,19628,1345732
6834,1286622,20477,1344284
6835,1287012,21400,1347170
6836,1300992,20452,1362389
6837,1296863,21134,1357515
6838,1298512,20223,1358067
6839,1355955,20405,1418136
6840,1302845,21773,1362968
6841,1293456,20973,1354928
6842,1290623,20414,1350073
6843,1303271,21169,1363661
6844,1297734,22741,1358993
6845,1298363,21108,1358933
6846,1293234,20475,1352837
6847,1294938,21453,1354389
6848,1292512,20523,1351404
6849,1284030,22021,1344717
6850,1291401,20166,1348936
6851,1289641,21143,1348432
6852,1290827,21233,1350095
6853,1284308,21860,1343149
6854,1295660,20486,1357145
6855,1298956,20742,1360437
6856,1301901,20979,1361138
6857,1294882,20457,1354153
6858,1320937,21640,1388927
6859,1321566,20821,1384387
6860,1306807,21910,1369421
6861,1293271,20425,1352844
6862,1284993,21793,1344897
6863,1291474,20697,1350541
6864,1293085,21101,1351667
6865,1290067,20375,1349257
6866,1292159,20390,1351809
6867,1286659,21647,1344658
6868,1302827,20440,1362914
6869,1292548,21140,1351558
6870,1291974,20211,1350296
6871,1293252,21579,1353127
6872,1301512,20427,1361678
6873,1293660,20349,1353119
6874,1298178,20642,1359449
6875,1294678,20398,1354168
6876,1288826,21988,1350147
6877,1306011,21022,1367606
6878,1292363,21000,1352047
6879,1285716,20700,1343914
6880,1287716,22234,1348134
6881,1357880,20509,1436907
6882,1562117,22301,1668158
6883,1537600,23279,1633970
6884,1517841,23350,1611819
6885,1526118,25477,1618205
6886,1534341,23085,1628479
6887,1566284,24340,1667697
6888,1436065,23115,1519752
6889,1397250,23964,1476361
6890,1420749,22794,1502969
6891,1403861,22550,1485410
6892,1438971,22954,1522702
6893,1415954,24320,1498884
6894,1389010,25448,1467604
6895,1417880,23648,1501508
6896,1413824,22811,1495208
6897,1623542,31474,1739792
6898,1485841,25175,1576737
6899,1571673,22431,1666528
6900,1537692,22428,1633692
6901,1500730,22906,1592782
6902,1524359,24587,1624352
6903,1461286,26103,1552814
6904,1582061,25285,1682789
6905,1439083,21152,1526456
6906,1421250,22204,1503397
6907,1384473,24146,1465914
6908,1424046,23087,1505743
6909,1418398,22343,1499591
6910,1415101,22469,1498088
6911,1421213,22817,1503917
6912,1396287,25463,1478786
6913,1434194,23219,1516671
6914,1605321,25104,1710071
6915,1559544,25730,1655161
6916,1503989,26487,1605400
6917,1520415,24206,1618804
6918,1549099,22943,1646874
6919,1505322,23291,1596593
6920,1583617,25417,1683181
6921,1407842,24396,1491127
6922,1444249,23504,1530808
6923,1408250,22111,1489786
6924,1420935,22775,1503894
6925,1386047,24643,1467873
6926,1435657,23509,1519998
6927,1421954,23228,1504884
6928,1415361,23632,1498973
6929,1431009,22777,1513914
6930,1383140,24756,1463913
6931,1603654,26771,1711404
6932,1569710,22563,1664957
6933,1506860,22708,1597936
6934,1379751,26298,1460844
6935,1330381,20647,1395842
6936,1309771,20458,1370376
6937,1347973,21269,1416464
6938,1330789,21321,1396313
6939,1319955,23671,1386533
6940,1317289,20371,1378844
6941,1306918,20349,1367526
6942,1302086,20401,1362912
6943,1289771,21639,1349465
6944,1299567,20210,1360128
6945,1296308,20336,1356921
6946,1300696,20407,1360214
6947,1290974,20329,1349099
6948,1281142,21530,1339153
6949,1290493,20212,1349038
6950,1296289,20079,1357034
6951,1295511,20205,1353086
6952,1290437,21425,1348880
6953,1291067,20644,1348914
6954,1291438,20418,1351299
6955,1297493,20378,1357185
6956,1287474,21022,1346644
6957,1286364,21946,1346253
6958,1309438,20831,1371064
6959,1296271,21254,1357524
6960,1289160,20658,1347928
6961,1285419,22137,1344722
6962,1292956,20208,1351867
6963,1291086,21019,1349974
6964,1291753,20330,1349248
6965,1290178,20364,1348597
6966,1281382,21047,1338650
6967,1293604,20543,1351684
6968,1286049,20373,1342699
6969,1288660,20314,1346473
6970,1285012,21108,1343045
6971,1291511,20271,1350282
6972,1292715,20897,1350445
6973,1298474,20098,1358664
6974,1294993,20890,1354512
6975,1289456,21481,1348436
6976,1292808,20885,1350451
6977,1284679,20363,1341244
6978,1286641,20396,1345037
6979,1282493,21653,1340701
6980,1296456,20853,1354309
6981,1294530,20313,1352527
6982,1286642,20050,1344339
6983,1290068,20732,1348872
6984,1289456,22044,1348796
6985,1288530,20467,1345867
6986,1286234,20185,1342715
6987,1288493,20608,1347248
6988,1290715,22068,1350079
6989,1289956,20139,1347020
6990,1291308,20265,1347980
6991,1289993,20743,1347736
6992,1291660,20666,1349028
6993,1282974,21700,1340860
6994,1288068,20382,1345319
6995,1285216,20564,1342927
6996,1286142,20171,1343257
6997,1281567,21243,1339532
6998,1290753,20351,1348565
6999,1285493,20440,1343747
7000,1292641,20344,1351318
7001,1289678,20507,1348055
7002,1286197,21449,1344460
7003,1287215,19983,1344605
7004,1284901,20739,1342064
7005,1287956,20420,1345672
7006,1284493,21825,1344410
7007,1292178,20507,1351222
7008,1285179,20967,1343644
7009,1293400,20389,1351344
7010,1292679,20163,1351248
7011,1280660,21476,1338950
7012,1293197,20546,1351576
7013,1290512,20450,1348980
7014,1284123,20317,1341680
7015,1283234,21537,1341030
7016,1289252,20626,1347082
7017,1286586,21067,1344449
7018,1291493,20471,1349686
7019,1287882,20486,1345738
7020,1304196,22632,1366661
7021,1298048,20925,1356991
7022,1292585,20199,1350062
7023,1285215,20844,1342781
7024,1282883,22564,1342538
7025,1293178,20245,1351238
7026,1294956,20279,1354031
7027,1289364,20646,1348527
7028,1288474,19957,1347153
7029,1286956,21677,1346762
7030,1306771,21044,1367369
7031,1290586,20466,1347774
7032,1287975,20333,1346233
7033,1288678,21998,1348360
7034,1295623,21013,1354987
7035,1288382,20194,1346594
7036,1296438,20339,1354535
7037,1290289,20262,1347569
7038,1285827,21833,1345104
7039,1292159,20182,1348970
7040,1293974,20919,1352763
7041,1293308,20323,1351223
7042,1286790,22117,1346739
7043,1301049,20650,1360476
7044,1294123,20573,1353899
7045,1286234,20347,1344692
7046,1289456,20270,1347410
7047,1289789,21193,1348908
7048,1290123,20542,1348386
7049,1289882,20334,1347290
7050,1300437,20720,1360619
7051,1288734,21736,1347432
7052,1289437,20862,1347151
7053,1296493,20729,1355332
7054,1293790,20300,1353051
7055,1287437,20981,1345233
7056,1286030,21849,1345805
7057,1290882,20365,1350375
7058,1294697,20231,1353279
7059,1291937,21487,1352646
7060,1282920,21522,1341792
7061,1287216,20407,1344826
7062,1291493,20367,1349952
7063,1297345,20271,1356189
7064,1290123,20304,1349463
7065,1289826,21783,1349813
7066,1302049,20391,1363568
7067,1290511,20517,1349232
7068,1290086,20125,1349025
7069,1284345,21160,1342578
7070,1292178,20397,1350982
7071,1294548,20190,1353997
7072,1289660,20260,1348808
7073,1283456,20590,1341823
7074,1292901,21273,1353469
7075,1300215,20214,1358984
7076,1296715,21155,1355184
7077,1338381,20818,1405328
7078,1299974,22631,1361826
7079,1303734,21386,1364212
7080,1296975,20290,1355134
7081,1302345,20342,1362538
7082,1302030,20450,1362535
7083,1291827,21614,1351255
7084,1291660,20185,1348159
7085,1319641,20737,1383766
7086,1301623,21067,1363392
7087,1299660,21898,1360446
7088,1297641,20487,1355590
7089,1307474,21076,1370253
7090,1296456,20313,1355695
7091,1296326,20366,1356210
7092,1291919,21437,1351207
7093,1289826,21063,1348778
7094,1294233,20338,1354682
7095,1286641,20131,1343401
7096,1287845,21443,1345750
7097,1290383,20773,1350265
7098,1285679,20269,1345169
7099,1287863,21155,1347369
7100,1298623,21244,1358125
7101,1279568,21908,1338382
7102,1292659,20312,1352008
7103,1287864,20216,1345986
7104,1285049,21009,1342261
7105,1284863,21599,1345073
7106,1288549,20170,1346144
7107,1291734,20463,1350529
7108,1297290,21515,1356581
7109,1287938,20474,1347004
7110,1289437,21157,1348890
7111,1294808,20820,1354979
7112,1288493,20983,1345494
7113,1292753,20702,1351398
7114,1283401,22626,1342748
7115,1285012,20382,1343707
7116,1284068,21063,1341611
7117,1286419,20412,1343663
7118,1286327,21297,1345716
7119,1279271,21906,1338491
7120,1292160,20180,1351376
7121,1290975,21029,1350095
7122,1285716,21210,1345221
7123,1282401,22060,1340404
7124,1293974,20742,1352882
7125,1292937,20812,1351138
7126,1284993,20753,1343468
7127,1280771,20176,1337890
7128,1280734,21877,1338184
7129,1288493,20651,1345884
7130,1279363,20907,1336881
7131,1289142,20311,1347248
7132,1284567,21494,1341283
7133,1286864,20416,1344353
7134,1284011,21228,1342572
7135,1286216,20446,1343272
7136,1284363,20813,1341824
7137,1286401,22015,1345655
7138,1296419,21141,1356133
7139,1285679,20582,1343704
7140,1289178,20245,1346978
7141,1283493,21206,1340457
7142,1292567,20943,1352009
7143,1284993,20754,1343321
7144,1283789,20195,1340373
7145,1284660,20303,1343277
7146,1284179,21412,1343256
7147,1287141,20130,1344530
7148,1285974,20331,1342786
7149,1279771,20309,1337579
7150,1289993,22362,1351410
7151,1286659,20432,1344332
7152,1288160,20318,1345421
7153,1280623,20074,1337622
7154,1289660,20459,1348451
7155,1281012,21716,1338801
7156,1285641,20953,1342798
7157,1358955,20839,1437885
7158,1557988,21965,1655544
7159,1490045,30018,1589543
7160,1502286,22440,1594095
7161,1550099,22363,1649275
7162,1515970,22100,1610773
7163,1537747,23319,1633102
7164,1466138,30650,1563583
7165,1516229,23295,1611097
7166,1517174,22699,1610352
7167,1573117,24584,1674588
7168,1542747,26156,1639365
7169,1539951,23893,1636695
7170,1547970,22852,1644858
7171,1553840,24979,1649854
7172,1587746,22383,1682405
7173,1465546,28936,1562776
7174,1519433,23229,1614086
7175,1594080,25336,1696988
7176,1495082,23166,1589320
7177,1364529,24423,1436340
7178,1325641,20475,1391170
7179,1320103,20398,1382593
7180,1350604,21450,1418904
7181,1315752,20242,1377382
7182,1320826,22018,1386028
7183,1323789,20533,1388006
7184,1309771,20511,1371318
7185,1312455,20378,1375036
7186,1296697,23042,1359923
7187,1298807,20168,1358790
7188,1312881,20332,1375860
7189,1303789,20347,1364061
7190,1292215,20806,1351669
7191,1289753,21396,1348148
7192,1296474,20263,1354830
7193,1303790,20352,1361493
7194,1297974,20256,1357174
7195,1293974,21513,1354913
7196,1300474,20380,1360317
7197,1297734,20729,1356721
7198,1294623,20614,1354495
7199,1346862,20240,1408805
7200,1305178,21960,1365915
7201,1293197,20882,1352486
7202,1284623,20972,1341983
7203,1289863,20838,1348479
7204,1310419,22151,1373772
7205,1308808,20722,1370899
7206,1299808,20940,1361303
7207,1296604,20344,1354836
7208,1288622,20619,1347222
7209,1296530,22616,1358182
7210,1300030,21076,1362179
7211,1293938,20443,1352972
7212,1298827,20439,1358116
7213,1288512,21585,1347411
7214,1294438,20970,1353574
7215,1290641,20300,1348496
7216,1288697,20241,1346900
7217,1282623,20349,1338323
7218,1289400,22291,1350320
7219,1290530,20287,1348965
7220,1288030,20358,1345795
7221,1292085,20799,1352273
7222,1285067,21852,1344623
7223,1291086,20423,1348712
7224,1287605,20105,1344245
7225,1284123,20601,1342797
7226,1290289,20468,1350164
7227,1362140,23836,1436771
7228,1339252,20425,1401991
7229,1302622,20551,1364710
7230,1298956,20455,1360077
7231,1288993,21490,1348038
7232,1302789,20431,1362608
7233,1292253,20761,1351123
7234,1293475,20202,1353213
7235,1297012,20254,1355524
7236,1291678,21770,1349466
7237,1292567,20637,1351666
7238,1294531,20522,1355052
7239,1289549,20371,1349326
7240,1287308,21646,1345009
7241,1291290,20476,1350450
7242,1294104,20306,1353594
7243,1289327,20395,1348184
7244,1292605,20706,1351199
7245,1291141,21556,1350104
7246,1293771,21015,1353526
7247,1294290,20512,1353263
7248,1287012,20212,1343260
7249,1281493,21265,1339536
7250,1312381,20929,1374439
7251,1295104,20536,1354047
7252,1297864,20292,1355766
7253,1286327,20622,1344929
7254,1283067,21897,1342038
7255,1295215,20986,1353534
7256,1301715,20409,1361197
7257,1287975,20646,1345639
7258,1280938,22014,1339099
7259,1294438,21103,1354596
7260,1290993,20026,1349259
7261,1289697,22059,1350496
7262,1288234,20204,1346845
7263,1282308,21720,1341620
7264,1290826,20346,1349246
7265,1294753,21343,1354428
7266,1289937,20302,1348906
7267,1292419,21318,1351959
7268,1297974,21111,1358215
7269,1290031,20126,1348137
7270,1294993,20456,1356319
7271,1291937,20693,1352334
7272,1288679,21765,1348165
7273,1300159,21003,1360884
7274,1293252,20036,1352232
7275,1294938,20736,1353340
7276,1291456,21938,1350430
7277,1286623,20897,1344630
7278,1284419,20153,1342257
7279,1293364,20742,1352345
7280,1289419,20831,1347398
7281,1284141,21792,1342432
7282,1290549,20233,1349207
7283,1285567,20674,1343926
7284,1285678,20781,1342792
7285,1280623,21649,1337920
7286,1284808,20239,1343120
7287,1291586,20198,1350987
7288,1294937,20121,1352909
7289,1288919,20358,1347702
7290,1288197,21670,1348663
7291,1294159,20389,1352529
7292,1294252,21015,1354378
7293,1295086,20215,1354615
7294,1392398,21639,1479462
7295,1601154,22413,1696510
7296,1527896,21965,1618749
7297,1572247,22480,1666633
7298,1501415,21829,1594983
7299,1486471,27937,1587573
7300,1509785,22434,1598422
7301,1421324,21208,1502901
7302,1418732,21372,1500398
7303,1379269,23351,1457100
7304,1426453,21625,1508318
7305,1421138,21103,1503574
7306,1413324,21692,1493608
7307,1415176,21633,1496067
7308,1383251,23501,1462788
7309,1604487,21665,1696447
7310,1562099,22569,1656388
7311,1579858,23584,1678218
7312,1495711,26007,1590569
7313,1505082,21708,1600084
7314,1549155,24426,1647246
7315,1511082,22331,1604429
7316,1522377,22105,1613981
7317,1398250,24158,1480796
7318,1428694,22007,1513033
7319,1431972,21355,1514733
7320,1414731,21592,1492675
7321,1381547,23905,1460580
7322,1424269,22401,1505206
7323,1420991,21028,1502721
7324,1415917,21635,1495440
7325,1581210,21706,1680692
7326,1490785,25444,1584321
7327,1571247,23645,1668483
7328,1568099,23067,1663313
7329,1473360,22842,1564756
7330,1571710,28413,1669696
7331,1487637,21817,1578194
7332,1585747,25555,1682559
7333,1448860,21070,1534225
7334,1421787,20863,1503445
7335,1373695,25249,1453888
7336,1432972,22376,1517679
7337,1423787,22576,1505010
7338,1411157,22332,1494414
7339,1388917,23829,1469227
7340,1430361,22419,1512889
7341,1420935,22656,1503368
7342,1615227,26412,1720860
7343,1579025,24112,1678024
7344,1486545,31980,1584505
7345,1440842,21329,1523169
7346,1333066,21196,1399372
7347,1361806,21562,1434831
7348,1312752,22819,1377367
7349,1308345,20446,1370123
7350,1340566,20368,1407600
7351,1322900,20791,1386023
7352,1329103,21213,1393334
7353,1301197,22044,1362110
7354,1297104,20319,1357385
7355,1315326,21037,1379048
7356,1302122,20478,1360785
7357,1292048,21791,1351857
7358,1302289,20788,1364372
7359,1296067,20932,1355980
7360,1291623,20373,1350458
7361,1292123,20222,1352214
7362,1295493,22275,1356749
7363,1293475,20309,1352338
7364,1292881,20490,1351557
7365,1293586,20894,1354276
7366,1287438,22077,1346570
7367,1293419,20463,1351344
7368,1287289,20145,1344619
7369,1283623,20641,1340782
7370,1289437,20397,1347871
7371,1285327,21747,1343202
7372,1287215,20502,1345365
7373,1287141,20906,1346140
7374,1293585,20181,1352506
7375,1284901,21734,1343282
7376,1294308,20305,1354482
7377,1291104,20949,1351238
7378,1290771,20335,1349124
7379,1298679,20720,1357361
7380,1282345,21385,1339285
7381,1287641,20326,1345115
7382,1285715,20100,1342685
7383,1293271,19949,1349922
7384,1283363,21261,1340272
7385,1293511,20313,1352546
7386,1288789,20291,1347228
7387,1293733,20251,1351521
7388,1282789,20359,1339629
7389,1280920,21634,1338312
7390,1305271,20297,1365308
7391,1292326,20923,1352286
7392,1287715,20179,1345505
7393,1285752,21492,1346114
7394,1301049,20118,1362573
7395,1285420,21078,1345885
7396,1295271,20722,1356233
7397,1295160,20515,1353915
7398,1286160,21476,1347005
7399,1294919,21250,1355298
7400,1293900,22543,1356369
7401,1288142,20595,1346384
7402,1291512,21630,1352456
7403,1293085,21034,1353304
7404,1292179,20957,1350930
7405,1285068,20472,1345501
7406,1289141,20283,1347275
7407,1282586,21596,1341625
7408,1290882,20296,1348436
7409,1286623,20292,1343229
7410,1286919,20567,1346633
7411,1299956,22101,1362557
7412,1299789,20413,1359924
7413,1289085,20132,1347420
7414,1299271,20276,1358824
7415,1293456,20217,1351562
7416,1284845,21586,1342930
7417,1289142,20378,1348260
7418,1292715,20208,1351404
7419,1291752,20464,1350383
7420,1284419,21721,1343195
7421,1287253,20329,1345840
7422,1285475,20214,1343725
7423,1286660,20229,1344129
7424,1290474,20874,1349552
7425,1290752,23779,1354772
7426,1291734,20313,1349953
7427,1287974,20310,1345932
7428,1295159,21121,1354095
7429,1282901,21878,1342130
7430,1287364,20634,1346663
7431,1287179,20871,1344697
7432,1288789,20034,1346286
7433,1285216,20309,1342968
7434,1286548,22158,1346836
7435,1290697,20247,1349425
7436,1292456,20559,1350459
7437,1295678,20407,1355400
7438,1283882,21683,1342157
7439,1294900,20198,1354023
7440,1293271,20343,1350983
7441,1286382,20247,1344535
7442,1290660,20373,1349624
7443,1285123,21408,1342974
7444,1291493,20219,1349693
7445,1290289,20308,1350356
7446,1286716,20249,1345223
7447,1280345,20951,1337406
7448,1294178,20317,1353273
7449,1285993,20221,1342807
7450,1281400,20255,1338840
7451,1282456,20622,1342429
7452,1286179,21268,1344131
7453,1287456,20320,1345461
7454,1295493,21761,1357642
7455,1283494,20443,1342028
7456,1279493,21681,1337433
7457,1302308,21122,1364837
7458,1303011,20786,1365111
7459,1289327,20190,1347756
7460,1294881,20612,1354734
7461,1285308,21721,1345658
7462,1289586,20366,1348747
7463,1291882,20214,1351929
7464,1289586,20470,1347536
7465,1283790,21764,1342794
7466,1290271,20335,1349438
7467,1290160,20665,1350953
7468,1287308,20346,1347079
7469,1290567,20269,1348983
7470,1286530,21452,1345796
7471,1285623,20708,1345385
7472,1283679,20463,1342160
7473,1285919,20145,1343230
7474,1279808,21310,1338302
7475,1289660,20899,1348410
7476,1281993,20543,1339240
7477,1291438,20521,1349088
7478,1285253,20759,1344307
7479,1283827,22145,1342897
7480,1292789,20586,1350357
7481,1295197,20713,1354279
7482,1283808,20913,1342850
7483,1282474,21929,1341866
7484,1285623,20296,1342270
7485,1287938,20293,1345396
7486,1288364,20363,1347689
7487,1286771,20453,1346501
7488,1282104,21228,1340276
7489,1298197,20225,1357069
7490,1288475,20332,1346603
7491,1289993,20847,1348969
7492,1302660,21530,1361504
7493,1291993,20175,1350519
7494,1294771,20264,1356108
7495,1294974,20242,1352920
7496,1286845,20091,1343750
7497,1289400,21311,1349377
7498,1300104,20604,1361207
7499,1293271,21230,1353204
7500,1293623,20337,1351552
7501,1284142,21206,1341661
7502,1293474,20961,1354009
7503,1293808,20569,1352432
7504,1284919,20343,1343762
7505,1284475,20766,1342981
7506,1284031,21949,1343201
7507,1285993,21353,1344808
7508,1286400,20424,1343490
7509,1285697,20235,1343450
7510,1283068,21455,1341133
7511,1284919,20933,1342814
7512,1287604,20355,1344996
7513,1285123,20037,1342178
7514,1293568,20182,1351989
7515,1287308,21513,1346154
7516,1297697,20287,1355317
7517,1292438,20284,1350517
7518,1281271,20225,1339625
7519,1284308,21574,1342326
7520,1284678,20386,1342415
7521,1287216,20216,1346097
7522,1285215,20324,1344835
7523,1299196,20635,1359164
7524,1286179,21744,1344384
7525,1287567,21370,1346973
7526,1290808,20867,1350711
7527,1290919,20511,1348485
7528,1286030,21565,1345150
7529,1295456,21006,1354813
7530,1289567,20243,1348235
7531,1290511,20369,1347695
7532,1289271,21255,1347228
7533,1278401,21641,1337263
7534,1289457,20453,1347445
7535,1288030,20264,1346164
7536,1286956,21112,1346179
7537,1447194,23758,1533784
7538,1572228,24403,1669982
7539,1496971,22270,1591443
7540,1541173,25952,1642438
7541,1525229,23967,1618454
7542,1438527,30464,1534861
7543,1564969,23109,1667910
7544,1528081,24680,1621797
7545,1539710,24121,1634682
7546,1441471,26526,1534348
7547,1548729,23615,1647824
7548,1550636,22593,1643969
7549,1507396,23812,1610948
7550,1498841,24235,1594981
7551,1486841,26658,1577517
7552,1575580,23192,1672400
7553,1544821,21874,1641268
7554,1485305,21574,1578932
7555,1521562,25257,1613059
7556,1492989,23587,1586019
7557,1380047,20843,1456648
7558,1344751,20654,1413145
7559,1396584,20354,1468252
7560,1322863,22611,1387214
7561,1323826,20515,1387637
7562,1328696,20530,1393337
7563,1300030,20508,1361001
7564,1297308,22043,1359128
7565,1302826,20355,1364254
7566,1299789,20259,1360251
7567,1298790,20107,1358284
7568,1299196,20400,1359059
7569,1314233,21453,1374186
7570,1298937,20283,1357609
7571,1294696,20335,1353790
7572,1323474,20387,1388712
7573,1303085,21941,1364507
7574,1315271,20104,1378188
7575,1304882,21008,1366167
7576,1292234,22116,1353960
7577,1299437,20501,1359938
7578,1296419,21591,1358380
7579,1301308,21088,1362969
7580,1294752,20159,1353836
7581,1291956,20248,1350277
7582,1294753,21468,1355738
7583,1296919,21112,1355271
7584,1288845,20739,1346898
7585,1296104,20883,1356320
7586,1297678,21028,1357983
7587,1288752,21118,1347703
7588,1304456,21115,1365292
7589,1293586,20334,1353159
7590,1290641,20312,1349841
7591,1293308,21791,1353820
7592,1287438,21010,1345595
7593,1286308,20284,1343425
7594,1290697,20781,1349088
7595,1311641,21240,1375066
7596,1298012,22682,1359656
7597,1297937,20457,1357708
7598,1287586,20120,1345224
7599,1297956,20783,1359035
7600,1288919,21726,1347607
7601,1291253,20518,1350214
7602,1286512,20274,1344619
7603,1292049,20882,1350652
7604,1292271,20601,1350223
7605,1288567,21765,1349517
7606,1300992,20317,1360384
7607,1290623,20962,1350158
7608,1297401,20607,1356988
7609,1282494,21345,1340356
7610,1289715,20416,1348705
7611,1308160,21190,1368830
7612,1292882,20298,1351142
7613,1286715,20220,1345361
7614,1287086,21663,1346248
7615,1296993,20307,1356911
7616,1288530,20026,1347019
7617,1288938,20523,1348330
7618,1283179,21502,1342680
7619,1310511,20313,1373527
7620,1302808,20273,1361432
7621,1292919,20510,1351984
7622,1295364,20247,1355592
7623,1292623,21393,1352867
7624,1298993,20927,1358364
7625,1290549,20201,1349360
7626,1288271,20179,1347450
7627,1285993,21584,1346058
7628,1292178,20359,1351185
7629,1289382,23133,1349866
7630,1287419,20074,1345326
7631,1298289,21052,1358785
7632,1290178,21643,1350061
7633,1283882,20973,1342891
7634,1289104,20191,1348739
7635,1285604,20336,1343569
7636,1284271,21389,1342123
7637,1287938,20812,1344971
7638,1284919,20179,1343449
7639,1292290,20268,1349446
7640,1296956,21098,1357035
7641,1280142,21799,1338940
7642,1286771,20314,1344677
7643,1296308,20255,1356785
7644,1288697,21122,1347393
7645,1285067,21620,1343853
7646,1298030,21413,1357609
7647,1285790,20576,1343976
7648,1290715,20999,1350861
7649,1288882,20181,1347377
7650,1283327,21512,1343134
7651,1288716,20138,1346686
7652,1300233,20986,1361941
7653,1290678,21224,1350568
7654,1282678,24666,1344899
7655,1288716,20718,1346988
7656,1287012,20511,1345188
7657,1286475,22100,1345074
7658,1288105,21356,1348922
7659,1283105,21965,1341661
7660,1285289,20091,1341657
7661,1283364,20513,1341135
7662,1286067,21028,1345336
7663,1316604,21600,1381092
7664,1320085,21282,1384552
7665,1329936,21093,1395326
7666,1306789,21238,1368878
7667,1295548,20402,1354986
7668,1286419,21622,1345577
7669,1295715,20118,1354499
7670,1297808,20874,1358292
7671,1292419,20389,1352196
7672,1287068,22535,1346750
7673,1300493,20365,1361209
7674,1294364,20991,1354576
7675,1288494,20118,1346295
7676,1302474,20577,1362625
7677,1286252,21779,1346012
7678,1287567,20405,1346323
7679,1287345,20679,1346320
7680,1311882,20380,1371724
7681,1290494,21433,1349333
7682,1303938,20726,1363385
7683,1290197,20389,1349215
7684,1290160,20330,1349045
7685,1301271,20753,1362393
7686,1285031,22140,1344484
7687,1291271,21136,1350499
7688,1308086,20503,1369736
7689,1295364,20018,1355603
7690,1289642,22201,1350120
7691,1298141,21346,1358487
7692,1288253,20491,1346076
7693,1291770,20599,1350536
7694,1295585,21336,1356477
7695,1283345,21945,1341493
7696,1282549,20368,1339860
7697,1288475,20420,1346875
7698,1294160,21176,1353964
7699,1280809,21562,1340999
7700,1294549,21022,1354236
7701,1284197,20074,1341067
7702,1286030,21145,1345174
7703,1287253,20216,1344319
7704,1277808,21398,1334224
7705,1378288,20599,1460496
7706,1559784,22947,1673563
7707,1538192,23333,1633949
7708,1446546,24830,1531134
7709,1537007,24383,1632870
7710,1514266,23805,1617070
7711,1521803,22895,1614326
7712,1440639,21891,1524528
7713,1381307,24389,1465490
7714,1425565,22311,1508227
7715,1417102,21345,1495020
7716,1410194,20916,1490091
7717,1383158,24247,1462071
7718,1420657,21707,1501715
7719,1406509,22740,1486378
7720,1590876,21607,1684408
7721,1560339,24159,1655183
7722,1505211,25398,1603145
7723,1561655,25339,1662362
7724,1515340,23113,1605249
7725,1553321,24610,1652485
7726,1434120,24460,1521782
7727,1608969,24401,1707386
7728,1427379,21101,1511090
7729,1426398,21024,1507198
7730,1399676,21428,1482325
7731,1395528,25611,1479064
7732,1418453,20941,1497523
7733,1402713,22122,1484038
7734,1418250,21452,1502701
7735,1380010,24413,1461496
7736,1411935,23095,1493788
7737,1584728,22277,1685670
7738,1567933,22440,1667760
7739,1553655,23955,1651349
7740,1461545,24527,1549182
7741,1604598,22135,1701343
7742,1477934,21206,1569305
7743,1591061,25202,1689558
7744,1382880,23681,1468894
7745,1423602,21382,1505223
7746,1446712,21286,1529645
7747,1420787,22579,1501476
7748,1423212,21853,1504602
7749,1386177,23758,1466397
7750,1416157,21200,1497041
7751,1425361,22066,1506741
7752,1416584,22119,1495590
7753,1637560,25339,1729601
7754,1557099,22761,1656414
7755,1538988,23350,1634726
7756,1440879,22069,1526206
7757,1348251,21085,1415205
7758,1311844,22342,1377926
7759,1316122,20320,1378756
7760,1329418,20798,1394141
7761,1315474,20998,1377305
7762,1317159,22014,1383562
7763,1323807,21048,1388614
7764,1305660,20378,1366611
7765,1322474,21745,1386755
7766,1297141,20168,1357290
7767,1289290,21943,1348899
7768,1296345,20236,1353432
7769,1290623,20492,1350096
7770,1296068,20507,1355999
7771,1284845,22097,1344423
7772,1292271,19983,1349401
7773,1300493,20572,1360435
7774,1298808,20587,1358839
7775,1293734,20473,1354002
7776,1287900,23674,1348371
7777,1293456,20467,1352108
7778,1289585,20983,1348790
7779,1289085,20257,1347286
7780,1297956,22329,1359414
7781,1306197,20381,1367595
7782,1298901,20192,1358425
7783,1288808,20263,1347774
7784,1290901,20204,1347771
7785,1288622,21924,1348046
7786,1291216,20773,1350098
7787,1300030,20658,1359243
7788,1297049,20507,1355499
7789,1291419,22004,1350867
7790,1290234,19760,1347864
7791,1285271,20276,1343842
7792,1293030,20661,1352894
7793,1292604,20491,1352335
7794,1283141,22378,1343870
7795,1297530,20430,1356552
7796,1286068,20667,1344401
7797,1289864,20886,1348712
7798,1283438,21847,1341747
7799,1295178,21677,1356280
7800,1298215,20914,1358110
7801,1294253,21022,1354181
7802,1296252,20870,1356715
7803,1288345,21461,1347731
7804,1288363,20439,1346561
7805,1290160,20250,1346817
7806,1292234,20136,1349351
7807,1281808,21097,1340052
7808,1291716,20297,1350123
7809,1290345,20331,1349619
7810,1293290,20179,1352634
7811,1289808,20787,1349279
7812,1279938,21099,1337444
7813,1297012,20411,1356274
7814,1292752,20222,1351585
7815,1283808,20978,1342971
7816,1282123,21772,1342320
7817,1341547,21306,1409094
7818,1302233,21284,1363628
7819,1297475,21059,1358014
7820,1291234,20240,1348862
7821,1293511,21720,1355008
7822,1301993,20438,1363764
7823,1300141,21009,1360705
7824,1294660,20524,1354720
7825,1310233,22096,1375384
7826,1318863,20889,1380807
7827,1296807,21089,1355860
7828,1294585,20345,1355412
7829,1290253,20435,1348094
7830,1293752,21914,1355832
7831,1296493,21059,1355644
7832,1289938,20148,1347918
7833,1296622,20478,1356211
7834,1290605,21939,1350727
7835,1288901,20306,1347965
7836,1288716,20339,1346202
7837,1285623,20873,1344199
7838,1289123,20258,1348399
7839,1283697,22330,1344730
7840,1284734,20382,1342801
7841,1280993,20601,1339057
7842,1284549,20191,1343405
7843,1282401,21466,1340774
7844,1284252,20333,1341233
7845,1286160,20922,1346230
7846,1285623,20141,1344356
7847,1289549,20453,1347815
7848,1279475,21506,1338036
7849,1283456,20780,1341699
7850,1278567,20166,1335788
7851,1296697,20514,1356192
7852,1284605,21420,1342208
7853,1289290,19842,1346890
7854,1286141,20098,1343572
7855,1284067,20354,1340976
7856,1284049,20980,1342047
7857,1282364,21145,1340489
7858,1288086,20141,1345412
7859,1296882,20212,1357075
7860,1289734,20579,1347442
7861,1278734,21669,1337106
7862,1284771,20759,1342992
7863,1290882,20292,1349285
7864,1286808,20363,1343707
7865,1288679,20193,1346741
7866,1281364,21209,1339794
7867,1291975,20558,1350309
7868,1286808,20480,1343899
7869,1283271,20551,1340766
7870,1282420,21771,1341801
7871,1282272,20434,1340445
7872,1290234,20394,1348479
7873,1288419,20705,1346327
7874,1286234,20350,1345120
7875,1281586,21811,1339859
7876,1294771,20289,1353133
7877,1286993,20600,1345148
7878,1287123,20208,1345867
7879,1281548,21669,1340587
7880,1285123,20925,1344714
7881,1288605,21033,1347025
7882,1287364,21048,1347022
7883,1282382,20026,1339444
7884,1285900,21375,1344498
7885,1285660,21335,1343976
7886,1283790,21109,1343195
7887,1289086,20254,1348413
7888,1284531,21363,1341411
7889,1284938,20193,1342926
7890,1288475,20856,1347923
7891,1288734,19890,1346549
7892,1289641,20850,1349472
7893,1285530,21866,1343914
7894,1286475,20955,1346522
7895,1280993,20174,1337130
7896,1281178,20393,1337367
7897,1283882,21502,1340976
7898,1295734,21128,1356472
7899,1285086,20310,1344025
7900,1287234,20251,1345540
7901,1290993,20562,1349944
7902,1286364,21745,1346145
7903,1285642,20390,1344475
7904,1290753,20239,1350416
7905,1298716,21032,1357635
7906,1289327,21492,1349411
7907,1284734,20489,1343111
7908,1284437,20263,1342367
7909,1292456,20056,1350641
7910,1315974,20275,1376508
7911,1285716,21828,1345043
7912,1285919,20307,1343781
7913,1290382,20118,1349777
7914,1288826,20244,1347070
7915,1288401,21409,1348660
7916,1295530,20294,1353879
7917,1543470,25291,1642352
7918,1552136,22473,1649663
7919,1561470,23821,1655919
7920,1485323,31356,1587399
7921,1540729,22945,1636802
7922,1516470,21312,1608837
7923,1566265,22827,1662277
7924,1470397,27473,1562610
7925,1539951,25192,1637494
7926,1543766,22059,1638657
7927,1583543,22630,1680431
7928,1529470,22108,1620928
7929,1482638,28291,1583464
7930,1510693,22195,1600960
7931,1543895,23599,1640660
7932,1562284,24040,1661452
7933,1467452,25649,1555397
7934,1503452,21923,1597504
7935,1531081,22661,1625463
7936,1440379,21176,1522943
7937,1330270,20210,1396590
7938,1327733,22244,1396792
7939,1325140,20926,1388936
7940,1309956,20090,1371804
7941,1348011,21086,1422207
7942,1334029,23251,1405723
7943,1320918,20525,1386609
7944,1303567,20614,1365847
7945,1317900,20352,1380603
7946,1301419,21071,1363100
7947,1304493,22216,1368153
7948,1300271,20287,1359039
7949,1304697,20673,1367017
7950,1295938,20206,1354551
7951,1288642,21463,1349085
7952,1293530,20423,1352489
7953,1293475,20179,1352819
7954,1290271,20268,1349112
7955,1288141,21672,1348220
7956,1284364,21374,1343088
7957,1290068,20352,1347622
7958,1286679,20311,1345137
7959,1289734,21401,1349263
7960,1287975,21269,1347169
7961,1290160,20321,1349054
7962,1292641,20410,1353699
7963,1294233,21018,1354232
7964,1354585,21015,1426709
7965,1297085,23438,1361245
7966,1313122,20676,1377667
7967,1296585,21191,1357294
7968,1293586,20613,1351865
7969,1287883,22074,1347067
7970,1295142,20200,1354767
7971,1291734,21067,1351597
7972,1296178,20638,1355556
7973,1292993,20301,1352664
7974,1291659,21095,1351551
7975,1294622,21037,1352658
7976,1286159,20348,1343952
7977,1290271,20345,1349800
7978,1286438,21620,1345964
7979,1289623,20858,1349905
7980,1292197,20373,1349884
7981,1295882,20499,1356806
7982,1293382,20273,1353118
7983,1288030,21679,1346912
7984,1288419,20305,1346390
7985,1283401,20394,1341720
7986,1290882,20557,1349661
7987,1298085,21962,1359844
7988,1296919,20348,1356674
7989,1293938,20234,1353948
7990,1293067,20434,1353241
7991,1296253,20468,1355219
7992,1291142,21225,1350198
7993,1291826,20240,1350584
7994,1285623,20348,1343247
7995,1296771,20529,1355540
7996,1288623,21675,1347131
7997,1285715,21005,1345035
7998,1290697,20669,1351457
7999,1287456,20610,1346472
8000,1292808,21069,1351450
8001,1284512,21752,1343560
8002,1286031,20175,1343445
8003,1288419,20320,1347442
8004,1296197,21112,1356197
8005,1285715,22018,1344288
8006,1287845,20551,1346470
8007,1286883,20307,1344170
8008,1297586,20452,1356370
8009,1288086,20856,1345923
8010,1282420,21132,1341346
8011,1287012,20110,1346047
8012,1295141,20588,1355747
8013,1290011,20436,1348484
8014,1282474,21471,1341927
8015,1287178,20764,1345997
8016,1282938,20409,1341327
8017,1286697,20146,1344991
8018,1293845,21106,1355265
8019,1284234,21955,1343929
8020,1287975,20045,1345222
8021,1287197,20449,1345645
8022,1291308,21205,1355475
8023,1298326,21480,1359269
8024,1293456,20255,1351821
8025,1290271,20325,1348725
8026,1297770,20970,1358574
8027,1300734,21356,1360885
8028,1287086,21724,1347068
8029,1294438,20313,1354583
8030,1290216,21088,1351173
8031,1290568,20233,1349188
8032,1281086,21582,1340130
8033,1300307,20949,1359867
8034,1289363,20446,1349272
8035,1289697,20443,1348065
8036,1290512,20532,1349339
8037,1286734,21715,1345837
8038,1288271,22138,1347926
8039,1287456,20060,1345682
8040,1284771,20427,1342568
8041,1280716,21795,1339492
8042,1288179,20663,1346822
8043,1281863,20215,1339559
8044,1287030,20508,1344741
8045,1292604,21356,1352738
8046,1287531,22391,1347421
8047,1291734,20462,1349843
8048,1281031,20699,1338433
8049,1280326,20307,1337541
8050,1289456,21601,1348686
8051,1288622,20487,1346424
8052,1287716,20965,1345328
8053,1286789,20443,1344547
8054,1295049,20347,1353543
8055,1287975,21753,1346745
8056,1318270,22064,1383667
8057,1300178,20709,1360868
8058,1294845,21169,1354920
8059,1290900,22129,1351677
8060,1294067,20459,1351526
8061,1288512,20178,1346745
8062,1289030,20656,1348797
8063,1288752,20375,1346257
8064,1281772,21466,1339273
8065,1291623,20722,1349844
8066,1289678,20533,1349137
8067,1289697,20789,1348948
8068,1279309,21398,1336354
8069,1284826,20247,1342536
8070,1288475,20540,1349051
8071,1292586,20166,1350621
8072,1289437,20237,1347044
8073,1289122,21420,1347597
8074,1292938,20305,1352964
8075,1292901,20302,1351017
8076,1293178,20706,1352958
8077,1283901,21315,1342178
8078,1285086,20108,1344471
8079,1298900,20864,1359541
8080,1291401,20564,1350112
8081,1291401,20376,1349461
8082,1289271,21633,1348644
8083,1295345,20778,1354733
8084,1287252,20163,1344749
8085,1287568,21364,1347134
8086,1284123,21732,1343465
8087,1293641,20821,1352943
8088,1294067,20874,1353755
8089,1288808,20278,1347066
8090,1286327,20404,1344211
8091,1285419,21624,1343876
8092,1287493,20047,1343243
8093,1286271,20136,1343258
8094,1285290,20521,1343829
8095,1285938,21760,1344697
8096,1295197,20201,1353860
8097,1286364,20402,1343598
8098,1294086,20602,1354446
8099,1291753,20673,1350332
8100,1286864,21745,1345219
8101,1286937,20223,1344789
8102,1291474,20757,1350860
8103,1293196,20457,1351635
8104,1288419,21344,1346040
8105,1298863,20248,1358462
8106,1287031,20411,1346348
8107,1294994,20667,1353141
8108,1300086,20497,1358841
8109,1287216,21606,1346543
8110,1291252,20158,1349651
8111,1293271,20433,1352536
8112,1290326,20337,1348681
8113,1283420,21409,1342457
8114,1287994,20405,1347787
8115,1286938,20532,1344765
8116,1380065,20177,1461833
8117,1594320,22395,1687326
8118,1489175,30597,1585140
8119,1500785,23242,1592470
8120,1550896,25405,1646596
8121,1493767,23328,1586186
8122,1535173,27307,1631701
8123,1439916,21322,1524367
8124,1423157,23115,1505364
8125,1403880,22686,1485435
8126,1407676,22886,1490172
8127,1399288,24625,1479189
8128,1412732,22677,1494241
8129,1398898,22526,1478275
8130,1417732,23467,1500938
8131,1384455,23835,1463048
8132,1669578,22554,1768798
8133,1552562,21625,1647204
8134,1611691,22621,1709292
8135,1537803,22507,1632716
8136,1453508,30301,1550493
8137,1540803,24798,1638174
8138,1495897,24313,1597560
8139,1519896,22754,1612464
8140,1389584,23437,1470464
8141,1410047,22730,1491294
8142,1425435,22819,1508568
8143,1414232,22575,1494713
8144,1422750,23850,1503413
8145,1376750,22792,1455153
8146,1425046,22030,1507149
8147,1418769,22082,1497497
8148,1421287,22856,1507827
8149,1607728,33039,1719265
8150,1563043,23351,1662263
8151,1547100,21736,1640742
8152,1543896,22326,1640238
8153,1593284,23156,1692864
8154,1419416,26357,1507717
8155,1585080,27187,1684673
8156,1429287,20814,1515895
8157,1417917,21329,1500578
8158,1416379,24178,1498335
8159,1421490,22064,1503535
8160,1403713,20987,1484495
8161,1419065,22428,1500751
8162,1401509,21999,1483137
8163,1397991,25311,1479042
8164,1420009,21308,1499297
8165,1610857,35675,1724864
8166,1540118,23042,1636696
8167,1452305,27577,1552251
8168,1475082,23407,1564525
8169,1357807,20867,1425839
8170,1328641,20474,1397373
8171,1316122,20582,1378370
8172,1305937,22487,1368276
8173,1313770,20947,1378013
8174,1312974,20518,1375917
8175,1314234,20644,1377747
8176,1300678,21568,1363079
8177,1300252,21083,1362335
8178,1298790,20172,1359368
8179,1295048,21002,1355587
8180,1289457,20999,1348251
8181,1283216,21701,1343323
8182,1293641,20271,1353930
8183,1288993,20046,1347816
8184,1294641,20357,1354850
8185,1286808,21855,1346514
8186,1292178,20482,1352733
8187,1290864,20608,1349767
8188,1295511,20679,1354986
8189,1293993,20453,1352038
8190,1285771,22043,1347147
8191,1295234,20392,1354940
8192,1317363,20796,1377473
8193,1292511,20626,1352045
8194,1283512,21976,1342802
8195,1317900,20621,1380483
8196,1299419,20543,1358647
8197,1298216,20503,1357125
8198,1291679,20703,1350733
8199,1286216,21497,1346842
8200,1288400,20531,1345727
8201,1289271,20213,1348298
8202,1289104,20451,1348073
8203,1279068,21559,1337200
8204,1290308,20186,1348215
8205,1290789,20312,1348990
8206,1287901,20309,1345431
8207,1284289,20620,1343928
8208,1283178,21433,1340426
8209,1283771,20300,1341811
8210,1294067,20408,1351400
8211,1296289,20460,1354712
8212,1282512,21087,1339913
8213,1297808,20325,1356743
8214,1293104,20970,1352721
8215,1290141,20078,1347089
8216,1292067,20704,1351956
8217,1292030,21498,1351676
8218,1293456,20384,1351857
8219,1288808,20417,1346410
8220,1291938,20192,1349518
8221,1286808,21653,1346201
8222,1296974,20149,1355567
8223,1290216,20350,1348620
8224,1289401,20087,1347413
8225,1285123,20325,1344206
8226,1286956,21470,1347241
8227,1294419,20634,1353941
8228,1288567,20205,1346771
8229,1298419,20498,1359786
8230,1295993,21495,1356914
8231,1290789,20696,1349985
8232,1296160,20637,1354555
8233,1289511,20430,1346811
8234,1291623,20816,1350530
8235,1281845,21461,1340047
8236,1290179,20254,1347525
8237,1284178,20214,1341262
8238,1297623,21229,1357722
8239,1288679,22264,1348442
8240,1288790,19779,1346235
8241,1296308,20295,1354935
8242,1289882,20884,1348173
8243,1284901,20936,1343540
8244,1287919,22212,1345649
8245,1289401,20245,1347071
8246,1287882,20335,1345383
8247,1285234,20850,1342583
8248,1282752,21755,1339452
8249,1288290,20252,1345633
8250,1299382,20360,1358704
8251,1290993,20153,1347645
8252,1302326,20316,1359623
8253,1285679,21573,1344473
8254,1295308,20088,1354377
8255,1296585,20159,1354318
8256,1290011,20193,1347148
8257,1283660,21505,1342665
8258,1300104,20335,1359680
8259,1301142,20110,1359750
8260,1291716,20458,1349932
8261,1283308,20196,1341485
8262,1288549,21638,1346871
8263,1291808,20265,1350498
8264,1282771,20261,1340458
8265,1302548,20536,1362602
8266,1295493,21626,1355396
8267,1287327,19364,1343634
8268,1288809,20027,1346612
8269,1286345,20264,1344720
8270,1289567,20946,1349772
8271,1290030,20907,1350307
8272,1289383,20293,1347192
8273,1290733,20326,1348652
8274,1296437,20693,1356389
8275,1280493,21469,1338739
8276,1287308,20595,1345106
8277,1288604,20259,1348066
8278,1291919,20107,1350026
8279,1340233,20271,1400521
8280,1293419,22009,1353205
8281,1291845,20117,1349832
8282,1286827,20077,1344217
8283,1290494,20129,1347695
8284,1281938,21590,1339323
8285,1286734,20346,1345357
8286,1291715,20101,1350298
8287,1320660,20376,1383312
8288,1301752,20799,1361883
8289,1290086,21778,1349678
8290,1298049,20812,1357156
8291,1298937,21105,1359412
8292,1294715,21768,1355075
8293,1283197,21932,1342351
8294,1295271,20429,1354699
8295,1288363,20741,1347066
8296,1366602,20700,1447728
8297,1578654,22234,1680053
8298,1465656,27491,1560146
8299,1505915,22321,1597827
8300,1554932,23133,1651008
8301,1512452,23259,1606432
8302,1470712,24460,1560152
8303,1542896,26624,1643648
8304,1526915,22713,1620293
8305,1517266,22747,1610734
8306,1557988,23836,1661452
8307,1522785,26260,1615840
8308,1535137,23997,1632095
8309,1532859,25605,1631611
8310,1542414,22898,1636644
8311,1501897,27266,1597958
8312,1550710,22041,1644731
8313,1484656,23241,1577914
8314,1566895,22404,1662576
8315,1500063,23105,1594278
8316,1374214,24177,1449815
8317,1358825,20488,1428535
8318,1332770,20263,1397625
8319,1335529,20593,1402455
8320,1313067,22998,1376990
8321,1316029,20606,1378616
8322,1320881,20769,1384224
8323,1315382,20858,1378813
8324,1303789,20096,1363736
8325,1310400,21964,1373512
8326,1299882,20868,1362027
8327,1304326,20217,1365801
8328,1299938,20269,1359946
8329,1290123,21693,1350148
8330,1295400,20819,1356719
8331,1291641,20242,1350938
8332,1307808,20386,1368786
8333,1322456,20698,1386838
8334,1296197,22381,1357410
8335,1297030,20452,1357611
8336,1295326,20374,1354385
8337,1289845,20427,1348308
8338,1284308,22147,1344232
8339,1288716,20403,1348210
8340,1299456,20325,1358836
8341,1296159,20915,1354518
8342,1291845,20319,1351015
8343,1281975,21742,1341272
8344,1300567,20369,1361694
8345,1298715,20810,1359061
8346,1289790,23788,1352706
8347,1285011,21934,1344241
8348,1296104,19875,1355090
8349,1293345,20372,1352327
8350,1290715,20831,1350194
8351,1288549,20199,1346339
8352,1293234,21863,1353152
8353,1292364,20323,1349519
8354,1289289,20597,1347367
8355,1294753,20668,1354771
8356,1300567,21573,1361843
8357,1295438,20625,1356710
8358,1290363,20641,1350855
8359,1288031,20082,1346167
8360,1296826,20930,1356015
8361,1291086,22354,1351272
8362,1294178,20480,1352176
8363,1283864,20255,1340303
8364,1297197,21233,1356336
8365,1287586,21934,1347520
8366,1288882,20302,1347072
8367,1301863,20724,1362124
8368,1295752,21165,1354843
8369,1290086,20440,1348006
8370,1280438,22086,1339986
8371,1299085,20471,1358315
8372,1290568,21468,1349349
8373,1286567,20150,1344328
8374,1287456,21148,1346344
8375,1292345,20385,1350303
8376,1292123,20567,1350448
8377,1286826,20971,1345334
8378,1285327,20579,1344090
8379,1282067,21817,1341477
8380,1287808,20610,1344936
8381,1283549,20978,1342507
8382,1285382,20511,1343319
8383,1280512,21250,1337076
8384,1293104,20395,1350369
8385,1289604,20966,1348088
8386,1285938,20129,1344010
8387,1288160,20533,1346155
8388,1281457,21087,1338320
8389,1287845,20898,1346242
8390,1295197,23247,1358109
8391,1285678,20336,1344366
8392,1283678,21556,1342234
8393,1287734,20312,1345064
8394,1287197,19994,1344746
8395,1283957,20417,1342002
8396,1292400,20376,1350073
8397,1283030,20837,1341348
8398,1285586,20223,1343475
8399,1286512,20238,1344657
8400,1290234,20531,1347431
8401,1284920,21344,1344022
8402,1316234,20581,1378944
8403,1296105,20949,1356811
8404,1294253,20279,1353104
8405,1288530,20405,1348194
8406,1280549,21384,1338840
8407,1287641,20566,1345725
8408,1291401,20156,1351241
8409,1292864,20486,1352645
8410,1286790,21539,1346717
8411,1293345,20906,1352565
8412,1291623,20088,1349655
8413,1303382,20529,1364188
8414,1292660,20878,1351852
8415,1284346,21876,1343350
8416,1289660,20576,1348384
8417,1290826,20388,1348788
8418,1287567,20811,1346655
8419,1287271,22919,1347893
8420,1286790,20416,1345001
8421,1289530,20339,1346628
8422,1289549,20817,1347976
8423,1286178,20425,1344047
8424,1275642,21441,1332323
8425,1296160,20346,1355597
8426,1286382,20157,1343446
8427,1291179,20524,1349628
8428,1279420,21652,1338422
8429,1289864,20500,1347993
8430,1285382,20442,1342860
8431,1285012,20383,1342172
8432,1286642,20824,1343131
8433,1287938,21248,1346833
8434,1288697,20411,1346978
8435,1287919,20537,1345900
8436,1290419,20331,1347767
8437,1284234,21291,1342636
8438,1294067,20510,1352595
8439,1298585,20989,1359999
8440,1284678,20245,1343552
8441,1289105,20371,1348752
8442,1292438,21924,1352806
8443,1291882,20736,1350469
8444,1288179,20547,1346503
8445,1288105,20192,1345685
8446,1286716,21505,1344812
8447,1285456,20705,1342902
8448,1288438,20295,1345676
8449,1288438,20847,1347025
8450,1292882,20196,1352299
8451,1284475,21990,1344353
8452,1286641,20764,1344850
8453,1296845,20817,1356531
8454,1288900,20091,1347250
8455,1278716,21385,1337637
8456,1289271,20401,1348412
8457,1295068,20194,1353112
8458,1284141,20579,1342442
8459,1286530,20669,1344698
8460,1284178,21667,1341696
8461,1283438,20256,1340212
8462,1287031,20382,1344245
8463,1287345,20379,1346112
8464,1282975,21303,1340573
8465,1294271,20411,1353310
8466,1289715,20185,1347400
8467,1291271,20293,1350823
8468,1286067,20197,1344023
8469,1276549,21325,1334984
8470,1283808,20266,1341851
8471,1283845,20392,1342496
8472,1281419,20315,1338234
8473,1279012,21405,1336380
8474,1299196,20773,1360228
8475,1289697,21103,1348447
8476,1285660,21081,1343981
8477,1292271,20189,1349866
8478,1285864,21668,1344957
8479,1291123,20461,1349065
8480,1286974,20958,1345006
8481,1334807,20325,1408205
8482,1362214,23341,1432573
8483,1314418,20227,1375941
8484,1331270,21372,1398808
8485,1324585,20387,1387471
8486,1307160,21162,1369117
8487,1298659,21734,1359837
8488,1306511,21101,1366982
8489,1292734,20301,1352590
8490,1288494,20279,1346531
8491,1292549,21592,1351955
8492,1314474,21033,1376710
8493,1296475,20512,1357596
8494,1317678,20953,1382482
8495,1305252,21690,1365793
8496,1290049,22170,1351069
8497,1297271,20389,1358270
8498,1292197,20478,1351248
8499,1296419,20808,1356819
8500,1287382,22546,1348113
8501,1287271,20340,1345017
8502,1291438,20244,1349681
8503,1301326,20722,1362011
8504,1288160,20497,1346008
8505,1287123,21383,1346857
8506,1294493,20324,1353280
8507,1285105,20451,1342647
8508,1297678,20318,1354996
8509,1286548,21686,1345012
8510,1288363,20201,1347194
8511,1288253,20365,1347394
8512,1290160,21065,1349261
8513,1287123,20284,1345481
8514,1280771,21949,1338960
8515,1296345,20334,1355327
8516,1289901,21294,1347379
8517,1294882,20624,1356302
8518,1303160,23844,1370836
8519,1320585,20360,1383166
8520,1308622,21042,1370460
8521,1294289,20353,1353771
8522,1300993,20405,1362472
8523,1285956,21459,1344914
8524,1294827,20215,1353874
8525,1299252,20156,1359074
8526,1327752,21042,1392922
8527,1290271,21299,1350365
8528,1316733,20370,1387769
8529,1568506,28144,1672371
8530,1537581,21974,1630165
8531,1493915,21545,1591551
8532,1551469,31098,1647844
8533,1471915,24095,1567991
8534,1580414,25018,1680208
8535,1441453,20774,1523337
8536,1393510,24235,1476743
8537,1423176,22046,1503980
8538,1399547,21080,1477700
8539,1415343,21225,1494974
8540,1419380,22777,1501230
8541,1383344,26571,1464117
8542,1423620,21420,1505780
8543,1426046,22287,1505462
8544,1612469,24395,1715325
8545,1483008,26782,1579140
8546,1580302,23223,1676913
8547,1521433,23571,1616429
8548,1549099,22402,1643407
8549,1507822,22546,1601923
8550,1451509,30155,1556348
8551,1526729,22745,1620936
8552,1435991,21705,1519508
8553,1419435,20905,1502654
8554,1394213,24588,1480096
8555,1426843,22603,1508111
8556,1415787,21137,1495997
8557,1424917,21226,1504920
8558,1421064,22297,1504453
8559,1384010,24314,1464730
8560,1619709,21533,1717518
8561,1554784,24085,1650183
8562,1570321,22304,1677975
8563,1510285,24783,1602141
8564,1517433,23780,1613341
8565,1575784,26647,1678837
8566,1483249,22940,1576150
8567,1584506,24159,1682849
8568,1380232,25953,1469999
8569,1435509,22617,1518402
8570,1410639,23928,1495770
8571,1431731,23036,1516544
8572,1391602,23849,1471006
8573,1420121,22901,1502316
8574,1411139,22046,1491554
8575,1416324,22932,1498958
8576,1413657,23780,1493844
8577,1528452,23797,1630543
8578,1596284,22886,1695816
8579,1554063,25309,1652666
8580,1493489,22768,1581330
8581,1349807,23099,1421128
8582,1325048,20744,1389884
8583,1339881,20556,1407918
8584,1331659,20886,1396248
8585,1326178,22494,1393449
8586,1292494,22825,1355892
8587,1315122,20840,1377295
8588,1312456,21300,1376051
8589,1316012,20464,1378418
8590,1290511,21943,1350102
8591,1301252,20384,1361117
8592,1296289,21010,1355355
8593,1322363,20266,1381406
8594,1305863,20782,1367200
8595,1285512,21298,1344550
8596,1293864,21147,1352935
8597,1288975,20292,1347840
8598,1291937,20418,1350466
8599,1283735,21620,1341316
8600,1300864,21227,1361831
8601,1294753,20335,1353772
8602,1288678,20147,1347584
8603,1296030,20699,1357691
8604,1299382,22734,1359597
8605,1295308,20601,1354038
8606,1294716,20857,1354998
8607,1300993,20447,1361179
8608,1294179,22500,1353789
8609,1294364,20404,1353026
8610,1291623,20271,1350430
8611,1286067,20305,1342853
8612,1295604,20487,1354016
8613,1289178,21670,1348033
8614,1293382,22093,1354733
8615,1291678,20386,1351489
8616,1293716,20586,1351208
8617,1282863,21158,1340632
8618,1288679,21192,1347832
8619,1283493,20318,1341126
8620,1283679,20519,1341104
8621,1290160,20923,1348267
8622,1282178,21773,1340895
8623,1288234,20380,1345484
8624,1286920,20229,1342999
8625,1296438,21059,1354848
8626,1288993,21557,1348364
8627,1292919,20443,1351102
8628,1292660,20384,1350802
8629,1296586,20510,1355077
8630,1288901,20451,1347185
8631,1282660,21671,1341016
8632,1288641,20705,1346642
8633,1288512,20461,1346695
8634,1285715,20217,1343247
8635,1283882,21326,1341689
8636,1295512,20823,1354241
8637,1293660,20283,1351108
8638,1297642,20391,1357216
8639,1344381,21091,1405638
8640,1293715,22070,1352711
8641,1296327,18826,1353374
8642,1295641,20508,1354112
8643,1288715,21190,1347572
8644,1282993,22003,1341773
8645,1283660,20574,1341529
8646,1289030,20237,1347230
8647,1289845,21012,1349726
8648,1289586,18749,1345945
8649,1280679,21469,1338573
8650,1297474,20262,1356847
8651,1283808,20185,1341900
8652,1286289,20515,1343211
8653,1284160,21309,1343487
8654,1289901,20232,1348243
8655,1311233,20266,1374980
8656,1307197,20466,1367199
8657,1293252,20389,1352974
8658,1286160,21609,1344713
8659,1294160,20254,1354042
8660,1290252,20473,1347984
8661,1288068,20155,1346740
8662,1284975,21338,1344182
8663,1311845,20538,1373512
8664,1294938,20257,1354583
8665,1291659,20569,1351450
8666,1287179,20269,1347614
8667,1297808,21785,1359852
8668,1291086,21190,1350164
8669,1291623,20575,1350605
8670,1293160,20776,1353064
8671,1289511,21403,1348396
8672,1284493,20956,1343504
8673,1288030,20452,1345630
8674,1289011,20468,1348367
8675,1288363,21168,1347624
8676,1421750,22055,1505174
8677,1537026,25848,1639853
8678,1551118,25011,1647220
8679,1556969,22693,1654791
8680,1525544,26506,1628697
8681,1522007,23706,1615249
8682,1549303,23759,1647375
8683,1547340,23292,1642242
8684,1549322,23771,1642294
8685,1443046,28583,1534646
8686,1553673,25543,1652881
8687,1551581,22614,1645860
8688,1515896,23333,1609524
8689,1519341,28201,1619188
8690,1534969,22087,1628833
8691,1570154,22695,1669625
8692,1543470,22432,1638308
8693,1490619,23762,1581176
8694,1539877,29038,1634784
8695,1505933,23516,1600818
8696,1382250,22105,1456688
8697,1360881,21121,1432186
8698,1316159,22989,1383129
8699,1337492,22300,1406532
8700,1307363,20316,1368623
8701,1367955,20386,1442359
8702,1351955,20791,1421152
8703,1308807,22566,1374651
8704,1331234,20582,1392518
8705,1304882,20393,1366663
8706,1302271,20575,1363845
8707,1297882,21925,1360621
8708,1298364,20718,1357562
8709,1294604,20270,1354355
8710,1288623,20859,1348241
8711,1296771,20190,1356663
8712,1287567,21910,1347735
8713,1290641,20814,1350288
8714,1287456,20236,1345710
8715,1305344,20715,1366318
8716,1295530,21953,1354890
8717,1297382,20728,1358498
8718,1293493,20206,1352347
8719,1294068,21129,1354066
8720,1292530,20070,1349988
8721,1288104,22531,1348727
8722,1289382,20176,1346872
8723,1286400,20932,1344702
8724,1300586,20817,1361995
8725,1284623,21723,1344641
8726,1295308,20330,1353249
8727,1292864,21012,1352375
8728,1284178,20046,1342242
8729,1289956,20117,1348054
8730,1284160,21818,1342533
8731,1293697,20963,1353141
8732,1293067,20293,1351212
8733,1287122,20550,1344987
8734,1285086,21381,1343299
8735,1286660,20211,1344592
8736,1289068,20337,1345607
8737,1286327,20334,1344530
8738,1290882,20775,1350268
8739,1290160,21088,1349043
8740,1292160,20196,1349984
8741,1302400,20359,1362814
8742,1287678,20356,1346645
8743,1287511,21261,1344717
8744,1295919,20962,1356232
8745,1296474,20366,1354747
8746,1290309,20233,1349448
8747,1298826,20156,1359981
8748,1293845,22450,1355165
8749,1292234,20502,1351421
8750,1293289,20444,1351825
8751,1285530,20126,1343377
8752,1290031,22549,1349579
8753,1293382,20268,1352483
8754,1288512,21691,1348776
8755,1289031,20373,1346218
8756,1287141,20314,1343863
8757,1283641,21534,1340879
8758,1291697,21105,1351950
8759,1283623,20121,1340576
8760,1284272,20377,1340740
8761,1292752,21689,1353367
8762,1295882,21001,1355716
8763,1288216,20257,1346065
8764,1302216,20680,1362654
8765,1290845,20954,1350391
8766,1285105,21730,1344686
8767,1289808,20468,1348256
8768,1288901,20576,1346457
8769,1290530,20850,1348565
8770,1286197,22311,1347489
8771,1297419,20363,1356411
8772,1287660,20175,1345168
8773,1290067,20876,1349553
8774,1288790,20446,1347420
8775,1286919,21555,1346067
8776,1291679,20423,1350137
8777,1286438,20216,1344856
8778,1291808,20231,1352483
8779,1284826,21359,1343629
8780,1285049,20337,1342589
8781,1291289,20204,1349289
8782,1291309,20349,1350823
8783,1288271,21272,1346301
8784,1279494,21418,1337207
8785,1292327,19989,1350611
8786,1293456,20374,1352589
8787,1289863,21260,1349586
8788,1284826,21776,1343991
8789,1286752,20033,1344470
8790,1290623,20252,1349726
8791,1286882,20971,1344797
8792,1285642,20190,1342145
8793,1281679,21632,1341125
8794,1314900,21240,1378306
8795,1295345,20440,1354303
8796,1296437,21530,1355596
8797,1287345,21454,1347409
8798,1289808,20210,1349147
8799,1291382,20336,1349421
8800,1285771,20851,1343844
8801,1286216,20311,1344563
8802,1281493,21828,1339894
8803,1289975,20065,1347965
8804,1284697,21025,1342332
8805,1289178,20077,1346477
8806,1280604,21371,1337753
8807,1287882,20924,1346528
8808,1284715,20421,1341765
8809,1286234,20399,1344021
8810,1293401,20618,1354018
8811,1287346,21820,1345942
8812,1288382,23316,1347735
8813,1294068,20647,1354102
8814,1287457,20792,1346580
8815,1291919,21919,1352097
8816,1291827,20471,1350056
8817,1284993,20061,1342387
8818,1285938,20539,1343698
8819,1289308,22758,1350769
8820,1284994,21552,1342175
8821,1285753,20364,1343560
8822,1288530,20657,1347650
8823,1286605,20191,1344443
8824,1285864,21892,1343459
8825,1291179,20482,1349197
8826,1283956,20145,1340971
8827,1287141,20253,1344098
8828,1293382,20583,1352428
8829,1287864,21785,1347833
8830,1290901,20282,1349219
8831,1287697,20242,1346456
8832,1288364,20312,1346898
8833,1291271,21607,1351840
8834,1289179,20678,1349744
8835,1288604,20100,1346167
8836,1295326,20930,1353867
8837,1284809,20038,1342883
8838,1284864,21870,1343844
8839,1288160,20181,1346174
8840,1289901,20511,1347837
8841,1284179,20175,1341482
8842,1284679,22025,1343869
8843,1288067,20299,1345329
8844,1285771,20481,1343474
8845,1289346,20348,1346952
8846,1284346,20197,1341301
8847,1284809,21621,1342928
8848,1293548,20136,1351536
8849,1290123,20411,1348274
8850,1291956,20352,1349807
8851,1284326,21165,1341750
8852,1286697,20180,1343136
8853,1295049,20955,1355299
8854,1292456,21044,1352907
8855,1281327,20245,1339608
8856,1281716,21261,1339272
8857,1299234,20517,1359009
8858,1286309,21329,1345729
8859,1295086,20733,1354725
8860,1284512,21490,1342705
8861,1293771,20542,1352387
8862,1287734,20965,1347439
8863,1308511,19925,1369991
8864,1290104,20199,1348155
8865,1289845,21864,1350227
8866,1288160,20879,1346872
8867,1294289,20265,1352906
8868,1287271,20540,1346995
8869,1287919,21686,1346678
8870,1290531,20868,1349175
8871,1291827,20068,1349635
8872,1282900,20324,1340206
8873,1282123,20154,1339499
8874,1283068,22097,1342552
8875,1289697,20168,1348160
8876,1289252,20350,1348009
8877,1284586,20050,1342691
8878,1290660,22066,1350503
8879,1290160,20193,1348260
8880,1288234,20245,1346108
8881,1284086,20761,1342420
8882,1289420,20443,1347509
8883,1282790,21792,1341192
8884,1286660,20400,1343430
8885,1288308,20767,1346223
8886,1299641,20338,1360294
8887,1288216,22244,1348921
8888,1295382,20685,1354862
8889,1300215,20552,1361841
8890,1291104,23549,1353393
8891,1290123,20138,1348057
8892,1281198,21618,1339629
8893,1290030,20577,1347885
8894,1288327,20334,1347159
8895,1285086,20441,1342564
8896,1275993,21791,1333821
8897,1285605,21344,1344355
8898,1287401,20192,1346185
8899,1297845,20337,1357052
8900,1290530,21278,1348567
8901,1282253,21702,1341528
8902,1285049,20292,1343951
8903,1288364,20159,1346151
8904,1284141,20211,1340315
8905,1276401,21191,1333461
8906,1291105,20132,1348661
8907,1291271,20221,1349788
8908,1288882,20440,1346840
8909,1282568,20067,1339541
8910,1277808,21361,1335057
8911,1289975,20284,1348591
8912,1286660,20169,1343736
8913,1289790,20407,1349085
8914,1285512,21201,1346231
8915,1292179,20420,1351616
8916,1288938,20176,1346224
8917,1292419,20506,1351943
8918,1293623,20540,1353070
8919,1288808,21575,1348771
8920,1295901,20498,1352990
8921,1288753,20013,1346469
8922,1288864,20306,1347484
8923,1282901,22100,1341056
8924,1289623,21023,1348423
8925,1289956,20409,1349087
8926,1290938,20276,1349546
8927,1287642,20402,1346154
8928,1288864,22197,1348411
8929,1289086,21323,1348130
8930,1293660,20209,1353127
8931,1290493,20743,1351217
8932,1302605,22722,1365473
8933,1291568,21034,1351267
8934,1320882,19771,1382078
8935,1293475,20472,1354501
8936,1292993,21061,1351776
8937,1288475,21615,1348107
8938,1294030,20482,1354419
8939,1286290,20941,1344860
8940,1288789,20549,1347042
8941,1488453,24455,1586424
8942,1560766,23785,1656179
8943,1547580,22745,1645991
8944,1579006,24056,1675746
8945,1478545,22812,1567856
8946,1503341,24958,1603705
8947,1478953,21140,1566536
8948,1436935,24637,1522182
8949,1406176,23078,1489476
8950,1386121,24206,1466011
8951,1427268,22925,1508877
8952,1409472,22866,1491726
8953,1412398,23178,1492260
8954,1412269,22212,1494590
8955,1397880,24376,1476940
8956,1411898,22799,1491937
8957,1587265,26740,1693133
8958,1564543,22515,1658353
8959,1513063,24994,1604926
8960,1532304,23287,1626200
8961,1593599,23914,1689585
8962,1481211,22059,1572306
8963,1584246,23630,1678764
8964,1390750,28812,1475580
8965,1438935,22976,1523410
8966,1438454,23825,1523018
8967,1411509,22673,1492274
8968,1377343,25097,1457125
8969,1415047,24261,1499213
8970,1404565,23072,1485229
8971,1408398,22865,1491374
8972,1418954,23196,1499204
8973,1382029,23693,1460017
8974,1591617,24357,1692861
8975,1570321,22298,1661155
8976,1551747,22999,1647671
8977,1453490,29293,1545152
8978,1585025,24975,1682276
8979,1480508,22175,1572571
8980,1581821,23839,1679992
8981,1431787,20688,1517492
8982,1402306,24204,1487435
8983,1431453,21793,1513301
8984,1412398,21105,1490780
8985,1421694,21991,1502425
8986,1383528,23322,1462794
8987,1417379,21448,1496753
8988,1416213,22019,1495287
8989,1412843,21738,1491747
8990,1581710,25105,1696350
8991,1525174,26974,1616165
8992,1530599,22489,1624421
8993,1403547,20745,1480050
8994,1330493,20279,1395585
8995,1327585,21795,1394435
8996,1350622,20514,1418783
8997,1312956,20604,1373744
8998,1331955,20434,1398129
8999,1381640,20634,1449773
9000,1305790,22762,1367162
9001,1367584,21500,1439416
9002,1311956,20533,1374637
9003,1305845,20364,1366782
9004,1297752,21269,1358002
9005,1305919,20692,1365887
9006,1297048,20337,1356421
9007,1292234,20481,1350085
9008,1291938,21052,1350934
9009,1310900,21865,1372524
9010,1298419,20936,1359910
9011,1298789,21359,1359629
9012,1292808,21059,1350422
9013,1281826,21409,1340291
9014,1298178,20276,1358139
9015,1290808,20162,1349525
9016,1289827,21048,1348429
9017,1289901,20970,1349778
9018,1289752,21838,1349405
9019,1295697,20187,1354420
9020,1289975,20295,1346362
9021,1292030,20866,1351914
9022,1293900,21827,1355282
9023,1299456,20472,1357705
9024,1302623,20561,1363535
9025,1295530,21336,1356439
9026,1290568,20647,1350084
9027,1279382,21590,1338119
9028,1298067,20438,1357801
9029,1291105,21120,1350502
9030,1291568,20376,1350054
9031,1283197,21745,1342552
9032,1299123,21353,1359493
9033,1291216,20924,1350509
9034,1290901,21698,1352302
9035,1280901,20213,1338262
9036,1283345,21582,1341611
9037,1290123,20967,1349664
9038,1286253,20964,1345068
9039,1286197,20498,1344805
9040,1280456,21385,1337359
9041,1289512,20400,1346893
9042,1289678,21119,1349778
9043,1284326,20227,1342220
9044,1282530,20779,1339976
9045,1287253,21370,1346455
9046,1286253,20830,1344711
9047,1303437,20623,1364337
9048,1294068,20360,1353316
9049,1289197,21599,1348906
9050,1296364,21059,1356718
9051,1293363,20259,1352474
9052,1287808,20441,1347693
9053,1294975,20123,1353708
9054,1294900,21769,1355669
9055,1290345,20414,1349073
9056,1552507,25281,1652620
9057,1540062,21630,1634469
9058,1463213,27258,1554820
9059,1554525,23088,1649926
9060,1546563,22251,1640257
9061,1509211,21804,1600236
9062,1541525,23245,1635398
9063,1472786,28039,1566527
9064,1541229,24295,1636930
9065,1506526,22922,1600039
9066,1585061,23307,1684330
9067,1482156,31527,1578886
9068,1508137,24191,1609826
9069,1516192,23447,1610120
9070,1556247,23351,1651486
9071,1550914,21459,1644964
9072,1490193,25549,1583167
9073,1503859,21361,1593423
9074,1550803,22654,1646882
9075,1475323,24058,1565843
9076,1338103,23612,1408529
9077,1316790,20924,1379434
9078,1336511,20494,1404838
9079,1328400,21751,1395835
9080,1308271,20321,1370017
9081,1309307,22338,1375608
9082,1332344,20261,1398752
9083,1307049,20831,1368416
9084,1316233,22921,1380339
9085,1294493,21530,1354207
9086,1312844,20860,1375482
9087,1300622,20375,1360886
9088,1295493,20205,1353828
9089,1293086,20332,1352084
9090,1288883,21385,1348396
9091,1290363,20493,1348875
9092,1282216,20268,1339798
9093,1302234,20413,1364016
9094,1292493,21892,1352255
9095,1299919,21056,1360289
9096,1288919,20497,1346156
9097,1291216,20494,1351208
9098,1288178,20731,1346835
9099,1283235,21933,1342814
9100,1290900,20911,1349570
9101,1288105,20186,1345049
9102,1317067,20646,1383008
9103,1329363,23125,1393820
9104,1314863,20937,1377762
9105,1306512,20452,1367722
9106,1307401,20782,1370126
9107,1298105,21631,1360123
9108,1290678,21592,1350455
9109,1294104,20385,1353526
9110,1288512,20771,1347745
9111,1290438,20212,1348612
9112,1295863,22136,1355258
9113,1293993,20244,1352996
9114,1286771,20222,1344307
9115,1296808,20738,1357897
9116,1306660,20790,1367967
9117,1290215,21436,1350780
9118,1301159,20563,1361629
9119,1294827,20800,1355107
9120,1290753,20093,1347845
9121,1291957,21258,1352899
9122,1292178,20199,1351136
9123,1292197,20492,1353392
9124,1295715,20119,1353611
9125,1291585,20301,1349682
9126,1281809,21262,1340014
9127,1288846,20574,1347362
9128,1290252,20274,1347415
9129,1291715,20104,1350338
9130,1283382,21454,1342817
9131,1289031,20599,1346925
9132,1287419,20337,1344959
9133,1311234,20556,1370381
9134,1293567,21293,1354323
9135,1277401,22551,1337340
9136,1293845,20547,1352984
9137,1286197,20341,1344018
9138,1284475,20689,1344275
9139,1283179,21243,1341976
9140,1295956,20240,1353843
9141,1291419,20514,1350285
9142,1290197,19993,1347596
9143,1281012,20193,1339168
9144,1281198,21839,1339369
9145,1294437,20262,1352847
9146,1289604,20278,1348844
9147,1293289,20867,1352989
9148,1282364,22198,1340450
9149,1290345,20436,1347706
9150,1291567,20507,1350314
9151,1286012,20874,1345607
9152,1290456,20334,1349141
9153,1292956,23332,1355398
9154,1294882,20495,1353414
9155,1283623,20677,1342059
9156,1293530,20359,1351833
9157,1287882,21506,1347535
9158,1289234,20965,1348550
9159,1293197,20684,1351788
9160,1295808,20052,1354433
9161,1291975,20308,1350541
9162,1286346,21361,1345243
9163,1287863,20710,1346110
9164,1282494,20466,1341829
9165,1292734,21500,1352937
9166,1289659,21461,1348324
9167,1288771,21106,1348839
9168,1286623,20529,1344651
9169,1290679,20452,1349796
9170,1293086,20948,1352885
9171,1280808,21520,1340513
9172,1281660,20147,1338621
9173,1287049,20625,1345544
9174,1287364,20567,1346244
9175,1280900,21287,1339298
9176,1293493,20413,1352109
9177,1286197,20410,1344514
9178,1286475,20333,1344881
9179,1290827,20404,1350989
9180,1288901,21420,1347172
9181,1283030,20306,1340169
9182,1294901,20451,1355703
9183,1287048,20318,1345681
9184,1278716,21168,1335976
9185,1286345,20165,1344880
9186,1291605,20940,1351321
9187,1288771,20844,1348225
9188,1285642,20174,1342759
9189,1279512,21505,1338591
9190,1289512,20132,1346365
9191,1283253,21036,1341140
9192,1284660,20792,1342155
9193,1281864,21457,1340561
9194,1298993,20583,1359872
9195,1287308,20321,1346425
9196,1299605,20947,1360143
9197,1287511,20129,1344900
9198,1284679,21424,1344064
9199,1287012,20476,1346043
9200,1288271,20751,1347632
9201,1281086,20266,1339111
9202,1284068,21634,1343553
9203,1289142,20316,1346735
9204,1289104,21091,1348436
9205,1293123,20347,1351636
9206,1285549,20085,1344744
9207,1283253,21305,1342872
9208,1295474,20839,1353646
9209,1289160,20595,1347421
9210,1283826,20166,1341733
9211,1294049,21497,1354416
9212,1291586,21013,1350301
9213,1288790,20102,1348058
9214,1290179,20266,1349295
9215,1288271,20633,1348588
9216,1313881,21927,1376030
9217,1297419,20128,1357139
9218,1287678,20402,1346765
9219,1295400,20473,1355151
9220,1284086,21508,1342390
9221,1289993,20301,1348424
9222,1295957,20243,1355420
9223,1295586,20554,1354862
9224,1290752,20255,1349155
9225,1283253,21845,1342727
9226,1288345,20250,1346353
9227,1286198,20247,1345628
9228,1295734,20151,1352384
9229,1285290,21927,1343845
9230,1288957,20312,1345972
9231,1286809,20254,1344728
9232,1286604,20251,1343373
9233,1287271,20136,1344314
9234,1285327,22005,1344294
9235,1285660,20150,1342031
9236,1297493,20887,1356898
9237,1288957,20551,1348154
9238,1285012,21678,1344578
9239,1289845,20323,1348890
9240,1288882,20487,1347202
9241,1287363,20262,1345550
9242,1286234,20258,1345640
9243,1280679,21127,1338379
9244,1287641,20679,1346931
9245,1289197,21120,1349687
9246,1283974,20784,1343017
9247,1280419,20930,1338515
9248,1285178,20742,1343660
9249,1285567,20942,1344953
9250,1282346,20421,1340969
9251,1295956,20621,1357836
9252,1288253,21730,1347686
9253,1291049,20264,1349368
9254,1308956,20539,1373142
9255,1339289,21054,1405601
9256,1293734,21774,1355100
9257,1301993,21086,1362745
9258,1291919,20824,1352649
9259,1304938,20450,1365868
9260,1302623,20484,1364476
9261,1294882,21778,1357122
9262,1294104,21164,1355379
9263,1313141,20420,1376708
9264,1291493,20213,1350058
9265,1288012,21637,1347352
9266,1298956,20653,1360571
9267,1294290,20075,1354123
9268,1294270,20165,1352935
9269,1287604,20014,1346117
9270,1286067,21160,1345819
9271,1286345,20212,1343723
9272,1290864,20116,1348850
9273,1287215,20058,1345087
9274,1290364,21444,1349104
9275,1291494,20293,1350545
9276,1309974,20179,1367690
9277,1291604,20139,1349594
9278,1298345,20562,1358924
9279,1284993,21393,1343904
9280,1287308,20519,1344641
9281,1288438,20312,1346342
9282,1292512,20291,1350672
9283,1291494,21566,1351689
9284,1291123,20711,1348982
9285,1293511,20375,1352312
9286,1293456,20613,1352994
9287,1283123,21091,1342361
9288,1284975,21607,1344007
9289,1289327,20845,1349467
9290,1288605,20509,1347834
9291,1287938,21376,1346591
9292,1277549,21818,1335718
9293,1284975,20408,1343567
9294,1287382,20479,1346990
9295,1288549,21050,1348098
9296,1290308,20195,1346872
9297,1282568,21285,1340278
9298,1288271,20375,1346886
9299,1291030,21168,1349975
9300,1300567,20498,1361361
9301,1292938,21922,1354285
9302,1293901,20307,1353189
9303,1290290,20378,1348278
9304,1286993,20209,1345238
9305,1287956,21113,1347809
9306,1287993,21889,1349492
9307,1294567,20589,1354248
9308,1290474,20549,1348116
9309,1295419,21231,1354779
9310,1284438,21359,1343425
9311,1286734,20467,1345700
9312,1300049,20389,1359974
9313,1289846,20942,1348657
9314,1289364,20179,1348283
9315,1283586,21844,1343300
9316,1294252,20211,1352074
9317,1287215,21171,1345867
9318,1291048,20242,1350383
9319,1281160,21962,1340862
9320,1288549,20311,1346859
9321,1293937,21011,1352874
9322,1285919,20360,1342834
9323,1285734,20450,1343979
9324,1292456,22077,1352662
9325,1292383,21167,1351178
9326,1295512,20071,1354545
9327,1283568,20327,1340875
9328,1288530,21955,1349040
9329,1288901,20933,1348055
9330,1286697,20226,1344793
9331,1284049,20149,1341845
9332,1290789,20701,1347879
9333,1276105,21329,1333118
9334,1289789,20363,1348133
9335,1292049,20656,1351056
9336,1285882,20245,1342479
9337,1285678,21058,1343180
9338,1288975,20481,1347640
9339,1281049,20533,1339193
9340,1283271,20308,1340393
9341,1288993,20286,1347853
9342,1281049,21284,1340036
9343,1283401,20207,1341570
9344,1298456,20426,1358085
9345,1292586,20571,1349897
9346,1283956,21236,1342525
9347,1290234,20510,1349614
9348,1284253,20415,1341389
9349,1299549,20430,1359219
9350,1290290,21205,1349253
9351,1283012,22647,1343584
9352,1293067,20348,1351451
9353,1490730,23141,1582981
9354,1561118,23619,1659180
9355,1489619,26950,1582401
9356,1531230,23281,1624805
9357,1510248,23240,1604395
9358,1571914,24571,1678186
9359,1517248,21271,1603500
9360,1409194,28232,1495777
9361,1420287,22359,1500700
9362,1424305,21448,1504901
9363,1410158,21797,1489805
9364,1385269,24906,1464063
9365,1419435,21884,1498226
9366,1422250,21159,1504648
9367,1423528,21822,1505627
9368,1626728,22597,1716582
9369,1507749,26113,1603249
9370,1585839,22888,1686189
9371,1563618,24218,1660279
9372,1486897,23326,1583407
9373,1575006,27750,1674996
9374,1492953,22821,1583828
9375,1589488,24373,1684323
9376,1437564,21648,1522452
9377,1420232,22293,1504061
9378,1381047,24291,1461967
9379,1422010,24306,1509611
9380,1411380,22359,1491997
9381,1404695,22856,1486846
9382,1389380,24428,1469029
9383,1421972,23314,1505303
9384,1409935,23218,1491411
9385,1691597,27789,1799958
9386,1563562,22786,1657809
9387,1499674,28895,1592197
9388,1541636,22762,1634619
9389,1506470,23500,1609820
9390,1551414,25552,1649872
9391,1435712,29235,1531594
9392,1579876,24269,1677625
9393,1431713,21729,1514959
9394,1421102,22318,1503549
9395,1422120,22556,1504860
9396,1402565,24257,1483007
9397,1411139,22403,1489633
9398,1408899,22270,1493074
9399,1413121,22804,1491756
9400,1380140,24227,1458829
9401,1419213,23169,1499362
9402,1606432,23758,1707225
9403,1558284,23070,1655223
9404,1548137,25400,1645702
9405,1446916,31398,1541479
9406,1398972,20951,1474978
9407,1339863,20392,1405124
9408,1307363,20315,1368455
9409,1320011,22387,1386638
9410,1332622,20828,1397227
9411,1303697,20251,1363354
9412,1312400,20618,1374129
9413,1302067,20670,1362737
9414,1302530,21983,1363864
9415,1299530,20239,1358880
9416,1300511,20255,1360599
9417,1289567,20696,1348263
9418,1292086,21805,1352409
9419,1297049,20691,1357554
9420,1300660,20614,1360958
9421,1291289,20370,1349936
9422,1295512,20330,1354600
9423,1284308,21883,1343190
9424,1290401,20250,1348409
9425,1288734,20266,1347332
9426,1287067,20244,1344255
9427,1299456,21372,1360012
9428,1296789,20665,1357879
9429,1294160,20069,1352469
9430,1300863,20233,1361169
9431,1295974,20396,1354777
9432,1286438,21727,1345572
9433,1296474,20798,1358439
9434,1292400,20517,1351288
9435,1310178,20385,1380154
9436,1554636,24549,1650314
9437,1546377,23435,1640737
9438,1524359,22802,1622123
9439,1569284,23706,1665100
9440,1557618,23537,1654449
9441,1439453,26146,1529172
9442,1560377,24254,1658962
9443,1533692,23158,1628719
9444,1545747,25099,1643771
9445,1464416,30949,1565900
9446,1587135,23909,1682191
9447,1524063,22017,1618986
9448,1530303,21754,1622168
9449,1514360,23066,1607646
9450,1503360,25971,1600385
9451,1574099,23302,1669473
9452,1509545,24132,1600749
9453,1581599,22462,1675041
9454,1481137,31738,1581818
9455,1454953,22549,1540372
9456,1338252,20824,1404704
9457,1346252,20284,1412479
9458,1323215,20188,1386421
9459,1302826,21705,1365734
9460,1356807,20905,1427026
9461,1323215,20421,1387061
9462,1351566,21455,1423279
9463,1320215,22286,1385000
9464,1336603,20690,1404293
9465,1307716,20113,1369753
9466,1306549,20721,1370454
9467,1299345,20440,1359895
9468,1303030,21494,1364486
9469,1298030,21009,1356631
9470,1297141,20413,1356628
9471,1297123,20688,1357736
9472,1291401,21427,1351290
9473,1298252,20998,1358157
9474,1291567,20550,1351061
9475,1290364,20325,1348207
9476,1300438,20637,1359685
9477,1282568,21487,1342831
9478,1290160,20465,1349309
9479,1286975,20573,1346214
9480,1289012,20348,1347859
9481,1283271,21346,1341320
9482,1292512,20380,1353261
9483,1287289,20525,1345832
9484,1290679,20188,1348662
9485,1295623,20241,1353881
9486,1283734,21165,1342065
9487,1289105,20328,1347339
9488,1294623,20936,1355558
9489,1290919,21026,1350426
9490,1284845,22061,1345739
9491,1290789,20336,1350773
9492,1287715,20295,1344844
9493,1290252,21070,1350118
9494,1291919,21030,1351337
9495,1282494,23491,1343298
9496,1293993,20266,1352554
9497,1289345,20966,1348829
9498,1285845,20963,1344826
9499,1278049,21869,1336473
9500,1286864,20569,1346303
9501,1288308,20622,1346725
9502,1294326,21100,1355963
9503,1286919,20079,1345053
9504,1281420,21484,1339495
9505,1291586,20666,1350788
9506,1286567,20830,1344785
9507,1287123,20290,1344467
9508,1283420,21695,1341651
9509,1286567,20284,1343555
9510,1298012,21115,1358422
9511,1295826,20241,1354030
9512,1288530,20294,1346509
9513,1282012,21329,1340581
9514,1298993,20529,1359355
9515,1289271,20323,1347648
9516,1285660,20005,1341812
9517,1283345,21558,1341255
9518,1294345,20518,1352585
9519,1288308,20163,1346748
9520,1284716,20419,1341894
9521,1294308,20287,1352575
9522,1288641,21673,1349407
9523,1288660,20467,1346663
9524,1288364,20315,1344938
9525,1284678,20201,1342361
9526,1282475,20959,1340618
9527,1292253,20252,1352300
9528,1288494,20452,1346315
9529,1285123,20172,1343701
9530,1290345,20150,1348791
9531,1304419,21537,1366362
9532,1299290,21145,1358359
9533,1285605,20234,1344449
9534,1295197,20268,1356798
9535,1288697,21859,1348537
9536,1288846,20337,1345830
9537,1283994,20242,1340660
9538,1297234,20461,1357009
9539,1292974,20495,1351191
9540,1285845,21345,1344226
9541,1295567,20656,1354667
9542,1292179,20227,1351609
9543,1286234,20298,1344328
9544,1280845,21667,1340289
9545,1284549,20256,1342230
9546,1286586,20383,1344875
9547,1290215,20306,1347780
9548,1288234,20617,1346499
9549,1285290,21226,1343367
9550,1294438,20223,1354993
9551,1288382,20202,1347991
9552,1290697,20273,1349247
9553,1283790,21400,1341893
9554,1286549,20175,1344057
9555,1283049,20190,1340831
9556,1284530,20206,1342050
9557,1284660,20369,1343047
9558,1281308,21719,1341119
9559,1296419,21272,1357523
9560,1293623,20676,1352224
9561,1293197,20543,1355240
9562,1283735,21875,1343738
9563,1296346,21057,1358216
9564,1289197,20424,1348194
9565,1285530,20088,1343766
9566,1284049,20474,1342448
9567,1289253,21731,1348631
9568,1286567,20265,1343109
9569,1286937,20354,1345402
9570,1287752,20666,1347881
9571,1284882,22201,1345231
9572,1288178,20346,1346320
9573,1287919,20473,1347613
9574,1286364,20932,1346055
9575,1290049,20411,1350089
9576,1289715,22094,1349364
9577,1287809,20572,1345195
9578,1281882,20643,1340507
9579,1283883,20122,1340837
9580,1281957,21398,1339150
9581,1287419,20432,1345572
9582,1281289,20558,1341217
9583,1288382,19999,1346696
9584,1307049,20719,1366433
9585,1287252,21846,1346857
9586,1288716,20325,1347465
9587,1293604,20785,1355444
9588,1291457,20615,1350496
9589,1285326,21631,1344865
9590,1294419,21202,1354510
9591,1288031,20977,1346914
9592,1284512,20381,1342522
9593,1290734,20249,1348908
9594,1279179,21561,1338036
9595,1291864,20818,1349255
9596,1287827,20389,1344289
9597,1286049,20182,1343786
9598,1277642,21420,1334265
9599,1285289,20658,1343836
9600,1307900,20692,1369184
9601,1298660,20263,1359626
9602,1294808,21297,1355234
9603,1282086,21739,1341306
9604,1287994,20440,1345118
9605,1298456,20344,1356744
9606,1287827,20915,1346334
9607,1282068,21802,1340332
9608,1287864,20558,1346199
9609,1294253,20389,1353603
9610,1287160,20830,1347545
9611,1286642,19957,1345097
9612,1279809,21695,1336873
9613,1286697,20952,1344944
9614,1297937,20911,1359682
9615,1304160,20390,1364252
9616,1284623,21462,1343992
9617,1314826,20385,1374655
9618,1290234,20993,1350485
9619,1286716,20434,1345668
9620,1289382,20487,1347146
9621,1285234,21799,1343274
9622,1288012,21074,1347456
9623,1300993,20441,1361693
9624,1290271,20198,1347079
9625,1288586,21677,1348466
9626,1295234,21007,1356259
9627,1290326,20282,1349293
9628,1303345,20594,1363753
9629,1292456,20257,1351639
9630,1293567,21644,1353970
9631,1291067,20937,1350078
9632,1290141,20934,1349482
9633,1287456,20265,1346702
9634,1293049,21485,1352588
9635,1285808,21704,1344660
9636,1286086,21201,1344008
9637,1285604,20513,1343950
9638,1286401,20417,1343706
9639,1284012,21693,1342352
9640,1290104,21134,1348423
9641,1288401,20057,1346161
9642,1290697,20480,1349361
9643,1291919,21552,1350489
9644,1290364,21215,1348208
9645,1285919,20416,1343168
9646,1292160,20357,1350757
9647,1285808,20854,1342977
9648,1283012,21500,1340456
9649,1289771,20183,1347434
9650,1290382,19994,1348283
9651,1293363,20825,1352521
9652,1287456,21767,1345445
9653,1287715,23597,1348682
9654,1291642,20224,1352050
9655,1291179,20443,1349195
9656,1287623,21051,1344451
9657,1284049,21456,1343005
9658,1294382,20287,1351631
9659,1282568,20265,1339258
9660,1287957,20354,1345532
9661,1278919,21445,1336382
9662,1285123,20257,1342064
9663,1290400,20569,1348468
9664,1290734,20362,1347373
9665,1288882,21081,1347092
9666,1289438,22171,1349608
9667,1287030,20168,1345439
9668,1298697,20369,1357158
9669,1311492,21310,1375488
9670,1288919,21308,1348005
9671,1285475,20453,1342261
9672,1304918,20580,1362980
9673,1289123,21188,1348107
9674,1288216,20259,1348474
9675,1281994,22090,1340102
9676,1292975,20458,1350246
9677,1286030,21195,1344169
9678,1293067,20229,1351222
9679,1289642,21542,1348849
9680,1291456,20409,1349920
9681,1291715,20906,1350140
9682,1287937,20311,1345674
9683,1285679,20511,1344319
9684,1283475,21491,1341798
9685,1286179,20747,1342943
9686,1284641,20244,1342607
9687,1287993,20259,1345122
9688,1283530,21350,1340268
9689,1295956,20995,1355617
9690,1290827,20566,1350540
9691,1287271,20692,1346463
9692,1286993,20226,1344645
9693,1288475,22002,1347513
9694,1291567,20536,1351436
9695,1281031,20200,1339507
9696,1296160,20345,1354874
9697,1293364,21732,1352317
9698,1287142,20451,1344814
9699,1285549,20077,1342626
9700,1285734,20278,1341919
9701,1293456,20201,1351860
9702,1287012,21902,1347858
9703,1288142,19899,1346003
9704,1286993,20044,1344444
9705,1293623,20597,1353552
9706,1284641,21928,1343810
9707,1291290,20870,1350177
9708,1296919,21033,1356914
9709,1289197,20530,1347486
9710,1294456,20323,1353668
9711,1289067,22043,1347832
9712,1287178,20189,1343848
9713,1293178,20056,1351863
9714,1292530,20979,1352693
9715,1281975,21643,1340081
9716,1291364,20381,1348244
9717,1289085,20322,1346796
9718,1288975,20338,1346090
9719,1345103,20353,1405771
9720,1289308,23703,1349547
9721,1302364,20848,1361859
9722,1292160,20327,1351764
9723,1288123,20046,1346575
9724,1286290,21247,1343962
9725,1290993,20485,1349718
9726,1286715,20538,1344123
9727,1285679,20164,1343490
9728,1311567,21124,1372523
9729,1291049,21677,1350763
9730,1299308,20341,1359630
9731,1300382,20449,1360886
9732,1296845,20891,1355790
9733,1287883,21648,1347455
9734,1296623,20348,1355489
9735,1299401,20197,1358245
9736,1290827,21083,1350187
9737,1283956,20228,1342998
9738,1307067,21633,1368940
9739,1306641,20464,1368363
9740,1297011,20553,1355583
9741,1292623,20291,1352561
9742,1287419,21844,1345781
9743,1292049,20230,1350630
9744,1289308,20523,1348294
9745,1287938,20261,1346402
9746,1288845,20351,1348547
9747,1293030,21626,1354637
9748,1296030,20364,1355116
9749,1295216,20657,1355353
9750,1290123,20432,1349313
9751,1288253,21745,1347663
9752,1288549,20279,1345975
9753,1295919,20813,1355731
9754,1287475,20328,1345876
9755,1291493,20492,1350725
9756,1290030,21656,1349593
9757,1291605,20746,1350127
9758,1283512,20021,1341624
9759,1292345,20073,1349880
9760,1286104,21626,1344712
9761,1294567,20346,1354394
9762,1293345,20343,1352187
9763,1289086,21006,1347665
9764,1290956,20762,1349403
9765,1282420,21594,1341679
9766,1555488,23646,1651151
9767,1584673,27291,1688944
9768,1499823,22325,1588220
9769,1544229,28730,1642477
9770,1493878,21320,1581290
9771,1571044,22928,1667970
9772,1424731,21258,1507581
9773,1428583,21440,1512078
9774,1383806,24957,1466558
9775,1419805,21324,1500073
9776,1420121,21951,1501311
9777,1403361,20911,1483549
9778,1382584,25501,1466399
9779,1412787,21146,1493266
9780,1422861,21143,1500300
9781,1622469,24640,1729514
9782,1570673,23804,1670846
9783,1518822,29616,1613085
9784,1538192,23243,1635212
9785,1580877,21981,1675060
9786,1481471,20774,1570447
9787,1484433,29475,1595278
9788,1496989,21602,1584238
9789,1438194,22951,1523440
9790,1409417,21041,1489641
9791,1420194,21093,1501860
9792,1390250,24406,1472044
9793,1422732,21366,1503374
9794,1405899,21863,1486778
9795,1426547,22008,1510404
9796,1389954,23969,1469885
9797,1650578,21114,1742784
9798,1555025,22166,1650542
9799,1592672,23330,1690464
9800,1533636,22327,1625480
9801,1456046,26991,1559683
9802,1513211,23118,1610253
9803,1550118,22596,1652824
9804,1467601,21223,1552600
9805,1400288,26776,1487711
9806,1429102,22458,1512689
9807,1419101,20826,1501630
9808,1416306,21008,1495257
9809,1423713,21708,1507957
9810,1388769,23817,1467400
9811,1409121,22796,1491564
9812,1421806,22219,1503375
9813,1611487,21105,1706183
9814,1508600,24380,1599794
9815,1612357,25062,1715696
9816,1587710,24245,1684379
9817,1540285,25075,1637951
9818,1518508,22924,1620115
9819,1475119,25236,1566817
9820,1533174,23530,1627702
9821,1527656,22193,1621180
9822,1533711,24209,1628159
9823,1454361,29244,1551232
9824,1524211,24574,1618043
9825,1551951,22756,1647484
9826,1560692,22901,1653703
9827,1538767,22917,1633422
9828,1507230,25359,1599606
9829,1494360,24597,1594437
9830,1571654,23390,1669173
9831,1536026,23980,1631189
9832,1459416,27959,1551985
9833,1549284,23160,1644776
9834,1547414,23638,1643588
9835,1416046,22709,1498903
9836,1330455,20725,1395698
9837,1310437,21704,1374734
9838,1334659,20627,1400323
9839,1354363,21439,1424727
9840,1328956,20529,1396150
9841,1304271,21379,1364982
9842,1314586,20616,1378349
9843,1297215,20262,1358921
9844,1295882,20240,1355214
9845,1291734,20274,1350230
9846,1296012,21531,1358061
9847,1297234,20547,1358187
9848,1290938,20525,1349240
9849,1306678,20800,1369422
9850,1290271,21428,1351439
9851,1297437,20332,1357769
9852,1297622,21662,1359025
9853,1302826,20400,1364244
9854,1296660,21564,1359408
9855,1285105,22099,1345406
9856,1291160,20392,1350644
9857,1287512,20333,1345863
9858,1289790,21312,1350786
9859,1286197,21569,1344432
9860,1289345,20233,1347077
9861,1285753,20508,1343537
9862,1283993,21245,1343016
9863,1284993,19798,1343346
9864,1284586,21185,1343844
9865,1290308,20441,1348878
9866,1297993,21123,1358579
9867,1295863,20176,1353964
9868,1287327,21600,1345740
9869,1293864,20541,1352163
9870,1298641,21112,1359753
9871,1299753,20887,1359564
9872,1286790,20291,1345784
9873,1283623,21604,1341356
9874,1287660,20620,1346779
9875,1290345,20339,1348480
9876,1282882,20317,1340273
9877,1281215,21926,1339938
9878,1295808,20497,1355397
9879,1285197,20291,1344172
9880,1288067,20325,1346558
9881,1375510,20285,1452146
9882,1340825,22875,1410681
9883,1313011,21131,1377179
9884,1305475,20980,1367139
9885,1300197,20737,1361062
9886,1294549,22290,1355912
9887,1298271,20732,1359002
9888,1289308,21247,1348999
9889,1310326,20429,1372347
9890,1303327,20500,1364733
9891,1291883,21554,1351954
9892,1293789,20995,1353062
9893,1288049,20455,1346152
9894,1298975,20360,1357204
9895,1291123,21728,1351350
9896,1292401,21021,1351940
9897,1292253,20259,1351196
9898,1290604,20237,1349415
9899,1288067,21068,1347746
9900,1281401,21955,1339225
9901,1289697,20433,1348907
9902,1288068,20189,1346201
9903,1286845,21057,1345179
9904,1283456,21740,1341862
9905,1288900,20533,1347155
9906,1287771,20401,1345856
9907,1290604,20416,1349168
9908,1303253,20450,1362554
9909,1286864,21967,1346681
9910,1297456,20741,1356882
9911,1293920,20368,1353712
9912,1296104,20161,1354024
9913,1290234,21307,1349189
9914,1286160,20193,1344945
9915,1288530,20283,1348220
9916,1292734,20354,1350995
9917,1294216,21092,1357232
9918,1306530,21571,1367804
9919,1312104,21198,1376671
9920,1298586,20565,1358595
9921,1296122,21006,1357758
9922,1285512,22245,1346645
9923,1286549,20242,1346142
9924,1289623,20943,1348954
9925,1290234,20940,1349229
9926,1284086,20326,1342263
9927,1284456,21546,1344094
9928,1288438,20561,1347202
9929,1296864,21170,1356681
9930,1290716,20426,1350492
9931,1282605,21942,1342565
9932,1294660,19995,1352376
9933,1296215,20881,1355577
9934,1293882,20230,1351889
9935,1289994,20282,1347534
9936,1284234,21484,1341662
9937,1288123,20907,1346936
9938,1287160,20941,1345396
9939,1290475,20160,1348301
9940,1279123,21695,1337225
9941,1294679,21044,1355129
9942,1288549,20800,1347608
9943,1288697,20260,1346753
9944,1287660,20572,1346009
9945,1288512,21422,1348266
9946,1288271,20882,1347078
9947,1286864,20230,1344853
9948,1289197,19450,1344442
9949,1280068,21466,1337755
9950,1286975,21074,1345085
9951,1285845,19997,1343175
9952,1294160,20494,1351302
9953,1303678,20843,1363946
9954,1295586,22489,1355704
9955,1289549,20320,1348386
9956,1296548,20520,1356161
9957,1290808,20239,1349973
9958,1315623,22200,1376563
9959,1297271,20364,1356616
9960,1296456,20342,1355187
9961,1291382,20321,1349647
9962,1293142,20725,1351366
9963,1281253,21686,1338586
9964,1293642,20443,1351009
9965,1286160,20143,1344173
9966,1287994,20325,1346151
9967,1287956,21509,1347297
9968,1293160,21024,1350887
9969,1304085,20373,1364513
9970,1291919,20333,1350362
9971,1294104,21237,1353008
9972,1282178,22217,1341561
9973,1295641,20047,1353243
9974,1285198,20359,1343518
9975,1287938,20893,1345367
9976,1284827,21520,1342347
9977,1294494,20314,1353528
9978,1292938,20514,1352174
9979,1293345,20548,1352522
9980,1288475,20268,1346131
9981,1280289,21043,1337981
9982,1289827,20615,1348126
9983,1288363,20426,1347141
9984,1286215,20220,1343064
9985,1284493,21588,1343229
9986,1285901,20548,1344355
9987,1282475,20286,1339501
9988,1285863,20172,1342516
9989,1283086,21076,1341032
9990,1276345,21648,1334326
9991,1289845,20386,1348693
9992,1341362,20790,1407615
9993,1304678,21157,1367687
9994,1293271,22507,1354629
9995,1290956,20504,1349738
9996,1306011,20557,1366086
9997,1298567,20406,1357676
9998,1286290,20384,1343951
9999,1289123,21382,1347727
10000,1316715,21342,1380834
10001,1291493,20450,1350350
10002,1294271,20318,1356162
10003,1290030,21519,1349030
10004,1295586,20313,1354805
10005,1297937,20439,1357617
10006,1294122,20177,1353429
10007,1292271,20415,1351222
10008,1295086,22116,1354775
10009,1288752,20187,1347013
10010,1289827,20073,1347510
10011,1286660,20144,1344896
10012,1292864,21753,1353746
10013,1296308,20547,1355447
10014,1297919,20414,1357388
10015,1290993,20300,1349922
10016,1292586,20278,1350901
10017,1286456,21480,1344899
10018,1288993,21070,1347451
10019,1289400,20252,1348115
10020,1295382,20971,1352852
10021,1284142,21821,1342832
10022,1289401,21077,1349125
10023,1288809,20296,1346345
10024,1286271,20590,1343175
10025,1289827,20272,1348450
10026,1276234,21344,1334022
10027,1289308,20452,1347519
10028,1297382,20930,1355460
10029,1289086,20316,1346309
10030,1281919,21518,1340103
10031,1293494,20441,1352322
10032,1290586,20716,1349430
10033,1293937,20324,1351927
10034,1290048,20636,1349258
10035,1279235,21485,1337200
10036,1291438,19908,1349493
10037,1286438,20239,1344620
10038,1307770,20439,1369394
10039,1287549,21937,1347356
10040,1289901,20360,1348557
10041,1289549,20228,1347702
10042,1288789,20521,1347699
10043,1288271,20351,1347214
10044,1274604,21053,1331046
10045,1296790,20846,1356653
10046,1287085,20343,1346095
10047,1287382,20285,1344759
10048,1291697,21820,1351553
10049,1299512,21076,1360439
10050,1291679,20425,1350751
10051,1289271,20607,1346877
10052,1286474,20215,1343430
10053,1283753,21935,1342743
10054,1289308,20654,1348647
10055,1289531,20503,1348125
10056,1285178,20222,1342030
10057,1288715,21943,1349454
10058,1285697,20569,1344025
10059,1283753,20622,1342503
10060,1287252,20619,1345741
10061,1292549,20412,1350831
10062,1277938,21299,1335255
10063,1290679,21166,1349492
10064,1289086,20423,1346915
10065,1285919,20420,1342727
10066,1293086,21769,1353262
10067,1287901,21174,1346833
10068,1297234,20356,1356163
10069,1288771,20297,1347216
10070,1293493,21035,1352861
10071,1285198,21903,1344581
10072,1290048,20067,1347430
10073,1282975,20342,1340649
10074,1285753,20913,1344313
10075,1281901,21004,1340033
10076,1286716,20204,1344086
10077,1288586,20368,1346027
10078,1286345,20865,1343635
10079,1339270,21084,1400520
10080,1291178,21860,1350519
10081,1290012,20746,1348424
10082,1285790,20391,1342902
10083,1291882,20999,1350714
10084,1319567,22608,1386378
10085,1300901,20272,1360412
10086,1293660,20398,1353780
10087,1290290,21284,1348906
10088,1289679,20448,1347829
10089,1286901,24631,1348161
10090,1285586,20369,1344028
10091,1311900,21181,1375321
10092,1296438,20733,1356170
10093,1285363,22638,1344964
10094,1299215,20654,1358350
10095,1294068,21077,1353995
10096,1282882,20278,1340048
10097,1285383,20275,1343545
10098,1280364,21421,1338025
10099,1287790,20992,1346503
10100,1285030,20378,1342426
10101,1283586,20319,1341071
10102,1281605,21484,1339551
10103,1286512,20925,1344918
10104,1286715,20478,1344433
10105,1287086,21734,1346153
10106,1294067,20749,1354149
10107,1285734,21840,1346110
10108,1283549,20411,1340922
10109,1286289,21241,1345530
10110,1284123,20257,1342435
10111,1282827,21588,1341525
10112,1294586,20511,1352319
10113,1288271,21675,1347834
10114,1287790,20320,1345479
10115,1303048,20298,1362494
10116,1291679,21463,1350085
10117,1289697,21090,1347582
10118,1292178,20587,1350098
10119,1285901,20436,1343465
10120,1284272,21600,1342204
10121,1289623,20968,1348608
10122,1283993,19705,1342031
10123,1283753,20628,1341695
10124,1300734,21014,1361006
10125,1282919,21753,1341931
10126,1290160,20435,1348335
10127,1286882,20432,1345591
10128,1294901,21077,1354014
10129,1288179,22168,1347401
10130,1290142,20591,1349546
10131,1287271,20551,1346525
10132,1285364,20177,1343096
10133,1285493,20304,1343222
10134,1281216,21376,1340443
10135,1286271,20188,1344051
10136,1288160,20129,1347196
10137,1289012,20385,1348026
10138,1282271,21346,1341728
10139,1293067,20325,1352799
10140,1288901,20544,1347462
10141,1291697,20263,1350552
10142,1284179,20945,1342605
10143,1279882,21888,1337844
10144,1287123,20385,1344340
10145,1288679,20474,1345448
10146,1286049,21045,1345038
10147,1280031,21543,1338481
10148,1288011,20244,1344274
10149,1284642,20297,1341937
10150,1292642,20979,1350675
10151,1285049,20235,1342506
10152,1282216,21585,1340541
10153,1288104,20749,1346945
10154,1291974,21208,1350071
10155,1287975,20261,1345439
10156,1283568,21648,1341659
10157,1288234,20441,1346156
10158,1288549,21049,1346986
10159,1302937,21231,1363761
10160,1289104,22302,1348573
10161,1280994,21375,1339219
10162,1288753,20594,1348605
10163,1288679,20443,1346324
10164,1293568,20514,1351191
10165,1282549,21104,1339671
10166,1287086,20564,1345390
10167,1284790,20820,1343406
10168,1289086,20077,1346551
10169,1282141,20814,1341066
10170,1281475,21257,1339972
10171,1286771,20254,1344321
10172,1284827,20343,1341910
10173,1285920,20803,1344981
10174,1284678,21246,1343479
10175,1293734,20521,1353198
10176,1325067,20869,1392676
10177,1594469,25014,1693797
10178,1561284,23437,1659720
10179,1462601,24843,1549850
10180,1600080,23414,1692918
10181,1476545,21670,1565547
10182,1565821,24260,1663283
10183,1391213,23924,1474989
10184,1426491,21255,1509781
10185,1410083,21752,1492353
10186,1417028,20342,1497702
10187,1426324,21209,1508624
10188,1379213,24059,1460808
10189,1416583,21982,1497564
10190,1414065,21701,1495932
10191,1416269,21550,1496095
10192,1569007,23752,1675219
10193,1590303,24804,1687087
10194,1583099,23320,1687843
10195,1625876,24132,1728598
10196,1695949,24110,1807057
10197,1630375,28367,1732630
10198,1611525,24272,1714017
10199,1739040,24547,1847233
10200,1581802,27321,1681585
10201,1509434,31838,1612955
10202,1594580,24280,1695228
10203,1574802,27017,1674874
10204,1565321,26922,1666149
10205,1607210,26641,1710904
10206,1579117,37065,1688384
10207,1571506,28988,1676641
10208,1620709,26078,1721674
10209,1566081,24001,1668728
10210,1795057,31313,1903962
10211,1703337,33921,1822775
10212,1666968,25382,1771922
10213,1627265,23601,1728623
10214,1609339,24783,1715880
10215,1639746,35318,1747748
10216,1508711,21741,1599192
10217,1592321,24720,1689391
10218,1424009,21902,1507873
10219,1383029,26604,1466779
10220,1418695,21471,1497665
10221,1413028,22116,1493717
10222,1415417,21243,1495640
10223,1420417,21499,1499526
10224,1385251,24238,1463562
10225,1416472,21957,1497632
10226,1407250,21065,1486352
10227,1600913,26266,1706196
10228,1495934,24320,1593011
10229,1545322,22539,1641322
10230,1429861,21592,1513711
10231,1347529,20533,1414636
10232,1328900,20215,1392392
10233,1305253,22676,1369187
10234,1331122,21322,1399535
10235,1310900,20522,1372200
10236,1315086,20723,1379511
10237,1292309,21906,1353399
10238,1300586,20626,1361211
10239,1300364,20234,1359874
10240,1323437,20749,1386834
10241,1298919,20469,1359739
10242,1291234,21670,1353311
10243,1290031,20408,1350086
10244,1287975,21035,1348194
10245,1291568,20235,1351098
10246,1282494,21956,1341893
10247,1295586,20416,1354927
10248,1290900,21135,1349516
10249,1289567,20354,1348439
10250,1303678,20796,1364751
10251,1290604,21757,1348620
10252,1289790,21291,1347728
10253,1293512,20751,1352410
10254,1289419,20174,1349740
10255,1288531,21987,1348813
10256,1294160,21021,1353124
10257,1294400,20333,1352621
10258,1297346,20274,1355137
10259,1292068,21086,1350949
10260,1282531,21899,1340188
10261,1294938,21414,1355073
10262,1287327,20430,1347108
10263,1288086,20890,1348031
10264,1283419,21869,1341807
10265,1293474,20200,1351303
10266,1286605,20123,1346208
10267,1283846,20027,1341538
10268,1319937,20580,1381294
10269,1293938,21578,1354256
10270,1300179,20760,1361364
10271,1302308,20220,1361361
10272,1294067,20458,1353117
10273,1286790,21456,1345986
10274,1294326,20305,1353205
10275,1285642,20413,1344554
10276,1293105,20317,1351384
10277,1290216,21129,1348955
10278,1286345,22164,1346176
10279,1313678,21310,1377839
10280,1294327,20492,1353281
10281,1296252,21100,1355500
10282,1288012,21746,1347331
10283,1289437,20188,1347477
10284,1292623,20018,1350325
10285,1297345,20941,1357767
10286,1288549,20401,1347616
10287,1283920,21269,1342466
10288,1415102,23248,1494423
10289,1318659,20523,1382366
10290,1316233,21020,1388067
10291,1327659,23018,1394713
10292,1316363,20089,1377340
10293,1306771,20734,1367782
10294,1306974,21120,1369557
10295,1301975,20191,1362091
10296,1293734,21504,1352459
10297,1295938,20575,1355753
10298,1308122,20980,1371805
10299,1309401,20199,1369895
10300,1310771,21493,1369874
10301,1296678,20342,1356612
10302,1302715,20987,1363628
10303,1300660,20466,1361921
10304,1286290,20296,1343955
10305,1298197,21905,1358472
10306,1294586,20939,1354265
10307,1295308,20714,1354947
10308,1297012,20230,1355518
10309,1294012,22172,1355350
10310,1293271,20354,1352680
10311,1291401,20314,1349566
10312,1287679,20848,1346582
10313,1291975,20753,1351875
10314,1284938,21825,1345873
10315,1290549,20396,1348148
10316,1289512,20597,1348719
10317,1287678,20261,1345698
10318,1286086,21518,1345122
10319,1288660,20552,1347952
10320,1289771,20716,1348819
10321,1289827,20602,1349928
10322,1304178,20765,1366147
10323,1289956,21856,1350534
10324,1288438,20668,1345790
10325,1290419,20832,1351250
10326,1295956,20329,1354506
10327,1284309,21845,1343430
10328,1293030,22361,1352520
10329,1287197,20154,1345295
10330,1291289,20540,1348977
10331,1288548,21315,1347752
10332,1280660,21739,1339935
10333,1295271,20254,1354191
10334,1288530,20362,1347540
10335,1286937,20934,1345574
10336,1282438,22098,1341128
10337,1354622,20095,1428160
10338,1523508,23240,1619783
10339,1380436,20608,1454395
10340,1324086,20327,1388782
10341,1295493,21529,1356114
10342,1309511,20248,1373314
10343,1302364,20301,1363256
10344,1299086,20520,1365846
10345,1324438,22111,1388491
10346,1311289,20423,1374192
10347,1308011,20234,1368541
10348,1306326,21380,1367705
10349,1298271,20377,1358536
10350,1332437,21893,1405681
10351,1365047,21557,1438214
10352,1313659,21369,1378027
10353,1317938,20477,1389487
10354,1402417,24327,1485502
10355,1341048,20953,1408593
10356,1307697,21302,1371017
10357,1303975,20670,1365551
10358,1296456,20630,1355252
10359,1284938,21535,1345528
10360,1307197,20940,1368654
10361,1339752,20640,1408928
10362,1308270,21230,1371741
10363,1294771,21858,1354091
10364,1295827,20355,1353773
10365,1297696,20130,1356585
10366,1297512,20256,1357526
10367,1305345,20142,1373838
10368,1355232,23381,1426668
10369,1316882,20174,1383796
10370,1335844,21634,1400589
10371,1311974,20465,1375290
10372,1295660,21907,1355418
10373,1296327,20219,1356063
10374,1308697,20290,1370282
10375,1463268,22028,1548683
10376,1406157,20655,1485459
10377,1325141,23004,1391404
10378,1317881,21261,1382197
10379,1305734,22443,1369102
10380,1303067,20385,1363895
10381,1292401,22086,1353486
10382,1296994,20546,1357205
10383,1339029,20766,1407887
10384,1311753,21133,1376051
10385,1301586,20648,1363400
10386,1307771,21869,1370083
10387,1295530,21273,1355784
10388,1299363,20418,1359022
10389,1289827,20193,1348464
10390,1288160,21580,1348591
10391,1331678,21559,1399550
10392,1302734,20333,1363030
10393,1295937,20256,1356064
10394,1430954,21809,1518132
10395,1359918,23603,1429817
10396,1312401,20674,1373833
10397,1304605,20394,1366886
10398,1308919,20798,1370809
10399,1297420,21481,1358270
10400,1298586,20219,1358323
10401,1314622,20253,1382708
10402,1335530,21880,1402909
10403,1303974,20784,1364314
10404,1287197,21671,1347405
10405,1293271,20502,1351994
10406,1314307,21110,1377732
10407,1303827,20922,1364488
10408,1330918,24420,1399726
10409,1340493,22657,1410964
10410,1310530,21136,1373202
10411,1299623,20337,1358866
10412,1456527,20686,1538323
10413,1377732,23369,1460156
10414,1436676,20996,1519707
10415,1366140,20863,1436724
10416,1316289,20545,1378834
10417,1300827,21710,1360573
10418,1306289,20225,1367940
10419,1301382,20760,1363844
10420,1301604,20460,1361897
10421,1289401,20198,1347580
10422,1294068,21363,1355003
10423,1293604,20508,1353241
10424,1310530,20598,1372460
10425,1298586,20502,1357569
10426,1350511,24704,1427787
10427,1313418,20682,1377286
10428,1299197,23068,1361709
10429,1296456,20010,1355373
10430,1294068,20322,1353314
10431,1285974,21653,1345127
10432,1337159,21076,1405253
10433,1307197,20832,1370176
10434,1301826,20589,1362433
10435,1294271,21605,1354616
10436,1296383,21102,1355502
10437,1290993,20229,1349407
10438,1299030,20226,1359700
10439,1400417,21278,1470435
10440,1302623,21925,1364639
10441,1303493,20570,1364155
10442,1292290,20289,1352485
10443,1297993,21064,1358316
10444,1290864,22358,1351017
10445,1322252,20263,1392717
10446,1376084,20408,1450473
10447,1373825,21164,1447340
10448,1370418,21161,1445374
10449,1320493,23233,1384373
10450,1392177,21601,1469165
10451,1308641,20690,1371034
10452,1353955,20706,1424364
10453,1316752,22260,1380992
10454,1306012,20516,1367897
10455,1302178,20476,1363135
10456,1301771,20399,1361002
10457,1296568,21229,1357425
10458,1285031,21246,1346090
10459,1310549,20317,1378679
10460,1362603,21703,1434509
10461,1308511,21459,1371340
10462,1290827,21439,1351153
10463,1303882,20510,1365354
10464,1296548,20359,1356259
10465,1294086,21226,1352793
10466,1335511,20760,1402844
10467,1298641,22054,1360751
10468,1312993,20607,1374284
10469,1301456,21178,1362300
10470,1301901,20509,1362575
10471,1288678,21414,1347962
10472,1303567,20633,1363737
10473,1332289,21964,1401159
10474,1308437,20442,1369620
10475,1300808,20458,1363432
10476,1297123,21956,1357170
10477,1300438,21027,1360667
10478,1295049,20394,1354979
10479,1285975,20391,1344199
10480,1299679,21167,1366808
10481,1320492,21220,1384378
10482,1307270,21217,1369968
10483,1301105,20547,1363484
10484,1298104,20711,1356926
10485,1290623,21505,1349831
10486,1293808,20317,1353773
10487,1355214,21407,1426731
10488,1320512,20700,1384933
10489,1314993,22235,1376931
10490,1303012,20436,1363891
10491,1293771,20896,1354425
10492,1289975,20541,1350385
10493,1288049,20612,1346197
10494,1316289,22592,1381695
10495,1300419,21607,1363581
10496,1288586,20197,1347134
10497,1299493,20398,1359797
10498,1292289,21414,1352240
10499,1310012,20485,1372089
10500,1300789,20593,1360364
10501,1330567,20535,1397397
10502,1325400,21217,1390042
10503,1290919,21623,1350874
10504,1301826,20842,1362538
10505,1289383,20394,1348072
10506,1292901,21151,1353366
10507,1296289,21575,1358660
10508,1331845,21183,1396341
10509,1301956,20569,1361635
10510,1299585,21066,1361040
10511,1294030,20730,1353981
10512,1289475,21413,1349035
10513,1293567,20762,1352865
10514,1286456,21018,1345381
10515,1331696,23311,1399933
10516,1297364,21939,1359080
10517,1297919,20751,1357928
10518,1302048,20729,1363148
10519,1290401,21004,1351145
10520,1285864,20223,1344068
10521,1298937,22129,1361658
10522,1343196,20793,1411377
10523,1304289,21327,1366374
10524,1300993,20361,1362612
10525,1296863,21896,1357666
10526,1292734,20319,1352367
10527,1300233,20686,1360993
10528,1326400,21461,1393953
10529,1304179,20458,1367747
10530,1296956,21938,1361411
10531,1298049,20083,1358279
10532,1291734,20746,1351054
10533,1291567,20521,1351181
10534,1322955,21353,1392937
10535,1377251,20887,1450451
10536,1363418,21180,1435208
10537,1364677,20659,1434946
10538,1313901,20119,1378166
10539,1297456,21820,1357350
10540,1311863,20984,1378698
10541,1322863,20351,1386417
10542,1340992,21441,1410284
10543,1314864,22124,1379783
10544,1323993,20936,1389650
10545,1316808,20841,1380759
10546,1306919,21542,1370256
10547,1323011,20594,1392160
10548,1304585,22648,1367973
10549,1303493,20756,1364600
10550,1295715,20605,1357523
10551,1290456,20195,1349576
10552,1286142,21619,1346111
10553,1304752,21005,1366090
10554,1331974,21076,1400845
10555,1305031,20554,1367287
10556,1299678,20644,1359655
10557,1286623,21846,1346153
10558,1293160,20973,1354391
10559,1288826,20192,1348129
10560,1327900,22596,1395218
10561,1289734,21891,1350476
10562,1306827,20703,1367973
10563,1294308,20329,1353174
10564,1297549,20864,1357949
10565,1294327,20305,1353631
10566,1300215,21470,1366407
10567,1314882,20708,1378755
10568,1315252,22538,1380623
10569,1298845,20406,1360991
10570,1297382,21515,1357896
10571,1295771,20308,1354838
10572,1290771,21213,1350372
10573,1321660,20932,1388794
10574,1317771,20503,1380384
10575,1294289,21612,1354531
10576,1547747,23628,1646133
10577,1545451,24255,1640316
10578,1504489,22048,1597962
10579,1500156,26416,1600793
10580,1570544,24710,1669215
10581,1525008,21911,1615472
10582,1561951,24204,1660857
10583,1542100,22961,1643059
10584,1492897,28107,1585299
10585,1518174,21733,1612147
10586,1573710,24305,1675235
10587,1540026,21746,1634419
10588,1450305,24670,1538585
10589,1520711,22667,1614599
10590,1629431,22979,1733150
10591,1776984,26884,1885792
10592,1643801,35936,1759828
10593,1523804,32397,1633681
10594,1707170,28191,1823471
10595,1607543,23447,1706618
10596,1558563,22889,1663190
10597,1398843,25887,1486136
10598,1441583,22236,1525151
10599,1436842,22103,1523778
10600,1462749,22952,1550885
10601,1427769,22579,1510605
10602,1379195,25021,1459493
10603,1418102,21926,1499990
10604,1416102,21905,1495913
10605,1510656,22494,1646259
10606,1557451,28733,1654405
10607,1558044,23267,1652754
10608,1549563,22301,1645399
10609,1547748,23428,1644674
10610,1617432,24092,1714577
10611,1418047,27979,1507802
10612,1560359,25050,1665722
10613,1454545,21547,1539832
10614,1433694,24766,1518182
10615,1402362,23968,1482125
10616,1406139,23224,1488603
10617,1425120,22592,1507915
10618,1413065,23145,1497727
10619,1407010,22271,1486243
10620,1385510,26214,1470149
10621,1433027,24100,1514941
10622,1676523,22467,1776415
10623,1554970,22372,1651525
10624,1499526,27444,1595061
10625,1550581,24811,1649928
10626,1504100,22068,1597296
10627,1557062,25361,1661218
10628,1504360,22655,1598994
10629,1509341,31264,1608455
10630,1443861,21168,1528917
10631,1413528,20980,1494303
10632,1410010,22033,1492152
10633,1393250,23920,1472262
10634,1421028,22084,1503462
10635,1420639,21488,1501126
10636,1413973,23930,1495623
10637,1420528,21112,1501490
10638,1382566,25832,1462619
10639,1576488,25885,1680001
10640,1570302,22549,1666628
10641,1532600,23157,1626163
10642,1380343,24933,1459571
10643,1353715,21300,1423514
10644,1326345,20408,1389641
10645,1325289,20368,1391323
10646,1330530,21791,1396450
10647,1300938,21956,1363782
10648,1322400,20472,1384816
10649,1302734,21154,1363795
10650,1299437,21040,1359829
10651,1288345,22297,1347920
10652,1299604,20961,1360620
10653,1304049,20495,1365654
10654,1305067,21437,1367800
10655,1294235,20267,1353982
10656,1286549,21876,1345721
10657,1291012,20485,1350459
10658,1288123,21000,1346326
10659,1294697,20516,1355342
10660,1288253,22181,1346840
10661,1290920,20641,1350115
10662,1297808,21119,1358278
10663,1291308,20413,1349128
10664,1285827,20299,1344310
10665,1284975,21519,1344438
10666,1305771,20646,1368231
10667,1296438,21032,1356358
10668,1283957,20084,1341522
10669,1286475,21268,1344260
10670,1293938,20431,1353554
10671,1292863,20780,1352069
10672,1285493,20333,1343900
10673,1286012,20515,1344156
10674,1294030,22069,1356024
10675,1290457,20288,1348374
10676,1288956,20322,1345852
10677,1287957,20412,1346423
10678,1294549,21651,1354088
10679,1284141,20296,1340845
10680,1285919,20978,1344342
10681,1339492,20864,1406949
10682,1313956,21121,1378150
10683,1289789,21563,1349686
10684,1296123,21209,1356053
10685,1303623,20261,1364346
10686,1298586,20462,1357806
10687,1286290,20979,1345453
10688,1292901,21031,1352450
10689,1312660,20436,1375595
10690,1304382,20451,1365499
10691,1291197,20708,1351737
10692,1284771,22095,1343550
10693,1293623,20314,1351677
10694,1304289,21089,1365915
10695,1296104,20956,1356319
10696,1284901,23880,1347188
10697,1292493,20581,1352240
10698,1292160,20949,1351775
10699,1286660,21094,1346624
10700,1295845,21054,1355861
10701,1285864,22071,1346063
10702,1296272,20697,1355338
10703,1297179,20676,1356928
10704,1293493,20432,1353073
10705,1285049,21819,1343886
10706,1315807,20390,1379401
10707,1300530,20313,1360787
10708,1296457,20773,1355470
10709,1292160,20345,1350745
10710,1286716,21324,1346169
10711,1293623,20173,1351666
10712,1298826,21337,1359663
10713,1289919,20501,1348216
10714,1283327,21721,1342306
10715,1291808,20718,1351025
10716,1288882,20937,1347967
10717,1284272,20305,1342335
10718,1293327,20320,1353072
10719,1287271,21707,1347830
10720,1285530,20871,1343123
10721,1284345,20165,1342083
10722,1288698,20199,1346117
10723,1288104,21715,1347319
10724,1289771,20268,1348187
10725,1285679,21432,1345054
10726,1283920,20299,1341329
10727,1286567,20926,1344474
10728,1282420,21498,1339991
10729,1300956,21051,1361080
10730,1292383,20344,1350985
10731,1285716,20230,1343686
10732,1283660,21839,1341943
10733,1291827,20966,1350755
10734,1288142,20111,1346548
10735,1293215,20738,1354508
10736,1294086,21068,1353857
10737,1285734,21789,1344207
10738,1285919,20267,1344093
10739,1283345,20209,1340294
10740,1284567,21262,1343439
10741,1284604,21630,1343845
10742,1289271,20794,1349397
10743,1287752,20143,1345469
10744,1291141,21103,1350688
10745,1289475,20859,1347704
10746,1279845,21524,1338998
10747,1289605,20336,1346625
10748,1292660,21259,1352159
10749,1286753,20774,1346675
10750,1277142,21754,1335210
10751,1290271,20158,1349299
10752,1312104,20341,1371666
10753,1297197,20912,1356367
10754,1295419,20372,1354809
10755,1283623,21111,1342918
10756,1287215,20645,1346749
10757,1288512,21086,1347857
10758,1299401,20695,1359243
10759,1284808,22063,1343963
10760,1288919,20338,1347034
10761,1287401,20928,1346420
10762,1286641,20388,1344658
10763,1282271,20163,1340359
10764,1286826,22105,1346505
10765,1294364,21213,1354410
10766,1292789,20210,1351814
10767,1290252,20430,1347922
10768,1284679,21428,1342254
10769,1290735,21073,1350714
10770,1296938,20552,1355600
10771,1285660,20160,1343079
10772,1282346,20527,1339428
10773,1284012,21600,1342352
10774,1287735,20134,1346089
10775,1311197,20334,1373975
10776,1295104,20535,1354287
10777,1284790,21978,1343545
10778,1293863,20493,1352560
10779,1290567,20250,1350187
10780,1289456,20932,1348425
10781,1282475,20281,1340552
10782,1287605,22261,1348790
10783,1289438,20387,1347824
10784,1283253,20162,1340636
10785,1288105,20363,1346948
10786,1292493,22157,1352928
10787,1297827,21173,1359573
10788,1287123,20189,1345922
10789,1285568,20575,1346030
10790,1286401,20442,1346379
10791,1279901,21662,1339229
10792,1286790,20252,1344319
10793,1283753,20694,1343131
10794,1284734,20709,1343850
10795,1276049,21744,1334941
10796,1286827,20908,1344753
10797,1282197,20609,1340250
10798,1312770,24032,1380154
10799,1361233,21122,1426668
10800,1297179,22175,1357631
10801,1289326,20524,1347906
10802,1313938,20318,1374625
10803,1295957,20926,1355603
10804,1282956,21665,1342213
10805,1293420,20921,1353414
10806,1291789,20159,1350818
10807,1288216,21211,1348852
10808,1287401,20560,1344405
10809,1282993,21151,1341681
10810,1299937,20259,1363659
10811,1297049,20553,1357027
10812,1291715,20161,1350005
10813,1278382,21474,1336115
10814,1285789,20786,1344408
10815,1290104,20542,1348627
10816,1285734,20558,1344328
10817,1289142,20536,1347844
10818,1285141,22127,1344638
10819,1282549,20198,1340302
10820,1283661,20158,1340281
10821,1291400,20618,1350296
10822,1280660,21172,1339498
10823,1296956,20447,1355810
10824,1292827,20555,1351973
10825,1287956,20478,1345267
10826,1286326,20142,1344264
10827,1281068,21158,1339577
10828,1283734,20322,1341111
10829,1283864,20375,1341664
10830,1285068,20205,1342642
10831,1277790,21111,1334529
10832,1283864,20589,1341878
10833,1283309,20234,1341042
10834,1286364,20491,1345761
10835,1300400,20766,1361943
10836,1288605,21486,1346590
10837,1286234,20539,1344050
10838,1290827,20628,1350491
10839,1287604,20163,1346563
10840,1283049,21401,1342190
10841,1285420,20602,1344669
10842,1282475,20266,1340148
10843,1284253,20226,1342089
10844,1288382,20279,1345864
10845,1282327,21203,1338862
10846,1291790,20422,1352655
10847,1286790,20382,1344986
10848,1283049,20249,1340761
10849,1279123,21396,1336944
10850,1290067,20578,1349145
10851,1275809,20501,1333957
10852,1291123,20387,1349324
10853,1283605,20440,1341062
10854,1282716,21067,1340690
10855,1287290,20564,1347187
10856,1291530,20154,1350295
10857,1285901,20929,1344774
10858,1285475,22094,1345920
10859,1290012,20535,1348139
10860,1288697,20273,1345988
10861,1299901,21178,1361781
10862,1292252,20212,1351353
10863,1280994,21284,1339388
10864,1287771,20485,1345811
10865,1291826,21204,1351882
10866,1291790,20386,1351546
10867,1287049,21495,1346729
10868,1286104,20400,1344430
10869,1284549,20897,1344205
10870,1288308,20153,1347294
10871,1284974,21799,1344958
10872,1281160,21871,1339697
10873,1288475,20386,1346342
10874,1292771,20347,1351284
10875,1288438,21344,1347559
10876,1275679,21342,1333612
10877,1287827,20413,1345869
10878,1289493,20262,1348384
10879,1286642,21222,1346085
10880,1284661,20219,1341267
10881,1280160,21291,1337877
10882,1291178,20362,1350596
10883,1287382,20915,1346611
10884,1298346,20857,1359775
10885,1284753,21373,1343033
10886,1291012,20741,1350678
10887,1298290,21293,1360045
10888,1297530,20494,1357005
10889,1285697,20510,1342965
10890,1286660,21582,1346093
10891,1287642,21060,1346312
10892,1283309,20280,1339736
10893,1283475,20573,1342696
10894,1290493,21627,1351027
10895,1293309,21142,1352839
10896,1286086,21565,1345410
10897,1283308,20340,1340907
10898,1286901,20282,1346386
10899,1289216,21687,1347921
10900,1287049,20518,1344381
10901,1286808,20330,1345100
10902,1303086,20253,1365449
10903,1299531,21288,1359243
10904,1285438,20322,1342926
10905,1287512,20745,1346793
10906,1287864,20298,1348290
10907,1295882,20591,1355102
10908,1287901,21163,1346582
10909,1293086,22086,1353875
10910,1288456,20324,1347817
10911,1289549,20599,1347333
10912,1276827,21172,1334887
10913,1333882,21132,1403271
10914,1314826,20407,1377676
10915,1294642,20737,1354100
10916,1294364,21012,1355079
10917,1289271,21955,1349892
10918,1292252,20304,1351500
10919,1293346,20393,1351127
10920,1285364,20872,1343013
10921,1284308,21407,1342659
10922,1289382,20367,1346064
10923,1285549,20198,1343079
10924,1289142,20639,1346854
10925,1287549,20785,1346092
10926,1279197,21412,1337702
10927,1292530,20317,1352124
10928,1295697,20777,1354399
10929,1288215,20496,1347082
10930,1281549,21717,1339950
10931,1300734,20418,1358929
10932,1289141,20507,1345648
10933,1287512,20338,1345905
10934,1290049,20335,1348013
10935,1284068,21315,1342900
10936,1299882,20460,1360878
10937,1296364,20864,1357653
10938,1287568,20269,1346854
10939,1281604,21526,1338890
10940,1293567,20727,1353979
10941,1289771,20632,1347421
10942,1288049,20166,1346955
10943,1286938,20367,1344637
10944,1292956,22069,1353024
10945,1293474,21288,1353392
10946,1302474,20656,1364037
10947,1294400,20301,1353553
10948,1288068,21929,1347810
10949,1288382,20204,1346770
10950,1283456,20293,1341916
10951,1283938,20309,1341117
10952,1288475,20917,1346780
10953,1279975,21323,1337871
10954,1287345,20672,1347905
10955,1284086,20373,1342365
10956,1534729,23962,1627061
10957,1484008,25738,1576727
10958,1522933,21624,1618038
10959,1558414,22436,1655960
10960,1527396,22989,1624476
10961,1504637,22060,1596696
10962,1506008,27466,1601935
10963,1531526,25018,1629876
10964,1550877,23127,1644595
10965,1515545,23605,1607260
10966,1500933,33344,1606091
10967,1564618,24082,1662198
10968,1496101,21876,1593975
10969,1517951,23706,1612731
10970,1542710,23925,1640375
10971,1526989,25849,1619633
10972,1540489,22661,1632871
10973,1495230,22473,1586776
10974,1538915,24767,1636680
10975,1430138,32691,1522495
10976,1354973,20633,1420735
10977,1327011,20630,1393955
10978,1351270,20645,1422007
10979,1308252,20365,1371005
10980,1323808,22252,1390799
10981,1333400,20619,1398704
10982,1350437,20487,1416534
10983,1326234,20465,1390420
10984,1302660,21908,1364197
10985,1300901,20331,1361731
10986,1290456,20347,1349488
10987,1290549,20511,1349614
10988,1288475,20693,1346426
10989,1291827,21524,1351758
10990,1301789,21096,1362681
10991,1291604,20408,1349845
10992,1295827,20368,1354045
10993,1290937,21810,1350710
10994,1289660,21067,1347300
10995,1292142,20286,1351186
10996,1284808,20339,1342720
10997,1296716,21354,1357865
10998,1278957,21556,1339975
10999,1286938,21016,1345694
11000,1284383,20365,1342210
11001,1294586,21048,1353522
11002,1397047,22379,1486554
11003,1588802,23043,1682344
11004,1530137,22892,1622805
11005,1569988,21982,1676153
11006,1493527,22386,1586282
11007,1492211,30384,1593354
11008,1499026,21789,1587351
11009,1447750,22194,1533368
11010,1421564,20931,1503921
11011,1388844,26207,1472716
11012,1422213,22742,1503120
11013,1416120,21868,1495284
11014,1401955,21680,1483744
11015,1413454,21937,1493927
11016,1391917,23064,1470147
11017,1609783,20988,1699584
11018,1559414,23244,1655379
11019,1579488,22389,1678727
11020,1483563,24221,1571950
11021,1497194,22884,1589687
11022,1538655,22956,1636795
11023,1533471,22157,1635866
11024,1485212,21654,1573216
11025,1407769,24430,1493642
11026,1438083,22871,1520972
11027,1413269,20850,1492247
11028,1422620,21329,1504040
11029,1403120,24178,1487835
11030,1426065,22824,1510221
11031,1420453,21414,1502533
11032,1423972,21059,1503678
11033,1620968,21278,1718356
11034,1484101,24424,1578413
11035,1589950,22866,1686556
11036,1543248,23567,1639461
11037,1501804,23101,1591293
11038,1570654,26544,1666697
11039,1472805,23559,1563659
11040,1597025,24594,1694246
11041,1433731,21091,1519247
11042,1413306,24032,1500263
11043,1390843,23679,1471391
11044,1421546,23213,1503184
11045,1410380,22914,1491959
11046,1414047,22763,1494160
11047,1383917,23520,1463048
11048,1419305,22888,1501655
11049,1407787,22792,1490708
11050,1628469,22956,1728145
11051,1548099,23472,1646903
11052,1495193,32488,1594754
11053,1475046,23652,1565029
11054,1357437,20871,1426974
11055,1339863,20480,1408619
11056,1316993,23256,1381433
11057,1340252,22327,1407448
11058,1324992,20898,1390779
11059,1317623,20932,1381221
11060,1302937,20355,1363218
11061,1310789,22279,1374864
11062,1311623,20443,1374269
11063,1301771,20829,1362451
11064,1292901,20456,1351838
11065,1296549,22213,1357039
11066,1307697,20377,1368888
11067,1295808,20967,1356774
11068,1290753,20409,1349531
11069,1302660,21091,1364491
11070,1300308,21756,1360452
11071,1298179,21234,1358782
11072,1293679,20120,1352020
11073,1296753,20395,1356425
11074,1291308,21875,1350571
11075,1305030,21168,1365290
11076,1295160,20499,1353121
11077,1294401,20440,1354081
11078,1292604,21178,1352819
11079,1280530,21788,1340577
11080,1301141,20322,1359536
11081,1289179,20060,1348367
11082,1300567,21168,1361660
11083,1285679,21796,1346270
11084,1293030,20274,1350897
11085,1289549,20346,1348042
11086,1304086,21306,1366094
11087,1295289,20451,1354944
11088,1288772,21764,1347664
11089,1289216,20298,1347772
11090,1291049,20221,1349121
11091,1291419,21089,1350396
11092,1296104,22068,1357153
11093,1298919,20436,1360021
11094,1293919,20729,1354611
11095,1292938,21226,1352293
11096,1286809,20261,1344531
11097,1287771,21907,1345807
11098,1315419,20700,1378692
11099,1291715,21031,1351986
11100,1291067,19954,1348854
11101,1279642,21915,1338056
11102,1294419,20283,1353738
11103,1290401,20595,1348976
11104,1289826,20240,1347251
11105,1286234,20311,1344563
11106,1294568,20976,1353728
11107,1295123,20288,1355317
11108,1287864,20378,1347204
11109,1290271,21171,1349219
11110,1284586,21465,1342458
11111,1290771,20240,1348529
11112,1292863,21126,1352026
11113,1286160,20475,1344061
11114,1295716,20158,1354298
11115,1289938,21082,1348778
11116,1290938,21709,1349942
11117,1287661,20113,1345717
11118,1281327,20092,1341362
11119,1288623,21238,1348101
11120,1285160,20217,1342839
11121,1288549,20566,1346521
11122,1289197,20192,1347463
11123,1295567,20560,1354145
11124,1282882,21391,1340847
11125,1288123,21037,1346437
11126,1286734,20219,1345082
11127,1290456,20235,1348653
11128,1285809,21511,1344003
11129,1290383,21193,1348815
11130,1284661,20486,1344127
11131,1288012,20410,1345606
11132,1289086,20981,1347788
11133,1285401,21942,1343990
11134,1288623,20754,1346487
11135,1281993,20140,1339059
11136,1286716,21137,1344408
11137,1282457,21561,1340665
11138,1290438,20410,1348755
11139,1293493,20666,1352789
11140,1293882,21090,1352564
11141,1286383,20402,1344061
11142,1278401,21974,1337522
11143,1285827,20323,1343204
11144,1313048,21357,1375331
11145,1292068,20261,1350180
11146,1288253,21389,1347345
11147,1289678,20312,1346861
11148,1284105,20217,1340839
11149,1296549,20307,1354744
11150,1292012,21119,1351204
11151,1284882,21691,1342721
11152,1284438,20299,1341199
11153,1287845,20185,1344863
11154,1288808,20960,1346971
11155,1283975,22032,1342988
11156,1294882,20752,1353911
11157,1290623,21119,1349964
11158,1286771,20339,1344979
11159,1343992,20225,1404938
11160,1294753,21556,1353974
11161,1303530,21201,1363638
11162,1296753,21365,1356858
11163,1285735,20196,1343485
11164,1281049,21416,1338761
11165,1292623,20932,1352109
11166,1292642,20373,1351014
11167,1320308,20796,1383973
11168,1298216,21460,1358656
11169,1288438,21403,1347488
11170,1292957,20492,1352689
11171,1290271,20360,1348964
11172,1286901,20727,1344294
11173,1292864,21133,1353255
11174,1295326,20167,1354549
11175,1289456,20387,1347027
11176,1287271,20643,1344673
11177,1290623,20103,1346929
11178,1285012,21916,1344057
11179,1290789,20395,1349313
11180,1284623,20318,1343162
11181,1295956,20908,1354845
11182,1290031,22202,1350250
11183,1286271,20366,1343692
11184,1283605,20289,1339541
11185,1289734,20767,1349575
11186,1289697,20135,1349276
11187,1281272,21429,1340404
11188,1286438,20297,1343123
11189,1284938,20720,1344009
11190,1306049,20254,1368061
11191,1285605,21660,1343560
11192,1286845,20249,1343705
11193,1285253,20450,1342036
11194,1283938,20355,1341440
11195,1286364,20241,1343141
11196,1279420,21350,1337510
11197,1284530,20588,1342581
11198,1291956,20215,1350800
11199,1282142,20582,1340279
11200,1283401,21358,1340221
11201,1283808,20207,1341256
11202,1297419,20501,1357882
11203,1293920,20350,1352416
11204,1286845,20643,1344580
11205,1279531,21067,1337616
11206,1292401,21027,1352131
11207,1287179,20321,1344128
11208,1287234,20244,1345088
11209,1281012,21205,1339031
11210,1294641,20980,1354454
11211,1289623,20384,1347322
11212,1290049,20308,1347874
11213,1302790,20638,1363186
11214,1291382,22118,1351314
11215,1287235,20485,1345830
11216,1288105,20482,1345845
11217,1284845,20628,1342509
11218,1282845,22033,1341304
11219,1291512,20290,1349801
11220,1288882,20250,1346816
11221,1286772,20728,1345462
11222,1285253,20448,1344737
11223,1283308,21668,1342642
11224,1288346,20036,1344510
11225,1288809,20885,1348340
11226,1283882,20215,1341263
11227,1288624,22306,1347150
11228,1288123,20247,1344592
11229,1282142,20541,1340274
11230,1281123,20464,1338531
11231,1293364,20387,1351287
11232,1286419,21533,1344489
11233,1287178,19382,1342968
11234,1290642,20324,1348909
11235,1286753,20228,1344592
11236,1278235,21504,1336219
11237,1288123,20909,1347087
11238,1304401,21239,1367250
11239,1298512,20366,1360136
11240,1286661,20919,1345634
11241,1280438,21843,1339706
11242,1291234,20692,1351388
11243,1287604,20282,1345960
11244,1285568,21001,1342198
11245,1276661,21814,1334029
11246,1287234,20700,1345508
11247,1290642,19679,1349708
11248,1303012,21120,1364168
11249,1289567,20451,1348610
11250,1285734,22023,1346608
11251,1289846,20613,1348679
11252,1293400,21110,1352510
11253,1288086,20551,1346470
11254,1286901,24216,1349876
11255,1288012,20287,1345632
11256,1290308,20988,1349351
11257,1283642,21282,1342089
11258,1287716,20297,1345383
11259,1282012,21610,1340751
11260,1291105,21200,1349359
11261,1285641,20457,1343153
11262,1285790,20194,1343243
11263,1288123,22118,1347500
11264,1309401,20375,1367960
11265,1295697,20094,1354531
11266,1287327,20055,1344807
11267,1284771,20089,1341656
11268,1281364,21531,1339987
11269,1284661,20084,1340392
11270,1291123,20618,1350574
11271,1296642,20579,1355793
11272,1290623,21966,1348718
11273,1290086,20315,1349141
11274,1285937,20756,1344342
11275,1285882,20198,1344228
11276,1289771,20251,1346966
11277,1294493,21471,1355093
11278,1290326,21042,1350517
11279,1284549,20354,1342588
11280,1283197,20278,1339789
11281,1285919,21461,1345120
11282,1307105,21236,1369339
11283,1290272,20418,1350448
11284,1289530,20304,1348186
11285,1285383,21079,1345535
11286,1284067,21448,1343348
11287,1289123,20260,1347605
11288,1282382,20257,1339065
11289,1289012,21143,1347432
11290,1280642,21530,1338894
11291,1283715,20491,1341520
11292,1283493,20580,1341684
11293,1292234,20966,1351496
11294,1288197,20482,1347567
11295,1285030,21740,1344084
11296,1288104,20255,1346155
11297,1286549,20938,1345301
11298,1292086,20565,1351094
11299,1283568,21563,1342296
11300,1287568,20412,1346071
11301,1286567,20187,1344383
11302,1292086,21036,1351195
11303,1287438,22996,1347378
11304,1283715,21883,1341913
11305,1303363,21454,1363817
11306,1296789,21211,1357592
11307,1289345,21671,1347886
11308,1283494,21688,1340921
11309,1286586,20426,1343807
11310,1284290,21015,1342267
11311,1282901,21050,1340635
11312,1286382,20251,1343706
11313,1282160,21601,1338575
11314,1286012,20579,1343961
11315,1279697,20928,1336995
11316,1281030,20185,1337474
11317,1278586,21776,1335880
11318,1290456,20458,1349062
11319,1280846,20844,1338522
11320,1286419,20119,1342334
11321,1281716,20246,1339387
11322,1286679,21559,1344737
11323,1290475,20815,1349549
11324,1314530,20479,1374268
11325,1289290,20495,1348099
11326,1291456,21604,1351560
11327,1295456,21194,1355316
11328,1285808,20302,1343758
11329,1289215,20559,1348255
11330,1289327,20741,1348771
11331,1286123,21758,1346639
11332,1285845,20366,1343248
11333,1287531,20197,1345134
11334,1290327,20805,1350205
11335,1289363,22192,1349833
11336,1594246,24782,1687601
11337,1542933,21649,1636822
11338,1499100,21258,1588913
11339,1552230,23773,1646446
11340,1492841,25642,1583482
11341,1513008,22436,1608516
11342,1572654,22914,1669234
11343,1522619,21893,1620306
11344,1491082,33632,1590490
11345,1546711,22592,1640635
11346,1561488,22626,1653354
11347,1528155,22512,1620055
11348,1528378,23454,1624849
11349,1491008,27341,1588662
11350,1540378,25912,1637751
11351,1541692,22039,1635008
11352,1480841,23314,1572284
11353,1507063,28312,1601337
11354,1541155,23106,1638389
11355,1421454,21973,1501963
11356,1357196,20563,1431091
11357,1327623,20542,1392238
11358,1320548,22373,1387254
11359,1321308,21111,1385844
11360,1314049,21275,1379064
11361,1304401,20384,1365672
11362,1298789,21974,1361763
11363,1294771,20435,1353297
11364,1301104,21284,1361961
11365,1294308,20466,1353273
11366,1305586,20241,1366956
11367,1294438,21202,1353584
11368,1302271,21033,1362395
11369,1291882,20363,1351430
11370,1295845,20268,1355853
11371,1292678,21414,1352110
11372,1294012,21430,1353959
11373,1288734,20297,1347253
11374,1301197,20295,1361620
11375,1295234,21199,1355229
11376,1288568,22012,1349357
11377,1294290,20361,1353280
11378,1290938,20414,1350425
11379,1295883,21059,1354256
11380,1285178,22243,1344995
11381,1292160,20481,1350473
11382,1291549,20163,1350359
11383,1283253,21308,1342209
11384,1284420,20602,1341576
11385,1291493,21915,1352093
11386,1291104,20431,1351201
11387,1300049,22706,1362402
11388,1292808,20573,1351047
11389,1285512,21516,1344694
11390,1288494,20439,1348024
11391,1293827,20103,1354781
11392,1293660,20341,1352519
11393,1290975,21153,1350423
11394,1284771,21336,1343625
11395,1288475,20370,1347956
11396,1292382,20664,1350212
11397,1288419,21087,1347154
11398,1285882,20937,1343337
11399,1294031,20416,1352538
11400,1286679,21061,1344850
11401,1286568,20632,1344422
11402,1286957,20278,1343585
11403,1286493,20943,1344287
11404,1294753,21403,1353747
11405,1288178,20844,1346708
11406,1290494,20323,1349686
11407,1284383,21303,1342333
11408,1290679,21189,1349070
11409,1293420,20742,1352308
11410,1293364,21072,1353528
11411,1290605,20569,1349858
11412,1284364,21253,1342764
11413,1289475,20954,1348835
11414,1562785,23136,1657901
11415,1581654,22911,1675231
11416,1443009,30742,1539176
11417,1592895,29258,1695929
11418,1481008,21274,1570170
11419,1571506,24030,1673128
11420,1449916,21398,1532628
11421,1396954,23674,1478016
11422,1424583,21653,1510198
11423,1422805,21668,1503232
11424,1423695,21629,1504433
11425,1383492,25312,1462432
11426,1413491,21439,1492558
11427,1422972,22195,1503148
11428,1420565,23248,1501664
11429,1624005,24504,1726231
11430,1489563,26780,1588991
11431,1583876,24463,1680153
11432,1528174,22719,1621392
11433,1600413,23272,1708573
11434,1446694,25326,1538704
11435,1549229,23786,1655402
11436,1467731,21894,1553031
11437,1442824,21225,1525399
11438,1434009,21944,1516286
11439,1385232,23405,1462692
11440,1413732,21606,1493374
11441,1423380,21974,1505389
11442,1405269,20860,1483313
11443,1395824,23247,1475089
11444,1418139,21837,1499586
11445,1616005,22556,1706801
11446,1565377,26072,1666429
11447,1588876,22347,1685037
11448,1464416,25938,1558019
11449,1510064,22231,1605089
11450,1515230,22191,1610364
11451,1549933,23614,1661657
11452,1440916,24816,1525028
11453,1430528,21406,1510970
11454,1413194,20903,1495134
11455,1441490,21290,1520834
11456,1432213,21879,1514980
11457,1388380,24563,1470109
11458,1421769,20967,1502309
11459,1424565,21002,1506324
11460,1419880,21777,1498618
11461,1387103,25219,1466561
11462,1594765,29624,1706517
11463,1561303,24102,1661774
11464,1523434,23340,1615809
11465,1392065,20745,1467309
11466,1329085,22613,1396068
11467,1358585,21426,1428769
11468,1316400,20682,1378156
11469,1331474,20457,1398004
11470,1319104,23140,1387503
11471,1311290,20638,1372574
11472,1317789,21950,1382071
11473,1317660,20947,1381531
11474,1308216,20814,1368714
11475,1311401,22238,1375545
11476,1304623,21032,1364524
11477,1292197,20474,1350189
11478,1300345,20656,1359426
11479,1289567,21950,1348906
11480,1293160,20725,1350811
11481,1287623,20371,1345660
11482,1301363,20368,1363083
11483,1299142,20810,1359802
11484,1282494,22271,1341338
11485,1293252,20731,1353001
11486,1295327,20469,1353906
11487,1292068,20911,1351755
11488,1283400,21575,1341587
11489,1287827,20202,1346399
11490,1313678,20533,1374581
11491,1291790,21234,1351115
11492,1289734,20231,1347668
11493,1287382,21636,1347537
11494,1301808,20615,1362774
11495,1292864,20983,1351327
11496,1293530,21017,1351824
11497,1285178,21441,1344138
11498,1294160,20549,1353412
11499,1290364,20824,1350317
11500,1287271,20377,1345629
11501,1288790,20449,1348145
11502,1286642,21576,1346550
11503,1288531,20999,1347548
11504,1287512,20367,1344915
11505,1284789,20290,1342746
11506,1285826,21325,1342522
11507,1291716,20360,1350130
11508,1294901,20801,1354109
11509,1282993,20373,1341051
11510,1286771,20592,1345696
11511,1285234,21368,1343305
11512,1305030,20643,1366265
11513,1300308,20251,1362244
11514,1289068,20156,1348186
11515,1292123,21876,1351628
11516,1292086,20799,1351551
11517,1289846,20426,1348400
11518,1293549,20201,1352509
11519,1356492,20921,1419542
11520,1294808,22215,1355671
11521,1289142,20434,1347927
11522,1294605,20728,1354072
11523,1290864,21003,1349403
11524,1282401,21205,1340827
11525,1295864,20869,1355621
11526,1288160,20181,1347173
11527,1293846,20771,1352726
11528,1289512,20212,1347038
11529,1280586,22025,1339629
11530,1285716,20208,1343904
11531,1298975,20427,1359068
11532,1294419,20184,1353084
11533,1280846,22015,1340286
11534,1292475,20123,1352671
11535,1318659,20361,1383946
11536,1315364,20821,1377147
11537,1290531,20671,1350571
11538,1289382,21539,1349402
11539,1295289,20444,1355029
11540,1293586,21348,1353322
11541,1288938,20160,1347746
11542,1283790,22010,1343762
11543,1295771,20545,1355315
11544,1289271,20912,1348071
11545,1289252,20243,1347809
11546,1289400,20444,1347473
11547,1282901,21331,1341138
11548,1290808,21161,1349987
11549,1284624,20251,1343059
11550,1295308,20174,1355074
11551,1282345,21265,1339536
11552,1289827,21003,1348125
11553,1285809,20685,1344882
11554,1288012,20627,1347397
11555,1288049,20402,1346191
11556,1281938,21548,1339615
11557,1301364,20360,1361760
11558,1293604,19913,1352017
11559,1287920,20281,1345773
11560,1292216,21519,1351957
11561,1294327,20572,1353139
11562,1291771,20921,1351210
11563,1288753,20085,1348096
11564,1296456,20527,1355223
11565,1282957,21321,1340499
11566,1291901,20930,1350126
11567,1293845,20242,1351253
11568,1292604,20609,1350972
11569,1289142,21811,1348489
11570,1288049,20975,1347153
11571,1291900,20324,1349076
11572,1282494,20266,1341240
11573,1286587,21133,1345274
11574,1293789,21520,1354031
11575,1290086,20369,1348955
11576,1290012,20311,1346933
11577,1304196,21216,1365652
11578,1291401,22029,1352151
11579,1290586,20211,1348222
11580,1295086,20930,1354756
11581,1295882,20872,1354679
11582,1289216,21073,1348140
11583,1284494,21238,1344027
11584,1289123,20179,1347376
11585,1289123,20251,1347632
11586,1290475,21063,1349833
11587,1281401,21079,1339702
11588,1286826,20336,1343699
11589,1293234,20500,1354011
11590,1291308,20386,1350545
11591,1289938,21050,1350431
11592,1283031,22178,1342096
11593,1284105,20564,1341945
11594,1294068,20505,1353461
11595,1293160,21169,1353773
11596,1281216,22186,1340642
11597,1288012,21979,1348657
11598,1287382,20291,1346321
11599,1286938,21215,1347967
11600,1293031,19990,1352464
11601,1285030,21617,1344610
11602,1294938,20522,1354348
11603,1295086,20945,1355901
11604,1288401,20442,1346750
11605,1277809,21144,1336304
11606,1295474,20697,1355097
11607,1293216,20842,1352502
11608,1290437,20302,1347703
11609,1286401,20115,1343459
11610,1289105,21353,1349291
11611,1290957,21221,1351047
11612,1291679,20163,1349100
11613,1287789,20475,1345356
11614,1281456,21417,1339762
11615,1300641,20914,1360611
11616,1290956,20319,1348904
11617,1293031,20298,1351013
11618,1288327,20054,1345917
11619,1287308,21423,1345360
11620,1293864,20290,1351376
11621,1282512,21269,1340892
11622,1286679,20174,1344389
11623,1282975,21950,1341276
11624,1291382,20428,1349051
11625,1285938,21129,1345770
11626,1294197,20756,1355249
11627,1297734,20328,1359598
11628,1290549,21437,1351115
11629,1293475,21193,1352779
11630,1288271,20135,1347424
11631,1294845,20188,1352866
11632,1287642,21631,1346716
11633,1287197,20998,1345528
11634,1283271,20218,1341359
11635,1283142,20382,1340745
11636,1288697,21027,1346094
11637,1279401,21599,1336740
11638,1290512,20282,1348830
11639,1287827,20390,1346716
11640,1292031,20813,1350676
11641,1282401,21700,1341379
11642,1291938,20327,1350913
11643,1287012,20399,1345614
11644,1294327,20952,1353611
11645,1290364,20393,1348979
11646,1291309,21799,1351792
11647,1290086,20426,1349678
11648,1295142,20756,1355082
11649,1289419,20661,1348635
11650,1285067,21530,1344726
11651,1386880,20675,1462017
11652,1321659,20617,1384424
11653,1312882,21003,1375180
11654,1298845,22167,1360363
11655,1305882,22276,1369139
11656,1306901,20847,1367821
11657,1300827,21160,1361763
11658,1353455,20805,1424463
11659,1319122,22562,1386128
11660,1321827,21189,1384959
11661,1309382,21761,1372864
11662,1300734,20351,1360528
11663,1292068,20292,1352137
11664,1290160,21253,1349005
11665,1326252,21028,1387483
11666,1300493,20415,1360870
11667,1290772,20208,1348590
11668,1290068,21725,1348218
11669,1289938,20759,1348826
11670,1295493,21423,1355453
11671,1287308,20198,1345672
11672,1305956,20936,1366966
11673,1291586,21342,1350909
11674,1303937,20339,1364220
11675,1294975,20188,1355236
11676,1298105,20371,1357400
11677,1299586,21554,1359769
11678,1293734,20274,1353414
11679,1293531,20771,1353523
11680,1294568,20250,1352687
11681,1290752,20432,1349240
11682,1281623,21023,1340349
11683,1290160,20650,1348309
11684,1291975,20258,1350825
11685,1292086,20978,1351341
11686,1287400,21865,1347580
11687,1326641,20232,1392502
11688,1302623,20304,1366166
11689,1305994,21171,1366978
11690,1295679,20446,1356124
11691,1285327,21426,1344104
11692,1293660,20108,1353045
11693,1301271,21235,1361265
11694,1296901,20418,1356336
11695,1288049,20194,1346668
11696,1299271,20339,1358276
11697,1299438,20966,1359218
11698,1293845,20463,1352308
11699,1286586,20498,1344805
11700,1282438,21348,1339785
11701,1295827,20938,1355523
11702,1288919,20713,1347631
11703,1295289,21395,1355054
11704,1287104,21875,1345349
11705,1287216,20483,1344920
11706,1285863,20388,1343936
11707,1287141,21181,1344896
11708,1287734,20030,1345153
11709,1279679,21288,1336707
11710,1290197,20600,1349185
11711,1287864,21060,1346720
11712,1283383,20298,1340699
11713,1280253,21074,1336975
11714,1286031,20812,1344786
11715,1461119,22569,1547835
11716,1564247,23992,1659034
11717,1497638,23137,1593755
11718,1473453,27191,1572013
11719,1541192,22781,1636564
11720,1501471,22556,1594303
11721,1585414,22201,1679280
11722,1479360,25551,1576540
11723,1555618,22289,1649221
11724,1523137,22287,1616552
11725,1571414,22691,1671011
11726,1546896,22429,1640028
11727,1454749,28946,1550250
11728,1527840,24629,1623746
11729,1541636,24496,1644242
11730,1559359,21975,1652443
11731,1478212,31436,1577554
11732,1494878,22545,1583607
11733,1563099,21838,1659140
11734,1451194,22187,1540176
11735,1366510,20481,1437842
11736,1322049,22386,1388045
11737,1323974,20995,1387487
11738,1347066,21511,1417669
11739,1322919,20063,1385592
11740,1316049,22636,1379683
11741,1330678,20633,1395791
11742,1318030,20797,1383289
11743,1334529,21961,1399860
11744,1310012,20458,1370302
11745,1290475,21845,1351301
11746,1304641,20454,1366594
11747,1296771,20858,1357129
11748,1292753,20281,1350830
11749,1288475,21465,1346995
11750,1288475,20832,1347196
11751,1299253,21089,1358026
11752,1288753,20457,1347579
11753,1292771,20250,1351632
11754,1288494,21711,1348686
11755,1305642,20505,1366645
11756,1290957,20873,1350680
11757,1295104,20796,1357177
11758,1284938,21535,1344824
11759,1297605,20402,1357580
11760,1296012,20548,1354151
11761,1295457,20378,1354963
11762,1290086,20264,1349516
11763,1294863,21540,1355200
11764,1288104,20353,1346345
11765,1296049,20924,1355842
11766,1285827,20310,1345766
11767,1283772,24012,1346468
11768,1283401,20287,1340113
11769,1291346,20747,1350592
11770,1288549,20393,1348237
11771,1288308,20057,1346235
11772,1285956,21444,1342677
11773,1287271,20552,1345971
11774,1284938,20234,1342968
11775,1292975,20639,1351984
11776,1314437,21656,1374167
11777,1299660,20801,1359423
11778,1293049,20502,1352958
11779,1289179,20444,1346677
11780,1301605,20201,1359286
11781,1287734,21551,1346691
11782,1289142,20344,1347466
11783,1308289,21008,1370278
11784,1294641,20524,1352628
11785,1281161,22318,1341033
11786,1293901,20593,1354030
11787,1288753,20776,1348750
11788,1294086,20347,1352099
11789,1289605,20270,1348893
11790,1286919,21194,1346261
11791,1291438,20821,1351240
11792,1301549,21059,1363885
11793,1294123,20353,1351790
11794,1283105,21573,1341511
11795,1289790,20552,1348008
11796,1289401,20383,1346579
11797,1291901,20343,1350484
11798,1281734,20785,1340407
11799,1281587,21635,1338924
11800,1299586,20465,1359087
11801,1290215,20370,1348640
11802,1288771,20589,1347990
11803,1288512,21495,1348877
11804,1293512,20548,1350615
11805,1289215,20897,1347982
11806,1293179,20894,1353572
11807,1286568,20225,1345773
11808,1287327,21482,1346401
11809,1298420,20998,1360287
11810,1290345,20218,1349025
11811,1294938,20215,1354726
11812,1302882,21491,1364243
11813,1295197,20340,1353833
11814,1291253,20189,1348478
11815,1294345,20723,1354549
11816,1293789,20628,1352158
11817,1288753,21126,1347601
11818,1294845,20938,1354653
11819,1289012,20232,1347836
11820,1292845,20248,1350389
11821,1288605,21487,1346702
11822,1295549,20558,1354958
11823,1294456,20389,1354696
11824,1292105,20312,1351453
11825,1508489,22716,1600815
11826,1500415,25011,1601147
11827,1552063,23916,1648403
11828,1521859,22857,1616512
11829,1513193,24540,1608916
11830,1467046,29353,1561064
11831,1557322,24443,1658115
11832,1436768,23625,1523855
11833,1422620,24567,1511260
11834,1427472,22379,1511517
11835,1398843,23377,1478738
11836,1428546,22967,1511623
11837,1415547,23112,1497602
11838,1426232,23499,1511284
11839,1392269,27108,1475617
11840,1410232,23327,1490428
11841,1619487,24695,1721977
11842,1566340,25655,1666253
11843,1556729,22245,1648454
11844,1493064,27447,1586750
11845,1552322,22333,1648505
11846,1494674,22775,1589004
11847,1592007,24050,1690480
11848,1388788,24826,1473372
11849,1455175,22471,1540553
11850,1426676,22154,1511199
11851,1423991,21984,1504770
11852,1420769,21593,1500545
11853,1376973,24702,1460137
11854,1417435,21588,1498745
11855,1418879,22493,1502538
11856,1411325,21453,1488443
11857,1567637,24822,1663512
11858,1565617,22800,1663583
11859,1579988,24538,1687654
11860,1544989,24406,1640745
11861,1547266,22737,1648964
11862,1511915,26735,1603500
11863,1509175,23565,1602701
11864,1536081,23155,1631309
11865,1438861,23875,1523549
11866,1391121,23225,1474771
11867,1425232,23296,1509545
11868,1429342,22830,1511987
11869,1421194,22754,1503392
11870,1402861,22918,1484593
11871,1387565,26786,1468740
11872,1412676,22950,1492181
11873,1406584,24262,1489900
11874,1603450,40852,1723838
11875,1490082,24202,1582357
11876,1558284,22718,1652260
11877,1460471,21678,1545815
11878,1336085,21120,1404593
11879,1403047,22062,1476959
11880,1326252,22856,1391385
11881,1365121,21631,1437585
11882,1342326,20369,1413268
11883,1319400,21385,1386358
11884,1331215,22476,1396338
11885,1326955,20436,1392632
11886,1311197,20341,1372833
11887,1309790,21134,1371515
11888,1300030,20465,1360180
11889,1290586,21611,1349752
11890,1300753,20423,1362212
11891,1295530,21198,1356302
11892,1292401,20325,1350614
11893,1291604,21731,1351705
11894,1300531,20839,1360239
11895,1295734,20910,1353940
11896,1296438,21648,1356789
11897,1301623,20461,1363953
11898,1292327,21662,1353563
11899,1297419,21049,1358578
11900,1295049,20435,1354464
11901,1289716,20469,1349425
11902,1291271,21578,1351553
11903,1291086,21094,1349920
11904,1304363,20666,1364991
11905,1294086,20459,1354563
11906,1294383,20401,1354634
11907,1287364,22047,1346484
11908,1295105,20359,1353963
11909,1284327,20357,1342553
11910,1290457,20150,1349846
11911,1292067,22222,1352826
11912,1291031,21127,1350249
11913,1291253,20254,1350635
11914,1283364,20288,1341429
11915,1294530,21026,1354148
11916,1285790,21524,1344776
11917,1289808,20688,1347977
11918,1289512,20167,1348012
11919,1293234,21146,1353750
11920,1280604,21663,1339878
11921,1292586,24530,1355801
11922,1291771,20379,1350983
11923,1290438,19914,1349684
11924,1287586,20892,1346237
11925,1283901,21631,1342420
11926,1288493,20925,1348473
11927,1298975,20793,1359378
11928,1295938,21160,1355116
11929,1283124,22195,1342429
11930,1288734,20174,1346834
11931,1291123,20171,1349127
11932,1295808,21465,1355143
11933,1291901,20222,1350048
11934,1285030,21572,1345398
11935,1289104,20291,1347136
11936,1296753,21251,1355244
11937,1285179,20304,1343075
11938,1285475,21673,1344851
11939,1288067,20244,1345996
11940,1289753,20371,1347567
11941,1289049,20165,1346694
11942,1300049,21477,1363173
11943,1284772,21271,1342894
11944,1292067,20342,1350280
11945,1289420,20729,1348036
11946,1285604,20393,1344404
11947,1284957,21039,1342161
11948,1288846,20499,1346770
11949,1291845,20293,1350859
11950,1289475,20364,1348857
11951,1283494,20287,1340947
11952,1281419,21637,1339334
11953,1287290,20597,1345868
11954,1291993,20984,1350754
11955,1287641,20296,1345863
11956,1278161,21368,1334731
11957,1300511,20402,1359580
11958,1293864,21400,1354244
11959,1288234,20341,1347167
11960,1286068,20524,1343979
11961,1282438,21429,1339978
11962,1288808,20445,1346660
11963,1293938,20461,1353194
11964,1288864,20254,1347266
11965,1288864,21123,1349690
11966,1286493,20231,1345132
11967,1285845,21210,1345092
11968,1291438,20633,1350533
11969,1290863,20427,1350734
11970,1303068,21888,1363418
11971,1296178,21237,1356526
11972,1287123,20383,1345209
11973,1300994,20380,1361613
11974,1293716,22119,1354093
11975,1291994,20912,1350868
11976,1284827,20169,1341902
11977,1292882,20518,1353603
11978,1292494,20775,1352934
11979,1279753,22088,1339525
11980,1291901,20103,1349189
11981,1284531,20193,1341408
11982,1332807,22042,1400756
11983,1302345,22337,1365496
11984,1317067,21223,1381086
11985,1304493,20183,1365861
11986,1300567,21421,1361821
11987,1292623,20456,1351263
11988,1285549,21139,1342688
11989,1290290,20211,1348981
11990,1289086,20245,1348756
11991,1295567,20409,1354865
11992,1287216,21333,1346233
11993,1290938,20256,1349694
11994,1289216,20198,1348358
11995,1310419,20547,1371891
11996,1311178,21248,1373296
11997,1285957,21765,1347054
11998,1310345,20596,1371162
11999,1292512,20260,1350604
12000,1287993,21053,1345898
12001,1283401,22311,1342989
12002,1304141,20234,1364060
12003,1291586,20231,1349909
12004,1286604,20840,1345647
12005,1283457,20282,1342256
12006,1310530,21761,1370235
12007,1304715,20222,1365233
12008,1297345,20219,1356823
12009,1296068,20439,1355709
12010,1285938,21233,1344393
12011,1294253,20286,1354779
12012,1287438,20413,1344461
12013,1285123,20410,1341662
12014,1283827,20408,1342160
12015,1285419,21202,1343843
12016,1288327,20477,1345674
12017,1279790,20882,1338634
12018,1286420,20546,1344631
12019,1298975,21711,1360018
12020,1396065,22023,1473273
12021,1317789,20668,1382327
12022,1298179,20332,1359010
12023,1307660,21256,1371637
12024,1298957,22495,1362135
12025,1294161,20381,1354022
12026,1293975,20341,1353926
12027,1307901,21116,1371553
12028,1297123,21429,1358126
12029,1298864,20427,1358771
12030,1293475,20294,1353157
12031,1299642,20903,1361229
12032,1296882,20307,1355319
12033,1289771,21528,1349910
12034,1292235,20322,1351888
12035,1297808,20337,1356441
12036,1294160,20168,1352698
12037,1283697,21888,1342492
12038,1295142,20330,1355008
12039,1289882,20254,1348413
12040,1287753,20232,1346262
12041,1298993,20767,1359722
12042,1297419,21302,1358702
12043,1299623,20410,1360440
12044,1305122,20648,1365789
12045,1293568,20442,1351953
12046,1287290,21792,1347600
12047,1303808,20845,1366226
12048,1293901,21102,1352613
12049,1294586,20155,1353462
12050,1293938,20356,1353959
12051,1287494,21594,1346958
12052,1288549,20888,1346233
12053,1289752,20348,1348286
12054,1286938,20290,1346413
12055,1294234,21918,1354651
12056,1322085,21341,1386519
12057,1304622,21061,1364887
12058,1295531,20373,1355532
12059,1296956,21037,1357196
12060,1288141,21776,1347454
12061,1297030,20366,1355692
12062,1291031,20382,1350726
12063,1286142,20620,1343316
12064,1293827,21692,1351814
12065,1290493,20764,1349627
12066,1290512,20390,1348754
12067,1296271,20925,1357732
12068,1297067,20330,1356230
12069,1281697,22124,1340950
12070,1287752,20455,1347688
12071,1286567,20452,1345834
12072,1291883,20523,1348646
12073,1280660,21725,1339366
12074,1287900,20278,1345919
12075,1283531,20165,1340657
12076,1298864,20866,1358803
12077,1292697,20437,1351078
12078,1282271,21454,1342021
12079,1290531,20358,1349222
12080,1292420,21226,1351719
12081,1288919,20335,1347420
12082,1283087,21666,1342215
12083,1282049,20441,1340119
12084,1298938,21124,1358135
12085,1290049,19936,1348466
12086,1285457,20470,1343908
12087,1282604,21339,1341572
12088,1311808,20984,1375310
12089,1300215,21037,1360048
12090,1293697,20849,1354101
12091,1288309,21699,1347359
12092,1294308,20104,1352301
12093,1305253,20990,1368983
12094,1427713,20988,1512607
12095,1554488,24170,1648546
12096,1483157,34224,1591119
12097,1525656,23184,1621024
12098,1564265,21848,1658891
12099,1528489,22364,1623129
12100,1450879,24807,1541722
12101,1566377,22674,1661143
12102,1523211,21690,1619382
12103,1545359,23706,1639897
12104,1565340,23796,1663098
12105,1493749,30757,1589616
12106,1537415,24421,1636205
12107,1534007,21696,1624684
12108,1526544,22064,1620663
12109,1496748,25914,1591921
12110,1574043,23300,1669787
12111,1511285,22390,1604267
12112,1573785,23739,1669504
12113,1529508,22089,1623243
12114,1400140,29902,1487281
12115,1344585,21047,1411724
12116,1349177,20785,1418610
12117,1324660,20320,1388386
12118,1311308,21799,1375458
12119,1341289,21111,1407714
12120,1311641,21146,1375434
12121,1310512,20773,1371469
12122,1334844,20603,1407243
12123,1325771,22731,1394149
12124,1303234,20321,1362999
12125,1300289,20356,1360718
12126,1306474,21371,1371345
12127,1298031,21814,1358936
12128,1296141,20237,1355156
12129,1293326,20216,1353690
12130,1314345,20732,1377502
12131,1315253,20489,1377555
12132,1292530,21394,1351739
12133,1289290,20355,1347551
12134,1298956,20926,1360844
12135,1295438,20349,1354175
12136,1294067,21662,1353488
12137,1296086,20660,1354948
12138,1296679,20157,1355501
12139,1294789,20488,1353832
12140,1290105,20374,1348737
12141,1285993,21298,1345476
12142,1304974,20388,1365195
12143,1294161,20367,1354970
12144,1293197,20216,1353449
12145,1287512,21455,1346670
12146,1308604,20952,1369759
12147,1286938,20394,1344979
12148,1289549,20317,1345643
12149,1282642,20148,1340659
12150,1290771,21442,1350731
12151,1296457,20180,1354173
12152,1293289,20455,1350707
12153,1284642,20545,1341686
12154,1283420,21062,1340851
12155,1302882,20448,1363996
12156,1287364,20112,1345587
12157,1289234,20536,1349195
12158,1291178,20144,1349970
12159,1286179,21420,1346413
12160,1289994,20788,1347410
12161,1286049,20507,1344945
12162,1291197,20171,1349183
12163,1292567,21429,1353903
12164,1290679,20296,1349900
12165,1286198,22664,1346657
12166,1291401,21124,1351339
12167,1294290,20918,1352152
12168,1282031,21435,1340354
12169,1290234,20951,1349721
12170,1283661,20189,1341015
12171,1286049,20186,1343438
12172,1290549,21555,1348973
12173,1294994,21033,1354971
12174,1285049,20123,1342727
12175,1288549,20639,1346947
12176,1283920,21025,1341185
12177,1279308,21838,1337813
12178,1288956,20540,1347810
12179,1285772,20333,1343622
12180,1297827,21127,1356656
12181,1288030,21847,1347025
12182,1290327,20733,1351708
12183,1287568,20342,1345427
12184,1290605,20358,1348054
12185,1287438,20151,1345126
12186,1277957,21020,1337883
12187,1290623,20554,1349714
12188,1289234,20348,1346378
12189,1289420,20475,1348727
12190,1280864,21232,1338651
12191,1295123,20285,1354593
12192,1290067,20338,1347368
12193,1285438,20243,1343662
12194,1285142,20203,1343400
12195,1295160,20924,1353787
12196,1287104,20495,1343821
12197,1290197,20326,1349615
12198,1288049,20342,1346557
12199,1287031,20803,1345407
12200,1284864,20078,1342293
12201,1297457,20594,1356549
12202,1287530,20276,1345788
12203,1296030,20403,1357859
12204,1292827,21790,1351764
12205,1291604,20454,1350706
12206,1287512,20248,1346833
12207,1289772,20412,1348349
12208,1280957,21243,1338773
12209,1284697,20315,1341956
12210,1288845,20812,1346805
12211,1282920,20198,1339265
12212,1285789,20307,1343800
12213,1287420,21379,1345557
12214,1288956,20599,1348277
12215,1291920,20540,1351941
12216,1289641,21001,1348401
12217,1279290,21462,1338103
12218,1285901,20200,1344674
12219,1283272,20271,1343301
12220,1288178,21269,1346317
12221,1294474,20933,1356333
12222,1287178,21394,1346590
12223,1292401,20428,1352032
12224,1296808,20074,1355344
12225,1286308,20497,1344397
12226,1284142,21477,1343266
12227,1294178,20567,1354633
12228,1291901,20342,1350223
12229,1287253,20135,1345091
12230,1286642,20281,1346718
12231,1283049,21131,1340346
12232,1291030,20147,1348658
12233,1283179,20311,1341711
12234,1283845,20308,1341468
12235,1277383,21288,1335133
12236,1294308,20285,1352630
12237,1308957,20208,1380515
12238,1566025,24539,1662100
12239,1613043,22573,1709818
12240,1452268,27571,1541412
12241,1574877,25550,1673204
12242,1474027,21992,1568092
12243,1538544,23360,1633977
12244,1402102,22766,1486033
12245,1424620,21226,1506104
12246,1427731,22056,1508805
12247,1422065,22609,1502229
12248,1413287,21866,1495893
12249,1392047,24790,1477484
12250,1438176,21732,1520962
12251,1424713,21100,1505960
12252,1409065,20504,1486828
12253,1610543,73076,1758950
12254,1555303,22759,1652431
12255,1574229,22738,1666891
12256,1537100,23587,1632000
12257,1601117,23936,1697256
12258,1432176,25434,1520498
12259,1566395,22376,1671900
12260,1475768,21207,1561159
12261,1446472,21704,1531175
12262,1398047,24091,1479526
12263,1420083,22218,1499042
12264,1414195,21808,1493298
12265,1419195,22269,1499536
12266,1415269,21636,1494219
12267,1391455,25431,1473051
12268,1426750,24002,1507621
12269,1650691,22925,1742725
12270,1545785,21793,1643262
12271,1504953,25810,1601501
12272,1532803,22085,1622813
12273,1488582,22545,1581904
12274,1526637,22765,1623919
12275,1549322,22207,1651434
12276,1466564,34649,1564619
12277,1478842,21887,1563283
12278,1413158,21422,1493875
12279,1413510,22863,1495279
12280,1386621,23436,1465815
12281,1421065,22063,1501830
12282,1416713,21116,1496920
12283,1426287,21576,1509677
12284,1430158,22425,1510581
12285,1384066,24312,1464692
12286,1603894,24032,1704795
12287,1601802,22177,1693867
12288,1506175,22119,1596588
12289,1390881,23580,1466404
12290,1344937,21115,1412569
12291,1309215,20445,1370586
12292,1336900,21017,1402934
12293,1319493,21125,1381969
12294,1307308,21586,1371264
12295,1319641,20491,1382742
12296,1321844,21229,1385832
12297,1307715,20949,1369015
12298,1291827,21706,1352125
12299,1304826,20703,1365529
12300,1292604,20516,1351768
12301,1297568,20476,1356228
12302,1301808,21269,1362429
12303,1288530,22027,1348446
12304,1291327,20395,1350276
12305,1287826,20114,1345996
12306,1291772,21130,1352604
12307,1290994,22128,1351343
12308,1298252,20237,1357377
12309,1293568,20234,1351893
12310,1296586,21176,1356520
12311,1286827,21173,1345277
12312,1282679,21542,1341053
12313,1291531,20354,1351939
12314,1293308,20962,1353955
12315,1295086,20941,1355008
12316,1285272,21421,1344969
12317,1284753,20455,1343152
12318,1288049,20453,1346334
12319,1291567,21172,1351702
12320,1291882,20336,1350810
12321,1277327,21816,1335420
12322,1292604,20869,1352954
12323,1284938,20977,1343081
12324,1285679,20900,1343412
12325,1285790,21658,1345391
12326,1285382,20303,1343537
12327,1291901,21115,1353219
12328,1286456,20002,1344717
12329,1287123,20499,1344992
12330,1288994,21479,1348175
12331,1298715,21124,1358395
12332,1287753,20584,1345374
12333,1288401,20378,1345964
12334,1279698,21543,1337406
12335,1294512,20744,1353792
12336,1298753,20427,1359419
12337,1296789,20350,1354842
12338,1297771,20180,1357117
12339,1293530,21901,1355375
12340,1287383,20491,1345854
12341,1287086,20322,1345611
12342,1288641,20893,1348367
12343,1307734,22521,1370883
12344,1296586,20426,1354844
12345,1301790,20719,1362675
12346,1293698,20365,1354209
12347,1297420,20233,1356929
12348,1329104,21453,1390667
12349,1301437,21080,1363184
12350,1291419,20466,1349903
12351,1300364,20519,1358604
12352,1290197,21517,1350510
12353,1281753,21182,1341637
12354,1293030,20253,1353357
12355,1294068,20176,1352891
12356,1291641,20989,1348741
12357,1281697,21709,1340554
12358,1298549,20262,1356884
12359,1286123,20222,1343900
12360,1285660,20868,1343250
12361,1279846,21755,1337748
12362,1287345,20382,1344060
12363,1286234,20213,1344798
12364,1286160,20914,1343814
12365,1395343,20856,1471957
12366,1309882,22039,1373994
12367,1378158,20944,1450694
12368,1311863,21163,1374600
12369,1301030,20420,1360783
12370,1295160,21548,1354948
12371,1291586,20342,1350853
12372,1305104,21154,1367109
12373,1300938,21170,1360977
12374,1293808,20519,1353827
12375,1289623,21869,1349232
12376,1296105,20367,1355952
12377,1293642,21086,1354542
12378,1291586,20047,1351373
12379,1283809,21415,1343019
12380,1296197,20487,1354924
12381,1289309,21114,1347384
12382,1288957,20352,1347085
12383,1289901,20442,1348342
12384,1287901,21736,1346822
12385,1294808,21030,1356467
12386,1294271,20416,1353761
12387,1286438,20284,1345647
12388,1360807,25875,1437921
12389,1315216,21076,1379883
12390,1297919,20370,1358362
12391,1296919,20200,1357063
12392,1298197,20531,1357913
12393,1289252,21677,1349078
12394,1294530,20582,1353760
12395,1286734,20672,1346295
12396,1298734,20984,1358718
12397,1294956,22575,1355938
12398,1289901,20425,1349102
12399,1284957,20366,1342600
12400,1290623,20308,1348505
12401,1289697,20528,1348039
12402,1284901,21248,1343556
12403,1295493,20338,1353627
12404,1289401,20150,1347125
12405,1298363,20296,1356696
12406,1285012,21202,1343065
12407,1290068,20199,1348729
12408,1286327,20252,1343893
12409,1300937,20490,1361705
12410,1297234,21117,1356776
12411,1302289,22004,1365737
12412,1294031,20039,1353754
12413,1294252,20258,1353010
12414,1293882,21070,1354693
12415,1290345,21809,1351691
12416,1292845,20196,1351614
12417,1295864,20545,1356019
12418,1292846,21024,1353535
12419,1290994,20188,1349533
12420,1285105,21982,1344698
12421,1295827,20350,1353917
12422,1288994,20996,1347489
12423,1289420,20234,1347079
12424,1281549,21399,1340021
12425,1290308,20767,1349389
12426,1288938,21245,1347035
12427,1282660,20298,1340180
12428,1287975,20462,1345103
12429,1281494,21831,1340528
12430,1284735,21106,1343506
12431,1290715,20307,1349578
12432,1289105,20305,1346131
12433,1284309,21581,1341851
12434,1289456,20393,1348645
12435,1284697,20964,1342624
12436,1286845,21628,1347066
12437,1298457,20774,1359674
12438,1286123,21883,1345580
12439,1289531,21103,1347707
12440,1296382,21008,1356093
12441,1287919,20376,1346572
12442,1281198,21707,1339719
12443,1293197,20760,1351845
12444,1287642,20850,1345102
12445,1284290,20403,1342100
12446,1288827,20511,1347449
12447,1286401,21621,1345632
12448,1286105,20803,1343426
12449,1290512,20245,1348812
12450,1282734,20669,1341736
12451,1278346,21574,1337326
12452,1284013,20812,1342120
12453,1284308,20384,1343099
12454,1281493,20177,1340244
12455,1286790,20916,1346445
12456,1286272,21932,1344925
12457,1323937,20319,1390051
12458,1298494,20353,1358753
12459,1295030,20610,1352936
12460,1291938,22015,1350675
12461,1288605,23124,1349098
12462,1282771,20232,1341836
12463,1286382,20711,1344815
12464,1287382,20264,1344794
12465,1282012,21744,1341033
12466,1285568,20556,1344642
12467,1287605,20794,1347398
12468,1291030,19236,1347877
12469,1280938,21438,1339746
12470,1282160,20287,1340984
12471,1281216,20729,1339185
12472,1295475,20338,1354145
12473,1286734,20224,1345013
12474,1354844,21889,1434991
12475,1572710,24053,1672447
12476,1534007,24439,1629797
12477,1525971,23029,1618906
12478,1476120,23324,1565609
12479,1514360,22562,1607605
12480,1553155,22930,1652565
12481,1533711,22723,1629433
12482,1529934,24239,1629115
12483,1471508,26830,1563726
12484,1560507,25568,1656740
12485,1547118,22325,1641312
12486,1552359,23841,1649402
12487,1531878,24283,1623900
12488,1503933,22096,1592843
12489,1557470,23685,1653321
12490,1534285,24775,1629911
12491,1486545,23532,1580835
12492,1515693,26364,1620833
12493,1544174,24657,1640182
12494,1418398,22470,1501015
12495,1340826,20541,1407125
12496,1318715,22817,1383217
12497,1309437,20722,1371159
12498,1356418,20960,1426711
12499,1309919,20235,1373302
12500,1319900,20547,1383891
12501,1328085,21990,1390908
12502,1320327,20525,1384961
12503,1307493,21318,1369385
12504,1317733,20445,1380049
12505,1298956,22277,1359603
12506,1297068,20089,1355674
12507,1291846,20161,1349727
12508,1292994,20065,1351095
12509,1291364,20248,1350037
12510,1293160,21339,1352943
12511,1287513,20206,1344366
12512,1301493,20908,1360270
12513,1296309,20368,1356509
12514,1289123,21644,1348303
12515,1294826,20438,1353578
12516,1296920,20991,1355761
12517,1297901,20303,1358814
12518,1290401,20319,1350423
12519,1293289,21206,1352458
12520,1292883,20944,1350677
12521,1291623,20330,1350101
12522,1294679,20179,1354339
12523,1286863,21752,1344967
12524,1298604,21045,1356594
12525,1292698,20024,1350258
12526,1295253,20411,1352607
12527,1292808,20630,1353141
12528,1295586,21258,1354658
12529,1289142,20256,1348415
12530,1292975,20142,1351042
12531,1284993,20991,1343151
12532,1287327,21008,1345686
12533,1290142,20857,1349294
12534,1285419,20262,1343144
12535,1284976,20778,1343141
12536,1299067,20627,1358490
12537,1287809,21736,1347044
12538,1289364,20252,1348430
12539,1286012,20287,1344335
12540,1283383,20025,1340870
12541,1284716,21930,1342905
12542,1291068,20483,1351439
12543,1281494,20592,1339307
12544,1293901,20774,1352897
12545,1289235,20309,1348042
12546,1280253,21289,1340374
12547,1283475,20342,1341520
12548,1294716,20987,1353424
12549,1330622,23355,1401587
12550,1295123,22223,1356920
12551,1293846,20406,1354084
12552,1316271,20718,1376599
12553,1298234,21068,1358893
12554,1290882,20435,1350224
12555,1308048,21674,1367963
12556,1304493,20820,1363497
12557,1295327,21002,1353606
12558,1293846,20333,1353104
12559,1285901,21387,1345195
12560,1284401,20403,1341544
12561,1290975,20937,1350448
12562,1289086,20101,1347242
12563,1285290,20525,1343240
12564,1283383,21801,1341849
12565,1295309,20891,1354624
12566,1288771,20610,1347177
12567,1286401,20330,1345267
12568,1292345,21513,1350099
12569,1288512,20974,1347411
12570,1287420,20267,1344927
12571,1282919,20209,1340128
12572,1303937,20688,1364606
12573,1289864,21723,1350901
12574,1286586,20610,1345232
12575,1288031,20422,1345896
12576,1285920,20586,1343560
12577,1289420,21658,1350058
12578,1290438,20174,1349815
12579,1297790,20783,1358368
12580,1286271,20502,1345328
12581,1289438,20092,1347696
12582,1283549,21776,1342657
12583,1288493,20403,1346988
12584,1286493,20548,1344800
12585,1297716,20397,1358390
12586,1287809,21507,1346685
12587,1288197,20541,1346553
12588,1288531,20594,1346439
12589,1290864,20092,1349418
12590,1289456,20404,1348656
12591,1282827,21106,1341728
12592,1286197,20344,1344133
12593,1287715,20267,1345797
12594,1286901,20264,1345887
12595,1283734,21615,1342330
12596,1294364,20260,1353327
12597,1295678,20128,1355824
12598,1293586,21162,1352359
12599,1351900,20067,1412892
12600,1289401,22121,1349947
12601,1292216,20285,1350833
12602,1301549,21042,1362256
12603,1288679,20169,1346810
12604,1281494,21241,1339567
12605,1292105,20349,1351101
12606,1288993,21180,1348117
12607,1286345,20159,1343596
12608,1291161,20712,1350297
12609,1282605,21377,1341092
12610,1287160,20541,1346200
12611,1281734,20224,1338865
12612,1287660,20295,1345455
12613,1278049,21590,1336008
12614,1299105,20642,1361042
12615,1287809,20362,1346799
12616,1286771,20489,1344167
12617,1291771,20412,1350794
12618,1319234,22411,1388032
12619,1320660,21371,1385845
12620,1297401,20942,1358620
12621,1297253,20181,1357784
12622,1294938,21531,1355931
12623,1293345,20954,1353928
12624,1291197,20248,1350778
12625,1289660,20356,1348738
12626,1293975,20965,1353957
12627,1283235,22259,1343882
12628,1286382,20627,1345138
12629,1292346,20199,1352376
12630,1297919,21011,1358263
12631,1287012,21898,1346983
12632,1288309,20340,1346888
12633,1295308,20633,1356441
12634,1286938,20631,1346531
12635,1290252,20017,1347936
12636,1282845,21793,1341286
12637,1291086,20420,1348709
12638,1290734,20566,1350521
12639,1291160,20544,1349463
12640,1285105,21376,1342147
12641,1299216,20410,1360181
12642,1295364,20575,1357363
12643,1292216,20479,1351287
12644,1286715,21977,1347136
12645,1285790,21568,1344135
12646,1287716,20343,1346373
12647,1290179,20266,1348851
12648,1289975,20930,1347627
12649,1461805,22928,1548399
12650,1603247,24407,1701282
12651,1520897,23016,1616614
12652,1565192,25032,1673833
12653,1499711,22510,1590499
12654,1475805,31083,1579645
12655,1534730,22802,1628956
12656,1423102,22281,1506808
12657,1414843,23427,1499657
12658,1398380,23684,1479304
12659,1412658,22756,1493024
12660,1417306,22957,1496947
12661,1414102,23417,1496315
12662,1409473,22285,1492127
12663,1384491,24098,1463922
12664,1414732,23058,1495122
12665,1612154,26833,1720338
12666,1569932,23294,1666910
12667,1488878,27940,1587299
12668,1520600,23030,1614666
12669,1595506,21639,1689310
12670,1481823,22081,1571402
12671,1588821,23022,1686046
12672,1381306,30891,1469696
12673,1447324,21703,1530656
12674,1428843,21441,1512783
12675,1412677,21754,1493114
12676,1384862,24604,1461168
12677,1419991,21231,1498739
12678,1404992,22061,1485848
12679,1413324,21466,1494030
12680,1409325,20908,1487120
12681,1616672,25721,1711337
12682,1562840,22385,1657057
12683,1579599,23920,1679850
12684,1530248,22843,1625553
12685,1464249,25526,1556811
12686,1516730,22783,1617826
12687,1561729,22188,1668582
12688,1479027,22000,1566600
12689,1480286,21386,1565838
12690,1394621,25588,1481486
12691,1426972,21252,1508798
12692,1413028,21046,1494314
12693,1420139,21414,1501533
12694,1376677,24338,1455847
12695,1415788,21428,1497029
12696,1418972,20944,1499304
12697,1665412,22312,1757074
12698,1557118,22198,1658722
12699,1506397,28177,1603073
12700,1489379,23249,1581719
12701,1376306,20617,1452811
12702,1332549,20392,1400050
12703,1302197,21946,1363975
12704,1328512,20665,1394102
12705,1314641,20144,1376470
12706,1321011,20771,1384745
12707,1315475,21010,1378520
12708,1301160,21304,1362630
12709,1313512,20246,1376238
12710,1312493,21151,1375440
12711,1300253,20500,1360363
12712,1284568,21647,1342529
12713,1297604,20440,1355970
12714,1294215,20975,1354097
12715,1291642,20306,1350947
12716,1296253,20303,1354796
12717,1282401,21413,1340813
12718,1296197,20984,1358236
12719,1288678,20296,1347548
12720,1293864,20460,1352953
12721,1285660,21348,1344341
12722,1290586,21086,1350356
12723,1285901,20250,1344354
12724,1297512,21951,1358129
12725,1287308,20634,1346812
12726,1285957,21558,1344755
12727,1303641,20648,1362918
12728,1290938,20868,1350120
12729,1294901,20198,1353932
12730,1291290,22197,1352578
12731,1293179,21213,1354502
12732,1290716,20803,1349870
12733,1297068,20041,1357330
12734,1298586,20779,1360216
12735,1291864,22037,1351252
12736,1292216,20923,1350694
12737,1294364,20217,1353821
12738,1292068,21029,1351207
12739,1293234,21657,1353187
12740,1288346,21136,1346240
12741,1292715,20226,1351552
12742,1287531,20594,1346198
12743,1288197,20350,1347084
12744,1285883,21497,1343675
12745,1285253,20420,1344117
12746,1284957,20603,1344688
12747,1288808,20434,1348593
12748,1289605,22154,1349110
12749,1287456,20633,1345978
12750,1293790,21371,1355179
12751,1294123,20258,1352658
12752,1292086,20570,1349896
12753,1286475,21161,1345783
12754,1285289,20343,1343225
12755,1288160,20489,1346889
12756,1290346,20135,1347516
12757,1281549,21374,1340033
12758,1290901,20204,1350345
12759,1289456,20591,1348213
12760,1293253,20329,1351988
12761,1286993,20271,1344227
12762,1281328,21602,1339595
12763,1284660,20692,1343445
12764,1286641,20153,1343979
12765,1285160,20428,1342551
12766,1279031,21741,1337975
12767,1290826,20757,1349565
12768,1295308,20458,1354988
12769,1290586,20308,1347523
12770,1296105,20805,1356927
12771,1283882,21377,1341537
12772,1297197,20467,1355719
12773,1291661,20280,1350124
12774,1292234,20629,1350677
12775,1282105,21442,1339305
12776,1296364,20902,1356284
12777,1289512,20418,1347782
12778,1290938,23416,1352909
12779,1289919,20284,1348332
12780,1299882,22152,1361626
12781,1295512,20520,1354902
12782,1288697,20406,1347844
12783,1291846,20385,1350304
12784,1281290,21550,1338654
12785,1290624,22733,1350522
12786,1284845,20471,1342686
12787,1285642,20802,1344739
12788,1291826,20133,1350070
12789,1289086,22131,1349327
12790,1285846,20221,1345399
12791,1289160,20515,1349063
12792,1285179,20216,1343338
12793,1283957,21918,1343244
12794,1293234,20545,1352538
12795,1285327,21431,1344535
12796,1284808,20207,1342218
12797,1288030,20352,1347012
12798,1285346,21221,1344788
12799,1289253,21089,1348396
12800,1311512,20179,1371208
12801,1302956,20287,1363502
12802,1289567,21378,1349686
12803,1288253,20857,1348905
12804,1289364,20429,1347644
12805,1290901,20241,1350845
12806,1294216,21109,1353416
12807,1282549,21625,1341729
12808,1297845,20345,1356578
12809,1285550,20398,1344632
12810,1287123,20877,1346333
12811,1281253,22190,1339961
12812,1290512,21613,1349717
12813,1282549,20222,1341289
12814,1294086,21145,1353675
12815,1293678,20217,1352395
12816,1283493,21567,1343060
12817,1290864,20324,1349372
12818,1287327,20173,1345703
12819,1288530,20282,1347367
12820,1286993,21595,1346532
12821,1288994,20240,1347307
12822,1291308,20201,1350564
12823,1297438,20532,1356043
12824,1287790,21029,1346114
12825,1288049,21861,1347798
12826,1324253,21358,1391331
12827,1299604,20411,1360237
12828,1291253,20908,1350012
12829,1286882,21981,1346177
12830,1291197,20275,1350953
12831,1289512,20216,1347654
12832,1291401,20973,1350725
12833,1287234,20767,1344982
12834,1280976,21839,1340184
12835,1292901,20263,1351126
12836,1292863,21186,1352068
12837,1290586,21128,1348417
12838,1280216,21182,1338119
12839,1293512,20624,1351487
12840,1290975,20473,1348577
12841,1288660,20248,1346389
12842,1286716,20153,1345146
12843,1280919,21874,1339589
12844,1295882,20297,1354771
12845,1286123,20276,1343713
12846,1291735,20644,1350766
12847,1303123,21123,1362394
12848,1298438,20325,1356706
12849,1292308,20100,1351685
12850,1291845,20171,1349590
12851,1285087,20187,1342995
12852,1290994,21556,1351234
12853,1286790,20239,1345046
12854,1420362,20755,1504689
12855,1569192,26493,1667646
12856,1480878,31491,1578368
12857,1509508,22970,1599013
12858,1565044,22504,1661750
12859,1495027,22817,1586620
12860,1573822,22610,1670319
12861,1500379,26997,1597930
12862,1520952,21569,1614038
12863,1513842,22974,1606277
12864,1562989,24749,1660180
12865,1511007,32099,1616420
12866,1543267,23152,1638714
12867,1568952,24668,1666803
12868,1525489,23203,1622987
12869,1569729,24274,1668409
12870,1503786,25587,1602464
12871,1496304,22066,1588221
12872,1557877,24990,1654791
12873,1531971,22672,1625382
12874,1388862,24726,1467069
12875,1369622,20983,1444566
12876,1337789,20351,1403454
12877,1329418,20996,1396247
12878,1316900,21475,1382523
12879,1301363,22103,1362262
12880,1307641,20415,1371315
12881,1307067,20376,1367702
12882,1294031,21077,1354273
12883,1286290,21409,1345253
12884,1287642,20276,1345510
12885,1297123,20237,1357063
12886,1296605,21105,1356116
12887,1286253,20361,1343891
12888,1309733,22100,1372426
12889,1299568,20931,1360535
12890,1296475,20243,1357217
12891,1292809,20352,1351808
12892,1289253,21646,1347324
12893,1290104,20922,1348637
12894,1283475,20475,1342208
12895,1285882,20565,1343706
12896,1296067,20970,1354777
12897,1283845,23894,1346164
12898,1289271,20595,1348791
12899,1282938,20222,1340048
12900,1286660,20979,1344601
12901,1278253,21310,1337026
12902,1292123,20623,1351004
12903,1288141,20287,1346631
12904,1286104,20340,1343444
12905,1286216,20133,1344404
12906,1280030,21687,1338366
12907,1281735,20185,1338622
12908,1289716,20293,1348360
12909,1288679,20217,1347284
12910,1283105,22048,1342208
12911,1285494,20361,1343279
12912,1285364,20210,1341036
12913,1296975,20818,1357515
12914,1293216,21242,1354049
12915,1283049,21407,1341992
12916,1293437,20367,1351156
12917,1298400,21068,1357876
12918,1286808,20677,1345373
12919,1284142,21490,1343131
12920,1287734,20524,1344999
12921,1289734,20800,1347533
12922,1282975,20964,1342457
12923,1281993,20091,1338713
12924,1279568,21626,1337915
12925,1292364,20846,1351042
12926,1292364,20343,1350984
12927,1290586,20470,1349315
12928,1282623,21302,1341369
12929,1292808,20466,1352848
12930,1295086,20186,1354067
12931,1291475,20054,1349843
12932,1286716,20792,1345655
12933,1288901,21494,1348042
12934,1292623,20306,1352410
12935,1286660,20192,1346000
12936,1289030,20375,1347997
12937,1280438,21151,1336737
12938,1285420,21037,1344752
12939,1284883,20479,1343194
12940,1283660,20125,1341210
12941,1295920,20345,1356208
12942,1293716,22324,1354224
12943,1290827,21174,1350629
12944,1287475,20412,1346405
12945,1294216,20576,1352513
12946,1288735,21667,1347086
12947,1287123,20442,1345842
12948,1288919,20514,1347154
12949,1291346,20215,1348782
12950,1292957,21064,1350890
12951,1282309,21173,1340018
12952,1286105,20467,1343330
12953,1287197,20316,1346161
12954,1292845,20369,1352029
12955,1283308,21497,1342027
12956,1292197,20736,1352710
12957,1285235,20307,1343837
12958,1284327,20323,1342760
12959,1350104,21080,1413571
12960,1293900,22356,1353274
12961,1290049,22094,1351013
12962,1288901,20240,1346918
12963,1288142,20663,1346915
12964,1307068,22439,1369580
12965,1296178,20529,1357411
12966,1304716,20452,1368352
12967,1298660,20598,1357942
12968,1295234,20614,1354384
12969,1283271,21964,1342976
12970,1299845,20591,1360269
12971,1291382,20885,1350155
12972,1289289,20845,1349783
12973,1283272,21510,1341744
12974,1291475,20526,1350315
12975,1288049,20505,1345554
12976,1285401,20947,1343255
12977,1289031,20389,1347456
12978,1283271,22017,1342047
12979,1283605,20237,1341081
12980,1282771,21012,1340079
12981,1289216,20343,1348187
12982,1282531,21526,1341241
12983,1291623,20690,1350998
12984,1293457,20928,1352477
12985,1289697,20481,1347956
12986,1289012,20312,1347712
12987,1310604,22329,1372340
12988,1299771,20474,1357912
12989,1293883,20527,1352428
12990,1293030,20303,1352277
12991,1289252,21838,1349109
12992,1290493,20521,1348828
12993,1288920,20314,1347141
12994,1308697,20886,1371823
12995,1294753,20457,1353969
12996,1286401,21530,1344875
12997,1289456,20527,1346261
12998,1289086,20358,1346758
12999,1283790,20448,1341552
13000,1286105,21724,1344495
13001,1290568,21110,1349992
13002,1285456,20275,1342138
13003,1283161,20179,1340709
13004,1291401,21103,1350225
13005,1286197,21786,1345520
13006,1292752,20802,1352702
13007,1289086,20281,1348181
13008,1291179,20927,1349364
13009,1282586,21740,1341251
13010,1288531,20237,1346267
13011,1287994,20050,1345431
13012,1294160,20954,1353021
13013,1288457,20396,1346352
13014,1283845,21543,1342943
13015,1287512,20207,1344996
13016,1284290,21167,1341771
13017,1292586,20776,1350269
13018,1285623,21848,1344508
13019,1290049,20512,1348375
13020,1287216,20639,1343836
13021,1291882,20896,1349611
13022,1289716,20245,1348275
13023,1287216,21281,1346107
13024,1292216,20204,1349752
13025,1293290,20979,1352750
13026,1291531,20329,1350340
13027,1285512,21494,1344042
13028,1287845,20343,1345188
13029,1291142,21118,1351111
13030,1315178,20115,1374589
13031,1288863,20428,1347995
13032,1278364,21315,1335364
13033,1297197,21146,1356324
13034,1294216,20273,1353025
13035,1288678,20474,1347170
13036,1287586,21435,1345447
13037,1295919,21044,1354759
13038,1289864,20319,1347590
13039,1283309,20372,1340661
13040,1293215,20758,1352621
13041,1289290,21960,1349064
13042,1290919,20550,1350136
13043,1289549,20344,1348929
13044,1290234,20730,1349445
13045,1288124,22118,1347518
13046,1293456,20448,1352367
13047,1285567,20520,1343828
13048,1288549,20777,1346195
13049,1289568,20293,1347415
13050,1279235,21902,1337691
13051,1286846,20473,1345540
13052,1287734,20675,1345353
13053,1282031,20191,1339221
13054,1283031,21411,1341682
13055,1289863,20353,1347716
13056,1284402,20721,1343399
13057,1290160,20515,1347859
13058,1290531,20253,1349357
13059,1280475,20973,1337763
13060,1288846,20323,1346408
13061,1585895,25987,1684399
13062,1567970,23688,1665082
13063,1483600,26056,1573434
13064,1590543,25183,1691188
13065,1469990,21996,1559596
13066,1577359,24419,1676517
13067,1429880,21250,1516943
13068,1396843,24508,1479887
13069,1420009,23987,1503254
13070,1421621,22466,1504530
13071,1414788,22482,1496249
13072,1384918,24739,1467378
13073,1405714,22292,1485746
13074,1420880,22679,1501187
13075,1419047,23954,1500203
13076,1656968,22785,1754566
13077,1500434,24394,1591234
13078,1553284,25318,1652453
13079,1543674,25186,1640006
13080,1502194,23702,1599856
13081,1538877,33940,1641132
13082,1476175,22809,1566464
13083,1573470,25899,1676070
13084,1445453,21544,1530367
13085,1419695,22208,1502346
13086,1381732,24151,1463475
13087,1445490,23130,1530638
13088,1415825,22998,1495377
13089,1413306,22847,1496208
13090,1392306,22994,1474651
13091,1423491,24047,1507352
13092,1420121,22563,1500942
13093,1646838,60930,1784897
13094,1557229,22502,1654434
13095,1497600,25445,1589026
13096,1539859,22591,1630504
13097,1523878,22403,1617891
13098,1502008,22253,1596352
13099,1464527,29825,1557240
13100,1544062,22230,1635069
13101,1448916,22246,1535180
13102,1425768,21003,1505918
13103,1411454,21630,1492601
13104,1390029,23517,1469896
13105,1424824,21514,1506986
13106,1417473,21512,1496669
13107,1417732,21658,1498573
13108,1394232,22971,1472054
13109,1563637,21765,1661788
13110,1572895,23077,1669915
13111,1554100,22667,1651691
13112,1478008,22405,1565598
13113,1348325,23366,1415821
13114,1312734,20901,1377449
13115,1333418,20565,1400446
13116,1342140,21174,1409295
13117,1307956,22043,1371257
13118,1308012,20707,1370329
13119,1322308,20630,1386307
13120,1325215,21405,1390286
13121,1315419,20273,1378543
13122,1302049,21994,1364412
13123,1313475,21121,1375298
13124,1298568,20304,1356722
13125,1350919,20931,1421107
13126,1299512,22762,1361181
13127,1304105,20871,1364660
13128,1291549,20276,1350732
13129,1295382,20681,1355748
13130,1295068,20919,1355856
13131,1294994,21843,1355447
13132,1292290,20396,1350315
13133,1301160,20468,1362294
13134,1292049,21003,1353273
13135,1287827,23001,1349383
13136,1291549,20332,1350380
13137,1286457,20514,1345748
13138,1291013,20697,1350931
13139,1296290,20269,1354502
13140,1294883,21804,1354908
13141,1294438,20598,1352498
13142,1291364,20799,1350033
13143,1286308,20185,1342919
13144,1288234,21887,1347954
13145,1294771,20515,1353267
13146,1291827,20234,1350542
13147,1291494,21065,1352391
13148,1307253,20544,1367574
13149,1290197,21228,1349350
13150,1295086,20484,1353477
13151,1290198,20834,1350715
13152,1299549,20313,1357139
13153,1290975,21681,1351656
13154,1290734,20438,1350264
13155,1297679,20695,1356410
13156,1288234,20378,1346630
13157,1288197,20227,1344905
13158,1278271,21762,1336792
13159,1293512,20889,1351382
13160,1293512,20294,1352657
13161,1288531,21107,1347322
13162,1284938,22309,1345265
13163,1285549,20528,1343744
13164,1285086,20378,1341889
13165,1289105,20931,1350164
13166,1284994,19947,1341866
13167,1280827,21686,1338735
13168,1286345,20961,1344454
13169,1291827,20996,1349359
13170,1287031,20382,1345505
13171,1281882,21269,1339559
13172,1291752,20248,1348389
13173,1290086,21024,1348924
13174,1286623,20317,1345033
13175,1288679,20167,1347789
13176,1293642,21276,1352991
13177,1294216,20126,1353581
13178,1286160,20345,1344912
13179,1291624,20232,1349984
13180,1287253,21434,1344501
13181,1284883,20246,1342109
13182,1288512,20595,1348459
13183,1288104,20185,1346364
13184,1289716,20442,1348139
13185,1287123,22441,1347433
13186,1289457,20568,1348394
13187,1283660,20213,1341058
13188,1282920,20340,1339722
13189,1284660,21357,1342610
13190,1287419,20633,1346570
13191,1290901,20315,1348549
13192,1282419,20405,1339009
13193,1298512,20644,1358710
13194,1303345,22401,1368301
13195,1304271,20806,1363928
13196,1294345,20267,1352907
13197,1299197,21005,1358849
13198,1291715,21744,1351792
13199,1290420,20686,1348901
13200,1287012,20276,1345306
13201,1295549,20736,1355359
13202,1293216,21030,1354041
13203,1281531,21658,1340040
13204,1289994,20156,1348611
13205,1294549,20727,1355146
13206,1287309,20965,1346921
13207,1280494,21575,1339123
13208,1289531,20498,1349121
13209,1289346,20348,1348396
13210,1291734,21030,1350671
13211,1288716,20398,1347132
13212,1283494,21267,1341001
13213,1282846,20153,1341480
13214,1289790,20910,1349495
13215,1286049,20111,1342678
13216,1278716,21239,1336899
13217,1303049,20440,1365914
13218,1298179,21049,1359375
13219,1300549,20084,1359021
13220,1294771,20600,1353481
13221,1287975,21783,1348535
13222,1293030,20762,1353366
13223,1288623,20889,1348012
13224,1287160,20331,1344157
13225,1279290,21255,1337637
13226,1293586,20512,1352746
13227,1290345,20065,1347484
13228,1286494,20396,1344445
13229,1286734,20523,1344312
13230,1277586,21651,1336496
13231,1287308,20149,1345419
13232,1282105,20313,1339195
13233,1288493,20514,1346766
13234,1360288,21475,1444207
13235,1570062,24602,1673756
13236,1528045,23081,1618106
13237,1533600,23412,1626881
13238,1542304,23058,1636527
13239,1466786,26964,1559064
13240,1546710,23720,1638448
13241,1533471,23570,1628631
13242,1552099,23752,1647832
13243,1457620,31899,1555184
13244,1554895,24563,1652106
13245,1577432,22542,1672862
13246,1520433,23873,1615824
13247,1527675,24037,1625784
13248,1481286,23998,1571468
13249,1557192,22477,1651279
13250,1537619,23697,1632240
13251,1506749,23306,1602738
13252,1513785,23304,1603792
13253,1554340,22005,1647955
13254,1428454,20929,1508511
13255,1331030,21074,1395751
13256,1333659,20313,1400582
13257,1315289,22996,1380896
13258,1330678,20401,1397041
13259,1312586,21139,1375965
13260,1318844,20655,1381740
13261,1297771,21746,1359739
13262,1314123,20466,1376366
13263,1290586,21037,1350178
13264,1294642,20628,1354287
13265,1290734,20421,1349673
13266,1289938,22346,1350098
13267,1295512,20713,1355632
13268,1289161,20230,1346648
13269,1288586,20394,1347405
13270,1282364,21485,1339978
13271,1289605,21075,1347938
13272,1298105,21091,1357694
13273,1297012,20607,1356192
13274,1290197,20845,1349671
13275,1288086,21936,1348373
13276,1289975,20100,1347445
13277,1287438,20394,1347553
13278,1289586,20595,1349421
13279,1288475,21704,1348660
13280,1290253,21054,1349491
13281,1290475,20274,1348803
13282,1290975,20567,1349319
13283,1313197,21065,1376502
13284,1287808,21748,1347112
13285,1295123,20320,1354535
13286,1348715,20836,1422809
13287,1352974,21037,1425658
13288,1333714,22258,1399675
13289,1341789,22885,1412117
13290,1359659,21012,1433411
13291,1332845,20806,1399575
13292,1340233,20433,1407480
13293,1319863,22283,1384720
13294,1331475,21355,1398439
13295,1339937,21445,1408140
13296,1329289,21276,1395379
13297,1312753,22978,1380229
13298,1311327,20642,1373245
13299,1299068,21010,1360262
13300,1295124,20415,1354778
13301,1297642,20357,1357516
13302,1288957,22281,1349885
13303,1295846,21130,1355715
13304,1291216,20498,1350269
13305,1290457,20533,1349248
13306,1283994,21401,1342690
13307,1290382,20362,1347503
13308,1294049,20359,1351630
13309,1296493,21060,1356368
13310,1289993,20373,1349958
13311,1285049,21834,1342920
13312,1313142,20424,1371972
13313,1296975,21088,1357081
13314,1297179,20215,1356764
13315,1288957,21362,1347040
13316,1299438,20359,1357204
13317,1288124,21283,1346887
13318,1283216,20188,1340125
13319,1351104,20815,1414436
13320,1297883,21258,1357824
13321,1289568,20848,1348026
13322,1299290,20827,1359264
13323,1294734,20417,1353669
13324,1301623,22026,1362297
13325,1294364,21024,1353831
13326,1298697,20262,1358199
13327,1287586,20685,1346549
13328,1300919,21183,1360768
13329,1284161,21515,1342582
13330,1291753,20512,1350486
13331,1288901,20584,1347206
13332,1314901,20989,1379851
13333,1310900,22005,1371961
13334,1299957,20762,1361792
13335,1295067,20130,1354956
13336,1302753,20165,1362472
13337,1295938,20514,1356858
13338,1282253,22012,1342487
13339,1296605,20325,1357151
13340,1293568,20711,1353315
13341,1290901,20579,1349053
13342,1289549,21373,1349403
13343,1303234,20630,1363104
13344,1287808,20368,1345843
13345,1297012,20459,1357322
13346,1288271,21104,1348153
13347,1283697,21380,1342281
13348,1289271,20693,1347204
13349,1287901,20153,1347220
13350,1288456,21169,1347606
13351,1288846,21779,1346957
13352,1285178,20258,1342436
13353,1288012,20274,1345711
13354,1293345,20419,1352597
13355,1298993,20583,1362224
13356,1299531,21767,1361074
13357,1303086,20542,1363479
13358,1295549,20836,1355069
13359,1290215,20204,1348956
13360,1283790,22165,1343195
13361,1305475,20144,1365525
13362,1292401,21105,1352431
13363,1290179,20269,1348502
13364,1285160,20359,1342537
13365,1293957,21561,1354442
13366,1289586,20281,1348070
13367,1293586,20426,1352567
13368,1294845,20350,1352028
13369,1285179,21311,1343285
13370,1303290,20383,1364097
13371,1294197,20658,1353762
13372,1314307,20415,1374055
13373,1295049,20171,1353794
13374,1298419,21984,1360329
13375,1294012,20075,1352401
13376,1294420,20294,1352676
13377,1299752,20236,1358933
13378,1290900,22142,1352227
13379,1306271,21065,1368854
13380,1296845,20063,1355537
13381,1295067,20727,1353942
13382,1297030,20576,1357643
13383,1287549,21093,1346697
13384,1288438,20313,1344991
13385,1285846,20792,1345063
13386,1290271,20308,1348245
13387,1278438,21769,1336651
13388,1289420,20211,1346556
13389,1286920,20635,1344590
13390,1293104,21114,1353810
13391,1293604,20463,1353752
13392,1283641,21591,1342880
13393,1292198,20792,1351229
13394,1291160,20679,1351727
13395,1295660,20657,1353891
13396,1286104,21637,1344649
13397,1288438,20153,1346757
13398,1284549,20077,1341644
13399,1301235,20371,1359345
13400,1290475,20627,1348639
13401,1282049,21070,1341545
13402,1297382,20790,1358412
13403,1292771,20269,1351817
13404,1289679,20396,1347518
13405,1279679,21598,1337628
13406,1300253,20910,1360477
13407,1290920,20149,1347530
13408,1295142,20146,1352954
13409,1289030,20921,1347988
13410,1285790,21734,1344672
13411,1296697,21139,1355502
13412,1290161,20137,1346222
13413,1284271,20375,1342479
13414,1285290,21855,1343014
13415,1290160,20352,1348549
13416,1284179,20017,1341195
13417,1284846,20866,1343063
13418,1287845,20363,1346893
13419,1287327,21473,1346299
13420,1299864,20896,1358407
13421,1289030,20838,1347794
13422,1308697,20225,1373624
13423,1323253,22556,1388659
13424,1315863,20702,1377713
13425,1311808,21792,1375210
13426,1310549,20382,1372634
13427,1301956,20861,1362280
13428,1290660,21804,1351223
13429,1292383,21042,1351906
13430,1297919,20373,1359421
13431,1297697,20704,1356271
13432,1291808,21591,1351103
13433,1298642,20700,1359322
13434,1298827,20309,1357709
13435,1290827,20251,1348447
13436,1296623,20582,1355593
13437,1290808,21062,1350165
13438,1293012,20263,1351663
13439,1289179,20408,1348309
13440,1300475,20388,1359343
13441,1289550,21830,1349471
13442,1291530,20180,1349580
13443,1290790,20696,1349355
13444,1296808,20305,1355612
13445,1288716,21006,1348739
13446,1288123,23115,1350923
13447,1286309,20187,1344624
13448,1306475,21110,1368473
13449,1292123,20330,1351453
13450,1282809,21588,1343414
13451,1292827,20233,1352023
13452,1292438,20564,1351205
13453,1288957,21043,1348147
13454,1291271,20522,1351034
13455,1284698,21724,1345032
13456,1292475,20852,1350678
13457,1285641,20812,1344176
13458,1286383,20310,1346266
13459,1282920,21308,1342060
13460,1290364,20139,1347132
13461,1289438,20877,1349129
13462,1289290,20523,1348090
13463,1286716,20558,1345180
13464,1279105,21352,1336123
13465,1290864,21016,1349657
13466,1293790,20440,1353396
13467,1286031,20401,1344856
13468,1283197,21788,1343170
13469,1305956,21026,1367222
13470,1293382,20301,1352720
13471,1288716,20577,1346903
13472,1305289,21000,1375196
13473,1492027,25165,1584357
13474,1560432,22774,1653242
13475,1526434,22586,1621185
13476,1596618,24732,1694255
13477,1426269,25064,1515720
13478,1583932,22117,1699677
13479,1453749,21262,1538067
13480,1420343,20982,1498509
13481,1412528,21684,1494285
13482,1390288,24015,1469358
13483,1412287,22124,1489947
13484,1406862,22121,1484649
13485,1406806,21360,1485350
13486,1402417,23747,1481811
13487,1418380,21856,1495086
13488,1618061,44094,1738098
13489,1544600,24332,1642801
13490,1546026,22811,1640891
13491,1479490,32161,1578983
13492,1534045,23733,1639183
13493,1514971,23305,1608293
13494,1577266,22432,1690011
13495,1404806,24967,1489254
13496,1450213,21743,1534899
13497,1422269,21018,1505304
13498,1409602,21164,1490506
13499,1422510,21291,1501929
13500,1383306,26030,1462836
13501,1418769,21898,1497277
13502,1418454,22988,1500404
13503,1414047,21393,1492846
13504,1607765,23410,1700285
13505,1568618,22296,1662580
13506,1557451,22294,1661577
13507,1535674,23106,1630909
13508,1557303,21326,1649406
13509,1489212,31047,1584183
13510,1511119,21970,1612273
13511,1519378,21412,1610178
13512,1425473,21539,1506751
13513,1389566,23741,1471121
13514,1432121,21628,1512692
13515,1411898,21977,1494486
13516,1436824,21993,1521631
13517,1422047,21287,1503259
13518,1386288,23878,1469350
13519,1428899,21024,1505773
13520,1555600,21651,1649231
13521,1563544,22982,1659376
13522,1509767,33758,1614024
13523,1511619,24200,1604762
13524,1399177,20864,1476429
13525,1336381,20769,1402835
13526,1338752,21211,1406814
13527,1305549,22765,1370684
13528,1310549,20411,1372459
13529,1320141,20557,1383808
13530,1319048,20999,1383991
13531,1304419,21590,1365582
13532,1307105,20791,1368894
13533,1302031,20400,1362985
13534,1293604,20175,1353816
13535,1299197,21117,1360758
13536,1290624,21486,1350701
13537,1294030,20150,1353272
13538,1295123,20573,1354862
13539,1296419,20978,1354953
13540,1290253,22014,1349358
13541,1307457,20715,1367911
13542,1293975,20768,1354205
13543,1295271,20506,1353962
13544,1292160,20504,1350163
13545,1283605,21891,1342236
13546,1290567,20537,1349845
13547,1294994,20460,1353731
13548,1289975,20236,1348525
13549,1292271,21456,1352468
13550,1293827,20732,1354410
13551,1289567,20748,1348426
13552,1296956,20153,1355886
13553,1289901,20224,1348513
13554,1285882,21537,1345123
13555,1295882,20961,1357176
13556,1296901,20347,1356266
13557,1289364,20326,1348060
13558,1289327,21269,1349429
13559,1296419,21267,1356815
13560,1291271,19987,1348905
13561,1287956,20632,1346144
13562,1287771,20278,1347419
13563,1312252,22684,1377695
13564,1308549,20311,1368785
13565,1292771,20920,1353875
13566,1292716,20214,1350910
13567,1283698,21360,1341001
13568,1350641,20969,1419460
13569,1308382,20892,1370977
13570,1300623,20427,1360234
13571,1302363,20721,1364398
13572,1295271,21682,1354656
13573,1299697,20217,1359376
13574,1292624,20103,1351040
13575,1313382,20230,1376741
13576,1300605,22025,1361573
13577,1297753,20800,1357700
13578,1293142,20353,1352513
13579,1294901,20406,1354029
13580,1303660,20552,1362471
13581,1292290,21606,1351840
13582,1292549,21067,1352244
13583,1293068,20138,1352872
13584,1295993,20339,1354369
13585,1287567,21967,1347442
13586,1288697,21132,1348328
13587,1301919,20722,1361696
13588,1294216,20108,1353286
13589,1289512,20772,1348080
13590,1284753,21734,1345116
13591,1290809,20454,1348687
13592,1288809,20192,1346055
13593,1289531,21134,1349349
13594,1286493,22132,1346570
13595,1287031,20222,1345530
13596,1285104,20183,1342565
13597,1283587,21051,1341396
13598,1292290,20660,1351671
13599,1285679,21584,1343929
13600,1284772,20359,1341926
13601,1295271,21153,1354683
13602,1290012,20262,1348255
13603,1285086,21260,1343771
13604,1286086,20517,1344176
13605,1285772,20255,1342674
13606,1297178,20660,1357412
13607,1289123,20935,1347336
13608,1282512,21489,1339779
13609,1291234,20172,1350443
13610,1292457,20466,1351088
13611,1290549,21075,1350623
13612,1284623,21480,1343047
13613,1290994,20182,1348823
13614,1444491,21587,1531428
13615,1553692,25825,1650738
13616,1507897,22471,1600273
13617,1490045,31006,1598827
13618,1583192,23263,1679527
13619,1496619,22649,1593360
13620,1588433,22851,1682096
13621,1491564,26367,1583541
13622,1542118,21198,1637297
13623,1494527,22214,1586721
13624,1562618,24064,1657791
13625,1534637,22265,1628808
13626,1461935,30078,1559863
13627,1531989,24372,1628637
13628,1572359,21925,1668375
13629,1564988,23441,1662613
13630,1471564,29273,1569317
13631,1517137,22122,1609407
13632,1556415,23027,1651403
13633,1471638,21580,1557921
13634,1367306,21634,1442828
13635,1317974,22725,1383846
13636,1335974,21278,1402047
13637,1320641,20386,1384008
13638,1318049,21032,1384043
13639,1311364,22234,1374504
13640,1303937,20861,1365187
13641,1308845,20488,1371055
13642,1297660,20468,1357460
13643,1293364,20113,1352347
13644,1293642,21630,1353271
13645,1301067,20776,1362917
13646,1297920,20255,1357414
13647,1293475,20252,1351967
13648,1282179,21973,1339373
13649,1290826,20711,1349686
13650,1289141,20357,1348887
13651,1292419,20206,1351329
13652,1290827,20537,1350400
13653,1287512,21665,1346214
13654,1287846,20292,1345674
13655,1289641,20364,1348116
13656,1285549,20528,1343077
13657,1280790,21082,1338279
13658,1299715,20395,1360609
13659,1289623,20522,1349033
13660,1291809,20464,1348901
13661,1287141,20165,1345677
13662,1293530,22552,1354693
13663,1292216,21328,1351932
13664,1294512,20659,1352559
13665,1293457,20730,1352667
13666,1286679,22025,1346740
13667,1287031,19967,1343978
13668,1285734,20316,1342494
13669,1283271,20814,1341270
13670,1289383,20460,1348601
13671,1282383,21828,1341025
13672,1290716,22529,1350115
13673,1282290,20694,1340520
13674,1289697,20839,1348610
13675,1280790,21690,1338590
13676,1294012,20428,1353273
13677,1287309,20759,1345289
13678,1309882,21238,1373767
13679,1356807,20421,1419375
13680,1290401,21567,1349116
13681,1291105,20435,1349206
13682,1290993,20414,1349185
13683,1294271,20375,1352553
13684,1286124,21688,1343273
13685,1286975,20371,1343789
13686,1283957,20146,1340824
13687,1314271,20532,1378117
13688,1296864,20400,1355671
13689,1283901,21602,1342855
13690,1296161,20618,1357685
13691,1292197,20301,1350831
13692,1289882,20410,1348292
13693,1288864,21575,1348642
13694,1293123,20702,1353213
13695,1291642,20237,1351248
13696,1286512,20105,1345283
13697,1292568,20769,1352428
13698,1285457,22378,1345667
13699,1297216,20709,1356702
13700,1289439,20262,1346885
13701,1290420,20575,1347438
13702,1283308,21573,1342510
13703,1290309,20441,1347860
13704,1298530,20327,1355635
13705,1294179,20510,1352318
13706,1284790,20267,1343667
13707,1291142,21432,1350610
13708,1294364,20467,1351793
13709,1294678,20742,1353401
13710,1289253,20165,1348158
13711,1290050,21979,1348768
13712,1297604,20235,1355580
13713,1332344,21011,1393114
13714,1296605,20379,1356427
13715,1296790,20173,1356739
13716,1293178,21189,1352738
13717,1290493,20946,1349254
13718,1292346,20499,1350455
13719,1289901,20127,1348805
13720,1289549,21273,1347858
13721,1287216,21067,1345578
13722,1300531,22138,1362168
13723,1291420,20155,1348296
13724,1312345,20837,1374848
13725,1306012,22447,1368310
13726,1297549,20407,1357252
13727,1292364,20294,1351287
13728,1298790,20939,1358247
13729,1290734,21716,1349301
13730,1296346,20306,1355187
13731,1291512,20285,1349148
13732,1287623,20190,1344405
13733,1290512,20132,1348217
13734,1284956,21186,1343456
13735,1294272,20239,1354232
13736,1296327,20403,1354859
13737,1292530,20401,1351375
13738,1284420,21325,1342836
13739,1290957,20526,1349815
13740,1286605,20116,1344591
13741,1287142,20355,1344551
13742,1284864,20982,1342641
13743,1278882,21295,1335066
13744,1285401,20181,1342489
13745,1287160,20568,1344505
13746,1295753,20880,1355484
13747,1281790,21712,1340686
13748,1286050,20284,1344036
13749,1288235,20355,1346015
13750,1292216,20871,1351642
13751,1295660,20221,1352843
13752,1281938,22034,1339656
13753,1296956,20698,1356413
13754,1290123,20455,1348411
13755,1285623,20008,1342705
13756,1279883,21136,1337555
13757,1287975,20874,1346849
13758,1287198,20576,1345494
13759,1284938,20406,1343344
13760,1287956,20385,1345897
13761,1282827,21254,1340340
13762,1284642,20826,1343578
13763,1286605,20323,1343946
13764,1282198,21858,1341573
13765,1279605,21245,1337609
13766,1287530,20206,1345476
13767,1285402,20203,1341974
13768,1285771,21016,1344175
13769,1289660,20273,1347210
13770,1282456,21326,1340394
13771,1296678,20268,1353298
13772,1288864,20859,1346277
13773,1289086,20467,1346293
13774,1286104,21503,1344422
13775,1299067,20334,1359382
13776,1291734,21109,1350250
13777,1288771,20181,1347729
13778,1295012,20548,1352949
13779,1287697,21325,1346262
13780,1296883,21174,1356315
13781,1286975,19875,1345276
13782,1306586,20132,1369921
13783,1298641,21760,1359605
13784,1298882,20350,1358658
13785,1299216,20552,1358507
13786,1293382,20420,1353635
13787,1307141,20417,1367021
13788,1298512,22045,1358112
13789,1297956,20321,1357054
13790,1290790,20411,1350126
13791,1293883,20408,1351661
13792,1290252,21833,1347603
13793,1287641,22293,1347805
13794,1291068,20217,1348747
13795,1293549,20455,1351615
13796,1288568,21120,1347816
13797,1287846,20285,1345240
13798,1290456,20430,1349349
13799,1291327,20372,1348995
13800,1286920,21092,1344030
13801,1282679,21331,1340843
13802,1286827,20051,1343803
13803,1293290,20401,1351060
13804,1282124,20287,1338540
13805,1284753,20303,1341259
13806,1283419,21839,1341591
13807,1286679,20188,1343903
13808,1285198,20371,1341660
13809,1285030,20239,1342713
13810,1282568,21441,1341175
13811,1293698,20402,1353654
13812,1288198,20251,1346040
13813,1293586,20656,1352149
13814,1290993,20191,1348313
13815,1281012,21763,1339201
13816,1288438,20131,1345365
13817,1285308,20851,1344066
13818,1284456,20164,1342471
13819,1283290,21680,1339914
13820,1295679,20493,1356412
13821,1286938,20565,1346132
13822,1286957,20340,1345685
13823,1295789,20171,1354978
13824,1315660,21706,1375736
13825,1294586,20315,1353271
13826,1289864,20072,1349269
13827,1290975,20255,1349840
13828,1291382,21549,1349931
13829,1285697,20195,1343281
13830,1288568,20230,1348130
13831,1285568,20061,1344591
13832,1290290,20281,1347440
13833,1280531,21335,1338272
13834,1287994,20295,1347103
13835,1283531,20293,1341804
13836,1287697,20290,1344709
13837,1275679,21659,1333097
13838,1296271,20972,1356205
13839,1287197,20229,1344833
13840,1285234,20134,1341515
13841,1297364,21224,1357439
13842,1279753,22130,1339586
13843,1292345,20220,1350935
13844,1291253,20254,1349488
13845,1293382,20511,1352152
13846,1278012,21491,1336873
13847,1285457,20267,1342704
13848,1285012,20931,1342609
13849,1294957,20225,1352866
13850,1288123,20167,1347345
13851,1280846,21813,1339066
13852,1292012,20792,1351378
13853,1291216,20346,1350301
13854,1291290,20288,1349410
13855,1287105,21953,1346038
13856,1289975,21061,1348091
13857,1286697,20337,1344015
13858,1290605,20112,1349605
13859,1294438,20128,1351029
13860,1281828,21664,1339453
13861,1294012,20421,1353080
13862,1296660,20270,1356670
13863,1287105,20342,1344446
13864,1282734,21155,1340167
13865,1285253,20227,1342942
13866,1287104,21039,1347180
13867,1289215,20870,1348048
13868,1287068,20423,1344694
13869,1286957,21662,1346137
13870,1286678,21197,1345690
13871,1298809,20472,1358076
13872,1288586,20063,1346130
13873,1290457,21746,1349758
13874,1293179,20762,1351552
13875,1291567,20482,1349383
13876,1279123,20313,1336417
13877,1285179,20200,1341970
13878,1291105,21643,1351117
13879,1285327,20251,1342763
13880,1384770,21749,1459203
13881,1311104,20265,1371850
13882,1300604,22486,1362386
13883,1299826,20428,1358513
13884,1522211,22407,1611209
13885,1574062,22145,1668558
13886,1520396,22143,1615705
13887,1526637,25011,1630962
13888,1506175,21805,1597294
13889,1567099,23025,1662957
13890,1434898,21449,1521309
13891,1399510,25206,1481419
13892,1437935,21463,1520638
13893,1423750,21720,1503840
13894,1412621,21459,1494763
13895,1422306,21215,1502761
13896,1379547,23455,1456853
13897,1433454,23063,1515923
13898,1417695,21191,1499143
13899,1614691,30095,1720415
13900,1486730,24724,1584267
13901,1576247,24888,1686448
13902,1536378,23422,1635873
13903,1526860,23142,1620945
13904,1540581,24640,1636905
13905,1450416,25768,1539387
13906,1592618,24451,1690289
13907,1425880,21411,1508864
13908,1440158,22298,1522824
13909,1392584,23815,1472324
13910,1412528,22164,1493914
13911,1432380,23903,1517540
13912,1415140,23808,1497853
13913,1410547,22472,1492332
13914,1382603,26433,1465054
13915,1425528,23579,1509050
13916,1600228,27762,1716118
13917,1537488,22241,1633654
13918,1500026,26110,1592376
13919,1553341,23107,1647650
13920,1532174,22457,1629722
13921,1516100,23510,1611535
13922,1543192,22952,1650439
13923,1459749,28376,1552773
13924,1451546,21763,1536900
13925,1421361,21760,1503454
13926,1404103,21554,1485026
13927,1397584,24849,1479099
13928,1410176,23458,1493152
13929,1411343,21400,1490297
13930,1414065,22027,1495813
13931,1421232,22451,1502515
13932,1573062,25875,1669491
13933,1569488,22410,1666082
13934,1551210,23500,1646450
13935,1478397,22220,1565542
13936,1335400,23496,1403154
13937,1329085,20734,1394004
13938,1349474,20750,1416705
13939,1329363,20952,1395462
13940,1321678,20431,1385478
13941,1318475,22707,1382736
13942,1332438,20760,1397641
13943,1315105,20628,1378732
13944,1299401,20292,1360896
13945,1310401,21994,1373728
13946,1303437,20696,1364392
13947,1298679,20842,1360056
13948,1296475,20173,1356295
13949,1301809,20485,1361292
13950,1294734,21520,1354939
13951,1294364,20259,1352937
13952,1294901,20330,1354823
13953,1299327,20310,1359210
13954,1291253,21512,1350264
13955,1316530,20287,1379409
13956,1296771,20711,1355851
13957,1296808,20282,1355405
13958,1293364,20724,1353810
13959,1291752,22408,1352049
13960,1293141,20831,1351398
13961,1291068,20199,1350859
13962,1287845,20382,1346783
13963,1290086,21270,1350077
13964,1296901,21082,1356130
13965,1293234,20394,1353128
13966,1295771,20392,1355051
13967,1294049,20778,1353271
13968,1285049,21851,1343881
13969,1301493,20571,1362582
13970,1298549,20328,1357654
13971,1295901,21047,1355466
13972,1289105,21435,1348131
13973,1288994,20673,1347573
13974,1298141,20597,1358941
13975,1292234,21391,1352180
13976,1286141,20240,1344011
13977,1279568,21535,1337657
13978,1292624,20643,1353062
13979,1289994,21049,1349708
13980,1286308,20379,1344428
13981,1283901,21656,1343112
13982,1290808,20783,1350183
13983,1283420,21243,1342922
13984,1295216,21704,1355863
13985,1286438,20350,1344472
13986,1288068,21496,1348026
13987,1289327,21235,1349820
13988,1292308,20436,1351096
13989,1284197,20397,1342093
13990,1290179,21710,1348999
13991,1297420,21096,1357552
13992,1289308,20224,1347124
13993,1327974,20221,1400954
13994,1556359,25274,1654391
13995,1503915,28476,1602613
13996,1512508,23418,1603851
13997,1539656,24342,1632237
13998,1549100,23969,1645253
13999,1452139,27393,1541549
14000,1556526,22558,1651600
14001,1518063,23074,1613747
14002,1541804,22757,1638855
14003,1559248,22680,1655575
14004,1531433,26512,1629055
14005,1541118,23306,1635441
14006,1541730,22711,1635013
14007,1521508,23283,1616882
14008,1494138,26225,1585399
14009,1557155,23612,1653358
14010,1499915,22369,1592727
14011,1555600,23422,1649391
14012,1530545,25197,1627092
14013,1390548,25418,1471038
14014,1332307,20601,1398167
14015,1330011,20821,1395887
14016,1343289,20578,1413199
14017,1323437,22854,1387290
14018,1331715,20981,1397714
14019,1314549,20645,1379767
14020,1316012,20439,1378580
14021,1298586,20252,1359522
14022,1302141,21435,1364095
14023,1301864,21063,1362370
14024,1306308,20134,1365127
14025,1290401,20650,1349717
14026,1292457,22093,1352679
14027,1292160,20887,1351047
14028,1294067,20366,1352822
14029,1293771,20568,1353153
14030,1292123,21324,1351539
14031,1283919,21675,1342260
14032,1290086,20394,1347906
14033,1286012,20244,1344163
14034,1294493,20982,1356234
14035,1283771,22481,1343140
14036,1288698,20441,1345749
14037,1290494,20420,1349284
14038,1295419,20992,1354726
14039,1356048,20527,1420037
14040,1296345,21840,1355277
14041,1289141,20152,1346627
14042,1290160,21020,1348698
14043,1300494,21185,1361751
14044,1291049,22813,1350676
14045,1288493,20255,1345377
14046,1299660,20678,1359356
14047,1330678,21417,1396890
14048,1299845,21285,1360444
14049,1293382,21801,1353591
14050,1295642,20577,1354551
14051,1292623,20426,1351178
14052,1287808,21091,1346435
14053,1280956,21737,1338656
14054,1318771,20735,1379209
14055,1306123,20288,1364503
14056,1290530,20989,1347130
14057,1288604,20598,1345980
14058,1280772,21930,1339904
14059,1293105,20742,1352142
14060,1295957,21147,1355566
14061,1293253,20700,1351045
14062,1284012,21939,1344155
14063,1293382,20363,1351208
14064,1294438,21064,1353039
14065,1287198,20358,1344814
14066,1291253,20245,1350849
14067,1290364,21410,1347866
14068,1291234,21093,1349789
14069,1287679,20331,1347083
14070,1299883,20366,1360469
14071,1285456,21346,1343283
14072,1291456,21251,1350966
14073,1289642,20322,1348130
14074,1286734,21931,1346165
14075,1286364,20706,1345273
14076,1286697,21668,1345642
14077,1294327,20573,1354769
14078,1294124,21348,1354119
14079,1287253,20346,1345135
14080,1283457,21548,1341041
14081,1293975,20508,1352575
14082,1290493,21617,1348925
14083,1285402,20559,1342534
14084,1297808,20520,1356994
14085,1291605,21518,1351826
14086,1288901,20960,1347916
14087,1285494,20402,1343284
14088,1288179,20659,1346930
14089,1288105,21639,1346465
14090,1284142,20877,1342074
14091,1294975,20505,1354220
14092,1288605,20225,1345829
14093,1315920,21000,1377585
14094,1291086,22628,1351954
14095,1294512,20440,1352544
14096,1289179,20549,1347301
14097,1292827,21139,1353502
14098,1289198,22341,1348945
14099,1289123,20358,1347628
14100,1290901,20577,1349774
14101,1283679,20205,1340920
14102,1288179,20313,1346732
14103,1282698,21404,1340731
14104,1293087,20458,1352895
14105,1287901,20270,1346911
14106,1288901,20305,1346816
14107,1285753,21377,1344426
14108,1289235,20504,1347053
14109,1285790,20261,1343773
14110,1287957,20314,1346659
14111,1294512,21349,1353397
14112,1281697,21921,1340581
14113,1288198,20178,1346005
14114,1294846,20824,1354465
14115,1293827,21062,1353240
14116,1281531,21653,1339128
14117,1288031,20596,1346014
14118,1293383,20297,1352327
14119,1293567,21072,1352935
14120,1292438,21255,1350692
14121,1282698,21439,1341746
14122,1291049,20936,1349874
14123,1289475,20582,1349130
14124,1288679,20413,1346480
14125,1279864,20985,1337978
14126,1296234,20853,1355698
14127,1286735,20388,1344585
14128,1286938,20145,1344916
14129,1287846,20828,1347265
14130,1285216,22567,1344004
14131,1295382,21768,1355687
14132,1286976,20377,1345629
14133,1284586,20800,1343423
14134,1281512,22206,1340347
14135,1286549,20778,1345012
14136,1283642,20368,1339972
14137,1286067,22181,1346173
14138,1285420,20493,1343523
14139,1280438,21677,1338503
14140,1286660,20322,1343167
14141,1283123,20968,1341072
14142,1287679,20984,1347273
14143,1291530,21575,1350920
14144,1295809,21443,1355343
14145,1290623,20626,1349378
14146,1293049,20957,1352561
14147,1288513,20770,1347596
14148,1285938,22231,1345483
14149,1288494,23395,1349444
14150,1290994,20467,1350997
14151,1293883,21076,1352513
14152,1291605,22019,1350845
14153,1287716,20961,1347380
14154,1287457,20440,1345470
14155,1285605,20715,1343208
14156,1288697,21046,1346743
14157,1278882,21638,1336557
14158,1294752,20469,1355221
14159,1286772,20818,1345441
14160,1283494,20723,1340994
14161,1289475,21851,1349103
14162,1303771,20793,1364508
14163,1287660,20809,1345580
14164,1294568,20455,1353337
14165,1291530,20397,1350168
14166,1285734,22155,1345278
14167,1289697,20560,1348479
14168,1284179,20465,1341384
14169,1297401,20519,1357678
14170,1284105,21832,1343640
14171,1286771,20663,1345082
14172,1289975,20531,1348116
14173,1287475,20325,1344873
14174,1288087,20174,1346871
14175,1285345,21469,1345406
14176,1291642,20744,1350700
14177,1291883,20427,1351346
14178,1290346,20592,1349140
14179,1280383,21183,1337880
14180,1284291,20458,1341636
14181,1286846,20400,1346097
14182,1293938,20416,1353261
14183,1287013,20396,1344740
14184,1286216,21653,1343517
14185,1299197,20744,1358310
14186,1293105,20389,1352345
14187,1291531,20443,1350121
14188,1283530,21200,1340638
14189,1288364,20217,1345098
14190,1303549,21196,1365985
14191,1292752,20379,1350964
14192,1288809,20413,1346165
14193,1280216,22319,1339608
14194,1290235,21076,1350013
14195,1289068,21018,1346918
14196,1290734,20460,1349323
14197,1281567,21236,1340600
14198,1286790,20808,1345449
14199,1285271,20973,1343280
14200,1290105,20396,1347741
14201,1286605,20690,1345757
14202,1280605,21429,1337422
14203,1289882,20908,1349605
14204,1287309,20369,1344418
14205,1289271,20607,1347897
14206,1278290,21347,1336395
14207,1285327,20881,1343152
14208,1285290,20286,1343335
14209,1283013,21451,1341296
14210,1286049,20467,1344756
14211,1286790,21799,1346403
14212,1289679,20426,1347586
14213,1295179,20442,1354916
14214,1282290,20329,1340340
14215,1295420,21679,1356524
14216,1298141,20473,1358132
14217,1290438,20434,1348371
14218,1289420,20839,1347869
14219,1289475,20336,1347959
14220,1286068,21668,1343791
14221,1285753,20277,1342529
14222,1290956,20738,1349212
14223,1292364,20198,1349599
14224,1285420,21771,1344782
14225,1294771,20268,1353446
14226,1290790,20840,1349444
14227,1283327,20560,1341053
14228,1288253,20317,1345403
14229,1283456,21464,1341345
14230,1287975,20683,1347565
14231,1281568,20237,1338952
14232,1290920,20401,1348727
14233,1290142,21529,1349300
14234,1290956,21508,1351353
14235,1282382,20043,1341129
14236,1287086,20652,1345719
14237,1286623,21316,1345439
14238,1278068,21666,1338271
14239,1295086,20701,1354305
14240,1285586,20162,1342784
14241,1288012,21048,1345097
14242,1286401,21843,1344595
14243,1282197,20174,1339723
14244,1288142,20172,1345109
14245,1287402,21040,1345144
14246,1288049,20278,1345604
14247,1279068,21295,1336770
14248,1292623,20330,1349730
14249,1285827,20827,1344209
14250,1285383,20455,1344022
14251,1280365,21472,1338872
14252,1284661,20358,1341611
14253,1288957,21023,1348238
14254,1295253,20835,1355476
14255,1285567,20425,1344011
14256,1280642,20998,1339269
14257,1286457,20570,1343507
14258,1284716,20215,1342079
14259,1286494,20991,1344243
14260,1279346,20952,1336742
14261,1291086,20265,1348721
14262,1296456,20633,1356348
14263,1289142,21112,1348901
14264,1285456,20313,1343417
14265,1283716,22182,1342286
14266,1293309,20458,1352210
14267,1291030,21159,1349911
14268,1287068,20231,1343983
14269,1282234,21433,1339111
14270,1293253,20208,1351016
14271,1285327,20891,1342551
14272,1286624,20093,1343289
14273,1284494,20183,1340676
14274,1288383,21811,1346470
14275,1285179,20864,1343116
14276,1285975,20436,1343336
14277,1286679,20082,1345593
14278,1283661,21747,1343351
14279,1286104,20781,1344015
14280,1279938,20409,1336198
14281,1283049,20314,1340437
14282,1286420,20386,1345156
14283,1281735,21051,1339951
14284,1287530,20252,1344782
14285,1334437,20916,1402890
14286,1302604,21710,1364962
14287,1292068,21116,1350831
14288,1291345,20706,1349440
14289,1301475,20408,1360938
14290,1293197,20220,1352639
14291,1291660,20218,1350229
14292,1286808,21698,1345395
14293,1308808,20436,1372095
14294,1296234,20119,1356019
14295,1306272,20580,1375794
14296,1531952,24874,1620362
14297,1569006,22224,1662007
14298,1529934,23092,1626765
14299,1606950,23979,1703205
14300,1478657,22513,1565909
14301,1534823,25327,1641610
14302,1472027,21158,1559924
14303,1433916,22859,1517886
14304,1424009,23671,1508717
14305,1399992,23262,1479068
14306,1421139,22168,1503639
14307,1417269,22647,1498396
14308,1417324,22959,1496264
14309,1421566,22438,1501928
14310,1385455,27566,1469742
14311,1575451,22879,1679403
14312,1568655,23265,1662271
14313,1543415,22856,1637639
14314,1503712,27706,1600083
14315,1525600,25852,1622636
14316,1594877,26405,1693262
14317,1484841,23292,1575725
14318,1584210,24752,1684942
14319,1377214,25065,1464853
14320,1448102,22767,1530682
14321,1431676,22913,1515884
14322,1419232,22818,1501752
14323,1377511,24446,1457826
14324,1432639,22684,1514063
14325,1409881,22849,1489135
14326,1418454,23680,1500984
14327,1425676,22437,1505334
14328,1614006,24102,1710736
14329,1548174,22062,1640568
14330,1569914,23727,1663362
14331,1540859,22039,1631878
14332,1450083,25482,1537416
14333,1576322,27165,1679466
14334,1493767,22385,1585577
14335,1535693,23493,1631018
14336,1471342,21806,1552369
14337,1392639,25286,1478387
14338,1432269,22098,1516792
14339,1425491,22818,1507549
14340,1416787,21205,1497806
14341,1378140,25240,1458176
14342,1411251,22016,1493636
14343,1425361,22365,1505318
14344,1571821,21104,1672035
14345,1578247,23805,1674810
14346,1528989,26063,1625865
14347,1508934,23727,1601937
14348,1388714,20780,1460660
14349,1322678,21889,1388085
14350,1338603,22832,1407324
14351,1345548,20570,1413377
14352,1325975,20513,1389394
14353,1314790,20455,1376910
14354,1329512,20341,1394463
14355,1304290,22025,1366425
14356,1312012,20486,1372793
14357,1313419,20261,1375864
14358,1302920,21259,1365529
14359,1292271,22387,1353620
14360,1297438,20255,1355933
14361,1290826,20438,1348079
14362,1303290,21343,1364150
14363,1288549,19970,1346130
14364,1288438,21709,1347313
14365,1296123,20503,1356348
14366,1300938,21149,1361697
14367,1290827,20406,1349973
14368,1288716,21775,1347360
14369,1294956,20235,1354339
14370,1291271,21122,1350855
14371,1289938,20194,1349279
14372,1282401,20451,1341536
14373,1357845,21653,1438588
14374,1574969,24947,1674341
14375,1535322,25278,1630747
14376,1531433,30960,1632022
14377,1486138,27163,1583095
14378,1509063,25975,1604870
14379,1532544,23602,1626775
14380,1544711,23063,1638291
14381,1529582,23487,1623437
14382,1454453,27170,1545974
14383,1557210,24538,1652229
14384,1551415,22388,1643171
14385,1524155,22348,1625169
14386,1485842,35050,1587613
14387,1546433,22752,1640739
14388,1575581,23657,1674644
14389,1546822,23007,1642031
14390,1496083,22671,1588807
14391,1510138,28836,1611565
14392,1497508,23019,1587470
14393,1373621,21128,1450100
14394,1348400,20718,1420098
14395,1326252,23550,1394486
14396,1353492,20844,1419743
14397,1320068,20341,1382148
14398,1318604,21709,1382813
14399,1357974,20392,1423217
14400,1296512,22391,1358180
14401,1306660,20370,1366659
14402,1300049,20886,1360008
14403,1292827,20217,1351173
14404,1285327,22030,1344301
14405,1291845,20158,1350391
14406,1289419,20637,1347315
14407,1289827,20542,1347368
14408,1302067,20688,1361125
14409,1292883,21464,1352790
14410,1297142,20424,1355658
14411,1290827,20496,1348730
14412,1285271,20383,1342191
14413,1288827,21289,1347059
14414,1297215,20620,1357205
14415,1330715,20877,1397109
14416,1304142,20245,1364330
14417,1299401,20316,1359309
14418,1294809,20926,1355530
14419,1293049,20775,1352676
14420,1294161,20236,1353747
14421,1283308,20382,1341060
14422,1287419,21621,1347244
14423,1291716,20971,1351667
14424,1291587,20079,1349628
14425,1292160,20466,1351699
14426,1293993,21260,1353419
14427,1284272,22388,1344085
14428,1289660,20960,1348971
14429,1284142,20180,1342524
14430,1305790,20622,1365022
14431,1295493,21472,1355854
14432,1288846,21155,1347592
14433,1284512,20245,1342775
14434,1289197,20613,1349402
14435,1294883,21074,1355381
14436,1285031,21906,1344324
14437,1292197,20348,1352155
14438,1282641,20234,1341449
14439,1293882,21343,1354077
14440,1283827,21971,1343038
14441,1291530,20321,1349888
14442,1290957,20170,1349719
14443,1291697,20557,1350901
14444,1290457,21036,1348214
14445,1283142,21571,1342398
14446,1287772,20106,1346451
14447,1291401,21048,1349819
14448,1289105,20194,1348168
14449,1282568,21563,1340278
14450,1287271,20542,1345442
14451,1288179,20262,1346310
14452,1285475,20352,1342345
14453,1285420,21128,1344102
14454,1286198,21033,1345026
14455,1290493,20383,1348931
14456,1402751,20529,1484223
14457,1523193,26545,1619570
14458,1344993,24414,1417294
14459,1331696,20504,1396885
14460,1324363,21224,1389864
14461,1325789,20444,1392306
14462,1321826,20645,1385952
14463,1303512,21866,1363284
14464,1304142,21067,1364875
14465,1296438,20769,1356391
14466,1289476,20229,1348815
14467,1283734,21950,1342369
14468,1290494,21003,1349311
14469,1288160,21112,1347401
14470,1292753,20128,1352213
14471,1292475,20626,1352748
14472,1291142,21439,1350302
14473,1297956,20844,1357726
14474,1293235,20434,1353075
14475,1289641,20969,1349388
14476,1287086,21430,1345886
14477,1299308,20928,1358495
14478,1293105,20426,1353252
14479,1290420,20479,1349490
14480,1300290,21014,1360729
14481,1293067,22068,1353523
14482,1293919,19751,1353429
14483,1285383,20230,1342538
14484,1304049,20950,1365738
14485,1292530,21670,1353126
14486,1295234,20538,1355327
14487,1296586,20277,1355306
14488,1301401,20867,1362582
14489,1292345,21198,1352283
14490,1291068,21215,1351930
14491,1295123,20287,1354224
14492,1290846,20470,1347185
14493,1296087,20430,1356108
14494,1283661,21466,1341014
14495,1295697,20815,1355438
14496,1296827,20313,1355620
14497,1290104,20422,1349414
14498,1289790,20808,1349190
14499,1284716,21844,1342966
14500,1298068,20249,1355593
14501,1288049,20265,1345499
14502,1289753,20429,1347385
14503,1281309,21372,1337847
14504,1288198,20240,1344678
14505,1290549,20090,1348027
14506,1286919,20180,1343951
14507,1296067,20382,1356615
14508,1291549,21084,1348873
14509,1294364,20341,1353945
14510,1290235,20246,1349979
14511,1285086,20355,1343311
14512,1289327,21668,1347994
14513,1302160,20351,1363232
14514,1299494,20052,1358415
14515,1287716,20569,1345913
14516,1302290,20418,1360781
14517,1283716,21528,1342502
14518,1284845,20340,1342667
14519,1286105,20745,1345090
14520,1295771,20595,1355069
14521,1291809,21390,1350086
14522,1294641,20499,1354343
14523,1288253,20719,1347119
14524,1294161,20235,1352598
14525,1292327,20399,1350855
14526,1284364,21231,1342298
14527,1291919,20562,1349666
14528,1288327,20097,1346608
14529,1285327,20243,1342569
14530,1280975,21500,1339271
14531,1288365,20609,1347010
14532,1286864,20144,1344933
14533,1292178,20160,1350857
14534,1285698,20658,1344707
14535,1278457,22268,1336983
14536,1284512,20469,1342814
14537,1290957,20152,1350478
14538,1287457,20464,1345809
14539,1288753,22426,1349678
14540,1288993,20257,1346305
14541,1290086,20958,1349525
14542,1291068,20401,1351486
14543,1284956,20121,1344336
14544,1278791,21360,1335631
14545,1296401,20524,1357184
14546,1290623,20503,1349515
14547,1287901,20131,1345513
14548,1284679,21777,1342548
14549,1289772,20257,1348583
14550,1286086,20310,1343710
14551,1290809,20252,1349171
14552,1282642,20361,1341132
14553,1287661,21285,1346723
14554,1289827,20376,1348794
14555,1284513,20262,1342292
14556,1284531,20167,1341938
14557,1277679,21555,1336140
14558,1283660,20312,1341119
14559,1286771,20291,1344839
14560,1284624,20122,1341708
14561,1288068,20397,1346076
14562,1295141,21692,1355074
14563,1290438,20579,1349516
14564,1288457,20262,1346032
14565,1296512,20611,1357493
14566,1289641,21795,1348788
14567,1285660,20219,1343675
14568,1293494,20513,1352376
14569,1287827,20492,1348633
14570,1290642,21286,1350094
14571,1281031,21581,1341111
14572,1284383,20356,1341145
14573,1286642,20150,1343310
14574,1290179,20296,1348196
14575,1277790,21628,1336491
14576,1301715,21403,1360989
14577,1301790,20568,1362690
14578,1296567,20251,1357336
14579,1296438,20785,1355741
14580,1288327,21728,1346388
14581,1288327,21041,1346404
14582,1285494,20446,1342143
14583,1289123,20796,1346511
14584,1282771,21868,1340472
14585,1285197,20292,1342970
14586,1292883,20308,1351468
14587,1291956,21176,1351299
14588,1292456,20211,1350519
14589,1280068,21820,1339128
14590,1296938,21096,1357107
14591,1292049,20631,1350475
14592,1287623,20425,1345844
14593,1281179,22071,1340898
14594,1297179,21125,1356969
14595,1289141,20085,1346486
14596,1282086,20342,1339984
14597,1287049,20951,1345055
14598,1283438,21672,1342609
14599,1285419,20096,1344070
14600,1285735,20649,1343642
14601,1286845,20572,1344751
14602,1285457,21701,1345953
14603,1307160,21587,1369302
14604,1293253,20400,1351226
14605,1286234,20731,1343816
14606,1296142,20377,1356203
14607,1292604,22042,1351035
14608,1291308,20151,1349495
14609,1289327,20815,1347567
14610,1284272,20461,1342009
14611,1290327,22015,1349304
14612,1294290,20402,1352876
14613,1284271,20233,1343133
14614,1294531,20212,1353760
14615,1296178,21191,1356202
14616,1291179,22060,1350293
14617,1291808,20280,1350088
14618,1286624,20518,1345733
14619,1285142,21090,1344509
14620,1280105,21996,1339174
14621,1284939,20438,1342227
14622,1283346,20325,1340614
14623,1367011,22082,1440480
14624,1303475,21191,1365202
14625,1299326,21856,1359848
14626,1299086,20520,1359846
14627,1301271,20129,1360918
14628,1300086,21016,1359897
14629,1290975,21995,1351044
14630,1292160,20530,1351431
14631,1286753,20121,1344002
14632,1294808,21359,1355352
14633,1295438,20375,1354979
14634,1284179,21448,1343496
14635,1301698,20797,1363012
14636,1299512,20851,1358640
14637,1290419,20571,1349601
14638,1286327,21606,1346062
14639,1289587,20474,1347893
14640,1286698,21194,1344039
14641,1288790,20396,1347944
14642,1281902,20412,1339942
14643,1278253,21299,1337015
14644,1294160,21260,1353938
14645,1285660,20461,1343917
14646,1294734,21700,1357878
14647,1284846,21476,1344654
14648,1285290,20029,1343541
14649,1289308,20231,1347853
14650,1285012,21025,1344777
14651,1283383,20171,1341682
14652,1283402,21725,1341903
14653,1288734,20148,1346808
14654,1288790,20813,1348343
14655,1291419,20662,1351433
14656,1280308,21272,1337765
14657,1292290,20899,1351744
14658,1295623,20508,1355797
14659,1284346,20413,1342036
14660,1283420,20818,1341052
14661,1283568,21706,1342291
14662,1287087,20166,1345456
14663,1282550,20238,1339972
14664,1290383,20717,1348099
14665,1284068,22160,1343228
14666,1288030,20843,1346410
14667,1290513,20100,1348686
14668,1298882,20839,1358276
14669,1316289,20596,1378070
14670,1299605,22094,1360772
14671,1298419,20333,1356196
14672,1292901,20830,1352675
14673,1290013,20236,1347877
14674,1285364,21901,1344709
14675,1288345,20324,1346632
14676,1291457,20655,1349593
14677,1291160,20375,1350757
14678,1290586,20503,1349310
14679,1284956,21501,1344883
14680,1289160,20851,1347696
14681,1304197,20719,1365489
14682,1291975,20235,1351191
14683,1286716,21919,1346319
14684,1293993,21009,1353872
14685,1290123,20340,1349685
14686,1293346,20190,1352516
14687,1287531,20947,1348440
14688,1284327,21964,1343735
14689,1288790,20406,1346510
14690,1286956,20515,1346174
14691,1292567,21124,1352690
14692,1308252,21604,1369929
14693,1295734,20342,1355761
14694,1290493,20099,1348999
14695,1300438,21004,1362478
14696,1295160,20446,1352884
14697,1288365,22148,1348327
14698,1293994,20424,1353287
14699,1287901,20959,1347063
14700,1287012,20493,1345005
14701,1282234,21455,1340485
14702,1292734,20527,1350649
14703,1284642,21173,1343166
14704,1291753,20263,1350793
14705,1286031,19927,1343494
14706,1279753,21333,1337474
14707,1291198,20646,1350120
14708,1520637,24329,1614076
14709,1556599,23586,1648499
14710,1479694,29047,1576980
14711,1544619,22267,1640217
14712,1485805,22320,1579735
14713,1585914,22244,1694193
14714,1444972,21353,1533472
14715,1396732,23185,1478194
14716,1422676,22497,1503876
14717,1411861,21587,1495096
14718,1406177,22289,1486390
14719,1392436,25158,1472074
14720,1406029,21304,1484775
14721,1405972,21912,1485884
14722,1413528,22336,1493974
14723,1627061,42482,1747671
14724,1478119,28406,1573876
14725,1593673,23645,1702538
14726,1530841,22883,1626760
14727,1516526,23603,1611628
14728,1528785,34194,1629441
14729,1505637,23136,1597791
14730,1556100,24838,1658029
14731,1432065,24336,1518640
14732,1423584,23389,1506064
14733,1405270,25202,1487248
14734,1428361,23959,1511838
14735,1419991,22179,1500984
14736,1422028,23381,1502130
14737,1407528,23657,1486962
14738,1426768,23210,1509422
14739,1410566,23689,1491420
14740,1617246,27335,1719340
14741,1577507,22870,1671005
14742,1500860,25979,1601431
14743,1524600,22662,1619928
14744,1567173,22919,1671980
14745,1492953,22602,1584109
14746,1479342,29082,1576386
14747,1507490,24043,1601068
14748,1416769,21170,1497809
14749,1437621,21853,1521324
14750,1411066,21073,1490434
14751,1380344,24498,1461433
14752,1427250,22347,1508022
14753,1584229,24215,1687517
14754,1580544,23657,1679570
14755,1521619,31082,1617977
14756,1794021,24098,1900099
14757,1662709,39521,1781488
14758,1639394,24205,1743338
14759,1684060,26165,1789613
14760,1512230,33034,1614504
14761,1516804,25865,1611224
14762,1541378,23067,1640795
14763,1566358,23361,1669014
14764,1523138,24378,1613643
14765,1533674,22912,1630622
14766,1561396,24225,1658693
14767,1546063,21963,1644229
14768,1572932,25517,1668929
14769,1487824,29608,1586318
14770,1494360,24661,1592816
14771,1544063,24029,1641776
14772,1511471,25008,1607478
14773,1389454,29062,1471220
14774,1350196,21912,1420904
14775,1322956,20576,1387291
14776,1316326,20389,1378567
14777,1341845,20961,1409619
14778,1310641,22644,1375785
14779,1299604,20420,1360153
14780,1311382,20381,1375021
14781,1302438,20267,1362686
14782,1290105,21636,1351388
14783,1298271,20134,1358682
14784,1306863,20891,1369643
14785,1305604,20389,1366789
14786,1293716,20497,1355138
14787,1286735,21218,1345322
14788,1290624,20345,1348912
14789,1298493,20269,1357577
14790,1299549,20248,1359056
14791,1285901,22080,1345406
14792,1294475,20596,1353830
14793,1290086,20168,1348939
14794,1300697,20499,1361066
14795,1297086,20738,1357601
14796,1282698,21662,1342322
14797,1298438,20419,1357375
14798,1298456,21158,1359558
14799,1291678,20377,1350204
14800,1281012,21524,1339851
14801,1300346,21133,1360977
14802,1295401,20557,1354401
14803,1288772,20295,1346195
14804,1298716,20941,1359711
14805,1289216,21662,1347303
14806,1288827,21030,1345597
14807,1297364,20435,1357409
14808,1290308,20099,1346926
14809,1284346,21283,1341406
14810,1293049,21262,1352699
14811,1284956,20371,1343420
14812,1285976,20184,1343028
14813,1292808,20496,1349563
14814,1284809,22087,1343247
14815,1294994,20233,1353578
14816,1289531,20471,1347631
14817,1285271,20543,1343536
14818,1284790,21338,1343183
14819,1291975,20428,1350088
14820,1291846,20241,1349938
14821,1290401,20183,1350083
14822,1297475,20255,1357674
14823,1285197,21383,1343783
14824,1290660,20307,1348874
14825,1295512,20230,1355686
14826,1289178,20172,1346962
14827,1286013,21245,1343886
14828,1293975,20298,1353606
14829,1289883,20092,1348252
14830,1323845,20905,1388953
14831,1296938,20310,1356451
14832,1289419,21327,1347764
14833,1295531,20121,1353114
14834,1291957,20230,1352297
14835,1293105,20357,1350776
14836,1286161,21893,1344775
14837,1288975,20279,1347698
14838,1288160,20259,1346344
14839,1300364,20627,1359545
14840,1290920,21013,1348951
14841,1282309,21567,1342060
14842,1297123,20343,1356410
14843,1289827,20322,1348185
14844,1288105,20949,1345609
14845,1283531,21466,1342682
14846,1294512,20464,1353790
14847,1286938,20443,1345992
14848,1324548,21052,1385100
14849,1304697,20365,1365617
14850,1286068,21604,1346486
14851,1299753,20805,1360354
14852,1292123,20877,1351481
14853,1290049,20190,1347405
14854,1287587,21781,1346514
14855,1287308,20445,1345531
14856,1290364,21054,1348528
14857,1290809,20237,1349304
14858,1283939,20327,1341487
14859,1282068,21400,1339022
14860,1291568,21231,1349427
14861,1290401,20710,1348573
14862,1287104,20245,1345590
14863,1322845,22447,1388365
14864,1317438,20797,1379567
14865,1317882,20850,1381305
14866,1298142,20292,1359100
14867,1297494,20420,1356857
14868,1292364,22807,1353559
14869,1294605,20342,1352668
14870,1290161,20543,1348592
14871,1293679,20356,1354219
14872,1285920,26428,1350477
14873,1289438,20260,1347864
14874,1296308,21072,1357009
14875,1286068,20477,1345452
14876,1308845,20994,1371468
14877,1300586,21770,1361355
14878,1299752,21249,1359094
14879,1286531,20228,1343759
14880,1286623,20189,1344201
14881,1290679,21484,1350366
14882,1289938,20815,1349752
14883,1286012,20220,1345102
14884,1289716,20218,1349044
14885,1292364,20920,1352746
14886,1286901,22437,1347485
14887,1287290,20379,1345761
14888,1283549,20321,1340888
14889,1288216,20856,1346886
14890,1281827,21447,1341940
14891,1286161,22074,1346716
14892,1284882,20276,1342510
14893,1289827,20533,1348211
14894,1294994,21068,1355690
14895,1293049,21937,1353596
14896,1291235,20286,1349279
14897,1295790,20691,1356258
14898,1289512,20819,1349849
14899,1291456,21595,1351847
14900,1292420,20352,1351882
14901,1286086,20257,1344454
14902,1292919,20737,1352822
14903,1291623,20327,1349857
14904,1285735,22381,1344782
14905,1292901,20194,1351057
14906,1294734,21006,1354184
14907,1287160,20171,1344238
14908,1281772,22003,1339348
14909,1298753,20260,1357456
14910,1290050,20720,1348917
14911,1288457,20107,1346582
14912,1295642,20568,1353931
14913,1283864,21492,1342893
14914,1289216,20934,1350113
14915,1287271,20136,1345296
14916,1289327,20893,1347219
14917,1289272,21206,1348681
14918,1293587,20352,1353586
14919,1296123,20165,1353547
14920,1288456,20996,1346730
14921,1282771,20253,1341505
14922,1293253,21270,1353707
14923,1298567,20564,1358261
14924,1291086,21173,1349666
14925,1286160,20060,1343886
14926,1288420,21799,1347792
14927,1295679,20426,1355215
14928,1290234,20794,1348639
14929,1293271,20033,1352026
14930,1286420,20549,1346209
14931,1284216,21770,1344263
14932,1287234,20897,1345502
14933,1284864,20488,1343314
14934,1288493,20708,1348312
14935,1281475,21225,1338625
14936,1283920,21000,1341160
14937,1284846,20239,1343176
14938,1285105,20440,1343322
14939,1279365,20049,1336098
14940,1283309,21715,1341596
14941,1283901,20101,1341317
14942,1283328,20210,1341648
14943,1287864,20319,1345812
14944,1285438,22095,1345329
14945,1296253,20408,1355345
14946,1296290,20609,1356750
14947,1285105,20496,1342804
14948,1290938,20383,1348487
14949,1283494,21307,1341541
14950,1286753,20472,1345335
14951,1289438,20729,1349351
14952,1292031,20467,1351053
14953,1285531,21614,1344459
14954,1294623,20352,1354216
14955,1288364,20628,1347454
14956,1294827,20292,1352396
14957,1289475,20235,1347839
14958,1284642,21807,1344708
14959,1289179,20712,1347391
14960,1286550,20118,1343277
14961,1288253,20319,1346349
14962,1284012,21429,1341959
14963,1285105,21223,1343605
14964,1288753,20406,1345602
14965,1288994,20255,1345582
14966,1298049,20957,1358542
14967,1285327,21418,1343819
14968,1284105,20323,1341205
14969,1293901,20340,1353333
14970,1291938,20893,1350293
14971,1284383,20947,1341940
14972,1287920,20593,1345753
14973,1290882,20276,1347991
14974,1289512,20144,1346452
14975,1287975,20216,1346228
14976,1281605,21937,1338856
14977,1288641,20490,1346576
14978,1290031,20377,1348018
14979,1283068,20245,1340090
14980,1281827,22095,1340144
14981,1287475,20519,1346216
14982,1285679,20424,1343195
14983,1287920,20607,1346248
14984,1286049,20438,1343950
14985,1283456,21511,1341467
14986,1290031,20324,1347761
14987,1286568,20525,1344129
14988,1279920,20227,1336923
14989,1280031,21688,1337311
14990,1300549,21038,1360604
14991,1295975,21017,1355343
14992,1291660,20200,1350359
14993,1295827,20142,1355024
14994,1289290,21863,1348559
14995,1285327,20120,1343391
14996,1288364,20247,1345259
14997,1289068,20023,1347275
14998,1294550,21984,1354736
14999,1289123,20352,1346771
15000,1286235,20350,1344121
15001,1289197,20700,1348193
15002,1287938,20624,1346339
15003,1281623,21826,1339800
15004,1290105,21527,1349354
15005,1284957,20284,1343111
15006,1282790,20393,1340831
15007,1285197,21558,1343477
15008,1289346,21297,1348068
15009,1285734,20554,1344380
15010,1286604,20237,1344360
15011,1286660,21179,1345839
15012,1285401,21937,1343448
15013,1290141,20324,1349057
15014,1294253,20303,1352999
15015,1290456,21134,1349664
15016,1279919,22151,1338774
15017,1285308,20223,1342753
15018,1285679,20165,1342862
15019,1283938,20848,1341934
15020,1281475,20216,1338117
15021,1283475,21326,1341356
15022,1287679,20342,1345983
15023,1285049,21192,1344129
15024,1289364,20356,1347534
15025,1278068,21744,1337015
15026,1287141,20704,1346642
15027,1292086,20702,1352547
15028,1297123,20385,1356748
15029,1289790,20938,1349098
15030,1283346,22196,1343560
15031,1286902,20398,1346206
15032,1286920,20433,1346000
15033,1290642,21356,1350201
15034,1279716,21318,1338811
15035,1291401,20334,1349586
15036,1296568,20387,1354102
15037,1306938,20256,1370896
15038,1307919,20494,1369616
15039,1284975,21437,1342504
15040,1292938,20287,1349817
15041,1289604,20451,1349203
15042,1338215,20745,1408015
15043,1308882,22558,1374014
15044,1299142,20334,1359253
15045,1305252,20239,1367343
15046,1306938,20552,1368970
15047,1302141,20161,1362024
15048,1295401,21622,1355615
15049,1292753,20416,1351520
15050,1308364,20507,1371592
15051,1296234,20338,1356534
15052,1291420,21929,1351255
15053,1294179,20538,1352957
15054,1290624,21832,1352788
15055,1291012,20200,1349582
15056,1294512,20661,1353394
15057,1287827,21548,1348189
15058,1302623,21157,1364224
15059,1288309,20359,1347926
15060,1292919,20393,1350720
15061,1284364,21503,1343218
15062,1286883,21075,1346216
15063,1284938,20295,1343584
15064,1285846,20589,1344360
15065,1288938,21179,1349024
15066,1283476,22067,1343800
15067,1285957,20509,1344724
15068,1288031,20284,1345852
15069,1283512,21282,1343331
15070,1289493,21559,1348959
15071,1290123,19871,1349290
15072,1286179,20147,1344158
15073,1286198,20959,1344786
15074,1287660,21050,1346487
15075,1281401,21252,1339671
15076,1289957,20472,1349020
15077,1284939,20285,1342111
15078,1314142,21097,1374478
15079,1288531,22040,1349163
15080,1286197,20186,1343420
15081,1287919,20276,1345825
15082,1304068,21219,1365619
15083,1287957,20957,1347635
15084,1283864,21437,1341912
15085,1290179,20750,1350076
15086,1291512,20488,1350611
15087,1287161,21171,1346498
15088,1286994,21744,1344848
15089,1284234,20168,1342161
15090,1292531,20165,1350492
15091,1286012,20811,1343730
15092,1283882,20253,1340247
15093,1283031,21493,1341152
15094,1289105,20639,1347761
15095,1284198,20970,1342167
15096,1284531,20264,1342646
15097,1282346,21077,1340718
15098,1284346,20538,1342531
15099,1288179,21073,1348251
15100,1292623,21126,1351360
15101,1286013,20309,1344117
15102,1291346,22159,1351689
15103,1295530,20435,1355187
15104,1291234,20507,1349666
15105,1299716,20597,1359701
15106,1286290,21929,1346015
15107,1285049,20223,1344124
15108,1291123,20628,1349566
15109,1288086,20867,1346230
15110,1291531,20198,1349858
15111,1285901,22678,1346097
15112,1284772,20250,1341354
15113,1282179,20581,1340574
15114,1290883,20097,1351257
15115,1283753,22059,1342681
15116,1290883,20519,1348920
15117,1291457,20851,1351269
15118,1285624,20256,1344230
15119,1349622,20365,1412097
15120,1415417,22882,1500001
15121,1610117,24083,1710162
15122,1535118,22470,1631735
15123,1581710,21893,1684269
15124,1464102,23855,1551603
15125,1506619,22279,1604711
15126,1522748,22610,1613246
15127,1439805,24015,1526505
15128,1408214,20846,1486929
15129,1381954,22900,1463039
15130,1433083,22546,1516517
15131,1406565,21359,1488016
15132,1406028,21153,1485588
15133,1488860,23355,1580232
15134,1598784,25630,1704024
15135,1751596,23943,1857519
15136,1562377,32978,1666724
15137,1659505,25457,1767405
15138,1646838,30844,1763978
15139,1613562,23231,1714865
15140,1719893,24711,1821750
15141,1566192,26245,1667640
15142,1617209,25448,1722063
15143,1594895,24797,1699265
15144,1608210,24739,1722892
15145,1586803,24256,1693298
15146,1582932,26550,1687962
15147,1571433,35641,1675702
15148,1568488,24713,1665922
15149,1579043,25007,1681179
15150,1600524,24931,1702639
15151,1536711,33336,1637713
15152,1569988,26038,1670099
15153,1744836,26684,1864093
15154,1593710,31422,1707223
15155,1559600,23050,1660426
15156,1493323,28919,1591166
15157,1533285,25009,1636534
15158,1511193,23266,1606125
15159,1568840,22394,1674380
15160,1427528,25577,1515752
15161,1461657,22057,1548138
15162,1422695,21536,1505304
15163,1416880,22163,1498098
15164,1412972,21402,1494651
15165,1388751,23085,1467595
15166,1410862,21917,1490740
15167,1420214,22766,1503145
15168,1415528,21838,1495291
15169,1569248,25392,1665453
15170,1575080,22149,1672432
15171,1537174,23480,1634801
15172,1458564,21700,1545004
15173,1352344,21365,1422578
15174,1318530,23160,1385263
15175,1341234,21102,1408853
15176,1344734,21118,1412888
15177,1323253,21394,1388608
15178,1295697,21985,1359348
15179,1313956,20316,1377697
15180,1313141,20443,1374176
15181,1308901,21126,1371656
15182,1318641,20735,1383857
15183,1307604,22585,1370708
15184,1303790,21380,1366817
15185,1295050,21137,1355166
15186,1296827,20301,1357035
15187,1283142,21596,1341867
15188,1311345,20538,1373345
15189,1302272,21406,1365010
15190,1297679,20404,1357434
15191,1287493,20568,1347080
15192,1286808,21863,1345171
15193,1295623,21046,1357095
15194,1291549,20433,1350685
15195,1284790,20209,1343405
15196,1288475,21670,1348626
15197,1291420,21131,1351975
15198,1289012,22166,1349436
15199,1319085,20793,1382304
15200,1303623,21291,1364228
15201,1293679,22660,1354171
15202,1290087,21065,1350576
15203,1290086,20414,1351241
15204,1292290,20709,1350924
15205,1288439,21929,1348089
15206,1293364,21149,1352068
15207,1284419,20443,1343418
15208,1287772,20737,1345953
15209,1291716,21013,1352191
15210,1282901,21549,1342097
15211,1296382,19509,1354928
15212,1286901,20933,1345074
15213,1285457,20949,1343776
15214,1279475,22263,1338552
15215,1286123,20223,1344013
15216,1290642,20388,1349140
15217,1305364,21163,1366860
15218,1294919,21124,1355691
15219,1279846,21604,1339597
15220,1290790,20324,1348373
15221,1293271,20248,1353444
15222,1305752,20709,1367701
15223,1299808,21874,1363052
15224,1296438,20335,1355957
15225,1290012,20462,1349011
15226,1291216,21386,1352693
15227,1293364,21050,1352951
15228,1285568,21956,1344875
15229,1296512,20269,1355058
15230,1291994,20545,1349741
15231,1287568,21153,1345998
15232,1279735,21689,1338053
15233,1288845,20946,1347217
15234,1289086,20166,1347733
15235,1288808,21312,1347953
15236,1287104,20329,1344914
15237,1281846,21401,1339968
15238,1293919,20492,1352873
15239,1300456,20971,1362464
15240,1298309,20487,1358647
15241,1288845,21801,1348627
15242,1293419,20558,1352791
15243,1295623,20370,1353993
15244,1287549,20146,1345324
15245,1288290,20273,1347470
15246,1295475,22216,1356098
15247,1289197,20418,1346689
15248,1285642,20471,1343279
15249,1283420,20136,1340796
15250,1277901,21412,1335072
15251,1284234,20317,1340755
15252,1292660,20389,1351105
15253,1288956,20295,1347028
15254,1289179,20163,1348174
15255,1288957,21069,1348025
15256,1295808,20270,1354615
15257,1288549,20324,1346669
15258,1286197,20099,1343129
15259,1282586,21339,1341647
15260,1284605,20392,1341978
15261,1286827,20445,1343994
15262,1286438,20110,1344696
15263,1298105,20700,1358804
15264,1289753,21495,1349081
15265,1286160,20975,1344542
15266,1291605,20306,1350428
15267,1290864,20322,1348926
15268,1286234,21765,1344795
15269,1288290,21244,1348163
15270,1288475,20390,1348124
15271,1290197,20314,1349159
15272,1287568,20775,1345564
15273,1284308,22236,1344785
15274,1288549,20068,1346616
15275,1290753,20288,1349392
15276,1287938,21082,1346019
15277,1287216,21580,1347073
15278,1292178,20282,1349997
15279,1283605,20372,1341588
15280,1298142,20963,1357419
15281,1286660,20294,1344417
15282,1290049,21422,1348711
15283,1287716,20364,1346950
15284,1292197,21066,1350818
15285,1288216,20990,1347260
15286,1289938,21562,1349685
15287,1294661,20542,1353960
15288,1291753,20410,1350810
15289,1289494,21408,1348956
15290,1284531,20313,1342936
15291,1282142,21886,1341064
15292,1301567,20457,1361450
15293,1291531,20974,1350893
15294,1290031,20435,1348446
15295,1282197,21711,1340574
15296,1289012,20338,1346461
15297,1283512,20873,1342292
15298,1297456,20575,1355475
15299,1288290,20110,1346621
15300,1283865,21590,1342398
15301,1292160,20958,1351043
15302,1283086,20326,1340819
15303,1287327,20491,1346447
15304,1285234,21786,1341316
15305,1285142,20857,1342351
15306,1282235,20263,1339348
15307,1282976,23057,1342865
15308,1286679,20240,1343863
15309,1289642,21498,1348139
15310,1288716,20921,1348303
15311,1289549,20382,1346597
15312,1283253,20250,1339984
15313,1284605,21508,1343038
15314,1287012,20043,1345277
15315,1293031,20597,1352312
15316,1287365,20280,1344384
15317,1292753,21129,1352567
15318,1282235,21628,1341732
15319,1287698,20940,1346619
15320,1285030,20531,1342302
15321,1289216,20344,1347559
15322,1283920,22324,1343557
15323,1282531,21136,1340111
15324,1313345,20671,1374701
15325,1288883,20502,1349551
15326,1295086,20852,1355956
15327,1286864,21980,1345084
15328,1291697,20385,1348638
15329,1282308,20309,1338969
15330,1286476,21196,1345485
15331,1281030,21731,1339188
15332,1287087,20174,1345704
15333,1287976,20246,1345553
15334,1300271,20929,1362107
15335,1294845,21130,1355105
15336,1286364,22721,1347011
15337,1291586,20256,1348823
15338,1298771,21087,1358432
15339,1291327,20937,1350319
15340,1282790,22732,1342762
15341,1288716,20637,1347278
15342,1291457,21042,1350517
15343,1287957,21040,1347941
15344,1290049,20260,1348513
15345,1282642,21333,1340863
15346,1289568,20701,1347639
15347,1289328,20958,1347951
15348,1287697,20197,1345116
15349,1281438,21695,1338763
15350,1294697,20601,1353168
15351,1287734,21024,1346480
15352,1287790,20059,1345589
15353,1287050,20520,1346198
15354,1281809,21500,1339141
15355,1299938,21016,1361380
15356,1290624,20348,1348415
15357,1289716,20105,1348172
15358,1284475,21122,1342430
15359,1296845,21101,1357224
15360,1326030,20506,1387165
15361,1302772,22615,1365460
15362,1291845,20446,1351051
15363,1291753,21501,1350734
15364,1291938,20369,1349714
15365,1287975,20922,1347100
15366,1285494,20216,1343858
15367,1283457,21696,1342430
15368,1291809,20453,1349983
15369,1354437,21488,1424406
15370,1304308,20449,1368127
15371,1302179,20317,1363866
15372,1300772,21408,1359975
15373,1302456,21036,1363103
15374,1291827,20349,1350564
15375,1288031,20532,1345117
15376,1292512,22012,1352986
15377,1296253,20991,1356836
15378,1297901,20285,1357796
15379,1289068,20542,1348887
15380,1292587,20984,1351181
15381,1284272,21446,1342809
15382,1288290,20203,1346881
15383,1294235,20923,1354601
15384,1295420,20569,1354988
15385,1281660,21623,1341376
15386,1288882,20195,1348336
15387,1290475,20619,1348927
15388,1288142,20672,1346221
15389,1287160,20337,1345904
15390,1288123,21891,1348495
15391,1287845,20833,1347030
15392,1292068,20850,1351046
15393,1289123,20255,1347470
15394,1281401,21939,1341413
15395,1286624,20751,1345300
15396,1305346,20694,1364668
15397,1290401,20432,1349592
15398,1287586,20782,1346738
15399,1286661,21577,1345736
15400,1294938,20445,1354123
15401,1288882,20220,1347380
15402,1290401,20700,1350193
15403,1281846,21958,1342154
15404,1299160,20955,1358633
15405,1294586,20379,1353576
15406,1317068,20396,1381629
15407,1303105,20967,1366238
15408,1295105,22133,1355885
15409,1295123,20556,1355734
15410,1293697,20165,1352806
15411,1292512,20478,1351045
15412,1295364,21254,1353895
15413,1293994,20049,1352023
15414,1298604,20176,1358021
15415,1294438,20396,1353870
15416,1285975,20357,1343146
15417,1283605,21059,1341793
15418,1285271,20372,1344050
15419,1298957,20444,1358566
15420,1325827,20312,1386045
15421,1309308,21884,1369933
15422,1295012,20290,1354431
15423,1283309,20288,1341836
15424,1292030,20304,1348964
15425,1304586,21154,1365072
15426,1289827,21448,1348812
15427,1290772,20094,1349532
15428,1287068,20407,1345474
15429,1312938,21312,1374453
15430,1292827,22163,1352933
15431,1295382,21253,1355079
15432,1293493,20399,1352040
15433,1293364,20730,1351612
15434,1289679,20802,1347740
15435,1281291,21504,1339498
15436,1288179,20447,1346829
15437,1290957,20648,1348493
15438,1289364,20998,1347639
15439,1281123,21608,1339249
15440,1286567,20439,1343747
15441,1288383,20455,1346670
15442,1300901,20953,1361705
15443,1289086,20210,1347388
15444,1286420,21209,1344572
15445,1289290,20188,1347551
15446,1284679,21056,1342772
15447,1286179,20313,1344121
15448,1284808,21534,1342823
15449,1286808,20347,1344192
15450,1292568,21252,1352856
15451,1289160,20379,1347335
15452,1288271,21507,1347555
15453,1286975,21598,1346332
15454,1294661,20429,1353996
15455,1286661,20279,1344402
15456,1288235,20795,1344992
15457,1278365,21460,1336454
15458,1289216,20273,1348266
15459,1292809,20438,1351134
15460,1285179,20954,1343632
15461,1286901,20230,1345630
15462,1285846,21210,1344721
15463,1291827,20596,1350534
15464,1284382,21150,1343217
15465,1291568,20388,1349863
15466,1282901,25479,1346861
15467,1286976,20440,1344656
15468,1284568,20920,1342505
15469,1284531,20214,1343244
15470,1285716,20508,1345001
15471,1296864,21710,1358258
15472,1293161,21134,1351034
15473,1283661,20206,1341810
15474,1284087,20463,1342215
15475,1299771,21647,1362899
15476,1303068,20867,1363693
15477,1291678,20124,1349969
15478,1284827,20362,1344818
15479,1357844,20675,1421722
15480,1300364,22303,1361426
15481,1308734,20301,1370886
15482,1295642,20354,1354366
15483,1286161,20667,1343290
15484,1290716,21277,1349270
15485,1289420,20330,1347582
15486,1290327,20180,1348691
15487,1300883,20826,1362985
15488,1298031,20361,1357261
15489,1283068,22081,1341963
15490,1293604,20376,1352794
15491,1289382,20373,1347570
15492,1290512,20482,1347494
15493,1283179,21759,1342400
15494,1291438,20183,1350287
15495,1292234,20514,1350747
15496,1297253,21141,1356078
15497,1285049,20454,1344021
15498,1302771,21675,1367612
15499,1307456,20395,1368276
15500,1296827,20967,1356237
15501,1290901,21168,1350994
15502,1284383,21870,1342734
15503,1288550,20220,1347620
15504,1295401,20736,1355137
15505,1290345,20956,1349635
15506,1283624,20973,1343336
15507,1285661,21860,1344742
15508,1293549,20580,1350999
15509,1289864,21041,1347812
15510,1295753,20502,1354624
15511,1280883,21630,1339808
15512,1288902,20406,1346695
15513,1295679,21033,1355396
15514,1295197,20420,1364783
15515,1589210,23455,1687441
15516,1476546,29786,1576312
15517,1491101,23599,1586310
15518,1550822,24134,1646010
15519,1537692,22002,1632620
15520,1455769,25353,1543620
15521,1560433,23295,1654764
15522,1536711,22089,1634466
15523,1542229,22846,1641926
15524,1556637,22677,1649868
15525,1496193,31491,1597479
15526,1554933,23859,1652865
15527,1559766,22746,1654288
15528,1500879,22447,1593658
15529,1494564,26835,1592397
15530,1593210,22388,1691634
15531,1515304,23904,1609096
15532,1599821,22495,1696370
15533,1690689,24048,1796570
15534,1523563,33287,1622275
15535,1538674,22193,1634051
15536,1586840,22950,1682085
15537,1483971,21300,1573492
15538,1551507,30705,1661507
15539,1441213,20666,1524656
15540,1417603,21053,1499895
15541,1443046,21847,1524226
15542,1423528,21160,1505761
15543,1388195,23455,1468594
15544,1413287,21712,1491980
15545,1414009,21858,1492218
15546,1421621,22004,1503605
15547,1390862,23410,1467993
15548,1622303,41759,1754782
15549,1547415,22572,1647300
15550,1586599,22348,1679538
15551,1553877,24605,1651333
15552,1448676,26400,1541278
15553,1543804,25694,1643292
15554,1510415,24043,1612735
15555,1511212,21652,1602641
15556,1403233,23521,1487938
15557,1433676,22667,1516879
15558,1419713,23554,1501544
15559,1415065,22830,1496801
15560,1411232,22402,1490836
15561,1389288,24363,1469372
15562,1411677,23083,1494851
15563,1414658,21692,1493682
15564,1425936,22394,1537050
15565,1583433,27448,1682823
15566,1566322,22631,1660655
15567,1558767,21740,1654171
15568,1513119,22738,1607522
15569,1598988,22347,1697481
15570,1418917,26512,1509650
15571,1588137,23861,1690070
15572,1432398,22970,1516164
15573,1411751,21950,1495792
15574,1393196,24059,1474587
15575,1415084,21613,1494436
15576,1417195,20666,1496675
15577,1410695,22053,1493876
15578,1417954,21125,1497819
15579,1404510,23846,1484410
15580,1421991,21084,1499834
15581,1633451,25878,1736660
15582,1540970,23469,1637604
15583,1483545,27930,1577049
15584,1457120,23354,1545084
15585,1347937,20722,1416584
15586,1339475,20442,1408286
15587,1323715,21014,1390858
15588,1316512,24198,1385339
15589,1324104,20437,1387985
15590,1315197,20324,1377927
15591,1310160,20285,1372851
15592,1300994,22394,1361887
15593,1315308,20300,1376792
15594,1306549,20316,1367160
15595,1305160,20295,1365455
15596,1294049,20238,1352601
15597,1289216,21977,1350933
15598,1295364,20493,1352671
15599,1293808,20399,1352632
15600,1286383,20323,1345464
15601,1289771,21525,1348425
15602,1314975,21023,1377904
15603,1297457,21409,1358365
15604,1291920,20518,1351141
15605,1295864,20683,1356398
15606,1291160,21904,1351323
15607,1291753,20235,1350672
15608,1296123,20548,1355930
15609,1298864,20453,1358576
15610,1291957,21933,1352259
15611,1291753,20598,1349924
15612,1289957,20336,1347292
15613,1293105,20482,1353105
15614,1299419,20332,1358177
15615,1283697,21275,1341157
15616,1292808,20718,1350766
15617,1289475,20141,1347782
15618,1287345,20361,1345503
15619,1282475,21693,1340779
15620,1289808,21099,1348666
15621,1285679,20282,1342775
15622,1290419,20187,1349402
15623,1289439,21148,1347437
15624,1281846,21887,1340158
15625,1289234,20144,1347100
15626,1292864,20402,1352728
15627,1294753,21011,1354577
15628,1286530,21750,1345687
15629,1287697,20266,1346259
15630,1288142,20338,1345646
15631,1295957,21299,1357107
15632,1285438,20482,1343235
15633,1284365,21481,1342678
15634,1293401,20664,1352249
15635,1294993,20958,1355284
15636,1286160,20530,1343986
15637,1284087,21473,1343725
15638,1287549,20730,1346668
15639,1280753,20413,1338314
15640,1285179,20430,1343182
15641,1283865,20446,1341643
15642,1287161,21389,1347641
15643,1303346,20257,1362954
15644,1293772,21033,1353322
15645,1286475,21012,1345709
15646,1278531,21955,1337319
15647,1289513,20342,1346946
15648,1287457,21099,1344815
15649,1290697,21153,1349164
15650,1287994,20317,1345866
15651,1284513,21483,1343550
15652,1294401,20444,1353011
15653,1288716,20960,1348027
15654,1301308,20402,1362747
15655,1287364,21771,1345412
15656,1293197,20565,1351281
15657,1291512,21286,1351093
15658,1289530,23617,1351406
15659,1294734,20374,1352534
15660,1291642,22354,1349977
15661,1293586,20944,1351919
15662,1289401,20350,1346509
15663,1294975,20237,1353229
15664,1285771,21846,1344321
15665,1291197,21177,1349893
15666,1293364,20435,1352909
15667,1285308,20433,1343444
15668,1287957,20264,1344664
15669,1281383,21836,1338996
15670,1289420,20316,1347235
15671,1288512,20314,1347010
15672,1295364,20515,1353360
15673,1288087,21810,1347229
15674,1295253,20197,1353079
15675,1293364,20306,1352225
15676,1293976,20082,1352093
15677,1294735,20098,1353165
15678,1284327,21245,1342405
15679,1286587,20224,1344532
15680,1289531,20667,1347345
15681,1292587,20127,1350917
15682,1288049,21533,1346582
15683,1297086,22142,1357450
15684,1290531,20325,1347744
15685,1291401,21083,1350409
15686,1295623,20784,1354462
15687,1279364,24968,1340517
15688,1284938,20133,1340978
15689,1289105,20408,1347531
15690,1290346,21036,1348714
15691,1278457,21479,1337083
15692,1289790,20606,1347377
15693,1290216,20419,1348153
15694,1289475,19398,1346928
15695,1290901,20859,1350408
15696,1282790,21728,1341740
15697,1287031,20245,1344349
15698,1288994,20280,1346569
15699,1285382,21092,1343789
15700,1284142,21813,1342454
15701,1287456,20163,1345360
15702,1286438,20272,1343376
15703,1285846,21029,1344615
15704,1283661,20490,1340409
15705,1282882,21396,1340889
15706,1286142,20209,1343961
15707,1412140,23392,1493419
15708,1321197,23167,1388419
15709,1299604,21518,1361325
15710,1359511,21219,1428322
15711,1304790,20347,1365914
15712,1303457,21252,1365078
15713,1307160,20935,1369539
15714,1294901,22249,1355945
15715,1302882,20598,1362276
15716,1292494,20856,1351145
15717,1301346,20798,1364624
15718,1301216,22519,1363697
15719,1302568,20183,1361565
15720,1296567,20977,1356063
15721,1296882,20642,1356727
15722,1294456,20195,1354540
15723,1289198,21564,1348076
15724,1305179,21470,1366740
15725,1293290,20745,1351516
15726,1293846,20225,1355921
15727,1336345,22446,1404400
15728,1307549,21184,1368195
15729,1307919,20164,1369527
15730,1302086,20365,1361617
15731,1302012,20956,1362467
15732,1289901,22991,1350818
15733,1301382,20767,1363574
15734,1296438,20617,1357665
15735,1312864,20929,1375922
15736,1289161,21743,1349365
15737,1294549,20148,1353734
15738,1287716,20350,1347250
15739,1296012,21125,1355470
15740,1293104,20401,1351801
15741,1281383,21418,1339689
15742,1294216,20472,1353835
15743,1289012,21099,1347777
15744,1289216,20356,1347516
15745,1287216,21540,1345403
15746,1289753,20205,1348938
15747,1294068,20295,1352140
15748,1302178,20478,1361656
15749,1291512,21198,1352062
15750,1287382,21826,1348449
15751,1295734,20324,1355577
15752,1290809,21156,1350649
15753,1296661,20709,1356313
15754,1284160,21430,1344182
15755,1294549,20650,1355495
15756,1292475,20833,1351900
15757,1284550,20257,1343009
15758,1288864,21014,1348470
15759,1284031,21698,1342284
15760,1291401,20196,1349189
15761,1315864,20360,1375927
15762,1303123,20858,1365018
15763,1284290,21838,1342702
15764,1293549,21077,1354014
15765,1293883,20297,1353105
15766,1288161,20554,1348769
15767,1289420,20293,1350230
15768,1289531,22088,1349451
15769,1295160,20289,1354245
15770,1290567,20676,1349410
15771,1283623,20433,1341445
15772,1285346,21969,1343332
15773,1291068,20337,1350386
15774,1285716,20502,1344772
15775,1306346,20555,1369955
15776,1298179,20442,1358046
15777,1286938,21570,1346730
15778,1290161,20161,1347765
15779,1296420,20381,1355225
15780,1289253,20582,1347723
15781,1286530,21673,1344741
15782,1293827,20338,1353257
15783,1301382,20595,1362773
15784,1298512,20612,1358456
15785,1292549,20184,1352028
15786,1288327,21330,1346897
15787,1292271,20754,1351562
15788,1292272,20289,1350671
15789,1290067,20157,1347076
15790,1282475,21748,1341131
15791,1289401,20913,1348721
15792,1287624,20355,1343682
15793,1290420,20316,1347902
15794,1289290,20759,1347974
15795,1281716,22109,1341250
15796,1285753,20329,1343581
15797,1290253,20216,1348876
15798,1285420,20936,1343707
15799,1286957,21638,1345817
15800,1288661,20173,1346703
15801,1286605,20393,1344220
15802,1288420,20725,1347644
15803,1288383,20185,1346030
15804,1282716,22554,1341381
15805,1288994,20349,1346897
15806,1283809,20291,1340766
15807,1288827,20363,1345597
15808,1285716,21621,1344225
15809,1291587,20396,1351056
15810,1288975,20339,1348517
15811,1293735,20170,1351589
15812,1288568,20335,1345328
15813,1278049,21333,1334401
15814,1290493,20442,1348880
15815,1280531,20236,1337081
15816,1284050,20105,1340227
15817,1278254,21381,1334504
15818,1288179,20268,1345946
15819,1281957,20043,1338574
15820,1284068,20745,1341794
15821,1291864,20317,1350366
15822,1286679,21390,1346105
15823,1293882,21128,1351584
15824,1286364,20330,1343045
15825,1293402,20550,1352210
15826,1287716,21567,1346986
15827,1284827,20269,1341614
15828,1290012,20989,1349019
15829,1285161,20357,1343461
15830,1286197,20614,1345589
15831,1282660,21317,1340828
15832,1284549,20926,1341919
15833,1283586,20275,1340824
15834,1287716,20644,1346729
15835,1283679,21605,1342061
15836,1293216,20955,1351448
15837,1283697,20342,1340724
15838,1280328,20358,1337648
15839,1344992,21041,1407607
15840,1296513,22262,1357033
15841,1291957,20464,1350327
15842,1286587,20480,1344992
15843,1285179,20367,1342989
15844,1316382,21865,1379413
15845,1294271,20122,1353060
15846,1291679,20380,1350836
15847,1288623,20248,1347000
15848,1290994,20283,1349146
15849,1283235,21411,1341145
15850,1309809,20779,1371753
15851,1293864,20407,1353900
15852,1290160,20386,1348342
15853,1286586,21348,1345211
15854,1284679,20827,1344709
15855,1287309,20529,1346077
15856,1293420,20527,1351890
15857,1291716,21321,1353073
15858,1283012,21653,1342868
15859,1287530,20206,1346403
15860,1298512,20445,1358919
15861,1290420,21054,1350010
15862,1283457,21645,1343897
15863,1292790,20439,1352840
15864,1291308,20622,1350282
15865,1287123,21028,1346076
15866,1287605,20285,1345815
15867,1277179,22080,1335184
15868,1287901,20189,1345145
15869,1288605,20501,1347124
15870,1281957,20351,1339807
15871,1276549,21646,1334695
15872,1316327,20329,1376007
15873,1287956,20531,1347005
15874,1290919,20547,1350633
15875,1289660,20397,1348038
15876,1285346,21636,1344074
15877,1284419,20301,1342090
15878,1286272,20743,1344218
15879,1285549,20185,1344030
15880,1285883,21369,1345325
15881,1288272,20386,1346879
15882,1282402,20920,1340432
15883,1287808,20437,1345337
15884,1282345,20305,1338928
15885,1284901,21082,1342075
15886,1284308,20746,1342406
15887,1280550,20263,1337515
15888,1282123,20353,1338161
15889,1286142,21500,1344308
15890,1304494,21220,1367064
15891,1288105,20181,1346063
15892,1294345,20734,1352727
15893,1283531,21158,1342744
15894,1320938,21712,1398926
15895,1565914,28506,1666215
15896,1576858,22523,1670417
15897,1510619,23243,1602879
15898,1493879,24964,1586434
15899,1542545,23369,1637912
15900,1500583,26756,1595022
15901,1565600,23531,1659796
15902,1526193,23270,1622554
15903,1491526,31546,1591535
15904,1570822,25063,1666050
15905,1589617,23005,1686010
15906,1536026,22818,1628324
15907,1485749,28113,1592712
15908,1509860,23851,1602802
15909,1557970,22997,1656707
15910,1554433,25569,1653390
15911,1488230,22308,1581000
15912,1487157,28640,1603961
15913,1548173,24693,1644218
15914,1418751,21469,1500774
15915,1352456,20782,1422996
15916,1322660,21947,1385328
15917,1312327,21463,1375493
15918,1352159,21887,1424120
15919,1328808,20570,1393303
15920,1313012,21105,1375801
15921,1310660,22733,1376522
15922,1311864,20287,1374428
15923,1303161,20229,1364074
15924,1318049,21227,1378108
15925,1290290,21726,1350996
15926,1298771,20187,1361235
15927,1298530,20444,1358122
15928,1303123,20923,1361101
15929,1294919,20865,1354358
15930,1287716,22031,1348450
15931,1302197,20418,1362521
15932,1293346,20212,1351205
15933,1297086,21006,1355665
15934,1290235,21875,1349831
15935,1293124,20151,1351810
15936,1304475,20445,1365808
15937,1301993,20887,1362658
15938,1299882,20274,1360878
15939,1282902,21550,1341543
15940,1296827,20437,1355634
15941,1292808,20879,1351817
15942,1296549,20359,1355648
15943,1286402,22246,1345480
15944,1336382,20652,1413291
15945,1555673,24649,1652155
15946,1552897,23666,1649653
15947,1498027,23497,1592060
15948,1536822,25996,1632113
15949,1481527,23049,1574297
15950,1583285,25381,1685089
15951,1432380,20527,1515128
15952,1393751,24248,1473127
15953,1411473,23245,1492606
15954,1411658,22855,1494549
15955,1429620,22501,1509917
15956,1411733,24350,1491526
15957,1387288,23164,1464470
15958,1420195,22717,1501096
15959,1417509,22475,1496780
15960,1605339,31935,1711477
15961,1481842,28490,1577108
15962,1565952,21673,1665308
15963,1538601,22615,1631770
15964,1537526,22484,1634990
15965,1502434,24426,1598562
15966,1481787,27387,1578506
15967,1531952,22015,1624336
15968,1440509,21050,1522429
15969,1423732,21289,1507223
15970,1380881,24713,1461871
15971,1419343,22693,1501757
15972,1415843,21654,1496199
15973,1417121,20966,1497623
15974,1411917,21557,1493399
15975,1384973,23982,1463750
15976,1646135,22146,1742595
15977,1553156,22552,1648909
15978,1572359,23327,1670018
15979,1493378,30678,1599981
15980,1508156,22990,1601182
15981,1565340,27562,1668494
15982,1501489,21949,1596327
15983,1530618,22114,1622120
15984,1409992,23946,1497714
15985,1430602,21814,1512489
15986,1415528,21571,1496191
15987,1413158,22162,1493171
15988,1382029,23438,1459392
15989,1406159,21436,1484649
15990,1408880,21564,1487814
15991,1420639,21340,1500719
15992,1411492,20838,1490624
15993,1620321,51836,1747581
15994,1589211,23186,1687006
15995,1535748,24351,1630616
15996,1420380,20830,1499357
15997,1328160,23032,1392765
15998,1339234,20438,1406485
15999,1325715,21065,1394039
16000,1314586,20582,1379371
16001,1312567,20450,1374498
16002,1314827,21301,1380552
16003,1307716,21854,1371254
16004,1294493,20537,1354234
16005,1293457,20665,1352862
16006,1287105,21719,1346323
16007,1291049,21032,1349654
16008,1292178,20548,1350523
16009,1298604,20065,1358261
16010,1294586,21100,1356259
16011,1282105,21672,1341129
16012,1290586,20300,1349515
16013,1285957,20113,1343421
16014,1288661,20926,1348919
16015,1285068,21628,1343936
16016,1301049,20181,1362304
16017,1303215,21216,1364987
16018,1294530,20270,1354022
16019,1288605,20305,1347779
16020,1291660,21489,1352371
16021,1292308,20894,1351683
16022,1286864,20392,1345200
16023,1297679,20575,1357086
16024,1293419,21518,1352900
16025,1295475,20738,1355268
16026,1292401,20421,1352674
16027,1292920,20068,1350968
16028,1288549,20825,1347225
16029,1289253,21953,1347687
16030,1291105,20284,1349537
16031,1293031,20542,1351294
16032,1295697,20521,1354532
16033,1288531,21242,1345253
16034,1294160,20184,1353585
16035,1286938,20793,1345990
16036,1287975,20513,1345229
16037,1288439,20234,1345708
16038,1291494,21547,1350281
16039,1286717,21101,1345334
16040,1287512,20413,1345129
16041,1289456,20263,1346682
16042,1284994,21688,1344162
16043,1288105,20352,1344382
16044,1287882,20480,1346806
16045,1286605,20607,1344989
16046,1291827,20365,1350080
16047,1279327,24141,1340523
16048,1286012,20361,1342428
16049,1284883,20470,1342852
16050,1290550,20190,1348554
16051,1294327,21874,1353904
16052,1295401,20465,1354661
16053,1289439,20722,1348197
16054,1282679,20183,1340750
16055,1289938,20607,1348748
16056,1279624,21735,1337969
16057,1286550,20770,1344152
16058,1287809,20546,1347243
16059,1293309,20284,1351074
16060,1285716,21487,1343906
16061,1292716,21448,1352978
16062,1281364,20279,1340161
16063,1293308,20425,1351825
16064,1293179,21090,1353120
16065,1281513,21829,1340341
16066,1297012,20401,1355635
16067,1290901,20381,1349522
16068,1289679,21212,1349483
16069,1281290,21729,1340148
16070,1298124,20690,1358590
16071,1289550,20447,1348588
16072,1284624,20852,1342809
16073,1286345,20239,1344640
16074,1287012,21571,1345472
16075,1284086,20384,1341748
16076,1292013,20938,1350579
16077,1288883,20435,1348003
16078,1280994,21675,1339798
16079,1286531,20228,1344425
16080,1299808,20282,1358349
16081,1288402,21113,1347551
16082,1285845,20537,1345493
16083,1278531,21554,1335584
16084,1292456,20348,1351082
16085,1289550,21106,1348043
16086,1286586,20400,1345004
16087,1285623,21121,1343855
16088,1294438,20137,1352334
16089,1283605,20209,1340573
16090,1281438,20059,1338404
16091,1285827,20335,1343346
16092,1283197,21444,1340364
16093,1288031,20220,1345676
16094,1291864,20737,1351341
16095,1291827,20346,1350283
16096,1284031,21344,1341782
16097,1299253,20509,1360057
16098,1290198,20248,1349111
16099,1286013,20375,1344628
16100,1294697,20132,1353848
16101,1289272,21131,1347920
16102,1318900,21018,1379233
16103,1293178,20923,1352972
16104,1291438,20236,1348803
16105,1282383,21735,1341950
16106,1287142,21288,1347503
16107,1328400,20268,1398204
16108,1316567,20358,1379573
16109,1294772,21263,1354534
16110,1286586,22892,1347255
16111,1292272,20482,1350438
16112,1283735,20258,1342659
16113,1292216,20774,1351138
16114,1294771,21995,1354414
16115,1292753,20327,1352097
16116,1284882,20454,1343521
16117,1286642,20637,1345853
16118,1290586,20265,1349239
16119,1282883,21597,1341701
16120,1293420,20706,1352625
16121,1294290,20093,1354012
16122,1290253,20220,1348713
16123,1282901,21645,1342157
16124,1288846,20143,1346710
16125,1287512,20252,1345041
16126,1289660,20065,1347724
16127,1284161,20451,1341130
16128,1279716,21283,1337036
16129,1288382,20244,1346774
16130,1286160,20353,1343198
16131,1292605,20277,1351011
16132,1285179,21961,1344491
16133,1290586,20404,1349267
16134,1289642,20142,1349135
16135,1291160,20362,1348781
16136,1286753,20231,1343576
16137,1284846,20970,1344130
16138,1293493,20524,1351628
16139,1288086,20892,1346181
16140,1294068,21205,1353994
16141,1284586,21333,1343178
16142,1294309,20312,1352787
16143,1311345,20940,1375247
16144,1302604,20401,1361875
16145,1294086,20251,1353244
16146,1302401,22416,1365705
16147,1295698,20506,1354036
16148,1293068,20375,1351553
16149,1288309,20669,1348069
16150,1287457,22057,1346457
16151,1289198,21703,1347214
16152,1291012,20478,1348601
16153,1286512,20587,1344025
16154,1284735,20178,1342782
16155,1287068,22010,1346133
16156,1285383,20212,1343057
16157,1287068,20654,1345517
16158,1288216,20096,1348108
16159,1288623,21484,1347458
16160,1290530,20371,1348938
16161,1285123,20702,1342991
16162,1282420,20200,1340323
16163,1291142,20476,1350098
16164,1280938,21363,1338875
16165,1281642,20546,1338688
16166,1301956,20378,1363148
16167,1302845,20246,1361979
16168,1286457,20985,1345349
16169,1294938,20261,1353550
16170,1293420,20092,1353196
16171,1291383,20331,1349768
16172,1296401,21273,1356488
16173,1282753,21772,1341543
16174,1286623,20233,1345078
16175,1289679,20657,1347779
16176,1291846,20192,1348851
16177,1282179,21079,1339110
16178,1288883,20596,1347089
16179,1285272,20186,1343865
16180,1291660,20147,1349733
16181,1287735,20534,1346083
16182,1281142,21088,1339544
16183,1285586,20197,1343061
16184,1293013,20566,1351003
16185,1293735,21138,1353538
16186,1281512,24358,1343870
16187,1288771,20245,1347720
16188,1290697,20410,1349070
16189,1286086,21056,1346216
16190,1284402,20128,1341029
16191,1282883,21682,1341231
16192,1292364,20458,1350229
16193,1287550,20419,1346486
16194,1288179,21361,1347651
16195,1289679,22101,1350020
16196,1290957,20636,1349425
16197,1287179,20226,1344516
16198,1296790,21187,1357254
16199,1345344,20278,1406140
16200,1291216,21461,1349991
16201,1301530,20663,1362193
16202,1289308,20920,1348913
16203,1285309,20103,1342652
16204,1284198,21991,1343373
16205,1299771,20304,1360111
16206,1296716,20820,1356220
16207,1293012,20077,1350793
16208,1297549,20594,1356753
16209,1285994,21574,1344067
16210,1290420,21239,1349750
16211,1285420,20274,1342804
16212,1320993,20401,1386208
16213,1327900,22585,1393447
16214,1304456,21213,1365761
16215,1297771,20155,1357074
16216,1295864,20449,1355683
16217,1301142,20836,1361792
16218,1283068,21686,1341272
16219,1305586,20499,1366418
16220,1294382,20164,1352546
16221,1291808,20884,1350451
16222,1292234,21549,1351709
16223,1291846,20270,1351411
16224,1292105,20342,1350909
16225,1292698,20302,1350795
16226,1292401,21115,1352682
16227,1284105,22077,1343051
16228,1288327,20075,1345512
16229,1297827,20369,1357454
16230,1293938,20774,1353934
16231,1286475,21680,1345192
16232,1286457,20197,1343486
16233,1282975,20361,1340410
16234,1285661,21119,1344593
16235,1290475,20876,1351776
16236,1288161,22393,1347645
16237,1290679,20391,1349291
16238,1289901,20352,1348252
16239,1283290,21128,1341399
16240,1281939,22182,1341045
16241,1286179,20235,1344784
16242,1284493,20159,1341782
16243,1284234,21139,1342835
16244,1283550,20340,1341093
16245,1283827,21857,1342443
16246,1282882,20559,1341404
16247,1292531,21038,1350439
16248,1288864,20518,1346437
16249,1284772,22165,1343806
16250,1290419,20329,1348396
16251,1285179,20864,1342913
16252,1289735,20214,1347337
16253,1281827,20416,1341298
16254,1284309,21322,1342982
16255,1287994,20727,1346276
16256,1283290,20651,1340903
16257,1289753,20130,1349198
16258,1280605,21203,1338252
16259,1316512,20701,1380656
16260,1292975,20347,1351896
16261,1289179,20308,1346875
16262,1286623,20621,1345262
16263,1287716,21323,1346353
16264,1289679,20210,1347944
16265,1281771,20152,1339683
16266,1293457,20817,1353532
16267,1283883,21649,1342864
16268,1287438,20684,1345251
16269,1289734,20552,1347934
16270,1289975,20365,1349358
16271,1290493,20604,1348708
16272,1284438,22102,1343651
16273,1285772,20156,1344019
16274,1423361,21932,1511884
16275,1552007,23596,1649621
16276,1495193,26854,1585602
16277,1512952,26111,1607081
16278,1549193,22313,1642374
16279,1487304,22478,1579781
16280,1599117,22364,1689499
16281,1477583,29381,1573315
16282,1526989,23454,1628386
16283,1492971,21803,1586384
16284,1586766,24579,1685029
16285,1482120,24300,1572418
16286,1537212,22131,1633341
16287,1538563,23777,1636172
16288,1538155,23183,1633596
16289,1558933,24088,1658946
16290,1486453,25753,1579668
16291,1512119,22214,1601628
16292,1544100,26731,1641459
16293,1466731,22821,1554477
16294,1342511,23987,1412960
16295,1329790,20836,1394791
16296,1313531,20483,1373345
16297,1360418,21129,1433898
16298,1348900,20404,1417433
16299,1313975,23329,1380562
16300,1315345,20697,1378486
16301,1315271,20621,1379225
16302,1330456,20249,1397741
16303,1315919,22766,1380499
16304,1324845,20745,1389719
16305,1326344,20540,1392180
16306,1308419,20575,1371475
16307,1322456,20332,1385935
16308,1310457,22331,1372027
16309,1314530,21477,1377210
16310,1302623,20419,1361912
16311,1291919,20269,1349873
16312,1285253,21527,1344650
16313,1299660,21247,1359092
16314,1299309,20190,1360497
16315,1291678,20095,1351144
16316,1292568,20408,1350660
16317,1289124,21962,1348344
16318,1293253,20293,1352935
16319,1285475,21217,1344488
16320,1287346,20160,1344079
16321,1284216,21399,1342707
16322,1291919,21379,1352205
16323,1287382,21080,1345740
16324,1295716,20764,1355923
16325,1292290,20206,1350606
16326,1290623,21260,1349957
16327,1302734,21203,1364325
16328,1311623,20923,1373860
16329,1291734,20402,1349747
16330,1296716,22605,1358746
16331,1295271,21177,1354985
16332,1288050,20434,1347390
16333,1299678,20747,1359980
16334,1293901,20375,1352608
16335,1281753,21355,1339848
16336,1301438,20427,1360142
16337,1288068,20480,1346788
16338,1291956,20404,1351712
16339,1283661,21718,1342581
16340,1293346,20623,1351412
16341,1293513,20195,1353484
16342,1296198,20453,1355519
16343,1288179,20358,1346684
16344,1287179,21634,1346350
16345,1293735,20318,1352162
16346,1289883,20445,1348568
16347,1290419,20388,1348677
16348,1288531,21479,1345879
16349,1284827,20736,1343266
16350,1292142,20642,1350653
16351,1284735,20121,1342059
16352,1283031,20323,1340668
16353,1285475,21858,1343370
16354,1291142,20208,1350387
16355,1286827,20206,1344625
16356,1455935,21852,1539064
16357,1481712,26703,1574377
16358,1554174,23812,1651707
16359,1497082,22625,1590984
16360,1518638,25215,1617333
16361,1541044,24176,1640497
16362,1481509,25657,1571960
16363,1441121,22895,1527718
16364,1426250,23023,1508032
16365,1408047,23354,1491845
16366,1376807,25094,1457177
16367,1435991,22925,1517082
16368,1409214,22127,1488913
16369,1404695,22754,1487078
16370,1424954,23382,1509409
16371,1397195,23418,1476594
16372,1634598,39712,1771382
16373,1530915,21914,1624790
16374,1574155,23986,1669158
16375,1492842,24540,1585732
16376,1522841,21520,1614989
16377,1522415,23240,1618505
16378,1526100,23849,1632077
16379,1491323,21106,1579836
16380,1399307,25808,1485003
16381,1430621,21158,1510889
16382,1418472,21601,1499702
16383,1416417,21340,1494571
16384,1405843,25042,1487162
16385,1410880,22447,1490141
16386,1419417,21482,1500491
16387,1420065,21610,1501971
16388,1665394,23701,1761241
16389,1490916,26884,1584595
16390,1551989,23234,1647259
16391,1536915,23603,1634368
16392,1503546,23934,1596793
16393,1552748,28359,1651772
16394,1477583,22708,1569123
16395,1575137,24799,1674378
16396,1436676,20686,1521398
16397,1420843,22610,1502933
16398,1380584,23423,1461544
16399,1439140,22699,1523837
16400,1428843,23586,1508391
16401,1410399,22269,1492500
16402,1392344,23101,1469944
16403,1417918,22488,1498664
16404,1413510,23116,1493828
16405,1617951,29114,1728896
16406,1577803,22130,1675876
16407,1477213,24666,1565451
16408,1472731,24220,1561134
16409,1337604,20699,1407617
16410,1322882,21012,1387652
16411,1305475,21899,1368151
16412,1337159,20749,1402741
16413,1313105,20358,1375240
16414,1329215,21134,1398460
16415,1317419,20262,1381384
16416,1293587,22353,1354513
16417,1320067,20666,1383492
16418,1314309,21886,1378527
16419,1295290,20180,1355877
16420,1287864,21586,1348228
16421,1309178,20788,1370336
16422,1297716,20916,1358390
16423,1301123,20118,1361833
16424,1296901,20227,1355664
16425,1289716,21392,1349496
16426,1291272,20927,1350161
16427,1302031,20499,1361510
16428,1290901,20293,1350046
16429,1289883,21662,1349230
16430,1298475,21235,1360653
16431,1291549,20621,1349411
16432,1290475,20101,1348150
16433,1287105,20192,1345574
16434,1293308,22135,1354276
16435,1296605,20781,1357070
16436,1291438,20297,1349772
16437,1289956,20221,1348899
16438,1295438,21238,1355602
16439,1294290,20718,1352822
16440,1287457,20420,1345228
16441,1294253,20566,1353966
16442,1291586,20434,1350168
16443,1285364,21507,1344241
16444,1326178,20690,1386831
16445,1296419,20392,1354996
16446,1291568,20297,1349420
16447,1286142,21592,1345307
16448,1293586,20238,1352472
16449,1289864,20218,1350415
16450,1298808,20531,1359598
16451,1289994,21066,1349892
16452,1286475,22231,1345891
16453,1301141,20729,1362203
16454,1289679,20301,1347331
16455,1293790,21077,1353144
16456,1290420,21687,1349902
16457,1291494,20277,1348937
16458,1296087,20831,1356490
16459,1297586,20384,1356248
16460,1287439,20216,1344024
16461,1283068,21325,1339930
16462,1296197,20694,1354909
16463,1284976,20451,1344500
16464,1293383,20468,1351072
16465,1282716,21281,1340608
16466,1309105,20853,1368790
16467,1294439,20981,1355196
16468,1288920,20090,1347472
16469,1284216,20755,1343526
16470,1281253,21753,1339154
16471,1288531,20807,1347578
16472,1291086,20286,1348446
16473,1295123,22284,1355814
16474,1287586,21376,1346183
16475,1290401,20281,1347385
16476,1292124,20186,1351976
16477,1417639,22333,1499693
16478,1327400,20682,1395341
16479,1306808,22607,1370377
16480,1360937,20975,1432689
16481,1326956,20696,1392354
16482,1308790,20527,1374612
16483,1297753,22359,1358963
16484,1310530,20616,1371479
16485,1307215,20281,1368681
16486,1293938,21057,1354753
16487,1297808,20481,1357659
16488,1321660,22775,1387805
16489,1307827,20607,1369711
16490,1298160,20605,1358172
16491,1293345,20473,1353207
16492,1289087,22046,1349224
16493,1300975,20174,1362778
16494,1292661,20672,1353035
16495,1291975,20096,1350218
16496,1303438,20260,1361883
16497,1293494,21481,1352030
16498,1291531,20294,1350454
16499,1289031,20292,1347452
16500,1300975,20308,1360320
16501,1288382,21215,1346689
16502,1294030,20953,1355372
16503,1287920,20174,1346278
16504,1288309,20153,1345720
16505,1307364,21410,1370162
16506,1289697,21927,1350143
16507,1296253,20407,1356548
16508,1300456,20312,1360879
16509,1301530,21125,1362155
16510,1291346,21883,1350950
16511,1302715,20529,1364152
16512,1314067,20583,1376686
16513,1301883,20933,1362648
16514,1299586,20449,1360664
16515,1290957,21300,1350552
16516,1289327,20168,1348124
16517,1300530,20833,1361659
16518,1301642,21423,1364009
16519,1286401,23181,1347915
16520,1300919,20235,1359431
16521,1299123,20548,1359781
16522,1293939,20805,1353316
16523,1289679,20044,1347611
16524,1293790,22227,1355554
16525,1297123,20337,1356033
16526,1295568,20335,1354494
16527,1295587,19203,1354177
16528,1291401,21868,1350935
16529,1288808,20292,1346193
16530,1299716,20401,1359765
16531,1294531,21344,1354115
16532,1290364,20249,1348909
16533,1290808,21803,1350278
16534,1296494,20246,1356683
16535,1292308,21003,1351941
16536,1293957,20409,1352161
16537,1284068,21685,1342956
16538,1296475,20350,1355787
16539,1290049,21181,1348137
16540,1291216,20309,1349154
16541,1289290,20344,1348244
16542,1292272,21528,1352928
16543,1291624,20914,1350444
16544,1286901,20153,1344128
16545,1288031,20151,1346552
16546,1282772,21261,1341958
16547,1285198,20259,1343641
16548,1288920,20498,1347102
16549,1283883,20385,1340915
16550,1283883,20846,1343709
16551,1284661,21363,1343300
16552,1287364,21027,1344946
16553,1287216,20229,1345037
16554,1288457,20060,1346646
16555,1281401,21615,1339404
16556,1295346,21057,1354291
16557,1289513,20351,1348326
16558,1317808,21109,1382601
16559,1361418,21422,1426395
16560,1297457,22161,1357635
16561,1295234,20122,1354263
16562,1287383,20379,1347076
16563,1303271,21062,1364944
16564,1290216,21839,1350110
16565,1297642,20355,1356885
16566,1294104,20279,1355568
16567,1293364,21111,1353270
16568,1298752,21238,1358490
16569,1285808,21922,1344971
16570,1293365,20476,1352580
16571,1298457,21140,1358800
16572,1286679,20361,1344854
16573,1280642,25989,1343704
16574,1294235,20394,1354239
16575,1290216,21022,1348404
16576,1287142,20224,1345272
16577,1288160,21536,1348400
16578,1284772,21350,1343380
16579,1284827,20459,1343360
16580,1285420,20216,1342135
16581,1283549,20862,1341652
16582,1281235,21139,1339280
16583,1294661,20600,1353722
16584,1287327,20394,1345813
16585,1292401,21077,1351904
16586,1288290,20501,1347031
16587,1285938,21426,1342697
16588,1290272,20368,1348176
16589,1291160,20866,1349526
16590,1287753,20161,1347006
16591,1291734,21733,1352430
16592,1302234,20435,1361298
16593,1289993,20877,1350000
16594,1293587,20764,1353165
16595,1290772,20151,1350070
16596,1289197,21891,1350106
16597,1294253,20944,1353622
16598,1282087,20239,1340250
16599,1284957,20329,1343470
16600,1292087,22143,1353228
16601,1288401,20900,1347745
16602,1296123,20639,1357057
16603,1287420,20285,1346111
16604,1305919,20875,1366720
16605,1288197,21374,1346349
16606,1293475,20131,1352180
16607,1286383,20352,1344697
16608,1295438,20275,1353546
16609,1290734,21107,1349471
16610,1288124,19994,1345839
16611,1293457,20178,1352300
16612,1293623,20268,1351872
16613,1287716,20766,1346593
16614,1284939,22487,1345702
16615,1290660,20133,1348274
16616,1288790,20224,1346476
16617,1298642,20963,1358585
16618,1285271,21257,1345325
16619,1284494,20478,1343193
16620,1288346,20568,1346691
16621,1289641,20344,1347208
16622,1284308,21120,1342465
16623,1278568,21785,1336871
16624,1286401,20209,1342721
16625,1292216,20466,1350774
16626,1288346,20816,1347013
16627,1293179,21796,1353086
16628,1291420,20313,1348880
16629,1289957,20385,1348489
16630,1290939,20902,1350228
16631,1290716,20455,1350670
16632,1284124,24083,1344614
16633,1288309,20230,1344908
16634,1285790,21116,1345758
16635,1284105,20318,1341422
16636,1280364,21243,1339014
16637,1298105,20352,1357048
16638,1286716,20183,1344547
16639,1282161,20200,1340730
16640,1289160,20531,1347320
16641,1286809,21233,1344078
16642,1289068,20065,1347373
16643,1293586,20563,1352241
16644,1288235,20376,1345924
16645,1282901,21282,1340553
16646,1294253,20650,1352976
16647,1290290,20204,1349585
16648,1287698,20128,1345028
16649,1285439,20088,1343841
16650,1283920,21198,1342080
16651,1293216,20270,1351782
16652,1291716,20324,1349669
16653,1305067,20118,1377463
16654,1549081,26895,1650937
16655,1547451,22596,1640343
16656,1488805,22631,1579805
16657,1552377,24092,1649580
16658,1557470,23313,1653207
16659,1443602,27830,1536097
16660,1548285,22254,1640371
16661,1551563,23363,1647109
16662,1565952,24490,1667385
16663,1470694,30007,1569904
16664,1604599,23450,1704270
16665,1541489,23522,1635399
16666,1537989,24502,1637193
16667,1503916,23204,1597951
16668,1534767,26887,1630505
16669,1576525,22645,1673872
16670,1507231,21661,1599909
16671,1555544,22826,1649702
16672,1491915,27491,1585647
16673,1475750,22564,1564812
16674,1357751,20728,1430757
16675,1330993,22523,1400626
16676,1316012,20650,1378754
16677,1315586,21686,1379956
16678,1314641,20240,1378640
16679,1315789,21275,1378712
16680,1299401,20810,1360099
16681,1299920,21679,1360135
16682,1299957,20418,1360633
16683,1296383,21008,1355779
16684,1294623,20636,1353944
16685,1292327,20597,1350998
16686,1293198,21503,1352718
16687,1292993,21075,1350698
16688,1294605,20314,1351918
16689,1291271,20275,1349250
16690,1291271,21774,1351434
16691,1304549,21161,1367172
16692,1290382,20307,1349263
16693,1306808,20861,1366113
16694,1297068,20470,1355518
16695,1285716,22950,1347276
16696,1284624,20337,1343034
16697,1293957,20557,1353272
16698,1295105,20500,1354048
16699,1284697,21387,1343029
16700,1289290,20311,1346712
16701,1290734,20680,1351265
16702,1294771,21122,1355652
16703,1289475,21102,1349354
16704,1282327,21563,1341668
16705,1292401,20617,1351888
16706,1289939,20578,1349497
16707,1285290,20984,1343940
16708,1286383,22408,1346235
16709,1289383,20740,1348381
16710,1289716,20367,1348805
16711,1297401,20939,1358155
16712,1288476,21493,1347134
16713,1280550,21066,1338707
16714,1296216,20508,1355779
16715,1294864,20747,1353425
16716,1291661,20245,1349423
16717,1284420,22040,1343385
16718,1298568,21057,1358513
16719,1290975,20370,1349381
16720,1293920,21886,1354027
16721,1284420,20107,1342081
16722,1284698,21827,1345043
16723,1290512,20307,1349504
16724,1284605,20342,1341576
16725,1295401,20896,1355481
16726,1284309,21876,1344462
16727,1289753,21078,1349830
16728,1288679,20316,1347735
16729,1291345,20722,1351456
16730,1291012,20498,1349491
16731,1282402,21885,1341267
16732,1289253,20309,1346728
16733,1287568,20585,1346171
16734,1285494,20380,1343391
16735,1281642,21952,1339594
16736,1289679,20432,1346925
16737,1287845,20782,1347330
16738,1286586,20298,1345217
16739,1293494,20296,1353252
16740,1290087,21999,1349140
16741,1294068,20552,1352249
16742,1292865,20310,1352636
16743,1293956,20456,1352671
16744,1285457,21232,1344059
16745,1290087,20286,1348149
16746,1303179,20895,1364388
16747,1293198,20245,1351238
16748,1291179,20373,1349495
16749,1289457,21464,1348753
16750,1294531,20684,1354159
16751,1289364,20664,1347898
16752,1297068,20532,1356229
16753,1294605,21327,1354413
16754,1293513,20603,1353596
16755,1294308,20249,1353446
16756,1290976,20359,1348907
16757,1284717,20560,1342979
16758,1284382,22374,1344182
16759,1286790,20224,1343124
16760,1293623,20481,1351770
16761,1292938,20572,1352213
16762,1285345,21700,1346230
16763,1285717,20291,1345247
16764,1298753,21011,1357596
16765,1292605,21009,1352076
16766,1289494,20118,1348648
16767,1283346,21580,1343277
16768,1314049,20819,1384237
16769,1553582,25280,1650545
16770,1537082,22907,1633525
16771,1454250,28073,1545766
16772,1566970,24349,1668002
16773,1488175,20995,1578946
16774,1547711,24456,1646369
16775,1543471,24176,1633904
16776,1406881,25823,1495072
16777,1431843,21599,1513422
16778,1425417,25541,1508179
16779,1417454,21058,1500178
16780,1381547,25353,1461585
16781,1412306,21184,1494100
16782,1426047,22053,1508061
16783,1434750,21236,1550188
16784,1606821,22197,1702054
16785,1519934,29270,1615202
16786,1572359,22471,1669718
16787,1523045,22414,1617457
16788,1593340,23060,1689380
16789,1413769,26744,1502938
16790,1595210,26816,1695525
16791,1434917,20833,1518452
16792,1426473,21035,1506821
16793,1439046,22347,1521041
16794,1380510,25050,1461744
16795,1411455,21085,1491594
16796,1411769,21250,1490907
16797,1408658,21470,1488294
16798,1381122,26469,1464848
16799,1408362,20782,1484994
16800,1684097,25779,1782153
16801,1554748,22389,1658061
16802,1552600,22720,1649133
16803,1485194,24663,1577930
16804,1515156,23476,1610001
16805,1523841,24382,1621499
16806,1549470,24694,1660330
16807,1498471,29304,1591941
16808,1435454,22895,1520533
16809,1418232,22874,1503513
16810,1444935,23891,1531066
16811,1423862,23093,1507398
16812,1391936,23629,1471045
16813,1422510,22756,1506283
16814,1408788,23958,1492837
16815,1419565,22604,1499909
16816,1385974,23381,1464112
16817,1697319,23971,1790271
16818,1552748,22618,1649716
16819,1540804,22986,1635714
16820,1432639,21725,1513418
16821,1320345,23242,1388734
16822,1346011,20703,1416287
16823,1330790,20590,1396712
16824,1316474,20921,1380025
16825,1308883,22328,1374042
16826,1321419,20640,1386318
16827,1312105,21101,1375131
16828,1323308,20951,1387629
16829,1309864,20542,1372868
16830,1304790,22022,1367015
16831,1318364,21057,1381531
16832,1297494,20981,1357122
16833,1288068,20313,1347954
16834,1298382,21385,1358767
16835,1370215,21717,1445152
16836,1312141,20382,1374319
16837,1296641,20194,1356817
16838,1300716,20933,1361056
16839,1289086,21562,1349629
16840,1291160,21078,1350627
16841,1291530,20502,1351199
16842,1301271,20945,1361289
16843,1292845,21629,1353621
16844,1296141,21071,1356805
16845,1294846,20143,1354951
16846,1285272,20549,1344671
16847,1298401,21102,1358984
16848,1292105,22101,1353612
16849,1292475,20321,1351333
16850,1299327,21116,1361145
16851,1294124,20984,1353662
16852,1287735,21575,1345143
16853,1290605,20407,1349029
16854,1287142,20608,1346324
16855,1284920,21032,1343563
16856,1289346,20197,1346764
16857,1283438,20955,1341504
16858,1286679,20212,1344594
16859,1303197,21099,1364592
16860,1292956,20357,1350739
16861,1285827,21985,1345960
16862,1294142,20242,1353291
16863,1295327,21296,1355937
16864,1289901,21127,1350528
16865,1287957,20292,1347730
16866,1286161,21143,1346377
16867,1288697,20881,1347930
16868,1287031,21083,1345484
16869,1288179,20229,1347537
16870,1280975,21636,1339388
16871,1288865,20393,1346349
16872,1299253,21317,1359236
16873,1289105,20315,1347623
16874,1286456,20776,1347288
16875,1284512,21404,1342509
16876,1289105,21458,1347581
16877,1283216,20845,1340801
16878,1287568,20380,1345947
16879,1283957,21082,1342057
16880,1298993,21173,1359647
16881,1316808,20819,1380126
16882,1299252,20373,1359421
16883,1296901,20741,1357345
16884,1288994,22407,1348844
16885,1290419,20090,1348101
16886,1289549,20255,1349137
16887,1289161,20401,1346968
16888,1289402,22048,1349967
16889,1294216,20249,1354150
16890,1288253,20284,1346815
16891,1285086,20542,1343072
16892,1293031,20281,1351292
16893,1284161,21779,1343161
16894,1286753,20388,1344585
16895,1294271,20775,1353046
16896,1318382,20236,1378544
16897,1291994,21828,1351450
16898,1305179,20455,1365985
16899,1293086,20713,1353798
16900,1290087,20489,1349037
16901,1293530,20376,1351794
16902,1287882,21763,1347460
16903,1290864,20428,1348921
16904,1314031,20389,1374011
16905,1297530,20424,1356454
16906,1286809,21349,1345397
16907,1300216,20180,1360284
16908,1301382,20771,1361152
16909,1293271,20621,1352669
16910,1288716,20322,1347538
16911,1280976,21191,1337999
16912,1292216,20782,1350294
16913,1287808,20280,1346051
16914,1284864,20149,1344216
16915,1281753,21481,1340863
16916,1288605,20386,1347972
16917,1291364,20347,1349970
16918,1298401,20586,1359653
16919,1351215,20658,1413465
16920,1295938,22212,1355798
16921,1295179,20247,1354814
16922,1295679,20319,1355590
16923,1288364,20521,1347662
16924,1285364,22168,1344717
16925,1292975,20351,1351881
16926,1289735,20238,1348954
16927,1326011,20959,1390692
16928,1298531,20290,1359098
16929,1298512,22066,1358763
16930,1299753,20472,1360576
16931,1293216,20377,1352222
16932,1291198,20246,1349165
16933,1289642,21948,1349441
16934,1296068,21002,1355347
16935,1296735,20167,1354363
16936,1289568,20220,1348176
16937,1288549,21200,1347711
16938,1283309,21698,1343136
16939,1288846,20363,1346893
16940,1288790,20602,1346577
16941,1289068,20952,1348463
16942,1286013,20988,1345555
16943,1299457,20300,1358182
16944,1291253,20058,1348866
16945,1288957,20815,1347308
16946,1288957,20091,1346917
16947,1291624,21608,1352083
16948,1296735,20125,1354858
16949,1288698,20234,1346023
16950,1315919,20806,1380891
16951,1292920,21842,1353705
16952,1292475,20340,1351481
16953,1300049,20690,1360460
16954,1293753,20243,1352662
16955,1289439,20056,1347827
16956,1286383,22055,1345141
16957,1298475,20257,1355713
16958,1291401,21070,1349600
16959,1293660,20364,1351246
16960,1282957,21640,1341245
16961,1285123,20416,1343243
16962,1295586,21044,1355055
16963,1286475,20505,1344961
16964,1289012,20299,1347829
16965,1284735,22187,1342976
16966,1296345,20833,1356882
16967,1289846,20313,1348972
16968,1295901,20385,1352693
16969,1282143,21161,1339617
16970,1289401,20345,1347227
16971,1286771,19991,1344669
16972,1283883,20267,1341352
16973,1298605,20802,1359091
16974,1288494,21189,1348923
16975,1290919,20280,1349514
16976,1286364,20389,1343864
16977,1283623,20554,1342232
16978,1298142,22293,1360731
16979,1297290,20273,1357877
16980,1284420,20308,1341023
16981,1286290,20084,1343336
16982,1290012,20785,1348316
16983,1284734,21432,1343148
16984,1290716,21079,1348794
16985,1294697,20503,1355847
16986,1293845,20704,1353716
16987,1290142,21981,1349307
16988,1297401,20479,1355546
16989,1287716,20051,1346322
16990,1287383,20790,1346135
16991,1294142,20306,1353244
16992,1276679,21157,1335058
16993,1282531,20266,1340574
16994,1288290,20579,1346776
16995,1288050,20170,1344589
16996,1295401,21502,1355291
16997,1296901,20259,1356085
16998,1288049,19961,1347120
16999,1292568,20218,1350396
17000,1285291,20179,1343691
17001,1281309,21567,1339393
17002,1292512,20046,1352317
17003,1291216,20137,1350278
17004,1289513,20190,1346721
17005,1288550,21152,1348016
17006,1292531,20243,1351291
17007,1297530,19982,1355734
17008,1288494,20239,1345991
17009,1284087,20255,1342712
17010,1285549,21365,1344025
17011,1295715,21067,1357727
17012,1292401,20676,1350947
17013,1284401,20452,1342779
17014,1287865,22247,1348833
17015,1295494,21153,1355905
17016,1290661,21039,1349588
17017,1289549,20519,1349160
17018,1290179,20813,1349640
17019,1282309,21497,1341398
17020,1283550,20829,1340192
17021,1283272,20160,1340413
17022,1285234,20640,1344059
17023,1286235,21786,1346798
17024,1285735,20822,1342778
17025,1285531,20190,1343331
17026,1285365,20484,1344033
17027,1286808,20946,1345550
17028,1290216,21852,1349400
17029,1289253,20128,1347954
17030,1284938,20163,1343674
17031,1290494,20383,1348172
17032,1288160,22382,1348023
17033,1329160,20898,1404946
17034,1562470,23841,1656847
17035,1566970,22117,1662511
17036,1512823,23208,1612770
17037,1489027,26354,1580177
17038,1522156,22686,1617729
17039,1540045,23814,1634764
17040,1529322,23960,1621040
17041,1439584,28459,1531689
17042,1533063,25994,1633889
17043,1548655,23177,1645035
17044,1563748,23342,1658274
17045,1535360,23007,1630217
17046,1518490,25061,1613179
17047,1539878,21818,1639361
17048,1555229,23724,1659618
17049,1529045,24722,1636802
17050,1441065,29535,1533988
17051,1549656,25145,1649114
17052,1519063,21828,1608890
17053,1385103,21363,1462373
17054,1358918,20676,1430038
17055,1309901,23008,1374908
17056,1349492,20673,1416554
17057,1316067,21171,1379256
17058,1315142,20484,1380903
17059,1319123,22057,1383679
17060,1320456,20592,1384918
17061,1319086,21701,1384601
17062,1302698,21051,1364359
17063,1297123,20309,1356968
17064,1293290,21863,1353300
17065,1293235,21046,1352947
17066,1297382,20433,1357130
17067,1294845,20265,1352850
17068,1291753,21782,1351090
17069,1293939,20447,1352662
17070,1287716,20760,1347938
17071,1289346,20591,1348658
17072,1291308,20237,1349619
17073,1283846,21606,1341396
17074,1290142,20142,1350264
17075,1294068,20899,1354299
17076,1289419,20193,1346779
17077,1279846,21618,1337630
17078,1287587,20301,1346239
17079,1284438,20448,1344015
17080,1293679,20168,1352883
17081,1290160,20277,1347511
17082,1282105,22072,1340269
17083,1290420,20700,1349693
17084,1286586,20161,1343302
17085,1291142,20326,1349374
17086,1293253,21288,1354114
17087,1290753,20360,1349168
17088,1289994,20284,1347703
17089,1296420,20337,1355886
17090,1297864,21317,1358921
17091,1282160,21982,1342513
17092,1298253,20555,1358566
17093,1291679,20256,1350009
17094,1292401,21106,1351340
17095,1284568,21994,1343432
17096,1290234,20251,1346948
17097,1287698,20324,1346446
17098,1288420,20859,1346333
17099,1284272,20283,1342943
17100,1279160,21596,1336497
17101,1288735,20317,1347699
17102,1289346,20926,1349178
17103,1287012,20368,1345676
17104,1280883,21738,1340101
17105,1283327,20180,1340599
17106,1291865,20919,1350042
17107,1402640,21436,1479667
17108,1321734,20286,1384278
17109,1315234,22025,1379444
17110,1311308,20468,1373608
17111,1308160,20521,1369773
17112,1300086,21853,1363568
17113,1289641,21685,1350030
17114,1292272,20035,1351806
17115,1328160,20311,1393877
17116,1302698,21124,1363265
17117,1296104,20122,1355763
17118,1294531,21472,1354891
17119,1294919,20211,1354241
17120,1303123,21135,1364110
17121,1299346,20319,1359626
17122,1286475,21688,1345829
17123,1292846,20352,1353049
17124,1296179,20925,1356455
17125,1293234,19997,1351397
17126,1321419,20273,1382136
17127,1313956,21864,1375005
17128,1300772,21233,1360762
17129,1296401,20360,1355650
17130,1295142,20247,1354518
17131,1295401,21672,1354980
17132,1288864,21189,1348145
17133,1286068,20298,1343772
17134,1295623,20611,1356456
17135,1288790,21350,1349398
17136,1288346,22145,1347841
17137,1290734,20032,1348080
17138,1286124,20233,1345190
17139,1287920,21194,1345910
17140,1282494,21508,1340575
17141,1296993,20321,1356092
17142,1287957,20504,1347683
17143,1311012,20299,1372365
17144,1307383,20352,1366493
17145,1291605,21740,1351048
17146,1290735,20701,1351713
17147,1295493,20310,1354933
17148,1298567,20364,1357894
17149,1284920,21640,1344337
17150,1296031,20528,1355557
17151,1290234,20452,1348296
17152,1290586,21357,1348721
17153,1288957,20911,1347922
17154,1281420,21558,1340199
17155,1294031,20315,1355234
17156,1293845,21017,1352732
17157,1288216,20830,1347619
17158,1277994,21143,1337063
17159,1289549,20364,1348079
17160,1286161,20343,1343059
17161,1288586,21397,1348242
17162,1283790,20228,1342425
17163,1283346,21227,1340387
17164,1292679,20540,1352644
17165,1289828,21094,1349476
17166,1293475,20684,1352233
17167,1291049,21294,1350861
17168,1291956,20329,1349397
17169,1295772,21105,1355858
17170,1292123,20196,1350633
17171,1284234,20213,1342280
17172,1278216,21322,1335964
17173,1288753,21024,1348647
17174,1289716,21041,1349590
17175,1285938,20391,1343384
17176,1286050,22130,1344124
17177,1288605,20814,1345214
17178,1289142,21349,1348083
17179,1286235,20236,1343970
17180,1387178,20604,1468947
17181,1521619,24862,1620091
17182,1561507,24249,1660755
17183,1495842,21544,1586310
17184,1548285,27097,1654177
17185,1458639,24911,1550437
17186,1574099,23631,1674637
17187,1435842,21629,1522360
17188,1439177,20646,1522932
17189,1426120,21181,1505412
17190,1378844,24032,1459615
17191,1427732,21363,1508613
17192,1407899,21454,1485963
17193,1414714,22100,1495498
17194,1389307,25654,1470127
17195,1413288,21708,1492365
17196,1614210,25077,1716303
17197,1580988,23778,1676784
17198,1555989,21814,1652208
17199,1489731,27386,1583838
17200,1560118,22255,1665779
17201,1491027,21809,1583242
17202,1585118,24881,1683312
17203,1399158,27120,1485148
17204,1446991,21748,1529608
17205,1421750,22598,1505236
17206,1411862,21374,1494809
17207,1422491,21742,1502695
17208,1379640,23463,1461973
17209,1419028,21980,1498859
17210,1411936,21515,1494079
17211,1424269,21402,1502948
17212,1606488,22901,1699554
17213,1571063,23306,1667238
17214,1587932,22712,1682662
17215,1522137,22951,1616976
17216,1546063,22023,1651066
17217,1499860,28188,1595380
17218,1512489,23649,1610508
17219,1523841,22851,1618284
17220,1433509,21627,1514839
17221,1387492,23459,1469691
17222,1431787,20865,1514355
17223,1422824,21141,1500446
17224,1419380,21250,1498592
17225,1414788,21452,1494164
17226,1376270,23932,1456478
17227,1419287,21782,1499865
17228,1617951,21521,1711377
17229,1561322,21963,1655525
17230,1511267,27943,1611265
17231,1496564,23405,1590115
17232,1375066,21051,1450153
17233,1320753,20123,1385467
17234,1358511,21195,1430409
17235,1313604,22231,1378557
17236,1326252,20470,1389555
17237,1326067,20468,1392608
17238,1322159,20762,1388792
17239,1318586,22150,1382365
17240,1318901,21037,1382307
17241,1313660,21368,1378768
17242,1308937,20737,1371267
17243,1302994,21439,1363932
17244,1290753,21604,1350949
17245,1302790,20362,1361928
17246,1303605,20545,1364389
17247,1293957,21747,1353554
17248,1284254,21079,1342331
17249,1314678,20725,1378366
17250,1305308,20612,1366105
17251,1296771,20462,1355473
17252,1295290,20479,1354194
17253,1283235,22107,1342711
17254,1288754,20401,1347320
17255,1299179,20770,1359429
17256,1290531,20842,1348206
17257,1285216,21711,1342593
17258,1292549,19987,1351313
17259,1291179,20652,1349775
17260,1292642,20780,1351273
17261,1295142,20463,1353382
17262,1284809,21462,1342714
17263,1296679,20441,1355268
17264,1292401,21143,1351377
17265,1288920,20345,1348023
17266,1284957,21547,1343892
17267,1294624,20397,1353705
17268,1290493,21414,1349185
17269,1289457,20560,1348257
17270,1290531,20780,1349699
17271,1285513,21113,1342847
17272,1291994,20037,1348752
17273,1290012,20405,1348676
17274,1288105,20403,1345896
17275,1280161,21346,1338229
17276,1289716,20789,1348208
17277,1286179,20509,1343188
17278,1286438,20396,1345889
17279,1348474,20024,1410090
17280,1295883,22523,1355960
17281,1294494,22169,1354199
17282,1292328,20297,1351234
17283,1285253,20480,1343751
17284,1285845,21608,1344305
17285,1291327,21329,1350563
17286,1290216,20420,1348301
17287,1293679,20677,1352818
17288,1297067,21212,1357261
17289,1288346,21655,1348408
17290,1298882,21079,1359109
17291,1291512,20411,1350107
17292,1291216,20909,1349828
17293,1285531,22111,1345030
17294,1284105,20202,1342269
17295,1326493,20552,1391007
17296,1315993,20883,1377691
17297,1292197,20196,1350819
17298,1286808,21491,1344670
17299,1302642,20323,1363279
17300,1294660,20265,1351944
17301,1290845,20115,1349442
17302,1299753,21707,1361311
17303,1299605,20557,1360624
17304,1293272,20166,1352011
17305,1293142,20182,1350879
17306,1291790,20125,1348914
17307,1287994,21420,1347228
17308,1299808,20381,1359393
17309,1287920,20509,1345595
17310,1296512,20674,1356444
17311,1281105,21691,1339666
17312,1296790,20282,1355849
17313,1286642,20076,1345051
17314,1285642,20278,1343512
17315,1286994,20350,1345640
17316,1295642,22238,1356045
17317,1291530,20958,1350136
17318,1288161,20419,1347171
17319,1289772,20436,1349873
17320,1288605,21194,1347039
17321,1290364,20747,1348741
17322,1293531,21597,1354627
17323,1282809,20392,1340459
17324,1285920,21260,1343957
17325,1283661,21759,1343641
17326,1288938,20887,1347935
17327,1288383,20385,1346767
17328,1290587,20790,1348080
17329,1285327,21511,1343727
17330,1287161,21047,1346503
17331,1285271,20396,1343371
17332,1286346,20469,1345554
17333,1292327,20911,1351293
17334,1284642,21947,1343718
17335,1289920,20093,1348123
17336,1284180,20388,1342066
17337,1286734,20886,1346083
17338,1282476,21755,1340656
17339,1288216,23753,1350079
17340,1287808,20270,1345966
17341,1298105,20916,1358520
17342,1299790,20173,1360018
17343,1281920,21616,1340628
17344,1289697,20207,1347293
17345,1300642,20761,1360735
17346,1292753,20222,1351863
17347,1282253,21406,1339955
17348,1290494,20497,1348767
17349,1283975,20347,1342303
17350,1279068,20141,1335801
17351,1290512,20269,1348947
17352,1283643,21249,1341353
17353,1291920,20266,1350647
17354,1292198,20430,1353720
17355,1289809,20317,1347644
17356,1281587,21094,1339032
17357,1286883,20314,1344863
17358,1287123,20146,1344417
17359,1287901,20847,1346470
17360,1290587,20383,1348339
17361,1276680,21641,1335041
17362,1297068,21083,1358261
17363,1287679,21211,1347019
17364,1295438,20246,1355202
17365,1288845,21819,1347997
17366,1291142,20410,1349995
17367,1285605,20482,1343864
17368,1292476,20684,1352565
17369,1287771,20348,1346712
17370,1284957,21699,1344951
17371,1290050,20493,1349042
17372,1291698,21140,1350836
17373,1288531,20360,1346298
17374,1291309,21803,1352018
17375,1287198,20190,1344794
17376,1286087,21244,1344793
17377,1286457,20427,1345217
17378,1292457,20684,1353085
17379,1283271,21776,1341510
17380,1292864,21089,1350637
17381,1282864,20679,1341395
17382,1295087,20363,1353374
17383,1290661,21824,1350058
17384,1289476,21008,1348112
17385,1289012,20450,1347721
17386,1296031,20430,1355405
17387,1294494,21095,1355625
17388,1284827,22390,1345402
17389,1291827,20462,1351789
17390,1290827,20442,1349250
17391,1288217,21144,1346933
17392,1284883,21309,1343414
17393,1289253,20196,1348282
17394,1285143,20343,1343447
17395,1286198,20396,1342760
17396,1284272,20154,1340462
17397,1282957,21578,1341294
17398,1292771,20466,1350792
17399,1284920,20556,1342364
17400,1289846,20554,1346844
17401,1280624,21812,1338935
17402,1283605,20292,1341174
17403,1288124,20661,1347876
17404,1292031,20696,1350170
17405,1283327,20324,1341206
17406,1279883,22637,1339538
17407,1290013,20247,1347888
17408,1312790,20893,1372330
17409,1294457,20169,1354310
17410,1282068,22038,1341013
17411,1312678,20647,1375806
17412,1296346,21368,1356009
17413,1521563,22477,1612206
17414,1532878,23716,1627092
17415,1460324,24955,1550241
17416,1562545,22620,1658218
17417,1548137,22341,1641791
17418,1503583,22635,1596883
17419,1511434,24486,1607640
17420,1531175,23262,1630212
17421,1537211,24686,1636303
17422,1509489,23054,1602783
17423,1562933,24293,1662280
17424,1473527,27921,1568336
17425,1521786,24846,1617278
17426,1524045,25418,1623832
17427,1552285,24083,1648478
17428,1488861,27378,1587737
17429,1534193,26265,1634030
17430,1498360,23522,1592011
17431,1568619,24891,1667933
17432,1502341,23741,1592118
17433,1342141,23610,1412213
17434,1321086,20849,1386638
17435,1324994,20977,1391932
17436,1315808,20679,1377393
17437,1334437,22511,1403077
17438,1320141,22750,1387761
17439,1300030,20674,1361241
17440,1324530,20653,1388535
17441,1319141,21670,1384255
17442,1309420,22243,1372310
17443,1320660,24463,1388659
17444,1303846,20573,1362639
17445,1303308,21386,1364360
17446,1290791,21903,1351692
17447,1306030,20549,1368635
17448,1308327,20473,1368985
17449,1299308,20934,1359298
17450,1297049,20488,1357407
17451,1282198,21635,1340684
17452,1292976,20115,1351052
17453,1296272,21224,1356958
17454,1293475,20278,1353178
17455,1283087,21610,1341770
17456,1296142,20478,1355157
17457,1294531,20588,1353692
17458,1290846,20382,1349838
17459,1291957,20269,1350873
17460,1281883,21194,1339780
17461,1288198,20359,1346296
17462,1290494,20394,1350368
17463,1285882,20318,1344200
17464,1280383,21317,1338162
17465,1301901,21370,1363289
17466,1300067,20832,1359936
17467,1286272,20441,1344527
17468,1325919,20235,1386061
17469,1306475,21864,1365357
17470,1294753,20788,1354485
17471,1288457,20305,1346131
17472,1292845,20321,1351462
17473,1293882,22005,1354295
17474,1291124,20818,1350089
17475,1285161,20242,1344291
17476,1294753,20259,1352993
17477,1294587,21016,1354084
17478,1280160,21256,1339601
17479,1287846,20347,1345636
17480,1283235,20289,1340227
17481,1314252,20899,1377669
17482,1287864,21212,1348613
17483,1289383,21118,1349833
17484,1286013,20375,1344776
17485,1284771,20244,1341700
17486,1295216,21297,1356698
17487,1283105,22018,1342475
17488,1285938,20239,1343751
17489,1292624,20681,1352619
17490,1299438,20920,1359284
17491,1282049,21901,1340838
17492,1288531,21788,1348614
17493,1286086,20286,1342687
17494,1291160,21247,1350351
17495,1286383,20634,1345220
17496,1281254,21911,1340256
17497,1294957,20761,1355217
17498,1294661,20981,1354344
17499,1287383,20461,1345343
17500,1279939,21830,1337434
17501,1297827,20569,1356210
17502,1297124,20289,1355541
17503,1298512,20269,1357558
17504,1288383,20137,1344908
17505,1284901,21136,1341444
17506,1291142,20208,1348905
17507,1287864,20392,1346033
17508,1286401,20501,1344328
17509,1286476,21611,1346178
17510,1302920,20368,1363102
17511,1288790,20329,1345915
17512,1289809,20846,1349154
17513,1379918,21067,1455280
17514,1322234,22732,1388798
17515,1309197,21082,1371112
17516,1344622,21636,1412720
17517,1306068,20375,1369127
17518,1299735,21522,1359477
17519,1298772,20760,1360550
17520,1305938,20777,1368825
17521,1301808,20349,1362102
17522,1295771,20866,1356100
17523,1287013,21680,1347395
17524,1320123,20770,1382578
17525,1298345,21269,1360539
17526,1299050,20989,1359574
17527,1284364,21451,1344462
17528,1298438,20264,1357923
17529,1302808,20354,1362829
17530,1294993,20242,1355309
17531,1291845,21203,1351659
17532,1298179,21553,1358361
17533,1295198,20403,1354433
17534,1290253,20272,1350413
17535,1293661,21122,1353856
17536,1286605,22361,1346447
17537,1284679,20119,1342131
17538,1288068,20117,1346036
17539,1291271,20726,1349349
17540,1286920,20243,1344051
17541,1282568,22131,1342383
17542,1301309,20295,1360844
17543,1288160,21071,1347268
17544,1296567,20477,1357748
17545,1284383,21550,1343839
17546,1288068,20344,1347300
17547,1290216,21046,1350465
17548,1285475,20378,1343667
17549,1285457,20450,1343758
17550,1286827,22430,1345923
17551,1294513,21039,1353699
17552,1289439,20093,1347901
17553,1294179,20202,1352918
17554,1284345,21294,1342787
17555,1287438,21033,1346544
17556,1287938,20049,1344709
17557,1283549,21548,1343448
17558,1285365,20212,1344058
17559,1282698,21822,1341927
17560,1289753,20395,1346591
17561,1289586,21041,1348553
17562,1287753,20224,1346143
17563,1289735,21167,1349198
17564,1294456,20425,1352881
17565,1289365,21275,1348379
17566,1282586,20255,1340655
17567,1287105,20642,1344727
17568,1290179,21233,1348615
17569,1286809,20861,1345706
17570,1299605,20600,1360444
17571,1291993,20505,1351258
17572,1348289,22819,1418292
17573,1310030,21076,1372939
17574,1293531,20371,1353827
17575,1288697,20517,1348325
17576,1302067,20960,1362953
17577,1289161,21921,1348822
17578,1293476,20290,1353524
17579,1290271,20492,1349911
17580,1302031,20990,1362001
17581,1290567,21748,1349963
17582,1295549,20654,1354906
17583,1286956,20300,1346367
17584,1294734,21113,1354032
17585,1290216,20204,1349493
17586,1282327,21758,1342603
17587,1289605,20460,1347305
17588,1286364,20736,1343507
17589,1295346,20382,1354301
17590,1283568,21992,1342985
17591,1294012,20546,1351983
17592,1550341,23099,1643106
17593,1594284,22598,1691677
17594,1515637,22540,1610158
17595,1548637,24409,1638360
17596,1494360,21334,1584230
17597,1589951,24295,1687355
17598,1420751,20830,1505042
17599,1386029,24477,1468431
17600,1443546,22290,1527242
17601,1410936,21955,1492167
17602,1426769,21842,1509350
17603,1409806,21655,1488404
17604,1390011,23302,1468700
17605,1424398,21133,1502160
17606,1408158,21298,1488196
17607,1614173,25944,1717616
17608,1499546,26369,1594098
17609,1574359,23978,1672761
17610,1534193,23291,1628686
17611,1544211,21993,1644184
17612,1505027,22825,1595220
17613,1467342,26157,1566090
17614,1521712,21655,1609458
17615,1443361,21709,1527809
17616,1426065,21651,1508345
17617,1386418,24743,1469252
17618,1440102,23074,1524194
17619,1425306,21683,1508618
17620,1414714,21107,1494061
17621,1414344,21328,1494337
17622,1405270,23586,1483225
17623,1616192,20880,1715089
17624,1566322,24545,1662180
17625,1570655,22506,1665086
17626,1507305,29301,1606456
17627,1517879,22633,1612547
17628,1568693,27446,1674062
17629,1504656,22389,1599692
17630,1542081,21757,1636745
17631,1397881,25293,1485820
17632,1421454,22569,1501670
17633,1405881,21419,1487576
17634,1433417,21565,1516666
17635,1388215,24379,1472425
17636,1421214,22210,1502589
17637,1417825,21783,1500162
17638,1424398,21281,1505530
17639,1589136,22334,1697395
17640,1565952,24981,1660246
17641,1592970,23442,1687892
17642,1543915,22404,1638280
17643,1416639,21254,1496892
17644,1317011,23697,1384856
17645,1338659,20454,1406631
17646,1325623,20989,1392797
17647,1333863,20562,1400961
17648,1318122,20264,1381423
17649,1321048,22540,1385996
17650,1318809,20946,1385012
17651,1321789,21111,1387529
17652,1305123,20090,1365009
17653,1301382,21663,1363174
17654,1301919,20532,1361524
17655,1293957,21011,1353060
17656,1299716,20639,1360669
17657,1300827,20785,1360593
17658,1294864,21525,1355888
17659,1300124,21134,1361294
17660,1294586,20447,1354885
17661,1285938,20094,1343476
17662,1293641,21555,1353270
17663,1288994,21109,1348139
17664,1297623,20403,1358378
17665,1291901,20253,1350728
17666,1291216,21215,1351226
17667,1287012,21824,1346058
17668,1296975,21323,1357593
17669,1291679,20469,1350388
17670,1295790,21060,1356367
17671,1285142,21799,1345570
17672,1291604,20223,1350031
17673,1296327,20351,1356992
17674,1299420,21331,1360731
17675,1300419,20310,1360063
17676,1283883,22161,1343099
17677,1292327,20567,1351763
17678,1290308,20250,1349058
17679,1288493,20359,1346964
17680,1285864,21414,1344185
17681,1288753,20523,1346738
17682,1294068,20225,1354162
17683,1290976,20186,1350957
17684,1291549,20388,1349418
17685,1279790,21664,1338861
17686,1289438,20329,1348656
17687,1301901,20716,1362691
17688,1300493,20863,1360800
17689,1286383,21565,1346780
17690,1298401,20359,1357130
17691,1298031,20413,1357351
17692,1287734,21171,1346164
17693,1286716,20687,1343681
17694,1295031,22390,1357309
17695,1295605,20203,1353844
17696,1290068,20423,1349472
17697,1293271,20514,1353544
17698,1291197,21883,1352117
17699,1287957,20733,1346282
17700,1294068,20842,1354372
17701,1286605,20285,1345149
17702,1292920,20376,1351184
17703,1287586,21449,1347294
17704,1291105,20225,1350310
17705,1289790,20426,1349086
17706,1293179,20202,1353547
17707,1286679,21183,1344991
17708,1288493,20347,1345415
17709,1287771,20383,1346320
17710,1298253,20251,1358337
17711,1291512,20175,1349743
17712,1284402,21285,1342575
17713,1284068,20135,1342240
17714,1284790,20245,1343034
17715,1292197,20280,1351125
17716,1286364,21741,1345087
17717,1289808,20684,1348511
17718,1287716,20201,1345157
17719,1286624,20310,1345007
17720,1290105,21382,1348412
17721,1279642,21659,1339152
17722,1290216,20268,1349298
17723,1295809,20581,1355370
17724,1290827,21283,1348887
17725,1288642,21726,1347886
17726,1299531,20743,1360032
17727,1288809,20704,1348697
17728,1293531,21147,1352843
17729,1287771,20311,1345490
17730,1282142,21125,1340452
17731,1288235,20049,1346302
17732,1295142,20899,1353540
17733,1300104,20620,1361427
17734,1292957,21785,1353167
17735,1295975,20117,1355776
17736,1295235,21041,1353997
17737,1292438,20502,1351532
17738,1281790,20333,1340734
17739,1285939,20980,1344714
17740,1287438,20478,1344749
17741,1289846,20273,1348340
17742,1301716,20586,1365505
17743,1317308,22122,1381225
17744,1323382,21379,1387390
17745,1309715,20637,1372055
17746,1301290,20561,1361665
17747,1289105,20485,1348608
17748,1293883,21410,1353792
17749,1294124,20500,1352642
17750,1287031,20351,1345899
17751,1293012,20978,1352786
17752,1282494,21514,1339989
17753,1284661,20272,1342802
17754,1291105,21270,1351874
17755,1288717,20305,1347576
17756,1294938,20155,1353426
17757,1286716,21543,1346332
17758,1289883,19504,1346868
17759,1286753,20225,1343625
17760,1290642,20130,1348790
17761,1289346,21203,1348344
17762,1294309,20220,1353417
17763,1291716,20311,1349304
17764,1286920,20253,1344413
17765,1293938,20474,1354263
17766,1282586,21343,1340873
17767,1297456,21897,1358316
17768,1289234,20321,1346759
17769,1291808,20282,1349960
17770,1284253,21059,1342793
17771,1292383,20983,1352013
17772,1287439,20111,1345308
17773,1283901,20424,1340713
17774,1296475,21070,1357970
17775,1284716,21458,1344229
17776,1286753,20382,1345097
17777,1289216,20362,1348799
17778,1287513,20786,1346242
17779,1305253,21674,1368703
17780,1309179,20357,1370776
17781,1287290,20244,1345552
17782,1287735,21279,1346587
17783,1288327,20981,1348382
17784,1281068,21573,1339066
17785,1284198,20497,1342249
17786,1291160,20884,1349210
17787,1287327,20882,1346246
17788,1280198,21437,1338411
17789,1283568,20564,1341595
17790,1293697,20414,1352222
17791,1289105,20357,1346943
17792,1287976,20041,1344404
17793,1487972,23965,1577269
17794,1543822,21686,1639470
17795,1479176,22888,1570265
17796,1568711,23849,1663354
17797,1472490,29033,1570818
17798,1500434,23550,1593964
17799,1553340,25122,1649461
17800,1530674,23861,1625978
17801,1535711,23322,1629125
17802,1465046,24376,1558291
17803,1577488,23875,1675973
17804,1537415,22354,1630398
17805,1528841,23408,1628007
17806,1484527,34277,1585229
17807,1548711,24127,1647300
17808,1581914,22811,1676983
17809,1547988,22753,1642222
17810,1529619,22974,1637350
17811,1518249,28954,1614164
17812,1469842,23915,1559775
17813,1370863,20728,1443053
17814,1332197,20893,1397163
17815,1300105,22670,1360904
17816,1350678,20668,1421475
17817,1333215,20481,1399918
17818,1315086,20683,1378694
17819,1317123,20718,1381285
17820,1322715,22439,1386673
17821,1316493,20586,1378578
17822,1315364,20603,1378003
17823,1302753,20712,1364742
17824,1299994,22118,1361481
17825,1292994,20468,1352369
17826,1302920,20226,1363885
17827,1294920,20891,1355439
17828,1297827,20278,1357067
17829,1287864,21388,1346936
17830,1307363,20738,1369656
17831,1290846,20680,1351136
17832,1290123,20493,1347449
17833,1287587,21863,1346856
17834,1288179,20361,1347632
17835,1289216,20396,1347593
17836,1295290,20320,1354517
17837,1290938,20263,1350237
17838,1286938,21947,1347551
17839,1296253,20371,1355623
17840,1305179,20906,1365547
17841,1297901,20516,1359009
17842,1286086,22181,1346785
17843,1288457,20420,1345784
17844,1288994,20640,1346930
17845,1286420,23583,1347743
17846,1283198,20341,1341056
17847,1280661,21265,1339685
17848,1302586,20856,1362682
17849,1291327,21132,1350570
17850,1297864,20316,1357512
17851,1284865,21574,1344345
17852,1289975,20665,1348898
17853,1297216,20978,1357341
17854,1291438,20309,1350321
17855,1288790,20807,1347245
17856,1282883,22010,1341522
17857,1293864,20990,1354612
17858,1291568,20506,1351314
17859,1285938,20801,1346387
17860,1285994,21429,1345163
17861,1291771,21131,1351939
17862,1290087,20222,1348141
17863,1283976,20183,1341676
17864,1289439,20293,1347212
17865,1289253,22106,1349525
17866,1288364,20290,1347486
17867,1285716,20158,1344225
17868,1290957,20286,1348001
17869,1287401,21600,1346611
17870,1289438,20524,1348147
17871,1301142,20522,1362645
17872,1291253,20687,1350087
17873,1292142,20296,1351623
17874,1280624,21295,1340048
17875,1293513,20090,1351972
17876,1289679,20273,1348303
17877,1293476,20512,1354690
17878,1282420,21511,1342263
17879,1289494,20120,1348947
17880,1285605,20137,1344186
17881,1285180,20209,1342814
17882,1301050,20652,1362848
17883,1283809,21502,1342959
17884,1291698,20186,1350198
17885,1302271,20721,1363029
17886,1298012,20997,1358064
17887,1287401,21644,1347730
17888,1299586,20642,1360302
17889,1317771,20807,1383652
17890,1323826,21787,1389613
17891,1300883,20989,1361074
17892,1291883,21377,1349999
17893,1302623,20467,1362849
17894,1305901,20632,1367773
17895,1293309,20816,1353105
17896,1285697,21926,1345271
17897,1312975,20405,1376972
17898,1307753,20163,1368304
17899,1298864,21068,1359284
17900,1297938,20363,1357208
17901,1283346,21677,1342577
17902,1296142,20267,1356223
17903,1296013,21025,1356222
17904,1286809,20338,1344794
17905,1285050,21707,1342478
17906,1291161,20391,1351458
17907,1294253,20889,1353011
17908,1294308,20554,1352213
17909,1288475,20348,1347601
17910,1282586,21365,1340785
17911,1292142,20845,1349505
17912,1290790,20195,1349466
17913,1286957,20175,1345094
17914,1283161,21526,1342278
17915,1297624,20783,1356980
17916,1293976,20207,1353071
17917,1294420,20780,1354273
17918,1287587,20352,1345493
17919,1284272,21369,1343048
17920,1316901,20238,1376008
17921,1294734,20940,1352859
17922,1285586,20382,1344098
17923,1282253,21418,1340430
17924,1288660,20268,1346169
17925,1286771,20915,1346501
17926,1299772,20654,1360406
17927,1295253,20189,1353849
17928,1288420,21632,1347329
17929,1294920,21167,1354272
17930,1286827,20314,1345548
17931,1286920,20257,1343972
17932,1287901,21292,1346526
17933,1291735,21013,1350617
17934,1285457,20381,1342689
17935,1291772,20269,1349799
17936,1299845,21026,1358815
17937,1280402,21840,1338833
17938,1297068,20690,1356498
17939,1288179,20355,1346422
17940,1296864,20260,1358327
17941,1289790,21815,1348919
17942,1291531,20146,1349491
17943,1285919,20163,1343786
17944,1290661,20439,1346691
17945,1289568,20863,1347264
17946,1291605,21825,1351522
17947,1291216,20230,1349779
17948,1291253,20932,1349388
17949,1298216,20597,1356720
17950,1283179,22466,1343682
17951,1289938,20317,1347717
17952,1292142,20685,1350771
17953,1290568,20683,1349602
17954,1285809,20385,1344712
17955,1285068,21847,1343951
17956,1285827,20901,1344264
17957,1295383,20806,1354985
17958,1293939,20008,1352316
17959,1284068,22026,1343408
17960,1289198,20431,1347647
17961,1295161,21004,1355404
17962,1293846,20243,1353680
17963,1293716,20519,1353530
17964,1285106,22129,1345196
17965,1286217,20127,1342953
17966,1298716,20310,1358303
17967,1299012,20920,1359616
17968,1281846,21289,1340356
17969,1289161,20287,1348354
17970,1289494,20322,1347704
17971,1287438,20987,1346165
17972,1293753,20430,1352997
17973,1280568,21336,1337996
17974,1289419,20131,1346624
17975,1295902,21036,1356714
17976,1287790,20479,1344750
17977,1282790,21385,1340841
17978,1291105,20680,1350321
17979,1284790,20900,1344041
17980,1285623,20269,1342595
17981,1286808,20396,1345908
17982,1284179,21525,1341574
17983,1301382,21153,1361053
17984,1291864,20392,1349107
17985,1290845,20334,1349179
17986,1278328,21741,1336253
17987,1320827,21257,1386046
17988,1305531,21033,1366563
17989,1290605,20087,1348099
17990,1289957,20289,1348838
17991,1290198,21714,1349855
17992,1289994,20249,1347224
17993,1284012,20321,1341370
17994,1287439,20190,1344757
17995,1286512,21504,1344701
17996,1284142,20539,1341440
17997,1289642,20852,1348493
17998,1285364,20183,1343158
17999,1343271,20274,1404489
18000,1292365,21903,1350359
18001,1286643,20901,1345913
18002,1287179,20325,1345411
18003,1471805,21416,1567609
18004,1497083,27248,1590644
18005,1555526,22080,1651548
18006,1534378,23263,1628788
18007,1515860,22965,1608175
18008,1565359,24371,1670784
18009,1428602,26554,1523396
18010,1453602,23312,1542357
18011,1415547,20755,1498319
18012,1419510,21309,1502391
18013,1387010,23307,1467854
18014,1413861,21491,1496185
18015,1403140,21174,1483998
18016,1411362,22154,1492866
18017,1411306,22763,1493328
18018,1556767,25336,1659860
18019,1575044,22019,1671932
18020,1582988,24444,1684616
18021,1534748,22905,1627337
18022,1449843,32033,1545949
18023,1572840,25217,1675759
18024,1490416,22511,1581630
18025,1563415,24250,1660163
18026,1441898,21397,1530016
18027,1401103,23006,1482942
18028,1441713,21079,1522254
18029,1408436,21114,1489512
18030,1410973,22094,1492047
18031,1383696,22889,1462139
18032,1422899,21239,1502766
18033,1419529,21200,1500172
18034,1568099,21032,1669463
18035,1573970,27159,1673887
18036,1515508,29195,1613443
18037,1584933,21842,1686791
18038,1535212,23377,1629346
18039,1598840,24394,1696695
18040,1425195,28429,1514475
18041,1581525,24465,1686674
18042,1443399,21408,1529027
18043,1434028,22591,1517636
18044,1420584,22256,1501598
18045,1402028,24292,1485467
18046,1436546,23086,1518039
18047,1421807,23770,1504297
18048,1414621,22823,1493166
18049,1384399,24526,1466943
18050,1426288,23413,1510329
18051,1607155,22374,1705249
18052,1551507,22447,1646860
18053,1545341,23408,1638766
18054,1464527,27647,1560007
18055,1381696,20608,1453822
18056,1320327,20551,1382692
18057,1336697,21272,1404597
18058,1311142,21900,1376763
18059,1308475,21213,1371409
18060,1327382,20619,1391778
18061,1320031,20543,1383350
18062,1314642,21652,1380145
18063,1301735,22744,1364885
18064,1306549,20446,1366124
18065,1299105,20610,1359252
18066,1297568,21109,1359639
18067,1288994,22385,1350119
18068,1298809,20180,1357136
18069,1294975,20345,1353893
18070,1295012,21139,1355540
18071,1302234,20341,1362075
18072,1290494,22099,1349537
18073,1303735,20431,1364498
18074,1292716,21151,1352737
18075,1285994,20223,1343754
18076,1289142,21741,1348345
18077,1298124,20572,1359102
18078,1295883,21089,1355823
18079,1291846,20458,1349673
18080,1287216,20326,1344005
18081,1292901,21547,1352522
18082,1296160,20231,1355631
18083,1286679,20377,1343185
18084,1289883,20579,1348239
18085,1286271,21078,1344516
18086,1283697,20224,1339903
18087,1286012,20574,1344179
18088,1291309,20276,1348584
18089,1290438,20293,1349231
18090,1293142,21699,1354322
18091,1294012,20957,1352802
18092,1290716,20251,1348467
18093,1294661,20749,1353446
18094,1292827,21452,1351964
18095,1288512,20821,1346795
18096,1291660,20689,1350756
18097,1293919,20502,1353143
18098,1296716,20778,1356642
18099,1289476,21814,1348826
18100,1289401,20183,1346639
18101,1292291,20292,1352248
18102,1317863,21124,1385097
18103,1317493,21919,1380004
18104,1299382,20250,1357984
18105,1298383,20341,1357704
18106,1300846,20802,1360647
18107,1293364,20319,1351516
18108,1292993,21559,1351774
18109,1296716,20372,1355254
18110,1289920,20574,1348826
18111,1292846,20294,1351436
18112,1283123,21719,1340342
18113,1297253,20310,1355673
18114,1304864,20197,1364634
18115,1292012,20140,1349429
18116,1289383,20416,1346724
18117,1284605,21044,1342408
18118,1288716,20339,1347369
18119,1295031,20726,1355719
18120,1289550,20169,1347977
18121,1281864,21297,1339235
18122,1301679,20333,1362196
18123,1290457,20572,1349787
18124,1287531,20866,1344804
18125,1288420,20142,1346636
18126,1287049,21308,1347153
18127,1289957,21047,1348318
18128,1289938,20397,1348427
18129,1298753,20414,1357536
18130,1288291,21413,1347461
18131,1293142,20837,1353108
18132,1286346,20317,1344791
18133,1290050,20519,1349567
18134,1294882,20961,1355547
18135,1283161,22108,1342842
18136,1286753,20273,1344581
18137,1292253,20290,1351191
18138,1282272,20474,1341134
18139,1278013,21898,1336373
18140,1294438,20211,1353038
18141,1286994,20117,1344462
18142,1299216,20301,1360164
18143,1298476,20521,1356996
18144,1287661,21075,1346254
18145,1293624,20148,1352641
18146,1294623,20442,1354232
18147,1294734,21237,1353804
18148,1307401,22402,1371914
18149,1295142,20401,1355357
18150,1317048,20251,1378206
18151,1296531,21045,1356779
18152,1290698,20785,1348926
18153,1278531,22302,1337184
18154,1292605,20485,1353460
18155,1293883,21058,1352866
18156,1288217,20797,1346179
18157,1287328,22258,1347030
18158,1296049,20109,1355046
18159,1284364,21162,1343508
18160,1288790,20957,1346691
18161,1287439,20196,1345226
18162,1285123,21306,1343522
18163,1287105,20434,1345094
18164,1286161,21006,1344185
18165,1283882,20393,1340665
18166,1280698,21485,1339071
18167,1290105,20298,1347847
18168,1291197,20963,1348956
18169,1294272,20480,1354547
18170,1286697,20163,1344749
18171,1285457,21644,1344489
18172,1300160,21049,1366227
18173,1581618,24714,1680479
18174,1549618,22398,1644219
18175,1429899,28878,1521183
18176,1557693,23728,1649216
18177,1549767,23319,1648566
18178,1511453,23021,1604380
18179,1548637,23334,1644451
18180,1459157,30518,1552970
18181,1532397,26646,1630300
18182,1546600,23200,1642391
18183,1555563,23494,1653463
18184,1488231,32641,1589223
18185,1537600,23954,1632442
18186,1516712,23212,1619682
18187,1553970,23395,1652994
18188,1539507,23597,1640511
18189,1438269,31115,1532012
18190,1547008,25817,1649601
18191,1530785,23037,1627229
18192,1402807,21795,1479841
18193,1321474,23664,1387490
18194,1307753,20792,1369989
18195,1337678,20642,1406912
18196,1323734,21029,1390040
18197,1310123,21250,1372761
18198,1302271,22249,1363964
18199,1325586,20266,1390165
18200,1309642,20801,1372479
18201,1303660,21244,1364459
18202,1293864,22131,1353235
18203,1298771,19389,1356697
18204,1296031,20313,1354973
18205,1298049,21015,1358341
18206,1293846,20439,1353340
18207,1287179,21771,1345635
18208,1291976,20196,1350522
18209,1298030,20824,1357576
18210,1294420,20396,1354037
18211,1284605,21117,1341573
18212,1293142,20615,1351923
18213,1285883,20428,1343977
18214,1286457,20260,1343438
18215,1288290,20629,1346177
18216,1280013,21127,1336917
18217,1305012,20570,1366285
18218,1300476,20272,1358487
18219,1287920,20419,1345541
18220,1280661,21380,1338966
18221,1298531,20564,1358112
18222,1294772,20303,1352648
18223,1287975,20560,1345628
18224,1285661,20596,1343478
18225,1284846,22428,1343977
18226,1286957,20185,1345475
18227,1293291,20313,1352510
18228,1287105,20126,1344564
18229,1282272,21236,1340193
18230,1297809,20457,1357117
18231,1288920,20326,1346041
18232,1290920,20268,1349669
18233,1284717,20211,1342852
18234,1286605,21784,1345407
18235,1291642,20338,1350664
18236,1286902,20206,1344014
18237,1287161,20779,1346031
18238,1301939,21944,1364474
18239,1297512,20091,1356528
18240,1283106,20367,1341953
18241,1284753,20754,1343636
18242,1286402,20363,1343357
18243,1277476,21658,1335819
18244,1288772,20323,1346002
18245,1283753,20544,1342167
18246,1286346,20153,1343869
18247,1288512,21819,1346608
18248,1293735,20410,1351829
18249,1286457,20501,1344438
18250,1289013,20203,1347529
18251,1289827,20275,1347324
18252,1281531,21459,1339360
18253,1289624,20605,1348636
18254,1286402,20159,1344282
18255,1293012,21120,1352280
18256,1282902,22416,1342909
18257,1289772,20636,1347426
18258,1286605,20060,1344868
18259,1285587,20836,1343885
18260,1292068,20298,1351624
18261,1284735,21815,1345605
18262,1295753,20258,1356677
18263,1295993,20923,1355508
18264,1293179,20199,1351803
18265,1280105,21531,1338228
18266,1287568,20288,1345930
18267,1294438,20546,1353724
18268,1285254,20063,1343038
18269,1286734,20228,1343980
18270,1279883,21578,1338442
18271,1296882,20373,1355996
18272,1285234,21038,1344642
18273,1285735,20814,1344270
18274,1281457,21442,1340288
18275,1284735,20163,1342008
18276,1293439,21087,1352506
18277,1284475,20141,1342023
18278,1288605,20250,1347707
18279,1284642,21712,1343280
18280,1292791,20914,1350111
18281,1292198,20524,1350554
18282,1286290,20263,1344274
18283,1284957,21187,1341533
18284,1291920,21001,1349901
18285,1282383,20295,1339751
18286,1289846,20479,1348342
18287,1291827,20477,1350470
18288,1285253,21865,1344673
18289,1285475,20085,1343893
18290,1288846,20602,1347558
18291,1285216,20582,1342593
18292,1279271,21488,1337333
18293,1286049,20264,1343165
18294,1283105,21003,1342181
18295,1279032,20242,1336013
18296,1283291,20185,1340382
18297,1283920,21332,1341844
18298,1285013,20886,1343916
18299,1288068,20402,1346692
18300,1287587,20864,1346042
18301,1287364,21399,1345689
18302,1290235,22027,1350391
18303,1284661,20081,1341667
18304,1286698,20672,1344073
18305,1287939,20467,1345756
18306,1282568,21762,1341755
18307,1284846,20242,1342346
18308,1285013,20462,1342529
18309,1301864,19886,1360916
18310,1287272,22330,1347526
18311,1294234,20291,1352525
18312,1285383,20697,1342282
18313,1287883,20861,1347188
18314,1286864,20434,1345483
18315,1285605,21118,1343074
18316,1288661,20875,1346183
18317,1286938,20374,1344034
18318,1287309,20502,1346069
18319,1286346,21426,1344771
18320,1287364,20425,1344622
18321,1282939,20293,1340453
18322,1290661,21143,1350507
18323,1294124,20957,1353801
18324,1285975,21937,1345578
18325,1289494,20565,1347891
18326,1292790,20711,1352501
18327,1290087,20358,1347740
18328,1283531,21856,1341942
18329,1351456,20744,1421272
18330,1298271,20501,1359327
18331,1301161,20425,1361344
18332,1297086,20109,1355583
18333,1286401,21608,1345731
18334,1302383,20976,1364469
18335,1293346,20475,1352301
18336,1294087,20603,1353262
18337,1281680,21805,1340650
18338,1286883,20563,1345723
18339,1301327,20505,1361183
18340,1289846,21096,1348034
18341,1283587,20354,1340477
18342,1291512,21501,1351383
18343,1291217,20295,1350159
18344,1285068,21368,1343491
18345,1287494,21255,1346693
18346,1287142,21550,1345747
18347,1290087,20622,1348227
18348,1295531,21121,1355947
18349,1286179,20212,1344297
18350,1287902,20395,1346592
18351,1285827,21190,1343498
18352,1288234,21077,1345774
18353,1282105,20224,1338791
18354,1285383,20241,1344104
18355,1306475,21499,1371640
18356,1308012,21312,1369305
18357,1295271,20254,1355488
18358,1290716,20642,1350524
18359,1353659,21047,1417132
18360,1296438,21991,1355761
18361,1293697,20489,1352723
18362,1287031,20413,1346536
18363,1315493,20985,1378293
18364,1292716,21744,1352514
18365,1293475,20446,1350939
18366,1291716,20222,1350363
18367,1290290,20368,1348620
18368,1300790,20533,1359785
18369,1284531,21236,1342507
18370,1290401,20308,1349708
18371,1300679,20621,1361836
18372,1292012,20267,1349575
18373,1287161,21470,1345408
18374,1297605,20598,1357628
18375,1289179,20652,1349182
18376,1292920,20372,1350606
18377,1287308,21148,1345882
18378,1317698,21499,1383010
18379,1319993,21201,1382805
18380,1312067,20847,1373544
18381,1297364,21068,1357135
18382,1283402,21289,1343245
18383,1290735,20380,1349484
18384,1294124,20415,1352538
18385,1292605,20969,1352166
18386,1287402,20671,1345960
18387,1280420,21614,1338756
18388,1302401,20038,1360643
18389,1293754,21037,1352363
18390,1288290,20128,1346121
18391,1290698,20904,1349360
18392,1298642,20236,1357044
18393,1293067,21067,1351487
18394,1293790,20584,1353577
18395,1290345,20157,1348465
18396,1283976,21433,1341760
18397,1289290,21043,1348369
18398,1292531,20337,1350590
18399,1285197,20187,1343236
18400,1285327,21760,1343420
18401,1300438,21147,1362307
18402,1296993,20627,1357342
18403,1294105,21755,1355933
18404,1290864,20568,1350358
18405,1289235,21974,1348912
18406,1308605,21010,1370428
18407,1292586,21119,1352372
18408,1291716,20340,1351277
18409,1287327,21727,1345332
18410,1292290,20466,1350274
18411,1287976,21094,1347680
18412,1290698,20370,1348864
18413,1286457,20109,1343158
18414,1289623,21108,1349416
18415,1530730,23477,1630631
18416,1594395,22234,1687980
18417,1524063,22288,1617684
18418,1529693,24954,1632627
18419,1492842,23359,1586311
18420,1586840,24136,1682752
18421,1428102,20819,1511291
18422,1410899,22280,1495030
18423,1378992,26668,1461715
18424,1414399,21166,1492749
18425,1415399,22239,1498507
18426,1414955,21533,1496709
18427,1372326,26050,1456542
18428,1426270,21382,1506021
18429,1409473,22973,1492352
18430,1637210,29193,1747050
18431,1567655,22784,1661642
18432,1518767,25876,1620290
18433,1520804,24911,1614862
18434,1549063,23150,1654767
18435,1498360,23223,1592081
18436,1463898,29406,1563007
18437,1526453,23627,1619486
18438,1434528,21829,1518338
18439,1426658,22957,1510132
18440,1437028,22992,1519279
18441,1390455,23695,1473519
18442,1427880,22452,1510313
18443,1407695,24284,1487015
18444,1426324,22505,1506328
18445,1396306,24929,1475513
18446,1419954,22983,1502214
18447,1641913,46351,1789744
18448,1577859,25702,1674781
18449,1581155,23663,1677983
18450,1470472,26051,1564855
18451,1511657,24660,1608463
18452,1529322,24270,1623387
18453,1524563,22749,1621478
18454,1493935,32118,1594515
18455,1442473,20821,1524996
18456,1412102,21763,1493772
18457,1445658,22132,1526251
18458,1416177,22797,1496658
18459,1387492,23259,1468861
18460,1422787,24368,1506155
18461,1416825,22496,1498357
18462,1427603,23217,1511596
18463,1384604,23271,1461706
18464,1630265,47732,1758292
18465,1562174,23249,1656848
18466,1530545,22099,1624439
18467,1413214,20950,1491699
18468,1318049,23059,1382145
18469,1356659,21317,1428161
18470,1339845,20704,1410511
18471,1324919,21055,1389658
18472,1302327,22961,1364694
18473,1317642,21385,1383822
18474,1314253,21069,1377635
18475,1300624,20974,1362967
18476,1311235,20658,1374151
18477,1301124,21879,1363224
18478,1299642,20285,1359963
18479,1298920,20746,1360035
18480,1297087,20430,1356552
18481,1296179,22058,1356273
18482,1292827,20353,1352568
18483,1287346,20184,1345585
18484,1291827,20146,1350639
18485,1298697,20292,1357970
18486,1289568,21273,1349710
18487,1298716,20215,1359023
18488,1290642,20232,1350281
18489,1288050,20656,1347853
18490,1282920,21378,1341556
18491,1288068,20135,1346610
18492,1313383,20096,1372219
18493,1304364,20576,1366662
18494,1300346,20371,1360123
18495,1286161,21499,1345289
18496,1289439,20220,1347750
18497,1283086,20292,1341489
18498,1291031,20624,1349673
18499,1288106,21715,1348431
18500,1287976,20343,1345726
18501,1294513,20657,1355390
18502,1290994,20396,1352167
18503,1287160,20264,1346369
18504,1283235,22004,1341886
18505,1297976,20762,1359199
18506,1290235,20612,1348753
18507,1290808,20684,1350492
18508,1285105,21702,1344028
18509,1289975,20885,1349582
18510,1294105,21939,1354821
18511,1287920,20345,1345801
18512,1285420,20954,1343873
18513,1276771,21305,1335632
18514,1284383,20266,1342630
18515,1284327,20265,1342869
18516,1305105,21115,1367367
18517,1297623,23614,1359996
18518,1294142,20445,1353624
18519,1296827,20536,1355955
18520,1291382,21238,1350676
18521,1301938,20792,1362544
18522,1285309,21495,1346007
18523,1286216,21141,1345912
18524,1290457,20547,1349355
18525,1284364,20323,1343502
18526,1285235,22137,1346649
18527,1294198,20265,1354591
18528,1288383,20171,1345775
18529,1281642,20354,1339551
18530,1287920,20315,1346938
18531,1285476,21740,1344789
18532,1285105,20183,1341565
18533,1289809,20718,1348674
18534,1296123,20124,1356117
18535,1284494,21882,1344209
18536,1293939,20158,1351929
18537,1292179,20379,1351131
18538,1284476,20266,1343019
18539,1287086,20209,1345295
18540,1284531,21411,1342146
18541,1285864,20595,1344718
18542,1285475,20279,1343105
18543,1287197,20295,1345326
18544,1289143,21813,1349324
18545,1286624,21848,1346638
18546,1282179,20365,1340506
18547,1285697,20326,1345042
18548,1283920,20769,1342503
18549,1284994,21286,1344243
18550,1292586,20414,1351408
18551,1286568,20579,1344999
18552,1505508,24707,1597029
18553,1482953,23614,1577473
18554,1524415,23686,1617156
18555,1542119,23462,1637580
18556,1541211,28646,1641300
18557,1490083,22644,1580966
18558,1501082,24921,1600354
18559,1544063,23178,1641499
18560,1541563,21843,1633498
18561,1508657,21990,1600978
18562,1512730,29526,1616514
18563,1562600,22598,1655178
18564,1505971,21189,1602196
18565,1504638,21798,1596546
18566,1542878,24019,1641673
18567,1499508,29055,1597729
18568,1563322,25461,1662670
18569,1512823,23033,1605521
18570,1538304,23717,1634538
18571,1439935,29308,1531372
18572,1373474,20955,1444409
18573,1329234,20749,1394093
18574,1350752,21174,1418814
18575,1323049,21172,1388294
18576,1310012,21986,1373534
18577,1315864,20410,1378143
18578,1307956,20316,1369790
18579,1315956,19907,1377307
18580,1294791,21313,1354584
18581,1293568,20515,1353193
18582,1292235,20347,1351210
18583,1294086,20345,1353153
18584,1290197,20843,1347485
18585,1288642,22398,1347706
18586,1289957,20229,1348241
18587,1287439,20617,1344110
18588,1288735,21041,1345941
18589,1290513,21706,1349255
18590,1290012,21427,1349957
18591,1284216,20425,1341067
18592,1286253,20961,1344621
18593,1286290,20385,1343674
18594,1287124,21680,1347229
18595,1297401,20641,1358375
18596,1292771,21010,1351392
18597,1294124,20805,1353316
18598,1282105,21378,1341001
18599,1292253,20228,1350314
18600,1291660,20985,1348830
18601,1292624,20243,1350607
18602,1285439,20371,1344123
18603,1285549,21203,1344141
18604,1293568,20979,1352732
18605,1288975,20181,1346489
18606,1284013,20161,1342766
18607,1276401,21512,1333394
18608,1288179,20566,1345633
18609,1287531,20249,1345576
18610,1288161,20192,1346722
18611,1289050,20690,1346906
18612,1290291,21615,1350016
18613,1292475,20114,1351422
18614,1285606,20390,1343439
18615,1293382,20277,1351085
18616,1287124,21646,1345732
18617,1293753,20607,1353156
18618,1343160,20458,1409357
18619,1308290,21178,1369727
18620,1298920,20769,1357336
18621,1285883,21731,1344446
18622,1303827,20711,1365130
18623,1282476,20302,1340147
18624,1292086,20874,1351312
18625,1286883,22114,1345626
18626,1312234,20705,1374864
18627,1300105,20314,1359252
18628,1292068,20961,1350509
18629,1293327,20107,1351878
18630,1284049,21439,1342025
18631,1294531,20401,1353597
18632,1301327,20399,1360855
18633,1292660,20194,1352372
18634,1289049,21137,1347926
18635,1293364,20135,1352684
18636,1291809,20597,1349923
18637,1288420,20225,1347181
18638,1285939,20315,1343568
18639,1279105,21814,1337215
18640,1288253,20257,1346158
18641,1302401,20607,1362304
18642,1292364,20383,1352339
18643,1288235,21438,1346338
18644,1286531,20381,1343374
18645,1294531,21046,1354002
18646,1288605,20988,1347963
18647,1289661,20246,1348184
18648,1290864,21782,1350331
18649,1291734,20910,1350107
18650,1286642,20593,1344994
18651,1285938,20258,1344215
18652,1288976,22517,1348288
18653,1290642,20237,1349027
18654,1286217,20254,1344932
18655,1282586,19956,1340079
18656,1284513,21028,1341207
18657,1282809,21546,1341484
18658,1291068,20211,1348723
18659,1292308,20746,1351554
18660,1287994,20245,1346201
18661,1288809,21780,1348292
18662,1289198,20371,1347494
18663,1287031,20222,1346752
18664,1294105,20498,1353880
18665,1287476,20144,1345841
18666,1282180,21236,1341099
18667,1287772,20586,1347153
18668,1284957,20140,1342781
18669,1288402,20138,1347298
18670,1285642,21452,1345260
18671,1284050,20783,1343166
18672,1283809,20282,1341275
18673,1287679,20188,1345496
18674,1286402,21019,1346272
18675,1280050,21703,1339141
18676,1288994,20165,1346750
18677,1282735,20163,1340286
18678,1301365,21069,1364524
18679,1283679,21512,1343302
18680,1288994,20195,1347263
18681,1292013,20305,1351502
18682,1290216,20618,1350611
18683,1278309,20431,1336147
18684,1278476,21967,1337275
18685,1286180,20336,1345607
18686,1296494,20482,1357142
18687,1292142,20166,1350344
18688,1282086,22387,1341454
18689,1288179,20126,1345619
18690,1284401,20310,1341692
18691,1283735,20697,1342135
18692,1283087,20473,1340744
18693,1285161,22138,1344372
18694,1288753,20396,1346408
18695,1287476,20691,1344128
18696,1283920,20319,1342386
18697,1277420,22114,1335922
18698,1293939,20427,1353309
18699,1298920,20944,1358992
18700,1289420,20516,1348398
18701,1293253,20181,1351045
18702,1287327,21439,1346877
18703,1287993,20901,1346449
18704,1284808,20047,1342670
18705,1288865,20212,1347594
18706,1289420,21581,1349741
18707,1289587,21432,1348295
18708,1287216,21411,1345757
18709,1282679,20299,1339718
18710,1287179,21093,1346216
18711,1276568,21481,1334734
18712,1282013,20942,1339676
18713,1282679,20533,1341415
18714,1285457,20309,1343321
18715,1281309,21401,1338839
18716,1289123,20603,1347707
18717,1284308,20194,1342558
18718,1288531,20137,1347222
18719,1343196,21116,1406905
18720,1293197,21689,1351627
18721,1289827,20410,1348459
18722,1291068,20075,1349401
18723,1284364,20907,1342178
18724,1344808,22943,1413712
18725,1307679,20237,1368415
18726,1310642,20161,1373173
18727,1305086,20901,1366653
18728,1297087,20473,1356984
18729,1287124,21768,1347280
18730,1301808,20359,1362093
18731,1291828,21154,1351054
18732,1287808,20300,1346238
18733,1290920,21447,1349811
18734,1292290,20168,1350346
18735,1289234,21036,1347400
18736,1289531,20072,1345824
18737,1286661,20163,1343952
18738,1281661,21513,1338711
18739,1291309,21012,1351079
18740,1286383,20399,1343781
18741,1286179,21305,1345428
18742,1282198,21156,1340945
18743,1284957,20228,1342295
18744,1294939,20356,1353071
18745,1288031,21113,1347051
18746,1284623,20149,1343235
18747,1288086,21703,1347104
18748,1288105,20368,1345880
18749,1283438,20478,1341601
18750,1284679,20328,1343932
18751,1283328,21864,1341894
18752,1286827,20436,1343541
18753,1287272,20675,1345002
18754,1284328,20155,1341315
18755,1285457,20191,1343591
18756,1289734,21578,1348905
18757,1291271,20336,1349625
18758,1286383,20519,1344735
18759,1283772,20407,1342567
18760,1286642,21646,1344640
18761,1285864,20515,1343175
18762,1289624,20680,1348025
18763,1285531,20382,1343635
18764,1286920,20547,1343929
18765,1282438,21490,1339687
18766,1284327,20896,1342723
18767,1283142,20098,1341091
18768,1287771,20485,1345053
18769,1284606,21392,1341404
18770,1285661,20446,1344457
18771,1281420,20185,1339363
18772,1292827,20109,1350454
18773,1289753,20978,1349249
18774,1282513,22310,1342525
18775,1283124,19975,1339950
18776,1293457,20232,1351151
18777,1288828,21083,1346965
18778,1278142,21174,1337056
18779,1288901,20487,1348277
18780,1286790,20430,1346553
18781,1287624,20262,1347107
18782,1285346,20223,1343661
18783,1276346,21703,1335456
18784,1285920,20516,1343047
18785,1284475,20626,1342323
18786,1292346,20235,1351969
18787,1280865,22142,1340228
18788,1284827,20751,1342652
18789,1288161,20324,1346946
18790,1288105,20118,1345185
18791,1287123,20209,1345869
18792,1282291,21486,1339849
18793,1285605,20280,1343459
18794,1283160,20242,1341291
18795,1283809,20184,1341067
18796,1277179,20869,1333677
18797,1293049,20941,1352249
18798,1293956,20310,1352099
18799,1288827,20382,1348097
18800,1288216,20566,1345485
18801,1284902,21101,1342299
18802,1290420,20415,1349149
18803,1284105,21080,1342554
18804,1280680,20374,1338738
18805,1281309,21336,1338718
18806,1284272,20186,1341587
18807,1291457,20870,1351085
18808,1297253,20646,1357046
18809,1289179,20292,1348804
18810,1287920,21125,1347322
18811,1289901,20882,1348783
18812,1283179,20288,1341281
18813,1284753,20212,1342965
18814,1291679,22026,1350889
18815,1286494,21154,1344721
18816,1286087,19930,1342738
18817,1285568,20243,1343422
18818,1301901,21242,1362309
18819,1284846,22166,1345160
18820,1289512,20294,1348825
18821,1288568,20922,1348508
18822,1291883,20995,1353303
18823,1285642,22105,1346135
18824,1286957,22770,1347393
18825,1294346,20287,1353891
18826,1292050,20933,1352315
18827,1450713,22432,1536106
18828,1494212,24523,1584049
18829,1552692,24984,1649268
18830,1495490,22964,1588490
18831,1527638,24240,1621951
18832,1448417,27887,1540451
18833,1629265,25219,1728353
18834,1435417,20940,1519189
18835,1421751,22772,1503836
18836,1411825,22400,1493149
18837,1379399,24621,1462408
18838,1427121,22471,1508757
18839,1425102,23173,1507071
18840,1412381,23005,1491699
18841,1401881,24615,1481735
18842,1424658,22576,1506696
18843,1637191,31130,1747153
18844,1555322,23147,1649153
18845,1542045,22923,1635892
18846,1479305,33403,1580911
18847,1544804,22032,1637056
18848,1502009,22641,1593982
18849,1583285,25991,1685126
18850,1398288,24972,1479648
18851,1448362,21674,1532552
18852,1423491,21172,1504292
18853,1414288,22393,1495420
18854,1412177,21095,1489974
18855,1382881,25020,1461715
18856,1415177,22203,1492249
18857,1416065,21239,1497137
18858,1411085,21867,1491968
18859,1573785,26884,1678390
18860,1543823,23160,1641315
18861,1554322,22307,1658424
18862,1544952,23028,1642219
18863,1532434,23100,1634921
18864,1489194,33451,1587921
18865,1512545,23949,1610141
18866,1528545,21799,1621139
18867,1457194,21983,1543917
18868,1401529,26278,1484843
18869,1417473,21684,1498767
18870,1426213,23479,1508784
18871,1418992,22033,1501449
18872,1412288,20957,1494096
18873,1399917,23086,1477724
18874,1422547,22158,1502852
18875,1605006,21582,1699513
18876,1557285,22951,1652235
18877,1516656,26172,1609457
18878,1496638,22060,1590567
18879,1377252,20595,1450734
18880,1321863,21260,1385864
18881,1305123,20295,1365177
18882,1313383,23572,1379435
18883,1336993,20515,1403396
18884,1310253,21310,1371951
18885,1345938,21160,1413782
18886,1312604,23474,1377800
18887,1304920,20287,1364965
18888,1316753,21193,1377352
18889,1314401,21024,1376165
18890,1303494,21078,1364368
18891,1300919,21985,1361848
18892,1303827,21298,1364587
18893,1298846,20741,1359345
18894,1299105,20313,1358417
18895,1291086,21386,1348416
18896,1293068,20459,1351933
18897,1295309,20401,1352858
18898,1293438,20233,1352412
18899,1293994,20102,1353002
18900,1290291,21545,1348335
18901,1288957,20025,1347222
18902,1285198,20172,1343795
18903,1286494,20318,1345330
18904,1284957,21262,1344088
18905,1284031,20075,1341624
18906,1302586,20851,1362992
18907,1286512,20535,1344972
18908,1289809,20385,1348378
18909,1291735,21587,1352062
18910,1295771,21308,1356301
18911,1289420,20640,1347763
18912,1283012,20286,1338909
18913,1285735,21470,1343371
18914,1289975,20876,1348332
18915,1297013,21004,1357442
18916,1290217,20280,1347903
18917,1288050,20482,1346235
18918,1281642,21574,1340401
18919,1281994,20406,1339251
18920,1290364,20460,1348416
18921,1290050,20106,1347414
18922,1286957,21235,1345932
18923,1284272,20233,1341301
18924,1309475,20306,1373576
18925,1299457,20526,1358612
18926,1298253,21321,1360221
18927,1292364,22135,1352054
18928,1290309,20466,1349256
18929,1291476,20391,1350328
18930,1293105,21019,1351697
18931,1281791,21758,1339585
18932,1560674,25868,1662022
18933,1531989,22755,1630743
18934,1500286,22902,1593372
18935,1563877,23807,1660313
18936,1479343,34454,1606128
18937,1527656,23434,1620089
18938,1554767,22118,1652050
18939,1523545,21931,1617364
18940,1505286,28097,1601030
18941,1544600,22466,1641416
18942,1549304,23112,1641970
18943,1534953,24592,1633561
18944,1573952,21498,1664041
18945,1451491,29015,1546894
18946,1561822,22810,1658149
18947,1561044,25345,1657555
18948,1491953,21936,1582481
18949,1487231,32176,1586665
18950,1534841,25378,1635181
18951,1451102,21284,1533311
18952,1330586,20542,1395997
18953,1313253,20966,1374681
18954,1328475,22594,1397383
18955,1333845,20352,1398826
18956,1304253,20387,1365954
18957,1333623,21664,1400230
18958,1308456,22051,1373248
18959,1301568,24624,1368432
18960,1306920,20363,1367800
18961,1306383,20806,1367002
18962,1306141,21156,1369390
18963,1299179,22118,1360870
18964,1305735,20190,1364443
18965,1293271,20615,1352330
18966,1295179,20965,1354995
18967,1284846,21668,1343531
18968,1291031,20185,1348567
18969,1288087,20757,1348047
18970,1293031,20774,1352489
18971,1285568,20328,1342914
18972,1287994,21197,1345505
18973,1284920,20233,1342096
18974,1292883,20842,1352854
18975,1291568,20322,1349982
18976,1285920,21728,1344907
18977,1288901,20153,1348313
18978,1300513,20855,1363292
18979,1294012,21057,1353994
18980,1290716,20296,1348974
18981,1291253,21036,1351140
18982,1299845,21071,1360157
18983,1290494,20569,1349137
18984,1287957,20549,1345117
18985,1280513,21382,1338338
18986,1288420,20547,1346947
18987,1295012,21082,1355186
18988,1293013,20488,1350611
18989,1286309,20894,1344442
18990,1288402,21893,1347052
18991,1302846,21761,1364254
18992,1295235,20463,1354382
18993,1292309,20443,1351585
18994,1281087,21442,1339602
18995,1296179,20829,1356526
18996,1284346,20050,1342080
18997,1288994,20437,1346301
18998,1284902,20010,1342170
18999,1294938,22138,1356020
19000,1297365,21081,1357315
19001,1291253,20376,1350036
19002,1292957,20097,1352145
19003,1289661,21669,1348996
19004,1293253,20409,1351254
19005,1284828,20314,1343456
19006,1286698,20757,1344676
19007,1290346,20256,1348971
19008,1287049,21181,1344581
19009,1287494,20179,1344728
19010,1290809,20714,1349893
19011,1291216,20472,1349002
19012,1290642,22600,1350094
19013,1286049,20414,1342759
19014,1286994,20745,1344313
19015,1287235,20485,1345163
19016,1291735,20187,1350217
19017,1282531,21389,1340290
19018,1289901,20332,1348455
19019,1283791,20164,1341287
19020,1289679,20218,1347063
19021,1285049,21717,1343692
19022,1292198,21308,1352005
19023,1289586,20602,1347855
19024,1290531,20379,1347687
19025,1287846,21173,1344926
19026,1285216,22098,1344314
19027,1289920,20226,1348090
19028,1293179,20150,1351125
19029,1291216,20982,1349975
19030,1283920,22166,1341900
19031,1289494,20424,1347510
19032,1289883,20200,1348323
19033,1299975,20865,1361266
19034,1289679,20382,1348135
19035,1291105,22344,1351745
19036,1290864,20546,1349928
19037,1287624,21174,1346464
19038,1285105,20302,1343258
19039,1284531,22023,1343794
19040,1289624,20355,1349144
19041,1301624,20057,1359939
19042,1291717,20981,1350734
19043,1289235,21091,1348880
19044,1284216,21349,1340879
19045,1300031,20514,1361452
19046,1301512,20883,1362987
19047,1296790,21029,1356874
19048,1289568,21491,1347929
19049,1297790,20545,1357557
19050,1295254,20303,1354259
19051,1296679,21172,1357405
19052,1288531,20318,1346219
19053,1285845,21336,1342810
19054,1289346,20167,1346957
19055,1290845,21073,1348585
19056,1287105,20164,1344491
19057,1285661,21441,1343101
19058,1291087,20328,1349729
19059,1291976,20845,1352283
19060,1290679,21029,1349800
19061,1284327,19971,1341946
19062,1291068,21359,1352315
19063,1293901,21172,1354129
19064,1285513,20171,1342516
19065,1288809,20317,1347477
19066,1289550,21390,1347976
19067,1288272,21129,1346141
19068,1287717,20146,1345880
19069,1331512,20052,1400600
19070,1319549,20680,1385043
19071,1313161,21827,1376505
19072,1308568,20344,1368689
19073,1290494,20417,1349873
19074,1300920,20989,1362445
19075,1292401,21636,1352666
19076,1297994,20283,1357554
19077,1291938,20189,1350719
19078,1294809,20113,1352939
19079,1352437,20185,1414733
19080,1302512,22055,1363140
19081,1294197,20349,1352768
19082,1288882,20422,1347711
19083,1293735,20976,1351858
19084,1288049,22215,1346968
19085,1290993,19825,1348670
19086,1288697,20342,1345668
19087,1291345,21044,1349241
19088,1291920,20839,1350647
19089,1282123,21449,1341164
19090,1291198,20428,1349755
19091,1291939,20649,1350624
19092,1317400,20444,1384066
19093,1318030,22757,1381491
19094,1303735,20793,1365564
19095,1295161,20347,1353321
19096,1290920,20197,1349320
19097,1299290,20510,1359596
19098,1289420,21583,1347317
19099,1292049,21211,1351649
19100,1307327,20228,1370147
19101,1299142,20282,1360738
19102,1288346,21781,1347071
19103,1303975,21131,1366754
19104,1297919,20408,1357123
19105,1290050,20610,1349566
19106,1292957,20627,1352768
19107,1290197,21811,1350045
19108,1292272,20235,1349284
19109,1292235,20270,1350430
19110,1286197,20232,1344540
19111,1293864,22064,1353205
19112,1289290,20525,1347463
19113,1289772,20357,1347665
19114,1289142,20318,1347219
19115,1309771,20446,1372347
19116,1297735,22131,1358920
19117,1299790,20759,1357937
19118,1293105,20424,1351954
19119,1298086,20459,1356785
19120,1285032,21476,1343285
19121,1293957,20271,1352598
19122,1289087,20066,1346467
19123,1288476,20231,1346335
19124,1284457,20174,1341260
19125,1281809,21006,1339407
19126,1287809,20153,1345646
19127,1290716,20003,1347848
19128,1289716,20223,1347180
19129,1280420,22019,1339031
19130,1284328,20610,1343418
19131,1286939,20127,1345101
19132,1303123,20625,1363025
19133,1289216,20512,1347746
19134,1285605,21104,1344208
19135,1291735,20158,1349151
19136,1292587,20156,1349686
19137,1286494,20210,1343629
19138,1293105,22209,1355146
19139,1305715,20133,1366219
19140,1295105,20187,1351643
19141,1289550,20278,1347345
19142,1286661,19999,1345214
19143,1284142,21090,1342695
19144,1297549,20255,1354971
19145,1286809,20161,1344543
19146,1289624,20197,1348301
19147,1277254,21103,1334115
19148,1291068,20138,1348206
19149,1291587,20100,1350241
19150,1296901,20320,1355517
19151,1291216,20096,1349108
19152,1285939,21077,1343441
19153,1289624,20149,1346254
19154,1283346,20074,1339993
19155,1290050,20794,1350010
19156,1288198,21052,1345323
19157,1285105,20069,1342414
19158,1287235,20179,1344487
19159,1285661,20381,1343041
19160,1293828,20953,1354132
19161,1287753,21563,1347001
19162,1295771,20525,1356110
19163,1285235,20394,1343350
19164,1290901,20225,1347496
19165,1282642,21206,1340032
19166,1288772,20186,1347160
19167,1285920,20777,1344862
19168,1282976,20016,1339676
19169,1282494,20107,1339933
19170,1281642,21624,1339192
19171,1289642,20493,1347653
19172,1287161,20436,1345410
19173,1287198,19916,1344353
19174,1313530,21655,1372833
19175,1289568,20561,1348610
19176,1284438,20189,1342979
19177,1287216,20150,1345162
19178,1295179,20889,1354957
19179,1282809,22148,1341493
19180,1288660,20313,1346176
19181,1294864,20533,1353230
19182,1309586,20958,1374265
19183,1318234,22568,1383282
19184,1313938,21251,1377800
19185,1304901,20287,1366502
19186,1313957,20915,1377222
19187,1297827,20210,1357332
19188,1290587,21134,1349831
19189,1298957,20337,1359144
19190,1297512,22020,1360569
19191,1286346,20111,1344679
19192,1288827,22629,1349844
19193,1292124,20349,1351991
19194,1290624,20144,1349304
19195,1295216,20217,1354154
19196,1292513,20400,1350208
19197,1282957,21492,1340096
19198,1295827,20213,1356724
19199,1289753,20507,1347889
19200,1285290,20395,1342981
19201,1289809,21208,1347572
19202,1294475,20207,1354070
19203,1285920,20539,1342921
19204,1288475,20444,1346308
19205,1285716,20073,1342973
19206,1290772,21294,1349639
19207,1298013,20829,1357711
19208,1312141,20309,1372895
19209,1296234,20437,1356430
19210,1294420,21751,1354596
19211,1292123,20898,1350169
19212,1286457,20378,1344334
19213,1296827,20413,1355610
19214,1294957,20948,1355442
19215,1285624,21670,1344589
19216,1286735,20835,1344217
19217,1286716,20259,1344327
19218,1300346,20628,1360547
19219,1289383,21608,1348565
19220,1294828,20866,1353267
19221,1285827,20087,1343654
19222,1288235,20178,1348578
19223,1291050,20658,1350429
19224,1291864,22194,1351520
19225,1297512,20248,1356519
19226,1282791,20228,1341665
19227,1290809,20985,1348905
19228,1283328,21651,1341700
19229,1288864,18964,1345846
19230,1288253,20444,1347419
19231,1303401,21313,1364899
19232,1291624,20367,1349212
19233,1283957,21199,1342544
19234,1289365,20438,1347321
19235,1282346,20548,1340356
19236,1293142,20417,1350780
19237,1278920,21342,1336576
19238,1290401,20359,1349074
19239,1555229,24801,1651567
19240,1578007,21930,1672657
19241,1517582,22132,1610342
19242,1519934,24816,1621285
19243,1503804,21666,1597377
19244,1591229,23572,1687151
19245,1433973,20571,1521227
19246,1394177,25643,1479431
19247,1421917,22512,1503132
19248,1402955,23918,1484261
19249,1405899,20657,1486426
19250,1407269,21823,1487943
19251,1386937,23673,1464813
19252,1410454,22375,1491440
19253,1406270,21392,1488661
19254,1624154,24761,1730247
19255,1503990,25927,1600471
19256,1579544,23555,1676986
19257,1530286,22683,1622727
19258,1553859,22385,1651799
19259,1499879,23217,1592002
19260,1480786,27679,1573353
19261,1531508,22085,1621462
19262,1438417,22231,1522851
19263,1426992,21859,1510720
19264,1381992,24655,1464979
19265,1418455,22264,1498921
19266,1420084,22040,1502160
19267,1413880,21224,1492918
19268,1409825,21723,1491695
19269,1393103,23370,1472212
19270,1589358,21201,1695188
19271,1576026,22144,1670113
19272,1554508,22902,1649890
19273,1516545,30067,1616852
19274,1513545,23918,1609665
19275,1599581,24305,1696496
19276,1464565,23063,1557830
19277,1582026,23821,1674900
19278,1380974,25560,1471162
19279,1426398,23559,1510401
19280,1431695,22835,1514158
19281,1413992,22093,1493491
19282,1381215,23518,1460120
19283,1496083,22609,1586301
19284,1438399,22718,1524967
19285,1414010,22272,1500540
19286,1427843,23048,1511853
19287,1398714,22955,1479057
19288,1598674,25657,1701218
19289,1583229,22563,1678902
19290,1505119,23135,1596457
19291,1381918,25134,1461829
19292,1347548,20522,1415884
19293,1326827,20353,1391216
19294,1340863,20870,1409844
19295,1323364,21110,1390065
19296,1311826,22090,1375768
19297,1327919,21403,1393303
19298,1311901,20420,1375968
19299,1306642,20437,1369004
19300,1289457,22714,1349355
19301,1312642,20768,1373687
19302,1299549,20489,1359278
19303,1293216,20506,1352295
19304,1294956,20634,1353479
19305,1295975,22262,1357922
19306,1298494,20631,1357828
19307,1294068,21092,1354271
19308,1289661,20702,1347973
19309,1291753,21608,1352213
19310,1295123,20422,1355285
19311,1366029,20531,1446504
19312,1582248,23233,1682461
19313,1518323,21824,1608998
19314,1451047,24379,1540535
19315,1566878,23192,1665883
19316,1503638,23024,1595105
19317,1554897,25207,1656176
19318,1490842,25151,1586362
19319,1543712,21723,1638378
19320,1497287,22222,1585748
19321,1554174,22702,1648282
19322,1537916,22274,1634781
19323,1442954,30477,1538189
19324,1545545,24698,1642982
19325,1546915,24085,1641832
19326,1557119,32768,1662219
19327,1478138,28101,1582905
19328,1515249,22396,1607828
19329,1548637,23709,1646382
19330,1461972,21837,1549271
19331,1398844,21928,1477697
19332,1325215,22501,1391345
19333,1351289,20833,1422084
19334,1315031,20535,1378287
19335,1329457,20385,1394081
19336,1320827,22088,1386543
19337,1323178,20827,1388634
19338,1323457,20492,1388003
19339,1342641,20657,1410538
19340,1309605,21008,1370408
19341,1293235,22266,1352574
19342,1309346,20783,1370739
19343,1305642,20633,1366200
19344,1295957,20558,1355347
19345,1289790,22186,1351309
19346,1304345,20351,1365992
19347,1294754,20664,1355046
19348,1296568,20496,1355360
19349,1293012,20347,1354154
19350,1292198,21345,1351857
19351,1301253,20455,1360522
19352,1291827,21046,1350854
19353,1296364,20174,1355927
19354,1290271,22043,1350870
19355,1292864,20653,1352868
19356,1290216,20929,1350626
19357,1294012,20761,1353958
19358,1294901,20334,1353327
19359,1294531,21184,1353326
19360,1298475,20868,1357398
19361,1293549,20663,1352360
19362,1296679,20439,1357284
19363,1292216,21549,1351190
19364,1288828,21010,1346133
19365,1297994,20861,1357687
19366,1291271,19693,1349241
19367,1284309,21135,1341221
19368,1280143,22171,1339017
19369,1291087,20522,1349256
19370,1288531,20057,1346884
19371,1289938,21019,1349623
19372,1282290,22258,1340585
19373,1286901,20220,1344602
19374,1290735,20292,1349341
19375,1297031,21068,1356191
19376,1290419,21011,1349134
19377,1282735,21381,1343578
19378,1291068,20194,1348539
19379,1298050,20507,1357148
19380,1290735,20376,1347221
19381,1276513,25208,1338405
19382,1293198,20651,1352792
19383,1288235,20298,1346754
19384,1281198,20055,1338160
19385,1293661,19887,1353010
19386,1285401,21849,1345231
19387,1290179,20477,1348970
19388,1298419,20587,1358432
19389,1291179,21641,1350801
19390,1282828,21806,1341226
19391,1293364,20435,1352983
19392,1294402,20340,1352611
19393,1291513,20839,1350888
19394,1291179,20189,1349516
19395,1284420,21595,1342904
19396,1295327,20372,1354180
19397,1293013,20870,1352900
19398,1290735,20239,1349417
19399,1281735,22201,1339602
19400,1294327,20551,1352433
19401,1286753,21253,1344691
19402,1282438,20455,1340560
19403,1294031,20472,1353725
19404,1287994,21342,1346261
19405,1289716,21081,1348019
19406,1293901,20579,1352036
19407,1282902,20059,1341442
19408,1288698,21725,1349163
19409,1285679,21020,1344754
19410,1289124,20500,1348326
19411,1285957,20128,1344565
19412,1295031,21237,1354508
19413,1287419,21681,1346915
19414,1294772,20290,1354431
19415,1301753,20381,1363356
19416,1285920,20120,1343225
19417,1294697,21879,1354779
19418,1292216,20933,1353259
19419,1287179,20172,1345850
19420,1294512,20522,1354719
19421,1291142,20798,1349810
19422,1282920,21353,1342198
19423,1286438,20388,1344808
19424,1288790,20313,1347621
19425,1287475,20941,1346453
19426,1286550,21569,1346340
19427,1283346,20031,1341728
19428,1281420,20270,1337893
19429,1289808,20120,1347651
19430,1297568,21563,1357519
19431,1282550,22192,1341648
19432,1288957,20116,1346609
19433,1291068,20300,1350274
19434,1287920,20761,1347699
19435,1282587,21816,1341420
19436,1286142,20092,1343770
19437,1282939,19961,1340269
19438,1318308,21070,1382118
19439,1352808,20402,1413338
19440,1302568,22549,1364505
19441,1303901,20307,1366911
19442,1303160,21102,1364946
19443,1294475,20230,1353612
19444,1286475,21395,1343907
19445,1298512,20246,1357591
19446,1297438,20948,1357385
19447,1290087,20298,1349421
19448,1290901,20408,1348290
19449,1283772,22036,1342641
19450,1292642,21312,1352213
19451,1288772,20292,1347249
19452,1294679,21513,1354376
19453,1281642,20901,1338931
19454,1287882,20455,1346689
19455,1300623,20435,1360724
19456,1314123,21100,1373130
19457,1294846,20228,1353332
19458,1288068,21782,1346739
19459,1299493,21096,1359422
19460,1288587,20261,1346328
19461,1306494,20370,1368123
19462,1289809,21555,1349103
19463,1295198,21072,1355231
19464,1294902,20885,1353526
19465,1288624,22476,1349191
19466,1294919,20789,1356134
19467,1288717,22177,1348596
19468,1288105,21286,1346187
19469,1311104,20655,1370889
19470,1292605,21209,1353776
19471,1292216,21838,1352016
19472,1297883,20966,1357311
19473,1290549,20409,1348532
19474,1287272,20685,1345327
19475,1290660,20091,1348695
19476,1286142,22182,1344879
19477,1288623,20255,1346693
19478,1287624,20457,1346321
19479,1293883,20141,1351949
19480,1312994,22529,1376429
19481,1298568,20120,1358502
19482,1295457,20192,1353796
19483,1291902,20894,1351369
19484,1286234,20282,1344090
19485,1284864,21503,1343737
19486,1289791,20538,1348791
19487,1288179,21000,1347400
19488,1289846,20369,1347880
19489,1289494,21627,1348787
19490,1291865,20551,1351304
19491,1288364,20642,1346784
19492,1302994,20604,1364411
19493,1282994,20324,1342225
19494,1284123,21601,1343039
19495,1288771,20673,1349241
19496,1292550,20116,1351498
19497,1291809,20337,1350719
19498,1287994,21688,1346737
19499,1284550,20909,1343957
19500,1284346,20351,1340789
19501,1292494,20461,1351399
19502,1288827,20589,1347582
19503,1284605,21495,1345007
19504,1297549,20716,1356913
19505,1286328,20270,1344078
19506,1287864,20250,1346336
19507,1288179,21416,1346798
19508,1291216,20803,1351685
19509,1293160,20338,1351128
19510,1299290,20726,1359404
19511,1286290,20891,1344384
19512,1286235,22631,1345272
19513,1294142,20036,1353159
19514,1284142,20146,1343028
19515,1286827,20719,1345804
19516,1306957,22069,1367247
19517,1290254,20401,1348950
19518,1285124,20159,1342726
19519,1287716,20750,1346373
19520,1289475,21508,1347686
19521,1286882,21914,1346352
19522,1293327,20375,1351961
19523,1285346,20726,1343441
19524,1289290,20131,1346847
19525,1288068,21853,1346439
19526,1292308,20314,1350048
19527,1289050,20461,1346917
19528,1278346,20126,1334897
19529,1285772,20383,1342858
19530,1287679,21364,1345394
19531,1287234,20492,1344559
19532,1290309,20546,1349058
19533,1300846,20581,1359649
19534,1287938,21506,1347907
19535,1290327,20283,1348146
19536,1293753,20725,1353163
19537,1297345,20168,1355495
19538,1290587,20204,1349234
19539,1289012,21795,1347900
19540,1294957,20701,1353324
19541,1289772,20589,1347860
19542,1296216,20383,1355839
19543,1312272,22030,1374931
19544,1294327,20788,1353504
19545,1307993,20731,1369946
19546,1299438,21470,1362352
19547,1296161,20506,1356369
19548,1290272,21801,1349998
19549,1295049,20355,1354163
19550,1298142,20520,1356699
19551,1294494,21019,1353308
19552,1283586,21314,1342196
19553,1295179,20220,1353473
19554,1303679,20978,1363600
19555,1288587,20273,1347692
19556,1290753,20123,1347709
19557,1290939,21289,1350171
19558,1294383,20861,1353521
19559,1293049,20378,1351520
19560,1294697,20118,1351796
19561,1285846,21894,1344351
19562,1291827,21115,1350979
19563,1284438,20243,1341459
19564,1289013,20242,1345161
19565,1295587,20518,1356530
19566,1299160,22313,1360269
19567,1295272,20275,1354749
19568,1290827,20106,1350322
19569,1286994,20309,1345821
19570,1288568,22289,1348708
19571,1302364,20251,1362373
19572,1292068,20545,1350409
19573,1286012,20025,1344222
19574,1298383,20505,1358554
19575,1287882,21430,1347535
19576,1295660,21188,1356422
19577,1306901,20261,1367457
19578,1299179,20389,1359215
19579,1286216,21388,1345529
19580,1291439,20071,1349528
19581,1296493,20496,1356526
19582,1290827,20235,1348747
19583,1289606,20141,1347171
19584,1279123,21344,1335948
19585,1298679,20361,1359335
19586,1292809,19952,1352297
19587,1289698,20302,1348351
19588,1292883,21560,1353831
19589,1296438,20318,1355645
19590,1290160,20280,1350958
19591,1296253,20556,1355531
19592,1289364,20610,1346288
19593,1282142,21479,1340473
19594,1306105,20589,1366249
19595,1294383,21143,1354432
19596,1292772,20012,1349524
19597,1285272,21807,1344282
19598,1295438,20176,1354262
19599,1291272,20378,1349853
19600,1290679,20303,1349203
19601,1291309,20968,1349665
19602,1288920,21671,1349312
19603,1297845,20354,1357329
19604,1292549,20093,1350846
19605,1290864,20740,1349900
19606,1288698,21609,1348103
19607,1290308,20293,1347823
19608,1291401,20440,1348822
19609,1284216,21049,1343561
19610,1282624,20455,1340930
19611,1281457,20973,1339281
19612,1289623,20397,1346909
19613,1283217,21118,1342167
19614,1289253,20616,1348647
19615,1289161,21578,1348757
19616,1287197,20244,1344663
19617,1297179,20872,1357791
19618,1290939,20148,1350178
19619,1291476,20128,1351362
19620,1284587,22183,1343769
19621,1289901,20940,1349230
19622,1304309,20161,1366450
19623,1305975,20456,1366412
19624,1286068,21733,1344800
19625,1294290,20842,1353984
19626,1294864,20304,1355019
19627,1290753,20395,1349221
19628,1282864,20356,1341183
19629,1288846,21448,1347645
19630,1287161,20428,1345440
19631,1287420,20149,1344531
19632,1286328,20017,1343103
19633,1286364,21776,1344769
19634,1289068,20200,1347953
19635,1290439,20736,1349284
19636,1282772,20345,1340579
19637,1287957,20140,1346170
19638,1290123,21454,1350095
19639,1285717,21119,1344446
19640,1283087,20358,1340611
19641,1283587,20357,1340813
19642,1284846,21133,1343127
19643,1279920,21002,1337477
19644,1289457,20242,1347716
19645,1294809,19999,1353900
19646,1298068,21165,1358843
19647,1287068,21756,1345286
19648,1295457,20551,1354785
19649,1288994,20161,1347617
19650,1288253,20992,1346819
19651,1384566,22102,1474779
19652,1581174,23823,1680718
19653,1523305,22118,1615625
19654,1551859,21765,1646456
19655,1504101,23133,1599326
19656,1480953,26132,1579529
19657,1521508,21538,1610990
19658,1430529,21370,1513564
19659,1421825,21850,1505378
19660,1389825,23294,1466618
19661,1429954,21311,1508208
19662,1423362,21624,1503781
19663,1412492,21993,1493632
19664,1414751,21047,1493778
19665,1386752,24305,1464537
19666,1637969,21415,1734216
19667,1547693,22432,1641808
19668,1550970,24078,1642955
19669,1505397,30244,1606251
19670,1525304,23576,1619471
19671,1576192,25908,1677136
19672,1476120,23036,1566432
19673,1578710,25219,1680077
19674,1384770,25811,1472506
19675,1415622,22921,1494504
19676,1432121,22901,1513983
19677,1420195,22825,1500630
19678,1376734,26250,1458464
19679,1429917,23619,1512905
19680,1417547,22654,1496701
19681,1418418,22264,1500810
19682,1416047,23281,1498012
19683,1608006,23762,1705322
19684,1558915,26260,1660007
19685,1551989,22314,1645228
19686,1550545,22424,1644874
19687,1455102,25145,1545042
19688,1589358,25180,1687149
19689,1504120,24253,1596816
19690,1602543,24844,1707497
19691,1602118,26324,1704718
19692,1538433,28267,1638126
19693,1538600,26636,1638384
19694,1615951,24709,1716362
19695,1594210,23837,1692398
19696,1477620,32706,1580029
19697,1618062,22909,1715543
19698,1586433,22815,1678765
19699,1596543,25387,1694429
19700,1734134,30163,1851295
19701,1569599,36366,1680057
19702,1649524,23198,1752998
19703,1566656,24085,1672887
19704,1517397,23028,1611498
19705,1505156,26064,1600331
19706,1567192,25192,1671457
19707,1538359,21691,1631920
19708,1512434,23115,1619289
19709,1555100,23003,1649657
19710,1406122,30002,1492011
19711,1347123,20686,1413252
19712,1357197,20795,1428157
19713,1350437,20460,1420786
19714,1319308,22237,1384267
19715,1327734,21902,1394784
19716,1307308,20253,1367820
19717,1321216,20807,1385484
19718,1315179,20713,1379687
19719,1296494,21952,1359205
19720,1321345,20543,1383943
19721,1303827,21375,1365202
19722,1299586,20300,1362404
19723,1305771,21965,1368384
19724,1298734,20427,1358161
19725,1296402,20833,1356233
19726,1296475,20350,1356324
19727,1302290,21441,1363823
19728,1293234,21643,1351489
19729,1299883,21864,1361857
19730,1296883,20326,1357115
19731,1294957,20176,1352854
19732,1290476,21434,1349168
19733,1288142,20470,1346334
19734,1294364,20635,1354017
19735,1297716,20337,1357590
19736,1290939,20336,1348181
19737,1280809,21353,1338384
19738,1299475,20648,1360437
19739,1290568,20369,1348677
19740,1289698,20478,1348546
19741,1283327,21644,1341767
19742,1290846,20828,1350339
19743,1292290,21548,1350819
19744,1288457,20417,1345429
19745,1284846,20675,1342798
19746,1284364,22193,1344371
19747,1297438,20358,1358703
19748,1299716,20208,1358812
19749,1295716,20632,1356292
19750,1285327,23002,1346106
19751,1288457,20389,1347586
19752,1303272,20832,1364362
19753,1297753,20812,1357102
19754,1294420,20440,1353693
19755,1289364,22217,1348747
19756,1294939,20679,1354968
19757,1286198,21399,1346726
19758,1289901,20398,1348669
19759,1277753,21749,1335372
19760,1298198,20525,1358444
19761,1291161,20357,1350313
19762,1286901,20337,1346071
19763,1288345,20372,1347162
19764,1287808,21908,1346179
19765,1292105,20573,1349993
19766,1291716,20739,1350973
19767,1288512,20459,1345582
19768,1284976,21181,1343989
19769,1291882,20901,1352024
19770,1289161,20918,1348097
19771,1285143,20417,1344040
19772,1291494,20434,1348853
19773,1281328,21507,1338445
19774,1289994,20061,1347832
19775,1300142,20726,1361497
19776,1291716,20243,1349292
19777,1295439,21594,1355476
19778,1298031,20278,1358456
19779,1290716,20054,1349325
19780,1298493,20701,1358712
19781,1296512,20051,1355488
19782,1282438,21457,1341766
19783,1289735,20085,1348171
19784,1305160,21010,1369429
19785,1294845,20138,1354539
19786,1285124,21693,1345112
19787,1296050,20654,1357925
19788,1287475,20690,1345312
19789,1287957,20725,1346237
19790,1294123,20909,1354106
19791,1282345,21186,1340401
19792,1285605,20703,1343196
19793,1290105,20275,1347398
19794,1291142,20996,1351211
19795,1281272,21550,1339822
19796,1288716,20604,1348320
19797,1283883,20103,1341041
19798,1288401,20935,1347595
19799,1342400,20359,1402740
19800,1295012,23951,1356111
19801,1291086,20246,1348665
19802,1304364,20855,1364589
19803,1290660,20169,1348440
19804,1285087,21612,1344624
19805,1299698,20222,1358918
19806,1295235,21053,1354695
19807,1313050,20533,1373971
19808,1339178,20273,1408209
19809,1318809,22698,1381412
19810,1310289,21048,1372207
19811,1297587,20250,1355947
19812,1309476,20249,1370741
19813,1288846,21525,1349074
19814,1302420,20913,1363813
19815,1289383,20300,1348812
19816,1301827,20836,1363032
19817,1286439,20075,1345976
19818,1286994,21815,1346975
19819,1306864,20406,1368621
19820,1296401,21867,1357453
19821,1292457,20236,1351970
19822,1295086,22161,1356284
19823,1287975,20715,1346968
19824,1284180,21121,1343633
19825,1291827,20212,1351668
19826,1294160,20785,1353241
19827,1287920,21524,1346740
19828,1292864,21190,1351294
19829,1289420,20336,1348385
19830,1317420,20853,1383198
19831,1309272,22019,1371327
19832,1298494,21295,1357381
19833,1289771,20257,1348435
19834,1291679,20755,1350211
19835,1287531,20809,1345469
19836,1283587,21938,1342209
19837,1297956,20066,1356096
19838,1289919,20324,1347910
19839,1296624,20989,1355667
19840,1287975,21543,1345500
19841,1290161,20209,1348331
19842,1293123,20244,1352756
19843,1298253,20854,1358328
19844,1292550,20426,1349753
19845,1292920,21388,1353363
19846,1296753,20220,1354676
19847,1290161,20219,1348860
19848,1301086,20773,1359395
19849,1282957,21253,1341339
19850,1292383,20048,1350004
19851,1296660,20528,1355910
19852,1288179,20397,1345705
19853,1322235,20654,1385684
19854,1306197,22191,1368202
19855,1304142,20504,1364738
19856,1294920,20262,1354014
19857,1330400,20371,1393160
19858,1300438,21981,1359900
19859,1292957,20406,1352325
19860,1296865,20182,1355212
19861,1291494,20143,1349470
19862,1288364,20068,1346857
19863,1287327,21641,1346357
19864,1295531,20714,1354429
19865,1291661,20027,1350909
19866,1291605,20248,1349963
19867,1285309,22006,1343814
19868,1299327,20467,1358775
19869,1295827,21336,1356644
19870,1288771,20501,1347532
19871,1295383,20648,1355660
19872,1289086,21851,1348029
19873,1288383,21090,1346676
19874,1294031,20922,1356267
19875,1294957,20309,1352636
19876,1293272,21419,1351857
19877,1293290,20992,1352763
19878,1289679,20398,1348076
19879,1287679,20267,1345297
19880,1291049,20191,1347351
19881,1283105,21634,1339758
19882,1284568,20170,1342052
19883,1285049,20187,1342699
19884,1291086,20371,1347420
19885,1288290,21555,1346289
19886,1287883,20461,1346250
19887,1282938,20070,1340730
19888,1288976,19995,1345618
19889,1283642,20197,1341172
19890,1287106,22011,1347856
19891,1287550,20324,1345799
19892,1292012,20489,1350112
19893,1289920,20914,1348666
19894,1291587,21876,1353554
19895,1291790,20133,1349719
19896,1286680,20299,1343385
19897,1288234,21112,1346587
19898,1285050,20499,1344826
19899,1279606,21387,1336418
19900,1297624,20349,1357379
19901,1288401,20606,1346878
19902,1285549,20586,1344080
19903,1280920,22011,1340134
19904,1293253,20325,1351244
19905,1285420,21157,1344354
19906,1286531,20470,1343926
19907,1280753,20265,1337295
19908,1281680,21375,1339146
19909,1284309,20892,1341793
19910,1280142,20372,1337032
19911,1283568,20519,1342197
19912,1285975,21907,1344011
19913,1291791,21442,1350102
19914,1287772,20182,1345434
19915,1284272,20236,1340988
19916,1280772,20216,1336394
19917,1288179,22030,1346615
19918,1297420,20398,1355262
19919,1285531,20323,1343390
19920,1294420,20581,1352389
19921,1290531,21746,1349832
19922,1303068,20412,1365571
19923,1292809,20262,1350441
19924,1292605,20205,1350032
19925,1289050,20259,1347160
19926,1285994,21517,1345826
19927,1294068,20109,1352417
19928,1295327,20200,1353100
19929,1291735,20346,1350914
19930,1285068,21642,1343654
19931,1292142,20363,1349615
19932,1287364,20324,1343780
19933,1285827,20360,1343372
19934,1284513,20951,1342296
19935,1283254,21283,1341369
19936,1285957,20337,1342683
19937,1283327,20188,1340755
19938,1294735,21094,1354587
19939,1285253,21852,1342994
19940,1288439,20480,1346955
19941,1291216,20090,1348639
19942,1287346,21218,1346026
19943,1295475,21068,1355247
19944,1285476,21623,1343542
19945,1307753,20992,1369559
19946,1297253,21102,1357428
19947,1287624,20841,1345742
19948,1278661,21599,1335778
19949,1285623,20653,1343073
19950,1287661,20911,1346238
19951,1284420,20965,1343570
19952,1285123,20556,1342013
19953,1278642,21407,1336530
19954,1293623,20369,1353936
19955,1285549,20904,1344750
19956,1295568,20292,1355433
19957,1287253,22013,1347803
19958,1292846,20493,1353449
19959,1289716,21158,1348503
19960,1288734,20286,1347428
19961,1283049,20322,1340927
19962,1281531,21173,1339815
19963,1293438,21190,1353646
19964,1287753,20448,1346700
19965,1285865,20520,1344088
19966,1292457,21538,1352291
19967,1294253,21092,1353789
19968,1314142,20294,1374287
19969,1294160,20311,1353823
19970,1294012,20625,1354266
19971,1289753,22291,1349488
19972,1288216,20363,1345060
19973,1287402,20232,1345281
19974,1287309,20064,1344057
19975,1289346,21544,1347927
19976,1282642,20210,1340074
19977,1285235,20338,1341720
19978,1293086,20485,1353107
19979,1291605,20205,1349402
19980,1289865,21964,1348587
19981,1295920,20888,1356881
19982,1288901,20405,1348398
19983,1291420,20237,1349397
19984,1284438,21199,1342507
19985,1284383,20179,1341673
19986,1282586,20307,1339486
19987,1296716,20269,1356003
19988,1289087,20971,1348464
19989,1283939,21600,1344112
19990,1291994,20246,1351925
19991,1305883,20504,1368368
19992,1295661,20392,1354644
19993,1285660,21780,1344180
19994,1294161,20408,1352679
19995,1293364,20592,1352159
19996,1292235,20868,1351657
19997,1286328,20311,1343989
19998,1353122,29865,1435598
