F1,M1,26,f1_out_0,-46,0,0
F1,M1,26,channel_2,1974,0,0
F1,M1,27,f1_out_0,0,0,0
F1,M1,27,channel_2,1973,0,0
F1,M1,28,f1_out_0,44,0,0
F1,M1,28,channel_2,1972,0,0
F1,M1,29,f1_out_0,95,0,0
F1,M1,29,channel_2,1971,0,0
F1,M1,30,f1_out_0,167,0,0
F1,M1,30,channel_2,1970,0,0
F1,M1,31,f1_out_0,231,0,0
F1,M1,31,channel_2,1969,0,0
F1,M1,32,f1_out_0,299,0,0
F1,M1,32,channel_2,1968,0,0
F1,M1,33,f1_out_0,363,0,0
F1,M1,33,channel_2,1967,0,0
F1,M1,34,f1_out_0,414,0,0
F1,M1,34,channel_2,1966,0,0
F1,M1,35,f1_out_0,445,0,0
F1,M1,35,channel_2,1965,0,0
F1,M1,36,f1_out_0,449,0,0
F1,M1,36,channel_2,1964,0,0
F1,M1,37,f1_out_0,421,0,0
F1,M1,37,channel_2,1963,0,0
F1,M1,38,f1_out_0,358,0,0
F1,M1,38,channel_2,1962,0,0
F1,M1,39,f1_out_0,266,0,0
F1,M1,39,channel_2,1961,0,0
F1,M1,40,f1_out_0,150,0,0
F1,M1,40,channel_2,1960,0,0
F1,M1,41,f1_out_0,21,0,0
F1,M1,41,channel_2,1959,0,0
F1,M1,42,f1_out_0,-107,0,0
F1,M1,42,channel_2,1958,0,0
F1,M1,43,f1_out_0,-223,0,0
F1,M1,43,channel_2,1957,0,0
F1,M1,44,f1_out_0,-315,0,0
F1,M1,44,channel_2,1956,0,0
F1,M1,45,f1_out_0,-377,0,0
F1,M1,45,channel_2,1955,0,0
F1,M1,46,f1_out_0,-406,0,0
F1,M1,46,channel_2,1954,0,0
F1,M1,47,f1_out_0,-402,0,0
F1,M1,47,channel_2,1953,0,0
F1,M1,48,f1_out_0,-371,0,0
F1,M1,48,channel_2,1952,0,0
F1,M1,49,f1_out_0,-320,0,0
F1,M1,49,channel_2,1951,0,0
F1,M1,50,f1_out_0,-256,0,0
F1,M1,50,channel_2,1950,0,0
F1,M1,51,f1_out_0,-188,0,0
F1,M1,51,channel_2,1949,0,0
F1,M1,52,f1_out_0,-123,0,0
F1,M1,52,channel_2,1948,0,0
F1,M1,53,f1_out_0,-52,0,0
F1,M1,53,channel_2,1947,0,0
F1,M1,54,f1_out_0,-1,0,0
F1,M1,54,channel_2,1946,0,0
F1,M1,55,f1_out_0,43,0,0
F1,M1,55,channel_2,1945,0,0
F1,M1,56,f1_out_0,94,0,0
F1,M1,56,channel_2,1944,0,0
F1,M1,57,f1_out_0,165,0,0
F1,M1,57,channel_2,1943,0,0
F1,M1,58,f1_out_0,230,0,0
F1,M1,58,channel_2,1942,0,0
F1,M1,59,f1_out_0,298,0,0
F1,M1,59,channel_2,1941,0,0
F1,M1,60,f1_out_0,362,0,0
F1,M1,60,channel_2,1940,0,0
F1,M1,61,f1_out_0,413,0,0
F1,M1,61,channel_2,1939,0,0
F1,M1,62,f1_out_0,444,0,0
F1,M1,62,channel_2,1938,0,0
F1,M1,63,f1_out_0,448,0,0
F1,M1,63,channel_2,1937,0,0
F1,M1,64,f1_out_0,419,0,0
F1,M1,64,channel_2,1936,0,0
F1,M1,65,f1_out_0,357,0,0
F1,M1,65,channel_2,1935,0,0
F1,M1,66,f1_out_0,264,0,0
F1,M1,66,channel_2,1934,0,0
F1,M1,67,f1_out_0,148,0,0
F1,M1,67,channel_2,1933,0,0
F1,M1,68,f1_out_0,20,0,0
F1,M1,68,channel_2,1932,0,0
F1,M1,69,f1_out_0,-108,0,0
F1,M1,69,channel_2,1931,0,0
F1,M1,70,f1_out_0,-224,0,0
F1,M1,70,channel_2,1930,0,0
F1,M1,71,f1_out_0,-316,0,0
F1,M1,71,channel_2,1929,0,0
F1,M1,72,f1_out_0,-379,0,0
F1,M1,72,channel_2,1928,0,0
F1,M1,73,f1_out_0,-407,0,0
F1,M1,73,channel_2,1927,0,0
F1,M1,74,f1_out_0,-403,0,0
F1,M1,74,channel_2,1926,0,0
F1,M1,75,f1_out_0,-372,0,0
F1,M1,75,channel_2,1925,0,0
F1,M1,76,f1_out_0,-321,0,0
F1,M1,76,channel_2,1924,0,0
F1,M1,77,f1_out_0,-258,0,0
F1,M1,77,channel_2,1923,0,0
F1,M1,78,f1_out_0,-189,0,0
F1,M1,78,channel_2,1922,0,0
F1,M1,79,f1_out_0,-125,0,0
F1,M1,79,channel_2,1921,0,0
F1,M1,80,f1_out_0,-54,0,0
F1,M1,80,channel_2,1920,0,0
F1,M1,81,f1_out_0,-3,0,0
F1,M1,81,channel_2,1919,0,0
F1,M1,82,f1_out_0,42,0,0
F1,M1,82,channel_2,1918,0,0
F1,M1,83,f1_out_0,93,0,0
F1,M1,83,channel_2,1917,0,0
F1,M1,84,f1_out_0,164,0,0
F1,M1,84,channel_2,1916,0,0
F1,M1,85,f1_out_0,228,0,0
F1,M1,85,channel_2,1915,0,0
F1,M1,86,f1_out_0,297,0,0
F1,M1,86,channel_2,1914,0,0
F1,M1,87,f1_out_0,360,0,0
F1,M1,87,channel_2,1913,0,0
F1,M1,88,f1_out_0,412,0,0
F1,M1,88,channel_2,1912,0,0
F1,M1,89,f1_out_0,443,0,0
F1,M1,89,channel_2,1911,0,0
F1,M1,90,f1_out_0,447,0,0
F1,M1,90,channel_2,1910,0,0
F1,M1,91,f1_out_0,418,0,0
F1,M1,91,channel_2,1909,0,0
F1,M1,92,f1_out_0,356,0,0
F1,M1,92,channel_2,1908,0,0
F1,M1,93,f1_out_0,263,0,0
F1,M1,93,channel_2,1907,0,0
F1,M1,94,f1_out_0,147,0,0
F1,M1,94,channel_2,1906,0,0
F1,M1,95,f1_out_0,19,0,0
F1,M1,95,channel_2,1905,0,0
F1,M1,96,f1_out_0,-109,0,0
F1,M1,96,channel_2,1904,0,0
F1,M1,97,f1_out_0,-225,0,0
F1,M1,97,channel_2,1903,0,0
F1,M1,98,f1_out_0,-318,0,0
F1,M1,98,channel_2,1902,0,0
F1,M1,99,f1_out_0,-380,0,0
F1,M1,99,channel_2,1901,0,0
F1,M1,100,f1_out_0,-408,0,0
F1,M1,100,channel_2,1900,0,0
F1,M1,101,f1_out_0,-405,0,0
F1,M1,101,channel_2,1899,0,0
F1,M1,102,f1_out_0,-374,0,0
F1,M1,102,channel_2,1898,0,0
F1,M1,103,f1_out_0,-322,0,0
F1,M1,103,channel_2,1897,0,0
F1,M1,104,f1_out_0,-259,0,0
F1,M1,104,channel_2,1896,0,0
F1,M1,105,f1_out_0,-190,0,0
F1,M1,105,channel_2,1895,0,0
F1,M1,106,f1_out_0,-126,0,0
F1,M1,106,channel_2,1894,0,0
F1,M1,107,f1_out_0,-55,0,0
F1,M1,107,channel_2,1893,0,0
F1,M1,108,f1_out_0,-4,0,0
F1,M1,108,channel_2,1892,0,0
F1,M1,109,f1_out_0,41,0,0
F1,M1,109,channel_2,1891,0,0
F1,M1,110,f1_out_0,92,0,0
F1,M1,110,channel_2,1890,0,0
F1,M1,111,f1_out_0,163,0,0
F1,M1,111,channel_2,1889,0,0
F1,M1,112,f1_out_0,227,0,0
F1,M1,112,channel_2,1888,0,0
F1,M1,113,f1_out_0,296,0,0
F1,M1,113,channel_2,1887,0,0
F1,M1,114,f1_out_0,359,0,0
F1,M1,114,channel_2,1886,0,0
F1,M1,115,f1_out_0,410,0,0
F1,M1,115,channel_2,1885,0,0
F1,M1,116,f1_out_0,442,0,0
F1,M1,116,channel_2,1884,0,0
F1,M1,117,f1_out_0,445,0,0
F1,M1,117,channel_2,1883,0,0
F1,M1,118,f1_out_0,417,0,0
F1,M1,118,channel_2,1882,0,0
F1,M1,119,f1_out_0,355,0,0
F1,M1,119,channel_2,1881,0,0
F1,M1,120,f1_out_0,262,0,0
F1,M1,120,channel_2,1880,0,0
F1,M1,121,f1_out_0,146,0,0
F1,M1,121,channel_2,1879,0,0
F1,M1,122,f1_out_0,17,0,0
F1,M1,122,channel_2,1878,0,0
F1,M1,123,f1_out_0,-110,0,0
F1,M1,123,channel_2,1877,0,0
F1,M1,124,f1_out_0,-226,0,0
F1,M1,124,channel_2,1876,0,0
F1,M1,125,f1_out_0,-319,0,0
F1,M1,125,channel_2,1875,0,0
F1,M1,126,f1_out_0,-381,0,0
F1,M1,126,channel_2,1874,0,0
F1,M1,127,f1_out_0,-410,0,0
F1,M1,127,channel_2,1873,0,0
F1,M1,128,f1_out_0,-406,0,0
F1,M1,128,channel_2,1872,0,0
F1,M1,129,f1_out_0,-375,0,0
F1,M1,129,channel_2,1871,0,0
F1,M1,130,f1_out_0,-323,0,0
F1,M1,130,channel_2,1870,0,0
F1,M1,131,f1_out_0,-260,0,0
F1,M1,131,channel_2,1869,0,0
F1,M1,132,f1_out_0,-191,0,0
F1,M1,132,channel_2,1868,0,0
F1,M1,133,f1_out_0,-127,0,0
F1,M1,133,channel_2,1867,0,0
F1,M1,134,f1_out_0,-56,0,0
F1,M1,134,channel_2,1866,0,0
F1,M1,135,f1_out_0,-5,0,0
F1,M1,135,channel_2,1865,0,0
F1,M1,136,f1_out_0,40,0,0
F1,M1,136,channel_2,1864,0,0
F1,M1,137,f1_out_0,91,0,0
F1,M1,137,channel_2,1863,0,0
F1,M1,138,f1_out_0,162,0,0
F1,M1,138,channel_2,1862,0,0
F1,M1,139,f1_out_0,226,0,0
F1,M1,139,channel_2,1861,0,0
F1,M1,140,f1_out_0,295,0,0
F1,M1,140,channel_2,1860,0,0
F1,M1,141,f1_out_0,358,0,0
F1,M1,141,channel_2,1859,0,0
F1,M1,142,f1_out_0,409,0,0
F1,M1,142,channel_2,1858,0,0
F1,M1,143,f1_out_0,440,0,0
F1,M1,143,channel_2,1857,0,0
F1,M1,144,f1_out_0,444,0,0
F1,M1,144,channel_2,1856,0,0
F1,M1,145,f1_out_0,416,0,0
F1,M1,145,channel_2,1855,0,0
F1,M1,146,f1_out_0,353,0,0
F1,M1,146,channel_2,1854,0,0
F1,M1,147,f1_out_0,261,0,0
F1,M1,147,channel_2,1853,0,0
F1,M1,148,f1_out_0,145,0,0
F1,M1,148,channel_2,1852,0,0
F1,M1,149,f1_out_0,16,0,0
F1,M1,149,channel_2,1851,0,0
F1,M1,150,f1_out_0,-111,0,0
F1,M1,150,channel_2,1850,0,0
F1,M1,151,f1_out_0,-227,0,0
F1,M1,151,channel_2,1849,0,0
F1,M1,152,f1_out_0,-320,0,0
F1,M1,152,channel_2,1848,0,0
F1,M1,153,f1_out_0,-382,0,0
F1,M1,153,channel_2,1847,0,0
F1,M1,154,f1_out_0,-411,0,0
F1,M1,154,channel_2,1846,0,0
F1,M1,155,f1_out_0,-407,0,0
F1,M1,155,channel_2,1845,0,0
F1,M1,156,f1_out_0,-376,0,0
F1,M1,156,channel_2,1844,0,0
F1,M1,157,f1_out_0,-325,0,0
F1,M1,157,channel_2,1843,0,0
F1,M1,158,f1_out_0,-261,0,0
F1,M1,158,channel_2,1842,0,0
F1,M1,159,f1_out_0,-193,0,0
F1,M1,159,channel_2,1841,0,0
F1,M1,160,f1_out_0,-128,0,0
F1,M1,160,channel_2,1840,0,0
F1,M1,161,f1_out_0,-57,0,0
F1,M1,161,channel_2,1839,0,0
F1,M1,162,f1_out_0,-6,0,0
F1,M1,162,channel_2,1838,0,0
F1,M1,163,f1_out_0,38,0,0
F1,M1,163,channel_2,1837,0,0
F1,M1,164,f1_out_0,89,0,0
F1,M1,164,channel_2,1836,0,0
F1,M1,165,f1_out_0,160,0,0
F1,M1,165,channel_2,1835,0,0
F1,M1,166,f1_out_0,225,0,0
F1,M1,166,channel_2,1834,0,0
F1,M1,167,f1_out_0,293,0,0
F1,M1,167,channel_2,1833,0,0
F1,M1,168,f1_out_0,357,0,0
F1,M1,168,channel_2,1832,0,0
F1,M1,169,f1_out_0,408,0,0
F1,M1,169,channel_2,1831,0,0
F1,M1,170,f1_out_0,439,0,0
F1,M1,170,channel_2,1830,0,0
F1,M1,171,f1_out_0,443,0,0
F1,M1,171,channel_2,1829,0,0
F1,M1,172,f1_out_0,414,0,0
F1,M1,172,channel_2,1828,0,0
F1,M1,173,f1_out_0,352,0,0
F1,M1,173,channel_2,1827,0,0
F1,M1,174,f1_out_0,259,0,0
F1,M1,174,channel_2,1826,0,0
F1,M1,175,f1_out_0,143,0,0
F1,M1,175,channel_2,1825,0,0
F1,M1,176,f1_out_0,15,0,0
F1,M1,176,channel_2,1824,0,0
F1,M1,177,f1_out_0,-113,0,0
F1,M1,177,channel_2,1823,0,0
F1,M1,178,f1_out_0,-229,0,0
F1,M1,178,channel_2,1822,0,0
F1,M1,179,f1_out_0,-321,0,0
F1,M1,179,channel_2,1821,0,0
F1,M1,180,f1_out_0,-384,0,0
F1,M1,180,channel_2,1820,0,0
F1,M1,181,f1_out_0,-412,0,0
F1,M1,181,channel_2,1819,0,0
F1,M1,182,f1_out_0,-408,0,0
F1,M1,182,channel_2,1818,0,0
F1,M1,183,f1_out_0,-377,0,0
F1,M1,183,channel_2,1817,0,0
F1,M1,184,f1_out_0,-326,0,0
F1,M1,184,channel_2,1816,0,0
F1,M1,185,f1_out_0,-262,0,0
F1,M1,185,channel_2,1815,0,0
F1,M1,186,f1_out_0,-194,0,0
F1,M1,186,channel_2,1814,0,0
F1,M1,187,f1_out_0,-130,0,0
F1,M1,187,channel_2,1813,0,0
F1,M1,188,f1_out_0,-59,0,0
F1,M1,188,channel_2,1812,0,0
F1,M1,189,f1_out_0,-8,0,0
F1,M1,189,channel_2,1811,0,0
F1,M1,190,f1_out_0,37,0,0
F1,M1,190,channel_2,1810,0,0
F1,M1,191,f1_out_0,88,0,0
F1,M1,191,channel_2,1809,0,0
F1,M1,192,f1_out_0,159,0,0
F1,M1,192,channel_2,1808,0,0
F1,M1,193,f1_out_0,224,0,0
F1,M1,193,channel_2,1807,0,0
F1,M1,194,f1_out_0,292,0,0
F1,M1,194,channel_2,1806,0,0
F1,M1,195,f1_out_0,355,0,0
F1,M1,195,channel_2,1805,0,0
F1,M1,196,f1_out_0,407,0,0
F1,M1,196,channel_2,1804,0,0
F1,M1,197,f1_out_0,438,0,0
F1,M1,197,channel_2,1803,0,0
F1,M1,198,f1_out_0,442,0,0
F1,M1,198,channel_2,1802,0,0
F1,M1,199,f1_out_0,413,0,0
F1,M1,199,channel_2,1801,0,0
F1,M1,200,f1_out_0,351,0,0
F1,M1,200,channel_2,1800,0,0
F1,M1,201,f1_out_0,258,0,0
F1,M1,201,channel_2,1799,0,0
F1,M1,202,f1_out_0,142,0,0
F1,M1,202,channel_2,1798,0,0
F1,M1,203,f1_out_0,14,0,0
F1,M1,203,channel_2,1797,0,0
F1,M1,204,f1_out_0,-114,0,0
F1,M1,204,channel_2,1796,0,0
F1,M1,205,f1_out_0,-230,0,0
F1,M1,205,channel_2,1795,0,0
F1,M1,206,f1_out_0,-323,0,0
F1,M1,206,channel_2,1794,0,0
F1,M1,207,f1_out_0,-385,0,0
F1,M1,207,channel_2,1793,0,0
F1,M1,208,f1_out_0,-413,0,0
F1,M1,208,channel_2,1792,0,0
F1,M1,209,f1_out_0,-410,0,0
F1,M1,209,channel_2,1791,0,0
F1,M1,210,f1_out_0,-378,0,0
F1,M1,210,channel_2,1790,0,0
F1,M1,211,f1_out_0,-327,0,0
F1,M1,211,channel_2,1789,0,0
F1,M1,212,f1_out_0,-264,0,0
F1,M1,212,channel_2,1788,0,0
F1,M1,213,f1_out_0,-195,0,0
F1,M1,213,channel_2,1787,0,0
F1,M1,214,f1_out_0,-131,0,0
F1,M1,214,channel_2,1786,0,0
F1,M1,215,f1_out_0,-60,0,0
F1,M1,215,channel_2,1785,0,0
F1,M1,216,f1_out_0,-9,0,0
F1,M1,216,channel_2,1784,0,0
F1,M1,217,f1_out_0,36,0,0
F1,M1,217,channel_2,1783,0,0
F1,M1,218,f1_out_0,87,0,0
F1,M1,218,channel_2,1782,0,0
F1,M1,219,f1_out_0,158,0,0
F1,M1,219,channel_2,1781,0,0
F1,M1,220,f1_out_0,222,0,0
F1,M1,220,channel_2,1780,0,0
F1,M1,221,f1_out_0,291,0,0
F1,M1,221,channel_2,1779,0,0
F1,M1,222,f1_out_0,354,0,0
F1,M1,222,channel_2,1778,0,0
F1,M1,223,f1_out_0,406,0,0
F1,M1,223,channel_2,1777,0,0
F1,M1,224,f1_out_0,437,0,0
F1,M1,224,channel_2,1776,0,0
F1,M1,225,f1_out_0,441,0,0
F1,M1,225,channel_2,1775,0,0
F1,M1,226,f1_out_0,412,0,0
F1,M1,226,channel_2,1774,0,0
F1,M1,227,f1_out_0,350,0,0
F1,M1,227,channel_2,1773,0,0
F1,M1,228,f1_out_0,257,0,0
F1,M1,228,channel_2,1772,0,0
F1,M1,229,f1_out_0,141,0,0
F1,M1,229,channel_2,1771,0,0
F1,M1,230,f1_out_0,12,0,0
F1,M1,230,channel_2,1770,0,0
F1,M1,231,f1_out_0,-115,0,0
F1,M1,231,channel_2,1769,0,0
F1,M1,232,f1_out_0,-231,0,0
F1,M1,232,channel_2,1768,0,0
F1,M1,233,f1_out_0,-324,0,0
F1,M1,233,channel_2,1767,0,0
F1,M1,234,f1_out_0,-386,0,0
F1,M1,234,channel_2,1766,0,0
F1,M1,235,f1_out_0,-415,0,0
F1,M1,235,channel_2,1765,0,0
F1,M1,236,f1_out_0,-411,0,0
F1,M1,236,channel_2,1764,0,0
F1,M1,237,f1_out_0,-380,0,0
F1,M1,237,channel_2,1763,0,0
F1,M1,238,f1_out_0,-328,0,0
F1,M1,238,channel_2,1762,0,0
F1,M1,239,f1_out_0,-265,0,0
F1,M1,239,channel_2,1761,0,0
F1,M1,240,f1_out_0,-196,0,0
F1,M1,240,channel_2,1760,0,0
F1,M1,241,f1_out_0,-132,0,0
F1,M1,241,channel_2,1759,0,0
F1,M1,242,f1_out_0,-61,0,0
F1,M1,242,channel_2,1758,0,0
F1,M1,243,f1_out_0,-10,0,0
F1,M1,243,channel_2,1757,0,0
F1,M1,244,f1_out_0,35,0,0
F1,M1,244,channel_2,1756,0,0
F1,M1,245,f1_out_0,86,0,0
F1,M1,245,channel_2,1755,0,0
F1,M1,246,f1_out_0,157,0,0
F1,M1,246,channel_2,1754,0,0
F1,M1,247,f1_out_0,221,0,0
F1,M1,247,channel_2,1753,0,0
F1,M1,248,f1_out_0,290,0,0
F1,M1,248,channel_2,1752,0,0
F1,M1,249,f1_out_0,353,0,0
F1,M1,249,channel_2,1751,0,0
F1,M1,250,f1_out_0,404,0,0
F1,M1,250,channel_2,1750,0,0
F1,M1,251,f1_out_0,436,0,0
F1,M1,251,channel_2,1749,0,0
F1,M1,252,f1_out_0,439,0,0
F1,M1,252,channel_2,1748,0,0
F1,M1,253,f1_out_0,411,0,0
F1,M1,253,channel_2,1747,0,0
F1,M1,254,f1_out_0,349,0,0
F1,M1,254,channel_2,1746,0,0
F1,M1,255,f1_out_0,256,0,0
F1,M1,255,channel_2,1745,0,0
F1,M1,256,f1_out_0,140,0,0
F1,M1,256,channel_2,1744,0,0
F1,M1,257,f1_out_0,11,0,0
F1,M1,257,channel_2,1743,0,0
F1,M1,258,f1_out_0,-116,0,0
F1,M1,258,channel_2,1742,0,0
F1,M1,259,f1_out_0,-232,0,0
F1,M1,259,channel_2,1741,0,0
F1,M1,260,f1_out_0,-325,0,0
F1,M1,260,channel_2,1740,0,0
F1,M1,261,f1_out_0,-387,0,0
F1,M1,261,channel_2,1739,0,0
F1,M1,262,f1_out_0,-416,0,0
F1,M1,262,channel_2,1738,0,0
F1,M1,263,f1_out_0,-412,0,0
F1,M1,263,channel_2,1737,0,0
F1,M1,264,f1_out_0,-381,0,0
F1,M1,264,channel_2,1736,0,0
F1,M1,265,f1_out_0,-329,0,0
F1,M1,265,channel_2,1735,0,0
F1,M1,266,f1_out_0,-266,0,0
F1,M1,266,channel_2,1734,0,0
F1,M1,267,f1_out_0,-198,0,0
F1,M1,267,channel_2,1733,0,0
F1,M1,268,f1_out_0,-133,0,0
F1,M1,268,channel_2,1732,0,0
F1,M1,269,f1_out_0,-62,0,0
F1,M1,269,channel_2,1731,0,0
F1,M1,270,f1_out_0,-11,0,0
F1,M1,270,channel_2,1730,0,0
F1,M1,271,f1_out_0,33,0,0
F1,M1,271,channel_2,1729,0,0
F1,M1,272,f1_out_0,84,0,0
F1,M1,272,channel_2,1728,0,0
F1,M1,273,f1_out_0,155,0,0
F1,M1,273,channel_2,1727,0,0
F1,M1,274,f1_out_0,220,0,0
F1,M1,274,channel_2,1726,0,0
F1,M1,275,f1_out_0,288,0,0
F1,M1,275,channel_2,1725,0,0
F1,M1,276,f1_out_0,352,0,0
F1,M1,276,channel_2,1724,0,0
F1,M1,277,f1_out_0,403,0,0
F1,M1,277,channel_2,1723,0,0
F1,M1,278,f1_out_0,434,0,0
F1,M1,278,channel_2,1722,0,0
F1,M1,279,f1_out_0,438,0,0
F1,M1,279,channel_2,1721,0,0
F1,M1,280,f1_out_0,409,0,0
F1,M1,280,channel_2,1720,0,0
F1,M1,281,f1_out_0,347,0,0
F1,M1,281,channel_2,1719,0,0
F1,M1,282,f1_out_0,255,0,0
F1,M1,282,channel_2,1718,0,0
F1,M1,283,f1_out_0,139,0,0
F1,M1,283,channel_2,1717,0,0
F1,M1,284,f1_out_0,10,0,0
F1,M1,284,channel_2,1716,0,0
F1,M1,285,f1_out_0,-118,0,0
F1,M1,285,channel_2,1715,0,0
F1,M1,286,f1_out_0,-234,0,0
F1,M1,286,channel_2,1714,0,0
F1,M1,287,f1_out_0,-326,0,0
F1,M1,287,channel_2,1713,0,0
F1,M1,288,f1_out_0,-389,0,0
F1,M1,288,channel_2,1712,0,0
F1,M1,289,f1_out_0,-417,0,0
F1,M1,289,channel_2,1711,0,0
F1,M1,290,f1_out_0,-413,0,0
F1,M1,290,channel_2,1710,0,0
F1,M1,291,f1_out_0,-382,0,0
F1,M1,291,channel_2,1709,0,0
F1,M1,292,f1_out_0,-331,0,0
F1,M1,292,channel_2,1708,0,0
F1,M1,293,f1_out_0,-267,0,0
F1,M1,293,channel_2,1707,0,0
F1,M1,294,f1_out_0,-199,0,0
F1,M1,294,channel_2,1706,0,0
F1,M1,295,f1_out_0,-134,0,0
F1,M1,295,channel_2,1705,0,0
F1,M1,296,f1_out_0,-63,0,0
F1,M1,296,channel_2,1704,0,0
F1,M1,297,f1_out_0,-12,0,0
F1,M1,297,channel_2,1703,0,0
F1,M1,298,f1_out_0,32,0,0
F1,M1,298,channel_2,1702,0,0
F1,M1,299,f1_out_0,83,0,0
F1,M1,299,channel_2,1701,0,0
F1,M1,300,f1_out_0,154,0,0
F1,M1,300,channel_2,1700,0,0
F1,M1,301,f1_out_0,219,0,0
F1,M1,301,channel_2,1699,0,0
F1,M1,302,f1_out_0,287,0,0
F1,M1,302,channel_2,1698,0,0
F1,M1,303,f1_out_0,350,0,0
F1,M1,303,channel_2,1697,0,0
F1,M1,304,f1_out_0,402,0,0
F1,M1,304,channel_2,1696,0,0
F1,M1,305,f1_out_0,433,0,0
F1,M1,305,channel_2,1695,0,0
F1,M1,306,f1_out_0,437,0,0
F1,M1,306,channel_2,1694,0,0
F1,M1,307,f1_out_0,408,0,0
F1,M1,307,channel_2,1693,0,0
F1,M1,308,f1_out_0,346,0,0
F1,M1,308,channel_2,1692,0,0
F1,M1,309,f1_out_0,253,0,0
F1,M1,309,channel_2,1691,0,0
F1,M1,310,f1_out_0,137,0,0
F1,M1,310,channel_2,1690,0,0
F1,M1,311,f1_out_0,9,0,0
F1,M1,311,channel_2,1689,0,0
F1,M1,312,f1_out_0,-119,0,0
F1,M1,312,channel_2,1688,0,0
F1,M1,313,f1_out_0,-235,0,0
F1,M1,313,channel_2,1687,0,0
F1,M1,314,f1_out_0,-328,0,0
F1,M1,314,channel_2,1686,0,0
F1,M1,315,f1_out_0,-390,0,0
F1,M1,315,channel_2,1685,0,0
F1,M1,316,f1_out_0,-418,0,0
F1,M1,316,channel_2,1684,0,0
F1,M1,317,f1_out_0,-415,0,0
F1,M1,317,channel_2,1683,0,0
F1,M1,318,f1_out_0,-383,0,0
F1,M1,318,channel_2,1682,0,0
F1,M1,319,f1_out_0,-332,0,0
F1,M1,319,channel_2,1681,0,0
F1,M1,320,f1_out_0,-269,0,0
F1,M1,320,channel_2,1680,0,0
F1,M1,321,f1_out_0,-200,0,0
F1,M1,321,channel_2,1679,0,0
F1,M1,322,f1_out_0,-136,0,0
F1,M1,322,channel_2,1678,0,0
F1,M1,323,f1_out_0,-65,0,0
F1,M1,323,channel_2,1677,0,0
F1,M1,324,f1_out_0,-14,0,0
F1,M1,324,channel_2,1676,0,0
F1,M1,325,f1_out_0,31,0,0
F1,M1,325,channel_2,1675,0,0
F1,M1,326,f1_out_0,82,0,0
F1,M1,326,channel_2,1674,0,0
F1,M1,327,f1_out_0,153,0,0
F1,M1,327,channel_2,1673,0,0
F1,M1,328,f1_out_0,217,0,0
F1,M1,328,channel_2,1672,0,0
F1,M1,329,f1_out_0,286,0,0
F1,M1,329,channel_2,1671,0,0
F1,M1,330,f1_out_0,349,0,0
F1,M1,330,channel_2,1670,0,0
F1,M1,331,f1_out_0,401,0,0
F1,M1,331,channel_2,1669,0,0
F1,M1,332,f1_out_0,432,0,0
F1,M1,332,channel_2,1668,0,0
F1,M1,333,f1_out_0,436,0,0
F1,M1,333,channel_2,1667,0,0
F1,M1,334,f1_out_0,407,0,0
F1,M1,334,channel_2,1666,0,0
F1,M1,335,f1_out_0,345,0,0
F1,M1,335,channel_2,1665,0,0
F1,M1,336,f1_out_0,252,0,0
F1,M1,336,channel_2,1664,0,0
F1,M1,337,f1_out_0,136,0,0
F1,M1,337,channel_2,1663,0,0
F1,M1,338,f1_out_0,8,0,0
F1,M1,338,channel_2,1662,0,0
F1,M1,339,f1_out_0,-120,0,0
F1,M1,339,channel_2,1661,0,0
F1,M1,340,f1_out_0,-236,0,0
F1,M1,340,channel_2,1660,0,0
F1,M1,341,f1_out_0,-329,0,0
F1,M1,341,channel_2,1659,0,0
F1,M1,342,f1_out_0,-391,0,0
F1,M1,342,channel_2,1658,0,0
F1,M1,343,f1_out_0,-420,0,0
F1,M1,343,channel_2,1657,0,0
F1,M1,344,f1_out_0,-416,0,0
F1,M1,344,channel_2,1656,0,0
F1,M1,345,f1_out_0,-385,0,0
F1,M1,345,channel_2,1655,0,0
F1,M1,346,f1_out_0,-333,0,0
F1,M1,346,channel_2,1654,0,0
F1,M1,347,f1_out_0,-270,0,0
F1,M1,347,channel_2,1653,0,0
F1,M1,348,f1_out_0,-201,0,0
F1,M1,348,channel_2,1652,0,0
F1,M1,349,f1_out_0,-137,0,0
F1,M1,349,channel_2,1651,0,0
F1,M1,350,f1_out_0,-66,0,0
F1,M1,350,channel_2,1650,0,0
F1,M1,351,f1_out_0,-15,0,0
F1,M1,351,channel_2,1649,0,0
F1,M1,352,f1_out_0,30,0,0
F1,M1,352,channel_2,1648,0,0
F1,M1,353,f1_out_0,81,0,0
F1,M1,353,channel_2,1647,0,0
F1,M1,354,f1_out_0,152,0,0
F1,M1,354,channel_2,1646,0,0
F1,M1,355,f1_out_0,216,0,0
F1,M1,355,channel_2,1645,0,0
F1,M1,356,f1_out_0,285,0,0
F1,M1,356,channel_2,1644,0,0
F1,M1,357,f1_out_0,348,0,0
F1,M1,357,channel_2,1643,0,0
F1,M1,358,f1_out_0,399,0,0
F1,M1,358,channel_2,1642,0,0
F1,M1,359,f1_out_0,431,0,0
F1,M1,359,channel_2,1641,0,0
F1,M1,360,f1_out_0,434,0,0
F1,M1,360,channel_2,1640,0,0
F1,M1,361,f1_out_0,406,0,0
F1,M1,361,channel_2,1639,0,0
F1,M1,362,f1_out_0,344,0,0
F1,M1,362,channel_2,1638,0,0
F1,M1,363,f1_out_0,251,0,0
F1,M1,363,channel_2,1637,0,0
F1,M1,364,f1_out_0,135,0,0
F1,M1,364,channel_2,1636,0,0
F1,M1,365,f1_out_0,6,0,0
F1,M1,365,channel_2,1635,0,0
F1,M1,366,f1_out_0,-121,0,0
F1,M1,366,channel_2,1634,0,0
F1,M1,367,f1_out_0,-237,0,0
F1,M1,367,channel_2,1633,0,0
F1,M1,368,f1_out_0,-330,0,0
F1,M1,368,channel_2,1632,0,0
F1,M1,369,f1_out_0,-392,0,0
F1,M1,369,channel_2,1631,0,0
F1,M1,370,f1_out_0,-421,0,0
F1,M1,370,channel_2,1630,0,0
F1,M1,371,f1_out_0,-417,0,0
F1,M1,371,channel_2,1629,0,0
F1,M1,372,f1_out_0,-386,0,0
F1,M1,372,channel_2,1628,0,0
F1,M1,373,f1_out_0,-334,0,0
F1,M1,373,channel_2,1627,0,0
F1,M1,374,f1_out_0,-271,0,0
F1,M1,374,channel_2,1626,0,0
F1,M1,375,f1_out_0,-203,0,0
F1,M1,375,channel_2,1625,0,0
F1,M1,376,f1_out_0,-138,0,0
F1,M1,376,channel_2,1624,0,0
F1,M1,377,f1_out_0,-67,0,0
F1,M1,377,channel_2,1623,0,0
F1,M1,378,f1_out_0,-16,0,0
F1,M1,378,channel_2,1622,0,0
F1,M1,379,f1_out_0,28,0,0
F1,M1,379,channel_2,1621,0,0
F1,M1,380,f1_out_0,79,0,0
F1,M1,380,channel_2,1620,0,0
F1,M1,381,f1_out_0,151,0,0
F1,M1,381,channel_2,1619,0,0
F1,M1,382,f1_out_0,215,0,0
F1,M1,382,channel_2,1618,0,0
F1,M1,383,f1_out_0,283,0,0
F1,M1,383,channel_2,1617,0,0
F1,M1,384,f1_out_0,347,0,0
F1,M1,384,channel_2,1616,0,0
F1,M1,385,f1_out_0,398,0,0
F1,M1,385,channel_2,1615,0,0
F1,M1,386,f1_out_0,429,0,0
F1,M1,386,channel_2,1614,0,0
F1,M1,387,f1_out_0,433,0,0
F1,M1,387,channel_2,1613,0,0
F1,M1,388,f1_out_0,405,0,0
F1,M1,388,channel_2,1612,0,0
F1,M1,389,f1_out_0,342,0,0
F1,M1,389,channel_2,1611,0,0
F1,M1,390,f1_out_0,250,0,0
F1,M1,390,channel_2,1610,0,0
F1,M1,391,f1_out_0,134,0,0
F1,M1,391,channel_2,1609,0,0
F1,M1,392,f1_out_0,5,0,0
F1,M1,392,channel_2,1608,0,0
F1,M1,393,f1_out_0,-123,0,0
F1,M1,393,channel_2,1607,0,0
F1,M1,394,f1_out_0,-239,0,0
F1,M1,394,channel_2,1606,0,0
F1,M1,395,f1_out_0,-331,0,0
F1,M1,395,channel_2,1605,0,0
F1,M1,396,f1_out_0,-393,0,0
F1,M1,396,channel_2,1604,0,0
F1,M1,397,f1_out_0,-422,0,0
F1,M1,397,channel_2,1603,0,0
F1,M1,398,f1_out_0,-418,0,0
F1,M1,398,channel_2,1602,0,0
F1,M1,399,f1_out_0,-387,0,0
F1,M1,399,channel_2,1601,0,0
F1,M1,400,f1_out_0,-336,0,0
F1,M1,400,channel_2,1600,0,0
F1,M1,401,f1_out_0,-272,0,0
F1,M1,401,channel_2,1599,0,0
F1,M1,402,f1_out_0,-204,0,0
F1,M1,402,channel_2,1598,0,0
F1,M1,403,f1_out_0,-139,0,0
F1,M1,403,channel_2,1597,0,0
F1,M1,404,f1_out_0,-68,0,0
F1,M1,404,channel_2,1596,0,0
F1,M1,405,f1_out_0,-17,0,0
F1,M1,405,channel_2,1595,0,0
F1,M1,406,f1_out_0,27,0,0
F1,M1,406,channel_2,1594,0,0
F1,M1,407,f1_out_0,78,0,0
F1,M1,407,channel_2,1593,0,0
F1,M1,408,f1_out_0,149,0,0
F1,M1,408,channel_2,1592,0,0
F1,M1,409,f1_out_0,214,0,0
F1,M1,409,channel_2,1591,0,0
F1,M1,410,f1_out_0,282,0,0
F1,M1,410,channel_2,1590,0,0
F1,M1,411,f1_out_0,346,0,0
F1,M1,411,channel_2,1589,0,0
F1,M1,412,f1_out_0,397,0,0
F1,M1,412,channel_2,1588,0,0
F1,M1,413,f1_out_0,428,0,0
F1,M1,413,channel_2,1587,0,0
F1,M1,414,f1_out_0,432,0,0
F1,M1,414,channel_2,1586,0,0
F1,M1,415,f1_out_0,403,0,0
F1,M1,415,channel_2,1585,0,0
F1,M1,416,f1_out_0,341,0,0
F1,M1,416,channel_2,1584,0,0
F1,M1,417,f1_out_0,248,0,0
F1,M1,417,channel_2,1583,0,0
F1,M1,418,f1_out_0,132,0,0
F1,M1,418,channel_2,1582,0,0
F1,M1,419,f1_out_0,4,0,0
F1,M1,419,channel_2,1581,0,0
F1,M1,420,f1_out_0,-124,0,0
F1,M1,420,channel_2,1580,0,0
F1,M1,421,f1_out_0,-240,0,0
F1,M1,421,channel_2,1579,0,0
F1,M1,422,f1_out_0,-332,0,0
F1,M1,422,channel_2,1578,0,0
F1,M1,423,f1_out_0,-395,0,0
F1,M1,423,channel_2,1577,0,0
F1,M1,424,f1_out_0,-423,0,0
F1,M1,424,channel_2,1576,0,0
F1,M1,425,f1_out_0,-419,0,0
F1,M1,425,channel_2,1575,0,0
F1,M1,426,f1_out_0,-388,0,0
F1,M1,426,channel_2,1574,0,0
F1,M1,427,f1_out_0,-337,0,0
F1,M1,427,channel_2,1573,0,0
F1,M1,428,f1_out_0,-274,0,0
F1,M1,428,channel_2,1572,0,0
F1,M1,429,f1_out_0,-205,0,0
F1,M1,429,channel_2,1571,0,0
F1,M1,430,f1_out_0,-141,0,0
F1,M1,430,channel_2,1570,0,0
F1,M1,431,f1_out_0,-70,0,0
F1,M1,431,channel_2,1569,0,0
F1,M1,432,f1_out_0,-19,0,0
F1,M1,432,channel_2,1568,0,0
F1,M1,433,f1_out_0,26,0,0
F1,M1,433,channel_2,1567,0,0
F1,M1,434,f1_out_0,77,0,0
F1,M1,434,channel_2,1566,0,0
F1,M1,435,f1_out_0,148,0,0
F1,M1,435,channel_2,1565,0,0
F1,M1,436,f1_out_0,212,0,0
F1,M1,436,channel_2,1564,0,0
F1,M1,437,f1_out_0,281,0,0
F1,M1,437,channel_2,1563,0,0
F1,M1,438,f1_out_0,344,0,0
F1,M1,438,channel_2,1562,0,0
F1,M1,439,f1_out_0,396,0,0
F1,M1,439,channel_2,1561,0,0
F1,M1,440,f1_out_0,427,0,0
F1,M1,440,channel_2,1560,0,0
F1,M1,441,f1_out_0,431,0,0
F1,M1,441,channel_2,1559,0,0
F1,M1,442,f1_out_0,402,0,0
F1,M1,442,channel_2,1558,0,0
F1,M1,443,f1_out_0,340,0,0
F1,M1,443,channel_2,1557,0,0
F1,M1,444,f1_out_0,247,0,0
F1,M1,444,channel_2,1556,0,0
F1,M1,445,f1_out_0,131,0,0
F1,M1,445,channel_2,1555,0,0
F1,M1,446,f1_out_0,3,0,0
F1,M1,446,channel_2,1554,0,0
F1,M1,447,f1_out_0,-125,0,0
F1,M1,447,channel_2,1553,0,0
F1,M1,448,f1_out_0,-241,0,0
F1,M1,448,channel_2,1552,0,0
F1,M1,449,f1_out_0,-334,0,0
F1,M1,449,channel_2,1551,0,0
F1,M1,450,f1_out_0,-396,0,0
F1,M1,450,channel_2,1550,0,0
F1,M1,451,f1_out_0,-424,0,0
F1,M1,451,channel_2,1549,0,0
F1,M1,452,f1_out_0,-421,0,0
F1,M1,452,channel_2,1548,0,0
F1,M1,453,f1_out_0,-390,0,0
F1,M1,453,channel_2,1547,0,0
F1,M1,454,f1_out_0,-338,0,0
F1,M1,454,channel_2,1546,0,0
F1,M1,455,f1_out_0,-275,0,0
F1,M1,455,channel_2,1545,0,0
F1,M1,456,f1_out_0,-206,0,0
F1,M1,456,channel_2,1544,0,0
F1,M1,457,f1_out_0,-142,0,0
F1,M1,457,channel_2,1543,0,0
F1,M1,458,f1_out_0,-71,0,0
F1,M1,458,channel_2,1542,0,0
F1,M1,459,f1_out_0,-20,0,0
F1,M1,459,channel_2,1541,0,0
F1,M1,460,f1_out_0,25,0,0
F1,M1,460,channel_2,1540,0,0
F1,M1,461,f1_out_0,76,0,0
F1,M1,461,channel_2,1539,0,0
F1,M1,462,f1_out_0,147,0,0
F1,M1,462,channel_2,1538,0,0
F1,M1,463,f1_out_0,211,0,0
F1,M1,463,channel_2,1537,0,0
F1,M1,464,f1_out_0,280,0,0
F1,M1,464,channel_2,1536,0,0
F1,M1,465,f1_out_0,343,0,0
F1,M1,465,channel_2,1535,0,0
F1,M1,466,f1_out_0,394,0,0
F1,M1,466,channel_2,1534,0,0
F1,M1,467,f1_out_0,426,0,0
F1,M1,467,channel_2,1533,0,0
F1,M1,468,f1_out_0,429,0,0
F1,M1,468,channel_2,1532,0,0
F1,M1,469,f1_out_0,401,0,0
F1,M1,469,channel_2,1531,0,0
F1,M1,470,f1_out_0,339,0,0
F1,M1,470,channel_2,1530,0,0
F1,M1,471,f1_out_0,246,0,0
F1,M1,471,channel_2,1529,0,0
F1,M1,472,f1_out_0,130,0,0
F1,M1,472,channel_2,1528,0,0
F1,M1,473,f1_out_0,1,0,0
F1,M1,473,channel_2,1527,0,0
F1,M1,474,f1_out_0,-126,0,0
F1,M1,474,channel_2,1526,0,0
F1,M1,475,f1_out_0,-242,0,0
F1,M1,475,channel_2,1525,0,0
F1,M1,476,f1_out_0,-335,0,0
F1,M1,476,channel_2,1524,0,0
F1,M1,477,f1_out_0,-397,0,0
F1,M1,477,channel_2,1523,0,0
F1,M1,478,f1_out_0,-426,0,0
F1,M1,478,channel_2,1522,0,0
F1,M1,479,f1_out_0,-422,0,0
F1,M1,479,channel_2,1521,0,0
F1,M1,480,f1_out_0,-391,0,0
F1,M1,480,channel_2,1520,0,0
F1,M1,481,f1_out_0,-339,0,0
F1,M1,481,channel_2,1519,0,0
F1,M1,482,f1_out_0,-276,0,0
F1,M1,482,channel_2,1518,0,0
F1,M1,483,f1_out_0,-207,0,0
F1,M1,483,channel_2,1517,0,0
F1,M1,484,f1_out_0,-143,0,0
F1,M1,484,channel_2,1516,0,0
F1,M1,485,f1_out_0,-72,0,0
F1,M1,485,channel_2,1515,0,0
F1,M1,486,f1_out_0,-21,0,0
F1,M1,486,channel_2,1514,0,0
F1,M1,487,f1_out_0,24,0,0
F1,M1,487,channel_2,1513,0,0
F1,M1,488,f1_out_0,75,0,0
F1,M1,488,channel_2,1512,0,0
F1,M1,489,f1_out_0,146,0,0
F1,M1,489,channel_2,1511,0,0
F1,M1,490,f1_out_0,210,0,0
F1,M1,490,channel_2,1510,0,0
F1,M1,491,f1_out_0,279,0,0
F1,M1,491,channel_2,1509,0,0
F1,M1,492,f1_out_0,342,0,0
F1,M1,492,channel_2,1508,0,0
F1,M1,493,f1_out_0,393,0,0
F1,M1,493,channel_2,1507,0,0
F1,M1,494,f1_out_0,424,0,0
F1,M1,494,channel_2,1506,0,0
F1,M1,495,f1_out_0,428,0,0
F1,M1,495,channel_2,1505,0,0
F1,M1,496,f1_out_0,400,0,0
F1,M1,496,channel_2,1504,0,0
F1,M1,497,f1_out_0,337,0,0
F1,M1,497,channel_2,1503,0,0
F1,M1,498,f1_out_0,245,0,0
F1,M1,498,channel_2,1502,0,0
F1,M1,499,f1_out_0,129,0,0
F1,M1,499,channel_2,1501,0,0
F1,M1,500,f1_out_0,0,0,0
F1,M1,500,channel_2,1500,0,0
F1,M1,501,f1_out_0,-127,0,0
F1,M1,501,channel_2,1499,0,0
F1,M1,502,f1_out_0,-243,0,0
F1,M1,502,channel_2,1498,0,0
F1,M1,503,f1_out_0,-336,0,0
F1,M1,503,channel_2,1497,0,0
F1,M1,504,f1_out_0,-398,0,0
F1,M1,504,channel_2,1496,0,0
F1,M1,505,f1_out_0,-427,0,0
F1,M1,505,channel_2,1495,0,0
F1,M1,506,f1_out_0,-423,0,0
F1,M1,506,channel_2,1494,0,0
F1,M1,507,f1_out_0,-392,0,0
F1,M1,507,channel_2,1493,0,0
F1,M1,508,f1_out_0,-341,0,0
F1,M1,508,channel_2,1492,0,0
F1,M1,509,f1_out_0,-277,0,0
F1,M1,509,channel_2,1491,0,0
F1,M1,510,f1_out_0,-209,0,0
F1,M1,510,channel_2,1490,0,0
F1,M1,511,f1_out_0,-144,0,0
F1,M1,511,channel_2,1489,0,0
F1,M1,512,f1_out_0,-73,0,0
F1,M1,512,channel_2,1488,0,0
F1,M1,513,f1_out_0,-22,0,0
F1,M1,513,channel_2,1487,0,0
F1,M1,514,f1_out_0,22,0,0
F1,M1,514,channel_2,1486,0,0
F1,M1,515,f1_out_0,73,0,0
F1,M1,515,channel_2,1485,0,0
F1,M1,516,f1_out_0,144,0,0
F1,M1,516,channel_2,1484,0,0
F1,M1,517,f1_out_0,209,0,0
F1,M1,517,channel_2,1483,0,0
F1,M1,518,f1_out_0,277,0,0
F1,M1,518,channel_2,1482,0,0
F1,M1,519,f1_out_0,341,0,0
F1,M1,519,channel_2,1481,0,0
F1,M1,520,f1_out_0,392,0,0
F1,M1,520,channel_2,1480,0,0
F1,M1,521,f1_out_0,423,0,0
F1,M1,521,channel_2,1479,0,0
F1,M1,522,f1_out_0,427,0,0
F1,M1,522,channel_2,1478,0,0
F1,M1,523,f1_out_0,398,0,0
F1,M1,523,channel_2,1477,0,0
F1,M1,524,f1_out_0,336,0,0
F1,M1,524,channel_2,1476,0,0
F1,M1,525,f1_out_0,243,0,0
F1,M1,525,channel_2,1475,0,0
F1,M1,526,f1_out_0,127,0,0
F1,M1,526,channel_2,1474,0,0
F1,M1,527,f1_out_0,0,0,0
F1,M1,527,channel_2,1473,0,0
F1,M1,528,f1_out_0,-129,0,0
F1,M1,528,channel_2,1472,0,0
F1,M1,529,f1_out_0,-245,0,0
F1,M1,529,channel_2,1471,0,0
F1,M1,530,f1_out_0,-337,0,0
F1,M1,530,channel_2,1470,0,0
F1,M1,531,f1_out_0,-400,0,0
F1,M1,531,channel_2,1469,0,0
F1,M1,532,f1_out_0,-428,0,0
F1,M1,532,channel_2,1468,0,0
F1,M1,533,f1_out_0,-424,0,0
F1,M1,533,channel_2,1467,0,0
F1,M1,534,f1_out_0,-393,0,0
F1,M1,534,channel_2,1466,0,0
F1,M1,535,f1_out_0,-342,0,0
F1,M1,535,channel_2,1465,0,0
F1,M1,536,f1_out_0,-279,0,0
F1,M1,536,channel_2,1464,0,0
F1,M1,537,f1_out_0,-210,0,0
F1,M1,537,channel_2,1463,0,0
F1,M1,538,f1_out_0,-146,0,0
F1,M1,538,channel_2,1462,0,0
F1,M1,539,f1_out_0,-75,0,0
F1,M1,539,channel_2,1461,0,0
F1,M1,540,f1_out_0,-24,0,0
F1,M1,540,channel_2,1460,0,0
F1,M1,541,f1_out_0,21,0,0
F1,M1,541,channel_2,1459,0,0
F1,M1,542,f1_out_0,72,0,0
F1,M1,542,channel_2,1458,0,0
F1,M1,543,f1_out_0,143,0,0
F1,M1,543,channel_2,1457,0,0
F1,M1,544,f1_out_0,207,0,0
F1,M1,544,channel_2,1456,0,0
F1,M1,545,f1_out_0,276,0,0
F1,M1,545,channel_2,1455,0,0
F1,M1,546,f1_out_0,339,0,0
F1,M1,546,channel_2,1454,0,0
F1,M1,547,f1_out_0,391,0,0
F1,M1,547,channel_2,1453,0,0
F1,M1,548,f1_out_0,422,0,0
F1,M1,548,channel_2,1452,0,0
F1,M1,549,f1_out_0,426,0,0
F1,M1,549,channel_2,1451,0,0
F1,M1,550,f1_out_0,397,0,0
F1,M1,550,channel_2,1450,0,0
F1,M1,551,f1_out_0,335,0,0
F1,M1,551,channel_2,1449,0,0
F1,M1,552,f1_out_0,242,0,0
F1,M1,552,channel_2,1448,0,0
F1,M1,553,f1_out_0,126,0,0
F1,M1,553,channel_2,1447,0,0
F1,M1,554,f1_out_0,-1,0,0
F1,M1,554,channel_2,1446,0,0
F1,M1,555,f1_out_0,-130,0,0
F1,M1,555,channel_2,1445,0,0
F1,M1,556,f1_out_0,-246,0,0
F1,M1,556,channel_2,1444,0,0
F1,M1,557,f1_out_0,-339,0,0
F1,M1,557,channel_2,1443,0,0
F1,M1,558,f1_out_0,-401,0,0
F1,M1,558,channel_2,1442,0,0
F1,M1,559,f1_out_0,-429,0,0
F1,M1,559,channel_2,1441,0,0
F1,M1,560,f1_out_0,-426,0,0
F1,M1,560,channel_2,1440,0,0
F1,M1,561,f1_out_0,-394,0,0
F1,M1,561,channel_2,1439,0,0
F1,M1,562,f1_out_0,-343,0,0
F1,M1,562,channel_2,1438,0,0
F1,M1,563,f1_out_0,-280,0,0
F1,M1,563,channel_2,1437,0,0
F1,M1,564,f1_out_0,-211,0,0
F1,M1,564,channel_2,1436,0,0
F1,M1,565,f1_out_0,-147,0,0
F1,M1,565,channel_2,1435,0,0
F1,M1,566,f1_out_0,-76,0,0
F1,M1,566,channel_2,1434,0,0
F1,M1,567,f1_out_0,-25,0,0
F1,M1,567,channel_2,1433,0,0
F1,M1,568,f1_out_0,20,0,0
F1,M1,568,channel_2,1432,0,0
F1,M1,569,f1_out_0,71,0,0
F1,M1,569,channel_2,1431,0,0
F1,M1,570,f1_out_0,142,0,0
F1,M1,570,channel_2,1430,0,0
F1,M1,571,f1_out_0,206,0,0
F1,M1,571,channel_2,1429,0,0
F1,M1,572,f1_out_0,275,0,0
F1,M1,572,channel_2,1428,0,0
F1,M1,573,f1_out_0,338,0,0
F1,M1,573,channel_2,1427,0,0
F1,M1,574,f1_out_0,390,0,0
F1,M1,574,channel_2,1426,0,0
F1,M1,575,f1_out_0,421,0,0
F1,M1,575,channel_2,1425,0,0
F1,M1,576,f1_out_0,424,0,0
F1,M1,576,channel_2,1424,0,0
F1,M1,577,f1_out_0,396,0,0
F1,M1,577,channel_2,1423,0,0
F1,M1,578,f1_out_0,334,0,0
F1,M1,578,channel_2,1422,0,0
F1,M1,579,f1_out_0,241,0,0
F1,M1,579,channel_2,1421,0,0
F1,M1,580,f1_out_0,125,0,0
F1,M1,580,channel_2,1420,0,0
F1,M1,581,f1_out_0,-3,0,0
F1,M1,581,channel_2,1419,0,0
F1,M1,582,f1_out_0,-131,0,0
F1,M1,582,channel_2,1418,0,0
F1,M1,583,f1_out_0,-247,0,0
F1,M1,583,channel_2,1417,0,0
F1,M1,584,f1_out_0,-340,0,0
F1,M1,584,channel_2,1416,0,0
F1,M1,585,f1_out_0,-402,0,0
F1,M1,585,channel_2,1415,0,0
F1,M1,586,f1_out_0,-431,0,0
F1,M1,586,channel_2,1414,0,0
F1,M1,587,f1_out_0,-427,0,0
F1,M1,587,channel_2,1413,0,0
F1,M1,588,f1_out_0,-396,0,0
F1,M1,588,channel_2,1412,0,0
F1,M1,589,f1_out_0,-344,0,0
F1,M1,589,channel_2,1411,0,0
F1,M1,590,f1_out_0,-281,0,0
F1,M1,590,channel_2,1410,0,0
F1,M1,591,f1_out_0,-212,0,0
F1,M1,591,channel_2,1409,0,0
F1,M1,592,f1_out_0,-148,0,0
F1,M1,592,channel_2,1408,0,0
F1,M1,593,f1_out_0,-77,0,0
F1,M1,593,channel_2,1407,0,0
F1,M1,594,f1_out_0,-26,0,0
F1,M1,594,channel_2,1406,0,0
F1,M1,595,f1_out_0,19,0,0
F1,M1,595,channel_2,1405,0,0
F1,M1,596,f1_out_0,70,0,0
F1,M1,596,channel_2,1404,0,0
F1,M1,597,f1_out_0,141,0,0
F1,M1,597,channel_2,1403,0,0
F1,M1,598,f1_out_0,205,0,0
F1,M1,598,channel_2,1402,0,0
F1,M1,599,f1_out_0,274,0,0
F1,M1,599,channel_2,1401,0,0
F1,M1,600,f1_out_0,337,0,0
F1,M1,600,channel_2,1400,0,0
F1,M1,601,f1_out_0,388,0,0
F1,M1,601,channel_2,1399,0,0
F1,M1,602,f1_out_0,419,0,0
F1,M1,602,channel_2,1398,0,0
F1,M1,603,f1_out_0,423,0,0
F1,M1,603,channel_2,1397,0,0
F1,M1,604,f1_out_0,395,0,0
F1,M1,604,channel_2,1396,0,0
F1,M1,605,f1_out_0,332,0,0
F1,M1,605,channel_2,1395,0,0
F1,M1,606,f1_out_0,240,0,0
F1,M1,606,channel_2,1394,0,0
F1,M1,607,f1_out_0,124,0,0
F1,M1,607,channel_2,1393,0,0
F1,M1,608,f1_out_0,-4,0,0
F1,M1,608,channel_2,1392,0,0
F1,M1,609,f1_out_0,-132,0,0
F1,M1,609,channel_2,1391,0,0
F1,M1,610,f1_out_0,-248,0,0
F1,M1,610,channel_2,1390,0,0
F1,M1,611,f1_out_0,-341,0,0
F1,M1,611,channel_2,1389,0,0
F1,M1,612,f1_out_0,-403,0,0
F1,M1,612,channel_2,1388,0,0
F1,M1,613,f1_out_0,-432,0,0
F1,M1,613,channel_2,1387,0,0
F1,M1,614,f1_out_0,-428,0,0
F1,M1,614,channel_2,1386,0,0
F1,M1,615,f1_out_0,-397,0,0
F1,M1,615,channel_2,1385,0,0
F1,M1,616,f1_out_0,-346,0,0
F1,M1,616,channel_2,1384,0,0
F1,M1,617,f1_out_0,-282,0,0
F1,M1,617,channel_2,1383,0,0
F1,M1,618,f1_out_0,-214,0,0
F1,M1,618,channel_2,1382,0,0
F1,M1,619,f1_out_0,-149,0,0
F1,M1,619,channel_2,1381,0,0
F1,M1,620,f1_out_0,-78,0,0
F1,M1,620,channel_2,1380,0,0
F1,M1,621,f1_out_0,-27,0,0
F1,M1,621,channel_2,1379,0,0
F1,M1,622,f1_out_0,17,0,0
F1,M1,622,channel_2,1378,0,0
F1,M1,623,f1_out_0,68,0,0
F1,M1,623,channel_2,1377,0,0
F1,M1,624,f1_out_0,139,0,0
F1,M1,624,channel_2,1376,0,0
F1,M1,625,f1_out_0,204,0,0
F1,M1,625,channel_2,1375,0,0
F1,M1,626,f1_out_0,272,0,0
F1,M1,626,channel_2,1374,0,0
F1,M1,627,f1_out_0,336,0,0
F1,M1,627,channel_2,1373,0,0
F1,M1,628,f1_out_0,387,0,0
F1,M1,628,channel_2,1372,0,0
F1,M1,629,f1_out_0,418,0,0
F1,M1,629,channel_2,1371,0,0
F1,M1,630,f1_out_0,422,0,0
F1,M1,630,channel_2,1370,0,0
F1,M1,631,f1_out_0,393,0,0
F1,M1,631,channel_2,1369,0,0
F1,M1,632,f1_out_0,331,0,0
F1,M1,632,channel_2,1368,0,0
F1,M1,633,f1_out_0,239,0,0
F1,M1,633,channel_2,1367,0,0
F1,M1,634,f1_out_0,123,0,0
F1,M1,634,channel_2,1366,0,0
F1,M1,635,f1_out_0,-5,0,0
F1,M1,635,channel_2,1365,0,0
F1,M1,636,f1_out_0,-134,0,0
F1,M1,636,channel_2,1364,0,0
F1,M1,637,f1_out_0,-250,0,0
F1,M1,637,channel_2,1363,0,0
F1,M1,638,f1_out_0,-342,0,0
F1,M1,638,channel_2,1362,0,0
F1,M1,639,f1_out_0,-405,0,0
F1,M1,639,channel_2,1361,0,0
F1,M1,640,f1_out_0,-433,0,0
F1,M1,640,channel_2,1360,0,0
F1,M1,641,f1_out_0,-429,0,0
F1,M1,641,channel_2,1359,0,0
F1,M1,642,f1_out_0,-398,0,0
F1,M1,642,channel_2,1358,0,0
F1,M1,643,f1_out_0,-347,0,0
F1,M1,643,channel_2,1357,0,0
F1,M1,644,f1_out_0,-283,0,0
F1,M1,644,channel_2,1356,0,0
F1,M1,645,f1_out_0,-215,0,0
F1,M1,645,channel_2,1355,0,0
F1,M1,646,f1_out_0,-151,0,0
F1,M1,646,channel_2,1354,0,0
F1,M1,647,f1_out_0,-79,0,0
F1,M1,647,channel_2,1353,0,0
F1,M1,648,f1_out_0,-28,0,0
F1,M1,648,channel_2,1352,0,0
F1,M1,649,f1_out_0,16,0,0
F1,M1,649,channel_2,1351,0,0
F1,M1,650,f1_out_0,67,0,0
F1,M1,650,channel_2,1350,0,0
F1,M1,651,f1_out_0,138,0,0
F1,M1,651,channel_2,1349,0,0
F1,M1,652,f1_out_0,203,0,0
F1,M1,652,channel_2,1348,0,0
F1,M1,653,f1_out_0,271,0,0
F1,M1,653,channel_2,1347,0,0
F1,M1,654,f1_out_0,334,0,0
F1,M1,654,channel_2,1346,0,0
F1,M1,655,f1_out_0,386,0,0
F1,M1,655,channel_2,1345,0,0
F1,M1,656,f1_out_0,417,0,0
F1,M1,656,channel_2,1344,0,0
F1,M1,657,f1_out_0,421,0,0
F1,M1,657,channel_2,1343,0,0
F1,M1,658,f1_out_0,392,0,0
F1,M1,658,channel_2,1342,0,0
F1,M1,659,f1_out_0,330,0,0
F1,M1,659,channel_2,1341,0,0
F1,M1,660,f1_out_0,237,0,0
F1,M1,660,channel_2,1340,0,0
F1,M1,661,f1_out_0,121,0,0
F1,M1,661,channel_2,1339,0,0
F1,M1,662,f1_out_0,-6,0,0
F1,M1,662,channel_2,1338,0,0
F1,M1,663,f1_out_0,-135,0,0
F1,M1,663,channel_2,1337,0,0
F1,M1,664,f1_out_0,-251,0,0
F1,M1,664,channel_2,1336,0,0
F1,M1,665,f1_out_0,-344,0,0
F1,M1,665,channel_2,1335,0,0
F1,M1,666,f1_out_0,-406,0,0
F1,M1,666,channel_2,1334,0,0
F1,M1,667,f1_out_0,-434,0,0
F1,M1,667,channel_2,1333,0,0
F1,M1,668,f1_out_0,-431,0,0
F1,M1,668,channel_2,1332,0,0
F1,M1,669,f1_out_0,-399,0,0
F1,M1,669,channel_2,1331,0,0
F1,M1,670,f1_out_0,-348,0,0
F1,M1,670,channel_2,1330,0,0
F1,M1,671,f1_out_0,-285,0,0
F1,M1,671,channel_2,1329,0,0
F1,M1,672,f1_out_0,-216,0,0
F1,M1,672,channel_2,1328,0,0
F1,M1,673,f1_out_0,-152,0,0
F1,M1,673,channel_2,1327,0,0
F1,M1,674,f1_out_0,-81,0,0
F1,M1,674,channel_2,1326,0,0
F1,M1,675,f1_out_0,-30,0,0
F1,M1,675,channel_2,1325,0,0
F1,M1,676,f1_out_0,15,0,0
F1,M1,676,channel_2,1324,0,0
F1,M1,677,f1_out_0,66,0,0
F1,M1,677,channel_2,1323,0,0
F1,M1,678,f1_out_0,137,0,0
F1,M1,678,channel_2,1322,0,0
F1,M1,679,f1_out_0,201,0,0
F1,M1,679,channel_2,1321,0,0
F1,M1,680,f1_out_0,270,0,0
F1,M1,680,channel_2,1320,0,0
F1,M1,681,f1_out_0,333,0,0
F1,M1,681,channel_2,1319,0,0
F1,M1,682,f1_out_0,385,0,0
F1,M1,682,channel_2,1318,0,0
F1,M1,683,f1_out_0,416,0,0
F1,M1,683,channel_2,1317,0,0
F1,M1,684,f1_out_0,420,0,0
F1,M1,684,channel_2,1316,0,0
F1,M1,685,f1_out_0,391,0,0
F1,M1,685,channel_2,1315,0,0
F1,M1,686,f1_out_0,329,0,0
F1,M1,686,channel_2,1314,0,0
F1,M1,687,f1_out_0,236,0,0
F1,M1,687,channel_2,1313,0,0
F1,M1,688,f1_out_0,120,0,0
F1,M1,688,channel_2,1312,0,0
F1,M1,689,f1_out_0,-8,0,0
F1,M1,689,channel_2,1311,0,0
F1,M1,690,f1_out_0,-136,0,0
F1,M1,690,channel_2,1310,0,0
F1,M1,691,f1_out_0,-252,0,0
F1,M1,691,channel_2,1309,0,0
F1,M1,692,f1_out_0,-345,0,0
F1,M1,692,channel_2,1308,0,0
F1,M1,693,f1_out_0,-407,0,0
F1,M1,693,channel_2,1307,0,0
F1,M1,694,f1_out_0,-436,0,0
F1,M1,694,channel_2,1306,0,0
F1,M1,695,f1_out_0,-432,0,0
F1,M1,695,channel_2,1305,0,0
F1,M1,696,f1_out_0,-401,0,0
F1,M1,696,channel_2,1304,0,0
F1,M1,697,f1_out_0,-349,0,0
F1,M1,697,channel_2,1303,0,0
F1,M1,698,f1_out_0,-286,0,0
F1,M1,698,channel_2,1302,0,0
F1,M1,699,f1_out_0,-217,0,0
F1,M1,699,channel_2,1301,0,0
F1,M1,700,f1_out_0,-153,0,0
F1,M1,700,channel_2,1300,0,0
F1,M1,701,f1_out_0,-82,0,0
F1,M1,701,channel_2,1299,0,0
F1,M1,702,f1_out_0,-31,0,0
F1,M1,702,channel_2,1298,0,0
F1,M1,703,f1_out_0,14,0,0
F1,M1,703,channel_2,1297,0,0
F1,M1,704,f1_out_0,65,0,0
F1,M1,704,channel_2,1296,0,0
F1,M1,705,f1_out_0,136,0,0
F1,M1,705,channel_2,1295,0,0
F1,M1,706,f1_out_0,200,0,0
F1,M1,706,channel_2,1294,0,0
F1,M1,707,f1_out_0,269,0,0
F1,M1,707,channel_2,1293,0,0
F1,M1,708,f1_out_0,332,0,0
F1,M1,708,channel_2,1292,0,0
F1,M1,709,f1_out_0,383,0,0
F1,M1,709,channel_2,1291,0,0
F1,M1,710,f1_out_0,415,0,0
F1,M1,710,channel_2,1290,0,0
F1,M1,711,f1_out_0,418,0,0
F1,M1,711,channel_2,1289,0,0
F1,M1,712,f1_out_0,390,0,0
F1,M1,712,channel_2,1288,0,0
F1,M1,713,f1_out_0,328,0,0
F1,M1,713,channel_2,1287,0,0
F1,M1,714,f1_out_0,235,0,0
F1,M1,714,channel_2,1286,0,0
F1,M1,715,f1_out_0,119,0,0
F1,M1,715,channel_2,1285,0,0
F1,M1,716,f1_out_0,-9,0,0
F1,M1,716,channel_2,1284,0,0
F1,M1,717,f1_out_0,-137,0,0
F1,M1,717,channel_2,1283,0,0
F1,M1,718,f1_out_0,-253,0,0
F1,M1,718,channel_2,1282,0,0
F1,M1,719,f1_out_0,-346,0,0
F1,M1,719,channel_2,1281,0,0
F1,M1,720,f1_out_0,-408,0,0
F1,M1,720,channel_2,1280,0,0
F1,M1,721,f1_out_0,-437,0,0
F1,M1,721,channel_2,1279,0,0
F1,M1,722,f1_out_0,-433,0,0
F1,M1,722,channel_2,1278,0,0
F1,M1,723,f1_out_0,-402,0,0
F1,M1,723,channel_2,1277,0,0
F1,M1,724,f1_out_0,-350,0,0
F1,M1,724,channel_2,1276,0,0
F1,M1,725,f1_out_0,-287,0,0
F1,M1,725,channel_2,1275,0,0
F1,M1,726,f1_out_0,-219,0,0
F1,M1,726,channel_2,1274,0,0
F1,M1,727,f1_out_0,-154,0,0
F1,M1,727,channel_2,1273,0,0
F1,M1,728,f1_out_0,-83,0,0
F1,M1,728,channel_2,1272,0,0
F1,M1,729,f1_out_0,-32,0,0
F1,M1,729,channel_2,1271,0,0
F1,M1,730,f1_out_0,12,0,0
F1,M1,730,channel_2,1270,0,0
F1,M1,731,f1_out_0,63,0,0
F1,M1,731,channel_2,1269,0,0
F1,M1,732,f1_out_0,134,0,0
F1,M1,732,channel_2,1268,0,0
F1,M1,733,f1_out_0,199,0,0
F1,M1,733,channel_2,1267,0,0
F1,M1,734,f1_out_0,267,0,0
F1,M1,734,channel_2,1266,0,0
F1,M1,735,f1_out_0,331,0,0
F1,M1,735,channel_2,1265,0,0
F1,M1,736,f1_out_0,382,0,0
F1,M1,736,channel_2,1264,0,0
F1,M1,737,f1_out_0,413,0,0
F1,M1,737,channel_2,1263,0,0
F1,M1,738,f1_out_0,417,0,0
F1,M1,738,channel_2,1262,0,0
F1,M1,739,f1_out_0,389,0,0
F1,M1,739,channel_2,1261,0,0
F1,M1,740,f1_out_0,326,0,0
F1,M1,740,channel_2,1260,0,0
F1,M1,741,f1_out_0,234,0,0
F1,M1,741,channel_2,1259,0,0
F1,M1,742,f1_out_0,118,0,0
F1,M1,742,channel_2,1258,0,0
F1,M1,743,f1_out_0,-10,0,0
F1,M1,743,channel_2,1257,0,0
F1,M1,744,f1_out_0,-139,0,0
F1,M1,744,channel_2,1256,0,0
F1,M1,745,f1_out_0,-255,0,0
F1,M1,745,channel_2,1255,0,0
F1,M1,746,f1_out_0,-347,0,0
F1,M1,746,channel_2,1254,0,0
F1,M1,747,f1_out_0,-409,0,0
F1,M1,747,channel_2,1253,0,0
F1,M1,748,f1_out_0,-438,0,0
F1,M1,748,channel_2,1252,0,0
F1,M1,749,f1_out_0,-434,0,0
F1,M1,749,channel_2,1251,0,0
F1,M1,750,f1_out_0,-403,0,0
F1,M1,750,channel_2,1250,0,0
F1,M1,751,f1_out_0,-352,0,0
F1,M1,751,channel_2,1249,0,0
F1,M1,752,f1_out_0,-288,0,0
F1,M1,752,channel_2,1248,0,0
F1,M1,753,f1_out_0,-220,0,0
F1,M1,753,channel_2,1247,0,0
F1,M1,754,f1_out_0,-155,0,0
F1,M1,754,channel_2,1246,0,0
F1,M1,755,f1_out_0,-84,0,0
F1,M1,755,channel_2,1245,0,0
F1,M1,756,f1_out_0,-33,0,0
F1,M1,756,channel_2,1244,0,0
F1,M1,757,f1_out_0,11,0,0
F1,M1,757,channel_2,1243,0,0
F1,M1,758,f1_out_0,62,0,0
F1,M1,758,channel_2,1242,0,0
F1,M1,759,f1_out_0,133,0,0
F1,M1,759,channel_2,1241,0,0
F1,M1,760,f1_out_0,198,0,0
F1,M1,760,channel_2,1240,0,0
F1,M1,761,f1_out_0,266,0,0
F1,M1,761,channel_2,1239,0,0
F1,M1,762,f1_out_0,329,0,0
F1,M1,762,channel_2,1238,0,0
F1,M1,763,f1_out_0,381,0,0
F1,M1,763,channel_2,1237,0,0
F1,M1,764,f1_out_0,412,0,0
F1,M1,764,channel_2,1236,0,0
F1,M1,765,f1_out_0,416,0,0
F1,M1,765,channel_2,1235,0,0
F1,M1,766,f1_out_0,387,0,0
F1,M1,766,channel_2,1234,0,0
F1,M1,767,f1_out_0,325,0,0
F1,M1,767,channel_2,1233,0,0
F1,M1,768,f1_out_0,232,0,0
F1,M1,768,channel_2,1232,0,0
F1,M1,769,f1_out_0,116,0,0
F1,M1,769,channel_2,1231,0,0
F1,M1,770,f1_out_0,-11,0,0
F1,M1,770,channel_2,1230,0,0
F1,M1,771,f1_out_0,-140,0,0
F1,M1,771,channel_2,1229,0,0
F1,M1,772,f1_out_0,-256,0,0
F1,M1,772,channel_2,1228,0,0
F1,M1,773,f1_out_0,-349,0,0
F1,M1,773,channel_2,1227,0,0
F1,M1,774,f1_out_0,-411,0,0
F1,M1,774,channel_2,1226,0,0
F1,M1,775,f1_out_0,-439,0,0
F1,M1,775,channel_2,1225,0,0
F1,M1,776,f1_out_0,-436,0,0
F1,M1,776,channel_2,1224,0,0
F1,M1,777,f1_out_0,-404,0,0
F1,M1,777,channel_2,1223,0,0
F1,M1,778,f1_out_0,-353,0,0
F1,M1,778,channel_2,1222,0,0
F1,M1,779,f1_out_0,-290,0,0
F1,M1,779,channel_2,1221,0,0
F1,M1,780,f1_out_0,-221,0,0
F1,M1,780,channel_2,1220,0,0
F1,M1,781,f1_out_0,-157,0,0
F1,M1,781,channel_2,1219,0,0
F1,M1,782,f1_out_0,-86,0,0
F1,M1,782,channel_2,1218,0,0
F1,M1,783,f1_out_0,-35,0,0
F1,M1,783,channel_2,1217,0,0
F1,M1,784,f1_out_0,10,0,0
F1,M1,784,channel_2,1216,0,0
F1,M1,785,f1_out_0,61,0,0
F1,M1,785,channel_2,1215,0,0
F1,M1,786,f1_out_0,132,0,0
F1,M1,786,channel_2,1214,0,0
F1,M1,787,f1_out_0,196,0,0
F1,M1,787,channel_2,1213,0,0
F1,M1,788,f1_out_0,265,0,0
F1,M1,788,channel_2,1212,0,0
F1,M1,789,f1_out_0,328,0,0
F1,M1,789,channel_2,1211,0,0
F1,M1,790,f1_out_0,380,0,0
F1,M1,790,channel_2,1210,0,0
F1,M1,791,f1_out_0,411,0,0
F1,M1,791,channel_2,1209,0,0
F1,M1,792,f1_out_0,415,0,0
F1,M1,792,channel_2,1208,0,0
F1,M1,793,f1_out_0,386,0,0
F1,M1,793,channel_2,1207,0,0
F1,M1,794,f1_out_0,324,0,0
F1,M1,794,channel_2,1206,0,0
F1,M1,795,f1_out_0,231,0,0
F1,M1,795,channel_2,1205,0,0
F1,M1,796,f1_out_0,115,0,0
F1,M1,796,channel_2,1204,0,0
F1,M1,797,f1_out_0,-12,0,0
F1,M1,797,channel_2,1203,0,0
F1,M1,798,f1_out_0,-141,0,0
F1,M1,798,channel_2,1202,0,0
F1,M1,799,f1_out_0,-257,0,0
F1,M1,799,channel_2,1201,0,0
F1,M1,800,f1_out_0,-350,0,0
F1,M1,800,channel_2,1200,0,0
F1,M1,801,f1_out_0,-412,0,0
F1,M1,801,channel_2,1199,0,0
F1,M1,802,f1_out_0,-441,0,0
F1,M1,802,channel_2,1198,0,0
F1,M1,803,f1_out_0,-437,0,0
F1,M1,803,channel_2,1197,0,0
F1,M1,804,f1_out_0,-406,0,0
F1,M1,804,channel_2,1196,0,0
F1,M1,805,f1_out_0,-354,0,0
F1,M1,805,channel_2,1195,0,0
F1,M1,806,f1_out_0,-291,0,0
F1,M1,806,channel_2,1194,0,0
F1,M1,807,f1_out_0,-222,0,0
F1,M1,807,channel_2,1193,0,0
F1,M1,808,f1_out_0,-158,0,0
F1,M1,808,channel_2,1192,0,0
F1,M1,809,f1_out_0,-87,0,0
F1,M1,809,channel_2,1191,0,0
F1,M1,810,f1_out_0,-36,0,0
F1,M1,810,channel_2,1190,0,0
F1,M1,811,f1_out_0,9,0,0
F1,M1,811,channel_2,1189,0,0
F1,M1,812,f1_out_0,60,0,0
F1,M1,812,channel_2,1188,0,0
F1,M1,813,f1_out_0,131,0,0
F1,M1,813,channel_2,1187,0,0
F1,M1,814,f1_out_0,195,0,0
F1,M1,814,channel_2,1186,0,0
F1,M1,815,f1_out_0,264,0,0
F1,M1,815,channel_2,1185,0,0
F1,M1,816,f1_out_0,327,0,0
F1,M1,816,channel_2,1184,0,0
F1,M1,817,f1_out_0,378,0,0
F1,M1,817,channel_2,1183,0,0
F1,M1,818,f1_out_0,410,0,0
F1,M1,818,channel_2,1182,0,0
F1,M1,819,f1_out_0,413,0,0
F1,M1,819,channel_2,1181,0,0
F1,M1,820,f1_out_0,385,0,0
F1,M1,820,channel_2,1180,0,0
F1,M1,821,f1_out_0,323,0,0
F1,M1,821,channel_2,1179,0,0
F1,M1,822,f1_out_0,230,0,0
F1,M1,822,channel_2,1178,0,0
F1,M1,823,f1_out_0,114,0,0
F1,M1,823,channel_2,1177,0,0
F1,M1,824,f1_out_0,-14,0,0
F1,M1,824,channel_2,1176,0,0
F1,M1,825,f1_out_0,-142,0,0
F1,M1,825,channel_2,1175,0,0
F1,M1,826,f1_out_0,-258,0,0
F1,M1,826,channel_2,1174,0,0
F1,M1,827,f1_out_0,-351,0,0
F1,M1,827,channel_2,1173,0,0
F1,M1,828,f1_out_0,-413,0,0
F1,M1,828,channel_2,1172,0,0
F1,M1,829,f1_out_0,-442,0,0
F1,M1,829,channel_2,1171,0,0
F1,M1,830,f1_out_0,-438,0,0
F1,M1,830,channel_2,1170,0,0
F1,M1,831,f1_out_0,-407,0,0
F1,M1,831,channel_2,1169,0,0
F1,M1,832,f1_out_0,-355,0,0
F1,M1,832,channel_2,1168,0,0
F1,M1,833,f1_out_0,-292,0,0
F1,M1,833,channel_2,1167,0,0
F1,M1,834,f1_out_0,-224,0,0
F1,M1,834,channel_2,1166,0,0
F1,M1,835,f1_out_0,-159,0,0
F1,M1,835,channel_2,1165,0,0
F1,M1,836,f1_out_0,-88,0,0
F1,M1,836,channel_2,1164,0,0
F1,M1,837,f1_out_0,-37,0,0
F1,M1,837,channel_2,1163,0,0
F1,M1,838,f1_out_0,8,0,0
F1,M1,838,channel_2,1162,0,0
F1,M1,839,f1_out_0,59,0,0
F1,M1,839,channel_2,1161,0,0
F1,M1,840,f1_out_0,130,0,0
F1,M1,840,channel_2,1160,0,0
F1,M1,841,f1_out_0,194,0,0
F1,M1,841,channel_2,1159,0,0
F1,M1,842,f1_out_0,262,0,0
F1,M1,842,channel_2,1158,0,0
F1,M1,843,f1_out_0,326,0,0
F1,M1,843,channel_2,1157,0,0
F1,M1,844,f1_out_0,377,0,0
F1,M1,844,channel_2,1156,0,0
F1,M1,845,f1_out_0,408,0,0
F1,M1,845,channel_2,1155,0,0
F1,M1,846,f1_out_0,412,0,0
F1,M1,846,channel_2,1154,0,0
F1,M1,847,f1_out_0,384,0,0
F1,M1,847,channel_2,1153,0,0
F1,M1,848,f1_out_0,321,0,0
F1,M1,848,channel_2,1152,0,0
F1,M1,849,f1_out_0,229,0,0
F1,M1,849,channel_2,1151,0,0
F1,M1,850,f1_out_0,113,0,0
F1,M1,850,channel_2,1150,0,0
F1,M1,851,f1_out_0,-15,0,0
F1,M1,851,channel_2,1149,0,0
F1,M1,852,f1_out_0,-143,0,0
F1,M1,852,channel_2,1148,0,0
F1,M1,853,f1_out_0,-259,0,0
F1,M1,853,channel_2,1147,0,0
F1,M1,854,f1_out_0,-352,0,0
F1,M1,854,channel_2,1146,0,0
F1,M1,855,f1_out_0,-414,0,0
F1,M1,855,channel_2,1145,0,0
F1,M1,856,f1_out_0,-443,0,0
F1,M1,856,channel_2,1144,0,0
F1,M1,857,f1_out_0,-439,0,0
F1,M1,857,channel_2,1143,0,0
F1,M1,858,f1_out_0,-408,0,0
F1,M1,858,channel_2,1142,0,0
F1,M1,859,f1_out_0,-357,0,0
F1,M1,859,channel_2,1141,0,0
F1,M1,860,f1_out_0,-293,0,0
F1,M1,860,channel_2,1140,0,0
F1,M1,861,f1_out_0,-225,0,0
F1,M1,861,channel_2,1139,0,0
F1,M1,862,f1_out_0,-160,0,0
F1,M1,862,channel_2,1138,0,0
F1,M1,863,f1_out_0,-89,0,0
F1,M1,863,channel_2,1137,0,0
F1,M1,864,f1_out_0,-38,0,0
F1,M1,864,channel_2,1136,0,0
F1,M1,865,f1_out_0,6,0,0
F1,M1,865,channel_2,1135,0,0
F1,M1,866,f1_out_0,57,0,0
F1,M1,866,channel_2,1134,0,0
F1,M1,867,f1_out_0,128,0,0
F1,M1,867,channel_2,1133,0,0
F1,M1,868,f1_out_0,193,0,0
F1,M1,868,channel_2,1132,0,0
F1,M1,869,f1_out_0,261,0,0
F1,M1,869,channel_2,1131,0,0
F1,M1,870,f1_out_0,325,0,0
F1,M1,870,channel_2,1130,0,0
F1,M1,871,f1_out_0,376,0,0
F1,M1,871,channel_2,1129,0,0
F1,M1,872,f1_out_0,407,0,0
F1,M1,872,channel_2,1128,0,0
F1,M1,873,f1_out_0,411,0,0
F1,M1,873,channel_2,1127,0,0
F1,M1,874,f1_out_0,382,0,0
F1,M1,874,channel_2,1126,0,0
F1,M1,875,f1_out_0,320,0,0
F1,M1,875,channel_2,1125,0,0
F1,M1,876,f1_out_0,227,0,0
F1,M1,876,channel_2,1124,0,0
F1,M1,877,f1_out_0,111,0,0
F1,M1,877,channel_2,1123,0,0
F1,M1,878,f1_out_0,-16,0,0
F1,M1,878,channel_2,1122,0,0
F1,M1,879,f1_out_0,-145,0,0
F1,M1,879,channel_2,1121,0,0
F1,M1,880,f1_out_0,-261,0,0
F1,M1,880,channel_2,1120,0,0
F1,M1,881,f1_out_0,-353,0,0
F1,M1,881,channel_2,1119,0,0
F1,M1,882,f1_out_0,-416,0,0
F1,M1,882,channel_2,1118,0,0
F1,M1,883,f1_out_0,-444,0,0
F1,M1,883,channel_2,1117,0,0
F1,M1,884,f1_out_0,-440,0,0
F1,M1,884,channel_2,1116,0,0
F1,M1,885,f1_out_0,-409,0,0
F1,M1,885,channel_2,1115,0,0
F1,M1,886,f1_out_0,-358,0,0
F1,M1,886,channel_2,1114,0,0
F1,M1,887,f1_out_0,-295,0,0
F1,M1,887,channel_2,1113,0,0
F1,M1,888,f1_out_0,-226,0,0
F1,M1,888,channel_2,1112,0,0
F1,M1,889,f1_out_0,-162,0,0
F1,M1,889,channel_2,1111,0,0
F1,M1,890,f1_out_0,-91,0,0
F1,M1,890,channel_2,1110,0,0
F1,M1,891,f1_out_0,-40,0,0
F1,M1,891,channel_2,1109,0,0
F1,M1,892,f1_out_0,5,0,0
F1,M1,892,channel_2,1108,0,0
F1,M1,893,f1_out_0,56,0,0
F1,M1,893,channel_2,1107,0,0
F1,M1,894,f1_out_0,127,0,0
F1,M1,894,channel_2,1106,0,0
F1,M1,895,f1_out_0,191,0,0
F1,M1,895,channel_2,1105,0,0
F1,M1,896,f1_out_0,260,0,0
F1,M1,896,channel_2,1104,0,0
F1,M1,897,f1_out_0,323,0,0
F1,M1,897,channel_2,1103,0,0
F1,M1,898,f1_out_0,375,0,0
F1,M1,898,channel_2,1102,0,0
F1,M1,899,f1_out_0,406,0,0
F1,M1,899,channel_2,1101,0,0
F1,M1,900,f1_out_0,410,0,0
F1,M1,900,channel_2,1100,0,0
F1,M1,901,f1_out_0,381,0,0
F1,M1,901,channel_2,1099,0,0
F1,M1,902,f1_out_0,319,0,0
F1,M1,902,channel_2,1098,0,0
F1,M1,903,f1_out_0,226,0,0
F1,M1,903,channel_2,1097,0,0
F1,M1,904,f1_out_0,110,0,0
F1,M1,904,channel_2,1096,0,0
F1,M1,905,f1_out_0,-17,0,0
F1,M1,905,channel_2,1095,0,0
F1,M1,906,f1_out_0,-146,0,0
F1,M1,906,channel_2,1094,0,0
F1,M1,907,f1_out_0,-262,0,0
F1,M1,907,channel_2,1093,0,0
F1,M1,908,f1_out_0,-355,0,0
F1,M1,908,channel_2,1092,0,0
F1,M1,909,f1_out_0,-417,0,0
F1,M1,909,channel_2,1091,0,0
F1,M1,910,f1_out_0,-445,0,0
F1,M1,910,channel_2,1090,0,0
F1,M1,911,f1_out_0,-442,0,0
F1,M1,911,channel_2,1089,0,0
F1,M1,912,f1_out_0,-410,0,0
F1,M1,912,channel_2,1088,0,0
F1,M1,913,f1_out_0,-359,0,0
F1,M1,913,channel_2,1087,0,0
F1,M1,914,f1_out_0,-296,0,0
F1,M1,914,channel_2,1086,0,0
F1,M1,915,f1_out_0,-227,0,0
F1,M1,915,channel_2,1085,0,0
F1,M1,916,f1_out_0,-163,0,0
F1,M1,916,channel_2,1084,0,0
F1,M1,917,f1_out_0,-92,0,0
F1,M1,917,channel_2,1083,0,0
F1,M1,918,f1_out_0,-41,0,0
F1,M1,918,channel_2,1082,0,0
F1,M1,919,f1_out_0,4,0,0
F1,M1,919,channel_2,1081,0,0
F1,M1,920,f1_out_0,55,0,0
F1,M1,920,channel_2,1080,0,0
F1,M1,921,f1_out_0,126,0,0
F1,M1,921,channel_2,1079,0,0
F1,M1,922,f1_out_0,190,0,0
F1,M1,922,channel_2,1078,0,0
F1,M1,923,f1_out_0,259,0,0
F1,M1,923,channel_2,1077,0,0
F1,M1,924,f1_out_0,322,0,0
F1,M1,924,channel_2,1076,0,0
F1,M1,925,f1_out_0,374,0,0
F1,M1,925,channel_2,1075,0,0
F1,M1,926,f1_out_0,405,0,0
F1,M1,926,channel_2,1074,0,0
F1,M1,927,f1_out_0,408,0,0
F1,M1,927,channel_2,1073,0,0
F1,M1,928,f1_out_0,380,0,0
F1,M1,928,channel_2,1072,0,0
F1,M1,929,f1_out_0,318,0,0
F1,M1,929,channel_2,1071,0,0
F1,M1,930,f1_out_0,225,0,0
F1,M1,930,channel_2,1070,0,0
F1,M1,931,f1_out_0,109,0,0
F1,M1,931,channel_2,1069,0,0
F1,M1,932,f1_out_0,-19,0,0
F1,M1,932,channel_2,1068,0,0
F1,M1,933,f1_out_0,-147,0,0
F1,M1,933,channel_2,1067,0,0
F1,M1,934,f1_out_0,-263,0,0
F1,M1,934,channel_2,1066,0,0
F1,M1,935,f1_out_0,-356,0,0
F1,M1,935,channel_2,1065,0,0
F1,M1,936,f1_out_0,-418,0,0
F1,M1,936,channel_2,1064,0,0
F1,M1,937,f1_out_0,-447,0,0
F1,M1,937,channel_2,1063,0,0
F1,M1,938,f1_out_0,-443,0,0
F1,M1,938,channel_2,1062,0,0
F1,M1,939,f1_out_0,-412,0,0
F1,M1,939,channel_2,1061,0,0
F1,M1,940,f1_out_0,-360,0,0
F1,M1,940,channel_2,1060,0,0
F1,M1,941,f1_out_0,-297,0,0
F1,M1,941,channel_2,1059,0,0
F1,M1,942,f1_out_0,-228,0,0
F1,M1,942,channel_2,1058,0,0
F1,M1,943,f1_out_0,-164,0,0
F1,M1,943,channel_2,1057,0,0
F1,M1,944,f1_out_0,-93,0,0
F1,M1,944,channel_2,1056,0,0
F1,M1,945,f1_out_0,-42,0,0
F1,M1,945,channel_2,1055,0,0
F1,M1,946,f1_out_0,3,0,0
F1,M1,946,channel_2,1054,0,0
F1,M1,947,f1_out_0,54,0,0
F1,M1,947,channel_2,1053,0,0
F1,M1,948,f1_out_0,125,0,0
F1,M1,948,channel_2,1052,0,0
F1,M1,949,f1_out_0,189,0,0
F1,M1,949,channel_2,1051,0,0
F1,M1,950,f1_out_0,258,0,0
F1,M1,950,channel_2,1050,0,0
F1,M1,951,f1_out_0,321,0,0
F1,M1,951,channel_2,1049,0,0
F1,M1,952,f1_out_0,372,0,0
F1,M1,952,channel_2,1048,0,0
F1,M1,953,f1_out_0,403,0,0
F1,M1,953,channel_2,1047,0,0
F1,M1,954,f1_out_0,407,0,0
F1,M1,954,channel_2,1046,0,0
F1,M1,955,f1_out_0,379,0,0
F1,M1,955,channel_2,1045,0,0
F1,M1,956,f1_out_0,316,0,0
F1,M1,956,channel_2,1044,0,0
F1,M1,957,f1_out_0,224,0,0
F1,M1,957,channel_2,1043,0,0
F1,M1,958,f1_out_0,108,0,0
F1,M1,958,channel_2,1042,0,0
F1,M1,959,f1_out_0,-20,0,0
F1,M1,959,channel_2,1041,0,0
F1,M1,960,f1_out_0,-148,0,0
F1,M1,960,channel_2,1040,0,0
F1,M1,961,f1_out_0,-264,0,0
F1,M1,961,channel_2,1039,0,0
F1,M1,962,f1_out_0,-357,0,0
F1,M1,962,channel_2,1038,0,0
F1,M1,963,f1_out_0,-419,0,0
F1,M1,963,channel_2,1037,0,0
F1,M1,964,f1_out_0,-448,0,0
F1,M1,964,channel_2,1036,0,0
F1,M1,965,f1_out_0,-444,0,0
F1,M1,965,channel_2,1035,0,0
F1,M1,966,f1_out_0,-413,0,0
F1,M1,966,channel_2,1034,0,0
F1,M1,967,f1_out_0,-362,0,0
F1,M1,967,channel_2,1033,0,0
F1,M1,968,f1_out_0,-298,0,0
F1,M1,968,channel_2,1032,0,0
F1,M1,969,f1_out_0,-230,0,0
F1,M1,969,channel_2,1031,0,0
F1,M1,970,f1_out_0,-165,0,0
F1,M1,970,channel_2,1030,0,0
F1,M1,971,f1_out_0,-94,0,0
F1,M1,971,channel_2,1029,0,0
F1,M1,972,f1_out_0,-43,0,0
F1,M1,972,channel_2,1028,0,0
F1,M1,973,f1_out_0,1,0,0
F1,M1,973,channel_2,1027,0,0
F1,M1,974,f1_out_0,52,0,0
F1,M1,974,channel_2,1026,0,0
F1,M1,975,f1_out_0,123,0,0
F1,M1,975,channel_2,1025,0,0
F1,M1,976,f1_out_0,188,0,0
F1,M1,976,channel_2,1024,0,0
F1,M1,977,f1_out_0,256,0,0
F1,M1,977,channel_2,1023,0,0
F1,M1,978,f1_out_0,320,0,0
F1,M1,978,channel_2,1022,0,0
F1,M1,979,f1_out_0,371,0,0
F1,M1,979,channel_2,1021,0,0
F1,M1,980,f1_out_0,402,0,0
F1,M1,980,channel_2,1020,0,0
F1,M1,981,f1_out_0,406,0,0
F1,M1,981,channel_2,1019,0,0
F1,M1,982,f1_out_0,377,0,0
F1,M1,982,channel_2,1018,0,0
F1,M1,983,f1_out_0,315,0,0
F1,M1,983,channel_2,1017,0,0
F1,M1,984,f1_out_0,223,0,0
F1,M1,984,channel_2,1016,0,0
F1,M1,985,f1_out_0,107,0,0
F1,M1,985,channel_2,1015,0,0
F1,M1,986,f1_out_0,-21,0,0
F1,M1,986,channel_2,1014,0,0
F1,M1,987,f1_out_0,-150,0,0
F1,M1,987,channel_2,1013,0,0
F1,M1,988,f1_out_0,-266,0,0
F1,M1,988,channel_2,1012,0,0
F1,M1,989,f1_out_0,-358,0,0
F1,M1,989,channel_2,1011,0,0
F1,M1,990,f1_out_0,-421,0,0
F1,M1,990,channel_2,1010,0,0
F1,M1,991,f1_out_0,-449,0,0
F1,M1,991,channel_2,1009,0,0
F1,M1,992,f1_out_0,-445,0,0
F1,M1,992,channel_2,1008,0,0
F1,M1,993,f1_out_0,-414,0,0
F1,M1,993,channel_2,1007,0,0
F1,M1,994,f1_out_0,-363,0,0
F1,M1,994,channel_2,1006,0,0
F1,M1,995,f1_out_0,-299,0,0
F1,M1,995,channel_2,1005,0,0
F1,M1,996,f1_out_0,-231,0,0
F1,M1,996,channel_2,1004,0,0
F1,M1,997,f1_out_0,-167,0,0
F1,M1,997,channel_2,1003,0,0
F1,M1,998,f1_out_0,-95,0,0
F1,M1,998,channel_2,1002,0,0
F1,M1,999,f1_out_0,-44,0,0
F1,M1,999,channel_2,1001,0,0
F1,M1,1000,f1_out_0,0,0,0
F1,M1,1000,channel_2,1000,0,0
F1,M1,1001,f1_out_0,51,0,0
F1,M1,1001,channel_2,999,0,0
F1,M1,1002,f1_out_0,122,0,0
F1,M1,1002,channel_2,998,0,0
F1,M1,1003,f1_out_0,187,0,0
F1,M1,1003,channel_2,997,0,0
F1,M1,1004,f1_out_0,255,0,0
F1,M1,1004,channel_2,996,0,0
F1,M1,1005,f1_out_0,318,0,0
F1,M1,1005,channel_2,995,0,0
F1,M1,1006,f1_out_0,370,0,0
F1,M1,1006,channel_2,994,0,0
F1,M1,1007,f1_out_0,401,0,0
F1,M1,1007,channel_2,993,0,0
F1,M1,1008,f1_out_0,405,0,0
F1,M1,1008,channel_2,992,0,0
F1,M1,1009,f1_out_0,376,0,0
F1,M1,1009,channel_2,991,0,0
F1,M1,1010,f1_out_0,314,0,0
F1,M1,1010,channel_2,990,0,0
F1,M1,1011,f1_out_0,221,0,0
F1,M1,1011,channel_2,989,0,0
F1,M1,1012,f1_out_0,105,0,0
F1,M1,1012,channel_2,988,0,0
F1,M1,1013,f1_out_0,-22,0,0
F1,M1,1013,channel_2,987,0,0
F1,M1,1014,f1_out_0,-151,0,0
F1,M1,1014,channel_2,986,0,0
F1,M1,1015,f1_out_0,-267,0,0
F1,M1,1015,channel_2,985,0,0
F1,M1,1016,f1_out_0,-360,0,0
F1,M1,1016,channel_2,984,0,0
F1,M1,1017,f1_out_0,-422,0,0
F1,M1,1017,channel_2,983,0,0
F1,M1,1018,f1_out_0,-450,0,0
F1,M1,1018,channel_2,982,0,0
F1,M1,1019,f1_out_0,-447,0,0
F1,M1,1019,channel_2,981,0,0
F1,M1,1020,f1_out_0,-415,0,0
F1,M1,1020,channel_2,980,0,0
F1,M1,1021,f1_out_0,-364,0,0
F1,M1,1021,channel_2,979,0,0
F1,M1,1022,f1_out_0,-301,0,0
F1,M1,1022,channel_2,978,0,0
F1,M1,1023,f1_out_0,-232,0,0
F1,M1,1023,channel_2,977,0,0
F1,M1,1024,f1_out_0,-168,0,0
F1,M1,1024,channel_2,976,0,0
F1,M1,1025,f1_out_0,-97,0,0
F1,M1,1025,channel_2,975,0,0
F1,M1,1026,f1_out_0,-46,0,0
F1,M1,1026,channel_2,974,0,0
F1,M1,1027,f1_out_0,0,0,0
F1,M1,1027,channel_2,973,0,0
F1,M1,1028,f1_out_0,44,0,0
F1,M1,1028,channel_2,972,0,0
F1,M1,1029,f1_out_0,95,0,0
F1,M1,1029,channel_2,971,0,0
F1,M1,1030,f1_out_0,167,0,0
F1,M1,1030,channel_2,970,0,0
F1,M1,1031,f1_out_0,231,0,0
F1,M1,1031,channel_2,969,0,0
F1,M1,1032,f1_out_0,299,0,0
F1,M1,1032,channel_2,968,0,0
F1,M1,1033,f1_out_0,363,0,0
F1,M1,1033,channel_2,967,0,0
F1,M1,1034,f1_out_0,414,0,0
F1,M1,1034,channel_2,966,0,0
F1,M1,1035,f1_out_0,445,0,0
F1,M1,1035,channel_2,965,0,0
F1,M1,1036,f1_out_0,449,0,0
F1,M1,1036,channel_2,964,0,0
F1,M1,1037,f1_out_0,421,0,0
F1,M1,1037,channel_2,963,0,0
F1,M1,1038,f1_out_0,358,0,0
F1,M1,1038,channel_2,962,0,0
F1,M1,1039,f1_out_0,266,0,0
F1,M1,1039,channel_2,961,0,0
F1,M1,1040,f1_out_0,150,0,0
F1,M1,1040,channel_2,960,0,0
F1,M1,1041,f1_out_0,21,0,0
F1,M1,1041,channel_2,959,0,0
F1,M1,1042,f1_out_0,-107,0,0
F1,M1,1042,channel_2,958,0,0
F1,M1,1043,f1_out_0,-223,0,0
F1,M1,1043,channel_2,957,0,0
F1,M1,1044,f1_out_0,-315,0,0
F1,M1,1044,channel_2,956,0,0
F1,M1,1045,f1_out_0,-377,0,0
F1,M1,1045,channel_2,955,0,0
F1,M1,1046,f1_out_0,-406,0,0
F1,M1,1046,channel_2,954,0,0
F1,M1,1047,f1_out_0,-402,0,0
F1,M1,1047,channel_2,953,0,0
F1,M1,1048,f1_out_0,-371,0,0
F1,M1,1048,channel_2,952,0,0
F1,M1,1049,f1_out_0,-320,0,0
F1,M1,1049,channel_2,951,0,0
F1,M1,1050,f1_out_0,-256,0,0
F1,M1,1050,channel_2,950,0,0
F1,M1,1051,f1_out_0,-188,0,0
F1,M1,1051,channel_2,949,0,0
F1,M1,1052,f1_out_0,-123,0,0
F1,M1,1052,channel_2,948,0,0
F1,M1,1053,f1_out_0,-52,0,0
F1,M1,1053,channel_2,947,0,0
F1,M1,1054,f1_out_0,-1,0,0
F1,M1,1054,channel_2,946,0,0
F1,M1,1055,f1_out_0,43,0,0
F1,M1,1055,channel_2,945,0,0
F1,M1,1056,f1_out_0,94,0,0
F1,M1,1056,channel_2,944,0,0
F1,M1,1057,f1_out_0,165,0,0
F1,M1,1057,channel_2,943,0,0
F1,M1,1058,f1_out_0,230,0,0
F1,M1,1058,channel_2,942,0,0
F1,M1,1059,f1_out_0,298,0,0
F1,M1,1059,channel_2,941,0,0
F1,M1,1060,f1_out_0,362,0,0
F1,M1,1060,channel_2,940,0,0
F1,M1,1061,f1_out_0,413,0,0
F1,M1,1061,channel_2,939,0,0
F1,M1,1062,f1_out_0,444,0,0
F1,M1,1062,channel_2,938,0,0
F1,M1,1063,f1_out_0,448,0,0
F1,M1,1063,channel_2,937,0,0
F1,M1,1064,f1_out_0,419,0,0
F1,M1,1064,channel_2,936,0,0
F1,M1,1065,f1_out_0,357,0,0
F1,M1,1065,channel_2,935,0,0
F1,M1,1066,f1_out_0,264,0,0
F1,M1,1066,channel_2,934,0,0
F1,M1,1067,f1_out_0,148,0,0
F1,M1,1067,channel_2,933,0,0
F1,M1,1068,f1_out_0,20,0,0
F1,M1,1068,channel_2,932,0,0
F1,M1,1069,f1_out_0,-108,0,0
F1,M1,1069,channel_2,931,0,0
F1,M1,1070,f1_out_0,-224,0,0
F1,M1,1070,channel_2,930,0,0
F1,M1,1071,f1_out_0,-316,0,0
F1,M1,1071,channel_2,929,0,0
F1,M1,1072,f1_out_0,-379,0,0
F1,M1,1072,channel_2,928,0,0
F1,M1,1073,f1_out_0,-407,0,0
F1,M1,1073,channel_2,927,0,0
F1,M1,1074,f1_out_0,-403,0,0
F1,M1,1074,channel_2,926,0,0
F1,M1,1075,f1_out_0,-372,0,0
F1,M1,1075,channel_2,925,0,0
F1,M1,1076,f1_out_0,-321,0,0
F1,M1,1076,channel_2,924,0,0
F1,M1,1077,f1_out_0,-258,0,0
F1,M1,1077,channel_2,923,0,0
F1,M1,1078,f1_out_0,-189,0,0
F1,M1,1078,channel_2,922,0,0
F1,M1,1079,f1_out_0,-125,0,0
F1,M1,1079,channel_2,921,0,0
F1,M1,1080,f1_out_0,-54,0,0
F1,M1,1080,channel_2,920,0,0
F1,M1,1081,f1_out_0,-3,0,0
F1,M1,1081,channel_2,919,0,0
F1,M1,1082,f1_out_0,42,0,0
F1,M1,1082,channel_2,918,0,0
F1,M1,1083,f1_out_0,93,0,0
F1,M1,1083,channel_2,917,0,0
F1,M1,1084,f1_out_0,164,0,0
F1,M1,1084,channel_2,916,0,0
F1,M1,1085,f1_out_0,228,0,0
F1,M1,1085,channel_2,915,0,0
F1,M1,1086,f1_out_0,297,0,0
F1,M1,1086,channel_2,914,0,0
F1,M1,1087,f1_out_0,360,0,0
F1,M1,1087,channel_2,913,0,0
F1,M1,1088,f1_out_0,412,0,0
F1,M1,1088,channel_2,912,0,0
F1,M1,1089,f1_out_0,443,0,0
F1,M1,1089,channel_2,911,0,0
F1,M1,1090,f1_out_0,447,0,0
F1,M1,1090,channel_2,910,0,0
F1,M1,1091,f1_out_0,418,0,0
F1,M1,1091,channel_2,909,0,0
F1,M1,1092,f1_out_0,356,0,0
F1,M1,1092,channel_2,908,0,0
F1,M1,1093,f1_out_0,263,0,0
F1,M1,1093,channel_2,907,0,0
F1,M1,1094,f1_out_0,147,0,0
F1,M1,1094,channel_2,906,0,0
F1,M1,1095,f1_out_0,19,0,0
F1,M1,1095,channel_2,905,0,0
F1,M1,1096,f1_out_0,-109,0,0
F1,M1,1096,channel_2,904,0,0
F1,M1,1097,f1_out_0,-225,0,0
F1,M1,1097,channel_2,903,0,0
F1,M1,1098,f1_out_0,-318,0,0
F1,M1,1098,channel_2,902,0,0
F1,M1,1099,f1_out_0,-380,0,0
F1,M1,1099,channel_2,901,0,0
F1,M1,1100,f1_out_0,-408,0,0
F1,M1,1100,channel_2,900,0,0
F1,M1,1101,f1_out_0,-405,0,0
F1,M1,1101,channel_2,899,0,0
F1,M1,1102,f1_out_0,-374,0,0
F1,M1,1102,channel_2,898,0,0
F1,M1,1103,f1_out_0,-322,0,0
F1,M1,1103,channel_2,897,0,0
F1,M1,1104,f1_out_0,-259,0,0
F1,M1,1104,channel_2,896,0,0
F1,M1,1105,f1_out_0,-190,0,0
F1,M1,1105,channel_2,895,0,0
F1,M1,1106,f1_out_0,-126,0,0
F1,M1,1106,channel_2,894,0,0
F1,M1,1107,f1_out_0,-55,0,0
F1,M1,1107,channel_2,893,0,0
F1,M1,1108,f1_out_0,-4,0,0
F1,M1,1108,channel_2,892,0,0
F1,M1,1109,f1_out_0,41,0,0
F1,M1,1109,channel_2,891,0,0
F1,M1,1110,f1_out_0,92,0,0
F1,M1,1110,channel_2,890,0,0
F1,M1,1111,f1_out_0,163,0,0
F1,M1,1111,channel_2,889,0,0
F1,M1,1112,f1_out_0,227,0,0
F1,M1,1112,channel_2,888,0,0
F1,M1,1113,f1_out_0,296,0,0
F1,M1,1113,channel_2,887,0,0
F1,M1,1114,f1_out_0,359,0,0
F1,M1,1114,channel_2,886,0,0
F1,M1,1115,f1_out_0,410,0,0
F1,M1,1115,channel_2,885,0,0
F1,M1,1116,f1_out_0,442,0,0
F1,M1,1116,channel_2,884,0,0
F1,M1,1117,f1_out_0,445,0,0
F1,M1,1117,channel_2,883,0,0
F1,M1,1118,f1_out_0,417,0,0
F1,M1,1118,channel_2,882,0,0
F1,M1,1119,f1_out_0,355,0,0
F1,M1,1119,channel_2,881,0,0
F1,M1,1120,f1_out_0,262,0,0
F1,M1,1120,channel_2,880,0,0
F1,M1,1121,f1_out_0,146,0,0
F1,M1,1121,channel_2,879,0,0
F1,M1,1122,f1_out_0,17,0,0
F1,M1,1122,channel_2,878,0,0
F1,M1,1123,f1_out_0,-110,0,0
F1,M1,1123,channel_2,877,0,0
F1,M1,1124,f1_out_0,-226,0,0
F1,M1,1124,channel_2,876,0,0
F1,M1,1125,f1_out_0,-319,0,0
F1,M1,1125,channel_2,875,0,0
F1,M1,1126,f1_out_0,-381,0,0
F1,M1,1126,channel_2,874,0,0
F1,M1,1127,f1_out_0,-410,0,0
F1,M1,1127,channel_2,873,0,0
F1,M1,1128,f1_out_0,-406,0,0
F1,M1,1128,channel_2,872,0,0
F1,M1,1129,f1_out_0,-375,0,0
F1,M1,1129,channel_2,871,0,0
F1,M1,1130,f1_out_0,-323,0,0
F1,M1,1130,channel_2,870,0,0
F1,M1,1131,f1_out_0,-260,0,0
F1,M1,1131,channel_2,869,0,0
F1,M1,1132,f1_out_0,-191,0,0
F1,M1,1132,channel_2,868,0,0
F1,M1,1133,f1_out_0,-127,0,0
F1,M1,1133,channel_2,867,0,0
F1,M1,1134,f1_out_0,-56,0,0
F1,M1,1134,channel_2,866,0,0
F1,M1,1135,f1_out_0,-5,0,0
F1,M1,1135,channel_2,865,0,0
F1,M1,1136,f1_out_0,40,0,0
F1,M1,1136,channel_2,864,0,0
F1,M1,1137,f1_out_0,91,0,0
F1,M1,1137,channel_2,863,0,0
F1,M1,1138,f1_out_0,162,0,0
F1,M1,1138,channel_2,862,0,0
F1,M1,1139,f1_out_0,226,0,0
F1,M1,1139,channel_2,861,0,0
F1,M1,1140,f1_out_0,295,0,0
F1,M1,1140,channel_2,860,0,0
F1,M1,1141,f1_out_0,358,0,0
F1,M1,1141,channel_2,859,0,0
F1,M1,1142,f1_out_0,409,0,0
F1,M1,1142,channel_2,858,0,0
F1,M1,1143,f1_out_0,440,0,0
F1,M1,1143,channel_2,857,0,0
F1,M1,1144,f1_out_0,444,0,0
F1,M1,1144,channel_2,856,0,0
F1,M1,1145,f1_out_0,416,0,0
F1,M1,1145,channel_2,855,0,0
F1,M1,1146,f1_out_0,353,0,0
F1,M1,1146,channel_2,854,0,0
F1,M1,1147,f1_out_0,261,0,0
F1,M1,1147,channel_2,853,0,0
F1,M1,1148,f1_out_0,145,0,0
F1,M1,1148,channel_2,852,0,0
F1,M1,1149,f1_out_0,16,0,0
F1,M1,1149,channel_2,851,0,0
F1,M1,1150,f1_out_0,-111,0,0
F1,M1,1150,channel_2,850,0,0
F1,M1,1151,f1_out_0,-227,0,0
F1,M1,1151,channel_2,849,0,0
F1,M1,1152,f1_out_0,-320,0,0
F1,M1,1152,channel_2,848,0,0
F1,M1,1153,f1_out_0,-382,0,0
F1,M1,1153,channel_2,847,0,0
F1,M1,1154,f1_out_0,-411,0,0
F1,M1,1154,channel_2,846,0,0
F1,M1,1155,f1_out_0,-407,0,0
F1,M1,1155,channel_2,845,0,0
F1,M1,1156,f1_out_0,-376,0,0
F1,M1,1156,channel_2,844,0,0
F1,M1,1157,f1_out_0,-325,0,0
F1,M1,1157,channel_2,843,0,0
F1,M1,1158,f1_out_0,-261,0,0
F1,M1,1158,channel_2,842,0,0
F1,M1,1159,f1_out_0,-193,0,0
F1,M1,1159,channel_2,841,0,0
F1,M1,1160,f1_out_0,-128,0,0
F1,M1,1160,channel_2,840,0,0
F1,M1,1161,f1_out_0,-57,0,0
F1,M1,1161,channel_2,839,0,0
F1,M1,1162,f1_out_0,-6,0,0
F1,M1,1162,channel_2,838,0,0
F1,M1,1163,f1_out_0,38,0,0
F1,M1,1163,channel_2,837,0,0
F1,M1,1164,f1_out_0,89,0,0
F1,M1,1164,channel_2,836,0,0
F1,M1,1165,f1_out_0,160,0,0
F1,M1,1165,channel_2,835,0,0
F1,M1,1166,f1_out_0,225,0,0
F1,M1,1166,channel_2,834,0,0
F1,M1,1167,f1_out_0,293,0,0
F1,M1,1167,channel_2,833,0,0
F1,M1,1168,f1_out_0,357,0,0
F1,M1,1168,channel_2,832,0,0
F1,M1,1169,f1_out_0,408,0,0
F1,M1,1169,channel_2,831,0,0
F1,M1,1170,f1_out_0,439,0,0
F1,M1,1170,channel_2,830,0,0
F1,M1,1171,f1_out_0,443,0,0
F1,M1,1171,channel_2,829,0,0
F1,M1,1172,f1_out_0,414,0,0
F1,M1,1172,channel_2,828,0,0
F1,M1,1173,f1_out_0,352,0,0
F1,M1,1173,channel_2,827,0,0
F1,M1,1174,f1_out_0,259,0,0
F1,M1,1174,channel_2,826,0,0
F1,M1,1175,f1_out_0,143,0,0
F1,M1,1175,channel_2,825,0,0
F1,M1,1176,f1_out_0,15,0,0
F1,M1,1176,channel_2,824,0,0
F1,M1,1177,f1_out_0,-113,0,0
F1,M1,1177,channel_2,823,0,0
F1,M1,1178,f1_out_0,-229,0,0
F1,M1,1178,channel_2,822,0,0
F1,M1,1179,f1_out_0,-321,0,0
F1,M1,1179,channel_2,821,0,0
F1,M1,1180,f1_out_0,-384,0,0
F1,M1,1180,channel_2,820,0,0
F1,M1,1181,f1_out_0,-412,0,0
F1,M1,1181,channel_2,819,0,0
F1,M1,1182,f1_out_0,-408,0,0
F1,M1,1182,channel_2,818,0,0
F1,M1,1183,f1_out_0,-377,0,0
F1,M1,1183,channel_2,817,0,0
F1,M1,1184,f1_out_0,-326,0,0
F1,M1,1184,channel_2,816,0,0
F1,M1,1185,f1_out_0,-262,0,0
F1,M1,1185,channel_2,815,0,0
F1,M1,1186,f1_out_0,-194,0,0
F1,M1,1186,channel_2,814,0,0
F1,M1,1187,f1_out_0,-130,0,0
F1,M1,1187,channel_2,813,0,0
F1,M1,1188,f1_out_0,-59,0,0
F1,M1,1188,channel_2,812,0,0
F1,M1,1189,f1_out_0,-8,0,0
F1,M1,1189,channel_2,811,0,0
F1,M1,1190,f1_out_0,37,0,0
F1,M1,1190,channel_2,810,0,0
F1,M1,1191,f1_out_0,88,0,0
F1,M1,1191,channel_2,809,0,0
F1,M1,1192,f1_out_0,159,0,0
F1,M1,1192,channel_2,808,0,0
F1,M1,1193,f1_out_0,224,0,0
F1,M1,1193,channel_2,807,0,0
F1,M1,1194,f1_out_0,292,0,0
F1,M1,1194,channel_2,806,0,0
F1,M1,1195,f1_out_0,355,0,0
F1,M1,1195,channel_2,805,0,0
F1,M1,1196,f1_out_0,407,0,0
F1,M1,1196,channel_2,804,0,0
F1,M1,1197,f1_out_0,438,0,0
F1,M1,1197,channel_2,803,0,0
F1,M1,1198,f1_out_0,442,0,0
F1,M1,1198,channel_2,802,0,0
F1,M1,1199,f1_out_0,413,0,0
F1,M1,1199,channel_2,801,0,0
F1,M1,1200,f1_out_0,351,0,0
F1,M1,1200,channel_2,800,0,0
F1,M1,1201,f1_out_0,258,0,0
F1,M1,1201,channel_2,799,0,0
F1,M1,1202,f1_out_0,142,0,0
F1,M1,1202,channel_2,798,0,0
F1,M1,1203,f1_out_0,14,0,0
F1,M1,1203,channel_2,797,0,0
F1,M1,1204,f1_out_0,-114,0,0
F1,M1,1204,channel_2,796,0,0
F1,M1,1205,f1_out_0,-230,0,0
F1,M1,1205,channel_2,795,0,0
F1,M1,1206,f1_out_0,-323,0,0
F1,M1,1206,channel_2,794,0,0
F1,M1,1207,f1_out_0,-385,0,0
F1,M1,1207,channel_2,793,0,0
F1,M1,1208,f1_out_0,-413,0,0
F1,M1,1208,channel_2,792,0,0
F1,M1,1209,f1_out_0,-410,0,0
F1,M1,1209,channel_2,791,0,0
F1,M1,1210,f1_out_0,-378,0,0
F1,M1,1210,channel_2,790,0,0
F1,M1,1211,f1_out_0,-327,0,0
F1,M1,1211,channel_2,789,0,0
F1,M1,1212,f1_out_0,-264,0,0
F1,M1,1212,channel_2,788,0,0
F1,M1,1213,f1_out_0,-195,0,0
F1,M1,1213,channel_2,787,0,0
F1,M1,1214,f1_out_0,-131,0,0
F1,M1,1214,channel_2,786,0,0
F1,M1,1215,f1_out_0,-60,0,0
F1,M1,1215,channel_2,785,0,0
F1,M1,1216,f1_out_0,-9,0,0
F1,M1,1216,channel_2,784,0,0
F1,M1,1217,f1_out_0,36,0,0
F1,M1,1217,channel_2,783,0,0
F1,M1,1218,f1_out_0,87,0,0
F1,M1,1218,channel_2,782,0,0
F1,M1,1219,f1_out_0,158,0,0
F1,M1,1219,channel_2,781,0,0
F1,M1,1220,f1_out_0,222,0,0
F1,M1,1220,channel_2,780,0,0
F1,M1,1221,f1_out_0,291,0,0
F1,M1,1221,channel_2,779,0,0
F1,M1,1222,f1_out_0,354,0,0
F1,M1,1222,channel_2,778,0,0
F1,M1,1223,f1_out_0,406,0,0
F1,M1,1223,channel_2,777,0,0
F1,M1,1224,f1_out_0,437,0,0
F1,M1,1224,channel_2,776,0,0
F1,M1,1225,f1_out_0,441,0,0
F1,M1,1225,channel_2,775,0,0
F1,M1,1226,f1_out_0,412,0,0
F1,M1,1226,channel_2,774,0,0
F1,M1,1227,f1_out_0,350,0,0
F1,M1,1227,channel_2,773,0,0
F1,M1,1228,f1_out_0,257,0,0
F1,M1,1228,channel_2,772,0,0
F1,M1,1229,f1_out_0,141,0,0
F1,M1,1229,channel_2,771,0,0
F1,M1,1230,f1_out_0,12,0,0
F1,M1,1230,channel_2,770,0,0
F1,M1,1231,f1_out_0,-115,0,0
F1,M1,1231,channel_2,769,0,0
F1,M1,1232,f1_out_0,-231,0,0
F1,M1,1232,channel_2,768,0,0
F1,M1,1233,f1_out_0,-324,0,0
F1,M1,1233,channel_2,767,0,0
F1,M1,1234,f1_out_0,-386,0,0
F1,M1,1234,channel_2,766,0,0
F1,M1,1235,f1_out_0,-415,0,0
F1,M1,1235,channel_2,765,0,0
F1,M1,1236,f1_out_0,-411,0,0
F1,M1,1236,channel_2,764,0,0
F1,M1,1237,f1_out_0,-380,0,0
F1,M1,1237,channel_2,763,0,0
F1,M1,1238,f1_out_0,-328,0,0
F1,M1,1238,channel_2,762,0,0
F1,M1,1239,f1_out_0,-265,0,0
F1,M1,1239,channel_2,761,0,0
F1,M1,1240,f1_out_0,-196,0,0
F1,M1,1240,channel_2,760,0,0
F1,M1,1241,f1_out_0,-132,0,0
F1,M1,1241,channel_2,759,0,0
F1,M1,1242,f1_out_0,-61,0,0
F1,M1,1242,channel_2,758,0,0
F1,M1,1243,f1_out_0,-10,0,0
F1,M1,1243,channel_2,757,0,0
F1,M1,1244,f1_out_0,35,0,0
F1,M1,1244,channel_2,756,0,0
F1,M1,1245,f1_out_0,86,0,0
F1,M1,1245,channel_2,755,0,0
F1,M1,1246,f1_out_0,157,0,0
F1,M1,1246,channel_2,754,0,0
F1,M1,1247,f1_out_0,221,0,0
F1,M1,1247,channel_2,753,0,0
F1,M1,1248,f1_out_0,290,0,0
F1,M1,1248,channel_2,752,0,0
F1,M1,1249,f1_out_0,353,0,0
F1,M1,1249,channel_2,751,0,0
F1,M1,1250,f1_out_0,404,0,0
F1,M1,1250,channel_2,750,0,0
F1,M1,1251,f1_out_0,436,0,0
F1,M1,1251,channel_2,749,0,0
F1,M1,1252,f1_out_0,439,0,0
F1,M1,1252,channel_2,748,0,0
F1,M1,1253,f1_out_0,411,0,0
F1,M1,1253,channel_2,747,0,0
F1,M1,1254,f1_out_0,349,0,0
F1,M1,1254,channel_2,746,0,0
F1,M1,1255,f1_out_0,256,0,0
F1,M1,1255,channel_2,745,0,0
F1,M1,1256,f1_out_0,140,0,0
F1,M1,1256,channel_2,744,0,0
F1,M1,1257,f1_out_0,11,0,0
F1,M1,1257,channel_2,743,0,0
F1,M1,1258,f1_out_0,-116,0,0
F1,M1,1258,channel_2,742,0,0
F1,M1,1259,f1_out_0,-232,0,0
F1,M1,1259,channel_2,741,0,0
F1,M1,1260,f1_out_0,-325,0,0
F1,M1,1260,channel_2,740,0,0
F1,M1,1261,f1_out_0,-387,0,0
F1,M1,1261,channel_2,739,0,0
F1,M1,1262,f1_out_0,-416,0,0
F1,M1,1262,channel_2,738,0,0
F1,M1,1263,f1_out_0,-412,0,0
F1,M1,1263,channel_2,737,0,0
F1,M1,1264,f1_out_0,-381,0,0
F1,M1,1264,channel_2,736,0,0
F1,M1,1265,f1_out_0,-329,0,0
F1,M1,1265,channel_2,735,0,0
F1,M1,1266,f1_out_0,-266,0,0
F1,M1,1266,channel_2,734,0,0
F1,M1,1267,f1_out_0,-198,0,0
F1,M1,1267,channel_2,733,0,0
F1,M1,1268,f1_out_0,-133,0,0
F1,M1,1268,channel_2,732,0,0
F1,M1,1269,f1_out_0,-62,0,0
F1,M1,1269,channel_2,731,0,0
F1,M1,1270,f1_out_0,-11,0,0
F1,M1,1270,channel_2,730,0,0
F1,M1,1271,f1_out_0,33,0,0
F1,M1,1271,channel_2,729,0,0
F1,M1,1272,f1_out_0,84,0,0
F1,M1,1272,channel_2,728,0,0
F1,M1,1273,f1_out_0,155,0,0
F1,M1,1273,channel_2,727,0,0
F1,M1,1274,f1_out_0,220,0,0
F1,M1,1274,channel_2,726,0,0
F1,M1,1275,f1_out_0,288,0,0
F1,M1,1275,channel_2,725,0,0
F1,M1,1276,f1_out_0,352,0,0
F1,M1,1276,channel_2,724,0,0
F1,M1,1277,f1_out_0,403,0,0
F1,M1,1277,channel_2,723,0,0
F1,M1,1278,f1_out_0,434,0,0
F1,M1,1278,channel_2,722,0,0
F1,M1,1279,f1_out_0,438,0,0
F1,M1,1279,channel_2,721,0,0
F1,M1,1280,f1_out_0,409,0,0
F1,M1,1280,channel_2,720,0,0
F1,M1,1281,f1_out_0,347,0,0
F1,M1,1281,channel_2,719,0,0
F1,M1,1282,f1_out_0,255,0,0
F1,M1,1282,channel_2,718,0,0
F1,M1,1283,f1_out_0,139,0,0
F1,M1,1283,channel_2,717,0,0
F1,M1,1284,f1_out_0,10,0,0
F1,M1,1284,channel_2,716,0,0
F1,M1,1285,f1_out_0,-118,0,0
F1,M1,1285,channel_2,715,0,0
F1,M1,1286,f1_out_0,-234,0,0
F1,M1,1286,channel_2,714,0,0
F1,M1,1287,f1_out_0,-326,0,0
F1,M1,1287,channel_2,713,0,0
F1,M1,1288,f1_out_0,-389,0,0
F1,M1,1288,channel_2,712,0,0
F1,M1,1289,f1_out_0,-417,0,0
F1,M1,1289,channel_2,711,0,0
F1,M1,1290,f1_out_0,-413,0,0
F1,M1,1290,channel_2,710,0,0
F1,M1,1291,f1_out_0,-382,0,0
F1,M1,1291,channel_2,709,0,0
F1,M1,1292,f1_out_0,-331,0,0
F1,M1,1292,channel_2,708,0,0
F1,M1,1293,f1_out_0,-267,0,0
F1,M1,1293,channel_2,707,0,0
F1,M1,1294,f1_out_0,-199,0,0
F1,M1,1294,channel_2,706,0,0
F1,M1,1295,f1_out_0,-134,0,0
F1,M1,1295,channel_2,705,0,0
F1,M1,1296,f1_out_0,-63,0,0
F1,M1,1296,channel_2,704,0,0
F1,M1,1297,f1_out_0,-12,0,0
F1,M1,1297,channel_2,703,0,0
F1,M1,1298,f1_out_0,32,0,0
F1,M1,1298,channel_2,702,0,0
F1,M1,1299,f1_out_0,83,0,0
F1,M1,1299,channel_2,701,0,0
F1,M1,1300,f1_out_0,154,0,0
F1,M1,1300,channel_2,700,0,0
F1,M1,1301,f1_out_0,219,0,0
F1,M1,1301,channel_2,699,0,0
F1,M1,1302,f1_out_0,287,0,0
F1,M1,1302,channel_2,698,0,0
F1,M1,1303,f1_out_0,350,0,0
F1,M1,1303,channel_2,697,0,0
F1,M1,1304,f1_out_0,402,0,0
F1,M1,1304,channel_2,696,0,0
F1,M1,1305,f1_out_0,433,0,0
F1,M1,1305,channel_2,695,0,0
F1,M1,1306,f1_out_0,437,0,0
F1,M1,1306,channel_2,694,0,0
F1,M1,1307,f1_out_0,408,0,0
F1,M1,1307,channel_2,693,0,0
F1,M1,1308,f1_out_0,346,0,0
F1,M1,1308,channel_2,692,0,0
F1,M1,1309,f1_out_0,253,0,0
F1,M1,1309,channel_2,691,0,0
F1,M1,1310,f1_out_0,137,0,0
F1,M1,1310,channel_2,690,0,0
F1,M1,1311,f1_out_0,9,0,0
F1,M1,1311,channel_2,689,0,0
F1,M1,1312,f1_out_0,-119,0,0
F1,M1,1312,channel_2,688,0,0
F1,M1,1313,f1_out_0,-235,0,0
F1,M1,1313,channel_2,687,0,0
F1,M1,1314,f1_out_0,-328,0,0
F1,M1,1314,channel_2,686,0,0
F1,M1,1315,f1_out_0,-390,0,0
F1,M1,1315,channel_2,685,0,0
F1,M1,1316,f1_out_0,-418,0,0
F1,M1,1316,channel_2,684,0,0
F1,M1,1317,f1_out_0,-415,0,0
F1,M1,1317,channel_2,683,0,0
F1,M1,1318,f1_out_0,-383,0,0
F1,M1,1318,channel_2,682,0,0
F1,M1,1319,f1_out_0,-332,0,0
F1,M1,1319,channel_2,681,0,0
F1,M1,1320,f1_out_0,-269,0,0
F1,M1,1320,channel_2,680,0,0
F1,M1,1321,f1_out_0,-200,0,0
F1,M1,1321,channel_2,679,0,0
F1,M1,1322,f1_out_0,-136,0,0
F1,M1,1322,channel_2,678,0,0
F1,M1,1323,f1_out_0,-65,0,0
F1,M1,1323,channel_2,677,0,0
F1,M1,1324,f1_out_0,-14,0,0
F1,M1,1324,channel_2,676,0,0
F1,M1,1325,f1_out_0,31,0,0
F1,M1,1325,channel_2,675,0,0
F1,M1,1326,f1_out_0,82,0,0
F1,M1,1326,channel_2,674,0,0
F1,M1,1327,f1_out_0,153,0,0
F1,M1,1327,channel_2,673,0,0
F1,M1,1328,f1_out_0,217,0,0
F1,M1,1328,channel_2,672,0,0
F1,M1,1329,f1_out_0,286,0,0
F1,M1,1329,channel_2,671,0,0
F1,M1,1330,f1_out_0,349,0,0
F1,M1,1330,channel_2,670,0,0
F1,M1,1331,f1_out_0,401,0,0
F1,M1,1331,channel_2,669,0,0
F1,M1,1332,f1_out_0,432,0,0
F1,M1,1332,channel_2,668,0,0
F1,M1,1333,f1_out_0,436,0,0
F1,M1,1333,channel_2,667,0,0
F1,M1,1334,f1_out_0,407,0,0
F1,M1,1334,channel_2,666,0,0
F1,M1,1335,f1_out_0,345,0,0
F1,M1,1335,channel_2,665,0,0
F1,M1,1336,f1_out_0,252,0,0
F1,M1,1336,channel_2,664,0,0
F1,M1,1337,f1_out_0,136,0,0
F1,M1,1337,channel_2,663,0,0
F1,M1,1338,f1_out_0,8,0,0
F1,M1,1338,channel_2,662,0,0
F1,M1,1339,f1_out_0,-120,0,0
F1,M1,1339,channel_2,661,0,0
F1,M1,1340,f1_out_0,-236,0,0
F1,M1,1340,channel_2,660,0,0
F1,M1,1341,f1_out_0,-329,0,0
F1,M1,1341,channel_2,659,0,0
F1,M1,1342,f1_out_0,-391,0,0
F1,M1,1342,channel_2,658,0,0
F1,M1,1343,f1_out_0,-420,0,0
F1,M1,1343,channel_2,657,0,0
F1,M1,1344,f1_out_0,-416,0,0
F1,M1,1344,channel_2,656,0,0
F1,M1,1345,f1_out_0,-385,0,0
F1,M1,1345,channel_2,655,0,0
F1,M1,1346,f1_out_0,-333,0,0
F1,M1,1346,channel_2,654,0,0
F1,M1,1347,f1_out_0,-270,0,0
F1,M1,1347,channel_2,653,0,0
F1,M1,1348,f1_out_0,-201,0,0
F1,M1,1348,channel_2,652,0,0
F1,M1,1349,f1_out_0,-137,0,0
F1,M1,1349,channel_2,651,0,0
F1,M1,1350,f1_out_0,-66,0,0
F1,M1,1350,channel_2,650,0,0
F1,M1,1351,f1_out_0,-15,0,0
F1,M1,1351,channel_2,649,0,0
F1,M1,1352,f1_out_0,30,0,0
F1,M1,1352,channel_2,648,0,0
F1,M1,1353,f1_out_0,81,0,0
F1,M1,1353,channel_2,647,0,0
F1,M1,1354,f1_out_0,152,0,0
F1,M1,1354,channel_2,646,0,0
F1,M1,1355,f1_out_0,216,0,0
F1,M1,1355,channel_2,645,0,0
F1,M1,1356,f1_out_0,285,0,0
F1,M1,1356,channel_2,644,0,0
F1,M1,1357,f1_out_0,348,0,0
F1,M1,1357,channel_2,643,0,0
F1,M1,1358,f1_out_0,399,0,0
F1,M1,1358,channel_2,642,0,0
F1,M1,1359,f1_out_0,431,0,0
F1,M1,1359,channel_2,641,0,0
F1,M1,1360,f1_out_0,434,0,0
F1,M1,1360,channel_2,640,0,0
F1,M1,1361,f1_out_0,406,0,0
F1,M1,1361,channel_2,639,0,0
F1,M1,1362,f1_out_0,344,0,0
F1,M1,1362,channel_2,638,0,0
F1,M1,1363,f1_out_0,251,0,0
F1,M1,1363,channel_2,637,0,0
F1,M1,1364,f1_out_0,135,0,0
F1,M1,1364,channel_2,636,0,0
F1,M1,1365,f1_out_0,6,0,0
F1,M1,1365,channel_2,635,0,0
F1,M1,1366,f1_out_0,-121,0,0
F1,M1,1366,channel_2,634,0,0
F1,M1,1367,f1_out_0,-237,0,0
F1,M1,1367,channel_2,633,0,0
F1,M1,1368,f1_out_0,-330,0,0
F1,M1,1368,channel_2,632,0,0
F1,M1,1369,f1_out_0,-392,0,0
F1,M1,1369,channel_2,631,0,0
F1,M1,1370,f1_out_0,-421,0,0
F1,M1,1370,channel_2,630,0,0
F1,M1,1371,f1_out_0,-417,0,0
F1,M1,1371,channel_2,629,0,0
F1,M1,1372,f1_out_0,-386,0,0
F1,M1,1372,channel_2,628,0,0
F1,M1,1373,f1_out_0,-334,0,0
F1,M1,1373,channel_2,627,0,0
F1,M1,1374,f1_out_0,-271,0,0
F1,M1,1374,channel_2,626,0,0
F1,M1,1375,f1_out_0,-203,0,0
F1,M1,1375,channel_2,625,0,0
F1,M1,1376,f1_out_0,-138,0,0
F1,M1,1376,channel_2,624,0,0
F1,M1,1377,f1_out_0,-67,0,0
F1,M1,1377,channel_2,623,0,0
F1,M1,1378,f1_out_0,-16,0,0
F1,M1,1378,channel_2,622,0,0
F1,M1,1379,f1_out_0,28,0,0
F1,M1,1379,channel_2,621,0,0
F1,M1,1380,f1_out_0,79,0,0
F1,M1,1380,channel_2,620,0,0
F1,M1,1381,f1_out_0,151,0,0
F1,M1,1381,channel_2,619,0,0
F1,M1,1382,f1_out_0,215,0,0
F1,M1,1382,channel_2,618,0,0
F1,M1,1383,f1_out_0,283,0,0
F1,M1,1383,channel_2,617,0,0
F1,M1,1384,f1_out_0,347,0,0
F1,M1,1384,channel_2,616,0,0
F1,M1,1385,f1_out_0,398,0,0
F1,M1,1385,channel_2,615,0,0
F1,M1,1386,f1_out_0,429,0,0
F1,M1,1386,channel_2,614,0,0
F1,M1,1387,f1_out_0,433,0,0
F1,M1,1387,channel_2,613,0,0
F1,M1,1388,f1_out_0,405,0,0
F1,M1,1388,channel_2,612,0,0
F1,M1,1389,f1_out_0,342,0,0
F1,M1,1389,channel_2,611,0,0
F1,M1,1390,f1_out_0,250,0,0
F1,M1,1390,channel_2,610,0,0
F1,M1,1391,f1_out_0,134,0,0
F1,M1,1391,channel_2,609,0,0
F1,M1,1392,f1_out_0,5,0,0
F1,M1,1392,channel_2,608,0,0
F1,M1,1393,f1_out_0,-123,0,0
F1,M1,1393,channel_2,607,0,0
F1,M1,1394,f1_out_0,-239,0,0
F1,M1,1394,channel_2,606,0,0
F1,M1,1395,f1_out_0,-331,0,0
F1,M1,1395,channel_2,605,0,0
F1,M1,1396,f1_out_0,-393,0,0
F1,M1,1396,channel_2,604,0,0
F1,M1,1397,f1_out_0,-422,0,0
F1,M1,1397,channel_2,603,0,0
F1,M1,1398,f1_out_0,-418,0,0
F1,M1,1398,channel_2,602,0,0
F1,M1,1399,f1_out_0,-387,0,0
F1,M1,1399,channel_2,601,0,0
F1,M1,1400,f1_out_0,-336,0,0
F1,M1,1400,channel_2,600,0,0
F1,M1,1401,f1_out_0,-272,0,0
F1,M1,1401,channel_2,599,0,0
F1,M1,1402,f1_out_0,-204,0,0
F1,M1,1402,channel_2,598,0,0
F1,M1,1403,f1_out_0,-139,0,0
F1,M1,1403,channel_2,597,0,0
F1,M1,1404,f1_out_0,-68,0,0
F1,M1,1404,channel_2,596,0,0
F1,M1,1405,f1_out_0,-17,0,0
F1,M1,1405,channel_2,595,0,0
F1,M1,1406,f1_out_0,27,0,0
F1,M1,1406,channel_2,594,0,0
F1,M1,1407,f1_out_0,78,0,0
F1,M1,1407,channel_2,593,0,0
F1,M1,1408,f1_out_0,149,0,0
F1,M1,1408,channel_2,592,0,0
F1,M1,1409,f1_out_0,214,0,0
F1,M1,1409,channel_2,591,0,0
F1,M1,1410,f1_out_0,282,0,0
F1,M1,1410,channel_2,590,0,0
F1,M1,1411,f1_out_0,346,0,0
F1,M1,1411,channel_2,589,0,0
F1,M1,1412,f1_out_0,397,0,0
F1,M1,1412,channel_2,588,0,0
F1,M1,1413,f1_out_0,428,0,0
F1,M1,1413,channel_2,587,0,0
F1,M1,1414,f1_out_0,432,0,0
F1,M1,1414,channel_2,586,0,0
F1,M1,1415,f1_out_0,403,0,0
F1,M1,1415,channel_2,585,0,0
F1,M1,1416,f1_out_0,341,0,0
F1,M1,1416,channel_2,584,0,0
F1,M1,1417,f1_out_0,248,0,0
F1,M1,1417,channel_2,583,0,0
F1,M1,1418,f1_out_0,132,0,0
F1,M1,1418,channel_2,582,0,0
F1,M1,1419,f1_out_0,4,0,0
F1,M1,1419,channel_2,581,0,0
F1,M1,1420,f1_out_0,-124,0,0
F1,M1,1420,channel_2,580,0,0
F1,M1,1421,f1_out_0,-240,0,0
F1,M1,1421,channel_2,579,0,0
F1,M1,1422,f1_out_0,-332,0,0
F1,M1,1422,channel_2,578,0,0
F1,M1,1423,f1_out_0,-395,0,0
F1,M1,1423,channel_2,577,0,0
F1,M1,1424,f1_out_0,-423,0,0
F1,M1,1424,channel_2,576,0,0
F1,M1,1425,f1_out_0,-419,0,0
F1,M1,1425,channel_2,575,0,0
F1,M1,1426,f1_out_0,-388,0,0
F1,M1,1426,channel_2,574,0,0
F1,M1,1427,f1_out_0,-337,0,0
F1,M1,1427,channel_2,573,0,0
F1,M1,1428,f1_out_0,-274,0,0
F1,M1,1428,channel_2,572,0,0
F1,M1,1429,f1_out_0,-205,0,0
F1,M1,1429,channel_2,571,0,0
F1,M1,1430,f1_out_0,-141,0,0
F1,M1,1430,channel_2,570,0,0
F1,M1,1431,f1_out_0,-70,0,0
F1,M1,1431,channel_2,569,0,0
F1,M1,1432,f1_out_0,-19,0,0
F1,M1,1432,channel_2,568,0,0
F1,M1,1433,f1_out_0,26,0,0
F1,M1,1433,channel_2,567,0,0
F1,M1,1434,f1_out_0,77,0,0
F1,M1,1434,channel_2,566,0,0
F1,M1,1435,f1_out_0,148,0,0
F1,M1,1435,channel_2,565,0,0
F1,M1,1436,f1_out_0,212,0,0
F1,M1,1436,channel_2,564,0,0
F1,M1,1437,f1_out_0,281,0,0
F1,M1,1437,channel_2,563,0,0
F1,M1,1438,f1_out_0,344,0,0
F1,M1,1438,channel_2,562,0,0
F1,M1,1439,f1_out_0,396,0,0
F1,M1,1439,channel_2,561,0,0
F1,M1,1440,f1_out_0,427,0,0
F1,M1,1440,channel_2,560,0,0
F1,M1,1441,f1_out_0,431,0,0
F1,M1,1441,channel_2,559,0,0
F1,M1,1442,f1_out_0,402,0,0
F1,M1,1442,channel_2,558,0,0
F1,M1,1443,f1_out_0,340,0,0
F1,M1,1443,channel_2,557,0,0
F1,M1,1444,f1_out_0,247,0,0
F1,M1,1444,channel_2,556,0,0
F1,M1,1445,f1_out_0,131,0,0
F1,M1,1445,channel_2,555,0,0
F1,M1,1446,f1_out_0,3,0,0
F1,M1,1446,channel_2,554,0,0
F1,M1,1447,f1_out_0,-125,0,0
F1,M1,1447,channel_2,553,0,0
F1,M1,1448,f1_out_0,-241,0,0
F1,M1,1448,channel_2,552,0,0
F1,M1,1449,f1_out_0,-334,0,0
F1,M1,1449,channel_2,551,0,0
F1,M1,1450,f1_out_0,-396,0,0
F1,M1,1450,channel_2,550,0,0
F1,M1,1451,f1_out_0,-424,0,0
F1,M1,1451,channel_2,549,0,0
F1,M1,1452,f1_out_0,-421,0,0
F1,M1,1452,channel_2,548,0,0
F1,M1,1453,f1_out_0,-390,0,0
F1,M1,1453,channel_2,547,0,0
F1,M1,1454,f1_out_0,-338,0,0
F1,M1,1454,channel_2,546,0,0
F1,M1,1455,f1_out_0,-275,0,0
F1,M1,1455,channel_2,545,0,0
F1,M1,1456,f1_out_0,-206,0,0
F1,M1,1456,channel_2,544,0,0
F1,M1,1457,f1_out_0,-142,0,0
F1,M1,1457,channel_2,543,0,0
F1,M1,1458,f1_out_0,-71,0,0
F1,M1,1458,channel_2,542,0,0
F1,M1,1459,f1_out_0,-20,0,0
F1,M1,1459,channel_2,541,0,0
F1,M1,1460,f1_out_0,25,0,0
F1,M1,1460,channel_2,540,0,0
F1,M1,1461,f1_out_0,76,0,0
F1,M1,1461,channel_2,539,0,0
F1,M1,1462,f1_out_0,147,0,0
F1,M1,1462,channel_2,538,0,0
F1,M1,1463,f1_out_0,211,0,0
F1,M1,1463,channel_2,537,0,0
F1,M1,1464,f1_out_0,280,0,0
F1,M1,1464,channel_2,536,0,0
F1,M1,1465,f1_out_0,343,0,0
F1,M1,1465,channel_2,535,0,0
F1,M1,1466,f1_out_0,394,0,0
F1,M1,1466,channel_2,534,0,0
F1,M1,1467,f1_out_0,426,0,0
F1,M1,1467,channel_2,533,0,0
F1,M1,1468,f1_out_0,429,0,0
F1,M1,1468,channel_2,532,0,0
F1,M1,1469,f1_out_0,401,0,0
F1,M1,1469,channel_2,531,0,0
F1,M1,1470,f1_out_0,339,0,0
F1,M1,1470,channel_2,530,0,0
F1,M1,1471,f1_out_0,246,0,0
F1,M1,1471,channel_2,529,0,0
F1,M1,1472,f1_out_0,130,0,0
F1,M1,1472,channel_2,528,0,0
F1,M1,1473,f1_out_0,1,0,0
F1,M1,1473,channel_2,527,0,0
F1,M1,1474,f1_out_0,-126,0,0
F1,M1,1474,channel_2,526,0,0
F1,M1,1475,f1_out_0,-242,0,0
F1,M1,1475,channel_2,525,0,0
F1,M1,1476,f1_out_0,-335,0,0
F1,M1,1476,channel_2,524,0,0
F1,M1,1477,f1_out_0,-397,0,0
F1,M1,1477,channel_2,523,0,0
F1,M1,1478,f1_out_0,-426,0,0
F1,M1,1478,channel_2,522,0,0
F1,M1,1479,f1_out_0,-422,0,0
F1,M1,1479,channel_2,521,0,0
F1,M1,1480,f1_out_0,-391,0,0
F1,M1,1480,channel_2,520,0,0
F1,M1,1481,f1_out_0,-339,0,0
F1,M1,1481,channel_2,519,0,0
F1,M1,1482,f1_out_0,-276,0,0
F1,M1,1482,channel_2,518,0,0
F1,M1,1483,f1_out_0,-207,0,0
F1,M1,1483,channel_2,517,0,0
F1,M1,1484,f1_out_0,-143,0,0
F1,M1,1484,channel_2,516,0,0
F1,M1,1485,f1_out_0,-72,0,0
F1,M1,1485,channel_2,515,0,0
F1,M1,1486,f1_out_0,-21,0,0
F1,M1,1486,channel_2,514,0,0
F1,M1,1487,f1_out_0,24,0,0
F1,M1,1487,channel_2,513,0,0
F1,M1,1488,f1_out_0,75,0,0
F1,M1,1488,channel_2,512,0,0
F1,M1,1489,f1_out_0,146,0,0
F1,M1,1489,channel_2,511,0,0
F1,M1,1490,f1_out_0,210,0,0
F1,M1,1490,channel_2,510,0,0
F1,M1,1491,f1_out_0,279,0,0
F1,M1,1491,channel_2,509,0,0
F1,M1,1492,f1_out_0,342,0,0
F1,M1,1492,channel_2,508,0,0
F1,M1,1493,f1_out_0,393,0,0
F1,M1,1493,channel_2,507,0,0
F1,M1,1494,f1_out_0,424,0,0
F1,M1,1494,channel_2,506,0,0
F1,M1,1495,f1_out_0,428,0,0
F1,M1,1495,channel_2,505,0,0
F1,M1,1496,f1_out_0,400,0,0
F1,M1,1496,channel_2,504,0,0
F1,M1,1497,f1_out_0,337,0,0
F1,M1,1497,channel_2,503,0,0
F1,M1,1498,f1_out_0,245,0,0
F1,M1,1498,channel_2,502,0,0
F1,M1,1499,f1_out_0,129,0,0
F1,M1,1499,channel_2,501,0,0
F1,M1,1500,f1_out_0,0,0,0
F1,M1,1500,channel_2,500,0,0
F1,M1,1501,f1_out_0,-127,0,0
F1,M1,1501,channel_2,499,0,0
F1,M1,1502,f1_out_0,-243,0,0
F1,M1,1502,channel_2,498,0,0
F1,M1,1503,f1_out_0,-336,0,0
F1,M1,1503,channel_2,497,0,0
F1,M1,1504,f1_out_0,-398,0,0
F1,M1,1504,channel_2,496,0,0
F1,M1,1505,f1_out_0,-427,0,0
F1,M1,1505,channel_2,495,0,0
F1,M1,1506,f1_out_0,-423,0,0
F1,M1,1506,channel_2,494,0,0
F1,M1,1507,f1_out_0,-392,0,0
F1,M1,1507,channel_2,493,0,0
F1,M1,1508,f1_out_0,-341,0,0
F1,M1,1508,channel_2,492,0,0
F1,M1,1509,f1_out_0,-277,0,0
F1,M1,1509,channel_2,491,0,0
F1,M1,1510,f1_out_0,-209,0,0
F1,M1,1510,channel_2,490,0,0
F1,M1,1511,f1_out_0,-144,0,0
F1,M1,1511,channel_2,489,0,0
F1,M1,1512,f1_out_0,-73,0,0
F1,M1,1512,channel_2,488,0,0
F1,M1,1513,f1_out_0,-22,0,0
F1,M1,1513,channel_2,487,0,0
F1,M1,1514,f1_out_0,22,0,0
F1,M1,1514,channel_2,486,0,0
F1,M1,1515,f1_out_0,73,0,0
F1,M1,1515,channel_2,485,0,0
F1,M1,1516,f1_out_0,144,0,0
F1,M1,1516,channel_2,484,0,0
F1,M1,1517,f1_out_0,209,0,0
F1,M1,1517,channel_2,483,0,0
F1,M1,1518,f1_out_0,277,0,0
F1,M1,1518,channel_2,482,0,0
F1,M1,1519,f1_out_0,341,0,0
F1,M1,1519,channel_2,481,0,0
F1,M1,1520,f1_out_0,392,0,0
F1,M1,1520,channel_2,480,0,0
F1,M1,1521,f1_out_0,423,0,0
F1,M1,1521,channel_2,479,0,0
F1,M1,1522,f1_out_0,427,0,0
F1,M1,1522,channel_2,478,0,0
F1,M1,1523,f1_out_0,398,0,0
F1,M1,1523,channel_2,477,0,0
F1,M1,1524,f1_out_0,336,0,0
F1,M1,1524,channel_2,476,0,0
F1,M1,1525,f1_out_0,243,0,0
F1,M1,1525,channel_2,475,0,0
F1,M1,1526,f1_out_0,127,0,0
F1,M1,1526,channel_2,474,0,0
F1,M1,1527,f1_out_0,0,0,0
F1,M1,1527,channel_2,473,0,0
F1,M1,1528,f1_out_0,-129,0,0
F1,M1,1528,channel_2,472,0,0
F1,M1,1529,f1_out_0,-245,0,0
F1,M1,1529,channel_2,471,0,0
F1,M1,1530,f1_out_0,-337,0,0
F1,M1,1530,channel_2,470,0,0
F1,M1,1531,f1_out_0,-400,0,0
F1,M1,1531,channel_2,469,0,0
F1,M1,1532,f1_out_0,-428,0,0
F1,M1,1532,channel_2,468,0,0
F1,M1,1533,f1_out_0,-424,0,0
F1,M1,1533,channel_2,467,0,0
F1,M1,1534,f1_out_0,-393,0,0
F1,M1,1534,channel_2,466,0,0
F1,M1,1535,f1_out_0,-342,0,0
F1,M1,1535,channel_2,465,0,0
F1,M1,1536,f1_out_0,-279,0,0
F1,M1,1536,channel_2,464,0,0
F1,M1,1537,f1_out_0,-210,0,0
F1,M1,1537,channel_2,463,0,0
F1,M1,1538,f1_out_0,-146,0,0
F1,M1,1538,channel_2,462,0,0
F1,M1,1539,f1_out_0,-75,0,0
F1,M1,1539,channel_2,461,0,0
F1,M1,1540,f1_out_0,-24,0,0
F1,M1,1540,channel_2,460,0,0
F1,M1,1541,f1_out_0,21,0,0
F1,M1,1541,channel_2,459,0,0
F1,M1,1542,f1_out_0,72,0,0
F1,M1,1542,channel_2,458,0,0
F1,M1,1543,f1_out_0,143,0,0
F1,M1,1543,channel_2,457,0,0
F1,M1,1544,f1_out_0,207,0,0
F1,M1,1544,channel_2,456,0,0
F1,M1,1545,f1_out_0,276,0,0
F1,M1,1545,channel_2,455,0,0
F1,M1,1546,f1_out_0,339,0,0
F1,M1,1546,channel_2,454,0,0
F1,M1,1547,f1_out_0,391,0,0
F1,M1,1547,channel_2,453,0,0
F1,M1,1548,f1_out_0,422,0,0
F1,M1,1548,channel_2,452,0,0
F1,M1,1549,f1_out_0,426,0,0
F1,M1,1549,channel_2,451,0,0
F1,M1,1550,f1_out_0,397,0,0
F1,M1,1550,channel_2,450,0,0
F1,M1,1551,f1_out_0,335,0,0
F1,M1,1551,channel_2,449,0,0
F1,M1,1552,f1_out_0,242,0,0
F1,M1,1552,channel_2,448,0,0
F1,M1,1553,f1_out_0,126,0,0
F1,M1,1553,channel_2,447,0,0
F1,M1,1554,f1_out_0,-1,0,0
F1,M1,1554,channel_2,446,0,0
F1,M1,1555,f1_out_0,-130,0,0
F1,M1,1555,channel_2,445,0,0
F1,M1,1556,f1_out_0,-246,0,0
F1,M1,1556,channel_2,444,0,0
F1,M1,1557,f1_out_0,-339,0,0
F1,M1,1557,channel_2,443,0,0
F1,M1,1558,f1_out_0,-401,0,0
F1,M1,1558,channel_2,442,0,0
F1,M1,1559,f1_out_0,-429,0,0
F1,M1,1559,channel_2,441,0,0
F1,M1,1560,f1_out_0,-426,0,0
F1,M1,1560,channel_2,440,0,0
F1,M1,1561,f1_out_0,-394,0,0
F1,M1,1561,channel_2,439,0,0
F1,M1,1562,f1_out_0,-343,0,0
F1,M1,1562,channel_2,438,0,0
F1,M1,1563,f1_out_0,-280,0,0
F1,M1,1563,channel_2,437,0,0
F1,M1,1564,f1_out_0,-211,0,0
F1,M1,1564,channel_2,436,0,0
F1,M1,1565,f1_out_0,-147,0,0
F1,M1,1565,channel_2,435,0,0
F1,M1,1566,f1_out_0,-76,0,0
F1,M1,1566,channel_2,434,0,0
F1,M1,1567,f1_out_0,-25,0,0
F1,M1,1567,channel_2,433,0,0
F1,M1,1568,f1_out_0,20,0,0
F1,M1,1568,channel_2,432,0,0
F1,M1,1569,f1_out_0,71,0,0
F1,M1,1569,channel_2,431,0,0
F1,M1,1570,f1_out_0,142,0,0
F1,M1,1570,channel_2,430,0,0
F1,M1,1571,f1_out_0,206,0,0
F1,M1,1571,channel_2,429,0,0
F1,M1,1572,f1_out_0,275,0,0
F1,M1,1572,channel_2,428,0,0
F1,M1,1573,f1_out_0,338,0,0
F1,M1,1573,channel_2,427,0,0
F1,M1,1574,f1_out_0,390,0,0
F1,M1,1574,channel_2,426,0,0
F1,M1,1575,f1_out_0,421,0,0
F1,M1,1575,channel_2,425,0,0
F1,M1,1576,f1_out_0,424,0,0
F1,M1,1576,channel_2,424,0,0
F1,M1,1577,f1_out_0,396,0,0
F1,M1,1577,channel_2,423,0,0
F1,M1,1578,f1_out_0,334,0,0
F1,M1,1578,channel_2,422,0,0
F1,M1,1579,f1_out_0,241,0,0
F1,M1,1579,channel_2,421,0,0
F1,M1,1580,f1_out_0,125,0,0
F1,M1,1580,channel_2,420,0,0
F1,M1,1581,f1_out_0,-3,0,0
F1,M1,1581,channel_2,419,0,0
F1,M1,1582,f1_out_0,-131,0,0
F1,M1,1582,channel_2,418,0,0
F1,M1,1583,f1_out_0,-247,0,0
F1,M1,1583,channel_2,417,0,0
F1,M1,1584,f1_out_0,-340,0,0
F1,M1,1584,channel_2,416,0,0
F1,M1,1585,f1_out_0,-402,0,0
F1,M1,1585,channel_2,415,0,0
F1,M1,1586,f1_out_0,-431,0,0
F1,M1,1586,channel_2,414,0,0
F1,M1,1587,f1_out_0,-427,0,0
F1,M1,1587,channel_2,413,0,0
F1,M1,1588,f1_out_0,-396,0,0
F1,M1,1588,channel_2,412,0,0
F1,M1,1589,f1_out_0,-344,0,0
F1,M1,1589,channel_2,411,0,0
F1,M1,1590,f1_out_0,-281,0,0
F1,M1,1590,channel_2,410,0,0
F1,M1,1591,f1_out_0,-212,0,0
F1,M1,1591,channel_2,409,0,0
F1,M1,1592,f1_out_0,-148,0,0
F1,M1,1592,channel_2,408,0,0
F1,M1,1593,f1_out_0,-77,0,0
F1,M1,1593,channel_2,407,0,0
F1,M1,1594,f1_out_0,-26,0,0
F1,M1,1594,channel_2,406,0,0
F1,M1,1595,f1_out_0,19,0,0
F1,M1,1595,channel_2,405,0,0
F1,M1,1596,f1_out_0,70,0,0
F1,M1,1596,channel_2,404,0,0
F1,M1,1597,f1_out_0,141,0,0
F1,M1,1597,channel_2,403,0,0
F1,M1,1598,f1_out_0,205,0,0
F1,M1,1598,channel_2,402,0,0
F1,M1,1599,f1_out_0,274,0,0
F1,M1,1599,channel_2,401,0,0
F1,M1,1600,f1_out_0,337,0,0
F1,M1,1600,channel_2,400,0,0
F1,M1,1601,f1_out_0,388,0,0
F1,M1,1601,channel_2,399,0,0
F1,M1,1602,f1_out_0,419,0,0
F1,M1,1602,channel_2,398,0,0
F1,M1,1603,f1_out_0,423,0,0
F1,M1,1603,channel_2,397,0,0
F1,M1,1604,f1_out_0,395,0,0
F1,M1,1604,channel_2,396,0,0
F1,M1,1605,f1_out_0,332,0,0
F1,M1,1605,channel_2,395,0,0
F1,M1,1606,f1_out_0,240,0,0
F1,M1,1606,channel_2,394,0,0
F1,M1,1607,f1_out_0,124,0,0
F1,M1,1607,channel_2,393,0,0
F1,M1,1608,f1_out_0,-4,0,0
F1,M1,1608,channel_2,392,0,0
F1,M1,1609,f1_out_0,-132,0,0
F1,M1,1609,channel_2,391,0,0
F1,M1,1610,f1_out_0,-248,0,0
F1,M1,1610,channel_2,390,0,0
F1,M1,1611,f1_out_0,-341,0,0
F1,M1,1611,channel_2,389,0,0
F1,M1,1612,f1_out_0,-403,0,0
F1,M1,1612,channel_2,388,0,0
F1,M1,1613,f1_out_0,-432,0,0
F1,M1,1613,channel_2,387,0,0
F1,M1,1614,f1_out_0,-428,0,0
F1,M1,1614,channel_2,386,0,0
F1,M1,1615,f1_out_0,-397,0,0
F1,M1,1615,channel_2,385,0,0
F1,M1,1616,f1_out_0,-346,0,0
F1,M1,1616,channel_2,384,0,0
F1,M1,1617,f1_out_0,-282,0,0
F1,M1,1617,channel_2,383,0,0
F1,M1,1618,f1_out_0,-214,0,0
F1,M1,1618,channel_2,382,0,0
F1,M1,1619,f1_out_0,-149,0,0
F1,M1,1619,channel_2,381,0,0
F1,M1,1620,f1_out_0,-78,0,0
F1,M1,1620,channel_2,380,0,0
F1,M1,1621,f1_out_0,-27,0,0
F1,M1,1621,channel_2,379,0,0
F1,M1,1622,f1_out_0,17,0,0
F1,M1,1622,channel_2,378,0,0
F1,M1,1623,f1_out_0,68,0,0
F1,M1,1623,channel_2,377,0,0
F1,M1,1624,f1_out_0,139,0,0
F1,M1,1624,channel_2,376,0,0
F1,M1,1625,f1_out_0,204,0,0
F1,M1,1625,channel_2,375,0,0
F1,M1,1626,f1_out_0,272,0,0
F1,M1,1626,channel_2,374,0,0
F1,M1,1627,f1_out_0,336,0,0
F1,M1,1627,channel_2,373,0,0
F1,M1,1628,f1_out_0,387,0,0
F1,M1,1628,channel_2,372,0,0
F1,M1,1629,f1_out_0,418,0,0
F1,M1,1629,channel_2,371,0,0
F1,M1,1630,f1_out_0,422,0,0
F1,M1,1630,channel_2,370,0,0
F1,M1,1631,f1_out_0,393,0,0
F1,M1,1631,channel_2,369,0,0
F1,M1,1632,f1_out_0,331,0,0
F1,M1,1632,channel_2,368,0,0
F1,M1,1633,f1_out_0,239,0,0
F1,M1,1633,channel_2,367,0,0
F1,M1,1634,f1_out_0,123,0,0
F1,M1,1634,channel_2,366,0,0
F1,M1,1635,f1_out_0,-5,0,0
F1,M1,1635,channel_2,365,0,0
F1,M1,1636,f1_out_0,-134,0,0
F1,M1,1636,channel_2,364,0,0
F1,M1,1637,f1_out_0,-250,0,0
F1,M1,1637,channel_2,363,0,0
F1,M1,1638,f1_out_0,-342,0,0
F1,M1,1638,channel_2,362,0,0
F1,M1,1639,f1_out_0,-405,0,0
F1,M1,1639,channel_2,361,0,0
F1,M1,1640,f1_out_0,-433,0,0
F1,M1,1640,channel_2,360,0,0
F1,M1,1641,f1_out_0,-429,0,0
F1,M1,1641,channel_2,359,0,0
F1,M1,1642,f1_out_0,-398,0,0
F1,M1,1642,channel_2,358,0,0
F1,M1,1643,f1_out_0,-347,0,0
F1,M1,1643,channel_2,357,0,0
F1,M1,1644,f1_out_0,-283,0,0
F1,M1,1644,channel_2,356,0,0
F1,M1,1645,f1_out_0,-215,0,0
F1,M1,1645,channel_2,355,0,0
F1,M1,1646,f1_out_0,-151,0,0
F1,M1,1646,channel_2,354,0,0
F1,M1,1647,f1_out_0,-79,0,0
F1,M1,1647,channel_2,353,0,0
F1,M1,1648,f1_out_0,-28,0,0
F1,M1,1648,channel_2,352,0,0
F1,M1,1649,f1_out_0,16,0,0
F1,M1,1649,channel_2,351,0,0
F1,M1,1650,f1_out_0,67,0,0
F1,M1,1650,channel_2,350,0,0
F1,M1,1651,f1_out_0,138,0,0
F1,M1,1651,channel_2,349,0,0
F1,M1,1652,f1_out_0,203,0,0
F1,M1,1652,channel_2,348,0,0
F1,M1,1653,f1_out_0,271,0,0
F1,M1,1653,channel_2,347,0,0
F1,M1,1654,f1_out_0,334,0,0
F1,M1,1654,channel_2,346,0,0
F1,M1,1655,f1_out_0,386,0,0
F1,M1,1655,channel_2,345,0,0
F1,M1,1656,f1_out_0,417,0,0
F1,M1,1656,channel_2,344,0,0
F1,M1,1657,f1_out_0,421,0,0
F1,M1,1657,channel_2,343,0,0
F1,M1,1658,f1_out_0,392,0,0
F1,M1,1658,channel_2,342,0,0
F1,M1,1659,f1_out_0,330,0,0
F1,M1,1659,channel_2,341,0,0
F1,M1,1660,f1_out_0,237,0,0
F1,M1,1660,channel_2,340,0,0
F1,M1,1661,f1_out_0,121,0,0
F1,M1,1661,channel_2,339,0,0
F1,M1,1662,f1_out_0,-6,0,0
F1,M1,1662,channel_2,338,0,0
F1,M1,1663,f1_out_0,-135,0,0
F1,M1,1663,channel_2,337,0,0
F1,M1,1664,f1_out_0,-251,0,0
F1,M1,1664,channel_2,336,0,0
F1,M1,1665,f1_out_0,-344,0,0
F1,M1,1665,channel_2,335,0,0
F1,M1,1666,f1_out_0,-406,0,0
F1,M1,1666,channel_2,334,0,0
F1,M1,1667,f1_out_0,-434,0,0
F1,M1,1667,channel_2,333,0,0
F1,M1,1668,f1_out_0,-431,0,0
F1,M1,1668,channel_2,332,0,0
F1,M1,1669,f1_out_0,-399,0,0
F1,M1,1669,channel_2,331,0,0
F1,M1,1670,f1_out_0,-348,0,0
F1,M1,1670,channel_2,330,0,0
F1,M1,1671,f1_out_0,-285,0,0
F1,M1,1671,channel_2,329,0,0
F1,M1,1672,f1_out_0,-216,0,0
F1,M1,1672,channel_2,328,0,0
F1,M1,1673,f1_out_0,-152,0,0
F1,M1,1673,channel_2,327,0,0
F1,M1,1674,f1_out_0,-81,0,0
F1,M1,1674,channel_2,326,0,0
F1,M1,1675,f1_out_0,-30,0,0
F1,M1,1675,channel_2,325,0,0
F1,M1,1676,f1_out_0,15,0,0
F1,M1,1676,channel_2,324,0,0
F1,M1,1677,f1_out_0,66,0,0
F1,M1,1677,channel_2,323,0,0
F1,M1,1678,f1_out_0,137,0,0
F1,M1,1678,channel_2,322,0,0
F1,M1,1679,f1_out_0,201,0,0
F1,M1,1679,channel_2,321,0,0
F1,M1,1680,f1_out_0,270,0,0
F1,M1,1680,channel_2,320,0,0
F1,M1,1681,f1_out_0,333,0,0
F1,M1,1681,channel_2,319,0,0
F1,M1,1682,f1_out_0,385,0,0
F1,M1,1682,channel_2,318,0,0
F1,M1,1683,f1_out_0,416,0,0
F1,M1,1683,channel_2,317,0,0
F1,M1,1684,f1_out_0,420,0,0
F1,M1,1684,channel_2,316,0,0
F1,M1,1685,f1_out_0,391,0,0
F1,M1,1685,channel_2,315,0,0
F1,M1,1686,f1_out_0,329,0,0
F1,M1,1686,channel_2,314,0,0
F1,M1,1687,f1_out_0,236,0,0
F1,M1,1687,channel_2,313,0,0
F1,M1,1688,f1_out_0,120,0,0
F1,M1,1688,channel_2,312,0,0
F1,M1,1689,f1_out_0,-8,0,0
F1,M1,1689,channel_2,311,0,0
F1,M1,1690,f1_out_0,-136,0,0
F1,M1,1690,channel_2,310,0,0
F1,M1,1691,f1_out_0,-252,0,0
F1,M1,1691,channel_2,309,0,0
F1,M1,1692,f1_out_0,-345,0,0
F1,M1,1692,channel_2,308,0,0
F1,M1,1693,f1_out_0,-407,0,0
F1,M1,1693,channel_2,307,0,0
F1,M1,1694,f1_out_0,-436,0,0
F1,M1,1694,channel_2,306,0,0
F1,M1,1695,f1_out_0,-432,0,0
F1,M1,1695,channel_2,305,0,0
F1,M1,1696,f1_out_0,-401,0,0
F1,M1,1696,channel_2,304,0,0
F1,M1,1697,f1_out_0,-349,0,0
F1,M1,1697,channel_2,303,0,0
F1,M1,1698,f1_out_0,-286,0,0
F1,M1,1698,channel_2,302,0,0
F1,M1,1699,f1_out_0,-217,0,0
F1,M1,1699,channel_2,301,0,0
F1,M1,1700,f1_out_0,-153,0,0
F1,M1,1700,channel_2,300,0,0
F1,M1,1701,f1_out_0,-82,0,0
F1,M1,1701,channel_2,299,0,0
F1,M1,1702,f1_out_0,-31,0,0
F1,M1,1702,channel_2,298,0,0
F1,M1,1703,f1_out_0,14,0,0
F1,M1,1703,channel_2,297,0,0
F1,M1,1704,f1_out_0,65,0,0
F1,M1,1704,channel_2,296,0,0
F1,M1,1705,f1_out_0,136,0,0
F1,M1,1705,channel_2,295,0,0
F1,M1,1706,f1_out_0,200,0,0
F1,M1,1706,channel_2,294,0,0
F1,M1,1707,f1_out_0,269,0,0
F1,M1,1707,channel_2,293,0,0
F1,M1,1708,f1_out_0,332,0,0
F1,M1,1708,channel_2,292,0,0
F1,M1,1709,f1_out_0,383,0,0
F1,M1,1709,channel_2,291,0,0
F1,M1,1710,f1_out_0,415,0,0
F1,M1,1710,channel_2,290,0,0
F1,M1,1711,f1_out_0,418,0,0
F1,M1,1711,channel_2,289,0,0
F1,M1,1712,f1_out_0,390,0,0
F1,M1,1712,channel_2,288,0,0
F1,M1,1713,f1_out_0,328,0,0
F1,M1,1713,channel_2,287,0,0
F1,M1,1714,f1_out_0,235,0,0
F1,M1,1714,channel_2,286,0,0
F1,M1,1715,f1_out_0,119,0,0
F1,M1,1715,channel_2,285,0,0
F1,M1,1716,f1_out_0,-9,0,0
F1,M1,1716,channel_2,284,0,0
F1,M1,1717,f1_out_0,-137,0,0
F1,M1,1717,channel_2,283,0,0
F1,M1,1718,f1_out_0,-253,0,0
F1,M1,1718,channel_2,282,0,0
F1,M1,1719,f1_out_0,-346,0,0
F1,M1,1719,channel_2,281,0,0
F1,M1,1720,f1_out_0,-408,0,0
F1,M1,1720,channel_2,280,0,0
F1,M1,1721,f1_out_0,-437,0,0
F1,M1,1721,channel_2,279,0,0
F1,M1,1722,f1_out_0,-433,0,0
F1,M1,1722,channel_2,278,0,0
F1,M1,1723,f1_out_0,-402,0,0
F1,M1,1723,channel_2,277,0,0
F1,M1,1724,f1_out_0,-350,0,0
F1,M1,1724,channel_2,276,0,0
F1,M1,1725,f1_out_0,-287,0,0
F1,M1,1725,channel_2,275,0,0
F1,M1,1726,f1_out_0,-219,0,0
F1,M1,1726,channel_2,274,0,0
F1,M1,1727,f1_out_0,-154,0,0
F1,M1,1727,channel_2,273,0,0
F1,M1,1728,f1_out_0,-83,0,0
F1,M1,1728,channel_2,272,0,0
F1,M1,1729,f1_out_0,-32,0,0
F1,M1,1729,channel_2,271,0,0
F1,M1,1730,f1_out_0,12,0,0
F1,M1,1730,channel_2,270,0,0
F1,M1,1731,f1_out_0,63,0,0
F1,M1,1731,channel_2,269,0,0
F1,M1,1732,f1_out_0,134,0,0
F1,M1,1732,channel_2,268,0,0
F1,M1,1733,f1_out_0,199,0,0
F1,M1,1733,channel_2,267,0,0
F1,M1,1734,f1_out_0,267,0,0
F1,M1,1734,channel_2,266,0,0
F1,M1,1735,f1_out_0,331,0,0
F1,M1,1735,channel_2,265,0,0
F1,M1,1736,f1_out_0,382,0,0
F1,M1,1736,channel_2,264,0,0
F1,M1,1737,f1_out_0,413,0,0
F1,M1,1737,channel_2,263,0,0
F1,M1,1738,f1_out_0,417,0,0
F1,M1,1738,channel_2,262,0,0
F1,M1,1739,f1_out_0,389,0,0
F1,M1,1739,channel_2,261,0,0
F1,M1,1740,f1_out_0,326,0,0
F1,M1,1740,channel_2,260,0,0
F1,M1,1741,f1_out_0,234,0,0
F1,M1,1741,channel_2,259,0,0
F1,M1,1742,f1_out_0,118,0,0
F1,M1,1742,channel_2,258,0,0
F1,M1,1743,f1_out_0,-10,0,0
F1,M1,1743,channel_2,257,0,0
F1,M1,1744,f1_out_0,-139,0,0
F1,M1,1744,channel_2,256,0,0
F1,M1,1745,f1_out_0,-255,0,0
F1,M1,1745,channel_2,255,0,0
F1,M1,1746,f1_out_0,-347,0,0
F1,M1,1746,channel_2,254,0,0
F1,M1,1747,f1_out_0,-409,0,0
F1,M1,1747,channel_2,253,0,0
F1,M1,1748,f1_out_0,-438,0,0
F1,M1,1748,channel_2,252,0,0
F1,M1,1749,f1_out_0,-434,0,0
F1,M1,1749,channel_2,251,0,0
F1,M1,1750,f1_out_0,-403,0,0
F1,M1,1750,channel_2,250,0,0
F1,M1,1751,f1_out_0,-352,0,0
F1,M1,1751,channel_2,249,0,0
F1,M1,1752,f1_out_0,-288,0,0
F1,M1,1752,channel_2,248,0,0
F1,M1,1753,f1_out_0,-220,0,0
F1,M1,1753,channel_2,247,0,0
F1,M1,1754,f1_out_0,-155,0,0
F1,M1,1754,channel_2,246,0,0
F1,M1,1755,f1_out_0,-84,0,0
F1,M1,1755,channel_2,245,0,0
F1,M1,1756,f1_out_0,-33,0,0
F1,M1,1756,channel_2,244,0,0
F1,M1,1757,f1_out_0,11,0,0
F1,M1,1757,channel_2,243,0,0
F1,M1,1758,f1_out_0,62,0,0
F1,M1,1758,channel_2,242,0,0
F1,M1,1759,f1_out_0,133,0,0
F1,M1,1759,channel_2,241,0,0
F1,M1,1760,f1_out_0,198,0,0
F1,M1,1760,channel_2,240,0,0
F1,M1,1761,f1_out_0,266,0,0
F1,M1,1761,channel_2,239,0,0
F1,M1,1762,f1_out_0,329,0,0
F1,M1,1762,channel_2,238,0,0
F1,M1,1763,f1_out_0,381,0,0
F1,M1,1763,channel_2,237,0,0
F1,M1,1764,f1_out_0,412,0,0
F1,M1,1764,channel_2,236,0,0
F1,M1,1765,f1_out_0,416,0,0
F1,M1,1765,channel_2,235,0,0
F1,M1,1766,f1_out_0,387,0,0
F1,M1,1766,channel_2,234,0,0
F1,M1,1767,f1_out_0,325,0,0
F1,M1,1767,channel_2,233,0,0
F1,M1,1768,f1_out_0,232,0,0
F1,M1,1768,channel_2,232,0,0
F1,M1,1769,f1_out_0,116,0,0
F1,M1,1769,channel_2,231,0,0
F1,M1,1770,f1_out_0,-11,0,0
F1,M1,1770,channel_2,230,0,0
F1,M1,1771,f1_out_0,-140,0,0
F1,M1,1771,channel_2,229,0,0
F1,M1,1772,f1_out_0,-256,0,0
F1,M1,1772,channel_2,228,0,0
F1,M1,1773,f1_out_0,-349,0,0
F1,M1,1773,channel_2,227,0,0
F1,M1,1774,f1_out_0,-411,0,0
F1,M1,1774,channel_2,226,0,0
F1,M1,1775,f1_out_0,-439,0,0
F1,M1,1775,channel_2,225,0,0
F1,M1,1776,f1_out_0,-436,0,0
F1,M1,1776,channel_2,224,0,0
F1,M1,1777,f1_out_0,-404,0,0
F1,M1,1777,channel_2,223,0,0
F1,M1,1778,f1_out_0,-353,0,0
F1,M1,1778,channel_2,222,0,0
F1,M1,1779,f1_out_0,-290,0,0
F1,M1,1779,channel_2,221,0,0
F1,M1,1780,f1_out_0,-221,0,0
F1,M1,1780,channel_2,220,0,0
F1,M1,1781,f1_out_0,-157,0,0
F1,M1,1781,channel_2,219,0,0
F1,M1,1782,f1_out_0,-86,0,0
F1,M1,1782,channel_2,218,0,0
F1,M1,1783,f1_out_0,-35,0,0
F1,M1,1783,channel_2,217,0,0
F1,M1,1784,f1_out_0,10,0,0
F1,M1,1784,channel_2,216,0,0
F1,M1,1785,f1_out_0,61,0,0
F1,M1,1785,channel_2,215,0,0
F1,M1,1786,f1_out_0,132,0,0
F1,M1,1786,channel_2,214,0,0
F1,M1,1787,f1_out_0,196,0,0
F1,M1,1787,channel_2,213,0,0
F1,M1,1788,f1_out_0,265,0,0
F1,M1,1788,channel_2,212,0,0
F1,M1,1789,f1_out_0,328,0,0
F1,M1,1789,channel_2,211,0,0
F1,M1,1790,f1_out_0,380,0,0
F1,M1,1790,channel_2,210,0,0
F1,M1,1791,f1_out_0,411,0,0
F1,M1,1791,channel_2,209,0,0
F1,M1,1792,f1_out_0,415,0,0
F1,M1,1792,channel_2,208,0,0
F1,M1,1793,f1_out_0,386,0,0
F1,M1,1793,channel_2,207,0,0
F1,M1,1794,f1_out_0,324,0,0
F1,M1,1794,channel_2,206,0,0
F1,M1,1795,f1_out_0,231,0,0
F1,M1,1795,channel_2,205,0,0
F1,M1,1796,f1_out_0,115,0,0
F1,M1,1796,channel_2,204,0,0
F1,M1,1797,f1_out_0,-12,0,0
F1,M1,1797,channel_2,203,0,0
F1,M1,1798,f1_out_0,-141,0,0
F1,M1,1798,channel_2,202,0,0
F1,M1,1799,f1_out_0,-257,0,0
F1,M1,1799,channel_2,201,0,0
F1,M1,1800,f1_out_0,-350,0,0
F1,M1,1800,channel_2,200,0,0
F1,M1,1801,f1_out_0,-412,0,0
F1,M1,1801,channel_2,199,0,0
F1,M1,1802,f1_out_0,-441,0,0
F1,M1,1802,channel_2,198,0,0
F1,M1,1803,f1_out_0,-437,0,0
F1,M1,1803,channel_2,197,0,0
F1,M1,1804,f1_out_0,-406,0,0
F1,M1,1804,channel_2,196,0,0
F1,M1,1805,f1_out_0,-354,0,0
F1,M1,1805,channel_2,195,0,0
F1,M1,1806,f1_out_0,-291,0,0
F1,M1,1806,channel_2,194,0,0
F1,M1,1807,f1_out_0,-222,0,0
F1,M1,1807,channel_2,193,0,0
F1,M1,1808,f1_out_0,-158,0,0
F1,M1,1808,channel_2,192,0,0
F1,M1,1809,f1_out_0,-87,0,0
F1,M1,1809,channel_2,191,0,0
F1,M1,1810,f1_out_0,-36,0,0
F1,M1,1810,channel_2,190,0,0
F1,M1,1811,f1_out_0,9,0,0
F1,M1,1811,channel_2,189,0,0
F1,M1,1812,f1_out_0,60,0,0
F1,M1,1812,channel_2,188,0,0
F1,M1,1813,f1_out_0,131,0,0
F1,M1,1813,channel_2,187,0,0
F1,M1,1814,f1_out_0,195,0,0
F1,M1,1814,channel_2,186,0,0
F1,M1,1815,f1_out_0,264,0,0
F1,M1,1815,channel_2,185,0,0
F1,M1,1816,f1_out_0,327,0,0
F1,M1,1816,channel_2,184,0,0
F1,M1,1817,f1_out_0,378,0,0
F1,M1,1817,channel_2,183,0,0
F1,M1,1818,f1_out_0,410,0,0
F1,M1,1818,channel_2,182,0,0
F1,M1,1819,f1_out_0,413,0,0
F1,M1,1819,channel_2,181,0,0
F1,M1,1820,f1_out_0,385,0,0
F1,M1,1820,channel_2,180,0,0
F1,M1,1821,f1_out_0,323,0,0
F1,M1,1821,channel_2,179,0,0
F1,M1,1822,f1_out_0,230,0,0
F1,M1,1822,channel_2,178,0,0
F1,M1,1823,f1_out_0,114,0,0
F1,M1,1823,channel_2,177,0,0
F1,M1,1824,f1_out_0,-14,0,0
F1,M1,1824,channel_2,176,0,0
F1,M1,1825,f1_out_0,-142,0,0
F1,M1,1825,channel_2,175,0,0
F1,M1,1826,f1_out_0,-258,0,0
F1,M1,1826,channel_2,174,0,0
F1,M1,1827,f1_out_0,-351,0,0
F1,M1,1827,channel_2,173,0,0
F1,M1,1828,f1_out_0,-413,0,0
F1,M1,1828,channel_2,172,0,0
F1,M1,1829,f1_out_0,-442,0,0
F1,M1,1829,channel_2,171,0,0
F1,M1,1830,f1_out_0,-438,0,0
F1,M1,1830,channel_2,170,0,0
F1,M1,1831,f1_out_0,-407,0,0
F1,M1,1831,channel_2,169,0,0
F1,M1,1832,f1_out_0,-355,0,0
F1,M1,1832,channel_2,168,0,0
F1,M1,1833,f1_out_0,-292,0,0
F1,M1,1833,channel_2,167,0,0
F1,M1,1834,f1_out_0,-224,0,0
F1,M1,1834,channel_2,166,0,0
F1,M1,1835,f1_out_0,-159,0,0
F1,M1,1835,channel_2,165,0,0
F1,M1,1836,f1_out_0,-88,0,0
F1,M1,1836,channel_2,164,0,0
F1,M1,1837,f1_out_0,-37,0,0
F1,M1,1837,channel_2,163,0,0
F1,M1,1838,f1_out_0,8,0,0
F1,M1,1838,channel_2,162,0,0
F1,M1,1839,f1_out_0,59,0,0
F1,M1,1839,channel_2,161,0,0
F1,M1,1840,f1_out_0,130,0,0
F1,M1,1840,channel_2,160,0,0
F1,M1,1841,f1_out_0,194,0,0
F1,M1,1841,channel_2,159,0,0
F1,M1,1842,f1_out_0,262,0,0
F1,M1,1842,channel_2,158,0,0
F1,M1,1843,f1_out_0,326,0,0
F1,M1,1843,channel_2,157,0,0
F1,M1,1844,f1_out_0,377,0,0
F1,M1,1844,channel_2,156,0,0
F1,M1,1845,f1_out_0,408,0,0
F1,M1,1845,channel_2,155,0,0
F1,M1,1846,f1_out_0,412,0,0
F1,M1,1846,channel_2,154,0,0
F1,M1,1847,f1_out_0,384,0,0
F1,M1,1847,channel_2,153,0,0
F1,M1,1848,f1_out_0,321,0,0
F1,M1,1848,channel_2,152,0,0
F1,M1,1849,f1_out_0,229,0,0
F1,M1,1849,channel_2,151,0,0
F1,M1,1850,f1_out_0,113,0,0
F1,M1,1850,channel_2,150,0,0
F1,M1,1851,f1_out_0,-15,0,0
F1,M1,1851,channel_2,149,0,0
F1,M1,1852,f1_out_0,-143,0,0
F1,M1,1852,channel_2,148,0,0
F1,M1,1853,f1_out_0,-259,0,0
F1,M1,1853,channel_2,147,0,0
F1,M1,1854,f1_out_0,-352,0,0
F1,M1,1854,channel_2,146,0,0
F1,M1,1855,f1_out_0,-414,0,0
F1,M1,1855,channel_2,145,0,0
F1,M1,1856,f1_out_0,-443,0,0
F1,M1,1856,channel_2,144,0,0
F1,M1,1857,f1_out_0,-439,0,0
F1,M1,1857,channel_2,143,0,0
F1,M1,1858,f1_out_0,-408,0,0
F1,M1,1858,channel_2,142,0,0
F1,M1,1859,f1_out_0,-357,0,0
F1,M1,1859,channel_2,141,0,0
F1,M1,1860,f1_out_0,-293,0,0
F1,M1,1860,channel_2,140,0,0
F1,M1,1861,f1_out_0,-225,0,0
F1,M1,1861,channel_2,139,0,0
F1,M1,1862,f1_out_0,-160,0,0
F1,M1,1862,channel_2,138,0,0
F1,M1,1863,f1_out_0,-89,0,0
F1,M1,1863,channel_2,137,0,0
F1,M1,1864,f1_out_0,-38,0,0
F1,M1,1864,channel_2,136,0,0
F1,M1,1865,f1_out_0,6,0,0
F1,M1,1865,channel_2,135,0,0
F1,M1,1866,f1_out_0,57,0,0
F1,M1,1866,channel_2,134,0,0
F1,M1,1867,f1_out_0,128,0,0
F1,M1,1867,channel_2,133,0,0
F1,M1,1868,f1_out_0,193,0,0
F1,M1,1868,channel_2,132,0,0
F1,M1,1869,f1_out_0,261,0,0
F1,M1,1869,channel_2,131,0,0
F1,M1,1870,f1_out_0,325,0,0
F1,M1,1870,channel_2,130,0,0
F1,M1,1871,f1_out_0,376,0,0
F1,M1,1871,channel_2,129,0,0
F1,M1,1872,f1_out_0,407,0,0
F1,M1,1872,channel_2,128,0,0
F1,M1,1873,f1_out_0,411,0,0
F1,M1,1873,channel_2,127,0,0
F1,M1,1874,f1_out_0,382,0,0
F1,M1,1874,channel_2,126,0,0
F1,M1,1875,f1_out_0,320,0,0
F1,M1,1875,channel_2,125,0,0
F1,M1,1876,f1_out_0,227,0,0
F1,M1,1876,channel_2,124,0,0
F1,M1,1877,f1_out_0,111,0,0
F1,M1,1877,channel_2,123,0,0
F1,M1,1878,f1_out_0,-16,0,0
F1,M1,1878,channel_2,122,0,0
F1,M1,1879,f1_out_0,-145,0,0
F1,M1,1879,channel_2,121,0,0
F1,M1,1880,f1_out_0,-261,0,0
F1,M1,1880,channel_2,120,0,0
F1,M1,1881,f1_out_0,-353,0,0
F1,M1,1881,channel_2,119,0,0
F1,M1,1882,f1_out_0,-416,0,0
F1,M1,1882,channel_2,118,0,0
F1,M1,1883,f1_out_0,-444,0,0
F1,M1,1883,channel_2,117,0,0
F1,M1,1884,f1_out_0,-440,0,0
F1,M1,1884,channel_2,116,0,0
F1,M1,1885,f1_out_0,-409,0,0
F1,M1,1885,channel_2,115,0,0
F1,M1,1886,f1_out_0,-358,0,0
F1,M1,1886,channel_2,114,0,0
F1,M1,1887,f1_out_0,-295,0,0
F1,M1,1887,channel_2,113,0,0
F1,M1,1888,f1_out_0,-226,0,0
F1,M1,1888,channel_2,112,0,0
F1,M1,1889,f1_out_0,-162,0,0
F1,M1,1889,channel_2,111,0,0
F1,M1,1890,f1_out_0,-91,0,0
F1,M1,1890,channel_2,110,0,0
F1,M1,1891,f1_out_0,-40,0,0
F1,M1,1891,channel_2,109,0,0
F1,M1,1892,f1_out_0,5,0,0
F1,M1,1892,channel_2,108,0,0
F1,M1,1893,f1_out_0,56,0,0
F1,M1,1893,channel_2,107,0,0
F1,M1,1894,f1_out_0,127,0,0
F1,M1,1894,channel_2,106,0,0
F1,M1,1895,f1_out_0,191,0,0
F1,M1,1895,channel_2,105,0,0
F1,M1,1896,f1_out_0,260,0,0
F1,M1,1896,channel_2,104,0,0
F1,M1,1897,f1_out_0,323,0,0
F1,M1,1897,channel_2,103,0,0
F1,M1,1898,f1_out_0,375,0,0
F1,M1,1898,channel_2,102,0,0
F1,M1,1899,f1_out_0,406,0,0
F1,M1,1899,channel_2,101,0,0
F1,M1,1900,f1_out_0,410,0,0
F1,M1,1900,channel_2,100,0,0
F1,M1,1901,f1_out_0,381,0,0
F1,M1,1901,channel_2,99,0,0
F1,M1,1902,f1_out_0,319,0,0
F1,M1,1902,channel_2,98,0,0
F1,M1,1903,f1_out_0,226,0,0
F1,M1,1903,channel_2,97,0,0
F1,M1,1904,f1_out_0,110,0,0
F1,M1,1904,channel_2,96,0,0
F1,M1,1905,f1_out_0,-17,0,0
F1,M1,1905,channel_2,95,0,0
F1,M1,1906,f1_out_0,-146,0,0
F1,M1,1906,channel_2,94,0,0
F1,M1,1907,f1_out_0,-262,0,0
F1,M1,1907,channel_2,93,0,0
F1,M1,1908,f1_out_0,-355,0,0
F1,M1,1908,channel_2,92,0,0
F1,M1,1909,f1_out_0,-417,0,0
F1,M1,1909,channel_2,91,0,0
F1,M1,1910,f1_out_0,-445,0,0
F1,M1,1910,channel_2,90,0,0
F1,M1,1911,f1_out_0,-442,0,0
F1,M1,1911,channel_2,89,0,0
F1,M1,1912,f1_out_0,-410,0,0
F1,M1,1912,channel_2,88,0,0
F1,M1,1913,f1_out_0,-359,0,0
F1,M1,1913,channel_2,87,0,0
F1,M1,1914,f1_out_0,-296,0,0
F1,M1,1914,channel_2,86,0,0
F1,M1,1915,f1_out_0,-227,0,0
F1,M1,1915,channel_2,85,0,0
F1,M1,1916,f1_out_0,-163,0,0
F1,M1,1916,channel_2,84,0,0
F1,M1,1917,f1_out_0,-92,0,0
F1,M1,1917,channel_2,83,0,0
F1,M1,1918,f1_out_0,-41,0,0
F1,M1,1918,channel_2,82,0,0
F1,M1,1919,f1_out_0,4,0,0
F1,M1,1919,channel_2,81,0,0
F1,M1,1920,f1_out_0,55,0,0
F1,M1,1920,channel_2,80,0,0
F1,M1,1921,f1_out_0,126,0,0
F1,M1,1921,channel_2,79,0,0
F1,M1,1922,f1_out_0,190,0,0
F1,M1,1922,channel_2,78,0,0
F1,M1,1923,f1_out_0,259,0,0
F1,M1,1923,channel_2,77,0,0
F1,M1,1924,f1_out_0,322,0,0
F1,M1,1924,channel_2,76,0,0
F1,M1,1925,f1_out_0,374,0,0
F1,M1,1925,channel_2,75,0,0
F1,M1,1926,f1_out_0,405,0,0
F1,M1,1926,channel_2,74,0,0
F1,M1,1927,f1_out_0,408,0,0
F1,M1,1927,channel_2,73,0,0
F1,M1,1928,f1_out_0,380,0,0
F1,M1,1928,channel_2,72,0,0
F1,M1,1929,f1_out_0,318,0,0
F1,M1,1929,channel_2,71,0,0
F1,M1,1930,f1_out_0,225,0,0
F1,M1,1930,channel_2,70,0,0
F1,M1,1931,f1_out_0,109,0,0
F1,M1,1931,channel_2,69,0,0
F1,M1,1932,f1_out_0,-19,0,0
F1,M1,1932,channel_2,68,0,0
F1,M1,1933,f1_out_0,-147,0,0
F1,M1,1933,channel_2,67,0,0
F1,M1,1934,f1_out_0,-263,0,0
F1,M1,1934,channel_2,66,0,0
F1,M1,1935,f1_out_0,-356,0,0
F1,M1,1935,channel_2,65,0,0
F1,M1,1936,f1_out_0,-418,0,0
F1,M1,1936,channel_2,64,0,0
F1,M1,1937,f1_out_0,-447,0,0
F1,M1,1937,channel_2,63,0,0
F1,M1,1938,f1_out_0,-443,0,0
F1,M1,1938,channel_2,62,0,0
F1,M1,1939,f1_out_0,-412,0,0
F1,M1,1939,channel_2,61,0,0
F1,M1,1940,f1_out_0,-360,0,0
F1,M1,1940,channel_2,60,0,0
F1,M1,1941,f1_out_0,-297,0,0
F1,M1,1941,channel_2,59,0,0
F1,M1,1942,f1_out_0,-228,0,0
F1,M1,1942,channel_2,58,0,0
F1,M1,1943,f1_out_0,-164,0,0
F1,M1,1943,channel_2,57,0,0
F1,M1,1944,f1_out_0,-93,0,0
F1,M1,1944,channel_2,56,0,0
F1,M1,1945,f1_out_0,-42,0,0
F1,M1,1945,channel_2,55,0,0
F1,M1,1946,f1_out_0,3,0,0
F1,M1,1946,channel_2,54,0,0
F1,M1,1947,f1_out_0,54,0,0
F1,M1,1947,channel_2,53,0,0
F1,M1,1948,f1_out_0,125,0,0
F1,M1,1948,channel_2,52,0,0
F1,M1,1949,f1_out_0,189,0,0
F1,M1,1949,channel_2,51,0,0
F1,M1,1950,f1_out_0,258,0,0
F1,M1,1950,channel_2,50,0,0
F1,M1,1951,f1_out_0,321,0,0
F1,M1,1951,channel_2,49,0,0
F1,M1,1952,f1_out_0,372,0,0
F1,M1,1952,channel_2,48,0,0
F1,M1,1953,f1_out_0,403,0,0
F1,M1,1953,channel_2,47,0,0
F1,M1,1954,f1_out_0,407,0,0
F1,M1,1954,channel_2,46,0,0
F1,M1,1955,f1_out_0,379,0,0
F1,M1,1955,channel_2,45,0,0
F1,M1,1956,f1_out_0,316,0,0
F1,M1,1956,channel_2,44,0,0
F1,M1,1957,f1_out_0,224,0,0
F1,M1,1957,channel_2,43,0,0
F1,M1,1958,f1_out_0,108,0,0
F1,M1,1958,channel_2,42,0,0
F1,M1,1959,f1_out_0,-20,0,0
F1,M1,1959,channel_2,41,0,0
F1,M1,1960,f1_out_0,-148,0,0
F1,M1,1960,channel_2,40,0,0
F1,M1,1961,f1_out_0,-264,0,0
F1,M1,1961,channel_2,39,0,0
F1,M1,1962,f1_out_0,-357,0,0
F1,M1,1962,channel_2,38,0,0
F1,M1,1963,f1_out_0,-419,0,0
F1,M1,1963,channel_2,37,0,0
F1,M1,1964,f1_out_0,-448,0,0
F1,M1,1964,channel_2,36,0,0
F1,M1,1965,f1_out_0,-444,0,0
F1,M1,1965,channel_2,35,0,0
F1,M1,1966,f1_out_0,-413,0,0
F1,M1,1966,channel_2,34,0,0
F1,M1,1967,f1_out_0,-362,0,0
F1,M1,1967,channel_2,33,0,0
F1,M1,1968,f1_out_0,-298,0,0
F1,M1,1968,channel_2,32,0,0
F1,M1,1969,f1_out_0,-230,0,0
F1,M1,1969,channel_2,31,0,0
F1,M1,1970,f1_out_0,-165,0,0
F1,M1,1970,channel_2,30,0,0
F1,M1,1971,f1_out_0,-94,0,0
F1,M1,1971,channel_2,29,0,0
F1,M1,1972,f1_out_0,-43,0,0
F1,M1,1972,channel_2,28,0,0
F1,M1,1973,f1_out_0,1,0,0
F1,M1,1973,channel_2,27,0,0
F1,M1,1974,f1_out_0,52,0,0
F1,M1,1974,channel_2,26,0,0
F1,M1,1975,f1_out_0,123,0,0
F1,M1,1975,channel_2,25,0,0
F1,M1,1976,f1_out_0,188,0,0
F1,M1,1976,channel_2,24,0,0
F1,M1,1977,f1_out_0,256,0,0
F1,M1,1977,channel_2,23,0,0
F1,M1,1978,f1_out_0,320,0,0
F1,M1,1978,channel_2,22,0,0
F1,M1,1979,f1_out_0,371,0,0
F1,M1,1979,channel_2,21,0,0
F1,M1,1980,f1_out_0,402,0,0
F1,M1,1980,channel_2,20,0,0
F1,M1,1981,f1_out_0,406,0,0
F1,M1,1981,channel_2,19,0,0
F1,M1,1982,f1_out_0,377,0,0
F1,M1,1982,channel_2,18,0,0
F1,M1,1983,f1_out_0,315,0,0
F1,M1,1983,channel_2,17,0,0
F1,M1,1984,f1_out_0,223,0,0
F1,M1,1984,channel_2,16,0,0
F1,M1,1985,f1_out_0,107,0,0
F1,M1,1985,channel_2,15,0,0
F1,M1,1986,f1_out_0,-21,0,0
F1,M1,1986,channel_2,14,0,0
F1,M1,1987,f1_out_0,-150,0,0
F1,M1,1987,channel_2,13,0,0
F1,M1,1988,f1_out_0,-266,0,0
F1,M1,1988,channel_2,12,0,0
F1,M1,1989,f1_out_0,-358,0,0
F1,M1,1989,channel_2,11,0,0
F1,M1,1990,f1_out_0,-421,0,0
F1,M1,1990,channel_2,10,0,0
F1,M1,1991,f1_out_0,-449,0,0
F1,M1,1991,channel_2,9,0,0
F1,M1,1992,f1_out_0,-445,0,0
F1,M1,1992,channel_2,8,0,0
F1,M1,1993,f1_out_0,-414,0,0
F1,M1,1993,channel_2,7,0,0
F1,M1,1994,f1_out_0,-363,0,0
F1,M1,1994,channel_2,6,0,0
F1,M1,1995,f1_out_0,-299,0,0
F1,M1,1995,channel_2,5,0,0
F1,M1,1996,f1_out_0,-231,0,0
F1,M1,1996,channel_2,4,0,0
F1,M1,1997,f1_out_0,-167,0,0
F1,M1,1997,channel_2,3,0,0
F1,M1,1998,f1_out_0,-95,0,0
F1,M1,1998,channel_2,2,0,0
F1,M1,1999,f1_out_0,-44,0,0
F1,M1,1999,channel_2,1,0,0
F1,M1,2000,f1_out_0,0,0,0
F1,M1,2000,channel_2,0,0,0
F1,M1,2001,f1_out_0,51,0,0
F1,M1,2001,channel_2,-1,0,0
F1,M1,2002,f1_out_0,122,0,0
F1,M1,2002,channel_2,-2,0,0
F1,M1,2003,f1_out_0,187,0,0
F1,M1,2003,channel_2,-3,0,0
F1,M1,2004,f1_out_0,255,0,0
F1,M1,2004,channel_2,-4,0,0
F1,M1,2005,f1_out_0,318,0,0
F1,M1,2005,channel_2,-5,0,0
F1,M1,2006,f1_out_0,370,0,0
F1,M1,2006,channel_2,-6,0,0
F1,M1,2007,f1_out_0,401,0,0
F1,M1,2007,channel_2,-7,0,0
F1,M1,2008,f1_out_0,405,0,0
F1,M1,2008,channel_2,-8,0,0
F1,M1,2009,f1_out_0,376,0,0
F1,M1,2009,channel_2,-9,0,0
F1,M1,2010,f1_out_0,314,0,0
F1,M1,2010,channel_2,-10,0,0
F1,M1,2011,f1_out_0,221,0,0
F1,M1,2011,channel_2,-11,0,0
F1,M1,2012,f1_out_0,105,0,0
F1,M1,2012,channel_2,-12,0,0
F1,M1,2013,f1_out_0,-22,0,0
F1,M1,2013,channel_2,-13,0,0
F1,M1,2014,f1_out_0,-151,0,0
F1,M1,2014,channel_2,-14,0,0
F1,M1,2015,f1_out_0,-267,0,0
F1,M1,2015,channel_2,-15,0,0
F1,M1,2016,f1_out_0,-360,0,0
F1,M1,2016,channel_2,-16,0,0
F1,M1,2017,f1_out_0,-422,0,0
F1,M1,2017,channel_2,-17,0,0
F1,M1,2018,f1_out_0,-450,0,0
F1,M1,2018,channel_2,-18,0,0
F1,M1,2019,f1_out_0,-447,0,0
F1,M1,2019,channel_2,-19,0,0
F1,M1,2020,f1_out_0,-415,0,0
F1,M1,2020,channel_2,-20,0,0
F1,M1,2021,f1_out_0,-364,0,0
F1,M1,2021,channel_2,-21,0,0
F1,M1,2022,f1_out_0,-301,0,0
F1,M1,2022,channel_2,-22,0,0
F1,M1,2023,f1_out_0,-232,0,0
F1,M1,2023,channel_2,-23,0,0
F1,M1,2024,f1_out_0,-168,0,0
F1,M1,2024,channel_2,-24,0,0
F1,M1,2025,f1_out_0,-97,0,0
F1,M1,2025,channel_2,-25,0,0
F1,M1,2026,f1_out_0,-46,0,0
F1,M1,2026,channel_2,-26,0,0
F1,M1,2027,f1_out_0,0,0,0
F1,M1,2027,channel_2,-27,0,0
F1,M1,2028,f1_out_0,44,0,0
F1,M1,2028,channel_2,-28,0,0
F1,M1,2029,f1_out_0,95,0,0
F1,M1,2029,channel_2,-29,0,0
F1,M1,2030,f1_out_0,167,0,0
F1,M1,2030,channel_2,-30,0,0
F1,M1,2031,f1_out_0,231,0,0
F1,M1,2031,channel_2,-31,0,0
F1,M1,2032,f1_out_0,299,0,0
F1,M1,2032,channel_2,-32,0,0
F1,M1,2033,f1_out_0,363,0,0
F1,M1,2033,channel_2,-33,0,0
F1,M1,2034,f1_out_0,414,0,0
F1,M1,2034,channel_2,-34,0,0
F1,M1,2035,f1_out_0,445,0,0
F1,M1,2035,channel_2,-35,0,0
F1,M1,2036,f1_out_0,449,0,0
F1,M1,2036,channel_2,-36,0,0
F1,M1,2037,f1_out_0,421,0,0
F1,M1,2037,channel_2,-37,0,0
F1,M1,2038,f1_out_0,358,0,0
F1,M1,2038,channel_2,-38,0,0
F1,M1,2039,f1_out_0,266,0,0
F1,M1,2039,channel_2,-39,0,0
F1,M1,2040,f1_out_0,150,0,0
F1,M1,2040,channel_2,-40,0,0
F1,M1,2041,f1_out_0,21,0,0
F1,M1,2041,channel_2,-41,0,0
F1,M1,2042,f1_out_0,-107,0,0
F1,M1,2042,channel_2,-42,0,0
F1,M1,2043,f1_out_0,-223,0,0
F1,M1,2043,channel_2,-43,0,0
F1,M1,2044,f1_out_0,-315,0,0
F1,M1,2044,channel_2,-44,0,0
F1,M1,2045,f1_out_0,-377,0,0
F1,M1,2045,channel_2,-45,0,0
F1,M1,2046,f1_out_0,-406,0,0
F1,M1,2046,channel_2,-46,0,0
F1,M1,2047,f1_out_0,-402,0,0
F1,M1,2047,channel_2,-47,0,0
F1,M1,2048,f1_out_0,-371,0,0
F1,M1,2048,channel_2,-48,0,0
F1,M1,2049,f1_out_0,-320,0,0
F1,M1,2049,channel_2,-49,0,0
F1,M1,2050,f1_out_0,-256,0,0
F1,M1,2050,channel_2,-50,0,0
F1,M1,2051,f1_out_0,-188,0,0
F1,M1,2051,channel_2,-51,0,0
F1,M1,2052,f1_out_0,-123,0,0
F1,M1,2052,channel_2,-52,0,0
F1,M1,2053,f1_out_0,-52,0,0
F1,M1,2053,channel_2,-53,0,0
F1,M1,2054,f1_out_0,-1,0,0
F1,M1,2054,channel_2,-54,0,0
F1,M1,2055,f1_out_0,43,0,0
F1,M1,2055,channel_2,-55,0,0
F1,M1,2056,f1_out_0,94,0,0
F1,M1,2056,channel_2,-56,0,0
