iter,compute_ns,wake_lag_ns,e2e_ns
0,332644,20420,374749
1,204257,20236,236752
2,193460,20181,224179
3,189813,20182,219957
4,190239,19788,219304
5,187646,19974,216971
6,188387,20160,217657
7,187146,20624,216825
8,187757,20606,216808
9,186331,19953,214746
10,187294,19842,215562
11,187553,20547,216785
12,204831,20678,236323
13,185368,19987,213762
14,189294,20321,217893
15,189016,20489,218709
16,191794,20249,221432
17,186534,19787,214544
18,187479,19893,215631
19,186572,19820,215132
20,186294,19987,214800
21,187776,20062,216412
22,187405,19779,216036
23,185757,19817,214666
24,185942,19947,213741
25,464717,19800,492869
26,404458,20116,433167
27,400477,20185,429809
28,395884,20334,424699
29,395644,20094,423885
30,637326,19817,665735
31,614734,19923,644100
32,613660,20238,642824
33,608011,20165,637362
34,608548,20444,637677
35,605807,20056,634290
36,604641,21088,634210
37,607492,20626,636878
38,606807,20423,636397
39,606363,20091,634917
40,606697,20678,636115
41,606492,21290,636893
42,603937,20143,632339
43,605030,19866,633044
44,605178,19811,634248
45,608882,20028,637761
46,608085,21547,638188
47,607900,20048,636745
48,606233,19827,634894
49,605159,24007,638370
50,613455,20156,642408
51,612604,20286,642038
52,608585,19954,637317
53,608900,20325,637744
54,608381,20894,637998
55,611733,19950,640573
56,609197,20137,637759
57,608419,20434,637315
58,606493,20002,635810
59,607270,20818,636903
60,926008,20412,955474
61,873471,20135,903550
62,862915,20025,891607
63,859378,22908,891231
64,856952,20316,885269
65,855860,19984,885177
66,870342,20152,899049
67,865694,23868,898821
68,861601,19943,889951
69,860452,20074,890156
70,861435,20112,890342
71,860342,19835,889769
72,861823,20904,890745
73,856583,20108,885987
74,858341,20017,887192
75,858657,20203,888230
76,859823,21994,890594
77,862342,19902,891521
78,861416,20384,890615
79,860563,19811,888986
80,859323,20479,888820
81,861490,21510,891759
82,859268,19900,887705
83,859452,20679,888928
84,858675,20069,887170
85,855989,20786,886016
86,859526,20416,889165
87,858527,20121,887722
88,855805,20011,884278
89,857267,20049,886520
90,859693,20710,889181
91,863397,19896,892126
92,863804,20490,893275
93,862786,19898,892369
94,862119,21615,892512
95,861064,20579,890494
96,858768,20061,887254
97,862305,20006,890829
98,857898,20081,886701
99,860860,20669,890251
100,858323,20077,886937
101,862397,20041,891104
102,859452,19968,888105
103,859286,21333,889692
104,863064,20074,891842
105,858249,20038,887620
106,862397,20595,891529
107,867638,20151,896770
108,858489,20886,888024
109,861619,20536,890784
110,862675,20018,891211
111,859120,20019,887805
112,856027,20606,884966
113,863415,20218,892541
114,859878,20145,888486
115,855008,20164,884006
116,862082,20110,890766
117,857526,20475,886575
118,858601,20161,887576
119,857175,20051,885448
120,857120,20070,885745
121,860249,23509,892424
122,859064,19862,887388
123,856619,19955,885797
124,861156,20160,890168
125,859805,20106,888540
126,861841,21248,891312
127,859100,19934,888220
128,862323,20083,890869
129,863304,20640,892944
130,858768,21820,889291
131,864175,20209,893680
132,859712,20433,889070
133,860656,20008,888682
134,861989,19897,890257
135,858120,20892,888030
136,859342,20023,887790
137,861101,20061,889772
138,860879,20006,889403
139,861341,21093,891379
140,863915,19798,892065
141,860360,19928,889066
142,860138,20281,888974
143,858564,20060,888031
144,861619,20776,890562
145,867711,20111,897563
146,862823,20112,891657
147,863174,19928,891936
148,858286,20644,887430
149,862212,20219,891412
150,860527,20091,889099
151,864860,20055,893470
152,864915,20815,894267
153,865063,22346,896595
154,857379,20106,886522
155,863267,20496,892727
156,859490,19979,888154
157,858601,20992,888407
158,865712,20382,894649
159,895878,20623,926779
160,867730,20291,897095
161,868527,20181,898022
162,864564,20786,893591
163,857360,20139,886944
164,859712,19973,887741
165,856323,20086,885094
166,861212,22376,891792
167,865379,19951,894163
168,867601,19934,896460
169,865175,19972,893702
170,860416,19973,889018
171,864064,20986,894253
172,867823,20024,897495
173,864212,20025,893255
174,863286,20192,892312
175,861304,21909,892232
176,862712,20151,891400
177,859156,19948,887864
178,858953,20560,888013
179,857545,20154,886273
180,863953,20648,893212
181,859101,20334,887972
182,871175,20391,900825
183,865527,20151,894826
184,864230,20757,894061
185,859897,20332,889729
186,855953,19870,884396
187,863063,20019,891916
188,866083,20001,895009
189,858379,20551,887763
190,856730,20237,885968
191,851823,20109,880339
192,848120,20017,876396
193,853138,20271,882335
194,859156,20383,888187
195,857583,20032,886262
196,863397,19959,891541
197,856841,19978,885172
198,855342,22214,885907
199,867657,19863,896482
200,866749,19956,895372
201,861212,20791,890539
202,853508,20841,882534
203,861657,20138,890183
204,861231,20398,890147
205,923488,20584,955314
206,868305,20067,897723
207,870452,21080,900291
208,859082,20173,887792
209,859694,20045,888164
210,864323,20268,892905
211,863601,22225,895029
212,863953,19948,892197
213,861841,20079,890476
214,860730,20154,889329
215,858860,19914,887422
216,859360,22038,889917
217,863063,20058,892381
218,862268,20040,891233
219,863990,19912,893734
220,861027,20147,889729
221,861656,20166,890582
222,859231,20186,887897
223,861101,20501,890713
224,861620,20539,890677
225,859526,20923,889338
226,861656,20053,889950
227,860805,20203,890470
228,868286,20037,897249
229,863212,20809,892928
230,862600,20440,891374
231,863786,20070,893226
232,862953,20108,891542
233,861360,19961,890432
234,865304,20900,894556
235,863453,20031,892650
236,857619,19976,885892
237,869138,20107,898207
238,869934,20712,899202
239,867879,20065,897054
240,1402428,20047,1431197
241,1322614,20048,1353162
242,1313558,20049,1343645
243,1309521,21470,1341009
244,1305058,20008,1334140
245,1314373,20249,1343993
246,1305132,20121,1334716
247,1304632,21375,1335544
248,1299892,19931,1329471
249,1303614,20043,1332713
250,1304262,20544,1335195
251,1321780,20101,1352714
252,1302244,21780,1333450
253,1304780,20540,1335339
254,1306003,19912,1336044
255,1305521,20005,1335693
256,1298928,22092,1331077
257,1316281,20093,1346244
258,1299206,20668,1329690
259,1306039,20169,1336265
260,1298225,20096,1328303
261,1306706,21220,1337668
262,1300170,19981,1330076
263,1297873,19982,1327910
264,1296300,19946,1326171
265,1303447,21699,1335220
266,1296744,19941,1326536
267,1305947,19979,1336074
268,1297707,20147,1327909
269,1302855,20073,1332317
270,1298188,21364,1329126
271,1301226,20069,1331312
272,1292244,19866,1321851
273,1301818,20719,1331981
274,1305207,21121,1336679
275,1307336,20085,1337328
276,1301873,20419,1332459
277,1302299,20272,1332423
278,1300299,20032,1330350
279,1295521,22008,1327159
280,1299355,20046,1329623
281,1298281,19954,1327716
282,1299447,20048,1329495
283,1300855,21709,1332193
284,1298373,19803,1328046
285,1296300,20044,1326103
286,1295540,20027,1325437
287,1294002,19954,1323660
288,1302799,22078,1334747
289,1297485,20227,1327063
290,1292670,20024,1322490
291,1290632,20303,1321195
292,1296096,21371,1326282
293,1296966,20169,1326653
294,1299151,20096,1328876
295,1297188,20041,1327525
296,1294299,20838,1324397
297,1295540,21111,1326502
298,1289559,19945,1318855
299,1292818,20557,1323708
300,1297226,20243,1326727
301,1290577,20997,1321277
302,1292225,20553,1321686
303,1295189,19962,1325779
304,1289559,19981,1319151
305,1291243,20167,1321504
306,1292040,21440,1323331
307,1290855,20181,1321092
308,1290929,20312,1320518
309,1292633,20109,1322575
310,1292670,21104,1322903
311,1292651,20197,1322422
312,1291503,20013,1320571
313,1293188,20125,1323239
314,1293336,20015,1322870
315,1288706,21102,1319901
316,1291929,19881,1320995
317,1290299,19956,1320218
318,1331817,20420,1363089
319,1302077,21933,1333676
320,1297744,19989,1327233
321,1305633,20083,1336234
322,1302244,20806,1333197
323,1297522,20048,1327884
324,1294521,21098,1324471
325,1304874,20524,1336138
326,1305114,20118,1335399
327,1299318,20063,1329159
328,1295818,21669,1327061
329,1575499,23670,1618910
330,1556315,23449,1600948
331,1517149,22357,1558542
332,1572092,23006,1617302
333,1478316,26371,1521538
334,1520167,23798,1563779
335,1572203,22725,1617150
336,1531871,23300,1574837
337,1488427,26405,1533091
338,1561037,22814,1603999
339,1556018,22704,1601018
340,1528463,22482,1570742
341,1552519,22132,1599946
342,1500297,23885,1540052
343,1566258,23923,1611219
344,1559092,25128,1605739
345,1506926,21851,1547222
346,1520944,25827,1563216
347,1505908,22217,1550402
348,1372298,20866,1406794
349,1362854,20497,1395813
350,1331836,20590,1363148
351,1316725,22085,1350013
352,1308874,20530,1339199
353,1308022,20438,1338923
354,1297781,20328,1327590
355,1300873,22360,1333177
356,1299484,19898,1329030
357,1301336,20140,1331105
358,1296595,20122,1326014
359,1358373,20216,1389514
360,1303577,21969,1335268
361,1296354,20174,1325880
362,1296281,20323,1325826
363,1295633,20268,1325438
364,1296188,22152,1327599
365,1293485,20356,1323433
366,1307577,19894,1337805
367,1297614,20247,1327676
368,1295336,20174,1324862
369,1303836,21206,1334838
370,1300577,20058,1329450
371,1295151,20115,1324803
372,1297410,20672,1326804
373,1292559,21759,1323965
374,1296817,20093,1325892
375,1297688,20612,1328060
376,1293225,20076,1323024
377,1289910,20077,1319969
378,1294855,22442,1326519
379,1289651,20610,1319909
380,1294318,20129,1323354
381,1295855,20075,1325281
382,1291911,21514,1322461
383,1290114,20014,1319480
384,1294188,20275,1323574
385,1289984,20035,1319797
386,1290447,20166,1319872
387,1293318,22104,1325126
388,1289910,20068,1318738
389,1309392,19792,1339720
390,1294744,20181,1324258
391,1295114,21491,1326438
392,1295688,20010,1325161
393,1297707,20085,1327644
394,1291633,20105,1320422
395,1294022,20698,1324071
396,1290670,21322,1320455
397,1292448,20009,1322104
398,1294429,20695,1323901
399,1291392,20085,1320921
400,1290910,21320,1320915
401,1326502,20876,1357990
402,1298466,20173,1328343
403,1293817,20063,1323474
404,1294225,20324,1323789
405,1289614,21244,1321080
406,1289003,20041,1318840
407,1295170,20135,1324415
408,1289651,19951,1318528
409,1292652,21556,1323948
410,1293095,20131,1322264
411,1287429,19984,1317542
412,1288003,20078,1316988
413,1289614,20171,1319618
414,1288651,21110,1318872
415,1286022,20092,1315744
416,1289725,20001,1319263
417,1288632,20206,1318394
418,1285726,21107,1315499
419,1297559,20275,1327926
420,1286522,19980,1315983
421,1292318,20629,1322280
422,1289280,20056,1319207
423,1287263,21587,1318423
424,1286262,20625,1316461
425,1289114,20126,1318722
426,1288817,20090,1317778
427,1287263,22288,1319439
428,1289929,20382,1319718
429,1289596,20253,1319145
430,1289577,20069,1318868
431,1287096,20144,1316962
432,1290873,21453,1321493
433,1288503,20288,1318179
434,1292632,20066,1322402
435,1300244,21086,1331533
436,1290133,22210,1322342
437,1293910,20081,1323399
438,1288669,20490,1318826
439,1290299,20139,1320438
440,1287188,19936,1316624
441,1290373,21486,1321544
442,1287411,20265,1317897
443,1287929,20025,1317528
444,1289910,20730,1320473
445,1286392,21483,1316875
446,1289466,20058,1319043
447,1294503,21022,1325266
448,1285095,20357,1315100
449,1293948,20117,1323231
450,1286077,21759,1317466
451,1296022,20131,1325541
452,1287614,20076,1316857
453,1294206,19966,1323543
454,1284596,21423,1315500
455,1296132,20202,1326038
456,1299206,20148,1328873
457,1296058,20260,1325281
458,1305985,21057,1337115
459,1290207,21959,1322462
460,1300688,20108,1330611
461,1297448,20201,1327315
462,1298595,19888,1328131
463,1296207,21049,1327089
464,1296206,20161,1326534
465,1290614,19903,1319628
466,1289762,20144,1319721
467,1290170,20627,1320611
468,1285762,21269,1316383
469,1298336,20011,1327829
470,1288077,20419,1318885
471,1291688,20050,1321349
472,1297540,21081,1328621
473,1299410,20508,1329919
474,1291558,19972,1321049
475,1297928,20066,1327458
476,1288707,20030,1318810
477,1297318,21358,1328434
478,1287669,19914,1318010
479,1296874,20119,1326677
480,1300300,19898,1330548
481,1310281,21170,1341728
482,1310317,20171,1341710
483,1307762,20098,1338489
484,1295373,20191,1325694
485,1297428,20211,1327417
486,1295577,21446,1327171
487,1294003,19910,1323505
488,1293837,20226,1324488
489,1292743,19986,1322396
490,1295447,21425,1326890
491,1291040,19981,1320892
492,1293263,20056,1323929
493,1290614,20483,1321171
494,1297392,19892,1328024
495,1294022,21312,1324759
496,1291429,20739,1322371
497,1292781,19962,1322687
498,1292985,19926,1322818
499,1289188,21698,1320146
500,1292448,20107,1322517
501,1289466,20108,1318907
502,1287669,19905,1317334
503,1288503,20035,1317853
504,1306003,21659,1338162
505,1305910,20105,1335404
506,1296226,19884,1325775
507,1291021,20181,1320962
508,1291891,22083,1324086
509,1294669,20084,1324216
510,1293633,20029,1323291
511,1294707,19975,1324385
512,1314280,20050,1344423
513,1299373,21711,1330658
514,1295077,20026,1324789
515,1292466,19861,1322012
516,1290114,20491,1320679
517,1290725,21097,1321304
518,1291503,19913,1321138
519,1289244,20673,1319268
520,1290540,20044,1320510
521,1292392,20101,1321956
522,1290355,21799,1321487
523,1291410,19985,1321192
524,1294633,20060,1324545
525,1294429,19876,1323527
526,1290985,21278,1321966
527,1347429,20038,1378318
528,1352743,20743,1386893
529,1307688,19892,1337080
530,1306280,20208,1336507
531,1302780,22998,1335723
532,1299947,19944,1329873
533,1298614,19945,1328133
534,1297058,19983,1326615
535,1294299,21570,1325425
536,1295207,20052,1324944
537,1295855,20109,1325352
538,1296188,20054,1325798
539,1299817,20111,1329317
540,1298040,21809,1329719
541,1294151,20106,1323665
542,1291354,20218,1321147
543,1293910,20034,1323555
544,1292243,21714,1323642
545,1296206,20141,1325847
546,1296281,20012,1325996
547,1294021,20309,1323960
548,1290725,20403,1321128
549,1329132,21397,1360289
550,1336410,20306,1367715
551,1324095,20455,1355698
552,1306633,20345,1336810
553,1293651,21246,1324546
554,1296466,20173,1326417
555,1297448,20100,1327010
556,1296428,19972,1326048
557,1294966,20639,1324716
558,1295410,21541,1326877
559,1294077,20005,1323471
560,1295558,20821,1325898
561,1293243,20192,1323232
562,1293096,21242,1323893
563,1294911,20539,1325227
564,1291003,20096,1320617
565,1291281,20023,1320618
566,1294985,19931,1324341
567,1289689,21203,1320151
568,1293744,20093,1323559
569,1294688,20094,1324116
570,1289132,20040,1318728
571,1289447,21442,1320463
572,1291633,20165,1321316
573,1289818,20092,1319298
574,1290373,20019,1319818
575,1290707,20149,1320282
576,1292262,21144,1323091
577,1290336,19830,1319647
578,1293262,20201,1322797
579,1290818,20184,1320057
580,1290522,21363,1321699
581,1291614,20235,1321237
582,1288984,20050,1318387
583,1288688,20366,1318462
584,1288726,19960,1318222
585,1288910,21084,1319401
586,1288558,20603,1318680
587,1291133,20252,1320552
588,1289003,19976,1318441
589,1289910,21822,1320806
590,1290188,20101,1319641
591,1290263,20083,1319808
592,1290318,20177,1320087
593,1288762,19955,1318180
594,1291540,21061,1321897
595,1290281,20006,1319602
596,1299337,20063,1329529
597,1303059,20082,1333270
598,1297373,21836,1328431
599,1292318,20078,1321562
600,1290596,19986,1320156
601,1291188,20283,1321027
602,1292040,20247,1321695
603,1294522,21168,1325189
604,1291577,20372,1321635
605,1294466,20133,1323839
606,1291762,20504,1321785
607,1289355,21184,1319501
608,1288762,20203,1318854
609,1291170,20519,1320762
610,1290984,20131,1320560
611,1289985,20058,1319709
612,1294595,21923,1326111
613,1291874,20183,1321723
614,1296262,20036,1325779
615,1294133,20018,1323151
616,1290559,21420,1321793
617,1291855,20088,1321442
618,1289780,20329,1319443
619,1294299,20108,1323500
620,1292466,20128,1322223
621,1289410,21659,1320384
622,1290836,20030,1320293
623,1288132,19994,1317553
624,1290947,19958,1320554
625,1289243,20971,1319308
626,1291318,19898,1320734
627,1291447,20140,1320680
628,1290966,20067,1320718
629,1287558,20568,1317256
630,1290966,21451,1321972
631,1287614,20156,1317159
632,1288596,20638,1318845
633,1289763,20213,1319383
634,1287484,21023,1318081
635,1290799,20505,1320415
636,1287670,19950,1317139
637,1294448,19951,1323695
638,1289818,20212,1319714
639,1287614,20984,1317857
640,1288726,20151,1318543
641,1290948,20004,1320544
642,1291022,19857,1320471
643,1286503,21240,1317262
644,1290837,20186,1320930
645,1287910,20261,1317727
646,1288447,20040,1318376
647,1288225,20207,1317895
648,1287632,21072,1318371
649,1288707,20036,1317872
650,1290633,20167,1320281
651,1290596,19964,1319856
652,1294892,21403,1326646
653,1293392,19867,1322851
654,1289726,19960,1319074
655,1287892,20480,1317835
656,1290466,20018,1320373
657,1289280,21438,1319941
658,1289985,20550,1320164
659,1291651,20162,1320943
660,1289688,19941,1319592
661,1291244,21880,1322494
662,1288743,20122,1318347
663,1288410,20178,1318181
664,1289725,20253,1319738
665,1289633,20162,1319276
666,1287892,21415,1319011
667,1288744,20102,1318160
668,1286911,20177,1316902
669,1293503,20252,1322903
670,1291818,21431,1322527
671,1289169,20099,1318731
672,1290781,20044,1320529
673,1288854,20175,1318493
674,1291448,19917,1320827
675,1289763,21207,1320451
676,1287818,20245,1318045
677,1287744,20117,1317249
678,1290207,20544,1320176
679,1288781,21205,1319152
680,1289429,20039,1319153
681,1289466,20577,1319673
682,1286669,20041,1316155
683,1288558,20172,1318267
684,1286818,21518,1318428
685,1287725,19963,1317207
686,1490130,20724,1525317
687,1639313,22984,1681853
688,1599721,27886,1648607
689,1603110,24831,1650978
690,1611499,24869,1659331
691,1513815,23611,1555037
692,1446297,21593,1486409
693,1436242,28754,1480829
694,1423113,23237,1461923
695,1402909,25034,1442054
696,1420983,23461,1459758
697,1389428,28992,1430901
698,1418427,24716,1457254
699,1414075,23383,1451144
700,1409909,23551,1447200
701,1407909,23533,1445794
702,1410835,23528,1448696
703,1414501,22992,1452030
704,1413261,23604,1452605
705,1409724,24216,1448051
706,1402409,26451,1443712
707,1418983,23174,1455879
708,1593611,28879,1645637
709,1591222,29509,1643416
710,1587721,25307,1635250
711,1588481,29857,1638004
712,1604017,24858,1651894
713,1599462,24507,1645191
714,1659554,24600,1710228
715,1590963,28632,1639242
716,1785923,27244,1842556
717,1746182,45689,1815038
718,1745239,28987,1812447
719,1704165,29358,1757245
720,1659980,38667,1718999
721,1590573,31094,1646704
722,1612555,27280,1663946
723,1619925,24522,1666484
724,1554723,29924,1603461
725,1580129,26499,1628128
726,1622703,25481,1669665
727,1562629,25390,1607612
728,1458427,23020,1498669
729,1423371,29015,1467331
730,1424705,22794,1462591
731,1455594,23535,1495721
732,1425391,22592,1463389
733,1414297,24809,1452125
734,1424761,22680,1462533
735,1409631,22922,1447016
736,1409798,23737,1447294
737,1402872,22775,1440555
738,1390538,29714,1433808
739,1405465,24937,1443920
740,1421150,23624,1461125
741,1635480,27328,1688401
742,1511537,28656,1558527
743,1538982,22805,1582879
744,1481704,22547,1521381
745,1567610,23215,1610381
746,1630518,24327,1680622
747,1515981,28265,1562525
748,1527315,23026,1570452
749,1614462,25990,1664026
750,1531556,26435,1579490
751,1403057,31578,1447672
752,1379279,21412,1412803
753,1341076,21506,1374156
754,1393521,20636,1425175
755,1402502,37507,1455009
756,1390872,25261,1427985
757,1333743,25781,1370005
758,1369854,24800,1473098
759,1338966,21394,1404673
760,1312428,23073,1375928
761,1331540,20741,1395502
762,1422446,23242,1521076
763,1374039,21447,1444059
764,1358336,20966,1425801
765,1336706,21831,1401074
766,1341984,20832,1424278
767,1339928,20648,1403761
768,1336484,21482,1400354
769,1320336,21810,1384775
770,1326077,20255,1403942
771,1329262,20627,1391462
772,1330521,20517,1392148
773,1317595,20684,1377520
774,1313743,21864,1392144
775,1338614,20494,1401033
776,1325762,20255,1387683
777,1325133,21644,1386702
778,1314447,21435,1391456
779,1325077,20677,1385605
780,1322855,20271,1383532
781,1330206,22901,1393699
782,1325391,20476,1418070
783,1325706,22322,1387528
784,1328558,20231,1388825
785,1318151,21250,1379752
786,1319984,21048,1400827
787,1331836,22375,1394044
788,1333632,20358,1395767
789,1331799,21285,1393287
790,1322762,20434,1401362
791,1329836,20268,1390196
792,1327336,21781,1388691
793,1328318,21264,1388803
794,1320910,20283,1398341
795,1323836,20191,1384008
796,1317076,21760,1377836
797,1310688,21279,1387244
798,1309818,20392,1369172
799,1317854,20244,1379172
800,1318540,20597,1378414
801,1308539,21869,1384464
802,1321188,20333,1380706
803,1308354,20112,1367503
804,1331169,20761,1392263
805,1307837,21385,1384202
806,1324391,20331,1386722
807,1312836,20350,1372464
808,1313484,20592,1371965
809,1317928,21241,1395428
810,1315651,21495,1379256
811,1318077,20348,1378368
812,1313762,20756,1374110
813,1321688,21979,1399759
814,1306651,21844,1369143
815,1307818,20160,1366699
816,1307744,20457,1366422
817,1317817,20199,1392627
818,1317095,20737,1377683
819,1303040,21490,1363530
820,1310077,20677,1369623
821,1309003,20937,1385550
822,1315521,21382,1377088
823,1303466,21414,1362861
824,1309521,20600,1370695
825,1311299,20193,1385881
826,1317836,21176,1378400
827,1308040,20492,1367401
828,1299836,21542,1359229
829,1309892,20709,1383897
830,1321077,21099,1381712
831,1309688,20174,1368028
832,1299892,21687,1358893
833,1317725,20559,1393172
834,1320391,20282,1382395
835,1310392,20468,1370489
836,1312632,20506,1372304
837,1314059,21630,1390262
838,1324058,20464,1384966
839,1311688,20447,1370708
840,1315891,20411,1375765
841,1345169,21998,1443870
842,1332132,22091,1396704
843,1316521,20296,1376132
844,1318317,20852,1379392
845,1316836,20631,1392911
846,1314132,21848,1375091
847,1318966,20830,1379518
848,1316484,20128,1376482
849,1313095,20740,1388445
850,1309540,21901,1370162
851,1319502,20328,1378904
852,1309059,20347,1368683
853,1313706,20663,1388906
854,1320725,20220,1381092
855,1303077,21658,1361735
856,1311429,20511,1370921
857,1313392,20660,1389144
858,1325966,21235,1387478
859,1301595,21934,1362177
860,1312891,20268,1386251
861,1317077,20824,1378623
862,1315299,20233,1374494
863,1308836,20252,1368829
864,1310114,21562,1386453
865,1321280,21414,1382213
866,1312577,20360,1373306
867,1309391,20935,1369178
868,1309225,21355,1385728
869,1320262,20449,1380599
870,1313854,20635,1374508
871,1307021,20358,1366027
872,1307410,21822,1384120
873,1312151,22002,1374022
874,1314188,20540,1374431
875,1313151,20133,1372950
876,1313706,20356,1389321
877,1311725,21499,1372261
878,1305207,20426,1364854
879,1309614,20353,1369448
880,1302021,20150,1375967
881,1325428,20707,1387116
882,1311891,22053,1371852
883,1304336,20387,1364223
884,1310558,20407,1384798
885,1326262,20574,1388317
886,1308540,21865,1369701
887,1308781,20403,1368257
888,1305540,20497,1382054
889,1315521,20294,1375796
890,1313429,21239,1374519
891,1299799,21512,1359570
892,1311522,20457,1388311
893,1326873,20995,1389756
894,1313558,21107,1374239
895,1305707,21472,1365326
896,1334540,21232,1418438
897,1321670,20752,1384087
898,1314039,21308,1375125
899,1310151,20791,1370293
900,1306336,21767,1396102
901,1321596,20656,1383510
902,1309725,21046,1370567
903,1306799,20936,1367790
904,1300021,21820,1375618
905,1316891,20506,1377749
906,1315392,20470,1375398
907,1310317,20489,1369417
908,1310317,20453,1385492
909,1311818,21355,1372505
910,1313151,20615,1374636
911,1310540,20357,1370878
912,1318910,20654,1395138
913,1320058,21408,1382836
914,1323077,20798,1384207
915,1309651,20354,1369838
916,1309262,20892,1385505
917,1322465,20338,1382543
918,1310614,21443,1372557
919,1333780,20870,1397502
920,1317299,20149,1393725
921,1322261,20002,1382596
922,1310725,22089,1372147
923,1308984,20108,1384166
924,1317744,20109,1378945
925,1313076,20240,1372927
926,1309447,20296,1367817
927,1308095,21032,1382182
928,1320484,20366,1382220
929,1315058,20219,1374517
930,1315558,20738,1376777
931,1309225,21862,1386809
932,1319780,20159,1381532
933,1308910,20549,1369811
934,1314836,21161,1374664
935,1312447,21329,1390831
936,1314022,22064,1375141
937,1313780,20639,1373753
938,1308911,20770,1369328
939,1310262,21271,1385403
940,1306670,21599,1366934
941,1312502,20507,1372509
942,1324818,21193,1386232
943,1315317,21231,1392030
944,1316095,20066,1376716
945,1301299,21412,1361562
946,1310188,20394,1369397
947,1309002,20784,1384768
948,1332447,20841,1393991
949,1301521,22335,1363800
950,1308744,20392,1367431
951,1316836,20670,1393191
952,1317299,20320,1378377
953,1317133,20487,1377897
954,1310281,21685,1371688
955,1318225,21353,1398151
956,1314040,20354,1375819
957,1309447,20299,1369598
958,1308780,21312,1369407
959,1312577,21073,1403482
960,1316780,20314,1376816
961,1310836,20871,1372132
962,1309613,21020,1368133
963,1297059,21551,1372387
964,1312928,20775,1373536
965,1318373,20942,1379926
966,1312318,20832,1371705
967,1310891,21864,1389477
968,1319021,20420,1379200
969,1309058,20421,1368831
970,1310874,20126,1370572
971,1314114,20256,1388555
972,1310966,21492,1372179
973,1313021,20252,1372736
974,1305391,20123,1364385
975,1315632,20809,1392330
976,1314095,22137,1377324
977,1311410,20212,1370677
978,1306614,20213,1366697
979,1321521,21344,1397309
980,1317447,21252,1379995
981,1300836,21895,1360805
982,1307299,20322,1366750
983,1306299,23823,1385010
984,1318836,20990,1378696
985,1304928,21762,1364913
986,1310466,20263,1371062
987,1317558,20764,1394211
988,1319780,21006,1382008
989,1310262,20303,1370083
990,1302614,22002,1393911
991,1333521,20465,1395190
992,1312632,20837,1372487
993,1310243,20301,1369581
994,1306355,22369,1383945
995,1312743,20259,1370910
996,1317354,20630,1378596
997,1307669,20613,1366745
998,1313410,20318,1389394
999,1312633,21460,1373074
1000,1322855,20572,1383815
1001,1315410,20795,1375390
1002,1312317,20296,1387836
1003,1313559,21365,1376608
1004,1313447,20533,1373794
1005,1314243,22256,1376036
1006,1311669,20553,1386407
1007,1320873,20795,1381704
1008,1308799,21697,1370625
1009,1314577,20309,1374681
1010,1308559,20699,1383701
1011,1316539,20348,1376905
1012,1302910,21398,1364659
1013,1308373,20843,1367401
1014,1303707,20140,1377550
1015,1313558,20345,1372940
1016,1318911,20161,1378830
1017,1306817,21118,1366472
1018,1307503,20101,1396751
1019,1316799,20028,1377178
1020,1314133,21343,1374790
1021,1309558,21264,1369174
1022,1314762,20117,1389711
1023,1315373,20266,1374861
1024,1333614,20748,1394232
1025,1317076,20175,1376955
1026,1302725,22299,1384172
1027,1324466,20559,1385469
1028,1317206,20653,1377322
1029,1318206,20543,1378193
1030,1301466,22093,1377595
1031,1323169,20853,1384152
1032,1314244,20632,1374079
1033,1307447,20874,1366857
1034,1306891,20430,1382284
1035,1318873,21665,1380334
1036,1314410,20981,1374724
1037,1310595,20723,1370947
1038,1312521,20520,1387281
1039,1311873,21848,1372628
1040,1311651,20682,1372907
1041,1311077,20591,1370815
1042,1304596,20573,1379649
1043,1318688,20889,1379502
1044,1304281,21754,1364571
1045,1315984,20366,1375775
1046,1312521,20848,1387591
1047,1320059,20423,1380240
1048,1310743,21584,1370883
1049,1315577,20215,1375976
1050,1309910,20383,1384107
1051,1309466,20235,1368034
1052,1309799,20533,1369942
1053,1308225,21231,1383400
1054,1330058,20343,1394474
1055,1364576,20788,1430012
1056,1332225,20919,1394662
1057,1314910,22043,1396841
1058,1322780,20359,1384972
1059,1329077,20804,1392251
1060,1316725,20453,1378270
1061,1314113,20399,1390345
1062,1309929,22023,1371044
1063,1339225,21542,1403989
1064,1318521,20599,1379008
1065,1319633,20637,1398917
1066,1314947,21668,1376541
1067,1320373,20354,1378986
1068,1314596,20263,1373635
1069,1308336,20227,1383303
1070,1322965,20765,1384193
1071,1312206,21204,1373132
1072,1314095,20242,1371929
1073,1315225,20132,1392282
1074,1326966,20281,1387801
1075,1308392,22090,1368074
1076,1315688,20646,1375204
1077,1322429,21055,1414371
1078,1320651,20741,1381391
1079,1376372,20779,1437577
1080,1323910,21551,1385961
1081,1322040,20534,1399554
1082,1317707,20775,1379518
1083,1313780,20221,1373723
1084,1332558,21567,1395088
1085,1319762,20790,1398533
1086,1320280,20180,1381719
1087,1314077,20200,1373869
1088,1553703,25015,1650737
1089,1517370,27158,1636713
1090,1535888,23974,1630529
1091,1579166,23234,1681066
1092,1542723,25161,1638364
1093,1462798,27433,1572211
1094,1588499,23471,1683840
1095,1542611,24157,1638379
1096,1561370,23140,1658231
1097,1554981,23104,1668528
1098,1534186,26783,1632375
1099,1562871,23025,1655487
1100,1556129,21415,1653432
1101,1518334,22749,1630267
1102,1534852,27892,1630224
1103,1584962,22671,1676021
1104,1567037,22838,1663800
1105,1538852,25024,1652079
1106,1581555,23340,1678931
1107,1435779,25001,1522631
1108,1507074,23113,1599965
1109,1598165,24281,1710039
1110,1549629,23634,1644559
1111,1482075,25517,1574295
1112,1513889,24648,1611129
1113,1571296,23741,1702555
1114,1480946,21428,1567094
1115,1443408,21725,1522744
1116,1421872,24664,1528405
1117,1450613,21794,1529258
1118,1434390,21480,1514185
1119,1444797,24315,1526000
1120,1394205,24013,1494995
1121,1447315,22310,1527625
1122,1437779,22478,1516867
1123,1686720,21497,1774736
1124,1572352,22683,1691089
1125,1588722,27067,1687621
1126,1627999,23494,1732603
1127,1555981,23235,1652475
1128,1574944,23829,1694253
1129,1598962,24712,1690785
1130,1509592,22861,1599324
1131,1631925,24381,1733694
1132,1490778,22882,1597770
1133,1481519,21809,1566901
1134,1435094,25174,1519896
1135,1478186,23915,1564767
1136,1448335,21324,1577972
1137,1486112,23473,1573825
1138,1430113,24282,1511801
1139,1474964,22653,1559524
1140,1459167,21858,1565340
1141,1484593,25174,1643229
1142,1631851,24564,1735969
1143,1551333,25466,1643280
1144,1645517,24133,1762205
1145,1585611,23282,1683466
1146,1561259,23080,1665597
1147,1581222,26574,1677406
1148,1544445,23594,1656704
1149,1655573,27150,1754685
1150,1456427,22484,1543651
1151,1470797,24189,1558245
1152,1414612,24628,1519443
1153,1488871,23740,1576370
1154,1493482,23871,1580537
1155,1479760,23427,1564761
1156,1430520,27551,1554366
1157,1477926,23386,1565089
1158,1475242,24813,1561387
1159,1463816,23128,1546647
1160,1633536,23481,1774590
1161,1553685,24846,1645475
1162,1617906,23606,1719512
1163,1576314,24922,1676291
1164,1543203,24812,1658644
1165,1521333,28473,1617083
1166,1565481,24789,1663491
1167,1525111,23679,1623493
1168,1562203,22217,1679919
1169,1482816,21644,1567977
1170,1432835,24249,1516972
1171,1456316,23472,1540695
1172,1458019,23381,1565399
1173,1470112,23493,1557678
1174,1432445,25302,1516191
1175,1432316,22173,1512970
1176,1429946,22952,1530601
1177,1444205,22416,1527787
1178,1435891,23565,1520436
1179,1641628,42041,1781520
1180,1568851,22801,1666263
1181,1554778,24580,1652672
1182,1458001,23044,1543081
1183,1350706,24131,1440058
1184,1353835,20669,1421782
1185,1332892,20948,1398357
1186,1343169,20338,1409895
1187,1327243,20135,1408803
1188,1331706,22241,1395724
1189,1339854,21556,1405225
1190,1322929,20131,1384856
1191,1319799,20336,1400319
1192,1324744,21645,1388740
1193,1313558,20276,1374686
1194,1311651,20370,1372835
1195,1317114,20389,1411539
1196,1327780,21557,1392096
1197,1309299,21440,1369479
1198,1311874,20589,1372684
1199,1315244,20183,1391425
1200,1320428,20906,1382445
1201,1308614,21567,1369958
1202,1320335,20698,1382311
1203,1308948,20236,1385312
1204,1320910,20348,1382776
1205,1312206,20312,1372036
1206,1308948,21176,1369345
1207,1305243,20196,1381939
1208,1318836,20364,1379662
1209,1307244,20253,1367774
1210,1305021,21248,1364213
1211,1312484,20527,1388269
1212,1321836,20324,1383085
1213,1318762,20732,1379734
1214,1309744,20215,1369254
1215,1308058,20987,1383489
1216,1321410,21006,1382305
1217,1317650,20322,1378084
1218,1306373,20175,1366289
1219,1310169,21818,1388431
1220,1323040,20541,1384654
1221,1318502,20931,1379470
1222,1311410,20339,1371656
1223,1316743,20655,1393657
1224,1317021,21557,1378652
1225,1312206,20650,1371282
1226,1311373,20299,1370228
1227,1313392,20189,1389284
1228,1315688,22110,1377593
1229,1315799,20425,1376391
1230,1313447,20352,1373669
1231,1308855,20464,1385781
1232,1310595,20391,1371171
1233,1303411,21608,1363888
1234,1320633,20572,1382037
1235,1312799,20110,1389556
1236,1316558,20944,1377132
1237,1309910,21457,1370515
1238,1307558,20329,1366905
1239,1310485,20941,1387017
1240,1320039,20553,1380462
1241,1330965,21239,1396278
1242,1316910,22604,1382754
1243,1308354,20290,1386607
1244,1316169,20865,1376367
1245,1321891,20607,1383183
1246,1311892,22138,1390492
1247,1322002,20361,1383326
1248,1323447,21399,1384753
1249,1315151,20882,1375495
1250,1306688,20198,1381959
1251,1311948,21248,1372676
1252,1320170,21619,1382140
1253,1319411,20287,1377696
1254,1316280,20417,1405475
1255,1313965,21152,1376062
1256,1328354,20579,1389378
1257,1320317,20395,1380897
1258,1313707,20415,1390972
1259,1313392,21027,1375010
1260,1304799,22095,1367098
1261,1309411,20337,1369617
1262,1309040,22190,1386303
1263,1311947,20394,1371915
1264,1300910,21519,1360002
1265,1402039,21797,1477965
1266,1332206,21372,1417781
1267,1331392,20336,1396505
1268,1327058,20763,1387728
1269,1324187,21332,1386352
1270,1318151,20351,1396575
1271,1315614,20630,1376373
1272,1324058,20483,1386096
1273,1310263,21644,1372109
1274,1317651,20645,1396369
1275,1317855,20220,1379055
1276,1317484,20036,1378001
1277,1313058,20259,1372317
1278,1301002,22198,1378237
1279,1318521,20606,1379719
1280,1309354,20144,1369498
1281,1314151,20553,1374110
1282,1301355,21436,1378716
1283,1321984,20678,1382624
1284,1311577,20364,1371959
1285,1313058,20402,1372219
1286,1306540,20551,1382849
1287,1307170,22360,1367048
1288,1330762,20343,1395548
1289,1320688,20288,1380105
1290,1317502,20956,1397550
1291,1312244,22339,1374230
1292,1316503,20544,1376472
1293,1310651,20230,1370936
1294,1310391,20638,1386900
1295,1313558,20658,1373179
1296,1310095,21874,1371080
1297,1313262,21042,1373359
1298,1310614,21117,1385953
1299,1316002,20433,1375639
1300,1309707,21742,1370967
1301,1312596,20317,1372671
1302,1310355,20077,1386061
1303,1315781,20097,1376340
1304,1319336,20116,1379730
1305,1307966,21370,1368743
1306,1314985,20630,1390392
1307,1312169,20483,1372300
1308,1316447,20336,1377653
1309,1305114,22108,1382240
1310,1321503,20480,1382260
1311,1327577,20721,1390131
1312,1316336,20278,1376113
1313,1317873,20464,1411225
1314,1316206,21384,1378294
1315,1322132,21182,1385499
1316,1309892,20942,1371074
1317,1312539,20924,1390482
1318,1316688,21789,1378921
1319,1312318,20253,1372533
1320,1314688,20606,1375275
1321,1314818,20774,1392998
1322,1319873,21441,1383480
1323,1307873,22399,1371494
1324,1316022,20677,1375494
1325,1323299,20456,1403236
1326,1322910,20920,1384663
1327,1306448,22100,1368195
1328,1309910,20693,1370622
1329,1306614,20379,1383937
1330,1318391,20529,1379179
1331,1306133,20567,1367699
1332,1304910,21950,1366934
1333,1313225,20766,1391712
1334,1329058,20582,1391176
1335,1318873,20823,1380455
1336,1307206,21688,1367005
1337,1323688,20708,1400543
1338,1331077,20264,1393840
1339,1314355,20784,1374341
1340,1314281,20803,1374194
1341,1306225,21686,1381837
1342,1313632,20428,1373745
1343,1314039,21077,1375117
1344,1306170,20208,1365044
1345,1302595,21425,1378501
1346,1322965,20888,1384298
1347,1310002,20204,1370614
1348,1307855,20576,1367522
1349,1313188,20484,1389782
1350,1310873,22034,1374592
1351,1322947,20350,1384833
1352,1311151,20240,1370186
1353,1309837,20222,1384891
1354,1315706,21605,1377385
1355,1312373,20384,1372442
1356,1309892,20774,1369776
1357,1307725,20497,1383203
1358,1317558,20146,1376834
1359,1307651,21067,1367551
1360,1314577,20475,1375959
1361,1311262,21161,1387626
1362,1318762,20570,1380072
1363,1304781,21342,1364215
1364,1308966,20732,1369623
1365,1310077,20659,1386439
1366,1320262,20678,1383384
1367,1304114,20605,1362996
1368,1297633,21266,1357102
1369,1313595,20786,1389751
1370,1311744,20231,1372178
1371,1310836,21325,1371697
1372,1307688,22671,1400951
1373,1318503,20172,1378193
1374,1317114,20525,1378268
1375,1313077,21155,1373380
1376,1304428,20249,1379751
1377,1312595,21595,1373764
1378,1312022,20393,1373265
1379,1310448,20282,1369081
1380,1305836,20246,1382952
1381,1308707,21630,1367576
1382,1309169,20631,1368189
1383,1307521,20354,1366115
1384,1309521,20521,1384820
1385,1312744,20374,1371580
1386,1304392,21665,1365334
1387,1307762,20110,1366187
1388,1315521,20778,1394058
1389,1320317,20464,1382281
1390,1303077,21736,1364887
1391,1310891,20589,1372184
1392,1304410,20701,1381222
1393,1306429,20351,1366668
1394,1306910,20000,1365483
1395,1302947,21976,1363756
1396,1305670,20440,1380905
1397,1309003,20200,1368165
1398,1311744,20553,1372740
1399,1312854,22029,1375290
1400,1309114,20418,1384606
1401,1315744,20364,1375588
1402,1305244,20457,1365571
1403,1314540,20144,1374201
1404,1300503,21490,1375381
1405,1320762,20565,1380030
1406,1309318,20436,1368994
1407,1308910,20456,1368069
1408,1302373,21154,1376638
1409,1315707,20470,1376453
1410,1313928,20545,1374195
1411,1314058,20712,1373900
1412,1311133,20824,1386215
1413,1310669,21874,1371210
1414,1307929,20579,1368267
1415,1308632,20858,1369194
1416,1305855,20785,1380454
1417,1307706,21742,1369541
1418,1309854,20558,1368968
1419,1312206,20466,1370765
1420,1312132,21078,1387118
1421,1315188,20246,1375933
1422,1309854,21796,1370372
1423,1320706,20593,1381725
1424,1312836,20372,1389485
1425,1341151,20336,1402542
1426,1315614,21553,1375944
1427,1319002,20628,1380167
1428,1310799,20332,1386594
1429,1312484,20537,1373632
1430,1314650,20408,1373133
1431,1302910,21829,1362220
1432,1306243,20311,1396702
1433,1316318,20479,1377870
1434,1314465,20628,1373927
1435,1305559,21974,1380199
1436,1317799,20494,1377626
1437,1313910,20884,1374979
1438,1311669,20607,1371720
1439,1381409,20423,1459942
1440,1322391,21695,1383864
1441,1321836,20974,1384013
1442,1310225,20438,1369977
1443,1313021,20439,1387441
1444,1312743,21637,1373250
1445,1315114,20860,1375288
1446,1302596,20287,1361474
1447,1309558,20788,1386642
1448,1323929,20770,1385180
1449,1305225,22098,1365415
1450,1313374,20784,1373453
1451,1319243,20507,1393787
1452,1318503,21231,1379974
1453,1304632,22095,1365468
1454,1315280,20356,1374988
1455,1320113,20560,1395618
1456,1317391,20395,1378675
1457,1313966,20248,1373194
1458,1303095,21298,1362263
1459,1312150,20891,1388727
1460,1316743,20374,1378265
1461,1306614,20393,1366210
1462,1306836,21832,1368075
1463,1314114,20888,1392131
1464,1320354,20464,1381818
1465,1313484,20446,1373041
1466,1309540,20317,1370875
1467,1305891,21478,1381166
1468,1572315,23572,1667478
1469,1570648,24203,1666349
1470,1515297,21055,1604444
1471,1535630,24254,1647290
1472,1569666,25069,1669179
1473,1535704,22459,1626088
1474,1576092,23516,1673051
1475,1538797,25720,1654590
1476,1514408,27863,1607066
1477,1591703,22605,1687677
1478,1580185,24217,1677141
1479,1554277,23403,1669142
1480,1532481,26416,1625415
1481,1543888,23232,1643583
1482,1572592,22788,1669917
1483,1561056,22549,1675658
1484,1522352,22568,1615012
1485,1531667,24896,1623895
1486,1559185,23712,1654081
1487,1434445,21435,1534287
1488,1352928,20584,1421937
1489,1355373,23412,1425580
1490,1336781,22339,1403266
1491,1337706,20636,1437360
1492,1346781,20304,1411083
1493,1330873,20619,1392714
1494,1329873,22262,1395245
1495,1321336,20244,1401339
1496,1324188,20356,1385525
1497,1323669,20783,1386397
1498,1318281,22204,1381799
1499,1318484,20186,1396836
1500,1428187,22076,1504466
1501,1378854,21725,1450782
1502,1335540,20615,1418080
1503,1319503,22332,1383501
1504,1323447,20666,1385650
1505,1332595,21130,1396021
1506,1318428,20149,1397929
1507,1319113,21588,1384905
1508,1330188,20515,1391665
1509,1338891,21109,1403333
1510,1324651,20239,1404908
1511,1326447,20777,1387761
1512,1311021,21827,1372330
1513,1321096,20958,1382164
1514,1317744,20329,1397405
1515,1317632,20553,1379833
1516,1313614,21640,1375086
1517,1312336,21567,1373810
1518,1322021,20790,1402125
1519,1319281,20587,1379385
1520,1312299,20607,1374831
1521,1314188,22027,1375177
1522,1314262,20417,1391197
1523,1325558,20547,1388346
1524,1317243,20900,1378680
1525,1307429,22209,1369286
1526,1312150,20359,1388750
1527,1319317,20619,1378991
1528,1319280,20638,1379529
1529,1309706,20250,1369605
1530,1300799,21986,1377395
1531,1314318,20412,1374026
1532,1310725,20543,1370582
1533,1309132,20192,1368195
1534,1302558,22650,1379578
1535,1320058,20373,1379634
1536,1330595,20707,1391357
1537,1320855,20504,1383007
1538,1322058,20283,1401730
1539,1311632,22111,1373391
1540,1319947,20575,1378707
1541,1335150,21354,1399522
1542,1425168,20521,1530022
1543,1542722,26330,1632626
1544,1587463,23517,1685608
1545,1511204,22314,1608999
1546,1551241,24352,1667110
1547,1538019,22779,1634056
1548,1533963,24533,1623291
1549,1462483,21756,1547849
1550,1446223,21923,1570109
1551,1440131,21684,1522110
1552,1412761,22789,1492160
1553,1449557,22161,1532809
1554,1431094,21736,1532995
1555,1443205,21644,1526052
1556,1440520,21515,1519590
1557,1393020,24028,1472807
1558,1636018,25770,1762823
1559,1581685,25178,1681973
1560,1610554,23253,1706918
1561,1495833,25933,1587211
1562,1598277,24545,1713747
1563,1499926,23139,1591861
1564,1601814,24492,1696712
1565,1458001,21826,1566955
1566,1430149,25450,1515228
1567,1448242,22932,1532025
1568,1431742,22600,1513286
1569,1440927,22823,1547231
1570,1420909,24781,1502022
1571,1423538,23337,1505282
1572,1444057,23153,1526079
1573,1433908,23080,1539117
1574,1567407,23210,1669709
1575,1562796,26668,1658722
1576,1625887,24039,1726185
1577,1586296,23059,1706798
1578,1524112,23504,1620892
1579,1552167,24962,1644312
1580,1537019,26629,1633758
1581,1577926,24612,1707814
1582,1498704,21446,1586279
1583,1442519,26040,1529262
1584,1414575,24497,1495924
1585,1440927,23776,1550443
1586,1431317,23888,1513925
1587,1427928,22778,1508871
1588,1417428,25439,1497088
1589,1438705,25162,1543421
1590,1436575,23996,1521163
1591,1484241,23627,1643348
1592,1617906,23535,1717330
1593,1514167,24585,1624807
1594,1564092,23957,1661178
1595,1437779,22735,1519329
1596,1360484,21255,1427701
1597,1338669,23435,1427047
1598,1351669,20954,1419345
1599,1348484,20677,1412827
1600,1320281,20419,1382810
1601,1318577,20383,1400422
1602,1313577,22600,1376806
1603,1319373,20323,1380158
1604,1329558,21527,1393955
1605,1311558,20232,1389308
1606,1313002,21727,1374025
1607,1321873,20635,1383082
1608,1313540,20377,1373860
1609,1304410,20118,1392917
1610,1319929,20638,1382029
1611,1310373,21336,1369987
1612,1312595,20133,1372673
1613,1312243,21208,1388877
1614,1324688,20283,1386471
1615,1312021,21870,1372780
1616,1314725,20853,1374114
1617,1309354,20372,1384300
1618,1319021,20559,1380561
1619,1320188,21023,1381265
1620,1304522,21258,1364501
1621,1310281,20759,1386409
1622,1313392,20741,1374317
1623,1317188,20335,1374874
1624,1303780,21329,1364091
1625,1316725,20867,1393943
1626,1314503,20239,1375815
1627,1310613,20406,1369983
1628,1346817,21278,1431816
1629,1326096,22809,1390441
1630,1321484,20384,1383071
1631,1321410,20644,1380980
1632,1317355,20664,1395610
1633,1328984,22121,1395753
1634,1336669,20641,1400235
1635,1323910,20494,1384959
1636,1317873,20661,1397571
1637,1321224,20458,1382201
1638,1310706,21786,1371659
1639,1314873,20713,1374864
1640,1310911,20344,1386994
1641,1313355,20826,1373069
1642,1309244,21617,1369045
1643,1320947,20822,1381046
1644,1315502,20323,1389602
1645,1320947,20824,1381252
1646,1304985,20195,1364012
1647,1302818,21393,1363247
1648,1319540,20320,1394878
1649,1322614,20765,1385342
1650,1311984,20211,1372898
1651,1311540,21520,1372837
1652,1321113,20225,1397930
1653,1321169,20763,1382376
1654,1311984,20801,1372951
1655,1314688,20728,1375804
1656,1319502,21333,1401002
1657,1328910,20834,1392207
1658,1310002,20372,1371115
1659,1316817,20355,1377375
1660,1312984,21664,1390833
1661,1323651,20535,1384723
1662,1309651,20018,1369150
1663,1309744,20389,1368262
1664,1312947,21538,1392022
1665,1307947,21811,1368868
1666,1315633,20367,1377332
1667,1316002,20053,1375333
1668,1311558,20776,1402149
1669,1314595,22104,1375495
1670,1317929,20420,1378756
1671,1314262,20421,1375590
1672,1313280,20292,1387757
1673,1317021,20312,1377240
1674,1306891,21436,1367142
1675,1309651,20048,1367513
1676,1305429,20271,1378884
1677,1320336,20754,1380811
1678,1305539,21563,1366047
1679,1345540,20416,1415251
1680,1378724,21269,1468418
1681,1341706,22121,1407068
1682,1318484,20289,1380662
1683,1317595,21654,1379212
1684,1312485,20396,1391027
1685,1318688,21619,1380788
1686,1309058,20398,1367474
1687,1305466,21892,1365820
1688,1315799,20504,1391617
1689,1325485,21153,1387785
1690,1311076,20136,1371082
1691,1316281,20359,1391731
1692,1314873,21427,1377448
1693,1321466,20947,1383505
1694,1312799,20244,1373524
1695,1307170,20097,1382229
1696,1315058,21628,1374871
1697,1319151,21129,1380595
1698,1313762,20779,1374281
1699,1313058,20409,1388059
1700,1320799,20892,1380727
1701,1305392,21868,1366092
1702,1319855,20276,1381408
1703,1319076,20629,1396760
1704,1327670,20630,1390224
1705,1312151,22013,1373404
1706,1317669,20996,1378276
1707,1305206,20385,1380332
1708,1319243,20720,1379944
1709,1320521,20961,1382927
1710,1309392,22067,1371866
1711,1312391,20420,1387940
1712,1324262,20847,1385793
1713,1316558,20292,1376294
1714,1302058,21620,1362622
1715,1314521,20676,1391604
1716,1317650,20603,1379069
1717,1315151,20178,1376736
1718,1309911,20161,1369904
1719,1304447,21378,1381139
1720,1319447,20823,1380566
1721,1313836,20324,1374715
1722,1314614,20399,1374864
1723,1303688,21986,1379692
1724,1318577,21024,1379971
1725,1312632,20581,1374527
1726,1310114,20230,1370343
1727,1316169,20323,1407714
1728,1312280,21318,1374931
1729,1320410,20837,1381951
1730,1311151,20190,1372340
1731,1309466,20413,1384675
1732,1321187,21445,1382725
1733,1316706,20335,1377504
1734,1307485,20262,1367579
1735,1307744,20337,1382413
1736,1320429,20726,1380969
1737,1305337,21721,1367260
1738,1314059,20148,1372595
1739,1307836,20204,1382836
1740,1317929,20242,1377133
1741,1300206,21422,1360350
1742,1306244,20701,1366555
1743,1304188,20368,1378241
1744,1316243,20684,1377686
1745,1317798,21074,1378947
1746,1303170,21383,1363663
1747,1313318,20551,1389109
1748,1318373,20237,1377758
1749,1311522,20812,1371111
1750,1302688,21658,1362179
1751,1310262,20030,1385384
1752,1320836,20364,1379718
1753,1315021,20421,1374997
1754,1324058,20718,1385887
1755,1307040,21879,1381955
1756,1322188,20324,1382827
1757,1316040,21196,1377087
1758,1310373,20326,1384977
1759,1310613,21413,1370823
1760,1310577,20470,1370398
1761,1311595,20119,1371140
1762,1307484,20509,1383493
1763,1312892,20288,1372623
1764,1306484,21560,1366988
1765,1317262,20413,1377434
1766,1330947,20210,1406286
1767,1315577,20656,1376176
1768,1305799,21539,1366541
1769,1314836,20558,1374468
1770,1311688,20837,1388284
1771,1313077,20412,1373803
1772,1310984,20376,1370471
1773,1303595,22426,1364910
1774,1314133,20797,1391299
1775,1314244,20243,1373912
1776,1313614,20318,1373024
1777,1302744,21609,1362611
1778,1308576,20739,1383778
1779,1309781,20351,1370780
1780,1311095,20352,1370966
1781,1317910,20668,1378726
1782,1308929,21922,1384554
1783,1319336,20386,1380129
1784,1317744,20535,1379056
1785,1314743,20980,1374834
1786,1297484,22067,1388125
1787,1315169,20198,1375367
1788,1316780,21162,1378034
1789,1306781,20552,1366332
1790,1302040,20831,1377981
1791,1308873,21214,1369031
1792,1350076,21289,1419087
1793,1336558,20827,1399144
1794,1316392,20532,1396645
1795,1325021,21619,1388084
1796,1333947,20953,1397585
1797,1310799,20565,1372160
1798,1307521,20362,1385272
1799,1377539,21863,1443402
1800,1340317,22191,1408860
1801,1326133,20581,1387176
1802,1323484,20360,1402713
1803,1319854,20490,1381307
1804,1315484,21485,1377783
1805,1322114,20319,1382525
1806,1312799,20394,1391433
1807,1317151,20173,1377434
1808,1315077,20378,1375417
1809,1306892,21446,1368485
1810,1318170,20521,1396134
1811,1314188,20170,1374932
1812,1315021,20393,1376044
1813,1307521,21666,1369668
1814,1310855,20259,1388335
1815,1323651,20186,1383799
1816,1315577,20613,1376060
1817,1321947,20096,1384709
1818,1309188,22220,1386518
1819,1322817,20776,1383575
1820,1324929,20629,1386205
1821,1309169,20260,1384502
1822,1312928,21828,1374608
1823,1313799,20922,1373776
1824,1316799,20275,1376943
1825,1308077,20275,1382889
1826,1309558,20480,1369075
1827,1310614,21956,1371903
1828,1317521,20550,1377256
1829,1318632,20569,1394405
1830,1317965,20663,1379517
1831,1308003,21491,1370085
1832,1312855,20047,1372364
1833,1310947,20307,1386624
1834,1317799,20642,1378107
1835,1314281,20198,1373534
1836,1302429,21433,1362454
1837,1313373,20286,1388751
1838,1314947,20361,1375678
1839,1309688,20584,1371383
1840,1301577,21746,1361581
1841,1309706,20302,1385212
1842,1314151,20692,1376027
1843,1309817,20026,1368658
1844,1320317,20453,1379733
1845,1307892,21318,1411561
1846,1322576,20430,1382988
1847,1478204,21320,1571672
1848,1570018,23636,1663060
1849,1491000,24575,1600667
1850,1542870,23557,1636927
1851,1565166,24039,1659686
1852,1504333,22670,1599225
1853,1605092,23375,1723780
1854,1511204,24295,1604943
1855,1571166,24092,1666795
1856,1531166,22908,1625037
1857,1610999,23761,1742370
1858,1521575,24033,1611199
1859,1540352,23368,1639163
1860,1540018,24220,1635516
1861,1569389,23425,1684313
1862,1588721,22445,1686388
1863,1518537,24865,1611476
1864,1528556,22625,1619162
1865,1569370,23922,1685717
1866,1494834,23535,1586182
1867,1383650,23436,1458567
1868,1357169,20567,1423976
1869,1347003,21457,1434810
1870,1347465,20421,1413589
1871,1328169,20681,1392646
1872,1326133,22194,1389863
1873,1337762,21454,1420882
1874,1327335,20733,1391198
1875,1313077,20382,1375347
1876,1311818,22117,1373212
1877,1317391,20970,1396083
1878,1318669,20212,1378177
1879,1318485,20565,1380419
1880,1313688,20769,1373864
1881,1310633,21227,1386581
1882,1326021,20246,1386137
1883,1317262,20562,1378620
1884,1317744,20341,1393843
1885,1312947,22058,1374041
1886,1315410,20633,1377487
1887,1321188,20300,1382358
1888,1311743,20172,1388137
1889,1318558,20154,1379619
1890,1310411,21686,1370169
1891,1309410,20835,1369356
1892,1306077,20225,1381134
1893,1322410,20133,1383913
1894,1308651,21424,1370130
1895,1311503,20184,1370964
1896,1321428,20389,1398409
1897,1329892,20760,1391521
1898,1319965,20391,1381708
1899,1313724,21922,1374387
1900,1313503,20775,1390518
1901,1322595,20776,1382426
1902,1491279,24906,1581980
1903,1339003,23086,1407273
1904,1417372,21272,1532847
1905,1343891,20866,1410608
1906,1336799,20459,1400647
1907,1319392,20220,1380666
1908,1318429,21973,1397883
1909,1328280,20641,1389902
1910,1328261,20383,1389533
1911,1318170,20476,1378775
1912,1319077,22156,1398602
1913,1335798,21101,1399585
1914,1318595,20306,1379660
1915,1315891,20251,1376031
1916,1325040,21252,1404069
1917,1337540,21784,1402175
1918,1324077,20229,1385157
1919,1315410,20378,1375251
1920,1317447,20879,1394826
1921,1317021,21226,1377821
1922,1311966,20079,1370636
1923,1309632,20265,1369767
1924,1313484,20303,1388749
1925,1325873,21044,1386972
1926,1309021,21520,1370078
1927,1320021,20373,1381172
1928,1320521,21041,1397284
1929,1323465,20616,1384488
1930,1312891,21925,1375002
1931,1317187,20574,1377632
1932,1314132,20427,1390151
1933,1322447,20724,1382727
1934,1313484,20503,1374542
1935,1301928,21887,1361111
1936,1309114,20350,1384241
1937,1321651,20888,1382724
1938,1306077,20297,1367707
1939,1299244,22199,1359534
1940,1309632,20459,1386905
1941,1328428,21219,1391240
1942,1316299,20331,1377000
1943,1308503,20499,1368335
1944,1308688,21290,1385329
1945,1320169,20309,1379941
1946,1305929,20218,1365590
1947,1305910,20756,1380258
1948,1317169,21343,1379178
1949,1314022,20344,1373068
1950,1304762,20326,1364606
1951,1307003,20605,1382996
1952,1321151,20476,1381978
1953,1308947,21230,1368362
1954,1315725,20694,1376196
1955,1470760,21121,1578139
1956,1617258,23899,1717786
1957,1507130,23486,1595523
1958,1524148,24543,1621524
1959,1556537,24285,1671857
1960,1537482,23638,1638359
1961,1545852,22805,1634952
1962,1431891,23429,1515485
1963,1442482,23504,1564949
1964,1430168,24042,1512524
1965,1448390,22932,1531081
1966,1404039,26501,1486168
1967,1438298,25113,1545002
1968,1441686,22243,1522985
1969,1439556,23152,1522004
1970,1433668,23042,1516764
1971,1705517,39314,1847699
1972,1558833,24982,1655221
1973,1617648,24612,1718407
1974,1545166,24372,1642575
1975,1463612,27682,1578682
1976,1525167,24590,1623108
1977,1564333,23184,1664701
1978,1499556,22055,1587370
1979,1473890,23315,1584482
1980,1422112,25199,1503033
1981,1431909,21218,1511793
1982,1429002,21941,1507831
1983,1438908,22998,1539183
1984,1396539,24344,1473753
1985,1429261,21993,1510401
1986,1446798,21642,1525847
1987,1616240,22625,1743067
1988,1585018,23515,1680235
1989,1522111,26213,1623564
1990,1558092,24473,1653916
1991,1526000,23270,1636695
1992,1593740,27123,1697566
1993,1437205,26599,1527563
1994,1599684,24637,1696469
1995,1445538,21305,1554138
1996,1445650,22491,1527177
1997,1435094,23251,1516159
1998,1392854,25727,1475339
1999,1440945,22339,1553599
2000,1446835,22729,1526730
2001,1433298,23545,1516397
2002,1421335,25780,1503188
2003,1482445,22614,1592318
2004,1462390,23060,1549486
2005,1620796,23246,1722096
2006,1599462,23043,1695597
2007,1513629,27852,1624426
2008,1433705,22835,1513854
2009,1365039,20447,1434226
2010,1357169,20874,1423227
2011,1334947,23017,1424926
2012,1352113,20481,1416612
2013,1341835,20352,1406243
2014,1338891,20279,1420336
2015,1328429,20391,1391171
2016,1315133,21404,1378943
2017,1322040,20386,1383296
2018,1322132,20554,1399389
2019,1327317,20259,1389335
2020,1313651,21642,1375737
2021,1323577,20828,1385645
2022,1322540,20829,1415572
2023,1325799,21552,1390536
2024,1310355,20387,1371222
2025,1335224,21863,1399013
2026,1329984,21234,1411291
2027,1322114,20883,1384330
2028,1318762,20384,1379738
2029,1312169,21675,1374510
2030,1322688,20602,1400715
2031,1316929,20769,1377642
2032,1314225,20696,1374958
2033,1313355,20808,1374125
2034,1305799,21840,1382953
2035,1316021,20489,1376991
2036,1318539,20545,1380807
2037,1311485,20417,1372215
2038,1305336,21541,1382191
2039,1325114,20597,1387266
2040,1321113,20784,1383619
2041,1313021,20433,1374991
2042,1315336,20230,1389288
2043,1311966,21502,1373430
2044,1317503,20688,1379505
2045,1306837,20393,1366821
2046,1317558,21172,1392748
2047,1321021,22463,1383854
2048,1389243,21482,1459909
2049,1329447,21094,1393115
2050,1314577,21077,1393227
2051,1320262,24615,1385598
2052,1313262,22331,1374945
2053,1317114,20277,1378723
2054,1327947,21148,1408039
2055,1321299,21408,1385262
2056,1307503,21903,1369035
2057,1320873,20515,1381295
2058,1318280,20831,1395573
2059,1315392,21017,1375797
2060,1309336,20333,1368742
2061,1311706,21901,1372903
2062,1315095,20458,1392219
2063,1314485,21181,1375479
2064,1312411,20793,1372517
2065,1304836,21362,1363994
2066,1305836,20251,1380161
2067,1314392,20993,1375847
2068,1315391,20513,1376015
2069,1302910,20254,1362442
2070,1314317,22119,1390177
2071,1326428,21083,1389567
2072,1317373,20991,1379475
2073,1310540,20474,1369643
2074,1307299,21265,1384896
2075,1314132,21432,1375101
2076,1306373,20304,1366510
2077,1306669,20286,1382807
2078,1323003,21509,1385456
2079,1311133,21689,1373543
2080,1314150,20283,1373711
2081,1304336,20413,1393471
2082,1327558,21118,1389657
2083,1309595,21686,1371059
2084,1317651,20391,1376819
2085,1311744,20466,1387172
2086,1318299,20282,1377580
2087,1318688,21005,1379248
2088,1302558,21314,1362317
2089,1306947,20278,1381669
2090,1315243,20668,1375541
2091,1322336,20836,1383208
2092,1302095,21960,1362518
2093,1308188,20720,1385167
2094,1316336,20406,1377297
2095,1315540,20815,1376669
2096,1309262,20279,1370392
2097,1300874,22403,1388775
2098,1319207,20070,1379702
2099,1320354,20738,1381388
2100,1316429,20276,1378537
2101,1302855,22419,1386143
2102,1327188,20679,1389199
2103,1315965,21217,1376849
2104,1306873,20477,1367553
2105,1308558,20237,1383665
2106,1318614,21417,1380771
2107,1310003,20474,1369513
2108,1335595,21956,1398865
2109,1308169,20512,1389015
2110,1325299,21414,1387139
2111,1318021,20601,1378010
2112,1312466,21139,1372567
2113,1313559,20251,1390197
2114,1320614,20252,1381976
2115,1313188,21524,1374230
2116,1314577,21377,1375971
2117,1315151,20267,1391306
2118,1317114,20342,1378788
2119,1307688,21688,1368375
2120,1320595,20800,1382673
2121,1314280,20301,1389044
2122,1316336,20709,1376693
2123,1317318,20655,1378268
2124,1310836,21779,1371577
2125,1308188,20576,1384449
2126,1317929,20559,1378153
2127,1319317,21189,1380284
2128,1303410,22073,1363705
2129,1312632,20462,1388946
2130,1319632,20630,1379429
2131,1313707,21946,1376355
2132,1310207,20262,1370079
2133,1300336,21441,1375666
2134,1317225,20239,1375741
2135,1316836,20240,1377205
2136,1306206,20370,1366224
2137,1300892,21494,1375719
2138,1322169,20236,1381738
2139,1320873,20181,1381850
2140,1309188,20349,1399499
2141,1319262,20406,1380204
2142,1309854,21678,1371791
2143,1311058,20308,1370200
2144,1311151,20680,1386589
2145,1314466,20403,1375109
2146,1309651,21583,1370733
2147,1307077,20306,1367123
2148,1315540,20844,1392290
2149,1319317,20493,1380495
2150,1308929,20494,1368663
2151,1309521,21470,1370750
2152,1314466,20786,1391825
2153,1313707,20398,1373418
2154,1316484,20528,1376160
2155,1305928,21560,1366895
2156,1312466,21227,1389618
2157,1316114,20284,1376768
2158,1316706,20581,1375750
2159,1376947,21008,1440102
2160,1313818,21595,1392579
2161,1321484,20485,1382487
2162,1314077,20412,1372414
2163,1325077,20987,1386285
2164,1306317,21833,1383261
2165,1315077,20668,1376188
2166,1319169,20669,1381356
2167,1316670,20318,1375283
2168,1309688,21708,1386913
2169,1315651,21647,1377630
2170,1316280,20648,1377039
2171,1312762,20667,1374077
2172,1311762,21409,1390652
2173,1308965,21922,1370202
2174,1310502,20700,1370684
2175,1309929,20146,1369407
2176,1309280,21202,1386501
2177,1311855,20166,1371761
2178,1302374,22216,1363237
2179,1310484,20625,1370164
2180,1310539,21052,1387406
2181,1314836,20590,1375407
2182,1311206,21825,1372549
2183,1317651,20493,1379958
2184,1314744,20123,1390088
2185,1310540,20106,1370423
2186,1310095,20162,1369387
2187,1302707,21434,1363307
2188,1314688,20472,1390863
2189,1315336,20121,1373735
2190,1307095,20345,1366384
2191,1305485,21506,1366156
2192,1306151,20062,1380953
2193,1312466,20526,1372640
2194,1312300,20675,1371844
2195,1309521,20491,1368049
2196,1305447,21208,1380247
2197,1319132,21820,1382526
2198,1314392,20321,1375545
2199,1308429,20415,1367732
2200,1307799,21576,1399541
2201,1323744,21040,1386005
2202,1312447,20337,1373395
2203,1314744,20301,1391025
2204,1321928,21024,1383396
2205,1307743,21630,1368650
2206,1308373,20168,1367707
2207,1312132,20224,1387652
2208,1313873,21373,1375283
2209,1299262,21608,1358370
2210,1308707,20091,1368797
2211,1313058,20129,1386131
2212,1318669,20371,1378447
2213,1308336,20668,1368522
2214,1302595,21551,1362054
2215,1312355,20423,1386147
2216,1319429,20294,1379870
2217,1313966,20684,1373353
2218,1306225,21400,1366236
2219,1314744,20531,1389367
2220,1320688,20865,1381145
2221,1310465,20885,1369832
2222,1311318,20275,1370055
2223,1303799,21936,1379031
2224,1314577,20289,1374180
2225,1309429,20382,1368496
2226,1320873,20272,1390645
2227,1519482,24044,1628784
2228,1550981,23379,1646618
2229,1536871,24546,1639971
2230,1594000,23066,1689212
2231,1558167,23474,1670121
2232,1469445,26172,1559154
2233,1598963,23544,1698116
2234,1552722,23508,1646062
2235,1574518,23601,1689248
2236,1461131,25262,1553503
2237,1578832,24060,1675929
2238,1553796,22931,1650874
2239,1537278,22691,1653153
2240,1520612,24507,1615932
2241,1535852,24872,1625575
2242,1561166,23447,1657168
2243,1553944,24707,1669910
2244,1538555,23838,1632337
2245,1539796,31795,1642053
2246,1513334,24537,1604259
2247,1390150,20945,1482446
2248,1361095,20761,1430966
2249,1350983,20373,1415782
2250,1324151,21256,1387703
2251,1337021,20369,1419222
2252,1331502,20258,1394205
2253,1325095,21037,1386447
2254,1305799,21180,1368053
2255,1327077,20366,1409868
2256,1331096,20774,1395832
2257,1318188,20275,1379259
2258,1328206,20702,1392464
2259,1309503,21937,1402717
2260,1335595,20401,1398737
2261,1312113,20365,1371997
2262,1311299,20218,1372628
2263,1314799,21601,1392529
2264,1320299,20121,1381512
2265,1319670,20307,1380846
2266,1316096,20197,1378366
2267,1315688,20105,1393663
2268,1317873,22322,1379102
2269,1321558,20601,1382918
2270,1321354,21491,1398641
2271,1319003,20288,1380809
2272,1306836,21616,1367396
2273,1319410,20098,1378526
2274,1316596,21266,1393398
2275,1318410,20267,1379195
2276,1318262,21249,1380492
2277,1313948,21633,1373950
2278,1322355,21356,1402117
2279,1325928,20986,1387303
2280,1316336,20265,1376304
2281,1305206,21019,1365836
2282,1310466,20853,1387503
2283,1322651,20576,1384690
2284,1317207,20577,1377061
2285,1313410,20578,1373025
2286,1313114,21777,1390834
2287,1326150,20426,1386706
2288,1313392,20334,1374410
2289,1314503,20742,1374282
2290,1310558,21163,1386961
2291,1327170,20145,1388258
2292,1313151,20461,1374741
2293,1315281,20481,1376316
2294,1315354,20778,1392576
2295,1308207,22124,1369941
2296,1320410,20496,1380924
2297,1317262,21182,1379165
2298,1313817,20164,1387166
2299,1308447,22251,1369679
2300,1312522,20474,1371347
2301,1317929,22346,1380329
2302,1313281,21050,1389738
2303,1317688,20422,1377683
2304,1307429,21101,1368030
2305,1314132,20825,1375364
2306,1310558,20400,1385957
2307,1316466,20438,1376421
2308,1309892,21562,1369712
2309,1310910,20359,1369176
2310,1315966,20508,1390918
2311,1319466,20268,1378956
2312,1315502,20325,1375901
2313,1306392,21208,1364859
2314,1312836,20691,1387915
2315,1311410,20358,1371213
2316,1318744,20619,1380102
2317,1306095,21613,1366023
2318,1309374,20540,1398060
2319,1315354,20041,1376302
2320,1309892,20616,1369452
2321,1314280,20691,1375971
2322,1305502,22167,1381336
2323,1315040,20187,1375392
2324,1317281,20187,1376282
2325,1317780,20763,1377302
2326,1298707,21442,1375019
2327,1313206,20184,1371797
2328,1312873,20740,1372835
2329,1311151,20278,1369299
2330,1304170,21946,1380670
2331,1309985,21718,1370517
2332,1310521,20571,1369981
2333,1304651,20146,1378667
2334,1332206,20888,1396723
2335,1302595,21679,1362366
2336,1320188,20457,1381423
2337,1309521,20199,1386368
2338,1315429,22422,1377906
2339,1315262,20127,1374352
2340,1308633,22047,1369513
2341,1306892,19993,1381477
2342,1309688,21272,1371422
2343,1308929,20550,1368497
2344,1297836,21119,1355510
2345,1320447,20527,1397844
2346,1320650,21306,1383586
2347,1308336,20455,1368143
2348,1311095,20567,1370255
2349,1306132,21340,1380823
2350,1318243,21044,1379583
2351,1312169,20767,1371622
2352,1314040,20250,1374400
2353,1318244,21929,1397950
2354,1326280,20893,1388618
2355,1308355,20246,1366675
2356,1317855,20544,1378916
2357,1318243,22026,1397324
2358,1307466,21891,1369986
2359,1316114,20355,1375153
2360,1318892,20263,1378154
2361,1309151,20153,1385137
2362,1308150,22185,1368446
2363,1315707,20778,1375521
2364,1308984,20390,1368393
2365,1307799,20299,1383504
2366,1314095,20077,1374746
2367,1315818,21201,1376278
2368,1444649,21073,1528351
2369,1608277,25518,1731590
2370,1566870,24389,1663055
2371,1471779,25828,1563884
2372,1533241,24978,1630662
2373,1565925,23645,1691366
2374,1517593,22461,1606201
2375,1466575,22351,1547481
2376,1426446,23549,1504865
2377,1452742,21883,1572735
2378,1443538,21458,1524181
2379,1451668,23033,1533052
2380,1407520,23750,1486121
2381,1433205,21473,1533900
2382,1445371,21771,1527104
2383,1637610,21216,1728344
2384,1581221,22421,1678956
2385,1513574,25804,1624970
2386,1568740,23898,1666952
2387,1528871,25510,1621879
2388,1563093,25881,1669676
2389,1457760,25061,1565913
2390,1613610,23321,1709467
2391,1450612,20896,1533026
2392,1443316,23527,1526990
2393,1439520,23416,1547824
2394,1416853,23707,1502467
2395,1438946,23005,1520672
2396,1441650,24394,1544469
2397,1435798,22692,1517081
2398,1399687,25538,1482020
2399,1442501,24520,1525651
2400,1647480,22762,1773167
2401,1583870,22985,1679040
2402,1600018,23838,1698040
2403,1530778,25907,1627091
2404,1540889,23000,1653481
2405,1606684,23649,1701518
2406,1500278,23595,1597113
2407,1556389,27423,1651070
2408,1459464,21813,1568905
2409,1447408,22684,1531406
2410,1456464,23426,1541463
2411,1436353,22723,1517557
2412,1405872,25106,1510885
2413,1445390,23515,1528663
2414,1437242,22201,1516368
2415,1432242,22591,1514795
2416,1410742,24289,1508049
2417,1454297,23012,1537920
2418,1632128,25346,1733252
2419,1592314,24366,1687198
2420,1538481,24052,1649958
2421,1406298,23843,1486418
2422,1360076,20659,1427012
2423,1329725,21585,1393884
2424,1361465,21679,1452977
2425,1331854,22118,1395898
2426,1351206,20971,1416047
2427,1335799,21546,1400085
2428,1325706,20750,1406937
2429,1334595,20511,1398420
2430,1326392,22190,1391341
2431,1318188,21284,1379249
2432,1312725,20989,1392102
2433,1318336,20249,1379955
2434,1312577,21614,1373542
2435,1314947,21152,1374209
2436,1314466,20616,1406895
2437,1323280,20320,1383971
2438,1315947,20543,1377286
2439,1304836,22297,1364892
2440,1322836,20928,1402022
2441,1319169,20447,1380598
2442,1318113,20763,1378895
2443,1309373,21572,1368593
2444,1315410,20184,1391464
2445,1320114,20389,1380799
2446,1319929,20612,1381337
2447,1314002,20484,1374264
2448,1303411,22071,1380332
2449,1348502,20350,1409259
2450,1323817,20665,1386130
2451,1321762,20407,1383002
2452,1302059,22587,1382070
2453,1323484,20402,1384034
2454,1315243,20626,1376869
2455,1312058,21127,1372962
2456,1305558,20054,1382945
2457,1308170,21381,1368884
2458,1311928,20716,1373273
2459,1306540,21328,1382460
2460,1315984,20514,1377220
2461,1302688,21879,1363863
2462,1311669,20361,1370438
2463,1313966,20288,1390124
2464,1323891,20419,1385365
2465,1315002,20531,1377274
2466,1308058,21729,1368787
2467,1321688,20600,1398973
2468,1317207,20972,1378733
2469,1306910,20658,1366623
2470,1309022,21560,1369599
2471,1313892,20653,1389192
2472,1318114,21969,1380805
2473,1308484,20414,1367139
2474,1308540,20397,1367899
2475,1302800,21836,1378727
2476,1313725,21300,1373006
2477,1310225,20523,1369025
2478,1315021,20654,1374545
2479,1307040,22222,1384354
2480,1316873,20464,1377485
2481,1311410,20854,1371430
2482,1308948,20281,1368301
2483,1311077,20300,1387228
2484,1311670,21869,1372686
2485,1319151,20444,1379983
2486,1310318,20260,1369651
2487,1313484,20298,1389818
2488,1310021,21292,1370202
2489,1316262,20774,1377666
2490,1307948,20387,1367704
2491,1312540,20628,1389093
2492,1332891,20981,1402150
2493,1339725,22716,1405144
2494,1326632,20458,1388312
2495,1325206,20996,1421350
2496,1334521,20423,1397221
2497,1310706,22047,1370364
2498,1319077,20585,1379532
2499,1320558,20919,1399403
2500,1330873,20865,1396700
2501,1325947,20551,1387905
2502,1303688,21564,1363714
2503,1324688,20491,1403696
2504,1320113,20233,1380883
2505,1312984,20585,1371902
2506,1306744,21728,1367286
2507,1320466,20859,1396805
2508,1321984,20341,1382862
2509,1312281,20435,1371844
2510,1306466,20547,1367068
2511,1307003,21523,1385247
2512,1317855,20468,1377341
2513,1315336,21080,1375768
2514,1307763,20174,1367158
2515,1305836,21761,1380059
2516,1322077,20447,1383931
2517,1314077,25115,1377339
2518,1306781,20282,1365136
2519,1370873,20913,1450118
2520,1319373,21481,1382187
2521,1315447,20390,1376022
2522,1309929,20502,1369504
2523,1316484,20318,1392672
2524,1311244,21497,1372092
2525,1312984,20683,1374204
2526,1326410,20629,1403557
2527,1325836,21500,1389095
2528,1314688,20279,1375022
2529,1302040,21829,1361646
2530,1315466,20830,1391628
2531,1325428,20979,1387481
2532,1317002,20665,1380056
2533,1304169,21363,1364255
2534,1315077,20439,1393848
2535,1318707,20088,1378256
2536,1312466,20274,1372702
2537,1315040,20256,1374370
2538,1310780,21491,1387642
2539,1317187,20196,1377143
2540,1318577,20271,1378607
2541,1304836,20309,1363349
2542,1302207,21322,1377639
2543,1318910,20286,1378733
2544,1317151,20620,1378697
2545,1312576,20177,1372438
2546,1307484,20326,1383569
2547,1308632,21432,1368990
2548,1318707,20599,1379842
2549,1307522,20211,1365677
2550,1313244,20453,1390455
2551,1311374,21762,1374913
2552,1317262,20541,1378266
2553,1305855,20450,1364582
2554,1310151,20858,1400193
2555,1334762,20692,1396398
2556,1307947,22002,1370522
2557,1313966,20336,1374394
2558,1311873,20522,1386969
2559,1318892,20338,1378358
2560,1331373,21554,1391482
2561,1314743,20018,1373539
2562,1318021,20853,1394447
2563,1320762,20539,1380263
2564,1309688,20410,1368783
2565,1309410,21238,1369481
2566,1316614,20387,1392463
2567,1315687,20425,1375483
2568,1304170,20334,1363280
2569,1304818,21421,1363016
2570,1304855,20107,1380905
2571,1321558,20293,1382091
2572,1314077,20535,1373241
2573,1312151,20536,1371871
2574,1307151,21715,1381569
2575,1322706,20457,1383867
2576,1307262,20569,1367368
2577,1305725,20533,1364461
2578,1306873,21268,1381419
2579,1323669,20788,1384753
2580,1314577,20344,1373939
2581,1309577,20345,1368718
2582,1312855,20939,1389552
2583,1313521,22044,1376510
2584,1308466,20342,1368640
2585,1302966,20343,1362438
2586,1314855,21362,1392068
2587,1315966,21560,1377525
2588,1311744,20321,1371582
2589,1307799,20266,1383027
2590,1315003,23193,1377454
2591,1306466,20249,1365270
2592,1299836,21670,1359931
2593,1309577,20449,1384303
2594,1321466,20283,1380859
2595,1314725,20413,1373193
2596,1303317,21834,1364707
2597,1308132,20761,1382707
2598,1311910,20595,1371690
2599,1314632,20189,1372487
2600,1311725,20671,1372007
2601,1307244,22166,1391168
2602,1325373,20148,1384613
2603,1308818,20779,1367503
2604,1309762,20483,1371263
2605,1299836,21885,1375054
2606,1314429,20608,1374388
2607,1565833,23813,1668664
2608,1543537,24629,1647609
2609,1520445,22537,1629555
2610,1512037,24032,1607550
2611,1559148,25422,1657772
2612,1510352,22348,1606848
2613,1588629,24294,1739181
2614,1510501,25307,1601992
2615,1565056,23215,1657751
2616,1572536,25087,1676937
2617,1594907,24402,1714271
2618,1548315,24051,1647013
2619,1500371,25694,1602527
2620,1531075,23232,1626435
2621,1593574,24326,1721527
2622,1596111,22438,1688084
2623,1473871,25617,1561303
2624,1558278,24952,1677691
2625,1562981,23953,1675803
2626,1455464,21657,1538491
2627,1379632,21714,1450586
2628,1349391,22245,1420488
2629,1347354,22728,1434118
2630,1345150,21044,1411786
2631,1342224,22267,1408213
2632,1319410,22261,1385115
2633,1321003,20281,1400635
2634,1335502,20578,1397247
2635,1311780,21246,1372618
2636,1321855,20450,1386008
2637,1317762,22297,1398428
2638,1330521,20353,1393022
2639,1321688,20558,1384097
2640,1310188,20189,1373487
2641,1305892,21165,1382667
2642,1322225,20740,1385223
2643,1313428,20592,1374743
2644,1307707,20223,1368836
2645,1308966,20817,1386059
2646,1316724,21626,1378221
2647,1330799,21127,1394981
2648,1322466,20461,1384241
2649,1318891,20888,1397186
2650,1317410,20957,1378385
2651,1316429,20124,1375515
2652,1309984,20292,1388720
2653,1310799,20793,1372295
2654,1315150,20183,1375629
2655,1310336,21548,1371605
2656,1313595,20493,1393069
2657,1315818,20235,1376422
2658,1311873,20180,1371756
2659,1304484,21564,1365307
2660,1310428,20361,1389289
2661,1316373,20121,1378512
2662,1318058,20715,1379309
2663,1320262,21271,1380718
2664,1306688,21803,1385953
2665,1321169,20359,1381380
2666,1319669,20934,1380973
2667,1312188,21398,1372345
2668,1301706,22337,1382024
2669,1322299,20431,1381859
2670,1330336,20598,1391193
2671,1318892,20433,1377972
2672,1310743,20267,1404417
2673,1313114,21576,1372227
2674,1314910,20651,1374857
2675,1310244,20652,1369321
2676,1308206,20653,1386063
2677,1308910,21814,1368613
2678,1313540,20519,1374095
2679,1308873,20668,1367707
2680,1306169,20614,1383023
2681,1315002,20985,1375598
2682,1307688,21368,1367519
2683,1312280,20425,1371297
2684,1309466,20944,1387298
2685,1313095,20205,1370355
2686,1305948,21921,1364627
2687,1310465,20422,1368350
2688,1307521,20775,1384296
2689,1315484,20443,1374093
2690,1313540,20518,1372613
2691,1313188,21216,1373737
2692,1311614,20328,1388830
2693,1307781,20347,1367091
2694,1310207,21423,1370073
2695,1305855,21121,1365086
2696,1312003,20492,1389883
2697,1314669,20271,1373569
2698,1308300,20272,1367293
2699,1313540,20291,1372108
2700,1302447,21656,1378658
2701,1315948,20435,1374845
2702,1310503,20232,1369420
2703,1312002,20196,1370791
2704,1302318,21339,1378396
2705,1317540,20488,1377805
2706,1309873,20396,1370380
2707,1319058,20305,1379788
2708,1318669,21750,1398511
2709,1309873,22152,1371784
2710,1315373,20412,1375803
2711,1312466,20413,1372008
2712,1315873,21581,1395138
2713,1311577,21834,1373337
2714,1306280,20484,1365208
2715,1312447,20207,1387024
2716,1352669,20911,1417580
2717,1314003,20690,1374044
2718,1305392,21888,1365650
2719,1311558,20797,1387762
2720,1313669,20261,1375319
2721,1306095,20280,1365042
2722,1296373,21423,1355555
2723,1307133,21498,1384482
2724,1323262,21129,1386020
2725,1307780,20296,1365299
2726,1307633,21001,1367707
2727,1307558,21310,1383238
2728,1310114,21107,1371350
2729,1307910,20257,1366537
2730,1305244,20554,1365130
2731,1305355,21382,1394865
2732,1316374,20679,1378663
2733,1306891,20365,1364460
2734,1306244,20273,1365517
2735,1307984,20552,1381999
2736,1311113,21491,1372105
2737,1305854,20325,1363550
2738,1310077,20326,1369940
2739,1393409,21864,1485254
2740,1342354,21877,1409138
2741,1327706,20656,1388677
2742,1318632,20694,1379752
2743,1318151,20380,1393919
2744,1322706,20326,1384754
2745,1310095,21617,1369767
2746,1314781,20895,1374749
2747,1312003,20489,1385009
2748,1325132,20119,1386640
2749,1311040,21595,1369801
2750,1315299,20263,1375525
2751,1316003,20820,1392711
2752,1318744,20117,1379526
2753,1313428,20377,1371342
2754,1306410,21427,1367263
2755,1310244,20354,1385893
2756,1321614,19985,1383376
2757,1314540,20393,1374025
2758,1306688,21443,1367649
2759,1311114,20277,1385428
2760,1316151,20186,1375336
2761,1310392,20372,1367856
2762,1325373,20706,1388134
2763,1309170,21312,1384944
2764,1322817,20979,1385926
2765,1321095,21610,1382242
2766,1311003,20222,1370854
2767,1306947,21661,1382367
2768,1319540,20792,1381386
2769,1312447,22144,1373795
2770,1307799,20275,1367574
2771,1312447,21702,1391186
2772,1311003,22030,1374588
2773,1306077,20531,1365366
2774,1305799,20384,1365386
2775,1308540,20607,1384220
2776,1307243,22675,1372381
2777,1310577,20306,1369734
2778,1310059,20492,1369013
2779,1303706,20697,1377069
2780,1316262,20420,1377274
2781,1377706,21340,1454582
2782,1580240,22490,1709303
2783,1566370,22528,1661156
2784,1540185,23325,1640287
2785,1537740,30097,1637855
2786,1510093,22617,1627097
2787,1560611,25784,1664061
2788,1477593,22933,1565026
2789,1454761,21194,1537712
2790,1436446,23262,1554225
2791,1441112,23319,1524819
2792,1435057,21523,1516691
2793,1425724,21839,1502173
2794,1420242,23334,1519112
2795,1443742,21890,1524650
2796,1436650,20891,1517318
2797,1644813,24522,1746557
2798,1585963,23467,1702910
2799,1544426,25591,1637461
2800,1549111,23351,1649999
2801,1572610,23982,1684666
2802,1508001,22520,1623019
2803,1478741,24700,1575274
2804,1553426,23367,1646311
2805,1460798,22405,1543591
2806,1443668,21573,1548851
2807,1438816,21093,1518945
2808,1424445,22476,1503662
2809,1439501,22551,1521014
2810,1422261,21422,1520997
2811,1441501,22664,1524498
2812,1403575,23714,1483419
2813,1649592,22345,1745009
2814,1569852,23327,1683418
2815,1591407,25458,1699715
2816,1534555,23940,1631069
2817,1456279,26361,1546509
2818,1586110,25806,1702693
2819,1512556,23029,1602881
2820,1571166,24697,1674695
2821,1410797,22673,1490729
2822,1452130,23507,1561896
2823,1430335,23971,1512898
2824,1431464,23176,1513639
2825,1424909,23084,1505140
2826,1400317,24727,1499690
2827,1430354,23672,1514395
2828,1436946,23599,1521414
2829,1431131,23581,1512360
2830,1634869,24724,1744926
2831,1570315,23077,1664409
2832,1570666,26504,1674114
2833,1468686,22875,1553431
2834,1343243,20506,1429359
2835,1364891,23111,1434113
2836,1349594,23427,1421170
2837,1342780,20650,1406412
2838,1342743,20929,1426764
2839,1339650,22683,1407240
2840,1329392,20832,1393390
2841,1313188,20740,1373391
2842,1321410,21797,1402317
2843,1326132,20576,1387633
2844,1304707,22033,1367424
2845,1313910,20330,1389518
2846,1323114,22220,1385222
2847,1311984,20462,1372261
2848,1305799,21438,1367403
2849,1317354,20680,1409311
2850,1329744,20347,1390072
2851,1318836,20274,1378795
2852,1312410,20609,1373777
2853,1308873,21455,1383179
2854,1323021,20400,1383162
2855,1317984,20364,1377348
2856,1310781,20847,1371812
2857,1304799,21434,1380306
2858,1319595,20046,1379363
2859,1311317,20491,1369753
2860,1308429,20659,1369846
2861,1304206,20215,1378310
2862,1313207,21377,1374027
2863,1315002,20878,1375028
2864,1308854,20138,1369010
2865,1305447,20324,1380363
2866,1312559,21855,1374895
2867,1311447,20653,1370766
2868,1308003,20598,1368452
2869,1308928,20692,1384027
2870,1326243,20174,1386565
2871,1306373,21835,1368227
2872,1310725,20151,1371394
2873,1305077,20689,1379988
2874,1316743,20523,1377766
2875,1308965,21888,1369631
2876,1317058,20352,1378743
2877,1308336,20575,1383059
2878,1314410,20206,1374097
2879,1373983,20263,1435894
2880,1310707,21868,1373111
2881,1316114,20814,1393279
2882,1318132,20352,1378650
2883,1314280,20593,1374670
2884,1309188,21588,1370683
2885,1309521,20533,1385239
2886,1318966,20608,1379740
2887,1312244,20313,1371297
2888,1301911,20258,1362464
2889,1309466,22327,1386144
2890,1324392,20495,1385682
2891,1322577,21699,1385035
2892,1317133,20774,1378147
2893,1303818,21824,1379252
2894,1324317,20640,1385846
2895,1316225,21085,1376495
2896,1308077,20068,1368052
2897,1307169,20532,1382553
2898,1314040,21804,1376436
2899,1313040,20194,1372159
2900,1309651,20362,1369068
2901,1305373,20585,1378198
2902,1313651,21283,1374045
2903,1309873,20488,1368546
2904,1311280,20137,1370602
2905,1310077,20749,1387084
2906,1314114,21083,1376548
2907,1310818,21596,1370413
2908,1308911,20319,1399932
2909,1322780,20506,1385137
2910,1319466,20432,1380712
2911,1305429,21612,1366133
2912,1314003,20465,1389097
2913,1314762,20244,1374764
2914,1314336,20263,1374247
2915,1317651,20746,1376840
2916,1300447,21592,1375798
2917,1310058,20186,1368558
2918,1318744,21205,1379115
2919,1314429,20539,1373690
2920,1301077,22238,1376221
2921,1318206,20572,1377889
2922,1320966,20573,1381631
2923,1317169,20537,1376946
2924,1315688,20316,1395410
2925,1306985,21903,1365775
2926,1310484,20404,1369850
2927,1308669,20182,1367851
2928,1305891,20294,1380334
2929,1306022,21548,1366032
2930,1312354,20512,1370977
2931,1309725,20346,1368367
2932,1306632,21329,1382090
2933,1314429,20404,1374295
2934,1303391,21602,1363086
2935,1305966,20436,1364402
2936,1310781,20623,1387236
2937,1316003,20549,1375367
2938,1301910,21914,1361472
2939,1307577,20249,1366010
2940,1318188,20842,1395196
2941,1312299,20269,1373290
2942,1314336,20566,1374957
2943,1307318,21561,1366619
2944,1319595,20525,1398675
2945,1318558,20248,1378676
2946,1325373,20545,1387899
2947,1312318,21984,1374227
2948,1327725,20263,1407302
2949,1322780,20264,1384118
2950,1321039,21395,1383119
2951,1314558,20303,1374935
2952,1303780,22112,1381744
2953,1316466,20132,1376412
2954,1309947,21373,1371746
2955,1312984,20171,1372988
2956,1305688,21369,1381778
2957,1314688,20370,1374835
2958,1312077,21037,1372780
2959,1313003,21001,1373652
2960,1313355,20262,1389986
2961,1313781,21386,1374907
2962,1313762,20868,1374445
2963,1317466,20332,1376871
2964,1314336,20352,1389224
2965,1312540,22513,1375330
2966,1312651,20292,1373220
2967,1316354,20126,1376998
2968,1320892,21368,1413906
2969,1364373,20350,1435703
2970,1361780,23196,1431994
2971,1392298,21975,1487439
2972,1384743,20624,1454070
2973,1372317,20607,1442497
2974,1347539,22175,1415381
2975,1370891,21491,1461714
2976,1358651,20992,1428253
2977,1355724,20382,1423124
2978,1361724,20735,1429940
2979,1345836,21229,1436749
2980,1373280,21119,1444546
2981,1381594,21342,1451899
2982,1364484,21195,1432734
2983,1351706,21782,1438765
2984,1363539,20561,1432433
2985,1369335,21247,1440045
2986,1456334,20618,1541322
2987,1593185,23360,1711895
2988,1535592,25540,1629391
2989,1539407,23133,1632521
2990,1600611,25894,1697633
2991,1583444,23413,1710485
2992,1511444,27185,1605111
2993,1594740,23649,1693185
2994,1554944,23650,1649723
2995,1619147,23688,1734668
2996,1535111,25708,1633003
2997,1524611,27350,1622757
2998,1567037,24277,1661721
2999,1568204,24334,1684295
3000,1554722,24835,1651908
3001,1498556,24903,1589533
3002,1582555,23256,1676588
3003,1586055,24146,1699830
3004,1518871,23906,1614054
3005,1569333,24241,1662721
3006,1512019,26661,1609160
3007,1473556,23680,1579662
3008,1365631,20941,1438461
3009,1350132,20831,1416240
3010,1332466,22307,1398957
3011,1335058,20437,1435179
3012,1337984,20753,1402033
3013,1338836,21624,1405700
3014,1312688,20459,1375109
3015,1306355,21675,1385400
3016,1339909,20621,1403493
3017,1317169,20474,1377291
3018,1310855,20400,1371588
3019,1298966,21265,1375786
3020,1322484,20637,1383620
3021,1306169,20452,1365492
3022,1309910,20787,1371882
3023,1306058,20380,1380901
3024,1313577,21467,1375673
3025,1318928,20950,1380841
3026,1315299,20358,1375379
3027,1319299,20526,1411768
3028,1316984,21613,1379245
3029,1314391,20651,1372672
3030,1308465,20282,1368728
3031,1308743,20060,1384562
3032,1313836,20672,1373471
3033,1306466,21148,1365391
3034,1316743,20390,1378022
3035,1305873,20447,1381282
3036,1319688,20188,1378746
3037,1309299,21479,1369889
3038,1312021,20591,1387649
3039,1308151,20444,1367761
3040,1314040,20315,1374188
3041,1313003,20761,1375300
3042,1297373,21626,1373406
3043,1315447,20293,1375814
3044,1319577,20905,1380704
3045,1316873,20443,1376483
3046,1299966,21956,1375218
3047,1319114,20346,1380219
3048,1309429,21366,1369257
3049,1315410,20330,1374406
3050,1304577,20312,1379814
3051,1310614,21103,1369679
3052,1311503,20696,1370588
3053,1307540,20234,1366515
3054,1312410,20198,1390756
3055,1310576,21100,1369899
3056,1315855,20953,1376826
3057,1308596,20621,1369493
3058,1314281,20585,1390457
3059,1314077,20308,1375532
3060,1309670,21376,1369823
3061,1323355,21174,1384917
3062,1308206,20434,1384566
3063,1313725,20250,1373363
3064,1312928,21781,1375098
3065,1323095,20671,1383507
3066,1307410,20450,1385637
3067,1314040,20488,1374898
3068,1348335,21007,1414324
3069,1321724,21835,1385152
3070,1322854,20447,1405468
3071,1323613,20893,1386339
3072,1349891,20375,1412858
3073,1311336,21925,1373353
3074,1316114,20148,1391021
3075,1320132,20779,1381540
3076,1312169,20354,1371949
3077,1313855,20170,1372839
3078,1304928,21350,1380167
3079,1320558,20999,1381538
3080,1313614,20407,1373557
3081,1312225,20630,1372762
3082,1317225,21495,1395034
3083,1316243,20311,1376591
3084,1315632,20608,1376184
3085,1313669,20294,1373315
3086,1311910,24480,1405612
3087,1307855,22271,1368625
3088,1316558,20902,1376774
3089,1318725,20810,1379553
3090,1313003,20385,1389573
3091,1302262,21917,1362012
3092,1317392,20455,1377364
3093,1319614,21326,1381291
3094,1308670,20290,1384144
3095,1313725,20402,1373867
3096,1308837,21212,1370232
3097,1313244,20324,1372900
3098,1305355,20436,1381382
3099,1313688,20400,1373180
3100,1309318,21709,1371508
3101,1319225,20377,1393379
3102,1317966,20248,1377324
3103,1311873,20212,1371714
3104,1313077,20787,1373567
3105,1312392,21504,1388135
3106,1319614,20505,1380322
3107,1314595,20617,1374137
3108,1330151,20525,1394249
3109,1309373,21834,1389225
3110,1324448,20613,1385893
3111,1310465,19984,1368802
3112,1309392,20300,1368599
3113,1320651,19986,1396951
3114,1312873,21203,1374502
3115,1315391,20223,1374892
3116,1341354,20261,1404355
3117,1325113,21539,1405523
3118,1315114,21997,1378851
3119,1319873,20276,1380796
3120,1319392,20295,1381482
3121,1316911,21222,1395020
3122,1316281,20056,1376966
3123,1301892,21921,1361590
3124,1318650,20515,1379387
3125,1307188,21108,1383481
3126,1313984,20276,1373926
3127,1302762,22067,1361014
3128,1307058,20568,1366348
3129,1305355,20958,1377497
3130,1314521,20736,1374905
3131,1330910,20404,1392036
3132,1334466,21639,1397289
3133,1318095,20899,1396679
3134,1315299,20826,1378329
3135,1308113,20550,1367959
3136,1309447,21803,1370454
3137,1310281,20582,1383751
3138,1318410,20472,1379474
3139,1311910,20214,1370883
3140,1304614,20529,1364087
3141,1305577,21635,1380341
3142,1312613,20395,1374286
3143,1316836,20341,1377324
3144,1311744,20508,1370622
3145,1315873,21429,1408616
3146,1322170,20226,1383247
3147,1307021,20245,1365877
3148,1312818,20432,1371823
3149,1313503,21173,1391601
3150,1306781,21668,1369078
3151,1310910,20150,1369578
3152,1318484,20410,1379857
3153,1321429,20652,1396821
3154,1330670,22295,1393686
3155,1318947,20500,1378965
3156,1316947,20908,1379336
3157,1322262,20131,1399726
3158,1320929,20391,1382375
3159,1309614,21886,1370073
3160,1315540,20257,1375445
3161,1312910,20240,1388408
3162,1323595,20185,1385428
3163,1309317,21235,1368626
3164,1311059,20125,1386534
3165,1320577,20256,1381128
3166,1309428,20034,1369407
3167,1310484,20165,1370075
3168,1306559,21770,1382884
3169,1321355,20494,1381718
3170,1317429,20180,1378849
3171,1309799,20273,1369591
3172,1312336,21398,1389270
3173,1324335,21232,1386790
3174,1313910,20381,1374383
3175,1308262,20215,1366181
3176,1312873,20790,1389774
3177,1319206,21785,1380843
3178,1317521,20582,1377992
3179,1308021,20916,1367937
3180,1312207,20640,1388771
3181,1309447,22319,1371173
3182,1312540,20746,1373748
3183,1310965,20710,1370324
3184,1308502,20933,1383954
3185,1317466,20490,1376474
3186,1301114,21114,1360394
3187,1310466,21041,1370173
3188,1314429,20246,1390266
3189,1319207,20450,1378452
3190,1298577,21556,1359503
3191,1314929,20890,1374041
3192,1309965,20391,1385745
3193,1386928,20318,1464467
3194,1585203,25560,1681058
3195,1516333,28147,1612368
3196,1528315,24000,1646517
3197,1606499,24982,1709369
3198,1518056,24039,1621742
3199,1545130,24737,1636291
3200,1462316,21867,1571349
3201,1439705,21091,1517239
3202,1445686,22240,1528555
3203,1439131,22130,1519760
3204,1404575,23717,1521217
3205,1440946,21940,1523144
3206,1433779,21904,1516034
3207,1439909,21220,1520350
3208,1395872,24418,1495585
3209,1663387,24919,1766583
3210,1589499,24938,1687715
3211,1566296,23013,1657290
3212,1574444,24385,1687605
3213,1540185,25416,1634156
3214,1515723,24602,1609805
3215,1610222,24363,1716194
3216,1473760,21882,1589289
3217,1437779,25747,1518377
3218,1450853,24118,1534433
3219,1433094,22878,1513749
3220,1443871,22731,1547824
3221,1445482,23047,1528862
3222,1391465,27153,1474098
3223,1442020,24024,1526136
3224,1435835,23192,1540303
3225,1532686,22248,1667043
3226,1577129,25335,1677130
3227,1573444,24096,1687205
3228,1572999,22115,1665132
3229,1552222,23264,1648578
3230,1585240,23932,1686930
3231,1484093,27130,1591296
3232,1523519,23927,1621130
3233,1544685,23650,1637631
3234,1471890,22948,1555522
3235,1403872,25553,1509610
3236,1446741,22869,1530907
3237,1438594,22518,1520426
3238,1441002,23260,1524483
3239,1499649,22131,1600668
3240,1415761,24681,1497756
3241,1445687,23293,1529757
3242,1435372,22831,1518258
3243,1605702,26240,1742182
3244,1518889,25494,1613752
3245,1564222,23476,1658530
3246,1488926,22551,1573292
3247,1364354,21256,1455257
3248,1353909,21497,1421703
3249,1328114,22122,1390161
3250,1339614,20326,1403143
3251,1323614,20235,1400385
3252,1339706,20125,1403404
3253,1314892,21508,1374621
3254,1322576,20305,1382881
3255,1317429,20306,1393919
3256,1319836,20863,1381161
3257,1307595,20086,1366181
3258,1308281,21340,1368694
3259,1322243,21433,1401046
3260,1323392,20638,1384547
3261,1308244,20250,1365512
3262,1314392,21800,1375321
3263,1319280,20282,1409414
3264,1324743,20395,1386137
3265,1315577,20766,1375064
3266,1322650,20545,1382713
3267,1313762,21632,1392152
3268,1323373,20170,1383227
3269,1323151,20615,1384599
3270,1320133,20542,1381118
3271,1309447,21574,1387928
3272,1323465,20297,1382984
3273,1312447,20576,1371300
3274,1314169,20151,1373301
3275,1310948,23003,1388931
3276,1313077,21442,1374648
3277,1315892,20703,1376871
3278,1313114,20778,1374687
3279,1312262,21408,1389040
3280,1311039,21125,1371479
3281,1313169,20793,1372610
3282,1310855,20331,1368907
3283,1309374,21665,1385556
3284,1321243,20536,1383705
3285,1299410,21697,1358848
3286,1313984,20550,1374293
3287,1317373,21310,1394442
3288,1314502,20441,1375814
3289,1304281,21565,1363345
3290,1316281,20733,1376235
3291,1312188,21549,1389569
3292,1326355,21272,1388996
3293,1319891,20939,1379793
3294,1313336,21471,1389121
3295,1318021,20472,1377363
3296,1308058,20288,1367809
3297,1312077,21492,1373069
3298,1306225,21709,1381989
3299,1321281,22451,1383249
3300,1309132,20137,1367417
3301,1319854,20897,1381473
3302,1314669,20713,1390937
3303,1311910,22207,1373173
3304,1325373,20690,1395414
3305,1404353,20524,1476803
3306,1332299,20396,1416490
3307,1365521,22353,1435743
3308,1350484,20502,1417097
3309,1321780,20929,1384487
3310,1322817,20263,1402488
3311,1330539,20450,1392915
3312,1308577,21426,1369502
3313,1321317,20501,1381132
3314,1314003,20039,1391337
3315,1339039,20243,1403245
3316,1314077,22682,1376740
3317,1313595,20239,1371500
3318,1316854,20295,1393334
3319,1325151,20741,1387446
3320,1313910,20056,1373225
3321,1313243,21977,1374664
3322,1317929,20404,1410350
3323,1316318,20312,1376925
3324,1316225,20554,1376723
3325,1314725,21696,1375032
3326,1318965,20290,1394422
3327,1317058,20643,1377515
3328,1305855,20255,1365628
3329,1310485,20589,1369832
3330,1311373,21825,1388919
3331,1318873,20381,1378198
3332,1308244,20178,1367977
3333,1311503,20457,1370589
3334,1302577,21285,1378750
3335,1315354,20119,1374325
3336,1318595,20972,1381085
3337,1308891,20510,1367753
3338,1327299,21233,1407902
3339,1315113,22228,1376600
3340,1308558,20562,1369712
3341,1314077,20063,1372473
3342,1324891,20860,1400696
3343,1322299,21762,1384838
3344,1316354,20300,1375580
3345,1314132,20449,1373044
3346,1310817,20728,1388082
3347,1318003,21229,1380342
3348,1304188,21372,1363819
3349,1315485,20428,1374153
3350,1309651,20244,1382376
3351,1321596,20986,1384414
3352,1301780,21628,1361112
3353,1320169,20407,1381669
3354,1311985,20223,1387114
3355,1316873,20798,1377263
3356,1317966,20743,1378820
3357,1304817,21571,1381333
3358,1321410,20443,1382297
3359,1316039,21129,1378446
3360,1309058,20482,1369132
3361,1296577,21624,1371701
3362,1322614,19903,1383035
3363,1315114,20719,1376147
3364,1313021,20423,1372703
3365,1308132,20961,1383704
3366,1312262,21641,1373606
3367,1370557,20679,1448292
3368,1568333,24050,1665049
3369,1594351,23829,1708309
3370,1480964,24953,1572657
3371,1576388,24158,1669342
3372,1554500,23381,1648788
3373,1549500,22734,1662474
3374,1579815,23698,1675400
3375,1473186,27433,1562933
3376,1551204,24879,1648674
3377,1596222,28713,1718637
3378,1572889,23918,1669583
3379,1483723,27690,1583264
3380,1570093,22191,1663319
3381,1558130,22858,1683487
3382,1566519,24674,1667210
3383,1570222,23934,1665137
3384,1472723,24392,1558929
3385,1582555,24504,1704484
3386,1544500,22783,1637097
3387,1426113,22432,1503599
3388,1332650,23278,1398725
3389,1363761,21557,1454855
3390,1346280,20817,1411745
3391,1347669,21411,1412598
3392,1326724,20856,1389580
3393,1315892,21351,1398186
3394,1331021,20407,1393113
3395,1323984,21334,1386873
3396,1328706,20428,1391041
3397,1307817,21311,1387091
3398,1324540,20905,1386370
3399,1312688,20387,1374093
3400,1311762,20129,1372335
3401,1308744,20667,1384299
3402,1310836,21254,1372515
3403,1312669,20681,1373239
3404,1308058,19830,1366036
3405,1313928,20775,1391370
3406,1323781,22474,1387346
3407,1322392,20234,1383625
3408,1319374,20698,1380681
3409,1314854,20902,1394516
3410,1321743,20385,1382924
3411,1311817,22046,1372437
3412,1314688,20103,1373457
3413,1313224,20585,1389050
3414,1317170,20179,1376977
3415,1308354,21136,1368675
3416,1312095,21841,1373510
3417,1316392,20231,1398473
3418,1321040,20083,1380826
3419,1319169,20695,1379975
3420,1304947,21820,1381525
3421,1316855,20098,1378582
3422,1318799,20581,1378231
3423,1327114,20730,1388528
3424,1304484,21798,1383060
3425,1318133,20448,1380005
3426,1315948,20412,1375395
3427,1319188,20653,1379952
3428,1364705,21043,1452470
3429,1329262,21852,1394336
3430,1341020,20316,1403652
3431,1339373,20780,1402708
3432,1324706,20633,1403783
3433,1325688,21739,1389445
3434,1331262,20203,1394390
3435,1325743,20741,1387391
3436,1325669,23371,1406132
3437,1326039,20206,1387763
3438,1311947,22145,1372314
3439,1315095,20701,1376166
3440,1311355,20072,1402760
3441,1322077,20185,1383798
3442,1304762,21827,1364570
3443,1316447,20532,1376664
3444,1315707,21292,1393035
3445,1315132,20330,1376203
3446,1316466,20387,1375741
3447,1304910,21955,1365198
3448,1312373,21067,1389162
3449,1315039,20383,1375830
3450,1314558,21069,1374238
3451,1311021,21638,1372047
3452,1311355,21009,1386215
3453,1315910,20306,1376160
3454,1332484,21141,1396383
3455,1315558,20808,1376866
3456,1309947,21562,1388305
3457,1327207,20452,1388510
3458,1318169,20620,1378696
3459,1312299,20695,1370549
3460,1299928,21800,1375988
3461,1325114,20486,1386452
3462,1305540,20247,1364990
3463,1311743,21007,1371491
3464,1316429,20952,1394640
3465,1319336,22576,1383393
3466,1316299,20300,1376265
3467,1319687,20708,1379877
3468,1309614,20450,1384637
3469,1308281,22092,1369761
3470,1311947,20464,1369910
3471,1312466,20391,1372023
3472,1314207,20373,1390875
3473,1343040,20448,1404283
3474,1304151,21554,1362852
3475,1321040,20888,1381798
3476,1369317,20333,1464279
3477,1371724,20297,1440095
3478,1324706,22403,1387627
3479,1327780,20311,1389276
3480,1323243,20349,1399759
3481,1329873,20702,1391964
3482,1314429,20370,1375872
3483,1311725,21605,1387144
3484,1333503,20884,1396164
3485,1325058,20403,1385572
3486,1314836,20367,1374962
3487,1315410,21714,1391790
3488,1331929,20789,1393309
3489,1313818,20253,1374922
3490,1306966,20328,1366515
3491,1312447,20866,1389553
3492,1319392,21805,1380899
3493,1312651,20213,1372641
3494,1310891,20233,1369716
3495,1319891,21437,1397069
3496,1318799,21395,1380601
3497,1313632,20322,1372898
3498,1312373,20211,1373158
3499,1318169,21157,1413196
3500,1333744,20547,1395326
3501,1312318,21393,1373080
3502,1313762,20246,1373822
3503,1309818,20173,1384064
3504,1323817,20859,1385750
3505,1311337,21150,1371226
3506,1314262,20410,1375208
3507,1306725,20578,1382228
3508,1317485,20375,1376951
3509,1309244,21394,1370656
3510,1300040,21648,1360632
3511,1306669,20205,1380633
3512,1313873,20595,1374412
3513,1322706,20818,1384894
3514,1304300,22460,1366555
3515,1311651,20258,1385926
3516,1327373,20962,1389927
3517,1323725,22148,1386484
3518,1309485,20279,1369355
3519,1309318,21829,1386850
3520,1314040,21034,1373480
3521,1306706,21479,1367370
3522,1310688,20295,1369260
3523,1312576,21456,1390773
3524,1323448,20328,1383367
3525,1319984,20977,1380997
3526,1307392,20274,1366424
3527,1312299,20886,1389055
3528,1315910,21992,1378012
3529,1316318,21030,1377384
3530,1303503,20308,1363200
3531,1306206,20476,1382423
3532,1311040,21526,1370195
3533,1312429,21397,1373381
3534,1312243,20250,1371419
3535,1306354,20270,1382290
3536,1319836,20660,1380421
3537,1304373,21913,1364342
3538,1309725,20414,1369546
3539,1310780,20397,1386047
3540,1319706,20601,1381085
3541,1311411,21744,1372469
3542,1310410,20245,1370895
3543,1311576,20320,1386248
3544,1325447,20673,1385953
3545,1324818,20618,1385972
3546,1308595,22039,1368837
3547,1321133,20521,1398079
3548,1321299,20596,1382284
3549,1306318,20079,1366285
3550,1296021,21888,1372279
3551,1321854,20574,1382928
3552,1318280,20297,1378966
3553,1314687,20298,1374541
3554,1307817,20485,1383820
3555,1308521,21701,1369204
3556,1308466,20165,1367649
3557,1316373,22092,1376687
3558,1303059,20334,1416854
3559,1320410,22884,1385071
3560,1319040,20644,1379535
3561,1312355,19997,1371647
3562,1311614,20739,1387148
3563,1312707,20369,1372372
3564,1303151,21549,1362385
3565,1312614,21957,1373774
3566,1308021,20384,1388646
3567,1313077,20237,1371850
3568,1305206,21083,1363049
3569,1315206,21307,1376716
3570,1310262,20178,1386143
3571,1312040,20197,1370144
3572,1314762,20495,1374719
3573,1308484,26767,1372621
3574,1310558,20231,1385844
3575,1321225,20213,1380790
3576,1316466,20307,1374920
3577,1302670,21246,1362952
3578,1306151,20006,1404897
3579,1321855,20137,1382583
3580,1317985,20638,1378288
3581,1310596,20194,1369215
3582,1299836,21244,1374117
3583,1319707,20838,1379488
3584,1334243,20154,1394896
3585,1315392,20340,1374305
3586,1307910,21723,1384744
3587,1318114,20520,1379393
3588,1317688,20021,1376950
3589,1321243,20263,1381006
3590,1302355,20042,1377563
3591,1307762,21666,1368724
3592,1313151,20093,1372169
3593,1310818,20890,1371189
3594,1305596,20280,1381671
3595,1309448,21793,1370073
3596,1315595,20238,1374463
3597,1317966,21184,1379297
3598,1310132,20074,1384965
3599,1370873,20167,1434595
3600,1320096,21625,1380960
3601,1316299,20255,1375165
3602,1303651,20201,1376814
3603,1315818,20702,1377000
3604,1310225,21567,1370976
3605,1312318,20605,1371181
3606,1386946,20587,1485292
3607,1582203,23014,1683420
3608,1571259,22589,1665440
3609,1474223,24954,1565287
3610,1598629,23751,1713620
3611,1517908,22326,1607789
3612,1567851,29346,1672215
3613,1419372,23359,1523267
3614,1461815,22675,1546990
3615,1437316,22916,1520435
3616,1443131,22491,1526899
3617,1440890,22622,1559677
3618,1411001,25061,1491691
3619,1439020,21303,1519136
3620,1444279,22489,1526415
3621,1435760,20897,1542971
3622,1626592,29910,1732167
3623,1571629,23707,1666373
3624,1562685,23616,1655504
3625,1576369,23135,1690726
3626,1635369,22951,1729523
3627,1455649,25131,1541724
3628,1602426,26224,1710834
3629,1473074,21336,1581447
3630,1472353,22208,1554967
3631,1415113,23387,1491647
3632,1444205,21722,1524111
3633,1431835,21908,1531705
3634,1438797,23520,1523465
3635,1430186,21354,1507040
3636,1403224,25015,1482276
3637,1430576,22090,1530535
3638,1628333,21351,1723904
3639,1577684,25852,1679480
3640,1526112,24383,1617623
3641,1607777,25588,1727104
3642,1534852,23589,1630014
3643,1593833,24979,1692162
3644,1507518,23035,1599646
3645,1554445,24752,1699713
3646,1478537,21327,1562327
3647,1459204,23606,1543662
3648,1432409,23236,1513607
3649,1406983,24453,1511843
3650,1458205,23936,1540714
3651,1430076,22399,1509622
3652,1430946,24086,1514179
3653,1439630,23346,1544772
3654,1409521,27822,1494637
3655,1598462,23193,1696784
3656,1579426,23639,1675359
3657,1580518,23103,1695694
3658,1476056,27190,1566560
3659,1433705,22320,1514710
3660,1362965,21192,1433286
3661,1344058,20526,1430861
3662,1353799,20768,1420047
3663,1324688,21299,1388912
3664,1318280,21208,1380136
3665,1320836,20246,1400044
3666,1316966,20098,1376952
3667,1314188,21537,1375021
3668,1323929,21335,1386355
3669,1329299,20336,1408300
3670,1323577,20151,1384672
3671,1319299,21134,1381117
3672,1315169,22332,1377260
3673,1319373,20481,1396261
3674,1317651,20797,1380244
3675,1326688,21020,1388763
3676,1308910,21348,1400461
3677,1321558,21182,1384129
3678,1311058,20591,1371963
3679,1324114,20555,1384334
3680,1314595,20426,1392021
3681,1314540,21772,1375367
3682,1316318,20644,1376868
3683,1315225,20608,1373999
3684,1328854,20386,1408944
3685,1312669,21473,1373809
3686,1314521,20585,1375477
3687,1317392,20457,1377589
3688,1308669,20106,1384664
3689,1322299,20959,1383868
3690,1312836,22361,1373789
3691,1321225,20565,1381808
3692,1313780,20270,1390624
3693,1319744,20623,1380773
3694,1307854,21747,1368194
3695,1313503,20304,1373676
3696,1318650,20342,1395529
3697,1315502,20861,1377030
3698,1308984,20529,1367198
3699,1318854,21875,1381303
3700,1320743,21135,1396896
3701,1317484,20081,1378083
3702,1312373,20359,1371139
3703,1311077,21928,1372393
3704,1315336,20725,1393042
3705,1316299,20226,1377099
3706,1316447,20486,1376322
3707,1347114,20599,1411693
3708,1315558,21945,1395965
3709,1321354,20409,1381948
3710,1314391,20595,1374579
3711,1317132,20374,1378894
3712,1305800,21905,1382407
3713,1316207,20221,1375427
3714,1314929,21037,1375798
3715,1315948,20316,1376818
3716,1311873,20354,1385078
3717,1306133,21570,1367443
3718,1320262,21090,1380814
3719,1318725,20369,1379037
3720,1315299,20721,1391427
3721,1309781,21290,1372070
3722,1316688,20458,1377423
3723,1318910,20440,1379442
3724,1313595,20108,1388276
3725,1312873,20349,1373074
3726,1311355,21437,1371680
3727,1317059,20456,1376421
3728,1316650,20272,1391848
3729,1317632,20143,1378553
3730,1306799,21730,1366196
3731,1315817,20398,1376604
3732,1312188,21195,1388160
3733,1317188,20400,1377772
3734,1318410,20401,1378162
3735,1306836,21951,1367972
3736,1310392,21267,1401954
3737,1314873,20416,1376288
3738,1310874,20750,1372623
3739,1311299,22096,1389154
3740,1325687,21486,1388044
3741,1311984,20432,1370804
3742,1310151,21173,1371416
3743,1313299,20748,1389769
3744,1309465,21743,1369764
3745,1314058,20577,1374172
3746,1308077,20782,1367821
3747,1521685,23894,1631967
3748,1498001,25407,1589666
3749,1543351,24556,1637352
3750,1557889,23002,1649056
3751,1561778,23780,1673038
3752,1521223,23355,1612929
3753,1514333,25924,1606053
3754,1559519,22518,1654850
3755,1566278,22815,1683128
3756,1525037,21816,1617056
3757,1549203,26273,1642754
3758,1565111,25404,1659384
3759,1524482,22294,1644163
3760,1542593,22424,1637035
3761,1571444,23685,1667776
3762,1526982,25605,1618252
3763,1563611,23106,1679142
3764,1546166,22496,1635958
3765,1572166,22515,1667533
3766,1481760,26584,1571991
3767,1414613,20789,1507623
3768,1360947,20530,1428828
3769,1369835,21198,1438070
3770,1329650,20217,1393942
3771,1321891,22249,1406362
3772,1324651,20639,1385826
3773,1316169,20732,1377068
3774,1309892,21178,1371773
3775,1307503,21969,1383526
3776,1330743,20618,1391564
3777,1312262,20211,1372269
3778,1312151,20601,1371363
3779,1320410,21473,1398789
3780,1322169,22800,1386043
3781,1320854,20431,1380859
3782,1319428,20302,1378693
3783,1314114,20840,1391879
3784,1315059,21335,1376096
3785,1314540,20373,1372745
3786,1312521,20744,1372283
3787,1319281,21356,1398099
3788,1314095,21302,1374359
3789,1303873,22074,1363632
3790,1315539,20464,1375207
3791,1318133,20076,1395004
3792,1325688,21447,1388375
3793,1305762,21497,1367000
3794,1317040,20350,1377204
3795,1311133,20221,1400983
3796,1332780,21352,1395002
3797,1312466,20168,1371689
3798,1302595,22273,1364257
3799,1313818,20423,1390517
3800,1318688,21516,1379129
3801,1319855,20536,1380556
3802,1304522,22401,1365199
3803,1314928,20494,1391626
3804,1327188,21106,1387701
3805,1313354,20163,1374276
3806,1309206,20441,1383758
3807,1312706,21140,1373846
3808,1309280,24529,1373310
3809,1306984,20345,1366922
3810,1304965,20346,1379941
3811,1310447,21489,1371695
3812,1314874,20712,1374177
3813,1308780,20806,1368827
3814,1335614,20362,1418142
3815,1327872,25882,1395106
3816,1314706,21802,1377082
3817,1310669,21062,1370991
3818,1313077,20137,1388269
3819,1319244,20250,1379585
3820,1305207,21540,1366246
3821,1318929,20652,1378636
3822,1305262,20227,1381989
3823,1317929,20191,1377379
3824,1316151,20711,1376324
3825,1311317,21687,1372930
3826,1312059,20114,1387616
3827,1320392,20670,1380117
3828,1321373,20745,1383044
3829,1309188,22240,1370835
3830,1309151,20241,1385224
3831,1319503,20260,1379411
3832,1322392,20984,1383560
3833,1315169,20188,1375116
3834,1306558,21960,1382370
3835,1324780,20202,1386112
3836,1311522,20740,1372243
3837,1314355,20686,1374669
3838,1302780,21513,1377793
3839,1324317,20792,1386128
3840,1314003,20682,1374277
3841,1316003,20109,1374963
3842,1308799,20369,1383649
3843,1315762,21364,1378107
3844,1315132,20791,1375700
3845,1344669,21347,1411034
3846,1319040,20681,1399980
3847,1318410,21324,1379549
3848,1314299,20251,1373809
3849,1314077,20178,1373643
3850,1309484,20364,1390681
3851,1327632,20328,1388849
3852,1306688,21878,1366621
3853,1305725,20212,1364900
3854,1309151,20324,1414086
3855,1327169,20696,1388198
3856,1313577,21838,1375100
3857,1318836,20228,1379397
3858,1316299,20248,1392972
3859,1322707,20471,1385677
3860,1316558,21176,1378715
3861,1301781,22281,1363728
3862,1314688,20319,1390488
3863,1323151,20394,1384545
3864,1314188,21136,1376138
3865,1303892,21594,1362892
3866,1316595,20150,1391671
3867,1322706,20799,1384153
3868,1330929,20837,1395228
3869,1314577,20375,1391062
3870,1313595,21592,1374705
3871,1315021,20223,1376484
3872,1313892,21038,1373726
3873,1313836,20206,1388912
3874,1308169,22571,1369610
3875,1313281,20461,1372796
3876,1309892,20554,1370575
3877,1314132,20111,1389761
3878,1309818,20482,1371207
3879,1313558,21940,1375923
3880,1310133,20811,1370332
3881,1313113,20368,1389481
3882,1311262,20609,1370889
3883,1313873,21881,1375291
3884,1322188,20716,1381903
3885,1309744,20532,1387700
3886,1318243,20255,1377646
3887,1314114,20515,1374165
3888,1306855,22232,1367975
3889,1311262,20344,1386605
3890,1313374,20567,1373792
3891,1340595,20753,1407218
3892,1328910,22711,1394861
3893,1319577,20230,1397899
3894,1327521,20509,1389270
3895,1316539,20528,1377549
3896,1309725,20326,1370254
3897,1304910,21524,1380378
3898,1322799,20858,1384212
3899,1311799,20618,1371306
3900,1319003,20934,1380344
3901,1304336,21595,1381042
3902,1309225,20430,1368913
3903,1314669,20986,1374488
3904,1321965,20561,1382452
3905,1310206,20359,1386342
3906,1306429,21927,1367411
3907,1313984,20798,1374708
3908,1311096,20596,1370931
3909,1306540,20245,1381266
3910,1305929,21443,1365908
3911,1315354,21018,1374613
3912,1310466,20908,1370207
3913,1310762,21131,1399985
3914,1324077,21077,1386782
3915,1307836,22182,1369277
3916,1313558,20405,1373167
3917,1311373,20351,1386871
3918,1308373,20704,1368891
3919,1304096,22476,1365997
3920,1306632,20273,1366146
3921,1313058,20293,1388110
3922,1314873,20590,1375203
3923,1310948,20702,1370686
3924,1305466,21363,1364903
3925,1320910,20494,1396014
3926,1316243,20773,1377608
3927,1310891,20551,1370313
3928,1302151,22083,1362807
3929,1318744,21269,1396771
3930,1339465,20492,1408439
3931,1343873,20845,1407884
3932,1328132,21809,1410033
3933,1316743,22340,1380046
3934,1329058,20804,1390418
3935,1319318,20435,1379808
3936,1312354,22010,1389679
3937,1307096,21801,1368396
3938,1326762,21098,1389841
3939,1329818,20266,1391472
3940,1315132,20248,1392917
3941,1313133,20305,1373474
3942,1304559,22077,1364283
3943,1321095,20652,1382858
3944,1310170,20301,1385989
3945,1315113,20580,1375693
3946,1305984,21389,1366725
3947,1313799,20501,1374818
3948,1310262,20262,1386134
3949,1318243,20670,1378135
3950,1313448,20282,1373618
3951,1307465,21814,1369260
3952,1313725,21018,1390150
3953,1315688,20538,1376151
3954,1310317,20187,1368282
3955,1306614,21756,1367554
3956,1321021,20182,1396888
3957,1317040,20720,1378149
3958,1306762,20184,1364872
3959,1363391,20204,1425520
3960,1315743,21569,1392904
3961,1323818,19903,1382998
3962,1312780,20237,1371869
3963,1324669,20590,1385259
3964,1310281,21603,1386198
3965,1319132,20604,1379310
3966,1315058,20883,1375607
3967,1313706,20439,1373479
3968,1314836,20052,1388406
3969,1304207,21305,1363734
3970,1312929,20140,1372272
3971,1318503,20604,1378847
3972,1312373,21771,1402681
3973,1312374,21840,1373249
3974,1314114,20211,1373176
3975,1308650,20564,1367585
3976,1307799,21176,1381419
3977,1322170,20640,1384550
3978,1309836,21671,1369711
3979,1316188,20413,1375767
3980,1312688,21248,1389564
3981,1318465,20211,1378473
3982,1307669,21873,1368708
3983,1314187,20429,1375468
3984,1317707,21282,1395006
3985,1319503,20820,1380156
3986,1304966,20525,1364064
3987,1312096,21538,1372096
3988,1317448,21113,1392763
3989,1313540,20429,1374023
3990,1312095,20892,1371784
3991,1304984,21739,1365482
3992,1312410,22129,1388057
3993,1314484,20407,1373965
3994,1311633,20742,1369763
3995,1310818,20243,1383800
3996,1309558,21348,1370665
3997,1308392,20368,1367778
3998,1305022,20573,1364390
3999,1318577,20240,1393261
4000,1309707,21587,1369626
4001,1306133,20569,1366516
4002,1316762,21348,1377368
4003,1314354,20460,1390388
4004,1312022,20294,1371389
4005,1304096,21640,1364939
4006,1310039,20549,1368588
4007,1306985,20161,1381311
4008,1314262,20162,1374294
4009,1301188,21971,1360844
4010,1306243,20213,1364475
4011,1317188,20177,1390549
4012,1321614,20252,1381291
4013,1312854,20179,1371274
4014,1307077,21173,1366842
4015,1308855,20674,1382695
4016,1310003,20286,1368270
4017,1307021,21102,1368142
4018,1308984,21115,1367877
4019,1516648,23061,1625578
4020,1581147,23895,1674208
4021,1544574,23100,1641395
4022,1615369,25712,1709988
4023,1452834,25354,1559132
4024,1573759,24318,1687002
4025,1492094,22449,1576801
4026,1456334,23376,1538895
4027,1420353,25204,1585592
4028,1451890,22797,1533464
4029,1441020,23354,1523873
4030,1433465,22873,1529040
4031,1443797,22874,1557208
4032,1417853,24998,1497314
4033,1430724,22962,1514222
4034,1441242,23834,1525019
4035,1612499,24964,1740277
4036,1513704,25107,1606069
4037,1583648,24700,1676403
4038,1557778,24868,1654256
4039,1614536,23351,1731497
4040,1505371,22055,1593592
4041,1550481,25846,1653271
4042,1491500,21828,1575088
4043,1461038,22737,1569070
4044,1449687,22645,1531090
4045,1406743,23380,1485492
4046,1437408,22067,1517863
4047,1432279,21419,1536105
4048,1426686,21809,1506032
4049,1434650,21977,1516403
4050,1404761,23749,1483065
4051,1709350,22565,1825895
4052,1574519,23122,1670824
4053,1591833,23382,1688658
4054,1504111,27673,1597913
4055,1526889,23340,1641339
4056,1554759,24767,1654044
4057,1520408,23361,1618119
4058,1537815,22639,1629972
4059,1426891,23208,1533412
4060,1454260,21487,1535654
4061,1438927,21062,1518192
4062,1428038,21878,1530248
4063,1421927,24224,1502002
4064,1428057,21836,1504337
4065,1431113,20930,1509875
4066,1442520,21949,1545301
4067,1576778,23061,1682152
4068,1560426,27111,1656499
4069,1609055,24983,1707296
4070,1515537,23261,1627316
4071,1433131,23170,1515559
4072,1350595,21961,1418444
4073,1344928,20332,1409278
4074,1356261,20796,1442519
4075,1340095,20612,1405965
4076,1337688,20964,1402040
4077,1324780,21403,1387387
4078,1338799,20608,1420684
4079,1326244,20831,1389315
4080,1311651,20721,1373890
4081,1321966,21697,1383755
4082,1317632,21105,1396589
4083,1317669,20569,1378294
4084,1314058,20793,1375462
4085,1319133,20627,1380944
4086,1305781,21881,1383846
4087,1320225,20567,1380699
4088,1311336,20401,1371200
4089,1309058,20495,1370330
4090,1305262,21804,1396306
4091,1326224,20361,1387659
4092,1314244,20399,1373086
4093,1311003,20474,1371346
4094,1311836,20438,1389662
4095,1317021,21617,1377657
4096,1337484,20452,1398009
4097,1320207,20545,1380436
4098,1318929,21157,1396937
4099,1315633,21967,1377265
4100,1318355,20430,1378859
4101,1315595,21043,1376878
4102,1314040,20581,1391305
4103,1314039,20211,1374139
4104,1303169,21539,1361949
4105,1311985,20892,1372042
4106,1316206,21152,1393339
4107,1315280,20412,1375433
4108,1307762,21777,1369094
4109,1309280,21204,1369818
4110,1306725,20983,1383152
4111,1316207,20243,1375727
4112,1305966,20781,1365543
4113,1307317,21461,1368389
4114,1312447,20573,1389353
4115,1321040,20000,1381335
4116,1315502,20816,1375818
4117,1308207,21736,1369238
4118,1312058,20626,1388165
4119,1326632,20331,1387703
4120,1310743,20406,1371649
4121,1313336,21110,1374205
4122,1314892,22197,1394551
4123,1320021,20791,1380497
4124,1314206,20403,1374535
4125,1309985,20460,1386036
4126,1315428,21843,1376678
4127,1551574,21918,1646880
4128,1565352,23623,1661399
4129,1531149,23716,1645715
4130,1577166,25125,1672383
4131,1506278,27175,1598267
4132,1531852,24305,1625379
4133,1571889,22843,1686601
4134,1544037,23826,1640917
4135,1514334,25024,1606542
4136,1546555,24358,1644098
4137,1608499,23100,1723265
4138,1544962,23138,1640563
4139,1564684,23750,1656564
4140,1469982,26411,1561763
4141,1583351,23597,1702374
4142,1585981,26191,1683041
4143,1512111,25136,1606266
4144,1473186,25835,1562631
4145,1556667,27576,1686704
4146,1475741,24170,1566707
4147,1364317,20689,1435858
4148,1356910,20653,1424174
4149,1340373,22370,1442223
4150,1353483,20834,1418947
4151,1330910,20224,1394263
4152,1327781,20188,1389708
4153,1312614,21960,1393684
4154,1348595,20980,1413074
4155,1311725,20147,1372242
4156,1329521,20130,1388187
4157,1315559,20297,1392744
4158,1323021,21736,1383924
4159,1321076,20959,1383832
4160,1325132,20479,1386426
4161,1321132,21387,1400945
4162,1313707,22474,1376106
4163,1319928,20364,1380774
4164,1322799,21050,1383256
4165,1315855,21922,1392776
4166,1315021,20534,1376221
4167,1310132,21362,1372290
4168,1329336,20974,1393383
4169,1308207,21290,1387681
4170,1313743,20698,1373941
4171,1303374,21822,1363269
4172,1318429,20156,1376807
4173,1318762,21194,1397067
4174,1319095,20418,1381012
4175,1311781,21030,1372773
4176,1301873,22080,1362286
4177,1313762,21266,1389972
4178,1321522,20323,1382621
4179,1313503,20416,1372252
4180,1308707,21596,1368820
4181,1312318,21208,1388691
4182,1315799,20264,1376415
4183,1309151,20321,1368268
4184,1312429,20729,1372528
4185,1313613,21224,1390041
4186,1315076,20503,1375634
4187,1312576,20189,1373339
4188,1319003,20523,1394044
4189,1316780,21629,1378353
4190,1310633,20000,1370280
4191,1328243,20797,1389818
4192,1322077,20520,1400800
4193,1323502,20818,1386190
4194,1306725,21757,1366111
4195,1317558,20702,1377760
4196,1318299,20444,1395131
4197,1311559,20204,1370077
4198,1311076,21328,1371127
4199,1313910,20829,1373794
4200,1309299,20256,1383980
4201,1312244,20387,1372759
4202,1317336,20758,1378038
4203,1307651,21808,1369551
4204,1305095,20346,1380589
4205,1319448,20440,1379812
4206,1319392,21755,1381721
4207,1303336,20824,1362234
4208,1309281,20603,1398994
4209,1317318,20270,1378013
4210,1314429,21920,1375588
4211,1312910,20328,1372386
4212,1300707,21656,1375714
4213,1318892,20249,1379622
4214,1391002,21843,1464344
4215,1329725,20418,1392439
4216,1304595,21579,1386859
4217,1328855,20284,1390897
4218,1319669,20489,1381694
4219,1325225,20360,1385955
4220,1315058,20602,1393141
4221,1312817,22115,1374635
4222,1318540,20319,1381081
4223,1315003,20320,1374082
4224,1309095,20136,1385231
4225,1311780,22427,1372911
4226,1313817,20132,1373541
4227,1324169,21151,1385820
4228,1319651,20337,1395691
4229,1313818,20134,1373581
4230,1315058,21684,1375946
4231,1316688,20926,1376206
4232,1305318,20131,1380522
4233,1318466,20632,1378616
4234,1307966,21534,1368869
4235,1317762,20294,1376759
4236,1307706,20406,1383112
4237,1330170,20185,1393817
4238,1318632,21593,1380466
4239,1310113,22199,1372127
4240,1310188,20811,1387850
4241,1315484,20108,1375647
4242,1311613,20906,1370649
4243,1305318,21122,1363699
4244,1313447,20457,1389607
4245,1310484,20680,1370589
4246,1310688,20236,1368590
4247,1306966,21422,1366425
4248,1299133,22158,1376790
4249,1314262,20270,1373753
4250,1307373,20715,1366236
4251,1314410,20735,1390126
4252,1309336,21859,1370787
4253,1307910,20063,1367492
4254,1310336,20139,1368437
4255,1317743,21158,1393660
4256,1316188,20326,1376272
4257,1301466,22857,1362619
4258,1310836,20173,1370046
4259,1309447,22396,1384565
4260,1343095,21971,1410269
4261,1309910,21651,1370005
4262,1310540,20096,1369543
4263,1311947,20357,1387470
4264,1313466,20858,1374675
4265,1313503,20840,1376250
4266,1305743,21242,1364133
4267,1305762,20095,1395245
4268,1317336,21670,1378246
4269,1314318,20856,1375432
4270,1308688,21980,1369038
4271,1312688,20240,1386705
4272,1319391,21001,1379799
4273,1306873,21057,1367374
4274,1307281,20132,1366283
4275,1306948,21497,1382351
4276,1328725,21387,1391259
4277,1314632,20443,1374612
4278,1306577,20648,1366317
4279,1306114,21735,1383811
4280,1321798,20681,1382794
4281,1313318,20496,1373702
4282,1310039,20386,1368463
4283,1322540,20369,1399908
4284,1312299,21937,1374236
4285,1313577,20531,1373126
4286,1309040,20624,1368923
4287,1315465,20755,1390813
4288,1307058,21990,1369085
4289,1321687,20288,1381290
4290,1314187,20696,1373569
4291,1307540,20456,1381699
4292,1320632,20402,1381904
4293,1302355,21211,1361954
4294,1310392,21416,1370251
4295,1308318,20065,1381622
4296,1314058,20455,1374716
4297,1310669,21912,1370303
4298,1310559,20228,1370175
4299,1313540,20321,1388861
4300,1319484,20434,1379399
4301,1315410,20731,1376289
4302,1299133,21855,1359376
4303,1309651,20708,1384432
4304,1310540,20709,1371267
4305,1311095,20321,1371027
4306,1302892,21871,1363633
4307,1311910,20724,1387281
4308,1318725,20410,1379579
4309,1306188,19781,1366210
4310,1306318,20227,1366229
4311,1306374,21369,1383186
4312,1321391,20630,1382798
4313,1311965,20445,1372762
4314,1303058,20169,1363004
4315,1303021,21330,1378832
4316,1316576,20664,1376537
4317,1305614,20591,1364408
4318,1306966,20277,1405409
4319,1381799,20908,1445946
4320,1311577,21513,1373793
4321,1317318,20774,1377757
4322,1315744,20441,1395388
4323,1316040,20387,1375722
4324,1310392,21714,1370828
4325,1305855,20549,1364662
4326,1299022,20216,1387626
4327,1316466,20680,1376738
4328,1318392,20385,1378813
4329,1309114,21657,1370308
4330,1307151,20992,1382364
4331,1312762,20196,1372384
4332,1308280,20475,1368663
4333,1301910,21766,1363639
4334,1304706,20285,1380158
4335,1320410,20120,1380751
4336,1319151,20343,1378678
4337,1307151,20973,1365976
4338,1298411,21227,1372378
4339,1314262,20099,1373638
4340,1317484,20451,1378231
4341,1313559,21267,1374566
4342,1300151,21299,1375468
4343,1314540,20485,1375024
4344,1305318,20097,1364692
4345,1313021,21153,1374026
4346,1303947,20192,1381842
4347,1304855,22167,1366059
4348,1310651,20317,1370467
4349,1311299,20651,1371468
4350,1311743,20152,1386876
4351,1304836,21720,1364371
4352,1308762,20666,1367724
4353,1316170,20297,1375354
4354,1308466,22260,1368633
4355,1308244,20521,1366523
4356,1309429,21923,1370721
4357,1312076,20461,1372148
4358,1301206,20406,1360538
4359,1309965,20426,1369465
4360,1297707,21883,1355700
4361,1306225,20717,1365127
4362,1309910,20422,1370184
4363,1305447,20571,1363370
4364,1304059,20091,1361760
4365,1299911,21715,1358513
4366,1305780,20475,1363922
4367,1315447,20661,1375867
4368,1303169,20088,1361794
4369,1305874,21657,1364603
4370,1313595,20121,1373549
4371,1311058,20122,1368624
4372,1309799,20215,1367366
4373,1309558,20272,1368700
4374,1308077,21711,1368842
4375,1308744,20230,1367029
4376,1305744,20083,1364307
4377,1318670,20028,1376808
4378,1305188,21523,1365081
4379,1308873,20209,1366730
4380,1307429,20043,1365897
4381,1309873,20489,1368898
4382,1310558,20916,1370770
4383,1306799,21077,1365820
4384,1308651,20133,1366728
4385,1307114,20727,1366637
4386,1306873,20098,1365545
4387,1302762,21278,1361280
4388,1313725,20557,1373355
4389,1323558,20391,1385189
4390,1316003,20281,1375283
4391,1322687,20171,1382599
4392,1303114,21480,1362723
4393,1306392,20185,1364132
4394,1319706,20630,1380651
4395,1315151,20964,1375485
4396,1303132,22496,1364591
4397,1313447,20182,1371721
4398,1325929,21331,1387056
4399,1312058,20573,1371612
4400,1308318,20241,1367465
4401,1307262,21457,1367200
4402,1310317,20144,1368720
4403,1303077,20385,1361202
4404,1305892,20016,1364092
4405,1299225,20881,1356365
4406,1306003,20196,1364217
4407,1311707,20438,1370348
4408,1315225,21217,1375460
4409,1307817,20366,1366091
4410,1302854,20916,1361659
4411,1312670,20584,1371382
4412,1304521,20085,1361550
4413,1302947,20104,1360347
4414,1303040,21802,1362434
4415,1314650,20340,1374009
4416,1313151,20379,1373288
4417,1310077,20268,1368530
4418,1304559,20547,1363512
4419,1299540,21338,1359137
4420,1306595,20228,1365286
4421,1319428,20784,1380379
4422,1312262,20119,1370510
4423,1309188,21150,1367875
4424,1315817,20151,1375264
4425,1309503,19985,1367395
4426,1313095,20246,1372526
4427,1308929,19950,1366971
4428,1310873,21649,1371669
4429,1313540,20205,1373170
4430,1303558,20169,1362653
4431,1538407,22763,1631910
4432,1527130,25887,1625164
4433,1540592,24314,1635961
4434,1576888,23129,1673295
4435,1536722,25056,1629611
4436,1588481,24205,1695222
4437,1449613,24830,1532867
4438,1476445,22405,1556757
4439,1452594,22683,1531721
4440,1436428,21203,1514407
4441,1400984,23549,1477217
4442,1435242,22495,1515662
4443,1432446,23273,1511718
4444,1444501,21645,1523608
4445,1445760,21553,1525757
4446,1553519,24140,1648417
4447,1592110,22975,1689195
4448,1592443,23290,1692733
4449,1561055,23180,1654161
4450,1470094,24860,1556138
4451,1615018,23824,1710637
4452,1483853,22584,1573825
4453,1591073,25604,1687676
4454,1471389,21790,1553957
4455,1412409,23988,1494081
4456,1437446,22544,1518304
4457,1440853,21490,1521139
4458,1440372,21417,1520362
4459,1402076,23652,1480412
4460,1432557,22968,1512302
4461,1438353,21728,1517969
4462,1432891,20674,1511378
4463,1620851,24711,1722210
4464,1509038,29002,1609409
4465,1573259,23392,1668280
4466,1569074,24597,1666410
4467,1613832,24394,1710078
4468,1474945,24963,1561370
4469,1540240,24760,1646000
4470,1532704,23409,1624668
4471,1447168,23484,1530799
4472,1445520,22985,1527004
4473,1416557,24665,1496851
4474,1427798,22907,1507796
4475,1442075,22982,1523926
4476,1417890,22797,1498076
4477,1406780,26181,1484959
4478,1434835,23274,1515923
4479,1432464,22757,1512202
4480,1630425,25073,1737459
4481,1578018,23833,1672739
4482,1506186,25475,1596364
4483,1468446,22458,1553995
4484,1365909,21570,1434442
4485,1338910,20775,1403832
4486,1329003,22510,1394179
4487,1338595,20326,1400550
4488,1322707,20197,1383162
4489,1310373,20180,1371311
4490,1327447,21125,1389720
4491,1314410,21657,1375492
4492,1322150,20380,1382826
4493,1315725,20251,1375939
4494,1310837,20326,1371088
4495,1307966,21302,1368045
4496,1311206,20155,1368713
4497,1342540,20193,1401695
4498,1311206,20064,1371548
4499,1312225,20843,1373493
4500,1303448,21152,1362155
4501,1310744,20116,1368915
4502,1311540,20469,1371027
4503,1306410,20100,1363713
4504,1306929,21446,1366578
4505,1311521,20836,1370912
4506,1362668,20170,1440505
4507,1559259,23060,1656466
4508,1577536,24043,1670708
4509,1469223,26037,1559259
4510,1569296,23020,1668574
4511,1531315,27317,1630353
4512,1540111,25281,1633465
4513,1490594,26572,1587553
4514,1524630,23091,1619109
4515,1557611,23314,1653702
4516,1562444,24130,1657018
4517,1571667,22779,1666574
4518,1488779,25329,1578255
4519,1557444,25867,1659199
4520,1540500,22868,1635293
4521,1555388,24166,1652609
4522,1508834,25290,1599530
4523,1522223,23772,1615346
4524,1565499,24495,1659568
4525,1558944,22959,1653829
4526,1417613,21720,1494387
4527,1356225,23010,1426364
4528,1342077,20419,1406365
4529,1345150,20735,1410496
4530,1344095,20569,1409071
4531,1321706,21952,1385251
4532,1334725,20490,1397196
4533,1335873,20750,1398752
4534,1321522,20455,1382698
4535,1312836,21197,1372847
4536,1307836,22062,1369657
4537,1319188,21174,1379083
4538,1316855,20360,1377270
4539,1308985,21305,1369215
4540,1300837,21596,1360691
4541,1317650,20301,1378581
4542,1312669,20117,1372249
4543,1314910,21173,1375601
4544,1303651,20767,1363140
4545,1302817,22169,1362486
4546,1311670,20151,1372061
4547,1327614,20967,1389525
4548,1319855,20616,1380340
4549,1307854,21574,1365872
4550,1310318,20519,1370299
4551,1312576,20483,1371911
4552,1307411,20151,1366579
4553,1306133,20615,1365635
4554,1306818,21868,1367963
4555,1314188,20666,1373927
4556,1309985,21500,1370632
4557,1311281,20538,1370170
4558,1303354,21903,1363498
4559,1304540,20589,1364776
4560,1310151,20368,1368592
4561,1301576,20480,1361038
4562,1310799,20333,1370576
4563,1306984,21772,1366607
4564,1315984,20532,1375849
4565,1316836,20866,1376757
4566,1306281,20256,1365962
4567,1307873,21824,1368216
4568,1312336,20381,1372550
4569,1313133,20438,1372199
4570,1308818,20272,1367163
4571,1312854,20273,1372608
4572,1313003,22712,1374455
4573,1308374,20157,1366863
4574,1315947,20584,1373975
4575,1315799,20604,1374754
4576,1306502,21839,1366786
4577,1311892,20432,1370231
4578,1311670,20452,1370714
4579,1310095,20379,1368640
4580,1312280,20380,1371919
4581,1307669,22022,1367691
4582,1324780,20523,1389489
4583,1339076,20784,1401934
4584,1316466,20470,1376880
4585,1307392,21501,1366337
4586,1316780,20928,1378949
4587,1312928,20670,1374932
4588,1311725,20671,1369766
4589,1312484,20968,1373341
4590,1305447,21407,1364410
4591,1309985,20260,1368892
4592,1319669,20131,1378597
4593,1316243,21169,1376912
4594,1303854,21794,1364740
4595,1316243,20572,1375149
4596,1317781,20314,1376483
4597,1316336,20278,1375280
4598,1308022,20223,1366189
4599,1307688,21422,1366109
4600,1321836,20460,1381073
4601,1313429,20312,1371111
4602,1310891,20462,1369797
4603,1308780,21549,1368477
4604,1320632,20809,1380774
4605,1318429,20162,1379034
4606,1318317,20496,1378220
4607,1311169,20423,1371147
4608,1348409,21788,1410993
4609,1328187,20196,1389772
4610,1313096,20531,1372755
4611,1308429,20309,1367126
4612,1304262,21915,1363584
4613,1315095,20120,1373918
4614,1310706,20750,1371178
4615,1301966,20622,1360309
4616,1308762,20567,1368458
4617,1308855,21376,1369379
4618,1317799,20618,1379157
4619,1308632,20786,1368103
4620,1309225,20527,1369400
4621,1305151,21355,1366265
4622,1308521,20764,1367933
4623,1306133,20691,1365137
4624,1315262,20284,1374823
4625,1309670,20489,1369213
4626,1303484,21780,1364949
4627,1306873,21243,1367783
4628,1318651,20559,1381098
4629,1327502,20338,1390470
4630,1307948,21907,1370224
4631,1310966,20334,1371114
4632,1307874,20409,1367337
4633,1316688,20261,1376060
4634,1313077,20225,1372561
4635,1302170,21312,1361537
4636,1308262,20517,1368945
4637,1310762,20351,1368817
4638,1316429,20519,1376095
4639,1299799,21754,1360386
4640,1303448,20422,1362295
4641,1308281,20349,1367425
4642,1315966,22091,1376815
4643,1305355,20258,1363538
4644,1307281,21586,1366866
4645,1320855,20661,1381756
4646,1310337,20255,1369646
4647,1306410,20219,1364406
4648,1299633,21583,1357827
4649,1305058,20325,1363068
4650,1304929,20345,1362921
4651,1312410,20512,1372181
4652,1319188,20458,1377386
4653,1303540,21582,1362807
4654,1314151,20213,1373307
4655,1308985,20528,1367697
4656,1308318,20307,1366624
4657,1298595,21616,1356786
4658,1316170,21154,1376490
4659,1310762,20989,1370510
4660,1307836,20268,1366288
4661,1310762,20454,1368271
4662,1296058,21393,1354432
4663,1306966,20820,1366859
4664,1305688,20117,1363415
4665,1308762,20655,1367324
4666,1306669,21316,1366355
4667,1309799,20502,1368227
4668,1343447,20411,1408486
4669,1321854,20708,1383025
4670,1319818,20357,1381655
4671,1303410,22833,1365298
4672,1323743,20556,1384651
4673,1315262,21076,1375226
4674,1307373,20243,1365727
4675,1301966,21886,1361870
4676,1332132,20535,1394296
4677,1315891,21499,1377668
4678,1311484,20556,1371706
4679,1363540,20260,1425780
4680,1311225,21440,1372109
4681,1316373,21089,1378202
4682,1311318,20349,1370963
4683,1308706,20239,1368260
4684,1315040,22474,1377014
4685,1311021,20438,1370959
4686,1309466,20587,1370127
4687,1316706,20385,1376461
4688,1308003,20312,1368166
4689,1305966,21176,1366012
4690,1312854,20640,1373643
4691,1304836,20308,1363829
4692,1308817,20124,1367478
4693,1306466,21081,1365824
4694,1316947,20675,1378122
4695,1309837,21009,1370474
4696,1312355,20251,1371901
4697,1318040,20307,1379236
4698,1314873,21543,1377675
4699,1318910,20488,1380657
4700,1314725,20934,1376028
4701,1313817,20323,1372974
4702,1299762,22429,1361265
4703,1315021,20300,1375729
4704,1316355,21153,1376581
4705,1318503,21691,1379582
4706,1307262,20470,1365917
4707,1300336,21779,1359578
4708,1307577,21188,1368264
4709,1308539,20170,1367506
4710,1308855,20504,1368710
4711,1303410,21703,1363131
4712,1314595,21815,1375854
4713,1312966,20316,1372503
4714,1308522,20391,1367375
4715,1312910,20966,1372357
4716,1306225,21220,1365315
4717,1309299,20202,1367797
4718,1307243,20425,1365798
4719,1304188,20593,1363780
4720,1303243,21143,1362534
4721,1313466,20607,1372146
4722,1312151,20367,1370666
4723,1305669,20146,1364482
4724,1305521,20443,1364168
4725,1303669,21734,1363366
4726,1307114,20309,1365904
4727,1306706,20717,1365572
4728,1304558,20107,1362610
4729,1307132,21250,1366400
4730,1316040,20584,1376994
4731,1306188,20011,1365606
4732,1305151,20179,1363292
4733,1302818,20550,1361330
4734,1300262,21508,1360695
4735,1306188,20397,1363696
4736,1309595,20361,1369382
4737,1302688,20492,1361661
4738,1300429,21449,1359989
4739,1312891,20599,1373601
4740,1309077,20488,1368398
4741,1299688,20193,1360196
4742,1307985,20120,1367326
4743,1301318,21689,1360043
4744,1319373,20412,1380192
4745,1304707,20117,1362360
4746,1318058,20247,1379490
4747,1309429,21742,1369744
4748,1303743,20317,1361245
4749,1307095,20151,1365357
4750,1306132,20300,1364636
4751,1310558,21412,1371489
4752,1305466,21110,1364465
4753,1304096,20463,1362780
4754,1309225,20335,1369189
4755,1301428,21317,1361727
4756,1295484,21163,1355370
4757,1311391,20220,1370889
4758,1307632,20276,1366908
4759,1309799,21555,1371187
4760,1311040,20704,1370577
4761,1309206,21310,1369423
4762,1309466,20348,1366906
4763,1310910,21090,1369629
4764,1312003,20313,1371649
4765,1302947,21974,1364291
4766,1311725,20697,1371940
4767,1322336,20235,1382663
4768,1313225,20329,1373239
4769,1304632,20274,1363462
4770,1305688,21510,1366179
4771,1335261,20529,1398327
4772,1310984,19937,1370717
4773,1306892,20068,1365256
4774,1316262,21637,1377139
4775,1319262,20267,1379029
4776,1304799,20546,1364808
4777,1308095,20621,1366975
4778,1306077,20437,1363958
4779,1301539,21450,1361582
4780,1310522,20099,1368675
4781,1306021,20322,1365639
4782,1315947,20064,1372992
4783,1296447,21744,1355228
4784,1309243,20337,1368284
4785,1314706,20412,1374748
4786,1308095,20247,1366064
4787,1307095,20970,1366935
4788,1301373,21205,1360022
4789,1310040,20039,1368264
4790,1309484,20355,1367746
4791,1312744,21078,1373414
4792,1303410,21499,1363038
4793,1307132,20111,1365872
4794,1309188,20001,1366799
4795,1310466,20668,1370763
4796,1316521,20836,1375727
4797,1300077,22053,1359537
4798,1308873,20554,1367297
4799,1313114,20703,1372835
4800,1309244,20389,1367391
4801,1300966,21272,1359645
4802,1312188,20514,1370776
4803,1304096,20052,1362129
4804,1301873,20164,1359722
4805,1309059,20054,1368538
4806,1306392,21049,1365514
4807,1306651,20198,1364848
4808,1314188,20254,1372793
4809,1302577,20051,1361202
4810,1300448,21694,1358252
4811,1307966,20362,1366549
4812,1312354,20974,1371309
4813,1320670,20716,1382810
4814,1307132,20235,1367349
4815,1306707,21693,1366843
4816,1313392,20564,1373955
4817,1310485,20232,1370382
4818,1307225,20307,1365253
4819,1312336,21801,1373803
4820,1309262,20284,1369082
4821,1302002,20099,1359676
4822,1307410,20267,1365343
4823,1312910,20824,1371974
4824,1305633,21207,1364469
4825,1306114,20282,1364247
4826,1310318,21024,1370267
4827,1312318,20451,1371990
4828,1305651,21223,1365392
4829,1312095,20798,1372411
4830,1303465,20206,1363079
4831,1311428,20207,1371061
4832,1307077,20671,1366377
4833,1303059,21703,1362242
4834,1311559,20444,1371484
4835,1302355,20297,1361226
4836,1310540,20817,1369134
4837,1302003,21515,1362184
4838,1336058,20405,1396796
4839,1312503,20221,1371501
4840,1311576,20814,1371020
4841,1311892,20186,1370577
4842,1300262,21680,1359608
4843,1398836,21033,1478552
4844,1578815,23534,1681570
4845,1559055,23350,1653608
4846,1447593,29103,1541789
4847,1574481,25345,1672288
4848,1508630,21754,1597975
4849,1584407,25773,1683975
4850,1443946,21719,1526515
4851,1417483,23380,1497066
4852,1440872,22251,1520492
4853,1429205,21456,1506567
4854,1439983,21809,1520365
4855,1405372,24155,1484804
4856,1432223,21248,1511008
4857,1435020,21842,1514232
4858,1437872,22380,1521547
4859,1621055,25140,1725046
4860,1510982,24227,1597579
4861,1560352,23210,1652857
4862,1550611,25544,1647802
4863,1624776,25397,1721617
4864,1442223,25058,1530522
4865,1547870,27355,1652484
4866,1534685,22412,1624763
4867,1444056,22950,1528432
4868,1462724,24895,1547488
4869,1421557,24260,1500261
4870,1453297,22502,1537132
4871,1434686,23540,1516133
4872,1432780,22726,1512468
4873,1399021,28128,1480796
4874,1437371,22907,1519000
4875,1429168,23204,1511908
4876,1627202,26075,1726351
4877,1577778,23873,1674168
4878,1552574,25830,1643940
4879,1556851,23665,1654200
4880,1598944,23054,1694386
4881,1495001,22592,1584833
4882,1532667,25420,1628142
4883,1516686,21495,1604032
4884,1455464,22552,1538015
4885,1443724,22016,1524183
4886,1568389,25683,1671293
4887,1548740,27011,1644547
4888,1631166,25846,1731047
4889,1592981,25513,1689456
4890,1621296,26551,1724123
4891,1571722,30435,1672711
4892,1568389,25306,1666157
4893,1748942,27362,1860303
4894,1695998,22215,1792027
4895,1671591,26624,1775325
4896,1491964,29118,1586099
4897,1592184,24527,1694155
4898,1569130,23176,1662971
4899,1563889,21936,1656657
4900,1506278,28042,1602300
4901,1581981,25265,1683504
4902,1592480,24432,1692283
4903,1566462,22915,1662303
4904,1522408,23046,1613008
4905,1547463,24503,1637391
4906,1519259,25448,1615114
4907,1412668,21338,1486839
4908,1352576,20450,1418397
4909,1351594,23167,1420113
4910,1335910,20261,1399633
4911,1334484,20762,1398801
4912,1312465,20244,1372524
4913,1318891,20171,1381266
4914,1312781,22147,1374890
4915,1317818,20241,1378409
4916,1309632,20019,1368503
4917,1312651,20224,1372689
4918,1311910,21644,1372313
4919,1317688,20145,1378611
4920,1313336,20387,1373704
4921,1306577,20055,1365502
4922,1311170,20074,1370225
4923,1309484,21198,1370386
4924,1315021,20162,1374942
4925,1312595,19923,1371055
4926,1311207,20127,1371185
4927,1314114,21733,1374994
4928,1342058,22604,1407977
4929,1314985,20346,1376367
4930,1318280,20514,1378071
4931,1321707,21829,1384943
4932,1305114,21583,1365900
4933,1313003,20343,1373142
4934,1310058,20548,1369458
4935,1312781,20475,1371626
4936,1300670,21229,1359324
4937,1309392,20656,1368584
4938,1305688,20231,1364455
4939,1307243,20547,1366771
4940,1312058,21418,1371883
4941,1306465,21727,1367804
4942,1312429,20395,1372027
4943,1307040,20359,1366176
4944,1312540,21489,1373751
4945,1305540,21780,1365449
4946,1303725,20207,1362765
4947,1311855,20356,1371377
4948,1309929,21209,1370341
4949,1310503,20043,1369916
4950,1300781,22316,1361614
4951,1338225,20928,1402485
4952,1326576,21429,1388283
4953,1310225,20189,1371025
4954,1302429,21609,1361575
4955,1319391,20499,1378946
4956,1312651,20056,1371799
4957,1307410,20205,1365596
4958,1312836,20243,1371430
4959,1313151,21756,1373369
4960,1315170,20276,1373444
4961,1311780,20258,1371038
4962,1311725,20278,1371243
4963,1305522,21753,1366200
4964,1308502,20421,1367905
4965,1311873,20681,1371424
4966,1305317,20349,1364648
4967,1303022,20443,1362908
4968,1351039,21585,1420587
4969,1356150,21142,1421514
4970,1310484,20402,1372293
4971,1320021,20236,1381553
4972,1310836,21879,1373066
4973,1315595,21010,1375790
4974,1327762,20751,1390846
4975,1315966,20419,1376717
4976,1321373,20827,1382255
4977,1311281,22211,1372750
4978,1314632,20230,1373825
4979,1311892,20713,1371919
4980,1317391,21047,1378605
4981,1303244,22079,1364470
4982,1307688,20283,1366767
4983,1308540,20395,1367898
4984,1307263,21063,1367750
4985,1307466,20157,1366344
4986,1305095,21707,1365709
4987,1315892,20541,1376265
4988,1312484,20283,1371192
4989,1312373,20821,1372953
4990,1307688,21148,1368410
4991,1312114,20112,1371726
4992,1307077,20817,1366690
4993,1309707,20188,1367580
4994,1307466,21375,1366655
4995,1299707,21758,1359038
4996,1311299,20685,1370928
4997,1325002,21056,1386855
4998,1312058,20280,1372448
4999,1303559,22144,1364276
5000,1312317,20812,1371240
5001,1308929,21350,1369056
5002,1303466,20444,1362039
5003,1307281,20371,1366873
5004,1305595,21291,1366682
5005,1310114,21107,1371165
5006,1304391,20404,1364369
5007,1305151,20479,1364407
5008,1307151,21177,1367106
5009,1306263,20808,1366051
5010,1308077,20253,1366200
5011,1309744,20162,1370349
5012,1310262,20552,1369998
5013,1302910,21676,1362697
5014,1314225,20251,1373068
5015,1312596,20641,1372569
5016,1309262,20771,1367903
5017,1301799,21951,1361750
5018,1311114,20452,1370306
5019,1304743,20286,1364307
5020,1314447,20806,1374456
5021,1315966,20473,1375698
5022,1308707,21635,1370026
5023,1305336,20487,1364008
5024,1308669,20025,1366306
5025,1305614,20434,1363510
5026,1301022,21947,1362134
5027,1304651,20226,1362543
5028,1309540,20041,1368933
5029,1312466,20376,1372008
5030,1308484,21136,1368749
5031,1300428,21575,1359466
5032,1307151,20131,1365856
5033,1308207,20243,1366709
5034,1304429,20522,1362728
5035,1300225,21757,1360223
5036,1302281,20110,1362002
5037,1302188,20204,1360188
5038,1312003,20779,1370966
5039,1370983,20632,1433596
5040,1310521,22478,1371166
5041,1309410,20720,1368981
5042,1319373,20758,1378501
5043,1314947,20685,1375168
5044,1300910,22346,1361163
5045,1310002,20347,1368608
5046,1310706,20681,1370832
5047,1306855,20460,1366351
5048,1306040,20313,1364982
5049,1299336,21011,1358347
5050,1310428,20790,1371292
5051,1314336,20291,1373849
5052,1311373,20292,1371590
5053,1300855,21323,1360678
5054,1312799,20787,1373567
5055,1312040,20436,1372605
5056,1315780,20474,1375866
5057,1311299,20549,1370626
5058,1304114,21562,1363435
5059,1315873,20304,1376732
5060,1310114,21398,1372141
5061,1305707,20269,1365457
5062,1298021,21801,1357099
5063,1315503,20265,1375693
5064,1317614,21043,1380323
5065,1312466,20248,1372047
5066,1320706,20656,1382140
5067,1309151,20984,1369542
5068,1307743,21096,1368599
5069,1305095,20264,1364952
5070,1311113,20321,1371489
5071,1304151,21111,1364095
5072,1313021,21038,1373152
5073,1309577,20224,1368486
5074,1308411,20948,1368561
5075,1310373,20615,1369747
5076,1303188,21610,1362594
5077,1317022,21129,1377872
5078,1310688,20112,1369318
5079,1312910,21057,1372004
5080,1306170,21755,1366813
5081,1310003,20312,1369629
5082,1307058,20202,1366056
5083,1314151,20295,1373798
5084,1313447,20352,1372354
5085,1298077,21291,1356053
5086,1309392,20347,1368387
5087,1306114,20126,1364295
5088,1306984,20627,1366352
5089,1311725,21529,1372105
5090,1312799,20252,1370569
5091,1308392,20568,1368367
5092,1306151,20347,1364460
5093,1304133,21088,1363720
5094,1304614,21601,1365196
5095,1307818,20214,1365846
5096,1304373,20178,1362902
5097,1314503,20660,1374199
5098,1317354,22451,1380897
5099,1316151,20304,1375528
5100,1307465,21008,1368881
5101,1319780,20546,1378845
5102,1313169,20344,1371901
5103,1300336,21875,1361192
5104,1311799,20413,1371638
5105,1311762,20247,1371361
5106,1310003,20323,1368640
5107,1301373,21243,1360356
5108,1316465,20281,1376542
5109,1316484,20319,1378136
5110,1321410,20320,1380989
5111,1409835,21969,1484896
5112,1332466,22575,1398373
5113,1333150,20205,1395559
5114,1361113,20595,1428393
5115,1323799,20244,1385395
5116,1313891,21535,1373093
5117,1326336,20647,1388834
5118,1337373,20426,1401372
5119,1312059,20242,1372300
5120,1335910,20650,1397615
5121,1315688,21719,1378962
5122,1341909,21368,1407351
5123,1316003,20998,1377038
5124,1310929,20314,1371317
5125,1307169,21661,1367589
5126,1317984,21402,1379719
5127,1314781,20459,1374331
5128,1306596,20460,1366629
5129,1314836,20628,1375778
5130,1306429,22196,1366402
5131,1311336,20308,1370551
5132,1312503,20402,1372774
5133,1309059,20755,1369035
5134,1302484,21582,1361714
5135,1325262,20435,1388678
5136,1318503,20714,1380550
5137,1311614,20845,1372328
5138,1310447,20420,1370940
5139,1306633,21618,1367120
5140,1307633,20267,1367788
5141,1313429,20564,1373567
5142,1329632,20787,1391382
5143,1306743,21652,1367469
5144,1315114,20135,1374619
5145,1310948,20117,1370897
5146,1314206,20748,1373454
5147,1310966,22434,1372659
5148,1301429,21447,1360098
5149,1312910,20726,1372839
5150,1304855,20245,1364877
5151,1314725,21617,1374804
5152,1301836,21685,1362373
5153,1308354,20631,1368911
5154,1306114,20354,1364875
5155,1311614,21336,1371116
5156,1308243,20337,1368062
5157,1297096,22313,1357779
5158,1313762,20240,1373391
5159,1313151,20815,1373873
5160,1312188,20242,1371707
5161,1298614,21626,1358443
5162,1311614,20515,1370758
5163,1315985,20572,1376445
5164,1313114,20240,1372927
5165,1306947,20333,1364262
5166,1308410,21587,1368015
5167,1319929,20736,1379831
5168,1308707,20256,1367462
5169,1303095,20405,1361018
5170,1303725,21992,1365161
5171,1307929,20197,1367032
5172,1305633,20290,1365126
5173,1307540,20736,1368256
5174,1314651,20218,1375442
5175,1298929,21749,1358011
5176,1307503,20250,1366697
5177,1310225,20511,1372217
5178,1303558,20289,1362070
5179,1308096,21802,1368638
5180,1340928,20470,1402898
5181,1345428,20342,1415565
5182,1378242,21620,1451955
5183,1339447,21566,1405512
5184,1318892,21412,1380822
5185,1321855,20839,1383360
5186,1313670,21099,1375435
5187,1322595,21119,1384380
5188,1310280,22261,1371578
5189,1308114,20540,1367357
5190,1315429,20763,1377377
5191,1318484,20820,1380933
5192,1314132,20432,1374416
5193,1298207,21334,1356521
5194,1316207,20668,1377578
5195,1308818,20577,1368431
5196,1301911,20226,1362173
5197,1299762,22146,1359371
5198,1310244,21184,1371927
5199,1311502,20389,1371910
5200,1314502,20297,1374892
5201,1304077,20298,1363134
5202,1297059,21515,1357591
5203,1309966,20534,1369537
5204,1307559,20184,1367316
5205,1309022,20444,1368946
5206,1302577,21827,1363885
5207,1308596,20384,1367979
5208,1303559,21051,1363294
5209,1308577,20238,1369036
5210,1305947,20479,1365259
5211,1311465,21640,1372939
5212,1317724,21567,1378940
5213,1304355,20457,1364052
5214,1305206,20736,1364775
5215,1304392,21619,1364788
5216,1315188,21139,1376437
5217,1311873,20658,1372716
5218,1305892,20585,1365662
5219,1304669,20568,1365366
5220,1300743,21729,1360787
5221,1308911,20452,1367843
5222,1309632,20694,1371085
5223,1307688,20454,1367882
5224,1302614,22041,1363044
5225,1314799,20431,1375544
5226,1309799,20117,1369249
5227,1313911,20618,1374991
5228,1316540,20286,1376658
5229,1301985,21373,1361598
5230,1311651,20263,1371302
5231,1315354,20690,1375229
5232,1320781,20394,1380452
5233,1308873,21722,1370891
5234,1313521,20149,1373522
5235,1310429,20483,1370375
5236,1318299,20614,1378783
5237,1308947,22097,1369395
5238,1305355,21572,1363445
5239,1306392,20536,1365557
5240,1305595,20630,1365669
5241,1309947,21353,1370559
5242,1301929,21181,1360906
5243,1307151,20941,1366962
5244,1307076,20257,1365315
5245,1309448,21240,1368297
5246,1307151,20352,1366910
5247,1299559,21902,1358997
5248,1315540,20755,1375572
5249,1315392,20663,1374239
5250,1314447,20868,1375111
5251,1304151,21695,1363494
5252,1313132,20493,1372643
5253,1315984,20679,1376644
5254,1313262,20161,1372978
5255,1307670,20181,1366868
5256,1375761,21453,1454084
5257,1565370,23195,1659620
5258,1606536,23381,1701324
5259,1525167,22956,1635307
5260,1565611,25321,1658801
5261,1516482,23044,1608692
5262,1587610,25990,1689192
5263,1456612,22972,1543991
5264,1440334,24584,1523677
5265,1415928,25005,1496302
5266,1451075,22191,1536043
5267,1601796,28284,1710542
5268,1599369,24137,1699099
5269,1536481,26706,1629353
5270,1588777,25392,1701779
5271,1618443,26152,1720595
5272,1799275,27320,1908427
5273,1717424,29895,1832484
5274,1630980,27667,1733906
5275,1690350,29020,1802350
5276,1607907,25558,1711334
5277,1804052,26559,1912592
5278,1580241,25350,1673423
5279,1662388,26888,1768922
5280,1641869,29129,1748831
5281,1577889,24760,1676129
5282,1603685,25076,1702963
5283,1584667,31181,1682699
5284,1622388,24942,1719644
5285,1580425,26998,1677441
5286,1606777,26462,1705775
5287,1535704,28031,1632771
5288,1506464,22921,1594791
5289,1468446,22866,1552959
5290,1634443,25941,1737717
5291,1578333,23387,1673422
5292,1515908,26270,1617380
5293,1556482,24049,1651214
5294,1570833,23642,1673400
5295,1532018,24162,1626606
5296,1491482,25749,1594841
5297,1554889,23324,1647916
5298,1459909,23010,1544122
5299,1428371,21474,1508623
5300,1438797,22123,1520827
5301,1405521,23896,1484600
5302,1435575,21322,1515767
5303,1421668,21842,1501972
5304,1437427,22287,1518473
5305,1411779,24134,1492486
5306,1549203,22061,1650763
5307,1640721,23006,1735708
5308,1583851,24933,1680450
5309,1499704,24527,1591804
5310,1368947,23632,1440152
5311,1353521,20337,1419857
5312,1356391,20449,1422136
5313,1347114,21135,1413230
5314,1331688,22407,1395780
5315,1336835,20390,1400133
5316,1323577,20150,1384560
5317,1318651,20281,1379857
5318,1312577,20319,1373062
5319,1308836,21665,1369908
5320,1350706,20888,1417872
5321,1321873,20241,1383299
5322,1316373,20409,1376892
5323,1312373,21792,1373331
5324,1320725,21330,1383555
5325,1310928,20313,1370204
5326,1310410,20517,1370871
5327,1315410,20722,1376224
5328,1305854,22994,1369052
5329,1312076,20384,1372238
5330,1312225,20570,1373350
5331,1314299,20608,1374444
5332,1304577,21362,1365883
5333,1316595,20215,1375476
5334,1311095,20623,1371292
5335,1307503,21032,1366719
5336,1311355,20199,1370739
5337,1305207,21546,1365252
5338,1312707,20213,1373660
5339,1309799,20159,1368513
5340,1319336,20438,1379440
5341,1307243,21358,1366583
5342,1307373,20378,1366713
5343,1334336,20527,1396992
5344,1321169,21157,1383511
5345,1319521,20436,1379586
5346,1309892,22023,1370692
5347,1320077,20561,1381008
5348,1321059,21266,1383027
5349,1312244,20341,1372547
5350,1307392,21169,1367449
5351,1314873,20818,1375690
5352,1309355,21189,1369284
5353,1304114,20320,1364767
5354,1310299,20747,1369897
5355,1308003,21500,1367484
5356,1307595,21131,1368189
5357,1311670,20762,1371264
5358,1305873,21003,1364802
5359,1304669,21350,1364834
5360,1307021,20573,1366594
5361,1310762,20352,1369187
5362,1304244,20668,1362577
5363,1305003,19946,1363282
5364,1306910,21385,1368888
5365,1309447,20127,1368240
5366,1334614,20572,1398074
5367,1312207,20351,1371557
5368,1353243,21457,1422199
5369,1345484,20736,1409108
5370,1317984,20181,1379091
5371,1321966,20145,1382166
5372,1331262,21831,1394685
5373,1308669,22307,1369976
5374,1313966,20308,1375125
5375,1316744,20494,1377589
5376,1338114,21106,1402201
5377,1305206,22027,1367288
5378,1312040,20750,1372734
5379,1315613,20584,1376735
5380,1314688,20419,1375162
5381,1307077,20938,1366885
5382,1299911,21321,1358250
5383,1308188,20545,1368232
5384,1309688,20879,1369307
5385,1303559,20269,1362456
5386,1300429,21708,1360858
5387,1316262,20968,1377489
5388,1313595,20117,1375249
5389,1317706,20600,1378157
5390,1310892,20138,1371473
5391,1307169,21762,1367542
5392,1317817,20652,1378469
5393,1309077,20653,1366970
5394,1310743,20320,1370267
5395,1303003,21611,1363799
5396,1306114,20371,1365707
5397,1309725,20872,1369226
5398,1304133,20225,1362894
5399,1367872,20208,1429857
5400,1312077,21443,1372890
5401,1319243,20962,1379428
5402,1307447,20426,1367780
5403,1306466,20205,1365504
5404,1307929,21774,1368683
5405,1310096,20441,1368425
5406,1309262,20331,1368222
5407,1308169,20462,1367909
5408,1314651,20129,1373650
5409,1301132,22124,1361515
5410,1308929,20625,1368312
5411,1304485,20274,1363276
5412,1312207,20405,1372833
5413,1302559,21103,1361939
5414,1308929,20419,1368736
5415,1313225,20327,1372700
5416,1303485,20291,1363219
5417,1303854,20699,1365072
5418,1301614,21786,1363326
5419,1306151,20102,1366549
5420,1312317,20325,1372920
5421,1311984,20901,1371310
5422,1297577,21154,1357916
5423,1299985,20303,1357769
5424,1309485,20934,1369492
5425,1314354,26139,1379715
5426,1307318,20306,1367605
5427,1305280,21542,1366451
5428,1309040,20635,1369119
5429,1323299,20914,1384379
5430,1307040,20378,1366917
5431,1305707,21335,1366653
5432,1312317,20484,1372431
5433,1307929,21115,1368580
5434,1308540,20283,1366618
5435,1315985,20654,1377323
5436,1306280,21723,1366725
5437,1310429,20205,1369596
5438,1311874,20132,1372357
5439,1309170,20485,1368339
5440,1304465,21146,1365482
5441,1310429,20425,1368835
5442,1309559,20259,1369613
5443,1303966,20038,1362503
5444,1309132,20613,1368171
5445,1306929,21441,1367276
5446,1313892,20349,1374833
5447,1300614,20609,1360390
5448,1306744,20203,1366539
5449,1299818,21160,1359404
5450,1311558,20606,1372182
5451,1305799,20385,1365054
5452,1308206,20775,1368314
5453,1315040,20572,1374833
5454,1302058,21603,1362143
5455,1303503,20345,1363384
5456,1311817,20957,1371534
5457,1306132,21106,1366090
5458,1301725,21193,1362362
5459,1305688,20231,1365252
5460,1311151,20362,1370975
5461,1307429,20233,1366069
5462,1307337,21308,1368292
5463,1298022,21210,1357361
5464,1302540,20656,1362140
5465,1306429,20490,1365696
5466,1314113,21232,1375919
5467,1308521,21615,1368395
5468,1303540,20246,1363063
5469,1305726,20728,1366008
5470,1308466,20877,1369306
5471,1307614,20341,1366344
5472,1300022,21391,1359709
5473,1312484,20800,1372006
5474,1311262,20616,1372451
5475,1313280,20524,1372804
5476,1306966,21759,1368113
5477,1312262,20649,1370318
5478,1312059,20280,1371560
5479,1313614,20299,1372820
5480,1307281,20671,1366488
5481,1303077,21924,1363279
5482,1313947,20277,1375076
5483,1321317,20241,1380058
5484,1305744,20427,1366022
5485,1308188,23366,1370109
5486,1307855,20034,1368110
5487,1314650,20424,1374722
5488,1311558,20980,1373483
5489,1306392,20352,1364502
5490,1303225,21883,1363515
5491,1308744,20106,1368294
5492,1304484,20404,1364406
5493,1309169,20664,1368296
5494,1304558,21936,1365587
5495,1312337,20733,1372217
5496,1308762,20623,1369644
5497,1315762,20458,1375386
5498,1324336,20607,1385868
5499,1308114,21472,1369252
5500,1311744,20436,1371530
5501,1309002,20437,1368180
5502,1305929,20438,1365792
5503,1299595,21821,1360509
5504,1323502,21303,1387343
5505,1309948,20564,1370677
5506,1305577,20324,1365308
5507,1310448,21084,1371068
5508,1296225,21486,1356563
5509,1310281,20839,1370304
5510,1307466,20136,1367398
5511,1307651,21582,1367565
5512,1302244,21687,1362912
5513,1310003,20281,1370228
5514,1304225,20282,1363210
5515,1306151,20709,1365859
5516,1312410,20747,1374156
5517,1299947,22426,1360670
5518,1310299,21446,1371004
5519,1317355,21058,1380005
5520,1308817,20263,1368580
5521,1324891,21961,1384463
5522,1313521,20703,1373260
5523,1312095,21037,1372410
5524,1307910,20260,1367725
5525,1306558,20243,1365430
5526,1308929,21144,1369776
5527,1321336,21090,1383388
5528,1314206,20332,1374778
5529,1310040,20388,1370316
5530,1301632,21586,1361959
5531,1307355,20254,1366701
5532,1302577,20496,1361054
5533,1307299,20256,1365666
5534,1313429,20053,1373870
5535,1301781,21474,1361365
5536,1300651,20549,1359922
5537,1304744,20328,1362385
5538,1303318,20180,1363201
5539,1305318,21156,1364436
5540,1310466,20787,1372048
5541,1304355,20232,1362883
5542,1303985,20215,1362662
5543,1307428,20586,1366903
5544,1298096,21747,1359398
5545,1309651,20174,1367917
5546,1305132,20120,1364604
5547,1316985,21121,1378141
5548,1305077,21393,1365858
5549,1310799,21172,1370285
5550,1326947,21191,1391101
5551,1317595,20896,1379528
5552,1313392,20582,1374010
5553,1306984,22280,1367468
5554,1315206,20781,1375839
5555,1307873,20430,1367118
5556,1310317,20709,1370304
5557,1301262,21648,1361336
5558,1308929,20149,1368281
5559,1303837,20280,1363060
5560,1308096,20688,1367876
5561,1321502,20671,1381191
5562,1306003,22239,1366649
5563,1310874,20370,1369631
5564,1312577,20352,1372762
5565,1314521,20501,1374615
5566,1302410,22607,1365406
5567,1303225,20349,1361110
5568,1304169,20572,1363500
5569,1308318,20258,1366075
5570,1303151,20259,1362039
5571,1299151,21105,1357700
5572,1311243,20329,1370961
5573,1305706,20348,1364202
5574,1303577,21405,1363518
5575,1300558,21270,1359902
5576,1307133,20530,1367495
5577,1310003,20753,1370218
5578,1307262,20847,1368516
5579,1304502,21477,1364072
5580,1301206,21935,1362770
5581,1312392,20287,1370623
5582,1310317,21214,1369643
5583,1313225,20493,1372421
5584,1298855,22210,1356768
5585,1311114,20803,1371121
5586,1313077,20675,1371992
5587,1304077,20009,1363252
5588,1305855,20418,1366642
5589,1306485,21338,1365507
5590,1300743,20969,1361341
5591,1301003,20099,1359620
5592,1302892,20582,1364547
5593,1306299,21780,1367708
5594,1307466,20966,1368598
5595,1303410,20023,1362506
5596,1321521,21153,1385822
5597,1313669,20358,1374342
5598,1300039,21649,1359558
5599,1314688,20353,1373448
5600,1306448,20836,1368116
5601,1306040,20448,1365098
5602,1300132,21368,1359204
5603,1317595,20592,1376464
5604,1303817,20370,1363669
5605,1308429,20445,1366337
5606,1317928,20372,1377430
5607,1303151,21608,1363388
5608,1304096,20460,1363055
5609,1305928,20535,1364260
5610,1315669,20592,1375724
5611,1304040,21790,1364218
5612,1308836,20124,1368719
5613,1306132,20422,1364795
5614,1313299,20312,1373332
5615,1307947,20294,1366315
5616,1297892,21603,1357680
5617,1312929,20734,1372959
5618,1308077,20068,1367830
5619,1308744,20106,1367572
5620,1297392,20990,1356233
5621,1305355,20583,1364252
5622,1302706,20232,1360716
5623,1311466,20622,1369847
5624,1309577,20679,1371015
5625,1300874,21692,1359380
5626,1309706,21471,1369603
5627,1317670,20342,1376400
5628,1308781,20306,1368197
5629,1300688,22541,1359784
5630,1307281,20598,1366933
5631,1309022,20117,1366860
5632,1333243,20192,1393991
5633,1309651,20175,1368381
5634,1306484,21688,1368061
5635,1316188,20337,1374469
5636,1304262,21542,1366118
5637,1309466,20246,1367749
5638,1307318,21833,1367910
5639,1310633,20353,1369800
5640,1315892,21021,1377023
5641,1310077,20114,1368154
5642,1304706,20448,1364655
5643,1304558,20924,1364131
5644,1306725,21129,1366557
5645,1311503,20093,1370225
5646,1305169,20909,1365152
5647,1305188,21237,1363591
5648,1475945,23404,1562590
5649,1578221,23091,1672515
5650,1513390,23240,1607202
5651,1574889,25796,1673350
5652,1518260,27217,1615327
5653,1507223,23884,1600365
5654,1586074,23256,1683458
5655,1544703,24275,1641700
5656,1513612,24381,1614676
5657,1529463,22622,1622122
5658,1601129,23660,1695177
5659,1562685,23736,1655142
5660,1559574,22014,1653995
5661,1491463,25861,1582046
5662,1567759,24139,1665305
5663,1584629,22881,1677806
5664,1536888,23753,1630659
5665,1489796,24451,1577469
5666,1563666,23729,1656543
5667,1485167,23286,1574156
5668,1379483,20898,1451622
5669,1351317,20862,1429716
5670,1506093,24412,1596541
5671,1580629,23432,1678745
5672,1550630,23877,1650098
5673,1596537,24878,1696802
5674,1449113,25095,1537595
5675,1579481,24929,1683446
5676,1511908,21800,1598967
5677,1456557,22709,1539468
5678,1438982,23191,1519470
5679,1411576,24371,1490798
5680,1428483,24020,1512299
5681,1439816,23521,1522651
5682,1435168,22337,1515949
5683,1425761,25054,1506128
5684,1434946,22240,1515426
5685,1442779,23685,1526667
5686,1625999,23390,1729092
5687,1586240,22298,1678297
5688,1513797,25534,1603496
5689,1547426,24442,1643404
5690,1612018,24017,1706645
5691,1510556,23074,1599277
5692,1513111,25605,1615604
5693,1501574,21365,1584458
5694,1457816,22014,1538552
5695,1436205,21275,1515257
5696,1438520,22850,1520184
5697,1403687,24826,1482290
5698,1425853,21327,1503531
5699,1439594,21606,1518199
5700,1437853,23588,1521385
5701,1398428,23768,1476009
5702,1657258,21713,1746933
5703,1576073,25621,1673361
5704,1581740,23641,1677251
5705,1572722,22531,1665326
5706,1487741,25173,1580192
5707,1556259,24230,1657081
5708,1545093,23268,1643249
5709,1535222,22306,1624639
5710,1439427,23652,1521986
5711,1505260,22190,1588338
5712,1465704,21877,1547784
5713,1449668,22655,1532156
5714,1436002,22786,1516750
5715,1409557,23947,1488504
5716,1437964,21856,1519393
5717,1435668,22968,1516505
5718,1601906,21265,1698986
5719,1549741,23222,1644092
5720,1590444,25779,1691648
5721,1513426,22484,1606002
5722,1421964,21429,1500115
5723,1355243,21004,1421839
5724,1334169,22573,1399538
5725,1351614,20814,1416483
5726,1325299,20130,1387151
5727,1336965,20631,1401670
5728,1317855,22163,1381720
5729,1317429,20238,1377073
5730,1314447,20665,1373278
5731,1313706,20721,1373131
5732,1318614,20222,1379669
5733,1308299,21198,1368312
5734,1361576,20847,1438367
5735,1399261,22034,1471127
5736,1334392,20497,1398833
5737,1320706,22159,1383753
5738,1322539,20400,1385217
5739,1316910,20735,1376904
5740,1327392,21180,1390164
5741,1312744,19940,1372183
5742,1304170,22027,1365752
5743,1317133,20121,1376271
5744,1321577,21474,1384180
5745,1313892,20438,1373181
5746,1300040,21469,1360546
5747,1314595,20804,1374324
5748,1314744,20342,1375196
5749,1308318,21417,1368104
5750,1308910,20121,1369031
5751,1302336,22134,1361563
5752,1310336,20932,1370990
5753,1311354,21211,1370750
5754,1308133,20415,1366047
5755,1304077,21391,1363171
5756,1310150,20040,1368691
5757,1315706,21004,1374821
5758,1320558,20542,1381193
5759,1368132,20377,1430915
5760,1314966,22093,1377021
5761,1318706,21298,1380208
5762,1306948,20169,1366561
5763,1313040,20430,1372136
5764,1308429,21461,1368908
5765,1316540,21425,1377594
5766,1310762,20259,1371095
5767,1311336,20557,1370115
5768,1311651,21280,1373541
5769,1305428,21441,1364758
5770,1307799,20738,1368056
5771,1306077,20258,1364853
5772,1313429,22129,1377039
5773,1303244,21846,1364330
5774,1306373,21069,1366775
5775,1313596,20144,1373017
5776,1304650,20256,1365296
5777,1305873,20702,1363852
5778,1300318,21974,1361106
5779,1313855,20475,1373792
5780,1303614,20254,1362293
5781,1308077,20903,1366294
5782,1301892,21712,1362826
5783,1309521,20158,1367864
5784,1304114,20233,1363605
5785,1309336,20345,1368143
5786,1307206,20624,1367644
5787,1298466,21433,1359083
5788,1303040,20601,1361770
5789,1312466,20527,1372456
5790,1306188,20473,1364846
5791,1302448,21671,1361599
5792,1316632,21024,1378248
5793,1314762,20636,1374027
5794,1310151,20193,1368991
5795,1306929,20434,1365122
5796,1302521,21262,1362394
5797,1309336,20448,1369062
5798,1313836,20172,1373674
5799,1311725,20839,1370267
5800,1296651,21834,1356447
5801,1306522,20372,1365244
5802,1306502,20428,1364523
5803,1306855,20855,1365654
5804,1301762,20078,1360303
5805,1306003,21777,1364834
5806,1310836,20074,1370558
5807,1313910,20667,1374281
5808,1303707,20279,1362337
5809,1311688,21663,1372628
5810,1317798,21145,1379296
5811,1313484,20220,1372630
5812,1309447,20277,1369853
5813,1308484,20759,1367410
5814,1304503,21902,1364590
5815,1309540,20310,1367350
5816,1303373,20478,1363018
5817,1307262,20590,1365759
5818,1301799,21325,1361920
5819,1311762,20604,1371403
5820,1308262,20124,1367756
5821,1305299,20477,1363497
5822,1310484,20718,1371387
5823,1304892,21546,1365271
5824,1314096,20325,1374086
5825,1307225,21104,1367384
5826,1318039,20364,1379162
5827,1310447,21525,1370453
5828,1313039,21322,1374473
5829,1307669,20194,1367492
5830,1318299,20195,1377697
5831,1318132,20992,1378420
5832,1304503,21523,1364841
5833,1308651,20210,1366082
5834,1315447,20618,1376250
5835,1317707,21045,1378066
5836,1307151,22817,1368005
5837,1306985,20485,1365784
5838,1319058,20616,1380377
5839,1315799,21302,1375508
5840,1309355,20173,1369842
5841,1302577,21242,1359744
5842,1306633,20465,1365134
5843,1316669,21207,1376672
5844,1311780,20096,1370914
5845,1306985,21424,1365982
5846,1312632,20759,1371779
5847,1312485,21148,1371669
5848,1311651,19964,1370559
5849,1310651,20187,1370893
5850,1308169,21478,1368869
5851,1321724,21368,1383870
5852,1315743,20295,1377057
5853,1311799,20352,1370558
5854,1305947,21198,1365348
5855,1314984,20699,1375034
5856,1311429,20237,1370684
5857,1306058,21090,1366351
5858,1314058,20757,1373445
5859,1306336,21400,1365884
5860,1314929,20142,1375385
5861,1310780,20384,1369941
5862,1350835,20625,1410701
5863,1322669,21935,1384029
5864,1313022,20176,1373901
5865,1312058,20399,1370920
5866,1308317,20197,1367014
5867,1307262,20346,1366478
5868,1299836,21600,1360176
5869,1311151,20193,1370214
5870,1308484,20287,1369308
5871,1311706,20380,1370438
5872,1309503,21245,1371192
5873,1319206,20357,1379545
5874,1304429,20210,1364342
5875,1305521,20359,1364751
5876,1306985,21305,1367566
5877,1301040,21392,1360042
5878,1305929,20152,1363840
5879,1311040,20301,1370396
5880,1317280,20784,1377749
5881,1301077,21426,1361577
5882,1301744,20150,1361837
5883,1313873,20873,1372875
5884,1318485,20818,1380524
5885,1307040,20190,1365136
5886,1295152,21462,1354816
5887,1309188,20148,1370132
5888,1309521,20242,1368651
5889,1303744,20113,1362838
5890,1300336,21293,1359239
5891,1305595,20220,1363889
5892,1303503,19758,1361797
5893,1316040,20370,1374502
5894,1308669,19926,1369169
5895,1304984,21865,1364923
5896,1308539,20403,1367850
5897,1310374,21089,1372073
5898,1307077,20350,1366907
5899,1301706,22214,1361532
5900,1310596,20715,1370644
5901,1313151,20976,1372145
5902,1307836,20125,1367294
5903,1306669,20552,1365276
5904,1302911,21083,1361771
5905,1308280,20492,1367827
5906,1310429,20567,1370125
5907,1308688,20660,1365348
5908,1303374,22044,1363509
5909,1311947,20600,1369991
5910,1307170,20435,1366233
5911,1307428,20547,1367308
5912,1304022,20270,1363217
5913,1303096,21598,1362211
5914,1310576,20525,1369379
5915,1307003,20544,1364917
5916,1304484,20323,1363288
5917,1302096,21317,1360857
5918,1308892,20504,1369043
5919,1307076,21190,1365081
5920,1306465,20246,1366823
5921,1311558,20247,1370861
5922,1306707,21594,1365818
5923,1310244,20224,1369449
5924,1311984,20133,1371524
5925,1309892,20541,1369543
5926,1306207,21628,1366556
5927,1308762,20185,1367761
5928,1302522,20223,1361114
5929,1303281,21094,1362670
5930,1304466,20132,1364246
5931,1296688,21738,1355277
5932,1305188,20628,1364815
5933,1311151,21110,1369723
5934,1308577,20426,1368687
5935,1304281,21217,1362589
5936,1313188,20569,1374683
5937,1309466,20311,1368647
5938,1304373,20868,1363148
5939,1301781,20035,1360593
5940,1297114,21308,1356588
5941,1307818,20772,1367478
5942,1313577,20310,1374238
5943,1309465,20274,1367535
5944,1302410,21398,1361956
5945,1306725,20325,1364790
5946,1310207,20455,1370180
5947,1301614,20382,1359310
5948,1328947,20328,1392700
5949,1313836,21229,1372232
5950,1320780,20730,1381362
5951,1318447,20472,1380085
5952,1309984,20177,1369550
5953,1304891,21616,1364470
5954,1313206,21043,1374360
5955,1311855,20247,1371009
5956,1306392,20211,1366140
5957,1310762,20972,1370604
5958,1305077,21392,1365543
5959,1311780,20467,1371266
5960,1310706,20653,1371322
5961,1313595,22006,1374545
5962,1302503,21519,1363114
5963,1309558,20502,1368671
5964,1309503,20725,1369320
5965,1316891,20244,1376061
5966,1307965,20542,1368266
5967,1309558,22147,1369242
5968,1312392,20426,1373984
5969,1306688,20297,1364615
5970,1317521,20743,1377486
5971,1304318,22089,1364980
5972,1310911,20368,1370315
5973,1312410,20424,1371742
5974,1312021,20814,1371335
5975,1322132,20797,1384836
5976,1302818,22217,1365479
5977,1310688,20514,1369387
5978,1313336,20497,1374388
5979,1306373,20498,1363889
5980,1300355,21770,1360013
5981,1303132,20456,1362014
5982,1306632,20550,1366534
5983,1314669,20421,1374683
5984,1308559,20700,1368073
5985,1296873,21195,1354938
5986,1311225,20696,1370068
5987,1304984,21122,1364143
5988,1313836,20272,1374848
5989,1301669,21340,1361417
5990,1308539,20989,1369269
5991,1311984,20324,1370456
5992,1306595,20658,1366938
5993,1308521,20085,1367606
5994,1301984,21487,1360397
5995,1310354,20729,1369212
5996,1310485,20322,1370806
5997,1304318,20416,1363585
5998,1295559,21244,1352820
5999,1316040,21133,1375710
6000,1310411,20875,1369581
6001,1303743,20043,1362156
6002,1304485,20747,1364472
6003,1302985,21927,1362596
6004,1310781,20984,1370819
6005,1304262,20448,1362783
6006,1304984,20819,1363951
6007,1300485,21239,1360779
6008,1305485,20555,1364817
6009,1309577,20334,1368040
6010,1308299,20724,1367060
6011,1306207,20540,1366598
6012,1304688,21497,1365074
6013,1310928,20646,1370093
6014,1303300,20295,1362983
6015,1308466,20611,1367577
6016,1309854,21828,1371108
6017,1312854,20588,1371368
6018,1306910,20163,1365369
6019,1310985,20183,1369315
6020,1314114,20184,1373871
6021,1299780,21752,1359940
6022,1305355,20290,1364385
6023,1303910,19939,1361664
6024,1311206,20496,1371776
6025,1305169,21602,1364604
6026,1305170,20473,1364475
6027,1344040,20363,1417753
6028,1558074,23586,1652844
6029,1580314,22939,1677271
6030,1472057,25359,1560970
6031,1565888,24564,1661544
6032,1579703,22565,1675527
6033,1534796,22733,1635824
6034,1501464,26838,1596375
6035,1532871,23265,1625709
6036,1557797,25525,1658506
6037,1585055,24971,1683525
6038,1609592,25231,1709100
6039,1503500,25577,1593651
6040,1577703,22986,1670762
6041,1557500,23431,1651375
6042,1595185,23636,1689005
6043,1514704,25112,1603500
6044,1536259,22557,1630279
6045,1599537,24169,1692020
6046,1545018,24559,1639855
6047,1423576,21857,1502283
6048,1345706,22147,1415371
6049,1373779,21019,1442242
6050,1337262,20446,1400985
6051,1343595,21373,1408060
6052,1331576,21923,1394647
6053,1339928,20701,1401222
6054,1320540,20628,1381779
6055,1315318,20259,1375483
6056,1321984,21167,1384540
6057,1336872,21606,1401923
6058,1317781,20218,1377980
6059,1314021,20793,1373944
6060,1322151,21183,1385408
6061,1314595,21567,1375995
6062,1316558,20642,1376403
6063,1307003,20291,1366016
6064,1314762,21847,1377609
6065,1313096,21293,1373054
6066,1305114,21454,1364660
6067,1315725,20307,1376828
6068,1317299,20326,1378866
6069,1314318,20864,1374700
6070,1304484,21859,1365417
6071,1312724,20749,1374140
6072,1307633,20305,1367697
6073,1323243,20566,1383531
6074,1316151,20344,1377773
6075,1304003,21561,1363749
6076,1315465,20340,1374916
6077,1317243,20471,1376750
6078,1311929,20620,1371900
6079,1309300,21484,1369913
6080,1334391,21393,1399691
6081,1323743,20561,1384544
6082,1533259,22876,1622579
6083,1577314,22933,1671209
6084,1479852,24983,1572909
6085,1595925,23373,1692001
6086,1505019,22522,1597744
6087,1615425,23912,1711910
6088,1407687,23443,1485055
6089,1466612,22463,1549759
6090,1434834,21575,1514335
6091,1448927,21965,1528669
6092,1440816,22336,1522077
6093,1410020,22997,1487035
6094,1440150,22239,1520684
6095,1428668,22277,1509426
6096,1430872,21556,1509390
6097,1649647,23347,1745807
6098,1571462,23311,1669328
6099,1576796,22960,1669773
6100,1558018,22479,1652978
6101,1520833,22406,1621146
6102,1567981,26456,1663455
6103,1510352,21809,1600383
6104,1585407,23940,1684179
6105,1520500,21737,1605144
6106,1421409,22361,1500621
6107,1435205,21640,1515733
6108,1428724,21659,1511123
6109,1436964,22623,1518624
6110,1433909,21587,1512718
6111,1393279,24322,1472509
6112,1441557,21805,1523287
6113,1438538,23084,1521844
6114,1632647,24918,1738694
6115,1539296,24820,1634967
6116,1589852,23210,1686486
6117,1530555,23729,1625377
6118,1592259,24323,1687451
6119,1573925,23805,1667915
6120,1496241,24763,1588837
6121,1562722,23727,1652133
6122,1467204,23265,1553154
6123,1443890,23692,1527303
6124,1401131,29205,1483632
6125,1444946,23446,1529336
6126,1443001,23762,1528189
6127,1433168,23523,1514356
6128,1434223,22820,1516950
6129,1409687,24944,1487889
6130,1425835,23130,1505964
6131,1639518,27964,1742962
6132,1585574,22817,1678816
6133,1522797,25201,1613737
6134,1474704,22276,1561609
6135,1376094,21055,1446704
6136,1362761,21722,1433039
6137,1335392,20168,1399077
6138,1331150,22903,1396720
6139,1334799,21200,1399350
6140,1341206,21442,1406203
6141,1331836,20498,1393852
6142,1308095,21697,1369254
6143,1322280,20901,1383440
6144,1343632,21106,1407682
6145,1315910,20144,1376017
6146,1321484,20460,1384351
6147,1309392,21751,1370901
6148,1315670,20678,1377050
6149,1327595,20234,1389310
6150,1316244,20346,1377922
6151,1315910,21600,1375843
6152,1314484,20601,1375936
6153,1319855,21620,1382660
6154,1309707,20455,1370346
6155,1325781,20456,1385884
6156,1315003,21321,1377045
6157,1313188,21266,1373805
6158,1304854,20174,1365658
6159,1305633,20416,1364530
6160,1306892,21670,1368894
6161,1313151,20282,1372303
6162,1303614,20413,1363119
6163,1307892,20191,1366194
6164,1304392,20285,1364380
6165,1298928,21687,1357319
6166,1313151,20725,1373412
6167,1307410,20393,1366099
6168,1308725,20431,1368711
6169,1303558,21610,1362390
6170,1307910,20778,1367540
6171,1300410,20205,1358115
6172,1308725,20021,1368523
6173,1306521,20762,1366672
6174,1304484,22275,1365778
6175,1308170,20369,1366519
6176,1311095,20685,1371372
6177,1326484,21241,1388355
6178,1300262,22051,1361553
6179,1314484,20663,1372906
6180,1315262,20349,1376314
6181,1308984,20405,1367352
6182,1303725,20481,1363464
6183,1298596,21771,1357811
6184,1313743,20550,1374293
6185,1310688,20403,1369109
6186,1309503,21237,1369851
6187,1303669,21306,1363086
6188,1312262,20381,1372846
6189,1312651,20623,1371255
6190,1308096,21327,1368126
6191,1306984,20125,1365275
6192,1303429,22619,1363955
6193,1307559,20305,1366196
6194,1307558,20991,1366883
6195,1309263,20252,1368328
6196,1302799,22505,1362582
6197,1315151,20358,1373638
6198,1309984,21470,1370491
6199,1304040,20453,1361752
6200,1306318,19991,1366141
6201,1306892,21245,1366284
6202,1315466,21449,1377452
6203,1309892,20358,1368675
6204,1331798,20136,1392787
6205,1314151,21575,1374615
6206,1311465,20817,1372338
6207,1311391,20059,1370395
6208,1304726,20097,1364414
6209,1310744,20783,1370711
6210,1303003,21463,1362021
6211,1312558,19964,1370096
6212,1313595,20465,1375078
6213,1304466,20818,1362598
6214,1301707,21497,1360740
6215,1309558,20183,1367575
6216,1303873,20092,1362298
6217,1304818,20241,1361984
6218,1326206,20983,1388929
6219,1311447,21773,1371646
6220,1307762,20237,1368740
6221,1311466,20220,1370167
6222,1309596,20202,1368131
6223,1303540,21401,1363570
6224,1309818,20235,1369015
6225,1314169,19977,1373590
6226,1315391,20366,1375702
6227,1307317,21256,1366388
6228,1303614,21343,1364587
6229,1317484,20270,1378199
6230,1310392,20123,1370681
6231,1311132,20495,1370793
6232,1298151,21489,1359380
6233,1309892,20083,1368863
6234,1302781,20010,1362012
6235,1310947,20548,1371698
6236,1311281,20049,1371440
6237,1299577,22358,1359805
6238,1319484,20859,1379602
6239,1308151,20249,1366807
6240,1309521,20194,1368178
6241,1299892,22133,1358932
6242,1308762,20486,1367599
6243,1312317,20635,1371563
6244,1308670,20136,1367898
6245,1303076,20822,1361862
6246,1308503,21391,1368634
6247,1311836,20170,1370542
6248,1307170,20152,1366858
6249,1309892,20616,1368655
6250,1309632,21777,1371817
6251,1301873,19945,1359244
6252,1310003,20020,1369300
6253,1307466,20576,1366542
6254,1306522,20244,1364635
6255,1301540,21757,1360056
6256,1308318,20221,1367964
6257,1303170,20852,1363243
6258,1303170,20464,1362540
6259,1303595,21755,1363368
6260,1303929,20293,1362943
6261,1310133,22053,1370981
6262,1300428,20443,1358371
6263,1307114,20277,1365594
6264,1301762,21512,1362274
6265,1314429,20439,1374497
6266,1310799,20125,1369535
6267,1313207,20293,1370110
6268,1306207,21362,1366086
6269,1308799,20233,1366698
6270,1311095,20604,1370403
6271,1311781,20179,1369774
6272,1316207,20329,1376312
6273,1301985,21360,1361251
6274,1305392,20472,1363734
6275,1312817,20381,1371401
6276,1305799,20233,1365291
6277,1301966,21654,1361008
6278,1317577,20433,1377398
6279,1312188,20508,1371917
6280,1312891,20509,1371807
6281,1306411,20954,1367123
6282,1301206,21986,1361655
6283,1307337,20190,1366378
6284,1316503,20599,1377545
6285,1310484,20803,1369139
6286,1298910,21353,1357523
6287,1317280,20595,1378912
6288,1318873,20522,1379654
6289,1312743,20671,1372988
6290,1307299,19969,1364897
6291,1306465,21852,1367243
6292,1308447,20371,1368911
6293,1306151,19984,1365727
6294,1306540,20262,1366728
6295,1307447,21609,1366778
6296,1315781,20424,1375797
6297,1309466,20166,1368631
6298,1305373,20093,1365577
6299,1306021,20094,1364337
6300,1303928,21496,1363906
6301,1313614,20349,1372018
6302,1309762,20683,1368908
6303,1303558,20258,1362057
6304,1296929,21642,1357255
6305,1307836,20291,1366238
6306,1308484,20569,1367405
6307,1305225,20478,1364369
6308,1331613,20571,1399648
6309,1344299,22529,1409660
6310,1339466,20623,1403384
6311,1325929,19938,1387366
6312,1332632,20532,1396775
6313,1316892,22063,1377288
6314,1330170,20879,1392807
6315,1316040,20695,1376716
6316,1322466,20696,1384328
6317,1326206,20845,1387440
6318,1309188,22117,1372379
6319,1314836,20359,1373732
6320,1321373,20323,1381214
6321,1313077,20509,1373289
6322,1301891,21782,1362858
6323,1311706,20653,1370415
6324,1318022,20172,1379175
6325,1311707,20544,1370954
6326,1309854,20508,1369325
6327,1308076,22002,1368375
6328,1314447,21114,1374913
6329,1313410,20375,1370673
6330,1310577,20727,1370452
6331,1302206,21981,1361021
6332,1311002,20834,1371281
6333,1322058,20502,1382541
6334,1318095,20484,1377209
6335,1312022,20096,1370191
6336,1313558,21757,1375889
6337,1318799,20370,1379168
6338,1310780,20926,1372317
6339,1306818,20260,1364763
6340,1306299,21866,1366850
6341,1319744,20515,1379462
6342,1309243,20275,1368037
6343,1305521,20313,1363927
6344,1312281,20851,1372409
6345,1300614,21846,1359774
6346,1311892,20310,1370886
6347,1308688,20626,1367980
6348,1319818,20108,1380259
6349,1313151,21380,1372586
6350,1315410,20678,1376050
6351,1308133,20605,1366070
6352,1309317,20143,1367886
6353,1313540,20607,1373035
6354,1301225,21342,1361585
6355,1310632,20417,1370179
6356,1308688,20418,1369217
6357,1313762,20363,1372995
6358,1305391,21654,1364749
6359,1311910,20748,1371750
6360,1306225,20341,1365770
6361,1309522,20213,1366974
6362,1310225,20991,1370123
6363,1301688,21727,1361359
6364,1309966,20154,1368471
6365,1313448,20266,1373027
6366,1309614,21544,1370658
6367,1306503,21817,1366208
6368,1308281,20855,1367579
6369,1319465,20522,1379228
6370,1313688,20449,1373081
6371,1308966,20339,1366712
6372,1300522,21537,1360003
6373,1312651,20372,1372411
6374,1311077,20391,1369801
6375,1304373,20466,1362154
6376,1304688,21757,1365834
6377,1311614,20480,1369575
6378,1309151,20592,1368521
6379,1308762,20353,1367633
6380,1302244,20150,1361801
6381,1307485,21700,1367184
6382,1313818,20257,1373500
6383,1310485,20313,1369056
6384,1303651,19962,1362539
6385,1303280,21531,1361293
6386,1312336,20328,1371071
6387,1317595,20718,1376868
6388,1310114,20330,1370184
6389,1314225,20109,1373704
6390,1305614,21603,1365439
6391,1309929,20197,1368996
6392,1309021,20272,1369015
6393,1316539,20792,1375535
6394,1305262,21823,1365233
6395,1310781,20102,1369049
6396,1302855,21158,1363253
6397,1316151,20159,1374754
6398,1311966,20475,1371718
6399,1302725,21433,1361620
6400,1307336,20508,1367269
6401,1305706,20509,1363900
6402,1320059,20195,1381623
6403,1312484,22060,1373803
6404,1317502,20616,1378359
6405,1312521,20432,1371045
6406,1313466,20266,1372546
6407,1489760,23323,1577638
6408,1511518,25299,1602891
6409,1561704,23133,1657021
6410,1538241,24356,1631226
6411,1561963,23209,1659227
6412,1468537,25204,1556056
6413,1551611,24334,1647870
6414,1546315,23298,1641149
6415,1569129,23170,1667317
6416,1534259,21615,1626540
6417,1549759,25795,1645905
6418,1593444,24055,1691128
6419,1529370,23667,1622889
6420,1530055,23205,1622464
6421,1532241,24459,1624125
6422,1604148,23386,1699088
6423,1563500,22757,1659571
6424,1501371,22592,1592054
6425,1586999,25241,1685387
6426,1470297,25494,1560698
6427,1414224,21644,1489107
6428,1362187,22515,1430424
6429,1343762,20497,1410240
6430,1352077,22529,1419994
6431,1338317,21345,1401180
6432,1325299,20272,1387811
6433,1327965,20736,1389016
6434,1333206,20922,1396016
6435,1312392,21546,1374345
6436,1313299,20306,1374549
6437,1311318,20455,1371439
6438,1319392,21012,1382218
6439,1312243,21377,1371935
6440,1315744,21044,1377343
6441,1311762,20379,1370640
6442,1310725,20935,1372049
6443,1307984,20696,1365957
6444,1298318,21875,1359600
6445,1323225,21173,1384008
6446,1319114,20303,1381879
6447,1310077,20434,1369066
6448,1307743,22299,1369116
6449,1389224,21485,1462764
6450,1329114,20171,1392988
6451,1321392,20839,1381378
6452,1331170,20099,1392138
6453,1314373,22390,1377633
6454,1315114,21150,1376134
6455,1320854,20873,1382005
6456,1316262,20337,1377117
6457,1311947,21628,1371834
6458,1311429,20333,1371187
6459,1316391,20852,1376188
6460,1317911,20427,1378337
6461,1314614,20150,1373264
6462,1299836,21793,1360629
6463,1309077,20350,1368593
6464,1307503,20110,1366205
6465,1307670,20963,1367002
6466,1306725,21327,1368200
6467,1307965,20125,1366868
6468,1306411,20404,1365128
6469,1322151,20997,1381851
6470,1311224,20165,1371130
6471,1303410,21641,1362810
6472,1323669,20642,1385551
6473,1325281,21532,1387330
6474,1314762,20922,1376239
6475,1305763,21435,1364807
6476,1306892,20528,1367030
6477,1312207,20974,1371365
6478,1304410,19993,1362625
6479,1367521,20642,1429551
6480,1318447,22137,1380843
6481,1308003,19990,1366547
6482,1303836,20065,1362697
6483,1308003,20640,1366161
6484,1299281,22949,1360266
6485,1311595,20265,1369767
6486,1300725,20210,1359398
6487,1301503,20822,1359436
6488,1305762,20027,1363733
6489,1301040,21929,1359302
6490,1306503,20189,1363932
6491,1302299,20875,1361211
6492,1308188,20099,1366008
6493,1305076,21445,1364003
6494,1370131,20168,1448058
6495,1577129,22669,1667631
6496,1549074,22559,1642965
6497,1546259,21893,1636966
6498,1557629,27462,1651887
6499,1510871,22481,1601370
6500,1567944,26964,1665500
6501,1458797,21057,1540502
6502,1423965,23645,1505516
6503,1442075,22757,1524090
6504,1440427,21239,1520610
6505,1428150,20796,1506815
6506,1431761,21926,1514316
6507,1406279,23513,1484903
6508,1432353,21829,1514904
6509,1429724,20923,1509368
6510,1641258,24535,1746829
6511,1507501,22974,1597362
6512,1594888,25419,1698381
6513,1531037,23161,1626197
6514,1575555,23180,1671661
6515,1515130,22978,1605811
6516,1511630,23769,1616712
6517,1535611,22621,1623602
6518,1463501,22400,1545437
6519,1465612,22364,1545679
6520,1402613,23396,1481915
6521,1442890,22193,1522564
6522,1440149,21953,1519435
6523,1439316,21565,1518510
6524,1449205,21788,1528363
6525,1418243,25450,1495654
6526,1605240,22154,1698116
6527,1602518,22489,1698469
6528,1557889,23379,1653174
6529,1530575,29429,1628483
6530,1528352,23578,1620466
6531,1611240,24375,1704762
6532,1498204,23469,1590246
6533,1613147,24062,1710579
6534,1409020,24260,1492187
6535,1454408,23261,1537614
6536,1447964,23540,1531207
6537,1438131,23152,1520819
6538,1418835,23758,1497851
6539,1443557,22592,1524259
6540,1423502,23741,1506409
6541,1441242,23187,1524706
6542,1426686,22891,1508300
6543,1566593,26275,1666940
6544,1601981,24202,1698145
6545,1586499,24647,1682738
6546,1489056,23648,1579815
6547,1361354,23976,1431200
6548,1366446,20625,1435941
6549,1354280,21478,1420017
6550,1342465,21201,1408536
6551,1335077,20684,1398334
6552,1324114,21956,1386865
6553,1334280,21457,1398607
6554,1323687,20384,1386534
6555,1312874,20459,1373406
6556,1316262,21324,1378530
6557,1315262,21214,1376549
6558,1314133,20233,1374143
6559,1312280,20586,1371922
6560,1315077,20994,1377941
6561,1311262,21619,1372510
6562,1312151,20897,1372085
6563,1310281,20806,1369475
6564,1330151,20603,1391012
6565,1326947,22801,1389507
6566,1316984,20765,1376564
6567,1314206,20618,1373824
6568,1315077,20730,1375714
6569,1310058,20546,1368548
6570,1302225,21503,1362413
6571,1319466,20930,1379729
6572,1311336,20598,1371322
6573,1313318,20173,1371768
6574,1303892,21779,1364929
6575,1310151,20002,1368856
6576,1303873,20244,1362153
6577,1309207,20485,1367580
6578,1331151,21060,1393822
6579,1312984,21833,1373890
6580,1314410,20778,1373410
6581,1327818,20464,1387911
6582,1313077,20465,1372560
6583,1299152,22423,1359944
6584,1314114,20276,1374463
6585,1310502,20462,1369816
6586,1309651,20426,1369632
6587,1308021,20464,1367688
6588,1305947,21588,1366257
6589,1318207,20330,1375628
6590,1317114,20145,1375518
6591,1304317,20776,1364630
6592,1304058,21511,1364162
6593,1314670,20271,1372607
6594,1312410,20643,1370904
6595,1307614,20570,1365294
6596,1309892,20219,1369758
6597,1305947,21750,1365401
6598,1311059,20307,1371031
6599,1312151,20623,1373032
6600,1306411,20142,1365756
6601,1309910,21415,1368269
6602,1322539,20416,1382010
6603,1310688,20361,1370030
6604,1307484,20418,1366864
6605,1311928,20567,1372273
6606,1305077,21635,1367138
6607,1310799,20414,1369916
6608,1307818,20378,1368806
6609,1319244,20286,1380140
6610,1305559,21447,1365154
6611,1310095,20393,1368451
6612,1307558,20431,1366656
6613,1309762,20562,1368157
6614,1317947,20451,1378546
6615,1304317,21076,1364559
6616,1306373,20465,1366209
6617,1311243,20503,1371117
6618,1307317,20542,1365766
6619,1300633,21592,1358631
6620,1304781,20963,1364150
6621,1307484,20168,1366411
6622,1309447,20354,1367652
6623,1308800,22114,1367968
6624,1300892,21405,1360129
6625,1303281,20702,1360742
6626,1313725,20703,1372335
6627,1311206,21056,1369910
6628,1297763,21680,1357516
6629,1309447,20329,1368350
6630,1310373,20738,1369277
6631,1313892,22739,1375908
6632,1309984,20073,1368890
6633,1308725,21271,1368459
6634,1318447,20235,1379552
6635,1307003,21458,1366368
6636,1310966,20256,1370221
6637,1306855,21657,1364586
6638,1311651,20344,1370531
6639,1309540,21104,1369106
6640,1309633,20198,1369663
6641,1307151,20439,1367164
6642,1305651,21286,1364566
6643,1318077,21490,1378918
6644,1308707,20417,1368457
6645,1306077,20307,1365143
6646,1303077,21376,1362693
6647,1310799,20803,1373175
6648,1311317,20396,1371973
6649,1308151,20730,1368788
6650,1312577,20806,1371826
6651,1303984,21837,1364802
6652,1308707,20764,1368303
6653,1307262,20061,1364656
6654,1319151,20599,1378361
6655,1310318,22001,1370337
6656,1353798,21095,1418763
6657,1324466,20577,1384709
6658,1318391,20375,1377692
6659,1309854,20283,1369082
6660,1299040,21166,1357817
6661,1312503,20130,1373262
6662,1308113,20391,1368060
6663,1308114,20317,1366116
6664,1298540,21479,1359037
6665,1316429,20313,1375556
6666,1305984,20555,1365539
6667,1310281,20333,1369132
6668,1313706,21075,1374300
6669,1310466,22107,1371905
6670,1314558,20052,1373703
6671,1317558,20535,1378166
6672,1320447,20573,1382260
6673,1308336,21771,1368144
6674,1312725,20902,1373348
6675,1320577,20551,1380238
6676,1309521,20366,1368702
6677,1313688,20201,1371777
6678,1303817,21732,1363012
6679,1313595,20474,1372865
6680,1315225,20364,1374644
6681,1310966,20569,1371738
6682,1307188,21822,1365843
6683,1311836,20212,1370233
6684,1314373,20361,1375604
6685,1312910,20751,1372717
6686,1307206,20289,1367736
6687,1306743,21636,1367045
6688,1310669,20859,1370343
6689,1316243,20989,1376881
6690,1305021,20176,1364215
6691,1303429,22652,1364080
6692,1312687,20079,1371173
6693,1312002,20709,1372341
6694,1308669,20155,1367916
6695,1310373,20748,1370010
6696,1309280,21817,1371134
6697,1311614,20429,1371653
6698,1305891,20319,1365766
6699,1318984,21098,1378692
6700,1312855,21648,1372539
6701,1312836,20926,1372595
6702,1318873,21150,1379448
6703,1313207,20317,1372042
6704,1313558,20318,1372154
6705,1300133,21331,1360000
6706,1308762,20591,1368946
6707,1310558,20352,1368502
6708,1309910,20223,1367985
6709,1305521,21273,1363887
6710,1317411,20404,1376721
6711,1311688,20238,1370259
6712,1312151,20258,1371927
6713,1312687,20610,1372372
6714,1300577,21883,1359070
6715,1308225,19939,1365756
6716,1333484,20663,1396627
6717,1319577,20238,1378592
6718,1306948,21973,1368401
6719,1313781,20307,1372069
6720,1309151,20290,1369014
6721,1313744,21309,1375071
6722,1307744,20421,1367201
6723,1304744,21268,1364974
6724,1319466,20657,1380067
6725,1309077,20473,1368272
6726,1303281,20196,1361236
6727,1304317,21580,1364156
6728,1310947,20470,1370454
6729,1310466,20415,1369306
6730,1307114,20694,1367067
6731,1314281,20139,1372327
6732,1310485,21856,1370451
6733,1316966,20542,1376822
6734,1307540,20414,1366305
6735,1308447,20415,1367843
6736,1311077,21891,1372819
6737,1313540,20280,1372635
6738,1308651,20504,1367821
6739,1306170,20227,1364174
6740,1304928,20209,1363767
6741,1309354,21408,1369336
6742,1309596,20612,1370263
6743,1307929,20354,1366690
6744,1308911,20281,1367283
6745,1310947,21220,1370241
6746,1316577,20369,1376019
6747,1302262,20722,1360021
6748,1322003,20927,1383169
6749,1318280,20279,1379226
6750,1298632,22052,1359369
6751,1304466,20256,1363333
6752,1306744,20739,1366315
6753,1310447,20369,1370298
6754,1296781,21457,1356681
6755,1306280,20328,1364756
6756,1299077,20625,1357424
6757,1311151,20219,1371758
6758,1309447,20535,1369185
6759,1300892,21177,1360346
6760,1309243,20808,1368884
6761,1307317,19994,1366015
6762,1314632,20254,1373960
6763,1301799,21730,1361048
6764,1308725,20305,1368252
6765,1308559,20195,1366364
6766,1306485,21344,1365958
6767,1306966,20382,1366088
6768,1302114,21173,1361990
6769,1313892,20322,1374713
6770,1314725,20731,1374566
6771,1306762,20306,1364956
6772,1302169,21319,1362358
6773,1310466,20931,1370526
6774,1304910,21062,1364638
6775,1305003,20044,1364028
6776,1310336,20823,1369695
6777,1304966,21095,1363727
6778,1309170,20411,1368876
6779,1302781,20375,1361544
6780,1308077,20820,1367656
6781,1301040,21537,1360595
6782,1305799,20779,1364818
6783,1305022,20187,1364245
6784,1299484,20151,1358542
6785,1307651,20300,1365543
6786,1296780,21480,1356297
6787,1563852,23851,1654609
6788,1557666,25260,1657888
6789,1513112,24575,1605316
6790,1508353,25329,1600866
6791,1567833,24626,1661644
6792,1526741,23053,1622405
6793,1586481,24443,1677720
6794,1551889,23852,1645628
6795,1514001,24605,1604883
6796,1541463,24255,1635994
6797,1591333,26274,1688624
6798,1556204,24831,1656144
6799,1481389,24807,1583732
6800,1530019,23474,1623233
6801,1561814,23160,1658363
6802,1584352,26032,1684716
6803,1511778,24496,1604551
6804,1488093,25416,1581268
6805,1554259,25362,1653657
6806,1479890,22548,1565307
6807,1371890,21382,1439365
6808,1334021,22358,1400730
6809,1364040,22007,1431546
6810,1335891,20656,1400251
6811,1334336,21231,1397845
6812,1326743,20325,1388512
6813,1310929,21468,1370748
6814,1339372,20950,1404878
6815,1327133,20285,1386898
6816,1318151,20434,1378584
6817,1319502,21743,1384652
6818,1331429,20225,1394764
6819,1319281,20134,1379340
6820,1321132,20376,1381748
6821,1319206,20747,1379971
6822,1310632,21112,1369910
6823,1309077,20316,1367004
6824,1310929,20243,1369394
6825,1308780,21244,1368876
6826,1308392,22128,1369500
6827,1317132,20666,1376020
6828,1317280,20648,1377873
6829,1312058,20353,1371911
6830,1306299,20187,1365134
6831,1300836,21163,1359277
6832,1322669,21461,1384240
6833,1311262,21295,1371353
6834,1305799,20166,1364613
6835,1304688,21661,1363052
6836,1309502,21106,1369812
6837,1307873,20848,1366313
6838,1306521,20108,1365203
6839,1367169,20850,1429463
6840,1327521,22122,1392180
6841,1323539,20753,1383551
6842,1318317,19754,1377460
6843,1312799,20218,1371831
6844,1305151,21434,1365548
6845,1311521,20824,1372067
6846,1303836,20251,1363235
6847,1304428,20234,1364606
6848,1312206,20327,1372700
6849,1315892,21507,1377046
6850,1315299,20767,1376084
6851,1303485,20342,1362030
6852,1309336,20491,1367457
6853,1298596,21245,1358581
6854,1316465,20431,1375545
6855,1306910,20303,1365564
6856,1310373,20896,1370676
6857,1311132,20453,1369455
6858,1299503,21651,1358746
6859,1308003,20226,1367488
6860,1313281,20672,1373007
6861,1311151,20099,1368768
6862,1309336,21019,1368447
6863,1310948,20335,1369967
6864,1326873,20447,1388319
6865,1311392,20133,1369580
6866,1318651,20671,1378933
6867,1308725,21666,1369001
6868,1308040,20278,1368039
6869,1308188,20538,1367725
6870,1315836,20798,1375263
6871,1309151,21848,1368721
6872,1309429,20405,1370685
6873,1312095,20350,1370630
6874,1316688,20388,1376242
6875,1311911,20334,1370243
6876,1300133,21161,1359979
6877,1320114,20329,1379239
6878,1311836,20201,1369981
6879,1308465,20220,1366259
6880,1323873,21140,1393939
6881,1405298,20790,1477346
6882,1332039,20365,1395552
6883,1363039,21940,1431293
6884,1322299,20867,1385795
6885,1324503,22157,1387345
6886,1346002,20455,1408716
6887,1339299,21122,1402865
6888,1320095,20290,1382422
6889,1306577,21655,1366194
6890,1320466,20823,1380621
6891,1336187,23324,1402214
6892,1319169,20399,1380938
6893,1318762,20529,1379457
6894,1316021,21709,1377267
6895,1325355,20469,1385768
6896,1307855,20507,1367417
6897,1321429,21045,1381547
6898,1306928,22095,1368894
6899,1315039,20300,1374617
6900,1307022,20097,1366507
6901,1315595,21006,1376693
6902,1315169,21229,1376601
6903,1299077,21520,1359170
6904,1310114,20298,1368930
6905,1312206,20466,1370691
6906,1317985,21226,1388821
6907,1523074,23869,1609017
6908,1573592,23074,1665480
6909,1563500,22667,1658888
6910,1620851,23057,1717907
6911,1491556,22262,1580799
6912,1554462,27534,1648996
6913,1470409,21128,1554628
6914,1463445,21555,1545092
6915,1438686,20982,1518778
6916,1419131,23624,1500773
6917,1438890,21570,1518033
6918,1423613,21589,1502590
6919,1432964,22220,1512461
6920,1438538,22147,1519573
6921,1399261,23456,1479901
6922,1706794,24753,1803510
6923,1569204,24291,1666901
6924,1635591,25440,1733809
6925,1490334,25157,1585064
6926,1525074,23214,1619639
6927,1550704,24437,1647529
6928,1551093,22956,1648844
6929,1527148,24606,1617438
6930,1432001,23600,1513582
6931,1441279,21508,1521546
6932,1442186,22158,1522454
6933,1451149,22233,1531363
6934,1401094,23838,1480821
6935,1430983,23432,1510358
6936,1431539,22692,1513304
6937,1430001,21749,1509490
6938,1640332,21490,1746729
6939,1525167,23540,1615003
6940,1580222,23227,1675077
6941,1576481,23209,1673541
6942,1555500,23043,1650505
6943,1581962,24668,1675055
6944,1522204,22187,1610335
6945,1610128,24132,1706186
6946,1460057,21541,1543189
6947,1454946,21597,1535690
6948,1411687,24055,1491297
6949,1441187,21537,1521908
6950,1440798,22872,1524076
6951,1430631,21613,1510614
6952,1400649,24497,1480035
6953,1436298,22757,1518906
6954,1438076,21758,1517907
6955,1632166,27352,1744535
6956,1579999,23093,1678611
6957,1501316,25458,1589921
6958,1456038,22200,1538237
6959,1363928,20460,1432388
6960,1350039,21183,1415796
6961,1322632,22400,1385902
6962,1335947,20531,1399607
6963,1344817,20773,1409015
6964,1328724,21033,1392776
6965,1331187,20571,1394795
6966,1309206,21806,1370568
6967,1323410,20603,1383809
6968,1314262,21086,1375847
6969,1318003,21179,1379570
6970,1312503,21526,1373121
6971,1318854,20453,1378881
6972,1317595,20880,1378882
6973,1307576,20658,1368605
6974,1307225,20270,1367939
6975,1310077,21506,1370415
6976,1321855,20377,1381842
6977,1323928,20360,1385473
6978,1314243,20324,1373992
6979,1310632,21596,1370505
6980,1316669,20356,1376840
6981,1311244,20376,1370082
6982,1309614,20599,1369360
6983,1312410,20563,1369935
6984,1308966,21502,1367097
6985,1306336,20151,1364653
6986,1307429,20559,1365228
6987,1310614,20375,1370303
6988,1308800,22073,1369020
6989,1309170,20648,1368632
6990,1305966,20464,1364522
6991,1304651,20076,1363653
6992,1308299,20503,1366042
6993,1305373,21535,1365593
6994,1310466,20962,1370501
6995,1311429,20388,1369539
6996,1308114,20075,1366521
6997,1304873,21291,1364275
6998,1311780,20403,1371517
6999,1307188,20275,1365425
7000,1312428,20665,1371889
7001,1312614,20906,1373390
7002,1307632,21716,1367848
7003,1311669,20087,1369923
7004,1313577,20255,1372164
7005,1312836,20108,1372203
7006,1303410,21435,1363216
7007,1310854,20159,1369865
7008,1309836,20049,1368755
7009,1306318,20161,1365015
7010,1307188,19958,1365423
7011,1303040,21508,1361659
7012,1307744,20768,1367641
7013,1306355,20343,1364994
7014,1317354,20511,1377772
7015,1301022,21098,1359786
7016,1304022,20284,1362990
7017,1309465,20137,1367732
7018,1311428,21342,1371307
7019,1311706,20472,1370753
7020,1298188,21726,1357284
7021,1310077,20727,1369304
7022,1314392,20302,1373823
7023,1310206,20192,1370065
7024,1297873,21798,1357522
7025,1324503,20688,1385671
7026,1311002,20744,1372246
7027,1306318,20412,1364562
7028,1308243,20283,1367230
7029,1307929,21426,1368336
7030,1309428,20260,1367485
7031,1311299,20835,1369986
7032,1313577,20355,1373987
7033,1305928,22108,1365981
7034,1309614,20443,1368130
7035,1307836,20999,1368298
7036,1312929,20334,1373484
7037,1305077,20353,1364356
7038,1311743,21718,1372572
7039,1316762,21312,1377518
7040,1304484,20183,1364111
7041,1305892,20425,1364909
7042,1311892,21197,1372810
7043,1311521,20439,1370441
7044,1304892,20384,1363016
7045,1304800,20200,1363499
7046,1312854,20701,1372277
7047,1301799,21418,1361142
7048,1320114,20456,1379365
7049,1310502,20086,1370200
7050,1311336,20161,1371886
7051,1302836,21174,1360751
7052,1307096,20120,1366345
7053,1310595,20176,1369808
7054,1305059,20103,1362328
7055,1316225,20086,1374884
7056,1313207,20914,1373805
7057,1308892,20452,1368047
7058,1314299,20527,1373344
7059,1315799,20657,1376141
7060,1303947,22282,1366339
7061,1310225,20246,1370285
7062,1317151,20802,1377582
7063,1321855,21118,1382176
7064,1310077,20211,1369251
7065,1301539,21854,1362764
7066,1312077,20207,1370894
7067,1315354,20134,1373377
7068,1308614,21635,1368748
7069,1302410,21981,1361669
7070,1316447,20167,1375096
7071,1321817,20372,1381467
7072,1310465,20892,1370727
7073,1308836,20300,1367358
7074,1304522,21683,1364315
7075,1312336,20425,1372113
7076,1308095,21630,1367762
7077,1310207,20520,1368670
7078,1304744,22181,1364905
7079,1305670,20423,1364388
7080,1311502,20683,1371111
7081,1315669,20610,1374797
7082,1305355,20203,1365576
7083,1305966,21235,1364700
7084,1315521,21051,1375331
7085,1308039,20478,1366998
7086,1310280,20275,1368259
7087,1311280,21640,1370272
7088,1310429,20215,1368847
7089,1305965,20086,1363885
7090,1304392,20143,1360886
7091,1313133,20866,1372628
7092,1303318,21472,1362381
7093,1318114,20380,1375919
7094,1313540,20233,1371865
7095,1313392,20160,1371495
7096,1306855,21451,1365268
7097,1312540,20359,1370769
7098,1308151,20508,1365381
7099,1307021,20120,1365252
7100,1310892,20306,1368827
7101,1310521,21171,1370396
7102,1312392,20154,1372323
7103,1305410,20340,1363898
7104,1312151,20600,1370862
7105,1301374,21817,1361486
7106,1309466,19948,1367468
7107,1309762,20337,1368969
7108,1305374,20653,1362952
7109,1311188,21043,1369490
7110,1301096,21667,1360707
7111,1309003,20427,1367041
7112,1316188,21095,1375986
7113,1305392,20633,1364154
7114,1303021,21887,1362500
7115,1309150,20129,1367594
7116,1309948,20093,1368410
7117,1313725,20353,1372226
7118,1310133,20169,1367819
7119,1306670,21441,1365091
7120,1307595,20090,1364778
7121,1307558,20110,1365705
7122,1312706,20129,1370668
7123,1305373,21661,1363959
7124,1308966,20180,1366312
7125,1308614,20607,1366035
7126,1306651,20312,1364518
7127,1308022,20665,1366741
7128,1301336,21992,1359736
7129,1320262,20808,1380329
7130,1317873,20439,1377756
7131,1306539,20032,1365479
7132,1303447,20971,1362196
7133,1317151,20546,1376901
7134,1307428,20325,1366568
7135,1302929,20363,1361143
7136,1304651,20086,1363626
7137,1302836,21655,1362269
7138,1307743,20415,1366918
7139,1310521,20416,1369289
7140,1324669,20491,1386771
7141,1308170,21690,1368618
7142,1308429,20431,1366786
7143,1310669,20099,1371009
7144,1307096,20211,1366528
7145,1305503,20157,1364659
7146,1302022,21281,1360431
7147,1314206,21041,1374951
7148,1305781,20357,1366452
7149,1308428,20284,1366879
7150,1313762,21889,1374410
7151,1319947,20298,1380337
7152,1305855,20373,1364542
7153,1307929,20689,1366561
7154,1313188,21301,1372433
7155,1301540,21684,1360427
7156,1306577,20407,1366095
7157,1313262,20130,1372170
7158,1310558,20409,1369541
7159,1301300,21663,1360758
7160,1312743,21034,1372981
7161,1314466,20369,1374723
7162,1314429,20573,1373779
7163,1333336,20630,1395576
7164,1303985,21884,1363942
7165,1314762,20070,1374294
7166,1376242,20478,1456165
7167,1575147,23442,1673756
7168,1535074,25251,1629010
7169,1510167,23197,1606400
7170,1570110,22420,1661752
7171,1553907,23699,1648253
7172,1553574,24533,1652717
7173,1515518,27917,1610916
7174,1533315,23918,1627121
7175,1544482,24956,1642195
7176,1579944,23401,1673289
7177,1534871,24507,1628321
7178,1541760,26359,1643062
7179,1557629,23342,1655156
7180,1547259,22325,1635953
7181,1572870,23566,1671676
7182,1496390,24320,1586116
7183,1509427,23988,1606024
7184,1577000,23026,1669802
7185,1535796,23656,1629193
7186,1454187,26317,1540410
7187,1373021,21207,1442079
7188,1356946,20931,1424617
7189,1337281,20395,1400934
7190,1332854,20599,1395101
7191,1312354,21390,1374800
7192,1323781,20576,1385986
7193,1318374,20540,1378431
7194,1319003,20467,1379506
7195,1307633,21147,1368057
7196,1314447,20407,1374224
7197,1305595,20112,1364188
7198,1315558,20150,1375596
7199,1372113,20188,1433875
7200,1311762,21867,1372277
7201,1320039,20572,1379223
7202,1310613,20369,1369372
7203,1311299,20278,1370428
7204,1306262,21846,1367497
7205,1325114,20329,1384905
7206,1316410,20367,1377443
7207,1316558,20794,1376703
7208,1309262,20628,1368668
7209,1329021,22697,1393143
7210,1323262,20290,1382755
7211,1319429,20402,1379812
7212,1314169,20589,1374387
7213,1308243,21176,1370048
7214,1315929,20195,1374957
7215,1314188,20418,1374291
7216,1314817,20845,1376311
7217,1306837,20272,1366275
7218,1301466,21359,1361195
7219,1314836,20397,1374029
7220,1308003,20287,1366790
7221,1306559,20159,1364624
7222,1306595,21783,1366026
7223,1315022,20321,1375082
7224,1309559,20377,1369806
7225,1304077,20471,1363288
7226,1315206,20509,1376530
7227,1308559,21855,1369135
7228,1334540,20449,1395969
7229,1310725,20450,1369637
7230,1311262,20951,1371546
7231,1304670,21131,1363892
7232,1315299,20520,1376060
7233,1310465,20244,1370413
7234,1311855,21615,1370877
7235,1308928,20227,1366748
7236,1298558,21499,1357483
7237,1310688,20056,1368336
7238,1311484,20150,1370559
7239,1307670,20725,1367208
7240,1299670,21571,1358981
7241,1306874,20313,1366371
7242,1307373,20147,1366353
7243,1316040,19944,1377891
7244,1310725,19964,1368688
7245,1304613,21477,1363850
7246,1310744,20700,1369628
7247,1311003,20183,1369166
7248,1302855,19980,1361075
7249,1303003,21641,1362088
7250,1313225,20383,1371200
7251,1312262,20828,1372905
7252,1311114,20366,1369906
7253,1307818,20164,1366499
7254,1308762,21399,1368864
7255,1311466,21196,1371865
7256,1306928,20086,1366014
7257,1307725,20365,1367126
7258,1305577,21989,1366473
7259,1310670,20360,1369751
7260,1304447,20250,1362752
7261,1306966,20270,1365605
7262,1313151,20400,1373551
7263,1303077,21339,1363379
7264,1306817,20636,1365805
7265,1314318,20841,1375714
7266,1318170,20379,1377307
7267,1306466,21485,1366024
7268,1309263,20393,1369358
7269,1305892,20320,1364248
7270,1305540,20117,1364398
7271,1322540,20915,1383176
7272,1308502,21909,1368523
7273,1315503,20373,1375875
7274,1312836,20263,1372506
7275,1308559,20560,1367377
7276,1298577,21684,1358039
7277,1307966,20352,1367151
7278,1323873,20464,1383374
7279,1311651,20317,1369949
7280,1308354,20466,1367043
7281,1302947,21720,1362333
7282,1312577,20814,1372075
7283,1318688,20537,1378539
7284,1303744,20204,1361318
7285,1297800,21310,1356479
7286,1308928,21607,1369610
7287,1310707,19997,1369000
7288,1296595,20109,1354871
7289,1299243,20444,1357557
7290,1310818,21827,1371774
7291,1315077,20180,1374756
7292,1306670,20088,1365498
7293,1304132,21293,1363369
7294,1304263,21176,1364753
7295,1306392,20233,1365754
7296,1305077,20345,1363903
7297,1310596,20753,1370404
7298,1310484,20440,1369831
7299,1306781,21601,1367751
7300,1313428,20565,1373271
7301,1333576,20918,1396142
7302,1307817,20511,1367439
7303,1307262,21765,1368249
7304,1314577,20581,1373435
7305,1306706,20600,1365880
7306,1314670,20527,1373492
7307,1321725,21028,1382827
7308,1306966,21504,1367506
7309,1310762,20283,1370600
7310,1306336,20617,1365212
7311,1309540,20377,1368583
7312,1298243,21761,1357245
7313,1306891,20262,1366172
7314,1301058,20504,1358821
7315,1312077,20153,1370859
7316,1306466,20376,1365026
7317,1301466,21704,1361095
7318,1421483,20649,1504039
7319,1598332,24817,1697500
7320,1548315,24633,1643595
7321,1468538,26146,1557590
7322,1544630,24702,1640127
7323,1525389,23703,1620980
7324,1539926,22926,1630611
7325,1458649,21687,1538391
7326,1414687,23440,1490978
7327,1448039,21830,1528923
7328,1442057,21702,1520813
7329,1431168,21406,1511426
7330,1408502,23975,1485143
7331,1438224,25309,1520291
7332,1427538,20958,1505885
7333,1430983,22108,1512034
7334,1605500,24775,1713366
7335,1504186,24529,1593640
7336,1568482,23030,1661436
7337,1541889,23920,1637604
7338,1594221,24199,1691753
7339,1454371,27489,1542860
7340,1576055,25194,1681452
7341,1494001,21714,1577232
7342,1445056,23363,1526863
7343,1453335,23253,1536771
7344,1405928,24284,1485563
7345,1445927,23674,1526193
7346,1432742,22490,1512157
7347,1438279,23806,1518251
7348,1395372,25652,1473523
7349,1439150,24394,1522116
7350,1432298,23080,1512784
7351,1608055,25081,1716061
7352,1605258,23156,1696395
7353,1506779,27725,1600946
7354,1543130,23614,1634558
7355,1623832,22912,1718428
7356,1498556,22450,1588931
7357,1540686,25241,1640406
7358,1499982,22427,1584371
7359,1445557,22243,1529576
7360,1441909,21429,1521503
7361,1437667,23300,1520060
7362,1403316,23554,1480518
7363,1437446,21018,1516278
7364,1426297,21926,1504575
7365,1436242,21668,1516743
7366,1399317,23440,1475719
7367,1626462,21441,1715958
7368,1573907,23739,1669608
7369,1556482,24462,1653164
7370,1451538,22278,1532778
7371,1357928,23754,1429792
7372,1342595,20366,1406108
7373,1361743,21385,1430813
7374,1345706,20905,1411351
7375,1322336,21677,1387753
7376,1329447,20345,1391624
7377,1332558,20568,1396144
7378,1319133,20310,1380330
7379,1322355,21162,1384887
7380,1311188,21287,1370863
7381,1318225,20213,1378419
7382,1312799,20344,1371976
7383,1312151,21141,1372088
7384,1300780,21266,1359916
7385,1307540,20137,1367102
7386,1306188,20286,1365825
7387,1316596,21380,1378363
7388,1336095,20270,1399253
7389,1305966,21764,1367137
7390,1316910,20561,1378064
7391,1319077,22488,1384213
7392,1311391,20137,1371232
7393,1318485,21336,1383338
7394,1341354,20522,1404209
7395,1317429,21115,1379710
7396,1305762,20524,1366452
7397,1310392,20488,1370138
7398,1312836,21241,1374133
7399,1317596,21205,1379578
7400,1306077,20132,1364413
7401,1321725,20189,1380654
7402,1307799,21461,1367704
7403,1316262,21110,1377779
7404,1313855,20074,1372299
7405,1310688,20094,1370263
7406,1305132,20410,1364042
7407,1301521,21441,1360166
7408,1305299,20331,1364111
7409,1300299,20239,1358927
7410,1305595,20481,1365169
7411,1302892,21605,1363126
7412,1315280,21162,1377405
7413,1312113,20441,1371850
7414,1308225,20331,1366981
7415,1318725,21220,1379500
7416,1306836,21585,1367773
7417,1304614,20253,1363181
7418,1299336,20643,1358182
7419,1309299,21125,1369016
7420,1306521,21583,1366955
7421,1308837,20491,1367605
7422,1306928,20770,1366587
7423,1309799,20512,1369773
7424,1305799,21346,1365811
7425,1312114,21766,1373602
7426,1316391,20527,1377566
7427,1309540,20268,1368511
7428,1305651,21158,1364531
7429,1303059,21671,1362581
7430,1305688,20413,1365564
7431,1307762,20451,1367398
7432,1317595,20804,1378139
7433,1313262,20194,1372252
7434,1300854,22466,1361024
7435,1315892,20800,1374951
7436,1314688,20505,1374526
7437,1306614,20191,1365934
7438,1300318,22038,1358799
7439,1318558,20928,1380856
7440,1315429,20614,1375560
7441,1308151,20189,1367061
7442,1305188,20616,1364100
7443,1302911,21573,1363131
7444,1309447,20037,1369484
7445,1310114,20131,1369374
7446,1309132,20650,1369597
7447,1306373,22145,1367091
7448,1315650,20183,1374759
7449,1310225,20387,1369575
7450,1304262,20666,1364280
7451,1308355,20149,1367725
7452,1302929,21699,1363534
7453,1307521,20311,1366461
7454,1303763,20923,1361833
7455,1308947,20350,1367593
7456,1300410,21622,1359847
7457,1315095,20179,1374681
7458,1308021,20420,1366127
7459,1303354,20736,1362609
7460,1312114,20274,1372536
7461,1303280,21454,1362938
7462,1313485,20344,1374420
7463,1311688,20363,1371495
7464,1315317,20716,1374533
7465,1305521,21729,1366158
7466,1308040,20286,1366714
7467,1307632,20435,1365234
7468,1315966,20658,1375586
7469,1311095,20326,1369698
7470,1303984,21635,1363489
7471,1311855,20099,1371064
7472,1316133,20156,1375362
7473,1309299,20453,1368048
7474,1300688,21355,1359802
7475,1308873,20263,1368617
7476,1313336,20283,1371878
7477,1306577,20117,1364934
7478,1306744,21044,1365232
7479,1303132,21446,1362633
7480,1304262,20984,1362894
7481,1309169,20522,1368747
7482,1304299,20412,1363562
7483,1303892,21314,1362594
7484,1308058,20315,1365206
7485,1312799,20242,1371781
7486,1315280,20206,1374838
7487,1300540,20336,1358098
7488,1302540,21127,1360037
7489,1312947,20591,1372353
7490,1309485,20296,1368391
7491,1307559,20686,1366744
7492,1313762,21643,1375127
7493,1313077,20459,1372702
7494,1306744,20349,1365666
7495,1308984,20313,1368426
7496,1311206,20314,1369686
7497,1300984,22049,1360940
7498,1309595,20513,1367182
7499,1311336,20292,1371164
7500,1303984,20459,1363610
7501,1298799,21213,1357308
7502,1310373,20399,1369753
7503,1306911,20456,1366384
7504,1305170,20420,1363589
7505,1309669,20847,1367756
7506,1303633,21749,1363362
7507,1304577,20176,1363548
7508,1307706,20528,1365957
7509,1315502,20418,1375995
7510,1304003,21820,1363619
7511,1304632,20155,1363027
7512,1303632,20637,1362047
7513,1311762,20601,1370825
7514,1312929,20565,1371826
7515,1298855,21208,1357877
7516,1306299,20542,1364915
7517,1308077,20895,1367101
7518,1314244,20229,1374065
7519,1301818,22742,1363096
7520,1313892,20799,1373764
7521,1308966,20763,1368469
7522,1304095,20690,1363396
7523,1306429,20672,1365119
7524,1297928,21685,1357521
7525,1301799,20149,1359614
7526,1302318,20113,1360856
7527,1314207,20836,1374857
7528,1304984,22182,1366574
7529,1307596,20276,1366519
7530,1313891,20444,1374113
7531,1330244,20426,1392113
7532,1326688,20242,1387077
7533,1307169,21459,1365646
7534,1313336,20886,1372518
7535,1303743,20276,1361278
7536,1309725,20665,1369853
7537,1304095,21586,1365070
7538,1313502,20735,1373182
7539,1315151,20440,1374979
7540,1304428,20459,1364739
7541,1308743,20238,1367944
7542,1306484,21732,1366068
7543,1350873,20696,1416309
7544,1320855,20864,1383107
7545,1313207,20198,1372441
7546,1390872,21748,1473194
7547,1582037,23824,1677952
7548,1540445,22269,1631824
7549,1559814,22788,1654917
7550,1558611,23623,1649751
7551,1499797,26006,1591061
7552,1575814,23637,1672858
7553,1578184,22360,1667803
7554,1571315,23805,1662841
7555,1456631,24763,1546059
7556,1577055,24523,1672226
7557,1574407,24376,1673523
7558,1538556,24710,1636098
7559,1589555,22100,1696599
7560,1561574,26410,1655890
7561,1615406,25096,1716390
7562,1579907,22819,1675669
7563,1535871,24672,1630060
7564,1551462,25611,1646980
7565,1521982,22890,1611704
7566,1379150,20335,1447725
7567,1338484,20984,1403838
7568,1349558,20707,1417005
7569,1364539,22146,1430481
7570,1348206,21092,1412427
7571,1339095,20833,1403613
7572,1321761,20649,1383040
7573,1305911,21810,1366887
7574,1315410,20515,1375962
7575,1316540,21590,1377704
7576,1319373,20073,1380093
7577,1363539,20222,1435575
7578,1377817,22550,1450181
7579,1337891,20588,1401497
7580,1320855,20367,1382332
7581,1313021,20479,1374129
7582,1316873,21677,1378901
7583,1322781,20215,1383439
7584,1311985,20160,1371274
7585,1309873,20735,1370201
7586,1312114,20662,1370979
7587,1303392,21527,1363955
7588,1314280,20343,1372271
7589,1305929,20566,1365106
7590,1307521,20197,1366570
7591,1313577,21562,1374045
7592,1320595,20507,1380083
7593,1307096,20730,1368103
7594,1309947,20324,1368437
7595,1309021,20751,1369142
7596,1307096,22005,1366618
7597,1313707,20061,1374193
7598,1309040,20007,1367583
7599,1316206,20174,1376010
7600,1307151,21243,1366430
7601,1324817,20448,1385839
7602,1314781,20115,1373229
7603,1320354,20320,1380322
7604,1309095,20284,1368175
7605,1299095,21538,1358410
7606,1318170,20668,1379411
7607,1316318,20706,1377227
7608,1307799,20281,1366987
7609,1306466,21202,1366574
7610,1311577,20388,1371168
7611,1306502,20611,1367317
7612,1314984,20520,1373540
7613,1315373,20335,1372986
7614,1297577,21830,1356258
7615,1315114,20627,1376833
7616,1314447,20350,1373427
7617,1312651,20648,1372761
7618,1300632,21327,1359996
7619,1309466,20476,1367571
7620,1309762,20311,1368332
7621,1316502,21034,1376721
7622,1307929,20313,1366463
7623,1311299,21530,1370643
7624,1319114,20475,1378459
7625,1312354,20476,1371330
7626,1309651,20088,1368257
7627,1303262,21453,1362159
7628,1310743,20435,1369086
7629,1313706,20085,1371976
7630,1309058,20660,1368199
7631,1313706,20198,1372700
7632,1311947,22081,1371602
7633,1309392,20230,1368158
7634,1308281,20731,1367937
7635,1304466,20177,1362957
7636,1304188,21875,1364470
7637,1305021,20505,1363212
7638,1304262,20543,1362787
7639,1301095,20285,1361399
7640,1306188,20120,1364492
7641,1302688,21262,1362246
7642,1314188,20930,1375173
7643,1315336,20079,1375396
7644,1318021,20710,1376971
7645,1308929,21408,1368762
7646,1312206,20335,1371930
7647,1324114,20410,1384338
7648,1313114,20466,1372228
7649,1314484,21504,1374933
7650,1303540,21462,1364020
7651,1315873,20537,1375798
7652,1326410,20334,1386836
7653,1323632,20372,1384504
7654,1307410,21200,1365943
7655,1313688,20590,1373944
7656,1309318,20387,1368075
7657,1309003,20073,1367391
7658,1303780,21204,1363206
7659,1303744,22217,1363849
7660,1306411,20366,1365072
7661,1308762,20201,1366870
7662,1316002,21368,1376870
7663,1306928,22048,1367717
7664,1307911,20290,1367607
7665,1311374,20383,1370256
7666,1316502,21292,1376201
7667,1309984,20459,1369980
7668,1303874,21935,1362734
7669,1314447,20788,1374179
7670,1308855,21363,1367866
7671,1302799,20179,1362181
7672,1305651,21451,1364324
7673,1319669,20323,1380066
7674,1311670,20472,1370807
7675,1306817,20380,1364642
7676,1309966,20437,1369124
7677,1307762,21042,1366230
7678,1308318,20840,1366879
7679,1308929,20415,1368232
7680,1330373,20490,1389899
7681,1305299,22299,1365431
7682,1308466,20448,1368284
7683,1317281,20227,1377044
7684,1310503,20524,1370564
7685,1304151,20211,1361917
7686,1307058,21501,1366763
7687,1312373,20799,1372153
7688,1309318,20651,1368820
7689,1307188,20060,1365618
7690,1309614,21777,1371205
7691,1311151,20148,1371058
7692,1308503,20075,1367448
7693,1319854,20446,1380671
7694,1316410,20169,1375116
7695,1305817,21368,1366074
7696,1313540,20165,1371371
7697,1312985,20925,1372539
7698,1313670,20426,1373169
7699,1307170,22050,1366793
7700,1306836,20996,1366257
7701,1302411,20219,1360981
7702,1301614,20072,1358445
7703,1302855,20388,1362279
7704,1305780,21697,1365125
7705,1311151,20216,1370330
7706,1310706,20199,1368572
7707,1310392,20700,1369980
7708,1303929,21454,1363530
7709,1306318,20362,1364827
7710,1309485,20196,1368014
7711,1308688,20920,1367903
7712,1308799,20421,1367553
7713,1302966,22045,1362362
7714,1312595,20342,1371900
7715,1317651,20991,1376679
7716,1307596,20714,1366569
7717,1302521,22820,1363137
7718,1310095,20173,1368768
7719,1309744,20674,1369510
7720,1307133,20397,1364881
7721,1315874,20491,1373752
7722,1305096,22281,1365191
7723,1308744,20227,1367155
7724,1312392,20302,1370119
7725,1316373,21136,1375842
7726,1300355,21909,1360337
7727,1310188,20187,1369560
7728,1314614,20670,1373635
7729,1311762,21449,1370969
7730,1398057,20227,1475043
7731,1519204,24407,1608888
7732,1592536,23704,1690573
7733,1514648,22520,1606372
7734,1563814,24688,1660594
7735,1471038,23645,1558905
7736,1594166,24368,1691182
7737,1444409,20610,1524814
7738,1455445,21574,1535167
7739,1432946,22205,1513224
7740,1408131,24181,1486700
7741,1450056,21867,1530812
7742,1432372,21794,1511961
7743,1427723,22128,1506685
7744,1408409,23234,1486142
7745,1439593,22327,1521069
7746,1632573,51050,1759863
7747,1575111,23496,1679476
7748,1591370,22830,1684051
7749,1485909,25695,1579140
7750,1535889,24807,1632658
7751,1574537,26419,1671233
7752,1529463,25013,1631605
7753,1532519,28804,1626248
7754,1457371,21194,1539102
7755,1439890,23010,1521177
7756,1446353,22825,1528011
7757,1434149,22475,1516660
7758,1415724,27376,1499377
7759,1443501,23655,1526971
7760,1433761,23027,1513749
7761,1441853,22028,1524010
7762,1454279,28411,1544356
7763,1659851,24764,1764150
7764,1577259,23950,1673764
7765,1614017,22599,1722708
7766,1568981,27156,1666080
7767,1470298,25132,1557873
7768,1569814,24651,1678094
7769,1532815,23319,1630244
7770,1563796,22931,1655208
7771,1404317,22870,1486760
7772,1463390,22519,1545445
7773,1434631,21428,1516632
7774,1434075,21984,1513707
7775,1444964,21967,1525930
7776,1409131,23850,1487184
7777,1443686,21851,1522351
7778,1433612,22593,1512964
7779,1609536,21464,1707388
7780,1545074,23959,1639143
7781,1596758,23793,1693958
7782,1541074,23201,1633015
7783,1431354,23258,1511814
7784,1359836,20518,1426168
7785,1327465,22698,1393996
7786,1351984,20865,1417812
7787,1339373,20663,1403591
7788,1325595,20571,1389018
7789,1309910,21621,1369716
7790,1321799,20937,1383050
7791,1318225,20234,1379477
7792,1314132,20624,1374015
7793,1312373,20588,1372609
7794,1307095,22083,1367029
7795,1320818,20547,1381993
7796,1314688,21122,1374420
7797,1309836,20512,1371699
7798,1310411,21469,1370545
7799,1313392,20470,1373935
7800,1315670,21415,1376788
7801,1309632,20916,1369863
7802,1310336,21529,1372179
7803,1313596,21282,1373285
7804,1312613,21098,1372137
7805,1308669,20747,1367305
7806,1304540,20211,1361714
7807,1308299,21206,1367782
7808,1329132,21707,1392135
7809,1317947,20060,1378784
7810,1315836,20246,1375155
7811,1321169,20321,1380619
7812,1311114,21501,1371725
7813,1308207,20372,1367893
7814,1303503,20391,1362764
7815,1313521,20818,1374895
7816,1309929,21498,1371685
7817,1314262,20073,1374686
7818,1305873,20389,1364836
7819,1310114,20186,1369392
7820,1310743,20187,1370023
7821,1305781,21645,1365166
7822,1306762,20535,1367167
7823,1308614,20073,1368130
7824,1312243,20018,1371409
7825,1296966,21475,1356793
7826,1306484,20791,1365146
7827,1307299,19977,1366406
7828,1306003,20182,1363388
7829,1303021,20535,1361112
7830,1300373,21937,1359310
7831,1308207,20142,1366792
7832,1321447,20383,1380311
7833,1314188,20977,1375276
7834,1301929,22027,1361289
7835,1312021,20139,1369808
7836,1311836,20622,1372216
7837,1310650,20197,1370477
7838,1306374,20735,1366848
7839,1302706,21377,1363454
7840,1314336,20712,1374251
7841,1308484,21194,1369678
7842,1303021,20288,1362216
7843,1311725,21430,1373544
7844,1314836,20783,1374637
7845,1310670,20710,1369379
7846,1305299,20341,1363769
7847,1312632,20749,1372418
7848,1301022,21836,1362765
7849,1310188,20448,1369469
7850,1305725,20135,1364044
7851,1302429,20191,1361082
7852,1301243,21612,1360503
7853,1307447,20816,1366170
7854,1306558,20206,1365246
7855,1304170,20633,1364098
7856,1307114,20504,1365896
7857,1302670,21203,1363631
7858,1306781,20018,1365243
7859,1303522,20445,1363151
7860,1310651,20224,1369986
7861,1307151,21404,1367906
7862,1308614,20109,1365796
7863,1300689,20054,1359297
7864,1304910,19851,1362557
7865,1309169,19778,1368762
7866,1296262,21328,1354627
7867,1308929,20459,1369035
7868,1311799,20590,1371277
7869,1311762,20165,1370945
7870,1302003,21196,1360884
7871,1309725,20086,1368903
7872,1306539,20235,1364793
7873,1308392,19995,1367535
7874,1304910,20256,1363999
7875,1300577,21232,1360179
7876,1301633,20251,1358717
7877,1336761,20548,1398532
7878,1317113,20494,1377552
7879,1303206,22285,1365417
7880,1311966,20601,1372436
7881,1312244,20713,1372604
7882,1306984,20565,1366031
7883,1304411,20437,1363217
7884,1306188,21246,1365156
7885,1314151,21155,1374749
7886,1305206,20322,1364751
7887,1305484,20212,1364270
7888,1299003,21355,1358191
7889,1310076,21115,1370858
7890,1305725,20190,1364304
7891,1305225,20099,1363731
7892,1309392,20525,1369324
7893,1305132,21483,1364652
7894,1301522,20280,1359116
7895,1308280,20300,1367265
7896,1309244,20375,1367896
7897,1304003,21221,1362427
7898,1312669,20667,1372150
7899,1310873,20668,1370577
7900,1334817,20743,1397522
7901,1314002,20244,1373338
7902,1305966,21405,1364778
7903,1313632,20147,1373630
7904,1309947,20481,1369168
7905,1308707,20649,1367892
7906,1305484,21976,1365682
7907,1307206,20440,1365554
7908,1304632,20201,1362036
7909,1305651,20516,1363593
7910,1342984,21073,1405890
7911,1303503,22049,1364070
7912,1306392,20420,1364589
7913,1308892,21181,1368164
7914,1310114,20626,1369351
7915,1307614,22120,1367419
7916,1309151,20251,1368531
7917,1306354,20178,1364162
7918,1304243,20605,1362459
7919,1366428,20162,1427996
7920,1307373,21415,1366381
7921,1307188,20324,1366493
7922,1305522,20936,1365123
7923,1329040,20789,1390550
7924,1306947,21857,1367934
7925,1314613,20136,1374083
7926,1599592,24192,1694284
7927,1563833,23286,1659785
7928,1538408,23102,1630249
7929,1517908,25726,1611466
7930,1554759,23727,1648911
7931,1523964,22321,1620505
7932,1584110,23229,1682635
7933,1503815,25501,1595612
7934,1566574,25076,1664149
7935,1573036,23485,1665687
7936,1605185,24338,1699595
7937,1532352,23505,1628319
7938,1528741,24222,1628221
7939,1533481,22501,1626944
7940,1574185,23780,1682574
7941,1569648,26114,1670094
7942,1486445,27090,1576886
7943,1535408,23683,1640534
7944,1561815,23962,1659091
7945,1459630,21815,1541001
7946,1370187,21038,1440132
7947,1349188,22811,1418479
7948,1355576,20663,1423850
7949,1344410,21590,1410518
7950,1328521,20091,1391890
7951,1314540,22215,1377051
7952,1334724,20994,1398052
7953,1320985,20940,1383183
7954,1324058,20459,1386295
7955,1313466,20405,1373685
7956,1307855,21177,1368513
7957,1315799,21215,1377236
7958,1310484,20605,1370570
7959,1309003,20439,1369293
7960,1309521,21397,1369584
7961,1315447,21583,1377363
7962,1309688,20565,1369864
7963,1309910,20214,1369106
7964,1313281,20938,1373773
7965,1303614,21340,1364953
7966,1315410,20285,1374769
7967,1309410,20397,1369751
7968,1313132,20620,1372030
7969,1319355,21874,1381839
7970,1320910,20338,1382711
7971,1313503,20635,1373990
7972,1310169,21007,1373157
7973,1324040,20434,1383973
7974,1307503,21724,1368560
7975,1317262,20448,1376265
7976,1306929,20782,1367247
7977,1310743,20283,1370693
7978,1305800,21740,1366465
7979,1305911,21334,1368262
7980,1311318,20391,1370615
7981,1318577,21058,1380560
7982,1313262,20004,1374210
7983,1302281,21443,1362149
7984,1310836,20518,1369372
7985,1307262,21130,1368114
7986,1306096,21168,1366096
7987,1305836,21551,1364609
7988,1307133,20404,1367221
7989,1311336,20387,1371185
7990,1306095,20925,1364779
7991,1323280,20352,1385002
7992,1310688,21642,1371478
7993,1322650,20625,1382812
7994,1311799,21404,1372702
7995,1309725,20645,1370925
7996,1300559,21955,1360198
7997,1308891,20437,1368625
7998,1312911,21068,1374237
7999,1311799,20458,1371664
8000,1302818,20125,1362387
8001,1306669,21620,1366752
8002,1314429,21139,1374086
8003,1303485,20326,1363754
8004,1307373,20271,1368088
8005,1312021,21247,1371694
8006,1310355,20544,1369806
8007,1304576,20286,1364566
8008,1303374,20676,1364178
8009,1306707,20547,1366938
8010,1305207,21745,1367322
8011,1304614,20376,1362860
8012,1302170,20655,1361639
8013,1309133,20526,1368769
8014,1298521,21261,1358060
8015,1317947,20392,1379579
8016,1316613,20504,1375821
8017,1307299,20190,1366341
8018,1310466,20025,1368268
8019,1300984,20964,1359781
8020,1321169,20409,1381800
8021,1304114,20169,1363431
8022,1324021,20115,1385395
8023,1304521,21794,1365315
8024,1303706,20129,1362835
8025,1304707,20000,1363484
8026,1320003,20446,1380318
8027,1309670,20206,1369245
8028,1295874,21552,1355999
8029,1316206,20164,1375296
8030,1315503,20739,1375408
8031,1312799,20000,1371317
8032,1294466,22161,1354330
8033,1310447,20532,1369997
8034,1314373,23181,1375517
8035,1302058,20145,1361018
8036,1302669,20387,1362926
8037,1309928,21270,1371513
8038,1309059,20142,1367570
8039,1305244,20272,1363016
8040,1303725,19959,1362924
8041,1304836,21638,1365770
8042,1308947,20195,1367568
8043,1308984,20214,1368087
8044,1303781,20086,1362903
8045,1311521,20050,1371645
8046,1303837,21229,1363528
8047,1312799,20341,1371436
8048,1306503,20305,1365956
8049,1302911,20195,1362068
8050,1302262,21116,1362118
8051,1310614,20543,1370360
8052,1307206,19914,1366120
8053,1304169,19989,1361992
8054,1308669,20546,1367733
8055,1302632,21873,1363894
8056,1308781,20245,1368173
8057,1310873,20413,1369767
8058,1311225,20728,1370231
8059,1302318,21149,1362151
8060,1306318,20242,1365615
8061,1310039,20466,1368375
8062,1310262,20578,1369136
8063,1304188,21375,1363600
8064,1304188,21462,1363594
8065,1308892,20556,1367854
8066,1307022,20538,1366096
8067,1309096,21428,1369412
8068,1299058,21200,1359240
8069,1316355,20109,1375611
8070,1308947,20425,1367908
8071,1310336,20796,1368780
8072,1303966,20167,1362059
8073,1298392,21791,1358183
8074,1306651,20033,1363758
8075,1311262,20275,1369833
8076,1309855,21535,1370834
8077,1301281,22011,1359865
8078,1305984,20475,1364329
8079,1304707,20587,1363941
8080,1304447,20088,1364257
8081,1300263,20237,1359332
8082,1301670,21417,1361234
8083,1305965,20659,1365383
8084,1308485,20845,1367977
8085,1305096,20568,1363904
8086,1302836,21618,1363565
8087,1308355,20175,1368473
8088,1304206,20194,1362641
8089,1307651,20973,1367179
8090,1306502,20363,1365254
8091,1299596,21450,1359564
8092,1315873,20377,1376601
8093,1309317,20656,1368325
8094,1306502,20064,1365085
8095,1304392,21929,1363080
8096,1315743,20245,1375377
8097,1305540,20598,1365656
8098,1305447,20154,1365286
8099,1313225,20155,1371917
8100,1303614,21502,1363282
8101,1307577,20188,1365394
8102,1305799,20263,1364562
8103,1307114,20560,1365859
8104,1304503,21795,1364853
8105,1313669,20315,1371725
8106,1306503,20705,1365652
8107,1308836,20261,1366856
8108,1305743,20466,1364302
8109,1298003,22238,1357593
8110,1315243,20350,1374723
8111,1318503,21037,1379891
8112,1313799,20334,1374392
8113,1309022,21477,1367923
8114,1316447,20218,1376498
8115,1311076,20497,1369999
8116,1304485,20072,1362630
8117,1304744,20258,1363076
8118,1308484,21401,1368477
8119,1311577,20346,1371219
8120,1307614,20292,1367424
8121,1305985,20589,1364240
8122,1304614,21695,1364901
8123,1309318,20214,1369124
8124,1308781,20863,1368477
8125,1309688,20531,1368996
8126,1309429,20217,1368497
8127,1299558,21212,1359566
8128,1308170,20620,1368993
8129,1310558,20362,1370698
8130,1310317,20381,1369550
8131,1303485,21302,1363841
8132,1312558,21062,1372935
8133,1309318,20304,1370195
8134,1307392,20731,1367752
8135,1307002,20750,1365845
8136,1304040,22078,1364543
8137,1306188,20394,1364970
8138,1311095,20432,1370582
8139,1318391,21285,1379231
8140,1299725,21131,1361134
8141,1307429,20299,1365264
8142,1315077,20244,1373006
8143,1530259,22005,1620226
8144,1570815,22135,1662356
8145,1515927,27907,1608981
8146,1560296,23390,1656648
8147,1515093,25002,1612390
8148,1594221,24855,1698557
8149,1462538,25775,1549553
8150,1461538,23554,1547980
8151,1442464,23092,1523500
8152,1442594,23130,1525297
8153,1428131,22372,1506706
8154,1410316,25403,1492386
8155,1446797,22793,1528720
8156,1432223,22313,1514999
8157,1440872,22629,1521314
8158,1405058,25197,1486050
8159,1633758,33402,1744085
8160,1567815,23014,1664402
8161,1630240,24034,1725180
8162,1558241,23516,1667681
8163,1497278,23288,1604010
8164,1546907,23086,1645177
8165,1578093,22846,1688511
8166,1501519,21791,1586180
8167,1424391,23249,1502472
8168,1444353,21954,1525139
8169,1437760,21603,1519270
8170,1444668,22641,1524697
8171,1443723,22216,1523587
8172,1395502,23747,1471508
8173,1428686,22211,1509786
8174,1439520,22490,1523472
8175,1683221,21380,1771914
8176,1511389,24615,1601078
8177,1586407,23561,1682652
8178,1583444,23413,1678505
8179,1521149,21933,1613266
8180,1560093,26415,1659285
8181,1488760,23558,1575002
8182,1617629,23578,1710780
8183,1443593,21523,1526894
8184,1444167,21802,1525580
8185,1420390,23315,1500038
8186,1443445,21797,1525372
8187,1443853,22113,1523540
8188,1446223,22022,1524929
8189,1434872,21430,1514616
8190,1419816,23424,1500647
8191,1443538,21833,1525000
8192,1649758,25593,1753517
8193,1606851,24650,1703500
8194,1517741,28885,1620755
8195,1466057,22367,1552053
8196,1359243,20646,1426481
8197,1365298,21462,1433908
8198,1342336,20741,1408798
8199,1330243,21828,1394089
8200,1342114,21199,1407609
8201,1335966,20774,1398573
8202,1315484,20609,1376278
8203,1314484,21733,1375902
8204,1320724,20826,1381254
8205,1318892,20661,1380274
8206,1313540,20625,1374257
8207,1319632,20774,1381498
8208,1306614,21953,1368123
8209,1312484,20325,1371623
8210,1308003,20493,1367402
8211,1305188,20160,1364829
8212,1307022,21858,1368213
8213,1312318,20452,1372769
8214,1322151,20786,1383974
8215,1307521,20232,1367567
8216,1313151,20103,1372920
8217,1314077,21449,1373396
8218,1316280,20080,1376601
8219,1310336,20285,1370380
8220,1312262,20378,1372381
8221,1314280,21317,1376097
8222,1320799,20244,1382117
8223,1311855,20060,1372118
8224,1315948,20246,1377471
8225,1319373,20747,1379953
8226,1305040,22927,1367133
8227,1315558,20484,1376134
8228,1316614,20133,1377357
8229,1307281,20060,1367284
8230,1309225,21387,1370464
8231,1315781,20148,1377668
8232,1317003,20260,1377688
8233,1314762,20205,1375133
8234,1313243,21003,1373320
8235,1306022,21534,1366870
8236,1306873,20480,1367334
8237,1312280,20610,1372612
8238,1310318,21222,1370280
8239,1308577,22050,1369108
8240,1311762,20514,1372757
8241,1312558,20497,1372203
8242,1316262,21868,1378259
8243,1305392,20184,1365001
8244,1300503,21437,1358903
8245,1315762,20161,1375811
8246,1318429,21199,1378608
8247,1312448,20107,1372387
8248,1304539,21342,1362697
8249,1317762,20399,1377846
8250,1313317,21159,1375236
8251,1318558,20234,1378551
8252,1325373,20013,1385997
8253,1303725,21267,1365010
8254,1315669,21212,1376548
8255,1319132,20158,1379771
8256,1314855,20325,1373957
8257,1303633,21579,1365007
8258,1312003,20636,1372805
8259,1308188,20137,1368083
8260,1303836,20990,1364270
8261,1305633,20898,1366604
8262,1306984,21522,1367302
8263,1309391,20430,1368803
8264,1303837,20135,1362323
8265,1306114,20377,1365787
8266,1309688,22260,1371411
8267,1312559,20354,1372597
8268,1310947,20244,1370468
8269,1336095,20763,1399691
8270,1319058,20098,1377952
8271,1305836,21870,1367057
8272,1313521,20408,1373132
8273,1306466,20168,1366022
8274,1307299,20206,1366505
8275,1308003,21053,1367944
8276,1318392,20554,1379222
8277,1307040,20369,1367353
8278,1307392,20333,1366465
8279,1362539,21205,1426373
8280,1319965,21699,1388479
8281,1340818,20293,1404276
8282,1321577,20442,1382574
8283,1329095,21202,1391315
8284,1313039,23012,1377977
8285,1317947,20476,1378200
8286,1316744,20347,1376886
8287,1319114,21070,1381165
8288,1328447,20979,1391814
8289,1309411,21417,1370512
8290,1321780,20381,1383569
8291,1317707,20845,1378885
8292,1327614,20772,1391960
8293,1313725,21841,1375010
8294,1317559,20305,1379714
8295,1316836,20824,1378808
8296,1309910,20492,1369531
8297,1311522,20215,1371569
8298,1310984,21636,1373231
8299,1310854,20211,1370158
8300,1309244,21138,1369862
8301,1311725,20305,1371511
8302,1307891,21596,1368932
8303,1309058,20542,1369636
8304,1305965,20487,1365119
8305,1416112,20155,1500600
8306,1573648,23452,1668451
8307,1519000,25113,1611761
8308,1525260,21577,1615928
8309,1584944,23078,1677577
8310,1560130,24005,1653948
8311,1501445,23518,1587610
8312,1581259,23223,1680592
8313,1529704,25001,1624445
8314,1519574,23910,1612206
8315,1600203,23226,1698613
8316,1519074,25442,1614646
8317,1549296,23684,1644998
8318,1579981,23407,1673739
8319,1568592,23390,1662370
8320,1539000,25218,1641606
8321,1573851,23534,1672643
8322,1519667,22183,1614164
8323,1592055,22961,1685738
8324,1521667,25074,1615240
8325,1386558,26235,1465995
8326,1359298,20902,1426256
8327,1367521,21774,1436238
8328,1351114,20664,1416128
8329,1319485,22010,1381771
8330,1323892,20548,1385198
8331,1323577,20716,1384422
8332,1326595,20680,1389108
8333,1317539,20310,1376461
8334,1311187,21490,1372289
8335,1323669,20176,1385234
8336,1314799,20492,1376716
8337,1310429,20308,1369551
8338,1321595,21858,1384267
8339,1321744,20470,1383880
8340,1311355,20378,1372121
8341,1317318,20435,1377067
8342,1316392,20288,1376790
8343,1304133,21227,1363600
8344,1307947,20450,1366267
8345,1312873,20655,1373657
8346,1316392,20267,1375232
8347,1301577,21613,1361282
8348,1309503,20281,1368357
8349,1309243,20226,1368266
8350,1313096,20301,1371952
8351,1318281,21173,1378934
8352,1299447,21482,1359614
8353,1310985,20242,1371041
8354,1310373,20373,1369986
8355,1315854,21170,1377321
8356,1307725,21461,1368926
8357,1314410,20240,1374983
8358,1312429,20185,1371391
8359,1314225,21168,1375411
8360,1306243,20521,1366486
8361,1295114,21626,1354258
8362,1307410,20331,1366222
8363,1312244,21165,1372797
8364,1307670,21259,1367650
8365,1301522,21587,1361941
8366,1311577,20143,1369775
8367,1311613,20533,1371276
8368,1309076,20330,1369147
8369,1309317,20220,1368667
8370,1301410,21381,1361384
8371,1306669,20716,1365718
8372,1315002,20291,1374256
8373,1310133,20125,1368739
8374,1300207,21268,1359196
8375,1311706,20658,1371141
8376,1308447,21103,1368976
8377,1311725,20252,1370218
8378,1304243,20253,1363811
8379,1309058,21637,1368120
8380,1328855,20267,1392862
8381,1317948,19953,1378141
8382,1313799,20251,1373716
8383,1314595,21430,1374692
8384,1330447,21450,1393785
8385,1314021,20025,1373379
8386,1311725,20193,1370843
8387,1318744,21564,1380326
8388,1308225,21633,1370042
8389,1306633,20189,1365562
8390,1304484,20394,1363730
8391,1313188,21099,1374360
8392,1296040,21186,1354484
8393,1308003,20502,1366800
8394,1311502,20651,1371190
8395,1307725,20504,1368654
8396,1304428,20449,1365544
8397,1303540,21906,1364798
8398,1310447,20778,1370650
8399,1303410,20242,1362429
8400,1307558,20595,1367023
8401,1304429,21904,1365295
8402,1319780,20646,1382648
8403,1310558,20332,1369760
8404,1310003,20574,1370650
8405,1313281,20556,1373262
8406,1299688,22569,1361646
8407,1317947,20792,1379202
8408,1312410,20682,1372555
8409,1311447,20220,1370556
8410,1300096,21696,1359884
8411,1311521,20345,1371162
8412,1310429,21328,1370775
8413,1307336,20218,1366590
8414,1308781,20534,1367480
8415,1304947,21213,1364160
8416,1313929,20214,1372957
8417,1305540,20345,1363273
8418,1306688,20309,1365107
8419,1311114,21729,1372602
8420,1306892,20749,1366733
8421,1311003,20379,1369159
8422,1304837,20251,1365790
8423,1308022,20326,1366662
8424,1301836,21431,1360082
8425,1308522,20488,1366750
8426,1312447,20767,1371806
8427,1299763,20527,1357067
8428,1303688,21596,1364117
8429,1319021,20319,1378636
8430,1311817,20301,1372470
8431,1309707,20247,1367712
8432,1315077,20396,1373917
8433,1300707,21853,1359448
8434,1305392,20317,1364060
8435,1303947,20522,1362784
8436,1317539,20690,1376951
8437,1311040,21943,1370687
8438,1305521,20074,1364669
8439,1301595,20612,1360707
8440,1309262,20669,1369115
8441,1304058,20466,1363709
8442,1301151,21164,1359278
8443,1307040,20980,1366816
8444,1306596,20666,1365835
8445,1309003,20112,1368595
8446,1299169,23402,1361275
8447,1306651,20515,1367276
8448,1306447,20627,1366888
8449,1308207,20424,1367130
8450,1308003,20740,1366927
8451,1300781,23364,1361551
8452,1303706,20217,1360904
8453,1306354,20551,1364368
8454,1317669,20978,1378999
8455,1305669,21547,1365660
8456,1311651,20492,1370809
8457,1313595,20160,1372032
8458,1308373,20161,1366570
8459,1303539,20254,1362164
8460,1297596,21490,1356325
8461,1314003,20509,1372993
8462,1307558,20177,1366401
8463,1300003,20641,1358254
8464,1295188,21561,1354619
8465,1314225,20321,1373898
8466,1309762,20822,1370806
8467,1310188,20268,1369363
8468,1309595,20417,1368790
8469,1305244,21300,1365247
8470,1311818,20357,1371711
8471,1308373,20451,1367749
8472,1304503,20285,1363824
8473,1300688,21631,1360097
8474,1312707,20354,1373597
8475,1312780,20837,1371987
8476,1317576,20505,1378359
8477,1315262,20469,1374582
8478,1309910,21352,1371169
8479,1309059,20094,1368170
8480,1304096,20335,1364097
8481,1312429,20948,1372024
8482,1303707,22072,1364370
8483,1307206,20258,1365686
8484,1305966,20388,1365465
8485,1312799,21315,1373410
8486,1309873,20057,1368152
8487,1298410,21811,1356517
8488,1306947,20201,1364629
8489,1312021,21350,1372074
8490,1304558,20110,1363909
8491,1292892,21438,1351385
8492,1305633,20291,1364015
8493,1307669,20199,1365516
8494,1306855,20441,1364925
8495,1304780,20257,1363074
8496,1301170,21714,1360161
8497,1305188,20160,1363551
8498,1311132,20735,1370200
8499,1307818,20291,1366034
8500,1300262,21082,1358511
8501,1312447,20342,1371919
8502,1313021,20492,1372309
8503,1311022,20344,1372254
8504,1301374,20271,1359866
8505,1303892,21229,1362972
8506,1313669,20489,1373306
8507,1312818,20157,1371900
8508,1305799,20232,1365271
8509,1305225,21430,1364636
8510,1311984,20598,1372415
8511,1305391,19988,1364379
8512,1305614,20600,1364491
8513,1318558,20860,1378492
8514,1304021,21577,1364690
8515,1306540,20300,1363080
8516,1306133,20375,1364637
8517,1304410,20061,1361971
8518,1301170,21870,1360077
8519,1305651,20297,1362263
8520,1305207,20391,1365060
8521,1301336,20022,1358969
8522,1299706,19967,1357673
8523,1297354,21369,1355094
8524,1309854,20055,1367113
8525,1305114,20149,1364040
8526,1315262,20594,1374726
8527,1301966,21144,1361536
8528,1309577,20534,1369018
8529,1307021,20202,1365778
8530,1310725,20666,1369168
8531,1310633,20111,1368373
8532,1300280,22050,1360071
8533,1306910,20162,1364035
8534,1306966,20460,1367369
8535,1316929,20775,1376352
8536,1303873,21011,1364032
8537,1309466,20215,1368125
8538,1309151,20753,1368922
8539,1307207,19995,1364479
8540,1303410,20385,1363610
8541,1302577,22194,1362660
8542,1313762,20529,1374346
8543,1308669,20307,1367476
8544,1302891,20308,1362459
8545,1307484,21136,1369472
8546,1315725,20600,1376436
8547,1317021,20138,1376418
8548,1312559,19973,1371808
8549,1313170,20474,1372272
8550,1308966,21653,1368656
8551,1312910,20673,1371971
8552,1310929,20192,1370935
8553,1306392,20045,1365511
8554,1315429,21873,1376098
8555,1380946,20522,1461097
8556,1574685,23468,1676800
8557,1554482,26580,1654375
8558,1562444,22099,1661246
8559,1519352,35668,1625686
8560,1534408,22595,1632538
8561,1554000,22948,1647391
8562,1444742,21486,1526301
8563,1420520,23795,1503999
8564,1450390,21907,1530815
8565,1444760,21519,1523872
8566,1446094,22576,1530558
8567,1442687,21095,1523948
8568,1418909,23479,1498276
8569,1443168,21091,1536591
8570,1447260,22314,1535148
8571,1618481,25741,1717646
8572,1503889,25439,1593494
8573,1565555,23273,1658606
8574,1575647,22997,1668440
8575,1606943,23535,1703644
8576,1519889,22443,1608554
8577,1553629,25493,1652881
8578,1497926,21568,1581938
8579,1456001,21958,1538810
8580,1446742,22496,1527126
8581,1401743,23694,1480214
8582,1443057,21455,1522863
8583,1429334,21437,1507493
8584,1421927,21938,1500457
8585,1428760,22069,1509958
8586,1400353,24878,1477768
8587,1608814,21416,1710414
8588,1598240,22399,1692841
8589,1568425,23844,1662658
8590,1538963,29190,1636078
8591,1519574,22284,1612135
8592,1588240,27600,1690246
8593,1536037,22286,1628841
8594,1598981,26065,1698174
8595,1419502,21819,1498486
8596,1433168,21412,1513468
8597,1451686,22654,1534562
8598,1437205,22229,1517396
8599,1395891,23816,1476076
8600,1425872,22465,1504114
8601,1432168,21707,1510615
8602,1431834,21523,1512246
8603,1425723,21116,1503487
8604,1634814,23240,1726109
8605,1581722,23445,1675851
8606,1577203,24576,1672463
8607,1465186,22966,1550355
8608,1352984,22960,1421610
8609,1341781,20554,1404352
8610,1364373,20647,1433408
8611,1347058,20445,1410669
8612,1324836,20390,1386689
8613,1330781,22255,1394905
8614,1327465,20552,1392221
8615,1326614,20720,1389259
8616,1322281,20388,1383075
8617,1309596,21364,1369625
8618,1315280,20179,1376700
8619,1315651,20495,1378109
8620,1318818,20589,1379813
8621,1311225,20479,1371759
8622,1302225,21807,1360957
8623,1310095,20585,1371514
8624,1311095,20623,1371366
8625,1311873,20254,1371016
8626,1296558,21156,1355714
8627,1308132,21287,1368752
8628,1311929,20232,1373142
8629,1311484,21011,1371569
8630,1305003,20567,1366107
8631,1309003,21673,1369879
8632,1311855,19896,1371361
8633,1310447,20490,1369640
8634,1310984,20972,1373049
8635,1309669,21152,1370210
8636,1312892,20394,1372303
8637,1318910,20339,1383101
8638,1326077,20470,1388824
8639,1372150,20323,1435676
8640,1315873,21650,1375893
8641,1320688,20244,1381080
8642,1311503,20227,1372136
8643,1319558,20302,1379841
8644,1314855,21389,1375984
8645,1314725,20205,1375781
8646,1311280,20187,1369763
8647,1315614,20707,1375635
8648,1311892,21041,1371062
8649,1302281,21239,1361853
8650,1307114,20314,1366891
8651,1310818,20111,1369892
8652,1314558,20483,1376041
8653,1309762,21440,1369831
8654,1313391,20626,1374184
8655,1311595,20387,1370630
8656,1312021,20165,1371705
8657,1309781,20555,1368798
8658,1303429,21828,1364200
8659,1311762,20069,1372942
8660,1352447,20144,1422961
8661,1348669,20868,1414369
8662,1314744,21695,1376605
8663,1321873,20271,1382884
8664,1319169,20605,1380718
8665,1316225,20347,1376830
8666,1309243,20181,1369369
8667,1305744,21713,1365067
8668,1313150,20565,1372457
8669,1320373,21326,1382587
8670,1313225,20790,1373496
8671,1302169,21543,1361638
8672,1312707,20433,1370491
8673,1318188,20342,1378492
8674,1311170,20139,1370623
8675,1309373,20121,1368716
8676,1308170,22338,1369581
8677,1307781,20395,1367582
8678,1309613,20377,1367768
8679,1308188,20286,1366029
8680,1303132,21410,1363357
8681,1307503,20300,1366358
8682,1306762,21393,1366377
8683,1317132,20302,1378563
8684,1319762,20284,1379286
8685,1444742,21705,1526631
8686,1571704,23113,1668482
8687,1547593,25836,1644206
8688,1536833,23652,1636429
8689,1507742,24054,1598646
8690,1565018,23703,1659443
8691,1528593,24463,1621889
8692,1573889,24612,1671352
8693,1531852,23206,1627613
8694,1507427,25126,1603311
8695,1590518,22794,1685589
8696,1576037,23554,1671386
8697,1561555,25148,1659314
8698,1516204,27531,1613290
8699,1532778,23755,1629698
8700,1579221,23459,1679310
8701,1590148,23738,1684422
8702,1523037,22702,1615331
8703,1553092,25178,1643455
8704,1570407,23568,1666307
8705,1422724,22124,1501310
8706,1367577,21107,1437127
8707,1339576,22657,1408937
8708,1341410,20954,1406493
8709,1338002,21418,1403328
8710,1323373,20845,1387847
8711,1327484,20365,1389941
8712,1325854,22118,1389547
8713,1319725,20620,1379992
8714,1316725,20121,1377234
8715,1315502,20510,1374513
8716,1311614,21523,1372822
8717,1312596,20858,1373508
8718,1310021,20396,1371472
8719,1312299,20249,1371788
8720,1319077,20509,1379419
8721,1305114,21263,1365543
8722,1311040,20023,1371322
8723,1315577,20302,1375359
8724,1309262,20210,1368009
8725,1308243,20927,1367429
8726,1318428,20354,1378930
8727,1314502,19947,1373579
8728,1308095,20115,1366932
8729,1329558,20542,1394748
8730,1323910,22536,1389242
8731,1315374,20667,1389391
8732,1316651,20650,1376707
8733,1311392,20336,1371005
8734,1307688,21886,1367666
8735,1307485,20183,1367445
8736,1315225,20610,1375575
8737,1321743,20352,1381150
8738,1313447,20094,1373874
8739,1305244,21495,1365535
8740,1313799,20608,1374462
8741,1320243,20368,1380481
8742,1313429,20406,1372816
8743,1304799,21271,1364847
8744,1307133,20309,1366256
8745,1312780,20384,1372386
8746,1307781,20033,1366165
8747,1307058,21108,1368055
8748,1309855,21640,1369660
8749,1313354,20307,1371643
8750,1310169,20567,1369218
8751,1310391,20087,1370441
8752,1298540,21396,1357936
8753,1312910,21120,1372714
8754,1313466,20639,1373345
8755,1303947,20122,1363883
8756,1306317,20160,1363329
8757,1308244,21524,1368749
8758,1320503,20877,1380528
8759,1307299,20119,1366733
8760,1307021,20157,1365622
8761,1312743,21337,1372506
8762,1312576,20393,1371877
8763,1307355,20265,1366730
8764,1316688,20173,1376027
8765,1314799,21137,1375269
8766,1306929,21409,1367523
8767,1313429,20336,1372413
8768,1301688,20152,1359377
8769,1313392,20283,1371822
8770,1304744,22370,1365613
8771,1315243,21352,1375762
8772,1312058,20520,1371226
8773,1311151,20521,1370746
8774,1315003,20800,1376228
8775,1303855,21424,1363815
8776,1312596,20332,1372983
8777,1307447,20778,1367817
8778,1309447,21501,1369985
8779,1303429,21773,1364387
8780,1303318,20274,1363536
8781,1307410,20720,1366778
8782,1314892,21073,1375964
8783,1311706,20370,1372224
8784,1302151,21790,1361348
8785,1311577,20439,1371868
8786,1318910,20755,1380091
8787,1307040,20275,1366759
8788,1300225,21306,1359679
8789,1309614,20215,1370717
8790,1310633,20438,1369848
8791,1303911,20291,1362201
8792,1304317,20551,1363535
8793,1302855,21268,1362733
8794,1307059,20102,1365623
8795,1304484,20899,1363828
8796,1300484,20252,1359347
8797,1297207,21599,1357175
8798,1300929,20063,1358639
8799,1298188,22064,1358436
8800,1302910,20565,1363382
8801,1301003,20158,1359624
8802,1304151,20912,1362544
8803,1308817,21024,1369082
8804,1313466,20247,1373250
8805,1305448,20285,1365084
8806,1306965,21669,1367356
8807,1317928,21299,1380227
8808,1309281,20467,1370469
8809,1308133,20505,1366767
8810,1303725,20969,1361860
8811,1306391,22315,1367725
8812,1310725,20131,1370615
8813,1303836,21262,1363875
8814,1314521,25059,1380339
8815,1303984,21554,1365297
8816,1314577,20388,1375168
8817,1306854,20296,1366317
8818,1314577,20334,1374337
8819,1316670,20261,1376449
8820,1300188,21552,1360777
8821,1312133,20146,1372333
8822,1308021,20221,1366186
8823,1309133,20740,1368798
8824,1302669,21179,1363367
8825,1308466,20347,1368164
8826,1307669,20366,1365702
8827,1314391,20497,1374296
8828,1340558,21054,1404296
8829,1312354,22196,1374476
8830,1315021,20179,1374663
8831,1312651,20272,1370441
8832,1320595,20903,1380442
8833,1307651,21453,1368122
8834,1316762,20343,1376679
8835,1315577,20622,1376902
8836,1307448,21345,1367236
8837,1308688,20216,1367182
8838,1304077,21822,1363935
8839,1308651,20397,1368640
8840,1311299,20731,1371900
8841,1314725,20695,1374846
8842,1304669,21523,1364026
8843,1309077,20265,1367415
8844,1317651,20729,1377509
8845,1311410,20267,1371269
8846,1306540,20860,1366400
8847,1309762,21188,1370005
8848,1308392,20560,1368006
8849,1316484,20135,1375656
8850,1312151,20265,1370860
8851,1306355,21315,1365929
8852,1315429,20724,1375504
8853,1309966,20132,1370375
8854,1310447,20300,1369339
8855,1319151,20597,1378470
8856,1310781,21203,1370594
8857,1315558,20722,1375539
8858,1314096,20335,1373615
8859,1308280,20280,1366838
8860,1302022,21849,1362518
8861,1310892,20312,1370130
8862,1312688,20128,1371408
8863,1308022,20463,1368002
8864,1308892,20445,1367485
8865,1311688,21180,1371627
8866,1309743,20385,1369276
8867,1303021,20238,1362222
8868,1306503,20480,1364964
8869,1303540,21493,1363699
8870,1306836,21068,1366959
8871,1304836,20310,1364071
8872,1307151,20366,1365072
8873,1303003,20052,1361536
8874,1304132,21362,1364420
8875,1308373,21011,1368476
8876,1309410,20030,1369958
8877,1318169,20235,1378237
8878,1305280,21100,1365843
8879,1311799,20193,1372807
8880,1310317,20157,1370419
8881,1318484,20066,1377864
8882,1317003,20271,1376402
8883,1304577,21024,1364916
8884,1311058,20285,1371083
8885,1306077,20304,1364640
8886,1307336,20231,1365270
8887,1299984,21355,1357506
8888,1302114,20782,1361414
8889,1306095,19968,1363563
8890,1303225,20043,1360527
8891,1306114,20100,1364121
8892,1295040,21039,1352430
8893,1310576,20040,1369061
8894,1315651,20393,1376691
8895,1311892,20820,1371989
8896,1304077,21481,1362705
8897,1310947,20574,1370447
8898,1306707,20612,1365448
8899,1306003,20150,1364745
8900,1308577,20800,1366932
8901,1309392,21757,1370204
8902,1312874,20443,1371427
8903,1305373,20352,1364169
8904,1303948,20445,1362022
8905,1308095,21625,1368627
8906,1308781,20237,1367906
8907,1311762,20275,1370703
8908,1303910,20739,1363538
8909,1306447,20425,1365576
8910,1304225,21605,1363163
8911,1307077,20291,1365423
8912,1302892,20718,1361943
8913,1299559,20256,1357425
8914,1318891,22102,1381216
8915,1315466,20585,1376272
8916,1307559,20382,1366996
8917,1307688,20142,1366923
8918,1314725,21125,1374627
8919,1304910,21971,1366196
8920,1307688,20213,1366678
8921,1321558,20844,1381383
8922,1318392,20622,1378588
8923,1305096,22247,1365916
8924,1305077,20322,1362694
8925,1310243,20675,1368455
8926,1312873,20509,1372122
8927,1304984,20399,1364309
8928,1299614,21190,1357451
8929,1311059,20524,1369193
8930,1309188,20266,1368194
8931,1308725,20081,1367954
8932,1303800,21317,1362967
8933,1310484,20484,1369839
8934,1338966,20041,1399135
8935,1310929,20283,1369563
8936,1309891,21006,1370379
8937,1305355,21778,1364521
8938,1307447,20427,1366596
8939,1315317,20206,1374894
8940,1307688,20726,1366950
8941,1297836,21016,1355649
8942,1313836,20462,1371298
8943,1315206,20370,1373891
8944,1310151,20890,1370170
8945,1310299,20113,1367245
8946,1307429,21552,1365628
8947,1308669,20460,1367074
8948,1301132,20313,1358779
8949,1307096,20592,1366039
8950,1312651,21383,1372663
8951,1315614,20365,1375349
8952,1308614,20292,1367906
8953,1305966,20719,1364536
8954,1313632,20294,1372759
8955,1305263,21326,1365439
8956,1312188,20160,1370996
8957,1306447,20365,1365330
8958,1305799,20107,1363961
8959,1303633,21805,1364733
8960,1309817,20528,1368586
8961,1309392,20788,1369439
8962,1311966,20363,1371106
8963,1312521,20309,1371737
8964,1301447,21322,1361195
8965,1310706,20193,1369862
8966,1306873,20324,1364974
8967,1395279,21140,1475752
8968,1524389,26153,1616745
8969,1589314,24061,1686319
8970,1506741,24914,1601525
8971,1593888,24007,1691228
8972,1512297,22231,1603934
8973,1559148,28021,1656835
8974,1451501,22337,1534967
8975,1442890,22931,1524654
8976,1423760,24358,1504673
8977,1403613,24389,1480872
8978,1444871,23076,1527057
8979,1423853,23206,1506948
8980,1422113,22133,1502467
8981,1454205,22523,1538560
8982,1410798,26462,1492426
8983,1447575,22796,1566426
8984,1625851,24149,1722332
8985,1592425,23335,1685834
8986,1501001,28941,1593329
8987,1552185,24460,1650885
8988,1651850,24758,1748885
8989,1519426,25351,1611184
8990,1601610,24352,1697684
8991,1407557,24958,1490718
8992,1463871,23663,1548293
8993,1436112,23182,1515701
8994,1432371,23387,1516036
8995,1428427,24400,1508956
8996,1434390,24049,1517290
8997,1426038,22013,1507884
8998,1441649,22496,1523718
8999,1497297,24108,1583256
9000,1438039,25917,1595768
9001,1633203,22955,1732879
9002,1597055,23141,1692343
9003,1566203,22809,1658697
9004,1474760,26563,1563655
9005,1597870,24545,1696155
9006,1519519,23935,1613471
9007,1609740,24195,1707249
9008,1463501,21881,1547085
9009,1425854,25561,1509765
9010,1437057,21395,1517674
9011,1434816,21785,1516916
9012,1438483,23138,1519361
9013,1412446,24003,1493597
9014,1433482,22282,1514153
9015,1435927,22579,1516709
9016,1443075,21858,1522081
9017,1648572,25933,1754838
9018,1517648,24002,1613297
9019,1568833,23169,1666094
9020,1461853,21763,1547596
9021,1357317,20319,1424173
9022,1345502,23203,1413705
9023,1335392,20408,1397724
9024,1335781,20927,1399448
9025,1334058,20706,1397597
9026,1332151,20392,1395635
9027,1317707,21887,1379574
9028,1320187,20499,1380612
9029,1336391,20444,1400687
9030,1320243,20927,1382336
9031,1306132,22032,1367886
9032,1321299,20552,1381998
9033,1313206,20368,1373444
9034,1320392,21072,1380889
9035,1318521,22666,1379983
9036,1303744,21975,1366403
9037,1314670,20587,1375108
9038,1316003,20903,1377294
9039,1310410,21626,1370943
9040,1300503,22047,1360382
9041,1308429,20529,1367939
9042,1305022,21049,1364755
9043,1313002,21346,1376200
9044,1310928,20514,1369035
9045,1299855,21434,1359270
9046,1314929,20546,1373678
9047,1306003,21269,1365439
9048,1308466,20178,1367402
9049,1306114,21339,1365878
9050,1316448,20562,1378527
9051,1311188,20897,1371288
9052,1343447,22212,1408418
9053,1320169,20232,1381197
9054,1308725,22004,1368803
9055,1318114,21116,1378544
9056,1312892,20506,1373064
9057,1306429,20600,1367769
9058,1326780,21965,1389504
9059,1316262,20540,1376264
9060,1318743,20578,1380117
9061,1309429,20486,1369118
9062,1316762,20691,1376730
9063,1310095,21685,1371040
9064,1315799,20075,1376689
9065,1472204,20799,1566243
9066,1571425,24355,1666872
9067,1494316,24572,1582738
9068,1538056,25184,1639109
9069,1572684,23407,1668943
9070,1523944,22556,1622148
9071,1591685,22946,1689222
9072,1514259,24700,1604662
9073,1559055,22071,1651404
9074,1514316,23795,1611164
9075,1583851,25203,1684368
9076,1495575,23938,1587679
9077,1526926,22884,1621698
9078,1558444,23774,1653439
9079,1575685,23997,1674107
9080,1600018,24238,1696830
9081,1491222,25937,1586140
9082,1512778,24345,1606715
9083,1572667,23809,1669289
9084,1489964,23606,1578477
9085,1363021,22842,1434639
9086,1344910,21491,1411289
9087,1358632,20270,1427864
9088,1346132,21011,1413013
9089,1338409,21253,1404162
9090,1320151,22303,1384639
9091,1336632,20897,1400436
9092,1320725,20194,1382992
9093,1317040,20510,1377771
9094,1314039,21523,1375377
9095,1314502,20450,1374748
9096,1306614,20358,1366009
9097,1310170,20341,1369232
9098,1328113,21416,1392418
9099,1311539,22632,1374635
9100,1320465,20467,1380210
9101,1317688,20931,1378507
9102,1418575,24858,1500766
9103,1327966,22704,1393965
9104,1338317,20335,1402188
9105,1345984,21447,1411245
9106,1327910,21355,1389598
9107,1317336,20764,1377821
9108,1313836,21406,1372853
9109,1320910,20555,1381835
9110,1319262,21279,1380818
9111,1313188,20150,1373300
9112,1303003,21496,1362795
9113,1315633,20701,1376222
9114,1313984,21369,1375093
9115,1319558,20444,1379409
9116,1309373,20593,1369355
9117,1311095,21254,1371405
9118,1326817,21440,1387831
9119,1320392,20275,1380999
9120,1312818,20313,1371871
9121,1307947,21659,1368847
9122,1312688,21530,1372940
9123,1309596,20124,1368663
9124,1305336,20218,1363813
9125,1311170,20978,1370980
9126,1303818,22491,1364438
9127,1309632,21103,1370420
9128,1309688,20215,1368458
9129,1312040,20846,1372404
9130,1312132,21266,1372972
9131,1313614,20212,1373418
9132,1308910,20139,1369011
9133,1312614,20491,1372457
9134,1306892,20529,1366180
9135,1306373,21302,1365952
9136,1314429,20469,1373787
9137,1308837,20322,1369528
9138,1313114,20268,1371677
9139,1306855,21744,1366116
9140,1307669,20152,1366099
9141,1306133,20209,1364304
9142,1315688,20784,1375305
9143,1311743,20155,1371435
9144,1313262,22372,1375596
9145,1315670,20002,1375079
9146,1323892,20707,1383802
9147,1318521,20523,1378173
9148,1300726,22221,1361464
9149,1318336,20370,1377187
9150,1318762,21205,1378633
9151,1310021,20076,1369690
9152,1310003,20336,1368672
9153,1310262,21609,1372407
9154,1311650,20258,1370760
9155,1309947,20333,1368872
9156,1307206,20149,1364762
9157,1313169,21476,1373442
9158,1308188,20311,1365498
9159,1312670,20201,1371240
9160,1318059,20294,1377797
9161,1312410,20221,1370816
9162,1305855,21216,1364922
9163,1313613,20606,1372719
9164,1306299,20403,1364239
9165,1304447,20589,1362962
9166,1309892,21547,1369642
9167,1314485,20325,1374272
9168,1312392,20678,1372421
9169,1313762,20290,1374348
9170,1316929,20347,1376868
9171,1304743,21453,1365418
9172,1308799,20379,1368234
9173,1313132,20325,1371698
9174,1325336,20344,1384550
9175,1303021,21932,1363489
9176,1309632,20229,1369527
9177,1308188,20452,1366399
9178,1314150,20620,1374974
9179,1311725,20176,1372086
9180,1305800,21393,1365081
9181,1313188,20338,1372119
9182,1313540,20247,1373231
9183,1308651,20211,1367139
9184,1299762,21613,1359300
9185,1304596,20632,1362727
9186,1307892,20318,1367506
9187,1316225,20412,1375322
9188,1351169,20654,1419026
9189,1332206,23111,1398447
9190,1337891,20168,1401207
9191,1335335,20780,1397912
9192,1329966,20651,1392987
9193,1310170,22146,1370611
9194,1322354,20684,1382834
9195,1332187,21111,1395761
9196,1317576,20038,1376855
9197,1314521,20298,1372393
9198,1308928,21181,1367276
9199,1313151,21071,1372999
9200,1318614,20165,1380241
9201,1309558,20277,1368039
9202,1308725,21105,1369033
9203,1320429,19976,1379552
9204,1306836,20107,1366813
9205,1309300,20200,1368481
9206,1314891,21294,1377093
9207,1310818,21622,1374217
9208,1311855,20271,1370829
9209,1309374,20494,1368793
9210,1314243,20366,1373627
9211,1305966,21212,1366825
9212,1311855,20361,1371400
9213,1308780,20751,1367902
9214,1314670,20808,1376458
9215,1306651,20660,1365885
9216,1330206,21507,1391176
9217,1318725,20934,1378862
9218,1308521,20138,1366382
9219,1309558,20714,1368642
9220,1304188,22115,1365284
9221,1311299,20209,1370174
9222,1306355,20247,1365027
9223,1316207,20767,1376473
9224,1308762,20249,1369511
9225,1301077,21688,1360061
9226,1315410,20708,1374913
9227,1319040,21597,1379155
9228,1312059,20284,1371601
9229,1301632,21574,1359799
9230,1317576,20112,1378096
9231,1314354,20539,1372671
9232,1312336,20466,1371358
9233,1312095,20541,1371673
9234,1310077,21703,1370946
9235,1312707,20481,1371780
9236,1357410,20686,1432410
9237,1426131,21354,1499003
9238,1329540,22459,1394758
9239,1391650,21312,1464499
9240,1346373,21054,1411074
9241,1326410,19851,1387761
9242,1321688,20815,1382725
9243,1319466,22236,1381108
9244,1325354,20663,1386628
9245,1318188,20127,1379295
9246,1322910,20183,1383056
9247,1318040,21344,1379309
9248,1313780,20327,1374755
9249,1314596,20235,1374997
9250,1314725,20236,1373924
9251,1320577,21126,1381480
9252,1305706,21769,1367549
9253,1316336,20362,1375809
9254,1314781,20493,1374606
9255,1322984,20198,1382626
9256,1307744,21729,1368343
9257,1315465,20323,1375844
9258,1319873,20583,1379937
9259,1314318,20269,1373531
9260,1316632,20418,1375828
9261,1305355,21265,1364563
9262,1310836,20099,1369250
9263,1312280,20767,1370732
9264,1309317,20194,1367603
9265,1304058,21262,1362913
9266,1312632,20578,1370321
9267,1308206,20024,1366304
9268,1314965,20099,1373675
9269,1304632,20026,1363491
9270,1303428,21409,1362541
9271,1309262,20725,1368394
9272,1315188,20781,1375469
9273,1310910,20319,1369840
9274,1311743,21073,1372261
9275,1316688,20556,1376632
9276,1343539,20501,1407410
9277,1317651,20484,1377393
9278,1316466,20540,1375931
9279,1309059,21423,1369741
9280,1308021,20276,1366612
9281,1308169,20685,1368094
9282,1325465,20630,1386651
9283,1314003,21699,1375886
9284,1313725,20311,1373554
9285,1304559,20701,1363777
9286,1311762,20313,1371852
9287,1313817,20351,1372483
9288,1302040,21160,1361959
9289,1309336,20661,1367978
9290,1307595,20144,1365831
9291,1308614,20515,1367314
9292,1304373,21380,1364882
9293,1307169,20696,1366680
9294,1301447,20215,1359162
9295,1310410,20735,1370015
9296,1308207,20606,1367497
9297,1302837,20934,1360955
9298,1309891,20620,1369123
9299,1306262,20195,1364179
9300,1315299,21159,1376291
9301,1304466,22024,1364730
9302,1309669,20340,1368472
9303,1309725,20378,1369029
9304,1309410,20138,1367585
9305,1303003,20213,1360938
9306,1298707,21467,1356933
9307,1312188,20320,1371082
9308,1318095,20117,1377971
9309,1307281,20137,1366010
9310,1302225,21724,1361967
9311,1320299,20780,1383727
9312,1326799,20578,1389117
9313,1435168,24875,1519950
9314,1346225,20524,1414026
9315,1334873,22574,1401354
9316,1335447,20298,1397485
9317,1337114,20336,1399226
9318,1326873,20188,1389246
9319,1316855,21664,1377444
9320,1328910,20239,1389686
9321,1338521,22148,1404205
9322,1317743,20297,1378577
9323,1318373,20502,1378597
9324,1313929,21904,1375961
9325,1316225,20182,1375703
9326,1315928,20035,1374704
9327,1322891,21092,1383390
9328,1303318,21272,1363792
9329,1312744,22958,1373201
9330,1307817,20237,1367239
9331,1310280,20738,1369166
9332,1317373,20350,1377333
9333,1309670,21659,1369828
9334,1318688,20641,1378718
9335,1310910,20198,1370126
9336,1317836,20625,1378553
9337,1296670,21193,1355955
9338,1311373,20306,1368956
9339,1303059,20751,1362272
9340,1307262,20363,1367680
9341,1312373,20975,1372070
9342,1302707,21285,1362361
9343,1306299,20397,1364195
9344,1308077,20268,1366956
9345,1312559,20917,1372290
9346,1301354,21745,1361599
9347,1301669,20672,1360934
9348,1314392,20729,1374435
9349,1319743,20674,1379658
9350,1308540,20231,1368437
9351,1301114,21132,1359579
9352,1332854,21171,1396284
9353,1313966,20857,1375581
9354,1311503,20191,1370860
9355,1304410,21204,1365077
9356,1319781,20372,1378541
9357,1315021,20762,1374264
9358,1314318,20503,1374432
9359,1372613,20690,1436173
9360,1311077,21462,1371612
9361,1312521,20889,1373724
9362,1321002,20149,1381355
9363,1310632,20428,1370893
9364,1299484,21552,1359110
9365,1310892,21164,1371352
9366,1323910,20387,1383908
9367,1311780,20296,1370539
9368,1308188,20204,1368095
9369,1310465,21384,1369979
9370,1307781,20237,1366887
9371,1310373,20201,1368481
9372,1302651,20924,1363278
9373,1306669,21696,1367606
9374,1315707,20179,1376551
9375,1331002,20809,1396571
9376,1317429,20347,1377794
9377,1316077,20552,1376480
9378,1307318,21565,1367679
9379,1313929,20270,1373383
9380,1406113,20474,1486901
9381,1608388,25938,1709474
9382,1502482,23785,1591581
9383,1512315,23101,1608674
9384,1567426,25231,1665711
9385,1542796,22603,1638824
9386,1559685,23196,1650251
9387,1414576,22913,1494747
9388,1441372,20821,1520118
9389,1447334,23433,1530175
9390,1434871,22268,1515398
9391,1402965,24503,1482726
9392,1434630,21893,1514079
9393,1447390,21542,1526839
9394,1437002,21339,1516840
9395,1605666,21303,1700783
9396,1541870,26983,1644778
9397,1580259,26021,1679964
9398,1595185,24948,1696539
9399,1530371,24671,1624708
9400,1540519,25388,1635961
9401,1532759,24037,1624536
9402,1591481,22557,1698777
9403,1478760,21928,1563484
9404,1453557,22781,1534855
9405,1416854,23794,1495869
9406,1437761,22869,1517907
9407,1441130,23463,1522130
9408,1439668,23334,1521205
9409,1402464,24125,1482607
9410,1431724,23533,1513923
9411,1437038,23756,1518090
9412,1546370,23350,1653053
9413,1607537,22721,1700127
9414,1512630,24494,1602401
9415,1562556,23013,1651660
9416,1546500,22681,1642476
9417,1616796,24497,1716995
9418,1452316,26676,1540806
9419,1588277,27437,1696657
9420,1478205,21901,1562697
9421,1523500,22587,1611975
9422,1477686,22903,1562625
9423,1440482,25212,1521861
9424,1453075,22991,1535361
9425,1441076,23806,1525344
9426,1426094,22715,1505216
9427,1423057,24265,1502192
9428,1433001,23340,1515322
9429,1429335,22952,1511082
9430,1629684,25435,1730377
9431,1624222,22584,1716193
9432,1498742,27337,1599911
9433,1481445,24709,1568783
9434,1365687,20358,1433119
9435,1357873,21211,1425676
9436,1332873,22428,1400022
9437,1337854,20910,1402912
9438,1318484,20282,1380247
9439,1321484,19986,1381914
9440,1315355,20265,1376286
9441,1313651,21722,1376262
9442,1317632,20149,1376911
9443,1318151,20169,1377801
9444,1360003,20337,1433357
9445,1527223,23498,1616349
9446,1562870,22869,1654294
9447,1516334,23018,1609277
9448,1566759,25001,1663555
9449,1595333,24187,1689722
9450,1464575,25848,1554089
9451,1564000,22868,1657367
9452,1559685,24220,1654034
9453,1579240,23944,1674609
9454,1476834,25216,1577031
9455,1586741,24606,1684512
9456,1529722,22774,1621014
9457,1566481,23182,1660422
9458,1561796,22350,1656256
9459,1517649,25344,1612362
9460,1584148,22438,1676918
9461,1549815,22717,1641623
9462,1578741,30680,1685327
9463,1517982,25175,1607749
9464,1496537,23287,1597027
9465,1370446,20659,1439586
9466,1359947,20771,1428587
9467,1338576,20846,1404033
9468,1338688,21803,1403879
9469,1338150,20638,1401602
9470,1319410,20268,1380437
9471,1311058,20417,1372012
9472,1310114,21578,1371044
9473,1322206,20357,1382748
9474,1310596,20229,1370861
9475,1313929,20489,1374528
9476,1316688,20490,1376381
9477,1306559,21410,1365302
9478,1308558,20134,1368154
9479,1308188,19986,1367600
9480,1312447,20413,1372879
9481,1308521,22223,1369540
9482,1314058,21038,1374485
9483,1312762,20391,1372708
9484,1308355,20115,1367080
9485,1314336,20560,1372562
9486,1303911,21425,1363983
9487,1313225,20148,1371817
9488,1306854,20649,1366966
9489,1319411,20187,1378115
9490,1307040,21959,1368054
9491,1306781,20201,1365815
9492,1309336,20461,1369112
9493,1310484,20462,1369854
9494,1308410,20538,1368132
9495,1300485,21439,1360257
9496,1318002,20607,1379720
9497,1308485,20145,1368592
9498,1314854,20831,1376000
9499,1313169,21678,1373032
9500,1317373,20586,1378033
9501,1313040,20513,1373182
9502,1311874,20144,1371739
9503,1315577,20756,1376240
9504,1307281,21991,1367234
9505,1310170,20529,1367735
9506,1314114,20549,1373403
9507,1311429,20661,1371293
9508,1303891,22155,1363509
9509,1304891,20286,1363992
9510,1310503,20287,1370234
9511,1305966,20473,1365401
9512,1304688,19993,1362717
9513,1306873,21432,1366230
9514,1314892,20099,1375879
9515,1305207,20230,1365769
9516,1309596,20323,1370270
9517,1303485,20781,1362024
9518,1316151,20541,1376080
9519,1306299,20227,1366248
9520,1305762,20080,1365379
9521,1306799,20803,1365787
9522,1298225,21391,1357986
9523,1304188,20429,1361468
9524,1299928,20467,1358432
9525,1305225,20264,1364322
9526,1301614,21221,1361002
9527,1309744,20630,1368502
9528,1311818,20094,1372374
9529,1304632,20428,1363708
9530,1307410,21040,1366469
9531,1301984,20998,1360908
9532,1307095,20202,1365686
9533,1306411,20333,1364706
9534,1309650,20816,1368910
9535,1308077,21551,1367664
9536,1315151,20404,1376313
9537,1313947,20497,1374444
9538,1313707,20313,1373760
9539,1306911,20518,1366205
9540,1298540,21512,1357274
9541,1306096,20124,1363645
9542,1307780,20236,1366757
9543,1307670,19812,1366036
9544,1301280,20991,1360771
9545,1306021,20381,1363587
9546,1304670,20475,1362496
9547,1305095,21216,1363534
9548,1307336,20329,1365905
9549,1302151,21471,1360437
9550,1314780,20565,1375437
9551,1312317,21270,1372735
9552,1310614,20030,1370569
9553,1305614,21432,1364712
9554,1309836,20155,1368231
9555,1312559,20841,1371232
9556,1308410,20527,1367067
9557,1304281,20102,1362309
9558,1301873,21449,1360729
9559,1316984,21098,1376526
9560,1308780,20395,1368361
9561,1306984,20211,1366362
9562,1303188,21446,1363912
9563,1306077,20466,1365802
9564,1306225,20004,1364840
9565,1306855,20468,1364970
9566,1312947,20710,1371342
9567,1300373,21667,1359318
9568,1307040,20279,1366615
9569,1304855,20632,1364523
9570,1308854,20429,1368876
9571,1307317,21368,1368148
9572,1311317,20462,1369353
9573,1303985,20722,1363817
9574,1315133,20649,1375429
9575,1307262,20391,1366282
9576,1302817,21848,1362388
9577,1312336,21016,1372907
9578,1302540,20147,1360612
9579,1314892,20370,1373835
9580,1304336,21661,1365293
9581,1309595,20328,1368164
9582,1304688,20385,1363480
9583,1311095,20386,1370462
9584,1307096,20831,1366889
9585,1305059,21992,1364736
9586,1306355,20494,1365163
9587,1317002,20513,1376145
9588,1311355,20199,1370146
9589,1299225,22768,1359474
9590,1308114,20491,1366586
9591,1309521,20381,1367957
9592,1307985,20030,1365866
9593,1304707,20587,1363700
9594,1295244,21266,1353602
9595,1307207,20138,1366010
9596,1309003,20602,1367678
9597,1303595,20825,1362475
9598,1301763,21801,1361303
9599,1307040,20154,1365489
9600,1306059,20081,1363694
9601,1306373,20341,1364214
9602,1316558,20768,1378029
9603,1308633,21818,1369246
9604,1325058,20337,1385321
9605,1313632,20616,1372989
9606,1308577,20117,1366249
9607,1304817,21464,1363725
9608,1311947,20057,1371226
9609,1308280,20317,1367283
9610,1305558,20133,1364895
9611,1318743,20523,1378674
9612,1304743,21203,1363742
9613,1308299,20278,1367336
9614,1307892,20427,1367170
9615,1323095,20298,1383004
9616,1304021,21311,1364462
9617,1330799,20350,1391518
9618,1311614,20351,1371316
9619,1313170,20389,1372798
9620,1316059,20482,1375707
9621,1300892,21699,1360201
9622,1312447,20552,1373684
9623,1314243,20590,1374222
9624,1308374,20406,1366538
9625,1308299,21363,1366643
9626,1311077,20716,1369829
9627,1306744,20032,1364905
9628,1322947,20496,1384479
9629,1312706,21108,1372406
9630,1301891,21751,1361475
9631,1308855,20011,1367476
9632,1315929,20104,1375144
9633,1314448,25550,1379904
9634,1304355,22081,1365047
9635,1307984,20231,1365659
9636,1310577,20343,1369512
9637,1312373,20381,1370383
9638,1303466,20363,1362551
9639,1301114,21395,1358916
9640,1310892,20266,1369009
9641,1308669,20341,1368492
9642,1306096,20620,1365937
9643,1303373,21448,1363284
9644,1313744,20467,1372581
9645,1305281,20505,1363730
9646,1313170,20729,1372564
9647,1310928,20637,1370028
9648,1307170,21613,1367356
9649,1314299,20595,1372505
9650,1306429,21004,1366006
9651,1315707,21190,1375433
9652,1304355,21610,1363335
9653,1308354,20223,1366781
9654,1311503,21205,1372244
9655,1307614,20373,1365857
9656,1304188,20244,1362802
9657,1311299,21183,1370537
9658,1313318,21110,1374890
9659,1309966,20093,1369780
9660,1307465,20334,1367614
9661,1303447,21644,1363053
9662,1305540,20756,1366277
9663,1306984,20257,1365000
9664,1306188,20276,1365149
9665,1309447,21055,1368891
9666,1302003,21679,1361330
9667,1306077,20384,1363516
9668,1312688,20626,1371943
9669,1304632,20108,1362870
9670,1305392,21251,1364383
9671,1315133,20733,1375310
9672,1304280,20549,1364014
9673,1302837,20143,1360923
9674,1317206,20588,1377535
9675,1308021,21916,1369603
9676,1307355,20361,1367327
9677,1306410,20325,1365680
9678,1309188,21086,1368606
9679,1299317,21210,1357897
9680,1300670,20007,1358880
9681,1303762,20175,1362048
9682,1311948,21305,1372826
9683,1306892,20695,1365642
9684,1302410,22079,1361896
9685,1309225,20283,1367989
9686,1317281,20433,1376861
9687,1305817,20415,1364566
9688,1305077,21743,1365023
9689,1310910,20522,1369524
9690,1305577,20337,1366062
9691,1307503,20487,1365730
9692,1308762,20210,1368157
9693,1305763,21278,1364207
9694,1311040,20576,1370763
9695,1312373,20466,1372598
9696,1313910,20596,1374006
9697,1303262,21683,1362186
9698,1312874,20295,1371520
9699,1309354,20630,1370521
9700,1311688,20242,1371078
9701,1301522,20169,1360190
9702,1308096,21534,1367814
9703,1310687,21016,1371019
9704,1303633,20110,1363038
9705,1307576,20277,1366724
9706,1302522,21383,1360626
9707,1310263,20532,1368905
9708,1309392,20200,1368739
9709,1306614,20219,1364703
9710,1307633,20906,1368167
9711,1307003,21604,1367810
9712,1310984,20123,1368681
9713,1303466,20087,1362330
9714,1300559,20088,1358906
9715,1301651,20990,1359493
9716,1315687,20547,1374642
9717,1308281,20196,1367587
9718,1349854,22827,1418976
9719,1382650,20420,1447070
9720,1318465,21452,1381417
9721,1322540,20342,1383010
9722,1319077,20620,1379956
9723,1323632,20455,1384475
9724,1313429,22023,1375563
9725,1309300,20117,1369841
9726,1327373,20970,1392268
9727,1316244,21008,1379473
9728,1342021,21250,1405233
9729,1309836,21744,1370617
9730,1312095,20227,1371840
9731,1302669,20746,1362323
9732,1310188,20617,1369472
9733,1299929,21945,1360170
9734,1314465,20280,1376337
9735,1314743,20207,1373653
9736,1311206,20615,1371191
9737,1307170,20264,1366211
9738,1298522,21351,1358909
9739,1303448,20186,1362688
9740,1312262,20650,1372096
9741,1315170,20706,1375968
9742,1304744,22293,1366055
9743,1324484,20239,1388074
9744,1334207,20906,1396260
9745,1319632,20296,1379835
9746,1313077,20797,1374411
9747,1303614,21107,1363202
9748,1312799,20663,1373758
9749,1315318,20683,1375407
9750,1307855,20295,1366982
9751,1301373,22382,1360940
9752,1313373,20901,1375274
9753,1308947,20273,1368034
9754,1306633,20829,1366369
9755,1303225,20367,1363073
9756,1301503,21473,1362142
9757,1310744,20141,1369087
9758,1315799,22753,1379236
9759,1310502,20346,1370404
9760,1305854,21970,1365306
9761,1315114,20231,1375770
9762,1311113,21343,1372271
9763,1310855,20103,1371087
9764,1310225,20419,1368514
9765,1308670,21617,1367860
9766,1323836,20618,1386824
9767,1329299,20693,1391843
9768,1317947,20509,1379048
9769,1312244,22337,1375080
9770,1312854,20486,1373840
9771,1308447,20191,1367563
9772,1314614,21081,1376713
9773,1319077,20193,1379325
9774,1308928,21928,1370986
9775,1315799,20651,1376339
9776,1311503,21171,1371488
9777,1312281,20153,1370841
9778,1302873,21592,1363650
9779,1303874,20445,1363947
9780,1306318,21353,1367171
9781,1305892,20503,1366542
9782,1307707,20411,1367450
9783,1304058,21480,1364334
9784,1316299,20203,1375761
9785,1312781,20334,1371280
9786,1310836,20242,1369985
9787,1304836,21051,1365646
9788,1308929,20052,1367536
9789,1318559,20720,1380611
9790,1312836,20702,1372186
9791,1308799,20166,1368724
9792,1306985,20994,1366552
9793,1377594,20699,1454700
9794,1577758,24422,1672569
9795,1555222,23516,1650311
9796,1462186,26381,1549862
9797,1607555,24456,1705269
9798,1497445,23253,1588345
9799,1597277,23995,1693827
9800,1464186,23033,1548589
9801,1411854,28268,1496269
9802,1450316,23195,1535029
9803,1434464,22622,1516585
9804,1431205,22567,1512753
9805,1411224,23710,1490266
9806,1432019,23267,1514175
9807,1439945,24045,1522879
9808,1439372,23194,1520917
9809,1710017,30825,1827322
9810,1512463,25894,1605689
9811,1575370,24728,1670486
9812,1566407,24081,1664246
9813,1550333,24063,1646544
9814,1551389,28187,1646761
9815,1491593,22596,1583948
9816,1610073,23671,1707558
9817,1452853,21579,1535543
9818,1440742,22803,1521785
9819,1402835,26816,1483465
9820,1433168,23465,1514688
9821,1432279,23447,1514096
9822,1425909,23096,1506634
9823,1391798,26813,1470907
9824,1462779,23666,1552462
9825,1612702,28926,1718554
9826,1826034,25890,1927219
9827,1638647,30780,1747130
9828,1674554,26552,1777642
9829,1669313,25942,1774644
9830,1609332,23851,1712793
9831,1766757,24907,1875255
9832,1568278,29902,1671604
9833,1784126,27588,1896806
9834,1569444,30330,1678328
9835,1602870,25664,1704514
9836,1610518,24980,1707478
9837,1523445,32326,1626659
9838,1605721,26420,1707344
9839,1575833,24069,1674753
9840,1604517,26070,1704365
9841,1550000,26657,1647841
9842,1589333,25010,1688286
9843,1750849,27992,1875655
9844,1715424,29679,1827231
9845,1617259,24272,1717085
9846,1497668,24767,1588081
9847,1457946,22157,1540194
9848,1373021,21454,1443178
9849,1344039,20862,1408179
9850,1332614,22709,1398266
9851,1333521,20747,1397212
9852,1331355,20859,1395139
9853,1325688,21193,1388658
9854,1309373,21398,1370363
9855,1305336,22170,1365691
9856,1312077,20227,1371785
9857,1310743,20172,1368767
9858,1315225,21377,1378990
9859,1313577,21909,1373540
9860,1318317,20521,1378134
9861,1314170,20318,1374598
9862,1311058,21078,1371432
9863,1312762,20153,1372563
9864,1303484,21648,1364835
9865,1310632,20612,1370559
9866,1310818,20891,1370800
9867,1310280,18910,1367616
9868,1304836,22053,1366074
9869,1304410,20369,1363297
9870,1319096,20795,1380112
9871,1311725,20593,1372558
9872,1308484,20223,1368115
9873,1304929,22014,1364294
9874,1320076,21182,1381147
9875,1312539,21072,1373037
9876,1305892,20184,1365705
9877,1303114,21456,1362292
9878,1312929,21198,1373885
9879,1302762,21254,1362942
9880,1307095,20256,1365573
9881,1306373,20960,1366685
9882,1301077,21418,1361753
9883,1301781,20659,1360143
9884,1310539,20827,1370033
9885,1305725,20273,1364868
9886,1304133,21545,1362677
9887,1314317,21138,1374881
9888,1310225,20621,1371531
9889,1304670,20400,1363587
9890,1307503,20623,1366255
9891,1307355,21284,1367305
9892,1308373,20378,1366528
9893,1302077,20249,1359807
9894,1309077,20713,1368789
9895,1301040,21671,1360099
9896,1308003,20357,1367248
9897,1303280,20247,1361675
9898,1305521,20488,1364509
9899,1313169,20508,1372455
9900,1299947,21225,1359283
9901,1310392,20300,1368987
9902,1312076,20875,1373599
9903,1315169,20228,1374452
9904,1306669,21500,1365465
9905,1315354,20723,1374633
9906,1308892,20206,1368578
9907,1313039,20707,1373283
9908,1310817,20393,1370414
9909,1302354,21332,1362316
9910,1310429,20740,1370539
9911,1312355,20686,1371947
9912,1314411,20687,1374356
9913,1305596,22033,1366776
9914,1308058,20497,1366407
9915,1314669,20628,1375130
9916,1309725,20795,1370668
9917,1308448,20204,1368651
9918,1303836,21328,1364701
9919,1324743,20829,1388257
9920,1314687,20367,1374073
9921,1305966,20109,1364685
9922,1305595,21325,1365661
9923,1310299,20567,1370125
9924,1312003,20031,1372607
9925,1308318,20088,1367368
9926,1313280,20959,1374554
9927,1303244,21657,1362919
9928,1313892,20343,1373512
9929,1310780,20400,1369143
9930,1310744,20549,1369737
9931,1305799,21229,1365676
9932,1317762,20563,1378788
9933,1307596,20379,1367159
9934,1306781,20195,1365771
9935,1312596,20603,1371569
9936,1307577,22098,1367415
9937,1311317,20191,1370027
9938,1311095,20415,1370139
9939,1308096,20508,1367788
9940,1300021,21577,1360394
9941,1305317,20096,1366099
9942,1307855,20782,1367840
9943,1317744,21321,1378601
9944,1310392,20099,1368972
9945,1296892,21279,1356819
9946,1309780,20669,1368875
9947,1308484,21318,1369154
9948,1303485,20486,1361636
9949,1295484,21499,1354872
9950,1310707,20278,1369280
9951,1313670,20204,1373336
9952,1309725,20372,1369449
9953,1306762,20429,1366301
9954,1314984,21664,1376462
9955,1313873,20146,1374741
9956,1313114,20222,1371576
9957,1308059,20278,1366095
9958,1330299,21495,1391460
9959,1311929,20311,1370313
9960,1312614,20682,1371592
9961,1308281,20368,1367204
9962,1311929,20777,1371038
9963,1301817,21308,1361996
9964,1315855,20587,1376404
9965,1321150,20884,1381664
9966,1309596,20274,1368665
9967,1309095,21658,1368882
9968,1315744,20473,1376494
9969,1308354,20197,1366958
9970,1297651,20346,1357348
9971,1313058,20273,1372256
9972,1302540,21434,1362621
9973,1308114,20453,1366215
9974,1322151,20306,1380660
9975,1310243,20529,1369328
9976,1302225,21468,1362878
9977,1307799,20081,1365935
9978,1304522,20322,1362677
9979,1307558,20138,1365603
9980,1308540,21361,1368697
9981,1303947,22448,1364377
9982,1313725,20153,1371878
9983,1306447,20228,1364879
9984,1304984,20711,1364750
9985,1301985,21687,1361189
9986,1314021,20465,1374338
9987,1305447,21411,1364710
9988,1314688,20930,1376099
9989,1308595,20561,1367915
9990,1303447,21537,1362317
9991,1305707,20501,1363244
9992,1312114,20576,1370856
9993,1308448,20522,1367691
9994,1302243,21886,1362722
9995,1307132,20295,1365871
9996,1307706,20759,1367243
9997,1306558,20445,1363651
9998,1312484,20724,1372004
9999,1306077,21737,1364813
10000,1310743,20645,1370074
10001,1316614,20831,1376334
10002,1310577,20795,1370261
10003,1299485,21957,1358996
10004,1310800,20735,1371090
10005,1314465,20199,1372442
10006,1306299,20923,1365832
10007,1304669,20516,1362537
10008,1307799,21751,1367143
10009,1311836,20586,1370625
10010,1309206,20402,1369034
10011,1301726,20088,1359220
10012,1302836,21953,1362511
10013,1308502,20417,1367012
10014,1302170,20492,1361087
10015,1307114,20271,1365254
10016,1310910,20197,1369144
10017,1301188,21544,1359787
10018,1308725,20397,1367880
10019,1306355,20527,1364733
10020,1316892,20121,1377845
10021,1305743,21986,1365525
10022,1307485,20357,1366619
10023,1310947,20636,1370509
10024,1309262,20804,1370287
10025,1309003,20045,1366474
10026,1307262,21114,1366950
10027,1318132,21041,1377451
10028,1305596,20357,1366081
10029,1307392,20228,1364934
10030,1304096,21426,1364040
10031,1310373,20742,1369930
10032,1310595,20021,1370245
10033,1309169,21096,1368598
10034,1317244,20449,1376988
10035,1300095,22480,1360909
10036,1309743,20611,1367854
10037,1312688,21019,1372429
10038,1306151,20372,1365912
10039,1298300,21830,1357499
10040,1305429,20109,1364833
10041,1310762,21017,1370427
10042,1310244,20185,1368872
10043,1318780,20167,1377206
10044,1310521,21476,1369108
10045,1311817,20200,1371443
10046,1312188,20404,1371351
10047,1312410,20294,1369982
10048,1303447,21530,1362643
10049,1305632,20142,1364144
10050,1308966,20495,1368719
10051,1309225,20236,1367516
10052,1298891,20330,1358740
10053,1298021,21361,1357197
10054,1313818,20788,1372679
10055,1313706,20456,1372958
10056,1307429,20753,1366867
10057,1301003,21637,1361417
10058,1305263,20527,1364529
10059,1307299,21176,1366660
10060,1303818,20066,1362161
10061,1300688,20270,1358199
10062,1306170,21506,1365989
10063,1306373,19988,1364398
10064,1297762,20008,1356288
10065,1303800,20675,1362289
10066,1301762,21466,1361691
10067,1310984,20134,1369599
10068,1314873,20153,1375396
10069,1308299,20784,1367212
10070,1307151,20192,1367417
10071,1303707,21909,1363226
10072,1304632,20317,1363672
10073,1306651,22207,1366710
10074,1306262,20208,1365100
10075,1301354,21666,1360502
10076,1310244,20463,1369725
10077,1308503,20594,1366985
10078,1301596,20150,1359338
10079,1366409,20429,1427783
10080,1312280,21738,1372296
10081,1306596,20277,1364612
10082,1311855,20278,1370465
10083,1313058,20241,1372225
10084,1305003,22014,1365553
10085,1304280,20218,1362554
10086,1308373,20757,1368370
10087,1308744,20406,1368112
10088,1312262,20722,1373316
10089,1331169,22179,1393811
10090,1315855,20902,1375664
10091,1310928,20755,1369924
10092,1304669,20386,1363851
10093,1305688,20880,1365346
10094,1315169,20900,1375717
10095,1306355,20160,1364903
10096,1304096,20161,1362293
10097,1303355,20032,1362201
10098,1306725,21471,1367270
10099,1312022,20361,1370882
10100,1311836,20418,1371420
10101,1306855,20308,1365458
10102,1304336,21247,1364101
10103,1314262,20192,1372380
10104,1314188,20119,1373344
10105,1304465,20213,1364622
10106,1309781,20288,1369160
10107,1313262,20967,1372655
10108,1308466,20524,1367823
10109,1305781,20340,1364583
10110,1306669,20415,1365843
10111,1306762,22150,1368449
10112,1339929,20818,1404283
10113,1313225,20337,1372543
10114,1313910,20635,1374766
10115,1316132,20469,1376045
10116,1303133,22149,1364207
10117,1308077,20224,1365874
10118,1310651,20947,1370116
10119,1315744,20300,1373635
10120,1297429,21479,1356982
10121,1309021,20314,1368075
10122,1305688,20685,1365965
10123,1309818,20205,1368633
10124,1320669,20169,1380375
10125,1306428,21608,1365554
10126,1316280,20016,1375481
10127,1309262,20239,1367742
10128,1307855,20148,1365243
10129,1297836,21920,1356719
10130,1310225,20402,1369590
10131,1305262,20052,1363147
10132,1307410,20553,1366611
10133,1306576,20165,1364908
10134,1301725,21437,1360995
10135,1390743,23142,1464736
10136,1336021,21106,1401978
10137,1326892,20255,1388368
10138,1314632,21972,1375437
10139,1321947,20787,1384975
10140,1324095,20307,1385568
10141,1312466,20549,1371699
10142,1319243,20179,1378607
10143,1307910,21470,1367213
10144,1314558,20879,1375566
10145,1308318,20268,1367752
10146,1322929,19992,1383475
10147,1313910,22208,1375507
10148,1310873,20209,1369360
10149,1313058,20322,1373046
10150,1313743,20323,1374732
10151,1315670,20175,1377030
10152,1310837,21337,1373746
10153,1327058,20319,1388877
10154,1313058,20061,1373619
10155,1315428,20229,1375916
10156,1302855,22056,1364929
10157,1316169,20206,1377245
10158,1329669,20762,1390931
10159,1318429,20263,1377858
10160,1311984,19949,1371896
10161,1303929,21592,1363798
10162,1311465,20537,1371317
10163,1321040,21131,1381392
10164,1317021,20410,1378560
10165,1301800,22145,1360981
10166,1310429,20202,1367685
10167,1316910,20980,1377834
10168,1313559,20333,1374132
10169,1309244,20260,1367170
10170,1304243,21606,1363479
10171,1311170,20348,1369425
10172,1309985,20442,1368648
10173,1315392,20684,1374204
10174,1299354,21752,1358551
10175,1306929,20790,1366422
10176,1312984,20476,1372479
10177,1310132,20570,1369832
10178,1311540,20441,1371259
10179,1306281,21880,1366920
10180,1312836,20344,1373032
10181,1328095,21290,1390829
10182,1310596,20365,1370108
10183,1305373,22026,1364306
10184,1322336,20453,1384585
10185,1324743,20454,1384882
10186,1310558,20436,1371235
10187,1310225,20826,1369847
10188,1311170,21747,1372286
10189,1313817,21063,1374528
10190,1310651,20452,1370140
10191,1316947,21065,1377696
10192,1309614,21467,1370765
10193,1311669,20153,1369377
10194,1308373,20283,1367712
10195,1312929,20821,1373657
10196,1312984,20137,1372195
10197,1311577,21132,1372301
10198,1312391,20725,1371654
10199,1309373,20115,1368655
10200,1310558,20598,1369544
10201,1307428,21685,1368261
10202,1306336,20390,1366244
10203,1313244,20576,1372115
10204,1310855,20373,1369838
10205,1328892,20411,1398006
10206,1527389,23387,1616498
10207,1655258,23610,1754367
10208,1619777,27056,1741368
10209,1647647,25557,1751536
10210,1580314,28162,1681568
10211,1743183,26108,1854456
10212,1630591,27979,1734292
10213,1751739,31147,1875088
10214,1576815,33222,1683720
10215,1602352,28013,1704307
10216,1580462,25588,1678883
10217,1619536,27255,1722679
10218,1604722,24090,1701847
10219,1563537,26418,1657231
10220,1607759,24530,1706473
10221,1606666,26420,1704770
10222,1622129,28087,1722122
10223,1600981,24551,1704753
10224,1826811,32120,1938060
10225,1705202,30584,1812322
10226,1678165,28992,1783101
10227,1547333,23104,1642548
10228,1491815,26099,1585210
10229,1565037,29155,1671691
10230,1516630,25193,1614304
10231,1547000,22954,1638786
10232,1460908,22344,1544548
10233,1415020,23468,1494228
10234,1448241,21858,1528691
10235,1425316,21896,1504730
10236,1433612,22675,1514027
10237,1397205,25262,1475207
10238,1433539,21318,1513708
10239,1434612,21727,1516320
10240,1624221,23154,1726948
10241,1593092,22321,1691394
10242,1510260,26038,1605704
10243,1581111,23095,1678001
10244,1533889,22633,1624613
10245,1608759,25041,1708002
10246,1440612,23850,1527962
10247,1607333,24888,1705016
10248,1461742,21334,1546538
10249,1443464,21816,1525946
10250,1429612,21669,1507522
10251,1405261,23386,1482850
10252,1438335,21850,1516943
10253,1423668,22406,1502203
10254,1434261,21982,1513019
10255,1410946,24494,1490755
10256,1426519,21847,1506996
10257,1630647,26959,1733106
10258,1606166,22294,1700014
10259,1570777,23350,1666757
10260,1406464,25308,1488401
10261,1381502,21383,1452884
10262,1337428,20921,1403534
10263,1334206,20200,1396831
10264,1338039,22676,1404307
10265,1332466,21140,1396901
10266,1324262,20141,1385328
10267,1331854,20420,1395199
10268,1327244,20735,1387497
10269,1324281,22193,1390769
10270,1330706,20435,1392381
10271,1327355,20510,1389901
10272,1319502,21122,1379476
10273,1304485,21950,1365285
10274,1317169,20840,1377786
10275,1308336,20581,1369306
10276,1316836,20471,1377159
10277,1310688,20620,1372512
10278,1305799,21559,1366747
10279,1312207,20468,1372711
10280,1312059,20654,1372249
10281,1311466,20525,1371379
10282,1309059,21927,1369967
10283,1315354,20743,1375616
10284,1308022,20540,1366839
10285,1315799,21060,1376284
10286,1310651,20339,1371841
10287,1319225,22074,1379280
10288,1320670,20593,1382447
10289,1323818,20465,1386467
10290,1312503,20281,1371801
10291,1309521,21497,1370870
10292,1318059,20869,1379612
10293,1312428,20370,1371724
10294,1308114,20537,1367706
10295,1310133,20520,1370078
10296,1308132,21440,1369480
10297,1309577,20423,1369036
10298,1309318,20516,1368797
10299,1320799,20499,1381316
10300,1331133,21382,1392477
10301,1313725,20550,1372312
10302,1307503,20440,1367887
10303,1310539,20774,1370814
10304,1310392,20109,1370370
10305,1302021,21307,1361550
10306,1313929,21012,1375495
10307,1305929,20031,1364700
10308,1307540,20384,1366794
10309,1303984,21527,1364362
10310,1303151,20861,1363623
10311,1307632,20214,1366179
10312,1307058,20159,1365421
10313,1307558,20605,1366366
10314,1299688,21414,1359583
10315,1310151,20285,1369473
10316,1321521,20249,1386140
10317,1327910,20824,1391808
10318,1302466,21708,1363618
10319,1319465,20783,1380692
10320,1314040,20265,1373342
10321,1313392,21137,1374639
10322,1304466,20045,1363862
10323,1303873,21429,1361968
10324,1312874,20448,1372099
10325,1310818,21153,1369100
10326,1303374,20746,1362119
10327,1305151,21685,1364928
10328,1318762,20927,1379411
10329,1313114,21465,1374097
10330,1312985,20670,1373580
10331,1310447,20319,1370303
10332,1308095,21128,1366649
10333,1317484,21222,1379132
10334,1307780,20482,1365985
10335,1305929,20576,1365930
10336,1304410,21311,1363591
10337,1311873,20738,1371222
10338,1317539,20961,1377315
10339,1305040,20110,1363409
10340,1314188,20519,1373280
10341,1310818,21810,1371071
10342,1320651,20218,1380331
10343,1313836,20256,1374462
10344,1315558,20294,1375445
10345,1308317,21529,1369587
10346,1304781,20660,1364070
10347,1309762,20402,1369997
10348,1314281,20366,1374979
10349,1312762,20570,1373295
10350,1306484,21454,1365790
10351,1310799,20696,1371235
10352,1307577,20326,1367829
10353,1313725,20049,1372033
10354,1296522,21600,1356806
10355,1309337,20526,1367899
10356,1306688,20305,1365104
10357,1306910,20232,1366142
10358,1310391,21400,1369273
10359,1300151,21820,1359989
10360,1304558,20229,1364157
10361,1318114,20193,1378825
10362,1319707,21101,1379714
10363,1310576,22614,1371857
10364,1307188,20467,1366006
10365,1313632,20227,1372230
10366,1317670,20988,1378434
10367,1310096,20692,1369120
10368,1296559,21613,1356245
10369,1317503,20132,1376783
10370,1314151,20596,1374654
10371,1307466,20190,1366729
10372,1303317,21573,1362816
10373,1311336,20315,1371373
10374,1313003,20334,1372281
10375,1304614,20743,1363930
10376,1312374,20188,1372005
10377,1305725,21998,1366463
10378,1306706,20406,1365390
10379,1304688,20629,1364632
10380,1300910,20038,1359614
10381,1299447,21699,1360405
10382,1312633,20255,1371554
10383,1313762,20442,1374129
10384,1306966,20294,1367389
10385,1310262,20129,1369539
10386,1302485,21753,1363181
10387,1312244,21198,1372923
10388,1313003,20088,1374665
10389,1313003,20312,1372425
10390,1309077,21769,1369882
10391,1310206,20363,1370439
10392,1305429,20234,1363755
10393,1310373,20402,1370126
10394,1308114,21403,1368812
10395,1302892,21231,1363029
10396,1309206,20398,1368234
10397,1309410,20196,1368550
10398,1309910,20104,1368977
10399,1304318,21024,1364064
10400,1311373,20711,1370917
10401,1302707,20452,1361992
10402,1308058,20768,1368733
10403,1305225,20177,1363697
10404,1297818,21597,1356655
10405,1302002,20579,1359582
10406,1303836,20229,1362564
10407,1312651,20396,1370713
10408,1295188,21724,1354949
10409,1305355,20392,1365968
10410,1301854,20282,1360710
10411,1311059,20579,1371174
10412,1306466,20210,1365027
10413,1298132,22500,1357614
10414,1307336,20168,1365559
10415,1306465,20502,1365394
10416,1306114,20411,1365080
10417,1293040,22109,1351408
10418,1307392,20425,1368687
10419,1355373,21796,1422557
10420,1316151,20149,1376837
10421,1313984,20539,1375171
10422,1315448,21645,1376832
10423,1318651,21720,1382185
10424,1302392,20202,1362760
10425,1307558,20944,1367428
10426,1313651,22179,1377811
10427,1319484,20643,1381164
10428,1314503,20644,1375054
10429,1307299,20942,1367870
10430,1305355,20739,1363741
10431,1298300,21789,1358273
10432,1308892,20475,1366366
10433,1305225,20680,1364645
10434,1301577,20199,1359905
10435,1304189,21786,1364585
10436,1302855,20621,1361142
10437,1309207,20122,1369532
10438,1307040,20252,1365440
10439,1376187,20624,1439422
10440,1312373,21526,1374972
10441,1305151,20545,1365455
10442,1308558,20268,1369178
10443,1309021,20251,1369901
10444,1305429,21245,1366137
10445,1310263,20413,1369360
10446,1310817,20266,1371194
10447,1311188,20323,1370529
10448,1304892,21472,1365752
10449,1301632,21596,1360524
10450,1307095,20245,1365859
10451,1310318,20820,1370359
10452,1307485,20654,1365935
10453,1300225,21593,1360077
10454,1307392,20724,1366504
10455,1305966,20170,1363598
10456,1305373,20745,1363932
10457,1323484,20653,1384526
10458,1305318,22240,1366076
10459,1313429,20260,1372947
10460,1321225,20890,1380541
10461,1310392,20151,1369375
10462,1298484,22219,1358240
10463,1313484,20239,1373056
10464,1308688,20573,1367483
10465,1307725,20185,1366391
10466,1304577,20223,1363281
10467,1299373,21181,1357276
10468,1309540,20719,1368943
10469,1312373,20257,1371574
10470,1313428,20276,1373204
10471,1307854,21363,1367569
10472,1310966,20809,1369478
10473,1307984,20347,1367701
10474,1304706,21070,1364387
10475,1307744,20108,1367166
10476,1303966,21380,1363327
10477,1313429,20696,1374143
10478,1311466,20253,1370366
10479,1307317,20717,1367293
10480,1303522,21471,1362658
10481,1338576,21138,1402085
10482,1314207,20861,1375178
10483,1309336,20214,1369624
10484,1310188,20512,1369292
10485,1306003,21080,1365731
10486,1314392,21063,1374287
10487,1308040,20230,1367770
10488,1308743,21213,1368734
10489,1307206,21430,1366987
10490,1305558,21190,1364711
10491,1309577,20265,1369341
10492,1305410,20433,1364324
10493,1424371,23471,1505045
10494,1326910,21502,1390819
10495,1332299,20151,1395005
10496,1359539,20782,1427043
10497,1333854,20616,1396396
10498,1316651,22037,1378483
10499,1318299,20167,1377707
10500,1325058,20224,1385337
10501,1324577,20688,1385505
10502,1320614,21337,1381061
10503,1306077,22591,1367538
10504,1352150,20481,1416501
10505,1327077,20889,1388762
10506,1315725,22761,1380596
10507,1307836,22218,1370165
10508,1318206,20497,1379851
10509,1319873,22164,1381796
10510,1312207,21221,1371946
10511,1311910,20352,1371984
10512,1310651,21717,1371848
10513,1317558,20736,1378831
10514,1305244,21274,1364628
10515,1308892,20275,1368315
10516,1299892,21714,1359476
10517,1306855,20271,1365069
10518,1316355,21124,1377237
10519,1314280,20421,1373812
10520,1309465,20403,1370720
10521,1309614,21453,1369141
10522,1310466,20825,1370623
10523,1308225,20418,1367736
10524,1304670,20271,1363885
10525,1309262,21506,1369398
10526,1322670,20804,1383695
10527,1409223,21027,1484602
10528,1346725,20435,1415345
10529,1339040,20622,1403161
10530,1342965,21875,1409470
10531,1350188,20432,1417045
10532,1369243,21396,1440194
10533,1357169,21286,1425769
10534,1341224,22465,1408153
10535,1350872,21041,1415376
10536,1378928,20838,1449710
10537,1355132,21043,1420285
10538,1336095,20321,1401416
10539,1348743,22334,1415577
10540,1352558,20521,1419337
10541,1372465,21448,1441190
10542,1357058,20782,1425098
10543,1341540,22295,1405463
10544,1349465,20870,1415501
10545,1354855,21167,1421576
10546,1349688,21539,1416892
10547,1347891,20836,1414504
10548,1325688,22423,1389758
10549,1356984,20498,1423222
10550,1337002,21129,1400557
10551,1314225,20408,1373725
10552,1305540,21421,1364497
10553,1323965,20477,1384739
10554,1311373,20034,1370573
10555,1311818,20664,1370870
10556,1306910,20314,1365427
10557,1312521,21845,1373088
10558,1306318,20161,1364478
10559,1308984,20551,1368405
10560,1303373,20200,1360295
10561,1307077,21657,1367808
10562,1321836,20066,1381438
10563,1312799,20474,1373199
10564,1313948,20420,1373755
10565,1313411,20291,1372867
10566,1306503,21212,1366547
10567,1319799,20768,1380196
10568,1308244,20306,1367512
10569,1314984,20270,1374550
10570,1310206,21320,1371489
10571,1317429,20266,1377101
10572,1307410,20267,1366010
10573,1314262,20231,1372807
10574,1311225,21658,1373160
10575,1303244,21430,1363858
10576,1309947,20597,1370266
10577,1317188,20339,1377527
10578,1311910,20766,1372935
10579,1301170,21594,1360596
10580,1307429,20484,1367653
10581,1319669,20374,1379450
10582,1309188,20764,1369655
10583,1309466,20709,1368878
10584,1302837,21185,1361632
10585,1314096,20834,1373651
10586,1311003,20132,1369504
10587,1524019,22762,1615262
10588,1510667,25164,1614127
10589,1530889,24387,1621757
10590,1572277,25092,1670313
10591,1564778,22130,1656518
10592,1535889,23446,1628982
10593,1525593,27552,1622699
10594,1553167,23923,1647274
10595,1554833,22202,1649997
10596,1532000,23666,1624609
10597,1544722,26605,1638845
10598,1566925,22291,1659623
10599,1548944,24347,1643458
10600,1525019,24848,1618737
10601,1572722,23516,1672719
10602,1548740,24474,1639843
10603,1572129,24252,1668251
10604,1542704,23105,1636641
10605,1569963,24106,1667068
10606,1483556,27638,1574045
10607,1409501,20991,1483881
10608,1360613,20899,1428271
10609,1339076,20585,1402458
10610,1332817,20197,1396107
10611,1313022,21451,1373268
10612,1323114,20304,1384195
10613,1322410,20194,1382992
10614,1315725,20399,1376253
10615,1311577,21338,1371766
10616,1321039,20098,1381600
10617,1319207,20210,1378953
10618,1315206,20581,1375806
10619,1308132,20101,1368566
10620,1364632,21688,1446652
10621,1563073,24133,1656706
10622,1566944,23171,1661152
10623,1535019,22358,1629801
10624,1539963,25889,1631277
10625,1525648,22668,1618427
10626,1563814,23651,1656742
10627,1458334,21911,1539467
10628,1448983,22078,1529097
10629,1444575,24462,1530055
10630,1456927,22833,1539074
10631,1445668,22575,1528538
10632,1430353,21446,1509021
10633,1397798,23182,1475238
10634,1443797,22627,1526979
10635,1436298,21387,1517258
10636,1612592,24481,1715701
10637,1574537,22500,1668370
10638,1554574,25865,1643661
10639,1542833,24126,1638365
10640,1617869,22997,1720588
10641,1522982,22091,1613590
10642,1519389,25474,1618955
10643,1506501,21957,1592549
10644,1448742,22902,1531439
10645,1457482,21959,1537792
10646,1430557,21848,1512256
10647,1403372,24565,1484455
10648,1446761,22844,1528918
10649,1438742,21604,1518160
10650,1440094,21957,1523643
10651,1400335,24563,1477767
10652,1646646,21841,1736839
10653,1576240,23546,1675526
10654,1597481,23769,1703823
10655,1547685,25085,1643158
10656,1461187,26376,1552598
10657,1553000,25544,1652987
10658,1529055,22045,1625396
10659,1539796,23009,1630267
10660,1405057,25003,1488375
10661,1443909,22060,1525523
10662,1433891,21690,1514913
10663,1421150,22006,1498914
10664,1429020,21452,1508378
10665,1410223,23094,1489003
10666,1438909,21799,1520892
10667,1433908,21170,1514653
10668,1646721,21875,1743355
10669,1530926,25203,1635924
10670,1601203,24871,1700795
10671,1525815,22464,1618871
10672,1426946,21762,1503077
10673,1368113,20689,1435227
10674,1333632,22850,1399944
10675,1336540,20832,1400464
10676,1341483,20759,1404946
10677,1329799,20945,1391225
10678,1325780,21699,1388960
10679,1328854,20663,1390869
10680,1331577,21238,1394407
10681,1315855,20276,1376834
10682,1314540,20277,1374372
10683,1314503,21401,1374237
10684,1316225,20495,1376164
10685,1304170,20274,1363165
10686,1305966,20682,1365222
10687,1308818,21788,1370679
10688,1319947,20752,1380698
10689,1309374,20697,1371200
10690,1308892,20532,1369441
10691,1318466,20699,1380090
10692,1307836,22046,1368604
10693,1306595,20528,1365975
10694,1310837,21122,1371661
10695,1312447,20845,1373162
10696,1299929,21839,1358823
10697,1311669,20229,1371306
10698,1308688,20767,1367992
10699,1308299,20194,1366845
10700,1314447,20510,1375142
10701,1304391,21819,1364396
10702,1313058,20450,1374341
10703,1308299,20377,1368065
10704,1313966,20730,1375547
10705,1308336,22039,1369782
10706,1308207,20411,1367876
10707,1303854,20652,1362210
10708,1315243,21265,1376507
10709,1315688,20358,1376046
10710,1299392,21704,1359040
10711,1310706,20446,1370763
10712,1312669,20429,1372116
10713,1305725,20152,1364506
10714,1305929,21369,1367130
10715,1312225,21462,1372539
10716,1303392,20760,1362966
10717,1309651,20316,1369263
10718,1316744,20799,1376208
10719,1308484,22145,1369166
10720,1311465,20590,1370834
10721,1306929,20295,1365446
10722,1313484,20889,1372113
10723,1300762,21735,1360756
10724,1306892,20162,1365609
10725,1308077,20145,1366147
10726,1314539,22831,1377870
10727,1305892,20461,1367112
10728,1299540,21215,1358884
10729,1313502,20179,1372237
10730,1314558,21106,1374738
10731,1307114,20348,1365924
10732,1302170,21361,1360123
10733,1309651,20325,1368698
10734,1312651,21141,1371180
10735,1308077,20438,1366292
10736,1306429,20291,1364664
10737,1306521,21433,1366547
10738,1306243,20953,1365381
10739,1311484,20084,1370993
10740,1309522,20381,1368531
10741,1305929,21635,1366026
10742,1307059,20710,1366157
10743,1311114,20377,1370880
10744,1312484,20175,1371825
10745,1303244,20472,1361549
10746,1306503,21263,1364580
10747,1315150,24431,1379525
10748,1307170,20172,1365934
10749,1315428,20377,1375046
10750,1303280,21668,1364170
10751,1318336,20206,1378078
10752,1335614,20262,1397487
10753,1310706,19893,1370340
10754,1309188,20042,1366767
10755,1302744,20981,1362780
10756,1307188,20167,1366448
10757,1319373,21020,1379893
10758,1311817,20910,1372450
10759,1301465,21145,1360870
10760,1304632,20387,1363723
10761,1311003,20981,1371798
10762,1307632,20426,1368299
10763,1312096,20353,1371448
10764,1298429,22144,1361554
10765,1312985,20330,1374184
10766,1307688,20276,1368056
10767,1313059,20666,1372501
10768,1298837,21123,1358311
10769,1307466,20198,1366089
10770,1311503,20181,1369275
10771,1307040,22478,1369202
10772,1306651,20405,1366296
10773,1298688,21436,1359013
10774,1313225,20474,1373754
10775,1317410,20587,1378181
10776,1308762,20273,1368757
10777,1302466,21415,1361084
10778,1311632,20639,1371530
10779,1308280,20195,1367253
10780,1302744,20196,1360606
10781,1311688,21049,1372903
10782,1303910,21507,1363935
10783,1315373,20119,1375769
10784,1307910,20675,1367937
10785,1308021,20084,1369271
10786,1303466,21560,1363673
10787,1308299,20579,1368230
10788,1309133,20099,1367471
10789,1304892,20303,1364009
10790,1304632,20249,1362659
10791,1302021,21651,1361579
10792,1307837,21133,1367599
10793,1305003,20264,1364137
10794,1300058,20191,1357953
10795,1303003,21519,1363391
10796,1316577,20779,1377448
10797,1304688,20761,1364819
10798,1305466,20281,1363857
10799,1379168,21078,1444339
10800,1313244,21814,1375853
10801,1305651,20426,1365465
10802,1309522,20260,1369596
10803,1310632,20150,1370874
10804,1304948,21755,1365906
10805,1311540,20719,1369574
10806,1314929,20461,1375852
10807,1309910,20555,1370428
10808,1317539,21019,1378780
10809,1302133,21680,1364293
10810,1313281,20366,1372868
10811,1307151,20775,1367370
10812,1307485,21646,1368167
10813,1300225,21548,1360143
10814,1314466,20271,1373884
10815,1304447,20365,1363478
10816,1312021,21421,1372887
10817,1307077,20737,1367480
10818,1298132,22695,1359104
10819,1305225,20381,1363531
10820,1315021,20511,1374310
10821,1309577,20235,1367885
10822,1298355,21803,1357602
10823,1310318,21101,1370381
10824,1307243,25083,1371178
10825,1302947,20436,1361883
10826,1323873,20678,1385698
10827,1311280,21505,1372286
10828,1315910,20266,1374657
10829,1305318,20230,1363584
10830,1303021,20490,1361641
10831,1301577,21614,1360172
10832,1301818,20467,1359173
10833,1306299,20246,1364915
10834,1300299,20173,1358860
10835,1306540,20285,1364343
10836,1298984,21131,1357689
10837,1308170,21206,1367764
10838,1302651,20281,1361043
10839,1303299,20153,1361581
10840,1304429,21166,1363835
10841,1310114,21074,1369725
10842,1308373,20242,1367503
10843,1303799,20650,1362653
10844,1310336,20448,1369728
10845,1306651,21627,1367778
10846,1315743,20888,1376742
10847,1310947,20352,1369502
10848,1322558,20630,1383336
10849,1318743,21532,1382423
10850,1324947,20311,1386869
10851,1314521,20460,1374870
10852,1314410,20202,1374482
10853,1310984,21351,1371539
10854,1306262,21512,1366366
10855,1311651,20198,1371238
10856,1310984,20292,1368091
10857,1305132,20867,1364592
10858,1303429,22102,1362568
10859,1313818,20085,1374383
10860,1310262,20364,1368422
10861,1317484,20217,1376719
10862,1312169,20199,1370442
10863,1300929,21527,1359677
10864,1306799,20269,1364901
10865,1314484,20455,1374698
10866,1316947,20530,1376754
10867,1300818,21932,1361231
10868,1309539,20692,1367713
10869,1317576,20804,1377455
10870,1311688,20768,1369696
10871,1309892,20306,1368475
10872,1391390,21727,1467098
10873,1384039,21450,1454414
10874,1332798,20210,1395360
10875,1325836,20711,1386436
10876,1316096,21650,1376986
10877,1318873,20503,1378598
10878,1319688,21245,1380154
10879,1308911,20524,1367804
10880,1312837,20302,1372749
10881,1303225,21815,1363855
10882,1309244,20409,1367708
10883,1308558,20503,1367079
10884,1306466,20170,1365562
10885,1301892,21720,1361834
10886,1309891,20258,1368927
10887,1314855,20722,1375076
10888,1310132,20205,1368948
10889,1312706,20521,1372227
10890,1315336,21682,1376073
10891,1312614,20424,1372204
10892,1307539,20813,1367038
10893,1312410,20148,1372280
10894,1308058,21624,1368959
10895,1337354,20680,1401738
10896,1330484,20255,1391961
10897,1326225,20534,1387296
10898,1319373,20313,1379223
10899,1302040,21733,1361940
10900,1311706,20401,1369348
10901,1312614,20384,1372108
10902,1306410,20144,1364239
10903,1305337,21879,1363770
10904,1307281,20510,1365234
10905,1314725,20418,1373791
10906,1309281,20382,1367218
10907,1306503,20791,1366108
10908,1304132,22118,1363565
10909,1313762,20323,1373548
10910,1307133,20417,1366660
10911,1306817,20510,1365476
10912,1304948,23209,1365878
10913,1311762,20043,1371823
10914,1326318,21266,1389416
10915,1325095,20915,1386269
10916,1310151,20564,1369567
10917,1309077,21726,1370654
10918,1324114,21079,1386155
10919,1322428,20394,1382711
10920,1309799,20155,1369472
10921,1311873,21371,1372818
10922,1315854,20502,1376301
10923,1310003,20392,1369598
10924,1313391,20634,1373210
10925,1312670,20153,1372174
10926,1302947,21703,1364594
10927,1307539,20352,1366595
10928,1310781,20298,1368911
10929,1304947,20188,1363672
10930,1294521,21386,1353796
10931,1310428,20239,1369186
10932,1314818,20110,1373520
10933,1308836,20222,1369502
10934,1317299,21038,1377226
10935,1302003,21625,1362850
10936,1313799,20163,1373091
10937,1304614,20294,1362963
10938,1307706,21258,1367390
10939,1310484,21382,1369125
10940,1306726,21031,1366515
10941,1309002,20254,1367627
10942,1307910,20792,1366943
10943,1315780,20219,1375870
10944,1296447,21862,1355828
10945,1312558,20770,1372662
10946,1324299,20660,1385403
10947,1308577,20050,1367608
10948,1308114,22193,1368362
10949,1318799,20435,1379029
10950,1313021,20491,1372234
10951,1309744,20344,1368291
10952,1307058,20382,1367033
10953,1301929,20969,1360490
10954,1309299,20563,1368287
10955,1309762,20286,1368437
10956,1313151,20287,1372845
10957,1304392,21559,1363488
10958,1308114,20764,1366007
10959,1305410,20339,1364193
10960,1309188,20174,1368398
10961,1301059,20489,1359696
10962,1301984,21243,1362116
10963,1313743,20096,1374339
10964,1309670,20134,1369507
10965,1304522,20617,1363508
10966,1307929,21333,1366465
10967,1552759,23631,1650815
10968,1569833,23483,1665204
10969,1520055,23077,1612817
10970,1560888,24430,1653781
10971,1506204,25924,1598257
10972,1530963,24018,1624610
10973,1579185,23223,1670296
10974,1540908,24150,1636001
10975,1527797,27237,1618718
10976,1528648,23293,1620922
10977,1588666,24239,1691015
10978,1554796,24962,1650554
10979,1569333,22333,1663221
10980,1470556,24698,1559050
10981,1583592,24088,1678735
10982,1622944,22885,1724235
10983,1508334,24257,1600405
10984,1514519,25733,1608232
10985,1559296,24289,1658751
10986,1448335,23716,1532958
10987,1348336,20569,1413441
10988,1356577,21144,1424276
10989,1321706,21287,1384456
10990,1335780,20547,1399271
10991,1348984,21511,1416550
10992,1339021,20623,1402810
10993,1324003,22173,1387601
10994,1335206,20619,1398269
10995,1316855,20768,1377678
10996,1314854,20676,1376382
10997,1313206,20437,1375309
10998,1307614,21228,1367730
10999,1314243,20562,1375194
11000,1311873,20193,1372547
11001,1306651,20138,1366363
11002,1306447,21540,1366913
11003,1311948,20300,1371710
11004,1308558,20153,1368007
11005,1306169,20247,1365582
11006,1307114,20248,1365194
11007,1307854,21187,1369282
11008,1313669,20410,1374820
11009,1304595,20318,1362302
11010,1318965,20764,1379303
11011,1305410,21573,1366649
11012,1313614,20296,1373373
11013,1314132,20834,1374170
11014,1314799,20372,1374856
11015,1307318,20633,1367913
11016,1306391,21498,1364759
11017,1318669,20665,1378593
11018,1310540,20481,1370094
11019,1307818,20630,1366281
11020,1301632,21162,1358775
11021,1306928,20959,1365998
11022,1309614,20553,1367481
11023,1307188,20035,1365649
11024,1307947,20240,1365502
11025,1306484,21605,1366663
11026,1303577,20198,1362256
11027,1310503,20218,1368387
11028,1315299,20756,1375054
11029,1307874,21362,1368716
11030,1318133,20159,1377087
11031,1310114,20197,1369829
11032,1527056,22346,1619771
11033,1574185,22495,1671883
11034,1514685,24082,1605952
11035,1559296,24713,1662878
11036,1512593,24621,1605251
11037,1585518,25308,1689436
11038,1442927,26006,1525228
11039,1452075,23210,1538137
11040,1445094,23119,1527471
11041,1438946,22675,1520269
11042,1429631,22547,1509436
11043,1399798,24875,1480876
11044,1432353,23320,1514136
11045,1435650,22340,1517451
11046,1435427,23970,1519360
11047,1412983,24613,1493410
11048,1638314,27484,1743149
11049,1580240,23078,1676003
11050,1582889,23375,1674781
11051,1559185,22821,1656023
11052,1535185,25704,1628185
11053,1525149,23538,1617871
11054,1618073,23854,1724797
11055,1471204,21189,1554318
11056,1434242,23739,1513258
11057,1453150,21999,1533796
11058,1441779,22704,1521241
11059,1443539,22075,1522872
11060,1429408,20928,1506577
11061,1400391,22885,1478312
11062,1448760,22516,1528591
11063,1433594,21739,1513962
11064,1696332,24851,1792534
11065,1499611,23346,1589697
11066,1583277,23236,1675938
11067,1574055,23941,1675958
11068,1533260,23460,1625033
11069,1568148,24757,1666312
11070,1463594,24863,1550659
11071,1601481,27697,1704696
11072,1475908,22587,1561328
11073,1446056,23181,1527144
11074,1412816,23861,1489936
11075,1428928,22621,1510418
11076,1437057,23585,1518993
11077,1443408,23512,1524531
11078,1437428,23272,1519032
11079,1408298,27933,1492045
11080,1450038,23656,1533453
11081,1695720,23417,1786581
11082,1578389,26084,1693490
11083,1536148,25042,1628078
11084,1507093,23672,1595987
11085,1395650,21136,1467804
11086,1347058,20489,1412565
11087,1334799,20583,1400103
11088,1340577,22966,1406765
11089,1333891,20967,1396377
11090,1331928,19987,1393396
11091,1333039,21469,1398860
11092,1326373,21668,1388892
11093,1324484,20243,1386578
11094,1316355,20299,1377635
11095,1312762,20337,1372766
11096,1313484,20357,1373100
11097,1307263,21037,1368002
11098,1311873,20593,1371429
11099,1308669,20242,1367022
11100,1311429,20780,1372097
11101,1317577,22423,1380573
11102,1314484,20331,1375315
11103,1312818,20777,1374538
11104,1320540,20574,1381947
11105,1309725,20316,1369485
11106,1299892,21866,1360239
11107,1308725,20497,1368832
11108,1316281,20738,1377518
11109,1313762,20443,1373871
11110,1300855,21493,1359477
11111,1318058,20290,1377756
11112,1314318,20717,1374164
11113,1307188,20311,1365924
11114,1307928,20405,1366351
11115,1303577,21381,1362661
11116,1316077,20956,1376347
11117,1313262,20216,1372607
11118,1316577,20643,1377053
11119,1303188,22026,1363399
11120,1305632,20546,1365400
11121,1307669,20102,1366827
11122,1307614,21640,1367661
11123,1309817,20123,1368829
11124,1308688,21673,1369583
11125,1313836,20248,1373361
11126,1322336,21045,1383807
11127,1312410,20269,1372364
11128,1303892,21208,1362099
11129,1311022,20431,1371822
11130,1312114,20839,1371305
11131,1311132,20785,1369880
11132,1309096,20619,1367918
11133,1305207,21317,1364968
11134,1301021,21003,1359339
11135,1308410,20801,1368748
11136,1311336,20135,1370897
11137,1304318,21093,1362799
11138,1308651,21723,1369948
11139,1308411,20150,1366171
11140,1304225,20096,1363005
11141,1307429,20689,1367006
11142,1302317,21295,1361371
11143,1312669,21444,1374131
11144,1306188,20667,1364410
11145,1311077,21113,1370689
11146,1301151,21459,1361091
11147,1310503,20367,1368944
11148,1306466,20128,1364760
11149,1303225,20092,1361650
11150,1310355,20278,1369336
11151,1299336,21106,1358497
11152,1308485,20903,1367554
11153,1313243,20052,1372536
11154,1306133,20331,1364648
11155,1306225,21492,1366402
11156,1373076,20975,1442069
11157,1327040,20365,1389941
11158,1321095,20292,1380294
11159,1379669,21015,1445053
11160,1320688,21861,1384067
11161,1318243,20529,1378920
11162,1312466,20826,1372865
11163,1327428,20846,1392255
11164,1325595,22544,1387694
11165,1323169,20156,1382640
11166,1308522,20694,1366919
11167,1312503,20788,1374271
11168,1311150,19900,1369328
11169,1303484,21579,1363452
11170,1312299,20840,1372212
11171,1314910,20100,1375787
11172,1315003,20490,1375233
11173,1304522,21484,1363968
11174,1315725,20337,1374469
11175,1304133,19931,1362693
11176,1315132,20395,1373638
11177,1312244,21211,1374231
11178,1311465,21353,1372522
11179,1314595,20354,1374486
11180,1312873,20300,1372172
11181,1307299,20171,1367655
11182,1298836,21369,1357705
11183,1314632,20593,1373817
11184,1320558,20483,1381374
11185,1310910,20243,1370967
11186,1315762,20651,1375802
11187,1313077,21535,1373833
11188,1313651,20443,1374371
11189,1312651,20203,1372835
11190,1306299,20908,1366762
11191,1306373,21847,1368720
11192,1313336,20237,1371961
11193,1308040,20738,1367574
11194,1305448,20591,1365908
11195,1322781,20536,1383798
11196,1307966,22253,1368922
11197,1319651,20698,1381423
11198,1314114,20773,1373813
11199,1308448,20145,1368351
11200,1304410,20954,1363845
11201,1313225,20307,1373365
11202,1310558,20956,1372033
11203,1305484,20365,1364311
11204,1303540,21088,1363831
11205,1305947,22193,1367788
11206,1302077,20120,1360678
11207,1302152,20158,1360735
11208,1309854,20585,1369643
11209,1302022,22117,1362971
11210,1305947,20099,1364602
11211,1315650,20637,1375547
11212,1314207,20490,1374641
11213,1317169,20102,1376734
11214,1304428,22245,1365173
11215,1312132,20265,1371008
11216,1311781,21303,1371620
11217,1314633,20341,1374102
11218,1334021,21835,1398504
11219,1321003,20318,1382024
11220,1321225,20448,1381580
11221,1316262,20375,1376415
11222,1313243,20543,1372453
11223,1309373,21482,1370725
11224,1312243,20168,1373374
11225,1310448,20262,1370375
11226,1305169,20152,1365858
11227,1306466,21368,1367130
11228,1306854,20444,1366687
11229,1309003,20667,1369632
11230,1308985,20260,1367152
11231,1303799,20669,1363190
11232,1309577,21108,1368832
11233,1310522,20609,1370500
11234,1310503,20591,1369001
11235,1310985,20407,1372280
11236,1311410,21513,1371219
11237,1317891,21143,1378349
11238,1316799,20311,1376498
11239,1310595,20182,1370777
11240,1314669,21369,1375575
11241,1327725,22159,1392643
11242,1318947,20642,1379051
11243,1311206,20198,1371682
11244,1311522,22903,1373646
11245,1301207,20842,1362233
11246,1314892,21473,1375456
11247,1317355,20252,1380013
11248,1311003,20271,1371107
11249,1312669,20587,1373589
11250,1306965,21489,1367324
11251,1308577,20305,1368585
11252,1298800,20213,1357012
11253,1313874,20547,1374216
11254,1299891,21672,1359137
11255,1307780,20302,1366953
11256,1305206,20711,1363843
11257,1314725,20656,1375788
11258,1311632,20398,1371270
11259,1298929,21874,1359913
11260,1313595,20634,1374451
11261,1309429,20524,1370082
11262,1308373,20451,1367231
11263,1295447,22279,1355115
11264,1472353,25372,1558632
11265,1347539,20707,1414838
11266,1401020,21763,1475487
11267,1335836,20394,1401322
11268,1317688,21537,1380057
11269,1317595,20778,1380947
11270,1315058,20261,1375911
11271,1315725,20206,1376801
11272,1309836,22367,1372999
11273,1313374,20017,1373834
11274,1322040,19999,1382816
11275,1315299,20370,1377502
11276,1313651,20205,1373207
11277,1309522,21625,1370813
11278,1317262,21423,1379943
11279,1313947,20127,1374667
11280,1311818,20184,1371760
11281,1308558,21512,1368477
11282,1312243,20568,1371404
11283,1308151,20254,1367553
11284,1307169,20644,1366813
11285,1307225,20294,1365907
11286,1312521,21825,1374642
11287,1336224,20696,1399180
11288,1314077,20660,1375700
11289,1320280,20569,1381330
11290,1301799,21434,1362066
11291,1315929,20879,1376178
11292,1319280,21288,1381642
11293,1309521,20678,1370161
11294,1312244,20271,1371422
11295,1307633,21766,1367824
11296,1309780,20915,1370510
11297,1306595,20045,1365344
11298,1313095,20898,1372586
11299,1312281,21652,1374765
11300,1311873,20060,1371618
11301,1310707,20636,1370508
11302,1313669,20174,1373417
11303,1318744,20934,1380677
11304,1310207,21725,1370820
11305,1308059,20189,1367765
11306,1311836,20227,1370822
11307,1314540,20209,1374619
11308,1307039,21296,1366669
11309,1312614,20149,1372151
11310,1316632,20261,1375523
11311,1316169,20448,1377746
11312,1315632,20337,1376340
11313,1307892,21591,1368519
11314,1314522,19981,1373039
11315,1313243,20464,1373262
11316,1307040,20131,1366022
11317,1300170,21089,1358425
11318,1306503,20201,1364388
11319,1310262,20535,1369519
11320,1317040,20314,1376687
11321,1317114,20519,1377447
11322,1302336,21698,1361719
11323,1312169,20588,1373479
11324,1340225,21015,1402647
11325,1309502,20424,1370537
11326,1301929,21474,1361235
11327,1316577,21104,1378533
11328,1313651,21291,1374219
11329,1304595,20384,1364905
11330,1308874,20867,1369017
11331,1305521,21694,1365215
11332,1310873,21029,1370809
11333,1307077,20085,1367199
11334,1310744,20679,1370496
11335,1304688,21229,1365287
11336,1308762,20415,1367973
11337,1307300,20324,1367085
11338,1313114,21103,1372457
11339,1310244,20789,1370865
11340,1305688,21728,1366656
11341,1314855,22303,1377805
11342,1308633,20304,1368547
11343,1307003,20138,1366548
11344,1297299,21855,1357376
11345,1312836,20708,1373543
11346,1385261,20246,1464802
11347,1565148,22265,1671023
11348,1536185,22192,1626914
11349,1475927,25242,1565927
11350,1567074,23595,1663057
11351,1532815,22374,1627429
11352,1568870,25560,1666263
11353,1501594,25406,1593777
11354,1527408,22815,1621888
11355,1536500,24483,1631556
11356,1575222,26243,1674853
11357,1598000,23133,1695631
11358,1504371,24090,1595534
11359,1567037,24647,1662738
11360,1556370,23111,1649480
11361,1580296,24204,1683388
11362,1502981,24329,1590680
11363,1519593,22959,1611051
11364,1590796,24775,1687311
11365,1526204,24739,1622572
11366,1380835,21166,1451741
11367,1344150,22290,1411718
11368,1354540,20828,1421126
11369,1342447,20588,1407201
11370,1332799,21071,1395554
11371,1319595,21639,1382679
11372,1324873,20159,1387032
11373,1316077,20697,1378459
11374,1310300,20643,1369737
11375,1318706,20310,1379331
11376,1303670,21694,1363048
11377,1310151,20398,1370234
11378,1309725,20566,1369605
11379,1318077,20437,1379736
11380,1304262,22136,1365101
11381,1312873,20174,1373287
11382,1315614,20989,1375103
11383,1312392,20379,1372715
11384,1309928,20066,1369901
11385,1319280,21579,1381859
11386,1313762,20450,1374100
11387,1310799,20377,1371787
11388,1318373,20174,1380213
11389,1308873,21761,1370208
11390,1307243,20373,1367228
11391,1313262,20689,1372988
11392,1316762,20061,1375767
11393,1313928,20543,1375360
11394,1304669,21667,1364707
11395,1319410,21020,1381078
11396,1312614,20743,1374209
11397,1309670,20300,1369395
11398,1300725,21554,1359445
11399,1310855,20536,1372705
11400,1320706,19963,1380651
11401,1309076,20335,1369763
11402,1315058,20558,1376838
11403,1310743,21386,1371777
11404,1307428,20313,1366945
11405,1311688,20221,1372538
11406,1314817,20018,1375317
11407,1303021,21846,1364756
11408,1313465,20458,1373442
11409,1308595,21385,1370684
11410,1307910,20146,1367518
11411,1306281,20443,1365630
11412,1303299,21197,1363718
11413,1323632,20642,1385663
11414,1306614,20180,1365775
11415,1310540,20329,1369220
11416,1310040,21676,1371937
11417,1322651,20528,1384290
11418,1310484,20363,1370328
11419,1312577,20623,1373237
11420,1312485,20124,1370701
11421,1301040,21119,1361066
11422,1310299,20786,1370622
11423,1311910,20287,1371493
11424,1309577,20511,1368587
11425,1302132,21746,1362470
11426,1316762,20617,1375379
11427,1306151,20396,1366139
11428,1310447,20971,1370140
11429,1313743,21028,1374104
11430,1302151,21430,1360802
11431,1308688,20912,1368674
11432,1309243,20246,1367693
11433,1307207,20692,1367102
11434,1309133,22390,1369411
11435,1308892,20539,1367949
11436,1308929,20188,1367135
11437,1323114,20615,1383210
11438,1320725,20709,1380507
11439,1301465,22037,1362539
11440,1310688,20464,1369744
11441,1311114,20224,1371652
11442,1306392,20558,1365561
11443,1296447,21312,1356185
11444,1309725,20609,1374871
11445,1591833,22666,1689998
11446,1585259,25278,1683388
11447,1512093,21316,1599945
11448,1569166,26588,1664680
11449,1504556,22664,1596719
11450,1592406,25220,1686941
11451,1445724,21054,1525907
11452,1427890,23105,1510513
11453,1441057,21883,1521847
11454,1448575,21440,1529088
11455,1434964,21608,1515460
11456,1450205,22349,1532424
11457,1412335,23010,1491345
11458,1449094,21326,1529364
11459,1437909,21161,1519495
11460,1614925,25143,1716327
11461,1521426,25693,1612563
11462,1589258,23472,1687008
11463,1528741,22936,1626676
11464,1580740,24011,1690102
11465,1514667,23957,1608438
11466,1493167,27451,1592043
11467,1533741,22915,1625155
11468,1465779,23712,1548546
11469,1428705,24473,1511677
11470,1430446,25819,1513097
11471,1453242,22857,1535765
11472,1431409,22580,1511118
11473,1443946,23729,1527637
11474,1440316,23879,1522379
11475,1413780,24503,1492115
11476,1433872,22189,1512523
11477,1597814,24597,1697614
11478,1593388,23858,1692967
11479,1523260,26167,1614463
11480,1558092,23446,1652408
11481,1566815,22484,1670483
11482,1506482,22281,1599818
11483,1611721,23152,1716725
11484,1434761,22666,1513036
11485,1448445,22333,1531371
11486,1444001,21242,1522520
11487,1438076,22187,1520021
11488,1403538,23552,1482590
11489,1439890,22109,1519868
11490,1434946,21498,1513851
11491,1434409,22944,1518870
11492,1434853,21500,1513538
11493,1555907,24125,1653438
11494,1601777,22996,1698883
11495,1581092,25182,1678385
11496,1502593,23424,1591961
11497,1369446,23678,1440790
11498,1350502,20771,1416680
11499,1353557,20606,1420126
11500,1354280,22051,1422719
11501,1344243,20571,1408887
11502,1333058,21750,1397345
11503,1336021,20233,1398550
11504,1329151,20271,1391717
11505,1317391,20753,1378552
11506,1314762,22192,1375861
11507,1319984,20471,1380177
11508,1313243,20120,1371715
11509,1321373,20862,1382846
11510,1311707,20363,1372273
11511,1305151,21765,1364212
11512,1313058,20247,1372824
11513,1314225,20823,1374825
11514,1307206,20509,1365585
11515,1307262,21300,1366395
11516,1323373,20264,1382729
11517,1312373,20079,1371878
11518,1313169,20784,1373231
11519,1369688,21155,1432564
11520,1315391,21483,1376671
11521,1312577,20670,1372172
11522,1316632,20282,1374877
11523,1321169,21357,1382340
11524,1309910,21907,1370854
11525,1310929,20278,1370077
11526,1317040,20353,1377467
11527,1314299,20706,1374023
11528,1313429,20022,1372284
11529,1302725,21628,1361926
11530,1314521,20499,1373112
11531,1321929,20593,1382484
11532,1305577,21927,1365448
11533,1300466,21866,1359850
11534,1310892,20237,1370480
11535,1303558,20627,1363722
11536,1307540,20702,1367427
11537,1313021,20222,1372724
11538,1301318,21420,1360719
11539,1306114,20551,1365497
11540,1309355,20385,1368943
11541,1309392,20405,1367629
11542,1301911,21566,1361179
11543,1308873,20437,1367625
11544,1313040,20568,1372829
11545,1305188,20384,1363701
11546,1309966,20329,1369461
11547,1309725,22120,1370937
11548,1316688,20862,1377716
11549,1307651,20326,1367161
11550,1307743,20438,1367588
11551,1308151,21432,1367101
11552,1320207,20804,1382046
11553,1308873,20193,1368307
11554,1309818,20417,1369456
11555,1311818,20399,1371346
11556,1304725,21190,1365229
11557,1312114,20432,1372397
11558,1309744,20433,1369861
11559,1308966,20323,1368195
11560,1302188,21169,1360746
11561,1314336,20466,1374302
11562,1303447,20764,1363544
11563,1314706,20487,1375952
11564,1326132,21173,1388009
11565,1309577,21908,1369818
11566,1308873,20428,1368819
11567,1312077,20725,1371061
11568,1318540,20578,1378136
11569,1308540,22017,1368112
11570,1308095,20814,1368428
11571,1307077,20315,1366151
11572,1312188,20687,1372022
11573,1313558,20151,1371912
11574,1298669,21293,1357407
11575,1305355,20239,1364000
11576,1308539,20407,1366927
11577,1304707,20093,1362725
11578,1300966,21476,1360664
11579,1316614,20347,1376794
11580,1306058,20182,1363388
11581,1317169,20294,1376000
11582,1310095,20202,1369427
11583,1301003,21567,1359903
11584,1306262,20346,1365404
11585,1317170,20162,1377405
11586,1330373,20774,1394332
11587,1318318,22176,1381030
11588,1316132,20677,1375642
11589,1316465,20752,1376514
11590,1309762,20642,1369181
11591,1305707,20402,1364534
11592,1305373,21304,1365306
11593,1313762,20731,1373937
11594,1326188,20677,1387234
11595,1309354,20640,1369087
11596,1314150,22228,1375915
11597,1311114,20599,1371046
11598,1317688,20563,1380195
11599,1313336,20249,1373270
11600,1315577,20343,1374401
11601,1309633,21615,1368543
11602,1318096,21116,1378989
11603,1305447,20210,1363638
11604,1305799,20359,1365250
11605,1310447,21557,1369559
11606,1314225,20928,1376079
11607,1313484,19985,1372950
11608,1310799,20171,1369822
11609,1395835,20802,1468173
11610,1364002,23056,1434705
11611,1332855,20316,1396077
11612,1318947,20169,1380356
11613,1330280,21151,1392931
11614,1310688,22127,1373130
11615,1317743,20110,1376853
11616,1316077,20703,1376409
11617,1312502,20630,1370725
11618,1313225,20335,1372819
11619,1306484,21996,1366499
11620,1306503,20201,1366333
11621,1311707,20554,1369982
11622,1305559,20518,1364631
11623,1308096,21309,1366792
11624,1317947,20328,1378386
11625,1313447,21385,1374091
11626,1312262,20367,1371925
11627,1305244,20368,1365463
11628,1303021,22140,1363513
11629,1309280,20290,1368144
11630,1320318,20124,1381571
11631,1315114,20384,1374683
11632,1300836,22249,1360548
11633,1315521,20509,1373938
11634,1313021,21251,1372753
11635,1309984,20419,1369421
11636,1309929,20179,1368737
11637,1306836,21488,1366620
11638,1308262,24656,1371251
11639,1303521,21213,1363678
11640,1307873,20288,1366031
11641,1305521,21486,1364285
11642,1316225,20376,1375730
11643,1309503,21303,1370564
11644,1309410,20267,1369491
11645,1306892,20934,1366122
11646,1305781,21910,1365024
11647,1304133,21393,1362618
11648,1309836,20783,1370137
11649,1309133,20136,1367620
11650,1305540,21241,1365651
11651,1314836,20890,1375171
11652,1308058,20151,1366523
11653,1304169,21022,1364858
11654,1315743,20634,1374229
11655,1313133,21740,1374909
11656,1327502,20537,1388928
11657,1310928,20223,1370763
11658,1311021,20317,1370560
11659,1309317,21071,1369629
11660,1306503,20442,1365630
11661,1310095,20517,1368538
11662,1315410,20315,1375113
11663,1314632,20482,1374281
11664,1299521,21273,1358016
11665,1338540,20681,1398554
11666,1310633,20479,1370629
11667,1310725,20295,1368852
11668,1303373,21289,1362384
11669,1321021,20235,1380366
11670,1307744,20347,1366256
11671,1306595,21125,1365369
11672,1303114,20312,1361425
11673,1297891,20991,1355624
11674,1304818,20566,1363921
11675,1309854,19956,1367329
11676,1306540,20402,1366812
11677,1310299,22044,1370991
11678,1303911,20249,1362196
11679,1305688,20065,1364327
11680,1310577,20585,1371235
11681,1309465,20197,1370125
11682,1301688,21376,1360657
11683,1314651,20748,1375065
11684,1310355,20415,1369788
11685,1300651,20102,1358493
11686,1306151,21170,1365728
11687,1313522,20690,1372562
11688,1302818,20395,1361341
11689,1305669,20321,1364861
11690,1312596,20156,1371528
11691,1300633,21928,1361097
11692,1307503,20633,1366746
11693,1304354,20356,1364136
11694,1309558,20857,1369489
11695,1298985,21574,1358521
11696,1308299,20445,1367614
11697,1308799,20817,1367449
11698,1305133,20169,1364172
11699,1301577,20189,1358432
11700,1302040,21758,1361316
11701,1315799,20259,1376039
11702,1305317,20389,1364355
11703,1309540,20779,1368818
11704,1302744,21237,1362017
11705,1307891,21126,1366833
11706,1303577,20072,1363389
11707,1306688,20480,1365594
11708,1329206,20204,1393798
11709,1316910,21735,1381145
11710,1317095,20421,1375979
11711,1311781,20478,1371591
11712,1314021,20238,1374426
11713,1307392,21492,1367050
11714,1315355,20086,1374958
11715,1311854,20679,1369922
11716,1314355,20180,1373868
11717,1308392,20700,1366758
11718,1304873,21454,1363660
11719,1314317,20473,1373179
11720,1305800,20678,1364902
11721,1304966,20808,1362774
11722,1301744,21729,1360879
11723,1306558,20748,1365603
11724,1306299,19879,1363567
11725,1309077,20102,1367197
11726,1572333,23751,1666472
11727,1507926,25487,1598153
11728,1508964,23932,1606172
11729,1607758,23137,1701320
11730,1569981,22656,1663655
11731,1465427,24651,1554484
11732,1615685,23300,1713909
11733,1536686,23171,1631485
11734,1561092,25487,1658931
11735,1570055,24655,1664524
11736,1515186,31186,1613890
11737,1558074,24169,1653186
11738,1590574,23226,1683798
11739,1527556,23708,1619504
11740,1523204,24888,1615406
11741,1594036,24889,1691739
11742,1522297,22131,1615963
11743,1563240,23372,1658056
11744,1568277,23077,1663705
11745,1425779,23923,1505017
11746,1372354,20721,1440741
11747,1350965,20814,1419464
11748,1340243,20963,1405817
11749,1321354,22088,1385368
11750,1333799,21144,1398757
11751,1324206,20182,1386351
11752,1322188,20961,1381834
11753,1317965,20425,1377557
11754,1305540,21697,1366626
11755,1313151,20495,1372534
11756,1322688,20496,1382757
11757,1315466,20830,1375999
11758,1306651,21602,1367845
11759,1313373,20214,1372402
11760,1315150,20808,1375625
11761,1307818,21161,1368774
11762,1306688,20162,1365720
11763,1309707,21027,1370251
11764,1314373,20954,1376678
11765,1307947,19973,1367124
11766,1307410,20252,1367236
11767,1312632,21487,1374230
11768,1308873,20118,1368657
11769,1311058,19989,1369547
11770,1309966,20324,1369863
11771,1309966,20751,1368697
11772,1307596,21227,1367618
11773,1316614,20357,1376322
11774,1309577,20266,1368824
11775,1309114,20044,1368973
11776,1330799,21298,1392448
11777,1312539,20392,1371727
11778,1305077,20115,1365062
11779,1312076,20024,1372211
11780,1317910,20432,1378360
11781,1312095,21630,1372669
11782,1318873,20279,1379615
11783,1308836,20188,1368912
11784,1311485,20855,1372228
11785,1309540,21961,1371871
11786,1313633,20092,1374112
11787,1313892,20870,1373947
11788,1315391,20816,1375466
11789,1313503,20206,1372227
11790,1300077,21830,1360795
11791,1307022,20109,1365389
11792,1314373,21054,1373649
11793,1314169,20240,1374780
11794,1312725,21735,1375404
11795,1313873,20199,1373553
11796,1313225,20478,1373073
11797,1302929,20386,1361981
11798,1309762,20332,1368964
11799,1302077,21641,1361977
11800,1313966,20253,1372070
11801,1308355,20161,1366793
11802,1305003,20533,1364628
11803,1298818,21305,1357937
11804,1308188,20214,1367123
11805,1313447,20770,1371735
11806,1312133,20382,1372496
11807,1312336,20661,1371830
11808,1301281,21693,1360491
11809,1312744,20990,1373363
11810,1319355,20787,1380215
11811,1306688,20122,1364328
11812,1300984,21246,1359193
11813,1309707,20950,1368879
11814,1304966,19840,1362417
11815,1299077,20249,1357214
11816,1300096,20139,1358900
11817,1301614,21170,1360950
11818,1315225,20912,1375692
11819,1311873,20154,1371434
11820,1312225,20081,1371250
11821,1308947,21020,1370040
11822,1313762,20872,1374097
11823,1313003,20318,1373394
11824,1313485,20208,1374136
11825,1308114,20598,1367952
11826,1303910,21185,1363335
11827,1318799,20278,1377966
11828,1310281,20131,1369152
11829,1311003,20521,1370079
11830,1311799,21479,1372888
11831,1314485,20535,1373593
11832,1306225,20110,1364779
11833,1306929,20667,1364688
11834,1308096,20112,1366096
11835,1299744,21311,1358646
11836,1306280,20849,1365851
11837,1310317,20072,1369241
11838,1308503,20221,1366946
11839,1304373,21697,1364496
11840,1307595,20476,1367200
11841,1303355,20329,1361183
11842,1307743,20237,1366277
11843,1304428,21294,1363741
11844,1298947,21362,1358439
11845,1311558,20215,1369180
11846,1304003,20012,1362033
11847,1312873,20551,1373257
11848,1311058,21786,1371844
11849,1307780,20416,1366252
11850,1308854,20603,1368383
11851,1308687,20604,1366162
11852,1309688,20253,1367940
11853,1297281,21044,1355065
11854,1317225,20674,1376547
11855,1310447,20379,1369029
11856,1357391,20269,1423437
11857,1508760,23560,1600633
11858,1580221,24061,1675059
11859,1562148,23821,1655838
11860,1623017,23433,1718394
11861,1511019,21916,1599137
11862,1571277,23984,1675316
11863,1486019,22226,1570911
11864,1469464,23060,1553320
11865,1427390,20672,1503710
11866,1424687,23667,1504853
11867,1440834,21464,1519298
11868,1435298,21225,1513521
11869,1429243,21744,1508448
11870,1446242,23449,1529542
11871,1410965,25110,1490296
11872,1640369,21555,1743442
11873,1570463,22556,1664537
11874,1578907,23187,1688760
11875,1516648,26348,1610737
11876,1527759,24349,1620682
11877,1592869,25684,1690608
11878,1514279,22185,1608591
11879,1607296,23334,1701795
11880,1440594,22976,1523570
11881,1443038,20848,1520200
11882,1433076,21978,1511387
11883,1440113,21239,1521054
11884,1396150,24085,1474160
11885,1426816,22938,1506402
11886,1437890,21735,1518532
11887,1429576,21533,1510237
11888,1431724,21367,1512534
11889,1703090,28417,1812803
11890,1562759,23603,1665176
11891,1606370,23660,1704066
11892,1555037,24013,1652567
11893,1482445,24415,1570933
11894,1547241,24582,1646063
11895,1561777,22972,1663027
11896,1507723,22232,1596565
11897,1451853,22048,1533438
11898,1421742,23802,1503895
11899,1442798,21451,1524304
11900,1439482,22100,1521305
11901,1449630,22583,1530657
11902,1400076,24207,1478689
11903,1437613,22467,1518338
11904,1438409,21913,1517802
11905,1638536,21469,1737708
11906,1568833,22785,1666876
11907,1541741,26057,1633520
11908,1522834,24207,1614947
11909,1422687,21596,1498764
11910,1356780,20820,1425044
11911,1321207,22222,1386242
11912,1349188,20500,1414169
11913,1346040,20742,1410003
11914,1327947,20132,1389338
11915,1332299,20596,1394987
11916,1310522,21424,1370963
11917,1317540,20166,1377409
11918,1317781,20185,1378336
11919,1320503,20168,1382059
11920,1308966,21570,1369276
11921,1319817,20145,1379147
11922,1313725,20368,1373537
11923,1311466,19999,1371075
11924,1312559,20518,1372298
11925,1309688,21272,1368941
11926,1315207,20606,1374349
11927,1320502,20792,1379961
11928,1306947,20256,1366185
11929,1308336,21584,1368476
11930,1312947,20919,1372865
11931,1309836,21271,1370052
11932,1306151,20606,1365701
11933,1319706,20533,1379924
11934,1311002,20898,1372011
11935,1319651,20158,1379919
11936,1314780,20159,1373198
11937,1313169,20160,1372736
11938,1306559,21247,1367453
11939,1317281,20118,1377380
11940,1313522,20268,1373937
11941,1312910,20509,1373197
11942,1314410,20214,1374624
11943,1306836,21320,1365952
11944,1315243,20284,1374027
11945,1310855,20118,1369417
11946,1315502,20656,1376529
11947,1316336,21762,1377431
11948,1313299,20318,1372672
11949,1305280,20153,1363711
11950,1312169,20580,1372712
11951,1308503,20673,1367935
11952,1301781,22001,1362392
11953,1311984,20835,1371282
11954,1308762,20818,1368709
11955,1342243,20800,1409006
11956,1317965,21813,1380186
11957,1326355,20481,1386465
11958,1314984,20278,1375484
11959,1315725,20668,1376208
11960,1320707,20392,1381746
11961,1314540,22108,1377166
11962,1319799,20480,1382667
11963,1312929,20462,1371113
11964,1313613,20500,1373428
11965,1313206,21698,1373664
11966,1319280,20218,1379646
11967,1316614,21200,1376443
11968,1319392,20553,1380241
11969,1307614,20277,1366427
11970,1310521,21419,1371718
11971,1310262,20791,1371441
11972,1310077,20384,1369627
11973,1309929,21015,1370610
11974,1298966,21602,1359308
11975,1319224,20159,1380383
11976,1313373,20956,1373717
11977,1306873,21235,1366163
11978,1349873,21347,1416941
11979,1321095,22897,1383899
11980,1316707,21194,1378363
11981,1323576,21584,1386290
11982,1319003,20437,1379550
11983,1300614,21709,1359952
11984,1313465,20673,1373564
11985,1322892,21063,1383991
11986,1312225,20379,1372029
11987,1311985,20565,1370827
11988,1317299,21763,1380006
11989,1313429,21042,1374970
11990,1309188,20506,1368823
11991,1311799,20748,1371454
11992,1309058,21502,1369856
11993,1316743,21095,1376709
11994,1313336,20485,1372747
11995,1307188,20542,1366600
11996,1308095,20728,1368452
11997,1300225,21871,1360632
11998,1308706,20464,1368004
11999,1313114,20576,1374745
12000,1311947,20651,1371969
12001,1313354,21998,1375833
12002,1321781,20295,1382390
12003,1315317,20407,1375521
12004,1310410,20130,1368059
12005,1317965,20446,1377356
12006,1339299,22089,1402609
12007,1315169,20183,1373963
12008,1312559,20498,1372519
12009,1323447,20370,1383687
12010,1307058,22049,1367718
12011,1311262,20421,1370553
12012,1303854,20737,1364258
12013,1311947,20627,1371592
12014,1314373,20554,1375537
12015,1302354,21437,1362050
12016,1305929,20549,1365292
12017,1308299,20698,1366552
12018,1309077,20310,1368313
12019,1302263,21064,1361789
12020,1305299,20917,1366216
12021,1306836,20511,1366180
12022,1311966,20530,1371199
12023,1312540,20327,1371848
12024,1313743,21618,1375991
12025,1320243,20638,1381455
12026,1317280,20417,1377215
12027,1319818,21010,1380846
12028,1301929,21634,1362248
12029,1314985,20413,1373545
12030,1314299,20877,1375398
12031,1308040,20341,1366806
12032,1302688,20509,1361993
12033,1309318,22114,1370783
12034,1318299,21226,1379858
12035,1309040,20209,1368767
12036,1304428,20210,1364583
12037,1308817,21167,1369262
12038,1311892,20872,1372078
12039,1313854,20318,1373116
12040,1304169,20689,1363432
12041,1308595,21375,1368007
12042,1303040,21462,1364335
12043,1315428,20871,1375188
12044,1305725,20353,1365115
12045,1311095,20706,1371375
12046,1303484,21830,1363925
12047,1307410,20368,1365667
12048,1309188,20221,1369038
12049,1305929,20259,1364910
12050,1307892,20316,1366800
12051,1302725,21570,1363794
12052,1309466,20422,1369240
12053,1307151,20275,1365741
12054,1310558,20554,1370519
12055,1308318,21586,1368532
12056,1306595,19976,1366108
12057,1308688,20569,1368386
12058,1315743,20441,1375961
12059,1311669,19905,1372111
12060,1300022,21232,1359050
12061,1304170,20474,1363199
12062,1309762,20346,1369663
12063,1310503,20439,1370016
12064,1298762,21823,1359418
12065,1306040,20453,1364974
12066,1302577,20139,1361012
12067,1311614,20196,1371272
12068,1361891,20771,1428791
12069,1324132,22358,1386934
12070,1330410,20637,1394676
12071,1319706,20231,1382288
12072,1329354,20972,1392178
12073,1310188,22004,1371525
12074,1313391,20246,1374081
12075,1319317,19950,1378786
12076,1312817,20618,1373028
12077,1304355,20027,1363010
12078,1307558,21540,1368894
12079,1318410,20596,1379746
12080,1314354,20579,1374544
12081,1307836,20728,1366693
12082,1303022,21759,1364280
12083,1310429,20705,1370503
12084,1311392,20465,1372282
12085,1317317,20411,1375968
12086,1309225,20430,1369432
12087,1306559,21665,1367649
12088,1316818,20555,1377354
12089,1312929,20464,1373336
12090,1309688,20391,1369467
12091,1308281,21922,1368813
12092,1306169,20368,1365426
12093,1312355,20961,1373519
12094,1309300,20092,1369502
12095,1307873,20574,1367188
12096,1301781,22069,1362219
12097,1316873,20681,1376942
12098,1305873,20275,1366703
12099,1309188,20239,1367130
12100,1305410,21492,1365735
12101,1309169,20882,1369773
12102,1313577,20068,1373182
12103,1312095,20588,1372053
12104,1310985,20700,1372591
12105,1335946,21750,1410493
12106,1577203,24955,1673991
12107,1584555,23604,1680732
12108,1529149,23698,1620808
12109,1518148,30599,1612099
12110,1574462,24804,1671414
12111,1531426,23731,1622101
12112,1580703,24140,1675953
12113,1527648,22604,1619807
12114,1529352,26024,1622486
12115,1554908,23099,1649691
12116,1615629,23563,1715154
12117,1552037,23564,1653137
12118,1519685,24688,1611114
12119,1524481,23486,1618281
12120,1587944,24524,1685430
12121,1598906,24784,1697356
12122,1534519,22248,1628192
12123,1510334,24742,1603909
12124,1568129,24392,1664002
12125,1453927,22207,1535745
12126,1368040,21171,1438877
12127,1330410,21981,1394038
12128,1353095,21556,1420983
12129,1334613,20261,1397948
12130,1324947,20262,1387690
12131,1333910,21540,1398024
12132,1312392,22405,1375148
12133,1314225,20499,1374538
12134,1312410,20204,1372539
12135,1314077,21668,1374374
12136,1304262,21384,1365553
12137,1312818,20163,1372777
12138,1308725,20331,1368481
12139,1309022,20684,1368705
12140,1309966,21148,1369465
12141,1306317,21864,1367126
12142,1317892,20402,1379775
12143,1320188,20774,1380258
12144,1315817,20404,1375907
12145,1309650,21788,1370494
12146,1313780,20437,1374662
12147,1310873,20827,1369737
12148,1317317,20569,1377682
12149,1312169,20496,1371294
12150,1304984,21398,1364585
12151,1312077,20936,1371586
12152,1314485,20603,1375180
12153,1318169,20141,1377792
12154,1308614,22025,1369657
12155,1315669,20470,1375695
12156,1317725,21453,1378918
12157,1309151,20250,1370419
12158,1313132,20362,1372031
12159,1310040,21190,1369655
12160,1316725,22210,1378212
12161,1312670,24544,1376639
12162,1308114,20600,1367584
12163,1309818,21428,1370042
12164,1314948,20244,1374783
12165,1315688,21208,1375451
12166,1310669,20876,1371100
12167,1312837,20284,1371675
12168,1306540,21260,1366355
12169,1314799,21317,1374801
12170,1311651,20244,1370653
12171,1310447,20411,1369988
12172,1310540,21721,1370982
12173,1315965,21148,1377557
12174,1318299,20149,1377781
12175,1308670,20261,1366819
12176,1311928,20836,1372523
12177,1312058,22145,1373462
12178,1311947,21313,1372649
12179,1308576,20481,1368668
12180,1310910,20426,1370558
12181,1305837,21513,1365497
12182,1314855,20348,1374331
12183,1310151,20330,1369369
12184,1312151,20998,1371778
12185,1311114,20795,1370464
12186,1310577,21549,1369588
12187,1310725,20161,1369923
12188,1308410,20514,1367849
12189,1304429,20774,1363758
12190,1299911,21676,1358771
12191,1315003,20529,1373624
12192,1302818,21030,1362403
12193,1305929,20753,1364496
12194,1307911,21180,1367608
12195,1302577,21823,1361473
12196,1303317,20546,1361456
12197,1306855,20399,1366049
12198,1315077,21344,1375680
12199,1303762,22654,1364952
12200,1304077,20303,1362287
12201,1312613,20693,1371621
12202,1309633,20712,1369566
12203,1307465,19991,1366030
12204,1301039,21319,1361155
12205,1310984,20579,1370026
12206,1314521,20062,1373545
12207,1312503,20322,1371083
12208,1300466,21576,1359152
12209,1315910,20540,1375672
12210,1312929,20096,1371247
12211,1308169,20079,1366896
12212,1317558,21061,1378804
12213,1305706,21241,1364003
12214,1310485,20390,1368652
12215,1311781,20558,1371930
12216,1310243,20374,1368969
12217,1298503,21498,1356834
12218,1308965,21091,1368168
12219,1316410,20129,1375409
12220,1310503,20316,1370929
12221,1310280,20780,1370041
12222,1309633,21830,1370036
12223,1320373,21368,1382740
12224,1306558,20647,1367519
12225,1300800,20388,1359020
12226,1308947,21327,1368793
12227,1306373,20236,1364979
12228,1307817,20403,1365609
12229,1304614,20312,1362814
12230,1317280,20998,1377130
12231,1309892,21733,1370347
12232,1327780,20605,1389922
12233,1321335,20069,1380423
12234,1316392,20218,1375850
12235,1310003,21120,1369344
12236,1311632,20824,1371771
12237,1309521,20159,1368680
12238,1312948,20401,1372069
12239,1368631,21031,1430866
12240,1314503,21859,1376491
12241,1317373,20342,1377547
12242,1313781,20231,1372697
12243,1308503,20677,1367290
12244,1305577,21949,1365470
12245,1315429,20413,1373915
12246,1305040,20303,1364305
12247,1318540,21248,1377862
12248,1310595,21305,1370178
12249,1301280,22263,1360598
12250,1309021,20430,1367655
12251,1312244,21153,1373674
12252,1312762,21062,1372823
12253,1301040,21371,1360207
12254,1308522,20650,1368078
12255,1319466,20392,1378413
12256,1309891,21152,1369673
12257,1305318,20116,1364322
12258,1300966,21573,1360224
12259,1311744,21019,1372243
12260,1313503,20687,1371874
12261,1312391,21354,1372801
12262,1306059,21553,1366907
12263,1310225,20368,1368871
12264,1310374,20795,1369909
12265,1304466,20222,1363021
12266,1305059,20316,1365522
12267,1304855,21570,1364239
12268,1320836,20645,1381221
12269,1566741,22849,1662682
12270,1629611,23795,1729108
12271,1471168,25900,1560271
12272,1605722,23068,1699381
12273,1481464,21977,1571662
12274,1604111,26070,1701532
12275,1460538,22127,1545516
12276,1417187,23732,1500604
12277,1436316,21567,1516753
12278,1431890,21531,1513124
12279,1433038,21643,1514514
12280,1403150,23378,1480509
12281,1432909,22083,1511991
12282,1434427,22102,1517047
12283,1431168,22400,1511734
12284,1646055,24919,1748028
12285,1518927,24562,1608043
12286,1581259,25267,1683691
12287,1551222,25119,1646100
12288,1594221,23028,1688397
12289,1493019,29430,1587318
12290,1520500,24468,1620078
12291,1540148,21765,1627561
12292,1472445,21988,1557840
12293,1446742,22767,1528360
12294,1411742,23669,1491170
12295,1431075,21300,1510708
12296,1436538,22949,1517764
12297,1430094,20950,1508173
12298,1400261,23482,1477742
12299,1440816,22427,1524372
12300,1493463,24521,1585280
12301,1620128,23077,1727705
12302,1608999,23541,1707910
12303,1530000,26017,1622498
12304,1558185,22944,1654258
12305,1605221,22519,1700203
12306,1513296,22965,1604446
12307,1522389,24274,1618588
12308,1493352,22312,1579738
12309,1444113,21220,1526091
12310,1460723,22407,1544351
12311,1444150,20908,1523279
12312,1396520,23995,1476644
12313,1450371,22200,1533144
12314,1442038,23738,1525312
12315,1453872,21887,1533165
12316,1406020,22844,1483197
12317,1647350,22845,1738991
12318,1582796,22550,1677141
12319,1572889,25755,1671698
12320,1470353,22571,1553960
12321,1351688,23491,1420863
12322,1356336,20714,1422290
12323,1343613,20326,1407143
12324,1393280,22031,1464458
12325,1327484,21748,1391231
12326,1332725,20619,1395269
12327,1331706,20583,1395881
12328,1321355,21529,1385123
12329,1316891,20844,1379050
12330,1309891,21987,1372101
12331,1324743,20581,1385990
12332,1315003,20582,1375565
12333,1308836,20861,1369085
12334,1305262,22151,1365357
12335,1314836,20171,1375284
12336,1320947,20876,1381933
12337,1323873,20506,1385768
12338,1309373,20211,1370824
12339,1308410,22242,1369967
12340,1312429,20725,1372764
12341,1309985,20263,1370284
12342,1304929,20338,1364915
12343,1307299,21610,1366854
12344,1313503,20519,1372299
12345,1315058,19983,1372855
12346,1304688,20428,1364079
12347,1328688,20633,1391580
12348,1345762,21572,1409389
12349,1314651,20480,1375575
12350,1313873,20704,1374317
12351,1318299,20112,1378818
12352,1306706,22255,1367924
12353,1312818,20404,1373184
12354,1311447,20627,1371611
12355,1312299,20313,1372093
12356,1308355,20981,1368724
12357,1303466,21698,1363959
12358,1309391,20699,1370534
12359,1313411,20792,1373739
12360,1311391,20071,1369944
12361,1305651,21677,1364661
12362,1319873,20956,1382143
12363,1302225,20123,1360700
12364,1311003,20458,1369775
12365,1387316,22829,1462478
12366,1331373,23286,1398974
12367,1326447,20250,1388623
12368,1323521,20789,1384494
12369,1322947,20549,1385199
12370,1307281,21506,1367823
12371,1315299,20489,1374565
12372,1319021,20953,1380825
12373,1311188,20528,1371845
12374,1315040,20640,1375476
12375,1299799,21301,1360304
12376,1324781,22321,1388434
12377,1314336,20285,1372472
12378,1313206,21397,1374325
12379,1306503,21002,1365060
12380,1313318,20411,1372895
12381,1308966,20264,1367248
12382,1312299,21320,1372304
12383,1308669,20340,1369213
12384,1301318,22038,1360652
12385,1312873,20780,1372912
12386,1309873,20929,1369376
12387,1308484,20356,1368099
12388,1306318,22017,1366501
12389,1320558,20407,1380965
12390,1322761,24834,1388429
12391,1310614,20279,1369782
12392,1311688,20725,1370172
12393,1321651,21738,1383110
12394,1311410,20350,1370871
12395,1308521,20388,1368205
12396,1310725,20334,1369947
12397,1303280,22106,1363516
12398,1313447,20311,1373294
12399,1308855,20367,1368462
12400,1306428,20479,1366185
12401,1310595,20351,1369927
12402,1304188,21549,1364996
12403,1307892,20346,1366256
12404,1308725,20643,1367887
12405,1313373,20737,1372721
12406,1305374,21898,1364938
12407,1310113,20251,1368253
12408,1308281,20234,1367143
12409,1321132,20253,1382607
12410,1314318,20032,1372960
12411,1312058,21952,1372381
12412,1309317,20416,1368993
12413,1312725,20325,1371327
12414,1315576,20437,1374198
12415,1301021,21857,1360823
12416,1302633,20247,1361287
12417,1310373,20619,1368565
12418,1316225,20157,1376437
12419,1307670,20287,1367993
12420,1306891,21745,1366618
12421,1311891,20487,1371489
12422,1312911,20580,1373897
12423,1309688,20100,1370102
12424,1298780,21650,1358726
12425,1318428,20540,1380283
12426,1316669,20300,1376247
12427,1307170,20134,1366507
12428,1313892,21080,1375323
12429,1314799,21463,1376632
12430,1309984,20409,1370522
12431,1312410,20539,1373412
12432,1314892,20263,1375598
12433,1309355,21702,1370704
12434,1317503,20888,1378427
12435,1315576,20148,1375039
12436,1312429,20205,1372318
12437,1315244,20520,1375041
12438,1305670,21182,1365554
12439,1314281,20220,1375278
12440,1309318,20332,1369075
12441,1313169,20444,1373002
12442,1318003,21605,1380552
12443,1314540,20699,1374331
12444,1310003,20255,1369813
12445,1319947,20164,1380796
12446,1320725,20498,1381611
12447,1300817,22326,1360995
12448,1313669,20012,1372700
12449,1321132,20328,1381367
12450,1317984,19996,1376998
12451,1302207,21379,1361456
12452,1313743,20102,1373308
12453,1307762,20066,1365643
12454,1309781,21123,1368329
12455,1306484,20346,1364386
12456,1299744,21396,1358936
12457,1308299,21175,1367400
12458,1306817,20491,1365660
12459,1315688,20288,1375309
12460,1306855,21468,1366766
12461,1303577,20210,1361582
12462,1312447,20896,1371454
12463,1317206,20508,1377436
12464,1308465,20176,1368585
12465,1303911,21170,1361043
12466,1314373,20838,1374988
12467,1316429,20265,1376582
12468,1310317,20340,1369157
12469,1298651,21427,1357022
12470,1306188,20706,1366578
12471,1311188,20373,1369820
12472,1306707,20393,1366229
12473,1308540,20079,1367915
12474,1305966,21574,1366928
12475,1307559,20001,1366521
12476,1308170,21150,1368115
12477,1316558,20632,1376875
12478,1305596,21849,1365055
12479,1305318,20461,1364371
12480,1314725,21073,1374705
12481,1305929,20111,1364595
12482,1304077,20131,1362578
12483,1307836,22292,1369239
12484,1317539,20904,1377832
12485,1391558,20701,1472925
12486,1575407,22925,1674386
12487,1499852,24808,1590419
12488,1515222,21587,1603475
12489,1575962,23384,1670272
12490,1545371,24089,1640088
12491,1578351,23849,1671848
12492,1514370,24621,1604380
12493,1527723,22919,1624103
12494,1544723,23827,1639512
12495,1570741,23976,1667142
12496,1530482,24415,1619044
12497,1551944,23824,1647841
12498,1555333,21732,1647398
12499,1552648,22567,1644214
12500,1561666,24253,1666640
12501,1532944,26340,1624265
12502,1504926,22693,1604174
12503,1559148,23546,1655970
12504,1533111,22361,1623657
12505,1402002,24078,1478727
12506,1375558,20931,1443414
12507,1343798,21543,1408008
12508,1358410,20822,1424083
12509,1336688,20897,1401325
12510,1327317,21855,1389727
12511,1326651,21263,1387469
12512,1316076,20431,1375840
12513,1314669,20321,1372934
12514,1316781,22074,1379077
12515,1323410,20390,1381966
12516,1313781,20188,1374319
12517,1315521,20226,1375209
12518,1319539,21153,1380210
12519,1300558,21573,1361409
12520,1316892,20130,1375798
12521,1308891,20149,1369429
12522,1316762,20354,1376838
12523,1302577,21441,1361814
12524,1307929,21146,1368537
12525,1309891,20424,1370353
12526,1310391,20333,1371243
12527,1315540,20704,1375207
12528,1306428,21458,1366664
12529,1309188,20441,1368906
12530,1303503,20090,1361759
12531,1312503,20906,1371649
12532,1304947,21789,1366236
12533,1312096,20327,1371533
12534,1308114,20439,1367256
12535,1317539,21236,1378146
12536,1309465,20423,1369203
12537,1297558,21658,1356957
12538,1310391,20159,1368865
12539,1318151,21401,1377995
12540,1310132,20105,1368867
12541,1301966,21581,1361584
12542,1310058,20508,1369455
12543,1315743,20287,1373938
12544,1308873,20325,1367753
12545,1308040,20141,1366477
12546,1305318,21339,1366082
12547,1307948,20248,1366472
12548,1308355,20267,1367992
12549,1303670,19972,1361993
12550,1301280,21318,1360173
12551,1309651,20097,1367081
12552,1314095,20394,1372786
12553,1307317,20414,1365805
12554,1319873,21045,1380547
12555,1318133,21706,1378430
12556,1316854,20577,1377653
12557,1309780,20615,1369303
12558,1306744,20375,1366174
12559,1309725,21537,1370354
12560,1313059,21482,1373670
12561,1309169,20205,1367874
12562,1305485,20336,1364524
12563,1313206,20633,1371506
12564,1302873,22109,1364001
12565,1307151,20314,1365687
12566,1308114,20241,1367243
12567,1311076,21205,1370726
12568,1303780,21144,1363387
12569,1309299,20997,1368092
12570,1305985,20146,1366019
12571,1309170,20240,1368705
12572,1307225,20463,1366391
12573,1302725,21735,1361738
12574,1312039,20144,1371738
12575,1309040,20089,1367017
12576,1305429,20164,1362407
12577,1303318,21733,1362291
12578,1316207,20382,1376014
12579,1306299,20235,1364533
12580,1308725,20680,1367497
12581,1305262,20440,1362276
12582,1305484,22453,1365678
12583,1309280,20547,1366994
12584,1308632,20807,1367273
12585,1310225,20271,1369163
12586,1304002,22025,1363546
12587,1309503,20267,1367010
12588,1305262,21490,1364678
12589,1304651,20436,1363679
12590,1310725,20344,1369217
12591,1299337,21394,1358693
12592,1317780,20673,1379582
12593,1329095,20341,1395454
12594,1350761,20323,1413436
12595,1318854,21947,1379598
12596,1318929,20467,1379765
12597,1322725,20616,1382322
12598,1315669,20210,1374971
12599,1366983,20599,1429675
12600,1322817,21927,1386263
12601,1330891,20391,1393393
12602,1324687,21244,1387431
12603,1310596,20597,1370007
12604,1310614,21795,1371372
12605,1316854,19926,1374965
12606,1315984,20686,1376114
12607,1305521,20113,1364338
12608,1307892,20355,1366005
12609,1305299,21497,1365963
12610,1306706,21091,1365538
12611,1305540,20240,1363817
12612,1314206,20686,1373614
12613,1313021,21347,1372701
12614,1312354,20070,1371369
12615,1305929,20590,1365666
12616,1307744,20183,1366500
12617,1310299,20351,1366594
12618,1299559,21827,1359089
12619,1305984,20309,1364460
12620,1300966,20144,1360443
12621,1312151,20626,1371425
12622,1300670,21658,1359308
12623,1322688,20270,1383865
12624,1316169,20215,1375033
12625,1314669,20383,1374089
12626,1309540,20458,1368627
12627,1296725,21656,1355715
12628,1306299,20306,1366327
12629,1303984,20233,1362716
12630,1316336,20345,1374828
12631,1301558,21895,1361453
12632,1308558,20470,1367583
12633,1304929,20378,1363603
12634,1305077,20231,1363604
12635,1308873,21436,1368586
12636,1297318,21042,1355526
12637,1314650,20283,1373563
12638,1306318,20618,1366194
12639,1315929,21285,1376769
12640,1305929,21058,1365356
12641,1304984,20688,1364580
12642,1301966,20393,1359914
12643,1305781,21135,1364545
12644,1305151,20302,1364564
12645,1296281,22001,1355762
12646,1302984,20483,1360671
12647,1312965,20706,1372301
12648,1308040,20337,1367099
12649,1297021,21961,1356001
12650,1309614,20333,1368168
12651,1311281,20537,1370632
12652,1308614,20464,1367337
12653,1308132,20095,1366116
12654,1305577,21275,1365184
12655,1301169,20146,1359741
12656,1303114,20166,1361094
12657,1305818,20185,1364354
12658,1307207,21180,1366404
12659,1308522,19977,1366701
12660,1315669,20237,1374313
12661,1304873,20497,1363018
12662,1304059,20073,1362871
12663,1300317,21141,1359421
12664,1311892,20790,1372070
12665,1305706,20328,1364923
12666,1306114,19940,1363461
12667,1305077,21472,1364511
12668,1316984,20603,1377105
12669,1309132,20048,1368773
12670,1307744,20197,1366922
12671,1315354,20106,1374478
12672,1301114,21989,1361732
12673,1309337,20268,1368844
12674,1306188,20732,1366142
12675,1310725,20640,1370254
12676,1303355,21542,1363989
12677,1310040,20265,1368194
12678,1303373,20544,1362139
12679,1307429,20230,1365696
12680,1385150,20306,1463399
12681,1524407,24707,1618818
12682,1593759,24412,1692818
12683,1518778,23858,1611413
12684,1603240,26025,1702061
12685,1438908,25798,1548113
12686,1601481,23947,1696871
12687,1470482,21892,1553652
12688,1446908,22041,1527801
12689,1449427,23024,1529673
12690,1407261,25278,1487186
12691,1443983,24019,1526927
12692,1455242,23909,1542076
12693,1457390,22651,1540577
12694,1428298,24701,1510220
12695,1437168,23110,1517869
12696,1469667,23314,1637165
12697,1594295,26241,1695869
12698,1611629,22335,1705315
12699,1497667,25644,1588107
12700,1560110,23960,1653403
12701,1632517,22961,1729774
12702,1493704,21944,1582314
12703,1578370,24549,1671400
12704,1465186,21143,1548717
12705,1448649,22088,1529107
12706,1432743,21589,1511849
12707,1445686,22683,1527146
12708,1409854,24529,1487178
12709,1445261,22919,1525549
12710,1440260,22161,1519643
12711,1433150,22310,1512866
12712,1409817,23953,1486213
12713,1653202,21528,1741304
12714,1584055,22807,1675379
12715,1590870,23567,1689973
12716,1567426,25364,1661289
12717,1466519,26377,1557840
12718,1576629,26508,1673636
12719,1523519,22953,1614712
12720,1587481,24658,1690342
12721,1416668,24486,1499098
12722,1443094,24098,1527302
12723,1434853,22488,1516877
12724,1437371,23822,1520619
12725,1430261,22731,1512602
12726,1409187,24688,1490300
12727,1442371,23967,1524708
12728,1439742,23487,1521283
12729,1427094,23173,1507025
12730,1613388,27130,1714351
12731,1569666,23131,1666260
12732,1578703,23410,1672557
12733,1486204,24800,1576004
12734,1382391,21005,1453839
12735,1335873,22388,1401464
12736,1343614,20297,1407984
12737,1337225,20779,1403392
12738,1355021,20150,1421208
12739,1335206,22293,1398851
12740,1334280,20165,1396407
12741,1318929,20703,1380668
12742,1327225,21259,1388687
12743,1324206,21149,1385725
12744,1306410,22162,1367276
12745,1315040,20348,1374388
12746,1312873,20812,1372648
12747,1317613,21776,1378667
12748,1307855,22234,1370940
12749,1314447,20753,1375163
12750,1319355,21217,1380590
12751,1312817,20255,1370943
12752,1307354,20164,1365888
12753,1310040,21232,1369512
12754,1318484,20344,1378513
12755,1313576,20197,1372533
12756,1308539,20235,1367016
12757,1316836,21508,1377917
12758,1319744,20175,1379400
12759,1315669,20102,1374716
12760,1313003,20214,1371995
12761,1329447,20364,1389736
12762,1315614,21469,1375879
12763,1314503,20637,1373417
12764,1315706,20434,1376474
12765,1311151,20380,1370623
12766,1309521,21115,1368636
12767,1316391,20857,1376192
12768,1307596,20247,1366656
12769,1303540,20211,1361120
12770,1307688,20563,1366992
12771,1300670,21391,1360394
12772,1305244,20374,1364154
12773,1303392,20171,1361211
12774,1315559,20580,1376248
12775,1309707,22130,1369132
12776,1310059,20223,1368374
12777,1310484,20224,1369356
12778,1321262,21318,1382024
12779,1314966,20282,1373617
12780,1301096,21665,1361260
12781,1311206,20203,1370854
12782,1309280,21556,1369521
12783,1314466,20354,1373504
12784,1304021,21329,1363610
12785,1316614,20479,1376722
12786,1309281,20202,1369371
12787,1304244,20777,1363242
12788,1306447,20408,1365243
12789,1300281,21513,1358905
12790,1305577,20718,1364906
12791,1316261,20571,1377499
12792,1308244,20387,1368778
12793,1300318,21455,1360087
12794,1309466,20179,1368829
12795,1309854,20865,1369312
12796,1314039,20403,1374257
12797,1307799,20311,1367740
12798,1300114,21472,1360049
12799,1318984,20548,1378994
12800,1341261,20141,1403273
12801,1312780,20346,1372848
12802,1315559,21692,1377639
12803,1314743,21175,1375473
12804,1310725,20305,1371937
12805,1305040,20177,1363642
12806,1320447,20696,1381587
12807,1308410,21913,1369119
12808,1324373,20636,1385120
12809,1312929,20397,1372695
12810,1309058,20657,1370011
12811,1299669,21781,1360654
12812,1309855,20338,1368173
12813,1311188,20376,1369711
12814,1307540,20710,1367268
12815,1316225,20192,1376287
12816,1302281,21854,1363634
12817,1314484,20169,1374598
12818,1315818,20226,1375321
12819,1308170,20190,1366766
12820,1310928,21740,1372187
12821,1310021,19982,1369669
12822,1309892,20168,1369004
12823,1316076,21021,1376227
12824,1311577,20466,1371524
12825,1305559,22294,1365704
12826,1312206,20536,1371612
12827,1313114,20537,1372650
12828,1309243,20945,1369540
12829,1299837,21792,1359220
12830,1315466,20460,1375147
12831,1317114,20812,1377074
12832,1314706,21387,1375816
12833,1306651,20500,1364409
12834,1308558,21864,1369237
12835,1306781,20106,1364683
12836,1308003,21126,1366980
12837,1306892,20405,1363926
12838,1305429,21732,1365420
12839,1311040,20530,1368773
12840,1311262,21234,1371237
12841,1312503,20532,1371386
12842,1311096,20422,1369757
12843,1310058,21305,1369122
12844,1312410,21065,1371549
12845,1310021,20289,1368958
12846,1303614,20049,1362811
12847,1316281,21173,1376620
12848,1320317,21341,1382195
12849,1309373,20397,1369603
12850,1306873,20176,1366178
12851,1313169,20714,1372402
12852,1300206,21690,1360082
12853,1308466,19988,1365601
12854,1308707,20711,1368806
12855,1311632,21008,1371844
12856,1303244,21410,1363079
12857,1314632,20004,1373210
12858,1314706,20282,1374933
12859,1308855,20357,1367749
12860,1310743,20229,1369546
12861,1301133,21334,1359541
12862,1312836,20484,1372727
12863,1312707,20225,1371357
12864,1310670,20375,1369803
12865,1407242,21443,1489185
12866,1582425,24463,1680572
12867,1541574,25019,1639315
12868,1552278,24261,1645723
12869,1575573,22132,1666742
12870,1479427,25794,1569849
12871,1594314,23369,1696219
12872,1552667,30370,1652091
12873,1568407,23093,1661962
12874,1481242,25476,1571328
12875,1572018,25311,1668050
12876,1587332,24645,1681384
12877,1543648,23016,1636312
12878,1535593,23832,1629887
12879,1528815,24938,1618437
12880,1581925,23791,1678586
12881,1573499,22810,1668994
12882,1510908,22478,1603144
12883,1543556,26102,1633620
12884,1529148,25196,1626899
12885,1410538,21678,1486476
12886,1355336,23050,1424107
12887,1337614,20717,1402590
12888,1327095,21990,1391621
12889,1343095,21139,1407141
12890,1322762,21066,1384049
12891,1317206,20530,1378088
12892,1315021,22098,1375490
12893,1319077,20229,1377787
12894,1329410,21119,1391362
12895,1319187,20453,1380863
12896,1309910,20214,1368883
12897,1310947,21430,1370933
12898,1315799,21691,1376989
12899,1317187,20266,1377953
12900,1308428,20415,1368473
12901,1313595,21539,1374115
12902,1315206,21151,1376413
12903,1307188,20226,1366099
12904,1309133,20301,1368193
12905,1308225,20247,1366397
12906,1305966,21686,1366040
12907,1308762,20224,1366208
12908,1308336,20577,1369005
12909,1308021,20448,1366487
12910,1310262,22109,1373019
12911,1317466,20314,1377298
12912,1314948,21019,1375521
12913,1316411,20649,1376040
12914,1309336,20076,1367968
12915,1302577,21700,1362221
12916,1315299,20942,1376778
12917,1311891,20295,1370760
12918,1310466,20185,1369780
12919,1305447,21791,1365293
12920,1314948,20847,1374257
12921,1308021,20515,1366628
12922,1311114,20923,1371500
12923,1338855,21387,1403241
12924,1308095,21752,1369699
12925,1314318,20438,1372941
12926,1323633,20310,1383497
12927,1314762,20440,1374257
12928,1304632,21324,1363030
12929,1313262,20825,1372309
12930,1310262,20344,1369421
12931,1315206,20327,1374181
12932,1311910,20865,1372923
12933,1299244,21563,1358029
12934,1316410,20212,1374511
12935,1314188,20695,1373808
12936,1311966,20696,1372143
12937,1302947,21579,1361674
12938,1309448,21562,1370268
12939,1314576,20748,1373732
12940,1309799,20823,1370325
12941,1309410,20231,1368789
12942,1301337,21448,1361265
12943,1308837,20283,1367822
12944,1321669,24598,1387545
12945,1310762,20396,1369565
12946,1309577,21483,1370615
12947,1326447,21132,1388319
12948,1315484,20189,1375432
12949,1306281,20153,1363877
12950,1312521,20505,1371971
12951,1303151,21463,1362984
12952,1309947,20297,1369096
12953,1307151,20539,1367004
12954,1308855,20540,1367987
12955,1310855,21220,1371203
12956,1312928,21498,1373871
12957,1314429,20611,1373872
12958,1311947,20538,1372744
12959,1364299,20150,1425762
12960,1310002,21848,1370684
12961,1314651,21034,1376036
12962,1310614,20350,1370278
12963,1308892,20092,1367872
12964,1301373,21438,1360070
12965,1319114,23495,1383793
12966,1304077,20051,1361961
12967,1312411,20960,1372240
12968,1311873,20905,1371741
12969,1311336,21937,1373457
12970,1313207,20734,1372903
12971,1321188,20142,1380663
12972,1316836,20329,1376683
12973,1305299,22249,1366696
12974,1314243,20343,1373419
12975,1310669,20084,1368679
12976,1315151,20104,1374884
12977,1306281,20198,1364830
12978,1312799,21118,1373213
12979,1313058,20415,1371770
12980,1308114,20139,1367011
12981,1305281,20232,1363512
12982,1307003,21393,1366488
12983,1310540,20302,1368397
12984,1314725,20247,1373546
12985,1308095,20211,1366769
12986,1306947,20120,1365289
12987,1305595,21059,1363746
12988,1309596,20189,1367136
12989,1309058,20135,1368822
12990,1308077,20562,1366471
12991,1304669,21056,1364003
12992,1309466,20650,1369078
12993,1311021,20688,1371542
12994,1313244,20319,1373191
12995,1319577,20394,1381285
12996,1307133,21759,1369224
12997,1307928,21037,1367355
12998,1312318,20038,1371559
12999,1308022,21132,1367523
13000,1307114,20997,1367684
13001,1309577,20350,1368926
13002,1312059,20203,1371131
13003,1308466,20259,1367058
13004,1309725,20223,1367837
13005,1300781,21292,1358590
13006,1310410,20385,1368980
13007,1304058,20053,1362018
13008,1309243,19999,1367242
13009,1308596,20993,1366755
13010,1313595,20124,1372441
13011,1309669,20125,1368146
13012,1313170,20552,1373184
13013,1318855,20960,1380129
13014,1300503,22455,1362401
13015,1306040,20196,1364328
13016,1309891,20586,1369940
13017,1312484,20291,1371775
13018,1301280,21378,1360121
13019,1312447,20194,1371511
13020,1316244,20547,1376049
13021,1306503,20326,1365643
13022,1305410,20808,1363959
13023,1303966,21025,1364027
13024,1315188,20378,1374047
13025,1306651,20638,1365974
13026,1302966,21009,1363049
13027,1302133,22022,1360395
13028,1306688,20635,1366767
13029,1308595,20524,1367879
13030,1343484,21007,1405268
13031,1315485,20508,1375695
13032,1298188,21614,1357783
13033,1308762,20818,1368598
13034,1311966,21134,1371581
13035,1317743,20376,1379156
13036,1305003,22278,1365891
13037,1318114,20446,1378188
13038,1339021,21632,1405078
13039,1317669,20170,1378653
13040,1315151,20467,1377340
13041,1316095,21388,1377131
13042,1311947,21055,1372965
13043,1307243,20130,1366947
13044,1316669,20557,1377448
13045,1308540,21663,1369387
13046,1311559,21238,1371814
13047,1313058,20276,1371038
13048,1306669,21036,1366909
13049,1309559,20834,1370706
13050,1308392,22236,1368479
13051,1316781,20607,1376146
13052,1308633,20126,1368499
13053,1308262,20757,1367408
13054,1306558,21511,1367865
13055,1310873,19623,1369662
13056,1308540,20087,1368182
13057,1312892,20607,1372979
13058,1317003,20478,1377869
13059,1301318,22028,1362475
13060,1312762,20159,1371457
13061,1349280,21289,1416199
13062,1325502,20309,1386663
13063,1307151,21396,1368121
13064,1312725,20230,1372677
13065,1311410,20342,1370974
13066,1307632,20306,1367864
13067,1306725,21196,1366884
13068,1310077,21024,1371989
13069,1317040,20247,1376805
13070,1308540,20008,1366640
13071,1310076,20935,1371270
13072,1305781,21522,1365839
13073,1311669,20393,1370266
13074,1306354,20135,1365600
13075,1317984,21525,1378934
13076,1311540,20211,1371454
13077,1300725,21261,1358597
13078,1310429,20670,1370672
13079,1311096,20411,1370432
13080,1305744,20042,1364285
13081,1296892,21203,1355835
13082,1312540,20445,1371429
13083,1313392,20224,1372633
13084,1326966,21002,1390245
13085,1312522,20429,1372358
13086,1307225,21739,1369704
13087,1315040,20814,1376038
13088,1312928,20204,1372632
13089,1307799,20371,1367392
13090,1310021,21699,1370850
13091,1306391,20219,1364906
13092,1307355,20164,1365889
13093,1333410,20832,1407723
13094,1573352,32740,1678591
13095,1511963,24216,1603179
13096,1543797,23477,1637050
13097,1611092,26218,1708698
13098,1494612,23590,1583701
13099,1558352,28344,1653194
13100,1459445,22511,1543530
13101,1451131,23735,1532920
13102,1440742,23032,1521643
13103,1433076,23459,1515274
13104,1399706,26416,1477658
13105,1434317,23473,1514048
13106,1431650,22807,1510012
13107,1514685,23308,1601937
13108,1463241,24099,1547710
13109,1477408,23730,1563970
13110,1629369,25212,1736247
13111,1576259,25195,1675490
13112,1607444,22807,1702935
13113,1470204,23838,1557172
13114,1592351,24969,1701912
13115,1508519,22396,1598173
13116,1623314,25953,1721043
13117,1407112,23299,1485744
13118,1461686,23374,1547133
13119,1443871,21671,1523042
13120,1442816,22265,1526191
13121,1430075,21859,1509489
13122,1399872,22909,1477169
13123,1424057,21502,1502577
13124,1429612,21763,1510282
13125,1435113,22152,1516375
13126,1601815,26239,1709127
13127,1574888,22204,1667776
13128,1590518,24519,1703388
13129,1546722,23780,1639353
13130,1571889,24058,1667835
13131,1533278,26497,1627293
13132,1504500,25165,1596517
13133,1583832,24055,1685535
13134,1451649,23908,1537964
13135,1414465,24884,1494811
13136,1441594,23311,1523293
13137,1430260,23016,1511164
13138,1429316,22461,1509980
13139,1450520,23092,1531629
13140,1400409,24901,1479013
13141,1441242,23680,1524680
13142,1427298,22847,1508793
13143,1676109,23478,1775661
13144,1535723,25361,1626657
13145,1595240,26974,1699565
13146,1505371,23197,1596530
13147,1388465,20957,1461014
13148,1354317,20532,1423164
13149,1333040,23175,1397195
13150,1356409,21380,1425604
13151,1345039,21584,1411679
13152,1332688,21048,1398699
13153,1314188,21432,1374453
13154,1336484,20340,1399805
13155,1317354,21212,1380343
13156,1311299,20490,1370919
13157,1315874,20417,1376623
13158,1315151,22116,1376173
13159,1313059,21413,1372434
13160,1311966,20247,1370935
13161,1313133,20063,1374158
13162,1305966,21317,1365801
13163,1317707,21096,1378524
13164,1311780,20152,1371136
13165,1307781,20153,1366841
13166,1318633,20358,1377638
13167,1304188,21741,1364281
13168,1314113,20242,1373634
13169,1313188,20336,1372079
13170,1317299,20633,1377673
13171,1311114,21517,1371167
13172,1310300,20388,1370298
13173,1308799,20223,1368780
13174,1305874,20316,1364152
13175,1315706,20669,1375301
13176,1308206,21497,1369351
13177,1317873,20239,1378074
13178,1321151,20499,1382705
13179,1312095,20426,1370354
13180,1312318,21235,1372163
13181,1312799,21144,1372313
13182,1325151,20793,1386925
13183,1312225,20553,1372352
13184,1316559,21258,1378686
13185,1312596,21419,1373199
13186,1309484,20124,1367515
13187,1312910,20440,1371349
13188,1311892,20718,1371406
13189,1306577,21565,1367123
13190,1310651,20251,1370012
13191,1310836,20493,1370439
13192,1318817,20105,1377811
13193,1318262,20347,1377367
13194,1308059,21452,1368880
13195,1315910,20305,1375437
13196,1313521,20288,1373586
13197,1313651,20511,1372235
13198,1302503,21765,1363878
13199,1314373,20266,1373009
13200,1308762,20267,1366825
13201,1307762,20768,1366918
13202,1302484,20250,1361808
13203,1302021,21967,1360562
13204,1314355,20727,1373655
13205,1319688,20654,1378675
13206,1309854,20081,1368602
13207,1301947,21816,1360263
13208,1312262,20465,1370820
13209,1315040,20948,1374672
13210,1311651,20393,1369896
13211,1304225,20265,1363601
13212,1301799,21204,1361799
13213,1315521,20057,1375022
13214,1305818,20317,1365116
13215,1310373,20244,1368783
13216,1303503,21405,1363130
13217,1312114,20221,1370112
13218,1311540,20500,1370502
13219,1313762,20334,1373744
13220,1315540,20576,1375152
13221,1306058,21626,1365665
13222,1322873,21349,1385018
13223,1317447,20554,1378408
13224,1312411,20777,1371946
13225,1307596,21586,1366681
13226,1315874,21384,1376312
13227,1312577,20774,1372924
13228,1307799,20071,1365870
13229,1319391,21128,1379074
13230,1306299,22178,1366624
13231,1317521,20660,1378070
13232,1308781,20365,1367108
13233,1317336,20792,1377313
13234,1308596,21638,1368826
13235,1308781,20065,1366642
13236,1304354,20177,1362309
13237,1306558,20419,1364810
13238,1310280,20957,1369941
13239,1305540,21192,1363380
13240,1309188,20027,1366955
13241,1304355,20213,1362789
13242,1309132,20084,1367735
13243,1303633,21153,1361637
13244,1317244,20006,1377767
13245,1551166,23785,1644913
13246,1547351,23804,1643636
13247,1543185,24157,1636860
13248,1515259,24596,1608503
13249,1568148,23671,1660485
13250,1522389,24505,1616134
13251,1573592,24303,1672264
13252,1516760,25205,1608334
13253,1568759,23095,1663130
13254,1542722,22873,1636298
13255,1603351,23745,1700576
13256,1573370,24301,1668245
13257,1490686,27518,1586518
13258,1537111,24334,1632611
13259,1573592,23890,1670408
13260,1598481,22929,1690446
13261,1499908,26479,1594756
13262,1527185,24406,1624571
13263,1586000,21832,1680053
13264,1476482,21574,1562722
13265,1373465,21001,1441058
13266,1348039,22736,1414849
13267,1373058,20719,1442739
13268,1342854,20776,1408351
13269,1329502,20740,1391093
13270,1316521,21716,1377273
13271,1320817,20254,1381145
13272,1315281,20273,1374257
13273,1314354,20626,1374647
13274,1309095,20479,1370240
13275,1305410,22084,1366050
13276,1309003,20271,1367829
13277,1321651,21253,1383274
13278,1316448,20588,1376923
13279,1297743,21452,1357177
13280,1312632,20676,1372863
13281,1321614,20455,1384031
13282,1312540,20307,1371995
13283,1311948,20216,1371681
13284,1304465,21081,1364231
13285,1310780,20397,1369714
13286,1315725,20083,1376103
13287,1316947,21287,1377493
13288,1303873,21356,1364192
13289,1313669,20079,1372674
13290,1312410,19969,1371638
13291,1324780,21285,1388120
13292,1318040,20064,1380066
13293,1307410,21540,1367024
13294,1360095,22393,1431228
13295,1329706,20431,1391933
13296,1315891,20191,1376564
13297,1312855,21241,1373243
13298,1328780,21298,1391615
13299,1310744,20373,1370097
13300,1321059,20503,1381709
13301,1319707,19986,1381544
13302,1324095,22166,1389223
13303,1315799,20278,1376799
13304,1309707,20464,1369985
13305,1308799,20372,1368486
13306,1303003,21330,1363406
13307,1309744,20127,1368759
13308,1308206,20073,1367038
13309,1310503,20666,1370446
13310,1315633,21334,1376392
13311,1300114,21903,1360683
13312,1346872,20922,1410331
13313,1314929,20238,1374666
13314,1311725,21072,1372130
13315,1304836,21715,1365440
13316,1307966,20327,1367959
13317,1313318,20143,1372349
13318,1319818,21366,1380739
13319,1369706,20126,1431906
13320,1304559,22269,1364346
13321,1312595,20641,1372976
13322,1319354,21216,1379866
13323,1308910,20476,1369200
13324,1302707,21748,1362102
13325,1313299,20360,1371603
13326,1312484,20602,1372512
13327,1312448,20529,1370717
13328,1307151,20289,1366662
13329,1317281,21580,1378693
13330,1312280,20618,1372009
13331,1310243,20286,1369381
13332,1317855,20454,1378252
13333,1316818,21170,1376728
13334,1319485,20245,1380044
13335,1313521,20654,1373452
13336,1310188,20303,1370768
13337,1319188,20137,1379028
13338,1320818,22021,1382597
13339,1312966,20244,1371617
13340,1306818,20004,1366507
13341,1306059,20190,1364637
13342,1306910,21352,1367558
13343,1326021,21945,1387855
13344,1315725,20335,1375134
13345,1311206,20336,1370042
13346,1318706,20282,1380839
13347,1306502,21554,1366760
13348,1307262,20185,1366354
13349,1309688,20500,1367947
13350,1314095,20316,1373967
13351,1299003,21903,1359054
13352,1311725,20182,1369907
13353,1306114,20498,1364500
13354,1306225,20462,1364835
13355,1313707,20389,1373262
13356,1296688,21161,1357071
13357,1308688,20810,1368868
13358,1311873,20571,1371925
13359,1305410,20461,1365000
13360,1298688,21029,1357532
13361,1318373,20993,1379495
13362,1310854,20531,1369867
13363,1310947,21069,1370683
13364,1313651,20904,1375276
13365,1304206,22102,1363234
13366,1307855,20955,1367031
13367,1316781,20326,1376532
13368,1309818,20272,1368848
13369,1300596,21174,1359769
13370,1309651,20563,1369492
13371,1313003,20361,1372882
13372,1335114,20380,1396382
13373,1317929,20567,1377402
13374,1309281,21820,1370471
13375,1305336,20377,1363990
13376,1307948,21359,1368065
13377,1315688,20009,1375196
13378,1305411,21466,1365117
13379,1309132,20115,1368506
13380,1308003,21098,1367896
13381,1309614,20710,1370157
13382,1303151,20433,1363306
13383,1307707,21354,1366763
13384,1327151,21225,1389005
13385,1311577,20207,1370913
13386,1306966,20097,1364340
13387,1307799,21184,1366002
13388,1305984,21352,1365466
13389,1305151,20649,1364096
13390,1306003,20743,1365079
13391,1311077,20614,1370209
13392,1313188,21739,1373593
13393,1307836,20536,1366094
13394,1308021,20259,1368132
13395,1318855,20575,1378503
13396,1303447,22051,1364146
13397,1307355,20200,1366221
13398,1307466,20572,1366518
13399,1311299,20313,1370705
13400,1309799,20351,1368020
13401,1302448,21124,1360959
13402,1314966,20014,1374460
13403,1309688,20200,1368498
13404,1305614,20053,1363722
13405,1305651,21399,1365235
13406,1309762,20159,1369013
13407,1327669,20308,1388737
13408,1325743,20569,1387886
13409,1313503,19996,1373313
13410,1306410,21064,1365159
13411,1314132,20065,1372216
13412,1316354,20122,1376624
13413,1319392,20734,1379384
13414,1306688,22136,1365416
13415,1324188,20544,1383898
13416,1318262,21638,1378881
13417,1302614,20565,1362530
13418,1310206,20270,1368235
13419,1311133,22097,1371878
13420,1309521,20950,1368064
13421,1311021,20433,1369657
13422,1315132,20101,1374510
13423,1307522,21799,1368283
13424,1314818,20929,1375524
13425,1312244,20430,1371025
13426,1308300,20228,1366526
13427,1309299,20803,1368787
13428,1299244,21834,1357318
13429,1314817,20447,1374264
13430,1330707,20392,1394024
13431,1315058,20819,1375173
13432,1306725,21684,1366353
13433,1315188,20666,1376650
13434,1313002,20427,1373725
13435,1310374,20594,1369430
13436,1319688,20947,1382135
13437,1309577,21608,1369981
13438,1311817,20202,1371204
13439,1315558,20666,1375520
13440,1310559,21704,1372651
13441,1304947,21902,1365516
13442,1309781,20422,1368850
13443,1308836,20275,1367388
13444,1307096,20183,1366167
13445,1307058,20777,1366353
13446,1306244,21345,1363959
13447,1310021,20291,1368164
13448,1307818,20477,1366739
13449,1309744,21200,1369036
13450,1305002,21806,1365530
13451,1317355,20862,1378198
13452,1310095,20289,1369440
13453,1329892,21068,1391792
13454,1314169,20088,1373627
13455,1304595,21638,1362881
13456,1310707,20454,1370419
13457,1311281,21158,1371013
13458,1309799,20233,1368828
13459,1303762,22080,1362508
13460,1314539,20599,1375379
13461,1309799,21193,1370899
13462,1311411,20379,1371881
13463,1310596,20121,1368401
13464,1304410,21115,1364062
13465,1315428,20968,1375156
13466,1307374,20340,1366268
13467,1306818,20119,1364899
13468,1305651,21539,1365652
13469,1305596,20559,1363950
13470,1302910,20134,1361192
13471,1316855,20783,1377322
13472,1314577,20636,1374823
13473,1304485,21686,1364114
13474,1318095,20168,1377541
13475,1311410,20188,1370227
13476,1319947,20300,1379876
13477,1308817,21980,1369371
13478,1314058,20481,1373964
13479,1313280,20204,1373688
13480,1305966,20149,1364541
13481,1320373,20576,1380171
13482,1309466,21589,1370740
13483,1309892,20405,1368315
13484,1305633,20740,1366038
13485,1307965,20333,1365724
13486,1304317,21105,1363145
13487,1306688,20792,1364664
13488,1305040,20219,1364425
13489,1304688,20164,1362278
13490,1306058,21684,1366982
13491,1298984,21845,1358625
13492,1307744,20624,1368033
13493,1303485,20439,1361905
13494,1307781,20422,1367943
13495,1300837,21879,1361660
13496,1305355,20380,1364290
13497,1307244,20956,1366143
13498,1315077,20660,1373274
13499,1320521,21606,1382034
13500,1305299,22230,1366362
13501,1307188,20694,1365622
13502,1314669,20436,1374179
13503,1310725,20529,1370069
13504,1300244,21783,1359878
13505,1308947,20525,1367823
13506,1307874,20896,1366584
13507,1579759,24508,1675248
13508,1573000,24657,1669119
13509,1470390,24337,1557800
13510,1627407,24431,1722577
13511,1505038,22061,1591283
13512,1596055,22933,1689413
13513,1397002,22724,1473928
13514,1457650,23336,1540855
13515,1448483,22059,1528226
13516,1429001,21579,1509079
13517,1440038,22580,1521284
13518,1419038,23685,1498001
13519,1436371,21797,1516094
13520,1433705,21872,1514280
13521,1438871,22373,1521578
13522,1650628,24386,1745032
13523,1563925,23925,1658868
13524,1604777,24351,1701035
13525,1539167,22815,1632444
13526,1588333,22224,1684389
13527,1477520,24959,1565533
13528,1555722,22571,1656367
13529,1521092,22332,1609072
13530,1451112,21388,1532592
13531,1422353,23920,1501698
13532,1435946,21606,1514681
13533,1425464,21051,1501367
13534,1447113,22460,1529812
13535,1433446,21239,1512702
13536,1412002,23789,1490197
13537,1435353,22290,1516790
13538,1658295,22013,1755863
13539,1575981,23755,1670957
13540,1509759,24601,1610434
13541,1580796,24972,1676082
13542,1526130,23770,1617806
13543,1586221,26419,1685788
13544,1513427,22957,1604549
13545,1583777,25415,1676802
13546,1466649,22286,1551786
13547,1441798,22472,1522417
13548,1457372,23381,1541603
13549,1414465,24912,1494006
13550,1436149,24432,1519840
13551,1426483,23007,1507711
13552,1434371,23193,1515397
13553,1439483,24342,1523491
13554,1401539,28966,1486023
13555,1604758,23893,1705484
13556,1582573,23894,1679467
13557,1564444,23803,1662376
13558,1473983,25390,1562445
13559,1410224,21113,1483336
13560,1360002,20947,1427782
13561,1340206,20282,1403321
13562,1339002,20579,1402118
13563,1319818,22000,1383539
13564,1331465,20389,1394225
13565,1336762,21131,1400467
13566,1325040,20447,1386968
13567,1306780,21830,1366129
13568,1319206,20794,1381500
13569,1311743,22110,1373964
13570,1310669,20352,1370484
13571,1308947,21335,1368818
13572,1305669,21533,1367313
13573,1313502,20386,1373703
13574,1315521,20461,1374796
13575,1312207,20962,1372001
13576,1303762,21327,1364662
13577,1305855,20457,1364608
13578,1312540,20384,1372905
13579,1326558,21348,1388961
13580,1315836,20701,1376740
13581,1309799,21603,1370365
13582,1321336,20697,1381940
13583,1314466,21642,1375663
13584,1306262,20254,1365534
13585,1304003,21341,1363473
13586,1308651,21120,1368678
13587,1303948,21492,1364512
13588,1303317,20104,1363069
13589,1310447,20716,1369718
13590,1305151,21007,1364620
13591,1317781,20452,1378862
13592,1310836,20249,1370474
13593,1310170,20639,1370456
13594,1316040,21652,1378192
13595,1314447,20098,1373952
13596,1305966,20266,1365916
13597,1309188,20415,1368250
13598,1304781,20379,1363955
13599,1304059,21132,1363283
13600,1307262,20319,1366710
13601,1308633,20060,1367544
13602,1310428,20469,1370064
13603,1311262,21482,1371892
13604,1315206,20187,1374615
13605,1311244,20428,1369468
13606,1311244,20726,1370265
13607,1311114,20486,1371433
13608,1303781,21925,1364372
13609,1314984,20593,1374891
13610,1311799,20205,1371003
13611,1307633,20021,1365875
13612,1303281,22960,1364869
13613,1309670,20350,1368093
13614,1307855,20221,1366742
13615,1308225,20222,1367798
13616,1305837,20279,1366077
13617,1306281,21532,1365961
13618,1311854,20237,1371054
13619,1309077,20034,1367648
13620,1305076,20646,1363334
13621,1302410,21474,1361106
13622,1309188,20031,1368200
13623,1314373,21087,1374460
13624,1367465,20644,1443923
13625,1560110,22238,1651422
13626,1516186,27769,1616213
13627,1529612,23104,1622140
13628,1577222,23105,1674696
13629,1525741,25272,1621883
13630,1486871,27359,1579785
13631,1580999,23527,1677600
13632,1529315,24713,1624342
13633,1533500,25677,1633473
13634,1582962,24808,1679381
13635,1509630,27876,1609043
13636,1550445,27285,1651284
13637,1577203,23027,1670488
13638,1539426,22417,1632286
13639,1513612,25485,1607966
13640,1580092,24486,1676985
13641,1521907,23469,1618505
13642,1571499,23877,1664691
13643,1551241,24063,1642914
13644,1403724,26150,1483966
13645,1374594,21614,1443431
13646,1351447,20467,1415988
13647,1343836,20783,1409544
13648,1326614,22778,1390872
13649,1337540,20797,1399188
13650,1324114,20372,1384745
13651,1318688,20947,1380116
13652,1310632,20467,1370766
13653,1310077,22091,1369649
13654,1322188,20444,1384094
13655,1315965,20278,1375947
13656,1305410,20187,1364893
13657,1306632,21774,1365332
13658,1312855,20275,1372888
13659,1318725,20424,1379130
13660,1307040,20184,1365446
13661,1308966,20445,1366706
13662,1309596,21624,1369367
13663,1312262,20311,1371480
13664,1307651,20701,1366870
13665,1306929,20239,1365019
13666,1303873,21900,1364495
13667,1312854,20271,1371218
13668,1308484,20568,1368312
13669,1310392,20532,1370127
13670,1307281,20126,1365369
13671,1301003,21509,1359993
13672,1309447,20714,1369013
13673,1303911,20012,1361736
13674,1309577,20142,1367256
13675,1300206,21877,1359287
13676,1310132,20601,1368862
13677,1305929,20324,1364826
13678,1310910,20732,1371031
13679,1369391,20215,1432420
13680,1304855,22246,1366545
13681,1305725,20266,1364194
13682,1312281,20767,1373177
13683,1313688,20175,1373511
13684,1300855,22188,1361209
13685,1305892,20375,1365081
13686,1313521,21135,1374637
13687,1314799,20451,1375453
13688,1313373,20304,1374250
13689,1300670,21780,1359578
13690,1319336,22095,1382209
13691,1308817,20171,1368488
13692,1306929,20672,1367137
13693,1304799,21055,1363724
13694,1312910,20204,1373651
13695,1311985,20576,1371819
13696,1304670,20799,1364116
13697,1306355,20670,1366228
13698,1300243,21757,1360315
13699,1308669,20499,1366594
13700,1308391,20241,1367373
13701,1303725,20223,1362967
13702,1305132,21329,1362887
13703,1304132,20571,1361758
13704,1312244,21924,1372722
13705,1305522,20314,1363816
13706,1320465,20648,1381095
13707,1313540,21439,1372997
13708,1309151,21106,1368794
13709,1310077,20181,1368702
13710,1316688,20312,1376648
13711,1318262,21603,1377939
13712,1314762,21437,1376940
13713,1350966,20309,1410792
13714,1318595,20439,1379479
13715,1312596,20885,1372850
13716,1305725,21416,1366252
13717,1311465,20232,1369994
13718,1309355,20696,1370643
13719,1306225,20808,1366200
13720,1298133,21970,1358102
13721,1320373,20526,1380991
13722,1309206,20268,1368381
13723,1307392,20436,1366531
13724,1311725,20325,1370865
13725,1313466,21690,1375341
13726,1311947,20284,1369786
13727,1310669,20526,1369398
13728,1309447,20434,1369751
13729,1301392,22058,1361579
13730,1311299,20337,1369543
13731,1309632,20597,1367507
13732,1315669,20617,1376730
13733,1310373,20099,1368694
13734,1299299,21409,1358226
13735,1311465,21113,1370005
13736,1309392,20244,1369006
13737,1308706,20375,1367396
13738,1299892,21647,1360409
13739,1310725,20926,1371447
13740,1309169,20205,1368429
13741,1310633,20650,1369653
13742,1310114,20799,1370616
13743,1302911,21386,1363278
13744,1307744,20554,1367094
13745,1309429,20129,1367595
13746,1306095,20778,1366392
13747,1306096,21773,1366886
13748,1309207,20237,1367739
13749,1311391,20219,1369537
13750,1302707,20128,1362834
13751,1302966,20351,1360483
13752,1310410,21975,1371681
13753,1316151,21069,1378108
13754,1310077,20200,1369331
13755,1303873,20182,1362296
13756,1327466,21862,1390345
13757,1317929,21178,1379383
13758,1310429,20345,1371255
13759,1311355,20383,1371460
13760,1316985,20773,1377164
13761,1307040,22175,1367937
13762,1310151,20343,1369438
13763,1314892,20122,1375902
13764,1311965,20678,1372199
13765,1303410,22080,1362546
13766,1306984,20377,1366454
13767,1305503,20767,1365473
13768,1305355,21139,1364789
13769,1315040,20529,1375272
13770,1303873,21301,1364081
13771,1303559,20265,1363101
13772,1309503,20655,1369676
13773,1312169,20526,1372288
13774,1305818,21854,1367671
13775,1330225,20207,1394561
13776,1336706,20727,1399580
13777,1316892,20376,1376322
13778,1316558,20155,1376990
13779,1307336,21779,1368318
13780,1322595,20632,1383763
13781,1320947,20484,1382653
13782,1309558,20393,1369247
13783,1300095,21517,1359464
13784,1320762,20074,1380687
13785,1307206,20334,1366225
13786,1306022,21094,1366004
13787,1314040,20632,1372857
13788,1305022,21664,1364870
13789,1310948,20294,1370334
13790,1316910,21073,1378946
13791,1310558,20352,1369762
13792,1300762,21661,1361627
13793,1310911,20922,1371276
13794,1316391,20904,1377425
13795,1307336,20498,1367537
13796,1308651,20369,1368242
13797,1302651,21623,1362236
13798,1323670,20513,1386070
13799,1320262,20736,1381442
13800,1309300,20830,1369906
13801,1306706,21343,1365456
13802,1307429,20918,1367624
13803,1310540,20345,1368514
13804,1311373,20624,1370978
13805,1313855,20495,1373775
13806,1300725,21378,1360973
13807,1314058,24120,1376548
13808,1310373,20936,1370235
13809,1308447,20326,1367995
13810,1303280,21654,1364415
13811,1308243,20470,1367546
13812,1307799,20711,1367121
13813,1303688,20157,1360733
13814,1310318,20176,1369086
13815,1308299,21449,1368525
13816,1310910,20468,1370693
13817,1308002,20043,1365694
13818,1307429,20192,1366047
13819,1310281,21650,1371374
13820,1312188,20299,1373079
13821,1319207,20448,1380302
13822,1318059,20820,1379285
13823,1315224,20358,1375471
13824,1328281,22056,1389947
13825,1320243,21168,1379892
13826,1315558,20873,1376708
13827,1309651,20078,1367932
13828,1298336,21461,1358537
13829,1312892,20221,1371909
13830,1312058,20370,1372558
13831,1307780,20223,1367837
13832,1302243,20095,1360523
13833,1307743,21867,1367795
13834,1312058,20127,1371222
13835,1305558,20091,1364075
13836,1307299,20277,1367706
13837,1309948,21698,1370311
13838,1314873,20162,1373886
13839,1304966,20570,1364350
13840,1305095,20331,1363851
13841,1309966,20387,1369352
13842,1306836,21530,1366569
13843,1315206,20383,1374700
13844,1313595,20254,1374405
13845,1309966,20329,1369054
13846,1307133,21398,1366345
13847,1311892,20677,1370642
13848,1310151,20085,1369624
13849,1308873,20049,1367348
13850,1311243,20772,1371367
13851,1303484,22267,1363973
13852,1309707,20194,1368511
13853,1302318,20047,1360605
13854,1391612,21659,1465530
13855,1321225,21394,1384229
13856,1322262,20339,1383156
13857,1315892,20618,1376380
13858,1312225,20286,1373010
13859,1306966,21102,1368123
13860,1303522,21930,1364247
13861,1312022,20357,1371581
13862,1307873,20265,1367416
13863,1307113,20822,1366731
13864,1305706,21946,1365244
13865,1311187,20150,1370486
13866,1304096,20207,1363432
13867,1319558,20634,1381229
13868,1317669,20431,1379119
13869,1307318,22593,1368613
13870,1311595,20371,1371263
13871,1329780,20687,1391337
13872,1319170,21207,1380042
13873,1305392,22294,1366592
13874,1314632,20462,1374630
13875,1316836,20888,1376206
13876,1311059,21019,1371429
13877,1310410,20835,1370708
13878,1302392,21441,1361832
13879,1322243,21590,1383944
13880,1311966,21165,1371889
13881,1309669,20333,1368779
13882,1305521,21272,1364533
13883,1314484,20791,1373441
13884,1310780,21440,1371035
13885,1308558,20275,1368703
13886,1305022,20424,1365297
13887,1303262,21511,1362328
13888,1309929,20753,1369570
13889,1309836,20402,1369200
13890,1306169,20347,1366461
13891,1298077,21416,1357011
13892,1309133,20639,1369030
13893,1303743,20436,1363439
13894,1307873,20400,1367792
13895,1303540,20309,1362478
13896,1307836,21377,1367806
13897,1312521,20230,1370696
13898,1303189,20417,1363437
13899,1307355,20251,1366457
13900,1305040,21338,1365340
13901,1313281,20543,1373175
13902,1310559,20247,1369861
13903,1312762,20674,1372658
13904,1314114,20379,1372956
13905,1302429,21392,1362154
13906,1308540,20912,1368525
13907,1305170,20561,1364378
13908,1305818,20284,1364990
13909,1303484,22408,1364837
13910,1309762,21113,1369523
13911,1304799,20355,1364431
13912,1305188,20226,1363877
13913,1313262,20764,1373081
13914,1305133,21944,1366669
13915,1310114,20538,1368244
13916,1301077,20613,1360504
13917,1332373,20669,1397412
13918,1324262,22701,1389851
13919,1575685,22813,1670015
13920,1602592,26518,1702201
13921,1525130,22926,1617703
13922,1582722,26575,1684648
13923,1436816,24699,1525107
13924,1614351,24182,1711180
13925,1464519,23331,1550831
13926,1441186,21499,1522444
13927,1402650,22827,1481457
13928,1428835,22476,1511699
13929,1430446,21255,1508218
13930,1421779,21182,1501071
13931,1436909,21849,1515850
13932,1421631,23251,1501400
13933,1428483,22067,1509975
13934,1628981,29698,1734918
13935,1577352,22291,1671068
13936,1488426,24989,1577693
13937,1561314,24639,1658323
13938,1597426,24195,1707416
13939,1520186,24252,1613677
13940,1599925,23845,1703585
13941,1438187,24747,1520785
13942,1472112,23211,1558360
13943,1442001,21435,1520731
13944,1431557,21362,1512214
13945,1418168,23078,1497524
13946,1431946,22024,1514024
13947,1436316,20821,1514414
13948,1432353,22081,1512304
13949,1430872,21286,1509972
13950,1408723,23355,1486430
13951,1606592,30337,1717113
13952,1578666,23690,1674633
13953,1583833,25487,1685393
13954,1484019,23926,1573260
13955,1582370,22150,1686833
13956,1509500,23651,1600428
13957,1619777,24355,1719409
13958,1458260,21597,1542746
13959,1406760,24888,1487944
13960,1455649,23500,1538519
13961,1457482,22112,1539668
13962,1451038,21484,1532243
13963,1410501,23626,1486627
13964,1441167,22238,1521332
13965,1444835,24202,1528573
13966,1435761,21481,1517741
13967,1616832,34908,1728240
13968,1493852,24292,1584347
13969,1583759,23774,1676902
13970,1485427,24201,1573386
13971,1386002,21887,1457055
13972,1345429,21956,1414476
13973,1344169,21142,1409348
13974,1334595,20532,1397090
13975,1340336,20848,1405035
13976,1331985,20627,1394092
13977,1320114,21547,1382679
13978,1323947,20437,1385124
13979,1312632,20568,1374422
13980,1312669,20624,1373182
13981,1310762,21508,1372158
13982,1318669,20138,1379974
13983,1315540,20343,1376271
13984,1306577,20529,1366272
13985,1316002,20364,1375292
13986,1310577,21840,1372490
13987,1316947,20452,1376584
13988,1313133,20286,1374362
13989,1314058,20935,1374956
13990,1302892,21319,1362432
13991,1310873,20060,1369878
13992,1316484,20913,1377638
13993,1310003,20322,1367824
13994,1315873,20619,1376103
13995,1314299,21891,1375782
13996,1317040,20355,1378154
13997,1306947,20356,1365433
13998,1319077,20598,1379952
13999,1310299,22111,1370447
14000,1312336,20186,1372874
14001,1312336,20280,1371208
14002,1322633,20762,1384413
14003,1309392,20430,1368821
14004,1413650,22054,1495722
14005,1580037,22333,1672165
14006,1566129,21797,1658037
14007,1592037,24261,1697278
14008,1521296,25052,1609218
14009,1528204,22756,1620200
14010,1569667,24313,1664497
14011,1544371,23536,1641350
14012,1565074,22519,1659110
14013,1472001,24384,1559976
14014,1586055,23866,1684106
14015,1573870,22664,1667625
14016,1528685,23702,1625349
14017,1513371,26437,1609529
14018,1563463,22401,1660252
14019,1574074,24624,1670290
14020,1549296,25218,1644976
14021,1555296,23645,1651458
14022,1526019,24510,1620805
14023,1489223,22659,1578844
14024,1378965,20567,1449032
14025,1357539,21161,1425514
14026,1328410,22785,1394991
14027,1339614,20434,1402695
14028,1318225,20268,1379604
14029,1327503,21047,1390679
14030,1323206,20715,1384384
14031,1339910,22228,1410174
14032,1348706,20359,1414731
14033,1320392,20860,1382954
14034,1319280,20750,1381715
14035,1312651,21892,1373895
14036,1329095,20801,1390969
14037,1312836,20468,1371452
14038,1310299,20081,1369861
14039,1396927,21248,1464786
14040,1322873,21854,1384763
14041,1319076,20410,1380283
14042,1318169,20467,1378117
14043,1324650,20412,1385729
14044,1308466,21481,1369150
14045,1320336,20297,1380169
14046,1315688,20446,1376504
14047,1317206,20373,1376875
14048,1313317,20300,1373043
14049,1301299,21665,1361019
14050,1310021,20647,1369613
14051,1309650,20352,1368688
14052,1313670,21835,1374244
14053,1299614,21403,1358350
14054,1347484,20738,1408647
14055,1312781,20313,1371482
14056,1308392,21277,1369446
14057,1313022,20481,1373206
14058,1304818,21661,1364793
14059,1312114,20107,1370590
14060,1309854,21459,1370869
14061,1317207,20757,1378055
14062,1300948,21603,1360717
14063,1310058,20493,1370181
14064,1315502,21513,1376663
14065,1316947,20828,1376627
14066,1303595,20292,1363591
14067,1314947,21528,1377567
14068,1314873,21214,1375901
14069,1312133,20289,1371921
14070,1310151,20216,1369478
14071,1310410,21766,1372398
14072,1313188,20156,1373992
14073,1307966,20324,1367567
14074,1308781,20269,1368494
14075,1330503,20807,1392698
14076,1313577,21487,1376637
14077,1320966,20451,1380286
14078,1311373,20544,1371028
14079,1313336,20379,1373177
14080,1311262,21707,1370468
14081,1314650,20689,1374506
14082,1309003,20431,1368822
14083,1314633,20228,1373638
14084,1310577,20618,1370158
14085,1303225,21631,1362689
14086,1307040,20188,1367005
14087,1307743,20152,1366839
14088,1314707,20708,1376729
14089,1304095,22240,1365983
14090,1312114,20130,1374151
14091,1315280,20835,1375503
14092,1314818,21206,1376097
14093,1305318,20318,1364728
14094,1303577,21794,1363185
14095,1306614,20351,1365501
14096,1307466,21315,1367298
14097,1316262,22019,1377429
14098,1301706,21551,1360794
14099,1315021,20033,1375369
14100,1311262,20127,1369944
14101,1301929,21184,1361705
14102,1309743,20259,1370094
14103,1301281,21457,1360015
14104,1310447,20180,1370108
14105,1306948,21033,1366035
14106,1418483,21090,1492998
14107,1327818,22029,1391845
14108,1337781,20382,1402643
14109,1370688,21494,1439995
14110,1327410,20161,1389793
14111,1321132,20607,1383127
14112,1320651,21453,1384363
14113,1328169,20862,1391067
14114,1311614,20585,1373272
14115,1316114,20567,1375958
14116,1326910,21284,1391657
14117,1329114,20822,1392528
14118,1313503,20008,1373511
14119,1311855,20380,1370678
14120,1322336,21196,1383327
14121,1310910,21616,1373470
14122,1309096,20265,1368712
14123,1316780,20100,1376361
14124,1312540,20675,1374158
14125,1300632,22058,1360135
14126,1310002,20244,1369617
14127,1322595,20579,1383229
14128,1315281,20265,1375730
14129,1318410,20192,1376787
14130,1311373,21390,1371133
14131,1317447,20428,1377393
14132,1315892,20337,1375228
14133,1312817,20245,1371673
14134,1309299,21091,1369038
14135,1315577,20203,1375002
14136,1315391,20501,1374225
14137,1317188,21150,1377263
14138,1315929,21021,1377264
14139,1311669,21905,1371407
14140,1320965,20684,1381908
14141,1316614,20092,1377224
14142,1317521,20204,1376503
14143,1307003,21625,1365664
14144,1336502,21755,1399757
14145,1318373,20256,1379258
14146,1315151,20239,1374926
14147,1316317,21258,1377353
14148,1311299,21290,1371811
14149,1310021,20106,1368330
14150,1308892,20292,1368665
14151,1312984,21015,1372851
14152,1301503,21121,1362049
14153,1314077,20307,1372717
14154,1314577,20308,1375810
14155,1315818,20253,1375015
14156,1311429,20217,1370183
14157,1300984,21805,1361529
14158,1306540,20695,1367382
14159,1303744,20066,1363624
14160,1317077,21085,1376828
14161,1305947,21432,1364990
14162,1309447,20488,1368398
14163,1308188,20545,1367621
14164,1318540,20416,1380289
14165,1311076,20825,1371216
14166,1302225,22097,1362877
14167,1335336,21061,1401693
14168,1317466,20340,1377712
14169,1313780,21304,1375010
14170,1307503,21335,1369060
14171,1316577,20744,1377672
14172,1319317,20115,1379117
14173,1312966,20487,1373452
14174,1308651,20265,1368083
14175,1307132,21167,1367818
14176,1312966,19983,1373282
14177,1307577,21021,1367653
14178,1305280,20485,1365506
14179,1307540,21628,1367038
14180,1311817,20240,1370872
14181,1316687,21297,1377003
14182,1313077,20150,1372467
14183,1308522,20725,1369523
14184,1306929,20867,1367073
14185,1310485,21109,1370426
14186,1312096,20684,1372001
14187,1308521,20148,1367817
14188,1305688,21106,1364886
14189,1317429,21033,1376405
14190,1333965,20682,1396980
14191,1319002,20331,1379185
14192,1309169,20388,1369094
14193,1311448,21752,1371181
14194,1310484,20235,1370552
14195,1308725,20310,1366775
14196,1322150,21144,1382591
14197,1307336,21583,1367419
14198,1311170,20362,1369198
14199,1305262,20048,1362588
14200,1312596,20864,1372829
14201,1306910,20254,1366349
14202,1298392,21267,1358121
14203,1313817,19972,1372919
14204,1313743,20528,1373086
14205,1312299,20159,1371421
14206,1302373,21283,1361582
14207,1313706,20507,1372898
14208,1307670,20489,1367362
14209,1314021,20212,1373437
14210,1311911,20324,1370919
14211,1297837,21597,1356192
14212,1307706,20450,1366359
14213,1318818,20691,1379360
14214,1309855,20192,1368528
14215,1301836,21668,1361208
14216,1310448,20114,1369561
14217,1316799,20689,1376950
14218,1310299,20560,1369100
14219,1308818,20265,1367619
14220,1310429,21871,1371669
14221,1314929,21224,1375226
14222,1306781,20225,1367616
14223,1316429,20800,1375913
14224,1315021,21813,1376037
14225,1313725,20240,1373575
14226,1308317,20389,1368780
14227,1309725,20482,1368503
14228,1307336,20261,1365467
14229,1301911,21478,1361869
14230,1304521,20257,1363278
14231,1309410,20221,1367908
14232,1303225,20203,1362613
14233,1302577,21494,1361256
14234,1313022,20291,1372497
14235,1312040,20163,1371147
14236,1325985,21331,1388166
14237,1316280,21258,1377000
14238,1315373,21215,1375643
14239,1312929,20253,1372589
14240,1307614,20495,1366553
14241,1311743,21237,1371202
14242,1300948,21120,1360085
14243,1309058,20158,1367809
14244,1310133,21011,1370495
14245,1315169,20642,1376459
14246,1312539,20272,1371923
14247,1306855,22045,1367436
14248,1312355,20212,1372826
14249,1311206,19954,1371234
14250,1316540,20399,1376457
14251,1301577,21487,1361156
14252,1317484,19988,1378342
14253,1315188,20396,1374176
14254,1310318,20119,1368325
14255,1308651,20250,1368160
14256,1308077,21689,1368395
14257,1314040,20227,1372563
14258,1315039,20043,1374749
14259,1308151,20248,1367213
14260,1306577,21131,1364911
14261,1310058,20280,1369986
14262,1312392,20263,1371932
14263,1309262,20227,1368544
14264,1311040,20487,1370545
14265,1312577,21778,1372743
14266,1317669,21279,1378874
14267,1311892,20539,1371041
14268,1313003,20151,1371431
14269,1317188,21553,1377648
14270,1314799,20628,1375575
14271,1310151,20333,1368817
14272,1308743,20093,1367540
14273,1320058,21039,1381115
14274,1302985,21441,1362443
14275,1308670,21127,1367518
14276,1312132,20776,1372538
14277,1311410,20592,1370002
14278,1304707,21012,1363737
14279,1318058,21402,1379497
14280,1312559,20200,1371887
14281,1306262,20349,1366629
14282,1317503,20665,1377000
14283,1310281,22048,1371347
14284,1315428,20475,1376199
14285,1314040,20420,1373219
14286,1308151,20829,1368461
14287,1307077,21860,1367122
14288,1306614,20176,1365901
14289,1310577,20418,1369846
14290,1313669,20882,1374199
14291,1307244,20105,1367608
14292,1301392,21785,1360584
14293,1304577,20249,1362288
14294,1315484,20454,1375437
14295,1306448,20307,1364402
14296,1301503,22005,1361692
14297,1308151,20154,1366767
14298,1304540,20451,1362491
14299,1308873,20878,1367381
14300,1313614,21416,1375233
14301,1305854,21614,1366450
14302,1307058,20856,1367192
14303,1311651,20246,1371267
14304,1311836,21543,1373416
14305,1301040,21853,1362263
14306,1313299,20317,1373152
14307,1312336,20355,1372024
14308,1317855,20411,1377673
14309,1307280,20375,1366637
14310,1310725,21907,1370206
14311,1321151,20464,1381799
14312,1314577,20261,1373967
14313,1307502,20410,1366838
14314,1303744,21719,1363555
14315,1314836,20369,1375315
14316,1315170,20073,1374205
14317,1313281,20445,1372354
14318,1309540,20149,1368744
14319,1310577,21885,1369961
14320,1320706,20552,1380443
14321,1317318,20942,1377870
14322,1313095,20814,1373686
14323,1303762,21623,1363033
14324,1315873,20087,1375293
14325,1319040,21014,1379461
14326,1309299,20163,1368517
14327,1307540,20183,1366111
14328,1310206,21862,1370402
14329,1315021,20567,1374051
14330,1323928,20383,1395200
14331,1593426,23588,1691957
14332,1530055,25860,1620748
14333,1532130,23620,1626138
14334,1605925,23825,1703879
14335,1494648,22252,1584900
14336,1620110,23809,1716473
14337,1405446,23173,1490841
14338,1458871,22397,1539934
14339,1445482,22898,1525417
14340,1441039,21528,1519288
14341,1401743,23430,1480042
14342,1446482,22079,1528561
14343,1430723,22692,1511470
14344,1437390,22156,1517971
14345,1435650,20953,1516528
14346,1683943,41188,1815130
14347,1576574,22134,1666503
14348,1610128,24449,1707707
14349,1534704,22580,1628635
14350,1483408,27519,1573426
14351,1558130,24890,1657352
14352,1528056,24299,1635817
14353,1541945,21781,1630818
14354,1462056,24301,1547098
14355,1413038,24925,1495426
14356,1449815,23648,1532204
14357,1431816,23057,1511780
14358,1436872,23854,1518207
14359,1420649,25608,1501572
14360,1427501,23313,1509184
14361,1431205,23480,1514314
14362,1442909,22630,1523371
14363,1620870,25927,1727221
14364,1513871,25051,1607236
14365,1585240,22978,1689069
14366,1544741,26034,1641256
14367,1543148,23091,1645886
14368,1532926,29919,1631826
14369,1516500,23272,1608975
14370,1547685,23884,1644809
14371,1465260,22552,1552848
14372,1449075,23127,1531461
14373,1400668,24640,1479067
14374,1438371,24826,1521475
14375,1423353,22549,1503846
14376,1424853,23291,1504384
14377,1403224,24989,1481527
14378,1445927,23009,1527361
14379,1431798,23825,1513381
14380,1621851,25937,1726176
14381,1622388,23123,1717306
14382,1501668,27080,1598284
14383,1504149,23248,1594507
14384,1599185,22471,1696229
14385,1574944,24361,1674879
14386,1463057,26448,1554467
14387,1565666,25227,1662671
14388,1567592,23691,1664486
14389,1532556,25007,1630840
14390,1578573,23286,1673822
14391,1472631,25373,1561373
14392,1561611,24541,1658614
14393,1570222,22745,1662726
14394,1562203,23783,1656468
14395,1515278,25204,1607518
14396,1601555,22038,1695870
14397,1528241,22521,1620872
14398,1556759,25522,1658002
14399,1649109,24115,1747465
14400,1483149,22703,1570406
14401,1587814,24944,1686665
14402,1581018,23723,1676425
14403,1412928,21539,1491336
14404,1345540,22348,1413035
14405,1333910,20331,1397944
14406,1355539,20739,1422185
14407,1346373,21055,1414242
14408,1335354,20278,1399503
14409,1322540,22402,1387071
14410,1326873,20922,1390443
14411,1324132,20275,1385666
14412,1330373,21054,1394222
14413,1311503,21900,1373088
14414,1322466,21012,1385700
14415,1313929,19902,1374997
14416,1313003,20422,1375442
14417,1310225,20349,1370981
14418,1304484,22510,1367086
14419,1311985,20085,1372087
14420,1310392,20679,1371107
14421,1318947,20513,1380034
14422,1314503,21656,1376639
14423,1311966,20342,1370807
14424,1314392,20806,1374530
14425,1322503,21251,1383161
14426,1307910,20104,1368069
14427,1304225,21876,1363823
14428,1310411,21711,1372380
14429,1318151,20508,1378214
14430,1307706,20324,1367049
14431,1303854,22041,1363932
14432,1308374,20394,1368563
14433,1304743,20506,1364582
14434,1306669,20266,1365083
14435,1303614,20656,1362806
14436,1307225,21113,1367023
14437,1309429,20263,1368006
14438,1309503,21115,1369118
14439,1302781,20468,1362193
14440,1302911,22204,1363354
14441,1311743,20242,1370725
14442,1310410,21557,1371708
14443,1315336,19929,1376505
14444,1313670,20152,1374488
14445,1313502,21276,1373519
14446,1312002,21425,1374576
14447,1311132,20278,1371781
14448,1308985,20428,1367263
14449,1311207,21385,1372628
14450,1315632,20201,1374944
14451,1308503,20683,1368501
14452,1310428,20203,1369187
14453,1314484,21148,1375632
14454,1305392,22032,1366238
14455,1307780,20440,1366906
14456,1310706,20182,1370629
14457,1327262,20313,1387722
14458,1303688,21566,1364569
14459,1307818,20308,1367403
14460,1307003,20143,1366404
14461,1306151,20199,1365979
14462,1306021,20552,1364610
14463,1303577,21306,1364512
14464,1308392,20362,1368642
14465,1312984,20197,1372495
14466,1321336,20568,1383570
14467,1309096,22192,1370361
14468,1309502,20230,1369066
14469,1312855,20268,1372382
14470,1315873,20658,1375309
14471,1313299,20956,1373532
14472,1299133,22006,1359712
14473,1312892,20210,1371991
14474,1320577,21137,1382065
14475,1307855,20342,1366493
14476,1301596,21651,1360654
14477,1338706,20912,1402117
14478,1315985,20209,1376730
14479,1305207,20395,1363842
14480,1306873,20193,1366713
14481,1303003,21687,1362467
14482,1308799,20392,1368820
14483,1309706,21097,1370025
14484,1307448,20209,1366248
14485,1302170,21407,1360650
14486,1311225,20186,1371077
14487,1314355,21076,1375022
14488,1310206,20188,1371153
14489,1314447,20133,1375024
14490,1310540,21517,1371093
14491,1315003,21203,1375261
14492,1312040,20093,1371577
14493,1305596,20186,1364059
14494,1307965,21199,1369480
14495,1317577,21904,1381314
14496,1308984,20424,1368371
14497,1307965,20388,1367816
14498,1313188,21259,1374243
14499,1306651,22198,1367256
14500,1309095,20421,1368238
14501,1331614,20608,1394332
14502,1326799,21960,1391259
14503,1313317,21733,1375420
14504,1313781,20271,1374014
14505,1316114,20142,1375978
14506,1310947,20291,1368997
14507,1311633,20255,1371517
14508,1309206,21546,1369197
14509,1311447,20343,1370475
14510,1309818,20141,1368976
14511,1310299,20012,1370163
14512,1304633,21229,1365268
14513,1331947,20434,1393880
14514,1313595,20027,1373622
14515,1317799,19862,1376216
14516,1312614,20770,1372272
14517,1304096,21302,1364230
14518,1315670,20451,1375157
14519,1314985,21359,1374621
14520,1310725,20175,1370196
14521,1300040,21484,1358413
14522,1316780,20689,1376303
14523,1309336,20264,1367600
14524,1306799,21228,1365916
14525,1312799,20211,1372009
14526,1309206,21520,1367782
14527,1311336,20280,1370190
14528,1309299,21189,1369284
14529,1310595,20116,1370248
14530,1302503,21647,1362798
14531,1311984,20371,1371502
14532,1309836,21001,1369596
14533,1304836,20187,1363634
14534,1304947,20207,1364320
14535,1302910,21220,1361000
14536,1341947,20906,1407130
14537,1317873,20241,1378502
14538,1317818,20093,1377948
14539,1309873,21106,1370553
14540,1311744,21274,1371962
14541,1313262,20127,1371870
14542,1306392,20573,1365575
14543,1312429,20574,1372317
14544,1304706,22605,1366256
14545,1311318,20421,1370849
14546,1306114,19959,1363758
14547,1309910,21090,1370259
14548,1302299,21640,1362772
14549,1307096,20382,1365495
14550,1306521,19994,1365403
14551,1314373,20180,1373627
14552,1308707,20144,1367535
14553,1302651,21731,1362252
14554,1319410,20362,1379512
14555,1314299,20252,1372309
14556,1304800,20253,1364329
14557,1300522,21525,1359416
14558,1315892,20322,1374287
14559,1324225,20064,1386381
14560,1309966,20584,1370049
14561,1308947,20362,1367902
14562,1308466,21894,1368304
14563,1303689,20302,1361916
14564,1310984,20822,1371417
14565,1311113,20582,1371140
14566,1302447,21836,1360931
14567,1308559,20522,1367562
14568,1317096,20782,1376674
14569,1315539,20413,1373878
14570,1304818,20322,1362731
14571,1306447,22427,1367615
14572,1308781,20280,1368282
14573,1307614,20300,1367246
14574,1310448,20486,1368914
14575,1302280,21295,1362946
14576,1309447,20241,1368798
14577,1304966,20279,1362818
14578,1310984,20409,1370504
14579,1315132,19984,1374079
14580,1301095,21812,1362296
14581,1309484,20128,1369519
14582,1378076,21907,1449186
14583,1330910,20167,1392336
14584,1309725,21662,1369497
14585,1315892,20274,1375184
14586,1310003,20738,1370796
14587,1313892,20239,1372593
14588,1350428,20629,1416501
14589,1319558,21253,1381459
14590,1314966,20106,1375756
14591,1319892,20570,1380831
14592,1320836,20293,1381666
14593,1308021,21306,1367271
14594,1308225,20640,1368939
14595,1315576,20327,1373996
14596,1320540,21272,1382219
14597,1316373,20347,1377016
14598,1306855,21749,1366474
14599,1303411,20769,1363271
14600,1309077,20159,1367920
14601,1304614,19993,1362792
14602,1300262,21302,1359712
14603,1315762,20581,1377176
14604,1313633,21304,1373788
14605,1323244,20398,1383271
14606,1307114,20603,1366198
14607,1310707,21431,1370100
14608,1309188,20321,1367693
14609,1312947,20377,1371379
14610,1313225,20841,1373362
14611,1301391,21428,1360486
14612,1311188,20614,1371969
14613,1310818,20134,1368933
14614,1308873,20505,1369360
14615,1303336,20284,1361398
14616,1307892,21871,1368077
14617,1318022,20706,1378763
14618,1309651,20299,1368135
14619,1312151,20115,1370729
14620,1310206,21758,1369945
14621,1319947,20111,1379817
14622,1307707,21167,1366855
14623,1309818,20353,1369060
14624,1307800,20373,1367598
14625,1308873,21145,1366629
14626,1316150,19980,1375204
14627,1304207,19944,1361039
14628,1307633,19982,1365466
14629,1304688,21439,1364053
14630,1308948,20107,1366183
14631,1312114,20182,1372295
14632,1309133,20313,1368593
14633,1304595,20425,1362668
14634,1307447,21604,1367292
14635,1312966,19939,1372941
14636,1304799,20144,1363998
14637,1306151,20145,1363425
14638,1304095,21361,1362660
14639,1316114,20474,1375920
14640,1306966,20141,1366403
14641,1310540,20383,1369071
14642,1312058,19699,1370664
14643,1296725,21619,1355844
14644,1310448,20083,1367808
14645,1314910,20510,1374087
14646,1309558,20215,1368051
14647,1296855,21284,1355453
14648,1308744,20062,1365602
14649,1312299,20100,1369214
14650,1314262,20064,1374344
14651,1319188,20028,1379457
14652,1305484,21282,1364044
14653,1305910,20005,1363637
14654,1304558,20081,1363213
14655,1312632,20267,1372047
14656,1307817,21354,1368467
14657,1306207,20207,1363357
14658,1310392,20134,1369284
14659,1310948,20746,1370637
14660,1300780,20062,1359768
14661,1302133,22167,1361892
14662,1305614,20872,1364578
14663,1311151,20503,1370301
14664,1304206,20133,1362932
14665,1296947,21498,1355797
14666,1312614,20999,1372761
14667,1304985,21000,1364355
14668,1303762,20298,1362596
14669,1311206,20688,1371597
14670,1309595,21423,1369462
14671,1307725,21183,1367630
14672,1302781,20240,1362557
14673,1307521,20685,1367058
14674,1313577,21328,1375293
14675,1307744,20699,1366813
14676,1308614,20200,1367425
14677,1306225,20794,1365241
14678,1303836,20610,1363427
14679,1303095,21326,1362699
14680,1314447,20568,1376033
14681,1305410,20180,1364423
14682,1314874,20774,1375184
14683,1308632,21824,1370993
14684,1311984,20121,1371587
14685,1312299,20530,1372569
14686,1312521,20753,1373107
14687,1316577,20273,1376127
14688,1307410,21434,1367807
14689,1308985,20157,1367345
14690,1305799,20640,1364846
14691,1312577,20104,1371402
14692,1305744,21024,1366267
14693,1309207,20173,1368213
14694,1309762,20285,1368214
14695,1305003,20175,1364252
14696,1303206,20102,1361938
14697,1301669,21097,1361655
14698,1313355,20024,1373026
14699,1312688,19988,1372157
14700,1313651,20044,1373139
14701,1300873,21187,1359800
14702,1308410,19947,1367338
14703,1306669,20226,1364414
14704,1314040,20005,1372933
14705,1306354,20802,1366119
14706,1298484,21445,1357873
14707,1311706,21612,1371318
14708,1319021,20817,1380097
14709,1309188,21985,1370450
14710,1302114,21905,1361926
14711,1313632,20851,1371909
14712,1310707,19963,1368206
14713,1305818,21020,1364077
14714,1307299,20169,1365245
14715,1300614,21311,1358462
14716,1309429,20275,1367037
14717,1307170,21313,1366316
14718,1309633,20129,1369502
14719,1304318,21661,1363126
14720,1311503,20217,1370146
14721,1311170,21052,1371795
14722,1312059,20238,1370296
14723,1301799,20109,1360890
14724,1305910,21252,1364958
14725,1315354,20642,1374829
14726,1316892,20365,1377571
14727,1313984,20274,1373924
14728,1308503,21120,1368271
14729,1309077,20436,1367697
14730,1310633,20178,1368791
14731,1306484,20956,1366440
14732,1310206,20587,1369626
14733,1310170,21804,1370825
14734,1309484,23842,1372381
14735,1303188,20324,1361808
14736,1311225,20603,1371957
14737,1330113,21727,1393674
14738,1310929,20173,1371231
14739,1308318,20229,1368806
14740,1311077,20101,1371196
14741,1309244,20194,1368401
14742,1300651,21837,1360840
14743,1371761,20171,1448210
14744,1566500,23802,1660708
14745,1565426,24174,1666783
14746,1472815,26316,1564242
14747,1602110,25558,1699834
14748,1495074,24022,1585725
14749,1599592,24486,1697336
14750,1457686,22209,1543432
14751,1416631,25518,1497279
14752,1431983,23297,1514168
14753,1427502,22947,1508447
14754,1440742,23410,1522652
14755,1411298,25164,1493036
14756,1422112,23295,1500573
14757,1436390,22574,1516648
14758,1427613,23408,1508650
14759,1792756,26317,1891276
14760,1491612,25015,1580570
14761,1592573,24368,1687385
14762,1565185,22813,1662164
14763,1640407,25388,1751590
14764,1713276,31142,1814824
14765,1645962,24273,1746011
14766,1723275,25644,1828252
14767,1620851,23978,1715495
14768,1601740,24165,1701848
14769,1493538,28307,1590640
14770,1606277,25568,1712344
14771,1599629,25217,1700271
14772,1615537,24366,1713309
14773,1523834,27620,1618971
14774,1620128,25973,1723434
14775,1596815,25214,1698454
14776,1838478,24419,1943952
14777,1680109,32661,1790843
14778,1593221,27544,1702006
14779,1706387,25286,1808191
14780,1696794,27676,1807562
14781,1660017,25621,1780508
14782,1577389,27153,1673818
14783,1655720,29450,1769800
14784,1561555,24803,1659561
14785,1484075,22730,1569100
14786,1449742,23250,1532306
14787,1412927,24929,1493671
14788,1449649,23449,1531005
14789,1449761,22931,1531858
14790,1424243,22470,1503970
14791,1421557,26945,1502113
14792,1445576,23206,1529632
14793,1424797,23003,1506485
14794,1623888,25060,1725410
14795,1610610,23616,1704948
14796,1496630,28074,1590944
14797,1495871,23593,1583315
14798,1363113,21354,1433374
14799,1353892,20707,1420745
14800,1317687,22164,1380481
14801,1357669,20795,1421963
14802,1330428,20629,1393224
14803,1331262,20352,1392799
14804,1321318,20964,1383115
14805,1314984,21477,1376702
14806,1327595,20090,1387832
14807,1317373,20517,1377093
14808,1311151,20147,1372112
14809,1306817,21123,1367885
14810,1318318,20532,1378034
14811,1313337,20255,1372646
14812,1328909,21071,1391054
14813,1316373,20164,1376185
14814,1306651,21214,1365495
14815,1316466,19975,1376736
14816,1304095,20272,1362700
14817,1317614,20088,1376942
14818,1306188,21416,1366585
14819,1317947,20472,1378326
14820,1313188,20399,1373957
14821,1313892,20678,1374162
14822,1316743,21087,1377552
14823,1302614,22025,1362806
14824,1315206,20601,1375640
14825,1321817,20565,1381622
14826,1307558,20417,1366383
14827,1301688,21412,1360674
14828,1309429,20672,1369823
14829,1306354,20525,1364250
14830,1310355,20248,1368788
14831,1307984,21286,1368215
14832,1309428,21688,1369394
14833,1313818,20301,1373525
14834,1312410,20394,1371526
14835,1314559,21321,1374527
14836,1305503,21871,1365892
14837,1309021,20224,1368041
14838,1308466,20281,1366746
14839,1306114,21004,1365432
14840,1305003,20042,1364507
14841,1300540,21796,1360298
14842,1317744,20815,1377595
14843,1308317,25390,1372393
14844,1308096,20169,1367135
14845,1302688,22756,1362703
14846,1316577,20480,1378852
14847,1316354,20425,1376779
14848,1338244,20222,1400298
14849,1311448,20075,1371744
14850,1311651,21792,1373146
14851,1321558,20219,1380573
14852,1309929,20109,1369259
14853,1308244,20443,1366964
14854,1309280,21586,1370514
14855,1317021,20365,1376256
14856,1311466,20662,1370646
14857,1313114,20367,1372406
14858,1324706,21497,1387796
14859,1309096,21214,1368642
14860,1315818,20474,1375384
14861,1311410,20179,1369941
14862,1312336,20828,1371757
14863,1314336,21175,1374992
14864,1327558,21213,1389437
14865,1315150,20510,1374346
14866,1312410,20215,1370069
14867,1309522,20457,1367903
14868,1304688,21821,1365453
14869,1309966,20248,1369788
14870,1308780,20527,1368159
14871,1318392,21399,1379438
14872,1306707,21560,1367858
14873,1305892,19987,1364434
14874,1309762,20154,1368583
14875,1318910,20433,1378454
14876,1307966,20120,1366233
14877,1297651,21466,1355931
14878,1311206,20300,1371506
14879,1311836,20116,1370100
14880,1303503,20265,1362842
14881,1294948,21463,1353299
14882,1306188,20372,1364578
14883,1308911,20188,1366727
14884,1310318,20318,1369673
14885,1306837,20486,1365748
14886,1304873,21888,1365261
14887,1307188,20334,1365280
14888,1316095,20668,1376522
14889,1309169,20354,1367338
14890,1306428,21737,1365777
14891,1309595,21053,1368315
14892,1315169,20480,1375408
14893,1304132,20278,1363873
14894,1310540,20630,1371077
14895,1313837,22014,1375720
14896,1310837,20348,1370702
14897,1305966,20460,1365018
14898,1307299,20295,1366686
14899,1307854,21049,1367495
14900,1310743,20513,1370219
14901,1302188,20588,1360905
14902,1306132,20218,1364906
14903,1309485,20219,1368277
14904,1317855,21473,1383290
14905,1338669,20252,1401087
14906,1307633,20105,1367885
14907,1313448,20180,1373386
14908,1306114,21193,1367306
14909,1316559,20287,1376585
14910,1305688,20232,1366012
14911,1305521,21085,1365106
14912,1310151,20308,1369348
14913,1304873,21099,1363750
14914,1308354,20507,1368195
14915,1308522,20157,1366937
14916,1306596,19972,1364864
14917,1305688,21837,1365192
14918,1311484,20264,1369989
14919,1315595,20154,1374156
14920,1314725,20896,1375065
14921,1312022,20304,1371547
14922,1297984,21392,1355746
14923,1314188,20281,1373691
14924,1314837,20320,1376414
14925,1312558,20117,1371601
14926,1299762,21778,1359262
14927,1320818,20372,1383003
14928,1322799,20502,1384153
14929,1312225,19929,1371932
14930,1306132,20319,1365636
14931,1300781,21499,1360631
14932,1310114,20296,1369669
14933,1309299,20538,1367688
14934,1306132,20354,1365245
14935,1299985,21645,1360332
14936,1309114,20257,1368500
14937,1308706,20924,1368593
14938,1297874,20259,1357169
14939,1306558,20186,1364707
14940,1304410,21884,1364423
14941,1314632,21089,1375054
14942,1305744,20331,1364888
14943,1309947,20683,1369945
14944,1305892,21141,1366717
14945,1307836,20494,1366422
14946,1305928,20236,1364405
14947,1309873,20311,1369054
14948,1365298,22867,1433795
14949,1323559,22028,1388271
14950,1340058,20511,1404180
14951,1324947,20401,1387681
14952,1326521,20346,1388626
14953,1311522,21711,1372973
14954,1312929,20120,1373474
14955,1310150,20028,1370197
14956,1313540,20344,1372346
14957,1312466,19975,1372477
14958,1303558,21025,1364009
14959,1317318,20229,1376639
14960,1314059,20119,1372844
14961,1317947,20602,1378734
14962,1306836,21133,1366617
14963,1308429,20246,1368063
14964,1310966,20635,1369656
14965,1312725,20099,1371213
14966,1301670,20119,1360140
14967,1301039,21521,1360079
14968,1319336,20355,1379339
14969,1313114,20616,1372877
14970,1309466,20191,1369600
14971,1303595,21593,1362651
14972,1310836,20112,1368318
14973,1315948,19984,1376356
14974,1316096,20059,1376468
14975,1309392,20060,1368025
14976,1304688,21332,1364575
14977,1312281,20296,1371650
14978,1307429,20001,1366670
14979,1306762,20150,1364634
14980,1305762,21459,1366573
14981,1303521,20294,1362926
14982,1305300,20646,1364964
14983,1303947,20203,1363391
14984,1313133,20574,1374466
14985,1302688,22162,1363960
14986,1313688,20422,1373461
14987,1312910,20886,1373629
14988,1305133,20683,1366186
14989,1305836,22474,1366069
14990,1313113,21012,1374051
14991,1304929,20291,1365423
14992,1309206,20662,1369183
14993,1313762,20830,1374925
14994,1307726,22028,1369142
14995,1308428,20400,1367050
14996,1313725,20901,1373884
14997,1311596,21124,1372163
14998,1299929,21674,1360195
14999,1310780,20693,1369603
15000,1315687,20565,1374604
15001,1309503,20677,1368679
15002,1305948,20178,1364162
15003,1296929,21821,1354657
15004,1313522,20507,1373268
15005,1313243,20415,1372732
15006,1305391,20528,1364919
15007,1301577,21541,1361099
15008,1314929,20505,1374507
15009,1312521,20357,1372360
15010,1308539,20766,1368268
15011,1308669,20193,1366510
15012,1303022,21835,1365023
15013,1312910,20781,1371246
15014,1312447,20615,1371081
15015,1302039,20246,1360619
15016,1300114,21703,1358799
15017,1305485,20186,1363207
15018,1315225,21150,1375615
15019,1313003,20355,1370950
15020,1303411,20300,1361969
15021,1306077,22387,1367316
15022,1309113,21370,1370298
15023,1303355,20260,1361021
15024,1303799,20261,1362578
15025,1304281,21070,1363832
15026,1310188,21423,1370925
15027,1308762,20294,1366056
15028,1307780,20295,1366187
15029,1306929,20648,1365928
15030,1303429,21217,1362497
15031,1312484,19218,1369646
15032,1304744,20219,1362110
15033,1303447,20498,1361648
15034,1298355,21622,1357032
15035,1313022,20808,1371903
15036,1305484,20309,1363997
15037,1303966,20014,1361257
15038,1313188,20459,1373165
15039,1306799,21417,1366845
15040,1310577,20510,1369179
15041,1300928,20160,1359014
15042,1320929,21087,1381237
15043,1305410,21285,1366213
15044,1305058,20267,1364307
15045,1310355,20213,1370252
15046,1323225,21751,1384772
15047,1314744,21141,1375384
15048,1306966,21654,1367045
15049,1316225,20377,1376065
15050,1312059,20286,1370492
15051,1309022,21138,1368956
15052,1302132,21614,1363209
15053,1305706,20282,1365636
15054,1306114,20191,1364323
15055,1310966,20784,1370083
15056,1305040,20470,1364658
15057,1300985,22409,1361856
15058,1308169,20170,1366079
15059,1313836,20467,1374654
15060,1311874,20579,1370878
15061,1302095,22092,1362224
15062,1308503,20260,1367410
15063,1316299,21483,1376930
15064,1308374,20373,1367968
15065,1304855,20041,1363154
15066,1303559,21739,1361538
15067,1314169,21851,1373946
15068,1310021,20463,1368836
15069,1307947,20723,1367393
15070,1300263,21570,1359183
15071,1308355,20626,1367277
15072,1309929,20646,1369130
15073,1306781,20388,1365261
15074,1307521,20907,1367206
15075,1309132,21457,1369404
15076,1309077,20088,1367757
15077,1305003,20311,1362814
15078,1332502,20257,1392963
15079,1307003,20974,1366606
15080,1318984,20586,1379255
15081,1308891,20327,1368922
15082,1305928,20273,1365442
15083,1312818,20496,1371739
15084,1303670,21602,1362808
15085,1314040,20158,1373827
15086,1309039,20308,1368162
15087,1314614,20716,1373700
15088,1308670,21692,1368991
15089,1307188,20434,1366658
15090,1306262,20324,1364659
15091,1309540,20899,1369123
15092,1308207,21233,1369143
15093,1298281,22080,1357786
15094,1305243,20562,1364231
15095,1313280,21341,1374399
15096,1307151,21046,1367196
15097,1301355,21318,1360135
15098,1310725,20874,1371229
15099,1303762,20579,1362730
15100,1301021,20673,1361823
15101,1308337,20322,1367602
15102,1295280,21576,1355689
15103,1308743,20336,1368320
15104,1312521,20059,1371432
15105,1309522,20338,1369174
15106,1302874,21370,1361687
15107,1304910,20315,1362929
15108,1305225,20464,1363800
15109,1304836,20688,1363301
15110,1305300,20392,1364654
15111,1307595,21924,1368056
15112,1315984,20592,1376390
15113,1311929,20241,1371225
15114,1302984,20223,1362522
15115,1308651,21625,1368887
15116,1310095,20737,1370054
15117,1309058,20794,1367611
15118,1308058,20776,1367131
15119,1367762,20185,1429075
15120,1309003,21383,1368830
15121,1306484,20310,1363757
15122,1305762,20478,1363776
15123,1309466,20368,1367389
15124,1303132,21862,1363679
15125,1302910,20234,1359662
15126,1309928,20772,1369718
15127,1309503,20365,1367905
15128,1304799,20551,1363406
15129,1310003,21583,1369400
15130,1308355,20769,1366994
15131,1304595,21400,1364476
15132,1310595,20679,1369477
15133,1300114,21247,1358935
15134,1311373,21045,1372140
15135,1308558,20249,1366548
15136,1308021,20769,1367808
15137,1314928,20659,1374087
15138,1303206,21727,1362748
15139,1313002,20340,1371397
15140,1305596,20359,1364343
15141,1308281,20786,1368122
15142,1299003,21540,1357987
15143,1310206,20522,1369210
15144,1319336,20709,1389951
15145,1590944,25635,1688671
15146,1560408,24118,1661209
15147,1442372,26168,1531687
15148,1569370,26891,1668557
15149,1557740,24300,1651465
15150,1526278,24264,1618078
15151,1524185,25073,1615184
15152,1535259,24259,1632629
15153,1545611,24983,1645408
15154,1575333,23150,1669964
15155,1592962,23003,1690594
15156,1499945,26109,1590609
15157,1646147,22962,1741571
15158,1649036,24481,1750053
15159,1679684,28649,1782461
15160,1656702,27699,1754030
15161,1775405,24830,1885955
15162,1611795,31071,1715847
15163,1751553,25147,1860773
15164,1530222,21962,1621906
15165,1422983,26790,1507495
15166,1457631,23976,1542421
15167,1439113,22811,1521089
15168,1452427,22608,1531034
15169,1420205,26251,1504066
15170,1440446,23011,1523049
15171,1444261,24734,1527253
15172,1449871,24346,1535291
15173,1569055,23885,1670087
15174,1560611,26157,1655934
15175,1594129,24047,1687786
15176,1557907,23233,1651102
15177,1559037,23364,1653011
15178,1515945,24451,1607247
15179,1516889,22396,1608507
15180,1587111,23379,1687211
15181,1494741,27250,1584824
15182,1453557,22029,1534474
15183,1406668,22338,1482839
15184,1440076,21654,1520099
15185,1449334,22414,1529063
15186,1437705,20712,1516175
15187,1413872,23836,1493244
15188,1448612,22744,1532337
15189,1437519,21801,1517320
15190,1672147,22728,1766077
15191,1581574,25173,1680339
15192,1524112,23723,1620630
15193,1562296,23095,1656872
15194,1524111,22337,1615243
15195,1557055,23282,1652244
15196,1471908,24258,1560462
15197,1605648,22981,1699609
15198,1459501,26630,1546205
15199,1459501,21798,1539243
15200,1448279,21207,1529318
15201,1410965,23497,1489572
15202,1452408,22313,1535536
15203,1439076,22685,1519333
15204,1458741,22038,1540371
15205,1430187,22977,1508236
15206,1441835,21496,1520830
15207,1636962,24293,1738384
15208,1603943,22998,1696867
15209,1566666,22795,1659443
15210,1418316,25308,1502383
15211,1369336,21069,1437459
15212,1358632,21199,1426072
15213,1349336,20719,1416610
15214,1352780,21991,1417623
15215,1344595,22307,1410124
15216,1333558,20382,1395847
15217,1323113,20143,1383237
15218,1335687,20958,1398312
15219,1316355,21860,1378140
15220,1316169,20269,1376808
15221,1324206,20122,1385865
15222,1325429,20123,1387217
15223,1311410,22376,1374379
15224,1318188,20192,1379306
15225,1310392,20045,1369529
15226,1316910,20102,1376956
15227,1323114,20362,1383716
15228,1309095,21412,1369174
15229,1314114,20265,1373434
15230,1312688,20211,1371731
15231,1325336,20415,1385862
15232,1305910,21650,1366227
15233,1310244,20411,1369950
15234,1317244,20597,1377136
15235,1315558,21005,1375267
15236,1311947,20321,1371250
15237,1301466,21482,1361040
15238,1317558,20409,1376745
15239,1314151,20836,1375098
15240,1314262,20486,1373543
15241,1301818,21925,1361686
15242,1318299,20092,1378094
15243,1317392,20927,1378244
15244,1311336,20428,1371523
15245,1312392,20336,1373672
15246,1311429,21756,1371796
15247,1311373,20683,1370908
15248,1306299,20277,1365557
15249,1317892,20130,1376706
15250,1326410,21624,1390182
15251,1324928,20737,1385165
15252,1323780,20312,1384758
15253,1318502,20294,1378630
15254,1314670,20258,1374112
15255,1309725,21456,1369644
15256,1321392,21106,1382237
15257,1309725,20514,1369424
15258,1305781,20497,1366017
15259,1306262,21010,1366327
15260,1313614,20529,1372791
15261,1308595,20345,1367236
15262,1309595,20383,1367700
15263,1313188,21106,1372627
15264,1302595,21545,1363696
15265,1312391,20491,1370734
15266,1310040,20862,1368846
15267,1307576,20511,1366366
15268,1302762,21395,1361545
15269,1313595,20914,1373287
15270,1309299,20323,1368862
15271,1305133,20324,1363789
15272,1306632,20788,1365920
15273,1334317,22023,1399636
15274,1323743,20357,1385341
15275,1314651,20284,1373564
15276,1319743,20897,1381584
15277,1308244,22169,1370171
15278,1313595,20318,1374246
15279,1307744,20263,1367414
15280,1317040,21264,1377841
15281,1313132,20154,1371972
15282,1301484,21797,1362262
15283,1307910,20483,1367152
15284,1313929,21058,1375005
15285,1309799,20245,1369654
15286,1300003,21591,1359482
15287,1311503,20222,1371557
15288,1307836,20186,1367947
15289,1307318,20631,1366856
15290,1309947,20169,1369690
15291,1301262,21349,1360592
15292,1312447,20702,1372815
15293,1311799,20166,1370668
15294,1307910,20093,1367151
15295,1302225,21791,1361312
15296,1327410,20885,1391035
15297,1314466,20367,1374536
15298,1310910,20442,1370352
15299,1297762,20332,1356149
15300,1307096,21456,1367033
15301,1320354,20976,1381645
15302,1309428,20292,1369294
15303,1314021,20533,1373369
15304,1307762,21621,1367234
15305,1314040,20677,1373902
15306,1310966,20289,1370273
15307,1302577,20290,1361552
15308,1315262,20384,1376312
15309,1304744,21564,1365473
15310,1308966,21583,1369456
15311,1307207,20066,1366568
15312,1317447,20863,1378754
15313,1312040,20876,1371341
15314,1318595,20470,1378620
15315,1314428,20600,1374751
15316,1305837,20305,1365307
15317,1311151,20195,1369679
15318,1298836,21930,1358692
15319,1322466,20079,1383545
15320,1311003,20192,1368342
15321,1351651,20285,1419324
15322,1339521,22187,1404856
15323,1319466,20318,1381024
15324,1314428,20467,1374858
15325,1324965,20468,1386526
15326,1317077,20265,1377508
15327,1304910,21389,1365836
15328,1313595,20335,1372634
15329,1320947,20484,1381357
15330,1315133,21300,1375487
15331,1303447,21795,1364501
15332,1311484,20277,1371335
15333,1310873,20408,1369892
15334,1319188,21224,1380726
15335,1311891,20613,1372301
15336,1304355,21219,1364240
15337,1313243,20165,1372130
15338,1310003,21517,1369705
15339,1313614,20185,1373373
15340,1301596,21920,1361275
15341,1314299,21088,1375164
15342,1323484,20645,1383777
15343,1315151,20220,1374537
15344,1316873,20202,1377001
15345,1315022,21475,1374699
15346,1319614,20735,1379996
15347,1314855,20236,1374664
15348,1308781,20496,1368832
15349,1308095,21565,1367438
15350,1315873,20770,1376920
15351,1315539,20734,1375458
15352,1308447,20235,1367533
15353,1308521,20013,1366108
15354,1299966,21508,1360362
15355,1308707,20065,1367493
15356,1313577,20195,1374957
15357,1307336,20455,1365958
15358,1312262,21228,1372230
15359,1310188,20044,1368416
15360,1336873,20211,1397769
15361,1311910,20509,1372233
15362,1315929,20324,1375734
15363,1306133,21523,1365599
15364,1315039,21209,1376730
15365,1308096,19969,1365527
15366,1314577,20785,1373695
15367,1305225,21872,1364745
15368,1309873,20410,1368320
15369,1303502,20263,1362062
15370,1318947,20523,1378877
15371,1318040,23839,1380953
15372,1304892,21852,1365447
15373,1316058,20464,1375244
15374,1310355,20540,1368764
15375,1312096,21429,1372524
15376,1304262,21350,1364038
15377,1308522,20518,1368131
15378,1310095,20463,1370002
15379,1312577,21205,1373226
15380,1307225,20317,1365338
15381,1308040,21923,1368592
15382,1308855,20405,1367889
15383,1307799,20573,1366390
15384,1310688,20778,1369595
15385,1300114,21957,1360256
15386,1307891,20310,1366424
15387,1313595,20570,1372647
15388,1320762,20775,1382555
15389,1313781,20369,1373704
15390,1312095,21789,1372310
15391,1319261,20698,1379644
15392,1312428,20384,1372331
15393,1309188,20200,1369110
15394,1308558,21435,1368752
15395,1310077,20492,1369642
15396,1308984,20178,1369143
15397,1308910,20642,1367348
15398,1305521,20495,1364553
15399,1309651,21341,1370473
15400,1312503,20583,1372363
15401,1306410,20639,1365994
15402,1309133,20548,1369235
15403,1304558,21894,1365489
15404,1315095,20118,1374064
15405,1307040,20489,1366695
15406,1306577,20323,1365140
15407,1311466,20695,1371475
15408,1302817,21356,1363284
15409,1312651,20783,1373822
15410,1308040,20636,1367805
15411,1309095,20377,1367176
15412,1298763,21335,1357449
15413,1308855,21003,1369005
15414,1300503,20078,1358580
15415,1308096,20190,1366563
15416,1312836,21135,1373119
15417,1302688,21704,1362818
15418,1309800,20224,1368726
15419,1317207,20743,1376690
15420,1339077,21226,1400542
15421,1306854,22202,1367278
15422,1313243,20462,1373705
15423,1315281,20537,1375280
15424,1313262,20427,1371781
15425,1309114,20187,1367116
15426,1300188,21552,1359055
15427,1309410,20701,1368759
15428,1306429,20313,1364112
15429,1305929,20777,1366261
15430,1299318,21439,1359163
15431,1308669,20940,1368127
15432,1311929,20367,1371647
15433,1308484,20905,1368537
15434,1308169,23202,1369741
15435,1303558,21530,1363069
15436,1312910,20809,1372774
15437,1314132,20902,1373201
15438,1305040,20107,1364943
15439,1302651,22009,1361493
15440,1310095,20325,1369623
15441,1305169,20807,1365106
15442,1307873,20197,1367959
15443,1310411,20180,1370201
15444,1304762,21230,1364251
15445,1312318,20175,1371900
15446,1303225,20343,1363068
15447,1311410,20270,1370902
15448,1306874,21524,1367711
15449,1307484,20191,1366860
15450,1301133,20581,1360325
15451,1318113,20545,1378011
15452,1310651,20176,1369808
15453,1295503,21689,1355562
15454,1309188,20579,1368544
15455,1309132,20524,1369212
15456,1306132,20359,1365565
15457,1300151,21224,1359763
15458,1308688,20780,1368338
15459,1309503,20263,1369265
15460,1314280,20171,1373599
15461,1305021,20765,1364489
15462,1295114,21870,1354262
15463,1309410,19983,1368152
15464,1305040,20187,1362764
15465,1308280,20725,1367598
15466,1300114,23479,1362371
15467,1303818,20406,1361242
15468,1314447,20944,1374484
15469,1353262,21445,1422947
15470,1318077,20446,1380726
15471,1309281,21830,1370258
15472,1315225,20868,1376444
15473,1324706,20517,1387019
15474,1308966,20259,1368798
15475,1312632,21346,1372552
15476,1305799,20958,1366423
15477,1330262,20533,1393868
15478,1307706,20219,1367888
15479,1376576,21498,1441685
15480,1312206,21530,1374402
15481,1322910,21197,1383774
15482,1314058,20680,1373978
15483,1314558,20736,1374442
15484,1308725,21638,1369122
15485,1316559,20510,1376382
15486,1313558,20270,1372995
15487,1312817,20234,1372348
15488,1306522,21180,1366719
15489,1304244,21285,1363677
15490,1307965,20416,1368122
15491,1302170,20769,1361419
15492,1305651,20325,1363328
15493,1299558,21801,1357933
15494,1311077,20228,1370434
15495,1304373,20303,1362176
15496,1308873,20193,1367362
15497,1318799,21287,1381752
15498,1302910,21893,1364728
15499,1306651,20171,1365544
15500,1309410,20358,1368804
15501,1312540,21303,1372879
15502,1301707,22168,1361707
15503,1321873,20280,1383245
15504,1320151,20429,1380006
15505,1310614,20671,1370359
15506,1314021,20209,1373563
15507,1301373,21778,1361039
15508,1311762,20316,1370966
15509,1309762,20743,1369282
15510,1316743,21355,1378190
15511,1309336,21183,1368315
15512,1308688,20332,1368779
15513,1311595,20444,1370132
15514,1307855,20482,1366985
15515,1311039,20113,1369652
15516,1302892,21737,1361702
15517,1315947,21034,1376425
15518,1312429,21295,1371371
15519,1307706,20610,1365983
15520,1298670,22012,1357404
15521,1314354,21106,1374405
15522,1307966,21144,1367628
15523,1308633,20127,1367203
15524,1320465,20628,1391796
15525,1520204,24233,1613399
15526,1554111,25419,1648881
15527,1514685,23532,1606290
15528,1553185,22551,1643939
15529,1508019,24860,1600138
15530,1525519,22695,1615453
15531,1556574,23122,1649565
15532,1541500,23049,1635492
15533,1558500,23587,1655326
15534,1493686,26026,1587933
15535,1586925,23138,1685062
15536,1556278,24435,1649397
15537,1581944,24325,1675491
15538,1472686,26246,1563949
15539,1562092,25154,1657616
15540,1603963,24822,1701598
15541,1529408,26063,1625785
15542,1564870,24546,1659545
15543,1526797,28689,1636669
15544,1470927,22430,1556060
15545,1344762,21098,1412063
15546,1368780,21025,1437508
15547,1323910,22316,1387837
15548,1329317,20613,1392634
15549,1347021,20262,1411653
15550,1325299,20560,1387340
15551,1318687,20172,1378508
15552,1306170,21722,1368261
15553,1316077,20445,1378947
15554,1321058,20631,1380986
15555,1335188,21040,1398653
15556,1312355,22460,1374833
15557,1316670,20221,1376241
15558,1315373,20203,1375187
15559,1313114,20704,1374336
15560,1309632,20502,1369337
15561,1298003,21515,1358202
15562,1313039,20275,1373166
15563,1311262,20757,1370889
15564,1309540,20573,1369964
15565,1301817,21216,1360570
15566,1312558,20902,1372886
15567,1312522,20848,1371480
15568,1309966,20349,1368388
15569,1307632,20053,1366722
15570,1349780,21715,1428161
15571,1569555,23771,1668325
15572,1581241,23365,1674086
15573,1525204,22366,1622624
15574,1560389,28490,1659581
15575,1499741,23565,1589472
15576,1608017,23714,1706898
15577,1454816,21456,1538234
15578,1439464,22179,1518772
15579,1393298,23637,1470471
15580,1447075,22527,1528231
15581,1444168,21935,1523343
15582,1432816,22492,1512048
15583,1397854,22671,1476543
15584,1438946,22580,1518525
15585,1429557,21377,1509915
15586,1629758,40989,1745783
15587,1563315,22879,1669415
15588,1512908,24244,1602429
15589,1550703,24153,1645892
15590,1526722,23191,1620449
15591,1548148,24673,1646820
15592,1460241,24371,1548260
15593,1587851,25335,1684612
15594,1437149,21633,1519726
15595,1429001,22708,1508986
15596,1445482,23801,1528228
15597,1419002,24296,1498204
15598,1436723,22408,1517298
15599,1427502,23076,1506317
15600,1424761,23318,1503559
15601,1397779,30145,1482202
15602,1429501,24609,1512017
15603,1609518,23814,1710331
15604,1582278,23815,1678758
15605,1554481,23298,1649908
15606,1543074,27440,1639291
15607,1543574,23497,1637366
15608,1573574,24165,1670978
15609,1528870,24406,1621295
15610,1557944,27901,1651381
15611,1451242,21069,1536662
15612,1447538,22847,1530811
15613,1443686,21848,1523942
15614,1424483,20998,1502684
15615,1397132,22251,1473308
15616,1431316,23364,1512420
15617,1429465,21550,1509921
15618,1437687,21606,1518422
15619,1401872,24064,1482343
15620,1626407,26213,1731415
15621,1612147,23455,1705157
15622,1550148,24437,1647733
15623,1449594,23475,1532624
15624,1332428,22674,1399639
15625,1343539,20452,1407306
15626,1340373,20861,1405844
15627,1343095,20362,1406142
15628,1326466,22319,1390358
15629,1329799,20709,1393100
15630,1325170,20118,1386009
15631,1329318,20804,1392436
15632,1320688,20453,1381085
15633,1310614,22003,1372728
15634,1316262,20171,1376303
15635,1325429,20783,1386433
15636,1312539,20414,1373046
15637,1299447,21760,1360485
15638,1316966,20076,1377412
15639,1314966,20744,1376079
15640,1307966,20245,1367988
15641,1325354,20394,1390192
15642,1314355,21962,1375965
15643,1318076,21241,1381132
15644,1309095,20279,1369319
15645,1312854,20799,1372209
15646,1302188,21553,1361333
15647,1306706,20720,1368056
15648,1314540,20777,1376075
15649,1318540,19982,1378077
15650,1305485,20168,1364393
15651,1310058,21736,1372294
15652,1316077,20645,1377684
15653,1308336,20183,1366630
15654,1311632,20888,1371353
15655,1303651,21290,1363070
15656,1309484,20346,1368849
15657,1307447,21329,1367294
15658,1304577,20571,1363906
15659,1304539,20479,1363426
15660,1307059,21788,1367828
15661,1313910,20308,1374662
15662,1314688,20327,1375607
15663,1308076,20180,1366627
15664,1299910,20971,1359159
15665,1331465,20528,1392585
15666,1314947,19881,1374013
15667,1306039,20067,1365828
15668,1313762,20753,1373589
15669,1310837,21303,1370842
15670,1319188,20175,1379862
15671,1311521,20620,1371326
15672,1308448,20232,1368660
15673,1312021,21412,1372988
15674,1308707,20802,1370137
15675,1307447,20118,1366509
15676,1319799,20359,1380584
15677,1309262,21546,1370085
15678,1300725,21614,1361246
15679,1311725,20263,1371081
15680,1311873,20413,1371730
15681,1307243,20765,1366934
15682,1302688,21871,1362170
15683,1308355,20094,1367263
15684,1306410,20077,1365950
15685,1310650,20726,1370191
15686,1310410,20486,1370859
15687,1306873,21388,1366835
15688,1322411,20500,1382799
15689,1314670,20964,1374504
15690,1311447,20299,1370042
15691,1307484,21849,1367629
15692,1310651,20146,1369649
15693,1313928,20629,1373001
15694,1317114,21759,1378910
15695,1304985,20297,1363189
15696,1307040,21644,1365887
15697,1312225,20867,1372777
15698,1316577,20090,1377352
15699,1308077,20332,1367816
15700,1303225,21901,1363162
15701,1313170,20309,1372774
15702,1304596,20199,1364331
15703,1313688,20515,1372258
15704,1306799,20220,1365518
15705,1304744,21270,1364661
15706,1307855,20197,1367143
15707,1302374,21068,1360941
15708,1306540,20291,1365812
15709,1298744,22064,1358603
15710,1309058,20176,1368419
15711,1327484,21047,1388994
15712,1312373,20289,1372106
15713,1310076,20383,1369126
15714,1306503,21525,1366417
15715,1315947,20749,1376714
15716,1313540,20250,1372937
15717,1311169,20769,1370642
15718,1305076,21023,1364896
15719,1314373,21172,1375397
15720,1308854,20729,1368935
15721,1308355,20193,1368325
15722,1308336,20546,1368215
15723,1304576,21873,1365542
15724,1313188,20337,1372988
15725,1311114,20542,1370433
15726,1312725,20914,1373601
15727,1304928,21889,1364596
15728,1312558,20520,1372041
15729,1305336,20243,1364838
15730,1309818,20615,1370136
15731,1309762,20264,1368359
15732,1301669,21555,1362076
15733,1309836,20241,1368817
15734,1304725,20057,1362707
15735,1310707,20169,1369264
15736,1308485,21886,1369573
15737,1314966,20331,1374482
15738,1307299,20480,1365946
15739,1315373,20815,1373854
15740,1312632,20223,1371522
15741,1300465,21607,1358572
15742,1308632,20626,1369036
15743,1308540,20535,1366593
15744,1314873,20239,1374316
15745,1303410,21752,1361699
15746,1313484,20902,1373515
15747,1316855,20755,1376960
15748,1306188,20200,1365091
15749,1309429,20701,1368203
15750,1304855,21899,1364846
15751,1306318,20289,1366014
15752,1312151,20235,1371996
15753,1309596,20921,1368794
15754,1301151,21026,1359992
15755,1302910,20287,1361511
15756,1309003,20362,1368605
15757,1319910,21326,1380217
15758,1311058,20123,1370737
15759,1299651,21173,1357583
15760,1313780,20193,1372862
15761,1340707,20083,1399677
15762,1311891,20232,1369882
15763,1300021,21171,1359451
15764,1310651,20376,1370119
15765,1314354,20377,1372527
15766,1307836,20637,1366862
15767,1302762,20416,1361140
15768,1302021,21225,1362450
15769,1310836,20485,1370784
15770,1312596,20431,1372211
15771,1320243,20876,1380860
15772,1310651,21963,1371410
15773,1315392,20279,1374374
15774,1308596,21706,1367838
15775,1306169,20281,1364876
15776,1304484,20375,1361507
15777,1300744,21055,1358872
15778,1316484,20408,1377465
15779,1311225,20612,1369504
15780,1309336,20428,1368079
15781,1307077,21478,1366758
15782,1308965,21072,1369241
15783,1312299,20184,1370538
15784,1310799,20259,1370150
15785,1312540,20445,1371929
15786,1302539,21088,1360776
15787,1316688,20385,1374017
15788,1312077,20164,1371241
15789,1309595,20424,1368871
15790,1305910,21012,1363681
15791,1308947,21198,1368978
15792,1305577,20384,1364220
15793,1305448,20311,1363239
15794,1312095,20331,1370925
15795,1310225,21214,1370420
15796,1311965,20048,1372180
15797,1305114,20142,1362570
15798,1307670,20310,1366182
15799,1302818,21675,1362584
15800,1305965,20268,1363937
15801,1301781,20528,1360383
15802,1309744,20881,1369902
15803,1310262,20308,1369644
15804,1302374,21340,1361509
15805,1304799,20489,1363825
15806,1308170,20435,1367252
15807,1304484,20380,1362345
15808,1301021,21800,1360266
15809,1310965,20783,1371156
15810,1304448,20284,1363194
15811,1312818,20081,1370898
15812,1309910,21268,1370733
15813,1300781,21947,1361024
15814,1302207,20171,1361728
15815,1311040,20320,1370803
15816,1313300,21173,1374712
15817,1305059,21556,1364614
15818,1308002,20335,1366615
15819,1307095,20484,1365579
15820,1308855,21226,1369487
15821,1299132,20097,1357748
15822,1296095,21740,1356168
15823,1313243,20167,1372002
15824,1312206,20390,1372133
15825,1303281,20687,1361893
15826,1294781,21756,1354610
15827,1306669,20294,1365445
15828,1306485,20628,1365186
15829,1310910,20518,1370261
15830,1313910,20297,1373929
15831,1307355,21477,1366127
15832,1308429,20367,1367869
15833,1305466,20701,1364463
15834,1306577,19943,1365149
15835,1305262,21511,1364384
15836,1310836,21216,1368682
15837,1310781,20143,1368738
15838,1304781,20070,1364313
15839,1363576,20608,1424684
15840,1311317,21918,1372383
15841,1318707,20900,1379810
15842,1308650,20216,1368033
15843,1305095,20254,1364182
15844,1306022,21767,1366195
15845,1304800,20416,1364845
15846,1303095,20195,1362216
15847,1308596,20548,1367458
15848,1313614,20975,1374477
15849,1304614,21247,1363324
15850,1304874,20174,1364010
15851,1307873,20694,1366752
15852,1307095,20158,1365734
15853,1298725,21467,1357858
15854,1309818,21153,1369785
15855,1310744,20376,1369694
15856,1305040,20415,1362769
15857,1306744,20601,1365325
15858,1307003,22003,1369024
15859,1305706,20152,1365617
15860,1302133,20134,1360822
15861,1306929,20691,1366471
15862,1304021,21741,1364558
15863,1305225,20353,1364356
15864,1307910,20354,1367560
15865,1305170,20485,1363561
15866,1307169,20264,1365544
15867,1301188,21369,1360316
15868,1315743,20574,1375336
15869,1317429,20131,1376688
15870,1305299,20243,1364634
15871,1300040,21645,1360536
15872,1333743,20961,1395666
15873,1308614,20165,1367779
15874,1308892,20815,1369150
15875,1305947,20630,1366040
15876,1302781,22606,1364109
15877,1305521,20552,1365869
15878,1307151,20164,1365611
15879,1308558,20980,1368112
15880,1304447,21826,1362662
15881,1303522,20124,1362663
15882,1302855,20254,1361831
15883,1308892,20903,1369221
15884,1302410,20497,1361240
15885,1304299,21843,1364624
15886,1312836,20030,1372569
15887,1303947,20475,1364607
15888,1305465,20346,1363256
15889,1305003,21656,1364936
15890,1311262,20601,1370141
15891,1309873,20084,1368290
15892,1310262,20714,1370050
15893,1316540,20290,1376755
15894,1305040,21340,1365268
15895,1310021,20285,1367565
15896,1304799,20564,1364066
15897,1320206,20750,1379382
15898,1297169,21448,1357673
15899,1311133,20283,1369896
15900,1308595,20562,1367582
15901,1305837,20063,1365158
15902,1309503,20564,1369122
15903,1300669,21817,1361283
15904,1380428,20485,1458783
15905,1572333,22986,1668800
15906,1555240,23672,1648449
15907,1467704,25648,1556871
15908,1581944,22872,1677167
15909,1527111,23280,1620705
15910,1532889,23596,1626429
15911,1552722,23819,1646577
15912,1504519,26665,1599591
15913,1562889,24481,1664628
15914,1584184,23094,1682351
15915,1612759,25280,1711111
15916,1508038,25422,1598996
15917,1564666,23220,1667367
15918,1533222,25128,1627924
15919,1604740,23111,1702461
15920,1570444,22908,1664462
15921,1480297,24828,1568162
15922,1557870,23904,1665180
15923,1557037,23293,1652126
15924,1465909,22646,1548721
15925,1361521,22215,1432013
15926,1356650,20809,1422033
15927,1335669,20124,1399663
15928,1353484,21514,1419849
15929,1333244,20627,1396036
15930,1331225,21751,1394845
15931,1338613,20641,1401291
15932,1317132,21345,1378033
15933,1318039,20254,1379071
15934,1314651,21619,1376065
15935,1315262,20472,1376566
15936,1309077,21436,1370123
15937,1308262,20011,1367865
15938,1305836,20345,1365070
15939,1307540,21284,1366546
15940,1325651,20415,1386546
15941,1335299,21286,1398714
15942,1310151,20417,1369901
15943,1309170,21263,1368377
15944,1308762,20246,1369211
15945,1318077,20728,1378267
15946,1312170,20303,1372139
15947,1311225,20878,1372381
15948,1311836,21410,1373116
15949,1314743,20281,1373802
15950,1308392,20505,1368637
15951,1319114,20635,1380119
15952,1315632,22241,1379262
15953,1319003,20446,1379485
15954,1311559,20539,1372097
15955,1319929,20725,1378876
15956,1307373,20338,1366266
15957,1303392,21480,1362427
15958,1312465,20741,1373058
15959,1311707,21223,1371336
15960,1312966,20520,1372134
15961,1305706,22478,1365017
15962,1310688,20794,1369444
15963,1303873,20721,1363260
15964,1306762,20129,1365483
15965,1311262,21149,1372040
15966,1303614,22180,1364905
15967,1313540,20274,1372887
15968,1316484,20830,1376851
15969,1313151,20720,1371852
15970,1303891,22307,1365310
15971,1308780,20586,1366978
15972,1307726,20532,1365719
15973,1310077,20311,1368831
15974,1306392,20663,1365221
15975,1301781,21973,1361197
15976,1308577,20418,1367013
15977,1309299,20271,1369348
15978,1304540,20735,1364089
15979,1298614,21711,1357473
15980,1310374,20768,1369289
15981,1305855,20232,1365253
15982,1310985,20714,1371883
15983,1477038,21641,1574400
15984,1510148,23506,1599783
15985,1559352,24322,1653969
15986,1548185,22953,1641896
15987,1524889,23935,1619231
15988,1484222,24078,1570337
15989,1553907,25523,1647837
15990,1448871,22210,1532691
15991,1447649,23655,1529748
15992,1434354,21897,1514508
15993,1391983,23595,1471300
15994,1433853,21874,1514411
15995,1432223,27097,1517449
15996,1431686,21876,1512951
15997,1402335,23722,1480705
15998,1439335,22260,1520409
15999,1619962,23669,1726574
16000,1582759,23522,1678705
16001,1572722,23708,1665947
16002,1484019,27128,1577369
16003,1610222,23315,1708368
16004,1504796,22445,1593649
16005,1610832,24668,1707278
16006,1389836,24181,1469460
16007,1449575,23442,1533794
16008,1449001,23443,1531795
16009,1441205,22444,1523444
16010,1450205,22741,1534186
16011,1403446,24550,1483218
16012,1448371,23996,1532533
16013,1436390,22941,1517664
16014,1445816,22905,1527573
16015,1412520,25641,1492956
16016,1623314,24771,1730714
16017,1598000,22809,1692678
16018,1572944,22459,1667569
16019,1532815,23626,1624978
16020,1587499,26325,1681953
16021,1502723,21900,1593048
16022,1589962,23216,1684862
16023,1459964,21735,1542421
16024,1409631,22896,1488990
16025,1440057,21842,1519139
16026,1437131,23158,1520103
16027,1428186,21381,1508530
16028,1423057,20697,1500383
16029,1425242,23932,1507396
16030,1448575,21415,1529211
16031,1423890,20934,1502231
16032,1632869,25361,1741192
16033,1511482,25670,1601800
16034,1560408,26560,1661726
16035,1479741,21876,1562839
16036,1365410,22859,1436527
16037,1355484,20786,1422621
16038,1332447,22225,1396578
16039,1348169,21392,1413246
16040,1324596,21190,1389358
16041,1323521,20117,1384767
16042,1336354,21778,1401743
16043,1326410,20575,1387577
16044,1317781,22539,1380875
16045,1313151,20318,1373728
16046,1318929,20319,1380488
16047,1303281,21702,1363853
16048,1321891,21296,1382835
16049,1321133,20112,1381707
16050,1304725,20372,1366004
16051,1310965,21756,1371332
16052,1312374,21312,1372963
16053,1308891,20387,1367630
16054,1307262,20259,1365909
16055,1318039,20667,1378392
16056,1355650,21884,1425885
16057,1358780,20477,1424498
16058,1320503,20534,1382758
16059,1325503,20720,1387093
16060,1310706,21881,1371791
16061,1323002,20290,1383385
16062,1325392,20939,1387867
16063,1327298,22773,1392257
16064,1306392,20349,1367110
16065,1312799,21806,1373938
16066,1329484,20344,1392031
16067,1310021,20567,1370051
16068,1308725,20087,1368774
16069,1306910,21322,1366769
16070,1317040,20583,1378307
16071,1308188,20472,1366956
16072,1311022,20066,1370402
16073,1306965,19975,1365403
16074,1303947,21210,1362934
16075,1310466,20470,1370454
16076,1309373,20286,1369103
16077,1303059,20009,1361493
16078,1305226,20781,1363932
16079,1326669,20171,1387136
16080,1314781,20080,1374212
16081,1309632,20192,1367676
16082,1312632,20082,1371047
16083,1307688,21262,1366412
16084,1318595,20263,1378209
16085,1302539,20134,1360785
16086,1313873,20080,1371748
16087,1308651,21518,1368910
16088,1313206,20131,1372448
16089,1306725,20298,1365690
16090,1317725,20596,1378246
16091,1317817,20726,1378247
16092,1305225,22313,1367038
16093,1318114,20518,1377020
16094,1314299,20908,1374873
16095,1314836,20298,1373986
16096,1299447,21515,1358832
16097,1311206,20312,1370648
16098,1317170,24683,1381408
16099,1308354,20185,1366946
16100,1304910,20334,1363762
16101,1310965,21217,1371016
16102,1346687,20292,1409405
16103,1322392,20090,1382314
16104,1313781,20405,1373445
16105,1309559,21511,1369199
16106,1309910,20308,1369663
16107,1309003,21143,1367553
16108,1305910,20181,1364276
16109,1313114,20330,1372721
16110,1306910,21362,1366160
16111,1316633,20696,1376772
16112,1314096,20271,1374514
16113,1307077,20346,1365552
16114,1307596,21100,1365769
16115,1310558,20027,1369363
16116,1308077,20250,1368715
16117,1309763,20344,1369254
16118,1308688,20678,1367940
16119,1303540,21617,1364008
16120,1312651,20433,1372009
16121,1314817,20656,1374381
16122,1317225,20268,1378511
16123,1304559,21559,1366432
16124,1314539,20320,1374433
16125,1310966,20765,1369971
16126,1310873,20507,1370398
16127,1309707,20100,1369047
16128,1300799,21299,1360931
16129,1307225,19985,1366302
16130,1311373,21190,1371284
16131,1304003,21098,1364915
16132,1299892,21259,1359743
16133,1314781,20445,1375337
16134,1317373,20891,1377893
16135,1317336,21336,1378098
16136,1309096,20097,1368951
16137,1303558,21943,1363020
16138,1313651,20426,1373187
16139,1312762,21204,1373059
16140,1308244,20002,1366837
16141,1299189,22274,1359165
16142,1311614,20238,1370555
16143,1318540,21295,1380186
16144,1307799,20777,1368205
16145,1308077,20315,1366632
16146,1304373,21328,1365571
16147,1313559,20700,1374072
16148,1307447,20238,1366499
16149,1305540,20350,1364112
16150,1309707,21863,1369995
16151,1309132,20642,1369088
16152,1314781,20550,1373941
16153,1305392,20347,1364072
16154,1311170,20626,1370110
16155,1300392,21695,1357957
16156,1315392,20177,1373809
16157,1312558,20178,1372144
16158,1306114,20402,1365034
16159,1307133,21267,1366658
16160,1306484,20175,1364807
16161,1306188,20028,1363808
16162,1310150,20251,1369050
16163,1310132,20493,1370014
16164,1302317,22210,1363434
16165,1305021,20174,1364769
16166,1306132,20453,1363844
16167,1314948,21231,1375030
16168,1303337,21281,1364302
16169,1311632,20153,1370322
16170,1307891,20321,1366193
16171,1300873,21359,1359398
16172,1303243,20656,1360955
16173,1297503,21558,1356283
16174,1311040,20633,1371746
16175,1309151,20319,1367618
16176,1307984,20635,1366656
16177,1302651,21704,1362410
16178,1311725,20408,1371225
16179,1304151,20872,1364319
16180,1302299,20781,1361061
16181,1312707,20337,1373080
16182,1306095,21424,1366519
16183,1306910,20351,1365613
16184,1309596,20464,1368799
16185,1314169,20798,1374578
16186,1300670,21830,1360980
16187,1310614,19979,1368703
16188,1307059,21276,1366760
16189,1309169,20147,1368020
16190,1304910,20186,1363577
16191,1302948,21828,1361757
16192,1312966,21200,1374165
16193,1305763,20330,1364925
16194,1309891,20239,1368963
16195,1299188,21252,1358069
16196,1313151,20494,1372625
16197,1306429,20458,1365052
16198,1308003,20514,1366387
16199,1365002,20941,1427017
16200,1306670,21362,1367068
16201,1308132,20381,1367272
16202,1307855,20530,1366162
16203,1308947,20198,1368700
16204,1301966,21248,1361325
16205,1309484,20416,1367566
16206,1340040,20491,1405456
16207,1330984,20084,1393457
16208,1314762,20845,1374662
16209,1307058,21006,1365082
16210,1325447,20859,1386972
16211,1308243,20249,1367696
16212,1317132,21194,1379382
16213,1313577,21318,1374154
16214,1333707,20968,1397136
16215,1320392,20432,1379767
16216,1307503,20099,1365861
16217,1319243,20100,1381140
16218,1313392,20984,1374653
16219,1319003,20411,1380728
16220,1312299,20319,1372692
16221,1309170,20191,1368137
16222,1308336,21555,1367539
16223,1306817,20316,1365707
16224,1307188,20113,1367134
16225,1315614,20262,1374653
16226,1318836,21319,1380173
16227,1308003,21980,1369260
16228,1305077,20222,1364298
16229,1310243,20389,1369133
16230,1309762,20687,1368374
16231,1304706,22589,1366184
16232,1311225,20442,1370759
16233,1313947,20091,1373241
16234,1314539,20221,1373724
16235,1316059,20204,1374169
16236,1304132,21013,1363071
16237,1309095,20774,1368387
16238,1307873,20071,1366166
16239,1307929,19998,1366685
16240,1299132,21122,1358865
16241,1324891,20105,1384514
16242,1311151,20198,1368812
16243,1316854,20570,1376609
16244,1308337,20460,1367610
16245,1306058,21639,1363864
16246,1310281,20900,1371124
16247,1308411,20308,1368736
16248,1306744,20253,1366367
16249,1299725,21507,1359899
16250,1318373,20471,1378233
16251,1318188,20398,1377882
16252,1313651,20510,1373105
16253,1309095,20530,1368532
16254,1309354,21469,1370879
16255,1311466,20470,1372287
16256,1311558,20378,1370066
16257,1317539,20750,1378067
16258,1310059,21892,1371932
16259,1310484,20301,1368618
16260,1311910,20802,1370786
16261,1313818,20859,1373676
16262,1308040,20397,1367454
16263,1305577,21743,1364505
16264,1308318,20281,1365635
16265,1303003,20838,1362155
16266,1311485,20320,1370767
16267,1300670,21704,1359632
16268,1311836,20168,1370948
16269,1311836,20169,1372060
16270,1306873,20151,1365283
16271,1307854,20226,1366840
16272,1306540,21295,1366482
16273,1310836,20240,1370131
16274,1313207,20538,1372003
16275,1318614,20502,1378763
16276,1307096,21533,1366721
16277,1309632,20256,1369074
16278,1306355,20591,1367075
16279,1312799,20592,1373835
16280,1307410,21037,1366410
16281,1301447,21736,1361034
16282,1309966,20662,1370276
16283,1314559,20941,1375277
16284,1405280,21479,1485499
16285,1527555,24529,1615733
16286,1563685,23808,1659011
16287,1517593,22254,1610975
16288,1583870,24458,1688253
16289,1539260,24256,1633959
16290,1464482,27361,1558843
16291,1569685,25418,1665380
16292,1550130,24475,1644807
16293,1558130,24735,1655604
16294,1507168,24878,1598377
16295,1595592,25230,1695636
16296,1551963,23120,1646379
16297,1566518,24399,1661954
16298,1543797,24197,1641029
16299,1528944,25821,1620394
16300,1577703,23692,1673265
16301,1546537,23804,1637618
16302,1615369,23046,1710952
16303,1496445,26207,1589022
16304,1441390,21486,1521949
16305,1354280,21580,1421600
16306,1348835,21581,1416157
16307,1341984,21193,1405435
16308,1325391,21484,1387560
16309,1320207,21077,1379728
16310,1312318,20652,1372321
16311,1306225,20339,1365600
16312,1307114,21555,1367484
16313,1318410,21390,1379355
16314,1316354,20335,1376467
16315,1311966,20466,1372357
16316,1316577,20874,1376654
16317,1312095,21961,1373223
16318,1320465,20351,1380354
16319,1313762,20519,1373540
16320,1308651,20761,1367819
16321,1301392,21848,1361091
16322,1314596,20164,1375073
16323,1311076,20480,1370352
16324,1318966,20962,1378890
16325,1313170,20185,1372114
16326,1295337,21476,1354553
16327,1313373,20237,1372868
16328,1319040,20867,1378295
16329,1308836,20128,1367556
16330,1300355,21789,1360624
16331,1311132,20401,1371236
16332,1311540,20531,1369589
16333,1309410,20088,1367961
16334,1307299,20404,1366110
16335,1305207,21824,1365845
16336,1311669,20770,1371883
16337,1305280,20141,1362570
16338,1304818,20420,1364015
16339,1298744,21470,1357639
16340,1307114,20119,1366640
16341,1313447,20676,1373956
16342,1308336,20084,1366902
16343,1304855,20197,1363273
16344,1306429,21228,1365471
16345,1320725,20581,1379750
16346,1308244,20101,1365825
16347,1307076,20083,1365511
16348,1304669,21115,1363913
16349,1315966,20727,1375692
16350,1308892,20098,1367712
16351,1307540,20562,1366416
16352,1315706,20619,1375584
16353,1301188,21780,1361616
16354,1307391,20151,1366413
16355,1303651,20097,1361470
16356,1324743,21746,1387063
16357,1305448,21037,1365835
16358,1320429,20242,1381818
16359,1311058,20706,1370967
16360,1313003,20521,1373709
16361,1320077,21059,1380932
16362,1304262,21461,1364742
16363,1315077,20351,1374317
16364,1311095,20278,1370114
16365,1310318,20668,1369708
16366,1308614,21718,1369887
16367,1316096,20108,1375999
16368,1308448,20350,1366241
16369,1317985,20295,1376057
16370,1310336,20389,1368836
16371,1299800,21773,1358812
16372,1310781,20718,1369443
16373,1310929,20312,1368684
16374,1310114,20887,1369148
16375,1296022,21659,1355013
16376,1307540,20623,1367070
16377,1309003,20531,1367256
16378,1305743,21310,1365072
16379,1330725,20682,1392184
16380,1309040,21584,1368808
16381,1313262,20381,1372476
16382,1312373,21493,1372903
16383,1305873,20605,1363737
16384,1329799,22155,1390306
16385,1320818,20138,1380936
16386,1314651,21157,1375363
16387,1311706,20770,1374383
16388,1320095,20419,1381847
16389,1347836,22598,1415637
16390,1335039,21137,1398657
16391,1323188,21175,1384288
16392,1322465,20268,1385326
16393,1309447,21263,1367987
16394,1321132,20653,1381914
16395,1370261,20302,1448914
16396,1561574,24544,1658283
16397,1570499,22526,1662692
16398,1464798,25798,1551836
16399,1588704,23911,1687835
16400,1534704,21949,1627466
16401,1563111,22746,1653152
16402,1433094,23389,1517130
16403,1446908,21056,1526853
16404,1424502,22094,1502614
16405,1432872,21633,1513929
16406,1438372,21671,1519412
16407,1414632,24702,1494166
16408,1433187,22203,1514519
16409,1443724,21889,1524705
16410,1436631,21502,1518335
16411,1640073,28866,1742790
16412,1567667,22590,1660163
16413,1564963,24183,1659404
16414,1552537,23258,1648424
16415,1625702,22889,1722017
16416,1458353,25680,1552421
16417,1565815,26459,1677346
16418,1514297,22571,1603700
16419,1450038,22220,1533591
16420,1403205,26492,1482216
16421,1439945,23049,1520698
16422,1432372,22476,1511291
16423,1421446,22125,1500848
16424,1430334,22960,1509979
16425,1411835,25973,1492085
16426,1431890,23529,1514067
16427,1431742,22845,1516086
16428,1613017,24365,1714733
16429,1510149,23970,1597322
16430,1577018,24286,1670174
16431,1551889,24694,1645545
16432,1623073,23492,1719101
16433,1493316,21863,1581215
16434,1550482,25080,1650264
16435,1486001,21637,1570340
16436,1447594,20989,1526416
16437,1437019,22083,1517028
16438,1399650,23948,1479042
16439,1430594,21338,1508135
16440,1440575,21913,1521543
16441,1427557,21896,1508452
16442,1434242,22193,1513379
16443,1403372,23706,1481633
16444,1675498,22114,1766797
16445,1575556,26449,1673947
16446,1571167,24190,1676245
16447,1458316,26463,1547630
16448,1416020,21408,1487780
16449,1354391,21576,1422115
16450,1340392,20299,1407449
16451,1341743,20263,1406710
16452,1323484,21887,1385538
16453,1351576,22314,1417372
16454,1324132,20908,1385299
16455,1327688,20835,1389393
16456,1317447,21367,1379202
16457,1321281,20738,1381444
16458,1313670,20369,1372797
16459,1311077,20184,1370613
16460,1318114,20426,1379688
16461,1298688,21495,1357405
16462,1311318,20496,1370609
16463,1317762,20201,1378351
16464,1311891,20979,1372111
16465,1303928,21215,1362717
16466,1310743,20160,1369644
16467,1310929,20976,1370701
16468,1307354,20440,1366313
16469,1317799,21367,1380128
16470,1313095,22010,1376604
16471,1311836,20270,1371476
16472,1316502,20289,1375792
16473,1320021,21198,1382441
16474,1308355,22044,1369602
16475,1308299,20397,1367103
16476,1316633,20546,1377289
16477,1319299,21251,1381531
16478,1307984,20363,1368088
16479,1301873,21450,1361657
16480,1312725,21266,1374120
16481,1320262,20545,1379992
16482,1314002,20231,1372845
16483,1303133,21355,1361950
16484,1316318,21079,1376136
16485,1307022,20802,1365990
16486,1306984,20470,1365861
16487,1307281,20841,1368640
16488,1302873,21373,1363838
16489,1307836,20744,1367154
16490,1313836,20634,1374247
16491,1311040,20283,1370785
16492,1303818,21907,1363706
16493,1311855,20964,1372096
16494,1309799,20520,1369412
16495,1309744,20318,1369116
16496,1303466,20634,1363192
16497,1318299,21776,1381204
16498,1319688,20314,1378428
16499,1308781,20223,1368447
16500,1309206,20650,1369171
16501,1309484,21367,1368647
16502,1314595,20516,1374222
16503,1302966,20146,1360334
16504,1307595,20518,1366891
16505,1315392,20204,1375780
16506,1307447,21643,1368812
16507,1317485,20385,1376646
16508,1311873,20941,1372573
16509,1312910,20368,1373056
16510,1308318,21289,1368217
16511,1312873,20179,1372385
16512,1306169,20272,1365034
16513,1311670,20829,1371331
16514,1308392,20571,1366777
16515,1303170,21343,1362216
16516,1306947,20900,1367532
16517,1308725,20567,1367477
16518,1308854,20365,1367348
16519,1303318,22544,1364491
16520,1304855,20379,1363326
16521,1312651,20491,1372178
16522,1307337,21140,1367457
16523,1304818,20160,1363625
16524,1298558,22136,1358786
16525,1315170,20285,1373546
16526,1311910,20341,1371529
16527,1307002,20139,1364604
16528,1304059,21207,1362469
16529,1314651,20282,1372451
16530,1312503,20228,1371101
16531,1304169,20377,1362435
16532,1305688,20267,1366695
16533,1304040,21558,1362838
16534,1311373,20226,1369413
16535,1310706,20486,1369414
16536,1303021,20320,1362600
16537,1305781,22037,1364650
16538,1307392,20668,1365966
16539,1314651,20632,1374726
16540,1304966,20244,1363839
16541,1310706,20263,1368488
16542,1309707,21850,1370723
16543,1312650,20703,1372687
16544,1314911,20149,1374429
16545,1306151,20242,1364986
16546,1302281,21274,1362591
16547,1312633,21849,1374425
16548,1310318,20258,1368575
16549,1306151,20055,1365317
16550,1310281,21149,1371151
16551,1300873,21347,1360257
16552,1304651,20163,1364146
16553,1303762,20219,1362925
16554,1309632,21239,1369908
16555,1301910,21270,1362013
16556,1311040,21179,1371163
16557,1305225,20198,1364478
16558,1306799,20088,1365442
16559,1368891,20534,1431535
16560,1315300,21325,1376901
16561,1314633,20140,1374291
16562,1304595,20808,1364699
16563,1309021,20254,1368478
16564,1307836,21304,1368195
16565,1313262,20768,1372566
16566,1307280,20158,1365308
16567,1310725,20288,1370494
16568,1314058,20030,1375088
16569,1300077,21765,1360416
16570,1316114,20655,1376102
16571,1311799,21138,1372621
16572,1312114,20287,1370900
16573,1295595,22207,1355580
16574,1306410,20616,1365489
16575,1313669,26135,1378934
16576,1311392,20488,1371953
16577,1309910,20137,1370121
16578,1308688,21613,1369894
16579,1318428,20337,1378228
16580,1305725,20986,1366470
16581,1308651,20191,1367415
16582,1302781,21259,1360706
16583,1314688,20094,1374374
16584,1312540,21002,1372486
16585,1307040,20688,1366413
16586,1301688,20263,1360432
16587,1301244,21350,1360075
16588,1310447,21055,1370909
16589,1303947,20278,1362651
16590,1303151,20446,1361412
16591,1305429,22070,1364813
16592,1311854,21201,1372648
16593,1312947,20313,1372797
16594,1314502,20314,1374928
16595,1309484,20760,1370151
16596,1306096,21865,1368442
16597,1311651,20107,1371165
16598,1309039,20478,1367777
16599,1317428,20683,1377148
16600,1304447,21604,1365162
16601,1303318,20105,1360811
16602,1305577,20198,1365478
16603,1311410,20570,1370054
16604,1312169,21015,1374258
16605,1302744,23158,1363771
16606,1313096,20270,1374143
16607,1311891,20456,1371422
16608,1308170,20698,1367441
16609,1302429,20952,1361436
16610,1313058,20397,1373751
16611,1308725,20584,1366938
16612,1313058,20492,1372531
16613,1310817,20678,1370569
16614,1303410,21673,1363268
16615,1307688,20044,1366084
16616,1309929,20841,1369955
16617,1309151,21268,1369326
16618,1297484,22300,1357525
16619,1311132,20486,1369581
16620,1313688,21246,1373490
16621,1314799,21155,1374472
16622,1310725,20304,1369825
16623,1304392,21169,1362171
16624,1310244,21577,1371246
16625,1312354,21338,1372081
16626,1310077,20098,1368323
16627,1301688,21407,1360280
16628,1311503,20316,1371763
16629,1301670,20539,1360375
16630,1307151,20151,1365339
16631,1308873,20967,1369636
16632,1310965,21869,1373205
16633,1321743,20648,1381428
16634,1310206,20704,1370447
16635,1311151,20502,1371319
16636,1304689,21496,1363425
16637,1318355,20682,1378222
16638,1327317,19850,1388223
16639,1316392,20499,1376372
16640,1311299,20537,1371688
16641,1306743,21773,1368164
16642,1307503,20237,1367387
16643,1309947,20219,1368277
16644,1311299,20739,1370963
16645,1308373,21715,1368828
16646,1310281,20253,1369718
16647,1306299,20143,1366201
16648,1311836,20773,1371831
16649,1312336,19978,1371536
16650,1299300,21806,1358234
16651,1315170,20437,1375717
16652,1306021,21086,1366088
16653,1304891,20161,1362608
16654,1297281,21415,1357399
16655,1322114,20342,1385325
16656,1320392,20547,1381289
16657,1312725,20640,1372902
16658,1315281,20475,1374662
16659,1305337,21302,1364583
16660,1308540,20674,1368972
16661,1314596,20675,1373973
16662,1326633,20880,1388585
16663,1309947,22004,1370265
16664,1493204,22542,1586745
16665,1558463,24543,1653375
16666,1535556,24581,1635524
16667,1592351,23360,1684914
16668,1495204,25039,1586187
16669,1510519,22411,1601429
16670,1581851,23041,1675114
16671,1543166,23191,1637856
16672,1512889,26352,1605037
16673,1522778,24316,1617389
16674,1577167,24428,1676260
16675,1555871,24577,1650595
16676,1512167,23356,1608763
16677,1507519,26425,1600480
16678,1588277,24166,1682721
16679,1578833,22723,1672555
16680,1576332,24039,1672723
16681,1458001,25978,1548311
16682,1588592,23423,1684070
16683,1519760,25480,1613442
16684,1404890,21351,1480889
16685,1364114,21871,1433613
16686,1334651,22273,1400238
16687,1336521,20126,1401109
16688,1327706,21034,1390962
16689,1332576,21757,1398556
16690,1311058,22196,1372958
16691,1317596,20864,1378200
16692,1323410,20828,1384201
16693,1317540,21125,1378720
16694,1309151,20163,1368814
16695,1303947,21306,1363123
16696,1313707,20474,1372606
16697,1314558,20975,1374736
16698,1313132,20235,1372534
16699,1308910,21415,1367954
16700,1313539,20175,1373344
16701,1310447,21176,1369623
16702,1309743,20196,1368105
16703,1302021,20604,1361051
16704,1308651,21414,1367157
16705,1314540,20859,1374232
16706,1316391,20156,1377103
16707,1313170,20213,1371326
16708,1311262,21319,1371173
16709,1320095,21560,1382451
16710,1310799,20432,1369212
16711,1312151,20766,1371842
16712,1314392,20452,1373806
16713,1306095,21854,1366653
16714,1310800,20707,1369469
16715,1310170,20208,1368859
16716,1308929,20894,1367804
16717,1301133,21778,1361428
16718,1307188,20501,1366207
16719,1309650,20428,1369690
16720,1312280,20633,1372450
16721,1314484,20189,1373451
16722,1302188,20610,1360927
16723,1314392,20555,1374058
16724,1314539,20445,1377355
16725,1320169,20891,1382171
16726,1305799,21367,1366721
16727,1307929,20071,1368037
16728,1313984,20369,1372316
16729,1315039,20870,1374724
16730,1313002,21667,1373669
16731,1301596,22032,1360220
16732,1311299,20348,1369924
16733,1315447,20979,1375722
16734,1311262,21369,1371723
16735,1299818,21752,1358477
16736,1309188,20549,1369700
16737,1317614,21069,1377330
16738,1304800,21125,1363998
16739,1305448,20349,1364018
16740,1307928,22251,1369179
16741,1309781,20641,1369291
16742,1319873,21179,1380310
16743,1311318,20420,1371367
16744,1306244,22174,1367028
16745,1312466,20472,1370696
16746,1309503,21195,1369882
16747,1322225,20548,1385439
16748,1327373,20512,1389625
16749,1315262,21302,1376231
16750,1317484,20748,1378843
16751,1315354,19953,1374881
16752,1313003,20657,1373289
16753,1307243,21245,1366784
16754,1307633,20857,1367785
16755,1306354,20487,1365008
16756,1304077,20562,1363639
16757,1303873,20878,1363659
16758,1301966,21780,1362468
16759,1299336,20411,1356969
16760,1305855,20838,1364711
16761,1301243,20228,1358471
16762,1301503,22056,1361873
16763,1315169,20890,1375152
16764,1305225,20928,1364875
16765,1302855,20577,1361969
16766,1300225,20264,1358562
16767,1306448,21128,1366279
16768,1309800,20741,1369502
16769,1299633,20316,1357985
16770,1319558,20224,1381171
16771,1316429,21737,1379832
16772,1313911,20294,1375037
16773,1310429,20387,1369612
16774,1309614,20611,1369391
16775,1323095,21093,1384781
16776,1302170,22310,1363905
16777,1310725,20478,1370813
16778,1315133,20238,1375240
16779,1313096,20906,1373130
16780,1300577,21585,1360217
16781,1309818,20235,1369385
16782,1310095,20439,1368275
16783,1306299,20811,1364739
16784,1307169,20293,1365777
16785,1335577,21528,1395623
16786,1312299,20918,1372717
16787,1310596,20697,1368329
16788,1314447,20235,1373812
16789,1305614,21767,1365954
16790,1303059,20212,1361585
16791,1310910,20899,1369475
16792,1309744,20789,1369532
16793,1303040,20438,1362699
16794,1309632,21414,1369842
16795,1347965,20767,1417305
16796,1346410,20564,1411473
16797,1326707,20176,1388382
16798,1312817,21819,1375580
16799,1312781,20579,1373285
16800,1310188,20173,1370805
16801,1307354,20377,1366102
16802,1318948,21582,1380844
16803,1302392,21410,1363338
16804,1312966,20263,1371950
16805,1306577,20523,1366063
16806,1321651,21228,1382489
16807,1307188,21241,1366817
16808,1574741,23964,1673759
16809,1575648,23595,1672371
16810,1532500,23874,1625836
16811,1589370,28208,1691392
16812,1453427,24999,1538388
16813,1600999,24667,1695721
16814,1462723,24353,1548631
16815,1441854,22187,1523206
16816,1416427,22978,1496053
16817,1432909,21905,1513535
16818,1432779,21776,1512129
16819,1427946,22370,1506500
16820,1438983,22445,1516890
16821,1429020,22458,1506607
16822,1436705,21681,1518367
16823,1641981,23886,1744606
16824,1591981,24332,1691201
16825,1512537,25900,1607122
16826,1550981,24994,1647030
16827,1557092,21588,1646661
16828,1515167,22959,1605866
16829,1601889,22386,1717273
16830,1434612,23843,1514140
16831,1453131,22141,1535419
16832,1449686,21790,1531364
16833,1439464,22217,1520866
16834,1405520,24582,1484823
16835,1435890,21898,1516546
16836,1431854,21621,1511214
16837,1440279,22492,1520826
16838,1426761,20734,1506476
16839,1528982,23117,1629802
16840,1614759,22841,1708746
16841,1573444,22842,1670322
16842,1561352,23880,1660897
16843,1471593,26578,1560837
16844,1608222,24598,1703429
16845,1489463,23358,1578561
16846,1613443,24248,1711228
16847,1445835,22064,1530897
16848,1423575,24836,1503207
16849,1434205,22726,1513615
16850,1441038,22412,1524246
16851,1438335,22432,1519395
16852,1392965,25260,1472520
16853,1436187,23927,1518057
16854,1445223,24391,1530318
16855,1435964,23022,1517652
16856,1663480,23042,1757095
16857,1527074,25629,1617702
16858,1581278,23852,1676276
16859,1491445,23279,1581482
16860,1401039,21872,1476522
16861,1334354,23256,1400591
16862,1345076,20516,1409277
16863,1336706,20739,1400945
16864,1333817,22185,1397168
16865,1320855,20705,1382318
16866,1313076,21681,1374979
16867,1319540,20441,1379850
16868,1322225,20164,1383074
16869,1319465,20535,1379556
16870,1302485,21530,1364644
16871,1313762,20401,1373941
16872,1313169,20328,1374145
16873,1316818,20403,1376017
16874,1309317,20386,1370314
16875,1312374,21714,1371938
16876,1315373,20437,1376384
16877,1315521,20364,1375144
16878,1311077,20217,1370590
16879,1303391,22693,1365510
16880,1315688,20138,1374270
16881,1312187,20917,1372494
16882,1310207,21659,1372328
16883,1306651,20197,1364551
16884,1311003,21895,1372046
16885,1315577,20878,1375806
16886,1306207,20101,1364900
16887,1312299,20547,1371679
16888,1314503,21874,1376673
16889,1317743,20264,1378470
16890,1303800,20414,1363472
16891,1308003,20211,1366639
16892,1313577,20934,1374270
16893,1299540,21447,1358468
16894,1308059,20541,1368191
16895,1308873,20338,1369100
16896,1339243,20265,1401582
16897,1307355,21612,1367410
16898,1313003,20224,1370782
16899,1306132,20336,1365801
16900,1307670,20281,1366691
16901,1312262,20838,1373285
16902,1300781,21666,1361427
16903,1306058,20241,1366077
16904,1307076,20038,1365078
16905,1311317,20428,1369949
16906,1301503,22163,1360925
16907,1353058,21109,1420925
16908,1324706,20406,1384649
16909,1324521,21333,1387558
16910,1327058,20686,1390096
16911,1311337,22495,1372683
16912,1318522,20922,1379721
16913,1318576,20831,1378870
16914,1318707,20276,1381186
16915,1320706,22030,1382903
16916,1319132,21457,1381144
16917,1319133,21162,1379646
16918,1306892,20107,1366295
16919,1368057,20590,1431388
16920,1319392,22066,1381809
16921,1317354,21048,1378310
16922,1315669,20716,1375144
16923,1309151,20791,1368719
16924,1311650,21323,1373325
16925,1309503,20805,1369808
16926,1307354,20214,1367068
16927,1307670,21344,1367513
16928,1307743,21012,1366940
16929,1299614,22155,1359713
16930,1306910,20508,1364677
16931,1307188,20175,1364900
16932,1302059,20139,1359845
16933,1313465,21578,1374488
16934,1318632,20653,1378193
16935,1309577,20080,1368360
16936,1306058,20674,1365028
16937,1319521,20305,1379566
16938,1309021,21299,1368950
16939,1313392,20245,1372395
16940,1305022,20542,1363896
16941,1310262,20302,1368657
16942,1298910,22056,1360503
16943,1315373,20224,1374948
16944,1313966,21058,1373746
16945,1310502,20356,1369228
16946,1309558,20486,1368729
16947,1300984,21499,1362039
16948,1311651,20982,1371836
16949,1307410,20224,1366263
16950,1315318,20484,1375079
16951,1308280,21626,1368629
16952,1311744,20146,1371093
16953,1306707,20036,1364946
16954,1313558,20852,1375206
16955,1312688,20371,1372596
16956,1302096,21921,1362887
16957,1313743,20497,1373258
16958,1308429,20257,1368241
16959,1307225,20276,1366668
16960,1301984,22567,1361977
16961,1310151,20291,1370182
16962,1317188,20347,1376072
16963,1307577,20126,1366276
16964,1308521,20608,1367592
16965,1295911,22251,1357105
16966,1304633,20345,1364458
16967,1307003,21253,1367274
16968,1304596,20513,1363960
16969,1309632,21860,1370066
16970,1306577,20824,1365197
16971,1319540,21121,1380716
16972,1311892,20937,1373328
16973,1307243,20308,1365070
16974,1312317,21396,1371694
16975,1314133,21063,1374084
16976,1305651,20435,1364678
16977,1300929,20713,1358605
16978,1317910,21801,1380025
16979,1319077,21339,1380433
16980,1313318,20932,1373972
16981,1310910,20544,1369547
16982,1320651,20527,1380233
16983,1308336,21873,1369024
16984,1305762,20467,1364932
16985,1306966,20468,1366600
16986,1309502,20543,1369027
16987,1300929,22204,1361003
16988,1309892,20557,1368208
16989,1306281,20632,1366561
16990,1312336,20633,1371673
16991,1315354,20579,1374452
16992,1302207,21407,1362242
16993,1309411,20667,1368225
16994,1310780,20612,1371319
16995,1311392,20484,1370060
16996,1302336,21386,1360944
16997,1305596,20479,1364371
16998,1305929,20647,1365557
16999,1307373,20296,1366280
17000,1310411,20816,1371448
17001,1303355,21773,1364035
17002,1307910,20182,1366369
17003,1321021,20794,1381963
17004,1311206,20258,1370853
17005,1295558,22086,1355866
17006,1309244,20661,1368700
17007,1309373,20143,1368868
17008,1305595,20645,1364258
17009,1302040,20812,1361000
17010,1300225,21492,1360124
17011,1314633,20326,1374792
17012,1305021,20050,1363700
17013,1305262,20828,1364627
17014,1300077,21767,1360918
17015,1300744,20120,1359141
17016,1309633,20603,1368920
17017,1303799,20937,1363532
17018,1302559,19994,1360107
17019,1300800,21322,1359546
17020,1316113,20526,1376158
17021,1314336,20768,1374900
17022,1304466,20306,1363068
17023,1303948,21245,1363748
17024,1324614,21005,1388545
17025,1314132,20118,1374027
17026,1306132,20248,1365177
17027,1313411,20583,1374048
17028,1313133,21892,1374005
17029,1309948,20430,1369618
17030,1307855,20135,1366933
17031,1307669,20784,1367879
17032,1296096,22464,1356540
17033,1302299,20335,1360523
17034,1303244,20225,1361524
17035,1304521,20337,1363062
17036,1306225,21172,1366192
17037,1300095,21740,1359613
17038,1309503,20334,1369281
17039,1309447,20983,1369356
17040,1305466,20299,1363412
17041,1306410,21330,1368111
17042,1312076,20609,1372778
17043,1304725,20184,1363261
17044,1558685,24111,1656647
17045,1581574,23797,1675018
17046,1495686,26107,1585495
17047,1576111,24978,1671218
17048,1567148,24701,1665108
17049,1544945,22684,1634776
17050,1508964,26530,1603030
17051,1542167,26272,1637456
17052,1570111,23162,1662531
17053,1524834,21367,1614422
17054,1606981,24479,1707959
17055,1517463,27122,1609473
17056,1538926,23475,1632122
17057,1546315,23679,1639438
17058,1579499,22903,1679086
17059,1538870,27156,1633896
17060,1567907,23194,1660860
17061,1520334,24732,1614139
17062,1553111,24752,1649270
17063,1467815,22364,1551438
17064,1344484,23044,1412638
17065,1376039,21175,1445269
17066,1337243,20602,1401622
17067,1330003,20214,1392253
17068,1321817,21819,1385210
17069,1335502,21061,1398156
17070,1334465,20470,1398286
17071,1326318,20674,1388084
17072,1313188,20749,1373844
17073,1315151,21892,1376524
17074,1313077,20560,1372340
17075,1311818,20857,1371304
17076,1311632,20395,1371249
17077,1309337,22334,1370614
17078,1312539,20409,1371689
17079,1311725,20744,1371653
17080,1304780,20467,1362747
17081,1308984,20079,1366841
17082,1311651,22000,1372039
17083,1329354,20964,1390262
17084,1309447,20205,1369837
17085,1310336,20077,1370283
17086,1304059,21368,1365203
17087,1310577,20128,1369945
17088,1305743,20092,1365594
17089,1306947,21093,1367021
17090,1325706,20779,1388022
17091,1303614,21644,1364017
17092,1311891,20627,1371925
17093,1317151,20850,1378056
17094,1314818,20221,1375594
17095,1301558,21142,1361107
17096,1310577,20661,1370830
17097,1308706,20366,1368091
17098,1303281,20182,1361499
17099,1313206,21109,1374241
17100,1306133,21825,1367846
17101,1315595,20290,1377440
17102,1315244,20513,1374089
17103,1307818,20755,1366757
17104,1301633,21842,1362196
17105,1310910,20269,1371215
17106,1311669,20529,1371605
17107,1315337,20845,1376680
17108,1309892,20383,1370552
17109,1298392,21655,1357861
17110,1312911,20453,1371862
17111,1314744,21120,1376011
17112,1306428,20288,1365957
17113,1305465,21542,1365081
17114,1321836,20191,1381934
17115,1315725,20155,1374676
17116,1349928,21045,1415639
17117,1320891,20305,1381641
17118,1318392,21485,1379246
17119,1319373,20634,1379914
17120,1316281,20431,1375415
17121,1314725,20266,1374935
17122,1308059,21520,1369855
17123,1320558,20224,1379615
17124,1312688,20410,1372246
17125,1313021,20486,1373377
17126,1343817,20190,1404377
17127,1315447,21333,1376613
17128,1316503,20556,1377299
17129,1309577,20872,1369949
17130,1315336,20207,1373950
17131,1308502,21349,1367981
17132,1314966,20998,1377038
17133,1313096,20370,1371854
17134,1319448,20797,1380540
17135,1313984,20483,1375282
17136,1306743,21329,1367961
17137,1310688,20682,1370259
17138,1307502,20313,1367612
17139,1334892,21721,1400131
17140,1309854,21864,1371459
17141,1313151,20624,1372997
17142,1311003,20070,1371239
17143,1308466,20200,1368388
17144,1308762,24331,1373667
17145,1303596,21011,1363680
17146,1309577,20216,1369366
17147,1307521,20031,1366200
17148,1315355,21273,1376961
17149,1307299,21360,1368066
17150,1305022,20121,1365179
17151,1310669,20381,1369846
17152,1304374,20993,1365107
17153,1306559,20346,1366867
17154,1302484,21637,1362732
17155,1311743,20119,1370455
17156,1313336,21083,1373863
17157,1307317,20566,1366161
17158,1300040,21746,1358933
17159,1308632,20358,1367786
17160,1314928,21562,1376657
17161,1307484,20286,1366733
17162,1310151,20287,1370752
17163,1309614,21263,1369617
17164,1307725,20782,1367507
17165,1306651,20172,1365564
17166,1319244,21007,1380750
17167,1311465,21520,1372170
17168,1310317,20521,1370171
17169,1319985,20744,1380505
17170,1306391,20393,1367118
17171,1309762,20116,1368008
17172,1302762,21426,1362206
17173,1306744,20019,1366411
17174,1304539,20243,1364727
17175,1311077,20503,1370153
17176,1311336,21720,1373092
17177,1307243,20350,1366538
17178,1303373,20407,1362409
17179,1305892,20649,1364503
17180,1309132,20224,1369411
17181,1304707,22052,1366036
17182,1312410,20719,1372444
17183,1305022,20461,1364038
17184,1306447,20333,1364594
17185,1304151,21420,1365052
17186,1313614,20365,1375127
17187,1307837,20514,1368054
17188,1309132,20293,1369925
17189,1306559,20350,1365778
17190,1303225,21437,1364143
17191,1312133,20364,1372255
17192,1302577,20291,1361608
17193,1303151,20310,1362017
17194,1300225,21453,1359233
17195,1307206,20380,1367808
17196,1308855,20159,1366846
17197,1315021,20141,1373903
17198,1312170,20365,1372330
17199,1307170,21655,1366510
17200,1318262,20434,1378381
17201,1315374,21306,1377382
17202,1309355,20510,1368976
17203,1300670,21431,1359600
17204,1306799,20302,1366027
17205,1317243,21211,1377324
17206,1307318,20193,1366714
17207,1311355,20361,1370808
17208,1304540,21430,1365654
17209,1308706,20560,1369063
17210,1309651,20135,1369138
17211,1309744,20618,1368583
17212,1305466,21316,1365115
17213,1306410,20632,1365394
17214,1311577,20300,1371006
17215,1302428,20282,1361377
17216,1303429,20246,1362804
17217,1300411,22000,1360391
17218,1310984,20371,1370892
17219,1305077,20576,1365560
17220,1588573,22614,1683502
17221,1504593,24553,1594534
17222,1542481,23776,1637220
17223,1607981,26870,1706220
17224,1493464,22538,1580667
17225,1607388,24168,1703389
17226,1390150,24811,1472997
17227,1468908,22571,1553923
17228,1438113,23980,1520092
17229,1414520,23444,1494982
17230,1394780,25957,1476088
17231,1420835,23643,1505366
17232,1419001,22885,1498960
17233,1424502,22738,1504850
17234,1423650,22868,1503999
17235,1415612,26548,1502734
17236,1593389,27123,1703011
17237,1579092,23939,1672216
17238,1600055,23996,1696068
17239,1491057,24546,1580749
17240,1605240,24454,1701490
17241,1494316,23807,1585696
17242,1580648,25030,1677233
17243,1452168,22254,1536310
17244,1414279,24674,1497156
17245,1438520,22194,1518879
17246,1431298,23343,1512325
17247,1439854,22696,1519937
17248,1399002,24987,1477840
17249,1431890,22858,1511970
17250,1430280,22322,1511045
17251,1433186,22564,1511268
17252,1635813,22991,1748785
17253,1511871,24948,1602614
17254,1571871,24375,1666726
17255,1593980,24302,1691597
17256,1525334,22951,1616599
17257,1587185,26983,1679963
17258,1506815,22558,1596280
17259,1595666,24504,1693335
17260,1443371,21116,1526450
17261,1441779,21043,1521969
17262,1408039,23593,1486242
17263,1430760,22020,1513150
17264,1443982,21373,1524929
17265,1425520,21688,1502782
17266,1402224,23609,1479425
17267,1438113,22314,1521888
17268,1430890,22130,1513093
17269,1634684,25019,1750462
17270,1593388,23669,1691760
17271,1515500,24200,1605700
17272,1461353,21349,1544609
17273,1355780,20721,1422963
17274,1351650,21888,1419353
17275,1333706,22939,1399033
17276,1351057,20329,1415182
17277,1339743,20755,1404906
17278,1327799,20257,1389222
17279,1387261,21165,1453092
17280,1319225,21585,1379421
17281,1322188,20438,1383459
17282,1324336,20088,1385256
17283,1326224,20829,1388313
17284,1303485,22565,1366863
17285,1315466,20640,1375864
17286,1311725,20789,1371050
17287,1313466,20845,1373144
17288,1308040,20550,1368053
17289,1299466,21471,1359343
17290,1317410,20861,1378104
17291,1318707,20213,1379142
17292,1315299,20585,1374920
17293,1307744,21450,1368711
17294,1315021,20284,1374249
17295,1308947,20656,1367380
17296,1309762,20064,1368511
17297,1303762,20695,1362827
17298,1306447,22134,1366784
17299,1305744,20024,1363878
17300,1307410,20395,1366397
17301,1311392,20377,1372102
17302,1301521,21353,1360189
17303,1310929,20799,1369375
17304,1314781,20967,1374932
17305,1308373,20320,1367489
17306,1315077,20358,1375397
17307,1314392,21760,1374614
17308,1316910,20483,1376596
17309,1308984,20132,1368171
17310,1308281,20337,1367913
17311,1308614,21683,1368889
17312,1306595,20055,1365538
17313,1308522,20167,1368262
17314,1308225,20575,1367707
17315,1307947,20502,1367542
17316,1309540,21367,1369462
17317,1313614,20331,1372444
17318,1307595,20758,1367983
17319,1312540,20278,1370947
17320,1301058,21624,1360867
17321,1316466,20718,1377275
17322,1311540,20126,1372351
17323,1311169,20609,1369926
17324,1318650,20350,1379019
17325,1303965,21808,1364495
17326,1307725,20235,1367700
17327,1316299,20421,1375516
17328,1315892,21181,1376832
17329,1301114,20880,1361030
17330,1308984,20195,1368938
17331,1312485,20845,1372680
17332,1307521,20179,1367626
17333,1308928,20050,1368571
17334,1291651,21341,1351399
17335,1302947,20657,1361122
17336,1309391,20825,1369753
17337,1310781,20252,1369087
17338,1302503,21228,1361082
17339,1311188,20636,1369601
17340,1306188,20563,1364417
17341,1309151,20675,1367363
17342,1304373,20861,1363494
17343,1306280,21393,1364210
17344,1303540,20727,1362285
17345,1309633,20525,1368305
17346,1314948,20711,1376028
17347,1312262,22243,1371467
17348,1308503,20836,1367339
17349,1318836,20208,1378358
17350,1308688,20098,1367804
17351,1307780,20321,1367194
17352,1303837,21075,1363133
17353,1321096,21427,1382448
17354,1313485,20243,1373375
17355,1313132,20300,1371969
17356,1311706,21276,1371778
17357,1310207,21370,1371335
17358,1304633,20204,1363892
17359,1325650,20427,1386226
17360,1311299,22780,1373375
17361,1308299,22312,1368962
17362,1314484,20387,1373408
17363,1304873,20277,1363705
17364,1309207,21055,1368280
17365,1304355,21735,1364664
17366,1317002,20477,1376516
17367,1311243,20311,1370536
17368,1309040,20924,1368759
17369,1311503,20350,1370112
17370,1304318,21623,1363718
17371,1311577,20179,1371274
17372,1305595,20162,1363053
17373,1316780,21126,1377073
17374,1311484,21806,1372215
17375,1314391,20418,1374253
17376,1307891,20197,1366662
17377,1314022,20494,1373755
17378,1311503,20217,1370331
17379,1297614,22212,1357473
17380,1310781,20694,1370863
17381,1319207,20806,1380716
17382,1321744,20215,1383476
17383,1302466,21635,1360934
17384,1315373,20673,1374602
17385,1314465,20471,1374640
17386,1302262,20268,1361567
17387,1309836,20195,1368623
17388,1313780,21208,1375303
17389,1315965,20431,1374952
17390,1312022,20432,1371046
17391,1305262,20119,1363491
17392,1300743,21243,1359912
17393,1322114,20410,1380950
17394,1315817,20597,1375729
17395,1302152,20172,1360508
17396,1306707,20710,1366305
17397,1303614,21593,1363559
17398,1311873,20446,1371374
17399,1313151,20410,1373598
17400,1309596,20411,1368765
17401,1308206,21221,1367315
17402,1311799,20425,1371298
17403,1305873,20149,1366799
17404,1317576,20964,1378356
17405,1315243,21465,1377931
17406,1304244,22090,1367203
17407,1312096,20387,1371445
17408,1337651,20018,1397149
17409,1317762,21278,1379113
17410,1302040,21365,1363534
17411,1310595,20422,1370405
17412,1306763,20312,1367351
17413,1311040,20016,1370222
17414,1307188,20425,1366112
17415,1299262,21308,1357922
17416,1308985,20494,1369849
17417,1308225,20255,1367609
17418,1308207,20533,1367258
17419,1301484,21695,1360975
17420,1307947,20418,1366994
17421,1307392,20197,1366218
17422,1306651,20716,1366385
17423,1381465,20069,1457700
17424,1520408,25045,1621026
17425,1535926,24194,1629934
17426,1529075,23251,1620176
17427,1561481,24289,1654381
17428,1486612,25228,1579728
17429,1508760,25155,1603266
17430,1575907,22063,1667340
17431,1561722,23120,1656397
17432,1541296,26288,1642361
17433,1473519,25671,1564671
17434,1584240,23746,1683560
17435,1543852,25525,1640469
17436,1546259,23193,1639822
17437,1476019,26298,1568521
17438,1556500,24559,1653465
17439,1583407,26208,1681707
17440,1568963,23894,1663467
17441,1547611,23803,1648839
17442,1514796,28390,1608334
17443,1491296,24354,1581742
17444,1394613,20521,1466986
17445,1361169,21208,1427432
17446,1324744,22202,1389149
17447,1334669,20148,1398020
17448,1332928,20519,1394854
17449,1338928,20539,1401022
17450,1327836,20540,1390690
17451,1315207,21830,1374740
17452,1324373,20054,1384334
17453,1324040,23240,1387575
17454,1319632,20185,1381280
17455,1305910,21495,1364164
17456,1317299,20533,1377109
17457,1322780,21071,1383944
17458,1313447,20776,1372982
17459,1317355,20240,1375983
17460,1306114,21531,1366200
17461,1316799,20828,1375552
17462,1328373,20681,1390775
17463,1318799,20311,1378017
17464,1315373,21713,1376438
17465,1321910,20326,1382050
17466,1315151,20660,1375329
17467,1315836,20272,1374848
17468,1369242,20458,1434497
17469,1316670,21619,1377696
17470,1323058,21250,1384975
17471,1309484,20122,1369031
17472,1313336,20141,1372329
17473,1313058,22284,1373786
17474,1318262,24951,1382880
17475,1307132,20397,1366177
17476,1313447,20250,1373900
17477,1320170,21362,1383068
17478,1307429,21745,1368729
17479,1307151,20135,1366527
17480,1311632,20525,1370565
17481,1314299,20619,1374843
17482,1303448,22225,1363486
17483,1307688,20355,1365191
17484,1309355,21190,1369618
17485,1336447,20691,1398507
17486,1315633,20044,1374509
17487,1304632,21075,1364226
17488,1318132,20743,1378875
17489,1315817,20318,1374783
17490,1313262,21152,1373803
17491,1304651,21499,1364723
17492,1315021,20092,1373558
17493,1312984,20667,1372614
17494,1310799,21891,1371356
17495,1303929,20558,1363061
17496,1302540,21683,1362333
17497,1305336,20239,1363316
17498,1307281,21074,1367094
17499,1307762,20223,1366966
17500,1297115,21495,1356238
17501,1306059,20218,1364332
17502,1313577,20479,1373796
17503,1312059,20369,1371797
17504,1311892,20407,1370890
17505,1317410,21383,1378737
17506,1320428,20273,1380534
17507,1306373,20181,1366128
17508,1326761,20645,1389277
17509,1311059,21825,1373068
17510,1312466,20641,1373754
17511,1308892,20493,1368237
17512,1307929,20291,1366978
17513,1314114,20366,1373461
17514,1300170,21546,1360141
17515,1308725,20343,1367086
17516,1311780,20714,1372291
17517,1309411,20475,1368088
17518,1314187,21321,1378490
17519,1335188,20192,1398528
17520,1312651,20156,1374196
17521,1312559,20306,1372364
17522,1317984,20955,1379031
17523,1305299,21061,1363989
17524,1306337,20191,1364731
17525,1310262,20489,1368009
17526,1314910,20915,1375047
17527,1306244,22447,1366690
17528,1306836,20078,1365469
17529,1320188,20523,1379933
17530,1313392,20895,1374823
17531,1330835,20822,1394175
17532,1310817,21261,1370207
17533,1318410,21021,1379745
17534,1315318,21263,1375857
17535,1306077,20356,1364655
17536,1298817,21647,1357409
17537,1376261,21630,1445705
17538,1323485,21075,1385262
17539,1317447,20261,1377597
17540,1323780,20688,1387061
17541,1309799,21664,1370018
17542,1311780,21073,1372760
17543,1315337,20129,1374946
17544,1310429,20353,1371299
17545,1299503,21366,1359238
17546,1314133,20978,1375999
17547,1311521,20423,1371037
17548,1307948,20221,1367038
17549,1314466,20703,1373594
17550,1314225,21568,1376089
17551,1316966,20365,1377238
17552,1309058,20496,1368776
17553,1314317,20479,1373981
17554,1320002,22029,1382235
17555,1312817,20067,1371532
17556,1309373,20364,1368033
17557,1319225,20661,1379645
17558,1314280,20311,1374165
17559,1304040,21583,1363771
17560,1313632,20565,1373401
17561,1311966,20381,1371550
17562,1314429,20586,1374496
17563,1303040,22118,1363935
17564,1310725,20508,1370491
17565,1311299,20472,1371511
17566,1313910,20361,1373364
17567,1311503,20455,1370291
17568,1304355,21820,1365267
17569,1309781,20265,1369749
17570,1308614,20192,1367102
17571,1308133,21397,1367029
17572,1301114,21132,1360894
17573,1303855,20208,1361710
17574,1309632,20431,1368507
17575,1309781,21654,1371212
17576,1304873,20192,1364121
17577,1311539,21835,1372504
17578,1313577,20243,1373394
17579,1315799,20670,1375136
17580,1312670,20634,1372100
17581,1302447,21684,1362242
17582,1307373,20574,1367503
17583,1311077,20631,1370541
17584,1305003,20243,1364097
17585,1310133,20374,1369728
17586,1314521,21868,1374463
17587,1304818,20184,1363057
17588,1302744,21222,1362113
17589,1311984,20112,1372763
17590,1305559,21625,1365646
17591,1310151,20571,1370017
17592,1310484,21424,1371204
17593,1307299,20054,1366371
17594,1309170,20037,1367965
17595,1307021,21161,1367645
17596,1311206,21236,1373535
17597,1308373,20293,1367480
17598,1302726,20127,1362370
17599,1306559,21066,1366902
17600,1316762,21067,1378495
17601,1307022,20179,1365793
17602,1306336,20162,1366349
17603,1314614,21366,1374998
17604,1301151,21528,1361697
17605,1309669,20492,1369012
17606,1310077,20585,1370236
17607,1309059,20364,1369292
17608,1298077,21488,1357676
17609,1315243,20600,1375010
17610,1302466,20231,1362289
17611,1308114,20491,1366642
17612,1312003,20418,1372606
17613,1301021,21061,1361193
17614,1311466,20358,1371157
17615,1308540,20470,1367547
17616,1305929,20527,1365344
17617,1301577,21503,1361394
17618,1306744,20337,1367766
17619,1308725,20357,1366841
17620,1307558,20932,1367842
17621,1304799,20433,1363806
17622,1298762,21539,1357615
17623,1309114,20114,1366857
17624,1308744,21041,1369154
17625,1306355,20116,1365174
17626,1297077,21648,1357483
17627,1313392,20112,1374003
17628,1313225,20131,1372319
17629,1303503,22280,1365227
17630,1304614,20189,1364099
17631,1300947,21461,1359445
17632,1402353,20610,1481648
17633,1574462,23611,1680369
17634,1549037,25372,1644778
17635,1464186,24885,1551663
17636,1563555,24756,1660051
17637,1513945,23053,1607164
17638,1554944,22573,1649683
17639,1505907,21574,1588926
17640,1421427,23865,1503032
17641,1437945,21884,1519200
17642,1426964,20941,1505127
17643,1435612,21164,1516572
17644,1435520,24029,1519567
17645,1447742,23326,1529197
17646,1433853,21346,1514532
17647,1444038,21291,1539310
17648,1608129,23404,1705476
17649,1510945,26250,1602472
17650,1579203,22381,1672194
17651,1568704,23474,1664547
17652,1628833,24994,1730010
17653,1450964,23118,1536100
17654,1615406,23101,1719821
17655,1467408,22065,1551287
17656,1460057,22566,1541751
17657,1427261,21178,1504604
17658,1415835,23413,1496025
17659,1433391,22303,1514692
17660,1431742,21211,1509268
17661,1427705,21027,1504361
17662,1414002,23077,1490412
17663,1439409,23023,1519172
17664,1697590,22042,1787003
17665,1589110,22321,1680783
17666,1600110,22989,1697932
17667,1471093,26354,1559595
17668,1533611,22688,1625391
17669,1549297,26023,1646966
17670,1525945,22394,1629375
17671,1525370,25833,1617425
17672,1473372,22464,1559927
17673,1439297,22354,1520891
17674,1437168,22132,1519763
17675,1441909,21430,1522449
17676,1417520,23813,1497221
17677,1430631,21888,1508796
17678,1446446,22074,1527742
17679,1436946,22261,1518428
17680,1404002,23737,1481793
17681,1624166,25071,1727606
17682,1595018,25146,1694330
17683,1534074,23684,1625776
17684,1462723,22093,1546630
17685,1349465,22921,1418200
17686,1349447,20959,1415590
17687,1354502,21182,1422017
17688,1333410,20590,1398203
17689,1322836,22326,1383680
17690,1341280,21141,1405236
17691,1324373,20328,1385682
17692,1335539,20977,1400423
17693,1322225,20515,1382665
17694,1322928,22084,1385326
17695,1319836,21307,1382753
17696,1318169,20086,1379477
17697,1315984,20939,1378070
17698,1313688,21063,1374584
17699,1312521,21101,1372807
17700,1307392,20176,1367178
17701,1312725,20603,1372142
17702,1306336,20400,1365680
17703,1304466,22024,1365138
17704,1316169,20766,1375509
17705,1311318,20415,1370584
17706,1307243,20565,1366215
17707,1301040,21596,1359765
17708,1305188,20430,1363174
17709,1302818,20265,1360990
17710,1310985,20599,1371176
17711,1314077,20619,1376177
17712,1304984,21317,1366653
17713,1309707,20337,1369469
17714,1312151,20319,1372118
17715,1320929,20561,1380119
17716,1300281,21981,1362076
17717,1315873,20408,1373781
17718,1319910,20409,1380430
17719,1307799,20725,1367228
17720,1307966,20226,1367488
17721,1302059,21776,1362594
17722,1317466,20166,1378168
17723,1315670,20223,1374966
17724,1317132,20909,1378226
17725,1301170,21478,1361350
17726,1309577,20053,1368074
17727,1309466,20702,1369593
17728,1316318,20499,1376446
17729,1308984,20056,1366688
17730,1305114,21847,1365386
17731,1312096,20459,1370369
17732,1313317,20960,1373703
17733,1308244,19998,1367482
17734,1302300,21789,1361513
17735,1311188,20438,1369089
17736,1319410,21569,1381904
17737,1308225,20125,1367554
17738,1321799,21089,1384332
17739,1311892,21232,1372253
17740,1314355,20048,1374328
17741,1305410,20456,1363551
17742,1309558,20402,1370367
17743,1315280,21341,1375676
17744,1309188,21083,1370270
17745,1308244,20047,1368382
17746,1312336,20492,1372365
17747,1313410,20419,1372718
17748,1304966,21469,1363046
17749,1315317,20026,1374417
17750,1314521,20656,1374918
17751,1304466,20157,1362252
17752,1299466,21374,1358432
17753,1316947,20764,1376989
17754,1304799,20191,1363193
17755,1311577,20544,1370620
17756,1316076,20693,1376621
17757,1305780,21762,1366783
17758,1305928,20578,1365543
17759,1314169,20653,1373285
17760,1312614,20431,1372897
17761,1310836,21167,1371391
17762,1313447,20149,1374485
17763,1309817,20558,1368190
17764,1306317,20170,1365913
17765,1301855,20356,1360210
17766,1300169,21202,1358631
17767,1320484,20815,1380817
17768,1309614,20242,1368707
17769,1308059,22409,1368801
17770,1308762,21348,1368814
17771,1309022,20183,1367629
17772,1303966,20165,1361353
17773,1310132,21166,1369483
17774,1301614,20093,1360059
17775,1298984,21958,1358294
17776,1312966,20755,1373184
17777,1318836,21201,1379555
17778,1311151,20183,1369723
17779,1297596,21326,1356292
17780,1307484,20049,1366459
17781,1311651,21273,1371738
17782,1306558,20237,1364424
17783,1309114,20441,1367962
17784,1314540,21066,1375716
17785,1320466,20807,1380810
17786,1311762,20531,1371366
17787,1306539,20124,1365608
17788,1307280,21452,1367603
17789,1307614,20749,1366418
17790,1304799,20325,1363771
17791,1344576,20177,1419772
17792,1391947,20530,1463198
17793,1333466,21803,1398193
17794,1327836,21285,1391972
17795,1323354,20249,1385566
17796,1329447,20602,1390660
17797,1312318,21337,1373451
17798,1324299,20412,1385563
17799,1325021,20413,1387730
17800,1326596,20822,1389491
17801,1318021,21156,1379714
17802,1303373,22336,1365690
17803,1310485,20059,1369117
17804,1584370,23579,1677911
17805,1565462,25932,1663616
17806,1453298,24334,1543704
17807,1601315,23483,1696129
17808,1554778,23873,1650390
17809,1549185,22837,1637336
17810,1576296,23745,1673929
17811,1484260,24573,1574443
17812,1567537,25574,1666110
17813,1598481,24501,1692944
17814,1609833,22947,1703723
17815,1493574,25682,1586496
17816,1569000,22961,1662367
17817,1537019,23239,1629146
17818,1557148,24018,1651554
17819,1576667,23630,1670240
17820,1462742,25347,1553162
17821,1577666,23441,1673236
17822,1552851,24497,1651052
17823,1423909,22869,1504036
17824,1342354,23012,1409421
17825,1364336,20753,1432329
17826,1353224,21495,1422052
17827,1341206,20922,1406128
17828,1400984,22201,1475683
17829,1331613,21899,1397068
17830,1341317,20511,1405532
17831,1333947,21049,1397366
17832,1326558,20328,1388145
17833,1310743,21638,1373066
17834,1317707,20435,1378474
17835,1315966,20140,1377864
17836,1318781,20604,1379773
17837,1315391,22105,1378125
17838,1299299,21710,1360305
17839,1311836,20045,1371343
17840,1307429,20175,1366548
17841,1310596,20917,1369753
17842,1303003,21504,1362470
17843,1310485,20431,1369026
17844,1308725,20229,1367879
17845,1309299,21063,1369825
17846,1311169,20157,1370696
17847,1302503,22188,1362820
17848,1312762,20374,1372525
17849,1318818,20690,1379359
17850,1307299,20080,1366360
17851,1301762,21982,1362966
17852,1310984,20131,1370597
17853,1331132,20929,1396560
17854,1331058,20393,1394543
17855,1315059,20079,1375248
17856,1310244,21666,1369891
17857,1320818,20519,1380836
17858,1312596,20279,1371930
17859,1313817,20077,1373245
17860,1308577,21497,1368851
17861,1314669,20628,1374685
17862,1312947,20332,1371483
17863,1314299,20296,1374280
17864,1309984,20168,1369948
17865,1363094,21718,1438053
17866,1380539,21015,1450535
17867,1328928,20294,1391778
17868,1318725,20184,1380816
17869,1318447,21753,1381588
17870,1324281,21217,1387737
17871,1319243,20310,1379849
17872,1306281,20219,1367517
17873,1343355,21423,1408796
17874,1316058,21974,1378920
17875,1314114,20678,1374255
17876,1320539,20976,1383533
17877,1324206,20884,1386553
17878,1310448,21767,1372473
17879,1316262,20491,1376715
17880,1305651,20344,1365198
17881,1313281,20659,1372643
17882,1309670,19994,1368644
17883,1297577,21322,1357806
17884,1314447,20767,1374251
17885,1310817,20194,1370789
17886,1314799,20399,1372642
17887,1302521,21745,1360507
17888,1307614,20098,1366545
17889,1306225,20025,1363268
17890,1308281,20174,1366603
17891,1312854,21064,1374048
17892,1301837,22170,1363339
17893,1306596,20060,1364747
17894,1313929,20376,1374045
17895,1315762,20062,1375472
17896,1301299,21760,1361633
17897,1307669,20446,1366412
17898,1305114,20077,1362746
17899,1312003,20671,1371858
17900,1308077,20561,1367174
17901,1298373,21426,1357558
17902,1338484,20667,1403873
17903,1316206,20465,1378022
17904,1311225,20262,1370764
17905,1311391,22182,1372203
17906,1318262,20165,1378260
17907,1313280,20018,1372520
17908,1316206,20797,1377910
17909,1313039,20372,1373615
17910,1303336,21663,1364276
17911,1314725,20719,1375481
17912,1308707,20831,1370649
17913,1307540,20221,1367187
17914,1307522,21586,1366385
17915,1318577,20550,1378608
17916,1313984,20699,1374887
17917,1311781,20330,1370406
17918,1314410,20350,1373389
17919,1306985,21474,1367124
17920,1343447,20216,1406014
17921,1311206,20106,1370293
17922,1323095,20384,1383609
17923,1315891,21731,1378585
17924,1316540,19991,1376253
17925,1312688,20011,1370568
17926,1316744,20104,1375532
17927,1316410,19976,1375071
17928,1301911,21026,1361491
17929,1313707,20286,1373566
17930,1310688,20157,1369512
17931,1314577,20714,1374290
17932,1302188,21838,1362896
17933,1310373,20154,1369175
17934,1315521,20896,1376417
17935,1304077,20415,1362770
17936,1308614,20361,1368400
17937,1305670,21874,1366099
17938,1308614,20171,1367285
17939,1303448,20302,1361971
17940,1308873,20229,1368139
17941,1298558,21446,1357948
17942,1306392,20224,1364171
17943,1309299,20151,1369228
17944,1311817,20430,1372062
17945,1312985,20246,1372082
17946,1313651,21204,1373743
17947,1309040,21001,1369670
17948,1314633,20335,1376430
17949,1311744,20244,1369894
17950,1309114,20942,1367833
17951,1310448,21258,1370779
17952,1302466,20129,1361502
17953,1303707,20223,1362651
17954,1313484,20687,1375004
17955,1304077,22107,1365165
17956,1310466,20386,1368111
17957,1307985,20313,1366686
17958,1311780,20573,1371020
17959,1300614,21049,1358404
17960,1311336,20513,1370331
17961,1307114,20052,1365443
17962,1301095,20201,1360592
17963,1306966,20683,1365723
17964,1308225,21604,1367884
17965,1313670,20401,1372829
17966,1308355,20569,1367701
17967,1323318,20459,1384202
17968,1306651,22027,1368437
17969,1312614,20677,1373253
17970,1308003,20141,1366791
17971,1315244,20993,1376199
17972,1310114,21050,1370015
17973,1299299,21748,1359140
17974,1313429,20249,1371937
17975,1315151,21213,1375290
17976,1416076,22344,1493530
17977,1326854,22098,1389637
17978,1334614,20173,1397545
17979,1323317,20285,1384658
17980,1329169,21545,1391936
17981,1316132,20361,1376123
17982,1307410,21189,1366636
17983,1316132,20394,1376100
17984,1340595,20821,1403878
17985,1325318,20414,1386676
17986,1311632,22298,1374059
17987,1318040,20280,1377727
17988,1320910,20930,1381728
17989,1316577,20542,1375433
17990,1308243,20395,1367527
17991,1310854,21371,1370632
17992,1316613,20890,1375892
17993,1303855,21150,1363005
17994,1304077,20151,1364135
17995,1306837,21387,1366241
17996,1314707,20295,1373668
17997,1314947,20963,1374576
17998,1308688,20242,1367670
17999,1359224,21002,1422004
18000,1310799,20867,1370832
18001,1307948,21294,1367907
18002,1306318,20202,1365408
18003,1305725,20333,1364502
18004,1305040,21309,1364663
18005,1310762,21069,1370146
18006,1305485,20570,1364480
18007,1304781,20164,1362407
18008,1307262,20610,1365556
18009,1308040,21734,1368477
18010,1316410,20475,1377922
18011,1314040,20291,1373405
18012,1339169,21274,1403665
18013,1307707,21416,1367067
18014,1308744,20436,1367457
18015,1307595,20807,1366921
18016,1322706,20346,1383496
18017,1315762,20328,1375627
18018,1302503,22323,1362362
18019,1315410,20564,1373659
18020,1310225,20269,1369494
18021,1316595,19955,1375717
18022,1305669,21394,1365230
18023,1310873,20525,1369194
18024,1315410,20285,1374769
18025,1318596,20305,1377566
18026,1312855,20380,1373179
18027,1308651,21912,1368562
18028,1318911,20413,1378137
18029,1311521,20358,1369972
18030,1315521,20822,1375861
18031,1303633,21428,1365060
18032,1311781,20170,1371153
18033,1319095,20208,1379062
18034,1315391,20764,1375341
18035,1303614,20617,1361582
18036,1305262,21371,1365799
18037,1320799,20853,1381319
18038,1314484,20595,1375190
18039,1307577,20078,1366117
18040,1303132,21720,1362778
18041,1312244,20258,1371390
18042,1307669,20315,1365651
18043,1304985,20649,1363356
18044,1511575,23669,1604520
18045,1516315,23867,1607811
18046,1559574,23776,1660830
18047,1567129,22703,1668775
18048,1537223,22759,1629629
18049,1479334,24050,1571624
18050,1597388,25995,1696050
18051,1469890,21719,1551886
18052,1438668,21979,1518257
18053,1444260,21480,1526110
18054,1420002,22456,1498994
18055,1436076,21476,1516217
18056,1431872,21588,1511200
18057,1442371,21311,1520367
18058,1425113,23695,1507825
18059,1587073,22288,1682713
18060,1603907,22030,1698047
18061,1584370,22735,1679770
18062,1572111,24088,1669901
18063,1475038,28119,1564990
18064,1598685,26361,1703582
18065,1503389,22084,1591288
18066,1626185,23974,1730120
18067,1414669,22821,1498710
18068,1454279,22044,1535766
18069,1445816,21582,1525545
18070,1434501,22250,1515695
18071,1439816,21528,1519955
18072,1413020,22338,1490079
18073,1430964,21543,1508154
18074,1444020,22173,1526007
18075,1434501,21100,1513045
18076,1648295,54335,1779111
18077,1567537,22373,1669002
18078,1583814,29041,1687466
18079,1561907,23487,1656189
18080,1628999,24599,1724375
18081,1442520,23279,1529038
18082,1586907,24465,1701778
18083,1472427,21984,1554633
18084,1458038,22022,1541300
18085,1404576,23517,1482536
18086,1442909,22425,1524704
18087,1433298,22130,1513946
18088,1440168,21761,1522372
18089,1438371,22021,1518059
18090,1410853,24423,1491313
18091,1430668,21572,1510388
18092,1650536,21092,1760089
18093,1589129,22500,1684666
18094,1543833,26902,1634179
18095,1506889,25162,1602810
18096,1425649,23312,1503257
18097,1353650,21072,1422796
18098,1349817,20314,1416353
18099,1338021,22438,1403366
18100,1340003,20995,1405089
18101,1331817,20310,1394905
18102,1332928,20367,1397276
18103,1315762,21639,1378327
18104,1322170,20492,1384439
18105,1314632,20234,1373847
18106,1318947,20291,1380274
18107,1313725,20662,1375164
18108,1313910,21545,1373992
18109,1327651,20398,1387900
18110,1314391,20659,1373698
18111,1315243,20308,1374199
18112,1314725,21358,1376434
18113,1316688,21044,1377361
18114,1323854,20138,1386066
18115,1310040,20361,1370623
18116,1312429,21010,1373864
18117,1309540,21690,1370285
18118,1310133,20154,1369841
18119,1308003,20785,1367843
18120,1311836,20563,1372325
18121,1301115,21706,1361764
18122,1313392,20615,1373561
18123,1308465,20153,1368248
18124,1315817,20580,1376304
18125,1313299,20284,1372731
18126,1298947,21557,1358874
18127,1309707,19928,1367967
18128,1304429,20374,1363450
18129,1307855,20263,1366729
18130,1327281,21980,1389871
18131,1317595,20481,1378150
18132,1311799,20056,1371077
18133,1318169,20669,1378912
18134,1316114,21281,1377283
18135,1299151,21997,1359648
18136,1310799,20276,1370279
18137,1312225,20759,1371706
18138,1318318,21093,1379355
18139,1301596,22125,1362035
18140,1308262,20552,1367406
18141,1316410,21127,1375944
18142,1310225,20665,1369945
18143,1307725,20222,1367483
18144,1298614,21179,1357478
18145,1310299,20902,1370905
18146,1309651,20533,1369757
18147,1310263,20497,1369907
18148,1305910,21732,1366309
18149,1315521,20289,1374550
18150,1337224,20179,1397551
18151,1311003,20458,1370497
18152,1304206,20403,1362017
18153,1301262,21046,1359696
18154,1305596,20399,1364290
18155,1304892,20233,1362032
18156,1302244,20141,1361662
18157,1302096,21025,1359731
18158,1314836,20563,1374565
18159,1310521,20286,1369622
18160,1307539,20343,1366308
18161,1315058,20899,1374216
18162,1307280,22116,1368896
18163,1306651,20191,1366027
18164,1309947,20118,1368750
18165,1312799,21064,1372066
18166,1303170,21040,1363172
18167,1305669,20226,1363802
18168,1304707,20079,1363692
18169,1315262,21210,1375990
18170,1307744,20192,1366065
18171,1306540,21427,1366504
18172,1308595,20262,1367079
18173,1306799,20189,1365821
18174,1307928,20468,1368748
18175,1300688,21555,1359613
18176,1311040,20352,1369447
18177,1308780,20890,1368300
18178,1308280,20169,1367301
18179,1309540,20151,1368376
18180,1303281,20998,1363259
18181,1309003,19980,1366705
18182,1309707,20463,1369169
18183,1480094,21131,1566075
18184,1501667,24958,1589477
18185,1566093,24811,1662162
18186,1571666,23960,1666385
18187,1552167,23536,1643942
18188,1502575,23851,1602684
18189,1520722,25179,1613068
18190,1565241,23440,1661753
18191,1567999,22033,1659977
18192,1546037,22108,1638404
18193,1536871,24325,1627176
18194,1584204,23641,1680695
18195,1529352,23901,1622975
18196,1542703,25143,1642716
18197,1580573,25589,1678328
18198,1521222,24787,1616194
18199,1559759,25232,1655620
18200,1531186,22437,1621696
18201,1575889,24994,1674233
18202,1475889,25433,1564284
18203,1438705,22082,1516971
18204,1347039,20916,1415288
18205,1348910,20491,1413141
18206,1329613,20270,1390198
18207,1328058,22376,1393452
18208,1335373,20525,1398249
18209,1332170,21156,1395639
18210,1325206,20138,1385585
18211,1315780,21522,1376913
18212,1317058,20319,1378766
18213,1314354,20376,1372711
18214,1318984,20191,1379101
18215,1318910,20655,1379695
18216,1309392,22983,1371245
18217,1319984,20503,1380227
18218,1313280,20911,1373932
18219,1309169,20209,1367674
18220,1298225,20999,1356280
18221,1311151,21352,1372114
18222,1341818,21261,1406818
18223,1320984,20003,1381375
18224,1322188,20763,1384098
18225,1315836,21998,1376760
18226,1316669,21055,1377705
18227,1313114,20463,1372614
18228,1309132,21057,1368930
18229,1310280,21311,1369943
18230,1335188,20664,1400203
18231,1339225,20479,1401944
18232,1317281,21036,1378631
18233,1311558,20593,1371891
18234,1305966,21420,1365034
18235,1316095,20403,1376331
18236,1313817,20182,1374277
18237,1310762,20053,1367185
18238,1311077,21437,1371087
18239,1313299,21086,1374310
18240,1312818,20420,1371700
18241,1308021,20477,1368016
18242,1320799,20293,1380795
18243,1307169,21732,1368123
18244,1313262,20066,1370661
18245,1329095,20586,1392014
18246,1314281,20679,1374089
18247,1303262,21359,1364806
18248,1313781,20397,1372677
18249,1314077,20676,1372919
18250,1313947,20695,1373346
18251,1314411,20196,1373662
18252,1309558,21228,1369230
18253,1311151,20859,1371528
18254,1311021,20452,1370269
18255,1313170,20379,1371067
18256,1300225,22003,1360228
18257,1310651,20060,1368266
18258,1303132,20209,1361156
18259,1311317,20525,1370101
18260,1324207,21730,1386676
18261,1301466,22132,1362653
18262,1311337,20188,1370302
18263,1315206,20430,1374488
18264,1316151,20246,1375711
18265,1303392,21389,1360854
18266,1314670,20760,1374448
18267,1312725,20650,1372189
18268,1390224,22410,1463541
18269,1328799,20319,1390284
18270,1319336,21536,1382001
18271,1321855,20314,1383557
18272,1316225,20371,1375725
18273,1318447,20779,1380004
18274,1311503,21237,1373406
18275,1319114,20275,1378074
18276,1318669,20850,1378963
18277,1309725,20073,1369076
18278,1317910,20019,1377354
18279,1308910,21902,1369219
18280,1329336,20644,1390202
18281,1310984,20349,1370536
18282,1310503,20239,1370704
18283,1314577,21900,1374161
18284,1321465,21068,1382070
18285,1315855,20050,1375256
18286,1307077,19959,1365535
18287,1318280,21126,1378240
18288,1307633,21454,1367142
18289,1304373,20400,1364291
18290,1307113,20067,1367181
18291,1330761,21346,1393200
18292,1304077,21359,1364232
18293,1315725,20268,1375937
18294,1310355,20398,1371308
18295,1309707,20307,1369383
18296,1304854,20771,1364533
18297,1301911,21802,1361934
18298,1306874,20285,1366695
18299,1307984,20693,1366622
18300,1315577,20565,1374826
18301,1307170,21745,1368339
18302,1314596,20542,1374192
18303,1306466,20080,1363805
18304,1311577,20655,1370398
18305,1310614,22008,1371399
18306,1302207,22077,1362727
18307,1315225,20207,1372913
18308,1318040,20134,1377803
18309,1313429,20246,1372045
18310,1303651,22037,1363466
18311,1323225,20112,1383059
18312,1318965,20002,1379227
18313,1313892,20207,1372839
18314,1310188,19967,1368284
18315,1313632,21573,1373538
18316,1312633,20241,1373076
18317,1306540,20186,1365059
18318,1306391,20150,1365653
18319,1304633,21015,1363406
18320,1306225,20183,1364667
18321,1307002,20332,1366186
18322,1311651,20592,1371576
18323,1306651,20149,1364707
18324,1305670,21106,1363757
18325,1315966,20533,1376239
18326,1312337,20312,1372722
18327,1311651,20369,1371204
18328,1304633,21863,1364810
18329,1307817,20938,1367700
18330,1311096,20347,1370238
18331,1304207,20366,1362128
18332,1313706,21053,1373499
18333,1301966,21695,1360883
18334,1309873,20307,1368236
18335,1308965,20327,1366292
18336,1318039,21235,1378478
18337,1304873,21211,1363195
18338,1309985,20324,1368252
18339,1311836,20399,1370753
18340,1310466,20233,1369569
18341,1306947,20882,1365274
18342,1302818,21877,1361953
18343,1309725,20193,1367788
18344,1332836,20157,1399381
18345,1341836,20510,1404474
18346,1313188,21800,1374858
18347,1318002,20061,1376878
18348,1310169,20136,1369860
18349,1316521,20563,1375232
18350,1309855,20397,1370325
18351,1306207,21966,1367339
18352,1317114,20337,1377191
18353,1342113,20912,1406340
18354,1318910,20765,1380230
18355,1302447,21908,1362410
18356,1315521,20576,1375189
18357,1316373,21206,1376857
18358,1315040,20337,1374432
18359,1369243,20468,1430506
18360,1320984,21907,1381205
18361,1311410,20334,1369984
18362,1313170,20149,1371355
18363,1317373,20299,1376949
18364,1312003,21608,1371295
18365,1313410,20294,1371389
18366,1316317,20277,1376223
18367,1310188,20093,1368410
18368,1305355,20205,1362633
18369,1307762,21588,1366424
18370,1315096,19941,1374758
18371,1309688,20053,1369130
18372,1312188,20202,1371945
18373,1311003,21493,1372033
18374,1316411,21198,1378163
18375,1309892,20310,1368887
18376,1305854,20367,1365388
18377,1306244,20775,1365592
18378,1300428,22788,1360513
18379,1308799,20234,1366995
18380,1305077,20550,1364237
18381,1315354,21051,1374849
18382,1303114,21416,1362974
18383,1309003,20898,1368141
18384,1305651,20177,1364568
18385,1310781,20308,1368921
18386,1304855,20235,1363348
18387,1303948,21488,1363009
18388,1309503,20526,1369047
18389,1305188,20083,1363326
18390,1310317,20288,1368086
18391,1299114,21467,1358618
18392,1310503,20617,1369656
18393,1310502,20266,1367065
18394,1311929,20341,1370103
18395,1304966,20435,1362770
18396,1300022,21466,1359950
18397,1306725,20301,1365007
18398,1312151,20153,1371878
18399,1309614,20303,1368194
18400,1304577,21779,1365040
18401,1305669,20224,1364597
18402,1309873,20021,1368728
18403,1309744,21430,1369858
18404,1305170,20190,1363119
18405,1306540,21574,1365946
18406,1328373,20538,1389188
18407,1317077,21057,1376782
18408,1308947,20040,1367820
18409,1310873,21942,1370259
18410,1311743,20165,1370186
18411,1313707,20907,1373390
18412,1310484,20186,1369429
18413,1303965,20038,1361115
18414,1305484,21126,1363517
18415,1307577,21145,1366888
18416,1305985,20350,1364408
18417,1305429,20166,1363483
18418,1312484,21160,1376885
18419,1425076,21958,1501662
18420,1342021,20311,1405961
18421,1320392,20219,1381129
18422,1324447,21016,1387611
18423,1320206,21844,1382846
18424,1317354,20475,1378459
18425,1311188,20235,1370719
18426,1332151,20903,1397034
18427,1324410,22046,1387862
18428,1317484,20417,1378141
18429,1321261,20585,1381513
18430,1315206,20530,1375884
18431,1315077,21309,1375682
18432,1332836,21933,1395787
18433,1333224,20656,1395084
18434,1312076,20398,1372530
18435,1316744,21066,1378198
18436,1307096,21542,1367655
18437,1308411,20173,1367082
18438,1313651,20266,1372917
18439,1308243,20804,1368029
18440,1309355,20991,1371308
18441,1299837,22096,1360117
18442,1314354,20486,1374044
18443,1314096,20469,1374156
18444,1315539,20303,1375472
18445,1303355,21760,1362559
18446,1310169,20187,1369523
18447,1317039,21040,1377987
18448,1308706,20171,1368247
18449,1309799,20654,1369415
18450,1306188,21222,1365817
18451,1313095,20242,1372503
18452,1307817,20687,1368597
18453,1311169,20151,1371394
18454,1306984,21609,1366241
18455,1310336,20684,1369001
18456,1572073,23037,1667461
18457,1606221,24001,1704147
18458,1521444,22724,1614168
18459,1556074,24867,1661347
18460,1521185,22145,1611182
18461,1601221,24054,1696645
18462,1463779,21685,1549000
18463,1427798,23883,1508421
18464,1432390,21773,1509829
18465,1448871,21552,1529108
18466,1444150,22182,1525553
18467,1441835,21202,1521073
18468,1400650,23048,1480142
18469,1433501,23179,1516920
18470,1437705,21921,1518143
18471,1669443,21366,1757568
18472,1507630,23990,1598860
18473,1578444,23751,1677009
18474,1554222,22678,1649158
18475,1535463,23864,1633807
18476,1556092,23939,1653493
18477,1462130,23470,1547971
18478,1592796,23397,1689600
18479,1461075,22399,1543806
18480,1449520,21270,1529215
18481,1408891,22820,1485951
18482,1436927,22303,1517562
18483,1439853,22822,1521193
18484,1430149,21527,1507657
18485,1438779,21454,1520140
18486,1414779,22485,1493542
18487,1437334,20931,1517598
18488,1614740,24673,1714467
18489,1571352,23100,1671358
18490,1540204,25261,1631112
18491,1554777,22669,1650002
18492,1627518,22318,1726261
18493,1499038,22005,1585541
18494,1609703,22135,1705060
18495,1393298,24593,1476798
18496,1459834,23020,1543094
18497,1434779,21262,1514318
18498,1443297,21152,1524096
18499,1407946,23683,1486610
18500,1433668,23110,1514666
18501,1420205,22000,1498649
18502,1430427,21408,1510057
18503,1432483,21521,1512318
18504,1610332,22534,1701088
18505,1576981,22312,1672663
18506,1554352,21702,1648627
18507,1472519,23129,1558833
18508,1354947,23846,1425644
18509,1353244,20977,1423219
18510,1355409,20959,1421202
18511,1345243,20627,1408833
18512,1341706,20721,1405149
18513,1316503,21104,1377643
18514,1323595,20309,1385607
18515,1335151,21032,1398645
18516,1323836,20422,1384795
18517,1317206,21083,1376456
18518,1312170,20251,1372438
18519,1316336,19919,1375958
18520,1318076,21049,1381107
18521,1319150,19995,1382293
18522,1322058,21471,1383510
18523,1322262,20083,1381919
18524,1318966,20195,1380771
18525,1311614,20474,1370125
18526,1311466,21617,1371897
18527,1319891,20470,1380805
18528,1310447,20323,1371066
18529,1311114,20138,1370659
18530,1315447,20510,1376105
18531,1310170,21245,1369692
18532,1311632,20246,1370971
18533,1316502,20543,1377805
18534,1309077,20100,1369880
18535,1300781,21132,1359171
18536,1313892,20485,1372561
18537,1312466,19949,1371136
18538,1313874,20246,1373841
18539,1317706,21006,1378916
18540,1305336,21038,1365151
18541,1312447,20150,1372708
18542,1311391,20281,1369616
18543,1313743,20615,1372802
18544,1308965,22165,1370630
18545,1312040,20277,1371354
18546,1309040,20371,1368651
18547,1314151,20483,1374022
18548,1311188,21169,1372172
18549,1302522,21923,1363148
18550,1311632,20498,1370204
18551,1313373,20444,1372539
18552,1309539,20408,1369521
18553,1307873,21754,1367923
18554,1318743,20274,1378479
18555,1320262,21775,1382795
18556,1312262,20590,1372000
18557,1309132,20610,1368835
18558,1309114,21845,1370774
18559,1313781,20198,1372830
18560,1308669,20162,1368665
18561,1309262,20571,1368295
18562,1311262,21602,1372734
18563,1519407,22640,1611029
18564,1555351,23660,1647955
18565,1520315,23976,1613327
18566,1565407,25495,1666087
18567,1514852,26008,1607193
18568,1516074,23046,1610157
18569,1572944,26362,1675620
18570,1555259,24604,1654010
18571,1532334,27173,1626153
18572,1529148,23933,1622469
18573,1583666,24082,1680914
18574,1550500,24805,1647527
18575,1545426,23306,1638509
18576,1484408,25968,1574412
18577,1562796,24228,1659356
18578,1576444,22673,1667413
18579,1589036,25063,1685395
18580,1476667,24928,1567651
18581,1599129,24003,1702631
18582,1502149,23893,1593745
18583,1396242,21524,1469081
18584,1360743,21488,1429027
18585,1327725,21964,1391540
18586,1351743,20373,1418559
18587,1335188,20244,1397783
18588,1323003,20412,1385210
18589,1317670,21314,1378834
18590,1320114,20037,1381817
18591,1343429,20612,1408929
18592,1322151,20502,1385430
18593,1318669,20151,1379172
18594,1312392,21331,1373092
18595,1319688,20887,1380853
18596,1316058,19981,1376243
18597,1313984,20186,1372670
18598,1317206,21866,1378923
18599,1357725,21792,1426220
18600,1330373,20405,1391833
18601,1315262,20239,1375575
18602,1321262,21129,1384779
18603,1311354,21846,1372700
18604,1316336,20495,1377386
18605,1315392,20181,1374554
18606,1324985,21108,1387592
18607,1301132,21103,1361346
18608,1317687,20752,1377236
18609,1318817,20438,1379959
18610,1315984,20365,1375775
18611,1316096,21422,1377128
18612,1304688,21435,1365030
18613,1310558,20343,1369623
18614,1326169,20566,1387920
18615,1322780,20679,1382773
18616,1310114,21988,1371805
18617,1314392,20396,1373399
18618,1313225,20675,1373640
18619,1318540,20713,1377901
18620,1315577,20437,1375217
18621,1305114,22005,1364619
18622,1313188,20414,1372694
18623,1311318,20507,1369639
18624,1313299,20268,1373325
18625,1298762,21207,1358561
18626,1316855,20615,1377006
18627,1319299,20357,1378489
18628,1316021,20413,1375267
18629,1308984,20507,1368972
18630,1313280,21668,1374782
18631,1306669,20243,1365709
18632,1305096,20281,1364525
18633,1310688,20412,1371026
18634,1301836,21962,1361335
18635,1310892,20389,1370780
18636,1308095,20372,1367856
18637,1311466,21058,1370986
18638,1310558,20689,1371358
18639,1303373,21424,1362130
18640,1311039,20258,1369168
18641,1305855,20611,1364706
18642,1300318,20149,1358466
18643,1304299,21292,1362109
18644,1313910,21071,1374721
18645,1311280,20275,1370370
18646,1309780,20184,1369186
18647,1311207,20259,1370558
18648,1310892,21309,1369848
18649,1309651,20403,1368961
18650,1307614,20459,1365740
18651,1315243,20331,1374500
18652,1305595,21881,1367272
18653,1307781,20067,1365792
18654,1306188,20661,1366330
18655,1306262,20032,1364701
18656,1305040,20181,1363387
18657,1295818,21380,1354327
18658,1313280,20455,1373327
18659,1312633,20345,1371921
18660,1315318,20198,1376644
18661,1307243,21692,1367157
18662,1313040,20952,1374473
18663,1314947,20787,1373993
18664,1317818,20714,1379105
18665,1312336,20789,1372217
18666,1304447,20783,1362952
18667,1303726,20544,1362342
18668,1311855,20193,1371436
18669,1300892,20620,1359530
18670,1301207,21725,1360376
18671,1309392,20430,1369136
18672,1313225,20931,1373656
18673,1308132,20358,1367583
18674,1314781,20767,1375917
18675,1312725,21261,1372893
18676,1314484,21077,1374246
18677,1306484,20374,1364766
18678,1310188,20338,1369507
18679,1308707,21851,1369724
18680,1315336,20964,1374559
18681,1310188,20131,1368393
18682,1306003,20762,1365968
18683,1311891,20615,1370636
18684,1305744,21980,1365704
18685,1315762,20296,1374372
18686,1309614,20741,1370244
18687,1310077,20539,1369059
18688,1304133,21552,1363813
18689,1317855,20312,1377370
18690,1305818,20628,1365612
18691,1307058,20647,1366039
18692,1309521,20093,1368428
18693,1304577,21495,1363645
18694,1310188,20348,1369720
18695,1312502,20404,1370573
18696,1317503,20665,1377278
18697,1308225,21400,1367587
18698,1310521,20253,1368292
18699,1315502,20698,1376682
18700,1309910,20236,1369127
18701,1309243,20997,1369221
18702,1299300,21380,1360457
18703,1312299,20363,1371994
18704,1314651,20012,1374162
18705,1306058,21365,1365460
18706,1299874,21118,1359139
18707,1301614,20694,1360214
18708,1309781,20491,1369364
18709,1301873,21084,1360976
18710,1303022,20567,1362495
18711,1298336,21413,1356990
18712,1303762,20137,1362676
18713,1304448,21564,1363622
18714,1300688,20972,1360530
18715,1300151,21707,1359358
18716,1302929,20320,1359878
18717,1303539,20728,1362860
18718,1310206,20544,1371083
18719,1361669,20563,1423047
18720,1314391,21428,1374542
18721,1306484,20596,1366191
18722,1312763,20430,1372581
18723,1301577,20080,1358786
18724,1301262,22315,1361169
18725,1309818,20575,1369189
18726,1308188,20410,1366467
18727,1309984,20411,1367931
18728,1314207,20301,1374340
18729,1303799,21369,1363649
18730,1304725,20166,1362595
18731,1307910,20538,1367577
18732,1307225,20557,1365412
18733,1301818,21108,1360017
18734,1309299,20257,1367500
18735,1308577,20369,1366593
18736,1309762,19981,1369261
18737,1309706,20186,1368021
18738,1302151,21643,1361961
18739,1307558,20867,1367517
18740,1303670,20127,1361148
18741,1309262,20202,1366778
18742,1306411,20937,1366180
18743,1311429,20216,1370570
18744,1300003,20347,1358442
18745,1309466,20626,1369887
18746,1306410,24238,1369777
18747,1304225,22658,1366124
18748,1307780,20418,1365606
18749,1314985,20086,1372607
18750,1308837,20161,1367682
18751,1301373,21711,1361140
18752,1309651,20342,1368696
18753,1310114,20417,1368179
18754,1310577,20548,1369569
18755,1305318,20716,1364533
18756,1304188,21451,1363694
18757,1314114,20674,1372899
18758,1307114,20231,1365585
18759,1309003,20361,1368067
18760,1303317,21856,1363099
18761,1309781,20098,1367396
18762,1307262,20136,1364916
18763,1303262,20192,1361732
18764,1304929,20064,1363344
18765,1302373,21188,1361283
18766,1313114,20874,1372599
18767,1313725,19931,1373137
18768,1304614,20339,1362379
18769,1308725,21575,1368244
18770,1307854,20520,1367430
18771,1315095,20262,1374727
18772,1307762,20281,1365562
18773,1307799,20282,1366785
18774,1300744,21184,1361020
18775,1308095,21389,1367521
18776,1304485,20205,1363244
18777,1311725,20854,1370394
18778,1307614,21034,1367184
18779,1314503,20072,1373389
18780,1307725,20721,1367353
18781,1306725,19926,1365225
18782,1302632,20186,1361763
18783,1302373,21496,1362257
18784,1305947,20089,1363684
18785,1305170,20109,1364222
18786,1308244,20073,1367020
18787,1308337,21752,1368755
18788,1312299,20254,1372052
18789,1301244,20032,1359276
18790,1310225,20089,1369202
18791,1310540,21294,1370648
18792,1300744,21992,1361957
18793,1308022,20197,1366218
18794,1309928,20235,1369385
18795,1314948,22421,1376720
18796,1295966,21712,1356603
18797,1311207,20176,1368956
18798,1316688,20844,1377420
18799,1322355,20993,1383736
18800,1314651,20679,1373922
18801,1303300,21562,1362380
18802,1322466,20471,1383955
18803,1308966,21083,1368919
18804,1306392,20066,1365161
18805,1297244,21264,1355026
18806,1311558,20931,1371841
18807,1314744,21303,1375379
18808,1310373,20156,1369843
18809,1313614,20379,1373492
18810,1302818,21040,1362098
18811,1311355,20634,1369914
18812,1312762,20153,1371952
18813,1304855,20284,1364083
18814,1302688,21408,1361707
18815,1314077,20650,1373689
18816,1311984,20151,1371505
18817,1307059,20189,1366469
18818,1309077,20561,1369193
18819,1311281,21351,1371409
18820,1313651,20612,1373040
18821,1325040,20668,1386337
18822,1307651,20206,1368375
18823,1313818,21405,1373944
18824,1312003,20387,1371056
18825,1310114,20444,1369631
18826,1304225,20408,1363521
18827,1307651,20205,1365671
18828,1306040,21552,1366128
18829,1316725,20682,1376647
18830,1313818,20165,1373241
18831,1314003,20332,1373094
18832,1305558,21975,1365700
18833,1349150,20847,1409793
18834,1314781,20255,1374628
18835,1313002,20386,1372055
18836,1327614,20590,1388741
18837,1302429,22215,1364161
18838,1310485,20364,1371088
18839,1308262,20328,1366664
18840,1309725,20773,1371072
18841,1302207,21860,1361696
18842,1313262,20158,1371438
18843,1310596,20140,1368754
18844,1309485,20419,1370162
18845,1319095,20291,1380274
18846,1302743,21378,1363973
18847,1314817,20286,1375399
18848,1309855,20361,1369641
18849,1317762,21084,1380309
18850,1301280,21505,1362007
18851,1309984,20302,1369638
18852,1309910,20729,1369583
18853,1313799,20397,1373955
18854,1311836,20194,1372993
18855,1297133,22281,1356673
18856,1323521,20820,1385081
18857,1314003,21302,1374415
18858,1313928,20525,1374231
18859,1295929,22149,1355522
18860,1307762,20262,1365412
18861,1314632,21763,1374672
18862,1306281,21227,1365322
18863,1304096,20691,1362101
18864,1299263,21463,1357854
18865,1312743,20575,1371633
18866,1305281,21335,1365930
18867,1371743,20929,1447412
18868,1524445,25164,1622627
18869,1582074,26851,1683590
18870,1527019,23222,1618999
18871,1594277,25501,1690981
18872,1487075,23631,1581557
18873,1560000,25663,1653347
18874,1468834,21201,1551368
18875,1434650,21998,1517258
18876,1437187,22814,1518315
18877,1399631,24401,1478940
18878,1436761,24143,1517496
18879,1423890,22829,1503627
18880,1426261,22905,1506294
18881,1431076,23665,1513129
18882,1395465,27345,1477716
18883,1564777,22920,1669548
18884,1581407,22513,1676568
18885,1613999,27700,1713679
18886,1508816,24509,1601453
18887,1542981,24251,1641287
18888,1616925,22789,1712713
18889,1496982,22308,1585771
18890,1617832,25254,1716178
18891,1393669,23804,1476935
18892,1453594,22416,1536102
18893,1442149,22343,1521288
18894,1431631,22103,1511049
18895,1386817,23320,1463803
18896,1423205,24914,1505933
18897,1433390,27174,1518119
18898,1446131,22231,1526731
18899,1431834,21065,1513788
18900,1625073,37134,1736946
18901,1570537,23227,1664282
18902,1567777,22525,1661320
18903,1558482,24100,1653099
18904,1498445,24168,1591483
18905,1529518,25595,1627261
18906,1567389,23578,1675743
18907,1500204,22449,1587319
18908,1480408,23358,1565858
18909,1417168,24834,1499020
18910,1441946,22687,1523021
18911,1431742,23021,1511003
18912,1426261,22874,1507078
18913,1396854,25572,1474314
18914,1425613,22703,1505463
18915,1427687,22889,1509334
18916,1435723,22742,1514520
18917,1621110,26447,1727297
18918,1522519,25219,1613904
18919,1551204,25239,1647182
18920,1497001,25332,1587888
18921,1371613,21204,1441002
18922,1324207,22050,1387274
18923,1347187,20903,1412034
18924,1334373,20811,1397869
18925,1317873,20127,1378259
18926,1321892,19980,1382260
18927,1320336,22216,1383144
18928,1314613,20291,1373441
18929,1316132,20329,1374905
18930,1318725,20015,1379351
18931,1311003,21195,1370141
18932,1319039,20307,1378198
18933,1316002,20419,1374977
18934,1309151,20105,1367367
18935,1315577,20291,1374590
18936,1322224,21619,1386344
18937,1334539,20509,1397400
18938,1315225,20251,1375920
18939,1320613,20178,1379995
18940,1317022,21747,1378527
18941,1317688,20377,1376917
18942,1310132,20101,1368325
18943,1561593,24102,1657878
18944,1578870,24529,1674287
18945,1460279,24819,1549375
18946,1605777,22691,1702041
18947,1560648,24210,1655969
18948,1515444,22582,1604859
18949,1507871,30502,1603872
18950,1551852,24596,1649336
18951,1565536,24264,1661466
18952,1591517,22691,1683060
18953,1602388,24599,1698931
18954,1502056,23834,1591778
18955,1576555,22484,1671297
18956,1541871,22503,1632169
18957,1558796,25393,1656947
18958,1526000,24128,1615850
18959,1522000,22259,1611814
18960,1569944,24797,1664407
18961,1571833,22761,1667334
18962,1427094,21688,1506522
18963,1347650,22590,1414647
18964,1361187,20887,1427630
18965,1359335,20703,1426520
18966,1328781,20778,1392188
18967,1324373,21588,1386534
18968,1342224,21941,1406517
18969,1319133,20053,1379870
18970,1314466,20220,1375575
18971,1325317,21147,1388372
18972,1308780,21068,1370774
18973,1316058,20384,1376608
18974,1319817,20570,1381035
18975,1316373,20478,1376481
18976,1308151,21788,1369216
18977,1313225,20733,1373476
18978,1314725,20290,1375329
18979,1314558,20235,1374108
18980,1311281,19977,1370702
18981,1300577,21175,1360141
18982,1322891,20065,1385697
18983,1323614,20177,1384587
18984,1315632,20086,1374866
18985,1306391,21099,1365564
18986,1309651,20044,1369658
18987,1308743,20101,1367492
18988,1320114,20472,1380123
18989,1311188,20288,1369939
18990,1301169,21487,1359711
18991,1319854,20469,1380675
18992,1315873,21118,1377417
18993,1309632,20138,1369918
18994,1302059,21762,1360616
18995,1316299,20745,1376654
18996,1314706,20579,1374692
18997,1307780,20710,1368008
18998,1307503,20618,1366083
18999,1303207,21742,1363745
19000,1311484,20632,1370986
19001,1308336,20096,1366395
19002,1311281,20486,1371433
19003,1308466,21684,1369687
19004,1310595,20037,1369966
19005,1362317,20353,1431392
19006,1357632,20891,1423356
19007,1332817,20189,1394931
19008,1313225,21424,1374722
19009,1323354,20277,1385853
19010,1312059,20593,1373391
19011,1317928,20205,1377577
19012,1308003,21366,1368350
19013,1311800,20311,1371943
19014,1313707,20146,1373796
19015,1310076,20406,1368353
19016,1310503,20203,1369632
19017,1307707,20957,1368015
19018,1307725,20088,1366275
19019,1308410,20404,1367054
19020,1316188,20405,1376259
19021,1309188,22177,1369735
19022,1308503,20252,1368477
19023,1315688,20772,1375515
19024,1318466,20680,1378775
19025,1308262,20163,1366628
19026,1304948,21861,1364826
19027,1312391,20751,1372420
19028,1320707,20622,1381495
19029,1313410,20346,1373774
19030,1306540,21155,1367898
19031,1313503,20786,1373140
19032,1316040,20268,1375770
19033,1312244,20325,1372290
19034,1308336,20326,1368550
19035,1306855,21617,1367638
19036,1306744,20173,1365546
19037,1318169,20415,1379954
19038,1308410,20898,1368622
19039,1306522,21448,1365783
19040,1306373,20115,1364173
19041,1310429,20098,1369841
19042,1307447,20432,1367287
19043,1304688,20711,1364084
19044,1305096,21632,1364115
19045,1309928,20466,1368802
19046,1305614,20763,1364562
19047,1311077,20450,1368433
19048,1307891,21351,1367465
19049,1311503,20723,1370022
19050,1305114,20335,1363819
19051,1301503,20595,1359820
19052,1305725,20245,1363988
19053,1303151,21498,1363742
19054,1308744,20203,1367094
19055,1305966,20630,1364040
19056,1308059,20168,1366226
19057,1302114,21255,1361091
19058,1310410,20293,1371018
19059,1310892,20776,1371408
19060,1306854,20147,1365502
19061,1306799,20408,1366151
19062,1301410,21161,1361368
19063,1309410,20181,1367757
19064,1309262,20126,1367481
19065,1319873,20053,1379741
19066,1305929,21659,1365958
19067,1306447,20049,1364792
19068,1311448,20291,1370701
19069,1316744,21051,1377553
19070,1312743,20219,1372684
19071,1303799,21602,1362253
19072,1312095,20251,1371846
19073,1310095,21438,1371014
19074,1308947,20291,1367811
19075,1306373,21563,1365399
19076,1311984,21045,1371381
19077,1318743,21232,1379549
19078,1310670,20770,1370605
19079,1368558,20530,1430661
19080,1312947,22099,1374156
19081,1311540,21174,1372139
19082,1355539,20323,1420825
19083,1319799,20768,1382215
19084,1314503,21744,1376450
19085,1308003,20134,1366303
19086,1319873,20302,1381193
19087,1308484,20674,1368620
19088,1307281,20249,1365807
19089,1302874,21521,1362931
19090,1341020,20541,1402913
19091,1312966,20486,1372988
19092,1312410,19950,1370434
19093,1306984,21463,1366965
19094,1310262,20168,1370004
19095,1304670,20169,1362801
19096,1314762,20448,1373802
19097,1316021,21301,1376433
19098,1301485,21647,1362335
19099,1307651,20315,1365873
19100,1305929,20575,1365374
19101,1311707,20706,1371856
19102,1298577,22163,1358980
19103,1308892,20127,1366833
19104,1307114,20702,1366149
19105,1312558,20166,1370835
19106,1309633,20038,1368336
19107,1301465,21421,1361535
19108,1310577,20793,1370110
19109,1307059,20071,1367296
19110,1313688,20369,1373149
19111,1301132,21271,1359718
19112,1312576,20438,1372089
19113,1309465,20106,1366590
19114,1307558,20052,1366128
19115,1312039,20886,1371055
19116,1299465,21288,1358050
19117,1306299,20122,1363662
19118,1312262,20197,1372218
19119,1310170,20087,1368905
19120,1300225,21619,1358177
19121,1324761,20657,1385715
19122,1323373,20917,1384123
19123,1310039,20326,1368606
19124,1308576,20142,1367107
19125,1312855,22173,1374157
19126,1317188,20378,1376825
19127,1310670,20175,1369215
19128,1312818,20769,1373253
19129,1305392,21597,1365581
19130,1309336,20431,1369008
19131,1312651,20247,1371268
19132,1306429,20118,1365788
19133,1311429,20064,1370326
19134,1310521,21670,1370672
19135,1307892,20560,1366969
19136,1311262,20301,1370711
19137,1308540,20358,1367194
19138,1310817,21390,1371892
19139,1308707,21428,1370189
19140,1308669,20336,1368857
19141,1306725,20189,1366932
19142,1316003,21079,1377063
19143,1308688,21592,1368946
19144,1318206,20278,1379132
19145,1309003,20650,1368078
19146,1318225,20077,1378579
19147,1310503,21960,1370518
19148,1312392,20943,1372723
19149,1312781,20462,1370946
19150,1307614,20500,1366447
19151,1309410,20316,1367948
19152,1298373,21236,1357998
19153,1306022,20460,1364203
19154,1310669,20090,1368926
19155,1315262,20443,1378816
19156,1422353,23234,1499846
19157,1353224,20569,1419681
19158,1323392,20292,1386424
19159,1324410,20274,1387239
19160,1326910,20479,1389481
19161,1314743,22085,1375606
19162,1328225,20512,1387958
19163,1317577,19920,1376700
19164,1335854,20903,1400275
19165,1308706,21934,1369825
19166,1319170,20583,1380641
19167,1337021,20603,1400105
19168,1311818,20789,1373606
19169,1315928,20272,1377033
19170,1316318,21266,1378102
19171,1318614,20675,1379196
19172,1304892,20213,1364919
19173,1316225,20455,1376049
19174,1359614,22116,1423840
19175,1317317,20358,1376860
19176,1318485,20470,1379972
19177,1321984,20156,1381269
19178,1317114,20842,1376789
19179,1306207,21040,1364654
19180,1313466,20338,1373914
19181,1309095,20320,1368082
19182,1316910,20321,1376768
19183,1313540,21168,1373226
19184,1313243,20613,1373838
19185,1307114,20133,1366024
19186,1309188,20041,1367284
19187,1315892,20413,1375545
19188,1304836,21611,1365354
19189,1308040,20371,1367318
19190,1316948,20446,1376745
19191,1317762,20688,1377246
19192,1305966,21923,1367055
19193,1308448,20313,1367797
19194,1310299,21907,1372095
19195,1316373,20871,1377095
19196,1305040,20372,1364763
19197,1310262,21274,1370239
19198,1311021,20571,1370129
19199,1311837,20461,1371204
19200,1301818,20296,1360891
19201,1308577,21549,1368218
19202,1306522,21162,1366794
19203,1303558,20070,1361535
19204,1305780,20608,1364314
19205,1312762,21054,1372945
19206,1305780,21641,1365106
19207,1308262,20531,1367570
19208,1306521,20106,1365293
19209,1314911,21181,1375702
19210,1306003,21694,1365919
19211,1307892,20102,1366327
19212,1307207,20344,1365791
19213,1315058,20197,1374736
19214,1310614,20606,1369626
19215,1302318,22378,1363454
19216,1313206,20323,1373455
19217,1306262,20102,1363771
19218,1315873,20381,1376772
19219,1306799,21950,1367193
19220,1310188,21266,1370805
19221,1304799,20322,1363213
19222,1316744,20545,1376788
19223,1311744,20176,1371086
19224,1299206,21208,1357192
19225,1313984,20801,1372933
19226,1309836,20506,1369694
19227,1302726,20803,1362213
19228,1295725,21520,1355004
19229,1308818,20706,1367635
19230,1323262,21152,1385024
19231,1310428,20153,1368877
19232,1307633,20395,1366564
19233,1310448,21797,1370725
19234,1308633,20464,1368059
19235,1304225,20299,1361949
19236,1324021,20985,1385506
19237,1309243,21683,1370389
19238,1312281,20443,1372520
19239,1310095,20704,1369725
19240,1303707,20260,1362078
19241,1307558,20447,1365097
19242,1300947,21737,1360036
19243,1304966,20553,1364259
19244,1303262,20425,1363242
19245,1307466,20389,1365299
19246,1299003,21124,1358627
19247,1314502,20477,1374572
19248,1307780,20422,1366888
19249,1304929,20535,1364148
19250,1311002,20684,1371797
19251,1302318,21938,1362773
19252,1309892,20309,1369330
19253,1310133,20162,1368961
19254,1310392,20681,1369684
19255,1303688,21991,1364715
19256,1307465,20436,1367105
19257,1306392,20326,1364958
19258,1310429,20975,1371607
19259,1305614,20495,1365609
19260,1295595,21841,1354066
19261,1306688,20083,1365123
19262,1308188,21103,1367846
19263,1307799,20548,1365291
19264,1296300,21506,1355416
19265,1318744,20748,1378787
19266,1313558,20230,1372510
19267,1308170,20268,1366456
19268,1345225,20121,1411919
19269,1334909,22430,1398543
19270,1337502,21061,1401748
19271,1323632,20914,1385990
19272,1315632,20230,1376825
19273,1306781,21650,1366319
19274,1312040,20188,1370820
19275,1319132,20449,1378321
19276,1308299,20190,1368693
19277,1307929,20395,1366453
19278,1308818,21668,1368911
19279,1322818,20706,1384763
19280,1366021,20207,1443412
19281,1574444,23189,1672188
19282,1529760,29128,1628572
19283,1524241,23814,1617036
19284,1598499,25723,1697184
19285,1498723,22613,1587798
19286,1588999,25780,1687261
19287,1410354,23534,1492757
19288,1457371,22628,1538702
19289,1435909,23962,1516685
19290,1442742,23371,1525612
19291,1404427,24180,1483107
19292,1439557,22422,1520608
19293,1439113,23571,1522498
19294,1444168,23850,1528758
19295,1431964,22851,1512592
19296,1623685,26031,1727640
19297,1570463,23495,1665827
19298,1570629,22588,1663735
19299,1552203,23275,1645774
19300,1489760,24843,1577139
19301,1596370,23881,1692102
19302,1496333,22530,1587567
19303,1548203,26883,1654327
19304,1463853,21847,1545922
19305,1418243,24120,1497991
19306,1448667,22195,1530566
19307,1448871,21807,1528326
19308,1436205,21882,1517698
19309,1410872,24914,1490415
19310,1439408,21785,1518267
19311,1433575,21842,1513416
19312,1439205,22398,1530528
19313,1618018,24010,1719786
19314,1500501,24375,1591949
19315,1565037,22525,1656209
19316,1554907,23211,1650062
19317,1619369,22990,1715655
19318,1468372,26243,1556410
19319,1598758,23300,1704724
19320,1478686,21097,1560597
19321,1455260,22654,1537710
19322,1575185,24840,1669524
19323,1555370,27279,1654778
19324,1597703,25669,1698149
19325,1584630,24300,1679335
19326,1614073,24893,1709892
19327,1581166,29462,1693516
19328,1588295,26259,1685776
19329,1761312,26853,1884794
19330,1680831,30910,1792296
19331,1706980,24725,1810686
19332,1582704,28257,1691589
19333,1581240,28610,1691979
19334,1587981,24241,1684610
19335,1523834,21871,1630796
19336,1548963,25014,1643198
19337,1578926,28608,1675329
19338,1603721,23349,1702200
19339,1570722,23313,1664257
19340,1554148,23055,1644610
19341,1532796,25161,1630586
19342,1518018,23477,1607921
19343,1398946,20848,1470386
19344,1343484,20386,1407981
19345,1342632,22270,1407846
19346,1337928,20493,1400050
19347,1332706,20161,1394644
19348,1330576,20865,1393386
19349,1320151,20478,1380832
19350,1320614,21898,1383548
19351,1336651,20603,1400383
19352,1326743,21122,1389365
19353,1316817,20475,1375663
19354,1310077,22192,1369917
19355,1318836,20341,1379362
19356,1310836,20916,1371919
19357,1310484,20825,1370438
19358,1309910,20085,1368291
19359,1312743,21265,1373082
19360,1318040,20136,1377935
19361,1310039,20656,1369140
19362,1307725,20083,1365437
19363,1305374,21466,1364783
19364,1322040,20486,1382006
19365,1312873,20339,1370711
19366,1329077,21636,1391934
19367,1318336,20341,1378176
19368,1302114,22298,1362930
19369,1312373,20299,1371005
19370,1311669,21745,1373710
19371,1315539,22357,1377896
19372,1308355,22000,1369187
19373,1312429,20297,1372133
19374,1322039,20668,1383319
19375,1312280,21281,1372320
19376,1303466,20133,1361895
19377,1304540,22072,1363149
19378,1313613,20148,1371928
19379,1311762,21278,1371632
19380,1312299,20650,1372726
19381,1299503,21570,1357943
19382,1311577,20405,1370296
19383,1317929,21424,1378056
19384,1311391,20314,1370927
19385,1302502,20056,1360743
19386,1307540,21810,1367516
19387,1317836,20533,1380146
19388,1321466,20386,1382110
19389,1310039,20220,1368945
19390,1309651,21770,1370254
19391,1317280,20549,1377829
19392,1312003,20328,1371701
19393,1304818,20459,1364128
19394,1315281,20237,1375369
19395,1301577,21510,1362642
19396,1311911,20511,1370995
19397,1324762,20993,1387347
19398,1315207,20531,1374497
19399,1308521,21933,1367954
19400,1321966,20768,1382788
19401,1314854,20398,1374290
19402,1314984,20344,1373957
19403,1315188,20308,1373736
19404,1310595,21247,1369508
19405,1315744,20970,1375695
19406,1304447,20286,1364122
19407,1305836,20232,1363697
19408,1310466,20856,1369469
19409,1310818,20449,1370637
19410,1303966,20061,1361953
19411,1309262,20766,1368139
19412,1309632,20749,1370103
19413,1302892,21651,1363727
19414,1305225,20633,1364432
19415,1306910,20134,1365100
19416,1307503,20098,1365730
19417,1298929,22111,1358743
19418,1306280,20483,1365596
19419,1305762,20299,1362949
19420,1313021,20244,1372895
19421,1307466,20393,1368266
19422,1298892,21443,1357446
19423,1311762,20519,1369336
19424,1307836,20520,1366281
19425,1304355,20539,1362782
19426,1301984,22237,1361147
19427,1312614,20961,1372963
19428,1307410,20406,1366705
19429,1309577,20648,1368761
19430,1319651,20093,1379985
19431,1303003,21551,1363127
19432,1320892,20552,1380258
19433,1314392,20886,1373685
19434,1311151,20184,1371519
19435,1304632,21660,1364588
19436,1311725,20401,1370793
19437,1307762,20458,1366720
19438,1303929,20089,1362795
19439,1369798,20775,1431499
19440,1315077,21936,1377050
19441,1322391,20215,1382680
19442,1308947,20401,1367996
19443,1309725,20273,1367664
19444,1312002,22082,1374399
19445,1313391,20805,1373715
19446,1311373,20510,1371401
19447,1317799,20085,1377310
19448,1314447,20345,1372996
19449,1305225,21618,1364342
19450,1310836,20637,1370880
19451,1307225,20324,1365270
19452,1309040,20454,1368068
19453,1301133,21393,1359840
19454,1311633,20968,1372119
19455,1305040,20192,1364046
19456,1328577,20341,1388621
19457,1320058,21675,1382122
19458,1311429,21892,1371820
19459,1307262,20486,1365673
19460,1315410,20894,1374767
19461,1306892,20932,1366527
19462,1304799,21945,1366281
19463,1311373,20668,1370023
19464,1313132,20836,1372690
19465,1311336,20411,1370247
19466,1301355,20116,1359526
19467,1308113,22092,1368946
19468,1313540,21149,1374540
19469,1314373,20168,1373374
19470,1303169,20243,1361783
19471,1306799,21775,1366222
19472,1309558,21239,1369797
19473,1302114,20555,1359835
19474,1304243,20093,1362725
19475,1315447,20964,1374763
19476,1308743,20996,1368628
19477,1304781,20293,1363036
19478,1311465,20313,1369426
19479,1312466,20925,1372575
19480,1302707,21253,1361866
19481,1308781,20013,1366293
19482,1309077,20218,1368498
19483,1311466,20219,1370721
19484,1307484,19998,1366241
19485,1300596,21492,1358810
19486,1313299,20179,1372662
19487,1302855,20235,1361219
19488,1433075,21847,1511644
19489,1331781,21768,1396436
19490,1327614,20380,1390456
19491,1368298,21140,1437531
19492,1327448,20975,1389125
19493,1318484,20309,1379182
19494,1313058,22563,1375195
19495,1329299,20786,1391640
19496,1333373,20269,1395382
19497,1323817,20455,1384568
19498,1306947,21801,1368044
19499,1342576,21562,1406267
19500,1324781,20933,1385268
19501,1318929,20471,1379899
19502,1315447,20102,1375771
19503,1308854,21837,1368062
19504,1320966,20782,1384377
19505,1324632,20691,1386026
19506,1322688,20136,1383731
19507,1311651,21298,1372244
19508,1314632,20373,1374097
19509,1313318,20633,1373580
19510,1313132,20079,1371266
19511,1307244,20857,1367471
19512,1314687,21519,1375799
19513,1324577,20390,1384725
19514,1312929,20669,1372560
19515,1309206,20207,1366654
19516,1342706,21535,1404759
19517,1335021,20814,1396130
19518,1314151,20204,1373280
19519,1316744,20593,1377336
19520,1333595,20280,1394634
19521,1306780,21219,1367128
19522,1315059,20275,1374592
19523,1316096,20776,1375334
19524,1313558,20388,1372594
19525,1303614,21272,1363163
19526,1317558,21347,1378368
19527,1310225,20607,1369665
19528,1311559,20423,1371166
19529,1314021,20406,1373593
19530,1309447,21400,1368958
19531,1313725,20698,1372793
19532,1308910,20291,1369960
19533,1316799,20292,1375702
19534,1309596,21287,1369585
19535,1324725,20214,1385901
19536,1324633,20363,1385365
19537,1314651,20216,1373589
19538,1325410,21791,1388478
19539,1300281,21749,1362695
19540,1314113,20509,1374104
19541,1316910,20102,1376105
19542,1315318,20159,1374532
19543,1306447,21598,1365249
19544,1313466,20358,1373231
19545,1317985,20359,1378417
19546,1315706,20842,1376122
19547,1314892,20695,1375679
19548,1307096,21486,1367414
19549,1321262,20153,1379785
19550,1321836,20229,1381323
19551,1311355,20526,1370750
19552,1303318,22002,1362727
19553,1309725,20188,1368561
19554,1312818,20448,1371710
19555,1305984,20542,1365063
19556,1300984,20488,1360509
19557,1303688,21927,1363022
19558,1312244,20316,1370782
19559,1311817,21021,1372005
19560,1306355,19967,1365469
19561,1300800,21424,1358964
19562,1307948,20907,1366779
19563,1308595,20352,1367947
19564,1310910,20205,1370652
19565,1308318,20077,1366172
19566,1306911,21830,1366555
19567,1309003,20424,1369500
19568,1309281,20444,1367668
19569,1304003,20500,1362429
19570,1309503,21680,1369164
19571,1306522,20311,1365165
19572,1300966,20108,1359592
19573,1311336,20072,1371982
19574,1306688,20073,1364853
19575,1303299,21197,1363033
19576,1311744,20457,1370534
19577,1316447,20181,1376442
19578,1313725,20237,1373684
19579,1302595,21213,1360753
19580,1322780,21140,1384142
19581,1317299,20104,1377940
19582,1315151,20346,1375793
19583,1315577,21736,1377757
19584,1303911,21694,1364418
19585,1308428,20454,1366475
19586,1308947,20603,1368494
19587,1318873,20586,1378514
19588,1301929,22025,1362749
19589,1310206,20285,1368880
19590,1310207,20156,1370270
19591,1309040,20565,1368382
19592,1309429,20621,1369216
19593,1298280,21320,1356600
19594,1310651,20154,1370341
19595,1310521,20618,1368861
19596,1315299,20212,1374010
19597,1298300,21354,1358060
19598,1310651,20318,1369969
19599,1309836,20542,1368766
19600,1310910,20357,1371212
19601,1312188,20433,1371509
19602,1303947,21316,1363374
19603,1316892,20613,1376245
19604,1321521,21170,1384487
19605,1317965,20227,1378136
19606,1295929,21943,1356890
19607,1311095,20315,1369984
19608,1308318,21094,1368485
19609,1305244,20224,1365134
19610,1306077,20170,1365728
19611,1306299,21609,1367148
19612,1315706,20813,1376001
19613,1304651,20129,1363317
19614,1303206,20223,1362707
19615,1296484,21625,1356461
19616,1303225,20589,1361851
19617,1305651,20108,1363055
19618,1302521,20739,1363649
19619,1306096,20907,1365520
19620,1304003,21068,1362978
19621,1312799,20865,1372812
19622,1305651,20404,1364850
19623,1303466,20164,1361870
19624,1302447,21566,1361179
19625,1313188,20345,1373125
19626,1308892,20086,1367607
19627,1308447,20439,1367256
19628,1312503,20292,1371572
19629,1304059,21676,1363289
19630,1308391,20269,1366401
19631,1304114,20363,1362569
19632,1316558,20457,1376792
19633,1309855,21877,1371639
19634,1313410,20285,1373547
19635,1311021,20268,1369307
19636,1311670,21065,1371957
19637,1308466,20344,1367921
19638,1304892,21561,1364360
19639,1307947,20284,1366620
19640,1307151,21970,1367806
19641,1315391,20657,1374511
19642,1300651,21892,1360505
19643,1307410,20245,1365525
19644,1305743,20431,1365174
19645,1306336,20340,1364564
19646,1304632,20137,1362399
19647,1299484,21594,1358801
19648,1310040,20540,1369764
19649,1305670,20245,1364136
19650,1304614,21116,1363359
19651,1298411,21407,1356835
19652,1306225,20112,1362984
19653,1306076,20668,1364263
19654,1304243,21762,1363764
19655,1302558,20170,1361136
19656,1302317,21072,1359982
19657,1306725,20296,1364724
19658,1315633,20982,1375484
19659,1312910,20168,1372318
19660,1300040,21237,1358628
19661,1314966,21071,1375499
19662,1311688,20831,1371463
19663,1304799,20314,1363742
19664,1313818,20759,1374021
19665,1313188,22124,1373460
19666,1313743,21070,1372331
19667,1308077,20163,1366166
19668,1310911,21479,1370796
19669,1308040,21918,1367902
19670,1307503,21438,1366588
19671,1305817,20161,1363941
19672,1309021,20514,1369776
19673,1316299,20571,1376221
19674,1314613,22065,1376419
19675,1321207,20048,1379050
19676,1304762,20308,1364847
19677,1312669,20513,1372682
19678,1304392,21266,1363695
19679,1311429,20527,1370677
19680,1313206,20269,1372123
19681,1314669,20492,1373124
19682,1313762,20456,1373254
19683,1305262,21969,1365582
19684,1306410,20266,1365602
19685,1315984,20304,1376103
19686,1318836,20620,1378271
19687,1300707,21652,1358710
19688,1311151,19912,1369785
19689,1307928,20543,1367582
19690,1311522,20081,1369824
19691,1316206,20193,1374084
19692,1301003,21688,1360449
19693,1359039,20300,1436894
19694,1569815,24412,1663985
19695,1573315,23246,1668115
19696,1486778,26648,1575556
19697,1607740,24649,1707166
19698,1499075,24669,1588946
19699,1601647,23392,1696298
19700,1458890,21282,1541449
19701,1413187,22721,1492685
19702,1435113,21389,1514667
19703,1597629,26353,1698944
19704,1583648,27335,1685315
19705,1556722,26922,1651125
19706,1622258,24164,1722644
19707,1596314,24702,1696071
19708,1573518,25907,1681998
19709,1776553,42241,1919367
19710,1588425,26032,1685401
19711,1652906,24496,1760735
19712,1629296,27331,1734125
19713,1680591,26165,1784181
19714,1722331,35456,1830360
19715,1628684,24235,1727362
19716,1781627,26847,1896065
19717,1554870,29922,1654662
19718,1594000,27497,1695847
19719,1604463,28825,1705860
19720,1601647,24900,1704676
19721,1568278,24809,1661604
19722,1633888,24273,1730104
19723,1523926,31341,1621322
19724,1507519,23027,1594749
19725,1451704,21491,1534677
19726,1593944,22863,1692028
19727,1591944,23031,1686751
19728,1510148,26062,1605395
19729,1597870,22545,1693932
19730,1534537,23046,1627952
19731,1614555,23084,1710452
19732,1438668,24393,1524727
19733,1613907,24394,1708115
19734,1448501,21451,1532118
19735,1438186,21804,1518267
19736,1442890,22397,1524083
19737,1408817,23762,1486393
19738,1438112,21245,1516394
19739,1422650,22116,1502061
19740,1437649,22469,1520470
19741,1408520,23556,1486816
19742,1431965,21946,1510576
19743,1683054,36780,1822685
19744,1551019,25022,1659577
19745,1575499,23912,1671170
19746,1440575,26240,1524907
19747,1401465,20982,1471520
19748,1348558,23039,1416003
19749,1337132,20743,1399912
19750,1332410,22497,1396758
19751,1339873,20257,1402352
19752,1331632,20851,1393723
19753,1329669,20982,1392465
19754,1321429,20149,1382115
19755,1319688,21440,1381461
19756,1326613,20571,1387906
19757,1323114,20609,1383982
19758,1318966,20518,1380205
19759,1317151,21679,1377051
19760,1323021,20032,1383571
19761,1312299,20533,1372442
19762,1308577,20645,1369573
19763,1325836,20294,1387370
19764,1313707,21289,1374624
19765,1312521,20697,1372218
19766,1320317,20346,1381626
19767,1316855,20218,1376368
19768,1307892,21064,1367474
19769,1324595,21121,1386567
19770,1310392,20159,1369531
19771,1310133,20789,1370662
19772,1316929,21013,1379848
19773,1307670,22933,1370010
19774,1312577,20082,1373455
19775,1315669,20491,1375234
19776,1318299,21399,1380327
19777,1298317,21264,1357952
19778,1312614,20432,1370619
19779,1316133,20359,1376435
19780,1313947,20304,1373899
19781,1312021,20102,1370734
19782,1326781,21633,1393191
19783,1336614,20690,1399970
19784,1313762,20358,1374008
19785,1312947,21155,1374194
19786,1325984,21983,1388948
19787,1316095,20613,1376005
19788,1314670,20652,1375450
19789,1310781,20579,1370322
19790,1329818,20394,1392526
19791,1317058,21796,1378836
19792,1321818,20686,1382577
19793,1312966,20835,1373653
19794,1311206,20355,1370598
19795,1306225,21590,1365463
19796,1305263,20295,1364279
19797,1308762,23055,1371243
19798,1303447,20093,1362133
19799,1378428,20391,1441337
19800,1320169,21774,1380925
19801,1315132,20405,1376241
19802,1310966,20462,1370779
19803,1312966,20203,1373650
19804,1305022,21531,1366089
19805,1307225,20217,1365868
19806,1304429,20459,1364258
19807,1317169,20220,1376388
19808,1310113,20628,1370464
19809,1297837,21289,1356940
19810,1307022,20420,1366644
19811,1309818,20310,1369553
19812,1311836,20478,1371869
19813,1297336,22009,1356771
19814,1305429,20603,1364420
19815,1304669,20141,1363143
19816,1303614,20160,1363255
19817,1303059,20495,1361849
19818,1300596,21656,1360010
19819,1309521,20435,1367882
19820,1311799,21251,1372586
19821,1307281,20400,1365810
19822,1302706,22857,1364212
19823,1309540,20118,1368287
19824,1304873,20304,1364306
19825,1320929,21361,1381307
19826,1302614,20158,1362031
19827,1306873,21208,1365896
19828,1310040,20857,1369471
19829,1312188,21247,1370953
19830,1303874,20193,1361639
19831,1301485,21428,1359301
19832,1309670,20836,1368839
19833,1311558,21097,1371543
19834,1309669,21246,1369674
19835,1323892,20858,1386249
19836,1307280,21260,1367725
19837,1315799,21057,1376134
19838,1307373,20410,1366931
19839,1318577,20985,1379080
19840,1311281,21128,1372686
19841,1309836,20888,1369020
19842,1310818,20334,1369966
19843,1311503,20909,1370930
19844,1310855,20595,1368505
19845,1301855,21238,1358907
19846,1310354,20183,1368186
19847,1308577,20407,1367427
19848,1307947,20334,1366466
19849,1314336,21921,1374219
19850,1316391,20551,1374554
19851,1311243,20219,1369055
19852,1307985,20479,1366667
19853,1314559,20351,1374464
19854,1303929,21549,1363348
19855,1311632,20383,1368590
19856,1307540,20310,1365313
19857,1334984,20108,1394499
19858,1312021,21565,1373123
19859,1311392,20344,1370958
19860,1312892,20123,1373070
19861,1311540,20291,1370941
19862,1305040,21329,1365535
19863,1305133,21157,1364900
19864,1307113,20361,1367549
19865,1305818,20140,1364346
19866,1311465,20697,1370384
19867,1306188,21451,1366268
19868,1307428,20229,1366102
19869,1310614,20638,1371177
19870,1315058,20546,1375030
19871,1314503,20436,1373642
19872,1299632,21801,1359452
19873,1309095,20543,1368286
19874,1309114,20340,1368713
19875,1313984,20249,1373714
19876,1298447,20984,1357857
19877,1305836,20578,1365154
19878,1306614,20134,1365340
19879,1310058,20302,1369971
19880,1306892,20414,1366750
19881,1313892,22223,1375374
19882,1314502,20225,1373801
19883,1317374,20133,1378191
19884,1312984,20745,1373303
19885,1301763,21406,1360761
19886,1308855,20278,1368558
19887,1307892,20112,1366152
19888,1313040,21206,1373264
19889,1311947,21040,1372172
19890,1303466,21720,1362204
19891,1311984,20351,1371168
19892,1306040,20463,1364817
19893,1312207,20334,1370522
19894,1311725,21458,1372201
19895,1313039,21293,1372573
19896,1307021,20146,1366130
19897,1313577,20499,1372853
19898,1314522,20426,1374335
19899,1304336,21457,1363978
19900,1306318,20403,1364905
19901,1308170,20367,1366943
19902,1310651,20460,1370203
19903,1300280,21307,1359957
19904,1321984,20826,1382458
19905,1310725,20587,1370218
19906,1310225,20291,1369182
19907,1319059,20440,1379035
19908,1305632,21287,1365604
19909,1316651,20788,1376235
19910,1314799,20196,1373939
19911,1313206,20494,1372533
19912,1306021,21544,1366176
19913,1314225,20230,1373732
19914,1306391,20250,1366678
19915,1317058,20232,1377068
19916,1306411,20567,1366828
19917,1303262,21820,1363712
19918,1310688,20525,1369583
19919,1314984,21026,1375602
19920,1313132,20268,1373437
19921,1303929,21133,1362265
19922,1314818,20578,1375247
19923,1313391,20302,1372248
19924,1304688,20710,1364453
19925,1306447,20767,1365213
19926,1305781,21428,1365838
19927,1322595,20892,1383727
19928,1311225,20393,1371506
19929,1309947,20579,1369619
19930,1309706,22037,1370965
19931,1313077,20186,1372540
19932,1310263,20391,1369208
19933,1310928,20966,1370968
19934,1306762,20300,1365988
19935,1301151,21554,1360964
19936,1309428,20314,1368354
19937,1304040,20889,1363225
19938,1304799,20427,1364263
19939,1300281,21737,1361110
19940,1311743,20330,1372185
19941,1307448,20165,1366612
19942,1306243,20295,1364742
19943,1309059,19871,1367706
19944,1307059,21347,1367275
19945,1308966,20051,1368498
19946,1309725,20145,1368073
19947,1309688,20553,1368871
19948,1297892,23196,1359328
19949,1305948,20068,1364626
19950,1320225,20365,1380534
19951,1315651,20996,1374646
19952,1306448,20052,1365055
19953,1297336,21306,1355975
19954,1310299,20511,1369328
19955,1312003,20327,1371329
19956,1312021,20791,1371423
19957,1297929,22267,1357751
19958,1305373,20434,1364752
19959,1305911,20658,1364790
19960,1306003,20270,1364420
19961,1307688,20252,1366662
19962,1304354,21451,1363397
19963,1313262,20266,1371602
19964,1306966,20582,1366548
19965,1304559,20565,1363864
19966,1303799,22115,1363784
19967,1309577,20246,1368600
19968,1338095,21154,1400878
19969,1306836,19877,1365361
19970,1314077,20212,1373844
19971,1310373,21540,1370431
19972,1317799,21096,1379598
19973,1321429,20690,1383822
19974,1307522,20098,1365378
19975,1305188,21389,1364151
19976,1311262,20649,1371689
19977,1309188,20113,1368542
19978,1308966,20244,1366876
19979,1312206,20634,1371451
19980,1310595,21147,1371427
19981,1312355,23074,1373799
19982,1310151,20723,1370003
19983,1313762,20558,1373875
19984,1298558,21904,1359481
19985,1307428,20405,1366704
19986,1311558,21054,1372871
19987,1303577,20185,1362354
19988,1312577,20093,1370929
19989,1304892,21292,1363350
19990,1303873,21015,1362851
19991,1302910,20590,1361518
19992,1308577,20202,1366742
19993,1307281,21215,1366551
19994,1312910,20327,1373200
19995,1303725,20088,1361757
19996,1331669,21033,1393943
19997,1319317,21071,1379166
19998,1362503,35547,1449030
