path	bytes	sha256
compile/ALGSTRUCT/W1.stderr	165	25ac9ccfc764a5c657269e76aafc5f58811511cc90ccb6dbc467d13a2bde5950
compile/ALGSTRUCT/W1.stdout	333	e9e28a6cd9708fd44d9ea6c95c8b99aff0bc1410fdf6ac5c626e6dcdc5f07d0a
compile/ALGSTRUCT/W2_Q01.stderr	165	25ac9ccfc764a5c657269e76aafc5f58811511cc90ccb6dbc467d13a2bde5950
compile/ALGSTRUCT/W2_Q01.stdout	341	aa3aa12d6bf8f5a203823e47b30143eefedb62fc9e70195e975b21963c908ac5
compile/ALGSTRUCT/W2_Q02.stderr	166	81f4409f7021327ff3e6113d8c666c082153d9dc3a23a87ce7b96d0b2306ba3c
compile/ALGSTRUCT/W2_Q02.stdout	462	c297dc11c1eb2f34827e793f805e53bf88928b0935593a908bbd1ef99bb38ac7
compile/ALGSTRUCT/W2_Q04.stderr	169	ce8c5773bf6025adfbe6ae0f211b7a7dd43a9c859e1f5eb5f2ebd6d7058ba5b4
compile/ALGSTRUCT/W2_Q04.stdout	704	a6907c3b91929a7e2b96684b3b9ff0d84686d86f470ee00737b313e01cf89a19
compile/ALGSTRUCT/W2_Q08.stderr	173	fea5c56185b3fa463cd7e03eebadf39ce2ffeb0e78c3d45a43e74eba4897642d
compile/ALGSTRUCT/W2_Q08.stdout	1188	d5c0f273cf5b1d45b49965f71d9f7414f43597896b6d6870d4a39e0ff9c5ba2d
compile/ALGSTRUCT/W2_Q16.stderr	178	6c59d92d855cef87992729a9fae3ca61c23f5cde32f79c82653579cc77e693cc
compile/ALGSTRUCT/W2_Q16.stdout	2156	e63183f3a66baef93013dc9b53c54c5de6ef29c584fbef71d94610f5154f4024
compile/ALGSTRUCT/W2_Q32.stderr	179	2f8c6110c3a8e527d20ba05e83b8b8bc6a9e563f2a1a21c1fa436150303cc6a4
compile/ALGSTRUCT/W2_Q32.stdout	4092	475a25b34f3376ff2966e99811b909aef6fc606cd8af860a7295994a953a2bb2
compile/ALGSTRUCT/W3_d1.stderr	173	fea5c56185b3fa463cd7e03eebadf39ce2ffeb0e78c3d45a43e74eba4897642d
compile/ALGSTRUCT/W3_d1.stdout	1188	9d221be23a45720a16a46953f5f1d2e5b4caf024fc8b570b4aedcd9ee91139eb
compile/ALGSTRUCT/W3_d2.stderr	176	d5a4391debdde8177c1be10437203b25a4f17f24ccc1057e45492fbec3ba0012
compile/ALGSTRUCT/W3_d2.stdout	2068	2213edb751864e1f97a1182152a38462a6be169f46d5c4ace10398d49d08f3d4
compile/ALGSTRUCT/W3_d3.stderr	178	baff2df8f7065e690ab563ffc0b277666f195b565ea170e7b1042c73c7f7d49b
compile/ALGSTRUCT/W3_d3.stdout	3233	7f66f59318138a670f7551014b3175284c3a3134b73ac109f32369e0828be47c
compile/ALGSTRUCT/W4_Q01.stderr	169	372ebd0ff50388f7bac6d0e28028e5ff02f1afc484fb7957cafe06a9e2739e13
compile/ALGSTRUCT/W4_Q01.stdout	695	bfbae54ac0a10ac2a534e8ad0156d928a8f4b2798eb5e61f18293c94e9c89c59
compile/ALGSTRUCT/W4_Q02.stderr	170	5c0a678d6d924d480e81f75682b391c6dc41b7a7edd0e580ef82f62fca1765f2
compile/ALGSTRUCT/W4_Q02.stdout	1170	9e1c21bd41aed3be6b77f06948c321195e1bf6dd96204e5bc5dce6367579e99b
compile/ALGSTRUCT/W4_Q04.stderr	173	d3f3cccac8ad80fa4fcf4c5877c6af799bd0d688627ac63a27b6ff9e74dabb03
compile/ALGSTRUCT/W4_Q04.stdout	2120	f581bc25491379f10ed4ba5bc98d2ae04f533003c2b4b199dce835e37d95a2de
compile/ALGSTRUCT/W4_Q08.stderr	181	6196872019bc32896b8da3e3180caaeea6bae07a896db8f3680e59768e822077
compile/ALGSTRUCT/W4_Q08.stdout	4020	c816521cc15dd708846502dad4b2041e8d8a55e3b7f8663ec1265426a3282a4f
compile/ALGSTRUCT/W4_Q16.stderr	182	e2de72167bb540d91a6cf6f3ccab8d40f203689311cadb8e2078d33695a0706a
compile/ALGSTRUCT/W4_Q16.stdout	7820	ef5084bb07db04167f906c7a2a08bc052b7c2c0be9ad136e91c3b134db6a2e90
compile/ALGSTRUCT/W4_Q32.stderr	183	a9e7411f9487ce75a3ccc512425e1310ab87babb3c6082cb1999742393b2b62b
compile/ALGSTRUCT/W4_Q32.stdout	15420	c15fd30427962b7b405ee9c270b02da420f6d4a3bfcbaef2aba74f68a931026f
compile/ALGSTRUCT/W5_Q01.stderr	165	b4294804e6807226dd23099e2160749772d15f75d87e1775e62acf96eef65e5e
compile/ALGSTRUCT/W5_Q01.stdout	234	f8348c8d8c0f335805add7fb0ea37c536e0b7765a9fc006e19db29cab4ac649a
compile/ALGSTRUCT/W5_Q02.stderr	165	4e12fa230e18577078e0d89d341417e4163408aca37666f124b9188071cb9b2e
compile/ALGSTRUCT/W5_Q02.stdout	436	3cbc079369b97a7e464efff89884ada901865ba2d112d30e3d1dd0d38622c6e1
compile/ALGSTRUCT/W5_Q04.stderr	173	952627053b75fb4886b07301be081641eeac7e2a6c835728d77b5b484f660cb8
compile/ALGSTRUCT/W5_Q04.stdout	840	dee8d8a78cd02c5099ee650b9a9a528b8d5f32142137f21481746b25febda096
compile/ALGSTRUCT/W5_Q08.stderr	173	962c4af87e23c32b85edcd114e138d5110a53705bf441511c0c7550b9fc8ac6b
compile/ALGSTRUCT/W5_Q08.stdout	1648	03545f0f69c4f7765b6208ecff68171e769ef2d416cb1862853756944495e2f3
compile/ALGSTRUCT/W5_Q16.stderr	177	62e355b8d10da1953a0fcc342426320b37a32da5dec64bb20884eeef6dc05fae
compile/ALGSTRUCT/W5_Q16.stdout	3264	5c9b6efca751b4fef38ea1baa2bdcdebb372aeb5a5e14eaf340759689499d419
compile/ALGSTRUCT/W5_Q32.stderr	177	0fb83b00765f1250e4ab1917b94511d6087310b82d1540635fb54e4d08768920
compile/ALGSTRUCT/W5_Q32.stdout	6496	9221ec04aded1f42ed8fad92e7794edde14771148c8288f10a55cad5706fa3e7
compile/ALGSTRUCT/W6_Q01.stderr	165	146f1f4d63c9e7c92c7e14dfe5edff9520375c9b9595765bb0006718b32ee16a
compile/ALGSTRUCT/W6_Q01.stdout	483	fb3b232aa4d72f5f2974c28abb7928277a7be4b283571e850d3b64dd3cdf7d4d
compile/ALGSTRUCT/W6_Q02.stderr	169	3fd8e215e41f6e442e1baf452c41f8e1531dca96a88015bd9a0ca38d1eb0f191
compile/ALGSTRUCT/W6_Q02.stdout	634	259e45e1ccc1ed62f6f15db36e5f0a97e1c8b5857dbbb4e52b62908660d3c136
compile/ALGSTRUCT/W6_Q04.stderr	169	0eb30d34aeda4b3e7527edf80d43c96dbfab47492289ec270941324c97c2bf89
compile/ALGSTRUCT/W6_Q04.stdout	936	6ffcb7466f0f7ec679a24d6f0b1ccc48d222647ca7e9f6b1eeeaf71930fc08d8
compile/ALGSTRUCT/W6_Q08.stderr	176	79fc34f1ebb72b4cdc6d619ba5f20f6622b956ee47e9a4b01b56507ee0b20322
compile/ALGSTRUCT/W6_Q08.stdout	1540	e8bb9e84512bc92f203aaa0401c6b96823856b525b3f5bcc7776c4d7ea98ae2e
compile/ALGSTRUCT/W6_Q16.stderr	177	708633033211278d4a2a307ecc6ef0289b977d5b396e300ea9b0e852d43e9515
compile/ALGSTRUCT/W6_Q16.stdout	2748	3ec75b7ccbfde4300958e95117e04aac96d6e39fdf8abfd11508c42d0a32af98
compile/ALGSTRUCT/W6_Q32.stderr	181	6f29b6965c49cbe979f675518c51d43eb36bb4f88e2e6edbd8cf67f2c624de20
compile/ALGSTRUCT/W6_Q32.stdout	5164	2a7c090408675099e913a6fec3e269e6cd5c1952d34ae5cd48394c509b46420f
compile/ALGSTRUCT/W7_Q01.stderr	165	f3ace76146c90ead611a20a9b41dbea897bdffb39d117185ad51f84edafd36b3
compile/ALGSTRUCT/W7_Q01.stdout	411	53464fc8096383b10f36d1a1eb6fa83b354f21e416056611b17f3903d9090567
compile/ALGSTRUCT/W7_Q02.stderr	169	ed71f932bfacc663eaf394de30f862004cc576da81812e59cbdf7e80896774b7
compile/ALGSTRUCT/W7_Q02.stdout	538	c6872e766f8038eec42630ce445ea2c7d4d816c7a739ece4650cc6e12b900874
compile/ALGSTRUCT/W7_Q04.stderr	169	a670e7d88017fb5450b8ab4292ac0ccafbb18ea8e9affb6a8c38b097306f78c6
compile/ALGSTRUCT/W7_Q04.stdout	792	6b3b16a6ba5f91629e032e2582b90a2b6d3ce7879f8d9bbb9c2789d85cadcfcf
compile/ALGSTRUCT/W7_Q08.stderr	177	c9fb2dcc77043a7d70c41cc007f216e142599c48c6bcec815e7d8697c8fbf058
compile/ALGSTRUCT/W7_Q08.stdout	1300	98a2bf061325ded6e2ae264d00782994154a61e7dd4a9752b9ed0dfb889fad5f
compile/ALGSTRUCT/W7_Q16.stderr	177	0466bf97332b08657f34f26c6af297b52edb97d026f6e3b122492e2ffb00fbea
compile/ALGSTRUCT/W7_Q16.stdout	2316	450608f9af28658fa6f67c0823873203e5d98029818b9daf87da06c581dc6c24
compile/ALGSTRUCT/W7_Q32.stderr	181	0b9061216b23bf53c660391d6822537aaf64bb095d09ea88ea3387cb5758565f
compile/ALGSTRUCT/W7_Q32.stdout	4348	e33436e323df7210f30177f7632e4669a87db06552191fff4456d6f250008d9b
compile/ALGSTRUCT/W8_Q01.stderr	178	4bb1dc6c2fa16745edad3c88b3585dc55a2beb7f66079cdbe4acf5d6337cd3cb
compile/ALGSTRUCT/W8_Q01.stdout	6023	8b2f4010963eb28a95881291749af758eee430a0aae188cf70cf9ee742ba4158
compile/ALGSTRUCT/W8_Q02.stderr	178	c85a0ea84dbb2ad7cf23fafa1dff6a769906f494366871908198420ed9112819
compile/ALGSTRUCT/W8_Q02.stdout	6148	2769792545914899f428f4db9123493dee0e3a880fafc31c11aa9fce58c39b33
compile/ALGSTRUCT/W8_Q04.stderr	178	6bb880c20fb40682703cd4bdd9776278765051e016c799ebd353200cfaa1e317
compile/ALGSTRUCT/W8_Q04.stdout	6398	b4453e33aa3bcdb11f5fbf13dc96d2db5f99c15cc0ca126d18798b974a01fa4b
compile/ALGSTRUCT/W8_Q08.stderr	178	8daa722f6c37154e8232121644e3d94d7c4105e72969bc2cd059b1b261213cee
compile/ALGSTRUCT/W8_Q08.stdout	6898	d481cbb48951cbae92ff4c5f0e775811da3227536d3ce4a22925ef3f36a4997c
compile/ALGSTRUCT/W8_Q16.stderr	180	f0d1edd51ca032ed05661e8b073de45626122d764fc4f0818b9b5b8b0fc2f1cb
compile/ALGSTRUCT/W8_Q16.stdout	7898	4b8c26725fb2505a1b55a17e7b315bf0e1a4f03d29bb1fc6a3d25e6bdf0573a3
compile/ALGSTRUCT/W8_Q32.stderr	182	373737799f76d807dcde1a06e070de72f040ba990589c2f55d9f52dcddeee569
compile/ALGSTRUCT/W8_Q32.stdout	9898	1b96a2c6c3a2afa15aae1fd30b625b802232822f470582a121cadbb61f2b9334
compile/OFF/W1.stderr	166	cf07d37340b8135995c870c7d902369c17ae9f7b1524c06fc553aaa6ec9bed8a
compile/OFF/W1.stdout	475	bb49810c172da6d2fc12d9c748d47139c665618ffdde916a71b41ca5f58da643
compile/OFF/W2_Q01.stderr	166	cf07d37340b8135995c870c7d902369c17ae9f7b1524c06fc553aaa6ec9bed8a
compile/OFF/W2_Q01.stdout	483	bdbe5cea209fafaf66716137992a48e6d5d5ac608e3951eb5036fb6b43e36472
compile/OFF/W2_Q02.stderr	170	ab557a2fc883901d20c62adae3d513fc73d06db73ba504bda3c2046c592f2440
compile/OFF/W2_Q02.stdout	634	447c9d69d0dbdc4d4bc1a71555e33a9e4e319e994cd9e46fa45944f17dada330
compile/OFF/W2_Q04.stderr	170	325165b0c6a174df6fe1eadcf6916d07580664092a7ca326fa72fbecb8fd2624
compile/OFF/W2_Q04.stdout	936	63c038f27b8dced8562f80490e0e56ec28843fa8cd292c037babdc448e2e76e6
compile/OFF/W2_Q08.stderr	177	91f1ca8a35ee2521dabf031949ab74ece8f64b5b585b5f67fa1602a747895f0a
compile/OFF/W2_Q08.stdout	1540	6ecdbc54f536b1f1a944a934036f550d82aa8ee893811a2e631347e3d5e1aea9
compile/OFF/W2_Q16.stderr	178	f1764eefb846cb99be0017b798cd4d207801552db2e73df15e5ab02e6bad8c64
compile/OFF/W2_Q16.stdout	2748	efd59d6c48f1a537ce09f3099b4a3ac25e3d86b8c0ad90798745cee88d7df1ba
compile/OFF/W2_Q32.stderr	182	eed51b60c05566bfca6e09934e259bfb530806c5ff14438571e2a07c2cc439a1
compile/OFF/W2_Q32.stdout	5164	04864b2a58d59db1475b0c028e792ac71e2c57b17afc921854a15fbb6d37dcd8
compile/OFF/W3_d1.stderr	177	91f1ca8a35ee2521dabf031949ab74ece8f64b5b585b5f67fa1602a747895f0a
compile/OFF/W3_d1.stdout	1540	f221f55c2fb4be1cfdc0961021484951ed9f2632f3b8e91fcac1b5a0faef138c
compile/OFF/W3_d2.stderr	177	18efd330349d867757632eeaa3c57a609c693ab21b88f564fd7e31973df7cfad
compile/OFF/W3_d2.stdout	2563	006c6957d0e457dd072094ca1710e62a9cc3c61e5c42d5b3ebd2ccdd1b369593
compile/OFF/W3_d3.stderr	178	fa3d26b5ef67011699901479aa62a0050fee836859bd5332fc086f40daa2a158
compile/OFF/W3_d3.stdout	3870	ed6aa8e3f069de0d956fe5c6bd425f231d232fc2f8a657369cd917d64974d7aa
compile/OFF/W4_Q01.stderr	170	f5e36b76f2053fcd6cb2fb2fb060fee3c9414aca2848568bbfa52c198ce997ff
compile/OFF/W4_Q01.stdout	837	46db3f12bb1361c015f924cd8db08e5ce86ae800060728c535a345a356e2bae1
compile/OFF/W4_Q02.stderr	174	ab46367affd473cdc035edafcdec5a0097fb973b456d0c503906e969877e8607
compile/OFF/W4_Q02.stdout	1342	13a60d7eb1d70748af55622f636c3010df949f6af2b7fa638f6a0901acb466dc
compile/OFF/W4_Q04.stderr	174	102fd89ecbda5eb21028327c0e92fefbda32ee358702921a6a6601fdf604a474
compile/OFF/W4_Q04.stdout	2352	9f8aeba07bb558da375433a40d1e38dd4f89dbd0e45757138d31773bb770eff5
compile/OFF/W4_Q08.stderr	182	055e2e5a14f43ca1fef3a31efa6459c565b3a5833f63b3b5729af5aa6046ca1e
compile/OFF/W4_Q08.stdout	4372	e2b6fd1213cb38209621956fc2c7b83e998a8c643f6daa96081017a522cc33a9
compile/OFF/W4_Q16.stderr	182	2c64950afa60e8498ad3340975811d986e14fc212d85035531164095206a0a43
compile/OFF/W4_Q16.stdout	8412	a2892b10d3dbb60ff97eadd84792af382892a0fa291b97f3f29a75900da61d4a
compile/OFF/W4_Q32.stderr	186	04f15ea31ce5bf32bfe89d3812fbd2ead7573764dca6cb480cc9794caabaca46
compile/OFF/W4_Q32.stdout	16492	c1e66022801c7edbe2c79d7f2bc89a80ebc90d6dbb322a8808422c6c1af1455d
compile/OFF/W5_Q01.stderr	166	b9937ff90210892dd90115681be80bd63427bbb6583e65f443dca74c129f6923
compile/OFF/W5_Q01.stdout	234	f8348c8d8c0f335805add7fb0ea37c536e0b7765a9fc006e19db29cab4ac649a
compile/OFF/W5_Q02.stderr	166	4f44214ca8c90beb06f4c437a9329d789e90c5147539095e0036d8f921533aa8
compile/OFF/W5_Q02.stdout	436	3cbc079369b97a7e464efff89884ada901865ba2d112d30e3d1dd0d38622c6e1
compile/OFF/W5_Q04.stderr	174	fad426e015680b0a0b76dbef3b1df5ee879fec245d6a89f7ad57f470dcde1bcf
compile/OFF/W5_Q04.stdout	840	dee8d8a78cd02c5099ee650b9a9a528b8d5f32142137f21481746b25febda096
compile/OFF/W5_Q08.stderr	174	449ba48bb07dc1b54043505e7ed851aeb53a7cc82b88a397aece2031241f29a2
compile/OFF/W5_Q08.stdout	1648	03545f0f69c4f7765b6208ecff68171e769ef2d416cb1862853756944495e2f3
compile/OFF/W5_Q16.stderr	178	ad6ad6ec95e6f30a36a97fd18d10e31f7d043f5d590b0b6e53d3f727797aea51
compile/OFF/W5_Q16.stdout	3264	5c9b6efca751b4fef38ea1baa2bdcdebb372aeb5a5e14eaf340759689499d419
compile/OFF/W5_Q32.stderr	178	c2d088f53dfd2af815ffc1d9b76990e2eae49cdeaf82ea815f1f00e9a673a97f
compile/OFF/W5_Q32.stdout	6496	9221ec04aded1f42ed8fad92e7794edde14771148c8288f10a55cad5706fa3e7
compile/OFF/W6_Q01.stderr	166	cf07d37340b8135995c870c7d902369c17ae9f7b1524c06fc553aaa6ec9bed8a
compile/OFF/W6_Q01.stdout	483	fb3b232aa4d72f5f2974c28abb7928277a7be4b283571e850d3b64dd3cdf7d4d
compile/OFF/W6_Q02.stderr	170	ab557a2fc883901d20c62adae3d513fc73d06db73ba504bda3c2046c592f2440
compile/OFF/W6_Q02.stdout	634	259e45e1ccc1ed62f6f15db36e5f0a97e1c8b5857dbbb4e52b62908660d3c136
compile/OFF/W6_Q04.stderr	170	325165b0c6a174df6fe1eadcf6916d07580664092a7ca326fa72fbecb8fd2624
compile/OFF/W6_Q04.stdout	936	6ffcb7466f0f7ec679a24d6f0b1ccc48d222647ca7e9f6b1eeeaf71930fc08d8
compile/OFF/W6_Q08.stderr	177	91f1ca8a35ee2521dabf031949ab74ece8f64b5b585b5f67fa1602a747895f0a
compile/OFF/W6_Q08.stdout	1540	e8bb9e84512bc92f203aaa0401c6b96823856b525b3f5bcc7776c4d7ea98ae2e
compile/OFF/W6_Q16.stderr	178	f1764eefb846cb99be0017b798cd4d207801552db2e73df15e5ab02e6bad8c64
compile/OFF/W6_Q16.stdout	2748	3ec75b7ccbfde4300958e95117e04aac96d6e39fdf8abfd11508c42d0a32af98
compile/OFF/W6_Q32.stderr	182	eed51b60c05566bfca6e09934e259bfb530806c5ff14438571e2a07c2cc439a1
compile/OFF/W6_Q32.stdout	5164	2a7c090408675099e913a6fec3e269e6cd5c1952d34ae5cd48394c509b46420f
compile/OFF/W7_Q01.stderr	166	8ab2e4f92e7d4c2c1684388267dd38dddb110886423038b40daee1c512b8ebd8
compile/OFF/W7_Q01.stdout	411	53464fc8096383b10f36d1a1eb6fa83b354f21e416056611b17f3903d9090567
compile/OFF/W7_Q02.stderr	170	8a4d0c3906d636fe4809d25b7b9cd6be1b45ae5b67292b3939c9a573eb00b55b
compile/OFF/W7_Q02.stdout	538	c6872e766f8038eec42630ce445ea2c7d4d816c7a739ece4650cc6e12b900874
compile/OFF/W7_Q04.stderr	170	2865a29481644ac156fc93ae499100e10bb360ca4e82b0a8ffaf2bf88c6c02cf
compile/OFF/W7_Q04.stdout	792	6b3b16a6ba5f91629e032e2582b90a2b6d3ce7879f8d9bbb9c2789d85cadcfcf
compile/OFF/W7_Q08.stderr	178	e8d1e5869f59e86f2be7d810e49f68a7f2e8dc65bd0fbc549e0ba88f41c57243
compile/OFF/W7_Q08.stdout	1300	98a2bf061325ded6e2ae264d00782994154a61e7dd4a9752b9ed0dfb889fad5f
compile/OFF/W7_Q16.stderr	178	3724e72e22758808c9ab64398bfb390e07ceda07ca8b6716f5da411ce50113e3
compile/OFF/W7_Q16.stdout	2316	450608f9af28658fa6f67c0823873203e5d98029818b9daf87da06c581dc6c24
compile/OFF/W7_Q32.stderr	182	8bdd85d9a292db8af9dd99865c2457896bbaad69be12e3b2b60bebdfe1b30e59
compile/OFF/W7_Q32.stdout	4348	e33436e323df7210f30177f7632e4669a87db06552191fff4456d6f250008d9b
compile/OFF/W8_Q01.stderr	179	d1ef48f8645aae06bc93037813cc75b3c4ebec7c869549382c06827921dfaa58
compile/OFF/W8_Q01.stdout	6168	ff539a95799535af25749fb473001127cd232e7386a18115ebbc61387ceca6a6
compile/OFF/W8_Q02.stderr	179	e13cea57ca73276cdc73e3813e18f04150cf49d995631c47d32f79e907e837e0
compile/OFF/W8_Q02.stdout	6322	5b9ec73668753e6cb16da0704c8eb762adfee347dc1fed7b776a993732706f38
compile/OFF/W8_Q04.stderr	179	501fe531fab97f625acaa9c61aba5b56621a4f521fcb89d258123fb3003e8d83
compile/OFF/W8_Q04.stdout	6630	520ca681eb106c2fd1fb3c11a2497c6162f614ae45472dfe84d97d8e82d7cef2
compile/OFF/W8_Q08.stderr	179	87473a705fdbfa4befbdfd149d040b314326d2a161fa5c7237327d1334f32b4c
compile/OFF/W8_Q08.stdout	7246	a797b7b6f5e884fa32e85ad11c8ea3fb35013fd0e23e324e1f36d5298771e1e1
compile/OFF/W8_Q16.stderr	180	91472ce7a9746180e6b1099c18c84f696a04e3974bb7feca22282f64fe1d6977
compile/OFF/W8_Q16.stdout	8478	08de94021ae087225f43ef216e2c454eff5d89a7ea9dae103be143f8984919ff
compile/OFF/W8_Q32.stderr	185	9873a4efa1330ffe817e3221b87b4330f655d8d8ecaa8c9b757a28dff7389581
compile/OFF/W8_Q32.stdout	10942	ea218c0dd019c1846c649a59d9f372ee70bdb1a75a98ce2de533831979cfaa9e
compile/STRUCT/W1.stderr	165	146f1f4d63c9e7c92c7e14dfe5edff9520375c9b9595765bb0006718b32ee16a
compile/STRUCT/W1.stdout	475	bb49810c172da6d2fc12d9c748d47139c665618ffdde916a71b41ca5f58da643
compile/STRUCT/W2_Q01.stderr	165	146f1f4d63c9e7c92c7e14dfe5edff9520375c9b9595765bb0006718b32ee16a
compile/STRUCT/W2_Q01.stdout	483	bdbe5cea209fafaf66716137992a48e6d5d5ac608e3951eb5036fb6b43e36472
compile/STRUCT/W2_Q02.stderr	169	3fd8e215e41f6e442e1baf452c41f8e1531dca96a88015bd9a0ca38d1eb0f191
compile/STRUCT/W2_Q02.stdout	634	447c9d69d0dbdc4d4bc1a71555e33a9e4e319e994cd9e46fa45944f17dada330
compile/STRUCT/W2_Q04.stderr	169	0eb30d34aeda4b3e7527edf80d43c96dbfab47492289ec270941324c97c2bf89
compile/STRUCT/W2_Q04.stdout	936	63c038f27b8dced8562f80490e0e56ec28843fa8cd292c037babdc448e2e76e6
compile/STRUCT/W2_Q08.stderr	176	79fc34f1ebb72b4cdc6d619ba5f20f6622b956ee47e9a4b01b56507ee0b20322
compile/STRUCT/W2_Q08.stdout	1540	6ecdbc54f536b1f1a944a934036f550d82aa8ee893811a2e631347e3d5e1aea9
compile/STRUCT/W2_Q16.stderr	177	708633033211278d4a2a307ecc6ef0289b977d5b396e300ea9b0e852d43e9515
compile/STRUCT/W2_Q16.stdout	2748	efd59d6c48f1a537ce09f3099b4a3ac25e3d86b8c0ad90798745cee88d7df1ba
compile/STRUCT/W2_Q32.stderr	181	6f29b6965c49cbe979f675518c51d43eb36bb4f88e2e6edbd8cf67f2c624de20
compile/STRUCT/W2_Q32.stdout	5164	04864b2a58d59db1475b0c028e792ac71e2c57b17afc921854a15fbb6d37dcd8
compile/STRUCT/W3_d1.stderr	176	79fc34f1ebb72b4cdc6d619ba5f20f6622b956ee47e9a4b01b56507ee0b20322
compile/STRUCT/W3_d1.stdout	1540	f221f55c2fb4be1cfdc0961021484951ed9f2632f3b8e91fcac1b5a0faef138c
compile/STRUCT/W3_d2.stderr	176	b7381a18d46b82484537476cf54fb40b97209ff67592b195bcb99c5b5bcf18ae
compile/STRUCT/W3_d2.stdout	2563	006c6957d0e457dd072094ca1710e62a9cc3c61e5c42d5b3ebd2ccdd1b369593
compile/STRUCT/W3_d3.stderr	177	ebf56a26cde09f312c51634a674aed2c7feb580cbaab16c826135b03e0f5f05e
compile/STRUCT/W3_d3.stdout	3870	ed6aa8e3f069de0d956fe5c6bd425f231d232fc2f8a657369cd917d64974d7aa
compile/STRUCT/W4_Q01.stderr	169	b3515ad306a88dfcf7cf12d27de2f0e1c0e594378f5188633222e3aae74bf255
compile/STRUCT/W4_Q01.stdout	837	46db3f12bb1361c015f924cd8db08e5ce86ae800060728c535a345a356e2bae1
compile/STRUCT/W4_Q02.stderr	173	e6d91799843059ae751f42b5bcad07b30344bf16792ca3078033c87ce2474792
compile/STRUCT/W4_Q02.stdout	1342	13a60d7eb1d70748af55622f636c3010df949f6af2b7fa638f6a0901acb466dc
compile/STRUCT/W4_Q04.stderr	173	f0cbc69ce4b28b977f60b60629406bea6cd9991b7d3301b220cdcaeb7016a989
compile/STRUCT/W4_Q04.stdout	2352	9f8aeba07bb558da375433a40d1e38dd4f89dbd0e45757138d31773bb770eff5
compile/STRUCT/W4_Q08.stderr	181	9b6e588fe43127242a7946c00809458fd354a0ff92458d75fe05653007cfe3e5
compile/STRUCT/W4_Q08.stdout	4372	e2b6fd1213cb38209621956fc2c7b83e998a8c643f6daa96081017a522cc33a9
compile/STRUCT/W4_Q16.stderr	181	0a65a144807b5750d8b4efd978b725e1f1876307584a06992d5bb7dd6d592738
compile/STRUCT/W4_Q16.stdout	8412	a2892b10d3dbb60ff97eadd84792af382892a0fa291b97f3f29a75900da61d4a
compile/STRUCT/W4_Q32.stderr	185	a206949b129dea08d25efc809caab854255010610bb3aa6fc7d4c7ac80692ae7
compile/STRUCT/W4_Q32.stdout	16492	c1e66022801c7edbe2c79d7f2bc89a80ebc90d6dbb322a8808422c6c1af1455d
compile/STRUCT/W5_Q01.stderr	165	b4294804e6807226dd23099e2160749772d15f75d87e1775e62acf96eef65e5e
compile/STRUCT/W5_Q01.stdout	234	f8348c8d8c0f335805add7fb0ea37c536e0b7765a9fc006e19db29cab4ac649a
compile/STRUCT/W5_Q02.stderr	165	4e12fa230e18577078e0d89d341417e4163408aca37666f124b9188071cb9b2e
compile/STRUCT/W5_Q02.stdout	436	3cbc079369b97a7e464efff89884ada901865ba2d112d30e3d1dd0d38622c6e1
compile/STRUCT/W5_Q04.stderr	173	952627053b75fb4886b07301be081641eeac7e2a6c835728d77b5b484f660cb8
compile/STRUCT/W5_Q04.stdout	840	dee8d8a78cd02c5099ee650b9a9a528b8d5f32142137f21481746b25febda096
compile/STRUCT/W5_Q08.stderr	173	962c4af87e23c32b85edcd114e138d5110a53705bf441511c0c7550b9fc8ac6b
compile/STRUCT/W5_Q08.stdout	1648	03545f0f69c4f7765b6208ecff68171e769ef2d416cb1862853756944495e2f3
compile/STRUCT/W5_Q16.stderr	177	62e355b8d10da1953a0fcc342426320b37a32da5dec64bb20884eeef6dc05fae
compile/STRUCT/W5_Q16.stdout	3264	5c9b6efca751b4fef38ea1baa2bdcdebb372aeb5a5e14eaf340759689499d419
compile/STRUCT/W5_Q32.stderr	177	0fb83b00765f1250e4ab1917b94511d6087310b82d1540635fb54e4d08768920
compile/STRUCT/W5_Q32.stdout	6496	9221ec04aded1f42ed8fad92e7794edde14771148c8288f10a55cad5706fa3e7
compile/STRUCT/W6_Q01.stderr	165	146f1f4d63c9e7c92c7e14dfe5edff9520375c9b9595765bb0006718b32ee16a
compile/STRUCT/W6_Q01.stdout	483	fb3b232aa4d72f5f2974c28abb7928277a7be4b283571e850d3b64dd3cdf7d4d
compile/STRUCT/W6_Q02.stderr	169	3fd8e215e41f6e442e1baf452c41f8e1531dca96a88015bd9a0ca38d1eb0f191
compile/STRUCT/W6_Q02.stdout	634	259e45e1ccc1ed62f6f15db36e5f0a97e1c8b5857dbbb4e52b62908660d3c136
compile/STRUCT/W6_Q04.stderr	169	0eb30d34aeda4b3e7527edf80d43c96dbfab47492289ec270941324c97c2bf89
compile/STRUCT/W6_Q04.stdout	936	6ffcb7466f0f7ec679a24d6f0b1ccc48d222647ca7e9f6b1eeeaf71930fc08d8
compile/STRUCT/W6_Q08.stderr	176	79fc34f1ebb72b4cdc6d619ba5f20f6622b956ee47e9a4b01b56507ee0b20322
compile/STRUCT/W6_Q08.stdout	1540	e8bb9e84512bc92f203aaa0401c6b96823856b525b3f5bcc7776c4d7ea98ae2e
compile/STRUCT/W6_Q16.stderr	177	708633033211278d4a2a307ecc6ef0289b977d5b396e300ea9b0e852d43e9515
compile/STRUCT/W6_Q16.stdout	2748	3ec75b7ccbfde4300958e95117e04aac96d6e39fdf8abfd11508c42d0a32af98
compile/STRUCT/W6_Q32.stderr	181	6f29b6965c49cbe979f675518c51d43eb36bb4f88e2e6edbd8cf67f2c624de20
compile/STRUCT/W6_Q32.stdout	5164	2a7c090408675099e913a6fec3e269e6cd5c1952d34ae5cd48394c509b46420f
compile/STRUCT/W7_Q01.stderr	165	f3ace76146c90ead611a20a9b41dbea897bdffb39d117185ad51f84edafd36b3
compile/STRUCT/W7_Q01.stdout	411	53464fc8096383b10f36d1a1eb6fa83b354f21e416056611b17f3903d9090567
compile/STRUCT/W7_Q02.stderr	169	ed71f932bfacc663eaf394de30f862004cc576da81812e59cbdf7e80896774b7
compile/STRUCT/W7_Q02.stdout	538	c6872e766f8038eec42630ce445ea2c7d4d816c7a739ece4650cc6e12b900874
compile/STRUCT/W7_Q04.stderr	169	a670e7d88017fb5450b8ab4292ac0ccafbb18ea8e9affb6a8c38b097306f78c6
compile/STRUCT/W7_Q04.stdout	792	6b3b16a6ba5f91629e032e2582b90a2b6d3ce7879f8d9bbb9c2789d85cadcfcf
compile/STRUCT/W7_Q08.stderr	177	c9fb2dcc77043a7d70c41cc007f216e142599c48c6bcec815e7d8697c8fbf058
compile/STRUCT/W7_Q08.stdout	1300	98a2bf061325ded6e2ae264d00782994154a61e7dd4a9752b9ed0dfb889fad5f
compile/STRUCT/W7_Q16.stderr	177	0466bf97332b08657f34f26c6af297b52edb97d026f6e3b122492e2ffb00fbea
compile/STRUCT/W7_Q16.stdout	2316	450608f9af28658fa6f67c0823873203e5d98029818b9daf87da06c581dc6c24
compile/STRUCT/W7_Q32.stderr	181	0b9061216b23bf53c660391d6822537aaf64bb095d09ea88ea3387cb5758565f
compile/STRUCT/W7_Q32.stdout	4348	e33436e323df7210f30177f7632e4669a87db06552191fff4456d6f250008d9b
compile/STRUCT/W8_Q01.stderr	178	8106f11c91abcfda06c93ff8a5278d51ec762c82a8c6249b2c646abe4c762faf
compile/STRUCT/W8_Q01.stdout	6168	ff539a95799535af25749fb473001127cd232e7386a18115ebbc61387ceca6a6
compile/STRUCT/W8_Q02.stderr	178	49b26ebb3caca6eec4840d38936f6269751477f5423e21914477a2739902a95c
compile/STRUCT/W8_Q02.stdout	6322	5b9ec73668753e6cb16da0704c8eb762adfee347dc1fed7b776a993732706f38
compile/STRUCT/W8_Q04.stderr	178	21ba910eb8bfaeb171e7bb285a84e306c52018de47f045c510bd747f141db5fc
compile/STRUCT/W8_Q04.stdout	6630	520ca681eb106c2fd1fb3c11a2497c6162f614ae45472dfe84d97d8e82d7cef2
compile/STRUCT/W8_Q08.stderr	178	f1abf9a3ccc762daed5d71c79cf43f9cba753d24e61a46375c79a101220aebf9
compile/STRUCT/W8_Q08.stdout	7246	a797b7b6f5e884fa32e85ad11c8ea3fb35013fd0e23e324e1f36d5298771e1e1
compile/STRUCT/W8_Q16.stderr	179	4a5a4cfbff4bf0be271336bd116790820d557d6fa674e75d86d3cca9ad647364
compile/STRUCT/W8_Q16.stdout	8478	08de94021ae087225f43ef216e2c454eff5d89a7ea9dae103be143f8984919ff
compile/STRUCT/W8_Q32.stderr	184	5d15fa07de19954917ac2efd5d7bc52d72912d4970b48aa5f4e2cc1bac3c4bb1
compile/STRUCT/W8_Q32.stdout	10942	ea218c0dd019c1846c649a59d9f372ee70bdb1a75a98ce2de533831979cfaa9e
compile/STRUCT_R1/W1.stderr	165	25ac9ccfc764a5c657269e76aafc5f58811511cc90ccb6dbc467d13a2bde5950
compile/STRUCT_R1/W1.stdout	333	e9e28a6cd9708fd44d9ea6c95c8b99aff0bc1410fdf6ac5c626e6dcdc5f07d0a
compile/STRUCT_R1/W2_Q01.stderr	165	25ac9ccfc764a5c657269e76aafc5f58811511cc90ccb6dbc467d13a2bde5950
compile/STRUCT_R1/W2_Q01.stdout	341	aa3aa12d6bf8f5a203823e47b30143eefedb62fc9e70195e975b21963c908ac5
compile/STRUCT_R1/W2_Q02.stderr	166	81f4409f7021327ff3e6113d8c666c082153d9dc3a23a87ce7b96d0b2306ba3c
compile/STRUCT_R1/W2_Q02.stdout	462	c297dc11c1eb2f34827e793f805e53bf88928b0935593a908bbd1ef99bb38ac7
compile/STRUCT_R1/W2_Q04.stderr	169	ce8c5773bf6025adfbe6ae0f211b7a7dd43a9c859e1f5eb5f2ebd6d7058ba5b4
compile/STRUCT_R1/W2_Q04.stdout	704	a6907c3b91929a7e2b96684b3b9ff0d84686d86f470ee00737b313e01cf89a19
compile/STRUCT_R1/W2_Q08.stderr	173	fea5c56185b3fa463cd7e03eebadf39ce2ffeb0e78c3d45a43e74eba4897642d
compile/STRUCT_R1/W2_Q08.stdout	1188	d5c0f273cf5b1d45b49965f71d9f7414f43597896b6d6870d4a39e0ff9c5ba2d
compile/STRUCT_R1/W2_Q16.stderr	178	6c59d92d855cef87992729a9fae3ca61c23f5cde32f79c82653579cc77e693cc
compile/STRUCT_R1/W2_Q16.stdout	2156	e63183f3a66baef93013dc9b53c54c5de6ef29c584fbef71d94610f5154f4024
compile/STRUCT_R1/W2_Q32.stderr	179	2f8c6110c3a8e527d20ba05e83b8b8bc6a9e563f2a1a21c1fa436150303cc6a4
compile/STRUCT_R1/W2_Q32.stdout	4092	475a25b34f3376ff2966e99811b909aef6fc606cd8af860a7295994a953a2bb2
compile/STRUCT_R1/W3_d1.stderr	173	fea5c56185b3fa463cd7e03eebadf39ce2ffeb0e78c3d45a43e74eba4897642d
compile/STRUCT_R1/W3_d1.stdout	1188	9d221be23a45720a16a46953f5f1d2e5b4caf024fc8b570b4aedcd9ee91139eb
compile/STRUCT_R1/W3_d2.stderr	176	d5a4391debdde8177c1be10437203b25a4f17f24ccc1057e45492fbec3ba0012
compile/STRUCT_R1/W3_d2.stdout	2068	2213edb751864e1f97a1182152a38462a6be169f46d5c4ace10398d49d08f3d4
compile/STRUCT_R1/W3_d3.stderr	178	baff2df8f7065e690ab563ffc0b277666f195b565ea170e7b1042c73c7f7d49b
compile/STRUCT_R1/W3_d3.stdout	3233	7f66f59318138a670f7551014b3175284c3a3134b73ac109f32369e0828be47c
compile/STRUCT_R1/W4_Q01.stderr	169	372ebd0ff50388f7bac6d0e28028e5ff02f1afc484fb7957cafe06a9e2739e13
compile/STRUCT_R1/W4_Q01.stdout	695	bfbae54ac0a10ac2a534e8ad0156d928a8f4b2798eb5e61f18293c94e9c89c59
compile/STRUCT_R1/W4_Q02.stderr	170	5c0a678d6d924d480e81f75682b391c6dc41b7a7edd0e580ef82f62fca1765f2
compile/STRUCT_R1/W4_Q02.stdout	1170	9e1c21bd41aed3be6b77f06948c321195e1bf6dd96204e5bc5dce6367579e99b
compile/STRUCT_R1/W4_Q04.stderr	173	d3f3cccac8ad80fa4fcf4c5877c6af799bd0d688627ac63a27b6ff9e74dabb03
compile/STRUCT_R1/W4_Q04.stdout	2120	f581bc25491379f10ed4ba5bc98d2ae04f533003c2b4b199dce835e37d95a2de
compile/STRUCT_R1/W4_Q08.stderr	181	6196872019bc32896b8da3e3180caaeea6bae07a896db8f3680e59768e822077
compile/STRUCT_R1/W4_Q08.stdout	4020	c816521cc15dd708846502dad4b2041e8d8a55e3b7f8663ec1265426a3282a4f
compile/STRUCT_R1/W4_Q16.stderr	182	e2de72167bb540d91a6cf6f3ccab8d40f203689311cadb8e2078d33695a0706a
compile/STRUCT_R1/W4_Q16.stdout	7820	ef5084bb07db04167f906c7a2a08bc052b7c2c0be9ad136e91c3b134db6a2e90
compile/STRUCT_R1/W4_Q32.stderr	183	a9e7411f9487ce75a3ccc512425e1310ab87babb3c6082cb1999742393b2b62b
compile/STRUCT_R1/W4_Q32.stdout	15420	c15fd30427962b7b405ee9c270b02da420f6d4a3bfcbaef2aba74f68a931026f
compile/STRUCT_R1/W5_Q01.stderr	165	b4294804e6807226dd23099e2160749772d15f75d87e1775e62acf96eef65e5e
compile/STRUCT_R1/W5_Q01.stdout	234	f8348c8d8c0f335805add7fb0ea37c536e0b7765a9fc006e19db29cab4ac649a
compile/STRUCT_R1/W5_Q02.stderr	165	4e12fa230e18577078e0d89d341417e4163408aca37666f124b9188071cb9b2e
compile/STRUCT_R1/W5_Q02.stdout	436	3cbc079369b97a7e464efff89884ada901865ba2d112d30e3d1dd0d38622c6e1
compile/STRUCT_R1/W5_Q04.stderr	173	952627053b75fb4886b07301be081641eeac7e2a6c835728d77b5b484f660cb8
compile/STRUCT_R1/W5_Q04.stdout	840	dee8d8a78cd02c5099ee650b9a9a528b8d5f32142137f21481746b25febda096
compile/STRUCT_R1/W5_Q08.stderr	173	962c4af87e23c32b85edcd114e138d5110a53705bf441511c0c7550b9fc8ac6b
compile/STRUCT_R1/W5_Q08.stdout	1648	03545f0f69c4f7765b6208ecff68171e769ef2d416cb1862853756944495e2f3
compile/STRUCT_R1/W5_Q16.stderr	177	62e355b8d10da1953a0fcc342426320b37a32da5dec64bb20884eeef6dc05fae
compile/STRUCT_R1/W5_Q16.stdout	3264	5c9b6efca751b4fef38ea1baa2bdcdebb372aeb5a5e14eaf340759689499d419
compile/STRUCT_R1/W5_Q32.stderr	177	0fb83b00765f1250e4ab1917b94511d6087310b82d1540635fb54e4d08768920
compile/STRUCT_R1/W5_Q32.stdout	6496	9221ec04aded1f42ed8fad92e7794edde14771148c8288f10a55cad5706fa3e7
compile/STRUCT_R1/W6_Q01.stderr	165	146f1f4d63c9e7c92c7e14dfe5edff9520375c9b9595765bb0006718b32ee16a
compile/STRUCT_R1/W6_Q01.stdout	483	fb3b232aa4d72f5f2974c28abb7928277a7be4b283571e850d3b64dd3cdf7d4d
compile/STRUCT_R1/W6_Q02.stderr	169	3fd8e215e41f6e442e1baf452c41f8e1531dca96a88015bd9a0ca38d1eb0f191
compile/STRUCT_R1/W6_Q02.stdout	634	259e45e1ccc1ed62f6f15db36e5f0a97e1c8b5857dbbb4e52b62908660d3c136
compile/STRUCT_R1/W6_Q04.stderr	169	0eb30d34aeda4b3e7527edf80d43c96dbfab47492289ec270941324c97c2bf89
compile/STRUCT_R1/W6_Q04.stdout	936	6ffcb7466f0f7ec679a24d6f0b1ccc48d222647ca7e9f6b1eeeaf71930fc08d8
compile/STRUCT_R1/W6_Q08.stderr	176	79fc34f1ebb72b4cdc6d619ba5f20f6622b956ee47e9a4b01b56507ee0b20322
compile/STRUCT_R1/W6_Q08.stdout	1540	e8bb9e84512bc92f203aaa0401c6b96823856b525b3f5bcc7776c4d7ea98ae2e
compile/STRUCT_R1/W6_Q16.stderr	177	708633033211278d4a2a307ecc6ef0289b977d5b396e300ea9b0e852d43e9515
compile/STRUCT_R1/W6_Q16.stdout	2748	3ec75b7ccbfde4300958e95117e04aac96d6e39fdf8abfd11508c42d0a32af98
compile/STRUCT_R1/W6_Q32.stderr	181	6f29b6965c49cbe979f675518c51d43eb36bb4f88e2e6edbd8cf67f2c624de20
compile/STRUCT_R1/W6_Q32.stdout	5164	2a7c090408675099e913a6fec3e269e6cd5c1952d34ae5cd48394c509b46420f
compile/STRUCT_R1/W7_Q01.stderr	165	f3ace76146c90ead611a20a9b41dbea897bdffb39d117185ad51f84edafd36b3
compile/STRUCT_R1/W7_Q01.stdout	411	53464fc8096383b10f36d1a1eb6fa83b354f21e416056611b17f3903d9090567
compile/STRUCT_R1/W7_Q02.stderr	169	ed71f932bfacc663eaf394de30f862004cc576da81812e59cbdf7e80896774b7
compile/STRUCT_R1/W7_Q02.stdout	538	c6872e766f8038eec42630ce445ea2c7d4d816c7a739ece4650cc6e12b900874
compile/STRUCT_R1/W7_Q04.stderr	169	a670e7d88017fb5450b8ab4292ac0ccafbb18ea8e9affb6a8c38b097306f78c6
compile/STRUCT_R1/W7_Q04.stdout	792	6b3b16a6ba5f91629e032e2582b90a2b6d3ce7879f8d9bbb9c2789d85cadcfcf
compile/STRUCT_R1/W7_Q08.stderr	177	c9fb2dcc77043a7d70c41cc007f216e142599c48c6bcec815e7d8697c8fbf058
compile/STRUCT_R1/W7_Q08.stdout	1300	98a2bf061325ded6e2ae264d00782994154a61e7dd4a9752b9ed0dfb889fad5f
compile/STRUCT_R1/W7_Q16.stderr	177	0466bf97332b08657f34f26c6af297b52edb97d026f6e3b122492e2ffb00fbea
compile/STRUCT_R1/W7_Q16.stdout	2316	450608f9af28658fa6f67c0823873203e5d98029818b9daf87da06c581dc6c24
compile/STRUCT_R1/W7_Q32.stderr	181	0b9061216b23bf53c660391d6822537aaf64bb095d09ea88ea3387cb5758565f
compile/STRUCT_R1/W7_Q32.stdout	4348	e33436e323df7210f30177f7632e4669a87db06552191fff4456d6f250008d9b
compile/STRUCT_R1/W8_Q01.stderr	178	f4817bb1b1d6d23e6f0a7c6f723feafaff541803ba5231569a6e00a4dbe95fa6
compile/STRUCT_R1/W8_Q01.stdout	6023	8b2f4010963eb28a95881291749af758eee430a0aae188cf70cf9ee742ba4158
compile/STRUCT_R1/W8_Q02.stderr	178	70e300f8ecb183b3e1c12b0add5dfacbf7e405855f5ec937ef24b232aa9feb11
compile/STRUCT_R1/W8_Q02.stdout	6148	2769792545914899f428f4db9123493dee0e3a880fafc31c11aa9fce58c39b33
compile/STRUCT_R1/W8_Q04.stderr	178	8500bd795c529e6a1f975d7518a52b9b4b809e64e8272a34a44210740a6116de
compile/STRUCT_R1/W8_Q04.stdout	6398	b4453e33aa3bcdb11f5fbf13dc96d2db5f99c15cc0ca126d18798b974a01fa4b
compile/STRUCT_R1/W8_Q08.stderr	178	62b0f61965875766cb5134e9ec0224d254c8e888912758a3043383ebafeaac9f
compile/STRUCT_R1/W8_Q08.stdout	6898	d481cbb48951cbae92ff4c5f0e775811da3227536d3ce4a22925ef3f36a4997c
compile/STRUCT_R1/W8_Q16.stderr	180	542a10da60d17fcf96d7c2378e5eec0baebb3e40ea1740229b1bf17994d16003
compile/STRUCT_R1/W8_Q16.stdout	7898	4b8c26725fb2505a1b55a17e7b315bf0e1a4f03d29bb1fc6a3d25e6bdf0573a3
compile/STRUCT_R1/W8_Q32.stderr	182	274e5733c6ed793416467cdf79d01e312a99a11f68fcf3d1b48c5c8722b6dcce
compile/STRUCT_R1/W8_Q32.stdout	9898	1b96a2c6c3a2afa15aae1fd30b625b802232822f470582a121cadbb61f2b9334
compile/STRUCT_R2/W1.stderr	165	146f1f4d63c9e7c92c7e14dfe5edff9520375c9b9595765bb0006718b32ee16a
compile/STRUCT_R2/W1.stdout	475	bb49810c172da6d2fc12d9c748d47139c665618ffdde916a71b41ca5f58da643
compile/STRUCT_R2/W2_Q01.stderr	165	146f1f4d63c9e7c92c7e14dfe5edff9520375c9b9595765bb0006718b32ee16a
compile/STRUCT_R2/W2_Q01.stdout	483	bdbe5cea209fafaf66716137992a48e6d5d5ac608e3951eb5036fb6b43e36472
compile/STRUCT_R2/W2_Q02.stderr	169	3fd8e215e41f6e442e1baf452c41f8e1531dca96a88015bd9a0ca38d1eb0f191
compile/STRUCT_R2/W2_Q02.stdout	634	447c9d69d0dbdc4d4bc1a71555e33a9e4e319e994cd9e46fa45944f17dada330
compile/STRUCT_R2/W2_Q04.stderr	169	0eb30d34aeda4b3e7527edf80d43c96dbfab47492289ec270941324c97c2bf89
compile/STRUCT_R2/W2_Q04.stdout	936	63c038f27b8dced8562f80490e0e56ec28843fa8cd292c037babdc448e2e76e6
compile/STRUCT_R2/W2_Q08.stderr	176	79fc34f1ebb72b4cdc6d619ba5f20f6622b956ee47e9a4b01b56507ee0b20322
compile/STRUCT_R2/W2_Q08.stdout	1540	6ecdbc54f536b1f1a944a934036f550d82aa8ee893811a2e631347e3d5e1aea9
compile/STRUCT_R2/W2_Q16.stderr	177	708633033211278d4a2a307ecc6ef0289b977d5b396e300ea9b0e852d43e9515
compile/STRUCT_R2/W2_Q16.stdout	2748	efd59d6c48f1a537ce09f3099b4a3ac25e3d86b8c0ad90798745cee88d7df1ba
compile/STRUCT_R2/W2_Q32.stderr	181	6f29b6965c49cbe979f675518c51d43eb36bb4f88e2e6edbd8cf67f2c624de20
compile/STRUCT_R2/W2_Q32.stdout	5164	04864b2a58d59db1475b0c028e792ac71e2c57b17afc921854a15fbb6d37dcd8
compile/STRUCT_R2/W3_d1.stderr	176	79fc34f1ebb72b4cdc6d619ba5f20f6622b956ee47e9a4b01b56507ee0b20322
compile/STRUCT_R2/W3_d1.stdout	1540	f221f55c2fb4be1cfdc0961021484951ed9f2632f3b8e91fcac1b5a0faef138c
compile/STRUCT_R2/W3_d2.stderr	176	b7381a18d46b82484537476cf54fb40b97209ff67592b195bcb99c5b5bcf18ae
compile/STRUCT_R2/W3_d2.stdout	2563	006c6957d0e457dd072094ca1710e62a9cc3c61e5c42d5b3ebd2ccdd1b369593
compile/STRUCT_R2/W3_d3.stderr	177	ebf56a26cde09f312c51634a674aed2c7feb580cbaab16c826135b03e0f5f05e
compile/STRUCT_R2/W3_d3.stdout	3870	ed6aa8e3f069de0d956fe5c6bd425f231d232fc2f8a657369cd917d64974d7aa
compile/STRUCT_R2/W4_Q01.stderr	169	b3515ad306a88dfcf7cf12d27de2f0e1c0e594378f5188633222e3aae74bf255
compile/STRUCT_R2/W4_Q01.stdout	837	46db3f12bb1361c015f924cd8db08e5ce86ae800060728c535a345a356e2bae1
compile/STRUCT_R2/W4_Q02.stderr	173	e6d91799843059ae751f42b5bcad07b30344bf16792ca3078033c87ce2474792
compile/STRUCT_R2/W4_Q02.stdout	1342	13a60d7eb1d70748af55622f636c3010df949f6af2b7fa638f6a0901acb466dc
compile/STRUCT_R2/W4_Q04.stderr	173	f0cbc69ce4b28b977f60b60629406bea6cd9991b7d3301b220cdcaeb7016a989
compile/STRUCT_R2/W4_Q04.stdout	2352	9f8aeba07bb558da375433a40d1e38dd4f89dbd0e45757138d31773bb770eff5
compile/STRUCT_R2/W4_Q08.stderr	181	9b6e588fe43127242a7946c00809458fd354a0ff92458d75fe05653007cfe3e5
compile/STRUCT_R2/W4_Q08.stdout	4372	e2b6fd1213cb38209621956fc2c7b83e998a8c643f6daa96081017a522cc33a9
compile/STRUCT_R2/W4_Q16.stderr	181	0a65a144807b5750d8b4efd978b725e1f1876307584a06992d5bb7dd6d592738
compile/STRUCT_R2/W4_Q16.stdout	8412	a2892b10d3dbb60ff97eadd84792af382892a0fa291b97f3f29a75900da61d4a
compile/STRUCT_R2/W4_Q32.stderr	185	a206949b129dea08d25efc809caab854255010610bb3aa6fc7d4c7ac80692ae7
compile/STRUCT_R2/W4_Q32.stdout	16492	c1e66022801c7edbe2c79d7f2bc89a80ebc90d6dbb322a8808422c6c1af1455d
compile/STRUCT_R2/W5_Q01.stderr	165	b4294804e6807226dd23099e2160749772d15f75d87e1775e62acf96eef65e5e
compile/STRUCT_R2/W5_Q01.stdout	234	f8348c8d8c0f335805add7fb0ea37c536e0b7765a9fc006e19db29cab4ac649a
compile/STRUCT_R2/W5_Q02.stderr	165	4e12fa230e18577078e0d89d341417e4163408aca37666f124b9188071cb9b2e
compile/STRUCT_R2/W5_Q02.stdout	436	3cbc079369b97a7e464efff89884ada901865ba2d112d30e3d1dd0d38622c6e1
compile/STRUCT_R2/W5_Q04.stderr	173	952627053b75fb4886b07301be081641eeac7e2a6c835728d77b5b484f660cb8
compile/STRUCT_R2/W5_Q04.stdout	840	dee8d8a78cd02c5099ee650b9a9a528b8d5f32142137f21481746b25febda096
compile/STRUCT_R2/W5_Q08.stderr	173	962c4af87e23c32b85edcd114e138d5110a53705bf441511c0c7550b9fc8ac6b
compile/STRUCT_R2/W5_Q08.stdout	1648	03545f0f69c4f7765b6208ecff68171e769ef2d416cb1862853756944495e2f3
compile/STRUCT_R2/W5_Q16.stderr	177	62e355b8d10da1953a0fcc342426320b37a32da5dec64bb20884eeef6dc05fae
compile/STRUCT_R2/W5_Q16.stdout	3264	5c9b6efca751b4fef38ea1baa2bdcdebb372aeb5a5e14eaf340759689499d419
compile/STRUCT_R2/W5_Q32.stderr	177	0fb83b00765f1250e4ab1917b94511d6087310b82d1540635fb54e4d08768920
compile/STRUCT_R2/W5_Q32.stdout	6496	9221ec04aded1f42ed8fad92e7794edde14771148c8288f10a55cad5706fa3e7
compile/STRUCT_R2/W6_Q01.stderr	165	146f1f4d63c9e7c92c7e14dfe5edff9520375c9b9595765bb0006718b32ee16a
compile/STRUCT_R2/W6_Q01.stdout	483	fb3b232aa4d72f5f2974c28abb7928277a7be4b283571e850d3b64dd3cdf7d4d
compile/STRUCT_R2/W6_Q02.stderr	169	3fd8e215e41f6e442e1baf452c41f8e1531dca96a88015bd9a0ca38d1eb0f191
compile/STRUCT_R2/W6_Q02.stdout	634	259e45e1ccc1ed62f6f15db36e5f0a97e1c8b5857dbbb4e52b62908660d3c136
compile/STRUCT_R2/W6_Q04.stderr	169	0eb30d34aeda4b3e7527edf80d43c96dbfab47492289ec270941324c97c2bf89
compile/STRUCT_R2/W6_Q04.stdout	936	6ffcb7466f0f7ec679a24d6f0b1ccc48d222647ca7e9f6b1eeeaf71930fc08d8
compile/STRUCT_R2/W6_Q08.stderr	176	79fc34f1ebb72b4cdc6d619ba5f20f6622b956ee47e9a4b01b56507ee0b20322
compile/STRUCT_R2/W6_Q08.stdout	1540	e8bb9e84512bc92f203aaa0401c6b96823856b525b3f5bcc7776c4d7ea98ae2e
compile/STRUCT_R2/W6_Q16.stderr	177	708633033211278d4a2a307ecc6ef0289b977d5b396e300ea9b0e852d43e9515
compile/STRUCT_R2/W6_Q16.stdout	2748	3ec75b7ccbfde4300958e95117e04aac96d6e39fdf8abfd11508c42d0a32af98
compile/STRUCT_R2/W6_Q32.stderr	181	6f29b6965c49cbe979f675518c51d43eb36bb4f88e2e6edbd8cf67f2c624de20
compile/STRUCT_R2/W6_Q32.stdout	5164	2a7c090408675099e913a6fec3e269e6cd5c1952d34ae5cd48394c509b46420f
compile/STRUCT_R2/W7_Q01.stderr	165	f3ace76146c90ead611a20a9b41dbea897bdffb39d117185ad51f84edafd36b3
compile/STRUCT_R2/W7_Q01.stdout	411	53464fc8096383b10f36d1a1eb6fa83b354f21e416056611b17f3903d9090567
compile/STRUCT_R2/W7_Q02.stderr	169	ed71f932bfacc663eaf394de30f862004cc576da81812e59cbdf7e80896774b7
compile/STRUCT_R2/W7_Q02.stdout	538	c6872e766f8038eec42630ce445ea2c7d4d816c7a739ece4650cc6e12b900874
compile/STRUCT_R2/W7_Q04.stderr	169	a670e7d88017fb5450b8ab4292ac0ccafbb18ea8e9affb6a8c38b097306f78c6
compile/STRUCT_R2/W7_Q04.stdout	792	6b3b16a6ba5f91629e032e2582b90a2b6d3ce7879f8d9bbb9c2789d85cadcfcf
compile/STRUCT_R2/W7_Q08.stderr	177	c9fb2dcc77043a7d70c41cc007f216e142599c48c6bcec815e7d8697c8fbf058
compile/STRUCT_R2/W7_Q08.stdout	1300	98a2bf061325ded6e2ae264d00782994154a61e7dd4a9752b9ed0dfb889fad5f
compile/STRUCT_R2/W7_Q16.stderr	177	0466bf97332b08657f34f26c6af297b52edb97d026f6e3b122492e2ffb00fbea
compile/STRUCT_R2/W7_Q16.stdout	2316	450608f9af28658fa6f67c0823873203e5d98029818b9daf87da06c581dc6c24
compile/STRUCT_R2/W7_Q32.stderr	181	0b9061216b23bf53c660391d6822537aaf64bb095d09ea88ea3387cb5758565f
compile/STRUCT_R2/W7_Q32.stdout	4348	e33436e323df7210f30177f7632e4669a87db06552191fff4456d6f250008d9b
compile/STRUCT_R2/W8_Q01.stderr	178	86a09d3608439f81b01038244e508a89b1d88b4dcd4fd5ce3ef850f7d5b43243
compile/STRUCT_R2/W8_Q01.stdout	6168	ff539a95799535af25749fb473001127cd232e7386a18115ebbc61387ceca6a6
compile/STRUCT_R2/W8_Q02.stderr	178	6366740b39cbbdfe2606c2a88546ad0a9152de2e9562a79022e2135a6a12d9b2
compile/STRUCT_R2/W8_Q02.stdout	6322	5b9ec73668753e6cb16da0704c8eb762adfee347dc1fed7b776a993732706f38
compile/STRUCT_R2/W8_Q04.stderr	178	7ab9fe3aab41dfa0e0ff75f159dac6d513b89e6efc08df5ac45869a6090b2c68
compile/STRUCT_R2/W8_Q04.stdout	6630	520ca681eb106c2fd1fb3c11a2497c6162f614ae45472dfe84d97d8e82d7cef2
compile/STRUCT_R2/W8_Q08.stderr	178	93561ece7b58310e93655af74107484e286918ea3592a2620b3f6da0f8bd8c77
compile/STRUCT_R2/W8_Q08.stdout	7246	a797b7b6f5e884fa32e85ad11c8ea3fb35013fd0e23e324e1f36d5298771e1e1
compile/STRUCT_R2/W8_Q16.stderr	179	3c5dcd3fdfabf5996574c6ef60ba80ec24cd6eb4efb85cbd39f11de12422a69f
compile/STRUCT_R2/W8_Q16.stdout	8478	08de94021ae087225f43ef216e2c454eff5d89a7ea9dae103be143f8984919ff
compile/STRUCT_R2/W8_Q32.stderr	184	929d68ac3b39f7c53fc23161d23999d42f16f7553c9bc5e4fc3e0047ba154e6e
compile/STRUCT_R2/W8_Q32.stdout	10942	ea218c0dd019c1846c649a59d9f372ee70bdb1a75a98ce2de533831979cfaa9e
profiles/build-ALGSTRUCT.log	176	9a0d540997d76da8b7eed2f2a59f00706da466df4b82e65c5a12d92fd08560ae
profiles/build-OFF.log	176	9a0d540997d76da8b7eed2f2a59f00706da466df4b82e65c5a12d92fd08560ae
profiles/build-STRUCT.log	176	9a0d540997d76da8b7eed2f2a59f00706da466df4b82e65c5a12d92fd08560ae
profiles/build-STRUCT_R1.log	176	9a0d540997d76da8b7eed2f2a59f00706da466df4b82e65c5a12d92fd08560ae
profiles/build-STRUCT_R2.log	176	9a0d540997d76da8b7eed2f2a59f00706da466df4b82e65c5a12d92fd08560ae
profiles/build-info-ALGSTRUCT.txt	151	6d4ca343b77adbfa314d490f38b31b61c0d9ae6fb4a761cb715b7f79cf2eb66b
profiles/build-info-OFF.txt	155	be4c60cb144139deb2c33ef3515c918e79ef7e9a48db9968c51691aded613d6b
profiles/build-info-STRUCT.txt	153	b3f50fc0455dd99812fe787f9051d29511ab5cb119e0d5785cd2d77f7af2835e
profiles/build-info-STRUCT_R1.txt	152	d3f8b9593e3948cb0352130e8f4ca89670754bc6af44b46b47c814d9420a76ab
profiles/build-info-STRUCT_R2.txt	152	2a00785ffbd811ac1e905813a2b73c2eb7e3fed08e78b3d545cac3a8df246dd3
profiles/cmake-ALGSTRUCT.log	2822	4ddfcb21e780df1bb73deeaa8269e3bd5a1dcf4405b251cd8fb522504fb26177
profiles/cmake-OFF.log	2808	82ee094ca20ee486b5544801f20d3575c91f2cb09f9f57182c69e0de03180b3f
profiles/cmake-STRUCT.log	2815	0c23e78e09752db332c6b88cefb24122232770006b72168f171f262a1d6f34ae
profiles/cmake-STRUCT_R1.log	2823	ad1d0fc8e80560ea41f05824e652eda46fd3022f34ea71ff60fecc6e91049351
profiles/cmake-STRUCT_R2.log	2823	5cc67b471fa566390c008af64911c2ba0816edbaa074677f79dbb2803b9c2506
profiles/conan-install.log	5970	d96b1705ddb4012b7613602a52bf4efdf7cfac5b5bc3bd13f95e08bbc85a7be4
profiles/ctest-ALGSTRUCT.log	1490	f1673de35296c6940f80cc07319b5c59591af7f0e2d855f3899e94d3873bd9d7
profiles/ctest-OFF.log	1484	3994b91821db22342153f31a5413834ab3419de7bd0c015a003913a7e837e0cf
profiles/ctest-STRUCT.log	1487	383e0bb183aae626bc8622cb8d02d496c9b2450187c610347b289888dbfba741
profiles/ctest-STRUCT_R1.log	1490	d63a34ed1b6422c9a25203d8984255348f5638c9b7f5b54f4e03f1a7103fdd09
profiles/ctest-STRUCT_R2.log	1490	85326f5f6f47b088854e264e388e40d2a9a2da9f8132632c7b1168e9b7ee33cb
semantic/W1/ALGSTRUCT/A.desc	47	5787acced769f970ba7f750893bcaa9b5561a220ea42b224db71f7abd71c4dfa
semantic/W1/ALGSTRUCT/B.desc	47	f8f7b0f4c2423653c82e5af23efa0ea0d5e86fb7f932478b7f092ba3faf1a909
semantic/W1/ALGSTRUCT/STREAM_HASH_A_B.desc	43	91fa2aec6956910a282e26f8f428ec61448ae55aa3da815f9b270b5f0c8c0033
semantic/W1/ALGSTRUCT/STREAM_HASH_A_B.meta	26	581e745803c8cdce28b131d061899778b213b6f59e1db17e2222fb06b3a0b3b7
semantic/W1/ALGSTRUCT/w1_out	576	db914d13d5437de21a5752c8f47b8ec7170b7e9ca789139de50e2cc924d8f9a1
semantic/W1/ALGSTRUCT/w1_out.desc	17	108c7a9f011f52dada1fca907b8925712d2f1c57a40c6e26c9930be62d5f01fd
semantic/W1/ALGSTRUCT/w1_out.meta	26	7eb97e4f0c96496a651ccf94f23d8969cd70a0858abb8b1b996ee9f52c8b5690
semantic/W1/ALGSTRUCT/w1_out.shadow	0	e3b0c44298fc1c149afbf4c8996fb92427ae41e4649b934ca495991b7852b855
semantic/W1/STRUCT/A.desc	47	5787acced769f970ba7f750893bcaa9b5561a220ea42b224db71f7abd71c4dfa
semantic/W1/STRUCT/B.desc	47	f8f7b0f4c2423653c82e5af23efa0ea0d5e86fb7f932478b7f092ba3faf1a909
semantic/W1/STRUCT/STREAM_TIMEMOVE_A.desc	43	91fa2aec6956910a282e26f8f428ec61448ae55aa3da815f9b270b5f0c8c0033
semantic/W1/STRUCT/STREAM_TIMEMOVE_A.meta	26	3ab3246c30c31cae7027d7e39ae335ea0e73128c4dd96ba51d863aa1488eae94
semantic/W1/STRUCT/STREAM_TIMEMOVE_B.desc	43	91fa2aec6956910a282e26f8f428ec61448ae55aa3da815f9b270b5f0c8c0033
semantic/W1/STRUCT/STREAM_TIMEMOVE_B.meta	26	855a4f2aa1a112179a371ce85dbc959ee330785c851599638d1b0889e10f6943
semantic/W1/STRUCT/w1_out	576	db914d13d5437de21a5752c8f47b8ec7170b7e9ca789139de50e2cc924d8f9a1
semantic/W1/STRUCT/w1_out.desc	17	108c7a9f011f52dada1fca907b8925712d2f1c57a40c6e26c9930be62d5f01fd
semantic/W1/STRUCT/w1_out.meta	26	b74a4dddac4ba90b9d528c0edf042d3cd30e149b9cbd71fba665aaf844c7ebbf
semantic/W1/STRUCT/w1_out.shadow	0	e3b0c44298fc1c149afbf4c8996fb92427ae41e4649b934ca495991b7852b855
semantic/W2_Q01/ALGSTRUCT/A.desc	47	5787acced769f970ba7f750893bcaa9b5561a220ea42b224db71f7abd71c4dfa
semantic/W2_Q01/ALGSTRUCT/B.desc	47	f8f7b0f4c2423653c82e5af23efa0ea0d5e86fb7f932478b7f092ba3faf1a909
semantic/W2_Q01/ALGSTRUCT/STREAM_HASH_A_B.desc	43	91fa2aec6956910a282e26f8f428ec61448ae55aa3da815f9b270b5f0c8c0033
semantic/W2_Q01/ALGSTRUCT/STREAM_HASH_A_B.meta	26	2e8bc80ef16833af2158b0bcd330ca3fd3e72a28c4a16bba8e790b57ade47bbc
semantic/W2_Q01/ALGSTRUCT/w2_out_000	576	db914d13d5437de21a5752c8f47b8ec7170b7e9ca789139de50e2cc924d8f9a1
semantic/W2_Q01/ALGSTRUCT/w2_out_000.desc	17	108c7a9f011f52dada1fca907b8925712d2f1c57a40c6e26c9930be62d5f01fd
semantic/W2_Q01/ALGSTRUCT/w2_out_000.meta	26	43eebe8d5310de8ee23b4585f088f4545333a765e36f036483475881b2f550c4
semantic/W2_Q01/ALGSTRUCT/w2_out_000.shadow	0	e3b0c44298fc1c149afbf4c8996fb92427ae41e4649b934ca495991b7852b855
semantic/W2_Q01/STRUCT/A.desc	47	5787acced769f970ba7f750893bcaa9b5561a220ea42b224db71f7abd71c4dfa
semantic/W2_Q01/STRUCT/B.desc	47	f8f7b0f4c2423653c82e5af23efa0ea0d5e86fb7f932478b7f092ba3faf1a909
semantic/W2_Q01/STRUCT/STREAM_TIMEMOVE_A.desc	43	91fa2aec6956910a282e26f8f428ec61448ae55aa3da815f9b270b5f0c8c0033
semantic/W2_Q01/STRUCT/STREAM_TIMEMOVE_A.meta	26	4ea352ed01140f783def31a429905dd76c23a70e0c503e91ba6b3ed8347e0690
semantic/W2_Q01/STRUCT/STREAM_TIMEMOVE_B.desc	43	91fa2aec6956910a282e26f8f428ec61448ae55aa3da815f9b270b5f0c8c0033
semantic/W2_Q01/STRUCT/STREAM_TIMEMOVE_B.meta	26	1b02c11d5a26795a4c382d8c9e593e818df1af533ad46c2e2ce69fc713d24b73
semantic/W2_Q01/STRUCT/w2_out_000	576	db914d13d5437de21a5752c8f47b8ec7170b7e9ca789139de50e2cc924d8f9a1
semantic/W2_Q01/STRUCT/w2_out_000.desc	17	108c7a9f011f52dada1fca907b8925712d2f1c57a40c6e26c9930be62d5f01fd
semantic/W2_Q01/STRUCT/w2_out_000.meta	26	86a1d0313cb651a43ab56dacf849c0be94615ac7cc53661362115925ef29d0f4
semantic/W2_Q01/STRUCT/w2_out_000.shadow	0	e3b0c44298fc1c149afbf4c8996fb92427ae41e4649b934ca495991b7852b855
semantic/W2_Q02/ALGSTRUCT/A.desc	47	5787acced769f970ba7f750893bcaa9b5561a220ea42b224db71f7abd71c4dfa
semantic/W2_Q02/ALGSTRUCT/B.desc	47	f8f7b0f4c2423653c82e5af23efa0ea0d5e86fb7f932478b7f092ba3faf1a909
semantic/W2_Q02/ALGSTRUCT/STREAM_HASH_A_B.desc	43	91fa2aec6956910a282e26f8f428ec61448ae55aa3da815f9b270b5f0c8c0033
semantic/W2_Q02/ALGSTRUCT/STREAM_HASH_A_B.meta	26	3f0a089ea0e8375ed10364fafb00d513add7b9869e070d28afd250333658fc92
semantic/W2_Q02/ALGSTRUCT/w2_out_000	576	db914d13d5437de21a5752c8f47b8ec7170b7e9ca789139de50e2cc924d8f9a1
semantic/W2_Q02/ALGSTRUCT/w2_out_000.desc	17	108c7a9f011f52dada1fca907b8925712d2f1c57a40c6e26c9930be62d5f01fd
semantic/W2_Q02/ALGSTRUCT/w2_out_000.meta	26	0618a2176363b9860d8ea920f0f0737c6f5aaaa7e580796bef6eef8a4599639d
semantic/W2_Q02/ALGSTRUCT/w2_out_000.shadow	0	e3b0c44298fc1c149afbf4c8996fb92427ae41e4649b934ca495991b7852b855
semantic/W2_Q02/ALGSTRUCT/w2_out_001	576	db914d13d5437de21a5752c8f47b8ec7170b7e9ca789139de50e2cc924d8f9a1
semantic/W2_Q02/ALGSTRUCT/w2_out_001.desc	17	108c7a9f011f52dada1fca907b8925712d2f1c57a40c6e26c9930be62d5f01fd
semantic/W2_Q02/ALGSTRUCT/w2_out_001.meta	26	47c3dab22dbabde0fd39d0ba2fdf75aa521bbd49a027357ed6d9dd4a1c8e370f
semantic/W2_Q02/ALGSTRUCT/w2_out_001.shadow	0	e3b0c44298fc1c149afbf4c8996fb92427ae41e4649b934ca495991b7852b855
semantic/W2_Q02/STRUCT/A.desc	47	5787acced769f970ba7f750893bcaa9b5561a220ea42b224db71f7abd71c4dfa
semantic/W2_Q02/STRUCT/B.desc	47	f8f7b0f4c2423653c82e5af23efa0ea0d5e86fb7f932478b7f092ba3faf1a909
semantic/W2_Q02/STRUCT/STREAM_TIMEMOVE_A.desc	43	91fa2aec6956910a282e26f8f428ec61448ae55aa3da815f9b270b5f0c8c0033
semantic/W2_Q02/STRUCT/STREAM_TIMEMOVE_A.meta	26	9f4154e4c138bf5843102abf97bccbf95dee1664bb1da6d4db97f36a4a69d589
semantic/W2_Q02/STRUCT/STREAM_TIMEMOVE_B.desc	43	91fa2aec6956910a282e26f8f428ec61448ae55aa3da815f9b270b5f0c8c0033
semantic/W2_Q02/STRUCT/STREAM_TIMEMOVE_B.meta	26	7f91a2b9d9c3215d929128d2a5a478b20f48eef87e1174f1a615361f663decfd
semantic/W2_Q02/STRUCT/w2_out_000	576	db914d13d5437de21a5752c8f47b8ec7170b7e9ca789139de50e2cc924d8f9a1
semantic/W2_Q02/STRUCT/w2_out_000.desc	17	108c7a9f011f52dada1fca907b8925712d2f1c57a40c6e26c9930be62d5f01fd
semantic/W2_Q02/STRUCT/w2_out_000.meta	26	8244efe3c769569c797c2d00ecba48a66d2db509c84d00636b3cea0b995fc8ec
semantic/W2_Q02/STRUCT/w2_out_000.shadow	0	e3b0c44298fc1c149afbf4c8996fb92427ae41e4649b934ca495991b7852b855
semantic/W2_Q02/STRUCT/w2_out_001	576	db914d13d5437de21a5752c8f47b8ec7170b7e9ca789139de50e2cc924d8f9a1
semantic/W2_Q02/STRUCT/w2_out_001.desc	17	108c7a9f011f52dada1fca907b8925712d2f1c57a40c6e26c9930be62d5f01fd
semantic/W2_Q02/STRUCT/w2_out_001.meta	26	0ac94e6627bf515f10f62a57a27dd5b8227c317fa3b90fd4ef5092939f69db94
semantic/W2_Q02/STRUCT/w2_out_001.shadow	0	e3b0c44298fc1c149afbf4c8996fb92427ae41e4649b934ca495991b7852b855
semantic/W2_Q04/ALGSTRUCT/A.desc	47	5787acced769f970ba7f750893bcaa9b5561a220ea42b224db71f7abd71c4dfa
semantic/W2_Q04/ALGSTRUCT/B.desc	47	f8f7b0f4c2423653c82e5af23efa0ea0d5e86fb7f932478b7f092ba3faf1a909
semantic/W2_Q04/ALGSTRUCT/STREAM_HASH_A_B.desc	43	91fa2aec6956910a282e26f8f428ec61448ae55aa3da815f9b270b5f0c8c0033
semantic/W2_Q04/ALGSTRUCT/STREAM_HASH_A_B.meta	26	c558aab8143653ee03cdfd3832e4dc3dcde8e8c54c6afaee2027fa3a0d170b3a
semantic/W2_Q04/ALGSTRUCT/w2_out_000	576	db914d13d5437de21a5752c8f47b8ec7170b7e9ca789139de50e2cc924d8f9a1
semantic/W2_Q04/ALGSTRUCT/w2_out_000.desc	17	108c7a9f011f52dada1fca907b8925712d2f1c57a40c6e26c9930be62d5f01fd
semantic/W2_Q04/ALGSTRUCT/w2_out_000.meta	26	2d62a2ee7ce6abaab49ab7975a2e8a243241e01940d74e97c1522c4652992d51
semantic/W2_Q04/ALGSTRUCT/w2_out_000.shadow	0	e3b0c44298fc1c149afbf4c8996fb92427ae41e4649b934ca495991b7852b855
semantic/W2_Q04/ALGSTRUCT/w2_out_001	576	db914d13d5437de21a5752c8f47b8ec7170b7e9ca789139de50e2cc924d8f9a1
semantic/W2_Q04/ALGSTRUCT/w2_out_001.desc	17	108c7a9f011f52dada1fca907b8925712d2f1c57a40c6e26c9930be62d5f01fd
semantic/W2_Q04/ALGSTRUCT/w2_out_001.meta	26	c292d5660e4af809c1c2b923c1f7e4a683b022a2c77f4f5d97ec3777dba7f591
semantic/W2_Q04/ALGSTRUCT/w2_out_001.shadow	0	e3b0c44298fc1c149afbf4c8996fb92427ae41e4649b934ca495991b7852b855
semantic/W2_Q04/ALGSTRUCT/w2_out_002	576	db914d13d5437de21a5752c8f47b8ec7170b7e9ca789139de50e2cc924d8f9a1
semantic/W2_Q04/ALGSTRUCT/w2_out_002.desc	17	108c7a9f011f52dada1fca907b8925712d2f1c57a40c6e26c9930be62d5f01fd
semantic/W2_Q04/ALGSTRUCT/w2_out_002.meta	26	c5445a8692cb299bb2a063f58849feec4e89100b015c16dbddda80ff822507fb
semantic/W2_Q04/ALGSTRUCT/w2_out_002.shadow	0	e3b0c44298fc1c149afbf4c8996fb92427ae41e4649b934ca495991b7852b855
semantic/W2_Q04/ALGSTRUCT/w2_out_003	576	db914d13d5437de21a5752c8f47b8ec7170b7e9ca789139de50e2cc924d8f9a1
semantic/W2_Q04/ALGSTRUCT/w2_out_003.desc	17	108c7a9f011f52dada1fca907b8925712d2f1c57a40c6e26c9930be62d5f01fd
semantic/W2_Q04/ALGSTRUCT/w2_out_003.meta	26	69d017c5445d0c668e85bd67aeb461b8bbcb922448f9dbb659b3c658488d7edc
semantic/W2_Q04/ALGSTRUCT/w2_out_003.shadow	0	e3b0c44298fc1c149afbf4c8996fb92427ae41e4649b934ca495991b7852b855
semantic/W2_Q04/STRUCT/A.desc	47	5787acced769f970ba7f750893bcaa9b5561a220ea42b224db71f7abd71c4dfa
semantic/W2_Q04/STRUCT/B.desc	47	f8f7b0f4c2423653c82e5af23efa0ea0d5e86fb7f932478b7f092ba3faf1a909
semantic/W2_Q04/STRUCT/STREAM_TIMEMOVE_A.desc	43	91fa2aec6956910a282e26f8f428ec61448ae55aa3da815f9b270b5f0c8c0033
semantic/W2_Q04/STRUCT/STREAM_TIMEMOVE_A.meta	26	ae244e548a619176cd702bcc6787fd97a13c9e8a42b51172e237b2b7d8c4ff0b
semantic/W2_Q04/STRUCT/STREAM_TIMEMOVE_B.desc	43	91fa2aec6956910a282e26f8f428ec61448ae55aa3da815f9b270b5f0c8c0033
semantic/W2_Q04/STRUCT/STREAM_TIMEMOVE_B.meta	26	fa9eba4c0ef39d2c34d988e2b7b0ca66d2a4f9c1735d43ec8167fd6f84d8daa8
semantic/W2_Q04/STRUCT/w2_out_000	576	db914d13d5437de21a5752c8f47b8ec7170b7e9ca789139de50e2cc924d8f9a1
semantic/W2_Q04/STRUCT/w2_out_000.desc	17	108c7a9f011f52dada1fca907b8925712d2f1c57a40c6e26c9930be62d5f01fd
semantic/W2_Q04/STRUCT/w2_out_000.meta	26	642650204c723799d2141ba41a3394cc98db2127c95283086de96c22e9722fa9
semantic/W2_Q04/STRUCT/w2_out_000.shadow	0	e3b0c44298fc1c149afbf4c8996fb92427ae41e4649b934ca495991b7852b855
semantic/W2_Q04/STRUCT/w2_out_001	576	db914d13d5437de21a5752c8f47b8ec7170b7e9ca789139de50e2cc924d8f9a1
semantic/W2_Q04/STRUCT/w2_out_001.desc	17	108c7a9f011f52dada1fca907b8925712d2f1c57a40c6e26c9930be62d5f01fd
semantic/W2_Q04/STRUCT/w2_out_001.meta	26	7170cb59317fdb10f1d42cea654f41cd14be39f93300a84abe663fbfef7e6edc
semantic/W2_Q04/STRUCT/w2_out_001.shadow	0	e3b0c44298fc1c149afbf4c8996fb92427ae41e4649b934ca495991b7852b855
semantic/W2_Q04/STRUCT/w2_out_002	576	db914d13d5437de21a5752c8f47b8ec7170b7e9ca789139de50e2cc924d8f9a1
semantic/W2_Q04/STRUCT/w2_out_002.desc	17	108c7a9f011f52dada1fca907b8925712d2f1c57a40c6e26c9930be62d5f01fd
semantic/W2_Q04/STRUCT/w2_out_002.meta	26	cd023174878912204e344fa2501975c7283bccb559553a44b9bc1a62b4f73d57
semantic/W2_Q04/STRUCT/w2_out_002.shadow	0	e3b0c44298fc1c149afbf4c8996fb92427ae41e4649b934ca495991b7852b855
semantic/W2_Q04/STRUCT/w2_out_003	576	db914d13d5437de21a5752c8f47b8ec7170b7e9ca789139de50e2cc924d8f9a1
semantic/W2_Q04/STRUCT/w2_out_003.desc	17	108c7a9f011f52dada1fca907b8925712d2f1c57a40c6e26c9930be62d5f01fd
semantic/W2_Q04/STRUCT/w2_out_003.meta	26	311d786fcd8c25e2174d618561ce5ed540b6353d4aa91a43b1180242542f9c44
semantic/W2_Q04/STRUCT/w2_out_003.shadow	0	e3b0c44298fc1c149afbf4c8996fb92427ae41e4649b934ca495991b7852b855
semantic/W2_Q08/ALGSTRUCT/A.desc	47	5787acced769f970ba7f750893bcaa9b5561a220ea42b224db71f7abd71c4dfa
semantic/W2_Q08/ALGSTRUCT/B.desc	47	f8f7b0f4c2423653c82e5af23efa0ea0d5e86fb7f932478b7f092ba3faf1a909
semantic/W2_Q08/ALGSTRUCT/STREAM_HASH_A_B.desc	43	91fa2aec6956910a282e26f8f428ec61448ae55aa3da815f9b270b5f0c8c0033
semantic/W2_Q08/ALGSTRUCT/STREAM_HASH_A_B.meta	26	3296972863e366d69c8d79d8abe434c6282f7051ee895a934f06a22db2ae2ece
semantic/W2_Q08/ALGSTRUCT/w2_out_000	576	db914d13d5437de21a5752c8f47b8ec7170b7e9ca789139de50e2cc924d8f9a1
semantic/W2_Q08/ALGSTRUCT/w2_out_000.desc	17	108c7a9f011f52dada1fca907b8925712d2f1c57a40c6e26c9930be62d5f01fd
semantic/W2_Q08/ALGSTRUCT/w2_out_000.meta	26	e2266314fef22604327f525bb72f15499c29d46077cb1d6a662fe75c87cffaf4
semantic/W2_Q08/ALGSTRUCT/w2_out_000.shadow	0	e3b0c44298fc1c149afbf4c8996fb92427ae41e4649b934ca495991b7852b855
semantic/W2_Q08/ALGSTRUCT/w2_out_001	576	db914d13d5437de21a5752c8f47b8ec7170b7e9ca789139de50e2cc924d8f9a1
semantic/W2_Q08/ALGSTRUCT/w2_out_001.desc	17	108c7a9f011f52dada1fca907b8925712d2f1c57a40c6e26c9930be62d5f01fd
semantic/W2_Q08/ALGSTRUCT/w2_out_001.meta	26	8f356e15178eceb228cead210ee0e0f9c27c0ab8b9e28315b7024669389c5feb
semantic/W2_Q08/ALGSTRUCT/w2_out_001.shadow	0	e3b0c44298fc1c149afbf4c8996fb92427ae41e4649b934ca495991b7852b855
semantic/W2_Q08/ALGSTRUCT/w2_out_002	576	db914d13d5437de21a5752c8f47b8ec7170b7e9ca789139de50e2cc924d8f9a1
semantic/W2_Q08/ALGSTRUCT/w2_out_002.desc	17	108c7a9f011f52dada1fca907b8925712d2f1c57a40c6e26c9930be62d5f01fd
semantic/W2_Q08/ALGSTRUCT/w2_out_002.meta	26	120f85fcbfa333badc5d8a7d6947fa5f0ae4cd40ac17a7b994e2bc1aa8dec1a3
semantic/W2_Q08/ALGSTRUCT/w2_out_002.shadow	0	e3b0c44298fc1c149afbf4c8996fb92427ae41e4649b934ca495991b7852b855
semantic/W2_Q08/ALGSTRUCT/w2_out_003	576	db914d13d5437de21a5752c8f47b8ec7170b7e9ca789139de50e2cc924d8f9a1
semantic/W2_Q08/ALGSTRUCT/w2_out_003.desc	17	108c7a9f011f52dada1fca907b8925712d2f1c57a40c6e26c9930be62d5f01fd
semantic/W2_Q08/ALGSTRUCT/w2_out_003.meta	26	e40066424b6cfc12e9a7eafecfe52cc58518daa27b0d861776d3947ad4ba4ec5
semantic/W2_Q08/ALGSTRUCT/w2_out_003.shadow	0	e3b0c44298fc1c149afbf4c8996fb92427ae41e4649b934ca495991b7852b855
semantic/W2_Q08/ALGSTRUCT/w2_out_004	576	db914d13d5437de21a5752c8f47b8ec7170b7e9ca789139de50e2cc924d8f9a1
semantic/W2_Q08/ALGSTRUCT/w2_out_004.desc	17	108c7a9f011f52dada1fca907b8925712d2f1c57a40c6e26c9930be62d5f01fd
semantic/W2_Q08/ALGSTRUCT/w2_out_004.meta	26	1e91a9bcdaf6e6d4c52e3e175bca92dfd73ea845e5a2cec050b9332129315240
semantic/W2_Q08/ALGSTRUCT/w2_out_004.shadow	0	e3b0c44298fc1c149afbf4c8996fb92427ae41e4649b934ca495991b7852b855
semantic/W2_Q08/ALGSTRUCT/w2_out_005	576	db914d13d5437de21a5752c8f47b8ec7170b7e9ca789139de50e2cc924d8f9a1
semantic/W2_Q08/ALGSTRUCT/w2_out_005.desc	17	108c7a9f011f52dada1fca907b8925712d2f1c57a40c6e26c9930be62d5f01fd
semantic/W2_Q08/ALGSTRUCT/w2_out_005.meta	26	c34b5042cdf3fe43fea813b4777c2011ef0fb83dc91eb97c65dd26557349a354
semantic/W2_Q08/ALGSTRUCT/w2_out_005.shadow	0	e3b0c44298fc1c149afbf4c8996fb92427ae41e4649b934ca495991b7852b855
semantic/W2_Q08/ALGSTRUCT/w2_out_006	576	db914d13d5437de21a5752c8f47b8ec7170b7e9ca789139de50e2cc924d8f9a1
semantic/W2_Q08/ALGSTRUCT/w2_out_006.desc	17	108c7a9f011f52dada1fca907b8925712d2f1c57a40c6e26c9930be62d5f01fd
semantic/W2_Q08/ALGSTRUCT/w2_out_006.meta	26	402b76a790261e49237b4695feaea86d411ad4a44b96b822ce8383ab9bd3c7bd
semantic/W2_Q08/ALGSTRUCT/w2_out_006.shadow	0	e3b0c44298fc1c149afbf4c8996fb92427ae41e4649b934ca495991b7852b855
semantic/W2_Q08/ALGSTRUCT/w2_out_007	576	db914d13d5437de21a5752c8f47b8ec7170b7e9ca789139de50e2cc924d8f9a1
semantic/W2_Q08/ALGSTRUCT/w2_out_007.desc	17	108c7a9f011f52dada1fca907b8925712d2f1c57a40c6e26c9930be62d5f01fd
semantic/W2_Q08/ALGSTRUCT/w2_out_007.meta	26	3c933cd16a6e3546bc84c586d7ff521681f6eaf57308849b6fde5482ffc3d700
semantic/W2_Q08/ALGSTRUCT/w2_out_007.shadow	0	e3b0c44298fc1c149afbf4c8996fb92427ae41e4649b934ca495991b7852b855
semantic/W2_Q08/STRUCT/A.desc	47	5787acced769f970ba7f750893bcaa9b5561a220ea42b224db71f7abd71c4dfa
semantic/W2_Q08/STRUCT/B.desc	47	f8f7b0f4c2423653c82e5af23efa0ea0d5e86fb7f932478b7f092ba3faf1a909
semantic/W2_Q08/STRUCT/STREAM_TIMEMOVE_A.desc	43	91fa2aec6956910a282e26f8f428ec61448ae55aa3da815f9b270b5f0c8c0033
semantic/W2_Q08/STRUCT/STREAM_TIMEMOVE_A.meta	26	195c1ec417e2ec1b7163a8789182f22ad4252124c5311b52d99ebb52384e8667
semantic/W2_Q08/STRUCT/STREAM_TIMEMOVE_B.desc	43	91fa2aec6956910a282e26f8f428ec61448ae55aa3da815f9b270b5f0c8c0033
semantic/W2_Q08/STRUCT/STREAM_TIMEMOVE_B.meta	26	2857739261e20d63212cb3d61b9d015cbed1ec1567ac4eea0e244226fb837022
semantic/W2_Q08/STRUCT/w2_out_000	576	db914d13d5437de21a5752c8f47b8ec7170b7e9ca789139de50e2cc924d8f9a1
semantic/W2_Q08/STRUCT/w2_out_000.desc	17	108c7a9f011f52dada1fca907b8925712d2f1c57a40c6e26c9930be62d5f01fd
semantic/W2_Q08/STRUCT/w2_out_000.meta	26	c7c19733b07814574ca6aaaf92346b70366fc80285fc28d42c42ca174df5b6d8
semantic/W2_Q08/STRUCT/w2_out_000.shadow	0	e3b0c44298fc1c149afbf4c8996fb92427ae41e4649b934ca495991b7852b855
semantic/W2_Q08/STRUCT/w2_out_001	576	db914d13d5437de21a5752c8f47b8ec7170b7e9ca789139de50e2cc924d8f9a1
semantic/W2_Q08/STRUCT/w2_out_001.desc	17	108c7a9f011f52dada1fca907b8925712d2f1c57a40c6e26c9930be62d5f01fd
semantic/W2_Q08/STRUCT/w2_out_001.meta	26	d75a36996d4e4778875716df806460d3ba25e09c37fe0dfcd5803d4dd581ddbc
semantic/W2_Q08/STRUCT/w2_out_001.shadow	0	e3b0c44298fc1c149afbf4c8996fb92427ae41e4649b934ca495991b7852b855
semantic/W2_Q08/STRUCT/w2_out_002	576	db914d13d5437de21a5752c8f47b8ec7170b7e9ca789139de50e2cc924d8f9a1
semantic/W2_Q08/STRUCT/w2_out_002.desc	17	108c7a9f011f52dada1fca907b8925712d2f1c57a40c6e26c9930be62d5f01fd
semantic/W2_Q08/STRUCT/w2_out_002.meta	26	d9a359ae6d1633e38c2daf89cc043a07bc6a6382ff5a8b65569068abc252763b
semantic/W2_Q08/STRUCT/w2_out_002.shadow	0	e3b0c44298fc1c149afbf4c8996fb92427ae41e4649b934ca495991b7852b855
semantic/W2_Q08/STRUCT/w2_out_003	576	db914d13d5437de21a5752c8f47b8ec7170b7e9ca789139de50e2cc924d8f9a1
semantic/W2_Q08/STRUCT/w2_out_003.desc	17	108c7a9f011f52dada1fca907b8925712d2f1c57a40c6e26c9930be62d5f01fd
semantic/W2_Q08/STRUCT/w2_out_003.meta	26	5b87ab1dc6cbe4641fa08f7d28e9580940cc4bb14e326689dca6630518ffe632
semantic/W2_Q08/STRUCT/w2_out_003.shadow	0	e3b0c44298fc1c149afbf4c8996fb92427ae41e4649b934ca495991b7852b855
semantic/W2_Q08/STRUCT/w2_out_004	576	db914d13d5437de21a5752c8f47b8ec7170b7e9ca789139de50e2cc924d8f9a1
semantic/W2_Q08/STRUCT/w2_out_004.desc	17	108c7a9f011f52dada1fca907b8925712d2f1c57a40c6e26c9930be62d5f01fd
semantic/W2_Q08/STRUCT/w2_out_004.meta	26	6e02bc15a12a34f6681dc17cc941372113324dec3570776a65c3f8ca1cfbabd7
semantic/W2_Q08/STRUCT/w2_out_004.shadow	0	e3b0c44298fc1c149afbf4c8996fb92427ae41e4649b934ca495991b7852b855
semantic/W2_Q08/STRUCT/w2_out_005	576	db914d13d5437de21a5752c8f47b8ec7170b7e9ca789139de50e2cc924d8f9a1
semantic/W2_Q08/STRUCT/w2_out_005.desc	17	108c7a9f011f52dada1fca907b8925712d2f1c57a40c6e26c9930be62d5f01fd
semantic/W2_Q08/STRUCT/w2_out_005.meta	26	b9d40c13ac419963d832e66baf80e3997bee8b8af1e50c40d17b943c033c9641
semantic/W2_Q08/STRUCT/w2_out_005.shadow	0	e3b0c44298fc1c149afbf4c8996fb92427ae41e4649b934ca495991b7852b855
semantic/W2_Q08/STRUCT/w2_out_006	576	db914d13d5437de21a5752c8f47b8ec7170b7e9ca789139de50e2cc924d8f9a1
semantic/W2_Q08/STRUCT/w2_out_006.desc	17	108c7a9f011f52dada1fca907b8925712d2f1c57a40c6e26c9930be62d5f01fd
semantic/W2_Q08/STRUCT/w2_out_006.meta	26	2a2bd8ac046a1274e4cadaf3edcc7d76ee1a1c2ec7a7e7db5114a61b864c9eb9
semantic/W2_Q08/STRUCT/w2_out_006.shadow	0	e3b0c44298fc1c149afbf4c8996fb92427ae41e4649b934ca495991b7852b855
semantic/W2_Q08/STRUCT/w2_out_007	576	db914d13d5437de21a5752c8f47b8ec7170b7e9ca789139de50e2cc924d8f9a1
semantic/W2_Q08/STRUCT/w2_out_007.desc	17	108c7a9f011f52dada1fca907b8925712d2f1c57a40c6e26c9930be62d5f01fd
semantic/W2_Q08/STRUCT/w2_out_007.meta	26	219c7d06fcbc7f376d1dbfd9b0967dbcf55681a96c7ea0759e9317838f0b5ea1
semantic/W2_Q08/STRUCT/w2_out_007.shadow	0	e3b0c44298fc1c149afbf4c8996fb92427ae41e4649b934ca495991b7852b855
semantic/W2_Q16/ALGSTRUCT/A.desc	47	5787acced769f970ba7f750893bcaa9b5561a220ea42b224db71f7abd71c4dfa
semantic/W2_Q16/ALGSTRUCT/B.desc	47	f8f7b0f4c2423653c82e5af23efa0ea0d5e86fb7f932478b7f092ba3faf1a909
semantic/W2_Q16/ALGSTRUCT/STREAM_HASH_A_B.desc	43	91fa2aec6956910a282e26f8f428ec61448ae55aa3da815f9b270b5f0c8c0033
semantic/W2_Q16/ALGSTRUCT/STREAM_HASH_A_B.meta	26	ffda2ad63be916009806f5818ac0465c7f5b917915121092e6e9ea8d587683c4
semantic/W2_Q16/ALGSTRUCT/w2_out_000	576	db914d13d5437de21a5752c8f47b8ec7170b7e9ca789139de50e2cc924d8f9a1
semantic/W2_Q16/ALGSTRUCT/w2_out_000.desc	17	108c7a9f011f52dada1fca907b8925712d2f1c57a40c6e26c9930be62d5f01fd
semantic/W2_Q16/ALGSTRUCT/w2_out_000.meta	26	65159609ed6fdabb3b374e9f82529f6d57844ca659d5e629bc27d083f25c8743
semantic/W2_Q16/ALGSTRUCT/w2_out_000.shadow	0	e3b0c44298fc1c149afbf4c8996fb92427ae41e4649b934ca495991b7852b855
semantic/W2_Q16/ALGSTRUCT/w2_out_001	576	db914d13d5437de21a5752c8f47b8ec7170b7e9ca789139de50e2cc924d8f9a1
semantic/W2_Q16/ALGSTRUCT/w2_out_001.desc	17	108c7a9f011f52dada1fca907b8925712d2f1c57a40c6e26c9930be62d5f01fd
semantic/W2_Q16/ALGSTRUCT/w2_out_001.meta	26	e95098ec44c1def563c854f3ffc9bba9108e91efe54dcd1d8ae91eeea965f429
semantic/W2_Q16/ALGSTRUCT/w2_out_001.shadow	0	e3b0c44298fc1c149afbf4c8996fb92427ae41e4649b934ca495991b7852b855
semantic/W2_Q16/ALGSTRUCT/w2_out_002	576	db914d13d5437de21a5752c8f47b8ec7170b7e9ca789139de50e2cc924d8f9a1
semantic/W2_Q16/ALGSTRUCT/w2_out_002.desc	17	108c7a9f011f52dada1fca907b8925712d2f1c57a40c6e26c9930be62d5f01fd
semantic/W2_Q16/ALGSTRUCT/w2_out_002.meta	26	f6e093d8f0bce5e001a24a928d2b487cfb1a7ebe058cb60b3294baae3c0d3ab9
semantic/W2_Q16/ALGSTRUCT/w2_out_002.shadow	0	e3b0c44298fc1c149afbf4c8996fb92427ae41e4649b934ca495991b7852b855
semantic/W2_Q16/ALGSTRUCT/w2_out_003	576	db914d13d5437de21a5752c8f47b8ec7170b7e9ca789139de50e2cc924d8f9a1
semantic/W2_Q16/ALGSTRUCT/w2_out_003.desc	17	108c7a9f011f52dada1fca907b8925712d2f1c57a40c6e26c9930be62d5f01fd
semantic/W2_Q16/ALGSTRUCT/w2_out_003.meta	26	ec73a84937d46427935dde37cbc6aac27460c400509a2fad193002881c8f9398
semantic/W2_Q16/ALGSTRUCT/w2_out_003.shadow	0	e3b0c44298fc1c149afbf4c8996fb92427ae41e4649b934ca495991b7852b855
semantic/W2_Q16/ALGSTRUCT/w2_out_004	576	db914d13d5437de21a5752c8f47b8ec7170b7e9ca789139de50e2cc924d8f9a1
semantic/W2_Q16/ALGSTRUCT/w2_out_004.desc	17	108c7a9f011f52dada1fca907b8925712d2f1c57a40c6e26c9930be62d5f01fd
semantic/W2_Q16/ALGSTRUCT/w2_out_004.meta	26	cafaf083d79739a2d1c134ae0efc995af30c7f6eb8a976e5659820e7877a9e52
semantic/W2_Q16/ALGSTRUCT/w2_out_004.shadow	0	e3b0c44298fc1c149afbf4c8996fb92427ae41e4649b934ca495991b7852b855
semantic/W2_Q16/ALGSTRUCT/w2_out_005	576	db914d13d5437de21a5752c8f47b8ec7170b7e9ca789139de50e2cc924d8f9a1
semantic/W2_Q16/ALGSTRUCT/w2_out_005.desc	17	108c7a9f011f52dada1fca907b8925712d2f1c57a40c6e26c9930be62d5f01fd
semantic/W2_Q16/ALGSTRUCT/w2_out_005.meta	26	23c4a38669ee60b8146b7b312334dfcbf93104f264303c28182cffc76fec830c
semantic/W2_Q16/ALGSTRUCT/w2_out_005.shadow	0	e3b0c44298fc1c149afbf4c8996fb92427ae41e4649b934ca495991b7852b855
semantic/W2_Q16/ALGSTRUCT/w2_out_006	576	db914d13d5437de21a5752c8f47b8ec7170b7e9ca789139de50e2cc924d8f9a1
semantic/W2_Q16/ALGSTRUCT/w2_out_006.desc	17	108c7a9f011f52dada1fca907b8925712d2f1c57a40c6e26c9930be62d5f01fd
semantic/W2_Q16/ALGSTRUCT/w2_out_006.meta	26	c03eb82ec3e0662c144c34b7a8c15c588fe6461f6e41a3e5f4ee547eda595932
semantic/W2_Q16/ALGSTRUCT/w2_out_006.shadow	0	e3b0c44298fc1c149afbf4c8996fb92427ae41e4649b934ca495991b7852b855
semantic/W2_Q16/ALGSTRUCT/w2_out_007	576	db914d13d5437de21a5752c8f47b8ec7170b7e9ca789139de50e2cc924d8f9a1
semantic/W2_Q16/ALGSTRUCT/w2_out_007.desc	17	108c7a9f011f52dada1fca907b8925712d2f1c57a40c6e26c9930be62d5f01fd
semantic/W2_Q16/ALGSTRUCT/w2_out_007.meta	26	c457b7739d87714456b602286fc7484ae514539c97abef584bac3a9d1c70aa59
semantic/W2_Q16/ALGSTRUCT/w2_out_007.shadow	0	e3b0c44298fc1c149afbf4c8996fb92427ae41e4649b934ca495991b7852b855
semantic/W2_Q16/ALGSTRUCT/w2_out_008	576	db914d13d5437de21a5752c8f47b8ec7170b7e9ca789139de50e2cc924d8f9a1
semantic/W2_Q16/ALGSTRUCT/w2_out_008.desc	17	108c7a9f011f52dada1fca907b8925712d2f1c57a40c6e26c9930be62d5f01fd
semantic/W2_Q16/ALGSTRUCT/w2_out_008.meta	26	dbbdc826aa8d9de8010a99683d8e015abab851f39e656cd864410532a75d96dd
semantic/W2_Q16/ALGSTRUCT/w2_out_008.shadow	0	e3b0c44298fc1c149afbf4c8996fb92427ae41e4649b934ca495991b7852b855
semantic/W2_Q16/ALGSTRUCT/w2_out_009	576	db914d13d5437de21a5752c8f47b8ec7170b7e9ca789139de50e2cc924d8f9a1
semantic/W2_Q16/ALGSTRUCT/w2_out_009.desc	17	108c7a9f011f52dada1fca907b8925712d2f1c57a40c6e26c9930be62d5f01fd
semantic/W2_Q16/ALGSTRUCT/w2_out_009.meta	26	f4ac3865ab79d9898bfec0560e7f79c3f33624257845bcfd4ff75bdb369a9824
semantic/W2_Q16/ALGSTRUCT/w2_out_009.shadow	0	e3b0c44298fc1c149afbf4c8996fb92427ae41e4649b934ca495991b7852b855
semantic/W2_Q16/ALGSTRUCT/w2_out_010	576	db914d13d5437de21a5752c8f47b8ec7170b7e9ca789139de50e2cc924d8f9a1
semantic/W2_Q16/ALGSTRUCT/w2_out_010.desc	17	108c7a9f011f52dada1fca907b8925712d2f1c57a40c6e26c9930be62d5f01fd
semantic/W2_Q16/ALGSTRUCT/w2_out_010.meta	26	a0ed2a010eb566e1fc616ad34c3649607d81713b05b5906143f6d3a6efd9b2f1
semantic/W2_Q16/ALGSTRUCT/w2_out_010.shadow	0	e3b0c44298fc1c149afbf4c8996fb92427ae41e4649b934ca495991b7852b855
semantic/W2_Q16/ALGSTRUCT/w2_out_011	576	db914d13d5437de21a5752c8f47b8ec7170b7e9ca789139de50e2cc924d8f9a1
semantic/W2_Q16/ALGSTRUCT/w2_out_011.desc	17	108c7a9f011f52dada1fca907b8925712d2f1c57a40c6e26c9930be62d5f01fd
semantic/W2_Q16/ALGSTRUCT/w2_out_011.meta	26	89af0f66f387e93bb26bc1e79bc37a33767f8d1b5f44247c177e62cce4486ecb
semantic/W2_Q16/ALGSTRUCT/w2_out_011.shadow	0	e3b0c44298fc1c149afbf4c8996fb92427ae41e4649b934ca495991b7852b855
semantic/W2_Q16/ALGSTRUCT/w2_out_012	576	db914d13d5437de21a5752c8f47b8ec7170b7e9ca789139de50e2cc924d8f9a1
semantic/W2_Q16/ALGSTRUCT/w2_out_012.desc	17	108c7a9f011f52dada1fca907b8925712d2f1c57a40c6e26c9930be62d5f01fd
semantic/W2_Q16/ALGSTRUCT/w2_out_012.meta	26	5018f52eb9c6aca0bc3fdf571ae8a76b87c5be8af702ebc13403d7518216698d
semantic/W2_Q16/ALGSTRUCT/w2_out_012.shadow	0	e3b0c44298fc1c149afbf4c8996fb92427ae41e4649b934ca495991b7852b855
semantic/W2_Q16/ALGSTRUCT/w2_out_013	576	db914d13d5437de21a5752c8f47b8ec7170b7e9ca789139de50e2cc924d8f9a1
semantic/W2_Q16/ALGSTRUCT/w2_out_013.desc	17	108c7a9f011f52dada1fca907b8925712d2f1c57a40c6e26c9930be62d5f01fd
semantic/W2_Q16/ALGSTRUCT/w2_out_013.meta	26	ee939fe57b5d0b88fa08322600d0763dde056687e8c36e282d710625ae461657
semantic/W2_Q16/ALGSTRUCT/w2_out_013.shadow	0	e3b0c44298fc1c149afbf4c8996fb92427ae41e4649b934ca495991b7852b855
semantic/W2_Q16/ALGSTRUCT/w2_out_014	576	db914d13d5437de21a5752c8f47b8ec7170b7e9ca789139de50e2cc924d8f9a1
semantic/W2_Q16/ALGSTRUCT/w2_out_014.desc	17	108c7a9f011f52dada1fca907b8925712d2f1c57a40c6e26c9930be62d5f01fd
semantic/W2_Q16/ALGSTRUCT/w2_out_014.meta	26	3360157d0ab5c6632db4086b604a65f3b8c6ebe4bf51c631874df63f59d71db5
semantic/W2_Q16/ALGSTRUCT/w2_out_014.shadow	0	e3b0c44298fc1c149afbf4c8996fb92427ae41e4649b934ca495991b7852b855
semantic/W2_Q16/ALGSTRUCT/w2_out_015	576	db914d13d5437de21a5752c8f47b8ec7170b7e9ca789139de50e2cc924d8f9a1
semantic/W2_Q16/ALGSTRUCT/w2_out_015.desc	17	108c7a9f011f52dada1fca907b8925712d2f1c57a40c6e26c9930be62d5f01fd
semantic/W2_Q16/ALGSTRUCT/w2_out_015.meta	26	2c0e93ca8d4b2c9b08199156ae3d063190313bbd8db5140111b43300c0562bc6
semantic/W2_Q16/ALGSTRUCT/w2_out_015.shadow	0	e3b0c44298fc1c149afbf4c8996fb92427ae41e4649b934ca495991b7852b855
semantic/W2_Q16/STRUCT/A.desc	47	5787acced769f970ba7f750893bcaa9b5561a220ea42b224db71f7abd71c4dfa
semantic/W2_Q16/STRUCT/B.desc	47	f8f7b0f4c2423653c82e5af23efa0ea0d5e86fb7f932478b7f092ba3faf1a909
semantic/W2_Q16/STRUCT/STREAM_TIMEMOVE_A.desc	43	91fa2aec6956910a282e26f8f428ec61448ae55aa3da815f9b270b5f0c8c0033
semantic/W2_Q16/STRUCT/STREAM_TIMEMOVE_A.meta	26	9954490d0412bd05fdf3a278489683d09393cf404b659a6f4225c0bbc3b9dd5f
semantic/W2_Q16/STRUCT/STREAM_TIMEMOVE_B.desc	43	91fa2aec6956910a282e26f8f428ec61448ae55aa3da815f9b270b5f0c8c0033
semantic/W2_Q16/STRUCT/STREAM_TIMEMOVE_B.meta	26	bd339538a38ca0bdd4b0a9c38f132481305f03c33a445b1464b9c928a8e41cff
semantic/W2_Q16/STRUCT/w2_out_000	576	db914d13d5437de21a5752c8f47b8ec7170b7e9ca789139de50e2cc924d8f9a1
semantic/W2_Q16/STRUCT/w2_out_000.desc	17	108c7a9f011f52dada1fca907b8925712d2f1c57a40c6e26c9930be62d5f01fd
semantic/W2_Q16/STRUCT/w2_out_000.meta	26	a9afc2d29deb6c689a92ba40aa4c9571d17f976863b86e5c9d9a96a808e29882
semantic/W2_Q16/STRUCT/w2_out_000.shadow	0	e3b0c44298fc1c149afbf4c8996fb92427ae41e4649b934ca495991b7852b855
semantic/W2_Q16/STRUCT/w2_out_001	576	db914d13d5437de21a5752c8f47b8ec7170b7e9ca789139de50e2cc924d8f9a1
semantic/W2_Q16/STRUCT/w2_out_001.desc	17	108c7a9f011f52dada1fca907b8925712d2f1c57a40c6e26c9930be62d5f01fd
semantic/W2_Q16/STRUCT/w2_out_001.meta	26	dc77581399ff4ebeb20f816f3900e736071c0cba31ac73f6312c56b6dead98a0
semantic/W2_Q16/STRUCT/w2_out_001.shadow	0	e3b0c44298fc1c149afbf4c8996fb92427ae41e4649b934ca495991b7852b855
semantic/W2_Q16/STRUCT/w2_out_002	576	db914d13d5437de21a5752c8f47b8ec7170b7e9ca789139de50e2cc924d8f9a1
semantic/W2_Q16/STRUCT/w2_out_002.desc	17	108c7a9f011f52dada1fca907b8925712d2f1c57a40c6e26c9930be62d5f01fd
semantic/W2_Q16/STRUCT/w2_out_002.meta	26	0784ffb051c22810dd162b06a3b6bc93c400ef522a9317884384d9002879d5cc
semantic/W2_Q16/STRUCT/w2_out_002.shadow	0	e3b0c44298fc1c149afbf4c8996fb92427ae41e4649b934ca495991b7852b855
semantic/W2_Q16/STRUCT/w2_out_003	576	db914d13d5437de21a5752c8f47b8ec7170b7e9ca789139de50e2cc924d8f9a1
semantic/W2_Q16/STRUCT/w2_out_003.desc	17	108c7a9f011f52dada1fca907b8925712d2f1c57a40c6e26c9930be62d5f01fd
semantic/W2_Q16/STRUCT/w2_out_003.meta	26	84219dfd0b3816a088271b8000fd373921372ecabc463be4ca43c20c7f7de5cf
semantic/W2_Q16/STRUCT/w2_out_003.shadow	0	e3b0c44298fc1c149afbf4c8996fb92427ae41e4649b934ca495991b7852b855
semantic/W2_Q16/STRUCT/w2_out_004	576	db914d13d5437de21a5752c8f47b8ec7170b7e9ca789139de50e2cc924d8f9a1
semantic/W2_Q16/STRUCT/w2_out_004.desc	17	108c7a9f011f52dada1fca907b8925712d2f1c57a40c6e26c9930be62d5f01fd
semantic/W2_Q16/STRUCT/w2_out_004.meta	26	16be6806a94148f6eda48499404de8f1b5b09795bab0683d9f139c2f0791380b
semantic/W2_Q16/STRUCT/w2_out_004.shadow	0	e3b0c44298fc1c149afbf4c8996fb92427ae41e4649b934ca495991b7852b855
semantic/W2_Q16/STRUCT/w2_out_005	576	db914d13d5437de21a5752c8f47b8ec7170b7e9ca789139de50e2cc924d8f9a1
semantic/W2_Q16/STRUCT/w2_out_005.desc	17	108c7a9f011f52dada1fca907b8925712d2f1c57a40c6e26c9930be62d5f01fd
semantic/W2_Q16/STRUCT/w2_out_005.meta	26	0de0b1ecb9904a469ab4f76d1ac8ec89abf7670e52c41d217fc2bb078f12820c
semantic/W2_Q16/STRUCT/w2_out_005.shadow	0	e3b0c44298fc1c149afbf4c8996fb92427ae41e4649b934ca495991b7852b855
semantic/W2_Q16/STRUCT/w2_out_006	576	db914d13d5437de21a5752c8f47b8ec7170b7e9ca789139de50e2cc924d8f9a1
semantic/W2_Q16/STRUCT/w2_out_006.desc	17	108c7a9f011f52dada1fca907b8925712d2f1c57a40c6e26c9930be62d5f01fd
semantic/W2_Q16/STRUCT/w2_out_006.meta	26	178ae23fee92853559607227b51735486c27b12219c0a8d5244e1742722e9ede
semantic/W2_Q16/STRUCT/w2_out_006.shadow	0	e3b0c44298fc1c149afbf4c8996fb92427ae41e4649b934ca495991b7852b855
semantic/W2_Q16/STRUCT/w2_out_007	576	db914d13d5437de21a5752c8f47b8ec7170b7e9ca789139de50e2cc924d8f9a1
semantic/W2_Q16/STRUCT/w2_out_007.desc	17	108c7a9f011f52dada1fca907b8925712d2f1c57a40c6e26c9930be62d5f01fd
semantic/W2_Q16/STRUCT/w2_out_007.meta	26	e45d255057b70786db390c6d45a7c6342436cccd5cf8a1dec82ebbed6e426756
semantic/W2_Q16/STRUCT/w2_out_007.shadow	0	e3b0c44298fc1c149afbf4c8996fb92427ae41e4649b934ca495991b7852b855
semantic/W2_Q16/STRUCT/w2_out_008	576	db914d13d5437de21a5752c8f47b8ec7170b7e9ca789139de50e2cc924d8f9a1
semantic/W2_Q16/STRUCT/w2_out_008.desc	17	108c7a9f011f52dada1fca907b8925712d2f1c57a40c6e26c9930be62d5f01fd
semantic/W2_Q16/STRUCT/w2_out_008.meta	26	b79244103e12fd551813f74cc1532a954c8c685421fe052f5d099b52b44bb318
semantic/W2_Q16/STRUCT/w2_out_008.shadow	0	e3b0c44298fc1c149afbf4c8996fb92427ae41e4649b934ca495991b7852b855
semantic/W2_Q16/STRUCT/w2_out_009	576	db914d13d5437de21a5752c8f47b8ec7170b7e9ca789139de50e2cc924d8f9a1
semantic/W2_Q16/STRUCT/w2_out_009.desc	17	108c7a9f011f52dada1fca907b8925712d2f1c57a40c6e26c9930be62d5f01fd
semantic/W2_Q16/STRUCT/w2_out_009.meta	26	d37ca87ab434b395dccf3c68fc620d948f5005f9008d80927a39fd26b8259260
semantic/W2_Q16/STRUCT/w2_out_009.shadow	0	e3b0c44298fc1c149afbf4c8996fb92427ae41e4649b934ca495991b7852b855
semantic/W2_Q16/STRUCT/w2_out_010	576	db914d13d5437de21a5752c8f47b8ec7170b7e9ca789139de50e2cc924d8f9a1
semantic/W2_Q16/STRUCT/w2_out_010.desc	17	108c7a9f011f52dada1fca907b8925712d2f1c57a40c6e26c9930be62d5f01fd
semantic/W2_Q16/STRUCT/w2_out_010.meta	26	38dc021325e028508aa08d7cacaa33d654496638efb90afcb282a39c53a4ad50
semantic/W2_Q16/STRUCT/w2_out_010.shadow	0	e3b0c44298fc1c149afbf4c8996fb92427ae41e4649b934ca495991b7852b855
semantic/W2_Q16/STRUCT/w2_out_011	576	db914d13d5437de21a5752c8f47b8ec7170b7e9ca789139de50e2cc924d8f9a1
semantic/W2_Q16/STRUCT/w2_out_011.desc	17	108c7a9f011f52dada1fca907b8925712d2f1c57a40c6e26c9930be62d5f01fd
semantic/W2_Q16/STRUCT/w2_out_011.meta	26	8fc5ca2dcf7d1e71881be7159bba8b114802c5e39d42b9080b645c3d96279d82
semantic/W2_Q16/STRUCT/w2_out_011.shadow	0	e3b0c44298fc1c149afbf4c8996fb92427ae41e4649b934ca495991b7852b855
semantic/W2_Q16/STRUCT/w2_out_012	576	db914d13d5437de21a5752c8f47b8ec7170b7e9ca789139de50e2cc924d8f9a1
semantic/W2_Q16/STRUCT/w2_out_012.desc	17	108c7a9f011f52dada1fca907b8925712d2f1c57a40c6e26c9930be62d5f01fd
semantic/W2_Q16/STRUCT/w2_out_012.meta	26	dc509757ae16c692777d0297acb1a1353460d9dafa808d8beeb51837f9d3b0f2
semantic/W2_Q16/STRUCT/w2_out_012.shadow	0	e3b0c44298fc1c149afbf4c8996fb92427ae41e4649b934ca495991b7852b855
semantic/W2_Q16/STRUCT/w2_out_013	576	db914d13d5437de21a5752c8f47b8ec7170b7e9ca789139de50e2cc924d8f9a1
semantic/W2_Q16/STRUCT/w2_out_013.desc	17	108c7a9f011f52dada1fca907b8925712d2f1c57a40c6e26c9930be62d5f01fd
semantic/W2_Q16/STRUCT/w2_out_013.meta	26	c6a0f2a7e40988f943627985df911e86b478f29cd27554a80ce652599638091e
semantic/W2_Q16/STRUCT/w2_out_013.shadow	0	e3b0c44298fc1c149afbf4c8996fb92427ae41e4649b934ca495991b7852b855
semantic/W2_Q16/STRUCT/w2_out_014	576	db914d13d5437de21a5752c8f47b8ec7170b7e9ca789139de50e2cc924d8f9a1
semantic/W2_Q16/STRUCT/w2_out_014.desc	17	108c7a9f011f52dada1fca907b8925712d2f1c57a40c6e26c9930be62d5f01fd
semantic/W2_Q16/STRUCT/w2_out_014.meta	26	7d04e5d01c7b1519aa32f97b8cbc8c14b1bfa5b671c31f238693a619ae98f540
semantic/W2_Q16/STRUCT/w2_out_014.shadow	0	e3b0c44298fc1c149afbf4c8996fb92427ae41e4649b934ca495991b7852b855
semantic/W2_Q16/STRUCT/w2_out_015	576	db914d13d5437de21a5752c8f47b8ec7170b7e9ca789139de50e2cc924d8f9a1
semantic/W2_Q16/STRUCT/w2_out_015.desc	17	108c7a9f011f52dada1fca907b8925712d2f1c57a40c6e26c9930be62d5f01fd
semantic/W2_Q16/STRUCT/w2_out_015.meta	26	7c5bfdf049a619c2fb529721a7324ac266aaad25e05309c6cd1697da801e6887
semantic/W2_Q16/STRUCT/w2_out_015.shadow	0	e3b0c44298fc1c149afbf4c8996fb92427ae41e4649b934ca495991b7852b855
semantic/W2_Q32/ALGSTRUCT/A.desc	47	5787acced769f970ba7f750893bcaa9b5561a220ea42b224db71f7abd71c4dfa
semantic/W2_Q32/ALGSTRUCT/B.desc	47	f8f7b0f4c2423653c82e5af23efa0ea0d5e86fb7f932478b7f092ba3faf1a909
semantic/W2_Q32/ALGSTRUCT/STREAM_HASH_A_B.desc	43	91fa2aec6956910a282e26f8f428ec61448ae55aa3da815f9b270b5f0c8c0033
semantic/W2_Q32/ALGSTRUCT/STREAM_HASH_A_B.meta	26	822a0987579ad583c281817be686d87dd879336a110e0dc682ee94cbc329b94a
semantic/W2_Q32/ALGSTRUCT/w2_out_000	576	db914d13d5437de21a5752c8f47b8ec7170b7e9ca789139de50e2cc924d8f9a1
semantic/W2_Q32/ALGSTRUCT/w2_out_000.desc	17	108c7a9f011f52dada1fca907b8925712d2f1c57a40c6e26c9930be62d5f01fd
semantic/W2_Q32/ALGSTRUCT/w2_out_000.meta	26	a8db91f8e7dd14873ba5ef8f17bf71ded042b59796e78ac8fcd71eade4d0ad16
semantic/W2_Q32/ALGSTRUCT/w2_out_000.shadow	0	e3b0c44298fc1c149afbf4c8996fb92427ae41e4649b934ca495991b7852b855
semantic/W2_Q32/ALGSTRUCT/w2_out_001	576	db914d13d5437de21a5752c8f47b8ec7170b7e9ca789139de50e2cc924d8f9a1
semantic/W2_Q32/ALGSTRUCT/w2_out_001.desc	17	108c7a9f011f52dada1fca907b8925712d2f1c57a40c6e26c9930be62d5f01fd
semantic/W2_Q32/ALGSTRUCT/w2_out_001.meta	26	3d09809d746a8e5dc607fedc67b47264b0e26336e957dc071ba6d3f760495991
semantic/W2_Q32/ALGSTRUCT/w2_out_001.shadow	0	e3b0c44298fc1c149afbf4c8996fb92427ae41e4649b934ca495991b7852b855
semantic/W2_Q32/ALGSTRUCT/w2_out_002	576	db914d13d5437de21a5752c8f47b8ec7170b7e9ca789139de50e2cc924d8f9a1
semantic/W2_Q32/ALGSTRUCT/w2_out_002.desc	17	108c7a9f011f52dada1fca907b8925712d2f1c57a40c6e26c9930be62d5f01fd
semantic/W2_Q32/ALGSTRUCT/w2_out_002.meta	26	b446b646d8f96549d9524ab54ec8023f1fa9bb8809f4aafaccdcfc478b2b525b
semantic/W2_Q32/ALGSTRUCT/w2_out_002.shadow	0	e3b0c44298fc1c149afbf4c8996fb92427ae41e4649b934ca495991b7852b855
semantic/W2_Q32/ALGSTRUCT/w2_out_003	576	db914d13d5437de21a5752c8f47b8ec7170b7e9ca789139de50e2cc924d8f9a1
semantic/W2_Q32/ALGSTRUCT/w2_out_003.desc	17	108c7a9f011f52dada1fca907b8925712d2f1c57a40c6e26c9930be62d5f01fd
semantic/W2_Q32/ALGSTRUCT/w2_out_003.meta	26	a6925681a3bc500462ffff65ccb129dd921e110b429b7eeab7a22cb892523ce0
semantic/W2_Q32/ALGSTRUCT/w2_out_003.shadow	0	e3b0c44298fc1c149afbf4c8996fb92427ae41e4649b934ca495991b7852b855
semantic/W2_Q32/ALGSTRUCT/w2_out_004	576	db914d13d5437de21a5752c8f47b8ec7170b7e9ca789139de50e2cc924d8f9a1
semantic/W2_Q32/ALGSTRUCT/w2_out_004.desc	17	108c7a9f011f52dada1fca907b8925712d2f1c57a40c6e26c9930be62d5f01fd
semantic/W2_Q32/ALGSTRUCT/w2_out_004.meta	26	5826795f6a209ed10977f36225a2e41580d5f14703080e9f6d2778fb44de4553
semantic/W2_Q32/ALGSTRUCT/w2_out_004.shadow	0	e3b0c44298fc1c149afbf4c8996fb92427ae41e4649b934ca495991b7852b855
semantic/W2_Q32/ALGSTRUCT/w2_out_005	576	db914d13d5437de21a5752c8f47b8ec7170b7e9ca789139de50e2cc924d8f9a1
semantic/W2_Q32/ALGSTRUCT/w2_out_005.desc	17	108c7a9f011f52dada1fca907b8925712d2f1c57a40c6e26c9930be62d5f01fd
semantic/W2_Q32/ALGSTRUCT/w2_out_005.meta	26	ebae771525eedf394345e2af649135b93deb89af1bc5dc9b365eb93d86257379
semantic/W2_Q32/ALGSTRUCT/w2_out_005.shadow	0	e3b0c44298fc1c149afbf4c8996fb92427ae41e4649b934ca495991b7852b855
semantic/W2_Q32/ALGSTRUCT/w2_out_006	576	db914d13d5437de21a5752c8f47b8ec7170b7e9ca789139de50e2cc924d8f9a1
semantic/W2_Q32/ALGSTRUCT/w2_out_006.desc	17	108c7a9f011f52dada1fca907b8925712d2f1c57a40c6e26c9930be62d5f01fd
semantic/W2_Q32/ALGSTRUCT/w2_out_006.meta	26	5f3731d1bce15958b0d8ca537f7438277d9aacc7c8a1010a91b6feafaa1c7f33
semantic/W2_Q32/ALGSTRUCT/w2_out_006.shadow	0	e3b0c44298fc1c149afbf4c8996fb92427ae41e4649b934ca495991b7852b855
semantic/W2_Q32/ALGSTRUCT/w2_out_007	576	db914d13d5437de21a5752c8f47b8ec7170b7e9ca789139de50e2cc924d8f9a1
semantic/W2_Q32/ALGSTRUCT/w2_out_007.desc	17	108c7a9f011f52dada1fca907b8925712d2f1c57a40c6e26c9930be62d5f01fd
semantic/W2_Q32/ALGSTRUCT/w2_out_007.meta	26	6ec9d9dcce32c77debc128a2bf6bdec07cafa8564f95a764a97ff1875e824365
semantic/W2_Q32/ALGSTRUCT/w2_out_007.shadow	0	e3b0c44298fc1c149afbf4c8996fb92427ae41e4649b934ca495991b7852b855
semantic/W2_Q32/ALGSTRUCT/w2_out_008	576	db914d13d5437de21a5752c8f47b8ec7170b7e9ca789139de50e2cc924d8f9a1
semantic/W2_Q32/ALGSTRUCT/w2_out_008.desc	17	108c7a9f011f52dada1fca907b8925712d2f1c57a40c6e26c9930be62d5f01fd
semantic/W2_Q32/ALGSTRUCT/w2_out_008.meta	26	55713891adc72f6acb0a3fd6a221c2c6f7251669a863205330d276c10a031e04
semantic/W2_Q32/ALGSTRUCT/w2_out_008.shadow	0	e3b0c44298fc1c149afbf4c8996fb92427ae41e4649b934ca495991b7852b855
semantic/W2_Q32/ALGSTRUCT/w2_out_009	576	db914d13d5437de21a5752c8f47b8ec7170b7e9ca789139de50e2cc924d8f9a1
semantic/W2_Q32/ALGSTRUCT/w2_out_009.desc	17	108c7a9f011f52dada1fca907b8925712d2f1c57a40c6e26c9930be62d5f01fd
semantic/W2_Q32/ALGSTRUCT/w2_out_009.meta	26	55a87f0742cdcf68473735fce61f80153ee1db8a780da5b673829f72d3eedd66
semantic/W2_Q32/ALGSTRUCT/w2_out_009.shadow	0	e3b0c44298fc1c149afbf4c8996fb92427ae41e4649b934ca495991b7852b855
semantic/W2_Q32/ALGSTRUCT/w2_out_010	576	db914d13d5437de21a5752c8f47b8ec7170b7e9ca789139de50e2cc924d8f9a1
semantic/W2_Q32/ALGSTRUCT/w2_out_010.desc	17	108c7a9f011f52dada1fca907b8925712d2f1c57a40c6e26c9930be62d5f01fd
semantic/W2_Q32/ALGSTRUCT/w2_out_010.meta	26	6f6646449f05aabf91d216e81291358b1a1201d2e207a7889383adee18b22af1
semantic/W2_Q32/ALGSTRUCT/w2_out_010.shadow	0	e3b0c44298fc1c149afbf4c8996fb92427ae41e4649b934ca495991b7852b855
semantic/W2_Q32/ALGSTRUCT/w2_out_011	576	db914d13d5437de21a5752c8f47b8ec7170b7e9ca789139de50e2cc924d8f9a1
semantic/W2_Q32/ALGSTRUCT/w2_out_011.desc	17	108c7a9f011f52dada1fca907b8925712d2f1c57a40c6e26c9930be62d5f01fd
semantic/W2_Q32/ALGSTRUCT/w2_out_011.meta	26	0ebe88339fe8ff689d677ecf4c8e9fe0c45f093a55008eeaf4b78f9f0f5b4ce5
semantic/W2_Q32/ALGSTRUCT/w2_out_011.shadow	0	e3b0c44298fc1c149afbf4c8996fb92427ae41e4649b934ca495991b7852b855
semantic/W2_Q32/ALGSTRUCT/w2_out_012	576	db914d13d5437de21a5752c8f47b8ec7170b7e9ca789139de50e2cc924d8f9a1
semantic/W2_Q32/ALGSTRUCT/w2_out_012.desc	17	108c7a9f011f52dada1fca907b8925712d2f1c57a40c6e26c9930be62d5f01fd
semantic/W2_Q32/ALGSTRUCT/w2_out_012.meta	26	87872407b67d14767ad39d51fb0f80e7fdf78c12236b051e1cb148200ddb2dc7
semantic/W2_Q32/ALGSTRUCT/w2_out_012.shadow	0	e3b0c44298fc1c149afbf4c8996fb92427ae41e4649b934ca495991b7852b855
semantic/W2_Q32/ALGSTRUCT/w2_out_013	576	db914d13d5437de21a5752c8f47b8ec7170b7e9ca789139de50e2cc924d8f9a1
semantic/W2_Q32/ALGSTRUCT/w2_out_013.desc	17	108c7a9f011f52dada1fca907b8925712d2f1c57a40c6e26c9930be62d5f01fd
semantic/W2_Q32/ALGSTRUCT/w2_out_013.meta	26	abc1aa95a8b09e4585bc14c7fb76a333058fd45fc3389437fe080bf533b41429
semantic/W2_Q32/ALGSTRUCT/w2_out_013.shadow	0	e3b0c44298fc1c149afbf4c8996fb92427ae41e4649b934ca495991b7852b855
semantic/W2_Q32/ALGSTRUCT/w2_out_014	576	db914d13d5437de21a5752c8f47b8ec7170b7e9ca789139de50e2cc924d8f9a1
semantic/W2_Q32/ALGSTRUCT/w2_out_014.desc	17	108c7a9f011f52dada1fca907b8925712d2f1c57a40c6e26c9930be62d5f01fd
semantic/W2_Q32/ALGSTRUCT/w2_out_014.meta	26	8c62033574ba422e079bdc5ea257e6e1a39187bab0ced3e2509903094247c836
semantic/W2_Q32/ALGSTRUCT/w2_out_014.shadow	0	e3b0c44298fc1c149afbf4c8996fb92427ae41e4649b934ca495991b7852b855
semantic/W2_Q32/ALGSTRUCT/w2_out_015	576	db914d13d5437de21a5752c8f47b8ec7170b7e9ca789139de50e2cc924d8f9a1
semantic/W2_Q32/ALGSTRUCT/w2_out_015.desc	17	108c7a9f011f52dada1fca907b8925712d2f1c57a40c6e26c9930be62d5f01fd
semantic/W2_Q32/ALGSTRUCT/w2_out_015.meta	26	402d13098ca20cd71071bcadacfdc2cd96a1915dba34a4b1655dbef7dcc56b27
semantic/W2_Q32/ALGSTRUCT/w2_out_015.shadow	0	e3b0c44298fc1c149afbf4c8996fb92427ae41e4649b934ca495991b7852b855
semantic/W2_Q32/ALGSTRUCT/w2_out_016	576	db914d13d5437de21a5752c8f47b8ec7170b7e9ca789139de50e2cc924d8f9a1
semantic/W2_Q32/ALGSTRUCT/w2_out_016.desc	17	108c7a9f011f52dada1fca907b8925712d2f1c57a40c6e26c9930be62d5f01fd
semantic/W2_Q32/ALGSTRUCT/w2_out_016.meta	26	73aa18980f163818b7dc37e1e19be231db6606575bb567a76540f776c5e30a7f
semantic/W2_Q32/ALGSTRUCT/w2_out_016.shadow	0	e3b0c44298fc1c149afbf4c8996fb92427ae41e4649b934ca495991b7852b855
semantic/W2_Q32/ALGSTRUCT/w2_out_017	576	db914d13d5437de21a5752c8f47b8ec7170b7e9ca789139de50e2cc924d8f9a1
semantic/W2_Q32/ALGSTRUCT/w2_out_017.desc	17	108c7a9f011f52dada1fca907b8925712d2f1c57a40c6e26c9930be62d5f01fd
semantic/W2_Q32/ALGSTRUCT/w2_out_017.meta	26	d8283ff20c1c6e2c68750e00b2c2a207fa759a7dc3818347c618a26504d4db6b
semantic/W2_Q32/ALGSTRUCT/w2_out_017.shadow	0	e3b0c44298fc1c149afbf4c8996fb92427ae41e4649b934ca495991b7852b855
semantic/W2_Q32/ALGSTRUCT/w2_out_018	576	db914d13d5437de21a5752c8f47b8ec7170b7e9ca789139de50e2cc924d8f9a1
semantic/W2_Q32/ALGSTRUCT/w2_out_018.desc	17	108c7a9f011f52dada1fca907b8925712d2f1c57a40c6e26c9930be62d5f01fd
semantic/W2_Q32/ALGSTRUCT/w2_out_018.meta	26	e2b4bb5a42a3ea5d455e76c380d6e2fc5b0cd3a53b65fd9240056e0d4602a4a2
semantic/W2_Q32/ALGSTRUCT/w2_out_018.shadow	0	e3b0c44298fc1c149afbf4c8996fb92427ae41e4649b934ca495991b7852b855
semantic/W2_Q32/ALGSTRUCT/w2_out_019	576	db914d13d5437de21a5752c8f47b8ec7170b7e9ca789139de50e2cc924d8f9a1
semantic/W2_Q32/ALGSTRUCT/w2_out_019.desc	17	108c7a9f011f52dada1fca907b8925712d2f1c57a40c6e26c9930be62d5f01fd
semantic/W2_Q32/ALGSTRUCT/w2_out_019.meta	26	3291b9ea11d37c983713ad33b9c9c59bdb06b2847956bca19990962104eec5fe
semantic/W2_Q32/ALGSTRUCT/w2_out_019.shadow	0	e3b0c44298fc1c149afbf4c8996fb92427ae41e4649b934ca495991b7852b855
semantic/W2_Q32/ALGSTRUCT/w2_out_020	576	db914d13d5437de21a5752c8f47b8ec7170b7e9ca789139de50e2cc924d8f9a1
semantic/W2_Q32/ALGSTRUCT/w2_out_020.desc	17	108c7a9f011f52dada1fca907b8925712d2f1c57a40c6e26c9930be62d5f01fd
semantic/W2_Q32/ALGSTRUCT/w2_out_020.meta	26	f17472bf7f3bc1b2bf41ac8b7b25b0f5172e779e16e7fd239e533c722f75ed9c
semantic/W2_Q32/ALGSTRUCT/w2_out_020.shadow	0	e3b0c44298fc1c149afbf4c8996fb92427ae41e4649b934ca495991b7852b855
semantic/W2_Q32/ALGSTRUCT/w2_out_021	576	db914d13d5437de21a5752c8f47b8ec7170b7e9ca789139de50e2cc924d8f9a1
semantic/W2_Q32/ALGSTRUCT/w2_out_021.desc	17	108c7a9f011f52dada1fca907b8925712d2f1c57a40c6e26c9930be62d5f01fd
semantic/W2_Q32/ALGSTRUCT/w2_out_021.meta	26	1fb83eaf4f62e9c5e16be0db959e85f9398746c6a0176bd76b2ab595ba8af3a2
semantic/W2_Q32/ALGSTRUCT/w2_out_021.shadow	0	e3b0c44298fc1c149afbf4c8996fb92427ae41e4649b934ca495991b7852b855
semantic/W2_Q32/ALGSTRUCT/w2_out_022	576	db914d13d5437de21a5752c8f47b8ec7170b7e9ca789139de50e2cc924d8f9a1
semantic/W2_Q32/ALGSTRUCT/w2_out_022.desc	17	108c7a9f011f52dada1fca907b8925712d2f1c57a40c6e26c9930be62d5f01fd
semantic/W2_Q32/ALGSTRUCT/w2_out_022.meta	26	c423adc841abd7981357d794d47378d6bc697f691d5b82c0dfe1d63a9b0e29cf
semantic/W2_Q32/ALGSTRUCT/w2_out_022.shadow	0	e3b0c44298fc1c149afbf4c8996fb92427ae41e4649b934ca495991b7852b855
semantic/W2_Q32/ALGSTRUCT/w2_out_023	576	db914d13d5437de21a5752c8f47b8ec7170b7e9ca789139de50e2cc924d8f9a1
semantic/W2_Q32/ALGSTRUCT/w2_out_023.desc	17	108c7a9f011f52dada1fca907b8925712d2f1c57a40c6e26c9930be62d5f01fd
semantic/W2_Q32/ALGSTRUCT/w2_out_023.meta	26	da21959faeba53df5ab9bd0535673f5f3230c0172e5b700fcad3d799b54f179b
semantic/W2_Q32/ALGSTRUCT/w2_out_023.shadow	0	e3b0c44298fc1c149afbf4c8996fb92427ae41e4649b934ca495991b7852b855
semantic/W2_Q32/ALGSTRUCT/w2_out_024	576	db914d13d5437de21a5752c8f47b8ec7170b7e9ca789139de50e2cc924d8f9a1
semantic/W2_Q32/ALGSTRUCT/w2_out_024.desc	17	108c7a9f011f52dada1fca907b8925712d2f1c57a40c6e26c9930be62d5f01fd
semantic/W2_Q32/ALGSTRUCT/w2_out_024.meta	26	fc8553f935ba8026c42bae6d4279fbcc467f829d02ec00f3e652c1eb7495847a
semantic/W2_Q32/ALGSTRUCT/w2_out_024.shadow	0	e3b0c44298fc1c149afbf4c8996fb92427ae41e4649b934ca495991b7852b855
semantic/W2_Q32/ALGSTRUCT/w2_out_025	576	db914d13d5437de21a5752c8f47b8ec7170b7e9ca789139de50e2cc924d8f9a1
semantic/W2_Q32/ALGSTRUCT/w2_out_025.desc	17	108c7a9f011f52dada1fca907b8925712d2f1c57a40c6e26c9930be62d5f01fd
semantic/W2_Q32/ALGSTRUCT/w2_out_025.meta	26	eeeff30746ec1c08eee123868d1a94a833f5ee11375ccd9f0efa123909212f99
semantic/W2_Q32/ALGSTRUCT/w2_out_025.shadow	0	e3b0c44298fc1c149afbf4c8996fb92427ae41e4649b934ca495991b7852b855
semantic/W2_Q32/ALGSTRUCT/w2_out_026	576	db914d13d5437de21a5752c8f47b8ec7170b7e9ca789139de50e2cc924d8f9a1
semantic/W2_Q32/ALGSTRUCT/w2_out_026.desc	17	108c7a9f011f52dada1fca907b8925712d2f1c57a40c6e26c9930be62d5f01fd
semantic/W2_Q32/ALGSTRUCT/w2_out_026.meta	26	01b21c027765c09587208099a40bfe330b6b569d09e9901835b4f8e4ca3af3e4
semantic/W2_Q32/ALGSTRUCT/w2_out_026.shadow	0	e3b0c44298fc1c149afbf4c8996fb92427ae41e4649b934ca495991b7852b855
semantic/W2_Q32/ALGSTRUCT/w2_out_027	576	db914d13d5437de21a5752c8f47b8ec7170b7e9ca789139de50e2cc924d8f9a1
semantic/W2_Q32/ALGSTRUCT/w2_out_027.desc	17	108c7a9f011f52dada1fca907b8925712d2f1c57a40c6e26c9930be62d5f01fd
semantic/W2_Q32/ALGSTRUCT/w2_out_027.meta	26	1cd9ba49107452bd663b46ea9a207ab1ad23277397227007baf237818dd901ca
semantic/W2_Q32/ALGSTRUCT/w2_out_027.shadow	0	e3b0c44298fc1c149afbf4c8996fb92427ae41e4649b934ca495991b7852b855
semantic/W2_Q32/ALGSTRUCT/w2_out_028	576	db914d13d5437de21a5752c8f47b8ec7170b7e9ca789139de50e2cc924d8f9a1
semantic/W2_Q32/ALGSTRUCT/w2_out_028.desc	17	108c7a9f011f52dada1fca907b8925712d2f1c57a40c6e26c9930be62d5f01fd
semantic/W2_Q32/ALGSTRUCT/w2_out_028.meta	26	49750cf7bd90d5da91a62e837233a47ebbfb6c51e840bf5933be261cb43857a0
semantic/W2_Q32/ALGSTRUCT/w2_out_028.shadow	0	e3b0c44298fc1c149afbf4c8996fb92427ae41e4649b934ca495991b7852b855
semantic/W2_Q32/ALGSTRUCT/w2_out_029	576	db914d13d5437de21a5752c8f47b8ec7170b7e9ca789139de50e2cc924d8f9a1
semantic/W2_Q32/ALGSTRUCT/w2_out_029.desc	17	108c7a9f011f52dada1fca907b8925712d2f1c57a40c6e26c9930be62d5f01fd
semantic/W2_Q32/ALGSTRUCT/w2_out_029.meta	26	a8f1e098b5eac7b254019c7bec0aa6cc970a672303939a1d5215f3352195d584
semantic/W2_Q32/ALGSTRUCT/w2_out_029.shadow	0	e3b0c44298fc1c149afbf4c8996fb92427ae41e4649b934ca495991b7852b855
semantic/W2_Q32/ALGSTRUCT/w2_out_030	576	db914d13d5437de21a5752c8f47b8ec7170b7e9ca789139de50e2cc924d8f9a1
semantic/W2_Q32/ALGSTRUCT/w2_out_030.desc	17	108c7a9f011f52dada1fca907b8925712d2f1c57a40c6e26c9930be62d5f01fd
semantic/W2_Q32/ALGSTRUCT/w2_out_030.meta	26	425c675db6ca0cc271908f60fe66665b1a36f3065ac9bea529c1bafb98287d99
semantic/W2_Q32/ALGSTRUCT/w2_out_030.shadow	0	e3b0c44298fc1c149afbf4c8996fb92427ae41e4649b934ca495991b7852b855
semantic/W2_Q32/ALGSTRUCT/w2_out_031	576	db914d13d5437de21a5752c8f47b8ec7170b7e9ca789139de50e2cc924d8f9a1
semantic/W2_Q32/ALGSTRUCT/w2_out_031.desc	17	108c7a9f011f52dada1fca907b8925712d2f1c57a40c6e26c9930be62d5f01fd
semantic/W2_Q32/ALGSTRUCT/w2_out_031.meta	26	9cf7fd7e84b2ad413d9514e94d495769038390dbc1642b19eb13d316b245d759
semantic/W2_Q32/ALGSTRUCT/w2_out_031.shadow	0	e3b0c44298fc1c149afbf4c8996fb92427ae41e4649b934ca495991b7852b855
semantic/W2_Q32/STRUCT/A.desc	47	5787acced769f970ba7f750893bcaa9b5561a220ea42b224db71f7abd71c4dfa
semantic/W2_Q32/STRUCT/B.desc	47	f8f7b0f4c2423653c82e5af23efa0ea0d5e86fb7f932478b7f092ba3faf1a909
semantic/W2_Q32/STRUCT/STREAM_TIMEMOVE_A.desc	43	91fa2aec6956910a282e26f8f428ec61448ae55aa3da815f9b270b5f0c8c0033
semantic/W2_Q32/STRUCT/STREAM_TIMEMOVE_A.meta	26	aaa163fcaa01cfb62411ed83c391d5cdf2fff465a65a498c97dd2d0113d0b64e
semantic/W2_Q32/STRUCT/STREAM_TIMEMOVE_B.desc	43	91fa2aec6956910a282e26f8f428ec61448ae55aa3da815f9b270b5f0c8c0033
semantic/W2_Q32/STRUCT/STREAM_TIMEMOVE_B.meta	26	0f900e5956a717892cb5664d9bba132e9259ad271ccb1821bbb304a9b7adfe5e
semantic/W2_Q32/STRUCT/w2_out_000	576	db914d13d5437de21a5752c8f47b8ec7170b7e9ca789139de50e2cc924d8f9a1
semantic/W2_Q32/STRUCT/w2_out_000.desc	17	108c7a9f011f52dada1fca907b8925712d2f1c57a40c6e26c9930be62d5f01fd
semantic/W2_Q32/STRUCT/w2_out_000.meta	26	be26666cbe505606d792e3c7c6b50ecba5e980151c97cf3b25da691df5e1a16c
semantic/W2_Q32/STRUCT/w2_out_000.shadow	0	e3b0c44298fc1c149afbf4c8996fb92427ae41e4649b934ca495991b7852b855
semantic/W2_Q32/STRUCT/w2_out_001	576	db914d13d5437de21a5752c8f47b8ec7170b7e9ca789139de50e2cc924d8f9a1
semantic/W2_Q32/STRUCT/w2_out_001.desc	17	108c7a9f011f52dada1fca907b8925712d2f1c57a40c6e26c9930be62d5f01fd
semantic/W2_Q32/STRUCT/w2_out_001.meta	26	b621c3b1906ee3369274f8ef14762f68e22c2d6ea6eefe31ffdea600615504d5
semantic/W2_Q32/STRUCT/w2_out_001.shadow	0	e3b0c44298fc1c149afbf4c8996fb92427ae41e4649b934ca495991b7852b855
semantic/W2_Q32/STRUCT/w2_out_002	576	db914d13d5437de21a5752c8f47b8ec7170b7e9ca789139de50e2cc924d8f9a1
semantic/W2_Q32/STRUCT/w2_out_002.desc	17	108c7a9f011f52dada1fca907b8925712d2f1c57a40c6e26c9930be62d5f01fd
semantic/W2_Q32/STRUCT/w2_out_002.meta	26	c0543bc5fcb7c1db1d3e4ff195a0ead1032e5159435a941408f01f30dddcba4e
semantic/W2_Q32/STRUCT/w2_out_002.shadow	0	e3b0c44298fc1c149afbf4c8996fb92427ae41e4649b934ca495991b7852b855
semantic/W2_Q32/STRUCT/w2_out_003	576	db914d13d5437de21a5752c8f47b8ec7170b7e9ca789139de50e2cc924d8f9a1
semantic/W2_Q32/STRUCT/w2_out_003.desc	17	108c7a9f011f52dada1fca907b8925712d2f1c57a40c6e26c9930be62d5f01fd
semantic/W2_Q32/STRUCT/w2_out_003.meta	26	a88f6f4eefbe3c38add282df47d02b44c91f68c96d5a9e3cb08fc71c0aa13635
semantic/W2_Q32/STRUCT/w2_out_003.shadow	0	e3b0c44298fc1c149afbf4c8996fb92427ae41e4649b934ca495991b7852b855
semantic/W2_Q32/STRUCT/w2_out_004	576	db914d13d5437de21a5752c8f47b8ec7170b7e9ca789139de50e2cc924d8f9a1
semantic/W2_Q32/STRUCT/w2_out_004.desc	17	108c7a9f011f52dada1fca907b8925712d2f1c57a40c6e26c9930be62d5f01fd
semantic/W2_Q32/STRUCT/w2_out_004.meta	26	49af3ccc1569179e7dbbe8e5fa4ecd6c04c6f5abe8984fd78d7392189dbbd04a
semantic/W2_Q32/STRUCT/w2_out_004.shadow	0	e3b0c44298fc1c149afbf4c8996fb92427ae41e4649b934ca495991b7852b855
semantic/W2_Q32/STRUCT/w2_out_005	576	db914d13d5437de21a5752c8f47b8ec7170b7e9ca789139de50e2cc924d8f9a1
semantic/W2_Q32/STRUCT/w2_out_005.desc	17	108c7a9f011f52dada1fca907b8925712d2f1c57a40c6e26c9930be62d5f01fd
semantic/W2_Q32/STRUCT/w2_out_005.meta	26	9c7708ed271f647c29a072e223c1c8a75ff80dc1e2423f72341acd47c202df0a
semantic/W2_Q32/STRUCT/w2_out_005.shadow	0	e3b0c44298fc1c149afbf4c8996fb92427ae41e4649b934ca495991b7852b855
semantic/W2_Q32/STRUCT/w2_out_006	576	db914d13d5437de21a5752c8f47b8ec7170b7e9ca789139de50e2cc924d8f9a1
semantic/W2_Q32/STRUCT/w2_out_006.desc	17	108c7a9f011f52dada1fca907b8925712d2f1c57a40c6e26c9930be62d5f01fd
semantic/W2_Q32/STRUCT/w2_out_006.meta	26	9796531f63290025e2f6219ccfc52b4335b7736606191a9bd17c62acd6c8f755
semantic/W2_Q32/STRUCT/w2_out_006.shadow	0	e3b0c44298fc1c149afbf4c8996fb92427ae41e4649b934ca495991b7852b855
semantic/W2_Q32/STRUCT/w2_out_007	576	db914d13d5437de21a5752c8f47b8ec7170b7e9ca789139de50e2cc924d8f9a1
semantic/W2_Q32/STRUCT/w2_out_007.desc	17	108c7a9f011f52dada1fca907b8925712d2f1c57a40c6e26c9930be62d5f01fd
semantic/W2_Q32/STRUCT/w2_out_007.meta	26	878e03cc182fe4ef7b939ee83d3c7d18eede036864655e7f766a19fc63aa3752
semantic/W2_Q32/STRUCT/w2_out_007.shadow	0	e3b0c44298fc1c149afbf4c8996fb92427ae41e4649b934ca495991b7852b855
semantic/W2_Q32/STRUCT/w2_out_008	576	db914d13d5437de21a5752c8f47b8ec7170b7e9ca789139de50e2cc924d8f9a1
semantic/W2_Q32/STRUCT/w2_out_008.desc	17	108c7a9f011f52dada1fca907b8925712d2f1c57a40c6e26c9930be62d5f01fd
semantic/W2_Q32/STRUCT/w2_out_008.meta	26	6d55e5582157a7822ed0846d1829e8d3a87d1bebf8e23041b88ba3eb21340509
semantic/W2_Q32/STRUCT/w2_out_008.shadow	0	e3b0c44298fc1c149afbf4c8996fb92427ae41e4649b934ca495991b7852b855
semantic/W2_Q32/STRUCT/w2_out_009	576	db914d13d5437de21a5752c8f47b8ec7170b7e9ca789139de50e2cc924d8f9a1
semantic/W2_Q32/STRUCT/w2_out_009.desc	17	108c7a9f011f52dada1fca907b8925712d2f1c57a40c6e26c9930be62d5f01fd
semantic/W2_Q32/STRUCT/w2_out_009.meta	26	e4ff97a7b429b6f1ddc69a5f6999147b068322b90ddd68f745581bada230eed5
semantic/W2_Q32/STRUCT/w2_out_009.shadow	0	e3b0c44298fc1c149afbf4c8996fb92427ae41e4649b934ca495991b7852b855
semantic/W2_Q32/STRUCT/w2_out_010	576	db914d13d5437de21a5752c8f47b8ec7170b7e9ca789139de50e2cc924d8f9a1
semantic/W2_Q32/STRUCT/w2_out_010.desc	17	108c7a9f011f52dada1fca907b8925712d2f1c57a40c6e26c9930be62d5f01fd
semantic/W2_Q32/STRUCT/w2_out_010.meta	26	a375b7f6501d281f123653847accd250bc6fbd6b8d55f5319290eea63329235d
semantic/W2_Q32/STRUCT/w2_out_010.shadow	0	e3b0c44298fc1c149afbf4c8996fb92427ae41e4649b934ca495991b7852b855
semantic/W2_Q32/STRUCT/w2_out_011	576	db914d13d5437de21a5752c8f47b8ec7170b7e9ca789139de50e2cc924d8f9a1
semantic/W2_Q32/STRUCT/w2_out_011.desc	17	108c7a9f011f52dada1fca907b8925712d2f1c57a40c6e26c9930be62d5f01fd
semantic/W2_Q32/STRUCT/w2_out_011.meta	26	4e75bc14e9965aa571b4201983745b08951b806685a32f0ea628ad1bbe680279
semantic/W2_Q32/STRUCT/w2_out_011.shadow	0	e3b0c44298fc1c149afbf4c8996fb92427ae41e4649b934ca495991b7852b855
semantic/W2_Q32/STRUCT/w2_out_012	576	db914d13d5437de21a5752c8f47b8ec7170b7e9ca789139de50e2cc924d8f9a1
semantic/W2_Q32/STRUCT/w2_out_012.desc	17	108c7a9f011f52dada1fca907b8925712d2f1c57a40c6e26c9930be62d5f01fd
semantic/W2_Q32/STRUCT/w2_out_012.meta	26	a7e04989d7c12cfc92c4573afd6a6e10694e2640c8c83afdcef9338199850378
semantic/W2_Q32/STRUCT/w2_out_012.shadow	0	e3b0c44298fc1c149afbf4c8996fb92427ae41e4649b934ca495991b7852b855
semantic/W2_Q32/STRUCT/w2_out_013	576	db914d13d5437de21a5752c8f47b8ec7170b7e9ca789139de50e2cc924d8f9a1
semantic/W2_Q32/STRUCT/w2_out_013.desc	17	108c7a9f011f52dada1fca907b8925712d2f1c57a40c6e26c9930be62d5f01fd
semantic/W2_Q32/STRUCT/w2_out_013.meta	26	af32eb1a46735f6ca9dcf8aca45b7b504452915a3ba569b658826fda00840827
semantic/W2_Q32/STRUCT/w2_out_013.shadow	0	e3b0c44298fc1c149afbf4c8996fb92427ae41e4649b934ca495991b7852b855
semantic/W2_Q32/STRUCT/w2_out_014	576	db914d13d5437de21a5752c8f47b8ec7170b7e9ca789139de50e2cc924d8f9a1
semantic/W2_Q32/STRUCT/w2_out_014.desc	17	108c7a9f011f52dada1fca907b8925712d2f1c57a40c6e26c9930be62d5f01fd
semantic/W2_Q32/STRUCT/w2_out_014.meta	26	22880084ebf2f6e6f18c0dd2914f72932de329697d10edb6fbd6e0ed9fb8c923
semantic/W2_Q32/STRUCT/w2_out_014.shadow	0	e3b0c44298fc1c149afbf4c8996fb92427ae41e4649b934ca495991b7852b855
semantic/W2_Q32/STRUCT/w2_out_015	576	db914d13d5437de21a5752c8f47b8ec7170b7e9ca789139de50e2cc924d8f9a1
semantic/W2_Q32/STRUCT/w2_out_015.desc	17	108c7a9f011f52dada1fca907b8925712d2f1c57a40c6e26c9930be62d5f01fd
semantic/W2_Q32/STRUCT/w2_out_015.meta	26	22723cdd31f92930562faece734de33a0f1117c4a5bf11b30d4193f9c0c2909d
semantic/W2_Q32/STRUCT/w2_out_015.shadow	0	e3b0c44298fc1c149afbf4c8996fb92427ae41e4649b934ca495991b7852b855
semantic/W2_Q32/STRUCT/w2_out_016	576	db914d13d5437de21a5752c8f47b8ec7170b7e9ca789139de50e2cc924d8f9a1
semantic/W2_Q32/STRUCT/w2_out_016.desc	17	108c7a9f011f52dada1fca907b8925712d2f1c57a40c6e26c9930be62d5f01fd
semantic/W2_Q32/STRUCT/w2_out_016.meta	26	5e4e0fda5318b5cdfcfeb444f3bc8ef952ff052fce468677ed8d125cacb0d25d
semantic/W2_Q32/STRUCT/w2_out_016.shadow	0	e3b0c44298fc1c149afbf4c8996fb92427ae41e4649b934ca495991b7852b855
semantic/W2_Q32/STRUCT/w2_out_017	576	db914d13d5437de21a5752c8f47b8ec7170b7e9ca789139de50e2cc924d8f9a1
semantic/W2_Q32/STRUCT/w2_out_017.desc	17	108c7a9f011f52dada1fca907b8925712d2f1c57a40c6e26c9930be62d5f01fd
semantic/W2_Q32/STRUCT/w2_out_017.meta	26	0872769c2fd17703961e758badd04a03c17d32cdc42215a81b083773d11491a7
semantic/W2_Q32/STRUCT/w2_out_017.shadow	0	e3b0c44298fc1c149afbf4c8996fb92427ae41e4649b934ca495991b7852b855
semantic/W2_Q32/STRUCT/w2_out_018	576	db914d13d5437de21a5752c8f47b8ec7170b7e9ca789139de50e2cc924d8f9a1
semantic/W2_Q32/STRUCT/w2_out_018.desc	17	108c7a9f011f52dada1fca907b8925712d2f1c57a40c6e26c9930be62d5f01fd
semantic/W2_Q32/STRUCT/w2_out_018.meta	26	1351e47278f2493e0a7ff4a5fd2e142d045d125d81997670086467aabf2c18d2
semantic/W2_Q32/STRUCT/w2_out_018.shadow	0	e3b0c44298fc1c149afbf4c8996fb92427ae41e4649b934ca495991b7852b855
semantic/W2_Q32/STRUCT/w2_out_019	576	db914d13d5437de21a5752c8f47b8ec7170b7e9ca789139de50e2cc924d8f9a1
semantic/W2_Q32/STRUCT/w2_out_019.desc	17	108c7a9f011f52dada1fca907b8925712d2f1c57a40c6e26c9930be62d5f01fd
semantic/W2_Q32/STRUCT/w2_out_019.meta	26	05883cccd68f009488d6f45520e631e543ccc0200bcfeea9b343d35da6529c24
semantic/W2_Q32/STRUCT/w2_out_019.shadow	0	e3b0c44298fc1c149afbf4c8996fb92427ae41e4649b934ca495991b7852b855
semantic/W2_Q32/STRUCT/w2_out_020	576	db914d13d5437de21a5752c8f47b8ec7170b7e9ca789139de50e2cc924d8f9a1
semantic/W2_Q32/STRUCT/w2_out_020.desc	17	108c7a9f011f52dada1fca907b8925712d2f1c57a40c6e26c9930be62d5f01fd
semantic/W2_Q32/STRUCT/w2_out_020.meta	26	68b3e5da151b506bc30748cea199d7ad077e928b82fe0cad1cc509feb70de1ef
semantic/W2_Q32/STRUCT/w2_out_020.shadow	0	e3b0c44298fc1c149afbf4c8996fb92427ae41e4649b934ca495991b7852b855
semantic/W2_Q32/STRUCT/w2_out_021	576	db914d13d5437de21a5752c8f47b8ec7170b7e9ca789139de50e2cc924d8f9a1
semantic/W2_Q32/STRUCT/w2_out_021.desc	17	108c7a9f011f52dada1fca907b8925712d2f1c57a40c6e26c9930be62d5f01fd
semantic/W2_Q32/STRUCT/w2_out_021.meta	26	d6813d6897e0b75c665d254d916d5897251ca135361ec5a8104d9bb23781b94c
semantic/W2_Q32/STRUCT/w2_out_021.shadow	0	e3b0c44298fc1c149afbf4c8996fb92427ae41e4649b934ca495991b7852b855
semantic/W2_Q32/STRUCT/w2_out_022	576	db914d13d5437de21a5752c8f47b8ec7170b7e9ca789139de50e2cc924d8f9a1
semantic/W2_Q32/STRUCT/w2_out_022.desc	17	108c7a9f011f52dada1fca907b8925712d2f1c57a40c6e26c9930be62d5f01fd
semantic/W2_Q32/STRUCT/w2_out_022.meta	26	44cc009896bf74ffaf5ee248c335572382b289ef1061012e008313bdfbfa8546
semantic/W2_Q32/STRUCT/w2_out_022.shadow	0	e3b0c44298fc1c149afbf4c8996fb92427ae41e4649b934ca495991b7852b855
semantic/W2_Q32/STRUCT/w2_out_023	576	db914d13d5437de21a5752c8f47b8ec7170b7e9ca789139de50e2cc924d8f9a1
semantic/W2_Q32/STRUCT/w2_out_023.desc	17	108c7a9f011f52dada1fca907b8925712d2f1c57a40c6e26c9930be62d5f01fd
semantic/W2_Q32/STRUCT/w2_out_023.meta	26	1b07ad5a6dd3a9da98a99d23a26b353d52acd41ff68403240912c231727d2163
semantic/W2_Q32/STRUCT/w2_out_023.shadow	0	e3b0c44298fc1c149afbf4c8996fb92427ae41e4649b934ca495991b7852b855
semantic/W2_Q32/STRUCT/w2_out_024	576	db914d13d5437de21a5752c8f47b8ec7170b7e9ca789139de50e2cc924d8f9a1
semantic/W2_Q32/STRUCT/w2_out_024.desc	17	108c7a9f011f52dada1fca907b8925712d2f1c57a40c6e26c9930be62d5f01fd
semantic/W2_Q32/STRUCT/w2_out_024.meta	26	6ff573b810f8cc0514c9f38dd708ce1974925a4618cce31c28019639f3b35b1e
semantic/W2_Q32/STRUCT/w2_out_024.shadow	0	e3b0c44298fc1c149afbf4c8996fb92427ae41e4649b934ca495991b7852b855
semantic/W2_Q32/STRUCT/w2_out_025	576	db914d13d5437de21a5752c8f47b8ec7170b7e9ca789139de50e2cc924d8f9a1
semantic/W2_Q32/STRUCT/w2_out_025.desc	17	108c7a9f011f52dada1fca907b8925712d2f1c57a40c6e26c9930be62d5f01fd
semantic/W2_Q32/STRUCT/w2_out_025.meta	26	c5e2aa2e89b528468235a7fa37a58f348431388586eefe645b7b2c4c62e0ae40
semantic/W2_Q32/STRUCT/w2_out_025.shadow	0	e3b0c44298fc1c149afbf4c8996fb92427ae41e4649b934ca495991b7852b855
semantic/W2_Q32/STRUCT/w2_out_026	576	db914d13d5437de21a5752c8f47b8ec7170b7e9ca789139de50e2cc924d8f9a1
semantic/W2_Q32/STRUCT/w2_out_026.desc	17	108c7a9f011f52dada1fca907b8925712d2f1c57a40c6e26c9930be62d5f01fd
semantic/W2_Q32/STRUCT/w2_out_026.meta	26	eedb740304adb134eee8ec93f501749cbcd293100a9be6fcd133fc20199b5f9c
semantic/W2_Q32/STRUCT/w2_out_026.shadow	0	e3b0c44298fc1c149afbf4c8996fb92427ae41e4649b934ca495991b7852b855
semantic/W2_Q32/STRUCT/w2_out_027	576	db914d13d5437de21a5752c8f47b8ec7170b7e9ca789139de50e2cc924d8f9a1
semantic/W2_Q32/STRUCT/w2_out_027.desc	17	108c7a9f011f52dada1fca907b8925712d2f1c57a40c6e26c9930be62d5f01fd
semantic/W2_Q32/STRUCT/w2_out_027.meta	26	0bcaf44ef90626421141dfa188e2e556bbd535e7259bc9c65e927dd1d734c448
semantic/W2_Q32/STRUCT/w2_out_027.shadow	0	e3b0c44298fc1c149afbf4c8996fb92427ae41e4649b934ca495991b7852b855
semantic/W2_Q32/STRUCT/w2_out_028	576	db914d13d5437de21a5752c8f47b8ec7170b7e9ca789139de50e2cc924d8f9a1
semantic/W2_Q32/STRUCT/w2_out_028.desc	17	108c7a9f011f52dada1fca907b8925712d2f1c57a40c6e26c9930be62d5f01fd
semantic/W2_Q32/STRUCT/w2_out_028.meta	26	90a9b0048e8a579d8c6038cea10d254047736e0d2ace1d8f22b5e5d6623dc5ad
semantic/W2_Q32/STRUCT/w2_out_028.shadow	0	e3b0c44298fc1c149afbf4c8996fb92427ae41e4649b934ca495991b7852b855
semantic/W2_Q32/STRUCT/w2_out_029	576	db914d13d5437de21a5752c8f47b8ec7170b7e9ca789139de50e2cc924d8f9a1
semantic/W2_Q32/STRUCT/w2_out_029.desc	17	108c7a9f011f52dada1fca907b8925712d2f1c57a40c6e26c9930be62d5f01fd
semantic/W2_Q32/STRUCT/w2_out_029.meta	26	42c82aa5c0758a68ebb55792cf88a160d86ce9646fd8e8398a18093de72fa3f4
semantic/W2_Q32/STRUCT/w2_out_029.shadow	0	e3b0c44298fc1c149afbf4c8996fb92427ae41e4649b934ca495991b7852b855
semantic/W2_Q32/STRUCT/w2_out_030	576	db914d13d5437de21a5752c8f47b8ec7170b7e9ca789139de50e2cc924d8f9a1
semantic/W2_Q32/STRUCT/w2_out_030.desc	17	108c7a9f011f52dada1fca907b8925712d2f1c57a40c6e26c9930be62d5f01fd
semantic/W2_Q32/STRUCT/w2_out_030.meta	26	d70a1aa6291a77f8e1658027a4076b559f9e302818a983890fc92576569fcd81
semantic/W2_Q32/STRUCT/w2_out_030.shadow	0	e3b0c44298fc1c149afbf4c8996fb92427ae41e4649b934ca495991b7852b855
semantic/W2_Q32/STRUCT/w2_out_031	576	db914d13d5437de21a5752c8f47b8ec7170b7e9ca789139de50e2cc924d8f9a1
semantic/W2_Q32/STRUCT/w2_out_031.desc	17	108c7a9f011f52dada1fca907b8925712d2f1c57a40c6e26c9930be62d5f01fd
semantic/W2_Q32/STRUCT/w2_out_031.meta	26	9a3e4cd662bc3800dabdb90e1111166c5857a9940fab7d763d782e451fb9a424
semantic/W2_Q32/STRUCT/w2_out_031.shadow	0	e3b0c44298fc1c149afbf4c8996fb92427ae41e4649b934ca495991b7852b855
semantic/W3_d1/ALGSTRUCT/A.desc	47	5787acced769f970ba7f750893bcaa9b5561a220ea42b224db71f7abd71c4dfa
semantic/W3_d1/ALGSTRUCT/B.desc	47	f8f7b0f4c2423653c82e5af23efa0ea0d5e86fb7f932478b7f092ba3faf1a909
semantic/W3_d1/ALGSTRUCT/STREAM_HASH_A_B.desc	43	91fa2aec6956910a282e26f8f428ec61448ae55aa3da815f9b270b5f0c8c0033
semantic/W3_d1/ALGSTRUCT/STREAM_HASH_A_B.meta	26	c5c1f6d4d5d8f170e3f605aa80672d4252c7534acfafb39171fba561c6228d43
semantic/W3_d1/ALGSTRUCT/w3_out_000	576	db914d13d5437de21a5752c8f47b8ec7170b7e9ca789139de50e2cc924d8f9a1
semantic/W3_d1/ALGSTRUCT/w3_out_000.desc	17	108c7a9f011f52dada1fca907b8925712d2f1c57a40c6e26c9930be62d5f01fd
semantic/W3_d1/ALGSTRUCT/w3_out_000.meta	26	79c1b37f03f494db8ec897ffba241bc9c2b2a7424e80c0c05e533f18f9ac127a
semantic/W3_d1/ALGSTRUCT/w3_out_000.shadow	0	e3b0c44298fc1c149afbf4c8996fb92427ae41e4649b934ca495991b7852b855
semantic/W3_d1/ALGSTRUCT/w3_out_001	576	db914d13d5437de21a5752c8f47b8ec7170b7e9ca789139de50e2cc924d8f9a1
semantic/W3_d1/ALGSTRUCT/w3_out_001.desc	17	108c7a9f011f52dada1fca907b8925712d2f1c57a40c6e26c9930be62d5f01fd
semantic/W3_d1/ALGSTRUCT/w3_out_001.meta	26	b312e1315977d2fadfb730e64233110c84c9cbb49c7ce6982eb5308bec0ee377
semantic/W3_d1/ALGSTRUCT/w3_out_001.shadow	0	e3b0c44298fc1c149afbf4c8996fb92427ae41e4649b934ca495991b7852b855
semantic/W3_d1/ALGSTRUCT/w3_out_002	576	db914d13d5437de21a5752c8f47b8ec7170b7e9ca789139de50e2cc924d8f9a1
semantic/W3_d1/ALGSTRUCT/w3_out_002.desc	17	108c7a9f011f52dada1fca907b8925712d2f1c57a40c6e26c9930be62d5f01fd
semantic/W3_d1/ALGSTRUCT/w3_out_002.meta	26	8303f1ad21964c2e99bd619eb8d86f8edf757718fc746cb1367b6657bf35ddc4
semantic/W3_d1/ALGSTRUCT/w3_out_002.shadow	0	e3b0c44298fc1c149afbf4c8996fb92427ae41e4649b934ca495991b7852b855
semantic/W3_d1/ALGSTRUCT/w3_out_003	576	db914d13d5437de21a5752c8f47b8ec7170b7e9ca789139de50e2cc924d8f9a1
semantic/W3_d1/ALGSTRUCT/w3_out_003.desc	17	108c7a9f011f52dada1fca907b8925712d2f1c57a40c6e26c9930be62d5f01fd
semantic/W3_d1/ALGSTRUCT/w3_out_003.meta	26	978edd02c68ec9e18108214782308d8d1a5509ea4b9dea60571bc57c9378faaa
semantic/W3_d1/ALGSTRUCT/w3_out_003.shadow	0	e3b0c44298fc1c149afbf4c8996fb92427ae41e4649b934ca495991b7852b855
semantic/W3_d1/ALGSTRUCT/w3_out_004	576	db914d13d5437de21a5752c8f47b8ec7170b7e9ca789139de50e2cc924d8f9a1
semantic/W3_d1/ALGSTRUCT/w3_out_004.desc	17	108c7a9f011f52dada1fca907b8925712d2f1c57a40c6e26c9930be62d5f01fd
semantic/W3_d1/ALGSTRUCT/w3_out_004.meta	26	bbf709366565450bbec65c69a338861354e9de5b485bd5d09d3bd5eeb61502f4
semantic/W3_d1/ALGSTRUCT/w3_out_004.shadow	0	e3b0c44298fc1c149afbf4c8996fb92427ae41e4649b934ca495991b7852b855
semantic/W3_d1/ALGSTRUCT/w3_out_005	576	db914d13d5437de21a5752c8f47b8ec7170b7e9ca789139de50e2cc924d8f9a1
semantic/W3_d1/ALGSTRUCT/w3_out_005.desc	17	108c7a9f011f52dada1fca907b8925712d2f1c57a40c6e26c9930be62d5f01fd
semantic/W3_d1/ALGSTRUCT/w3_out_005.meta	26	2f06c2f3fcc04ef6b13c5e6df35a72667dbe2eaac2585ed4010baad179b672d1
semantic/W3_d1/ALGSTRUCT/w3_out_005.shadow	0	e3b0c44298fc1c149afbf4c8996fb92427ae41e4649b934ca495991b7852b855
semantic/W3_d1/ALGSTRUCT/w3_out_006	576	db914d13d5437de21a5752c8f47b8ec7170b7e9ca789139de50e2cc924d8f9a1
semantic/W3_d1/ALGSTRUCT/w3_out_006.desc	17	108c7a9f011f52dada1fca907b8925712d2f1c57a40c6e26c9930be62d5f01fd
semantic/W3_d1/ALGSTRUCT/w3_out_006.meta	26	2e3a4f913756902215b918539f47c5e6353954614585de5f7cd3784267743441
semantic/W3_d1/ALGSTRUCT/w3_out_006.shadow	0	e3b0c44298fc1c149afbf4c8996fb92427ae41e4649b934ca495991b7852b855
semantic/W3_d1/ALGSTRUCT/w3_out_007	576	db914d13d5437de21a5752c8f47b8ec7170b7e9ca789139de50e2cc924d8f9a1
semantic/W3_d1/ALGSTRUCT/w3_out_007.desc	17	108c7a9f011f52dada1fca907b8925712d2f1c57a40c6e26c9930be62d5f01fd
semantic/W3_d1/ALGSTRUCT/w3_out_007.meta	26	f44828ad33298e75142ac4d21b7ec487717daf64288ce019883a951dc4768161
semantic/W3_d1/ALGSTRUCT/w3_out_007.shadow	0	e3b0c44298fc1c149afbf4c8996fb92427ae41e4649b934ca495991b7852b855
semantic/W3_d1/STRUCT/A.desc	47	5787acced769f970ba7f750893bcaa9b5561a220ea42b224db71f7abd71c4dfa
semantic/W3_d1/STRUCT/B.desc	47	f8f7b0f4c2423653c82e5af23efa0ea0d5e86fb7f932478b7f092ba3faf1a909
semantic/W3_d1/STRUCT/STREAM_TIMEMOVE_A.desc	43	91fa2aec6956910a282e26f8f428ec61448ae55aa3da815f9b270b5f0c8c0033
semantic/W3_d1/STRUCT/STREAM_TIMEMOVE_A.meta	26	3d5edd9ca74ac804743fb836150e35b11bc3056bcddf33b3f8467d962d084410
semantic/W3_d1/STRUCT/STREAM_TIMEMOVE_B.desc	43	91fa2aec6956910a282e26f8f428ec61448ae55aa3da815f9b270b5f0c8c0033
semantic/W3_d1/STRUCT/STREAM_TIMEMOVE_B.meta	26	c5b9c259a015c3676b44972e7c06c7ceb7f0aa6affec9a50d9b9e26772543267
semantic/W3_d1/STRUCT/w3_out_000	576	db914d13d5437de21a5752c8f47b8ec7170b7e9ca789139de50e2cc924d8f9a1
semantic/W3_d1/STRUCT/w3_out_000.desc	17	108c7a9f011f52dada1fca907b8925712d2f1c57a40c6e26c9930be62d5f01fd
semantic/W3_d1/STRUCT/w3_out_000.meta	26	28a7a1d2cf677e931eec38964dd3191c4be493ff08231af3dc994b49ebb529d6
semantic/W3_d1/STRUCT/w3_out_000.shadow	0	e3b0c44298fc1c149afbf4c8996fb92427ae41e4649b934ca495991b7852b855
semantic/W3_d1/STRUCT/w3_out_001	576	db914d13d5437de21a5752c8f47b8ec7170b7e9ca789139de50e2cc924d8f9a1
semantic/W3_d1/STRUCT/w3_out_001.desc	17	108c7a9f011f52dada1fca907b8925712d2f1c57a40c6e26c9930be62d5f01fd
semantic/W3_d1/STRUCT/w3_out_001.meta	26	7d9375d3b8fc1347e0420eab53105414535c5187faf5882f58539936d0bdad69
semantic/W3_d1/STRUCT/w3_out_001.shadow	0	e3b0c44298fc1c149afbf4c8996fb92427ae41e4649b934ca495991b7852b855
semantic/W3_d1/STRUCT/w3_out_002	576	db914d13d5437de21a5752c8f47b8ec7170b7e9ca789139de50e2cc924d8f9a1
semantic/W3_d1/STRUCT/w3_out_002.desc	17	108c7a9f011f52dada1fca907b8925712d2f1c57a40c6e26c9930be62d5f01fd
semantic/W3_d1/STRUCT/w3_out_002.meta	26	6c252eff64b5bd593029f71d83e55b3049f599d1a444b29bf756c3799950c7d3
semantic/W3_d1/STRUCT/w3_out_002.shadow	0	e3b0c44298fc1c149afbf4c8996fb92427ae41e4649b934ca495991b7852b855
semantic/W3_d1/STRUCT/w3_out_003	576	db914d13d5437de21a5752c8f47b8ec7170b7e9ca789139de50e2cc924d8f9a1
semantic/W3_d1/STRUCT/w3_out_003.desc	17	108c7a9f011f52dada1fca907b8925712d2f1c57a40c6e26c9930be62d5f01fd
semantic/W3_d1/STRUCT/w3_out_003.meta	26	20895fbae70802a12c098142a8a4e6c767339565d56c53ff82e91df147c50dfa
semantic/W3_d1/STRUCT/w3_out_003.shadow	0	e3b0c44298fc1c149afbf4c8996fb92427ae41e4649b934ca495991b7852b855
semantic/W3_d1/STRUCT/w3_out_004	576	db914d13d5437de21a5752c8f47b8ec7170b7e9ca789139de50e2cc924d8f9a1
semantic/W3_d1/STRUCT/w3_out_004.desc	17	108c7a9f011f52dada1fca907b8925712d2f1c57a40c6e26c9930be62d5f01fd
semantic/W3_d1/STRUCT/w3_out_004.meta	26	13e7ae3f1c9b555e012824a3eb123e343b734ec8760360c1ec074367a8b554a7
semantic/W3_d1/STRUCT/w3_out_004.shadow	0	e3b0c44298fc1c149afbf4c8996fb92427ae41e4649b934ca495991b7852b855
semantic/W3_d1/STRUCT/w3_out_005	576	db914d13d5437de21a5752c8f47b8ec7170b7e9ca789139de50e2cc924d8f9a1
semantic/W3_d1/STRUCT/w3_out_005.desc	17	108c7a9f011f52dada1fca907b8925712d2f1c57a40c6e26c9930be62d5f01fd
semantic/W3_d1/STRUCT/w3_out_005.meta	26	3ddf9ef94bc1db171fbb8fff2486b8839f55b189df77f26a2ed2169a532c103b
semantic/W3_d1/STRUCT/w3_out_005.shadow	0	e3b0c44298fc1c149afbf4c8996fb92427ae41e4649b934ca495991b7852b855
semantic/W3_d1/STRUCT/w3_out_006	576	db914d13d5437de21a5752c8f47b8ec7170b7e9ca789139de50e2cc924d8f9a1
semantic/W3_d1/STRUCT/w3_out_006.desc	17	108c7a9f011f52dada1fca907b8925712d2f1c57a40c6e26c9930be62d5f01fd
semantic/W3_d1/STRUCT/w3_out_006.meta	26	804e62eac29dc412f0f02695b7d9ba498b6f871ee759af33c7ce4d9d0426d8d5
semantic/W3_d1/STRUCT/w3_out_006.shadow	0	e3b0c44298fc1c149afbf4c8996fb92427ae41e4649b934ca495991b7852b855
semantic/W3_d1/STRUCT/w3_out_007	576	db914d13d5437de21a5752c8f47b8ec7170b7e9ca789139de50e2cc924d8f9a1
semantic/W3_d1/STRUCT/w3_out_007.desc	17	108c7a9f011f52dada1fca907b8925712d2f1c57a40c6e26c9930be62d5f01fd
semantic/W3_d1/STRUCT/w3_out_007.meta	26	bccd243f67c1e3914f978f4ec83ca6321dff285a9af4aa48fea0386fd6b2e368
semantic/W3_d1/STRUCT/w3_out_007.shadow	0	e3b0c44298fc1c149afbf4c8996fb92427ae41e4649b934ca495991b7852b855
semantic/W3_d2/ALGSTRUCT/A.desc	47	5787acced769f970ba7f750893bcaa9b5561a220ea42b224db71f7abd71c4dfa
semantic/W3_d2/ALGSTRUCT/B.desc	47	f8f7b0f4c2423653c82e5af23efa0ea0d5e86fb7f932478b7f092ba3faf1a909
semantic/W3_d2/ALGSTRUCT/S1.desc	47	5787acced769f970ba7f750893bcaa9b5561a220ea42b224db71f7abd71c4dfa
semantic/W3_d2/ALGSTRUCT/STREAM_HASH_A_B.desc	43	91fa2aec6956910a282e26f8f428ec61448ae55aa3da815f9b270b5f0c8c0033
semantic/W3_d2/ALGSTRUCT/STREAM_HASH_A_B.meta	26	904c2cf2e589b625f173b26949acd582cc48bdbea4e4f44ac342be3f5080d7f9
semantic/W3_d2/ALGSTRUCT/STREAM_HASH_STREAM_HASH_STREAM_TIMEMOVE_A_STREAM_TIMEMOVE_B_S1.desc	43	91fa2aec6956910a282e26f8f428ec61448ae55aa3da815f9b270b5f0c8c0033
semantic/W3_d2/ALGSTRUCT/STREAM_HASH_STREAM_HASH_STREAM_TIMEMOVE_A_STREAM_TIMEMOVE_B_S1.meta	26	7c1becc05af9e79340c4f8f2e566cead1f0d1926a661a6c13aa9efb3b2af8a08
semantic/W3_d2/ALGSTRUCT/STREAM_HASH_STREAM_TIMEMOVE_A_STREAM_TIMEMOVE_B.desc	43	91fa2aec6956910a282e26f8f428ec61448ae55aa3da815f9b270b5f0c8c0033
semantic/W3_d2/ALGSTRUCT/STREAM_HASH_STREAM_TIMEMOVE_A_STREAM_TIMEMOVE_B.meta	26	e4a9719c60255a10a1878055c08e105a879665ef180d6c0d7c5b42845c888c53
semantic/W3_d2/ALGSTRUCT/w3_out_000	468	16046da8668414675e2853124983a7d6dcdf5e9e7818d9c576dc620230fbb5ff
semantic/W3_d2/ALGSTRUCT/w3_out_000.desc	17	108c7a9f011f52dada1fca907b8925712d2f1c57a40c6e26c9930be62d5f01fd
semantic/W3_d2/ALGSTRUCT/w3_out_000.meta	26	c74e24c219a655dab32041d34b1faf4c9a6a66a33e7a9e6e02488f83e4d5dc4d
semantic/W3_d2/ALGSTRUCT/w3_out_000.shadow	0	e3b0c44298fc1c149afbf4c8996fb92427ae41e4649b934ca495991b7852b855
semantic/W3_d2/ALGSTRUCT/w3_out_001	468	16046da8668414675e2853124983a7d6dcdf5e9e7818d9c576dc620230fbb5ff
semantic/W3_d2/ALGSTRUCT/w3_out_001.desc	17	108c7a9f011f52dada1fca907b8925712d2f1c57a40c6e26c9930be62d5f01fd
semantic/W3_d2/ALGSTRUCT/w3_out_001.meta	26	0f57d814b4fedee21221cfc5beb8afd5774460415fd72c6a82cc91b81f0dfd54
semantic/W3_d2/ALGSTRUCT/w3_out_001.shadow	0	e3b0c44298fc1c149afbf4c8996fb92427ae41e4649b934ca495991b7852b855
semantic/W3_d2/ALGSTRUCT/w3_out_002	468	16046da8668414675e2853124983a7d6dcdf5e9e7818d9c576dc620230fbb5ff
semantic/W3_d2/ALGSTRUCT/w3_out_002.desc	17	108c7a9f011f52dada1fca907b8925712d2f1c57a40c6e26c9930be62d5f01fd
semantic/W3_d2/ALGSTRUCT/w3_out_002.meta	26	40dd51af18d78c0d21e8c3de39c9907566e0a8a4945b5ac068c7a8959c9335ee
semantic/W3_d2/ALGSTRUCT/w3_out_002.shadow	0	e3b0c44298fc1c149afbf4c8996fb92427ae41e4649b934ca495991b7852b855
semantic/W3_d2/ALGSTRUCT/w3_out_003	468	16046da8668414675e2853124983a7d6dcdf5e9e7818d9c576dc620230fbb5ff
semantic/W3_d2/ALGSTRUCT/w3_out_003.desc	17	108c7a9f011f52dada1fca907b8925712d2f1c57a40c6e26c9930be62d5f01fd
semantic/W3_d2/ALGSTRUCT/w3_out_003.meta	26	9e5f3eeb601aa63e8c2d21a7a33770e06b6f58bac3396c45a67493519a98ee6a
semantic/W3_d2/ALGSTRUCT/w3_out_003.shadow	0	e3b0c44298fc1c149afbf4c8996fb92427ae41e4649b934ca495991b7852b855
semantic/W3_d2/ALGSTRUCT/w3_out_004	468	16046da8668414675e2853124983a7d6dcdf5e9e7818d9c576dc620230fbb5ff
semantic/W3_d2/ALGSTRUCT/w3_out_004.desc	17	108c7a9f011f52dada1fca907b8925712d2f1c57a40c6e26c9930be62d5f01fd
semantic/W3_d2/ALGSTRUCT/w3_out_004.meta	26	505f1580452bb887e9a250232434262c19f32e603161abbfb89ea7875e1f9cf5
semantic/W3_d2/ALGSTRUCT/w3_out_004.shadow	0	e3b0c44298fc1c149afbf4c8996fb92427ae41e4649b934ca495991b7852b855
semantic/W3_d2/ALGSTRUCT/w3_out_005	468	16046da8668414675e2853124983a7d6dcdf5e9e7818d9c576dc620230fbb5ff
semantic/W3_d2/ALGSTRUCT/w3_out_005.desc	17	108c7a9f011f52dada1fca907b8925712d2f1c57a40c6e26c9930be62d5f01fd
semantic/W3_d2/ALGSTRUCT/w3_out_005.meta	26	042f92a2c9a505aeac060b9d17eb16b96aa10b728ae6c5c88370733b632f03c8
semantic/W3_d2/ALGSTRUCT/w3_out_005.shadow	0	e3b0c44298fc1c149afbf4c8996fb92427ae41e4649b934ca495991b7852b855
semantic/W3_d2/ALGSTRUCT/w3_out_006	468	16046da8668414675e2853124983a7d6dcdf5e9e7818d9c576dc620230fbb5ff
semantic/W3_d2/ALGSTRUCT/w3_out_006.desc	17	108c7a9f011f52dada1fca907b8925712d2f1c57a40c6e26c9930be62d5f01fd
semantic/W3_d2/ALGSTRUCT/w3_out_006.meta	26	7cf9795efb27f5bfbbe799e8eade516fe1fd9bc069ea147f5a18f1dad4266777
semantic/W3_d2/ALGSTRUCT/w3_out_006.shadow	0	e3b0c44298fc1c149afbf4c8996fb92427ae41e4649b934ca495991b7852b855
semantic/W3_d2/ALGSTRUCT/w3_out_007	468	16046da8668414675e2853124983a7d6dcdf5e9e7818d9c576dc620230fbb5ff
semantic/W3_d2/ALGSTRUCT/w3_out_007.desc	17	108c7a9f011f52dada1fca907b8925712d2f1c57a40c6e26c9930be62d5f01fd
semantic/W3_d2/ALGSTRUCT/w3_out_007.meta	26	21ba9529f844cbaf7c405c2815557ea9f9c6c280651468f1720e5856aba01355
semantic/W3_d2/ALGSTRUCT/w3_out_007.shadow	0	e3b0c44298fc1c149afbf4c8996fb92427ae41e4649b934ca495991b7852b855
semantic/W3_d2/STRUCT/A.desc	47	5787acced769f970ba7f750893bcaa9b5561a220ea42b224db71f7abd71c4dfa
semantic/W3_d2/STRUCT/B.desc	47	f8f7b0f4c2423653c82e5af23efa0ea0d5e86fb7f932478b7f092ba3faf1a909
semantic/W3_d2/STRUCT/S1.desc	47	5787acced769f970ba7f750893bcaa9b5561a220ea42b224db71f7abd71c4dfa
semantic/W3_d2/STRUCT/STREAM_HASH_STREAM_TIMEMOVE_A_STREAM_TIMEMOVE_B.desc	43	c89fdf8049568277a1996e21f00e7c972a51d645b51886c8b4b004e4b9bda602
semantic/W3_d2/STRUCT/STREAM_HASH_STREAM_TIMEMOVE_A_STREAM_TIMEMOVE_B.meta	26	a31377560ae2cecbc235e3d442c957a6a264b69bc94d6c1e89770a97e52db306
semantic/W3_d2/STRUCT/STREAM_TIMEMOVE_A.desc	43	91fa2aec6956910a282e26f8f428ec61448ae55aa3da815f9b270b5f0c8c0033
semantic/W3_d2/STRUCT/STREAM_TIMEMOVE_A.meta	26	d3f7185d49cf43c44c1fb18ead0a2b28f04110776b75b1f079d8a967722d09b3
semantic/W3_d2/STRUCT/STREAM_TIMEMOVE_B.desc	43	91fa2aec6956910a282e26f8f428ec61448ae55aa3da815f9b270b5f0c8c0033
semantic/W3_d2/STRUCT/STREAM_TIMEMOVE_B.meta	26	a5d944f7bbbd2a4b73838de605c69a1be4be4aaf6f53ba2de649d27974424791
semantic/W3_d2/STRUCT/STREAM_TIMEMOVE_S1.desc	43	ac73757d4bff8985fb902a1cf043a19b8d954e2bad8434282297641fef0db98d
semantic/W3_d2/STRUCT/STREAM_TIMEMOVE_S1.meta	26	9eabc03c10abc82fb47c378bc0eda1813b79b7220b0756c2e10b4af9d561f35c
semantic/W3_d2/STRUCT/STREAM_TIMEMOVE_STREAM_HASH_STREAM_TIMEMOVE_A_STREAM_TIMEMOVE_B.desc	43	91fa2aec6956910a282e26f8f428ec61448ae55aa3da815f9b270b5f0c8c0033
semantic/W3_d2/STRUCT/STREAM_TIMEMOVE_STREAM_HASH_STREAM_TIMEMOVE_A_STREAM_TIMEMOVE_B.meta	26	3486751712c91c9ab9c3d4e32a1c9ad902552b2d112d035e3a8d5acb7afe1264
semantic/W3_d2/STRUCT/w3_out_000	468	16046da8668414675e2853124983a7d6dcdf5e9e7818d9c576dc620230fbb5ff
semantic/W3_d2/STRUCT/w3_out_000.desc	17	108c7a9f011f52dada1fca907b8925712d2f1c57a40c6e26c9930be62d5f01fd
semantic/W3_d2/STRUCT/w3_out_000.meta	26	af32a14b2f6f4e2c2cb6852697d8f680abe8d13af34f05eb8806fb0db059091d
semantic/W3_d2/STRUCT/w3_out_000.shadow	0	e3b0c44298fc1c149afbf4c8996fb92427ae41e4649b934ca495991b7852b855
semantic/W3_d2/STRUCT/w3_out_001	468	16046da8668414675e2853124983a7d6dcdf5e9e7818d9c576dc620230fbb5ff
semantic/W3_d2/STRUCT/w3_out_001.desc	17	108c7a9f011f52dada1fca907b8925712d2f1c57a40c6e26c9930be62d5f01fd
semantic/W3_d2/STRUCT/w3_out_001.meta	26	85f62a2e89cc430da134a44dc0b651eaf57a599dd6cad66a99673e8007e9c728
semantic/W3_d2/STRUCT/w3_out_001.shadow	0	e3b0c44298fc1c149afbf4c8996fb92427ae41e4649b934ca495991b7852b855
semantic/W3_d2/STRUCT/w3_out_002	468	16046da8668414675e2853124983a7d6dcdf5e9e7818d9c576dc620230fbb5ff
semantic/W3_d2/STRUCT/w3_out_002.desc	17	108c7a9f011f52dada1fca907b8925712d2f1c57a40c6e26c9930be62d5f01fd
semantic/W3_d2/STRUCT/w3_out_002.meta	26	ce83067729ca3708bb40c4d32a921cb73617d297a1df8574773c22792ad0e96f
semantic/W3_d2/STRUCT/w3_out_002.shadow	0	e3b0c44298fc1c149afbf4c8996fb92427ae41e4649b934ca495991b7852b855
semantic/W3_d2/STRUCT/w3_out_003	468	16046da8668414675e2853124983a7d6dcdf5e9e7818d9c576dc620230fbb5ff
semantic/W3_d2/STRUCT/w3_out_003.desc	17	108c7a9f011f52dada1fca907b8925712d2f1c57a40c6e26c9930be62d5f01fd
semantic/W3_d2/STRUCT/w3_out_003.meta	26	504276eb5683d2fefdc6eb9231587985b39b1e3af8015c38dd6a3425a2080a2c
semantic/W3_d2/STRUCT/w3_out_003.shadow	0	e3b0c44298fc1c149afbf4c8996fb92427ae41e4649b934ca495991b7852b855
semantic/W3_d2/STRUCT/w3_out_004	468	16046da8668414675e2853124983a7d6dcdf5e9e7818d9c576dc620230fbb5ff
semantic/W3_d2/STRUCT/w3_out_004.desc	17	108c7a9f011f52dada1fca907b8925712d2f1c57a40c6e26c9930be62d5f01fd
semantic/W3_d2/STRUCT/w3_out_004.meta	26	56f11d61fec128d0f0ca96296cf648552ff5c5c82f97d11cf80c7f3cfdf27868
semantic/W3_d2/STRUCT/w3_out_004.shadow	0	e3b0c44298fc1c149afbf4c8996fb92427ae41e4649b934ca495991b7852b855
semantic/W3_d2/STRUCT/w3_out_005	468	16046da8668414675e2853124983a7d6dcdf5e9e7818d9c576dc620230fbb5ff
semantic/W3_d2/STRUCT/w3_out_005.desc	17	108c7a9f011f52dada1fca907b8925712d2f1c57a40c6e26c9930be62d5f01fd
semantic/W3_d2/STRUCT/w3_out_005.meta	26	96e65621f85b0a7750424ac24f22db89a73559de63825a50edd93f4880f4ce97
semantic/W3_d2/STRUCT/w3_out_005.shadow	0	e3b0c44298fc1c149afbf4c8996fb92427ae41e4649b934ca495991b7852b855
semantic/W3_d2/STRUCT/w3_out_006	468	16046da8668414675e2853124983a7d6dcdf5e9e7818d9c576dc620230fbb5ff
semantic/W3_d2/STRUCT/w3_out_006.desc	17	108c7a9f011f52dada1fca907b8925712d2f1c57a40c6e26c9930be62d5f01fd
semantic/W3_d2/STRUCT/w3_out_006.meta	26	dd3e3228d9c52551ee77155f0adca462994a4082c49ce9b0e7b435ac0390c820
semantic/W3_d2/STRUCT/w3_out_006.shadow	0	e3b0c44298fc1c149afbf4c8996fb92427ae41e4649b934ca495991b7852b855
semantic/W3_d2/STRUCT/w3_out_007	468	16046da8668414675e2853124983a7d6dcdf5e9e7818d9c576dc620230fbb5ff
semantic/W3_d2/STRUCT/w3_out_007.desc	17	108c7a9f011f52dada1fca907b8925712d2f1c57a40c6e26c9930be62d5f01fd
semantic/W3_d2/STRUCT/w3_out_007.meta	26	3baa8e6401c92fd569de58685ad7d3dcd2cb6ae5df2da3b442dc4fb39f8e8f17
semantic/W3_d2/STRUCT/w3_out_007.shadow	0	e3b0c44298fc1c149afbf4c8996fb92427ae41e4649b934ca495991b7852b855
semantic/W3_d3/ALGSTRUCT/A.desc	47	5787acced769f970ba7f750893bcaa9b5561a220ea42b224db71f7abd71c4dfa
semantic/W3_d3/ALGSTRUCT/B.desc	47	f8f7b0f4c2423653c82e5af23efa0ea0d5e86fb7f932478b7f092ba3faf1a909
semantic/W3_d3/ALGSTRUCT/S1.desc	47	5787acced769f970ba7f750893bcaa9b5561a220ea42b224db71f7abd71c4dfa
semantic/W3_d3/ALGSTRUCT/S2.desc	47	5787acced769f970ba7f750893bcaa9b5561a220ea42b224db71f7abd71c4dfa
semantic/W3_d3/ALGSTRUCT/STREAM_HASH_A_B.desc	43	91fa2aec6956910a282e26f8f428ec61448ae55aa3da815f9b270b5f0c8c0033
semantic/W3_d3/ALGSTRUCT/STREAM_HASH_A_B.meta	26	8cf1028b5fd466b27d31e425f41ca5fc39020baab0959129bd0d52e13939b63f
semantic/W3_d3/ALGSTRUCT/STREAM_HASH_STREAM_HASH_STREAM_TIMEMOVE_A_STREAM_TIMEMOVE_B_S1.desc	43	91fa2aec6956910a282e26f8f428ec61448ae55aa3da815f9b270b5f0c8c0033
semantic/W3_d3/ALGSTRUCT/STREAM_HASH_STREAM_HASH_STREAM_TIMEMOVE_A_STREAM_TIMEMOVE_B_S1.meta	26	91ac479a62c58b99b063556aa188f5e10e16a048654e9cb8ca2494cb71cf1b24
semantic/W3_d3/ALGSTRUCT/STREAM_HASH_STREAM_HASH_STREAM_TIMEMOVE_STREAM_HASH_STREAM_TIMEMOVE_A_STREAM_TIMEMOVE_B_STREAM_TIMEMOVE_S1_S2.desc	43	91fa2aec6956910a282e26f8f428ec61448ae55aa3da815f9b270b5f0c8c0033
semantic/W3_d3/ALGSTRUCT/STREAM_HASH_STREAM_HASH_STREAM_TIMEMOVE_STREAM_HASH_STREAM_TIMEMOVE_A_STREAM_TIMEMOVE_B_STREAM_TIMEMOVE_S1_S2.meta	26	e4bfae404afadb186de3f2bbf1c612934134c5d769eb8a77baa4495e96b55aa0
semantic/W3_d3/ALGSTRUCT/STREAM_HASH_STREAM_TIMEMOVE_A_STREAM_TIMEMOVE_B.desc	43	91fa2aec6956910a282e26f8f428ec61448ae55aa3da815f9b270b5f0c8c0033
semantic/W3_d3/ALGSTRUCT/STREAM_HASH_STREAM_TIMEMOVE_A_STREAM_TIMEMOVE_B.meta	26	ea6bb991695b4fa2c8559c93db8cb890e29c641739b699821ca277d387d2296b
semantic/W3_d3/ALGSTRUCT/STREAM_HASH_STREAM_TIMEMOVE_STREAM_HASH_STREAM_TIMEMOVE_A_STREAM_TIMEMOVE_B_STREAM_TIMEMOVE_S1.desc	43	91fa2aec6956910a282e26f8f428ec61448ae55aa3da815f9b270b5f0c8c0033
semantic/W3_d3/ALGSTRUCT/STREAM_HASH_STREAM_TIMEMOVE_STREAM_HASH_STREAM_TIMEMOVE_A_STREAM_TIMEMOVE_B_STREAM_TIMEMOVE_S1.meta	26	ba520c87e110fdfd5380b563db2d1d4611bf93c1084cc16328c6f662f29a2abd
semantic/W3_d3/ALGSTRUCT/w3_out_000	388	bb16ae46f8a4d9156119d156d47b33f83c02d87081fb616fac20c14ccb9f98b1
semantic/W3_d3/ALGSTRUCT/w3_out_000.desc	17	108c7a9f011f52dada1fca907b8925712d2f1c57a40c6e26c9930be62d5f01fd
semantic/W3_d3/ALGSTRUCT/w3_out_000.meta	26	d1a723ad0bd954509fb771c6ec738c2cad0c1e609d3f4dc85d8004392ca4336f
semantic/W3_d3/ALGSTRUCT/w3_out_000.shadow	0	e3b0c44298fc1c149afbf4c8996fb92427ae41e4649b934ca495991b7852b855
semantic/W3_d3/ALGSTRUCT/w3_out_001	388	bb16ae46f8a4d9156119d156d47b33f83c02d87081fb616fac20c14ccb9f98b1
semantic/W3_d3/ALGSTRUCT/w3_out_001.desc	17	108c7a9f011f52dada1fca907b8925712d2f1c57a40c6e26c9930be62d5f01fd
semantic/W3_d3/ALGSTRUCT/w3_out_001.meta	26	b48de7b9434f4db052e516501b56a0e7c1e8c3ebf6c0f57444719f7c16fb3801
semantic/W3_d3/ALGSTRUCT/w3_out_001.shadow	0	e3b0c44298fc1c149afbf4c8996fb92427ae41e4649b934ca495991b7852b855
semantic/W3_d3/ALGSTRUCT/w3_out_002	388	bb16ae46f8a4d9156119d156d47b33f83c02d87081fb616fac20c14ccb9f98b1
semantic/W3_d3/ALGSTRUCT/w3_out_002.desc	17	108c7a9f011f52dada1fca907b8925712d2f1c57a40c6e26c9930be62d5f01fd
semantic/W3_d3/ALGSTRUCT/w3_out_002.meta	26	af7721df0540e2f002c6b008679dc952e880870905c2785df0b6842eac1956a3
semantic/W3_d3/ALGSTRUCT/w3_out_002.shadow	0	e3b0c44298fc1c149afbf4c8996fb92427ae41e4649b934ca495991b7852b855
semantic/W3_d3/ALGSTRUCT/w3_out_003	388	bb16ae46f8a4d9156119d156d47b33f83c02d87081fb616fac20c14ccb9f98b1
semantic/W3_d3/ALGSTRUCT/w3_out_003.desc	17	108c7a9f011f52dada1fca907b8925712d2f1c57a40c6e26c9930be62d5f01fd
semantic/W3_d3/ALGSTRUCT/w3_out_003.meta	26	eccf36e5dd3fbedfa47f348322cf8654b82374fdab5480163a40d2e2eb6f293f
semantic/W3_d3/ALGSTRUCT/w3_out_003.shadow	0	e3b0c44298fc1c149afbf4c8996fb92427ae41e4649b934ca495991b7852b855
semantic/W3_d3/ALGSTRUCT/w3_out_004	388	bb16ae46f8a4d9156119d156d47b33f83c02d87081fb616fac20c14ccb9f98b1
semantic/W3_d3/ALGSTRUCT/w3_out_004.desc	17	108c7a9f011f52dada1fca907b8925712d2f1c57a40c6e26c9930be62d5f01fd
semantic/W3_d3/ALGSTRUCT/w3_out_004.meta	26	29e6953bab2f51012868040358d4673e417b5895b343520959c99fac93cc7a4f
semantic/W3_d3/ALGSTRUCT/w3_out_004.shadow	0	e3b0c44298fc1c149afbf4c8996fb92427ae41e4649b934ca495991b7852b855
semantic/W3_d3/ALGSTRUCT/w3_out_005	388	bb16ae46f8a4d9156119d156d47b33f83c02d87081fb616fac20c14ccb9f98b1
semantic/W3_d3/ALGSTRUCT/w3_out_005.desc	17	108c7a9f011f52dada1fca907b8925712d2f1c57a40c6e26c9930be62d5f01fd
semantic/W3_d3/ALGSTRUCT/w3_out_005.meta	26	122d78fbaf53166e8900c280f11068e16281a140ed14231569607cf25d4febbb
semantic/W3_d3/ALGSTRUCT/w3_out_005.shadow	0	e3b0c44298fc1c149afbf4c8996fb92427ae41e4649b934ca495991b7852b855
semantic/W3_d3/ALGSTRUCT/w3_out_006	388	bb16ae46f8a4d9156119d156d47b33f83c02d87081fb616fac20c14ccb9f98b1
semantic/W3_d3/ALGSTRUCT/w3_out_006.desc	17	108c7a9f011f52dada1fca907b8925712d2f1c57a40c6e26c9930be62d5f01fd
semantic/W3_d3/ALGSTRUCT/w3_out_006.meta	26	bfe78c33b8a87ba4e13b0a6962a2f0fa4bdf6718190f75b61e8de46e0a25ca29
semantic/W3_d3/ALGSTRUCT/w3_out_006.shadow	0	e3b0c44298fc1c149afbf4c8996fb92427ae41e4649b934ca495991b7852b855
semantic/W3_d3/ALGSTRUCT/w3_out_007	388	bb16ae46f8a4d9156119d156d47b33f83c02d87081fb616fac20c14ccb9f98b1
semantic/W3_d3/ALGSTRUCT/w3_out_007.desc	17	108c7a9f011f52dada1fca907b8925712d2f1c57a40c6e26c9930be62d5f01fd
semantic/W3_d3/ALGSTRUCT/w3_out_007.meta	26	90b0b4b725a22b69e55129c4cf9371656adfefeff92d660baaa53de9086c1c8e
semantic/W3_d3/ALGSTRUCT/w3_out_007.shadow	0	e3b0c44298fc1c149afbf4c8996fb92427ae41e4649b934ca495991b7852b855
semantic/W3_d3/STRUCT/A.desc	47	5787acced769f970ba7f750893bcaa9b5561a220ea42b224db71f7abd71c4dfa
semantic/W3_d3/STRUCT/B.desc	47	f8f7b0f4c2423653c82e5af23efa0ea0d5e86fb7f932478b7f092ba3faf1a909
semantic/W3_d3/STRUCT/S1.desc	47	5787acced769f970ba7f750893bcaa9b5561a220ea42b224db71f7abd71c4dfa
semantic/W3_d3/STRUCT/S2.desc	47	5787acced769f970ba7f750893bcaa9b5561a220ea42b224db71f7abd71c4dfa
semantic/W3_d3/STRUCT/STREAM_HASH_STREAM_TIMEMOVE_A_STREAM_TIMEMOVE_B.desc	43	c89fdf8049568277a1996e21f00e7c972a51d645b51886c8b4b004e4b9bda602
semantic/W3_d3/STRUCT/STREAM_HASH_STREAM_TIMEMOVE_A_STREAM_TIMEMOVE_B.meta	26	5d87dfece86d892da929af6769536f8a906c747f49c4c5f02b316aec6d101e0c
semantic/W3_d3/STRUCT/STREAM_HASH_STREAM_TIMEMOVE_STREAM_HASH_STREAM_TIMEMOVE_A_STREAM_TIMEMOVE_B_STREAM_TIMEMOVE_S1.desc	43	c89fdf8049568277a1996e21f00e7c972a51d645b51886c8b4b004e4b9bda602
semantic/W3_d3/STRUCT/STREAM_HASH_STREAM_TIMEMOVE_STREAM_HASH_STREAM_TIMEMOVE_A_STREAM_TIMEMOVE_B_STREAM_TIMEMOVE_S1.meta	26	7208aa47cb0fcbc624bf1d4d5b2df3e9d35b066bb2bed888fa18816083643bb9
semantic/W3_d3/STRUCT/STREAM_TIMEMOVE_A.desc	43	91fa2aec6956910a282e26f8f428ec61448ae55aa3da815f9b270b5f0c8c0033
semantic/W3_d3/STRUCT/STREAM_TIMEMOVE_A.meta	26	dca563375c544387bc927fe11eed10d7c9f08bb397bf71bb838ccec14947bbb0
semantic/W3_d3/STRUCT/STREAM_TIMEMOVE_B.desc	43	91fa2aec6956910a282e26f8f428ec61448ae55aa3da815f9b270b5f0c8c0033
semantic/W3_d3/STRUCT/STREAM_TIMEMOVE_B.meta	26	bbc2e6058200601db84dec7b557438db0b7751aeaf0630a13cbcc77c00ebe5b1
semantic/W3_d3/STRUCT/STREAM_TIMEMOVE_S1.desc	43	ac73757d4bff8985fb902a1cf043a19b8d954e2bad8434282297641fef0db98d
semantic/W3_d3/STRUCT/STREAM_TIMEMOVE_S1.meta	26	fd4c7d00d200ad62c134c79d127565ac7bfdce99d30435ea4df563438570767e
semantic/W3_d3/STRUCT/STREAM_TIMEMOVE_S2.desc	43	6d3a326c95e7f6d8e28f60fb399e7c48f4ae4de85827116cc2b855fc652dd46c
semantic/W3_d3/STRUCT/STREAM_TIMEMOVE_S2.meta	26	57c5942120df7284c47602f8490ff5e5ba615cbe03b8ed1ffb4342cf2a51c608
semantic/W3_d3/STRUCT/STREAM_TIMEMOVE_STREAM_HASH_STREAM_TIMEMOVE_A_STREAM_TIMEMOVE_B.desc	43	91fa2aec6956910a282e26f8f428ec61448ae55aa3da815f9b270b5f0c8c0033
semantic/W3_d3/STRUCT/STREAM_TIMEMOVE_STREAM_HASH_STREAM_TIMEMOVE_A_STREAM_TIMEMOVE_B.meta	26	6c4a1855e61666427626a79ca7f83ce0e1bd71fc48c72191614699d40391cc4b
semantic/W3_d3/STRUCT/STREAM_TIMEMOVE_STREAM_HASH_STREAM_TIMEMOVE_STREAM_HASH_STREAM_TIMEMOVE_A_STREAM_TIMEMOVE_B_STREAM_TIMEMOVE_S1.desc	43	91fa2aec6956910a282e26f8f428ec61448ae55aa3da815f9b270b5f0c8c0033
semantic/W3_d3/STRUCT/STREAM_TIMEMOVE_STREAM_HASH_STREAM_TIMEMOVE_STREAM_HASH_STREAM_TIMEMOVE_A_STREAM_TIMEMOVE_B_STREAM_TIMEMOVE_S1.meta	26	8a2faeae3be79f39c6800520fc3ffc5c76876a45aeb891d68124652999cb130c
semantic/W3_d3/STRUCT/w3_out_000	388	bb16ae46f8a4d9156119d156d47b33f83c02d87081fb616fac20c14ccb9f98b1
semantic/W3_d3/STRUCT/w3_out_000.desc	17	108c7a9f011f52dada1fca907b8925712d2f1c57a40c6e26c9930be62d5f01fd
semantic/W3_d3/STRUCT/w3_out_000.meta	26	96e020469fad7652d9c35104e3d5a7c9d01be3de4bc102a87182b177d639a22a
semantic/W3_d3/STRUCT/w3_out_000.shadow	0	e3b0c44298fc1c149afbf4c8996fb92427ae41e4649b934ca495991b7852b855
semantic/W3_d3/STRUCT/w3_out_001	388	bb16ae46f8a4d9156119d156d47b33f83c02d87081fb616fac20c14ccb9f98b1
semantic/W3_d3/STRUCT/w3_out_001.desc	17	108c7a9f011f52dada1fca907b8925712d2f1c57a40c6e26c9930be62d5f01fd
semantic/W3_d3/STRUCT/w3_out_001.meta	26	8ea65108e265775c87aca85eb23c30e2b7a3fdb926b8a161d6184ae79bcc7b61
semantic/W3_d3/STRUCT/w3_out_001.shadow	0	e3b0c44298fc1c149afbf4c8996fb92427ae41e4649b934ca495991b7852b855
semantic/W3_d3/STRUCT/w3_out_002	388	bb16ae46f8a4d9156119d156d47b33f83c02d87081fb616fac20c14ccb9f98b1
semantic/W3_d3/STRUCT/w3_out_002.desc	17	108c7a9f011f52dada1fca907b8925712d2f1c57a40c6e26c9930be62d5f01fd
semantic/W3_d3/STRUCT/w3_out_002.meta	26	f9ce1848cbf65d8266c974f4ecdc3c037b89f9eab325200e76fe5d2208461af6
semantic/W3_d3/STRUCT/w3_out_002.shadow	0	e3b0c44298fc1c149afbf4c8996fb92427ae41e4649b934ca495991b7852b855
semantic/W3_d3/STRUCT/w3_out_003	388	bb16ae46f8a4d9156119d156d47b33f83c02d87081fb616fac20c14ccb9f98b1
semantic/W3_d3/STRUCT/w3_out_003.desc	17	108c7a9f011f52dada1fca907b8925712d2f1c57a40c6e26c9930be62d5f01fd
semantic/W3_d3/STRUCT/w3_out_003.meta	26	53d2e91248ec00b64b2f2d8f3fc511f78cd0190029178a6a9a4a0859f3a7ec35
semantic/W3_d3/STRUCT/w3_out_003.shadow	0	e3b0c44298fc1c149afbf4c8996fb92427ae41e4649b934ca495991b7852b855
semantic/W3_d3/STRUCT/w3_out_004	388	bb16ae46f8a4d9156119d156d47b33f83c02d87081fb616fac20c14ccb9f98b1
semantic/W3_d3/STRUCT/w3_out_004.desc	17	108c7a9f011f52dada1fca907b8925712d2f1c57a40c6e26c9930be62d5f01fd
semantic/W3_d3/STRUCT/w3_out_004.meta	26	7d7229a5fc4fb70fd35d889486c53371a679e14b0e8124418a7db9d93664f245
semantic/W3_d3/STRUCT/w3_out_004.shadow	0	e3b0c44298fc1c149afbf4c8996fb92427ae41e4649b934ca495991b7852b855
semantic/W3_d3/STRUCT/w3_out_005	388	bb16ae46f8a4d9156119d156d47b33f83c02d87081fb616fac20c14ccb9f98b1
semantic/W3_d3/STRUCT/w3_out_005.desc	17	108c7a9f011f52dada1fca907b8925712d2f1c57a40c6e26c9930be62d5f01fd
semantic/W3_d3/STRUCT/w3_out_005.meta	26	a787914a4b5e67649ac61561b4e39aefb073e47cbbcc0e6dced6fe43873c1be3
semantic/W3_d3/STRUCT/w3_out_005.shadow	0	e3b0c44298fc1c149afbf4c8996fb92427ae41e4649b934ca495991b7852b855
semantic/W3_d3/STRUCT/w3_out_006	388	bb16ae46f8a4d9156119d156d47b33f83c02d87081fb616fac20c14ccb9f98b1
semantic/W3_d3/STRUCT/w3_out_006.desc	17	108c7a9f011f52dada1fca907b8925712d2f1c57a40c6e26c9930be62d5f01fd
semantic/W3_d3/STRUCT/w3_out_006.meta	26	659182bb69b5d047a67602a61f0a9183e82cf6eab7c705e516c7cf9cc876bf88
semantic/W3_d3/STRUCT/w3_out_006.shadow	0	e3b0c44298fc1c149afbf4c8996fb92427ae41e4649b934ca495991b7852b855
semantic/W3_d3/STRUCT/w3_out_007	388	bb16ae46f8a4d9156119d156d47b33f83c02d87081fb616fac20c14ccb9f98b1
semantic/W3_d3/STRUCT/w3_out_007.desc	17	108c7a9f011f52dada1fca907b8925712d2f1c57a40c6e26c9930be62d5f01fd
semantic/W3_d3/STRUCT/w3_out_007.meta	26	7f80cd3257a91ae3cf18d0decdf8bf0af4c458c8fbfe15534c4da3da6fb1e816
semantic/W3_d3/STRUCT/w3_out_007.shadow	0	e3b0c44298fc1c149afbf4c8996fb92427ae41e4649b934ca495991b7852b855
semantic/W4_Q01/ALGSTRUCT/A.desc	47	5787acced769f970ba7f750893bcaa9b5561a220ea42b224db71f7abd71c4dfa
semantic/W4_Q01/ALGSTRUCT/B.desc	47	f8f7b0f4c2423653c82e5af23efa0ea0d5e86fb7f932478b7f092ba3faf1a909
semantic/W4_Q01/ALGSTRUCT/STREAM_HASH_A_B.desc	43	91fa2aec6956910a282e26f8f428ec61448ae55aa3da815f9b270b5f0c8c0033
semantic/W4_Q01/ALGSTRUCT/STREAM_HASH_A_B.meta	26	a635ce83f8a73aec1cd30685fec295c6d5a9e6a6c210cf3510eaaf724ec0a32e
semantic/W4_Q01/ALGSTRUCT/w4_out_000	1152	74edd2fd528288101488a86310173d71587fbf5b26f76b1d89aa2da694f6ec12
semantic/W4_Q01/ALGSTRUCT/w4_out_000.desc	46	b56947ddfe1f3d5da596eabade3aac58432e202ccd59dade8dcc05673df7db03
semantic/W4_Q01/ALGSTRUCT/w4_out_000.meta	26	39fe9b201f4bfb0320125caa72c00376f0e0d2a82dc59ff33572ccf5e31ae190
semantic/W4_Q01/ALGSTRUCT/w4_out_000.shadow	0	e3b0c44298fc1c149afbf4c8996fb92427ae41e4649b934ca495991b7852b855
semantic/W4_Q01/STRUCT/A.desc	47	5787acced769f970ba7f750893bcaa9b5561a220ea42b224db71f7abd71c4dfa
semantic/W4_Q01/STRUCT/B.desc	47	f8f7b0f4c2423653c82e5af23efa0ea0d5e86fb7f932478b7f092ba3faf1a909
semantic/W4_Q01/STRUCT/STREAM_TIMEMOVE_A.desc	43	91fa2aec6956910a282e26f8f428ec61448ae55aa3da815f9b270b5f0c8c0033
semantic/W4_Q01/STRUCT/STREAM_TIMEMOVE_A.meta	26	a45d94ce0091f59ac4f4c56b344aa072e50245b1d795573316a0099c5139bc42
semantic/W4_Q01/STRUCT/STREAM_TIMEMOVE_B.desc	43	91fa2aec6956910a282e26f8f428ec61448ae55aa3da815f9b270b5f0c8c0033
semantic/W4_Q01/STRUCT/STREAM_TIMEMOVE_B.meta	26	c2a0c18c97d519a1417e4ea664e2dcdf37dbc01ab44faadae509db013f7b9a93
semantic/W4_Q01/STRUCT/w4_out_000	1152	74edd2fd528288101488a86310173d71587fbf5b26f76b1d89aa2da694f6ec12
semantic/W4_Q01/STRUCT/w4_out_000.desc	46	b56947ddfe1f3d5da596eabade3aac58432e202ccd59dade8dcc05673df7db03
semantic/W4_Q01/STRUCT/w4_out_000.meta	26	6a12f5c1dc5f08354eac8c4bad8b23d9d82451982aec4863eeaa7e83328167a2
semantic/W4_Q01/STRUCT/w4_out_000.shadow	0	e3b0c44298fc1c149afbf4c8996fb92427ae41e4649b934ca495991b7852b855
semantic/W4_Q02/ALGSTRUCT/A.desc	47	5787acced769f970ba7f750893bcaa9b5561a220ea42b224db71f7abd71c4dfa
semantic/W4_Q02/ALGSTRUCT/B.desc	47	f8f7b0f4c2423653c82e5af23efa0ea0d5e86fb7f932478b7f092ba3faf1a909
semantic/W4_Q02/ALGSTRUCT/STREAM_HASH_A_B.desc	43	91fa2aec6956910a282e26f8f428ec61448ae55aa3da815f9b270b5f0c8c0033
semantic/W4_Q02/ALGSTRUCT/STREAM_HASH_A_B.meta	26	095d30aa2d3e8b7849e358f0ffcea43766d8eeaa9f35310db2d8acc38c1e55b6
semantic/W4_Q02/ALGSTRUCT/w4_out_000	1152	74edd2fd528288101488a86310173d71587fbf5b26f76b1d89aa2da694f6ec12
semantic/W4_Q02/ALGSTRUCT/w4_out_000.desc	46	b56947ddfe1f3d5da596eabade3aac58432e202ccd59dade8dcc05673df7db03
semantic/W4_Q02/ALGSTRUCT/w4_out_000.meta	26	f4d2a3adee1dd6638b6ad1344c41acbe9d2f61595f1a01ac8abf5efbc0d974c5
semantic/W4_Q02/ALGSTRUCT/w4_out_000.shadow	0	e3b0c44298fc1c149afbf4c8996fb92427ae41e4649b934ca495991b7852b855
semantic/W4_Q02/ALGSTRUCT/w4_out_001	1152	74edd2fd528288101488a86310173d71587fbf5b26f76b1d89aa2da694f6ec12
semantic/W4_Q02/ALGSTRUCT/w4_out_001.desc	46	1bdc4a72c1eb62efbc8fa6b6b3883354e21e34dc880e55966bace6ee3eaae32a
semantic/W4_Q02/ALGSTRUCT/w4_out_001.meta	26	511c9ac967ffa477c3b546851aa036f5063aadb675bf377d8dc1b7555d14f51f
semantic/W4_Q02/ALGSTRUCT/w4_out_001.shadow	0	e3b0c44298fc1c149afbf4c8996fb92427ae41e4649b934ca495991b7852b855
semantic/W4_Q02/STRUCT/A.desc	47	5787acced769f970ba7f750893bcaa9b5561a220ea42b224db71f7abd71c4dfa
semantic/W4_Q02/STRUCT/B.desc	47	f8f7b0f4c2423653c82e5af23efa0ea0d5e86fb7f932478b7f092ba3faf1a909
semantic/W4_Q02/STRUCT/STREAM_TIMEMOVE_A.desc	43	91fa2aec6956910a282e26f8f428ec61448ae55aa3da815f9b270b5f0c8c0033
semantic/W4_Q02/STRUCT/STREAM_TIMEMOVE_A.meta	26	0f3a0a17b1d4b00b42040e987ed9f4755de225c452d6dd92842d5acf376b03dc
semantic/W4_Q02/STRUCT/STREAM_TIMEMOVE_B.desc	43	91fa2aec6956910a282e26f8f428ec61448ae55aa3da815f9b270b5f0c8c0033
semantic/W4_Q02/STRUCT/STREAM_TIMEMOVE_B.meta	26	a947864eeab542e62bc8608640270232b1af782ed7bb41cfada53a3adc787024
semantic/W4_Q02/STRUCT/w4_out_000	1152	74edd2fd528288101488a86310173d71587fbf5b26f76b1d89aa2da694f6ec12
semantic/W4_Q02/STRUCT/w4_out_000.desc	46	b56947ddfe1f3d5da596eabade3aac58432e202ccd59dade8dcc05673df7db03
semantic/W4_Q02/STRUCT/w4_out_000.meta	26	598b1ad127dd561026fb2d03dd5ff3926d5262b89a8d3f2f5a8450ac99e3e2e7
semantic/W4_Q02/STRUCT/w4_out_000.shadow	0	e3b0c44298fc1c149afbf4c8996fb92427ae41e4649b934ca495991b7852b855
semantic/W4_Q02/STRUCT/w4_out_001	1152	74edd2fd528288101488a86310173d71587fbf5b26f76b1d89aa2da694f6ec12
semantic/W4_Q02/STRUCT/w4_out_001.desc	46	1bdc4a72c1eb62efbc8fa6b6b3883354e21e34dc880e55966bace6ee3eaae32a
semantic/W4_Q02/STRUCT/w4_out_001.meta	26	00e36c71baa826925996b06db3124ed5ad1df31229e8cd7dbbc4c57d647266f6
semantic/W4_Q02/STRUCT/w4_out_001.shadow	0	e3b0c44298fc1c149afbf4c8996fb92427ae41e4649b934ca495991b7852b855
semantic/W4_Q04/ALGSTRUCT/A.desc	47	5787acced769f970ba7f750893bcaa9b5561a220ea42b224db71f7abd71c4dfa
semantic/W4_Q04/ALGSTRUCT/B.desc	47	f8f7b0f4c2423653c82e5af23efa0ea0d5e86fb7f932478b7f092ba3faf1a909
semantic/W4_Q04/ALGSTRUCT/STREAM_HASH_A_B.desc	43	91fa2aec6956910a282e26f8f428ec61448ae55aa3da815f9b270b5f0c8c0033
semantic/W4_Q04/ALGSTRUCT/STREAM_HASH_A_B.meta	26	64be1424dddcea1d4d031efbcba9f531cf0815777134dc7a2db14d9adae95394
semantic/W4_Q04/ALGSTRUCT/w4_out_000	1152	74edd2fd528288101488a86310173d71587fbf5b26f76b1d89aa2da694f6ec12
semantic/W4_Q04/ALGSTRUCT/w4_out_000.desc	46	b56947ddfe1f3d5da596eabade3aac58432e202ccd59dade8dcc05673df7db03
semantic/W4_Q04/ALGSTRUCT/w4_out_000.meta	26	daa06606c5f2fc397ae29b3be24a66967d9563cf70f6e01de845f37e4b9fc186
semantic/W4_Q04/ALGSTRUCT/w4_out_000.shadow	0	e3b0c44298fc1c149afbf4c8996fb92427ae41e4649b934ca495991b7852b855
semantic/W4_Q04/ALGSTRUCT/w4_out_001	1152	74edd2fd528288101488a86310173d71587fbf5b26f76b1d89aa2da694f6ec12
semantic/W4_Q04/ALGSTRUCT/w4_out_001.desc	46	1bdc4a72c1eb62efbc8fa6b6b3883354e21e34dc880e55966bace6ee3eaae32a
semantic/W4_Q04/ALGSTRUCT/w4_out_001.meta	26	9abccada8bbf8cbc171a81ef791a4cea156aa0425ee1fc4f0a378e62e8c44b73
semantic/W4_Q04/ALGSTRUCT/w4_out_001.shadow	0	e3b0c44298fc1c149afbf4c8996fb92427ae41e4649b934ca495991b7852b855
semantic/W4_Q04/ALGSTRUCT/w4_out_002	1152	74edd2fd528288101488a86310173d71587fbf5b26f76b1d89aa2da694f6ec12
semantic/W4_Q04/ALGSTRUCT/w4_out_002.desc	46	880f824bb47db36966c38860be72a4fd5f778896f25061e99a7a3b8ab1c9e571
semantic/W4_Q04/ALGSTRUCT/w4_out_002.meta	26	bd02c5620081a861dee05556e440235bae8526f43fd6492d525ad4ae7459a407
semantic/W4_Q04/ALGSTRUCT/w4_out_002.shadow	0	e3b0c44298fc1c149afbf4c8996fb92427ae41e4649b934ca495991b7852b855
semantic/W4_Q04/ALGSTRUCT/w4_out_003	1152	74edd2fd528288101488a86310173d71587fbf5b26f76b1d89aa2da694f6ec12
semantic/W4_Q04/ALGSTRUCT/w4_out_003.desc	46	b4084f2c80b2ea89e867b79794773129f1f5f4a757cc54c1446e3cbcdca0edd8
semantic/W4_Q04/ALGSTRUCT/w4_out_003.meta	26	b5736771f03e3b65ce7f1cd1549de9a91e8b66cb4e7a2bde5ccf16fdc69a5617
semantic/W4_Q04/ALGSTRUCT/w4_out_003.shadow	0	e3b0c44298fc1c149afbf4c8996fb92427ae41e4649b934ca495991b7852b855
semantic/W4_Q04/STRUCT/A.desc	47	5787acced769f970ba7f750893bcaa9b5561a220ea42b224db71f7abd71c4dfa
semantic/W4_Q04/STRUCT/B.desc	47	f8f7b0f4c2423653c82e5af23efa0ea0d5e86fb7f932478b7f092ba3faf1a909
semantic/W4_Q04/STRUCT/STREAM_TIMEMOVE_A.desc	43	91fa2aec6956910a282e26f8f428ec61448ae55aa3da815f9b270b5f0c8c0033
semantic/W4_Q04/STRUCT/STREAM_TIMEMOVE_A.meta	26	8ea71de59e7dab94f3269199687bda0340da3e9b657431fe0e7ee6631a65fc0e
semantic/W4_Q04/STRUCT/STREAM_TIMEMOVE_B.desc	43	91fa2aec6956910a282e26f8f428ec61448ae55aa3da815f9b270b5f0c8c0033
semantic/W4_Q04/STRUCT/STREAM_TIMEMOVE_B.meta	26	8e17965c49d34222eb49d4a53d87a74400095b59e0c9d7e8c233eea2e7399df9
semantic/W4_Q04/STRUCT/w4_out_000	1152	74edd2fd528288101488a86310173d71587fbf5b26f76b1d89aa2da694f6ec12
semantic/W4_Q04/STRUCT/w4_out_000.desc	46	b56947ddfe1f3d5da596eabade3aac58432e202ccd59dade8dcc05673df7db03
semantic/W4_Q04/STRUCT/w4_out_000.meta	26	4662d8103a1fbee34ff928d2ef47ff9e0c39d8d27bed0499ba7ef038f0b25728
semantic/W4_Q04/STRUCT/w4_out_000.shadow	0	e3b0c44298fc1c149afbf4c8996fb92427ae41e4649b934ca495991b7852b855
semantic/W4_Q04/STRUCT/w4_out_001	1152	74edd2fd528288101488a86310173d71587fbf5b26f76b1d89aa2da694f6ec12
semantic/W4_Q04/STRUCT/w4_out_001.desc	46	1bdc4a72c1eb62efbc8fa6b6b3883354e21e34dc880e55966bace6ee3eaae32a
semantic/W4_Q04/STRUCT/w4_out_001.meta	26	2c6b01b89c4bfb318a2621b6d60eabb1b6a0d2c23f3c17091eaf3c4b65cd99ee
semantic/W4_Q04/STRUCT/w4_out_001.shadow	0	e3b0c44298fc1c149afbf4c8996fb92427ae41e4649b934ca495991b7852b855
semantic/W4_Q04/STRUCT/w4_out_002	1152	74edd2fd528288101488a86310173d71587fbf5b26f76b1d89aa2da694f6ec12
semantic/W4_Q04/STRUCT/w4_out_002.desc	46	880f824bb47db36966c38860be72a4fd5f778896f25061e99a7a3b8ab1c9e571
semantic/W4_Q04/STRUCT/w4_out_002.meta	26	581b60519ba63bb6ddb5b767cf4be280ec9cbb869932024c24ba0ce843a3b6af
semantic/W4_Q04/STRUCT/w4_out_002.shadow	0	e3b0c44298fc1c149afbf4c8996fb92427ae41e4649b934ca495991b7852b855
semantic/W4_Q04/STRUCT/w4_out_003	1152	74edd2fd528288101488a86310173d71587fbf5b26f76b1d89aa2da694f6ec12
semantic/W4_Q04/STRUCT/w4_out_003.desc	46	b4084f2c80b2ea89e867b79794773129f1f5f4a757cc54c1446e3cbcdca0edd8
semantic/W4_Q04/STRUCT/w4_out_003.meta	26	2fd41ed0d10066b400de69d09a0a6dbb681c16f3277990bd5f478f5fc852bb58
semantic/W4_Q04/STRUCT/w4_out_003.shadow	0	e3b0c44298fc1c149afbf4c8996fb92427ae41e4649b934ca495991b7852b855
semantic/W4_Q08/ALGSTRUCT/A.desc	47	5787acced769f970ba7f750893bcaa9b5561a220ea42b224db71f7abd71c4dfa
semantic/W4_Q08/ALGSTRUCT/B.desc	47	f8f7b0f4c2423653c82e5af23efa0ea0d5e86fb7f932478b7f092ba3faf1a909
semantic/W4_Q08/ALGSTRUCT/STREAM_HASH_A_B.desc	43	91fa2aec6956910a282e26f8f428ec61448ae55aa3da815f9b270b5f0c8c0033
semantic/W4_Q08/ALGSTRUCT/STREAM_HASH_A_B.meta	26	70ec9505e35a173e27999497c2ce9da14e4ebee1dec206e59fbd48c6b7fd22fb
semantic/W4_Q08/ALGSTRUCT/w4_out_000	1152	74edd2fd528288101488a86310173d71587fbf5b26f76b1d89aa2da694f6ec12
semantic/W4_Q08/ALGSTRUCT/w4_out_000.desc	46	b56947ddfe1f3d5da596eabade3aac58432e202ccd59dade8dcc05673df7db03
semantic/W4_Q08/ALGSTRUCT/w4_out_000.meta	26	0dd7dd00b45bf3e347edbd7c66fdffa23066ab1fe3504914e3bc712a73e39dea
semantic/W4_Q08/ALGSTRUCT/w4_out_000.shadow	0	e3b0c44298fc1c149afbf4c8996fb92427ae41e4649b934ca495991b7852b855
semantic/W4_Q08/ALGSTRUCT/w4_out_001	1152	74edd2fd528288101488a86310173d71587fbf5b26f76b1d89aa2da694f6ec12
semantic/W4_Q08/ALGSTRUCT/w4_out_001.desc	46	1bdc4a72c1eb62efbc8fa6b6b3883354e21e34dc880e55966bace6ee3eaae32a
semantic/W4_Q08/ALGSTRUCT/w4_out_001.meta	26	08b8c3b023d424a9ff0041b53cfef02211099ad4f5c934b8e2aef043c13c8b39
semantic/W4_Q08/ALGSTRUCT/w4_out_001.shadow	0	e3b0c44298fc1c149afbf4c8996fb92427ae41e4649b934ca495991b7852b855
semantic/W4_Q08/ALGSTRUCT/w4_out_002	1152	74edd2fd528288101488a86310173d71587fbf5b26f76b1d89aa2da694f6ec12
semantic/W4_Q08/ALGSTRUCT/w4_out_002.desc	46	880f824bb47db36966c38860be72a4fd5f778896f25061e99a7a3b8ab1c9e571
semantic/W4_Q08/ALGSTRUCT/w4_out_002.meta	26	b127727f91c133ebf40274851b1b56a09ca057bb52628e88fa5f07117b239723
semantic/W4_Q08/ALGSTRUCT/w4_out_002.shadow	0	e3b0c44298fc1c149afbf4c8996fb92427ae41e4649b934ca495991b7852b855
semantic/W4_Q08/ALGSTRUCT/w4_out_003	1152	74edd2fd528288101488a86310173d71587fbf5b26f76b1d89aa2da694f6ec12
semantic/W4_Q08/ALGSTRUCT/w4_out_003.desc	46	b4084f2c80b2ea89e867b79794773129f1f5f4a757cc54c1446e3cbcdca0edd8
semantic/W4_Q08/ALGSTRUCT/w4_out_003.meta	26	3f4acdfcb357806fab6a4f30376cc0011af41ecbcd372440bc3fb6196e16e278
semantic/W4_Q08/ALGSTRUCT/w4_out_003.shadow	0	e3b0c44298fc1c149afbf4c8996fb92427ae41e4649b934ca495991b7852b855
semantic/W4_Q08/ALGSTRUCT/w4_out_004	1152	74edd2fd528288101488a86310173d71587fbf5b26f76b1d89aa2da694f6ec12
semantic/W4_Q08/ALGSTRUCT/w4_out_004.desc	46	f8882e95802c402f208893a4eab016d31adee43c9a4b97caa069149640d19dd8
semantic/W4_Q08/ALGSTRUCT/w4_out_004.meta	26	0edaebf3f3a593d54bd398050bc5d71380e004f0f34c4f85dc25ac268e1448e4
semantic/W4_Q08/ALGSTRUCT/w4_out_004.shadow	0	e3b0c44298fc1c149afbf4c8996fb92427ae41e4649b934ca495991b7852b855
semantic/W4_Q08/ALGSTRUCT/w4_out_005	1152	74edd2fd528288101488a86310173d71587fbf5b26f76b1d89aa2da694f6ec12
semantic/W4_Q08/ALGSTRUCT/w4_out_005.desc	46	18d27f811a6aa98652e5168a31a1a422da3f7ac405067d99a089d1bafb85cd51
semantic/W4_Q08/ALGSTRUCT/w4_out_005.meta	26	3af47aaf5415b0ca5fc719d89ac8865f1b668b83904a88777685b2267efad709
semantic/W4_Q08/ALGSTRUCT/w4_out_005.shadow	0	e3b0c44298fc1c149afbf4c8996fb92427ae41e4649b934ca495991b7852b855
semantic/W4_Q08/ALGSTRUCT/w4_out_006	1152	74edd2fd528288101488a86310173d71587fbf5b26f76b1d89aa2da694f6ec12
semantic/W4_Q08/ALGSTRUCT/w4_out_006.desc	46	2d53357a27f5d05091c757c16ee0c40ab6fa3731793676abe66236427b416e55
semantic/W4_Q08/ALGSTRUCT/w4_out_006.meta	26	3af7e16c837af0fa6117d59246d066123c43d49ed04fecd83300fb6d99173923
semantic/W4_Q08/ALGSTRUCT/w4_out_006.shadow	0	e3b0c44298fc1c149afbf4c8996fb92427ae41e4649b934ca495991b7852b855
semantic/W4_Q08/ALGSTRUCT/w4_out_007	1152	74edd2fd528288101488a86310173d71587fbf5b26f76b1d89aa2da694f6ec12
semantic/W4_Q08/ALGSTRUCT/w4_out_007.desc	46	83e53f0c566959807f9419a265568277849c3469bcbd8703044e14b86fa2cccd
semantic/W4_Q08/ALGSTRUCT/w4_out_007.meta	26	c917f7f90dac142ec62facc5584aaeb91e31581d88c4b23cdded059a69776b68
semantic/W4_Q08/ALGSTRUCT/w4_out_007.shadow	0	e3b0c44298fc1c149afbf4c8996fb92427ae41e4649b934ca495991b7852b855
semantic/W4_Q08/STRUCT/A.desc	47	5787acced769f970ba7f750893bcaa9b5561a220ea42b224db71f7abd71c4dfa
semantic/W4_Q08/STRUCT/B.desc	47	f8f7b0f4c2423653c82e5af23efa0ea0d5e86fb7f932478b7f092ba3faf1a909
semantic/W4_Q08/STRUCT/STREAM_TIMEMOVE_A.desc	43	91fa2aec6956910a282e26f8f428ec61448ae55aa3da815f9b270b5f0c8c0033
semantic/W4_Q08/STRUCT/STREAM_TIMEMOVE_A.meta	26	31e5d03aca95b3c6294bd7120f29476c6e84d760912343e12878319f490823ff
semantic/W4_Q08/STRUCT/STREAM_TIMEMOVE_B.desc	43	91fa2aec6956910a282e26f8f428ec61448ae55aa3da815f9b270b5f0c8c0033
semantic/W4_Q08/STRUCT/STREAM_TIMEMOVE_B.meta	26	8249ab08af47b2424b847ae7a2ffd8264f862343fac78246308fa005a730b91c
semantic/W4_Q08/STRUCT/w4_out_000	1152	74edd2fd528288101488a86310173d71587fbf5b26f76b1d89aa2da694f6ec12
semantic/W4_Q08/STRUCT/w4_out_000.desc	46	b56947ddfe1f3d5da596eabade3aac58432e202ccd59dade8dcc05673df7db03
semantic/W4_Q08/STRUCT/w4_out_000.meta	26	7f70d72379a42b8613c53743e5d89774e8030b5da41dd2485cf49336d8376cac
semantic/W4_Q08/STRUCT/w4_out_000.shadow	0	e3b0c44298fc1c149afbf4c8996fb92427ae41e4649b934ca495991b7852b855
semantic/W4_Q08/STRUCT/w4_out_001	1152	74edd2fd528288101488a86310173d71587fbf5b26f76b1d89aa2da694f6ec12
semantic/W4_Q08/STRUCT/w4_out_001.desc	46	1bdc4a72c1eb62efbc8fa6b6b3883354e21e34dc880e55966bace6ee3eaae32a
semantic/W4_Q08/STRUCT/w4_out_001.meta	26	87bd32871a2ced8f28dea12f06c28f50c08d783012016d69a9047cf295ba4517
semantic/W4_Q08/STRUCT/w4_out_001.shadow	0	e3b0c44298fc1c149afbf4c8996fb92427ae41e4649b934ca495991b7852b855
semantic/W4_Q08/STRUCT/w4_out_002	1152	74edd2fd528288101488a86310173d71587fbf5b26f76b1d89aa2da694f6ec12
semantic/W4_Q08/STRUCT/w4_out_002.desc	46	880f824bb47db36966c38860be72a4fd5f778896f25061e99a7a3b8ab1c9e571
semantic/W4_Q08/STRUCT/w4_out_002.meta	26	11e43d9cfeabbf38d63cfe6944c17102548c14952a7b8494cb0ec039d2d82b4b
semantic/W4_Q08/STRUCT/w4_out_002.shadow	0	e3b0c44298fc1c149afbf4c8996fb92427ae41e4649b934ca495991b7852b855
semantic/W4_Q08/STRUCT/w4_out_003	1152	74edd2fd528288101488a86310173d71587fbf5b26f76b1d89aa2da694f6ec12
semantic/W4_Q08/STRUCT/w4_out_003.desc	46	b4084f2c80b2ea89e867b79794773129f1f5f4a757cc54c1446e3cbcdca0edd8
semantic/W4_Q08/STRUCT/w4_out_003.meta	26	788a45c4200e6dcb637e64d503b0aeabe6027aa750107739ceb37afbfc7bb986
semantic/W4_Q08/STRUCT/w4_out_003.shadow	0	e3b0c44298fc1c149afbf4c8996fb92427ae41e4649b934ca495991b7852b855
semantic/W4_Q08/STRUCT/w4_out_004	1152	74edd2fd528288101488a86310173d71587fbf5b26f76b1d89aa2da694f6ec12
semantic/W4_Q08/STRUCT/w4_out_004.desc	46	f8882e95802c402f208893a4eab016d31adee43c9a4b97caa069149640d19dd8
semantic/W4_Q08/STRUCT/w4_out_004.meta	26	9f5b4065bd1b9864853672b47cd8da3633c82dc809c1fafe4313ad796ee59fa5
semantic/W4_Q08/STRUCT/w4_out_004.shadow	0	e3b0c44298fc1c149afbf4c8996fb92427ae41e4649b934ca495991b7852b855
semantic/W4_Q08/STRUCT/w4_out_005	1152	74edd2fd528288101488a86310173d71587fbf5b26f76b1d89aa2da694f6ec12
semantic/W4_Q08/STRUCT/w4_out_005.desc	46	18d27f811a6aa98652e5168a31a1a422da3f7ac405067d99a089d1bafb85cd51
semantic/W4_Q08/STRUCT/w4_out_005.meta	26	886967fefeef5f66aa62ed0c8ec0b60df365573d478df74183990a70f4cecd1c
semantic/W4_Q08/STRUCT/w4_out_005.shadow	0	e3b0c44298fc1c149afbf4c8996fb92427ae41e4649b934ca495991b7852b855
semantic/W4_Q08/STRUCT/w4_out_006	1152	74edd2fd528288101488a86310173d71587fbf5b26f76b1d89aa2da694f6ec12
semantic/W4_Q08/STRUCT/w4_out_006.desc	46	2d53357a27f5d05091c757c16ee0c40ab6fa3731793676abe66236427b416e55
semantic/W4_Q08/STRUCT/w4_out_006.meta	26	a476d4f660e0004ccfedab731bb383eb5fd09e3d6c7d3726f804e670c4cc5deb
semantic/W4_Q08/STRUCT/w4_out_006.shadow	0	e3b0c44298fc1c149afbf4c8996fb92427ae41e4649b934ca495991b7852b855
semantic/W4_Q08/STRUCT/w4_out_007	1152	74edd2fd528288101488a86310173d71587fbf5b26f76b1d89aa2da694f6ec12
semantic/W4_Q08/STRUCT/w4_out_007.desc	46	83e53f0c566959807f9419a265568277849c3469bcbd8703044e14b86fa2cccd
semantic/W4_Q08/STRUCT/w4_out_007.meta	26	f2bbdcec9fdf22046bfc83d151b7769ede22dd261d49b729189d3de312703d32
semantic/W4_Q08/STRUCT/w4_out_007.shadow	0	e3b0c44298fc1c149afbf4c8996fb92427ae41e4649b934ca495991b7852b855
semantic/W4_Q16/ALGSTRUCT/A.desc	47	5787acced769f970ba7f750893bcaa9b5561a220ea42b224db71f7abd71c4dfa
semantic/W4_Q16/ALGSTRUCT/B.desc	47	f8f7b0f4c2423653c82e5af23efa0ea0d5e86fb7f932478b7f092ba3faf1a909
semantic/W4_Q16/ALGSTRUCT/STREAM_HASH_A_B.desc	43	91fa2aec6956910a282e26f8f428ec61448ae55aa3da815f9b270b5f0c8c0033
semantic/W4_Q16/ALGSTRUCT/STREAM_HASH_A_B.meta	26	8880743acfb21ee49c87946336fe3d9d2439df285197025470e7dfdca8642d40
semantic/W4_Q16/ALGSTRUCT/w4_out_000	1152	74edd2fd528288101488a86310173d71587fbf5b26f76b1d89aa2da694f6ec12
semantic/W4_Q16/ALGSTRUCT/w4_out_000.desc	46	b56947ddfe1f3d5da596eabade3aac58432e202ccd59dade8dcc05673df7db03
semantic/W4_Q16/ALGSTRUCT/w4_out_000.meta	26	14922bae60eb3e52c24c9ba82b33e38278ba3e23e7f921f7ba04c6f9a0e0e626
semantic/W4_Q16/ALGSTRUCT/w4_out_000.shadow	0	e3b0c44298fc1c149afbf4c8996fb92427ae41e4649b934ca495991b7852b855
semantic/W4_Q16/ALGSTRUCT/w4_out_001	1152	74edd2fd528288101488a86310173d71587fbf5b26f76b1d89aa2da694f6ec12
semantic/W4_Q16/ALGSTRUCT/w4_out_001.desc	46	1bdc4a72c1eb62efbc8fa6b6b3883354e21e34dc880e55966bace6ee3eaae32a
semantic/W4_Q16/ALGSTRUCT/w4_out_001.meta	26	6315710f71e7fe55bedf07a6b67d82694b8462c6816865727e7c00f7ccec04e0
semantic/W4_Q16/ALGSTRUCT/w4_out_001.shadow	0	e3b0c44298fc1c149afbf4c8996fb92427ae41e4649b934ca495991b7852b855
semantic/W4_Q16/ALGSTRUCT/w4_out_002	1152	74edd2fd528288101488a86310173d71587fbf5b26f76b1d89aa2da694f6ec12
semantic/W4_Q16/ALGSTRUCT/w4_out_002.desc	46	880f824bb47db36966c38860be72a4fd5f778896f25061e99a7a3b8ab1c9e571
semantic/W4_Q16/ALGSTRUCT/w4_out_002.meta	26	2e85671d81ab3a37b979a8ce9d239de2436a79dd2ea426eead302fbfd6539f04
semantic/W4_Q16/ALGSTRUCT/w4_out_002.shadow	0	e3b0c44298fc1c149afbf4c8996fb92427ae41e4649b934ca495991b7852b855
semantic/W4_Q16/ALGSTRUCT/w4_out_003	1152	74edd2fd528288101488a86310173d71587fbf5b26f76b1d89aa2da694f6ec12
semantic/W4_Q16/ALGSTRUCT/w4_out_003.desc	46	b4084f2c80b2ea89e867b79794773129f1f5f4a757cc54c1446e3cbcdca0edd8
semantic/W4_Q16/ALGSTRUCT/w4_out_003.meta	26	cb39d70a7cf3776822f71bcdaf9370b7c1aaf366d0ca0a7d55725870eea30cab
semantic/W4_Q16/ALGSTRUCT/w4_out_003.shadow	0	e3b0c44298fc1c149afbf4c8996fb92427ae41e4649b934ca495991b7852b855
semantic/W4_Q16/ALGSTRUCT/w4_out_004	1152	74edd2fd528288101488a86310173d71587fbf5b26f76b1d89aa2da694f6ec12
semantic/W4_Q16/ALGSTRUCT/w4_out_004.desc	46	f8882e95802c402f208893a4eab016d31adee43c9a4b97caa069149640d19dd8
semantic/W4_Q16/ALGSTRUCT/w4_out_004.meta	26	670fa11da7ff5fe80e4ba64ec198fe6ed4d34335d6e688a47316ec1c81e55ea0
semantic/W4_Q16/ALGSTRUCT/w4_out_004.shadow	0	e3b0c44298fc1c149afbf4c8996fb92427ae41e4649b934ca495991b7852b855
semantic/W4_Q16/ALGSTRUCT/w4_out_005	1152	74edd2fd528288101488a86310173d71587fbf5b26f76b1d89aa2da694f6ec12
semantic/W4_Q16/ALGSTRUCT/w4_out_005.desc	46	18d27f811a6aa98652e5168a31a1a422da3f7ac405067d99a089d1bafb85cd51
semantic/W4_Q16/ALGSTRUCT/w4_out_005.meta	26	fb65133b8534d03bf4d0fd817f51d4fa0c9a39b309af1140e09e2f5e260187ad
semantic/W4_Q16/ALGSTRUCT/w4_out_005.shadow	0	e3b0c44298fc1c149afbf4c8996fb92427ae41e4649b934ca495991b7852b855
semantic/W4_Q16/ALGSTRUCT/w4_out_006	1152	74edd2fd528288101488a86310173d71587fbf5b26f76b1d89aa2da694f6ec12
semantic/W4_Q16/ALGSTRUCT/w4_out_006.desc	46	2d53357a27f5d05091c757c16ee0c40ab6fa3731793676abe66236427b416e55
semantic/W4_Q16/ALGSTRUCT/w4_out_006.meta	26	21a482ae7f0905ff9e07c312937fa7b8a5e27cce6f12088eaec120e432abee23
semantic/W4_Q16/ALGSTRUCT/w4_out_006.shadow	0	e3b0c44298fc1c149afbf4c8996fb92427ae41e4649b934ca495991b7852b855
semantic/W4_Q16/ALGSTRUCT/w4_out_007	1152	74edd2fd528288101488a86310173d71587fbf5b26f76b1d89aa2da694f6ec12
semantic/W4_Q16/ALGSTRUCT/w4_out_007.desc	46	83e53f0c566959807f9419a265568277849c3469bcbd8703044e14b86fa2cccd
semantic/W4_Q16/ALGSTRUCT/w4_out_007.meta	26	c5cf35c52ecc3202f79569cae2a3a5471974726beaad3016e54928243b8eb43a
semantic/W4_Q16/ALGSTRUCT/w4_out_007.shadow	0	e3b0c44298fc1c149afbf4c8996fb92427ae41e4649b934ca495991b7852b855
semantic/W4_Q16/ALGSTRUCT/w4_out_008	1152	74edd2fd528288101488a86310173d71587fbf5b26f76b1d89aa2da694f6ec12
semantic/W4_Q16/ALGSTRUCT/w4_out_008.desc	46	a9201bb5785748541fa8e039aec61710c05cf6e99a0228a3236ba6ee3ba2a36d
semantic/W4_Q16/ALGSTRUCT/w4_out_008.meta	26	9ee57b9b0748a92eb817a1e9a6c1d496ef27ffbf02efd87211b1733b7049a086
semantic/W4_Q16/ALGSTRUCT/w4_out_008.shadow	0	e3b0c44298fc1c149afbf4c8996fb92427ae41e4649b934ca495991b7852b855
semantic/W4_Q16/ALGSTRUCT/w4_out_009	1152	74edd2fd528288101488a86310173d71587fbf5b26f76b1d89aa2da694f6ec12
semantic/W4_Q16/ALGSTRUCT/w4_out_009.desc	46	35bde95ce9295959bf006dbdce827d918ad4474b136325b901c8f46be1ab8e94
semantic/W4_Q16/ALGSTRUCT/w4_out_009.meta	26	4d68d1c007332d676cd57e011429e7611cc273069dff1b3ecbd1c922ad137b40
semantic/W4_Q16/ALGSTRUCT/w4_out_009.shadow	0	e3b0c44298fc1c149afbf4c8996fb92427ae41e4649b934ca495991b7852b855
semantic/W4_Q16/ALGSTRUCT/w4_out_010	1152	74edd2fd528288101488a86310173d71587fbf5b26f76b1d89aa2da694f6ec12
semantic/W4_Q16/ALGSTRUCT/w4_out_010.desc	46	f1850e81028592330a83a56abff2aa57f2bda39ecfa2cde64b55ab1b620e319c
semantic/W4_Q16/ALGSTRUCT/w4_out_010.meta	26	c3876ffb1455df424ee48a387c1d7f17c89b28835bff643b3a3d358576a58e0b
semantic/W4_Q16/ALGSTRUCT/w4_out_010.shadow	0	e3b0c44298fc1c149afbf4c8996fb92427ae41e4649b934ca495991b7852b855
semantic/W4_Q16/ALGSTRUCT/w4_out_011	1152	74edd2fd528288101488a86310173d71587fbf5b26f76b1d89aa2da694f6ec12
semantic/W4_Q16/ALGSTRUCT/w4_out_011.desc	46	7cd77eed1e40bc5fbdc72cc3b2af8aba0324605b85f5b946d5d50484f75b7927
semantic/W4_Q16/ALGSTRUCT/w4_out_011.meta	26	ebb586acff9a7c53ed21e6e74f176a1097367062aa82bc8580c826e8a68e2605
semantic/W4_Q16/ALGSTRUCT/w4_out_011.shadow	0	e3b0c44298fc1c149afbf4c8996fb92427ae41e4649b934ca495991b7852b855
semantic/W4_Q16/ALGSTRUCT/w4_out_012	1152	74edd2fd528288101488a86310173d71587fbf5b26f76b1d89aa2da694f6ec12
semantic/W4_Q16/ALGSTRUCT/w4_out_012.desc	46	37ffc88542c82c34118ee15188be8783d4298ca5d103f3993dc15c8974b59a2c
semantic/W4_Q16/ALGSTRUCT/w4_out_012.meta	26	c412e53a749ea5a50f13b40a156a7b5a88d0127ada72c68eed6fb4a70ea67dbb
semantic/W4_Q16/ALGSTRUCT/w4_out_012.shadow	0	e3b0c44298fc1c149afbf4c8996fb92427ae41e4649b934ca495991b7852b855
semantic/W4_Q16/ALGSTRUCT/w4_out_013	1152	74edd2fd528288101488a86310173d71587fbf5b26f76b1d89aa2da694f6ec12
semantic/W4_Q16/ALGSTRUCT/w4_out_013.desc	46	cd549cb7f940aadde3653210b46f369f39cc6cdce69f4e116b1a45c2f6430127
semantic/W4_Q16/ALGSTRUCT/w4_out_013.meta	26	61b64b6e0d29d3095bd464beb3bc63293e739b247edf517d7f4f4b1909f71082
semantic/W4_Q16/ALGSTRUCT/w4_out_013.shadow	0	e3b0c44298fc1c149afbf4c8996fb92427ae41e4649b934ca495991b7852b855
semantic/W4_Q16/ALGSTRUCT/w4_out_014	1152	74edd2fd528288101488a86310173d71587fbf5b26f76b1d89aa2da694f6ec12
semantic/W4_Q16/ALGSTRUCT/w4_out_014.desc	46	11f0deae5386cb6cfac3a9b20803de49c5be5275afdd3f09fa501e4f3e0c0683
semantic/W4_Q16/ALGSTRUCT/w4_out_014.meta	26	f969b7cd162b1635e7e0ad440e90b921df464c6714e6e22d074633cf86b5634d
semantic/W4_Q16/ALGSTRUCT/w4_out_014.shadow	0	e3b0c44298fc1c149afbf4c8996fb92427ae41e4649b934ca495991b7852b855
semantic/W4_Q16/ALGSTRUCT/w4_out_015	1152	74edd2fd528288101488a86310173d71587fbf5b26f76b1d89aa2da694f6ec12
semantic/W4_Q16/ALGSTRUCT/w4_out_015.desc	46	560d6cb6917d9bb19510b35debf12b89efea5bdf0d6f0872adb0bc048de86b47
semantic/W4_Q16/ALGSTRUCT/w4_out_015.meta	26	bfb84cc0e9e54b0e1e91bfa8f72f7044d51bdc24d3509efe1a4e251916a0e8c8
semantic/W4_Q16/ALGSTRUCT/w4_out_015.shadow	0	e3b0c44298fc1c149afbf4c8996fb92427ae41e4649b934ca495991b7852b855
semantic/W4_Q16/STRUCT/A.desc	47	5787acced769f970ba7f750893bcaa9b5561a220ea42b224db71f7abd71c4dfa
semantic/W4_Q16/STRUCT/B.desc	47	f8f7b0f4c2423653c82e5af23efa0ea0d5e86fb7f932478b7f092ba3faf1a909
semantic/W4_Q16/STRUCT/STREAM_TIMEMOVE_A.desc	43	91fa2aec6956910a282e26f8f428ec61448ae55aa3da815f9b270b5f0c8c0033
semantic/W4_Q16/STRUCT/STREAM_TIMEMOVE_A.meta	26	09fa225dff1746ec37229aa451efdd74a1806a3a58628777e6702ac9d4cd558c
semantic/W4_Q16/STRUCT/STREAM_TIMEMOVE_B.desc	43	91fa2aec6956910a282e26f8f428ec61448ae55aa3da815f9b270b5f0c8c0033
semantic/W4_Q16/STRUCT/STREAM_TIMEMOVE_B.meta	26	1dc1337fb5691c5797f3eb5b0adf052d27732bf1dcf0c776695bb7cafb213cbb
semantic/W4_Q16/STRUCT/w4_out_000	1152	74edd2fd528288101488a86310173d71587fbf5b26f76b1d89aa2da694f6ec12
semantic/W4_Q16/STRUCT/w4_out_000.desc	46	b56947ddfe1f3d5da596eabade3aac58432e202ccd59dade8dcc05673df7db03
semantic/W4_Q16/STRUCT/w4_out_000.meta	26	27546aa39118cfe1f822a8c6112a1b1fc9e3c2e778c31bf6fa8f845a3b439bcc
semantic/W4_Q16/STRUCT/w4_out_000.shadow	0	e3b0c44298fc1c149afbf4c8996fb92427ae41e4649b934ca495991b7852b855
semantic/W4_Q16/STRUCT/w4_out_001	1152	74edd2fd528288101488a86310173d71587fbf5b26f76b1d89aa2da694f6ec12
semantic/W4_Q16/STRUCT/w4_out_001.desc	46	1bdc4a72c1eb62efbc8fa6b6b3883354e21e34dc880e55966bace6ee3eaae32a
semantic/W4_Q16/STRUCT/w4_out_001.meta	26	2dd25a909a74867d1f4c7217516105dbb53d2baf06b851fef81fd843752a6e59
semantic/W4_Q16/STRUCT/w4_out_001.shadow	0	e3b0c44298fc1c149afbf4c8996fb92427ae41e4649b934ca495991b7852b855
semantic/W4_Q16/STRUCT/w4_out_002	1152	74edd2fd528288101488a86310173d71587fbf5b26f76b1d89aa2da694f6ec12
semantic/W4_Q16/STRUCT/w4_out_002.desc	46	880f824bb47db36966c38860be72a4fd5f778896f25061e99a7a3b8ab1c9e571
semantic/W4_Q16/STRUCT/w4_out_002.meta	26	c62035972e7e4df0e9f13147296fa2dd8b7dbb236ccee46ec6a1edf4f5bf4408
semantic/W4_Q16/STRUCT/w4_out_002.shadow	0	e3b0c44298fc1c149afbf4c8996fb92427ae41e4649b934ca495991b7852b855
semantic/W4_Q16/STRUCT/w4_out_003	1152	74edd2fd528288101488a86310173d71587fbf5b26f76b1d89aa2da694f6ec12
semantic/W4_Q16/STRUCT/w4_out_003.desc	46	b4084f2c80b2ea89e867b79794773129f1f5f4a757cc54c1446e3cbcdca0edd8
semantic/W4_Q16/STRUCT/w4_out_003.meta	26	22e739a142604b12b8998f4b6dce8d4add94cafaabf7a1a77825f42166bd992f
semantic/W4_Q16/STRUCT/w4_out_003.shadow	0	e3b0c44298fc1c149afbf4c8996fb92427ae41e4649b934ca495991b7852b855
semantic/W4_Q16/STRUCT/w4_out_004	1152	74edd2fd528288101488a86310173d71587fbf5b26f76b1d89aa2da694f6ec12
semantic/W4_Q16/STRUCT/w4_out_004.desc	46	f8882e95802c402f208893a4eab016d31adee43c9a4b97caa069149640d19dd8
semantic/W4_Q16/STRUCT/w4_out_004.meta	26	3e87257315747ceefffdd94b8703518ae7c710727ac5d7926d4006e0d36faf71
semantic/W4_Q16/STRUCT/w4_out_004.shadow	0	e3b0c44298fc1c149afbf4c8996fb92427ae41e4649b934ca495991b7852b855
semantic/W4_Q16/STRUCT/w4_out_005	1152	74edd2fd528288101488a86310173d71587fbf5b26f76b1d89aa2da694f6ec12
semantic/W4_Q16/STRUCT/w4_out_005.desc	46	18d27f811a6aa98652e5168a31a1a422da3f7ac405067d99a089d1bafb85cd51
semantic/W4_Q16/STRUCT/w4_out_005.meta	26	c42f16c70a5f29314bd36e413502ff6794be5a4599ab3c2258ee06143ff4976c
semantic/W4_Q16/STRUCT/w4_out_005.shadow	0	e3b0c44298fc1c149afbf4c8996fb92427ae41e4649b934ca495991b7852b855
semantic/W4_Q16/STRUCT/w4_out_006	1152	74edd2fd528288101488a86310173d71587fbf5b26f76b1d89aa2da694f6ec12
semantic/W4_Q16/STRUCT/w4_out_006.desc	46	2d53357a27f5d05091c757c16ee0c40ab6fa3731793676abe66236427b416e55
semantic/W4_Q16/STRUCT/w4_out_006.meta	26	3b5890e8348d5ec786380a15c6096c0436284f35eaebf8a85043092e4ba645e3
semantic/W4_Q16/STRUCT/w4_out_006.shadow	0	e3b0c44298fc1c149afbf4c8996fb92427ae41e4649b934ca495991b7852b855
semantic/W4_Q16/STRUCT/w4_out_007	1152	74edd2fd528288101488a86310173d71587fbf5b26f76b1d89aa2da694f6ec12
semantic/W4_Q16/STRUCT/w4_out_007.desc	46	83e53f0c566959807f9419a265568277849c3469bcbd8703044e14b86fa2cccd
semantic/W4_Q16/STRUCT/w4_out_007.meta	26	23c701a28f4b33b3a3263fe68528db936ae875ce2f7918970d703e99e1f62126
semantic/W4_Q16/STRUCT/w4_out_007.shadow	0	e3b0c44298fc1c149afbf4c8996fb92427ae41e4649b934ca495991b7852b855
semantic/W4_Q16/STRUCT/w4_out_008	1152	74edd2fd528288101488a86310173d71587fbf5b26f76b1d89aa2da694f6ec12
semantic/W4_Q16/STRUCT/w4_out_008.desc	46	a9201bb5785748541fa8e039aec61710c05cf6e99a0228a3236ba6ee3ba2a36d
semantic/W4_Q16/STRUCT/w4_out_008.meta	26	1bb001d87c3d6c03c77f821ca38e2181374c5f31a7ead4919183b92bb9a09884
semantic/W4_Q16/STRUCT/w4_out_008.shadow	0	e3b0c44298fc1c149afbf4c8996fb92427ae41e4649b934ca495991b7852b855
semantic/W4_Q16/STRUCT/w4_out_009	1152	74edd2fd528288101488a86310173d71587fbf5b26f76b1d89aa2da694f6ec12
semantic/W4_Q16/STRUCT/w4_out_009.desc	46	35bde95ce9295959bf006dbdce827d918ad4474b136325b901c8f46be1ab8e94
semantic/W4_Q16/STRUCT/w4_out_009.meta	26	b23aea36c2fb08c043515c55614425b71e8728623db2356f08dc78238fb0f62d
semantic/W4_Q16/STRUCT/w4_out_009.shadow	0	e3b0c44298fc1c149afbf4c8996fb92427ae41e4649b934ca495991b7852b855
semantic/W4_Q16/STRUCT/w4_out_010	1152	74edd2fd528288101488a86310173d71587fbf5b26f76b1d89aa2da694f6ec12
semantic/W4_Q16/STRUCT/w4_out_010.desc	46	f1850e81028592330a83a56abff2aa57f2bda39ecfa2cde64b55ab1b620e319c
semantic/W4_Q16/STRUCT/w4_out_010.meta	26	f57083ac44c9ce5bcaee3a7d8c105c7c5f01aa602e6a96e2a00336b928592f35
semantic/W4_Q16/STRUCT/w4_out_010.shadow	0	e3b0c44298fc1c149afbf4c8996fb92427ae41e4649b934ca495991b7852b855
semantic/W4_Q16/STRUCT/w4_out_011	1152	74edd2fd528288101488a86310173d71587fbf5b26f76b1d89aa2da694f6ec12
semantic/W4_Q16/STRUCT/w4_out_011.desc	46	7cd77eed1e40bc5fbdc72cc3b2af8aba0324605b85f5b946d5d50484f75b7927
semantic/W4_Q16/STRUCT/w4_out_011.meta	26	a0d92d3861ff5abdfcef7b54cc407a042c35acf1d848f8f336ee70866083f87b
semantic/W4_Q16/STRUCT/w4_out_011.shadow	0	e3b0c44298fc1c149afbf4c8996fb92427ae41e4649b934ca495991b7852b855
semantic/W4_Q16/STRUCT/w4_out_012	1152	74edd2fd528288101488a86310173d71587fbf5b26f76b1d89aa2da694f6ec12
semantic/W4_Q16/STRUCT/w4_out_012.desc	46	37ffc88542c82c34118ee15188be8783d4298ca5d103f3993dc15c8974b59a2c
semantic/W4_Q16/STRUCT/w4_out_012.meta	26	da75b4d227fc554addda575a7073d6f12691081cf60d321aca07d77d62ff004f
semantic/W4_Q16/STRUCT/w4_out_012.shadow	0	e3b0c44298fc1c149afbf4c8996fb92427ae41e4649b934ca495991b7852b855
semantic/W4_Q16/STRUCT/w4_out_013	1152	74edd2fd528288101488a86310173d71587fbf5b26f76b1d89aa2da694f6ec12
semantic/W4_Q16/STRUCT/w4_out_013.desc	46	cd549cb7f940aadde3653210b46f369f39cc6cdce69f4e116b1a45c2f6430127
semantic/W4_Q16/STRUCT/w4_out_013.meta	26	60d8f7dd5a37c42ca36e4221a7e806f0191a504dbe8147bc556278b06a66168a
semantic/W4_Q16/STRUCT/w4_out_013.shadow	0	e3b0c44298fc1c149afbf4c8996fb92427ae41e4649b934ca495991b7852b855
semantic/W4_Q16/STRUCT/w4_out_014	1152	74edd2fd528288101488a86310173d71587fbf5b26f76b1d89aa2da694f6ec12
semantic/W4_Q16/STRUCT/w4_out_014.desc	46	11f0deae5386cb6cfac3a9b20803de49c5be5275afdd3f09fa501e4f3e0c0683
semantic/W4_Q16/STRUCT/w4_out_014.meta	26	b0cc3ad3d7d62ea8d19818d03558d5e85b9614239196b19d97829a0ef6e1aa8c
semantic/W4_Q16/STRUCT/w4_out_014.shadow	0	e3b0c44298fc1c149afbf4c8996fb92427ae41e4649b934ca495991b7852b855
semantic/W4_Q16/STRUCT/w4_out_015	1152	74edd2fd528288101488a86310173d71587fbf5b26f76b1d89aa2da694f6ec12
semantic/W4_Q16/STRUCT/w4_out_015.desc	46	560d6cb6917d9bb19510b35debf12b89efea5bdf0d6f0872adb0bc048de86b47
semantic/W4_Q16/STRUCT/w4_out_015.meta	26	28cca4e7f4613c72b555670066651d6c3e17901d73214a3633a31ed5f2f1dd0b
semantic/W4_Q16/STRUCT/w4_out_015.shadow	0	e3b0c44298fc1c149afbf4c8996fb92427ae41e4649b934ca495991b7852b855
semantic/W4_Q32/ALGSTRUCT/A.desc	47	5787acced769f970ba7f750893bcaa9b5561a220ea42b224db71f7abd71c4dfa
semantic/W4_Q32/ALGSTRUCT/B.desc	47	f8f7b0f4c2423653c82e5af23efa0ea0d5e86fb7f932478b7f092ba3faf1a909
semantic/W4_Q32/ALGSTRUCT/STREAM_HASH_A_B.desc	43	91fa2aec6956910a282e26f8f428ec61448ae55aa3da815f9b270b5f0c8c0033
semantic/W4_Q32/ALGSTRUCT/STREAM_HASH_A_B.meta	26	377c76392629eae99f0b0033e297e42442ef9e4a57301c037583699b2b0bba4a
semantic/W4_Q32/ALGSTRUCT/w4_out_000	1152	74edd2fd528288101488a86310173d71587fbf5b26f76b1d89aa2da694f6ec12
semantic/W4_Q32/ALGSTRUCT/w4_out_000.desc	46	b56947ddfe1f3d5da596eabade3aac58432e202ccd59dade8dcc05673df7db03
semantic/W4_Q32/ALGSTRUCT/w4_out_000.meta	26	95d631415a2281cf9bc53a8e931003adb1f0472cbfae67e8429edaa65cb76df9
semantic/W4_Q32/ALGSTRUCT/w4_out_000.shadow	0	e3b0c44298fc1c149afbf4c8996fb92427ae41e4649b934ca495991b7852b855
semantic/W4_Q32/ALGSTRUCT/w4_out_001	1152	74edd2fd528288101488a86310173d71587fbf5b26f76b1d89aa2da694f6ec12
semantic/W4_Q32/ALGSTRUCT/w4_out_001.desc	46	1bdc4a72c1eb62efbc8fa6b6b3883354e21e34dc880e55966bace6ee3eaae32a
semantic/W4_Q32/ALGSTRUCT/w4_out_001.meta	26	003a4b41255aa59a2e8cdc8abde450c253d90fe4f61c4022c1f7684b38089397
semantic/W4_Q32/ALGSTRUCT/w4_out_001.shadow	0	e3b0c44298fc1c149afbf4c8996fb92427ae41e4649b934ca495991b7852b855
semantic/W4_Q32/ALGSTRUCT/w4_out_002	1152	74edd2fd528288101488a86310173d71587fbf5b26f76b1d89aa2da694f6ec12
semantic/W4_Q32/ALGSTRUCT/w4_out_002.desc	46	880f824bb47db36966c38860be72a4fd5f778896f25061e99a7a3b8ab1c9e571
semantic/W4_Q32/ALGSTRUCT/w4_out_002.meta	26	1f61b16bd3d11a873f3d45a9b8970834e2ea6d481118b234aeefceba3798e1fc
semantic/W4_Q32/ALGSTRUCT/w4_out_002.shadow	0	e3b0c44298fc1c149afbf4c8996fb92427ae41e4649b934ca495991b7852b855
semantic/W4_Q32/ALGSTRUCT/w4_out_003	1152	74edd2fd528288101488a86310173d71587fbf5b26f76b1d89aa2da694f6ec12
semantic/W4_Q32/ALGSTRUCT/w4_out_003.desc	46	b4084f2c80b2ea89e867b79794773129f1f5f4a757cc54c1446e3cbcdca0edd8
semantic/W4_Q32/ALGSTRUCT/w4_out_003.meta	26	78797bf8909dd8dc7e071caf66e9b534dd602e49b578f44bdff8a695d7897798
semantic/W4_Q32/ALGSTRUCT/w4_out_003.shadow	0	e3b0c44298fc1c149afbf4c8996fb92427ae41e4649b934ca495991b7852b855
semantic/W4_Q32/ALGSTRUCT/w4_out_004	1152	74edd2fd528288101488a86310173d71587fbf5b26f76b1d89aa2da694f6ec12
semantic/W4_Q32/ALGSTRUCT/w4_out_004.desc	46	f8882e95802c402f208893a4eab016d31adee43c9a4b97caa069149640d19dd8
semantic/W4_Q32/ALGSTRUCT/w4_out_004.meta	26	6571f95439daa33aa93a504e83f07c9abf3610e46048b49b5e635dee838c0364
semantic/W4_Q32/ALGSTRUCT/w4_out_004.shadow	0	e3b0c44298fc1c149afbf4c8996fb92427ae41e4649b934ca495991b7852b855
semantic/W4_Q32/ALGSTRUCT/w4_out_005	1152	74edd2fd528288101488a86310173d71587fbf5b26f76b1d89aa2da694f6ec12
semantic/W4_Q32/ALGSTRUCT/w4_out_005.desc	46	18d27f811a6aa98652e5168a31a1a422da3f7ac405067d99a089d1bafb85cd51
semantic/W4_Q32/ALGSTRUCT/w4_out_005.meta	26	ceca54b9446a6dc2e44671614d8c82b4ba94943f3756e8623f8d9d102da9300d
semantic/W4_Q32/ALGSTRUCT/w4_out_005.shadow	0	e3b0c44298fc1c149afbf4c8996fb92427ae41e4649b934ca495991b7852b855
semantic/W4_Q32/ALGSTRUCT/w4_out_006	1152	74edd2fd528288101488a86310173d71587fbf5b26f76b1d89aa2da694f6ec12
semantic/W4_Q32/ALGSTRUCT/w4_out_006.desc	46	2d53357a27f5d05091c757c16ee0c40ab6fa3731793676abe66236427b416e55
semantic/W4_Q32/ALGSTRUCT/w4_out_006.meta	26	e7602742479c961816f665cfbf627b3e34b46b161d6fdaeb7c14cbd39dfa9ad7
semantic/W4_Q32/ALGSTRUCT/w4_out_006.shadow	0	e3b0c44298fc1c149afbf4c8996fb92427ae41e4649b934ca495991b7852b855
semantic/W4_Q32/ALGSTRUCT/w4_out_007	1152	74edd2fd528288101488a86310173d71587fbf5b26f76b1d89aa2da694f6ec12
semantic/W4_Q32/ALGSTRUCT/w4_out_007.desc	46	83e53f0c566959807f9419a265568277849c3469bcbd8703044e14b86fa2cccd
semantic/W4_Q32/ALGSTRUCT/w4_out_007.meta	26	d7468cb6f9f4f75004039455a3d53fd6a804c383818983fe9cf454abddc89898
semantic/W4_Q32/ALGSTRUCT/w4_out_007.shadow	0	e3b0c44298fc1c149afbf4c8996fb92427ae41e4649b934ca495991b7852b855
semantic/W4_Q32/ALGSTRUCT/w4_out_008	1152	74edd2fd528288101488a86310173d71587fbf5b26f76b1d89aa2da694f6ec12
semantic/W4_Q32/ALGSTRUCT/w4_out_008.desc	46	a9201bb5785748541fa8e039aec61710c05cf6e99a0228a3236ba6ee3ba2a36d
semantic/W4_Q32/ALGSTRUCT/w4_out_008.meta	26	7ba12d35083153fc9db057810509d546663487cb380fbbe14fff946e2a6bdd6c
semantic/W4_Q32/ALGSTRUCT/w4_out_008.shadow	0	e3b0c44298fc1c149afbf4c8996fb92427ae41e4649b934ca495991b7852b855
semantic/W4_Q32/ALGSTRUCT/w4_out_009	1152	74edd2fd528288101488a86310173d71587fbf5b26f76b1d89aa2da694f6ec12
semantic/W4_Q32/ALGSTRUCT/w4_out_009.desc	46	35bde95ce9295959bf006dbdce827d918ad4474b136325b901c8f46be1ab8e94
semantic/W4_Q32/ALGSTRUCT/w4_out_009.meta	26	7132d9be68e0f9a52d6306a1162be4fe9bdaf6e81c017d6b02739331b417ba3b
semantic/W4_Q32/ALGSTRUCT/w4_out_009.shadow	0	e3b0c44298fc1c149afbf4c8996fb92427ae41e4649b934ca495991b7852b855
semantic/W4_Q32/ALGSTRUCT/w4_out_010	1152	74edd2fd528288101488a86310173d71587fbf5b26f76b1d89aa2da694f6ec12
semantic/W4_Q32/ALGSTRUCT/w4_out_010.desc	46	f1850e81028592330a83a56abff2aa57f2bda39ecfa2cde64b55ab1b620e319c
semantic/W4_Q32/ALGSTRUCT/w4_out_010.meta	26	df41efd461dda096fd42756d004d0daf5ef2c881d3b59d9628cdd240b9bfa857
semantic/W4_Q32/ALGSTRUCT/w4_out_010.shadow	0	e3b0c44298fc1c149afbf4c8996fb92427ae41e4649b934ca495991b7852b855
semantic/W4_Q32/ALGSTRUCT/w4_out_011	1152	74edd2fd528288101488a86310173d71587fbf5b26f76b1d89aa2da694f6ec12
semantic/W4_Q32/ALGSTRUCT/w4_out_011.desc	46	7cd77eed1e40bc5fbdc72cc3b2af8aba0324605b85f5b946d5d50484f75b7927
semantic/W4_Q32/ALGSTRUCT/w4_out_011.meta	26	12068ac8effeb289c85e944d77596e1879fbe61e09ead2e49d2f4bb31ece1f8c
semantic/W4_Q32/ALGSTRUCT/w4_out_011.shadow	0	e3b0c44298fc1c149afbf4c8996fb92427ae41e4649b934ca495991b7852b855
semantic/W4_Q32/ALGSTRUCT/w4_out_012	1152	74edd2fd528288101488a86310173d71587fbf5b26f76b1d89aa2da694f6ec12
semantic/W4_Q32/ALGSTRUCT/w4_out_012.desc	46	37ffc88542c82c34118ee15188be8783d4298ca5d103f3993dc15c8974b59a2c
semantic/W4_Q32/ALGSTRUCT/w4_out_012.meta	26	4b60f996c1e445517d717ce0e5a61ca31c018712dad1ff62873649c70a297156
semantic/W4_Q32/ALGSTRUCT/w4_out_012.shadow	0	e3b0c44298fc1c149afbf4c8996fb92427ae41e4649b934ca495991b7852b855
semantic/W4_Q32/ALGSTRUCT/w4_out_013	1152	74edd2fd528288101488a86310173d71587fbf5b26f76b1d89aa2da694f6ec12
semantic/W4_Q32/ALGSTRUCT/w4_out_013.desc	46	cd549cb7f940aadde3653210b46f369f39cc6cdce69f4e116b1a45c2f6430127
semantic/W4_Q32/ALGSTRUCT/w4_out_013.meta	26	7e204b38b571ac2590006c3928135fe34c9f26815468dd8cadc923dafa99cbba
semantic/W4_Q32/ALGSTRUCT/w4_out_013.shadow	0	e3b0c44298fc1c149afbf4c8996fb92427ae41e4649b934ca495991b7852b855
semantic/W4_Q32/ALGSTRUCT/w4_out_014	1152	74edd2fd528288101488a86310173d71587fbf5b26f76b1d89aa2da694f6ec12
semantic/W4_Q32/ALGSTRUCT/w4_out_014.desc	46	11f0deae5386cb6cfac3a9b20803de49c5be5275afdd3f09fa501e4f3e0c0683
semantic/W4_Q32/ALGSTRUCT/w4_out_014.meta	26	832b214d1e498028299717e6a5b800f66f3fe908cfa35297ed5bf7a5360b7d47
semantic/W4_Q32/ALGSTRUCT/w4_out_014.shadow	0	e3b0c44298fc1c149afbf4c8996fb92427ae41e4649b934ca495991b7852b855
semantic/W4_Q32/ALGSTRUCT/w4_out_015	1152	74edd2fd528288101488a86310173d71587fbf5b26f76b1d89aa2da694f6ec12
semantic/W4_Q32/ALGSTRUCT/w4_out_015.desc	46	560d6cb6917d9bb19510b35debf12b89efea5bdf0d6f0872adb0bc048de86b47
semantic/W4_Q32/ALGSTRUCT/w4_out_015.meta	26	3fb1197ac9f3b62cfceed88cc9e7933a0158c1008d862469499821d53fc3cd62
semantic/W4_Q32/ALGSTRUCT/w4_out_015.shadow	0	e3b0c44298fc1c149afbf4c8996fb92427ae41e4649b934ca495991b7852b855
semantic/W4_Q32/ALGSTRUCT/w4_out_016	1152	74edd2fd528288101488a86310173d71587fbf5b26f76b1d89aa2da694f6ec12
semantic/W4_Q32/ALGSTRUCT/w4_out_016.desc	46	f0eaa241aa0c16f9c93539ddbcded705dda1b4ff2e17efaca89ebbc5cc8ee2cc
semantic/W4_Q32/ALGSTRUCT/w4_out_016.meta	26	a7e03011409b3579dff8fad5113a1f2f56b76bba94fb25c100efe0ec8beaa288
semantic/W4_Q32/ALGSTRUCT/w4_out_016.shadow	0	e3b0c44298fc1c149afbf4c8996fb92427ae41e4649b934ca495991b7852b855
semantic/W4_Q32/ALGSTRUCT/w4_out_017	1152	74edd2fd528288101488a86310173d71587fbf5b26f76b1d89aa2da694f6ec12
semantic/W4_Q32/ALGSTRUCT/w4_out_017.desc	46	bdc01fac93843c9f188451bb55c487806f6721a3b84aacc1e68a6be1979cb7c0
semantic/W4_Q32/ALGSTRUCT/w4_out_017.meta	26	d50feff4966a4cdfd99a3aab5acd03d79a573cbee1ce9f3ae2db7f38b712c76d
semantic/W4_Q32/ALGSTRUCT/w4_out_017.shadow	0	e3b0c44298fc1c149afbf4c8996fb92427ae41e4649b934ca495991b7852b855
semantic/W4_Q32/ALGSTRUCT/w4_out_018	1152	74edd2fd528288101488a86310173d71587fbf5b26f76b1d89aa2da694f6ec12
semantic/W4_Q32/ALGSTRUCT/w4_out_018.desc	46	a86b1bfa3ed025e53b78e21cca27950026b5af0f39649c65e89cf5dd36b8b4e2
semantic/W4_Q32/ALGSTRUCT/w4_out_018.meta	26	86613c128002c335405323277db20b398dc781a218ac262b391aa9e5e8d12e53
semantic/W4_Q32/ALGSTRUCT/w4_out_018.shadow	0	e3b0c44298fc1c149afbf4c8996fb92427ae41e4649b934ca495991b7852b855
semantic/W4_Q32/ALGSTRUCT/w4_out_019	1152	74edd2fd528288101488a86310173d71587fbf5b26f76b1d89aa2da694f6ec12
semantic/W4_Q32/ALGSTRUCT/w4_out_019.desc	46	329984a03d4453761bc5421c36c434045d27fc0387c36659f4ab746b590eac98
semantic/W4_Q32/ALGSTRUCT/w4_out_019.meta	26	cc541e0e8694cba6d1ae25e4b7df7df263ece71af97e83e701b351240e98ee41
semantic/W4_Q32/ALGSTRUCT/w4_out_019.shadow	0	e3b0c44298fc1c149afbf4c8996fb92427ae41e4649b934ca495991b7852b855
semantic/W4_Q32/ALGSTRUCT/w4_out_020	1152	74edd2fd528288101488a86310173d71587fbf5b26f76b1d89aa2da694f6ec12
semantic/W4_Q32/ALGSTRUCT/w4_out_020.desc	46	6faaddff4088a5d99d50a858af77fb7f7357d1018d84e69a729a04c8ea863eb8
semantic/W4_Q32/ALGSTRUCT/w4_out_020.meta	26	2255abe46ba03df0109b8d0e4001fa0111e2b2432da064bd113b8517b5030926
semantic/W4_Q32/ALGSTRUCT/w4_out_020.shadow	0	e3b0c44298fc1c149afbf4c8996fb92427ae41e4649b934ca495991b7852b855
semantic/W4_Q32/ALGSTRUCT/w4_out_021	1152	74edd2fd528288101488a86310173d71587fbf5b26f76b1d89aa2da694f6ec12
semantic/W4_Q32/ALGSTRUCT/w4_out_021.desc	46	c354e9ba2fdb69f3263ae19f6a1c06e41a43c79ecabee2c9ef49d7f061516cf5
semantic/W4_Q32/ALGSTRUCT/w4_out_021.meta	26	15d366461d24fdb505bb40c394666420c3c3243c6ad16c6ea065a7f828be6b46
semantic/W4_Q32/ALGSTRUCT/w4_out_021.shadow	0	e3b0c44298fc1c149afbf4c8996fb92427ae41e4649b934ca495991b7852b855
semantic/W4_Q32/ALGSTRUCT/w4_out_022	1152	74edd2fd528288101488a86310173d71587fbf5b26f76b1d89aa2da694f6ec12
semantic/W4_Q32/ALGSTRUCT/w4_out_022.desc	46	aed40703ea979b3a027b37b2f715d275b351882ed12e499d67a6e4c9995287c2
semantic/W4_Q32/ALGSTRUCT/w4_out_022.meta	26	60d8b0f49af7595d54581e5be80bf0640f815f4229cc449670dab07342e1be3a
semantic/W4_Q32/ALGSTRUCT/w4_out_022.shadow	0	e3b0c44298fc1c149afbf4c8996fb92427ae41e4649b934ca495991b7852b855
semantic/W4_Q32/ALGSTRUCT/w4_out_023	1152	74edd2fd528288101488a86310173d71587fbf5b26f76b1d89aa2da694f6ec12
semantic/W4_Q32/ALGSTRUCT/w4_out_023.desc	46	e5fb43b65bd6ec56567bb4e6aadd1670724fda7b26b5618b88f78d853c9e84d4
semantic/W4_Q32/ALGSTRUCT/w4_out_023.meta	26	7b194ed300e0afa2a8cf4fb322a9df0cee5320353e36b826bd3e769a8e948294
semantic/W4_Q32/ALGSTRUCT/w4_out_023.shadow	0	e3b0c44298fc1c149afbf4c8996fb92427ae41e4649b934ca495991b7852b855
semantic/W4_Q32/ALGSTRUCT/w4_out_024	1152	74edd2fd528288101488a86310173d71587fbf5b26f76b1d89aa2da694f6ec12
semantic/W4_Q32/ALGSTRUCT/w4_out_024.desc	46	5b8df2398a0cf1494aaff6dd3fd7afedc1a8e69d20dc808e06d41f8a0da84b49
semantic/W4_Q32/ALGSTRUCT/w4_out_024.meta	26	b6ca3cd5f84349113e7379861a4f44f9ee5fdb32b0f0e0637bbd7ce334a2a95e
semantic/W4_Q32/ALGSTRUCT/w4_out_024.shadow	0	e3b0c44298fc1c149afbf4c8996fb92427ae41e4649b934ca495991b7852b855
semantic/W4_Q32/ALGSTRUCT/w4_out_025	1152	74edd2fd528288101488a86310173d71587fbf5b26f76b1d89aa2da694f6ec12
semantic/W4_Q32/ALGSTRUCT/w4_out_025.desc	46	fac710592a7ec4c8222bd729e4b3299b1d4ae4f49addc40c234141420e9e9ca5
semantic/W4_Q32/ALGSTRUCT/w4_out_025.meta	26	80c9ed9fdc185b5ec3ecba59435e66dda5e3852c978a6a02b49bb1918e590f53
semantic/W4_Q32/ALGSTRUCT/w4_out_025.shadow	0	e3b0c44298fc1c149afbf4c8996fb92427ae41e4649b934ca495991b7852b855
semantic/W4_Q32/ALGSTRUCT/w4_out_026	1152	74edd2fd528288101488a86310173d71587fbf5b26f76b1d89aa2da694f6ec12
semantic/W4_Q32/ALGSTRUCT/w4_out_026.desc	46	a1dd52753f5884563dfeebf80193fd048d9d0b70505577e1c6b14e6b65766cbe
semantic/W4_Q32/ALGSTRUCT/w4_out_026.meta	26	c71d3d432b31e707e652e3dd5362102bc14a1fde626766443653775d2264f048
semantic/W4_Q32/ALGSTRUCT/w4_out_026.shadow	0	e3b0c44298fc1c149afbf4c8996fb92427ae41e4649b934ca495991b7852b855
semantic/W4_Q32/ALGSTRUCT/w4_out_027	1152	74edd2fd528288101488a86310173d71587fbf5b26f76b1d89aa2da694f6ec12
semantic/W4_Q32/ALGSTRUCT/w4_out_027.desc	46	24ea133c0d476b5e4a971aa49b0c0b281ff5c9731433581d8b157dd1850ade7b
semantic/W4_Q32/ALGSTRUCT/w4_out_027.meta	26	08857bcd709506a816f7ebd6924bd01d1536bb0415d1b64bb6196e7af7fbb800
semantic/W4_Q32/ALGSTRUCT/w4_out_027.shadow	0	e3b0c44298fc1c149afbf4c8996fb92427ae41e4649b934ca495991b7852b855
semantic/W4_Q32/ALGSTRUCT/w4_out_028	1152	74edd2fd528288101488a86310173d71587fbf5b26f76b1d89aa2da694f6ec12
semantic/W4_Q32/ALGSTRUCT/w4_out_028.desc	46	53474aab4d0ddf84548868a0ca10b1126feb54dabc71b151e8222c04b0c008df
semantic/W4_Q32/ALGSTRUCT/w4_out_028.meta	26	0d21c5619aa20efb70974ed6b383c9194af92694d1a2e21210e2411d284b13b9
semantic/W4_Q32/ALGSTRUCT/w4_out_028.shadow	0	e3b0c44298fc1c149afbf4c8996fb92427ae41e4649b934ca495991b7852b855
semantic/W4_Q32/ALGSTRUCT/w4_out_029	1152	74edd2fd528288101488a86310173d71587fbf5b26f76b1d89aa2da694f6ec12
semantic/W4_Q32/ALGSTRUCT/w4_out_029.desc	46	6adcc0fde7be84e7d0b1defa97a44265cd4505092dbdc71e26ad52070002aa93
semantic/W4_Q32/ALGSTRUCT/w4_out_029.meta	26	6398210be6b72522172a535567600154de917c32b29bd27507260402d731069c
semantic/W4_Q32/ALGSTRUCT/w4_out_029.shadow	0	e3b0c44298fc1c149afbf4c8996fb92427ae41e4649b934ca495991b7852b855
semantic/W4_Q32/ALGSTRUCT/w4_out_030	1152	74edd2fd528288101488a86310173d71587fbf5b26f76b1d89aa2da694f6ec12
semantic/W4_Q32/ALGSTRUCT/w4_out_030.desc	46	3c70cfcfda8477632ff28eb26ddcce691cf5cdb89190a48620572d97f8a859c6
semantic/W4_Q32/ALGSTRUCT/w4_out_030.meta	26	e3b78e815492da2fc8dfbfc11ec0724509a13ec161989da737194fddca0a8788
semantic/W4_Q32/ALGSTRUCT/w4_out_030.shadow	0	e3b0c44298fc1c149afbf4c8996fb92427ae41e4649b934ca495991b7852b855
semantic/W4_Q32/ALGSTRUCT/w4_out_031	1152	74edd2fd528288101488a86310173d71587fbf5b26f76b1d89aa2da694f6ec12
semantic/W4_Q32/ALGSTRUCT/w4_out_031.desc	46	e75d1e1004430e42a887a2f80b7587b4f33d06e740f7272b3bd9e0648a4970f4
semantic/W4_Q32/ALGSTRUCT/w4_out_031.meta	26	5c28a726f27e735d2318c007b791fff4bd39545e531e04665da810cd2c593e22
semantic/W4_Q32/ALGSTRUCT/w4_out_031.shadow	0	e3b0c44298fc1c149afbf4c8996fb92427ae41e4649b934ca495991b7852b855
semantic/W4_Q32/STRUCT/A.desc	47	5787acced769f970ba7f750893bcaa9b5561a220ea42b224db71f7abd71c4dfa
semantic/W4_Q32/STRUCT/B.desc	47	f8f7b0f4c2423653c82e5af23efa0ea0d5e86fb7f932478b7f092ba3faf1a909
semantic/W4_Q32/STRUCT/STREAM_TIMEMOVE_A.desc	43	91fa2aec6956910a282e26f8f428ec61448ae55aa3da815f9b270b5f0c8c0033
semantic/W4_Q32/STRUCT/STREAM_TIMEMOVE_A.meta	26	8300551667648a65e29d8afaa8ee17b89a706ba2937fdd80dcd84229d13c3698
semantic/W4_Q32/STRUCT/STREAM_TIMEMOVE_B.desc	43	91fa2aec6956910a282e26f8f428ec61448ae55aa3da815f9b270b5f0c8c0033
semantic/W4_Q32/STRUCT/STREAM_TIMEMOVE_B.meta	26	2b838c34727633ea630cd763e6da91440d89ede864c0eeec0e1e1c13bd6433f4
semantic/W4_Q32/STRUCT/w4_out_000	1152	74edd2fd528288101488a86310173d71587fbf5b26f76b1d89aa2da694f6ec12
semantic/W4_Q32/STRUCT/w4_out_000.desc	46	b56947ddfe1f3d5da596eabade3aac58432e202ccd59dade8dcc05673df7db03
semantic/W4_Q32/STRUCT/w4_out_000.meta	26	7d0a7c465bc4b011e1a2f15d9334bc879e7003a84edd078dec24ebadb25e154c
semantic/W4_Q32/STRUCT/w4_out_000.shadow	0	e3b0c44298fc1c149afbf4c8996fb92427ae41e4649b934ca495991b7852b855
semantic/W4_Q32/STRUCT/w4_out_001	1152	74edd2fd528288101488a86310173d71587fbf5b26f76b1d89aa2da694f6ec12
semantic/W4_Q32/STRUCT/w4_out_001.desc	46	1bdc4a72c1eb62efbc8fa6b6b3883354e21e34dc880e55966bace6ee3eaae32a
semantic/W4_Q32/STRUCT/w4_out_001.meta	26	78a4bbe6734b8ce3939a2eee74430251ed13fbd34d1b9c21c81efe74ae2c5be3
semantic/W4_Q32/STRUCT/w4_out_001.shadow	0	e3b0c44298fc1c149afbf4c8996fb92427ae41e4649b934ca495991b7852b855
semantic/W4_Q32/STRUCT/w4_out_002	1152	74edd2fd528288101488a86310173d71587fbf5b26f76b1d89aa2da694f6ec12
semantic/W4_Q32/STRUCT/w4_out_002.desc	46	880f824bb47db36966c38860be72a4fd5f778896f25061e99a7a3b8ab1c9e571
semantic/W4_Q32/STRUCT/w4_out_002.meta	26	e6d2f750cec0549f9b9cf4beff37211ec8bf377049917fb01cd33baecde56f11
semantic/W4_Q32/STRUCT/w4_out_002.shadow	0	e3b0c44298fc1c149afbf4c8996fb92427ae41e4649b934ca495991b7852b855
semantic/W4_Q32/STRUCT/w4_out_003	1152	74edd2fd528288101488a86310173d71587fbf5b26f76b1d89aa2da694f6ec12
semantic/W4_Q32/STRUCT/w4_out_003.desc	46	b4084f2c80b2ea89e867b79794773129f1f5f4a757cc54c1446e3cbcdca0edd8
semantic/W4_Q32/STRUCT/w4_out_003.meta	26	c35334599cad1105f48f53dc6344ea546fc25db54fd62e9c8891ea173be9a73b
semantic/W4_Q32/STRUCT/w4_out_003.shadow	0	e3b0c44298fc1c149afbf4c8996fb92427ae41e4649b934ca495991b7852b855
semantic/W4_Q32/STRUCT/w4_out_004	1152	74edd2fd528288101488a86310173d71587fbf5b26f76b1d89aa2da694f6ec12
semantic/W4_Q32/STRUCT/w4_out_004.desc	46	f8882e95802c402f208893a4eab016d31adee43c9a4b97caa069149640d19dd8
semantic/W4_Q32/STRUCT/w4_out_004.meta	26	9a6adf7a0527cdc47920dabda781f518cc9d0391729a4fe1cdd862636643ade2
semantic/W4_Q32/STRUCT/w4_out_004.shadow	0	e3b0c44298fc1c149afbf4c8996fb92427ae41e4649b934ca495991b7852b855
semantic/W4_Q32/STRUCT/w4_out_005	1152	74edd2fd528288101488a86310173d71587fbf5b26f76b1d89aa2da694f6ec12
semantic/W4_Q32/STRUCT/w4_out_005.desc	46	18d27f811a6aa98652e5168a31a1a422da3f7ac405067d99a089d1bafb85cd51
semantic/W4_Q32/STRUCT/w4_out_005.meta	26	ed714ad30f734346cda67322616f21aef98a9b5a1bd99a8745a4a8886e52b5b1
semantic/W4_Q32/STRUCT/w4_out_005.shadow	0	e3b0c44298fc1c149afbf4c8996fb92427ae41e4649b934ca495991b7852b855
semantic/W4_Q32/STRUCT/w4_out_006	1152	74edd2fd528288101488a86310173d71587fbf5b26f76b1d89aa2da694f6ec12
semantic/W4_Q32/STRUCT/w4_out_006.desc	46	2d53357a27f5d05091c757c16ee0c40ab6fa3731793676abe66236427b416e55
semantic/W4_Q32/STRUCT/w4_out_006.meta	26	ea46333dee9ccb3fc8fdc705f23d36f6aaad5db818e291767632d9919bbdc4b9
semantic/W4_Q32/STRUCT/w4_out_006.shadow	0	e3b0c44298fc1c149afbf4c8996fb92427ae41e4649b934ca495991b7852b855
semantic/W4_Q32/STRUCT/w4_out_007	1152	74edd2fd528288101488a86310173d71587fbf5b26f76b1d89aa2da694f6ec12
semantic/W4_Q32/STRUCT/w4_out_007.desc	46	83e53f0c566959807f9419a265568277849c3469bcbd8703044e14b86fa2cccd
semantic/W4_Q32/STRUCT/w4_out_007.meta	26	54ed7ca1eb6867c9bf8ce4615842faa41aefe2755a142c7807ca5294fef6ff70
semantic/W4_Q32/STRUCT/w4_out_007.shadow	0	e3b0c44298fc1c149afbf4c8996fb92427ae41e4649b934ca495991b7852b855
semantic/W4_Q32/STRUCT/w4_out_008	1152	74edd2fd528288101488a86310173d71587fbf5b26f76b1d89aa2da694f6ec12
semantic/W4_Q32/STRUCT/w4_out_008.desc	46	a9201bb5785748541fa8e039aec61710c05cf6e99a0228a3236ba6ee3ba2a36d
semantic/W4_Q32/STRUCT/w4_out_008.meta	26	be4906a2a2de70a80c792a49f67a15287de76a52ac391ab9b6d7bf4e1c18fd29
semantic/W4_Q32/STRUCT/w4_out_008.shadow	0	e3b0c44298fc1c149afbf4c8996fb92427ae41e4649b934ca495991b7852b855
semantic/W4_Q32/STRUCT/w4_out_009	1152	74edd2fd528288101488a86310173d71587fbf5b26f76b1d89aa2da694f6ec12
semantic/W4_Q32/STRUCT/w4_out_009.desc	46	35bde95ce9295959bf006dbdce827d918ad4474b136325b901c8f46be1ab8e94
semantic/W4_Q32/STRUCT/w4_out_009.meta	26	050d0e91507ecf329d21ccbf2170b77d3a97ef01cc23b0c7c2905ced63cffd1f
semantic/W4_Q32/STRUCT/w4_out_009.shadow	0	e3b0c44298fc1c149afbf4c8996fb92427ae41e4649b934ca495991b7852b855
semantic/W4_Q32/STRUCT/w4_out_010	1152	74edd2fd528288101488a86310173d71587fbf5b26f76b1d89aa2da694f6ec12
semantic/W4_Q32/STRUCT/w4_out_010.desc	46	f1850e81028592330a83a56abff2aa57f2bda39ecfa2cde64b55ab1b620e319c
semantic/W4_Q32/STRUCT/w4_out_010.meta	26	fc39f8ec004303f8cd20b4f7cdcd1ffbdf05df80575522616aa3a5c4b61cd58c
semantic/W4_Q32/STRUCT/w4_out_010.shadow	0	e3b0c44298fc1c149afbf4c8996fb92427ae41e4649b934ca495991b7852b855
semantic/W4_Q32/STRUCT/w4_out_011	1152	74edd2fd528288101488a86310173d71587fbf5b26f76b1d89aa2da694f6ec12
semantic/W4_Q32/STRUCT/w4_out_011.desc	46	7cd77eed1e40bc5fbdc72cc3b2af8aba0324605b85f5b946d5d50484f75b7927
semantic/W4_Q32/STRUCT/w4_out_011.meta	26	80ffd6596fad16c2403db4c63c701e9eccd46b6ac1e286395c6c73e1fabc02f4
semantic/W4_Q32/STRUCT/w4_out_011.shadow	0	e3b0c44298fc1c149afbf4c8996fb92427ae41e4649b934ca495991b7852b855
semantic/W4_Q32/STRUCT/w4_out_012	1152	74edd2fd528288101488a86310173d71587fbf5b26f76b1d89aa2da694f6ec12
semantic/W4_Q32/STRUCT/w4_out_012.desc	46	37ffc88542c82c34118ee15188be8783d4298ca5d103f3993dc15c8974b59a2c
semantic/W4_Q32/STRUCT/w4_out_012.meta	26	eacb4fa33f9e02d7ccc6f8cd6a76c960ceb3d89fe691a0133ae4cd042612f3e8
semantic/W4_Q32/STRUCT/w4_out_012.shadow	0	e3b0c44298fc1c149afbf4c8996fb92427ae41e4649b934ca495991b7852b855
semantic/W4_Q32/STRUCT/w4_out_013	1152	74edd2fd528288101488a86310173d71587fbf5b26f76b1d89aa2da694f6ec12
semantic/W4_Q32/STRUCT/w4_out_013.desc	46	cd549cb7f940aadde3653210b46f369f39cc6cdce69f4e116b1a45c2f6430127
semantic/W4_Q32/STRUCT/w4_out_013.meta	26	40e198f92fd0e9683993c2775b2517b69f54dc4b937d6a24a2d97c80710c8cdd
semantic/W4_Q32/STRUCT/w4_out_013.shadow	0	e3b0c44298fc1c149afbf4c8996fb92427ae41e4649b934ca495991b7852b855
semantic/W4_Q32/STRUCT/w4_out_014	1152	74edd2fd528288101488a86310173d71587fbf5b26f76b1d89aa2da694f6ec12
semantic/W4_Q32/STRUCT/w4_out_014.desc	46	11f0deae5386cb6cfac3a9b20803de49c5be5275afdd3f09fa501e4f3e0c0683
semantic/W4_Q32/STRUCT/w4_out_014.meta	26	89152c667629de3ae8899a71f183da94e9352d848b7f52877c6255e7766d4920
semantic/W4_Q32/STRUCT/w4_out_014.shadow	0	e3b0c44298fc1c149afbf4c8996fb92427ae41e4649b934ca495991b7852b855
semantic/W4_Q32/STRUCT/w4_out_015	1152	74edd2fd528288101488a86310173d71587fbf5b26f76b1d89aa2da694f6ec12
semantic/W4_Q32/STRUCT/w4_out_015.desc	46	560d6cb6917d9bb19510b35debf12b89efea5bdf0d6f0872adb0bc048de86b47
semantic/W4_Q32/STRUCT/w4_out_015.meta	26	991323887e03684c93443245191c3fe80e63a0ad04077a791f379d451a40dce3
semantic/W4_Q32/STRUCT/w4_out_015.shadow	0	e3b0c44298fc1c149afbf4c8996fb92427ae41e4649b934ca495991b7852b855
semantic/W4_Q32/STRUCT/w4_out_016	1152	74edd2fd528288101488a86310173d71587fbf5b26f76b1d89aa2da694f6ec12
semantic/W4_Q32/STRUCT/w4_out_016.desc	46	f0eaa241aa0c16f9c93539ddbcded705dda1b4ff2e17efaca89ebbc5cc8ee2cc
semantic/W4_Q32/STRUCT/w4_out_016.meta	26	9469f28b2b38c1ec69785c5076fb837a78853764db5e931aa6dd53e4175fecac
semantic/W4_Q32/STRUCT/w4_out_016.shadow	0	e3b0c44298fc1c149afbf4c8996fb92427ae41e4649b934ca495991b7852b855
semantic/W4_Q32/STRUCT/w4_out_017	1152	74edd2fd528288101488a86310173d71587fbf5b26f76b1d89aa2da694f6ec12
semantic/W4_Q32/STRUCT/w4_out_017.desc	46	bdc01fac93843c9f188451bb55c487806f6721a3b84aacc1e68a6be1979cb7c0
semantic/W4_Q32/STRUCT/w4_out_017.meta	26	a106fc5336bfd5e9021f26ff32452c88c0214b8d6a3a8f60fae6db23924ad40e
semantic/W4_Q32/STRUCT/w4_out_017.shadow	0	e3b0c44298fc1c149afbf4c8996fb92427ae41e4649b934ca495991b7852b855
semantic/W4_Q32/STRUCT/w4_out_018	1152	74edd2fd528288101488a86310173d71587fbf5b26f76b1d89aa2da694f6ec12
semantic/W4_Q32/STRUCT/w4_out_018.desc	46	a86b1bfa3ed025e53b78e21cca27950026b5af0f39649c65e89cf5dd36b8b4e2
semantic/W4_Q32/STRUCT/w4_out_018.meta	26	e289ddd08ae3226d1a1a7e41dde30b6432154d6f894d1f88b3fd86979a906281
semantic/W4_Q32/STRUCT/w4_out_018.shadow	0	e3b0c44298fc1c149afbf4c8996fb92427ae41e4649b934ca495991b7852b855
semantic/W4_Q32/STRUCT/w4_out_019	1152	74edd2fd528288101488a86310173d71587fbf5b26f76b1d89aa2da694f6ec12
semantic/W4_Q32/STRUCT/w4_out_019.desc	46	329984a03d4453761bc5421c36c434045d27fc0387c36659f4ab746b590eac98
semantic/W4_Q32/STRUCT/w4_out_019.meta	26	a45a024ef949e6f83dfb36d98599a63407c622a0595dd18fcd8db8312b124c41
semantic/W4_Q32/STRUCT/w4_out_019.shadow	0	e3b0c44298fc1c149afbf4c8996fb92427ae41e4649b934ca495991b7852b855
semantic/W4_Q32/STRUCT/w4_out_020	1152	74edd2fd528288101488a86310173d71587fbf5b26f76b1d89aa2da694f6ec12
semantic/W4_Q32/STRUCT/w4_out_020.desc	46	6faaddff4088a5d99d50a858af77fb7f7357d1018d84e69a729a04c8ea863eb8
semantic/W4_Q32/STRUCT/w4_out_020.meta	26	eeb4cd7241a02da99c34c83297fa637c263ce8895cd16b6bf3341ba69d5ad302
semantic/W4_Q32/STRUCT/w4_out_020.shadow	0	e3b0c44298fc1c149afbf4c8996fb92427ae41e4649b934ca495991b7852b855
semantic/W4_Q32/STRUCT/w4_out_021	1152	74edd2fd528288101488a86310173d71587fbf5b26f76b1d89aa2da694f6ec12
semantic/W4_Q32/STRUCT/w4_out_021.desc	46	c354e9ba2fdb69f3263ae19f6a1c06e41a43c79ecabee2c9ef49d7f061516cf5
semantic/W4_Q32/STRUCT/w4_out_021.meta	26	d552fbdacf8a12d2b65bd3917e2c0827037411158a51474870f71333c21c42d9
semantic/W4_Q32/STRUCT/w4_out_021.shadow	0	e3b0c44298fc1c149afbf4c8996fb92427ae41e4649b934ca495991b7852b855
semantic/W4_Q32/STRUCT/w4_out_022	1152	74edd2fd528288101488a86310173d71587fbf5b26f76b1d89aa2da694f6ec12
semantic/W4_Q32/STRUCT/w4_out_022.desc	46	aed40703ea979b3a027b37b2f715d275b351882ed12e499d67a6e4c9995287c2
semantic/W4_Q32/STRUCT/w4_out_022.meta	26	acf3668786a63bc3c44703a3c9b96c6325dcf3c463497fc6c5d257c87ab90eff
semantic/W4_Q32/STRUCT/w4_out_022.shadow	0	e3b0c44298fc1c149afbf4c8996fb92427ae41e4649b934ca495991b7852b855
semantic/W4_Q32/STRUCT/w4_out_023	1152	74edd2fd528288101488a86310173d71587fbf5b26f76b1d89aa2da694f6ec12
semantic/W4_Q32/STRUCT/w4_out_023.desc	46	e5fb43b65bd6ec56567bb4e6aadd1670724fda7b26b5618b88f78d853c9e84d4
semantic/W4_Q32/STRUCT/w4_out_023.meta	26	117cede27d45ef67dfac42d456a92f839ba9a87a40ab1031f0540e4c34915a60
semantic/W4_Q32/STRUCT/w4_out_023.shadow	0	e3b0c44298fc1c149afbf4c8996fb92427ae41e4649b934ca495991b7852b855
semantic/W4_Q32/STRUCT/w4_out_024	1152	74edd2fd528288101488a86310173d71587fbf5b26f76b1d89aa2da694f6ec12
semantic/W4_Q32/STRUCT/w4_out_024.desc	46	5b8df2398a0cf1494aaff6dd3fd7afedc1a8e69d20dc808e06d41f8a0da84b49
semantic/W4_Q32/STRUCT/w4_out_024.meta	26	92c3148854e1ef97cc820f217036d588b76b449dbb93b3b00129b3a72933a477
semantic/W4_Q32/STRUCT/w4_out_024.shadow	0	e3b0c44298fc1c149afbf4c8996fb92427ae41e4649b934ca495991b7852b855
semantic/W4_Q32/STRUCT/w4_out_025	1152	74edd2fd528288101488a86310173d71587fbf5b26f76b1d89aa2da694f6ec12
semantic/W4_Q32/STRUCT/w4_out_025.desc	46	fac710592a7ec4c8222bd729e4b3299b1d4ae4f49addc40c234141420e9e9ca5
semantic/W4_Q32/STRUCT/w4_out_025.meta	26	92133ae4fd8b102dc1d9b3791fc8a7fa4edaaac426cb17c173a16c3d98ee88c3
semantic/W4_Q32/STRUCT/w4_out_025.shadow	0	e3b0c44298fc1c149afbf4c8996fb92427ae41e4649b934ca495991b7852b855
semantic/W4_Q32/STRUCT/w4_out_026	1152	74edd2fd528288101488a86310173d71587fbf5b26f76b1d89aa2da694f6ec12
semantic/W4_Q32/STRUCT/w4_out_026.desc	46	a1dd52753f5884563dfeebf80193fd048d9d0b70505577e1c6b14e6b65766cbe
semantic/W4_Q32/STRUCT/w4_out_026.meta	26	aad03c6e6b0bbf501321419b9b467de407823689c3157bb52d45b3b0e053dd90
semantic/W4_Q32/STRUCT/w4_out_026.shadow	0	e3b0c44298fc1c149afbf4c8996fb92427ae41e4649b934ca495991b7852b855
semantic/W4_Q32/STRUCT/w4_out_027	1152	74edd2fd528288101488a86310173d71587fbf5b26f76b1d89aa2da694f6ec12
semantic/W4_Q32/STRUCT/w4_out_027.desc	46	24ea133c0d476b5e4a971aa49b0c0b281ff5c9731433581d8b157dd1850ade7b
semantic/W4_Q32/STRUCT/w4_out_027.meta	26	6055742c6c8cd3e5549ac39b28e1f06a8c8185b0ce870b945ea0e522424e1ac5
semantic/W4_Q32/STRUCT/w4_out_027.shadow	0	e3b0c44298fc1c149afbf4c8996fb92427ae41e4649b934ca495991b7852b855
semantic/W4_Q32/STRUCT/w4_out_028	1152	74edd2fd528288101488a86310173d71587fbf5b26f76b1d89aa2da694f6ec12
semantic/W4_Q32/STRUCT/w4_out_028.desc	46	53474aab4d0ddf84548868a0ca10b1126feb54dabc71b151e8222c04b0c008df
semantic/W4_Q32/STRUCT/w4_out_028.meta	26	d2d29a4f95054c40146a21d77f2a8d179f7101d942983b510f4a9476230529a5
semantic/W4_Q32/STRUCT/w4_out_028.shadow	0	e3b0c44298fc1c149afbf4c8996fb92427ae41e4649b934ca495991b7852b855
semantic/W4_Q32/STRUCT/w4_out_029	1152	74edd2fd528288101488a86310173d71587fbf5b26f76b1d89aa2da694f6ec12
semantic/W4_Q32/STRUCT/w4_out_029.desc	46	6adcc0fde7be84e7d0b1defa97a44265cd4505092dbdc71e26ad52070002aa93
semantic/W4_Q32/STRUCT/w4_out_029.meta	26	863681888846abb6fe454d94713cafcabbbd6ee54f5bb8c30d423034e67c47b6
semantic/W4_Q32/STRUCT/w4_out_029.shadow	0	e3b0c44298fc1c149afbf4c8996fb92427ae41e4649b934ca495991b7852b855
semantic/W4_Q32/STRUCT/w4_out_030	1152	74edd2fd528288101488a86310173d71587fbf5b26f76b1d89aa2da694f6ec12
semantic/W4_Q32/STRUCT/w4_out_030.desc	46	3c70cfcfda8477632ff28eb26ddcce691cf5cdb89190a48620572d97f8a859c6
semantic/W4_Q32/STRUCT/w4_out_030.meta	26	6665d9c3e02b338d9f7203ea6a63cfde61c68782a7e63f5d419091ddcf37c0b2
semantic/W4_Q32/STRUCT/w4_out_030.shadow	0	e3b0c44298fc1c149afbf4c8996fb92427ae41e4649b934ca495991b7852b855
semantic/W4_Q32/STRUCT/w4_out_031	1152	74edd2fd528288101488a86310173d71587fbf5b26f76b1d89aa2da694f6ec12
semantic/W4_Q32/STRUCT/w4_out_031.desc	46	e75d1e1004430e42a887a2f80b7587b4f33d06e740f7272b3bd9e0648a4970f4
semantic/W4_Q32/STRUCT/w4_out_031.meta	26	ec1b8a04597b88ef10006954c6a0ec85d9aa26765d36b8c1cc05d27bbaa33d00
semantic/W4_Q32/STRUCT/w4_out_031.shadow	0	e3b0c44298fc1c149afbf4c8996fb92427ae41e4649b934ca495991b7852b855
semantic/W5_Q01/ALGSTRUCT/w5_out_000	588	78d323c885e090256d3aa97adf8b7cad4af5dc5bf42e63c5cb8cf575e8ca09a1
semantic/W5_Q01/ALGSTRUCT/w5_out_000.desc	17	108c7a9f011f52dada1fca907b8925712d2f1c57a40c6e26c9930be62d5f01fd
semantic/W5_Q01/ALGSTRUCT/w5_out_000.meta	26	431ec4ac2115c3a79906ed2c1534f5f7a2f527cd5ab3827c4c24af0779cb5e3e
semantic/W5_Q01/ALGSTRUCT/w5_out_000.shadow	0	e3b0c44298fc1c149afbf4c8996fb92427ae41e4649b934ca495991b7852b855
semantic/W5_Q01/ALGSTRUCT/w5a_000.desc	47	5787acced769f970ba7f750893bcaa9b5561a220ea42b224db71f7abd71c4dfa
semantic/W5_Q01/ALGSTRUCT/w5b_000.desc	47	f8f7b0f4c2423653c82e5af23efa0ea0d5e86fb7f932478b7f092ba3faf1a909
semantic/W5_Q01/STRUCT/w5_out_000	588	78d323c885e090256d3aa97adf8b7cad4af5dc5bf42e63c5cb8cf575e8ca09a1
semantic/W5_Q01/STRUCT/w5_out_000.desc	17	108c7a9f011f52dada1fca907b8925712d2f1c57a40c6e26c9930be62d5f01fd
semantic/W5_Q01/STRUCT/w5_out_000.meta	26	7f9c51b62f8641bfc843cdcb9bdd183a9413a861b9782c096329724eb4e2e7ea
semantic/W5_Q01/STRUCT/w5_out_000.shadow	0	e3b0c44298fc1c149afbf4c8996fb92427ae41e4649b934ca495991b7852b855
semantic/W5_Q01/STRUCT/w5a_000.desc	47	5787acced769f970ba7f750893bcaa9b5561a220ea42b224db71f7abd71c4dfa
semantic/W5_Q01/STRUCT/w5b_000.desc	47	f8f7b0f4c2423653c82e5af23efa0ea0d5e86fb7f932478b7f092ba3faf1a909
semantic/W6_Q01/ALGSTRUCT/A.desc	47	5787acced769f970ba7f750893bcaa9b5561a220ea42b224db71f7abd71c4dfa
semantic/W6_Q01/ALGSTRUCT/B.desc	47	f8f7b0f4c2423653c82e5af23efa0ea0d5e86fb7f932478b7f092ba3faf1a909
semantic/W6_Q01/ALGSTRUCT/STREAM_TIMEMOVE_A.desc	43	ac73757d4bff8985fb902a1cf043a19b8d954e2bad8434282297641fef0db98d
semantic/W6_Q01/ALGSTRUCT/STREAM_TIMEMOVE_A.meta	26	825b6c9717844c9f941ff6d9784d3dd41e79fbed7ef12fb8b6299bafeef40f38
semantic/W6_Q01/ALGSTRUCT/STREAM_TIMEMOVE_B.desc	43	91fa2aec6956910a282e26f8f428ec61448ae55aa3da815f9b270b5f0c8c0033
semantic/W6_Q01/ALGSTRUCT/STREAM_TIMEMOVE_B.meta	26	098b0a04ed8493104fb07011255d77d66ff886f9162d5fc76a12a0d4fd3865ff
semantic/W6_Q01/ALGSTRUCT/w6_out_000	576	db914d13d5437de21a5752c8f47b8ec7170b7e9ca789139de50e2cc924d8f9a1
semantic/W6_Q01/ALGSTRUCT/w6_out_000.desc	17	108c7a9f011f52dada1fca907b8925712d2f1c57a40c6e26c9930be62d5f01fd
semantic/W6_Q01/ALGSTRUCT/w6_out_000.meta	26	dea7f5c7ac99fec05869da36631683d70624dd34a98f3f6313ec0d4df8484831
semantic/W6_Q01/ALGSTRUCT/w6_out_000.shadow	0	e3b0c44298fc1c149afbf4c8996fb92427ae41e4649b934ca495991b7852b855
semantic/W6_Q01/STRUCT/A.desc	47	5787acced769f970ba7f750893bcaa9b5561a220ea42b224db71f7abd71c4dfa
semantic/W6_Q01/STRUCT/B.desc	47	f8f7b0f4c2423653c82e5af23efa0ea0d5e86fb7f932478b7f092ba3faf1a909
semantic/W6_Q01/STRUCT/STREAM_TIMEMOVE_A.desc	43	ac73757d4bff8985fb902a1cf043a19b8d954e2bad8434282297641fef0db98d
semantic/W6_Q01/STRUCT/STREAM_TIMEMOVE_A.meta	26	4f4febb7f6b137123c89ed4103e7a80f23e6d0ed25452fc3bb93a3482d23d0e0
semantic/W6_Q01/STRUCT/STREAM_TIMEMOVE_B.desc	43	91fa2aec6956910a282e26f8f428ec61448ae55aa3da815f9b270b5f0c8c0033
semantic/W6_Q01/STRUCT/STREAM_TIMEMOVE_B.meta	26	31d9065505f9774fe2ab56b98b51229871ba3095b91e9e1e0a3cb16bcaa62d72
semantic/W6_Q01/STRUCT/w6_out_000	576	db914d13d5437de21a5752c8f47b8ec7170b7e9ca789139de50e2cc924d8f9a1
semantic/W6_Q01/STRUCT/w6_out_000.desc	17	108c7a9f011f52dada1fca907b8925712d2f1c57a40c6e26c9930be62d5f01fd
semantic/W6_Q01/STRUCT/w6_out_000.meta	26	0fd45a278bc61e810a40f977b1de1163f2dc32a63dd033e4c0824de3023ceab4
semantic/W6_Q01/STRUCT/w6_out_000.shadow	0	e3b0c44298fc1c149afbf4c8996fb92427ae41e4649b934ca495991b7852b855
semantic/W7_Q01/ALGSTRUCT/A.desc	47	5787acced769f970ba7f750893bcaa9b5561a220ea42b224db71f7abd71c4dfa
semantic/W7_Q01/ALGSTRUCT/B.desc	47	f8f7b0f4c2423653c82e5af23efa0ea0d5e86fb7f932478b7f092ba3faf1a909
semantic/W7_Q01/ALGSTRUCT/w7_out_000	576	db914d13d5437de21a5752c8f47b8ec7170b7e9ca789139de50e2cc924d8f9a1
semantic/W7_Q01/ALGSTRUCT/w7_out_000.desc	17	108c7a9f011f52dada1fca907b8925712d2f1c57a40c6e26c9930be62d5f01fd
semantic/W7_Q01/ALGSTRUCT/w7_out_000.meta	26	23f488e6aed061277f45ab24da1278e0804d1dec38eae3137f1b72af3dec44f2
semantic/W7_Q01/ALGSTRUCT/w7_out_000.shadow	0	e3b0c44298fc1c149afbf4c8996fb92427ae41e4649b934ca495991b7852b855
semantic/W7_Q01/ALGSTRUCT/w7_sa	388	c7eb2b81960610d6d61d91fa941e8d27978b0b651c72ba8f14f32f2da5fed2f7
semantic/W7_Q01/ALGSTRUCT/w7_sa.desc	17	108c7a9f011f52dada1fca907b8925712d2f1c57a40c6e26c9930be62d5f01fd
semantic/W7_Q01/ALGSTRUCT/w7_sa.meta	26	fc097b4588a5da43bd8c70f7848664280d2485f5bdcd8005f74675fd703d8d0b
semantic/W7_Q01/ALGSTRUCT/w7_sa.shadow	0	e3b0c44298fc1c149afbf4c8996fb92427ae41e4649b934ca495991b7852b855
semantic/W7_Q01/ALGSTRUCT/w7_sb	192	74baaeecabf1a2564afbce173bdb26159f2cc6119db4406e155e48123518bafc
semantic/W7_Q01/ALGSTRUCT/w7_sb.desc	17	108c7a9f011f52dada1fca907b8925712d2f1c57a40c6e26c9930be62d5f01fd
semantic/W7_Q01/ALGSTRUCT/w7_sb.meta	26	45777465b9bbc88f1bb9f27fd4a9d24d19ea575313a402c73373db10cb1c127f
semantic/W7_Q01/ALGSTRUCT/w7_sb.shadow	0	e3b0c44298fc1c149afbf4c8996fb92427ae41e4649b934ca495991b7852b855
semantic/W7_Q01/STRUCT/A.desc	47	5787acced769f970ba7f750893bcaa9b5561a220ea42b224db71f7abd71c4dfa
semantic/W7_Q01/STRUCT/B.desc	47	f8f7b0f4c2423653c82e5af23efa0ea0d5e86fb7f932478b7f092ba3faf1a909
semantic/W7_Q01/STRUCT/w7_out_000	576	db914d13d5437de21a5752c8f47b8ec7170b7e9ca789139de50e2cc924d8f9a1
semantic/W7_Q01/STRUCT/w7_out_000.desc	17	108c7a9f011f52dada1fca907b8925712d2f1c57a40c6e26c9930be62d5f01fd
semantic/W7_Q01/STRUCT/w7_out_000.meta	26	8dbc868c1436559d0f62a903bc73d9108ab16e8a198d68d220278f797b0a3b57
semantic/W7_Q01/STRUCT/w7_out_000.shadow	0	e3b0c44298fc1c149afbf4c8996fb92427ae41e4649b934ca495991b7852b855
semantic/W7_Q01/STRUCT/w7_sa	388	c7eb2b81960610d6d61d91fa941e8d27978b0b651c72ba8f14f32f2da5fed2f7
semantic/W7_Q01/STRUCT/w7_sa.desc	17	108c7a9f011f52dada1fca907b8925712d2f1c57a40c6e26c9930be62d5f01fd
semantic/W7_Q01/STRUCT/w7_sa.meta	26	690f778b93d4c7372543b3d77a4db4f370cc15ebb2e656e047b3a4131d1fdc1a
semantic/W7_Q01/STRUCT/w7_sa.shadow	0	e3b0c44298fc1c149afbf4c8996fb92427ae41e4649b934ca495991b7852b855
semantic/W7_Q01/STRUCT/w7_sb	192	74baaeecabf1a2564afbce173bdb26159f2cc6119db4406e155e48123518bafc
semantic/W7_Q01/STRUCT/w7_sb.desc	17	108c7a9f011f52dada1fca907b8925712d2f1c57a40c6e26c9930be62d5f01fd
semantic/W7_Q01/STRUCT/w7_sb.meta	26	4164963bc64b23ea2c8d6d717759e101c97239a5bf481419a525052b1addd222
semantic/W7_Q01/STRUCT/w7_sb.shadow	0	e3b0c44298fc1c149afbf4c8996fb92427ae41e4649b934ca495991b7852b855
semantic/W8_Q01/ALGSTRUCT/STREAM_HASH_mlii_mwi.desc	45	f3f691ba90b2eb7ed52ce0a8d16da7abe28f044015d5a2564993b61498d7f48f
semantic/W8_Q01/ALGSTRUCT/STREAM_HASH_mlii_mwi.meta	26	346d693ff8f5c57efa14cf9df052ebdc3d8179e8c7cb71a59262b40224c4ef53
semantic/W8_Q01/ALGSTRUCT/bp_acc.desc	493	53ef8fa01e980b4d4518d569b8a7c3c1cd56b9bc050bd451980c2751370f8f5a
semantic/W8_Q01/ALGSTRUCT/bp_acc.meta	29	1c6f4d994dc097cd61181b4c86f72abfaa79e5f53193f627871f376a57480f79
semantic/W8_Q01/ALGSTRUCT/bp_out.desc	46	55ca32d227c54caf7b3de74724552e720db7f0e967d644f4493760642e5dea5a
semantic/W8_Q01/ALGSTRUCT/bp_out.meta	26	71c82b974c1b3662e1209348713e7fe553d8a494d0a90f7f23b4552f5eea02c2
semantic/W8_Q01/ALGSTRUCT/bp_win.desc	118	f99af921565c807f44afdb2ff8e14360ff677ac5d1ef69622493aaecea85bf3b
semantic/W8_Q01/ALGSTRUCT/bp_win.meta	26	c57cada8c07250dde67b0281897400320c0c196fd891a50859b31a0df0b303d1
semantic/W8_Q01/ALGSTRUCT/bpf.desc	59	9f33660f2bea556c9e4a5de78d3272bacbca2f5123c08ab77f0f420321fd8bc2
semantic/W8_Q01/ALGSTRUCT/d_acc.desc	113	41fb59bdc02bf2e89f03237c39f065a4232d89df6f2169b00e96d115974de0ff
semantic/W8_Q01/ALGSTRUCT/d_acc.meta	26	0e23423176d3a1c66df44dc1785b857b2febea3d0a7bc63664d080a665e943c9
semantic/W8_Q01/ALGSTRUCT/d_out.desc	45	644b6adb1bb696f17638995afeb4e3691733ba5b32a765688b9dde663956045b
semantic/W8_Q01/ALGSTRUCT/d_out.meta	26	af1ba40db567d8cd9cf15c4b8253897d37626f27152654c6ee195448e5556ed4
semantic/W8_Q01/ALGSTRUCT/df.desc	56	b1e8813616fa26d611a00c26de8cfa834a7b9a407dbba520b957e0d151fd572c
semantic/W8_Q01/ALGSTRUCT/ecg.desc	55	925d58f601ce1bedaba626349ec166b1bfcb819046e020189fcfbcf866e18220
semantic/W8_Q01/ALGSTRUCT/mlii.desc	45	f9bfa697e4a5f0d3ff909e496ab91fd0faa256988e77e890dc4eacc87932b2bb
semantic/W8_Q01/ALGSTRUCT/mlii.meta	26	f3f8ac2d2221a4373f679387a1f766575ca89374acea5e4eb409410efbae5e27
semantic/W8_Q01/ALGSTRUCT/mlii_win.desc	443	903822f3144dacfa5ad62cd5c610c5491f51a3d0a13713f6f62c7af0b97acac3
semantic/W8_Q01/ALGSTRUCT/mlii_win.meta	29	8b009933fd336e9822058cccac43de5f02d0f965e74f46772977ec163c44019c
semantic/W8_Q01/ALGSTRUCT/mon_000	1680	7a3c0be45fbb5a60bf696367b65a86c085f714efcf9949d569e2c1b39ccf410f
semantic/W8_Q01/ALGSTRUCT/mon_000.desc	18	2a0216848c9805794ff9ea65e9b904750549edd949bc60c329f9c6a45f923f69
semantic/W8_Q01/ALGSTRUCT/mon_000.meta	26	f6195df409a0ed4b1caeecaf0b0fbfbce2f6d8ba3c221ee1f7cc02c8d1f91948
semantic/W8_Q01/ALGSTRUCT/mon_000.shadow	0	e3b0c44298fc1c149afbf4c8996fb92427ae41e4649b934ca495991b7852b855
semantic/W8_Q01/ALGSTRUCT/mwi.desc	43	32c20c37916e6dd6b2b7c09bacd090abae3881cf69c0d079757fdcc5a35ab50c
semantic/W8_Q01/ALGSTRUCT/mwi.meta	26	1f1f0acb2cd61ac5d54349ae4e08d22d158f20173bb8f47cbdbd51b7347d778d
semantic/W8_Q01/ALGSTRUCT/mwi_win.desc	588	538152db61c129ebb4d08222a10e0407898638651d7ef4a5b3bb339c073d905b
semantic/W8_Q01/ALGSTRUCT/mwi_win.meta	29	bec684b2c841baeca3d6399ecddf1859de5cc15f8589ccb452edd4e8d9f604ae
semantic/W8_Q01/ALGSTRUCT/sq_out.desc	47	919f820caba144bc57de2527871dd298404f77dce2b6e1f30da6fc84cea69c1d
semantic/W8_Q01/ALGSTRUCT/sq_out.meta	26	ed0c80e8d2790d7352f5399fdeccb54cdf84255370fae22f6841b8410dd6142b
semantic/W8_Q01/STRUCT/STREAM_TIMEMOVE_mlii.desc	45	f9bfa697e4a5f0d3ff909e496ab91fd0faa256988e77e890dc4eacc87932b2bb
semantic/W8_Q01/STRUCT/STREAM_TIMEMOVE_mlii.meta	26	c88a75db30f838bb87ec9cca14eaba7f9f0359753322605a8c666f4a61ba8329
semantic/W8_Q01/STRUCT/STREAM_TIMEMOVE_mwi.desc	43	32c20c37916e6dd6b2b7c09bacd090abae3881cf69c0d079757fdcc5a35ab50c
semantic/W8_Q01/STRUCT/STREAM_TIMEMOVE_mwi.meta	26	837d18c98f6fbcf34da12b9a973ff561a778cedeb4652cac422d581a9eb12e2f
semantic/W8_Q01/STRUCT/bp_acc.desc	493	53ef8fa01e980b4d4518d569b8a7c3c1cd56b9bc050bd451980c2751370f8f5a
semantic/W8_Q01/STRUCT/bp_acc.meta	29	e89f95b3d54595b05010c9a4189cfea211b1f2f52374eb9d6336c97ba7c78a8e
semantic/W8_Q01/STRUCT/bp_out.desc	46	55ca32d227c54caf7b3de74724552e720db7f0e967d644f4493760642e5dea5a
semantic/W8_Q01/STRUCT/bp_out.meta	26	48ae4d8de4fc414c58ece38ebb10c6a0b5667714adbd816dae89c371e8bb5403
semantic/W8_Q01/STRUCT/bp_win.desc	118	f99af921565c807f44afdb2ff8e14360ff677ac5d1ef69622493aaecea85bf3b
semantic/W8_Q01/STRUCT/bp_win.meta	26	68e0f7e186d98ccebe30549d410a7d5ea13635ae7f0c1c5f87a502f96c0e4cdf
semantic/W8_Q01/STRUCT/bpf.desc	59	9f33660f2bea556c9e4a5de78d3272bacbca2f5123c08ab77f0f420321fd8bc2
semantic/W8_Q01/STRUCT/d_acc.desc	113	41fb59bdc02bf2e89f03237c39f065a4232d89df6f2169b00e96d115974de0ff
semantic/W8_Q01/STRUCT/d_acc.meta	26	c1a8a4cfacc4c44b5637cfe48e2029aa98f6d9ff608177865080ac1390d7f8e3
semantic/W8_Q01/STRUCT/d_out.desc	45	644b6adb1bb696f17638995afeb4e3691733ba5b32a765688b9dde663956045b
semantic/W8_Q01/STRUCT/d_out.meta	26	7040e6d0c4b6a48126ce3cc8da349eab058679c286724695c5532a865cbb5480
semantic/W8_Q01/STRUCT/df.desc	56	b1e8813616fa26d611a00c26de8cfa834a7b9a407dbba520b957e0d151fd572c
semantic/W8_Q01/STRUCT/ecg.desc	55	925d58f601ce1bedaba626349ec166b1bfcb819046e020189fcfbcf866e18220
semantic/W8_Q01/STRUCT/mlii.desc	45	198a7e6fd28fb59bb8469633d1d60d2ea84ae2ecd751c124369b35c151b85e38
semantic/W8_Q01/STRUCT/mlii.meta	26	718b8647656c3b7c1e5d6c20b6b8af7ad5924670678d5f36fa5d8b6e123e71e7
semantic/W8_Q01/STRUCT/mlii_win.desc	443	903822f3144dacfa5ad62cd5c610c5491f51a3d0a13713f6f62c7af0b97acac3
semantic/W8_Q01/STRUCT/mlii_win.meta	29	33e42a67b44463a996dec49ff62644e4adf931e442c9a0e1d051dd32aedc86a0
semantic/W8_Q01/STRUCT/mon_000	1680	7a3c0be45fbb5a60bf696367b65a86c085f714efcf9949d569e2c1b39ccf410f
semantic/W8_Q01/STRUCT/mon_000.desc	18	2a0216848c9805794ff9ea65e9b904750549edd949bc60c329f9c6a45f923f69
semantic/W8_Q01/STRUCT/mon_000.meta	26	07176c5bfa8c3a3ee04dcff281723434538fc69f38cd55e9f3af41074203a03d
semantic/W8_Q01/STRUCT/mon_000.shadow	0	e3b0c44298fc1c149afbf4c8996fb92427ae41e4649b934ca495991b7852b855
semantic/W8_Q01/STRUCT/mwi.desc	44	c356b28d19705af5b0ed8fd293ddf1d6d1de39043d7dba5382d7ab3819579217
semantic/W8_Q01/STRUCT/mwi.meta	26	7a168084940c91a16f3d68bf9a4e02c85195581f802ee294121a291317572256
semantic/W8_Q01/STRUCT/mwi_win.desc	588	538152db61c129ebb4d08222a10e0407898638651d7ef4a5b3bb339c073d905b
semantic/W8_Q01/STRUCT/mwi_win.meta	29	5ae73a4d03cc9443f8d82970754a8c0c1b73a7da172bcc59d932caf6a2b58b58
semantic/W8_Q01/STRUCT/sq_out.desc	47	919f820caba144bc57de2527871dd298404f77dce2b6e1f30da6fc84cea69c1d
semantic/W8_Q01/STRUCT/sq_out.meta	26	01b0f54338a47511618dafdcd4534625dc91546775b7660e401f4fd1a5e308e2
semantic/W8_Q02/ALGSTRUCT/STREAM_HASH_mlii_mwi.desc	45	f3f691ba90b2eb7ed52ce0a8d16da7abe28f044015d5a2564993b61498d7f48f
semantic/W8_Q02/ALGSTRUCT/STREAM_HASH_mlii_mwi.meta	26	3757f9135484192bf7efadbcfba6f149786ffa815df929460ed99a05a9249c9a
semantic/W8_Q02/ALGSTRUCT/bp_acc.desc	493	53ef8fa01e980b4d4518d569b8a7c3c1cd56b9bc050bd451980c2751370f8f5a
semantic/W8_Q02/ALGSTRUCT/bp_acc.meta	29	ca311c30719b332e8030774fa0f223a3256d6d97c6311f7916bf2d4c9d17ee54
semantic/W8_Q02/ALGSTRUCT/bp_out.desc	46	55ca32d227c54caf7b3de74724552e720db7f0e967d644f4493760642e5dea5a
semantic/W8_Q02/ALGSTRUCT/bp_out.meta	26	35696a17f4fefbeb332eb92daae245ee5c82c30dd6c8119b8e64ddc03105ad4f
semantic/W8_Q02/ALGSTRUCT/bp_win.desc	118	f99af921565c807f44afdb2ff8e14360ff677ac5d1ef69622493aaecea85bf3b
semantic/W8_Q02/ALGSTRUCT/bp_win.meta	26	0e8cfa9aee5ec6e1bfe0c24334c6d42328adf4118dfce2967fdce47b4f78f39b
semantic/W8_Q02/ALGSTRUCT/bpf.desc	59	9f33660f2bea556c9e4a5de78d3272bacbca2f5123c08ab77f0f420321fd8bc2
semantic/W8_Q02/ALGSTRUCT/d_acc.desc	113	41fb59bdc02bf2e89f03237c39f065a4232d89df6f2169b00e96d115974de0ff
semantic/W8_Q02/ALGSTRUCT/d_acc.meta	26	daabaf796719361ba589f4773a06942514e219c1d9a713783f69c76c1afd136b
semantic/W8_Q02/ALGSTRUCT/d_out.desc	45	644b6adb1bb696f17638995afeb4e3691733ba5b32a765688b9dde663956045b
semantic/W8_Q02/ALGSTRUCT/d_out.meta	26	e214ca781cc494d847822d26f0265663245c275112dd3ba84150697dbf4a2cbc
semantic/W8_Q02/ALGSTRUCT/df.desc	56	b1e8813616fa26d611a00c26de8cfa834a7b9a407dbba520b957e0d151fd572c
semantic/W8_Q02/ALGSTRUCT/ecg.desc	55	925d58f601ce1bedaba626349ec166b1bfcb819046e020189fcfbcf866e18220
semantic/W8_Q02/ALGSTRUCT/mlii.desc	45	f9bfa697e4a5f0d3ff909e496ab91fd0faa256988e77e890dc4eacc87932b2bb
semantic/W8_Q02/ALGSTRUCT/mlii.meta	26	bcd7e50b4e23987df3e39d08ca46d63e2a8c290944e58b0606112fdbe5298030
semantic/W8_Q02/ALGSTRUCT/mlii_win.desc	443	903822f3144dacfa5ad62cd5c610c5491f51a3d0a13713f6f62c7af0b97acac3
semantic/W8_Q02/ALGSTRUCT/mlii_win.meta	29	97b6f21228b12d20b77cae39a13fa088bdd673dad248780ba7e512719f00be19
semantic/W8_Q02/ALGSTRUCT/mon_000	1680	7a3c0be45fbb5a60bf696367b65a86c085f714efcf9949d569e2c1b39ccf410f
semantic/W8_Q02/ALGSTRUCT/mon_000.desc	18	2a0216848c9805794ff9ea65e9b904750549edd949bc60c329f9c6a45f923f69
semantic/W8_Q02/ALGSTRUCT/mon_000.meta	26	829aad6b452dbafc8a43fe0a938ecd464a9823a9e1a87ae6c3b0ec72fcf9e3a9
semantic/W8_Q02/ALGSTRUCT/mon_000.shadow	0	e3b0c44298fc1c149afbf4c8996fb92427ae41e4649b934ca495991b7852b855
semantic/W8_Q02/ALGSTRUCT/mon_001	1680	7a3c0be45fbb5a60bf696367b65a86c085f714efcf9949d569e2c1b39ccf410f
semantic/W8_Q02/ALGSTRUCT/mon_001.desc	18	2a0216848c9805794ff9ea65e9b904750549edd949bc60c329f9c6a45f923f69
semantic/W8_Q02/ALGSTRUCT/mon_001.meta	26	f15c39e3863590e91696fb95e90007fe1c57ffd30b36ad2ccbba30b885d8a934
semantic/W8_Q02/ALGSTRUCT/mon_001.shadow	0	e3b0c44298fc1c149afbf4c8996fb92427ae41e4649b934ca495991b7852b855
semantic/W8_Q02/ALGSTRUCT/mwi.desc	43	32c20c37916e6dd6b2b7c09bacd090abae3881cf69c0d079757fdcc5a35ab50c
semantic/W8_Q02/ALGSTRUCT/mwi.meta	26	3d6bec03438e13f11d61631f4ee105625d94853480780cb2543a08846229f187
semantic/W8_Q02/ALGSTRUCT/mwi_win.desc	588	538152db61c129ebb4d08222a10e0407898638651d7ef4a5b3bb339c073d905b
semantic/W8_Q02/ALGSTRUCT/mwi_win.meta	29	aa74f4710d0c192db79dcb2bcecf25291977f3eb114aceca719d402a2ee54129
semantic/W8_Q02/ALGSTRUCT/sq_out.desc	47	919f820caba144bc57de2527871dd298404f77dce2b6e1f30da6fc84cea69c1d
semantic/W8_Q02/ALGSTRUCT/sq_out.meta	26	04bb231868b114cea6c5b0eebacb2420ffbe9c54c90b9bed9dc4002a8713e476
semantic/W8_Q02/STRUCT/STREAM_TIMEMOVE_mlii.desc	45	f9bfa697e4a5f0d3ff909e496ab91fd0faa256988e77e890dc4eacc87932b2bb
semantic/W8_Q02/STRUCT/STREAM_TIMEMOVE_mlii.meta	26	a0d1a1692a3643ec302b983edeab0864edc7f5a5ceea93fd8827976dc63556b6
semantic/W8_Q02/STRUCT/STREAM_TIMEMOVE_mwi.desc	43	32c20c37916e6dd6b2b7c09bacd090abae3881cf69c0d079757fdcc5a35ab50c
semantic/W8_Q02/STRUCT/STREAM_TIMEMOVE_mwi.meta	26	308e875c7ddcc64bfb2cf6cfce60eb02edf27641a345185b58c3f7d06ea01dc6
semantic/W8_Q02/STRUCT/bp_acc.desc	493	53ef8fa01e980b4d4518d569b8a7c3c1cd56b9bc050bd451980c2751370f8f5a
semantic/W8_Q02/STRUCT/bp_acc.meta	29	2f399e0510dffbee593ff12a6c85e9b1ca8ea4a9122399be41d22df0532e84cd
semantic/W8_Q02/STRUCT/bp_out.desc	46	55ca32d227c54caf7b3de74724552e720db7f0e967d644f4493760642e5dea5a
semantic/W8_Q02/STRUCT/bp_out.meta	26	ce9d88e782c4e10490f6c41ab653dc06de3b39a78bd50a8549152e1997bbec5f
semantic/W8_Q02/STRUCT/bp_win.desc	118	f99af921565c807f44afdb2ff8e14360ff677ac5d1ef69622493aaecea85bf3b
semantic/W8_Q02/STRUCT/bp_win.meta	26	2d8980399a998f5c1bc88abfee323e75fb91fd4adfe30c79c57c6543d17ee77b
semantic/W8_Q02/STRUCT/bpf.desc	59	9f33660f2bea556c9e4a5de78d3272bacbca2f5123c08ab77f0f420321fd8bc2
semantic/W8_Q02/STRUCT/d_acc.desc	113	41fb59bdc02bf2e89f03237c39f065a4232d89df6f2169b00e96d115974de0ff
semantic/W8_Q02/STRUCT/d_acc.meta	26	a11ed29fc52ea9c7f8e65657d0965cb370d7db5124a595da516d8b0f4c741c4f
semantic/W8_Q02/STRUCT/d_out.desc	45	644b6adb1bb696f17638995afeb4e3691733ba5b32a765688b9dde663956045b
semantic/W8_Q02/STRUCT/d_out.meta	26	f445ee0e66feaf023d9d76e39408274cc9e3e31485107919b2efc1ec543e3f4b
semantic/W8_Q02/STRUCT/df.desc	56	b1e8813616fa26d611a00c26de8cfa834a7b9a407dbba520b957e0d151fd572c
semantic/W8_Q02/STRUCT/ecg.desc	55	925d58f601ce1bedaba626349ec166b1bfcb819046e020189fcfbcf866e18220
semantic/W8_Q02/STRUCT/mlii.desc	45	198a7e6fd28fb59bb8469633d1d60d2ea84ae2ecd751c124369b35c151b85e38
semantic/W8_Q02/STRUCT/mlii.meta	26	0cb5e47614723962059ed139c92308cdb2f0bb4dff1e990dac58d2811a1ca9ea
semantic/W8_Q02/STRUCT/mlii_win.desc	443	903822f3144dacfa5ad62cd5c610c5491f51a3d0a13713f6f62c7af0b97acac3
semantic/W8_Q02/STRUCT/mlii_win.meta	29	276b8d03e8fb83c50b4691abc6ea5bfee1074c31d9eab03af133c56392fd9288
semantic/W8_Q02/STRUCT/mon_000	1680	7a3c0be45fbb5a60bf696367b65a86c085f714efcf9949d569e2c1b39ccf410f
semantic/W8_Q02/STRUCT/mon_000.desc	18	2a0216848c9805794ff9ea65e9b904750549edd949bc60c329f9c6a45f923f69
semantic/W8_Q02/STRUCT/mon_000.meta	26	daecdec5709a78983309081d78de59fc7adfffa28d68af5a2168bc711e6be90f
semantic/W8_Q02/STRUCT/mon_000.shadow	0	e3b0c44298fc1c149afbf4c8996fb92427ae41e4649b934ca495991b7852b855
semantic/W8_Q02/STRUCT/mon_001	1680	7a3c0be45fbb5a60bf696367b65a86c085f714efcf9949d569e2c1b39ccf410f
semantic/W8_Q02/STRUCT/mon_001.desc	18	2a0216848c9805794ff9ea65e9b904750549edd949bc60c329f9c6a45f923f69
semantic/W8_Q02/STRUCT/mon_001.meta	26	6930a43a73b8194f4b7be1d2b21287318dbb9190eb6b41d48076dd37e686020b
semantic/W8_Q02/STRUCT/mon_001.shadow	0	e3b0c44298fc1c149afbf4c8996fb92427ae41e4649b934ca495991b7852b855
semantic/W8_Q02/STRUCT/mwi.desc	44	c356b28d19705af5b0ed8fd293ddf1d6d1de39043d7dba5382d7ab3819579217
semantic/W8_Q02/STRUCT/mwi.meta	26	630ae5f6436fa8019123476cdb0427894b728f7d56025cdd7af78ac8b6d76bc4
semantic/W8_Q02/STRUCT/mwi_win.desc	588	538152db61c129ebb4d08222a10e0407898638651d7ef4a5b3bb339c073d905b
semantic/W8_Q02/STRUCT/mwi_win.meta	29	5c7d3170ad930401b5c6ee7145c0daf644bfd6a6b69a7d7c493c3beb1583226b
semantic/W8_Q02/STRUCT/sq_out.desc	47	919f820caba144bc57de2527871dd298404f77dce2b6e1f30da6fc84cea69c1d
semantic/W8_Q02/STRUCT/sq_out.meta	26	6b3d30b38f764153105bb8252d706b826a0a1122e63aa02d21bfbef5e73c9f8b
semantic/W8_Q04/ALGSTRUCT/STREAM_HASH_mlii_mwi.desc	45	f3f691ba90b2eb7ed52ce0a8d16da7abe28f044015d5a2564993b61498d7f48f
semantic/W8_Q04/ALGSTRUCT/STREAM_HASH_mlii_mwi.meta	26	217139151b660c11fe4b88ba9b7a800c0c1c31f036033efe852bf3e1d89583f3
semantic/W8_Q04/ALGSTRUCT/bp_acc.desc	493	53ef8fa01e980b4d4518d569b8a7c3c1cd56b9bc050bd451980c2751370f8f5a
semantic/W8_Q04/ALGSTRUCT/bp_acc.meta	29	0ab051d7d69097ba0bc0bc068cb5edd0675467b669289fc40e0a75cc49a72069
semantic/W8_Q04/ALGSTRUCT/bp_out.desc	46	55ca32d227c54caf7b3de74724552e720db7f0e967d644f4493760642e5dea5a
semantic/W8_Q04/ALGSTRUCT/bp_out.meta	26	648b0dbf00cb9d24912c9445508aff1873fbf931e696a45cf35a851a8b5e342a
semantic/W8_Q04/ALGSTRUCT/bp_win.desc	118	f99af921565c807f44afdb2ff8e14360ff677ac5d1ef69622493aaecea85bf3b
semantic/W8_Q04/ALGSTRUCT/bp_win.meta	26	07737eb621ce07740abbf320b8b5d4be8abbe8aa100c99a7c8b8122d209d5291
semantic/W8_Q04/ALGSTRUCT/bpf.desc	59	9f33660f2bea556c9e4a5de78d3272bacbca2f5123c08ab77f0f420321fd8bc2
semantic/W8_Q04/ALGSTRUCT/d_acc.desc	113	41fb59bdc02bf2e89f03237c39f065a4232d89df6f2169b00e96d115974de0ff
semantic/W8_Q04/ALGSTRUCT/d_acc.meta	26	486e0f858b5ff18390d4a9dd3f435d5e597ff40671d071b92595369c7f520d4e
semantic/W8_Q04/ALGSTRUCT/d_out.desc	45	644b6adb1bb696f17638995afeb4e3691733ba5b32a765688b9dde663956045b
semantic/W8_Q04/ALGSTRUCT/d_out.meta	26	e0e9c1ce183cbbb08f8afa23e336e6e944cbb57a9fb6a0d99f951fb8787d4c8c
semantic/W8_Q04/ALGSTRUCT/df.desc	56	b1e8813616fa26d611a00c26de8cfa834a7b9a407dbba520b957e0d151fd572c
semantic/W8_Q04/ALGSTRUCT/ecg.desc	55	925d58f601ce1bedaba626349ec166b1bfcb819046e020189fcfbcf866e18220
semantic/W8_Q04/ALGSTRUCT/mlii.desc	45	f9bfa697e4a5f0d3ff909e496ab91fd0faa256988e77e890dc4eacc87932b2bb
semantic/W8_Q04/ALGSTRUCT/mlii.meta	26	74aaac68734537bff8b421ca36ffffec576f7bacada11db6d7d6e8e1a898a674
semantic/W8_Q04/ALGSTRUCT/mlii_win.desc	443	903822f3144dacfa5ad62cd5c610c5491f51a3d0a13713f6f62c7af0b97acac3
semantic/W8_Q04/ALGSTRUCT/mlii_win.meta	29	a9d1ae5fe34afdaf5420ecfe3348b0b5baed02ba99c9a77d99c1e476f204b79a
semantic/W8_Q04/ALGSTRUCT/mon_000	1680	7a3c0be45fbb5a60bf696367b65a86c085f714efcf9949d569e2c1b39ccf410f
semantic/W8_Q04/ALGSTRUCT/mon_000.desc	18	2a0216848c9805794ff9ea65e9b904750549edd949bc60c329f9c6a45f923f69
semantic/W8_Q04/ALGSTRUCT/mon_000.meta	26	fecb7430aaf331c7b3fb949155603d451d7b294ff50d17311994091654125526
semantic/W8_Q04/ALGSTRUCT/mon_000.shadow	0	e3b0c44298fc1c149afbf4c8996fb92427ae41e4649b934ca495991b7852b855
semantic/W8_Q04/ALGSTRUCT/mon_001	1680	7a3c0be45fbb5a60bf696367b65a86c085f714efcf9949d569e2c1b39ccf410f
semantic/W8_Q04/ALGSTRUCT/mon_001.desc	18	2a0216848c9805794ff9ea65e9b904750549edd949bc60c329f9c6a45f923f69
semantic/W8_Q04/ALGSTRUCT/mon_001.meta	26	99c03f2aaef7c38d67f09afd86d33b3564ef84ebe2b4b0e21dcf345c3ed919d0
semantic/W8_Q04/ALGSTRUCT/mon_001.shadow	0	e3b0c44298fc1c149afbf4c8996fb92427ae41e4649b934ca495991b7852b855
semantic/W8_Q04/ALGSTRUCT/mon_002	1680	7a3c0be45fbb5a60bf696367b65a86c085f714efcf9949d569e2c1b39ccf410f
semantic/W8_Q04/ALGSTRUCT/mon_002.desc	18	2a0216848c9805794ff9ea65e9b904750549edd949bc60c329f9c6a45f923f69
semantic/W8_Q04/ALGSTRUCT/mon_002.meta	26	cc113bbb47ee000e5f50209c3f129978806af1d639e3b99ff9ef1017ee79b4ed
semantic/W8_Q04/ALGSTRUCT/mon_002.shadow	0	e3b0c44298fc1c149afbf4c8996fb92427ae41e4649b934ca495991b7852b855
semantic/W8_Q04/ALGSTRUCT/mon_003	1680	7a3c0be45fbb5a60bf696367b65a86c085f714efcf9949d569e2c1b39ccf410f
semantic/W8_Q04/ALGSTRUCT/mon_003.desc	18	2a0216848c9805794ff9ea65e9b904750549edd949bc60c329f9c6a45f923f69
semantic/W8_Q04/ALGSTRUCT/mon_003.meta	26	3b8f0609f87ef82e34cc705e2b7d038b52823501481c6777699541e410793deb
semantic/W8_Q04/ALGSTRUCT/mon_003.shadow	0	e3b0c44298fc1c149afbf4c8996fb92427ae41e4649b934ca495991b7852b855
semantic/W8_Q04/ALGSTRUCT/mwi.desc	43	32c20c37916e6dd6b2b7c09bacd090abae3881cf69c0d079757fdcc5a35ab50c
semantic/W8_Q04/ALGSTRUCT/mwi.meta	26	3e257ef93a40362d4b5cbb4f2aae4e14df22f341662dd282cf2c4abae8fe25cd
semantic/W8_Q04/ALGSTRUCT/mwi_win.desc	588	538152db61c129ebb4d08222a10e0407898638651d7ef4a5b3bb339c073d905b
semantic/W8_Q04/ALGSTRUCT/mwi_win.meta	29	d239b16f8f4187752c3b60fa496b77f53a7bcf2fbab625af809267bc6327eca3
semantic/W8_Q04/ALGSTRUCT/sq_out.desc	47	919f820caba144bc57de2527871dd298404f77dce2b6e1f30da6fc84cea69c1d
semantic/W8_Q04/ALGSTRUCT/sq_out.meta	26	3112d3a41f5ade706616c09db7a92b3e80ec1fdd831160252ca667718419a4dc
semantic/W8_Q04/STRUCT/STREAM_TIMEMOVE_mlii.desc	45	f9bfa697e4a5f0d3ff909e496ab91fd0faa256988e77e890dc4eacc87932b2bb
semantic/W8_Q04/STRUCT/STREAM_TIMEMOVE_mlii.meta	26	7292ace50e90805b6ef17e4a2f32857ed977d0db56a1725a5fdfa036a25c367e
semantic/W8_Q04/STRUCT/STREAM_TIMEMOVE_mwi.desc	43	32c20c37916e6dd6b2b7c09bacd090abae3881cf69c0d079757fdcc5a35ab50c
semantic/W8_Q04/STRUCT/STREAM_TIMEMOVE_mwi.meta	26	f2d7667077b8a0af361615fcb2e8d6d14756f5d1f08844d5d7f79361660e95a2
semantic/W8_Q04/STRUCT/bp_acc.desc	493	53ef8fa01e980b4d4518d569b8a7c3c1cd56b9bc050bd451980c2751370f8f5a
semantic/W8_Q04/STRUCT/bp_acc.meta	29	568a69448851e04f8ba7a191c2d6b31e89b352eb6de9211f2765dd6d324f61c3
semantic/W8_Q04/STRUCT/bp_out.desc	46	55ca32d227c54caf7b3de74724552e720db7f0e967d644f4493760642e5dea5a
semantic/W8_Q04/STRUCT/bp_out.meta	26	d7dd0284a872a305b3237e60e6749a2841a5e0f5f684e485602ec630f98d2b49
semantic/W8_Q04/STRUCT/bp_win.desc	118	f99af921565c807f44afdb2ff8e14360ff677ac5d1ef69622493aaecea85bf3b
semantic/W8_Q04/STRUCT/bp_win.meta	26	805582b1be96f17e9da525a67c866d71023e10ddf8ef46c84e2003f602a274c2
semantic/W8_Q04/STRUCT/bpf.desc	59	9f33660f2bea556c9e4a5de78d3272bacbca2f5123c08ab77f0f420321fd8bc2
semantic/W8_Q04/STRUCT/d_acc.desc	113	41fb59bdc02bf2e89f03237c39f065a4232d89df6f2169b00e96d115974de0ff
semantic/W8_Q04/STRUCT/d_acc.meta	26	d333028b46e7e063b909b1d9b31bf10c3b51f32530ae4d54b4b5bc51ce4f0948
semantic/W8_Q04/STRUCT/d_out.desc	45	644b6adb1bb696f17638995afeb4e3691733ba5b32a765688b9dde663956045b
semantic/W8_Q04/STRUCT/d_out.meta	26	17d175dae2d266eda29ee381e8231420a7f22fd4f182f14deb883b26f19b2b56
semantic/W8_Q04/STRUCT/df.desc	56	b1e8813616fa26d611a00c26de8cfa834a7b9a407dbba520b957e0d151fd572c
semantic/W8_Q04/STRUCT/ecg.desc	55	925d58f601ce1bedaba626349ec166b1bfcb819046e020189fcfbcf866e18220
semantic/W8_Q04/STRUCT/mlii.desc	45	198a7e6fd28fb59bb8469633d1d60d2ea84ae2ecd751c124369b35c151b85e38
semantic/W8_Q04/STRUCT/mlii.meta	26	6deaa2adfaf9e459b9a96c4086d203a3949a3b73ce152dd73f5ff6461e0c7d8f
semantic/W8_Q04/STRUCT/mlii_win.desc	443	903822f3144dacfa5ad62cd5c610c5491f51a3d0a13713f6f62c7af0b97acac3
semantic/W8_Q04/STRUCT/mlii_win.meta	29	3b1923dd382aceb9c7e3ca3bb0e0084f43071bcaf4ced8a88fe21238aa979dbf
semantic/W8_Q04/STRUCT/mon_000	1680	7a3c0be45fbb5a60bf696367b65a86c085f714efcf9949d569e2c1b39ccf410f
semantic/W8_Q04/STRUCT/mon_000.desc	18	2a0216848c9805794ff9ea65e9b904750549edd949bc60c329f9c6a45f923f69
semantic/W8_Q04/STRUCT/mon_000.meta	26	4bae46a175ce6b09969d4afaaea0774187ec001c6118ea0a3f4039cba74f4081
semantic/W8_Q04/STRUCT/mon_000.shadow	0	e3b0c44298fc1c149afbf4c8996fb92427ae41e4649b934ca495991b7852b855
semantic/W8_Q04/STRUCT/mon_001	1680	7a3c0be45fbb5a60bf696367b65a86c085f714efcf9949d569e2c1b39ccf410f
semantic/W8_Q04/STRUCT/mon_001.desc	18	2a0216848c9805794ff9ea65e9b904750549edd949bc60c329f9c6a45f923f69
semantic/W8_Q04/STRUCT/mon_001.meta	26	1f0a1ccf3654ef017712ade158ecce8e907b1dd156ccc5a1b491031f2d1b1006
semantic/W8_Q04/STRUCT/mon_001.shadow	0	e3b0c44298fc1c149afbf4c8996fb92427ae41e4649b934ca495991b7852b855
semantic/W8_Q04/STRUCT/mon_002	1680	7a3c0be45fbb5a60bf696367b65a86c085f714efcf9949d569e2c1b39ccf410f
semantic/W8_Q04/STRUCT/mon_002.desc	18	2a0216848c9805794ff9ea65e9b904750549edd949bc60c329f9c6a45f923f69
semantic/W8_Q04/STRUCT/mon_002.meta	26	e46a3c187ffc1663fcf814bff47df3ce5385f1c6831c36a67a2d254462386bb9
semantic/W8_Q04/STRUCT/mon_002.shadow	0	e3b0c44298fc1c149afbf4c8996fb92427ae41e4649b934ca495991b7852b855
semantic/W8_Q04/STRUCT/mon_003	1680	7a3c0be45fbb5a60bf696367b65a86c085f714efcf9949d569e2c1b39ccf410f
semantic/W8_Q04/STRUCT/mon_003.desc	18	2a0216848c9805794ff9ea65e9b904750549edd949bc60c329f9c6a45f923f69
semantic/W8_Q04/STRUCT/mon_003.meta	26	daa7068166649e5383c1753aefdb4b98c9c169fcf959af035eab7095d54a6328
semantic/W8_Q04/STRUCT/mon_003.shadow	0	e3b0c44298fc1c149afbf4c8996fb92427ae41e4649b934ca495991b7852b855
semantic/W8_Q04/STRUCT/mwi.desc	44	c356b28d19705af5b0ed8fd293ddf1d6d1de39043d7dba5382d7ab3819579217
semantic/W8_Q04/STRUCT/mwi.meta	26	4fe8787853f1c9936c3ad906953db9d17f539e51ca0730b52aa8014c2f47ce8f
semantic/W8_Q04/STRUCT/mwi_win.desc	588	538152db61c129ebb4d08222a10e0407898638651d7ef4a5b3bb339c073d905b
semantic/W8_Q04/STRUCT/mwi_win.meta	29	c52e64e59d59556e6ebbab18e04645dc2acfa984209506dfa51dfb3f8524877d
semantic/W8_Q04/STRUCT/sq_out.desc	47	919f820caba144bc57de2527871dd298404f77dce2b6e1f30da6fc84cea69c1d
semantic/W8_Q04/STRUCT/sq_out.meta	26	9f363b0425d17d96460aebbf755070c53ac1595d3873f6bd49c1e58ba6afd775
semantic/W8_Q08/ALGSTRUCT/STREAM_HASH_mlii_mwi.desc	45	f3f691ba90b2eb7ed52ce0a8d16da7abe28f044015d5a2564993b61498d7f48f
semantic/W8_Q08/ALGSTRUCT/STREAM_HASH_mlii_mwi.meta	26	ef06c93d81aff059e2da549afc137b1389a0268409df175c547da01d9a44e985
semantic/W8_Q08/ALGSTRUCT/bp_acc.desc	493	53ef8fa01e980b4d4518d569b8a7c3c1cd56b9bc050bd451980c2751370f8f5a
semantic/W8_Q08/ALGSTRUCT/bp_acc.meta	29	78c0a79f98b32c6226bf8e05e008221d3261b37d582f2d96ece5a8bf8767e2c6
semantic/W8_Q08/ALGSTRUCT/bp_out.desc	46	55ca32d227c54caf7b3de74724552e720db7f0e967d644f4493760642e5dea5a
semantic/W8_Q08/ALGSTRUCT/bp_out.meta	26	fb9566b30ac6b3a293197bb5eb31e8b94f01b2892e1597950a74366a79d3f665
semantic/W8_Q08/ALGSTRUCT/bp_win.desc	118	f99af921565c807f44afdb2ff8e14360ff677ac5d1ef69622493aaecea85bf3b
semantic/W8_Q08/ALGSTRUCT/bp_win.meta	26	97a0b3136b6eb2b81bb63248616b33c50c5008f94f1aad719c5594b832ceb4ac
semantic/W8_Q08/ALGSTRUCT/bpf.desc	59	9f33660f2bea556c9e4a5de78d3272bacbca2f5123c08ab77f0f420321fd8bc2
semantic/W8_Q08/ALGSTRUCT/d_acc.desc	113	41fb59bdc02bf2e89f03237c39f065a4232d89df6f2169b00e96d115974de0ff
semantic/W8_Q08/ALGSTRUCT/d_acc.meta	26	3458efc95fad3506ab1d854557aaf62ad6d542d2c2718f42f737815b03588dd4
semantic/W8_Q08/ALGSTRUCT/d_out.desc	45	644b6adb1bb696f17638995afeb4e3691733ba5b32a765688b9dde663956045b
semantic/W8_Q08/ALGSTRUCT/d_out.meta	26	618a1a9c79bf8295450dcbc253bbab1827867afe8403ef3e7efd4beddca13f6f
semantic/W8_Q08/ALGSTRUCT/df.desc	56	b1e8813616fa26d611a00c26de8cfa834a7b9a407dbba520b957e0d151fd572c
semantic/W8_Q08/ALGSTRUCT/ecg.desc	55	925d58f601ce1bedaba626349ec166b1bfcb819046e020189fcfbcf866e18220
semantic/W8_Q08/ALGSTRUCT/mlii.desc	45	f9bfa697e4a5f0d3ff909e496ab91fd0faa256988e77e890dc4eacc87932b2bb
semantic/W8_Q08/ALGSTRUCT/mlii.meta	26	2f8ab4426c0c15a70397d93e106529be0f34b763442e29deb73e7e12760a73bb
semantic/W8_Q08/ALGSTRUCT/mlii_win.desc	443	903822f3144dacfa5ad62cd5c610c5491f51a3d0a13713f6f62c7af0b97acac3
semantic/W8_Q08/ALGSTRUCT/mlii_win.meta	29	3091a67e1efc9cf985193818ceb96e7579b4b8a3279e7df408cd7fb63f376a57
semantic/W8_Q08/ALGSTRUCT/mon_000	1680	7a3c0be45fbb5a60bf696367b65a86c085f714efcf9949d569e2c1b39ccf410f
semantic/W8_Q08/ALGSTRUCT/mon_000.desc	18	2a0216848c9805794ff9ea65e9b904750549edd949bc60c329f9c6a45f923f69
semantic/W8_Q08/ALGSTRUCT/mon_000.meta	26	23fef1f9e76eee290bef3b5d83b1b9c62d6f4a8e354691c26c0590271f80bbd9
semantic/W8_Q08/ALGSTRUCT/mon_000.shadow	0	e3b0c44298fc1c149afbf4c8996fb92427ae41e4649b934ca495991b7852b855
semantic/W8_Q08/ALGSTRUCT/mon_001	1680	7a3c0be45fbb5a60bf696367b65a86c085f714efcf9949d569e2c1b39ccf410f
semantic/W8_Q08/ALGSTRUCT/mon_001.desc	18	2a0216848c9805794ff9ea65e9b904750549edd949bc60c329f9c6a45f923f69
semantic/W8_Q08/ALGSTRUCT/mon_001.meta	26	04b917503add03f9307564a13ab3c614dd968a6504b7af0ea3baafde7b71f42b
semantic/W8_Q08/ALGSTRUCT/mon_001.shadow	0	e3b0c44298fc1c149afbf4c8996fb92427ae41e4649b934ca495991b7852b855
semantic/W8_Q08/ALGSTRUCT/mon_002	1680	7a3c0be45fbb5a60bf696367b65a86c085f714efcf9949d569e2c1b39ccf410f
semantic/W8_Q08/ALGSTRUCT/mon_002.desc	18	2a0216848c9805794ff9ea65e9b904750549edd949bc60c329f9c6a45f923f69
semantic/W8_Q08/ALGSTRUCT/mon_002.meta	26	0cee68b1d4327e3c9a6be457d9036119c394925bb6a548f34b6292537a0cb51c
semantic/W8_Q08/ALGSTRUCT/mon_002.shadow	0	e3b0c44298fc1c149afbf4c8996fb92427ae41e4649b934ca495991b7852b855
semantic/W8_Q08/ALGSTRUCT/mon_003	1680	7a3c0be45fbb5a60bf696367b65a86c085f714efcf9949d569e2c1b39ccf410f
semantic/W8_Q08/ALGSTRUCT/mon_003.desc	18	2a0216848c9805794ff9ea65e9b904750549edd949bc60c329f9c6a45f923f69
semantic/W8_Q08/ALGSTRUCT/mon_003.meta	26	954f0b8be15c8b5698aea52c99daf76f478addd34f5a2b106e698f5d05fe3a51
semantic/W8_Q08/ALGSTRUCT/mon_003.shadow	0	e3b0c44298fc1c149afbf4c8996fb92427ae41e4649b934ca495991b7852b855
semantic/W8_Q08/ALGSTRUCT/mon_004	1680	7a3c0be45fbb5a60bf696367b65a86c085f714efcf9949d569e2c1b39ccf410f
semantic/W8_Q08/ALGSTRUCT/mon_004.desc	18	2a0216848c9805794ff9ea65e9b904750549edd949bc60c329f9c6a45f923f69
semantic/W8_Q08/ALGSTRUCT/mon_004.meta	26	536016802f8437e17cc24a9be50c289dff2a54f3c421c3e8ad17593472da77b4
semantic/W8_Q08/ALGSTRUCT/mon_004.shadow	0	e3b0c44298fc1c149afbf4c8996fb92427ae41e4649b934ca495991b7852b855
semantic/W8_Q08/ALGSTRUCT/mon_005	1680	7a3c0be45fbb5a60bf696367b65a86c085f714efcf9949d569e2c1b39ccf410f
semantic/W8_Q08/ALGSTRUCT/mon_005.desc	18	2a0216848c9805794ff9ea65e9b904750549edd949bc60c329f9c6a45f923f69
semantic/W8_Q08/ALGSTRUCT/mon_005.meta	26	b7b8456cd6b67e23e94983d6fc99599e7d55072472855e824809c33d468894c3
semantic/W8_Q08/ALGSTRUCT/mon_005.shadow	0	e3b0c44298fc1c149afbf4c8996fb92427ae41e4649b934ca495991b7852b855
semantic/W8_Q08/ALGSTRUCT/mon_006	1680	7a3c0be45fbb5a60bf696367b65a86c085f714efcf9949d569e2c1b39ccf410f
semantic/W8_Q08/ALGSTRUCT/mon_006.desc	18	2a0216848c9805794ff9ea65e9b904750549edd949bc60c329f9c6a45f923f69
semantic/W8_Q08/ALGSTRUCT/mon_006.meta	26	cad82ed970a9735bb128d4179786c77ff9852b7716542919adcfb8d8df9b0900
semantic/W8_Q08/ALGSTRUCT/mon_006.shadow	0	e3b0c44298fc1c149afbf4c8996fb92427ae41e4649b934ca495991b7852b855
semantic/W8_Q08/ALGSTRUCT/mon_007	1680	7a3c0be45fbb5a60bf696367b65a86c085f714efcf9949d569e2c1b39ccf410f
semantic/W8_Q08/ALGSTRUCT/mon_007.desc	18	2a0216848c9805794ff9ea65e9b904750549edd949bc60c329f9c6a45f923f69
semantic/W8_Q08/ALGSTRUCT/mon_007.meta	26	824c6fc4f72a4f2a39b16283fcf28fe8a6f3a3a877ae7a47c31d58e41c00d8c2
semantic/W8_Q08/ALGSTRUCT/mon_007.shadow	0	e3b0c44298fc1c149afbf4c8996fb92427ae41e4649b934ca495991b7852b855
semantic/W8_Q08/ALGSTRUCT/mwi.desc	43	32c20c37916e6dd6b2b7c09bacd090abae3881cf69c0d079757fdcc5a35ab50c
semantic/W8_Q08/ALGSTRUCT/mwi.meta	26	60885e0e1ed0938d293cde64cb8ea42b6bc52caca04d4b2f90be16dd46e07b7a
semantic/W8_Q08/ALGSTRUCT/mwi_win.desc	588	538152db61c129ebb4d08222a10e0407898638651d7ef4a5b3bb339c073d905b
semantic/W8_Q08/ALGSTRUCT/mwi_win.meta	29	1d0978e46724be767fdf50758eed926b6264eb4a9c17b8365968ef7c7022ddb4
semantic/W8_Q08/ALGSTRUCT/sq_out.desc	47	919f820caba144bc57de2527871dd298404f77dce2b6e1f30da6fc84cea69c1d
semantic/W8_Q08/ALGSTRUCT/sq_out.meta	26	7246b82b464a2f7f4fbb65597be4b58eaf01ec83902be408376cf4220c2ba0b8
semantic/W8_Q08/STRUCT/STREAM_TIMEMOVE_mlii.desc	45	f9bfa697e4a5f0d3ff909e496ab91fd0faa256988e77e890dc4eacc87932b2bb
semantic/W8_Q08/STRUCT/STREAM_TIMEMOVE_mlii.meta	26	7f81692b0998dec070160cece4cb95b94ddf57407555188b4634427d93d3f728
semantic/W8_Q08/STRUCT/STREAM_TIMEMOVE_mwi.desc	43	32c20c37916e6dd6b2b7c09bacd090abae3881cf69c0d079757fdcc5a35ab50c
semantic/W8_Q08/STRUCT/STREAM_TIMEMOVE_mwi.meta	26	03157d9b8df72a4de5a5b61a0578a728e61c799e4ae03f6883efcd2985b3711d
semantic/W8_Q08/STRUCT/bp_acc.desc	493	53ef8fa01e980b4d4518d569b8a7c3c1cd56b9bc050bd451980c2751370f8f5a
semantic/W8_Q08/STRUCT/bp_acc.meta	29	6916627e5346448db3d9b52935416eca14fed85ca9c6c59e39cecb8339814d8b
semantic/W8_Q08/STRUCT/bp_out.desc	46	55ca32d227c54caf7b3de74724552e720db7f0e967d644f4493760642e5dea5a
semantic/W8_Q08/STRUCT/bp_out.meta	26	0e45ee0cc126d84e40df01bd7a1c5c40fc84d742b769fa00d0db680f4e7cb416
semantic/W8_Q08/STRUCT/bp_win.desc	118	f99af921565c807f44afdb2ff8e14360ff677ac5d1ef69622493aaecea85bf3b
semantic/W8_Q08/STRUCT/bp_win.meta	26	79c99a5876412ab730aa2a9bf343e7793a36f2d8a8a763d222347f11ebbb5f86
semantic/W8_Q08/STRUCT/bpf.desc	59	9f33660f2bea556c9e4a5de78d3272bacbca2f5123c08ab77f0f420321fd8bc2
semantic/W8_Q08/STRUCT/d_acc.desc	113	41fb59bdc02bf2e89f03237c39f065a4232d89df6f2169b00e96d115974de0ff
semantic/W8_Q08/STRUCT/d_acc.meta	26	f43e2d71b1f3d0e40b5b825c8a21ae6133294ac185df3b6bdaeaf81dd050514d
semantic/W8_Q08/STRUCT/d_out.desc	45	644b6adb1bb696f17638995afeb4e3691733ba5b32a765688b9dde663956045b
semantic/W8_Q08/STRUCT/d_out.meta	26	eb837a03570de2dbd1f0406e74f73b551dab5b665ccef6b03c108431a52f99ac
semantic/W8_Q08/STRUCT/df.desc	56	b1e8813616fa26d611a00c26de8cfa834a7b9a407dbba520b957e0d151fd572c
semantic/W8_Q08/STRUCT/ecg.desc	55	925d58f601ce1bedaba626349ec166b1bfcb819046e020189fcfbcf866e18220
semantic/W8_Q08/STRUCT/mlii.desc	45	198a7e6fd28fb59bb8469633d1d60d2ea84ae2ecd751c124369b35c151b85e38
semantic/W8_Q08/STRUCT/mlii.meta	26	c35efe8b3446b60f5376f6446deed6878130716560ca5e11b9abd5fda9eb5bc0
semantic/W8_Q08/STRUCT/mlii_win.desc	443	903822f3144dacfa5ad62cd5c610c5491f51a3d0a13713f6f62c7af0b97acac3
semantic/W8_Q08/STRUCT/mlii_win.meta	29	28f347aa0e7410954aa9910958562567aa01afc06f095c21b59969557e375f07
semantic/W8_Q08/STRUCT/mon_000	1680	7a3c0be45fbb5a60bf696367b65a86c085f714efcf9949d569e2c1b39ccf410f
semantic/W8_Q08/STRUCT/mon_000.desc	18	2a0216848c9805794ff9ea65e9b904750549edd949bc60c329f9c6a45f923f69
semantic/W8_Q08/STRUCT/mon_000.meta	26	2568de68952b4bf1b080ab5d3ee6232eec384b1075a5f74cfd1c59f52b18a4ef
semantic/W8_Q08/STRUCT/mon_000.shadow	0	e3b0c44298fc1c149afbf4c8996fb92427ae41e4649b934ca495991b7852b855
semantic/W8_Q08/STRUCT/mon_001	1680	7a3c0be45fbb5a60bf696367b65a86c085f714efcf9949d569e2c1b39ccf410f
semantic/W8_Q08/STRUCT/mon_001.desc	18	2a0216848c9805794ff9ea65e9b904750549edd949bc60c329f9c6a45f923f69
semantic/W8_Q08/STRUCT/mon_001.meta	26	f873078369b0054d1a17415a5663de6c3417a506af6531ce361708f16eb550ee
semantic/W8_Q08/STRUCT/mon_001.shadow	0	e3b0c44298fc1c149afbf4c8996fb92427ae41e4649b934ca495991b7852b855
semantic/W8_Q08/STRUCT/mon_002	1680	7a3c0be45fbb5a60bf696367b65a86c085f714efcf9949d569e2c1b39ccf410f
semantic/W8_Q08/STRUCT/mon_002.desc	18	2a0216848c9805794ff9ea65e9b904750549edd949bc60c329f9c6a45f923f69
semantic/W8_Q08/STRUCT/mon_002.meta	26	ff6e648b9d6a70e717cf66f8f4d06f07606d5cd36e47b474e03a1290f5f9575d
semantic/W8_Q08/STRUCT/mon_002.shadow	0	e3b0c44298fc1c149afbf4c8996fb92427ae41e4649b934ca495991b7852b855
semantic/W8_Q08/STRUCT/mon_003	1680	7a3c0be45fbb5a60bf696367b65a86c085f714efcf9949d569e2c1b39ccf410f
semantic/W8_Q08/STRUCT/mon_003.desc	18	2a0216848c9805794ff9ea65e9b904750549edd949bc60c329f9c6a45f923f69
semantic/W8_Q08/STRUCT/mon_003.meta	26	5d1bd79656ec480090fe76e8d9a777a65585047c207a16a1a6f053d70a3354f2
semantic/W8_Q08/STRUCT/mon_003.shadow	0	e3b0c44298fc1c149afbf4c8996fb92427ae41e4649b934ca495991b7852b855
semantic/W8_Q08/STRUCT/mon_004	1680	7a3c0be45fbb5a60bf696367b65a86c085f714efcf9949d569e2c1b39ccf410f
semantic/W8_Q08/STRUCT/mon_004.desc	18	2a0216848c9805794ff9ea65e9b904750549edd949bc60c329f9c6a45f923f69
semantic/W8_Q08/STRUCT/mon_004.meta	26	9bda8184593dae4c3c51b68484823e4468a2479138af70afb25358d764842da4
semantic/W8_Q08/STRUCT/mon_004.shadow	0	e3b0c44298fc1c149afbf4c8996fb92427ae41e4649b934ca495991b7852b855
semantic/W8_Q08/STRUCT/mon_005	1680	7a3c0be45fbb5a60bf696367b65a86c085f714efcf9949d569e2c1b39ccf410f
semantic/W8_Q08/STRUCT/mon_005.desc	18	2a0216848c9805794ff9ea65e9b904750549edd949bc60c329f9c6a45f923f69
semantic/W8_Q08/STRUCT/mon_005.meta	26	fed07dcab0d0c985ee5892eca07ba3ff6d4f898a8fc342c15a0ada5f8954dc2c
semantic/W8_Q08/STRUCT/mon_005.shadow	0	e3b0c44298fc1c149afbf4c8996fb92427ae41e4649b934ca495991b7852b855
semantic/W8_Q08/STRUCT/mon_006	1680	7a3c0be45fbb5a60bf696367b65a86c085f714efcf9949d569e2c1b39ccf410f
semantic/W8_Q08/STRUCT/mon_006.desc	18	2a0216848c9805794ff9ea65e9b904750549edd949bc60c329f9c6a45f923f69
semantic/W8_Q08/STRUCT/mon_006.meta	26	31f7f1c0332b0294890297eaecefc28f5929ef6cafd4791057b4283be14f6faf
semantic/W8_Q08/STRUCT/mon_006.shadow	0	e3b0c44298fc1c149afbf4c8996fb92427ae41e4649b934ca495991b7852b855
semantic/W8_Q08/STRUCT/mon_007	1680	7a3c0be45fbb5a60bf696367b65a86c085f714efcf9949d569e2c1b39ccf410f
semantic/W8_Q08/STRUCT/mon_007.desc	18	2a0216848c9805794ff9ea65e9b904750549edd949bc60c329f9c6a45f923f69
semantic/W8_Q08/STRUCT/mon_007.meta	26	19c942dc8987ddec2d7813e647a2caba0be07410db5ac9ec5f0d77af78e30bc0
semantic/W8_Q08/STRUCT/mon_007.shadow	0	e3b0c44298fc1c149afbf4c8996fb92427ae41e4649b934ca495991b7852b855
semantic/W8_Q08/STRUCT/mwi.desc	44	c356b28d19705af5b0ed8fd293ddf1d6d1de39043d7dba5382d7ab3819579217
semantic/W8_Q08/STRUCT/mwi.meta	26	e7bfd10ce110468c16f7f74f62b38d7af70fa09bfb93a795ab324555b2a1fd8e
semantic/W8_Q08/STRUCT/mwi_win.desc	588	538152db61c129ebb4d08222a10e0407898638651d7ef4a5b3bb339c073d905b
semantic/W8_Q08/STRUCT/mwi_win.meta	29	17e1d4d9da2c549d6e906377560207d94c4f1bc0ff407eaed3443b56e344bc5f
semantic/W8_Q08/STRUCT/sq_out.desc	47	919f820caba144bc57de2527871dd298404f77dce2b6e1f30da6fc84cea69c1d
semantic/W8_Q08/STRUCT/sq_out.meta	26	238a6cb71e5ac21c185e8c8b64f2e3aad423b1386540f3f24f6d18342e0316ce
semantic/W8_Q16/ALGSTRUCT/STREAM_HASH_mlii_mwi.desc	45	f3f691ba90b2eb7ed52ce0a8d16da7abe28f044015d5a2564993b61498d7f48f
semantic/W8_Q16/ALGSTRUCT/STREAM_HASH_mlii_mwi.meta	26	d9c11b1a3e740f44e444d5c7d957e4d945f9422bcdb073763abf6d7b871c6ef8
semantic/W8_Q16/ALGSTRUCT/bp_acc.desc	493	53ef8fa01e980b4d4518d569b8a7c3c1cd56b9bc050bd451980c2751370f8f5a
semantic/W8_Q16/ALGSTRUCT/bp_acc.meta	29	5cce135a7838aa4e75047e00a50f6d69ea552f4faa4376421593051bc88e6c11
semantic/W8_Q16/ALGSTRUCT/bp_out.desc	46	55ca32d227c54caf7b3de74724552e720db7f0e967d644f4493760642e5dea5a
semantic/W8_Q16/ALGSTRUCT/bp_out.meta	26	8ea4bcf9e51424dad1adee9c613be14a190e7952038832b6c44bd36925b1ba6b
semantic/W8_Q16/ALGSTRUCT/bp_win.desc	118	f99af921565c807f44afdb2ff8e14360ff677ac5d1ef69622493aaecea85bf3b
semantic/W8_Q16/ALGSTRUCT/bp_win.meta	26	c183302f505cd7d5f268fcfdab32937ee373e683e1badfbe8ca87ea249d218a9
semantic/W8_Q16/ALGSTRUCT/bpf.desc	59	9f33660f2bea556c9e4a5de78d3272bacbca2f5123c08ab77f0f420321fd8bc2
semantic/W8_Q16/ALGSTRUCT/d_acc.desc	113	41fb59bdc02bf2e89f03237c39f065a4232d89df6f2169b00e96d115974de0ff
semantic/W8_Q16/ALGSTRUCT/d_acc.meta	26	0bb61f2b31c0a97266685acc7c034afa1e0132470b3bb19f66114ae86bff6b76
semantic/W8_Q16/ALGSTRUCT/d_out.desc	45	644b6adb1bb696f17638995afeb4e3691733ba5b32a765688b9dde663956045b
semantic/W8_Q16/ALGSTRUCT/d_out.meta	26	e89cf55e20cb25d5a46c2861e239854a98577f89b3450a2d777ed2080d17c63c
semantic/W8_Q16/ALGSTRUCT/df.desc	56	b1e8813616fa26d611a00c26de8cfa834a7b9a407dbba520b957e0d151fd572c
semantic/W8_Q16/ALGSTRUCT/ecg.desc	55	925d58f601ce1bedaba626349ec166b1bfcb819046e020189fcfbcf866e18220
semantic/W8_Q16/ALGSTRUCT/mlii.desc	45	f9bfa697e4a5f0d3ff909e496ab91fd0faa256988e77e890dc4eacc87932b2bb
semantic/W8_Q16/ALGSTRUCT/mlii.meta	26	6eb4d6cb1a88f4e56ce4bf9887add20ac4fa1737a5f5bf3d45f484f91b4822e1
semantic/W8_Q16/ALGSTRUCT/mlii_win.desc	443	903822f3144dacfa5ad62cd5c610c5491f51a3d0a13713f6f62c7af0b97acac3
semantic/W8_Q16/ALGSTRUCT/mlii_win.meta	29	c6f799a40b4f4b0badee492f0047590ea9b7caa3e998b356920ec9bfebb8766a
semantic/W8_Q16/ALGSTRUCT/mon_000	1680	7a3c0be45fbb5a60bf696367b65a86c085f714efcf9949d569e2c1b39ccf410f
semantic/W8_Q16/ALGSTRUCT/mon_000.desc	18	2a0216848c9805794ff9ea65e9b904750549edd949bc60c329f9c6a45f923f69
semantic/W8_Q16/ALGSTRUCT/mon_000.meta	26	5b26f8ca83750398f8c972a8d93d2c998f2ca55b9f290423e47d4b6115314c83
semantic/W8_Q16/ALGSTRUCT/mon_000.shadow	0	e3b0c44298fc1c149afbf4c8996fb92427ae41e4649b934ca495991b7852b855
semantic/W8_Q16/ALGSTRUCT/mon_001	1680	7a3c0be45fbb5a60bf696367b65a86c085f714efcf9949d569e2c1b39ccf410f
semantic/W8_Q16/ALGSTRUCT/mon_001.desc	18	2a0216848c9805794ff9ea65e9b904750549edd949bc60c329f9c6a45f923f69
semantic/W8_Q16/ALGSTRUCT/mon_001.meta	26	f3222c088864cf9cdc57e058e17610b950783b5464e4d91d5d8321dff227328e
semantic/W8_Q16/ALGSTRUCT/mon_001.shadow	0	e3b0c44298fc1c149afbf4c8996fb92427ae41e4649b934ca495991b7852b855
semantic/W8_Q16/ALGSTRUCT/mon_002	1680	7a3c0be45fbb5a60bf696367b65a86c085f714efcf9949d569e2c1b39ccf410f
semantic/W8_Q16/ALGSTRUCT/mon_002.desc	18	2a0216848c9805794ff9ea65e9b904750549edd949bc60c329f9c6a45f923f69
semantic/W8_Q16/ALGSTRUCT/mon_002.meta	26	ba333a03a0342b26be79f7e5817ee0975bfe41e8a1e8093b7a4cbc141399705b
semantic/W8_Q16/ALGSTRUCT/mon_002.shadow	0	e3b0c44298fc1c149afbf4c8996fb92427ae41e4649b934ca495991b7852b855
semantic/W8_Q16/ALGSTRUCT/mon_003	1680	7a3c0be45fbb5a60bf696367b65a86c085f714efcf9949d569e2c1b39ccf410f
semantic/W8_Q16/ALGSTRUCT/mon_003.desc	18	2a0216848c9805794ff9ea65e9b904750549edd949bc60c329f9c6a45f923f69
semantic/W8_Q16/ALGSTRUCT/mon_003.meta	26	9c17a21e91367a7e9b880fca9181bebeb1a636ed8b601fe68626753c6c3f3d19
semantic/W8_Q16/ALGSTRUCT/mon_003.shadow	0	e3b0c44298fc1c149afbf4c8996fb92427ae41e4649b934ca495991b7852b855
semantic/W8_Q16/ALGSTRUCT/mon_004	1680	7a3c0be45fbb5a60bf696367b65a86c085f714efcf9949d569e2c1b39ccf410f
semantic/W8_Q16/ALGSTRUCT/mon_004.desc	18	2a0216848c9805794ff9ea65e9b904750549edd949bc60c329f9c6a45f923f69
semantic/W8_Q16/ALGSTRUCT/mon_004.meta	26	53af50b18c66b3998da8fcfcff470cbce4564d87d295922f72abe88294906155
semantic/W8_Q16/ALGSTRUCT/mon_004.shadow	0	e3b0c44298fc1c149afbf4c8996fb92427ae41e4649b934ca495991b7852b855
semantic/W8_Q16/ALGSTRUCT/mon_005	1680	7a3c0be45fbb5a60bf696367b65a86c085f714efcf9949d569e2c1b39ccf410f
semantic/W8_Q16/ALGSTRUCT/mon_005.desc	18	2a0216848c9805794ff9ea65e9b904750549edd949bc60c329f9c6a45f923f69
semantic/W8_Q16/ALGSTRUCT/mon_005.meta	26	d42a4cd7926592a6c8c95b6f671997f9ef76827c034cb22d539d369f0bd0ae34
semantic/W8_Q16/ALGSTRUCT/mon_005.shadow	0	e3b0c44298fc1c149afbf4c8996fb92427ae41e4649b934ca495991b7852b855
semantic/W8_Q16/ALGSTRUCT/mon_006	1680	7a3c0be45fbb5a60bf696367b65a86c085f714efcf9949d569e2c1b39ccf410f
semantic/W8_Q16/ALGSTRUCT/mon_006.desc	18	2a0216848c9805794ff9ea65e9b904750549edd949bc60c329f9c6a45f923f69
semantic/W8_Q16/ALGSTRUCT/mon_006.meta	26	3ea0be4c1e83926f923fedfb03629dffe860418b89d493c55edd522a84862cf1
semantic/W8_Q16/ALGSTRUCT/mon_006.shadow	0	e3b0c44298fc1c149afbf4c8996fb92427ae41e4649b934ca495991b7852b855
semantic/W8_Q16/ALGSTRUCT/mon_007	1680	7a3c0be45fbb5a60bf696367b65a86c085f714efcf9949d569e2c1b39ccf410f
semantic/W8_Q16/ALGSTRUCT/mon_007.desc	18	2a0216848c9805794ff9ea65e9b904750549edd949bc60c329f9c6a45f923f69
semantic/W8_Q16/ALGSTRUCT/mon_007.meta	26	1bdfe2f9a0346b585b631164db184b53455187e73370ef3a580f0bb84c6658ad
semantic/W8_Q16/ALGSTRUCT/mon_007.shadow	0	e3b0c44298fc1c149afbf4c8996fb92427ae41e4649b934ca495991b7852b855
semantic/W8_Q16/ALGSTRUCT/mon_008	1680	7a3c0be45fbb5a60bf696367b65a86c085f714efcf9949d569e2c1b39ccf410f
semantic/W8_Q16/ALGSTRUCT/mon_008.desc	18	2a0216848c9805794ff9ea65e9b904750549edd949bc60c329f9c6a45f923f69
semantic/W8_Q16/ALGSTRUCT/mon_008.meta	26	369665ee5d6b9ce87a19dac6f9e628d561b4675edbdec278a2899711934b23ad
semantic/W8_Q16/ALGSTRUCT/mon_008.shadow	0	e3b0c44298fc1c149afbf4c8996fb92427ae41e4649b934ca495991b7852b855
semantic/W8_Q16/ALGSTRUCT/mon_009	1680	7a3c0be45fbb5a60bf696367b65a86c085f714efcf9949d569e2c1b39ccf410f
semantic/W8_Q16/ALGSTRUCT/mon_009.desc	18	2a0216848c9805794ff9ea65e9b904750549edd949bc60c329f9c6a45f923f69
semantic/W8_Q16/ALGSTRUCT/mon_009.meta	26	332f0d4483e6b4250745d6ce7f9905909c9f2b5c64adcdf785e2098f0a45987b
semantic/W8_Q16/ALGSTRUCT/mon_009.shadow	0	e3b0c44298fc1c149afbf4c8996fb92427ae41e4649b934ca495991b7852b855
semantic/W8_Q16/ALGSTRUCT/mon_010	1680	7a3c0be45fbb5a60bf696367b65a86c085f714efcf9949d569e2c1b39ccf410f
semantic/W8_Q16/ALGSTRUCT/mon_010.desc	18	2a0216848c9805794ff9ea65e9b904750549edd949bc60c329f9c6a45f923f69
semantic/W8_Q16/ALGSTRUCT/mon_010.meta	26	0aa50fc00e3d7dd39ac21f1c1830140d9d2fcc6b10902c3296194c362956a922
semantic/W8_Q16/ALGSTRUCT/mon_010.shadow	0	e3b0c44298fc1c149afbf4c8996fb92427ae41e4649b934ca495991b7852b855
semantic/W8_Q16/ALGSTRUCT/mon_011	1680	7a3c0be45fbb5a60bf696367b65a86c085f714efcf9949d569e2c1b39ccf410f
semantic/W8_Q16/ALGSTRUCT/mon_011.desc	18	2a0216848c9805794ff9ea65e9b904750549edd949bc60c329f9c6a45f923f69
semantic/W8_Q16/ALGSTRUCT/mon_011.meta	26	6f0834a397485176c369a40a67d23e765bc6c3dfa673451c6e9d70cfc0512fcf
semantic/W8_Q16/ALGSTRUCT/mon_011.shadow	0	e3b0c44298fc1c149afbf4c8996fb92427ae41e4649b934ca495991b7852b855
semantic/W8_Q16/ALGSTRUCT/mon_012	1680	7a3c0be45fbb5a60bf696367b65a86c085f714efcf9949d569e2c1b39ccf410f
semantic/W8_Q16/ALGSTRUCT/mon_012.desc	18	2a0216848c9805794ff9ea65e9b904750549edd949bc60c329f9c6a45f923f69
semantic/W8_Q16/ALGSTRUCT/mon_012.meta	26	536d6200f7574928c7bc11060ed57357eefc3dac7009b414ec18ef8b54985cdf
semantic/W8_Q16/ALGSTRUCT/mon_012.shadow	0	e3b0c44298fc1c149afbf4c8996fb92427ae41e4649b934ca495991b7852b855
semantic/W8_Q16/ALGSTRUCT/mon_013	1680	7a3c0be45fbb5a60bf696367b65a86c085f714efcf9949d569e2c1b39ccf410f
semantic/W8_Q16/ALGSTRUCT/mon_013.desc	18	2a0216848c9805794ff9ea65e9b904750549edd949bc60c329f9c6a45f923f69
semantic/W8_Q16/ALGSTRUCT/mon_013.meta	26	03ee7644f428c09b9adb00eaad14ddf39d591ead7068e4d7331e2ce53810f584
semantic/W8_Q16/ALGSTRUCT/mon_013.shadow	0	e3b0c44298fc1c149afbf4c8996fb92427ae41e4649b934ca495991b7852b855
semantic/W8_Q16/ALGSTRUCT/mon_014	1680	7a3c0be45fbb5a60bf696367b65a86c085f714efcf9949d569e2c1b39ccf410f
semantic/W8_Q16/ALGSTRUCT/mon_014.desc	18	2a0216848c9805794ff9ea65e9b904750549edd949bc60c329f9c6a45f923f69
semantic/W8_Q16/ALGSTRUCT/mon_014.meta	26	eeb9370725a288e3873659430604a069931683b68aebac9876847270a634cfe3
semantic/W8_Q16/ALGSTRUCT/mon_014.shadow	0	e3b0c44298fc1c149afbf4c8996fb92427ae41e4649b934ca495991b7852b855
semantic/W8_Q16/ALGSTRUCT/mon_015	1680	7a3c0be45fbb5a60bf696367b65a86c085f714efcf9949d569e2c1b39ccf410f
semantic/W8_Q16/ALGSTRUCT/mon_015.desc	18	2a0216848c9805794ff9ea65e9b904750549edd949bc60c329f9c6a45f923f69
semantic/W8_Q16/ALGSTRUCT/mon_015.meta	26	3b7f63a92daf6dd1bd917aa42ca72e55944471ebe441acb8faf93c1808c96cd2
semantic/W8_Q16/ALGSTRUCT/mon_015.shadow	0	e3b0c44298fc1c149afbf4c8996fb92427ae41e4649b934ca495991b7852b855
semantic/W8_Q16/ALGSTRUCT/mwi.desc	43	32c20c37916e6dd6b2b7c09bacd090abae3881cf69c0d079757fdcc5a35ab50c
semantic/W8_Q16/ALGSTRUCT/mwi.meta	26	fecdbcbc73ea3e3a00225f71ee0a2f42443fc4e3c55afb317710dc4667f58c20
semantic/W8_Q16/ALGSTRUCT/mwi_win.desc	588	538152db61c129ebb4d08222a10e0407898638651d7ef4a5b3bb339c073d905b
semantic/W8_Q16/ALGSTRUCT/mwi_win.meta	29	64c5376cecbd17c8acd695eeca437455f04ed0163404a707f2c90add9fd4af53
semantic/W8_Q16/ALGSTRUCT/sq_out.desc	47	919f820caba144bc57de2527871dd298404f77dce2b6e1f30da6fc84cea69c1d
semantic/W8_Q16/ALGSTRUCT/sq_out.meta	26	4d10a60a7cf958a5f1b3b946c8ad6b9505ccdc42a531b598f169151435c27dee
semantic/W8_Q16/STRUCT/STREAM_TIMEMOVE_mlii.desc	45	f9bfa697e4a5f0d3ff909e496ab91fd0faa256988e77e890dc4eacc87932b2bb
semantic/W8_Q16/STRUCT/STREAM_TIMEMOVE_mlii.meta	26	9d2395435ea0b2aa9aecded51bb15d25d5b034db1af3a63dd8dda61b4691194a
semantic/W8_Q16/STRUCT/STREAM_TIMEMOVE_mwi.desc	43	32c20c37916e6dd6b2b7c09bacd090abae3881cf69c0d079757fdcc5a35ab50c
semantic/W8_Q16/STRUCT/STREAM_TIMEMOVE_mwi.meta	26	5d948d7fc6cefc69aaa488df4739f205a8f5e56c522cf95c1131fbe7225b0144
semantic/W8_Q16/STRUCT/bp_acc.desc	493	53ef8fa01e980b4d4518d569b8a7c3c1cd56b9bc050bd451980c2751370f8f5a
semantic/W8_Q16/STRUCT/bp_acc.meta	29	3c65bd93721d68ed28537cb712e6b0519b7495e714aad0588a96593613ffd366
semantic/W8_Q16/STRUCT/bp_out.desc	46	55ca32d227c54caf7b3de74724552e720db7f0e967d644f4493760642e5dea5a
semantic/W8_Q16/STRUCT/bp_out.meta	26	a0a0c426a2565a3f355d38035d78d90cbf893ebfc1b2063408ccc2a281730b29
semantic/W8_Q16/STRUCT/bp_win.desc	118	f99af921565c807f44afdb2ff8e14360ff677ac5d1ef69622493aaecea85bf3b
semantic/W8_Q16/STRUCT/bp_win.meta	26	0674d2e112b22ff2b18665d1454d01f96d579655e7581d173005005a27a1a944
semantic/W8_Q16/STRUCT/bpf.desc	59	9f33660f2bea556c9e4a5de78d3272bacbca2f5123c08ab77f0f420321fd8bc2
semantic/W8_Q16/STRUCT/d_acc.desc	113	41fb59bdc02bf2e89f03237c39f065a4232d89df6f2169b00e96d115974de0ff
semantic/W8_Q16/STRUCT/d_acc.meta	26	1ca919a08c84bd6217a032ca008b4611a017a532a7b0b38ac4aea54398680aa5
semantic/W8_Q16/STRUCT/d_out.desc	45	644b6adb1bb696f17638995afeb4e3691733ba5b32a765688b9dde663956045b
semantic/W8_Q16/STRUCT/d_out.meta	26	b4309069700bec52a20512dfaab19323f9e6cb9bb59dcceb004198c60536451b
semantic/W8_Q16/STRUCT/df.desc	56	b1e8813616fa26d611a00c26de8cfa834a7b9a407dbba520b957e0d151fd572c
semantic/W8_Q16/STRUCT/ecg.desc	55	925d58f601ce1bedaba626349ec166b1bfcb819046e020189fcfbcf866e18220
semantic/W8_Q16/STRUCT/mlii.desc	45	198a7e6fd28fb59bb8469633d1d60d2ea84ae2ecd751c124369b35c151b85e38
semantic/W8_Q16/STRUCT/mlii.meta	26	5a141bbe300f3376137da6927f9e7b350a4f74f3391409cca67a80e402973755
semantic/W8_Q16/STRUCT/mlii_win.desc	443	903822f3144dacfa5ad62cd5c610c5491f51a3d0a13713f6f62c7af0b97acac3
semantic/W8_Q16/STRUCT/mlii_win.meta	29	9ccd19417d31dd07719409b081bf1ae02199acbf74f75cec5aef9a8147a8db07
semantic/W8_Q16/STRUCT/mon_000	1680	7a3c0be45fbb5a60bf696367b65a86c085f714efcf9949d569e2c1b39ccf410f
semantic/W8_Q16/STRUCT/mon_000.desc	18	2a0216848c9805794ff9ea65e9b904750549edd949bc60c329f9c6a45f923f69
semantic/W8_Q16/STRUCT/mon_000.meta	26	4f170f97f1885392a6b041c0aab65f9c0747804a42c2ac8715e363f867295d62
semantic/W8_Q16/STRUCT/mon_000.shadow	0	e3b0c44298fc1c149afbf4c8996fb92427ae41e4649b934ca495991b7852b855
semantic/W8_Q16/STRUCT/mon_001	1680	7a3c0be45fbb5a60bf696367b65a86c085f714efcf9949d569e2c1b39ccf410f
semantic/W8_Q16/STRUCT/mon_001.desc	18	2a0216848c9805794ff9ea65e9b904750549edd949bc60c329f9c6a45f923f69
semantic/W8_Q16/STRUCT/mon_001.meta	26	b125a17d56a3a45ff46a5a87a06dff6793ae30af05399351856908c718c5eea2
semantic/W8_Q16/STRUCT/mon_001.shadow	0	e3b0c44298fc1c149afbf4c8996fb92427ae41e4649b934ca495991b7852b855
semantic/W8_Q16/STRUCT/mon_002	1680	7a3c0be45fbb5a60bf696367b65a86c085f714efcf9949d569e2c1b39ccf410f
semantic/W8_Q16/STRUCT/mon_002.desc	18	2a0216848c9805794ff9ea65e9b904750549edd949bc60c329f9c6a45f923f69
semantic/W8_Q16/STRUCT/mon_002.meta	26	d73bd0746cc8143b1102c7bbe3984a04b75cb5b70f1709465f1eda4bff295f7b
semantic/W8_Q16/STRUCT/mon_002.shadow	0	e3b0c44298fc1c149afbf4c8996fb92427ae41e4649b934ca495991b7852b855
semantic/W8_Q16/STRUCT/mon_003	1680	7a3c0be45fbb5a60bf696367b65a86c085f714efcf9949d569e2c1b39ccf410f
semantic/W8_Q16/STRUCT/mon_003.desc	18	2a0216848c9805794ff9ea65e9b904750549edd949bc60c329f9c6a45f923f69
semantic/W8_Q16/STRUCT/mon_003.meta	26	56305fc5e9f875abffdc89bab39649f5711d77c62671f033ea296dd0fe2bd775
semantic/W8_Q16/STRUCT/mon_003.shadow	0	e3b0c44298fc1c149afbf4c8996fb92427ae41e4649b934ca495991b7852b855
semantic/W8_Q16/STRUCT/mon_004	1680	7a3c0be45fbb5a60bf696367b65a86c085f714efcf9949d569e2c1b39ccf410f
semantic/W8_Q16/STRUCT/mon_004.desc	18	2a0216848c9805794ff9ea65e9b904750549edd949bc60c329f9c6a45f923f69
semantic/W8_Q16/STRUCT/mon_004.meta	26	03b1c8eb4176c4964c6fa2313f0538df97e72f7c955f58b74e829d850bfc32a4
semantic/W8_Q16/STRUCT/mon_004.shadow	0	e3b0c44298fc1c149afbf4c8996fb92427ae41e4649b934ca495991b7852b855
semantic/W8_Q16/STRUCT/mon_005	1680	7a3c0be45fbb5a60bf696367b65a86c085f714efcf9949d569e2c1b39ccf410f
semantic/W8_Q16/STRUCT/mon_005.desc	18	2a0216848c9805794ff9ea65e9b904750549edd949bc60c329f9c6a45f923f69
semantic/W8_Q16/STRUCT/mon_005.meta	26	e9da9e84ecb5bbda7ac4bcce68037691fc616fb61b126330fc30722a06aa2222
semantic/W8_Q16/STRUCT/mon_005.shadow	0	e3b0c44298fc1c149afbf4c8996fb92427ae41e4649b934ca495991b7852b855
semantic/W8_Q16/STRUCT/mon_006	1680	7a3c0be45fbb5a60bf696367b65a86c085f714efcf9949d569e2c1b39ccf410f
semantic/W8_Q16/STRUCT/mon_006.desc	18	2a0216848c9805794ff9ea65e9b904750549edd949bc60c329f9c6a45f923f69
semantic/W8_Q16/STRUCT/mon_006.meta	26	5c0f50726a0761b04dbff1012a75a3ef7f8b8206f3410f7febb3204e0670fb6d
semantic/W8_Q16/STRUCT/mon_006.shadow	0	e3b0c44298fc1c149afbf4c8996fb92427ae41e4649b934ca495991b7852b855
semantic/W8_Q16/STRUCT/mon_007	1680	7a3c0be45fbb5a60bf696367b65a86c085f714efcf9949d569e2c1b39ccf410f
semantic/W8_Q16/STRUCT/mon_007.desc	18	2a0216848c9805794ff9ea65e9b904750549edd949bc60c329f9c6a45f923f69
semantic/W8_Q16/STRUCT/mon_007.meta	26	65d3c38807eb6d2fb0394378db5eb7efadc8ae7411b311f0ae72ebd12ce8c43a
semantic/W8_Q16/STRUCT/mon_007.shadow	0	e3b0c44298fc1c149afbf4c8996fb92427ae41e4649b934ca495991b7852b855
semantic/W8_Q16/STRUCT/mon_008	1680	7a3c0be45fbb5a60bf696367b65a86c085f714efcf9949d569e2c1b39ccf410f
semantic/W8_Q16/STRUCT/mon_008.desc	18	2a0216848c9805794ff9ea65e9b904750549edd949bc60c329f9c6a45f923f69
semantic/W8_Q16/STRUCT/mon_008.meta	26	49c7d0db6a2c4ebb350797e858d399e659dab32b630cfa61daac6c8c74fc4124
semantic/W8_Q16/STRUCT/mon_008.shadow	0	e3b0c44298fc1c149afbf4c8996fb92427ae41e4649b934ca495991b7852b855
semantic/W8_Q16/STRUCT/mon_009	1680	7a3c0be45fbb5a60bf696367b65a86c085f714efcf9949d569e2c1b39ccf410f
semantic/W8_Q16/STRUCT/mon_009.desc	18	2a0216848c9805794ff9ea65e9b904750549edd949bc60c329f9c6a45f923f69
semantic/W8_Q16/STRUCT/mon_009.meta	26	55ef1b63f460742c02b68d9b5b09dcb1c196431af4f2d1af4a54e75dadd12a31
semantic/W8_Q16/STRUCT/mon_009.shadow	0	e3b0c44298fc1c149afbf4c8996fb92427ae41e4649b934ca495991b7852b855
semantic/W8_Q16/STRUCT/mon_010	1680	7a3c0be45fbb5a60bf696367b65a86c085f714efcf9949d569e2c1b39ccf410f
semantic/W8_Q16/STRUCT/mon_010.desc	18	2a0216848c9805794ff9ea65e9b904750549edd949bc60c329f9c6a45f923f69
semantic/W8_Q16/STRUCT/mon_010.meta	26	c500063b99e2cecff2ceda1e5a608eb903a3a517d54f94e98e7322f3239c1389
semantic/W8_Q16/STRUCT/mon_010.shadow	0	e3b0c44298fc1c149afbf4c8996fb92427ae41e4649b934ca495991b7852b855
semantic/W8_Q16/STRUCT/mon_011	1680	7a3c0be45fbb5a60bf696367b65a86c085f714efcf9949d569e2c1b39ccf410f
semantic/W8_Q16/STRUCT/mon_011.desc	18	2a0216848c9805794ff9ea65e9b904750549edd949bc60c329f9c6a45f923f69
semantic/W8_Q16/STRUCT/mon_011.meta	26	b9ba0498b44f27c18c45cebcc3857693fcc894f4a3014caa6bc4cb30a74b7051
semantic/W8_Q16/STRUCT/mon_011.shadow	0	e3b0c44298fc1c149afbf4c8996fb92427ae41e4649b934ca495991b7852b855
semantic/W8_Q16/STRUCT/mon_012	1680	7a3c0be45fbb5a60bf696367b65a86c085f714efcf9949d569e2c1b39ccf410f
semantic/W8_Q16/STRUCT/mon_012.desc	18	2a0216848c9805794ff9ea65e9b904750549edd949bc60c329f9c6a45f923f69
semantic/W8_Q16/STRUCT/mon_012.meta	26	33e5278255729624b96d15ff875a4753420de783ef7fe1f6e45827f6df640852
semantic/W8_Q16/STRUCT/mon_012.shadow	0	e3b0c44298fc1c149afbf4c8996fb92427ae41e4649b934ca495991b7852b855
semantic/W8_Q16/STRUCT/mon_013	1680	7a3c0be45fbb5a60bf696367b65a86c085f714efcf9949d569e2c1b39ccf410f
semantic/W8_Q16/STRUCT/mon_013.desc	18	2a0216848c9805794ff9ea65e9b904750549edd949bc60c329f9c6a45f923f69
semantic/W8_Q16/STRUCT/mon_013.meta	26	8eaa3c49bed7156d401a0e7330633505fc0ba96296907e2f24e1556320b0e530
semantic/W8_Q16/STRUCT/mon_013.shadow	0	e3b0c44298fc1c149afbf4c8996fb92427ae41e4649b934ca495991b7852b855
semantic/W8_Q16/STRUCT/mon_014	1680	7a3c0be45fbb5a60bf696367b65a86c085f714efcf9949d569e2c1b39ccf410f
semantic/W8_Q16/STRUCT/mon_014.desc	18	2a0216848c9805794ff9ea65e9b904750549edd949bc60c329f9c6a45f923f69
semantic/W8_Q16/STRUCT/mon_014.meta	26	b559aa1842598299379d3d298aba367558efcd9f66066c3c99bb5f63c5cebd79
semantic/W8_Q16/STRUCT/mon_014.shadow	0	e3b0c44298fc1c149afbf4c8996fb92427ae41e4649b934ca495991b7852b855
semantic/W8_Q16/STRUCT/mon_015	1680	7a3c0be45fbb5a60bf696367b65a86c085f714efcf9949d569e2c1b39ccf410f
semantic/W8_Q16/STRUCT/mon_015.desc	18	2a0216848c9805794ff9ea65e9b904750549edd949bc60c329f9c6a45f923f69
semantic/W8_Q16/STRUCT/mon_015.meta	26	2e93b7d7518ebe834b1b99cd8b0185045e4b3d994b87b59c8f7e208b1359ce37
semantic/W8_Q16/STRUCT/mon_015.shadow	0	e3b0c44298fc1c149afbf4c8996fb92427ae41e4649b934ca495991b7852b855
semantic/W8_Q16/STRUCT/mwi.desc	44	c356b28d19705af5b0ed8fd293ddf1d6d1de39043d7dba5382d7ab3819579217
semantic/W8_Q16/STRUCT/mwi.meta	26	08c945273a8e6c82a5c37b85be2f51b077d30157532bbba0be62c16dc841690c
semantic/W8_Q16/STRUCT/mwi_win.desc	588	538152db61c129ebb4d08222a10e0407898638651d7ef4a5b3bb339c073d905b
semantic/W8_Q16/STRUCT/mwi_win.meta	29	16bae16e3ed31931b51b0e8ef1b661f184a02b3fd79f97e4328137ec93c021a9
semantic/W8_Q16/STRUCT/sq_out.desc	47	919f820caba144bc57de2527871dd298404f77dce2b6e1f30da6fc84cea69c1d
semantic/W8_Q16/STRUCT/sq_out.meta	26	cc067d85e1ae057514dc5780f39f62f8012cd5969cf8d465f2b6d927e8aca588
semantic/W8_Q32/ALGSTRUCT/STREAM_HASH_mlii_mwi.desc	45	f3f691ba90b2eb7ed52ce0a8d16da7abe28f044015d5a2564993b61498d7f48f
semantic/W8_Q32/ALGSTRUCT/STREAM_HASH_mlii_mwi.meta	26	a2511915398a54469673555a9b1ef3a472065764e1e8d94bf64238680e4a6902
semantic/W8_Q32/ALGSTRUCT/bp_acc.desc	493	53ef8fa01e980b4d4518d569b8a7c3c1cd56b9bc050bd451980c2751370f8f5a
semantic/W8_Q32/ALGSTRUCT/bp_acc.meta	29	cfa62e2522f72f7356d65cd122959c9e6587e1999c124ceb6fc04afefae7a22f
semantic/W8_Q32/ALGSTRUCT/bp_out.desc	46	55ca32d227c54caf7b3de74724552e720db7f0e967d644f4493760642e5dea5a
semantic/W8_Q32/ALGSTRUCT/bp_out.meta	26	0ec1304f0c3e92fd467f84d78ffdbff4d23f16501ff9c4c526ebfde508dc8b88
semantic/W8_Q32/ALGSTRUCT/bp_win.desc	118	f99af921565c807f44afdb2ff8e14360ff677ac5d1ef69622493aaecea85bf3b
semantic/W8_Q32/ALGSTRUCT/bp_win.meta	26	30d315f8c7ba70bffe30815dbfd7f5379eb84dc5f837ba5c1ced0905c9535f8b
semantic/W8_Q32/ALGSTRUCT/bpf.desc	59	9f33660f2bea556c9e4a5de78d3272bacbca2f5123c08ab77f0f420321fd8bc2
semantic/W8_Q32/ALGSTRUCT/d_acc.desc	113	41fb59bdc02bf2e89f03237c39f065a4232d89df6f2169b00e96d115974de0ff
semantic/W8_Q32/ALGSTRUCT/d_acc.meta	26	c8a69774e805419ee6e7714807bcc5cb3cef83b1ba6c5b33db452cd479e4c11b
semantic/W8_Q32/ALGSTRUCT/d_out.desc	45	644b6adb1bb696f17638995afeb4e3691733ba5b32a765688b9dde663956045b
semantic/W8_Q32/ALGSTRUCT/d_out.meta	26	49c03c58e820c3ab2114ad1bb57e41845e58dc37a91047d42963f1515e0c76fd
semantic/W8_Q32/ALGSTRUCT/df.desc	56	b1e8813616fa26d611a00c26de8cfa834a7b9a407dbba520b957e0d151fd572c
semantic/W8_Q32/ALGSTRUCT/ecg.desc	55	925d58f601ce1bedaba626349ec166b1bfcb819046e020189fcfbcf866e18220
semantic/W8_Q32/ALGSTRUCT/mlii.desc	45	f9bfa697e4a5f0d3ff909e496ab91fd0faa256988e77e890dc4eacc87932b2bb
semantic/W8_Q32/ALGSTRUCT/mlii.meta	26	dc2f9164520f97aa8e5b93d1135547c61bb4031bd97e6ec739d1f7c83ade30ea
semantic/W8_Q32/ALGSTRUCT/mlii_win.desc	443	903822f3144dacfa5ad62cd5c610c5491f51a3d0a13713f6f62c7af0b97acac3
semantic/W8_Q32/ALGSTRUCT/mlii_win.meta	29	f8f1d846a102f8764a41d85e773bf6cfd47f963747f4500895aeed00e3d56723
semantic/W8_Q32/ALGSTRUCT/mon_000	1680	7a3c0be45fbb5a60bf696367b65a86c085f714efcf9949d569e2c1b39ccf410f
semantic/W8_Q32/ALGSTRUCT/mon_000.desc	18	2a0216848c9805794ff9ea65e9b904750549edd949bc60c329f9c6a45f923f69
semantic/W8_Q32/ALGSTRUCT/mon_000.meta	26	0ccc2ab8a01890714282e8d10e731200955f0b3bcc4071ff847327b37e08ee43
semantic/W8_Q32/ALGSTRUCT/mon_000.shadow	0	e3b0c44298fc1c149afbf4c8996fb92427ae41e4649b934ca495991b7852b855
semantic/W8_Q32/ALGSTRUCT/mon_001	1680	7a3c0be45fbb5a60bf696367b65a86c085f714efcf9949d569e2c1b39ccf410f
semantic/W8_Q32/ALGSTRUCT/mon_001.desc	18	2a0216848c9805794ff9ea65e9b904750549edd949bc60c329f9c6a45f923f69
semantic/W8_Q32/ALGSTRUCT/mon_001.meta	26	64c2bfc18a38a039d780e09b7f49c80709c638eedd802ccbff2dca40af04fe62
semantic/W8_Q32/ALGSTRUCT/mon_001.shadow	0	e3b0c44298fc1c149afbf4c8996fb92427ae41e4649b934ca495991b7852b855
semantic/W8_Q32/ALGSTRUCT/mon_002	1680	7a3c0be45fbb5a60bf696367b65a86c085f714efcf9949d569e2c1b39ccf410f
semantic/W8_Q32/ALGSTRUCT/mon_002.desc	18	2a0216848c9805794ff9ea65e9b904750549edd949bc60c329f9c6a45f923f69
semantic/W8_Q32/ALGSTRUCT/mon_002.meta	26	ff59bfeb239c06bcf667b7828836984992325441950eaf27d65e9fdf9996c7aa
semantic/W8_Q32/ALGSTRUCT/mon_002.shadow	0	e3b0c44298fc1c149afbf4c8996fb92427ae41e4649b934ca495991b7852b855
semantic/W8_Q32/ALGSTRUCT/mon_003	1680	7a3c0be45fbb5a60bf696367b65a86c085f714efcf9949d569e2c1b39ccf410f
semantic/W8_Q32/ALGSTRUCT/mon_003.desc	18	2a0216848c9805794ff9ea65e9b904750549edd949bc60c329f9c6a45f923f69
semantic/W8_Q32/ALGSTRUCT/mon_003.meta	26	99c63d8693714d6c3ae765b7a13b540830c6f0f5d2f2fd2ef40f14056e430b03
semantic/W8_Q32/ALGSTRUCT/mon_003.shadow	0	e3b0c44298fc1c149afbf4c8996fb92427ae41e4649b934ca495991b7852b855
semantic/W8_Q32/ALGSTRUCT/mon_004	1680	7a3c0be45fbb5a60bf696367b65a86c085f714efcf9949d569e2c1b39ccf410f
semantic/W8_Q32/ALGSTRUCT/mon_004.desc	18	2a0216848c9805794ff9ea65e9b904750549edd949bc60c329f9c6a45f923f69
semantic/W8_Q32/ALGSTRUCT/mon_004.meta	26	cb49b708b1a2f238db7d8c3b49d05ab88ac334991ee602994742a4a91f97d1cb
semantic/W8_Q32/ALGSTRUCT/mon_004.shadow	0	e3b0c44298fc1c149afbf4c8996fb92427ae41e4649b934ca495991b7852b855
semantic/W8_Q32/ALGSTRUCT/mon_005	1680	7a3c0be45fbb5a60bf696367b65a86c085f714efcf9949d569e2c1b39ccf410f
semantic/W8_Q32/ALGSTRUCT/mon_005.desc	18	2a0216848c9805794ff9ea65e9b904750549edd949bc60c329f9c6a45f923f69
semantic/W8_Q32/ALGSTRUCT/mon_005.meta	26	b27a551590e32f774d8e610ac3f81dcdf51ada3b5879edae37ce2af619f9be0b
semantic/W8_Q32/ALGSTRUCT/mon_005.shadow	0	e3b0c44298fc1c149afbf4c8996fb92427ae41e4649b934ca495991b7852b855
semantic/W8_Q32/ALGSTRUCT/mon_006	1680	7a3c0be45fbb5a60bf696367b65a86c085f714efcf9949d569e2c1b39ccf410f
semantic/W8_Q32/ALGSTRUCT/mon_006.desc	18	2a0216848c9805794ff9ea65e9b904750549edd949bc60c329f9c6a45f923f69
semantic/W8_Q32/ALGSTRUCT/mon_006.meta	26	f4f52103398458c0dd87623c117d8bcd63c0109a03522833a94956bb0a56a7d5
semantic/W8_Q32/ALGSTRUCT/mon_006.shadow	0	e3b0c44298fc1c149afbf4c8996fb92427ae41e4649b934ca495991b7852b855
semantic/W8_Q32/ALGSTRUCT/mon_007	1680	7a3c0be45fbb5a60bf696367b65a86c085f714efcf9949d569e2c1b39ccf410f
semantic/W8_Q32/ALGSTRUCT/mon_007.desc	18	2a0216848c9805794ff9ea65e9b904750549edd949bc60c329f9c6a45f923f69
semantic/W8_Q32/ALGSTRUCT/mon_007.meta	26	0ed9b04e1b1057b89cc06f951f22f846d008832d2c2429a6a66b6aff099a1de1
semantic/W8_Q32/ALGSTRUCT/mon_007.shadow	0	e3b0c44298fc1c149afbf4c8996fb92427ae41e4649b934ca495991b7852b855
semantic/W8_Q32/ALGSTRUCT/mon_008	1680	7a3c0be45fbb5a60bf696367b65a86c085f714efcf9949d569e2c1b39ccf410f
semantic/W8_Q32/ALGSTRUCT/mon_008.desc	18	2a0216848c9805794ff9ea65e9b904750549edd949bc60c329f9c6a45f923f69
semantic/W8_Q32/ALGSTRUCT/mon_008.meta	26	f31ae38669c84fe7e30ceee8ce6c3da8723f0fb535516f4814f2704b4e7e59c2
semantic/W8_Q32/ALGSTRUCT/mon_008.shadow	0	e3b0c44298fc1c149afbf4c8996fb92427ae41e4649b934ca495991b7852b855
semantic/W8_Q32/ALGSTRUCT/mon_009	1680	7a3c0be45fbb5a60bf696367b65a86c085f714efcf9949d569e2c1b39ccf410f
semantic/W8_Q32/ALGSTRUCT/mon_009.desc	18	2a0216848c9805794ff9ea65e9b904750549edd949bc60c329f9c6a45f923f69
semantic/W8_Q32/ALGSTRUCT/mon_009.meta	26	1456460cc078610fa6fd476ce5d4c7071bcbaaaaceb598ff9038123e27be6c82
semantic/W8_Q32/ALGSTRUCT/mon_009.shadow	0	e3b0c44298fc1c149afbf4c8996fb92427ae41e4649b934ca495991b7852b855
semantic/W8_Q32/ALGSTRUCT/mon_010	1680	7a3c0be45fbb5a60bf696367b65a86c085f714efcf9949d569e2c1b39ccf410f
semantic/W8_Q32/ALGSTRUCT/mon_010.desc	18	2a0216848c9805794ff9ea65e9b904750549edd949bc60c329f9c6a45f923f69
semantic/W8_Q32/ALGSTRUCT/mon_010.meta	26	7fb5db24cae981d60f84d9a46d3dee97dbf3a531da974e9ca6c82db9100966a3
semantic/W8_Q32/ALGSTRUCT/mon_010.shadow	0	e3b0c44298fc1c149afbf4c8996fb92427ae41e4649b934ca495991b7852b855
semantic/W8_Q32/ALGSTRUCT/mon_011	1680	7a3c0be45fbb5a60bf696367b65a86c085f714efcf9949d569e2c1b39ccf410f
semantic/W8_Q32/ALGSTRUCT/mon_011.desc	18	2a0216848c9805794ff9ea65e9b904750549edd949bc60c329f9c6a45f923f69
semantic/W8_Q32/ALGSTRUCT/mon_011.meta	26	ff38a6099d1cefc02ef2c13382abd95c1334c0a930fe37d4662d1978ce9c9d55
semantic/W8_Q32/ALGSTRUCT/mon_011.shadow	0	e3b0c44298fc1c149afbf4c8996fb92427ae41e4649b934ca495991b7852b855
semantic/W8_Q32/ALGSTRUCT/mon_012	1680	7a3c0be45fbb5a60bf696367b65a86c085f714efcf9949d569e2c1b39ccf410f
semantic/W8_Q32/ALGSTRUCT/mon_012.desc	18	2a0216848c9805794ff9ea65e9b904750549edd949bc60c329f9c6a45f923f69
semantic/W8_Q32/ALGSTRUCT/mon_012.meta	26	5c33a8435324a1b6ba4928079804a6091a67ca9ee237c0ff4b2942d381a49e52
semantic/W8_Q32/ALGSTRUCT/mon_012.shadow	0	e3b0c44298fc1c149afbf4c8996fb92427ae41e4649b934ca495991b7852b855
semantic/W8_Q32/ALGSTRUCT/mon_013	1680	7a3c0be45fbb5a60bf696367b65a86c085f714efcf9949d569e2c1b39ccf410f
semantic/W8_Q32/ALGSTRUCT/mon_013.desc	18	2a0216848c9805794ff9ea65e9b904750549edd949bc60c329f9c6a45f923f69
semantic/W8_Q32/ALGSTRUCT/mon_013.meta	26	5ce8d760fd73b936b899197a4380a3c6c7a7554fa0fcbf8528319c3e01a48e4c
semantic/W8_Q32/ALGSTRUCT/mon_013.shadow	0	e3b0c44298fc1c149afbf4c8996fb92427ae41e4649b934ca495991b7852b855
semantic/W8_Q32/ALGSTRUCT/mon_014	1680	7a3c0be45fbb5a60bf696367b65a86c085f714efcf9949d569e2c1b39ccf410f
semantic/W8_Q32/ALGSTRUCT/mon_014.desc	18	2a0216848c9805794ff9ea65e9b904750549edd949bc60c329f9c6a45f923f69
semantic/W8_Q32/ALGSTRUCT/mon_014.meta	26	f1cf30d759eb8e703247deb36eff6e584959fee9232d243a515ee50ac9cc3b74
semantic/W8_Q32/ALGSTRUCT/mon_014.shadow	0	e3b0c44298fc1c149afbf4c8996fb92427ae41e4649b934ca495991b7852b855
semantic/W8_Q32/ALGSTRUCT/mon_015	1680	7a3c0be45fbb5a60bf696367b65a86c085f714efcf9949d569e2c1b39ccf410f
semantic/W8_Q32/ALGSTRUCT/mon_015.desc	18	2a0216848c9805794ff9ea65e9b904750549edd949bc60c329f9c6a45f923f69
semantic/W8_Q32/ALGSTRUCT/mon_015.meta	26	22ff440f357e2b12fadeabec32724e63a3d12b74f3c3759aee0bf7d748e589e8
semantic/W8_Q32/ALGSTRUCT/mon_015.shadow	0	e3b0c44298fc1c149afbf4c8996fb92427ae41e4649b934ca495991b7852b855
semantic/W8_Q32/ALGSTRUCT/mon_016	1680	7a3c0be45fbb5a60bf696367b65a86c085f714efcf9949d569e2c1b39ccf410f
semantic/W8_Q32/ALGSTRUCT/mon_016.desc	18	2a0216848c9805794ff9ea65e9b904750549edd949bc60c329f9c6a45f923f69
semantic/W8_Q32/ALGSTRUCT/mon_016.meta	26	839460bf6f196f21a14235e69324a72fbf1854b5c3cad6912a790f507a147b97
semantic/W8_Q32/ALGSTRUCT/mon_016.shadow	0	e3b0c44298fc1c149afbf4c8996fb92427ae41e4649b934ca495991b7852b855
semantic/W8_Q32/ALGSTRUCT/mon_017	1680	7a3c0be45fbb5a60bf696367b65a86c085f714efcf9949d569e2c1b39ccf410f
semantic/W8_Q32/ALGSTRUCT/mon_017.desc	18	2a0216848c9805794ff9ea65e9b904750549edd949bc60c329f9c6a45f923f69
semantic/W8_Q32/ALGSTRUCT/mon_017.meta	26	37b3f36b838e313ceac5bab1fccafd8ff698b3d64a3a723c53beb46b3a04f809
semantic/W8_Q32/ALGSTRUCT/mon_017.shadow	0	e3b0c44298fc1c149afbf4c8996fb92427ae41e4649b934ca495991b7852b855
semantic/W8_Q32/ALGSTRUCT/mon_018	1680	7a3c0be45fbb5a60bf696367b65a86c085f714efcf9949d569e2c1b39ccf410f
semantic/W8_Q32/ALGSTRUCT/mon_018.desc	18	2a0216848c9805794ff9ea65e9b904750549edd949bc60c329f9c6a45f923f69
semantic/W8_Q32/ALGSTRUCT/mon_018.meta	26	9d1f3c6a89f51e2081c34162b5ec888716523967190ee787dad18b84a09e9ee7
semantic/W8_Q32/ALGSTRUCT/mon_018.shadow	0	e3b0c44298fc1c149afbf4c8996fb92427ae41e4649b934ca495991b7852b855
semantic/W8_Q32/ALGSTRUCT/mon_019	1680	7a3c0be45fbb5a60bf696367b65a86c085f714efcf9949d569e2c1b39ccf410f
semantic/W8_Q32/ALGSTRUCT/mon_019.desc	18	2a0216848c9805794ff9ea65e9b904750549edd949bc60c329f9c6a45f923f69
semantic/W8_Q32/ALGSTRUCT/mon_019.meta	26	2a468099f836890c442c65825c324588ae398aea8b808c47e4ddd96eb78d59a8
semantic/W8_Q32/ALGSTRUCT/mon_019.shadow	0	e3b0c44298fc1c149afbf4c8996fb92427ae41e4649b934ca495991b7852b855
semantic/W8_Q32/ALGSTRUCT/mon_020	1680	7a3c0be45fbb5a60bf696367b65a86c085f714efcf9949d569e2c1b39ccf410f
semantic/W8_Q32/ALGSTRUCT/mon_020.desc	18	2a0216848c9805794ff9ea65e9b904750549edd949bc60c329f9c6a45f923f69
semantic/W8_Q32/ALGSTRUCT/mon_020.meta	26	bda4e7553d4ffd92bb74cf5ce6085271d02e792a3436d5d578661cbe8f1bc0be
semantic/W8_Q32/ALGSTRUCT/mon_020.shadow	0	e3b0c44298fc1c149afbf4c8996fb92427ae41e4649b934ca495991b7852b855
semantic/W8_Q32/ALGSTRUCT/mon_021	1680	7a3c0be45fbb5a60bf696367b65a86c085f714efcf9949d569e2c1b39ccf410f
semantic/W8_Q32/ALGSTRUCT/mon_021.desc	18	2a0216848c9805794ff9ea65e9b904750549edd949bc60c329f9c6a45f923f69
semantic/W8_Q32/ALGSTRUCT/mon_021.meta	26	4728558dfa19fd8a36806e62a8d9c5dc45921b39ed7513954d52f11ce7d84bb5
semantic/W8_Q32/ALGSTRUCT/mon_021.shadow	0	e3b0c44298fc1c149afbf4c8996fb92427ae41e4649b934ca495991b7852b855
semantic/W8_Q32/ALGSTRUCT/mon_022	1680	7a3c0be45fbb5a60bf696367b65a86c085f714efcf9949d569e2c1b39ccf410f
semantic/W8_Q32/ALGSTRUCT/mon_022.desc	18	2a0216848c9805794ff9ea65e9b904750549edd949bc60c329f9c6a45f923f69
semantic/W8_Q32/ALGSTRUCT/mon_022.meta	26	dcaa0e1d14059df1c754aef92e5cb516df3b009d0396518444ffb8edb4f0d25a
semantic/W8_Q32/ALGSTRUCT/mon_022.shadow	0	e3b0c44298fc1c149afbf4c8996fb92427ae41e4649b934ca495991b7852b855
semantic/W8_Q32/ALGSTRUCT/mon_023	1680	7a3c0be45fbb5a60bf696367b65a86c085f714efcf9949d569e2c1b39ccf410f
semantic/W8_Q32/ALGSTRUCT/mon_023.desc	18	2a0216848c9805794ff9ea65e9b904750549edd949bc60c329f9c6a45f923f69
semantic/W8_Q32/ALGSTRUCT/mon_023.meta	26	824bc17bcecd8d0dee11015bad31627b2ea590fa866416b0c00c23d1aecd9614
semantic/W8_Q32/ALGSTRUCT/mon_023.shadow	0	e3b0c44298fc1c149afbf4c8996fb92427ae41e4649b934ca495991b7852b855
semantic/W8_Q32/ALGSTRUCT/mon_024	1680	7a3c0be45fbb5a60bf696367b65a86c085f714efcf9949d569e2c1b39ccf410f
semantic/W8_Q32/ALGSTRUCT/mon_024.desc	18	2a0216848c9805794ff9ea65e9b904750549edd949bc60c329f9c6a45f923f69
semantic/W8_Q32/ALGSTRUCT/mon_024.meta	26	a11215ddf4650e03e7de5f38124fe397ccf31514bdca6dba43591f2177f5d3b4
semantic/W8_Q32/ALGSTRUCT/mon_024.shadow	0	e3b0c44298fc1c149afbf4c8996fb92427ae41e4649b934ca495991b7852b855
semantic/W8_Q32/ALGSTRUCT/mon_025	1680	7a3c0be45fbb5a60bf696367b65a86c085f714efcf9949d569e2c1b39ccf410f
semantic/W8_Q32/ALGSTRUCT/mon_025.desc	18	2a0216848c9805794ff9ea65e9b904750549edd949bc60c329f9c6a45f923f69
semantic/W8_Q32/ALGSTRUCT/mon_025.meta	26	e1349f7a2b42e81725a3211c34dba61b07a9e150854d033c5765d53534e61e17
semantic/W8_Q32/ALGSTRUCT/mon_025.shadow	0	e3b0c44298fc1c149afbf4c8996fb92427ae41e4649b934ca495991b7852b855
semantic/W8_Q32/ALGSTRUCT/mon_026	1680	7a3c0be45fbb5a60bf696367b65a86c085f714efcf9949d569e2c1b39ccf410f
semantic/W8_Q32/ALGSTRUCT/mon_026.desc	18	2a0216848c9805794ff9ea65e9b904750549edd949bc60c329f9c6a45f923f69
semantic/W8_Q32/ALGSTRUCT/mon_026.meta	26	7cab44266bf3d1f2ab7a0a4de0371972a01b81e3d374078f9b279e2f82ce4f12
semantic/W8_Q32/ALGSTRUCT/mon_026.shadow	0	e3b0c44298fc1c149afbf4c8996fb92427ae41e4649b934ca495991b7852b855
semantic/W8_Q32/ALGSTRUCT/mon_027	1680	7a3c0be45fbb5a60bf696367b65a86c085f714efcf9949d569e2c1b39ccf410f
semantic/W8_Q32/ALGSTRUCT/mon_027.desc	18	2a0216848c9805794ff9ea65e9b904750549edd949bc60c329f9c6a45f923f69
semantic/W8_Q32/ALGSTRUCT/mon_027.meta	26	fa9233cc25894e7bdfe1e452aad8f004682e52f89fc0e395946be2d90ff001b9
semantic/W8_Q32/ALGSTRUCT/mon_027.shadow	0	e3b0c44298fc1c149afbf4c8996fb92427ae41e4649b934ca495991b7852b855
semantic/W8_Q32/ALGSTRUCT/mon_028	1680	7a3c0be45fbb5a60bf696367b65a86c085f714efcf9949d569e2c1b39ccf410f
semantic/W8_Q32/ALGSTRUCT/mon_028.desc	18	2a0216848c9805794ff9ea65e9b904750549edd949bc60c329f9c6a45f923f69
semantic/W8_Q32/ALGSTRUCT/mon_028.meta	26	355e2e68759eaa173801c5daf604419876f8bb1cd1a397fb49bbe43977bbbc81
semantic/W8_Q32/ALGSTRUCT/mon_028.shadow	0	e3b0c44298fc1c149afbf4c8996fb92427ae41e4649b934ca495991b7852b855
semantic/W8_Q32/ALGSTRUCT/mon_029	1680	7a3c0be45fbb5a60bf696367b65a86c085f714efcf9949d569e2c1b39ccf410f
semantic/W8_Q32/ALGSTRUCT/mon_029.desc	18	2a0216848c9805794ff9ea65e9b904750549edd949bc60c329f9c6a45f923f69
semantic/W8_Q32/ALGSTRUCT/mon_029.meta	26	f89b6f09007386861696de279f058c9c37c066cd02386739276f8c917817967a
semantic/W8_Q32/ALGSTRUCT/mon_029.shadow	0	e3b0c44298fc1c149afbf4c8996fb92427ae41e4649b934ca495991b7852b855
semantic/W8_Q32/ALGSTRUCT/mon_030	1680	7a3c0be45fbb5a60bf696367b65a86c085f714efcf9949d569e2c1b39ccf410f
semantic/W8_Q32/ALGSTRUCT/mon_030.desc	18	2a0216848c9805794ff9ea65e9b904750549edd949bc60c329f9c6a45f923f69
semantic/W8_Q32/ALGSTRUCT/mon_030.meta	26	f235572d8c9b22156992a04202c296ab693b32328055d3e94197c3ed83231193
semantic/W8_Q32/ALGSTRUCT/mon_030.shadow	0	e3b0c44298fc1c149afbf4c8996fb92427ae41e4649b934ca495991b7852b855
semantic/W8_Q32/ALGSTRUCT/mon_031	1680	7a3c0be45fbb5a60bf696367b65a86c085f714efcf9949d569e2c1b39ccf410f
semantic/W8_Q32/ALGSTRUCT/mon_031.desc	18	2a0216848c9805794ff9ea65e9b904750549edd949bc60c329f9c6a45f923f69
semantic/W8_Q32/ALGSTRUCT/mon_031.meta	26	4d9b2b8f7d0c028296499faddc778ecd1c5235e3194f54fdc831b035b69efd4a
semantic/W8_Q32/ALGSTRUCT/mon_031.shadow	0	e3b0c44298fc1c149afbf4c8996fb92427ae41e4649b934ca495991b7852b855
semantic/W8_Q32/ALGSTRUCT/mwi.desc	43	32c20c37916e6dd6b2b7c09bacd090abae3881cf69c0d079757fdcc5a35ab50c
semantic/W8_Q32/ALGSTRUCT/mwi.meta	26	083abcfcbf6865ca60f090cdc5a67de7f8b4a4cd639e374258b879b2ed3ee331
semantic/W8_Q32/ALGSTRUCT/mwi_win.desc	588	538152db61c129ebb4d08222a10e0407898638651d7ef4a5b3bb339c073d905b
semantic/W8_Q32/ALGSTRUCT/mwi_win.meta	29	95fe30a5ca8ad13692a4c538d927a92ba48162a1e018bf5feb8e1cdea4b4e305
semantic/W8_Q32/ALGSTRUCT/sq_out.desc	47	919f820caba144bc57de2527871dd298404f77dce2b6e1f30da6fc84cea69c1d
semantic/W8_Q32/ALGSTRUCT/sq_out.meta	26	560c236eda6b284c7f91f1b3f1c74dfccc01a8b54911d23d21dcb7a98a8060bd
semantic/W8_Q32/STRUCT/STREAM_TIMEMOVE_mlii.desc	45	f9bfa697e4a5f0d3ff909e496ab91fd0faa256988e77e890dc4eacc87932b2bb
semantic/W8_Q32/STRUCT/STREAM_TIMEMOVE_mlii.meta	26	85f34e5dbcfb1dd8c390f851ddaedcfb10a56468f892bd7bc03bb05131b309dc
semantic/W8_Q32/STRUCT/STREAM_TIMEMOVE_mwi.desc	43	32c20c37916e6dd6b2b7c09bacd090abae3881cf69c0d079757fdcc5a35ab50c
semantic/W8_Q32/STRUCT/STREAM_TIMEMOVE_mwi.meta	26	eeb8dfb173bf77c701d102191f7e100b0fe5452db0d2a5d4ef64b4b7c647e51a
semantic/W8_Q32/STRUCT/bp_acc.desc	493	53ef8fa01e980b4d4518d569b8a7c3c1cd56b9bc050bd451980c2751370f8f5a
semantic/W8_Q32/STRUCT/bp_acc.meta	29	4e3b7a1ade9a05888e12b0199acd49d01ed6b199f774711f881ce78bbfc4faa0
semantic/W8_Q32/STRUCT/bp_out.desc	46	55ca32d227c54caf7b3de74724552e720db7f0e967d644f4493760642e5dea5a
semantic/W8_Q32/STRUCT/bp_out.meta	26	3e95c2f013eec0843c6e2c15b5241d673e65eaf8485c4d82c57d879a22a18919
semantic/W8_Q32/STRUCT/bp_win.desc	118	f99af921565c807f44afdb2ff8e14360ff677ac5d1ef69622493aaecea85bf3b
semantic/W8_Q32/STRUCT/bp_win.meta	26	497038c1b08ebff980e8e432fbcdd60dc20f9396c209287fbf3ad6a8e435fba8
semantic/W8_Q32/STRUCT/bpf.desc	59	9f33660f2bea556c9e4a5de78d3272bacbca2f5123c08ab77f0f420321fd8bc2
semantic/W8_Q32/STRUCT/d_acc.desc	113	41fb59bdc02bf2e89f03237c39f065a4232d89df6f2169b00e96d115974de0ff
semantic/W8_Q32/STRUCT/d_acc.meta	26	a0301735267a68c1e858eedf6885c24e7db7907f2ea8d56ccd9927d56aa40aa1
semantic/W8_Q32/STRUCT/d_out.desc	45	644b6adb1bb696f17638995afeb4e3691733ba5b32a765688b9dde663956045b
semantic/W8_Q32/STRUCT/d_out.meta	26	23730c971a50294e72f3534ab036847c3394be3443c2098e06c5011157fd5c08
semantic/W8_Q32/STRUCT/df.desc	56	b1e8813616fa26d611a00c26de8cfa834a7b9a407dbba520b957e0d151fd572c
semantic/W8_Q32/STRUCT/ecg.desc	55	925d58f601ce1bedaba626349ec166b1bfcb819046e020189fcfbcf866e18220
semantic/W8_Q32/STRUCT/mlii.desc	45	198a7e6fd28fb59bb8469633d1d60d2ea84ae2ecd751c124369b35c151b85e38
semantic/W8_Q32/STRUCT/mlii.meta	26	537f0789c359c63eaf75dab48626c194ce3ed9f9f4a989b44d12107b57881195
semantic/W8_Q32/STRUCT/mlii_win.desc	443	903822f3144dacfa5ad62cd5c610c5491f51a3d0a13713f6f62c7af0b97acac3
semantic/W8_Q32/STRUCT/mlii_win.meta	29	b0c2dc877959c05de7a810d098ce4cb8f6f11a1fd021fcb07ed298e6abcaa27a
semantic/W8_Q32/STRUCT/mon_000	1680	7a3c0be45fbb5a60bf696367b65a86c085f714efcf9949d569e2c1b39ccf410f
semantic/W8_Q32/STRUCT/mon_000.desc	18	2a0216848c9805794ff9ea65e9b904750549edd949bc60c329f9c6a45f923f69
semantic/W8_Q32/STRUCT/mon_000.meta	26	9650e49cf01ee9606bfee91e45f99e686b8a52be0d395186bb5410289bcf5c4e
semantic/W8_Q32/STRUCT/mon_000.shadow	0	e3b0c44298fc1c149afbf4c8996fb92427ae41e4649b934ca495991b7852b855
semantic/W8_Q32/STRUCT/mon_001	1680	7a3c0be45fbb5a60bf696367b65a86c085f714efcf9949d569e2c1b39ccf410f
semantic/W8_Q32/STRUCT/mon_001.desc	18	2a0216848c9805794ff9ea65e9b904750549edd949bc60c329f9c6a45f923f69
semantic/W8_Q32/STRUCT/mon_001.meta	26	f071b5bce02881fbd38d834404ac45a32952fc1e55cdb6756657bc7f46d7cfd3
semantic/W8_Q32/STRUCT/mon_001.shadow	0	e3b0c44298fc1c149afbf4c8996fb92427ae41e4649b934ca495991b7852b855
semantic/W8_Q32/STRUCT/mon_002	1680	7a3c0be45fbb5a60bf696367b65a86c085f714efcf9949d569e2c1b39ccf410f
semantic/W8_Q32/STRUCT/mon_002.desc	18	2a0216848c9805794ff9ea65e9b904750549edd949bc60c329f9c6a45f923f69
semantic/W8_Q32/STRUCT/mon_002.meta	26	9d3c156a089ef602851da9926a0324fa68d62e9f9a0c00387b696b770f6bd32a
semantic/W8_Q32/STRUCT/mon_002.shadow	0	e3b0c44298fc1c149afbf4c8996fb92427ae41e4649b934ca495991b7852b855
semantic/W8_Q32/STRUCT/mon_003	1680	7a3c0be45fbb5a60bf696367b65a86c085f714efcf9949d569e2c1b39ccf410f
semantic/W8_Q32/STRUCT/mon_003.desc	18	2a0216848c9805794ff9ea65e9b904750549edd949bc60c329f9c6a45f923f69
semantic/W8_Q32/STRUCT/mon_003.meta	26	3a48b02ac5a18dcfdd2d818896386fddac9214d2ec6dd868b808f4cc19c6057b
semantic/W8_Q32/STRUCT/mon_003.shadow	0	e3b0c44298fc1c149afbf4c8996fb92427ae41e4649b934ca495991b7852b855
semantic/W8_Q32/STRUCT/mon_004	1680	7a3c0be45fbb5a60bf696367b65a86c085f714efcf9949d569e2c1b39ccf410f
semantic/W8_Q32/STRUCT/mon_004.desc	18	2a0216848c9805794ff9ea65e9b904750549edd949bc60c329f9c6a45f923f69
semantic/W8_Q32/STRUCT/mon_004.meta	26	a942f03949264415ad70c2799624969b0de561c927849a6a554f07ff154f1133
semantic/W8_Q32/STRUCT/mon_004.shadow	0	e3b0c44298fc1c149afbf4c8996fb92427ae41e4649b934ca495991b7852b855
semantic/W8_Q32/STRUCT/mon_005	1680	7a3c0be45fbb5a60bf696367b65a86c085f714efcf9949d569e2c1b39ccf410f
semantic/W8_Q32/STRUCT/mon_005.desc	18	2a0216848c9805794ff9ea65e9b904750549edd949bc60c329f9c6a45f923f69
semantic/W8_Q32/STRUCT/mon_005.meta	26	6a4dcec5909c544af0cba86b8c3db990e5520e3c7bea20e2be740d298985702c
semantic/W8_Q32/STRUCT/mon_005.shadow	0	e3b0c44298fc1c149afbf4c8996fb92427ae41e4649b934ca495991b7852b855
semantic/W8_Q32/STRUCT/mon_006	1680	7a3c0be45fbb5a60bf696367b65a86c085f714efcf9949d569e2c1b39ccf410f
semantic/W8_Q32/STRUCT/mon_006.desc	18	2a0216848c9805794ff9ea65e9b904750549edd949bc60c329f9c6a45f923f69
semantic/W8_Q32/STRUCT/mon_006.meta	26	613ce3268eb054f9507c536fb7c00dbcfcd58099534adbd6a4799da22e439227
semantic/W8_Q32/STRUCT/mon_006.shadow	0	e3b0c44298fc1c149afbf4c8996fb92427ae41e4649b934ca495991b7852b855
semantic/W8_Q32/STRUCT/mon_007	1680	7a3c0be45fbb5a60bf696367b65a86c085f714efcf9949d569e2c1b39ccf410f
semantic/W8_Q32/STRUCT/mon_007.desc	18	2a0216848c9805794ff9ea65e9b904750549edd949bc60c329f9c6a45f923f69
semantic/W8_Q32/STRUCT/mon_007.meta	26	c200d4586e1acc1025ec61d3ba72db659653aaaceea7ed397c79daebd43e6206
semantic/W8_Q32/STRUCT/mon_007.shadow	0	e3b0c44298fc1c149afbf4c8996fb92427ae41e4649b934ca495991b7852b855
semantic/W8_Q32/STRUCT/mon_008	1680	7a3c0be45fbb5a60bf696367b65a86c085f714efcf9949d569e2c1b39ccf410f
semantic/W8_Q32/STRUCT/mon_008.desc	18	2a0216848c9805794ff9ea65e9b904750549edd949bc60c329f9c6a45f923f69
semantic/W8_Q32/STRUCT/mon_008.meta	26	09946b65a422bd0466625041454288b85281f35ca32d9fc1ee8bdd5c3ddf7190
semantic/W8_Q32/STRUCT/mon_008.shadow	0	e3b0c44298fc1c149afbf4c8996fb92427ae41e4649b934ca495991b7852b855
semantic/W8_Q32/STRUCT/mon_009	1680	7a3c0be45fbb5a60bf696367b65a86c085f714efcf9949d569e2c1b39ccf410f
semantic/W8_Q32/STRUCT/mon_009.desc	18	2a0216848c9805794ff9ea65e9b904750549edd949bc60c329f9c6a45f923f69
semantic/W8_Q32/STRUCT/mon_009.meta	26	b63405982e2928e47c599bb3fe79026d69f67c2f54c14497cb8749466ea26754
semantic/W8_Q32/STRUCT/mon_009.shadow	0	e3b0c44298fc1c149afbf4c8996fb92427ae41e4649b934ca495991b7852b855
semantic/W8_Q32/STRUCT/mon_010	1680	7a3c0be45fbb5a60bf696367b65a86c085f714efcf9949d569e2c1b39ccf410f
semantic/W8_Q32/STRUCT/mon_010.desc	18	2a0216848c9805794ff9ea65e9b904750549edd949bc60c329f9c6a45f923f69
semantic/W8_Q32/STRUCT/mon_010.meta	26	9f0893c7b07b933f769c89bf5eb2625413d6d686d81b116d0ebddb03266e3cf9
semantic/W8_Q32/STRUCT/mon_010.shadow	0	e3b0c44298fc1c149afbf4c8996fb92427ae41e4649b934ca495991b7852b855
semantic/W8_Q32/STRUCT/mon_011	1680	7a3c0be45fbb5a60bf696367b65a86c085f714efcf9949d569e2c1b39ccf410f
semantic/W8_Q32/STRUCT/mon_011.desc	18	2a0216848c9805794ff9ea65e9b904750549edd949bc60c329f9c6a45f923f69
semantic/W8_Q32/STRUCT/mon_011.meta	26	74ef86a012a5940a9875a1a07ea833d9d730a3bf6730a0834db3b13ca079cab8
semantic/W8_Q32/STRUCT/mon_011.shadow	0	e3b0c44298fc1c149afbf4c8996fb92427ae41e4649b934ca495991b7852b855
semantic/W8_Q32/STRUCT/mon_012	1680	7a3c0be45fbb5a60bf696367b65a86c085f714efcf9949d569e2c1b39ccf410f
semantic/W8_Q32/STRUCT/mon_012.desc	18	2a0216848c9805794ff9ea65e9b904750549edd949bc60c329f9c6a45f923f69
semantic/W8_Q32/STRUCT/mon_012.meta	26	3b2e9b42677a8a14653f41c808436ab8528ca588af5dc5328620bd04d46dfff9
semantic/W8_Q32/STRUCT/mon_012.shadow	0	e3b0c44298fc1c149afbf4c8996fb92427ae41e4649b934ca495991b7852b855
semantic/W8_Q32/STRUCT/mon_013	1680	7a3c0be45fbb5a60bf696367b65a86c085f714efcf9949d569e2c1b39ccf410f
semantic/W8_Q32/STRUCT/mon_013.desc	18	2a0216848c9805794ff9ea65e9b904750549edd949bc60c329f9c6a45f923f69
semantic/W8_Q32/STRUCT/mon_013.meta	26	dafaf59f49b72ce878e4a83d40b4f6ea02dced144182ba02631051b08f0af8ed
semantic/W8_Q32/STRUCT/mon_013.shadow	0	e3b0c44298fc1c149afbf4c8996fb92427ae41e4649b934ca495991b7852b855
semantic/W8_Q32/STRUCT/mon_014	1680	7a3c0be45fbb5a60bf696367b65a86c085f714efcf9949d569e2c1b39ccf410f
semantic/W8_Q32/STRUCT/mon_014.desc	18	2a0216848c9805794ff9ea65e9b904750549edd949bc60c329f9c6a45f923f69
semantic/W8_Q32/STRUCT/mon_014.meta	26	91c540d1f2b4f33a6e3d0e9e0020427232007a9abe6f959bb95cb9ce3b3eea8f
semantic/W8_Q32/STRUCT/mon_014.shadow	0	e3b0c44298fc1c149afbf4c8996fb92427ae41e4649b934ca495991b7852b855
semantic/W8_Q32/STRUCT/mon_015	1680	7a3c0be45fbb5a60bf696367b65a86c085f714efcf9949d569e2c1b39ccf410f
semantic/W8_Q32/STRUCT/mon_015.desc	18	2a0216848c9805794ff9ea65e9b904750549edd949bc60c329f9c6a45f923f69
semantic/W8_Q32/STRUCT/mon_015.meta	26	ae2d91a4636eb537cbb5a468fcb10e2680ff4ae5fbb2b168f092f53290c1ff46
semantic/W8_Q32/STRUCT/mon_015.shadow	0	e3b0c44298fc1c149afbf4c8996fb92427ae41e4649b934ca495991b7852b855
semantic/W8_Q32/STRUCT/mon_016	1680	7a3c0be45fbb5a60bf696367b65a86c085f714efcf9949d569e2c1b39ccf410f
semantic/W8_Q32/STRUCT/mon_016.desc	18	2a0216848c9805794ff9ea65e9b904750549edd949bc60c329f9c6a45f923f69
semantic/W8_Q32/STRUCT/mon_016.meta	26	2307b0c4251d0ec5f3a9e3f8e3d95a83b185a94eded27d8f7d41f222bc450e52
semantic/W8_Q32/STRUCT/mon_016.shadow	0	e3b0c44298fc1c149afbf4c8996fb92427ae41e4649b934ca495991b7852b855
semantic/W8_Q32/STRUCT/mon_017	1680	7a3c0be45fbb5a60bf696367b65a86c085f714efcf9949d569e2c1b39ccf410f
semantic/W8_Q32/STRUCT/mon_017.desc	18	2a0216848c9805794ff9ea65e9b904750549edd949bc60c329f9c6a45f923f69
semantic/W8_Q32/STRUCT/mon_017.meta	26	f1ee2bc9004e2e2f1f6d5167150e9dbfef8d571ea0b66fc101565dc7d160ecce
semantic/W8_Q32/STRUCT/mon_017.shadow	0	e3b0c44298fc1c149afbf4c8996fb92427ae41e4649b934ca495991b7852b855
semantic/W8_Q32/STRUCT/mon_018	1680	7a3c0be45fbb5a60bf696367b65a86c085f714efcf9949d569e2c1b39ccf410f
semantic/W8_Q32/STRUCT/mon_018.desc	18	2a0216848c9805794ff9ea65e9b904750549edd949bc60c329f9c6a45f923f69
semantic/W8_Q32/STRUCT/mon_018.meta	26	4cd2a827ebed436cafec0059f45e010d682719abf67cd3905b51d9727dc70391
semantic/W8_Q32/STRUCT/mon_018.shadow	0	e3b0c44298fc1c149afbf4c8996fb92427ae41e4649b934ca495991b7852b855
semantic/W8_Q32/STRUCT/mon_019	1680	7a3c0be45fbb5a60bf696367b65a86c085f714efcf9949d569e2c1b39ccf410f
semantic/W8_Q32/STRUCT/mon_019.desc	18	2a0216848c9805794ff9ea65e9b904750549edd949bc60c329f9c6a45f923f69
semantic/W8_Q32/STRUCT/mon_019.meta	26	51871fdd20554dd080ed165e013929c0d4a80a81548a87dcbb6c748ef0454fb4
semantic/W8_Q32/STRUCT/mon_019.shadow	0	e3b0c44298fc1c149afbf4c8996fb92427ae41e4649b934ca495991b7852b855
semantic/W8_Q32/STRUCT/mon_020	1680	7a3c0be45fbb5a60bf696367b65a86c085f714efcf9949d569e2c1b39ccf410f
semantic/W8_Q32/STRUCT/mon_020.desc	18	2a0216848c9805794ff9ea65e9b904750549edd949bc60c329f9c6a45f923f69
semantic/W8_Q32/STRUCT/mon_020.meta	26	715c4ea027654ab575133fa43ba9d837d1ef99f47e01bf309515243bd2526500
semantic/W8_Q32/STRUCT/mon_020.shadow	0	e3b0c44298fc1c149afbf4c8996fb92427ae41e4649b934ca495991b7852b855
semantic/W8_Q32/STRUCT/mon_021	1680	7a3c0be45fbb5a60bf696367b65a86c085f714efcf9949d569e2c1b39ccf410f
semantic/W8_Q32/STRUCT/mon_021.desc	18	2a0216848c9805794ff9ea65e9b904750549edd949bc60c329f9c6a45f923f69
semantic/W8_Q32/STRUCT/mon_021.meta	26	da50e03baa4da27654f75c78c765fecfd98ac4e8af0a28090202965f425b72f7
semantic/W8_Q32/STRUCT/mon_021.shadow	0	e3b0c44298fc1c149afbf4c8996fb92427ae41e4649b934ca495991b7852b855
semantic/W8_Q32/STRUCT/mon_022	1680	7a3c0be45fbb5a60bf696367b65a86c085f714efcf9949d569e2c1b39ccf410f
semantic/W8_Q32/STRUCT/mon_022.desc	18	2a0216848c9805794ff9ea65e9b904750549edd949bc60c329f9c6a45f923f69
semantic/W8_Q32/STRUCT/mon_022.meta	26	125327d55edcc316c2fa595a0d3ad6bb35645e31c8cb38f26072f136e1f3a3f7
semantic/W8_Q32/STRUCT/mon_022.shadow	0	e3b0c44298fc1c149afbf4c8996fb92427ae41e4649b934ca495991b7852b855
semantic/W8_Q32/STRUCT/mon_023	1680	7a3c0be45fbb5a60bf696367b65a86c085f714efcf9949d569e2c1b39ccf410f
semantic/W8_Q32/STRUCT/mon_023.desc	18	2a0216848c9805794ff9ea65e9b904750549edd949bc60c329f9c6a45f923f69
semantic/W8_Q32/STRUCT/mon_023.meta	26	8551721391963f6ee5c88f1a7675200bb1a751821bd05d992c673c650a15d06c
semantic/W8_Q32/STRUCT/mon_023.shadow	0	e3b0c44298fc1c149afbf4c8996fb92427ae41e4649b934ca495991b7852b855
semantic/W8_Q32/STRUCT/mon_024	1680	7a3c0be45fbb5a60bf696367b65a86c085f714efcf9949d569e2c1b39ccf410f
semantic/W8_Q32/STRUCT/mon_024.desc	18	2a0216848c9805794ff9ea65e9b904750549edd949bc60c329f9c6a45f923f69
semantic/W8_Q32/STRUCT/mon_024.meta	26	d03631235c9a54c92f1cde4b8bda984fbf3fe2f3ae320e82a971808c249fdea2
semantic/W8_Q32/STRUCT/mon_024.shadow	0	e3b0c44298fc1c149afbf4c8996fb92427ae41e4649b934ca495991b7852b855
semantic/W8_Q32/STRUCT/mon_025	1680	7a3c0be45fbb5a60bf696367b65a86c085f714efcf9949d569e2c1b39ccf410f
semantic/W8_Q32/STRUCT/mon_025.desc	18	2a0216848c9805794ff9ea65e9b904750549edd949bc60c329f9c6a45f923f69
semantic/W8_Q32/STRUCT/mon_025.meta	26	c4d0a2bf248d54b8eb17b140ad52b49a0c573ab2bfadf583d6b41864489b2d10
semantic/W8_Q32/STRUCT/mon_025.shadow	0	e3b0c44298fc1c149afbf4c8996fb92427ae41e4649b934ca495991b7852b855
semantic/W8_Q32/STRUCT/mon_026	1680	7a3c0be45fbb5a60bf696367b65a86c085f714efcf9949d569e2c1b39ccf410f
semantic/W8_Q32/STRUCT/mon_026.desc	18	2a0216848c9805794ff9ea65e9b904750549edd949bc60c329f9c6a45f923f69
semantic/W8_Q32/STRUCT/mon_026.meta	26	9599f9e33dabb1713a7676f2bb5c559fef754a43bbbc55b38fdc93388eec6928
semantic/W8_Q32/STRUCT/mon_026.shadow	0	e3b0c44298fc1c149afbf4c8996fb92427ae41e4649b934ca495991b7852b855
semantic/W8_Q32/STRUCT/mon_027	1680	7a3c0be45fbb5a60bf696367b65a86c085f714efcf9949d569e2c1b39ccf410f
semantic/W8_Q32/STRUCT/mon_027.desc	18	2a0216848c9805794ff9ea65e9b904750549edd949bc60c329f9c6a45f923f69
semantic/W8_Q32/STRUCT/mon_027.meta	26	685f4efc14e097160c921a6806a7df1e67f135a872ea981d2951663d8ad7de84
semantic/W8_Q32/STRUCT/mon_027.shadow	0	e3b0c44298fc1c149afbf4c8996fb92427ae41e4649b934ca495991b7852b855
semantic/W8_Q32/STRUCT/mon_028	1680	7a3c0be45fbb5a60bf696367b65a86c085f714efcf9949d569e2c1b39ccf410f
semantic/W8_Q32/STRUCT/mon_028.desc	18	2a0216848c9805794ff9ea65e9b904750549edd949bc60c329f9c6a45f923f69
semantic/W8_Q32/STRUCT/mon_028.meta	26	b70c31df89796575ab3af488d6a776c732f675a06bf57b9b0ef5b9c4b53013a6
semantic/W8_Q32/STRUCT/mon_028.shadow	0	e3b0c44298fc1c149afbf4c8996fb92427ae41e4649b934ca495991b7852b855
semantic/W8_Q32/STRUCT/mon_029	1680	7a3c0be45fbb5a60bf696367b65a86c085f714efcf9949d569e2c1b39ccf410f
semantic/W8_Q32/STRUCT/mon_029.desc	18	2a0216848c9805794ff9ea65e9b904750549edd949bc60c329f9c6a45f923f69
semantic/W8_Q32/STRUCT/mon_029.meta	26	dd942bfd750077cf818b22ef1042574de242f02e3419d00e523d544bac75427c
semantic/W8_Q32/STRUCT/mon_029.shadow	0	e3b0c44298fc1c149afbf4c8996fb92427ae41e4649b934ca495991b7852b855
semantic/W8_Q32/STRUCT/mon_030	1680	7a3c0be45fbb5a60bf696367b65a86c085f714efcf9949d569e2c1b39ccf410f
semantic/W8_Q32/STRUCT/mon_030.desc	18	2a0216848c9805794ff9ea65e9b904750549edd949bc60c329f9c6a45f923f69
semantic/W8_Q32/STRUCT/mon_030.meta	26	5281217818af8af319bc7de8a725b9bd5eb4a90890d779b5bae1258ba81e717c
semantic/W8_Q32/STRUCT/mon_030.shadow	0	e3b0c44298fc1c149afbf4c8996fb92427ae41e4649b934ca495991b7852b855
semantic/W8_Q32/STRUCT/mon_031	1680	7a3c0be45fbb5a60bf696367b65a86c085f714efcf9949d569e2c1b39ccf410f
semantic/W8_Q32/STRUCT/mon_031.desc	18	2a0216848c9805794ff9ea65e9b904750549edd949bc60c329f9c6a45f923f69
semantic/W8_Q32/STRUCT/mon_031.meta	26	74f241349c730a33635a486c17f60f245fe129ca14021d7830d30d2515f52c11
semantic/W8_Q32/STRUCT/mon_031.shadow	0	e3b0c44298fc1c149afbf4c8996fb92427ae41e4649b934ca495991b7852b855
semantic/W8_Q32/STRUCT/mwi.desc	44	c356b28d19705af5b0ed8fd293ddf1d6d1de39043d7dba5382d7ab3819579217
semantic/W8_Q32/STRUCT/mwi.meta	26	ea4acb1b8b72b0257c7a921375715fd6a86e88bb9341f16701516ee294a306ed
semantic/W8_Q32/STRUCT/mwi_win.desc	588	538152db61c129ebb4d08222a10e0407898638651d7ef4a5b3bb339c073d905b
semantic/W8_Q32/STRUCT/mwi_win.meta	29	5d01c03615ec7f9a389d09da1730c2608ff13829f23fd0284b5d4881f5bb99ff
semantic/W8_Q32/STRUCT/sq_out.desc	47	919f820caba144bc57de2527871dd298404f77dce2b6e1f30da6fc84cea69c1d
semantic/W8_Q32/STRUCT/sq_out.meta	26	c9b07c106e3599103ed2dcd1382cb0d93f23c64f74743ccf7d4efaf25fed1a74
