case,profile,rep,scale,compile_ns,probe_ns,r1,r2,nodes_public,nodes_substrates,tokens_from,tokens_fields,capacity_streams,capacity_sum,capacity_max,node_count,nodes_sha256
W7_Q04,ALGSTRUCT,1,6,295830,1593,0,0,8,0,16,6,6,15,4,8,64eb05b2d681af147811cd64dc0e11be812cb48952e297a71fcf6d3c013ba4a0
W4_Q16,STRUCT,1,6,4803697,27130,0,0,66,2,132,530,22,511,31,68,7fbae5656c303ca065341c5db14fa3ef41fb196c82f59bb1c789e1f7b78b0f7a
W8_Q08,STRUCT_R2,1,6,1452024,6074,0,1,21,2,48,171,11,169,63,23,6202056e7f9106d89fc2c03650e5a38d69f704cc369ba9e689bf413e5f7173e1
W7_Q08,ALGSTRUCT,1,6,415034,1574,0,0,12,0,28,10,6,15,4,12,d13ad2add4e1d9cb21c441a8963ffbcf5f462a05d4f61331fa56b7c117fe58d1
W5_Q08,OFF,1,6,444923,3203,0,0,24,0,24,8,18,66,4,24,1ec99f8159a9bf9f7216cbde66142ab941580d932ab53b67181d9941e08515a5
W1,STRUCT_R2,1,6,257979,1334,0,0,3,2,7,3,6,15,4,5,4b26ed307e0166f8d1fa59ea1e874899e41c5fd882be9ef62f84eb3685bb70b7
W5_Q02,STRUCT_R2,1,6,219851,1740,0,0,6,0,6,2,6,18,4,6,e7741c936508103b2af3b934e316124eac7bac4773e716fb634bafee4047c0e4
W9_Q02,STRUCT_R1,1,6,477735,4260,0,0,4,0,6,96,4,4,1,4,f59554bf6b558dac39020afcdc9d3261e3c200f0f612cb6818827b31bbda0408
W6_Q16,STRUCT_R2,1,6,971973,2148,0,0,18,2,52,18,6,15,5,20,bb0755604375307ff8e5fd09781b80b224d9ab98fa75fb51387fe44cb24e3726
W4_Q04,STRUCT_R2,1,6,1245952,7278,0,0,18,2,36,134,10,139,31,20,fd25718cb278dfe33c1131161ba4977814e08de24bd73801325a42bf895b4b90
W8_Q16,STRUCT_R1,1,6,2200241,6258,16,0,29,1,55,178,10,168,63,30,d68e12eaec95eadd08fb1ce8e6c0dcfc893de77e4c3d4f5a64bb4b4ee29b64b3
W7_Q32,OFF,1,6,915029,3185,0,0,36,0,100,34,6,15,4,36,6bdf3735d7ed12e047353d97f7fd342934c808ba421573c6cd2474dd612f37b1
W7_Q01,STRUCT_R1,1,6,223240,1443,0,0,5,0,7,3,6,15,4,5,70f8123fffd2af37d12a00e22d9841098c66a489d4953aae174ab2cb5014e5d7
W8_Q01,ALGSTRUCT,1,6,1095693,5353,1,1,14,1,25,163,10,168,63,15,fdd35fe24122be542f9944d55e73c67d2cd28afd3fd1ff25e723a080e5d2dad8
W4_Q04,STRUCT_R1,1,6,1461914,6333,4,0,18,1,31,133,9,138,31,19,fc880fdc081349aa9e95db821628814a11fa6271dfea15fd511d230a5fbbf819
W4_Q08,OFF,1,6,2002298,13610,0,0,34,2,68,266,14,263,31,36,310b652f3a487a64261e67b69ca4bd659f7cd91c74be37afd64d6187457e8bdc
W3_d1,STRUCT_R2,1,6,574606,1796,0,0,10,2,28,10,6,15,4,12,a54c74b256ab2c5cf00e4072ff680215ee9ddba8ea28d33e07bfd46dd0370227
W7_Q08,STRUCT,1,6,406810,2094,0,0,12,0,28,10,6,15,4,12,d13ad2add4e1d9cb21c441a8963ffbcf5f462a05d4f61331fa56b7c117fe58d1
W4_Q08,ALGSTRUCT,1,6,2947046,13705,8,0,34,1,59,265,13,262,31,35,0d7db8d8f19881c77c6e7cd19e1f9d024ea9973fae56dbdbc00db2eeaa790340
W6_Q01,STRUCT_R1,1,6,265425,1369,0,0,3,2,7,3,6,15,5,5,ef852aa19070a90d167a6fc211683b2bbb6401671f4212d90e23806d1620b62f
W3_d3,STRUCT,1,6,1438727,2353,0,0,12,8,42,16,14,46,8,20,d0de00aa950042ce2df3a1aacd87b83395b88f62201b4b0ee4f6f67dba5bbb2b
W6_Q04,ALGSTRUCT,1,6,410163,1537,0,0,6,2,16,6,6,15,5,8,463695b346924b3ce3bfd76bc311a5cc5d47fb033482cc22912fc407e8f09fdf
W2_Q32,STRUCT,1,6,1923891,3611,0,0,34,2,100,34,6,15,4,36,ead1d2e3154b72c47159b745145cb82392c282dcdeeba0e877b2291c8ed45d37
W7_Q04,STRUCT,1,6,290645,1722,0,0,8,0,16,6,6,15,4,8,64eb05b2d681af147811cd64dc0e11be812cb48952e297a71fcf6d3c013ba4a0
W8_Q32,OFF,1,6,2374351,8832,0,0,45,2,120,195,11,169,63,47,257e33fe42ff72054f90b0755280d3b57f6dc95e0ff488350c7a08c8fa00e255
W5_Q01,STRUCT_R1,1,6,182442,1445,0,0,3,0,3,1,4,10,4,3,7528d1a80da7ce6bed6c3efbaad136c6b237adf54f46f512a5fe79019bfef2ec
W9_Q04,STRUCT_R2,1,6,996453,4945,0,2,6,1,7,112,4,4,1,7,7e3f7232eefdc535f0f8be36c1c724fab7de36a2740821784506d96a09bd30b3
W7_Q32,STRUCT,1,6,1138897,3408,0,0,36,0,100,34,6,15,4,36,6bdf3735d7ed12e047353d97f7fd342934c808ba421573c6cd2474dd612f37b1
W6_Q16,OFF,1,6,805417,2464,0,0,18,2,52,18,6,15,5,20,bb0755604375307ff8e5fd09781b80b224d9ab98fa75fb51387fe44cb24e3726
W8_Q04,STRUCT,1,6,1193249,5684,0,0,17,2,36,167,11,169,63,19,683043cf53c296ea0d43a0c383a5a5aa5dfae2adbc542c677c919239829da206
W2_Q02,OFF,1,6,238628,1481,0,0,4,2,10,4,6,15,4,6,002b88cffa362a25f201c7342c0d49bad4cd7fb10998ad8823a39c11beee6d88
W9_Q32,STRUCT,1,6,5270066,12961,0,0,34,2,38,608,4,4,1,36,f9b4de382a62f7ddf0ae716d829e6d3204b079918eba11b5d003aed0f308e9a0
W9_Q16,STRUCT_R2,1,6,2630606,9000,0,8,18,1,19,304,4,4,1,19,44cdb1eb48242e36e60587a8e97fc1204f774ee018380c18a625f9abe3ce3ce8
W9_Q04,ALGSTRUCT,1,6,992658,4759,0,2,6,1,7,112,4,4,1,7,7e3f7232eefdc535f0f8be36c1c724fab7de36a2740821784506d96a09bd30b3
W1,OFF,1,6,198314,1629,0,0,3,2,7,3,6,15,4,5,4b26ed307e0166f8d1fa59ea1e874899e41c5fd882be9ef62f84eb3685bb70b7
W7_Q02,OFF,1,6,173813,1686,0,0,6,0,10,4,6,15,4,6,b1d2efac79748ca32ad60ca241d894721be3c3795c13e31e47e01dad1cb5a5f1
W9_Q04,OFF,1,6,606791,5129,0,0,6,0,12,192,4,4,1,6,6dad93323aff1013501fa90b58e0e48741ec6d807386799264c78a900e9e11d0
W7_Q16,ALGSTRUCT,1,6,630847,2203,0,0,20,0,52,18,6,15,4,20,352ecf90b67b0a72cf480d5f2990d3ea8f45c0a65a2644e7a858b4f181627dcb
W2_Q16,OFF,1,6,809957,2295,0,0,18,2,52,18,6,15,4,20,f53a43e02a6f7be38b5d23a92cce7a6f0c7e7deac086e97841ea021c93a5a893
W9_Q01,STRUCT_R1,1,6,336458,3668,0,0,3,0,3,48,4,4,1,3,6e63c0dab5f8b29ef9d1440bcd3711746464b7521a4243c8d32e03504a6224d2
W6_Q32,STRUCT,1,6,1906371,3242,0,0,34,2,100,34,6,15,5,36,e27ba2fd4a248e13e86f6fd51f6578ca7bbe37b27fb6c62f3d2e37c16ce58156
W8_Q01,STRUCT_R2,1,6,1037805,5815,0,1,14,2,27,164,11,169,63,16,7b06ec78e125033330eb86a638ef113771be6d17e66ade996d2cadaa30e562a7
W4_Q16,STRUCT_R2,1,6,4741087,26889,0,0,66,2,132,530,22,511,31,68,7fbae5656c303ca065341c5db14fa3ef41fb196c82f59bb1c789e1f7b78b0f7a
W9_Q08,STRUCT,1,6,1577190,6759,0,0,10,2,14,224,4,4,1,12,4c97cc82f3dbf6bc2a6de325d199b0cb65ffca732846069f84ea5618bb19fcfd
W4_Q32,STRUCT,1,6,9888114,76037,0,0,130,2,260,1058,38,1007,31,132,068ad024181661f75503372002890dd704cd730c5fc591fd65590a6d532c145d
W2_Q32,STRUCT_R2,1,6,1908316,3574,0,0,34,2,100,34,6,15,4,36,ead1d2e3154b72c47159b745145cb82392c282dcdeeba0e877b2291c8ed45d37
W6_Q02,STRUCT,1,6,315053,1648,0,0,4,2,10,4,6,15,5,6,d26b7c6c44eb2ae1342ad0eacde318e4485f70f1e0c22f44dc171d7c0f11f2c5
W5_Q16,ALGSTRUCT,1,6,1057880,4852,0,0,48,0,48,16,34,130,4,48,15f4ec0f61204d6ef15a655140c1c86c7248fc9deed8e4c09ef3081b8b94fb64
W7_Q02,STRUCT,1,6,246109,1518,0,0,6,0,10,4,6,15,4,6,b1d2efac79748ca32ad60ca241d894721be3c3795c13e31e47e01dad1cb5a5f1
W6_Q02,ALGSTRUCT,1,6,316257,1259,0,0,4,2,10,4,6,15,5,6,d26b7c6c44eb2ae1342ad0eacde318e4485f70f1e0c22f44dc171d7c0f11f2c5
W8_Q02,OFF,1,6,845400,5148,0,0,15,2,30,165,11,169,63,17,ab8e72a97eeddaf640fa9d87846837b35913b3b9a7916818e4653a499fd7cc9a
W2_Q01,STRUCT_R2,1,6,259165,1481,0,0,3,2,7,3,6,15,4,5,fb4f50a52888382fd35dda056767f1188dd59b0b7db5fbe2928a5afbf6bf9f5b
W4_Q08,STRUCT,1,6,2360589,13519,0,0,34,2,68,266,14,263,31,36,310b652f3a487a64261e67b69ca4bd659f7cd91c74be37afd64d6187457e8bdc
W2_Q01,OFF,1,6,199275,1371,0,0,3,2,7,3,6,15,4,5,fb4f50a52888382fd35dda056767f1188dd59b0b7db5fbe2928a5afbf6bf9f5b
W3_d3,STRUCT_R2,1,6,1411451,2500,0,0,12,8,42,16,14,46,8,20,d0de00aa950042ce2df3a1aacd87b83395b88f62201b4b0ee4f6f67dba5bbb2b
W6_Q04,OFF,1,6,316534,1574,0,0,6,2,16,6,6,15,5,8,463695b346924b3ce3bfd76bc311a5cc5d47fb033482cc22912fc407e8f09fdf
W4_Q01,STRUCT_R1,1,6,486033,2370,1,0,6,1,10,34,6,45,31,7,2a2742010b3f20f3e0b7616f059bcf47256e350d22af5b1d3a055aa5eee736e9
W7_Q08,STRUCT_R2,1,6,401866,1797,0,0,12,0,28,10,6,15,4,12,d13ad2add4e1d9cb21c441a8963ffbcf5f462a05d4f61331fa56b7c117fe58d1
W6_Q01,STRUCT,1,6,264293,1741,0,0,3,2,7,3,6,15,5,5,ef852aa19070a90d167a6fc211683b2bbb6401671f4212d90e23806d1620b62f
W5_Q32,ALGSTRUCT,1,6,2120017,9520,0,0,96,0,96,32,66,258,4,96,ad908136f049b66ae4b1e1c3f252d7a2ebead009fab3f7177d4babd24fcbec6a
W6_Q08,OFF,1,6,459459,2111,0,0,10,2,28,10,6,15,5,12,0d426ef82e54bf37e16bebf86ad11b160059eb28202264ca816d50ab17a2aa06
W8_Q32,ALGSTRUCT,1,6,3930317,7777,32,1,45,1,87,194,10,168,63,46,45e69b1796e998f7df6d485c516cc0751375b53ec01f0a7673d473a9ec217a0e
W6_Q32,STRUCT_R2,1,6,1857778,2983,0,0,34,2,100,34,6,15,5,36,e27ba2fd4a248e13e86f6fd51f6578ca7bbe37b27fb6c62f3d2e37c16ce58156
W4_Q01,ALGSTRUCT,1,6,492682,2499,1,0,6,1,10,34,6,45,31,7,2a2742010b3f20f3e0b7616f059bcf47256e350d22af5b1d3a055aa5eee736e9
W5_Q32,STRUCT_R2,1,6,2016240,10001,0,0,96,0,96,32,66,258,4,96,ad908136f049b66ae4b1e1c3f252d7a2ebead009fab3f7177d4babd24fcbec6a
W3_d3,ALGSTRUCT,1,6,1414007,2018,10,0,12,5,29,13,11,43,8,17,16f1a8e88d7f920d91f3a177d0789d4761bf8768a0ac71ebce1f9f2282714954
W4_Q32,OFF,1,6,8828050,67796,0,0,130,2,260,1058,38,1007,31,132,068ad024181661f75503372002890dd704cd730c5fc591fd65590a6d532c145d
W8_Q02,STRUCT_R2,1,6,1056434,5204,0,1,15,2,30,165,11,169,63,17,ab8e72a97eeddaf640fa9d87846837b35913b3b9a7916818e4653a499fd7cc9a
W6_Q04,STRUCT_R1,1,6,408534,1647,0,0,6,2,16,6,6,15,5,8,463695b346924b3ce3bfd76bc311a5cc5d47fb033482cc22912fc407e8f09fdf
W7_Q16,STRUCT,1,6,633735,2241,0,0,20,0,52,18,6,15,4,20,352ecf90b67b0a72cf480d5f2990d3ea8f45c0a65a2644e7a858b4f181627dcb
W4_Q01,STRUCT,1,6,444239,2313,0,0,6,2,12,35,7,46,31,8,c1c4e28384d704fc6572f4a795b1b9dcd23dd585446058743d09154ee63f83a5
W6_Q01,OFF,1,6,197259,1387,0,0,3,2,7,3,6,15,5,5,ef852aa19070a90d167a6fc211683b2bbb6401671f4212d90e23806d1620b62f
W8_Q02,STRUCT,1,6,1063806,5851,0,0,15,2,30,165,11,169,63,17,ab8e72a97eeddaf640fa9d87846837b35913b3b9a7916818e4653a499fd7cc9a
W5_Q08,ALGSTRUCT,1,6,541755,2574,0,0,24,0,24,8,18,66,4,24,1ec99f8159a9bf9f7216cbde66142ab941580d932ab53b67181d9941e08515a5
W9_Q02,OFF,1,6,344014,4408,0,0,4,0,6,96,4,4,1,4,f59554bf6b558dac39020afcdc9d3261e3c200f0f612cb6818827b31bbda0408
W5_Q04,ALGSTRUCT,1,6,322645,1815,0,0,12,0,12,4,10,34,4,12,233b80e0525d1c617459998a8c1e1bc9855a2c2b10f43c6fd42648b8adae0248
W4_Q02,STRUCT_R1,1,6,785197,3537,2,0,10,1,17,67,7,76,31,11,056c94f2139c9e918446fe4f786e56b203a4febdd7cdb7d162e2b0323db5a772
W3_d2,STRUCT_R2,1,6,967917,2204,0,0,11,5,35,13,10,29,5,16,bb512a3ef0db77c97656c90a9544f5958e4b52748f6a43bfdbc34ec450c82e91
W4_Q32,STRUCT_R1,1,6,18368557,56611,32,0,130,1,227,1057,37,1006,31,131,4a5be56a553c6df341c1f260562041444c20a964d5f4f3916c7966ddd0bae2e9
W6_Q32,OFF,1,6,1586300,3278,0,0,34,2,100,34,6,15,5,36,e27ba2fd4a248e13e86f6fd51f6578ca7bbe37b27fb6c62f3d2e37c16ce58156
W8_Q16,STRUCT_R2,1,6,1850465,6962,0,1,29,2,72,179,11,169,63,31,75d1b16c15c201143eb0f00e84429326ead193544062ed0323b47e7914fd575d
W6_Q08,ALGSTRUCT,1,6,592050,1796,0,0,10,2,28,10,6,15,5,12,0d426ef82e54bf37e16bebf86ad11b160059eb28202264ca816d50ab17a2aa06
W9_Q01,OFF,1,6,228886,3630,0,0,3,0,3,48,4,4,1,3,6e63c0dab5f8b29ef9d1440bcd3711746464b7521a4243c8d32e03504a6224d2
W9_Q32,STRUCT_R2,1,6,5081213,14001,0,16,34,1,35,560,4,4,1,35,678046e55883cc9fe207429daab5f5da66bcc2178ee01574697097ddff7f102c
W3_d1,STRUCT_R1,1,6,585774,1573,8,0,10,1,19,9,5,14,4,11,51eaee63f5c885c3fa7e71093e89c7ff61bea1c09d51d95c588c39ddf452f383
W8_Q02,ALGSTRUCT,1,6,1162195,5387,2,1,15,1,27,164,10,168,63,16,652ea2e2db2a8b59e1a2373d0aa09bb6194a7176cb3cd104297a14f7ef235e6b
W3_d3,OFF,1,6,1202841,2611,0,0,12,8,42,16,14,46,8,20,d0de00aa950042ce2df3a1aacd87b83395b88f62201b4b0ee4f6f67dba5bbb2b
W6_Q32,STRUCT_R1,1,6,1953243,3462,0,0,34,2,100,34,6,15,5,36,e27ba2fd4a248e13e86f6fd51f6578ca7bbe37b27fb6c62f3d2e37c16ce58156
W5_Q32,OFF,1,6,1863964,9649,0,0,96,0,96,32,66,258,4,96,ad908136f049b66ae4b1e1c3f252d7a2ebead009fab3f7177d4babd24fcbec6a
W4_Q02,ALGSTRUCT,1,6,777197,3185,2,0,10,1,17,67,7,76,31,11,056c94f2139c9e918446fe4f786e56b203a4febdd7cdb7d162e2b0323db5a772
W9_Q04,STRUCT_R1,1,6,1105267,6445,0,0,6,2,10,160,4,4,1,8,a25fcd6d9b6930c5a5e472a5d4b9da9d0423cec22fe64a49a0e3364286ad6c7b
W5_Q01,STRUCT,1,6,180331,1519,0,0,3,0,3,1,4,10,4,3,7528d1a80da7ce6bed6c3efbaad136c6b237adf54f46f512a5fe79019bfef2ec
W6_Q01,STRUCT_R2,1,6,254663,1464,0,0,3,2,7,3,6,15,5,5,ef852aa19070a90d167a6fc211683b2bbb6401671f4212d90e23806d1620b62f
W7_Q08,OFF,1,6,302885,2223,0,0,12,0,28,10,6,15,4,12,d13ad2add4e1d9cb21c441a8963ffbcf5f462a05d4f61331fa56b7c117fe58d1
W6_Q02,OFF,1,6,240888,1351,0,0,4,2,10,4,6,15,5,6,d26b7c6c44eb2ae1342ad0eacde318e4485f70f1e0c22f44dc171d7c0f11f2c5
W5_Q32,STRUCT_R1,1,6,2076131,10850,0,0,96,0,96,32,66,258,4,96,ad908136f049b66ae4b1e1c3f252d7a2ebead009fab3f7177d4babd24fcbec6a
W5_Q08,STRUCT_R2,1,6,520772,2427,0,0,24,0,24,8,18,66,4,24,1ec99f8159a9bf9f7216cbde66142ab941580d932ab53b67181d9941e08515a5
W9_Q16,OFF,1,6,1756854,9185,0,0,18,0,48,768,4,4,1,18,43b7f4efcb619e6e3fc5fc66e7827f4bb8130a24a5905f5ce4efe6114dbfdbd3
W1,ALGSTRUCT,1,6,274499,1258,1,0,3,1,5,2,5,14,4,4,ddbc64bc70e115337e04b3ee4eac0b96e81aea703c916cfeea2e2366190e3210
W8_Q08,OFF,1,6,1192915,5982,0,0,21,2,48,171,11,169,63,23,6202056e7f9106d89fc2c03650e5a38d69f704cc369ba9e689bf413e5f7173e1
W4_Q02,OFF,1,6,579160,3872,0,0,10,2,20,68,8,77,31,12,c082fb0620ac05b05065135ca996c9564b57d8a79b47964aa54b86c16cd0659f
W4_Q08,STRUCT_R1,1,6,3003270,13129,8,0,34,1,59,265,13,262,31,35,0d7db8d8f19881c77c6e7cd19e1f9d024ea9973fae56dbdbc00db2eeaa790340
W8_Q04,OFF,1,6,963954,5704,0,0,17,2,36,167,11,169,63,19,683043cf53c296ea0d43a0c383a5a5aa5dfae2adbc542c677c919239829da206
W2_Q04,STRUCT,1,6,405719,1592,0,0,6,2,16,6,6,15,4,8,b8312387bf162a1452336c9e9e40ef1298c4a5b22cc87b54f4215f6e91104b3c
W4_Q04,ALGSTRUCT,1,6,1460080,6425,4,0,18,1,31,133,9,138,31,19,fc880fdc081349aa9e95db821628814a11fa6271dfea15fd511d230a5fbbf819
W8_Q02,STRUCT_R1,1,6,1164305,5370,2,0,15,1,27,164,10,168,63,16,652ea2e2db2a8b59e1a2373d0aa09bb6194a7176cb3cd104297a14f7ef235e6b
W9_Q32,STRUCT_R1,1,6,5179695,13296,0,0,34,2,38,608,4,4,1,36,f9b4de382a62f7ddf0ae716d829e6d3204b079918eba11b5d003aed0f308e9a0
W9_Q01,STRUCT_R2,1,6,342644,4075,0,0,3,0,3,48,4,4,1,3,6e63c0dab5f8b29ef9d1440bcd3711746464b7521a4243c8d32e03504a6224d2
W6_Q01,ALGSTRUCT,1,6,264257,1333,0,0,3,2,7,3,6,15,5,5,ef852aa19070a90d167a6fc211683b2bbb6401671f4212d90e23806d1620b62f
W7_Q01,STRUCT_R2,1,6,219091,1444,0,0,5,0,7,3,6,15,4,5,70f8123fffd2af37d12a00e22d9841098c66a489d4953aae174ab2cb5014e5d7
W3_d1,OFF,1,6,459329,1907,0,0,10,2,28,10,6,15,4,12,a54c74b256ab2c5cf00e4072ff680215ee9ddba8ea28d33e07bfd46dd0370227
W5_Q02,STRUCT,1,6,222313,1907,0,0,6,0,6,2,6,18,4,6,e7741c936508103b2af3b934e316124eac7bac4773e716fb634bafee4047c0e4
W7_Q04,OFF,1,6,211998,1908,0,0,8,0,16,6,6,15,4,8,64eb05b2d681af147811cd64dc0e11be812cb48952e297a71fcf6d3c013ba4a0
W2_Q02,STRUCT_R1,1,6,316738,1370,2,0,4,1,7,3,5,14,4,5,d8adac9423435c6f23a5e314f4d31430db516714fee41508dcac1bc6af0e6f0c
W3_d1,STRUCT,1,6,593494,2093,0,0,10,2,28,10,6,15,4,12,a54c74b256ab2c5cf00e4072ff680215ee9ddba8ea28d33e07bfd46dd0370227
W7_Q32,STRUCT_R2,1,6,1126269,3221,0,0,36,0,100,34,6,15,4,36,6bdf3735d7ed12e047353d97f7fd342934c808ba421573c6cd2474dd612f37b1
W4_Q16,OFF,1,6,4266961,27500,0,0,66,2,132,530,22,511,31,68,7fbae5656c303ca065341c5db14fa3ef41fb196c82f59bb1c789e1f7b78b0f7a
W6_Q04,STRUCT,1,6,405959,1574,0,0,6,2,16,6,6,15,5,8,463695b346924b3ce3bfd76bc311a5cc5d47fb033482cc22912fc407e8f09fdf
W5_Q16,STRUCT_R1,1,6,1028140,4240,0,0,48,0,48,16,34,130,4,48,15f4ec0f61204d6ef15a655140c1c86c7248fc9deed8e4c09ef3081b8b94fb64
W2_Q02,STRUCT_R2,1,6,307052,1390,0,0,4,2,10,4,6,15,4,6,002b88cffa362a25f201c7342c0d49bad4cd7fb10998ad8823a39c11beee6d88
W3_d2,STRUCT,1,6,965807,2277,0,0,11,5,35,13,10,29,5,16,bb512a3ef0db77c97656c90a9544f5958e4b52748f6a43bfdbc34ec450c82e91
W9_Q16,ALGSTRUCT,1,6,2663532,8925,0,8,18,1,19,304,4,4,1,19,44cdb1eb48242e36e60587a8e97fc1204f774ee018380c18a625f9abe3ce3ce8
W9_Q01,ALGSTRUCT,1,6,347756,3685,0,0,3,0,3,48,4,4,1,3,6e63c0dab5f8b29ef9d1440bcd3711746464b7521a4243c8d32e03504a6224d2
W5_Q04,STRUCT_R2,1,6,310053,1759,0,0,12,0,12,4,10,34,4,12,233b80e0525d1c617459998a8c1e1bc9855a2c2b10f43c6fd42648b8adae0248
W2_Q01,STRUCT_R1,1,6,273517,1444,1,0,3,1,5,2,5,14,4,4,2474f5c3c44c2292e8653ad95f4f21ec80fa6c72b730d7761807baa6c04c0270
W5_Q02,STRUCT_R1,1,6,225980,1278,0,0,6,0,6,2,6,18,4,6,e7741c936508103b2af3b934e316124eac7bac4773e716fb634bafee4047c0e4
W7_Q01,OFF,1,6,152239,1593,0,0,5,0,7,3,6,15,4,5,70f8123fffd2af37d12a00e22d9841098c66a489d4953aae174ab2cb5014e5d7
W8_Q32,STRUCT_R2,1,6,2853772,8795,0,1,45,2,120,195,11,169,63,47,257e33fe42ff72054f90b0755280d3b57f6dc95e0ff488350c7a08c8fa00e255
W7_Q04,STRUCT_R1,1,6,292350,1388,0,0,8,0,16,6,6,15,4,8,64eb05b2d681af147811cd64dc0e11be812cb48952e297a71fcf6d3c013ba4a0
W9_Q04,STRUCT,1,6,1139010,6184,0,0,6,2,10,160,4,4,1,8,a25fcd6d9b6930c5a5e472a5d4b9da9d0423cec22fe64a49a0e3364286ad6c7b
W2_Q16,STRUCT,1,6,1000806,2314,0,0,18,2,52,18,6,15,4,20,f53a43e02a6f7be38b5d23a92cce7a6f0c7e7deac086e97841ea021c93a5a893
W6_Q04,STRUCT_R2,1,6,397904,1648,0,0,6,2,16,6,6,15,5,8,463695b346924b3ce3bfd76bc311a5cc5d47fb033482cc22912fc407e8f09fdf
W8_Q04,STRUCT_R2,1,6,1192915,6167,0,1,17,2,36,167,11,169,63,19,683043cf53c296ea0d43a0c383a5a5aa5dfae2adbc542c677c919239829da206
W5_Q08,STRUCT,1,6,535901,3112,0,0,24,0,24,8,18,66,4,24,1ec99f8159a9bf9f7216cbde66142ab941580d932ab53b67181d9941e08515a5
W5_Q16,STRUCT_R2,1,6,984215,5110,0,0,48,0,48,16,34,130,4,48,15f4ec0f61204d6ef15a655140c1c86c7248fc9deed8e4c09ef3081b8b94fb64
W4_Q02,STRUCT,1,6,702309,4055,0,0,10,2,20,68,8,77,31,12,c082fb0620ac05b05065135ca996c9564b57d8a79b47964aa54b86c16cd0659f
W5_Q02,OFF,1,6,158128,1760,0,0,6,0,6,2,6,18,4,6,e7741c936508103b2af3b934e316124eac7bac4773e716fb634bafee4047c0e4
W3_d2,OFF,1,6,790824,2150,0,0,11,5,35,13,10,29,5,16,bb512a3ef0db77c97656c90a9544f5958e4b52748f6a43bfdbc34ec450c82e91
W4_Q16,ALGSTRUCT,1,6,7097899,25926,16,0,66,1,115,529,21,510,31,67,c4cb6b036cc3a61a0d0502a6d94307b09dd7e159ba9b445a83ebed14f5c8ebe1
W3_d2,STRUCT_R1,1,6,971511,1907,9,0,11,3,24,11,8,27,5,14,b3a60a0bc9bb1633f8ca67743fa2b43eea5f58f8a512cbf173b181d8c20dfa68
W8_Q16,STRUCT,1,6,1847946,6445,0,0,29,2,72,179,11,169,63,31,75d1b16c15c201143eb0f00e84429326ead193544062ed0323b47e7914fd575d
W5_Q01,ALGSTRUCT,1,6,183980,1259,0,0,3,0,3,1,4,10,4,3,7528d1a80da7ce6bed6c3efbaad136c6b237adf54f46f512a5fe79019bfef2ec
W9_Q32,OFF,1,6,3469654,15741,0,0,34,0,96,1536,4,4,1,34,13dfd65212c03f91a3168cac28f16ba616ce21a6c4d7fb7bf5b25f0167fbc71b
W5_Q04,OFF,1,6,243756,2093,0,0,12,0,12,4,10,34,4,12,233b80e0525d1c617459998a8c1e1bc9855a2c2b10f43c6fd42648b8adae0248
W6_Q32,ALGSTRUCT,1,6,1973540,3943,0,0,34,2,100,34,6,15,5,36,e27ba2fd4a248e13e86f6fd51f6578ca7bbe37b27fb6c62f3d2e37c16ce58156
W8_Q16,OFF,1,6,1534300,6945,0,0,29,2,72,179,11,169,63,31,75d1b16c15c201143eb0f00e84429326ead193544062ed0323b47e7914fd575d
W7_Q16,OFF,1,6,483901,2428,0,0,20,0,52,18,6,15,4,20,352ecf90b67b0a72cf480d5f2990d3ea8f45c0a65a2644e7a858b4f181627dcb
W1,STRUCT_R1,1,6,270664,1278,1,0,3,1,5,2,5,14,4,4,ddbc64bc70e115337e04b3ee4eac0b96e81aea703c916cfeea2e2366190e3210
W2_Q08,OFF,1,6,462459,1704,0,0,10,2,28,10,6,15,4,12,e121069670786ba8fbe3100d624a17638d4611a34b02647058710f2e3db6a9c9
W5_Q04,STRUCT,1,6,313108,2334,0,0,12,0,12,4,10,34,4,12,233b80e0525d1c617459998a8c1e1bc9855a2c2b10f43c6fd42648b8adae0248
W4_Q32,STRUCT_R2,1,6,9802449,69814,0,0,130,2,260,1058,38,1007,31,132,068ad024181661f75503372002890dd704cd730c5fc591fd65590a6d532c145d
W8_Q16,ALGSTRUCT,1,6,2202740,6407,16,1,29,1,55,178,10,168,63,30,d68e12eaec95eadd08fb1ce8e6c0dcfc893de77e4c3d4f5a64bb4b4ee29b64b3
W5_Q02,ALGSTRUCT,1,6,223498,1334,0,0,6,0,6,2,6,18,4,6,e7741c936508103b2af3b934e316124eac7bac4773e716fb634bafee4047c0e4
W4_Q01,STRUCT_R2,1,6,440348,2444,0,0,6,2,12,35,7,46,31,8,c1c4e28384d704fc6572f4a795b1b9dcd23dd585446058743d09154ee63f83a5
W5_Q01,STRUCT_R2,1,6,180333,1166,0,0,3,0,3,1,4,10,4,3,7528d1a80da7ce6bed6c3efbaad136c6b237adf54f46f512a5fe79019bfef2ec
W2_Q02,ALGSTRUCT,1,6,322090,1500,2,0,4,1,7,3,5,14,4,5,d8adac9423435c6f23a5e314f4d31430db516714fee41508dcac1bc6af0e6f0c
W2_Q08,ALGSTRUCT,1,6,583624,1704,8,0,10,1,19,9,5,14,4,11,28ef291bdbdabd5779860a9dac095bdb774cc930b18dec6f9c7bf13df75550d2
W2_Q32,STRUCT_R1,1,6,2230017,3352,32,0,34,1,67,33,5,14,4,35,aa6152b6f2b2227ea71db0831b5f58d2dce2bdcb6db5c4bb5d1fb235d1201ed1
W8_Q04,STRUCT_R1,1,6,1290582,5092,4,0,17,1,31,166,10,168,63,18,1ff2b9471d9cd2dd9078b74afc728460463e46c3102cf6da6b805d7f73e4899a
W2_Q01,STRUCT,1,6,259850,1537,0,0,3,2,7,3,6,15,4,5,fb4f50a52888382fd35dda056767f1188dd59b0b7db5fbe2928a5afbf6bf9f5b
W3_d2,ALGSTRUCT,1,6,987195,2259,9,0,11,3,24,11,8,27,5,14,b3a60a0bc9bb1633f8ca67743fa2b43eea5f58f8a512cbf173b181d8c20dfa68
W8_Q32,STRUCT,1,6,2906250,9983,0,0,45,2,120,195,11,169,63,47,257e33fe42ff72054f90b0755280d3b57f6dc95e0ff488350c7a08c8fa00e255
W9_Q08,STRUCT_R2,1,6,1464691,6370,0,4,10,1,11,176,4,4,1,11,f0aee4c6a6b6511ecbc27f2fc4ef3f688cd044d5f143461208ceed4e1cea64ae
W8_Q08,STRUCT_R1,1,6,1624283,5925,8,0,21,1,39,170,10,168,63,22,dfb50a16d91192e00318e4ac61c06d5403d37554d2e61726115b9e5e96a90617
W4_Q32,ALGSTRUCT,1,6,18456002,56833,32,0,130,1,227,1057,37,1006,31,131,4a5be56a553c6df341c1f260562041444c20a964d5f4f3916c7966ddd0bae2e9
W9_Q08,ALGSTRUCT,1,6,1469098,6760,0,4,10,1,11,176,4,4,1,11,f0aee4c6a6b6511ecbc27f2fc4ef3f688cd044d5f143461208ceed4e1cea64ae
W8_Q01,STRUCT,1,6,1021677,6499,0,0,14,2,27,164,11,169,63,16,7b06ec78e125033330eb86a638ef113771be6d17e66ade996d2cadaa30e562a7
W4_Q08,STRUCT_R2,1,6,2297905,13445,0,0,34,2,68,266,14,263,31,36,310b652f3a487a64261e67b69ca4bd659f7cd91c74be37afd64d6187457e8bdc
W8_Q08,STRUCT,1,6,1471303,6555,0,0,21,2,48,171,11,169,63,23,6202056e7f9106d89fc2c03650e5a38d69f704cc369ba9e689bf413e5f7173e1
W3_d3,STRUCT_R1,1,6,1403781,2428,10,0,12,5,29,13,11,43,8,17,16f1a8e88d7f920d91f3a177d0789d4761bf8768a0ac71ebce1f9f2282714954
W9_Q16,STRUCT,1,6,2812234,8667,0,0,18,2,22,352,4,4,1,20,ff9866380da95df98e4375770d21fe162b02c0b8b05b75e939b18d0d711c4c04
W7_Q32,ALGSTRUCT,1,6,1182915,3741,0,0,36,0,100,34,6,15,4,36,6bdf3735d7ed12e047353d97f7fd342934c808ba421573c6cd2474dd612f37b1
W6_Q16,STRUCT,1,6,986674,2594,0,0,18,2,52,18,6,15,5,20,bb0755604375307ff8e5fd09781b80b224d9ab98fa75fb51387fe44cb24e3726
W2_Q32,OFF,1,6,1567504,3075,0,0,34,2,100,34,6,15,4,36,ead1d2e3154b72c47159b745145cb82392c282dcdeeba0e877b2291c8ed45d37
W7_Q01,ALGSTRUCT,1,6,223518,1462,0,0,5,0,7,3,6,15,4,5,70f8123fffd2af37d12a00e22d9841098c66a489d4953aae174ab2cb5014e5d7
W4_Q16,STRUCT_R1,1,6,7078326,25926,16,0,66,1,115,529,21,510,31,67,c4cb6b036cc3a61a0d0502a6d94307b09dd7e159ba9b445a83ebed14f5c8ebe1
W7_Q16,STRUCT_R2,1,6,606624,2426,0,0,20,0,52,18,6,15,4,20,352ecf90b67b0a72cf480d5f2990d3ea8f45c0a65a2644e7a858b4f181627dcb
W6_Q02,STRUCT_R2,1,6,309628,1554,0,0,4,2,10,4,6,15,5,6,d26b7c6c44eb2ae1342ad0eacde318e4485f70f1e0c22f44dc171d7c0f11f2c5
W2_Q16,STRUCT_R2,1,6,988454,2129,0,0,18,2,52,18,6,15,4,20,f53a43e02a6f7be38b5d23a92cce7a6f0c7e7deac086e97841ea021c93a5a893
W7_Q02,ALGSTRUCT,1,6,249202,1277,0,0,6,0,10,4,6,15,4,6,b1d2efac79748ca32ad60ca241d894721be3c3795c13e31e47e01dad1cb5a5f1
W2_Q04,STRUCT_R1,1,6,410941,1537,4,0,6,1,11,5,5,14,4,7,e3e1c95caf3c6465ad04568b51f69fe26be853a4ad44521756f63edd123351f8
W9_Q32,ALGSTRUCT,1,6,5105252,14017,0,16,34,1,35,560,4,4,1,35,678046e55883cc9fe207429daab5f5da66bcc2178ee01574697097ddff7f102c
W9_Q02,STRUCT,1,6,490828,4001,0,0,4,0,6,96,4,4,1,4,f59554bf6b558dac39020afcdc9d3261e3c200f0f612cb6818827b31bbda0408
W8_Q01,OFF,1,6,806399,5557,0,0,14,2,27,164,11,169,63,16,7b06ec78e125033330eb86a638ef113771be6d17e66ade996d2cadaa30e562a7
W8_Q32,STRUCT_R1,1,6,3816688,8055,32,0,45,1,87,194,10,168,63,46,45e69b1796e998f7df6d485c516cc0751375b53ec01f0a7673d473a9ec217a0e
W6_Q16,ALGSTRUCT,1,6,1028732,2500,0,0,18,2,52,18,6,15,5,20,bb0755604375307ff8e5fd09781b80b224d9ab98fa75fb51387fe44cb24e3726
W8_Q04,ALGSTRUCT,1,6,1287728,6019,4,1,17,1,31,166,10,168,63,18,1ff2b9471d9cd2dd9078b74afc728460463e46c3102cf6da6b805d7f73e4899a
W5_Q32,STRUCT,1,6,2008166,9223,0,0,96,0,96,32,66,258,4,96,ad908136f049b66ae4b1e1c3f252d7a2ebead009fab3f7177d4babd24fcbec6a
W1,STRUCT,1,6,261166,1425,0,0,3,2,7,3,6,15,4,5,4b26ed307e0166f8d1fa59ea1e874899e41c5fd882be9ef62f84eb3685bb70b7
W9_Q08,STRUCT_R1,1,6,1581041,6389,0,0,10,2,14,224,4,4,1,12,4c97cc82f3dbf6bc2a6de325d199b0cb65ffca732846069f84ea5618bb19fcfd
W2_Q08,STRUCT_R2,1,6,579605,1963,0,0,10,2,28,10,6,15,4,12,e121069670786ba8fbe3100d624a17638d4611a34b02647058710f2e3db6a9c9
W9_Q02,ALGSTRUCT,1,6,631364,3852,0,1,4,1,5,80,4,4,1,5,a250745debd6fd7cf3585f94dfa2ad7178c8b7c572e5ce15f0467c48475c0e9a
W6_Q02,STRUCT_R1,1,6,315517,1647,0,0,4,2,10,4,6,15,5,6,d26b7c6c44eb2ae1342ad0eacde318e4485f70f1e0c22f44dc171d7c0f11f2c5
W6_Q16,STRUCT_R1,1,6,1010824,2111,0,0,18,2,52,18,6,15,5,20,bb0755604375307ff8e5fd09781b80b224d9ab98fa75fb51387fe44cb24e3726
W2_Q04,OFF,1,6,316795,1813,0,0,6,2,16,6,6,15,4,8,b8312387bf162a1452336c9e9e40ef1298c4a5b22cc87b54f4215f6e91104b3c
W2_Q08,STRUCT,1,6,588365,1963,0,0,10,2,28,10,6,15,4,12,e121069670786ba8fbe3100d624a17638d4611a34b02647058710f2e3db6a9c9
W7_Q08,STRUCT_R1,1,6,412459,1760,0,0,12,0,28,10,6,15,4,12,d13ad2add4e1d9cb21c441a8963ffbcf5f462a05d4f61331fa56b7c117fe58d1
W2_Q02,STRUCT,1,6,309424,1851,0,0,4,2,10,4,6,15,4,6,002b88cffa362a25f201c7342c0d49bad4cd7fb10998ad8823a39c11beee6d88
W2_Q08,STRUCT_R1,1,6,582254,1704,8,0,10,1,19,9,5,14,4,11,28ef291bdbdabd5779860a9dac095bdb774cc930b18dec6f9c7bf13df75550d2
W6_Q08,STRUCT_R2,1,6,569105,1704,0,0,10,2,28,10,6,15,5,12,0d426ef82e54bf37e16bebf86ad11b160059eb28202264ca816d50ab17a2aa06
W7_Q16,STRUCT_R1,1,6,626641,2205,0,0,20,0,52,18,6,15,4,20,352ecf90b67b0a72cf480d5f2990d3ea8f45c0a65a2644e7a858b4f181627dcb
W2_Q04,ALGSTRUCT,1,6,407015,1481,4,0,6,1,11,5,5,14,4,7,e3e1c95caf3c6465ad04568b51f69fe26be853a4ad44521756f63edd123351f8
W4_Q04,OFF,1,6,1078880,7203,0,0,18,2,36,134,10,139,31,20,fd25718cb278dfe33c1131161ba4977814e08de24bd73801325a42bf895b4b90
W5_Q04,STRUCT_R1,1,6,321367,1760,0,0,12,0,12,4,10,34,4,12,233b80e0525d1c617459998a8c1e1bc9855a2c2b10f43c6fd42648b8adae0248
W7_Q01,STRUCT,1,6,221109,1445,0,0,5,0,7,3,6,15,4,5,70f8123fffd2af37d12a00e22d9841098c66a489d4953aae174ab2cb5014e5d7
W9_Q01,STRUCT,1,6,344387,4258,0,0,3,0,3,48,4,4,1,3,6e63c0dab5f8b29ef9d1440bcd3711746464b7521a4243c8d32e03504a6224d2
W5_Q16,OFF,1,6,871158,4871,0,0,48,0,48,16,34,130,4,48,15f4ec0f61204d6ef15a655140c1c86c7248fc9deed8e4c09ef3081b8b94fb64
W7_Q02,STRUCT_R1,1,6,246925,1369,0,0,6,0,10,4,6,15,4,6,b1d2efac79748ca32ad60ca241d894721be3c3795c13e31e47e01dad1cb5a5f1
W5_Q16,STRUCT,1,6,982509,5556,0,0,48,0,48,16,34,130,4,48,15f4ec0f61204d6ef15a655140c1c86c7248fc9deed8e4c09ef3081b8b94fb64
W2_Q01,ALGSTRUCT,1,6,271851,1351,1,0,3,1,5,2,5,14,4,4,2474f5c3c44c2292e8653ad95f4f21ec80fa6c72b730d7761807baa6c04c0270
W7_Q32,STRUCT_R1,1,6,1177824,3573,0,0,36,0,100,34,6,15,4,36,6bdf3735d7ed12e047353d97f7fd342934c808ba421573c6cd2474dd612f37b1
W9_Q08,OFF,1,6,931306,5315,0,0,10,0,24,384,4,4,1,10,ae43d04dfb0cf7afbfdc83558714cd1da89c64e7c6d49325a19de9764156762a
W3_d1,ALGSTRUCT,1,6,583253,1667,8,0,10,1,19,9,5,14,4,11,51eaee63f5c885c3fa7e71093e89c7ff61bea1c09d51d95c588c39ddf452f383
W4_Q01,OFF,1,6,365053,2666,0,0,6,2,12,35,7,46,31,8,c1c4e28384d704fc6572f4a795b1b9dcd23dd585446058743d09154ee63f83a5
W4_Q02,STRUCT_R2,1,6,688474,3760,0,0,10,2,20,68,8,77,31,12,c082fb0620ac05b05065135ca996c9564b57d8a79b47964aa54b86c16cd0659f
W6_Q08,STRUCT,1,6,587014,1796,0,0,10,2,28,10,6,15,5,12,0d426ef82e54bf37e16bebf86ad11b160059eb28202264ca816d50ab17a2aa06
W7_Q04,STRUCT_R2,1,6,287591,1721,0,0,8,0,16,6,6,15,4,8,64eb05b2d681af147811cd64dc0e11be812cb48952e297a71fcf6d3c013ba4a0
W9_Q16,STRUCT_R1,1,6,2759364,9074,0,0,18,2,22,352,4,4,1,20,ff9866380da95df98e4375770d21fe162b02c0b8b05b75e939b18d0d711c4c04
W2_Q16,STRUCT_R1,1,6,1045695,2240,16,0,18,1,35,17,5,14,4,19,6874ea3fe8a08c7af5d8752f9a4557e5d01bc066a937913a1e427661cbb540c4
W2_Q04,STRUCT_R2,1,6,402386,1592,0,0,6,2,16,6,6,15,4,8,b8312387bf162a1452336c9e9e40ef1298c4a5b22cc87b54f4215f6e91104b3c
W8_Q01,STRUCT_R1,1,6,1100545,6389,1,0,14,1,25,163,10,168,63,15,fdd35fe24122be542f9944d55e73c67d2cd28afd3fd1ff25e723a080e5d2dad8
W4_Q04,STRUCT,1,6,1248210,7149,0,0,18,2,36,134,10,139,31,20,fd25718cb278dfe33c1131161ba4977814e08de24bd73801325a42bf895b4b90
W2_Q16,ALGSTRUCT,1,6,1060749,2167,16,0,18,1,35,17,5,14,4,19,6874ea3fe8a08c7af5d8752f9a4557e5d01bc066a937913a1e427661cbb540c4
W7_Q02,STRUCT_R2,1,6,244625,1317,0,0,6,0,10,4,6,15,4,6,b1d2efac79748ca32ad60ca241d894721be3c3795c13e31e47e01dad1cb5a5f1
W8_Q08,ALGSTRUCT,1,6,1628320,5814,8,1,21,1,39,170,10,168,63,22,dfb50a16d91192e00318e4ac61c06d5403d37554d2e61726115b9e5e96a90617
W9_Q02,STRUCT_R2,1,6,634624,5055,0,1,4,1,5,80,4,4,1,5,a250745debd6fd7cf3585f94dfa2ad7178c8b7c572e5ce15f0467c48475c0e9a
W2_Q32,ALGSTRUCT,1,6,2227222,3054,32,0,34,1,67,33,5,14,4,35,aa6152b6f2b2227ea71db0831b5f58d2dce2bdcb6db5c4bb5d1fb235d1201ed1
W5_Q01,OFF,1,6,124646,1556,0,0,3,0,3,1,4,10,4,3,7528d1a80da7ce6bed6c3efbaad136c6b237adf54f46f512a5fe79019bfef2ec
W5_Q08,STRUCT_R1,1,6,537179,2686,0,0,24,0,24,8,18,66,4,24,1ec99f8159a9bf9f7216cbde66142ab941580d932ab53b67181d9941e08515a5
W6_Q08,STRUCT_R1,1,6,597661,1833,0,0,10,2,28,10,6,15,5,12,0d426ef82e54bf37e16bebf86ad11b160059eb28202264ca816d50ab17a2aa06
W2_Q04,STRUCT_R2,2,6,401811,1649,0,0,6,2,16,6,6,15,4,8,b8312387bf162a1452336c9e9e40ef1298c4a5b22cc87b54f4215f6e91104b3c
W3_d1,OFF,2,6,460683,1794,0,0,10,2,28,10,6,15,4,12,a54c74b256ab2c5cf00e4072ff680215ee9ddba8ea28d33e07bfd46dd0370227
W4_Q04,OFF,2,6,1070156,7260,0,0,18,2,36,134,10,139,31,20,fd25718cb278dfe33c1131161ba4977814e08de24bd73801325a42bf895b4b90
W7_Q16,STRUCT,2,6,621086,2482,0,0,20,0,52,18,6,15,4,20,352ecf90b67b0a72cf480d5f2990d3ea8f45c0a65a2644e7a858b4f181627dcb
W3_d3,ALGSTRUCT,2,6,1417801,2130,10,0,12,5,29,13,11,43,8,17,16f1a8e88d7f920d91f3a177d0789d4761bf8768a0ac71ebce1f9f2282714954
W6_Q02,STRUCT_R2,2,6,309756,1519,0,0,4,2,10,4,6,15,5,6,d26b7c6c44eb2ae1342ad0eacde318e4485f70f1e0c22f44dc171d7c0f11f2c5
W2_Q01,ALGSTRUCT,2,6,273830,1315,1,0,3,1,5,2,5,14,4,4,2474f5c3c44c2292e8653ad95f4f21ec80fa6c72b730d7761807baa6c04c0270
W8_Q04,STRUCT_R1,2,6,1299247,5389,4,0,17,1,31,166,10,168,63,18,1ff2b9471d9cd2dd9078b74afc728460463e46c3102cf6da6b805d7f73e4899a
W7_Q32,STRUCT_R1,2,6,1157824,3240,0,0,36,0,100,34,6,15,4,36,6bdf3735d7ed12e047353d97f7fd342934c808ba421573c6cd2474dd612f37b1
W9_Q16,STRUCT_R2,2,6,2627365,9426,0,8,18,1,19,304,4,4,1,19,44cdb1eb48242e36e60587a8e97fc1204f774ee018380c18a625f9abe3ce3ce8
W8_Q02,OFF,2,6,846788,5519,0,0,15,2,30,165,11,169,63,17,ab8e72a97eeddaf640fa9d87846837b35913b3b9a7916818e4653a499fd7cc9a
W9_Q32,OFF,2,6,3511340,15481,0,0,34,0,96,1536,4,4,1,34,13dfd65212c03f91a3168cac28f16ba616ce21a6c4d7fb7bf5b25f0167fbc71b
W4_Q32,OFF,2,6,8870921,77721,0,0,130,2,260,1058,38,1007,31,132,068ad024181661f75503372002890dd704cd730c5fc591fd65590a6d532c145d
W7_Q02,ALGSTRUCT,2,6,250496,1483,0,0,6,0,10,4,6,15,4,6,b1d2efac79748ca32ad60ca241d894721be3c3795c13e31e47e01dad1cb5a5f1
W9_Q02,ALGSTRUCT,2,6,635772,3944,0,1,4,1,5,80,4,4,1,5,a250745debd6fd7cf3585f94dfa2ad7178c8b7c572e5ce15f0467c48475c0e9a
W3_d1,ALGSTRUCT,2,6,581403,1740,8,0,10,1,19,9,5,14,4,11,51eaee63f5c885c3fa7e71093e89c7ff61bea1c09d51d95c588c39ddf452f383
W5_Q08,OFF,2,6,442443,2646,0,0,24,0,24,8,18,66,4,24,1ec99f8159a9bf9f7216cbde66142ab941580d932ab53b67181d9941e08515a5
W7_Q04,STRUCT_R1,2,6,292442,1426,0,0,8,0,16,6,6,15,4,8,64eb05b2d681af147811cd64dc0e11be812cb48952e297a71fcf6d3c013ba4a0
W5_Q04,STRUCT,2,6,311830,1963,0,0,12,0,12,4,10,34,4,12,233b80e0525d1c617459998a8c1e1bc9855a2c2b10f43c6fd42648b8adae0248
W4_Q16,STRUCT_R2,2,6,4747012,25797,0,0,66,2,132,530,22,511,31,68,7fbae5656c303ca065341c5db14fa3ef41fb196c82f59bb1c789e1f7b78b0f7a
W7_Q16,STRUCT_R2,2,6,621198,2037,0,0,20,0,52,18,6,15,4,20,352ecf90b67b0a72cf480d5f2990d3ea8f45c0a65a2644e7a858b4f181627dcb
W7_Q01,ALGSTRUCT,2,6,226128,1241,0,0,5,0,7,3,6,15,4,5,70f8123fffd2af37d12a00e22d9841098c66a489d4953aae174ab2cb5014e5d7
W4_Q32,STRUCT,2,6,9821949,69314,0,0,130,2,260,1058,38,1007,31,132,068ad024181661f75503372002890dd704cd730c5fc591fd65590a6d532c145d
W8_Q08,STRUCT_R2,2,6,1447505,6204,0,1,21,2,48,171,11,169,63,23,6202056e7f9106d89fc2c03650e5a38d69f704cc369ba9e689bf413e5f7173e1
W8_Q01,STRUCT_R2,2,6,1012399,6018,0,1,14,2,27,164,11,169,63,16,7b06ec78e125033330eb86a638ef113771be6d17e66ade996d2cadaa30e562a7
W5_Q02,STRUCT_R2,2,6,221406,1500,0,0,6,0,6,2,6,18,4,6,e7741c936508103b2af3b934e316124eac7bac4773e716fb634bafee4047c0e4
W3_d1,STRUCT_R1,2,6,576716,1538,8,0,10,1,19,9,5,14,4,11,51eaee63f5c885c3fa7e71093e89c7ff61bea1c09d51d95c588c39ddf452f383
W8_Q02,STRUCT_R2,2,6,1054359,5687,0,1,15,2,30,165,11,169,63,17,ab8e72a97eeddaf640fa9d87846837b35913b3b9a7916818e4653a499fd7cc9a
W7_Q04,STRUCT_R2,2,6,287702,1722,0,0,8,0,16,6,6,15,4,8,64eb05b2d681af147811cd64dc0e11be812cb48952e297a71fcf6d3c013ba4a0
W2_Q02,OFF,2,6,242184,1647,0,0,4,2,10,4,6,15,4,6,002b88cffa362a25f201c7342c0d49bad4cd7fb10998ad8823a39c11beee6d88
W5_Q01,OFF,2,6,124350,1426,0,0,3,0,3,1,4,10,4,3,7528d1a80da7ce6bed6c3efbaad136c6b237adf54f46f512a5fe79019bfef2ec
W7_Q08,OFF,2,6,305387,1777,0,0,12,0,28,10,6,15,4,12,d13ad2add4e1d9cb21c441a8963ffbcf5f462a05d4f61331fa56b7c117fe58d1
W8_Q32,ALGSTRUCT,2,6,3940594,8204,32,1,45,1,87,194,10,168,63,46,45e69b1796e998f7df6d485c516cc0751375b53ec01f0a7673d473a9ec217a0e
W7_Q01,OFF,2,6,151739,1519,0,0,5,0,7,3,6,15,4,5,70f8123fffd2af37d12a00e22d9841098c66a489d4953aae174ab2cb5014e5d7
W4_Q04,STRUCT,2,6,1264858,7575,0,0,18,2,36,134,10,139,31,20,fd25718cb278dfe33c1131161ba4977814e08de24bd73801325a42bf895b4b90
W4_Q32,ALGSTRUCT,2,6,18858886,62851,32,0,130,1,227,1057,37,1006,31,131,4a5be56a553c6df341c1f260562041444c20a964d5f4f3916c7966ddd0bae2e9
W9_Q01,OFF,2,6,231107,3946,0,0,3,0,3,48,4,4,1,3,6e63c0dab5f8b29ef9d1440bcd3711746464b7521a4243c8d32e03504a6224d2
W6_Q04,STRUCT_R2,2,6,404163,1778,0,0,6,2,16,6,6,15,5,8,463695b346924b3ce3bfd76bc311a5cc5d47fb033482cc22912fc407e8f09fdf
W5_Q32,OFF,2,6,1875631,12056,0,0,96,0,96,32,66,258,4,96,ad908136f049b66ae4b1e1c3f252d7a2ebead009fab3f7177d4babd24fcbec6a
W8_Q02,STRUCT,2,6,1061823,6223,0,0,15,2,30,165,11,169,63,17,ab8e72a97eeddaf640fa9d87846837b35913b3b9a7916818e4653a499fd7cc9a
W6_Q32,STRUCT_R2,2,6,1873038,3352,0,0,34,2,100,34,6,15,5,36,e27ba2fd4a248e13e86f6fd51f6578ca7bbe37b27fb6c62f3d2e37c16ce58156
W5_Q01,STRUCT,2,6,182888,1499,0,0,3,0,3,1,4,10,4,3,7528d1a80da7ce6bed6c3efbaad136c6b237adf54f46f512a5fe79019bfef2ec
W5_Q16,STRUCT_R2,2,6,982028,6204,0,0,48,0,48,16,34,130,4,48,15f4ec0f61204d6ef15a655140c1c86c7248fc9deed8e4c09ef3081b8b94fb64
W7_Q32,STRUCT,2,6,1145009,3555,0,0,36,0,100,34,6,15,4,36,6bdf3735d7ed12e047353d97f7fd342934c808ba421573c6cd2474dd612f37b1
W9_Q16,OFF,2,6,1749965,9093,0,0,18,0,48,768,4,4,1,18,43b7f4efcb619e6e3fc5fc66e7827f4bb8130a24a5905f5ce4efe6114dbfdbd3
W4_Q04,STRUCT_R2,2,6,1239656,7018,0,0,18,2,36,134,10,139,31,20,fd25718cb278dfe33c1131161ba4977814e08de24bd73801325a42bf895b4b90
W6_Q08,STRUCT_R2,2,6,570162,2092,0,0,10,2,28,10,6,15,5,12,0d426ef82e54bf37e16bebf86ad11b160059eb28202264ca816d50ab17a2aa06
W1,ALGSTRUCT,2,6,273868,1241,1,0,3,1,5,2,5,14,4,4,ddbc64bc70e115337e04b3ee4eac0b96e81aea703c916cfeea2e2366190e3210
W9_Q01,STRUCT_R1,2,6,332885,4278,0,0,3,0,3,48,4,4,1,3,6e63c0dab5f8b29ef9d1440bcd3711746464b7521a4243c8d32e03504a6224d2
W2_Q04,ALGSTRUCT,2,6,414312,1444,4,0,6,1,11,5,5,14,4,7,e3e1c95caf3c6465ad04568b51f69fe26be853a4ad44521756f63edd123351f8
W8_Q02,ALGSTRUCT,2,6,1161599,5483,2,1,15,1,27,164,10,168,63,16,652ea2e2db2a8b59e1a2373d0aa09bb6194a7176cb3cd104297a14f7ef235e6b
W7_Q16,STRUCT_R1,2,6,631309,2093,0,0,20,0,52,18,6,15,4,20,352ecf90b67b0a72cf480d5f2990d3ea8f45c0a65a2644e7a858b4f181627dcb
W2_Q04,STRUCT,2,6,405922,1481,0,0,6,2,16,6,6,15,4,8,b8312387bf162a1452336c9e9e40ef1298c4a5b22cc87b54f4215f6e91104b3c
W5_Q08,STRUCT_R2,2,6,528365,3037,0,0,24,0,24,8,18,66,4,24,1ec99f8159a9bf9f7216cbde66142ab941580d932ab53b67181d9941e08515a5
W2_Q08,STRUCT_R2,2,6,568069,1611,0,0,10,2,28,10,6,15,4,12,e121069670786ba8fbe3100d624a17638d4611a34b02647058710f2e3db6a9c9
W6_Q32,OFF,2,6,1580246,3463,0,0,34,2,100,34,6,15,5,36,e27ba2fd4a248e13e86f6fd51f6578ca7bbe37b27fb6c62f3d2e37c16ce58156
W7_Q08,STRUCT_R1,2,6,407718,1556,0,0,12,0,28,10,6,15,4,12,d13ad2add4e1d9cb21c441a8963ffbcf5f462a05d4f61331fa56b7c117fe58d1
W3_d3,STRUCT_R1,2,6,1415044,2129,10,0,12,5,29,13,11,43,8,17,16f1a8e88d7f920d91f3a177d0789d4761bf8768a0ac71ebce1f9f2282714954
W9_Q04,STRUCT_R1,2,6,1105453,4796,0,0,6,2,10,160,4,4,1,8,a25fcd6d9b6930c5a5e472a5d4b9da9d0423cec22fe64a49a0e3364286ad6c7b
W2_Q08,STRUCT,2,6,579884,1667,0,0,10,2,28,10,6,15,4,12,e121069670786ba8fbe3100d624a17638d4611a34b02647058710f2e3db6a9c9
W9_Q01,STRUCT,2,6,347775,4555,0,0,3,0,3,48,4,4,1,3,6e63c0dab5f8b29ef9d1440bcd3711746464b7521a4243c8d32e03504a6224d2
W4_Q32,STRUCT_R1,2,6,18672148,55573,32,0,130,1,227,1057,37,1006,31,131,4a5be56a553c6df341c1f260562041444c20a964d5f4f3916c7966ddd0bae2e9
W8_Q04,STRUCT,2,6,1203691,5779,0,0,17,2,36,167,11,169,63,19,683043cf53c296ea0d43a0c383a5a5aa5dfae2adbc542c677c919239829da206
W5_Q08,STRUCT,2,6,527885,2500,0,0,24,0,24,8,18,66,4,24,1ec99f8159a9bf9f7216cbde66142ab941580d932ab53b67181d9941e08515a5
W2_Q16,OFF,2,6,816640,2630,0,0,18,2,52,18,6,15,4,20,f53a43e02a6f7be38b5d23a92cce7a6f0c7e7deac086e97841ea021c93a5a893
W3_d1,STRUCT_R2,2,6,571735,1982,0,0,10,2,28,10,6,15,4,12,a54c74b256ab2c5cf00e4072ff680215ee9ddba8ea28d33e07bfd46dd0370227
W6_Q01,STRUCT_R2,2,6,258147,1721,0,0,3,2,7,3,6,15,5,5,ef852aa19070a90d167a6fc211683b2bbb6401671f4212d90e23806d1620b62f
W9_Q16,ALGSTRUCT,2,6,2635976,9315,0,8,18,1,19,304,4,4,1,19,44cdb1eb48242e36e60587a8e97fc1204f774ee018380c18a625f9abe3ce3ce8
W8_Q01,ALGSTRUCT,2,6,1087785,5557,1,1,14,1,25,163,10,168,63,15,fdd35fe24122be542f9944d55e73c67d2cd28afd3fd1ff25e723a080e5d2dad8
W9_Q04,STRUCT,2,6,1113362,5832,0,0,6,2,10,160,4,4,1,8,a25fcd6d9b6930c5a5e472a5d4b9da9d0423cec22fe64a49a0e3364286ad6c7b
W5_Q08,ALGSTRUCT,2,6,537293,2610,0,0,24,0,24,8,18,66,4,24,1ec99f8159a9bf9f7216cbde66142ab941580d932ab53b67181d9941e08515a5
W6_Q08,OFF,2,6,459571,1740,0,0,10,2,28,10,6,15,5,12,0d426ef82e54bf37e16bebf86ad11b160059eb28202264ca816d50ab17a2aa06
W9_Q32,STRUCT_R1,2,6,5211935,12981,0,0,34,2,38,608,4,4,1,36,f9b4de382a62f7ddf0ae716d829e6d3204b079918eba11b5d003aed0f308e9a0
W9_Q08,STRUCT_R2,2,6,1468488,6332,0,4,10,1,11,176,4,4,1,11,f0aee4c6a6b6511ecbc27f2fc4ef3f688cd044d5f143461208ceed4e1cea64ae
W7_Q02,STRUCT,2,6,259755,1668,0,0,6,0,10,4,6,15,4,6,b1d2efac79748ca32ad60ca241d894721be3c3795c13e31e47e01dad1cb5a5f1
W8_Q04,OFF,2,6,964696,5758,0,0,17,2,36,167,11,169,63,19,683043cf53c296ea0d43a0c383a5a5aa5dfae2adbc542c677c919239829da206
W4_Q16,STRUCT_R1,2,6,7201917,25241,16,0,66,1,115,529,21,510,31,67,c4cb6b036cc3a61a0d0502a6d94307b09dd7e159ba9b445a83ebed14f5c8ebe1
W5_Q01,ALGSTRUCT,2,6,181368,1204,0,0,3,0,3,1,4,10,4,3,7528d1a80da7ce6bed6c3efbaad136c6b237adf54f46f512a5fe79019bfef2ec
W4_Q08,OFF,2,6,2023055,12593,0,0,34,2,68,266,14,263,31,36,310b652f3a487a64261e67b69ca4bd659f7cd91c74be37afd64d6187457e8bdc
W8_Q16,STRUCT_R2,2,6,1882446,6926,0,1,29,2,72,179,11,169,63,31,75d1b16c15c201143eb0f00e84429326ead193544062ed0323b47e7914fd575d
W1,OFF,2,6,197573,1555,0,0,3,2,7,3,6,15,4,5,4b26ed307e0166f8d1fa59ea1e874899e41c5fd882be9ef62f84eb3685bb70b7
W9_Q08,ALGSTRUCT,2,6,1475062,5536,0,4,10,1,11,176,4,4,1,11,f0aee4c6a6b6511ecbc27f2fc4ef3f688cd044d5f143461208ceed4e1cea64ae
W9_Q08,STRUCT,2,6,1593040,6408,0,0,10,2,14,224,4,4,1,12,4c97cc82f3dbf6bc2a6de325d199b0cb65ffca732846069f84ea5618bb19fcfd
W6_Q32,STRUCT,2,6,1925983,3444,0,0,34,2,100,34,6,15,5,36,e27ba2fd4a248e13e86f6fd51f6578ca7bbe37b27fb6c62f3d2e37c16ce58156
W7_Q08,STRUCT_R2,2,6,401479,1703,0,0,12,0,28,10,6,15,4,12,d13ad2add4e1d9cb21c441a8963ffbcf5f462a05d4f61331fa56b7c117fe58d1
W2_Q08,STRUCT_R1,2,6,586717,1574,8,0,10,1,19,9,5,14,4,11,28ef291bdbdabd5779860a9dac095bdb774cc930b18dec6f9c7bf13df75550d2
W7_Q04,OFF,2,6,213461,1741,0,0,8,0,16,6,6,15,4,8,64eb05b2d681af147811cd64dc0e11be812cb48952e297a71fcf6d3c013ba4a0
W4_Q32,STRUCT_R2,2,6,9859597,72499,0,0,130,2,260,1058,38,1007,31,132,068ad024181661f75503372002890dd704cd730c5fc591fd65590a6d532c145d
W6_Q16,OFF,2,6,798641,2240,0,0,18,2,52,18,6,15,5,20,bb0755604375307ff8e5fd09781b80b224d9ab98fa75fb51387fe44cb24e3726
W6_Q08,ALGSTRUCT,2,6,592586,1612,0,0,10,2,28,10,6,15,5,12,0d426ef82e54bf37e16bebf86ad11b160059eb28202264ca816d50ab17a2aa06
W6_Q01,OFF,2,6,196683,1537,0,0,3,2,7,3,6,15,5,5,ef852aa19070a90d167a6fc211683b2bbb6401671f4212d90e23806d1620b62f
W3_d3,STRUCT,2,6,1434598,2278,0,0,12,8,42,16,14,46,8,20,d0de00aa950042ce2df3a1aacd87b83395b88f62201b4b0ee4f6f67dba5bbb2b
W3_d2,OFF,2,6,787641,2222,0,0,11,5,35,13,10,29,5,16,bb512a3ef0db77c97656c90a9544f5958e4b52748f6a43bfdbc34ec450c82e91
W2_Q08,OFF,2,6,468698,2149,0,0,10,2,28,10,6,15,4,12,e121069670786ba8fbe3100d624a17638d4611a34b02647058710f2e3db6a9c9
W8_Q04,STRUCT_R2,2,6,1207008,5833,0,1,17,2,36,167,11,169,63,19,683043cf53c296ea0d43a0c383a5a5aa5dfae2adbc542c677c919239829da206
W7_Q01,STRUCT_R2,2,6,219925,1425,0,0,5,0,7,3,6,15,4,5,70f8123fffd2af37d12a00e22d9841098c66a489d4953aae174ab2cb5014e5d7
W9_Q32,STRUCT_R2,2,6,5051123,12221,0,16,34,1,35,560,4,4,1,35,678046e55883cc9fe207429daab5f5da66bcc2178ee01574697097ddff7f102c
W4_Q04,STRUCT_R1,2,6,1449709,7204,4,0,18,1,31,133,9,138,31,19,fc880fdc081349aa9e95db821628814a11fa6271dfea15fd511d230a5fbbf819
W4_Q08,STRUCT_R2,2,6,2316887,13111,0,0,34,2,68,266,14,263,31,36,310b652f3a487a64261e67b69ca4bd659f7cd91c74be37afd64d6187457e8bdc
W5_Q01,STRUCT_R1,2,6,183075,1535,0,0,3,0,3,1,4,10,4,3,7528d1a80da7ce6bed6c3efbaad136c6b237adf54f46f512a5fe79019bfef2ec
W8_Q08,STRUCT_R1,2,6,1626170,5908,8,0,21,1,39,170,10,168,63,22,dfb50a16d91192e00318e4ac61c06d5403d37554d2e61726115b9e5e96a90617
W6_Q02,ALGSTRUCT,2,6,319720,1536,0,0,4,2,10,4,6,15,5,6,d26b7c6c44eb2ae1342ad0eacde318e4485f70f1e0c22f44dc171d7c0f11f2c5
W9_Q04,OFF,2,6,616235,5501,0,0,6,0,12,192,4,4,1,6,6dad93323aff1013501fa90b58e0e48741ec6d807386799264c78a900e9e11d0
W7_Q32,OFF,2,6,930844,4092,0,0,36,0,100,34,6,15,4,36,6bdf3735d7ed12e047353d97f7fd342934c808ba421573c6cd2474dd612f37b1
W6_Q04,ALGSTRUCT,2,6,409164,1388,0,0,6,2,16,6,6,15,5,8,463695b346924b3ce3bfd76bc311a5cc5d47fb033482cc22912fc407e8f09fdf
W4_Q02,STRUCT,2,6,694844,3723,0,0,10,2,20,68,8,77,31,12,c082fb0620ac05b05065135ca996c9564b57d8a79b47964aa54b86c16cd0659f
W2_Q32,STRUCT_R2,2,6,1858577,3591,0,0,34,2,100,34,6,15,4,36,ead1d2e3154b72c47159b745145cb82392c282dcdeeba0e877b2291c8ed45d37
W4_Q04,ALGSTRUCT,2,6,1480099,6833,4,0,18,1,31,133,9,138,31,19,fc880fdc081349aa9e95db821628814a11fa6271dfea15fd511d230a5fbbf819
W5_Q02,ALGSTRUCT,2,6,223832,1333,0,0,6,0,6,2,6,18,4,6,e7741c936508103b2af3b934e316124eac7bac4773e716fb634bafee4047c0e4
W2_Q32,ALGSTRUCT,2,6,2266962,3018,32,0,34,1,67,33,5,14,4,35,aa6152b6f2b2227ea71db0831b5f58d2dce2bdcb6db5c4bb5d1fb235d1201ed1
W8_Q08,OFF,2,6,1203712,6240,0,0,21,2,48,171,11,169,63,23,6202056e7f9106d89fc2c03650e5a38d69f704cc369ba9e689bf413e5f7173e1
W9_Q08,OFF,2,6,910492,6037,0,0,10,0,24,384,4,4,1,10,ae43d04dfb0cf7afbfdc83558714cd1da89c64e7c6d49325a19de9764156762a
W5_Q16,STRUCT_R1,2,6,1012600,6483,0,0,48,0,48,16,34,130,4,48,15f4ec0f61204d6ef15a655140c1c86c7248fc9deed8e4c09ef3081b8b94fb64
W8_Q01,STRUCT_R1,2,6,1105192,5520,1,0,14,1,25,163,10,168,63,15,fdd35fe24122be542f9944d55e73c67d2cd28afd3fd1ff25e723a080e5d2dad8
W6_Q16,STRUCT_R2,2,6,970342,2408,0,0,18,2,52,18,6,15,5,20,bb0755604375307ff8e5fd09781b80b224d9ab98fa75fb51387fe44cb24e3726
W4_Q01,STRUCT_R2,2,6,447477,2297,0,0,6,2,12,35,7,46,31,8,c1c4e28384d704fc6572f4a795b1b9dcd23dd585446058743d09154ee63f83a5
W7_Q32,ALGSTRUCT,2,6,1181600,3056,0,0,36,0,100,34,6,15,4,36,6bdf3735d7ed12e047353d97f7fd342934c808ba421573c6cd2474dd612f37b1
W1,STRUCT_R1,2,6,271128,1240,1,0,3,1,5,2,5,14,4,4,ddbc64bc70e115337e04b3ee4eac0b96e81aea703c916cfeea2e2366190e3210
W8_Q32,STRUCT,2,6,2912954,8797,0,0,45,2,120,195,11,169,63,47,257e33fe42ff72054f90b0755280d3b57f6dc95e0ff488350c7a08c8fa00e255
W4_Q08,STRUCT_R1,2,6,2943568,13813,8,0,34,1,59,265,13,262,31,35,0d7db8d8f19881c77c6e7cd19e1f9d024ea9973fae56dbdbc00db2eeaa790340
W7_Q02,STRUCT_R1,2,6,247609,1278,0,0,6,0,10,4,6,15,4,6,b1d2efac79748ca32ad60ca241d894721be3c3795c13e31e47e01dad1cb5a5f1
W7_Q01,STRUCT,2,6,220943,1537,0,0,5,0,7,3,6,15,4,5,70f8123fffd2af37d12a00e22d9841098c66a489d4953aae174ab2cb5014e5d7
W2_Q01,STRUCT_R2,2,6,256757,1444,0,0,3,2,7,3,6,15,4,5,fb4f50a52888382fd35dda056767f1188dd59b0b7db5fbe2928a5afbf6bf9f5b
W4_Q16,STRUCT,2,6,4816362,26205,0,0,66,2,132,530,22,511,31,68,7fbae5656c303ca065341c5db14fa3ef41fb196c82f59bb1c789e1f7b78b0f7a
W8_Q01,OFF,2,6,800567,5630,0,0,14,2,27,164,11,169,63,16,7b06ec78e125033330eb86a638ef113771be6d17e66ade996d2cadaa30e562a7
W9_Q02,STRUCT,2,6,477479,4184,0,0,4,0,6,96,4,4,1,4,f59554bf6b558dac39020afcdc9d3261e3c200f0f612cb6818827b31bbda0408
W7_Q32,STRUCT_R2,2,6,1122249,3148,0,0,36,0,100,34,6,15,4,36,6bdf3735d7ed12e047353d97f7fd342934c808ba421573c6cd2474dd612f37b1
W3_d3,OFF,2,6,1185823,2296,0,0,12,8,42,16,14,46,8,20,d0de00aa950042ce2df3a1aacd87b83395b88f62201b4b0ee4f6f67dba5bbb2b
W6_Q01,ALGSTRUCT,2,6,267941,1334,0,0,3,2,7,3,6,15,5,5,ef852aa19070a90d167a6fc211683b2bbb6401671f4212d90e23806d1620b62f
W5_Q02,STRUCT,2,6,225092,1702,0,0,6,0,6,2,6,18,4,6,e7741c936508103b2af3b934e316124eac7bac4773e716fb634bafee4047c0e4
W9_Q08,STRUCT_R1,2,6,1582542,6000,0,0,10,2,14,224,4,4,1,12,4c97cc82f3dbf6bc2a6de325d199b0cb65ffca732846069f84ea5618bb19fcfd
W8_Q01,STRUCT,2,6,1007622,5592,0,0,14,2,27,164,11,169,63,16,7b06ec78e125033330eb86a638ef113771be6d17e66ade996d2cadaa30e562a7
W5_Q32,STRUCT,2,6,2006926,9056,0,0,96,0,96,32,66,258,4,96,ad908136f049b66ae4b1e1c3f252d7a2ebead009fab3f7177d4babd24fcbec6a
W5_Q32,ALGSTRUCT,2,6,2103093,11073,0,0,96,0,96,32,66,258,4,96,ad908136f049b66ae4b1e1c3f252d7a2ebead009fab3f7177d4babd24fcbec6a
W9_Q01,STRUCT_R2,2,6,341256,3500,0,0,3,0,3,48,4,4,1,3,6e63c0dab5f8b29ef9d1440bcd3711746464b7521a4243c8d32e03504a6224d2
W7_Q16,ALGSTRUCT,2,6,633882,2186,0,0,20,0,52,18,6,15,4,20,352ecf90b67b0a72cf480d5f2990d3ea8f45c0a65a2644e7a858b4f181627dcb
W8_Q02,STRUCT_R1,2,6,1166859,5538,2,0,15,1,27,164,10,168,63,16,652ea2e2db2a8b59e1a2373d0aa09bb6194a7176cb3cd104297a14f7ef235e6b
W9_Q02,STRUCT_R1,2,6,476995,4334,0,0,4,0,6,96,4,4,1,4,f59554bf6b558dac39020afcdc9d3261e3c200f0f612cb6818827b31bbda0408
W6_Q01,STRUCT_R1,2,6,265793,1315,0,0,3,2,7,3,6,15,5,5,ef852aa19070a90d167a6fc211683b2bbb6401671f4212d90e23806d1620b62f
W3_d2,STRUCT_R1,2,6,967416,1964,9,0,11,3,24,11,8,27,5,14,b3a60a0bc9bb1633f8ca67743fa2b43eea5f58f8a512cbf173b181d8c20dfa68
W9_Q02,OFF,2,6,347903,4261,0,0,4,0,6,96,4,4,1,4,f59554bf6b558dac39020afcdc9d3261e3c200f0f612cb6818827b31bbda0408
W9_Q16,STRUCT_R1,2,6,2751217,8759,0,0,18,2,22,352,4,4,1,20,ff9866380da95df98e4375770d21fe162b02c0b8b05b75e939b18d0d711c4c04
W8_Q16,OFF,2,6,1546059,7168,0,0,29,2,72,179,11,169,63,31,75d1b16c15c201143eb0f00e84429326ead193544062ed0323b47e7914fd575d
W4_Q16,ALGSTRUCT,2,6,7151251,26370,16,0,66,1,115,529,21,510,31,67,c4cb6b036cc3a61a0d0502a6d94307b09dd7e159ba9b445a83ebed14f5c8ebe1
W2_Q32,STRUCT,2,6,1890521,3388,0,0,34,2,100,34,6,15,4,36,ead1d2e3154b72c47159b745145cb82392c282dcdeeba0e877b2291c8ed45d37
W6_Q32,ALGSTRUCT,2,6,1942631,3444,0,0,34,2,100,34,6,15,5,36,e27ba2fd4a248e13e86f6fd51f6578ca7bbe37b27fb6c62f3d2e37c16ce58156
W2_Q04,STRUCT_R1,2,6,408071,1592,4,0,6,1,11,5,5,14,4,7,e3e1c95caf3c6465ad04568b51f69fe26be853a4ad44521756f63edd123351f8
W8_Q16,STRUCT_R1,2,6,2227276,6741,16,0,29,1,55,178,10,168,63,30,d68e12eaec95eadd08fb1ce8e6c0dcfc893de77e4c3d4f5a64bb4b4ee29b64b3
W2_Q32,OFF,2,6,1571670,3297,0,0,34,2,100,34,6,15,4,36,ead1d2e3154b72c47159b745145cb82392c282dcdeeba0e877b2291c8ed45d37
W6_Q16,ALGSTRUCT,2,6,1013806,2148,0,0,18,2,52,18,6,15,5,20,bb0755604375307ff8e5fd09781b80b224d9ab98fa75fb51387fe44cb24e3726
W2_Q01,OFF,2,6,195571,1538,0,0,3,2,7,3,6,15,4,5,fb4f50a52888382fd35dda056767f1188dd59b0b7db5fbe2928a5afbf6bf9f5b
W4_Q01,OFF,2,6,362775,2555,0,0,6,2,12,35,7,46,31,8,c1c4e28384d704fc6572f4a795b1b9dcd23dd585446058743d09154ee63f83a5
W7_Q04,STRUCT,2,6,294053,1574,0,0,8,0,16,6,6,15,4,8,64eb05b2d681af147811cd64dc0e11be812cb48952e297a71fcf6d3c013ba4a0
W4_Q02,STRUCT_R1,2,6,787437,3648,2,0,10,1,17,67,7,76,31,11,056c94f2139c9e918446fe4f786e56b203a4febdd7cdb7d162e2b0323db5a772
W2_Q01,STRUCT_R1,2,6,276923,1278,1,0,3,1,5,2,5,14,4,4,2474f5c3c44c2292e8653ad95f4f21ec80fa6c72b730d7761807baa6c04c0270
W8_Q16,ALGSTRUCT,2,6,2192962,6240,16,1,29,1,55,178,10,168,63,30,d68e12eaec95eadd08fb1ce8e6c0dcfc893de77e4c3d4f5a64bb4b4ee29b64b3
W4_Q01,STRUCT_R1,2,6,491497,2314,1,0,6,1,10,34,6,45,31,7,2a2742010b3f20f3e0b7616f059bcf47256e350d22af5b1d3a055aa5eee736e9
W5_Q32,STRUCT_R1,2,6,2078185,10000,0,0,96,0,96,32,66,258,4,96,ad908136f049b66ae4b1e1c3f252d7a2ebead009fab3f7177d4babd24fcbec6a
W5_Q04,ALGSTRUCT,2,6,315479,1463,0,0,12,0,12,4,10,34,4,12,233b80e0525d1c617459998a8c1e1bc9855a2c2b10f43c6fd42648b8adae0248
W6_Q16,STRUCT_R1,2,6,1017934,2353,0,0,18,2,52,18,6,15,5,20,bb0755604375307ff8e5fd09781b80b224d9ab98fa75fb51387fe44cb24e3726
W6_Q08,STRUCT,2,6,596069,1740,0,0,10,2,28,10,6,15,5,12,0d426ef82e54bf37e16bebf86ad11b160059eb28202264ca816d50ab17a2aa06
W8_Q16,STRUCT,2,6,1860410,7037,0,0,29,2,72,179,11,169,63,31,75d1b16c15c201143eb0f00e84429326ead193544062ed0323b47e7914fd575d
W4_Q16,OFF,2,6,4285109,28574,0,0,66,2,132,530,22,511,31,68,7fbae5656c303ca065341c5db14fa3ef41fb196c82f59bb1c789e1f7b78b0f7a
W2_Q02,STRUCT,2,6,311701,1500,0,0,4,2,10,4,6,15,4,6,002b88cffa362a25f201c7342c0d49bad4cd7fb10998ad8823a39c11beee6d88
W8_Q32,STRUCT_R2,2,6,2869325,8057,0,1,45,2,120,195,11,169,63,47,257e33fe42ff72054f90b0755280d3b57f6dc95e0ff488350c7a08c8fa00e255
W5_Q16,ALGSTRUCT,2,6,1006511,4628,0,0,48,0,48,16,34,130,4,48,15f4ec0f61204d6ef15a655140c1c86c7248fc9deed8e4c09ef3081b8b94fb64
W2_Q16,ALGSTRUCT,2,6,1045806,1703,16,0,18,1,35,17,5,14,4,19,6874ea3fe8a08c7af5d8752f9a4557e5d01bc066a937913a1e427661cbb540c4
W9_Q01,ALGSTRUCT,2,6,339514,3761,0,0,3,0,3,48,4,4,1,3,6e63c0dab5f8b29ef9d1440bcd3711746464b7521a4243c8d32e03504a6224d2
W1,STRUCT_R2,2,6,260128,1555,0,0,3,2,7,3,6,15,4,5,4b26ed307e0166f8d1fa59ea1e874899e41c5fd882be9ef62f84eb3685bb70b7
W7_Q02,STRUCT_R2,2,6,243517,1629,0,0,6,0,10,4,6,15,4,6,b1d2efac79748ca32ad60ca241d894721be3c3795c13e31e47e01dad1cb5a5f1
W7_Q01,STRUCT_R1,2,6,222164,1371,0,0,5,0,7,3,6,15,4,5,70f8123fffd2af37d12a00e22d9841098c66a489d4953aae174ab2cb5014e5d7
W2_Q16,STRUCT,2,6,1020622,2425,0,0,18,2,52,18,6,15,4,20,f53a43e02a6f7be38b5d23a92cce7a6f0c7e7deac086e97841ea021c93a5a893
W2_Q16,STRUCT_R2,2,6,1007362,2722,0,0,18,2,52,18,6,15,4,20,f53a43e02a6f7be38b5d23a92cce7a6f0c7e7deac086e97841ea021c93a5a893
W6_Q08,STRUCT_R1,2,6,591088,1777,0,0,10,2,28,10,6,15,5,12,0d426ef82e54bf37e16bebf86ad11b160059eb28202264ca816d50ab17a2aa06
W8_Q08,STRUCT,2,6,1463803,5943,0,0,21,2,48,171,11,169,63,23,6202056e7f9106d89fc2c03650e5a38d69f704cc369ba9e689bf413e5f7173e1
W4_Q08,ALGSTRUCT,2,6,2974398,13612,8,0,34,1,59,265,13,262,31,35,0d7db8d8f19881c77c6e7cd19e1f9d024ea9973fae56dbdbc00db2eeaa790340
W8_Q08,ALGSTRUCT,2,6,1633299,5945,8,1,21,1,39,170,10,168,63,22,dfb50a16d91192e00318e4ac61c06d5403d37554d2e61726115b9e5e96a90617
W5_Q01,STRUCT_R2,2,6,180685,1702,0,0,3,0,3,1,4,10,4,3,7528d1a80da7ce6bed6c3efbaad136c6b237adf54f46f512a5fe79019bfef2ec
W7_Q02,OFF,2,6,174796,1851,0,0,6,0,10,4,6,15,4,6,b1d2efac79748ca32ad60ca241d894721be3c3795c13e31e47e01dad1cb5a5f1
W5_Q04,STRUCT_R1,2,6,319700,1649,0,0,12,0,12,4,10,34,4,12,233b80e0525d1c617459998a8c1e1bc9855a2c2b10f43c6fd42648b8adae0248
W6_Q04,STRUCT_R1,2,6,409663,1722,0,0,6,2,16,6,6,15,5,8,463695b346924b3ce3bfd76bc311a5cc5d47fb033482cc22912fc407e8f09fdf
W2_Q04,OFF,2,6,316107,1945,0,0,6,2,16,6,6,15,4,8,b8312387bf162a1452336c9e9e40ef1298c4a5b22cc87b54f4215f6e91104b3c
W2_Q02,ALGSTRUCT,2,6,323700,1390,2,0,4,1,7,3,5,14,4,5,d8adac9423435c6f23a5e314f4d31430db516714fee41508dcac1bc6af0e6f0c
W9_Q16,STRUCT,2,6,2762716,9314,0,0,18,2,22,352,4,4,1,20,ff9866380da95df98e4375770d21fe162b02c0b8b05b75e939b18d0d711c4c04
W2_Q02,STRUCT_R1,2,6,318997,1203,2,0,4,1,7,3,5,14,4,5,d8adac9423435c6f23a5e314f4d31430db516714fee41508dcac1bc6af0e6f0c
W2_Q02,STRUCT_R2,2,6,309089,1501,0,0,4,2,10,4,6,15,4,6,002b88cffa362a25f201c7342c0d49bad4cd7fb10998ad8823a39c11beee6d88
W6_Q04,STRUCT,2,6,405014,1630,0,0,6,2,16,6,6,15,5,8,463695b346924b3ce3bfd76bc311a5cc5d47fb033482cc22912fc407e8f09fdf
W9_Q32,STRUCT,2,6,5206212,14519,0,0,34,2,38,608,4,4,1,36,f9b4de382a62f7ddf0ae716d829e6d3204b079918eba11b5d003aed0f308e9a0
W8_Q04,ALGSTRUCT,2,6,1292638,5313,4,1,17,1,31,166,10,168,63,18,1ff2b9471d9cd2dd9078b74afc728460463e46c3102cf6da6b805d7f73e4899a
W7_Q08,ALGSTRUCT,2,6,411312,1518,0,0,12,0,28,10,6,15,4,12,d13ad2add4e1d9cb21c441a8963ffbcf5f462a05d4f61331fa56b7c117fe58d1
W8_Q32,STRUCT_R1,2,6,3837743,7555,32,0,45,1,87,194,10,168,63,46,45e69b1796e998f7df6d485c516cc0751375b53ec01f0a7673d473a9ec217a0e
W5_Q16,STRUCT,2,6,991102,4889,0,0,48,0,48,16,34,130,4,48,15f4ec0f61204d6ef15a655140c1c86c7248fc9deed8e4c09ef3081b8b94fb64
W5_Q04,STRUCT_R2,2,6,322627,2037,0,0,12,0,12,4,10,34,4,12,233b80e0525d1c617459998a8c1e1bc9855a2c2b10f43c6fd42648b8adae0248
W9_Q32,ALGSTRUCT,2,6,5138583,13445,0,16,34,1,35,560,4,4,1,35,678046e55883cc9fe207429daab5f5da66bcc2178ee01574697097ddff7f102c
W1,STRUCT,2,6,260793,1852,0,0,3,2,7,3,6,15,4,5,4b26ed307e0166f8d1fa59ea1e874899e41c5fd882be9ef62f84eb3685bb70b7
W2_Q08,ALGSTRUCT,2,6,588328,1759,8,0,10,1,19,9,5,14,4,11,28ef291bdbdabd5779860a9dac095bdb774cc930b18dec6f9c7bf13df75550d2
W8_Q32,OFF,2,6,2384311,8186,0,0,45,2,120,195,11,169,63,47,257e33fe42ff72054f90b0755280d3b57f6dc95e0ff488350c7a08c8fa00e255
W4_Q01,STRUCT,2,6,447273,2575,0,0,6,2,12,35,7,46,31,8,c1c4e28384d704fc6572f4a795b1b9dcd23dd585446058743d09154ee63f83a5
W5_Q04,OFF,2,6,253998,2056,0,0,12,0,12,4,10,34,4,12,233b80e0525d1c617459998a8c1e1bc9855a2c2b10f43c6fd42648b8adae0248
W5_Q02,OFF,2,6,157332,1759,0,0,6,0,6,2,6,18,4,6,e7741c936508103b2af3b934e316124eac7bac4773e716fb634bafee4047c0e4
W5_Q16,OFF,2,6,866715,6240,0,0,48,0,48,16,34,130,4,48,15f4ec0f61204d6ef15a655140c1c86c7248fc9deed8e4c09ef3081b8b94fb64
W6_Q02,STRUCT_R1,2,6,322329,1612,0,0,4,2,10,4,6,15,5,6,d26b7c6c44eb2ae1342ad0eacde318e4485f70f1e0c22f44dc171d7c0f11f2c5
W6_Q04,OFF,2,6,311998,1574,0,0,6,2,16,6,6,15,5,8,463695b346924b3ce3bfd76bc311a5cc5d47fb033482cc22912fc407e8f09fdf
W2_Q16,STRUCT_R1,2,6,1064972,2222,16,0,18,1,35,17,5,14,4,19,6874ea3fe8a08c7af5d8752f9a4557e5d01bc066a937913a1e427661cbb540c4
W3_d2,ALGSTRUCT,2,6,975416,1927,9,0,11,3,24,11,8,27,5,14,b3a60a0bc9bb1633f8ca67743fa2b43eea5f58f8a512cbf173b181d8c20dfa68
W7_Q16,OFF,2,6,484199,2260,0,0,20,0,52,18,6,15,4,20,352ecf90b67b0a72cf480d5f2990d3ea8f45c0a65a2644e7a858b4f181627dcb
W3_d3,STRUCT_R2,2,6,1402562,2944,0,0,12,8,42,16,14,46,8,20,d0de00aa950042ce2df3a1aacd87b83395b88f62201b4b0ee4f6f67dba5bbb2b
W3_d2,STRUCT_R2,2,6,965141,2406,0,0,11,5,35,13,10,29,5,16,bb512a3ef0db77c97656c90a9544f5958e4b52748f6a43bfdbc34ec450c82e91
W9_Q04,STRUCT_R2,2,6,985380,5371,0,2,6,1,7,112,4,4,1,7,7e3f7232eefdc535f0f8be36c1c724fab7de36a2740821784506d96a09bd30b3
W2_Q32,STRUCT_R1,2,6,2231535,3315,32,0,34,1,67,33,5,14,4,35,aa6152b6f2b2227ea71db0831b5f58d2dce2bdcb6db5c4bb5d1fb235d1201ed1
W7_Q04,ALGSTRUCT,2,6,306644,1612,0,0,8,0,16,6,6,15,4,8,64eb05b2d681af147811cd64dc0e11be812cb48952e297a71fcf6d3c013ba4a0
W3_d1,STRUCT,2,6,577088,1814,0,0,10,2,28,10,6,15,4,12,a54c74b256ab2c5cf00e4072ff680215ee9ddba8ea28d33e07bfd46dd0370227
W9_Q04,ALGSTRUCT,2,6,991972,4704,0,2,6,1,7,112,4,4,1,7,7e3f7232eefdc535f0f8be36c1c724fab7de36a2740821784506d96a09bd30b3
W6_Q02,OFF,2,6,242164,1537,0,0,4,2,10,4,6,15,5,6,d26b7c6c44eb2ae1342ad0eacde318e4485f70f1e0c22f44dc171d7c0f11f2c5
W5_Q32,STRUCT_R2,2,6,2003630,10166,0,0,96,0,96,32,66,258,4,96,ad908136f049b66ae4b1e1c3f252d7a2ebead009fab3f7177d4babd24fcbec6a
W3_d2,STRUCT,2,6,980325,2314,0,0,11,5,35,13,10,29,5,16,bb512a3ef0db77c97656c90a9544f5958e4b52748f6a43bfdbc34ec450c82e91
W6_Q02,STRUCT,2,6,312182,1797,0,0,4,2,10,4,6,15,5,6,d26b7c6c44eb2ae1342ad0eacde318e4485f70f1e0c22f44dc171d7c0f11f2c5
W4_Q02,OFF,2,6,579754,4037,0,0,10,2,20,68,8,77,31,12,c082fb0620ac05b05065135ca996c9564b57d8a79b47964aa54b86c16cd0659f
W5_Q08,STRUCT_R1,2,6,538384,3018,0,0,24,0,24,8,18,66,4,24,1ec99f8159a9bf9f7216cbde66142ab941580d932ab53b67181d9941e08515a5
W4_Q08,STRUCT,2,6,2356256,13315,0,0,34,2,68,266,14,263,31,36,310b652f3a487a64261e67b69ca4bd659f7cd91c74be37afd64d6187457e8bdc
W6_Q32,STRUCT_R1,2,6,1944778,3075,0,0,34,2,100,34,6,15,5,36,e27ba2fd4a248e13e86f6fd51f6578ca7bbe37b27fb6c62f3d2e37c16ce58156
W4_Q01,ALGSTRUCT,2,6,489051,2278,1,0,6,1,10,34,6,45,31,7,2a2742010b3f20f3e0b7616f059bcf47256e350d22af5b1d3a055aa5eee736e9
W6_Q16,STRUCT,2,6,987990,2260,0,0,18,2,52,18,6,15,5,20,bb0755604375307ff8e5fd09781b80b224d9ab98fa75fb51387fe44cb24e3726
W2_Q01,STRUCT,2,6,264369,1795,0,0,3,2,7,3,6,15,4,5,fb4f50a52888382fd35dda056767f1188dd59b0b7db5fbe2928a5afbf6bf9f5b
W4_Q02,STRUCT_R2,2,6,682919,4204,0,0,10,2,20,68,8,77,31,12,c082fb0620ac05b05065135ca996c9564b57d8a79b47964aa54b86c16cd0659f
W9_Q02,STRUCT_R2,2,6,630976,4073,0,1,4,1,5,80,4,4,1,5,a250745debd6fd7cf3585f94dfa2ad7178c8b7c572e5ce15f0467c48475c0e9a
W6_Q01,STRUCT,2,6,260052,1464,0,0,3,2,7,3,6,15,5,5,ef852aa19070a90d167a6fc211683b2bbb6401671f4212d90e23806d1620b62f
W4_Q02,ALGSTRUCT,2,6,780382,3815,2,0,10,1,17,67,7,76,31,11,056c94f2139c9e918446fe4f786e56b203a4febdd7cdb7d162e2b0323db5a772
W7_Q08,STRUCT,2,6,404866,1686,0,0,12,0,28,10,6,15,4,12,d13ad2add4e1d9cb21c441a8963ffbcf5f462a05d4f61331fa56b7c117fe58d1
W5_Q02,STRUCT_R1,2,6,225500,1628,0,0,6,0,6,2,6,18,4,6,e7741c936508103b2af3b934e316124eac7bac4773e716fb634bafee4047c0e4
W3_d2,STRUCT_R1,3,6,972381,1814,9,0,11,3,24,11,8,27,5,14,b3a60a0bc9bb1633f8ca67743fa2b43eea5f58f8a512cbf173b181d8c20dfa68
W5_Q02,STRUCT_R2,3,6,221425,1832,0,0,6,0,6,2,6,18,4,6,e7741c936508103b2af3b934e316124eac7bac4773e716fb634bafee4047c0e4
W3_d1,STRUCT,3,6,580754,2111,0,0,10,2,28,10,6,15,4,12,a54c74b256ab2c5cf00e4072ff680215ee9ddba8ea28d33e07bfd46dd0370227
W5_Q08,STRUCT_R1,3,6,536959,2592,0,0,24,0,24,8,18,66,4,24,1ec99f8159a9bf9f7216cbde66142ab941580d932ab53b67181d9941e08515a5
W2_Q16,STRUCT_R1,3,6,1049582,2112,16,0,18,1,35,17,5,14,4,19,6874ea3fe8a08c7af5d8752f9a4557e5d01bc066a937913a1e427661cbb540c4
W2_Q16,STRUCT_R2,3,6,1011657,2297,0,0,18,2,52,18,6,15,4,20,f53a43e02a6f7be38b5d23a92cce7a6f0c7e7deac086e97841ea021c93a5a893
W3_d3,STRUCT_R1,3,6,1420783,2019,10,0,12,5,29,13,11,43,8,17,16f1a8e88d7f920d91f3a177d0789d4761bf8768a0ac71ebce1f9f2282714954
W2_Q16,STRUCT,3,6,999509,2278,0,0,18,2,52,18,6,15,4,20,f53a43e02a6f7be38b5d23a92cce7a6f0c7e7deac086e97841ea021c93a5a893
W6_Q01,ALGSTRUCT,3,6,268903,1390,0,0,3,2,7,3,6,15,5,5,ef852aa19070a90d167a6fc211683b2bbb6401671f4212d90e23806d1620b62f
W6_Q08,STRUCT_R1,3,6,591771,1705,0,0,10,2,28,10,6,15,5,12,0d426ef82e54bf37e16bebf86ad11b160059eb28202264ca816d50ab17a2aa06
W2_Q02,OFF,3,6,239146,1759,0,0,4,2,10,4,6,15,4,6,002b88cffa362a25f201c7342c0d49bad4cd7fb10998ad8823a39c11beee6d88
W4_Q04,STRUCT,3,6,1252747,6908,0,0,18,2,36,134,10,139,31,20,fd25718cb278dfe33c1131161ba4977814e08de24bd73801325a42bf895b4b90
W8_Q04,STRUCT_R2,3,6,1184231,6036,0,1,17,2,36,167,11,169,63,19,683043cf53c296ea0d43a0c383a5a5aa5dfae2adbc542c677c919239829da206
W9_Q16,ALGSTRUCT,3,6,2633105,7686,0,8,18,1,19,304,4,4,1,19,44cdb1eb48242e36e60587a8e97fc1204f774ee018380c18a625f9abe3ce3ce8
W7_Q01,STRUCT_R2,3,6,216943,1592,0,0,5,0,7,3,6,15,4,5,70f8123fffd2af37d12a00e22d9841098c66a489d4953aae174ab2cb5014e5d7
W2_Q08,STRUCT_R2,3,6,582866,2073,0,0,10,2,28,10,6,15,4,12,e121069670786ba8fbe3100d624a17638d4611a34b02647058710f2e3db6a9c9
W2_Q08,OFF,3,6,456846,2113,0,0,10,2,28,10,6,15,4,12,e121069670786ba8fbe3100d624a17638d4611a34b02647058710f2e3db6a9c9
W6_Q02,STRUCT,3,6,313775,1834,0,0,4,2,10,4,6,15,5,6,d26b7c6c44eb2ae1342ad0eacde318e4485f70f1e0c22f44dc171d7c0f11f2c5
W3_d3,STRUCT,3,6,1430820,2556,0,0,12,8,42,16,14,46,8,20,d0de00aa950042ce2df3a1aacd87b83395b88f62201b4b0ee4f6f67dba5bbb2b
W3_d2,STRUCT_R2,3,6,963900,2276,0,0,11,5,35,13,10,29,5,16,bb512a3ef0db77c97656c90a9544f5958e4b52748f6a43bfdbc34ec450c82e91
W4_Q02,OFF,3,6,585364,3630,0,0,10,2,20,68,8,77,31,12,c082fb0620ac05b05065135ca996c9564b57d8a79b47964aa54b86c16cd0659f
W6_Q32,ALGSTRUCT,3,6,1937482,3315,0,0,34,2,100,34,6,15,5,36,e27ba2fd4a248e13e86f6fd51f6578ca7bbe37b27fb6c62f3d2e37c16ce58156
W5_Q01,OFF,3,6,123777,1500,0,0,3,0,3,1,4,10,4,3,7528d1a80da7ce6bed6c3efbaad136c6b237adf54f46f512a5fe79019bfef2ec
W8_Q16,STRUCT_R2,3,6,1855113,7074,0,1,29,2,72,179,11,169,63,31,75d1b16c15c201143eb0f00e84429326ead193544062ed0323b47e7914fd575d
W5_Q02,STRUCT,3,6,219555,1647,0,0,6,0,6,2,6,18,4,6,e7741c936508103b2af3b934e316124eac7bac4773e716fb634bafee4047c0e4
W9_Q08,STRUCT_R2,3,6,1462395,5888,0,4,10,1,11,176,4,4,1,11,f0aee4c6a6b6511ecbc27f2fc4ef3f688cd044d5f143461208ceed4e1cea64ae
W9_Q16,STRUCT_R2,3,6,2629199,8555,0,8,18,1,19,304,4,4,1,19,44cdb1eb48242e36e60587a8e97fc1204f774ee018380c18a625f9abe3ce3ce8
W5_Q32,OFF,3,6,1843854,9833,0,0,96,0,96,32,66,258,4,96,ad908136f049b66ae4b1e1c3f252d7a2ebead009fab3f7177d4babd24fcbec6a
W4_Q01,STRUCT,3,6,450145,2444,0,0,6,2,12,35,7,46,31,8,c1c4e28384d704fc6572f4a795b1b9dcd23dd585446058743d09154ee63f83a5
W5_Q32,STRUCT_R1,3,6,2131759,12888,0,0,96,0,96,32,66,258,4,96,ad908136f049b66ae4b1e1c3f252d7a2ebead009fab3f7177d4babd24fcbec6a
W9_Q32,STRUCT,3,6,5239880,12295,0,0,34,2,38,608,4,4,1,36,f9b4de382a62f7ddf0ae716d829e6d3204b079918eba11b5d003aed0f308e9a0
W8_Q16,STRUCT,3,6,1858317,7055,0,0,29,2,72,179,11,169,63,31,75d1b16c15c201143eb0f00e84429326ead193544062ed0323b47e7914fd575d
W8_Q08,STRUCT_R1,3,6,1623873,6056,8,0,21,1,39,170,10,168,63,22,dfb50a16d91192e00318e4ac61c06d5403d37554d2e61726115b9e5e96a90617
W8_Q08,ALGSTRUCT,3,6,1631376,5721,8,1,21,1,39,170,10,168,63,22,dfb50a16d91192e00318e4ac61c06d5403d37554d2e61726115b9e5e96a90617
W5_Q01,STRUCT_R1,3,6,186869,1370,0,0,3,0,3,1,4,10,4,3,7528d1a80da7ce6bed6c3efbaad136c6b237adf54f46f512a5fe79019bfef2ec
W6_Q32,OFF,3,6,1579560,3444,0,0,34,2,100,34,6,15,5,36,e27ba2fd4a248e13e86f6fd51f6578ca7bbe37b27fb6c62f3d2e37c16ce58156
W9_Q32,OFF,3,6,3486820,14926,0,0,34,0,96,1536,4,4,1,34,13dfd65212c03f91a3168cac28f16ba616ce21a6c4d7fb7bf5b25f0167fbc71b
W4_Q08,ALGSTRUCT,3,6,2951769,13352,8,0,34,1,59,265,13,262,31,35,0d7db8d8f19881c77c6e7cd19e1f9d024ea9973fae56dbdbc00db2eeaa790340
W4_Q04,ALGSTRUCT,3,6,1452654,6444,4,0,18,1,31,133,9,138,31,19,fc880fdc081349aa9e95db821628814a11fa6271dfea15fd511d230a5fbbf819
W4_Q08,OFF,3,6,2037111,13241,0,0,34,2,68,266,14,263,31,36,310b652f3a487a64261e67b69ca4bd659f7cd91c74be37afd64d6187457e8bdc
W9_Q16,OFF,3,6,1742391,8612,0,0,18,0,48,768,4,4,1,18,43b7f4efcb619e6e3fc5fc66e7827f4bb8130a24a5905f5ce4efe6114dbfdbd3
W8_Q04,ALGSTRUCT,3,6,1290043,5260,4,1,17,1,31,166,10,168,63,18,1ff2b9471d9cd2dd9078b74afc728460463e46c3102cf6da6b805d7f73e4899a
W6_Q08,OFF,3,6,460607,2260,0,0,10,2,28,10,6,15,5,12,0d426ef82e54bf37e16bebf86ad11b160059eb28202264ca816d50ab17a2aa06
W5_Q32,ALGSTRUCT,3,6,2137128,11871,0,0,96,0,96,32,66,258,4,96,ad908136f049b66ae4b1e1c3f252d7a2ebead009fab3f7177d4babd24fcbec6a
W9_Q08,STRUCT,3,6,1597448,6816,0,0,10,2,14,224,4,4,1,12,4c97cc82f3dbf6bc2a6de325d199b0cb65ffca732846069f84ea5618bb19fcfd
W9_Q32,STRUCT_R1,3,6,5216009,14647,0,0,34,2,38,608,4,4,1,36,f9b4de382a62f7ddf0ae716d829e6d3204b079918eba11b5d003aed0f308e9a0
W1,ALGSTRUCT,3,6,270774,1094,1,0,3,1,5,2,5,14,4,4,ddbc64bc70e115337e04b3ee4eac0b96e81aea703c916cfeea2e2366190e3210
W6_Q08,STRUCT,3,6,588254,1963,0,0,10,2,28,10,6,15,5,12,0d426ef82e54bf37e16bebf86ad11b160059eb28202264ca816d50ab17a2aa06
W9_Q04,STRUCT,3,6,1112195,4739,0,0,6,2,10,160,4,4,1,8,a25fcd6d9b6930c5a5e472a5d4b9da9d0423cec22fe64a49a0e3364286ad6c7b
W7_Q16,ALGSTRUCT,3,6,635661,2074,0,0,20,0,52,18,6,15,4,20,352ecf90b67b0a72cf480d5f2990d3ea8f45c0a65a2644e7a858b4f181627dcb
W5_Q08,STRUCT_R2,3,6,525069,2482,0,0,24,0,24,8,18,66,4,24,1ec99f8159a9bf9f7216cbde66142ab941580d932ab53b67181d9941e08515a5
W4_Q16,STRUCT,3,6,4856995,27721,0,0,66,2,132,530,22,511,31,68,7fbae5656c303ca065341c5db14fa3ef41fb196c82f59bb1c789e1f7b78b0f7a
W5_Q16,STRUCT_R2,3,6,974731,5223,0,0,48,0,48,16,34,130,4,48,15f4ec0f61204d6ef15a655140c1c86c7248fc9deed8e4c09ef3081b8b94fb64
W7_Q04,STRUCT_R1,3,6,294053,1333,0,0,8,0,16,6,6,15,4,8,64eb05b2d681af147811cd64dc0e11be812cb48952e297a71fcf6d3c013ba4a0
W6_Q01,STRUCT_R2,3,6,258757,1518,0,0,3,2,7,3,6,15,5,5,ef852aa19070a90d167a6fc211683b2bbb6401671f4212d90e23806d1620b62f
W2_Q08,STRUCT_R1,3,6,579920,1519,8,0,10,1,19,9,5,14,4,11,28ef291bdbdabd5779860a9dac095bdb774cc930b18dec6f9c7bf13df75550d2
W6_Q04,ALGSTRUCT,3,6,406350,1591,0,0,6,2,16,6,6,15,5,8,463695b346924b3ce3bfd76bc311a5cc5d47fb033482cc22912fc407e8f09fdf
W4_Q16,OFF,3,6,4247036,26574,0,0,66,2,132,530,22,511,31,68,7fbae5656c303ca065341c5db14fa3ef41fb196c82f59bb1c789e1f7b78b0f7a
W8_Q32,ALGSTRUCT,3,6,3871337,8147,32,1,45,1,87,194,10,168,63,46,45e69b1796e998f7df6d485c516cc0751375b53ec01f0a7673d473a9ec217a0e
W5_Q04,STRUCT_R1,3,6,325663,1797,0,0,12,0,12,4,10,34,4,12,233b80e0525d1c617459998a8c1e1bc9855a2c2b10f43c6fd42648b8adae0248
W9_Q16,STRUCT_R1,3,6,2759383,9296,0,0,18,2,22,352,4,4,1,20,ff9866380da95df98e4375770d21fe162b02c0b8b05b75e939b18d0d711c4c04
W6_Q32,STRUCT_R1,3,6,1937205,3093,0,0,34,2,100,34,6,15,5,36,e27ba2fd4a248e13e86f6fd51f6578ca7bbe37b27fb6c62f3d2e37c16ce58156
W2_Q16,OFF,3,6,813141,2574,0,0,18,2,52,18,6,15,4,20,f53a43e02a6f7be38b5d23a92cce7a6f0c7e7deac086e97841ea021c93a5a893
W8_Q08,STRUCT_R2,3,6,1445710,6036,0,1,21,2,48,171,11,169,63,23,6202056e7f9106d89fc2c03650e5a38d69f704cc369ba9e689bf413e5f7173e1
W8_Q01,ALGSTRUCT,3,6,1096139,5722,1,1,14,1,25,163,10,168,63,15,fdd35fe24122be542f9944d55e73c67d2cd28afd3fd1ff25e723a080e5d2dad8
W7_Q01,STRUCT,3,6,223647,1388,0,0,5,0,7,3,6,15,4,5,70f8123fffd2af37d12a00e22d9841098c66a489d4953aae174ab2cb5014e5d7
W7_Q01,ALGSTRUCT,3,6,225388,1240,0,0,5,0,7,3,6,15,4,5,70f8123fffd2af37d12a00e22d9841098c66a489d4953aae174ab2cb5014e5d7
W2_Q08,ALGSTRUCT,3,6,582032,1648,8,0,10,1,19,9,5,14,4,11,28ef291bdbdabd5779860a9dac095bdb774cc930b18dec6f9c7bf13df75550d2
W5_Q01,STRUCT,3,6,179220,1352,0,0,3,0,3,1,4,10,4,3,7528d1a80da7ce6bed6c3efbaad136c6b237adf54f46f512a5fe79019bfef2ec
W5_Q16,OFF,3,6,867512,4925,0,0,48,0,48,16,34,130,4,48,15f4ec0f61204d6ef15a655140c1c86c7248fc9deed8e4c09ef3081b8b94fb64
W2_Q32,STRUCT_R1,3,6,2243852,3462,32,0,34,1,67,33,5,14,4,35,aa6152b6f2b2227ea71db0831b5f58d2dce2bdcb6db5c4bb5d1fb235d1201ed1
W5_Q32,STRUCT,3,6,1994557,10833,0,0,96,0,96,32,66,258,4,96,ad908136f049b66ae4b1e1c3f252d7a2ebead009fab3f7177d4babd24fcbec6a
W7_Q01,OFF,3,6,151260,1739,0,0,5,0,7,3,6,15,4,5,70f8123fffd2af37d12a00e22d9841098c66a489d4953aae174ab2cb5014e5d7
W9_Q02,STRUCT_R2,3,6,634531,4538,0,1,4,1,5,80,4,4,1,5,a250745debd6fd7cf3585f94dfa2ad7178c8b7c572e5ce15f0467c48475c0e9a
W8_Q01,STRUCT_R2,3,6,996251,6277,0,1,14,2,27,164,11,169,63,16,7b06ec78e125033330eb86a638ef113771be6d17e66ade996d2cadaa30e562a7
W9_Q01,ALGSTRUCT,3,6,335646,3425,0,0,3,0,3,48,4,4,1,3,6e63c0dab5f8b29ef9d1440bcd3711746464b7521a4243c8d32e03504a6224d2
W4_Q32,STRUCT,3,6,9912392,63259,0,0,130,2,260,1058,38,1007,31,132,068ad024181661f75503372002890dd704cd730c5fc591fd65590a6d532c145d
W1,STRUCT_R2,3,6,259146,1407,0,0,3,2,7,3,6,15,4,5,4b26ed307e0166f8d1fa59ea1e874899e41c5fd882be9ef62f84eb3685bb70b7
W7_Q32,ALGSTRUCT,3,6,1165489,3130,0,0,36,0,100,34,6,15,4,36,6bdf3735d7ed12e047353d97f7fd342934c808ba421573c6cd2474dd612f37b1
W6_Q16,STRUCT,3,6,990601,2482,0,0,18,2,52,18,6,15,5,20,bb0755604375307ff8e5fd09781b80b224d9ab98fa75fb51387fe44cb24e3726
W7_Q02,ALGSTRUCT,3,6,250757,1444,0,0,6,0,10,4,6,15,4,6,b1d2efac79748ca32ad60ca241d894721be3c3795c13e31e47e01dad1cb5a5f1
W2_Q08,STRUCT,3,6,579791,1926,0,0,10,2,28,10,6,15,4,12,e121069670786ba8fbe3100d624a17638d4611a34b02647058710f2e3db6a9c9
W6_Q16,OFF,3,6,803122,2426,0,0,18,2,52,18,6,15,5,20,bb0755604375307ff8e5fd09781b80b224d9ab98fa75fb51387fe44cb24e3726
W2_Q04,STRUCT_R1,3,6,416683,1332,4,0,6,1,11,5,5,14,4,7,e3e1c95caf3c6465ad04568b51f69fe26be853a4ad44521756f63edd123351f8
W4_Q02,ALGSTRUCT,3,6,788993,3407,2,0,10,1,17,67,7,76,31,11,056c94f2139c9e918446fe4f786e56b203a4febdd7cdb7d162e2b0323db5a772
W4_Q16,STRUCT_R2,3,6,4851253,26592,0,0,66,2,132,530,22,511,31,68,7fbae5656c303ca065341c5db14fa3ef41fb196c82f59bb1c789e1f7b78b0f7a
W5_Q08,STRUCT,3,6,531959,3092,0,0,24,0,24,8,18,66,4,24,1ec99f8159a9bf9f7216cbde66142ab941580d932ab53b67181d9941e08515a5
W5_Q04,OFF,3,6,246350,1833,0,0,12,0,12,4,10,34,4,12,233b80e0525d1c617459998a8c1e1bc9855a2c2b10f43c6fd42648b8adae0248
W4_Q32,STRUCT_R2,3,6,9694431,61500,0,0,130,2,260,1058,38,1007,31,132,068ad024181661f75503372002890dd704cd730c5fc591fd65590a6d532c145d
W5_Q16,ALGSTRUCT,3,6,1013862,4203,0,0,48,0,48,16,34,130,4,48,15f4ec0f61204d6ef15a655140c1c86c7248fc9deed8e4c09ef3081b8b94fb64
W9_Q02,STRUCT_R1,3,6,475033,3537,0,0,4,0,6,96,4,4,1,4,f59554bf6b558dac39020afcdc9d3261e3c200f0f612cb6818827b31bbda0408
W4_Q01,ALGSTRUCT,3,6,492274,2333,1,0,6,1,10,34,6,45,31,7,2a2742010b3f20f3e0b7616f059bcf47256e350d22af5b1d3a055aa5eee736e9
W2_Q32,OFF,3,6,1565708,3092,0,0,34,2,100,34,6,15,4,36,ead1d2e3154b72c47159b745145cb82392c282dcdeeba0e877b2291c8ed45d37
W8_Q02,STRUCT,3,6,1073046,5851,0,0,15,2,30,165,11,169,63,17,ab8e72a97eeddaf640fa9d87846837b35913b3b9a7916818e4653a499fd7cc9a
W2_Q02,STRUCT_R2,3,6,306997,1686,0,0,4,2,10,4,6,15,4,6,002b88cffa362a25f201c7342c0d49bad4cd7fb10998ad8823a39c11beee6d88
W9_Q08,STRUCT_R1,3,6,1570560,6296,0,0,10,2,14,224,4,4,1,12,4c97cc82f3dbf6bc2a6de325d199b0cb65ffca732846069f84ea5618bb19fcfd
W9_Q01,STRUCT_R1,3,6,347810,4872,0,0,3,0,3,48,4,4,1,3,6e63c0dab5f8b29ef9d1440bcd3711746464b7521a4243c8d32e03504a6224d2
W5_Q16,STRUCT_R1,3,6,1002528,4667,0,0,48,0,48,16,34,130,4,48,15f4ec0f61204d6ef15a655140c1c86c7248fc9deed8e4c09ef3081b8b94fb64
W9_Q01,OFF,3,6,233052,4297,0,0,3,0,3,48,4,4,1,3,6e63c0dab5f8b29ef9d1440bcd3711746464b7521a4243c8d32e03504a6224d2
W4_Q02,STRUCT_R1,3,6,797160,3573,2,0,10,1,17,67,7,76,31,11,056c94f2139c9e918446fe4f786e56b203a4febdd7cdb7d162e2b0323db5a772
W7_Q16,STRUCT,3,6,617939,2407,0,0,20,0,52,18,6,15,4,20,352ecf90b67b0a72cf480d5f2990d3ea8f45c0a65a2644e7a858b4f181627dcb
W8_Q04,STRUCT,3,6,1203508,6129,0,0,17,2,36,167,11,169,63,19,683043cf53c296ea0d43a0c383a5a5aa5dfae2adbc542c677c919239829da206
W7_Q16,STRUCT_R2,3,6,610493,2020,0,0,20,0,52,18,6,15,4,20,352ecf90b67b0a72cf480d5f2990d3ea8f45c0a65a2644e7a858b4f181627dcb
W7_Q32,STRUCT_R2,3,6,1106599,3187,0,0,36,0,100,34,6,15,4,36,6bdf3735d7ed12e047353d97f7fd342934c808ba421573c6cd2474dd612f37b1
W7_Q04,ALGSTRUCT,3,6,296201,1389,0,0,8,0,16,6,6,15,4,8,64eb05b2d681af147811cd64dc0e11be812cb48952e297a71fcf6d3c013ba4a0
W6_Q04,STRUCT_R1,3,6,405312,1592,0,0,6,2,16,6,6,15,5,8,463695b346924b3ce3bfd76bc311a5cc5d47fb033482cc22912fc407e8f09fdf
W9_Q01,STRUCT,3,6,338145,3815,0,0,3,0,3,48,4,4,1,3,6e63c0dab5f8b29ef9d1440bcd3711746464b7521a4243c8d32e03504a6224d2
W9_Q08,ALGSTRUCT,3,6,1473505,5648,0,4,10,1,11,176,4,4,1,11,f0aee4c6a6b6511ecbc27f2fc4ef3f688cd044d5f143461208ceed4e1cea64ae
W6_Q01,STRUCT,3,6,259701,1611,0,0,3,2,7,3,6,15,5,5,ef852aa19070a90d167a6fc211683b2bbb6401671f4212d90e23806d1620b62f
W2_Q04,STRUCT_R2,3,6,402941,1592,0,0,6,2,16,6,6,15,4,8,b8312387bf162a1452336c9e9e40ef1298c4a5b22cc87b54f4215f6e91104b3c
W7_Q08,STRUCT,3,6,407311,1907,0,0,12,0,28,10,6,15,4,12,d13ad2add4e1d9cb21c441a8963ffbcf5f462a05d4f61331fa56b7c117fe58d1
W3_d1,STRUCT_R1,3,6,582401,1742,8,0,10,1,19,9,5,14,4,11,51eaee63f5c885c3fa7e71093e89c7ff61bea1c09d51d95c588c39ddf452f383
W9_Q02,STRUCT,3,6,482014,3741,0,0,4,0,6,96,4,4,1,4,f59554bf6b558dac39020afcdc9d3261e3c200f0f612cb6818827b31bbda0408
W1,STRUCT_R1,3,6,271090,1408,1,0,3,1,5,2,5,14,4,4,ddbc64bc70e115337e04b3ee4eac0b96e81aea703c916cfeea2e2366190e3210
W2_Q02,STRUCT,3,6,311905,1610,0,0,4,2,10,4,6,15,4,6,002b88cffa362a25f201c7342c0d49bad4cd7fb10998ad8823a39c11beee6d88
W7_Q02,STRUCT,3,6,244908,1609,0,0,6,0,10,4,6,15,4,6,b1d2efac79748ca32ad60ca241d894721be3c3795c13e31e47e01dad1cb5a5f1
W9_Q32,ALGSTRUCT,3,6,5039917,12111,0,16,34,1,35,560,4,4,1,35,678046e55883cc9fe207429daab5f5da66bcc2178ee01574697097ddff7f102c
W2_Q01,STRUCT_R2,3,6,262793,1538,0,0,3,2,7,3,6,15,4,5,fb4f50a52888382fd35dda056767f1188dd59b0b7db5fbe2928a5afbf6bf9f5b
W2_Q02,STRUCT_R1,3,6,320812,1408,2,0,4,1,7,3,5,14,4,5,d8adac9423435c6f23a5e314f4d31430db516714fee41508dcac1bc6af0e6f0c
W6_Q01,OFF,3,6,199443,1426,0,0,3,2,7,3,6,15,5,5,ef852aa19070a90d167a6fc211683b2bbb6401671f4212d90e23806d1620b62f
W4_Q08,STRUCT_R1,3,6,2948955,13407,8,0,34,1,59,265,13,262,31,35,0d7db8d8f19881c77c6e7cd19e1f9d024ea9973fae56dbdbc00db2eeaa790340
W2_Q01,OFF,3,6,199536,1555,0,0,3,2,7,3,6,15,4,5,fb4f50a52888382fd35dda056767f1188dd59b0b7db5fbe2928a5afbf6bf9f5b
W3_d3,ALGSTRUCT,3,6,1414467,1946,10,0,12,5,29,13,11,43,8,17,16f1a8e88d7f920d91f3a177d0789d4761bf8768a0ac71ebce1f9f2282714954
W6_Q04,OFF,3,6,316718,1649,0,0,6,2,16,6,6,15,5,8,463695b346924b3ce3bfd76bc311a5cc5d47fb033482cc22912fc407e8f09fdf
W2_Q16,ALGSTRUCT,3,6,1054471,1908,16,0,18,1,35,17,5,14,4,19,6874ea3fe8a08c7af5d8752f9a4557e5d01bc066a937913a1e427661cbb540c4
W9_Q02,ALGSTRUCT,3,6,630846,3130,0,1,4,1,5,80,4,4,1,5,a250745debd6fd7cf3585f94dfa2ad7178c8b7c572e5ce15f0467c48475c0e9a
W6_Q16,ALGSTRUCT,3,6,1009824,2074,0,0,18,2,52,18,6,15,5,20,bb0755604375307ff8e5fd09781b80b224d9ab98fa75fb51387fe44cb24e3726
W4_Q01,OFF,3,6,368941,2407,0,0,6,2,12,35,7,46,31,8,c1c4e28384d704fc6572f4a795b1b9dcd23dd585446058743d09154ee63f83a5
W7_Q16,STRUCT_R1,3,6,627641,1946,0,0,20,0,52,18,6,15,4,20,352ecf90b67b0a72cf480d5f2990d3ea8f45c0a65a2644e7a858b4f181627dcb
W6_Q02,STRUCT_R1,3,6,316516,1518,0,0,4,2,10,4,6,15,5,6,d26b7c6c44eb2ae1342ad0eacde318e4485f70f1e0c22f44dc171d7c0f11f2c5
W4_Q04,STRUCT_R2,3,6,1242582,7222,0,0,18,2,36,134,10,139,31,20,fd25718cb278dfe33c1131161ba4977814e08de24bd73801325a42bf895b4b90
W9_Q04,ALGSTRUCT,3,6,990193,4409,0,2,6,1,7,112,4,4,1,7,7e3f7232eefdc535f0f8be36c1c724fab7de36a2740821784506d96a09bd30b3
W2_Q32,ALGSTRUCT,3,6,2257184,3203,32,0,34,1,67,33,5,14,4,35,aa6152b6f2b2227ea71db0831b5f58d2dce2bdcb6db5c4bb5d1fb235d1201ed1
W8_Q16,STRUCT_R1,3,6,2188463,6370,16,0,29,1,55,178,10,168,63,30,d68e12eaec95eadd08fb1ce8e6c0dcfc893de77e4c3d4f5a64bb4b4ee29b64b3
W8_Q01,OFF,3,6,800864,5870,0,0,14,2,27,164,11,169,63,16,7b06ec78e125033330eb86a638ef113771be6d17e66ade996d2cadaa30e562a7
W5_Q16,STRUCT,3,6,973491,4556,0,0,48,0,48,16,34,130,4,48,15f4ec0f61204d6ef15a655140c1c86c7248fc9deed8e4c09ef3081b8b94fb64
W2_Q32,STRUCT,3,6,1861446,3204,0,0,34,2,100,34,6,15,4,36,ead1d2e3154b72c47159b745145cb82392c282dcdeeba0e877b2291c8ed45d37
W3_d1,STRUCT_R2,3,6,566328,1574,0,0,10,2,28,10,6,15,4,12,a54c74b256ab2c5cf00e4072ff680215ee9ddba8ea28d33e07bfd46dd0370227
W4_Q04,OFF,3,6,1070194,6778,0,0,18,2,36,134,10,139,31,20,fd25718cb278dfe33c1131161ba4977814e08de24bd73801325a42bf895b4b90
W4_Q01,STRUCT_R1,3,6,488571,2388,1,0,6,1,10,34,6,45,31,7,2a2742010b3f20f3e0b7616f059bcf47256e350d22af5b1d3a055aa5eee736e9
W9_Q04,STRUCT_R2,3,6,990693,5316,0,2,6,1,7,112,4,4,1,7,7e3f7232eefdc535f0f8be36c1c724fab7de36a2740821784506d96a09bd30b3
W4_Q08,STRUCT_R2,3,6,2333682,13723,0,0,34,2,68,266,14,263,31,36,310b652f3a487a64261e67b69ca4bd659f7cd91c74be37afd64d6187457e8bdc
W8_Q16,ALGSTRUCT,3,6,2220627,6927,16,1,29,1,55,178,10,168,63,30,d68e12eaec95eadd08fb1ce8e6c0dcfc893de77e4c3d4f5a64bb4b4ee29b64b3
W7_Q08,ALGSTRUCT,3,6,412256,1722,0,0,12,0,28,10,6,15,4,12,d13ad2add4e1d9cb21c441a8963ffbcf5f462a05d4f61331fa56b7c117fe58d1
W5_Q04,STRUCT_R2,3,6,310534,1686,0,0,12,0,12,4,10,34,4,12,233b80e0525d1c617459998a8c1e1bc9855a2c2b10f43c6fd42648b8adae0248
W9_Q08,OFF,3,6,915325,6574,0,0,10,0,24,384,4,4,1,10,ae43d04dfb0cf7afbfdc83558714cd1da89c64e7c6d49325a19de9764156762a
W2_Q02,ALGSTRUCT,3,6,322387,1369,2,0,4,1,7,3,5,14,4,5,d8adac9423435c6f23a5e314f4d31430db516714fee41508dcac1bc6af0e6f0c
W6_Q04,STRUCT,3,6,401775,1517,0,0,6,2,16,6,6,15,5,8,463695b346924b3ce3bfd76bc311a5cc5d47fb033482cc22912fc407e8f09fdf
W8_Q08,OFF,3,6,1190768,5851,0,0,21,2,48,171,11,169,63,23,6202056e7f9106d89fc2c03650e5a38d69f704cc369ba9e689bf413e5f7173e1
W8_Q32,STRUCT,3,6,2841697,8018,0,0,45,2,120,195,11,169,63,47,257e33fe42ff72054f90b0755280d3b57f6dc95e0ff488350c7a08c8fa00e255
W9_Q04,STRUCT_R1,3,6,1127415,5760,0,0,6,2,10,160,4,4,1,8,a25fcd6d9b6930c5a5e472a5d4b9da9d0423cec22fe64a49a0e3364286ad6c7b
W3_d2,STRUCT,3,6,973861,1963,0,0,11,5,35,13,10,29,5,16,bb512a3ef0db77c97656c90a9544f5958e4b52748f6a43bfdbc34ec450c82e91
W8_Q01,STRUCT_R1,3,6,1108600,5630,1,0,14,1,25,163,10,168,63,15,fdd35fe24122be542f9944d55e73c67d2cd28afd3fd1ff25e723a080e5d2dad8
W6_Q08,STRUCT_R2,3,6,580069,1963,0,0,10,2,28,10,6,15,5,12,0d426ef82e54bf37e16bebf86ad11b160059eb28202264ca816d50ab17a2aa06
W4_Q16,ALGSTRUCT,3,6,7093103,25463,16,0,66,1,115,529,21,510,31,67,c4cb6b036cc3a61a0d0502a6d94307b09dd7e159ba9b445a83ebed14f5c8ebe1
W6_Q16,STRUCT_R1,3,6,1011196,1925,0,0,18,2,52,18,6,15,5,20,bb0755604375307ff8e5fd09781b80b224d9ab98fa75fb51387fe44cb24e3726
W8_Q32,STRUCT_R1,3,6,3869816,8575,32,0,45,1,87,194,10,168,63,46,45e69b1796e998f7df6d485c516cc0751375b53ec01f0a7673d473a9ec217a0e
W1,STRUCT,3,6,264479,1537,0,0,3,2,7,3,6,15,4,5,4b26ed307e0166f8d1fa59ea1e874899e41c5fd882be9ef62f84eb3685bb70b7
W7_Q16,OFF,3,6,485347,2316,0,0,20,0,52,18,6,15,4,20,352ecf90b67b0a72cf480d5f2990d3ea8f45c0a65a2644e7a858b4f181627dcb
W7_Q02,STRUCT_R2,3,6,241128,1500,0,0,6,0,10,4,6,15,4,6,b1d2efac79748ca32ad60ca241d894721be3c3795c13e31e47e01dad1cb5a5f1
W4_Q32,STRUCT_R1,3,6,18401816,55574,32,0,130,1,227,1057,37,1006,31,131,4a5be56a553c6df341c1f260562041444c20a964d5f4f3916c7966ddd0bae2e9
W7_Q01,STRUCT_R1,3,6,223091,1351,0,0,5,0,7,3,6,15,4,5,70f8123fffd2af37d12a00e22d9841098c66a489d4953aae174ab2cb5014e5d7
W8_Q32,OFF,3,6,2394442,7833,0,0,45,2,120,195,11,169,63,47,257e33fe42ff72054f90b0755280d3b57f6dc95e0ff488350c7a08c8fa00e255
W6_Q16,STRUCT_R2,3,6,978397,2724,0,0,18,2,52,18,6,15,5,20,bb0755604375307ff8e5fd09781b80b224d9ab98fa75fb51387fe44cb24e3726
W7_Q32,STRUCT_R1,3,6,1169859,3390,0,0,36,0,100,34,6,15,4,36,6bdf3735d7ed12e047353d97f7fd342934c808ba421573c6cd2474dd612f37b1
W8_Q02,OFF,3,6,847473,5667,0,0,15,2,30,165,11,169,63,17,ab8e72a97eeddaf640fa9d87846837b35913b3b9a7916818e4653a499fd7cc9a
W5_Q02,ALGSTRUCT,3,6,224554,1611,0,0,6,0,6,2,6,18,4,6,e7741c936508103b2af3b934e316124eac7bac4773e716fb634bafee4047c0e4
W7_Q04,OFF,3,6,209407,1814,0,0,8,0,16,6,6,15,4,8,64eb05b2d681af147811cd64dc0e11be812cb48952e297a71fcf6d3c013ba4a0
W1,OFF,3,6,197665,1518,0,0,3,2,7,3,6,15,4,5,4b26ed307e0166f8d1fa59ea1e874899e41c5fd882be9ef62f84eb3685bb70b7
W5_Q02,STRUCT_R1,3,6,223629,1425,0,0,6,0,6,2,6,18,4,6,e7741c936508103b2af3b934e316124eac7bac4773e716fb634bafee4047c0e4
W6_Q32,STRUCT,3,6,1892094,3426,0,0,34,2,100,34,6,15,5,36,e27ba2fd4a248e13e86f6fd51f6578ca7bbe37b27fb6c62f3d2e37c16ce58156
W3_d2,OFF,3,6,801271,2036,0,0,11,5,35,13,10,29,5,16,bb512a3ef0db77c97656c90a9544f5958e4b52748f6a43bfdbc34ec450c82e91
W5_Q08,ALGSTRUCT,3,6,542144,2722,0,0,24,0,24,8,18,66,4,24,1ec99f8159a9bf9f7216cbde66142ab941580d932ab53b67181d9941e08515a5
W4_Q32,ALGSTRUCT,3,6,18682350,53833,32,0,130,1,227,1057,37,1006,31,131,4a5be56a553c6df341c1f260562041444c20a964d5f4f3916c7966ddd0bae2e9
W2_Q04,STRUCT,3,6,405442,1721,0,0,6,2,16,6,6,15,4,8,b8312387bf162a1452336c9e9e40ef1298c4a5b22cc87b54f4215f6e91104b3c
W4_Q08,STRUCT,3,6,2336330,12963,0,0,34,2,68,266,14,263,31,36,310b652f3a487a64261e67b69ca4bd659f7cd91c74be37afd64d6187457e8bdc
W7_Q32,STRUCT,3,6,1136878,3408,0,0,36,0,100,34,6,15,4,36,6bdf3735d7ed12e047353d97f7fd342934c808ba421573c6cd2474dd612f37b1
W6_Q32,STRUCT_R2,3,6,1869058,3166,0,0,34,2,100,34,6,15,5,36,e27ba2fd4a248e13e86f6fd51f6578ca7bbe37b27fb6c62f3d2e37c16ce58156
W5_Q32,STRUCT_R2,3,6,2007928,13628,0,0,96,0,96,32,66,258,4,96,ad908136f049b66ae4b1e1c3f252d7a2ebead009fab3f7177d4babd24fcbec6a
W8_Q08,STRUCT,3,6,1449801,5982,0,0,21,2,48,171,11,169,63,23,6202056e7f9106d89fc2c03650e5a38d69f704cc369ba9e689bf413e5f7173e1
W6_Q02,OFF,3,6,241481,1554,0,0,4,2,10,4,6,15,5,6,d26b7c6c44eb2ae1342ad0eacde318e4485f70f1e0c22f44dc171d7c0f11f2c5
W2_Q01,STRUCT_R1,3,6,278664,1352,1,0,3,1,5,2,5,14,4,4,2474f5c3c44c2292e8653ad95f4f21ec80fa6c72b730d7761807baa6c04c0270
W8_Q16,OFF,3,6,1531710,6740,0,0,29,2,72,179,11,169,63,31,75d1b16c15c201143eb0f00e84429326ead193544062ed0323b47e7914fd575d
W8_Q02,STRUCT_R2,3,6,1052305,5574,0,1,15,2,30,165,11,169,63,17,ab8e72a97eeddaf640fa9d87846837b35913b3b9a7916818e4653a499fd7cc9a
W7_Q08,STRUCT_R2,3,6,401331,1813,0,0,12,0,28,10,6,15,4,12,d13ad2add4e1d9cb21c441a8963ffbcf5f462a05d4f61331fa56b7c117fe58d1
W8_Q02,ALGSTRUCT,3,6,1149674,5149,2,1,15,1,27,164,10,168,63,16,652ea2e2db2a8b59e1a2373d0aa09bb6194a7176cb3cd104297a14f7ef235e6b
W9_Q16,STRUCT,3,6,2804068,7963,0,0,18,2,22,352,4,4,1,20,ff9866380da95df98e4375770d21fe162b02c0b8b05b75e939b18d0d711c4c04
W3_d1,ALGSTRUCT,3,6,585497,1554,8,0,10,1,19,9,5,14,4,11,51eaee63f5c885c3fa7e71093e89c7ff61bea1c09d51d95c588c39ddf452f383
W7_Q04,STRUCT,3,6,288795,1702,0,0,8,0,16,6,6,15,4,8,64eb05b2d681af147811cd64dc0e11be812cb48952e297a71fcf6d3c013ba4a0
W3_d3,OFF,3,6,1177767,2630,0,0,12,8,42,16,14,46,8,20,d0de00aa950042ce2df3a1aacd87b83395b88f62201b4b0ee4f6f67dba5bbb2b
W4_Q04,STRUCT_R1,3,6,1456893,6816,4,0,18,1,31,133,9,138,31,19,fc880fdc081349aa9e95db821628814a11fa6271dfea15fd511d230a5fbbf819
W8_Q04,STRUCT_R1,3,6,1296006,5223,4,0,17,1,31,166,10,168,63,18,1ff2b9471d9cd2dd9078b74afc728460463e46c3102cf6da6b805d7f73e4899a
W8_Q02,STRUCT_R1,3,6,1162768,4962,2,0,15,1,27,164,10,168,63,16,652ea2e2db2a8b59e1a2373d0aa09bb6194a7176cb3cd104297a14f7ef235e6b
W8_Q32,STRUCT_R2,3,6,2816513,8406,0,1,45,2,120,195,11,169,63,47,257e33fe42ff72054f90b0755280d3b57f6dc95e0ff488350c7a08c8fa00e255
W5_Q02,OFF,3,6,158240,1629,0,0,6,0,6,2,6,18,4,6,e7741c936508103b2af3b934e316124eac7bac4773e716fb634bafee4047c0e4
W6_Q01,STRUCT_R1,3,6,269238,1575,0,0,3,2,7,3,6,15,5,5,ef852aa19070a90d167a6fc211683b2bbb6401671f4212d90e23806d1620b62f
W2_Q01,ALGSTRUCT,3,6,274238,1222,1,0,3,1,5,2,5,14,4,4,2474f5c3c44c2292e8653ad95f4f21ec80fa6c72b730d7761807baa6c04c0270
W6_Q04,STRUCT_R2,3,6,397571,1796,0,0,6,2,16,6,6,15,5,8,463695b346924b3ce3bfd76bc311a5cc5d47fb033482cc22912fc407e8f09fdf
W5_Q08,OFF,3,6,448402,2742,0,0,24,0,24,8,18,66,4,24,1ec99f8159a9bf9f7216cbde66142ab941580d932ab53b67181d9941e08515a5
W7_Q32,OFF,3,6,904934,3076,0,0,36,0,100,34,6,15,4,36,6bdf3735d7ed12e047353d97f7fd342934c808ba421573c6cd2474dd612f37b1
W5_Q04,ALGSTRUCT,3,6,327886,2018,0,0,12,0,12,4,10,34,4,12,233b80e0525d1c617459998a8c1e1bc9855a2c2b10f43c6fd42648b8adae0248
W4_Q02,STRUCT,3,6,700253,3667,0,0,10,2,20,68,8,77,31,12,c082fb0620ac05b05065135ca996c9564b57d8a79b47964aa54b86c16cd0659f
W3_d2,ALGSTRUCT,3,6,985381,2147,9,0,11,3,24,11,8,27,5,14,b3a60a0bc9bb1633f8ca67743fa2b43eea5f58f8a512cbf173b181d8c20dfa68
W2_Q01,STRUCT,3,6,260145,1871,0,0,3,2,7,3,6,15,4,5,fb4f50a52888382fd35dda056767f1188dd59b0b7db5fbe2928a5afbf6bf9f5b
W8_Q04,OFF,3,6,966731,5853,0,0,17,2,36,167,11,169,63,19,683043cf53c296ea0d43a0c383a5a5aa5dfae2adbc542c677c919239829da206
W6_Q08,ALGSTRUCT,3,6,599069,1555,0,0,10,2,28,10,6,15,5,12,0d426ef82e54bf37e16bebf86ad11b160059eb28202264ca816d50ab17a2aa06
W5_Q01,STRUCT_R2,3,6,183202,1667,0,0,3,0,3,1,4,10,4,3,7528d1a80da7ce6bed6c3efbaad136c6b237adf54f46f512a5fe79019bfef2ec
W7_Q08,STRUCT_R1,3,6,419368,1536,0,0,12,0,28,10,6,15,4,12,d13ad2add4e1d9cb21c441a8963ffbcf5f462a05d4f61331fa56b7c117fe58d1
W2_Q32,STRUCT_R2,3,6,1868280,3092,0,0,34,2,100,34,6,15,4,36,ead1d2e3154b72c47159b745145cb82392c282dcdeeba0e877b2291c8ed45d37
W4_Q02,STRUCT_R2,3,6,688475,4111,0,0,10,2,20,68,8,77,31,12,c082fb0620ac05b05065135ca996c9564b57d8a79b47964aa54b86c16cd0659f
W7_Q02,OFF,3,6,173351,1629,0,0,6,0,10,4,6,15,4,6,b1d2efac79748ca32ad60ca241d894721be3c3795c13e31e47e01dad1cb5a5f1
W7_Q08,OFF,3,6,299792,1946,0,0,12,0,28,10,6,15,4,12,d13ad2add4e1d9cb21c441a8963ffbcf5f462a05d4f61331fa56b7c117fe58d1
W2_Q04,OFF,3,6,316941,1500,0,0,6,2,16,6,6,15,4,8,b8312387bf162a1452336c9e9e40ef1298c4a5b22cc87b54f4215f6e91104b3c
W9_Q01,STRUCT_R2,3,6,338996,4445,0,0,3,0,3,48,4,4,1,3,6e63c0dab5f8b29ef9d1440bcd3711746464b7521a4243c8d32e03504a6224d2
W3_d3,STRUCT_R2,3,6,1406450,2222,0,0,12,8,42,16,14,46,8,20,d0de00aa950042ce2df3a1aacd87b83395b88f62201b4b0ee4f6f67dba5bbb2b
W4_Q32,OFF,3,6,8832013,62926,0,0,130,2,260,1058,38,1007,31,132,068ad024181661f75503372002890dd704cd730c5fc591fd65590a6d532c145d
W9_Q04,OFF,3,6,605570,4462,0,0,6,0,12,192,4,4,1,6,6dad93323aff1013501fa90b58e0e48741ec6d807386799264c78a900e9e11d0
W8_Q01,STRUCT,3,6,1004324,5778,0,0,14,2,27,164,11,169,63,16,7b06ec78e125033330eb86a638ef113771be6d17e66ade996d2cadaa30e562a7
W6_Q02,STRUCT_R2,3,6,313461,2110,0,0,4,2,10,4,6,15,5,6,d26b7c6c44eb2ae1342ad0eacde318e4485f70f1e0c22f44dc171d7c0f11f2c5
W4_Q16,STRUCT_R1,3,6,7086287,25520,16,0,66,1,115,529,21,510,31,67,c4cb6b036cc3a61a0d0502a6d94307b09dd7e159ba9b445a83ebed14f5c8ebe1
W6_Q02,ALGSTRUCT,3,6,324146,1351,0,0,4,2,10,4,6,15,5,6,d26b7c6c44eb2ae1342ad0eacde318e4485f70f1e0c22f44dc171d7c0f11f2c5
W9_Q02,OFF,3,6,345403,4279,0,0,4,0,6,96,4,4,1,4,f59554bf6b558dac39020afcdc9d3261e3c200f0f612cb6818827b31bbda0408
W7_Q02,STRUCT_R1,3,6,247515,1482,0,0,6,0,10,4,6,15,4,6,b1d2efac79748ca32ad60ca241d894721be3c3795c13e31e47e01dad1cb5a5f1
W7_Q04,STRUCT_R2,3,6,284923,1501,0,0,8,0,16,6,6,15,4,8,64eb05b2d681af147811cd64dc0e11be812cb48952e297a71fcf6d3c013ba4a0
W9_Q32,STRUCT_R2,3,6,5026456,13036,0,16,34,1,35,560,4,4,1,35,678046e55883cc9fe207429daab5f5da66bcc2178ee01574697097ddff7f102c
W2_Q04,ALGSTRUCT,3,6,413089,1407,4,0,6,1,11,5,5,14,4,7,e3e1c95caf3c6465ad04568b51f69fe26be853a4ad44521756f63edd123351f8
W5_Q01,ALGSTRUCT,3,6,182777,1129,0,0,3,0,3,1,4,10,4,3,7528d1a80da7ce6bed6c3efbaad136c6b237adf54f46f512a5fe79019bfef2ec
W5_Q04,STRUCT,3,6,313794,1999,0,0,12,0,12,4,10,34,4,12,233b80e0525d1c617459998a8c1e1bc9855a2c2b10f43c6fd42648b8adae0248
W4_Q01,STRUCT_R2,3,6,441199,2556,0,0,6,2,12,35,7,46,31,8,c1c4e28384d704fc6572f4a795b1b9dcd23dd585446058743d09154ee63f83a5
W3_d1,OFF,3,6,461996,2000,0,0,10,2,28,10,6,15,4,12,a54c74b256ab2c5cf00e4072ff680215ee9ddba8ea28d33e07bfd46dd0370227
W2_Q16,STRUCT_R1,4,6,1040769,2185,16,0,18,1,35,17,5,14,4,19,6874ea3fe8a08c7af5d8752f9a4557e5d01bc066a937913a1e427661cbb540c4
W9_Q32,OFF,4,6,3522912,15093,0,0,34,0,96,1536,4,4,1,34,13dfd65212c03f91a3168cac28f16ba616ce21a6c4d7fb7bf5b25f0167fbc71b
W2_Q32,OFF,4,6,1584634,3408,0,0,34,2,100,34,6,15,4,36,ead1d2e3154b72c47159b745145cb82392c282dcdeeba0e877b2291c8ed45d37
W8_Q32,STRUCT_R2,4,6,2825511,8704,0,1,45,2,120,195,11,169,63,47,257e33fe42ff72054f90b0755280d3b57f6dc95e0ff488350c7a08c8fa00e255
W7_Q02,STRUCT_R2,4,6,247425,1425,0,0,6,0,10,4,6,15,4,6,b1d2efac79748ca32ad60ca241d894721be3c3795c13e31e47e01dad1cb5a5f1
W2_Q16,STRUCT,4,6,998844,2259,0,0,18,2,52,18,6,15,4,20,f53a43e02a6f7be38b5d23a92cce7a6f0c7e7deac086e97841ea021c93a5a893
W8_Q02,STRUCT_R1,4,6,1180303,5464,2,0,15,1,27,164,10,168,63,16,652ea2e2db2a8b59e1a2373d0aa09bb6194a7176cb3cd104297a14f7ef235e6b
W3_d1,ALGSTRUCT,4,6,587681,1499,8,0,10,1,19,9,5,14,4,11,51eaee63f5c885c3fa7e71093e89c7ff61bea1c09d51d95c588c39ddf452f383
W4_Q16,STRUCT_R1,4,6,7104955,25981,16,0,66,1,115,529,21,510,31,67,c4cb6b036cc3a61a0d0502a6d94307b09dd7e159ba9b445a83ebed14f5c8ebe1
W4_Q01,STRUCT,4,6,451738,2425,0,0,6,2,12,35,7,46,31,8,c1c4e28384d704fc6572f4a795b1b9dcd23dd585446058743d09154ee63f83a5
W9_Q32,STRUCT_R1,4,6,5220083,12610,0,0,34,2,38,608,4,4,1,36,f9b4de382a62f7ddf0ae716d829e6d3204b079918eba11b5d003aed0f308e9a0
W5_Q16,STRUCT_R2,4,6,977253,4665,0,0,48,0,48,16,34,130,4,48,15f4ec0f61204d6ef15a655140c1c86c7248fc9deed8e4c09ef3081b8b94fb64
W4_Q32,ALGSTRUCT,4,6,18487666,58667,32,0,130,1,227,1057,37,1006,31,131,4a5be56a553c6df341c1f260562041444c20a964d5f4f3916c7966ddd0bae2e9
W8_Q01,ALGSTRUCT,4,6,1102045,5556,1,1,14,1,25,163,10,168,63,15,fdd35fe24122be542f9944d55e73c67d2cd28afd3fd1ff25e723a080e5d2dad8
W7_Q32,STRUCT_R2,4,6,1116269,3018,0,0,36,0,100,34,6,15,4,36,6bdf3735d7ed12e047353d97f7fd342934c808ba421573c6cd2474dd612f37b1
W7_Q16,STRUCT_R2,4,6,612106,2037,0,0,20,0,52,18,6,15,4,20,352ecf90b67b0a72cf480d5f2990d3ea8f45c0a65a2644e7a858b4f181627dcb
W6_Q32,STRUCT_R2,4,6,1870613,3389,0,0,34,2,100,34,6,15,5,36,e27ba2fd4a248e13e86f6fd51f6578ca7bbe37b27fb6c62f3d2e37c16ce58156
W4_Q02,STRUCT_R1,4,6,784029,3704,2,0,10,1,17,67,7,76,31,11,056c94f2139c9e918446fe4f786e56b203a4febdd7cdb7d162e2b0323db5a772
W5_Q16,OFF,4,6,869549,5240,0,0,48,0,48,16,34,130,4,48,15f4ec0f61204d6ef15a655140c1c86c7248fc9deed8e4c09ef3081b8b94fb64
W2_Q01,STRUCT,4,6,259869,1444,0,0,3,2,7,3,6,15,4,5,fb4f50a52888382fd35dda056767f1188dd59b0b7db5fbe2928a5afbf6bf9f5b
W8_Q02,ALGSTRUCT,4,6,1150453,5648,2,1,15,1,27,164,10,168,63,16,652ea2e2db2a8b59e1a2373d0aa09bb6194a7176cb3cd104297a14f7ef235e6b
W8_Q16,STRUCT,4,6,1849724,6871,0,0,29,2,72,179,11,169,63,31,75d1b16c15c201143eb0f00e84429326ead193544062ed0323b47e7914fd575d
W9_Q08,STRUCT_R2,4,6,1470597,6426,0,4,10,1,11,176,4,4,1,11,f0aee4c6a6b6511ecbc27f2fc4ef3f688cd044d5f143461208ceed4e1cea64ae
W7_Q32,OFF,4,6,916844,3073,0,0,36,0,100,34,6,15,4,36,6bdf3735d7ed12e047353d97f7fd342934c808ba421573c6cd2474dd612f37b1
W7_Q08,OFF,4,6,302848,1760,0,0,12,0,28,10,6,15,4,12,d13ad2add4e1d9cb21c441a8963ffbcf5f462a05d4f61331fa56b7c117fe58d1
W5_Q16,ALGSTRUCT,4,6,1021712,4372,0,0,48,0,48,16,34,130,4,48,15f4ec0f61204d6ef15a655140c1c86c7248fc9deed8e4c09ef3081b8b94fb64
W1,ALGSTRUCT,4,6,275755,1279,1,0,3,1,5,2,5,14,4,4,ddbc64bc70e115337e04b3ee4eac0b96e81aea703c916cfeea2e2366190e3210
W5_Q08,STRUCT_R1,4,6,534661,2445,0,0,24,0,24,8,18,66,4,24,1ec99f8159a9bf9f7216cbde66142ab941580d932ab53b67181d9941e08515a5
W7_Q04,STRUCT_R1,4,6,292907,1387,0,0,8,0,16,6,6,15,4,8,64eb05b2d681af147811cd64dc0e11be812cb48952e297a71fcf6d3c013ba4a0
W6_Q02,OFF,4,6,243757,1463,0,0,4,2,10,4,6,15,5,6,d26b7c6c44eb2ae1342ad0eacde318e4485f70f1e0c22f44dc171d7c0f11f2c5
W4_Q01,STRUCT_R2,4,6,446200,2278,0,0,6,2,12,35,7,46,31,8,c1c4e28384d704fc6572f4a795b1b9dcd23dd585446058743d09154ee63f83a5
W6_Q01,STRUCT_R2,4,6,272942,1611,0,0,3,2,7,3,6,15,5,5,ef852aa19070a90d167a6fc211683b2bbb6401671f4212d90e23806d1620b62f
W3_d1,STRUCT_R1,4,6,583681,1592,8,0,10,1,19,9,5,14,4,11,51eaee63f5c885c3fa7e71093e89c7ff61bea1c09d51d95c588c39ddf452f383
W2_Q01,STRUCT_R2,4,6,261258,1425,0,0,3,2,7,3,6,15,4,5,fb4f50a52888382fd35dda056767f1188dd59b0b7db5fbe2928a5afbf6bf9f5b
W9_Q01,STRUCT_R2,4,6,339813,4147,0,0,3,0,3,48,4,4,1,3,6e63c0dab5f8b29ef9d1440bcd3711746464b7521a4243c8d32e03504a6224d2
W7_Q08,STRUCT_R2,4,6,410257,1610,0,0,12,0,28,10,6,15,4,12,d13ad2add4e1d9cb21c441a8963ffbcf5f462a05d4f61331fa56b7c117fe58d1
W2_Q04,STRUCT,4,6,405311,1648,0,0,6,2,16,6,6,15,4,8,b8312387bf162a1452336c9e9e40ef1298c4a5b22cc87b54f4215f6e91104b3c
W6_Q02,STRUCT_R2,4,6,306332,1591,0,0,4,2,10,4,6,15,5,6,d26b7c6c44eb2ae1342ad0eacde318e4485f70f1e0c22f44dc171d7c0f11f2c5
W2_Q04,OFF,4,6,318314,1461,0,0,6,2,16,6,6,15,4,8,b8312387bf162a1452336c9e9e40ef1298c4a5b22cc87b54f4215f6e91104b3c
W2_Q08,STRUCT_R1,4,6,580310,1630,8,0,10,1,19,9,5,14,4,11,28ef291bdbdabd5779860a9dac095bdb774cc930b18dec6f9c7bf13df75550d2
W2_Q02,STRUCT,4,6,313999,1406,0,0,4,2,10,4,6,15,4,6,002b88cffa362a25f201c7342c0d49bad4cd7fb10998ad8823a39c11beee6d88
W5_Q01,ALGSTRUCT,4,6,184739,1241,0,0,3,0,3,1,4,10,4,3,7528d1a80da7ce6bed6c3efbaad136c6b237adf54f46f512a5fe79019bfef2ec
W5_Q04,STRUCT,4,6,311609,2166,0,0,12,0,12,4,10,34,4,12,233b80e0525d1c617459998a8c1e1bc9855a2c2b10f43c6fd42648b8adae0248
W4_Q02,OFF,4,6,575421,3592,0,0,10,2,20,68,8,77,31,12,c082fb0620ac05b05065135ca996c9564b57d8a79b47964aa54b86c16cd0659f
W2_Q02,ALGSTRUCT,4,6,330478,1352,2,0,4,1,7,3,5,14,4,5,d8adac9423435c6f23a5e314f4d31430db516714fee41508dcac1bc6af0e6f0c
W9_Q08,STRUCT_R1,4,6,1564911,6093,0,0,10,2,14,224,4,4,1,12,4c97cc82f3dbf6bc2a6de325d199b0cb65ffca732846069f84ea5618bb19fcfd
W6_Q01,OFF,4,6,196516,1556,0,0,3,2,7,3,6,15,5,5,ef852aa19070a90d167a6fc211683b2bbb6401671f4212d90e23806d1620b62f
W8_Q01,STRUCT_R2,4,6,1010472,6333,0,1,14,2,27,164,11,169,63,16,7b06ec78e125033330eb86a638ef113771be6d17e66ade996d2cadaa30e562a7
W5_Q08,ALGSTRUCT,4,6,541107,2629,0,0,24,0,24,8,18,66,4,24,1ec99f8159a9bf9f7216cbde66142ab941580d932ab53b67181d9941e08515a5
W5_Q01,OFF,4,6,125703,1463,0,0,3,0,3,1,4,10,4,3,7528d1a80da7ce6bed6c3efbaad136c6b237adf54f46f512a5fe79019bfef2ec
W6_Q02,ALGSTRUCT,4,6,320090,1556,0,0,4,2,10,4,6,15,5,6,d26b7c6c44eb2ae1342ad0eacde318e4485f70f1e0c22f44dc171d7c0f11f2c5
W8_Q08,ALGSTRUCT,4,6,1616116,5722,8,1,21,1,39,170,10,168,63,22,dfb50a16d91192e00318e4ac61c06d5403d37554d2e61726115b9e5e96a90617
W3_d2,ALGSTRUCT,4,6,981250,1889,9,0,11,3,24,11,8,27,5,14,b3a60a0bc9bb1633f8ca67743fa2b43eea5f58f8a512cbf173b181d8c20dfa68
W6_Q01,STRUCT_R1,4,6,258127,1630,0,0,3,2,7,3,6,15,5,5,ef852aa19070a90d167a6fc211683b2bbb6401671f4212d90e23806d1620b62f
W7_Q01,OFF,4,6,153684,1573,0,0,5,0,7,3,6,15,4,5,70f8123fffd2af37d12a00e22d9841098c66a489d4953aae174ab2cb5014e5d7
W5_Q04,STRUCT_R1,4,6,317979,1926,0,0,12,0,12,4,10,34,4,12,233b80e0525d1c617459998a8c1e1bc9855a2c2b10f43c6fd42648b8adae0248
W3_d2,OFF,4,6,796752,2260,0,0,11,5,35,13,10,29,5,16,bb512a3ef0db77c97656c90a9544f5958e4b52748f6a43bfdbc34ec450c82e91
W6_Q04,STRUCT_R1,4,6,410127,1555,0,0,6,2,16,6,6,15,5,8,463695b346924b3ce3bfd76bc311a5cc5d47fb033482cc22912fc407e8f09fdf
W2_Q02,OFF,4,6,238996,1742,0,0,4,2,10,4,6,15,4,6,002b88cffa362a25f201c7342c0d49bad4cd7fb10998ad8823a39c11beee6d88
W8_Q08,STRUCT_R2,4,6,1450078,6760,0,1,21,2,48,171,11,169,63,23,6202056e7f9106d89fc2c03650e5a38d69f704cc369ba9e689bf413e5f7173e1
W3_d3,OFF,4,6,1169972,2444,0,0,12,8,42,16,14,46,8,20,d0de00aa950042ce2df3a1aacd87b83395b88f62201b4b0ee4f6f67dba5bbb2b
W7_Q04,STRUCT_R2,4,6,288201,1611,0,0,8,0,16,6,6,15,4,8,64eb05b2d681af147811cd64dc0e11be812cb48952e297a71fcf6d3c013ba4a0
W3_d3,STRUCT,4,6,1428301,2371,0,0,12,8,42,16,14,46,8,20,d0de00aa950042ce2df3a1aacd87b83395b88f62201b4b0ee4f6f67dba5bbb2b
W9_Q32,STRUCT,4,6,5273028,12628,0,0,34,2,38,608,4,4,1,36,f9b4de382a62f7ddf0ae716d829e6d3204b079918eba11b5d003aed0f308e9a0
W5_Q08,STRUCT_R2,4,6,519477,2666,0,0,24,0,24,8,18,66,4,24,1ec99f8159a9bf9f7216cbde66142ab941580d932ab53b67181d9941e08515a5
W9_Q02,STRUCT_R2,4,6,633790,4075,0,1,4,1,5,80,4,4,1,5,a250745debd6fd7cf3585f94dfa2ad7178c8b7c572e5ce15f0467c48475c0e9a
W6_Q16,STRUCT_R1,4,6,1011029,2296,0,0,18,2,52,18,6,15,5,20,bb0755604375307ff8e5fd09781b80b224d9ab98fa75fb51387fe44cb24e3726
W6_Q04,STRUCT_R2,4,6,396274,1593,0,0,6,2,16,6,6,15,5,8,463695b346924b3ce3bfd76bc311a5cc5d47fb033482cc22912fc407e8f09fdf
W4_Q32,OFF,4,6,8765957,74408,0,0,130,2,260,1058,38,1007,31,132,068ad024181661f75503372002890dd704cd730c5fc591fd65590a6d532c145d
W5_Q01,STRUCT_R1,4,6,180498,1297,0,0,3,0,3,1,4,10,4,3,7528d1a80da7ce6bed6c3efbaad136c6b237adf54f46f512a5fe79019bfef2ec
W2_Q16,STRUCT_R2,4,6,986045,2353,0,0,18,2,52,18,6,15,4,20,f53a43e02a6f7be38b5d23a92cce7a6f0c7e7deac086e97841ea021c93a5a893
W5_Q02,ALGSTRUCT,4,6,227961,1407,0,0,6,0,6,2,6,18,4,6,e7741c936508103b2af3b934e316124eac7bac4773e716fb634bafee4047c0e4
W4_Q08,ALGSTRUCT,4,6,2946809,13202,8,0,34,1,59,265,13,262,31,35,0d7db8d8f19881c77c6e7cd19e1f9d024ea9973fae56dbdbc00db2eeaa790340
W8_Q02,STRUCT_R2,4,6,1050267,5501,0,1,15,2,30,165,11,169,63,17,ab8e72a97eeddaf640fa9d87846837b35913b3b9a7916818e4653a499fd7cc9a
W5_Q32,STRUCT,4,6,2020186,14110,0,0,96,0,96,32,66,258,4,96,ad908136f049b66ae4b1e1c3f252d7a2ebead009fab3f7177d4babd24fcbec6a
W2_Q16,ALGSTRUCT,4,6,1058750,2092,16,0,18,1,35,17,5,14,4,19,6874ea3fe8a08c7af5d8752f9a4557e5d01bc066a937913a1e427661cbb540c4
W5_Q16,STRUCT,4,6,974881,5685,0,0,48,0,48,16,34,130,4,48,15f4ec0f61204d6ef15a655140c1c86c7248fc9deed8e4c09ef3081b8b94fb64
W6_Q16,ALGSTRUCT,4,6,1011380,2426,0,0,18,2,52,18,6,15,5,20,bb0755604375307ff8e5fd09781b80b224d9ab98fa75fb51387fe44cb24e3726
W6_Q32,STRUCT,4,6,1890243,3555,0,0,34,2,100,34,6,15,5,36,e27ba2fd4a248e13e86f6fd51f6578ca7bbe37b27fb6c62f3d2e37c16ce58156
W7_Q32,ALGSTRUCT,4,6,1170434,3093,0,0,36,0,100,34,6,15,4,36,6bdf3735d7ed12e047353d97f7fd342934c808ba421573c6cd2474dd612f37b1
W5_Q02,STRUCT,4,6,227905,1667,0,0,6,0,6,2,6,18,4,6,e7741c936508103b2af3b934e316124eac7bac4773e716fb634bafee4047c0e4
W2_Q02,STRUCT_R2,4,6,310311,1482,0,0,4,2,10,4,6,15,4,6,002b88cffa362a25f201c7342c0d49bad4cd7fb10998ad8823a39c11beee6d88
W5_Q04,STRUCT_R2,4,6,320998,1907,0,0,12,0,12,4,10,34,4,12,233b80e0525d1c617459998a8c1e1bc9855a2c2b10f43c6fd42648b8adae0248
W7_Q08,ALGSTRUCT,4,6,411423,1481,0,0,12,0,28,10,6,15,4,12,d13ad2add4e1d9cb21c441a8963ffbcf5f462a05d4f61331fa56b7c117fe58d1
W2_Q32,STRUCT,4,6,1862761,3463,0,0,34,2,100,34,6,15,4,36,ead1d2e3154b72c47159b745145cb82392c282dcdeeba0e877b2291c8ed45d37
W7_Q16,STRUCT,4,6,617439,2037,0,0,20,0,52,18,6,15,4,20,352ecf90b67b0a72cf480d5f2990d3ea8f45c0a65a2644e7a858b4f181627dcb
W7_Q02,ALGSTRUCT,4,6,250553,1648,0,0,6,0,10,4,6,15,4,6,b1d2efac79748ca32ad60ca241d894721be3c3795c13e31e47e01dad1cb5a5f1
W9_Q16,ALGSTRUCT,4,6,2646551,8444,0,8,18,1,19,304,4,4,1,19,44cdb1eb48242e36e60587a8e97fc1204f774ee018380c18a625f9abe3ce3ce8
W8_Q32,STRUCT,4,6,2837771,8370,0,0,45,2,120,195,11,169,63,47,257e33fe42ff72054f90b0755280d3b57f6dc95e0ff488350c7a08c8fa00e255
W6_Q04,ALGSTRUCT,4,6,418699,1464,0,0,6,2,16,6,6,15,5,8,463695b346924b3ce3bfd76bc311a5cc5d47fb033482cc22912fc407e8f09fdf
W4_Q04,STRUCT_R1,4,6,1466319,7686,4,0,18,1,31,133,9,138,31,19,fc880fdc081349aa9e95db821628814a11fa6271dfea15fd511d230a5fbbf819
W6_Q08,STRUCT_R2,4,6,570327,1742,0,0,10,2,28,10,6,15,5,12,0d426ef82e54bf37e16bebf86ad11b160059eb28202264ca816d50ab17a2aa06
W8_Q32,STRUCT_R1,4,6,3850353,8112,32,0,45,1,87,194,10,168,63,46,45e69b1796e998f7df6d485c516cc0751375b53ec01f0a7673d473a9ec217a0e
W3_d1,STRUCT,4,6,575791,1797,0,0,10,2,28,10,6,15,4,12,a54c74b256ab2c5cf00e4072ff680215ee9ddba8ea28d33e07bfd46dd0370227
W2_Q04,STRUCT_R2,4,6,401089,1537,0,0,6,2,16,6,6,15,4,8,b8312387bf162a1452336c9e9e40ef1298c4a5b22cc87b54f4215f6e91104b3c
W1,STRUCT_R1,4,6,275830,1389,1,0,3,1,5,2,5,14,4,4,ddbc64bc70e115337e04b3ee4eac0b96e81aea703c916cfeea2e2366190e3210
W8_Q32,ALGSTRUCT,4,6,3850725,7925,32,1,45,1,87,194,10,168,63,46,45e69b1796e998f7df6d485c516cc0751375b53ec01f0a7673d473a9ec217a0e
W9_Q08,ALGSTRUCT,4,6,1469226,5353,0,4,10,1,11,176,4,4,1,11,f0aee4c6a6b6511ecbc27f2fc4ef3f688cd044d5f143461208ceed4e1cea64ae
W1,STRUCT,4,6,263813,1351,0,0,3,2,7,3,6,15,4,5,4b26ed307e0166f8d1fa59ea1e874899e41c5fd882be9ef62f84eb3685bb70b7
W6_Q16,STRUCT,4,6,996655,2354,0,0,18,2,52,18,6,15,5,20,bb0755604375307ff8e5fd09781b80b224d9ab98fa75fb51387fe44cb24e3726
W5_Q16,STRUCT_R1,4,6,1009250,4797,0,0,48,0,48,16,34,130,4,48,15f4ec0f61204d6ef15a655140c1c86c7248fc9deed8e4c09ef3081b8b94fb64
W7_Q04,ALGSTRUCT,4,6,298627,1685,0,0,8,0,16,6,6,15,4,8,64eb05b2d681af147811cd64dc0e11be812cb48952e297a71fcf6d3c013ba4a0
W7_Q16,OFF,4,6,483957,2242,0,0,20,0,52,18,6,15,4,20,352ecf90b67b0a72cf480d5f2990d3ea8f45c0a65a2644e7a858b4f181627dcb
W9_Q16,STRUCT,4,6,2780013,8758,0,0,18,2,22,352,4,4,1,20,ff9866380da95df98e4375770d21fe162b02c0b8b05b75e939b18d0d711c4c04
W4_Q16,STRUCT_R2,4,6,4792346,26500,0,0,66,2,132,530,22,511,31,68,7fbae5656c303ca065341c5db14fa3ef41fb196c82f59bb1c789e1f7b78b0f7a
W4_Q32,STRUCT_R1,4,6,19297307,54685,32,0,130,1,227,1057,37,1006,31,131,4a5be56a553c6df341c1f260562041444c20a964d5f4f3916c7966ddd0bae2e9
W2_Q08,OFF,4,6,466385,1852,0,0,10,2,28,10,6,15,4,12,e121069670786ba8fbe3100d624a17638d4611a34b02647058710f2e3db6a9c9
W8_Q04,STRUCT,4,6,1209229,5741,0,0,17,2,36,167,11,169,63,19,683043cf53c296ea0d43a0c383a5a5aa5dfae2adbc542c677c919239829da206
W4_Q01,OFF,4,6,366960,2444,0,0,6,2,12,35,7,46,31,8,c1c4e28384d704fc6572f4a795b1b9dcd23dd585446058743d09154ee63f83a5
W7_Q02,STRUCT_R1,4,6,249848,1446,0,0,6,0,10,4,6,15,4,6,b1d2efac79748ca32ad60ca241d894721be3c3795c13e31e47e01dad1cb5a5f1
W7_Q02,OFF,4,6,173479,1741,0,0,6,0,10,4,6,15,4,6,b1d2efac79748ca32ad60ca241d894721be3c3795c13e31e47e01dad1cb5a5f1
W2_Q08,STRUCT_R2,4,6,570718,1685,0,0,10,2,28,10,6,15,4,12,e121069670786ba8fbe3100d624a17638d4611a34b02647058710f2e3db6a9c9
W2_Q16,OFF,4,6,814602,2390,0,0,18,2,52,18,6,15,4,20,f53a43e02a6f7be38b5d23a92cce7a6f0c7e7deac086e97841ea021c93a5a893
W6_Q04,STRUCT,4,6,403422,1463,0,0,6,2,16,6,6,15,5,8,463695b346924b3ce3bfd76bc311a5cc5d47fb033482cc22912fc407e8f09fdf
W5_Q32,STRUCT_R2,4,6,2002685,10760,0,0,96,0,96,32,66,258,4,96,ad908136f049b66ae4b1e1c3f252d7a2ebead009fab3f7177d4babd24fcbec6a
W4_Q02,STRUCT,4,6,698104,3815,0,0,10,2,20,68,8,77,31,12,c082fb0620ac05b05065135ca996c9564b57d8a79b47964aa54b86c16cd0659f
W4_Q02,STRUCT_R2,4,6,689144,4332,0,0,10,2,20,68,8,77,31,12,c082fb0620ac05b05065135ca996c9564b57d8a79b47964aa54b86c16cd0659f
W9_Q04,STRUCT_R2,4,6,984490,5427,0,2,6,1,7,112,4,4,1,7,7e3f7232eefdc535f0f8be36c1c724fab7de36a2740821784506d96a09bd30b3
W9_Q04,STRUCT,4,6,1109265,5521,0,0,6,2,10,160,4,4,1,8,a25fcd6d9b6930c5a5e472a5d4b9da9d0423cec22fe64a49a0e3364286ad6c7b
W8_Q04,STRUCT_R1,4,6,1289007,5815,4,0,17,1,31,166,10,168,63,18,1ff2b9471d9cd2dd9078b74afc728460463e46c3102cf6da6b805d7f73e4899a
W8_Q04,ALGSTRUCT,4,6,1288302,5093,4,1,17,1,31,166,10,168,63,18,1ff2b9471d9cd2dd9078b74afc728460463e46c3102cf6da6b805d7f73e4899a
W4_Q08,STRUCT_R1,4,6,2951548,13277,8,0,34,1,59,265,13,262,31,35,0d7db8d8f19881c77c6e7cd19e1f9d024ea9973fae56dbdbc00db2eeaa790340
W8_Q01,OFF,4,6,829679,5481,0,0,14,2,27,164,11,169,63,16,7b06ec78e125033330eb86a638ef113771be6d17e66ade996d2cadaa30e562a7
W8_Q16,STRUCT_R1,4,6,2199073,7185,16,0,29,1,55,178,10,168,63,30,d68e12eaec95eadd08fb1ce8e6c0dcfc893de77e4c3d4f5a64bb4b4ee29b64b3
W5_Q02,STRUCT_R2,4,6,222499,1351,0,0,6,0,6,2,6,18,4,6,e7741c936508103b2af3b934e316124eac7bac4773e716fb634bafee4047c0e4
W4_Q08,STRUCT_R2,4,6,2324182,13408,0,0,34,2,68,266,14,263,31,36,310b652f3a487a64261e67b69ca4bd659f7cd91c74be37afd64d6187457e8bdc
W9_Q32,STRUCT_R2,4,6,5104546,14259,0,16,34,1,35,560,4,4,1,35,678046e55883cc9fe207429daab5f5da66bcc2178ee01574697097ddff7f102c
W4_Q01,STRUCT_R1,4,6,492311,2573,1,0,6,1,10,34,6,45,31,7,2a2742010b3f20f3e0b7616f059bcf47256e350d22af5b1d3a055aa5eee736e9
W8_Q16,ALGSTRUCT,4,6,2192536,6333,16,1,29,1,55,178,10,168,63,30,d68e12eaec95eadd08fb1ce8e6c0dcfc893de77e4c3d4f5a64bb4b4ee29b64b3
W3_d2,STRUCT,4,6,971455,2277,0,0,11,5,35,13,10,29,5,16,bb512a3ef0db77c97656c90a9544f5958e4b52748f6a43bfdbc34ec450c82e91
W3_d3,STRUCT_R1,4,6,1410396,2388,10,0,12,5,29,13,11,43,8,17,16f1a8e88d7f920d91f3a177d0789d4761bf8768a0ac71ebce1f9f2282714954
W9_Q02,ALGSTRUCT,4,6,628753,4019,0,1,4,1,5,80,4,4,1,5,a250745debd6fd7cf3585f94dfa2ad7178c8b7c572e5ce15f0467c48475c0e9a
W7_Q32,STRUCT,4,6,1143638,3389,0,0,36,0,100,34,6,15,4,36,6bdf3735d7ed12e047353d97f7fd342934c808ba421573c6cd2474dd612f37b1
W7_Q01,STRUCT_R2,4,6,224349,1408,0,0,5,0,7,3,6,15,4,5,70f8123fffd2af37d12a00e22d9841098c66a489d4953aae174ab2cb5014e5d7
W4_Q04,ALGSTRUCT,4,6,1452207,6705,4,0,18,1,31,133,9,138,31,19,fc880fdc081349aa9e95db821628814a11fa6271dfea15fd511d230a5fbbf819
W3_d3,ALGSTRUCT,4,6,1418729,2147,10,0,12,5,29,13,11,43,8,17,16f1a8e88d7f920d91f3a177d0789d4761bf8768a0ac71ebce1f9f2282714954
W6_Q16,STRUCT_R2,4,6,970064,2205,0,0,18,2,52,18,6,15,5,20,bb0755604375307ff8e5fd09781b80b224d9ab98fa75fb51387fe44cb24e3726
W6_Q08,STRUCT,4,6,575366,1851,0,0,10,2,28,10,6,15,5,12,0d426ef82e54bf37e16bebf86ad11b160059eb28202264ca816d50ab17a2aa06
W5_Q01,STRUCT_R2,4,6,179312,1871,0,0,3,0,3,1,4,10,4,3,7528d1a80da7ce6bed6c3efbaad136c6b237adf54f46f512a5fe79019bfef2ec
W7_Q01,ALGSTRUCT,4,6,225368,1352,0,0,5,0,7,3,6,15,4,5,70f8123fffd2af37d12a00e22d9841098c66a489d4953aae174ab2cb5014e5d7
W2_Q32,STRUCT_R1,4,6,2227406,3241,32,0,34,1,67,33,5,14,4,35,aa6152b6f2b2227ea71db0831b5f58d2dce2bdcb6db5c4bb5d1fb235d1201ed1
W6_Q02,STRUCT,4,6,311036,1351,0,0,4,2,10,4,6,15,5,6,d26b7c6c44eb2ae1342ad0eacde318e4485f70f1e0c22f44dc171d7c0f11f2c5
W8_Q08,STRUCT,4,6,1462506,6296,0,0,21,2,48,171,11,169,63,23,6202056e7f9106d89fc2c03650e5a38d69f704cc369ba9e689bf413e5f7173e1
W8_Q08,OFF,4,6,1192471,5629,0,0,21,2,48,171,11,169,63,23,6202056e7f9106d89fc2c03650e5a38d69f704cc369ba9e689bf413e5f7173e1
W2_Q08,STRUCT,4,6,578383,1705,0,0,10,2,28,10,6,15,4,12,e121069670786ba8fbe3100d624a17638d4611a34b02647058710f2e3db6a9c9
W7_Q01,STRUCT,4,6,221868,1481,0,0,5,0,7,3,6,15,4,5,70f8123fffd2af37d12a00e22d9841098c66a489d4953aae174ab2cb5014e5d7
W9_Q04,ALGSTRUCT,4,6,984675,4723,0,2,6,1,7,112,4,4,1,7,7e3f7232eefdc535f0f8be36c1c724fab7de36a2740821784506d96a09bd30b3
W2_Q01,OFF,4,6,201924,1370,0,0,3,2,7,3,6,15,4,5,fb4f50a52888382fd35dda056767f1188dd59b0b7db5fbe2928a5afbf6bf9f5b
W4_Q04,STRUCT,4,6,1255044,7463,0,0,18,2,36,134,10,139,31,20,fd25718cb278dfe33c1131161ba4977814e08de24bd73801325a42bf895b4b90
W9_Q16,STRUCT_R2,4,6,2644366,8222,0,8,18,1,19,304,4,4,1,19,44cdb1eb48242e36e60587a8e97fc1204f774ee018380c18a625f9abe3ce3ce8
W7_Q04,STRUCT,4,6,293388,1462,0,0,8,0,16,6,6,15,4,8,64eb05b2d681af147811cd64dc0e11be812cb48952e297a71fcf6d3c013ba4a0
W4_Q32,STRUCT,4,6,9907947,65148,0,0,130,2,260,1058,38,1007,31,132,068ad024181661f75503372002890dd704cd730c5fc591fd65590a6d532c145d
W4_Q04,OFF,4,6,1075528,6574,0,0,18,2,36,134,10,139,31,20,fd25718cb278dfe33c1131161ba4977814e08de24bd73801325a42bf895b4b90
W9_Q08,STRUCT,4,6,1588968,7777,0,0,10,2,14,224,4,4,1,12,4c97cc82f3dbf6bc2a6de325d199b0cb65ffca732846069f84ea5618bb19fcfd
W9_Q08,OFF,4,6,916604,6665,0,0,10,0,24,384,4,4,1,10,ae43d04dfb0cf7afbfdc83558714cd1da89c64e7c6d49325a19de9764156762a
W9_Q02,STRUCT_R1,4,6,481237,3037,0,0,4,0,6,96,4,4,1,4,f59554bf6b558dac39020afcdc9d3261e3c200f0f612cb6818827b31bbda0408
W7_Q16,ALGSTRUCT,4,6,642439,1962,0,0,20,0,52,18,6,15,4,20,352ecf90b67b0a72cf480d5f2990d3ea8f45c0a65a2644e7a858b4f181627dcb
W6_Q02,STRUCT_R1,4,6,315163,1278,0,0,4,2,10,4,6,15,5,6,d26b7c6c44eb2ae1342ad0eacde318e4485f70f1e0c22f44dc171d7c0f11f2c5
W8_Q04,OFF,4,6,963304,5705,0,0,17,2,36,167,11,169,63,19,683043cf53c296ea0d43a0c383a5a5aa5dfae2adbc542c677c919239829da206
W6_Q32,STRUCT_R1,4,6,1945852,3408,0,0,34,2,100,34,6,15,5,36,e27ba2fd4a248e13e86f6fd51f6578ca7bbe37b27fb6c62f3d2e37c16ce58156
W4_Q01,ALGSTRUCT,4,6,502680,2445,1,0,6,1,10,34,6,45,31,7,2a2742010b3f20f3e0b7616f059bcf47256e350d22af5b1d3a055aa5eee736e9
W5_Q04,OFF,4,6,248424,1889,0,0,12,0,12,4,10,34,4,12,233b80e0525d1c617459998a8c1e1bc9855a2c2b10f43c6fd42648b8adae0248
W4_Q16,OFF,4,6,4247036,26648,0,0,66,2,132,530,22,511,31,68,7fbae5656c303ca065341c5db14fa3ef41fb196c82f59bb1c789e1f7b78b0f7a
W2_Q08,ALGSTRUCT,4,6,585846,1500,8,0,10,1,19,9,5,14,4,11,28ef291bdbdabd5779860a9dac095bdb774cc930b18dec6f9c7bf13df75550d2
W8_Q08,STRUCT_R1,4,6,1630485,6074,8,0,21,1,39,170,10,168,63,22,dfb50a16d91192e00318e4ac61c06d5403d37554d2e61726115b9e5e96a90617
W2_Q04,ALGSTRUCT,4,6,411349,1573,4,0,6,1,11,5,5,14,4,7,e3e1c95caf3c6465ad04568b51f69fe26be853a4ad44521756f63edd123351f8
W1,OFF,4,6,200441,1372,0,0,3,2,7,3,6,15,4,5,4b26ed307e0166f8d1fa59ea1e874899e41c5fd882be9ef62f84eb3685bb70b7
W8_Q32,OFF,4,6,2383887,7981,0,0,45,2,120,195,11,169,63,47,257e33fe42ff72054f90b0755280d3b57f6dc95e0ff488350c7a08c8fa00e255
W4_Q04,STRUCT_R2,4,6,1239358,6760,0,0,18,2,36,134,10,139,31,20,fd25718cb278dfe33c1131161ba4977814e08de24bd73801325a42bf895b4b90
W6_Q01,ALGSTRUCT,4,6,269738,1389,0,0,3,2,7,3,6,15,5,5,ef852aa19070a90d167a6fc211683b2bbb6401671f4212d90e23806d1620b62f
W5_Q04,ALGSTRUCT,4,6,317829,1742,0,0,12,0,12,4,10,34,4,12,233b80e0525d1c617459998a8c1e1bc9855a2c2b10f43c6fd42648b8adae0248
W2_Q01,STRUCT_R1,4,6,278329,1335,1,0,3,1,5,2,5,14,4,4,2474f5c3c44c2292e8653ad95f4f21ec80fa6c72b730d7761807baa6c04c0270
W7_Q04,OFF,4,6,214369,1666,0,0,8,0,16,6,6,15,4,8,64eb05b2d681af147811cd64dc0e11be812cb48952e297a71fcf6d3c013ba4a0
W2_Q04,STRUCT_R1,4,6,407793,1444,4,0,6,1,11,5,5,14,4,7,e3e1c95caf3c6465ad04568b51f69fe26be853a4ad44521756f63edd123351f8
W7_Q16,STRUCT_R1,4,6,638995,1759,0,0,20,0,52,18,6,15,4,20,352ecf90b67b0a72cf480d5f2990d3ea8f45c0a65a2644e7a858b4f181627dcb
W9_Q01,STRUCT_R1,4,6,337905,3370,0,0,3,0,3,48,4,4,1,3,6e63c0dab5f8b29ef9d1440bcd3711746464b7521a4243c8d32e03504a6224d2
W8_Q16,STRUCT_R2,4,6,1837650,7055,0,1,29,2,72,179,11,169,63,31,75d1b16c15c201143eb0f00e84429326ead193544062ed0323b47e7914fd575d
W6_Q08,OFF,4,6,461608,1981,0,0,10,2,28,10,6,15,5,12,0d426ef82e54bf37e16bebf86ad11b160059eb28202264ca816d50ab17a2aa06
W9_Q04,OFF,4,6,608124,4556,0,0,6,0,12,192,4,4,1,6,6dad93323aff1013501fa90b58e0e48741ec6d807386799264c78a900e9e11d0
W6_Q32,ALGSTRUCT,4,6,1934519,3612,0,0,34,2,100,34,6,15,5,36,e27ba2fd4a248e13e86f6fd51f6578ca7bbe37b27fb6c62f3d2e37c16ce58156
W6_Q04,OFF,4,6,317182,1852,0,0,6,2,16,6,6,15,5,8,463695b346924b3ce3bfd76bc311a5cc5d47fb033482cc22912fc407e8f09fdf
W7_Q08,STRUCT_R1,4,6,410553,1517,0,0,12,0,28,10,6,15,4,12,d13ad2add4e1d9cb21c441a8963ffbcf5f462a05d4f61331fa56b7c117fe58d1
W9_Q01,ALGSTRUCT,4,6,349606,3613,0,0,3,0,3,48,4,4,1,3,6e63c0dab5f8b29ef9d1440bcd3711746464b7521a4243c8d32e03504a6224d2
W6_Q32,OFF,4,6,1578912,3574,0,0,34,2,100,34,6,15,5,36,e27ba2fd4a248e13e86f6fd51f6578ca7bbe37b27fb6c62f3d2e37c16ce58156
W8_Q02,OFF,4,6,835233,5408,0,0,15,2,30,165,11,169,63,17,ab8e72a97eeddaf640fa9d87846837b35913b3b9a7916818e4653a499fd7cc9a
W3_d2,STRUCT_R1,4,6,978750,1944,9,0,11,3,24,11,8,27,5,14,b3a60a0bc9bb1633f8ca67743fa2b43eea5f58f8a512cbf173b181d8c20dfa68
W6_Q16,OFF,4,6,796270,2408,0,0,18,2,52,18,6,15,5,20,bb0755604375307ff8e5fd09781b80b224d9ab98fa75fb51387fe44cb24e3726
W9_Q01,STRUCT,4,6,340554,2980,0,0,3,0,3,48,4,4,1,3,6e63c0dab5f8b29ef9d1440bcd3711746464b7521a4243c8d32e03504a6224d2
W9_Q04,STRUCT_R1,4,6,1099860,5852,0,0,6,2,10,160,4,4,1,8,a25fcd6d9b6930c5a5e472a5d4b9da9d0423cec22fe64a49a0e3364286ad6c7b
W6_Q08,STRUCT_R1,4,6,592365,1796,0,0,10,2,28,10,6,15,5,12,0d426ef82e54bf37e16bebf86ad11b160059eb28202264ca816d50ab17a2aa06
W8_Q01,STRUCT_R1,4,6,1087157,6278,1,0,14,1,25,163,10,168,63,15,fdd35fe24122be542f9944d55e73c67d2cd28afd3fd1ff25e723a080e5d2dad8
W5_Q32,STRUCT_R1,4,6,2101222,9611,0,0,96,0,96,32,66,258,4,96,ad908136f049b66ae4b1e1c3f252d7a2ebead009fab3f7177d4babd24fcbec6a
W5_Q32,OFF,4,6,1841853,10685,0,0,96,0,96,32,66,258,4,96,ad908136f049b66ae4b1e1c3f252d7a2ebead009fab3f7177d4babd24fcbec6a
W1,STRUCT_R2,4,6,259570,1631,0,0,3,2,7,3,6,15,4,5,4b26ed307e0166f8d1fa59ea1e874899e41c5fd882be9ef62f84eb3685bb70b7
W5_Q32,ALGSTRUCT,4,6,2085740,10945,0,0,96,0,96,32,66,258,4,96,ad908136f049b66ae4b1e1c3f252d7a2ebead009fab3f7177d4babd24fcbec6a
W3_d2,STRUCT_R2,4,6,954565,2315,0,0,11,5,35,13,10,29,5,16,bb512a3ef0db77c97656c90a9544f5958e4b52748f6a43bfdbc34ec450c82e91
W7_Q08,STRUCT,4,6,405978,1555,0,0,12,0,28,10,6,15,4,12,d13ad2add4e1d9cb21c441a8963ffbcf5f462a05d4f61331fa56b7c117fe58d1
W5_Q08,STRUCT,4,6,527624,2797,0,0,24,0,24,8,18,66,4,24,1ec99f8159a9bf9f7216cbde66142ab941580d932ab53b67181d9941e08515a5
W6_Q01,STRUCT,4,6,260943,1388,0,0,3,2,7,3,6,15,5,5,ef852aa19070a90d167a6fc211683b2bbb6401671f4212d90e23806d1620b62f
W2_Q01,ALGSTRUCT,4,6,275311,1334,1,0,3,1,5,2,5,14,4,4,2474f5c3c44c2292e8653ad95f4f21ec80fa6c72b730d7761807baa6c04c0270
W4_Q16,ALGSTRUCT,4,6,7145305,26316,16,0,66,1,115,529,21,510,31,67,c4cb6b036cc3a61a0d0502a6d94307b09dd7e159ba9b445a83ebed14f5c8ebe1
W7_Q02,STRUCT,4,6,247830,1390,0,0,6,0,10,4,6,15,4,6,b1d2efac79748ca32ad60ca241d894721be3c3795c13e31e47e01dad1cb5a5f1
W5_Q01,STRUCT,4,6,179295,1519,0,0,3,0,3,1,4,10,4,3,7528d1a80da7ce6bed6c3efbaad136c6b237adf54f46f512a5fe79019bfef2ec
W7_Q01,STRUCT_R1,4,6,224071,1223,0,0,5,0,7,3,6,15,4,5,70f8123fffd2af37d12a00e22d9841098c66a489d4953aae174ab2cb5014e5d7
W4_Q08,OFF,4,6,2011537,12889,0,0,34,2,68,266,14,263,31,36,310b652f3a487a64261e67b69ca4bd659f7cd91c74be37afd64d6187457e8bdc
W9_Q02,STRUCT,4,6,472849,4628,0,0,4,0,6,96,4,4,1,4,f59554bf6b558dac39020afcdc9d3261e3c200f0f612cb6818827b31bbda0408
W4_Q32,STRUCT_R2,4,6,9796005,68350,0,0,130,2,260,1058,38,1007,31,132,068ad024181661f75503372002890dd704cd730c5fc591fd65590a6d532c145d
W9_Q02,OFF,4,6,353053,4351,0,0,4,0,6,96,4,4,1,4,f59554bf6b558dac39020afcdc9d3261e3c200f0f612cb6818827b31bbda0408
W9_Q16,OFF,4,6,1725708,8666,0,0,18,0,48,768,4,4,1,18,43b7f4efcb619e6e3fc5fc66e7827f4bb8130a24a5905f5ce4efe6114dbfdbd3
W4_Q16,STRUCT,4,6,4835679,27148,0,0,66,2,132,530,22,511,31,68,7fbae5656c303ca065341c5db14fa3ef41fb196c82f59bb1c789e1f7b78b0f7a
W5_Q02,STRUCT_R1,4,6,224515,1557,0,0,6,0,6,2,6,18,4,6,e7741c936508103b2af3b934e316124eac7bac4773e716fb634bafee4047c0e4
W2_Q02,STRUCT_R1,4,6,321126,1204,2,0,4,1,7,3,5,14,4,5,d8adac9423435c6f23a5e314f4d31430db516714fee41508dcac1bc6af0e6f0c
W8_Q01,STRUCT,4,6,1006306,6648,0,0,14,2,27,164,11,169,63,16,7b06ec78e125033330eb86a638ef113771be6d17e66ade996d2cadaa30e562a7
W6_Q08,ALGSTRUCT,4,6,585569,1777,0,0,10,2,28,10,6,15,5,12,0d426ef82e54bf37e16bebf86ad11b160059eb28202264ca816d50ab17a2aa06
W3_d3,STRUCT_R2,4,6,1421729,2555,0,0,12,8,42,16,14,46,8,20,d0de00aa950042ce2df3a1aacd87b83395b88f62201b4b0ee4f6f67dba5bbb2b
W9_Q16,STRUCT_R1,4,6,2750844,7946,0,0,18,2,22,352,4,4,1,20,ff9866380da95df98e4375770d21fe162b02c0b8b05b75e939b18d0d711c4c04
W9_Q32,ALGSTRUCT,4,6,5079046,12797,0,16,34,1,35,560,4,4,1,35,678046e55883cc9fe207429daab5f5da66bcc2178ee01574697097ddff7f102c
W3_d1,OFF,4,6,460144,1834,0,0,10,2,28,10,6,15,4,12,a54c74b256ab2c5cf00e4072ff680215ee9ddba8ea28d33e07bfd46dd0370227
W3_d1,STRUCT_R2,4,6,571402,1852,0,0,10,2,28,10,6,15,4,12,a54c74b256ab2c5cf00e4072ff680215ee9ddba8ea28d33e07bfd46dd0370227
W4_Q02,ALGSTRUCT,4,6,782695,3501,2,0,10,1,17,67,7,76,31,11,056c94f2139c9e918446fe4f786e56b203a4febdd7cdb7d162e2b0323db5a772
W5_Q08,OFF,4,6,446291,2964,0,0,24,0,24,8,18,66,4,24,1ec99f8159a9bf9f7216cbde66142ab941580d932ab53b67181d9941e08515a5
W4_Q08,STRUCT,4,6,2328867,13352,0,0,34,2,68,266,14,263,31,36,310b652f3a487a64261e67b69ca4bd659f7cd91c74be37afd64d6187457e8bdc
W8_Q16,OFF,4,6,1527413,6758,0,0,29,2,72,179,11,169,63,31,75d1b16c15c201143eb0f00e84429326ead193544062ed0323b47e7914fd575d
W7_Q32,STRUCT_R1,4,6,1175082,3148,0,0,36,0,100,34,6,15,4,36,6bdf3735d7ed12e047353d97f7fd342934c808ba421573c6cd2474dd612f37b1
W9_Q01,OFF,4,6,231184,3703,0,0,3,0,3,48,4,4,1,3,6e63c0dab5f8b29ef9d1440bcd3711746464b7521a4243c8d32e03504a6224d2
W5_Q02,OFF,4,6,157537,1703,0,0,6,0,6,2,6,18,4,6,e7741c936508103b2af3b934e316124eac7bac4773e716fb634bafee4047c0e4
W2_Q32,STRUCT_R2,4,6,1852575,3167,0,0,34,2,100,34,6,15,4,36,ead1d2e3154b72c47159b745145cb82392c282dcdeeba0e877b2291c8ed45d37
W8_Q02,STRUCT,4,6,1062250,5537,0,0,15,2,30,165,11,169,63,17,ab8e72a97eeddaf640fa9d87846837b35913b3b9a7916818e4653a499fd7cc9a
W2_Q32,ALGSTRUCT,4,6,2226722,3628,32,0,34,1,67,33,5,14,4,35,aa6152b6f2b2227ea71db0831b5f58d2dce2bdcb6db5c4bb5d1fb235d1201ed1
W8_Q04,STRUCT_R2,4,6,1180637,6427,0,1,17,2,36,167,11,169,63,19,683043cf53c296ea0d43a0c383a5a5aa5dfae2adbc542c677c919239829da206
W1,STRUCT_R1,5,6,276089,1371,1,0,3,1,5,2,5,14,4,4,ddbc64bc70e115337e04b3ee4eac0b96e81aea703c916cfeea2e2366190e3210
W6_Q16,STRUCT_R1,5,6,1012233,2295,0,0,18,2,52,18,6,15,5,20,bb0755604375307ff8e5fd09781b80b224d9ab98fa75fb51387fe44cb24e3726
W6_Q04,STRUCT_R1,5,6,414071,1796,0,0,6,2,16,6,6,15,5,8,463695b346924b3ce3bfd76bc311a5cc5d47fb033482cc22912fc407e8f09fdf
W7_Q01,ALGSTRUCT,5,6,225702,1333,0,0,5,0,7,3,6,15,4,5,70f8123fffd2af37d12a00e22d9841098c66a489d4953aae174ab2cb5014e5d7
W6_Q01,STRUCT_R2,5,6,256925,1332,0,0,3,2,7,3,6,15,5,5,ef852aa19070a90d167a6fc211683b2bbb6401671f4212d90e23806d1620b62f
W5_Q02,OFF,5,6,158166,1685,0,0,6,0,6,2,6,18,4,6,e7741c936508103b2af3b934e316124eac7bac4773e716fb634bafee4047c0e4
W6_Q02,STRUCT_R2,5,6,309921,1483,0,0,4,2,10,4,6,15,5,6,d26b7c6c44eb2ae1342ad0eacde318e4485f70f1e0c22f44dc171d7c0f11f2c5
W8_Q32,STRUCT_R1,5,6,3821669,8000,32,0,45,1,87,194,10,168,63,46,45e69b1796e998f7df6d485c516cc0751375b53ec01f0a7673d473a9ec217a0e
W1,ALGSTRUCT,5,6,273794,1240,1,0,3,1,5,2,5,14,4,4,ddbc64bc70e115337e04b3ee4eac0b96e81aea703c916cfeea2e2366190e3210
W8_Q08,STRUCT_R2,5,6,1485486,6648,0,1,21,2,48,171,11,169,63,23,6202056e7f9106d89fc2c03650e5a38d69f704cc369ba9e689bf413e5f7173e1
W7_Q08,OFF,5,6,301756,1778,0,0,12,0,28,10,6,15,4,12,d13ad2add4e1d9cb21c441a8963ffbcf5f462a05d4f61331fa56b7c117fe58d1
W9_Q16,STRUCT_R2,5,6,2646846,8593,0,8,18,1,19,304,4,4,1,19,44cdb1eb48242e36e60587a8e97fc1204f774ee018380c18a625f9abe3ce3ce8
W2_Q01,ALGSTRUCT,5,6,273868,1241,1,0,3,1,5,2,5,14,4,4,2474f5c3c44c2292e8653ad95f4f21ec80fa6c72b730d7761807baa6c04c0270
W2_Q16,STRUCT_R1,5,6,1040308,1998,16,0,18,1,35,17,5,14,4,19,6874ea3fe8a08c7af5d8752f9a4557e5d01bc066a937913a1e427661cbb540c4
W4_Q01,STRUCT_R2,5,6,442570,2500,0,0,6,2,12,35,7,46,31,8,c1c4e28384d704fc6572f4a795b1b9dcd23dd585446058743d09154ee63f83a5
W3_d2,STRUCT,5,6,973212,2186,0,0,11,5,35,13,10,29,5,16,bb512a3ef0db77c97656c90a9544f5958e4b52748f6a43bfdbc34ec450c82e91
W8_Q01,STRUCT_R1,5,6,1111823,5370,1,0,14,1,25,163,10,168,63,15,fdd35fe24122be542f9944d55e73c67d2cd28afd3fd1ff25e723a080e5d2dad8
W9_Q32,STRUCT_R1,5,6,5198046,11907,0,0,34,2,38,608,4,4,1,36,f9b4de382a62f7ddf0ae716d829e6d3204b079918eba11b5d003aed0f308e9a0
W6_Q02,STRUCT_R1,5,6,318441,1408,0,0,4,2,10,4,6,15,5,6,d26b7c6c44eb2ae1342ad0eacde318e4485f70f1e0c22f44dc171d7c0f11f2c5
W2_Q01,OFF,5,6,197017,1611,0,0,3,2,7,3,6,15,4,5,fb4f50a52888382fd35dda056767f1188dd59b0b7db5fbe2928a5afbf6bf9f5b
W4_Q32,ALGSTRUCT,5,6,18575685,54943,32,0,130,1,227,1057,37,1006,31,131,4a5be56a553c6df341c1f260562041444c20a964d5f4f3916c7966ddd0bae2e9
W4_Q16,STRUCT,5,6,4807457,26666,0,0,66,2,132,530,22,511,31,68,7fbae5656c303ca065341c5db14fa3ef41fb196c82f59bb1c789e1f7b78b0f7a
W7_Q08,STRUCT_R2,5,6,406125,1834,0,0,12,0,28,10,6,15,4,12,d13ad2add4e1d9cb21c441a8963ffbcf5f462a05d4f61331fa56b7c117fe58d1
W9_Q16,ALGSTRUCT,5,6,2633366,8499,0,8,18,1,19,304,4,4,1,19,44cdb1eb48242e36e60587a8e97fc1204f774ee018380c18a625f9abe3ce3ce8
W8_Q01,STRUCT,5,6,1008473,5629,0,0,14,2,27,164,11,169,63,16,7b06ec78e125033330eb86a638ef113771be6d17e66ade996d2cadaa30e562a7
W4_Q32,STRUCT_R1,5,6,18844812,56833,32,0,130,1,227,1057,37,1006,31,131,4a5be56a553c6df341c1f260562041444c20a964d5f4f3916c7966ddd0bae2e9
W7_Q01,STRUCT,5,6,225035,1648,0,0,5,0,7,3,6,15,4,5,70f8123fffd2af37d12a00e22d9841098c66a489d4953aae174ab2cb5014e5d7
W9_Q32,OFF,5,6,3461968,13686,0,0,34,0,96,1536,4,4,1,34,13dfd65212c03f91a3168cac28f16ba616ce21a6c4d7fb7bf5b25f0167fbc71b
W3_d3,STRUCT,5,6,1444653,2519,0,0,12,8,42,16,14,46,8,20,d0de00aa950042ce2df3a1aacd87b83395b88f62201b4b0ee4f6f67dba5bbb2b
W4_Q04,OFF,5,6,1065972,6315,0,0,18,2,36,134,10,139,31,20,fd25718cb278dfe33c1131161ba4977814e08de24bd73801325a42bf895b4b90
W6_Q16,STRUCT_R2,5,6,981971,2557,0,0,18,2,52,18,6,15,5,20,bb0755604375307ff8e5fd09781b80b224d9ab98fa75fb51387fe44cb24e3726
W4_Q02,OFF,5,6,585068,3964,0,0,10,2,20,68,8,77,31,12,c082fb0620ac05b05065135ca996c9564b57d8a79b47964aa54b86c16cd0659f
W5_Q02,STRUCT_R1,5,6,227183,1445,0,0,6,0,6,2,6,18,4,6,e7741c936508103b2af3b934e316124eac7bac4773e716fb634bafee4047c0e4
W2_Q04,ALGSTRUCT,5,6,409905,1758,4,0,6,1,11,5,5,14,4,7,e3e1c95caf3c6465ad04568b51f69fe26be853a4ad44521756f63edd123351f8
W6_Q08,STRUCT_R1,5,6,586032,1555,0,0,10,2,28,10,6,15,5,12,0d426ef82e54bf37e16bebf86ad11b160059eb28202264ca816d50ab17a2aa06
W7_Q16,STRUCT_R2,5,6,616216,2371,0,0,20,0,52,18,6,15,4,20,352ecf90b67b0a72cf480d5f2990d3ea8f45c0a65a2644e7a858b4f181627dcb
W9_Q08,ALGSTRUCT,5,6,1476746,6815,0,4,10,1,11,176,4,4,1,11,f0aee4c6a6b6511ecbc27f2fc4ef3f688cd044d5f143461208ceed4e1cea64ae
W9_Q16,OFF,5,6,1761874,8591,0,0,18,0,48,768,4,4,1,18,43b7f4efcb619e6e3fc5fc66e7827f4bb8130a24a5905f5ce4efe6114dbfdbd3
W2_Q32,STRUCT_R1,5,6,2202832,3148,32,0,34,1,67,33,5,14,4,35,aa6152b6f2b2227ea71db0831b5f58d2dce2bdcb6db5c4bb5d1fb235d1201ed1
W9_Q32,STRUCT_R2,5,6,5047085,11796,0,16,34,1,35,560,4,4,1,35,678046e55883cc9fe207429daab5f5da66bcc2178ee01574697097ddff7f102c
W5_Q32,STRUCT_R1,5,6,2074742,10240,0,0,96,0,96,32,66,258,4,96,ad908136f049b66ae4b1e1c3f252d7a2ebead009fab3f7177d4babd24fcbec6a
W5_Q32,STRUCT,5,6,2000444,10649,0,0,96,0,96,32,66,258,4,96,ad908136f049b66ae4b1e1c3f252d7a2ebead009fab3f7177d4babd24fcbec6a
W9_Q02,ALGSTRUCT,5,6,641330,5146,0,1,4,1,5,80,4,4,1,5,a250745debd6fd7cf3585f94dfa2ad7178c8b7c572e5ce15f0467c48475c0e9a
W7_Q04,STRUCT,5,6,291923,1556,0,0,8,0,16,6,6,15,4,8,64eb05b2d681af147811cd64dc0e11be812cb48952e297a71fcf6d3c013ba4a0
W4_Q04,STRUCT,5,6,1257729,6723,0,0,18,2,36,134,10,139,31,20,fd25718cb278dfe33c1131161ba4977814e08de24bd73801325a42bf895b4b90
W8_Q32,OFF,5,6,2351089,7649,0,0,45,2,120,195,11,169,63,47,257e33fe42ff72054f90b0755280d3b57f6dc95e0ff488350c7a08c8fa00e255
W3_d2,OFF,5,6,794994,2351,0,0,11,5,35,13,10,29,5,16,bb512a3ef0db77c97656c90a9544f5958e4b52748f6a43bfdbc34ec450c82e91
W5_Q04,ALGSTRUCT,5,6,315775,1852,0,0,12,0,12,4,10,34,4,12,233b80e0525d1c617459998a8c1e1bc9855a2c2b10f43c6fd42648b8adae0248
W7_Q04,ALGSTRUCT,5,6,294165,1462,0,0,8,0,16,6,6,15,4,8,64eb05b2d681af147811cd64dc0e11be812cb48952e297a71fcf6d3c013ba4a0
W9_Q02,STRUCT_R2,5,6,636274,4647,0,1,4,1,5,80,4,4,1,5,a250745debd6fd7cf3585f94dfa2ad7178c8b7c572e5ce15f0467c48475c0e9a
W9_Q08,OFF,5,6,914973,5722,0,0,10,0,24,384,4,4,1,10,ae43d04dfb0cf7afbfdc83558714cd1da89c64e7c6d49325a19de9764156762a
W5_Q04,STRUCT,5,6,314737,2075,0,0,12,0,12,4,10,34,4,12,233b80e0525d1c617459998a8c1e1bc9855a2c2b10f43c6fd42648b8adae0248
W2_Q16,STRUCT_R2,5,6,996583,2315,0,0,18,2,52,18,6,15,4,20,f53a43e02a6f7be38b5d23a92cce7a6f0c7e7deac086e97841ea021c93a5a893
W5_Q02,ALGSTRUCT,5,6,224423,1557,0,0,6,0,6,2,6,18,4,6,e7741c936508103b2af3b934e316124eac7bac4773e716fb634bafee4047c0e4
W5_Q32,ALGSTRUCT,5,6,2109963,9611,0,0,96,0,96,32,66,258,4,96,ad908136f049b66ae4b1e1c3f252d7a2ebead009fab3f7177d4babd24fcbec6a
W5_Q16,STRUCT_R2,5,6,983695,4259,0,0,48,0,48,16,34,130,4,48,15f4ec0f61204d6ef15a655140c1c86c7248fc9deed8e4c09ef3081b8b94fb64
W8_Q04,OFF,5,6,969566,5592,0,0,17,2,36,167,11,169,63,19,683043cf53c296ea0d43a0c383a5a5aa5dfae2adbc542c677c919239829da206
W2_Q32,STRUCT,5,6,1883243,3147,0,0,34,2,100,34,6,15,4,36,ead1d2e3154b72c47159b745145cb82392c282dcdeeba0e877b2291c8ed45d37
W7_Q32,STRUCT_R1,5,6,1153155,3483,0,0,36,0,100,34,6,15,4,36,6bdf3735d7ed12e047353d97f7fd342934c808ba421573c6cd2474dd612f37b1
W9_Q04,STRUCT_R2,5,6,987454,6648,0,2,6,1,7,112,4,4,1,7,7e3f7232eefdc535f0f8be36c1c724fab7de36a2740821784506d96a09bd30b3
W8_Q16,STRUCT_R1,5,6,2195093,6425,16,0,29,1,55,178,10,168,63,30,d68e12eaec95eadd08fb1ce8e6c0dcfc893de77e4c3d4f5a64bb4b4ee29b64b3
W5_Q08,STRUCT_R2,5,6,521291,2334,0,0,24,0,24,8,18,66,4,24,1ec99f8159a9bf9f7216cbde66142ab941580d932ab53b67181d9941e08515a5
W5_Q16,ALGSTRUCT,5,6,1021232,4426,0,0,48,0,48,16,34,130,4,48,15f4ec0f61204d6ef15a655140c1c86c7248fc9deed8e4c09ef3081b8b94fb64
W9_Q04,ALGSTRUCT,5,6,1007194,5371,0,2,6,1,7,112,4,4,1,7,7e3f7232eefdc535f0f8be36c1c724fab7de36a2740821784506d96a09bd30b3
W2_Q01,STRUCT,5,6,261293,1667,0,0,3,2,7,3,6,15,4,5,fb4f50a52888382fd35dda056767f1188dd59b0b7db5fbe2928a5afbf6bf9f5b
W8_Q08,ALGSTRUCT,5,6,1634208,6092,8,1,21,1,39,170,10,168,63,22,dfb50a16d91192e00318e4ac61c06d5403d37554d2e61726115b9e5e96a90617
W8_Q01,ALGSTRUCT,5,6,1086620,5666,1,1,14,1,25,163,10,168,63,15,fdd35fe24122be542f9944d55e73c67d2cd28afd3fd1ff25e723a080e5d2dad8
W2_Q01,STRUCT_R2,5,6,258239,1759,0,0,3,2,7,3,6,15,4,5,fb4f50a52888382fd35dda056767f1188dd59b0b7db5fbe2928a5afbf6bf9f5b
W9_Q08,STRUCT_R1,5,6,1568616,6778,0,0,10,2,14,224,4,4,1,12,4c97cc82f3dbf6bc2a6de325d199b0cb65ffca732846069f84ea5618bb19fcfd
W4_Q01,STRUCT_R1,5,6,492958,2389,1,0,6,1,10,34,6,45,31,7,2a2742010b3f20f3e0b7616f059bcf47256e350d22af5b1d3a055aa5eee736e9
W5_Q02,STRUCT_R2,5,6,223721,1591,0,0,6,0,6,2,6,18,4,6,e7741c936508103b2af3b934e316124eac7bac4773e716fb634bafee4047c0e4
W5_Q16,OFF,5,6,882586,5184,0,0,48,0,48,16,34,130,4,48,15f4ec0f61204d6ef15a655140c1c86c7248fc9deed8e4c09ef3081b8b94fb64
W8_Q16,OFF,5,6,1539504,6482,0,0,29,2,72,179,11,169,63,31,75d1b16c15c201143eb0f00e84429326ead193544062ed0323b47e7914fd575d
W4_Q02,ALGSTRUCT,5,6,783550,3610,2,0,10,1,17,67,7,76,31,11,056c94f2139c9e918446fe4f786e56b203a4febdd7cdb7d162e2b0323db5a772
W6_Q32,STRUCT_R2,5,6,1879871,3741,0,0,34,2,100,34,6,15,5,36,e27ba2fd4a248e13e86f6fd51f6578ca7bbe37b27fb6c62f3d2e37c16ce58156
W2_Q16,OFF,5,6,825567,2314,0,0,18,2,52,18,6,15,4,20,f53a43e02a6f7be38b5d23a92cce7a6f0c7e7deac086e97841ea021c93a5a893
W7_Q02,STRUCT,5,6,246533,1520,0,0,6,0,10,4,6,15,4,6,b1d2efac79748ca32ad60ca241d894721be3c3795c13e31e47e01dad1cb5a5f1
W8_Q02,ALGSTRUCT,5,6,1162135,5224,2,1,15,1,27,164,10,168,63,16,652ea2e2db2a8b59e1a2373d0aa09bb6194a7176cb3cd104297a14f7ef235e6b
W2_Q16,ALGSTRUCT,5,6,1054824,2185,16,0,18,1,35,17,5,14,4,19,6874ea3fe8a08c7af5d8752f9a4557e5d01bc066a937913a1e427661cbb540c4
W8_Q16,ALGSTRUCT,5,6,2201371,6461,16,1,29,1,55,178,10,168,63,30,d68e12eaec95eadd08fb1ce8e6c0dcfc893de77e4c3d4f5a64bb4b4ee29b64b3
W9_Q02,STRUCT_R1,5,6,479959,3870,0,0,4,0,6,96,4,4,1,4,f59554bf6b558dac39020afcdc9d3261e3c200f0f612cb6818827b31bbda0408
W3_d3,OFF,5,6,1178637,2352,0,0,12,8,42,16,14,46,8,20,d0de00aa950042ce2df3a1aacd87b83395b88f62201b4b0ee4f6f67dba5bbb2b
W4_Q01,ALGSTRUCT,5,6,493903,2129,1,0,6,1,10,34,6,45,31,7,2a2742010b3f20f3e0b7616f059bcf47256e350d22af5b1d3a055aa5eee736e9
W9_Q16,STRUCT_R1,5,6,2757920,7685,0,0,18,2,22,352,4,4,1,20,ff9866380da95df98e4375770d21fe162b02c0b8b05b75e939b18d0d711c4c04
W2_Q02,OFF,5,6,243534,1556,0,0,4,2,10,4,6,15,4,6,002b88cffa362a25f201c7342c0d49bad4cd7fb10998ad8823a39c11beee6d88
W2_Q02,STRUCT,5,6,313645,1518,0,0,4,2,10,4,6,15,4,6,002b88cffa362a25f201c7342c0d49bad4cd7fb10998ad8823a39c11beee6d88
W8_Q04,STRUCT,5,6,1196895,5927,0,0,17,2,36,167,11,169,63,19,683043cf53c296ea0d43a0c383a5a5aa5dfae2adbc542c677c919239829da206
W6_Q16,ALGSTRUCT,5,6,1019843,2092,0,0,18,2,52,18,6,15,5,20,bb0755604375307ff8e5fd09781b80b224d9ab98fa75fb51387fe44cb24e3726
W9_Q08,STRUCT_R2,5,6,1455969,6055,0,4,10,1,11,176,4,4,1,11,f0aee4c6a6b6511ecbc27f2fc4ef3f688cd044d5f143461208ceed4e1cea64ae
W4_Q16,STRUCT_R1,5,6,7161937,25480,16,0,66,1,115,529,21,510,31,67,c4cb6b036cc3a61a0d0502a6d94307b09dd7e159ba9b445a83ebed14f5c8ebe1
W9_Q04,STRUCT_R1,5,6,1104230,4612,0,0,6,2,10,160,4,4,1,8,a25fcd6d9b6930c5a5e472a5d4b9da9d0423cec22fe64a49a0e3364286ad6c7b
W7_Q04,STRUCT_R2,5,6,286961,1462,0,0,8,0,16,6,6,15,4,8,64eb05b2d681af147811cd64dc0e11be812cb48952e297a71fcf6d3c013ba4a0
W5_Q01,ALGSTRUCT,5,6,184203,1406,0,0,3,0,3,1,4,10,4,3,7528d1a80da7ce6bed6c3efbaad136c6b237adf54f46f512a5fe79019bfef2ec
W8_Q08,OFF,5,6,1193805,6406,0,0,21,2,48,171,11,169,63,23,6202056e7f9106d89fc2c03650e5a38d69f704cc369ba9e689bf413e5f7173e1
W8_Q32,STRUCT_R2,5,6,2818679,8536,0,1,45,2,120,195,11,169,63,47,257e33fe42ff72054f90b0755280d3b57f6dc95e0ff488350c7a08c8fa00e255
W9_Q08,STRUCT,5,6,1604523,7055,0,0,10,2,14,224,4,4,1,12,4c97cc82f3dbf6bc2a6de325d199b0cb65ffca732846069f84ea5618bb19fcfd
W9_Q32,ALGSTRUCT,5,6,5057512,12628,0,16,34,1,35,560,4,4,1,35,678046e55883cc9fe207429daab5f5da66bcc2178ee01574697097ddff7f102c
W6_Q32,ALGSTRUCT,5,6,1940447,3425,0,0,34,2,100,34,6,15,5,36,e27ba2fd4a248e13e86f6fd51f6578ca7bbe37b27fb6c62f3d2e37c16ce58156
W4_Q08,ALGSTRUCT,5,6,2972696,13074,8,0,34,1,59,265,13,262,31,35,0d7db8d8f19881c77c6e7cd19e1f9d024ea9973fae56dbdbc00db2eeaa790340
W8_Q16,STRUCT_R2,5,6,1846687,7148,0,1,29,2,72,179,11,169,63,31,75d1b16c15c201143eb0f00e84429326ead193544062ed0323b47e7914fd575d
W5_Q08,OFF,5,6,442682,2629,0,0,24,0,24,8,18,66,4,24,1ec99f8159a9bf9f7216cbde66142ab941580d932ab53b67181d9941e08515a5
W4_Q01,STRUCT,5,6,445088,2797,0,0,6,2,12,35,7,46,31,8,c1c4e28384d704fc6572f4a795b1b9dcd23dd585446058743d09154ee63f83a5
W3_d3,STRUCT_R2,5,6,1415692,2869,0,0,12,8,42,16,14,46,8,20,d0de00aa950042ce2df3a1aacd87b83395b88f62201b4b0ee4f6f67dba5bbb2b
W7_Q16,STRUCT,5,6,618104,2242,0,0,20,0,52,18,6,15,4,20,352ecf90b67b0a72cf480d5f2990d3ea8f45c0a65a2644e7a858b4f181627dcb
W8_Q08,STRUCT_R1,5,6,1620317,5520,8,0,21,1,39,170,10,168,63,22,dfb50a16d91192e00318e4ac61c06d5403d37554d2e61726115b9e5e96a90617
W2_Q02,STRUCT_R2,5,6,306682,1556,0,0,4,2,10,4,6,15,4,6,002b88cffa362a25f201c7342c0d49bad4cd7fb10998ad8823a39c11beee6d88
W7_Q16,ALGSTRUCT,5,6,619456,2001,0,0,20,0,52,18,6,15,4,20,352ecf90b67b0a72cf480d5f2990d3ea8f45c0a65a2644e7a858b4f181627dcb
W6_Q04,STRUCT,5,6,401515,1555,0,0,6,2,16,6,6,15,5,8,463695b346924b3ce3bfd76bc311a5cc5d47fb033482cc22912fc407e8f09fdf
W4_Q32,STRUCT,5,6,9949689,63517,0,0,130,2,260,1058,38,1007,31,132,068ad024181661f75503372002890dd704cd730c5fc591fd65590a6d532c145d
W7_Q01,OFF,5,6,156145,1539,0,0,5,0,7,3,6,15,4,5,70f8123fffd2af37d12a00e22d9841098c66a489d4953aae174ab2cb5014e5d7
W5_Q01,OFF,5,6,129480,1649,0,0,3,0,3,1,4,10,4,3,7528d1a80da7ce6bed6c3efbaad136c6b237adf54f46f512a5fe79019bfef2ec
W2_Q02,ALGSTRUCT,5,6,325108,1519,2,0,4,1,7,3,5,14,4,5,d8adac9423435c6f23a5e314f4d31430db516714fee41508dcac1bc6af0e6f0c
W2_Q32,ALGSTRUCT,5,6,2258239,3870,32,0,34,1,67,33,5,14,4,35,aa6152b6f2b2227ea71db0831b5f58d2dce2bdcb6db5c4bb5d1fb235d1201ed1
W6_Q01,ALGSTRUCT,5,6,266442,1296,0,0,3,2,7,3,6,15,5,5,ef852aa19070a90d167a6fc211683b2bbb6401671f4212d90e23806d1620b62f
W2_Q32,STRUCT_R2,5,6,1907983,3389,0,0,34,2,100,34,6,15,4,36,ead1d2e3154b72c47159b745145cb82392c282dcdeeba0e877b2291c8ed45d37
W6_Q02,STRUCT,5,6,316202,1295,0,0,4,2,10,4,6,15,5,6,d26b7c6c44eb2ae1342ad0eacde318e4485f70f1e0c22f44dc171d7c0f11f2c5
W3_d2,STRUCT_R1,5,6,972638,1909,9,0,11,3,24,11,8,27,5,14,b3a60a0bc9bb1633f8ca67743fa2b43eea5f58f8a512cbf173b181d8c20dfa68
W7_Q32,OFF,5,6,907344,3259,0,0,36,0,100,34,6,15,4,36,6bdf3735d7ed12e047353d97f7fd342934c808ba421573c6cd2474dd612f37b1
W4_Q16,STRUCT_R2,5,6,4714031,26241,0,0,66,2,132,530,22,511,31,68,7fbae5656c303ca065341c5db14fa3ef41fb196c82f59bb1c789e1f7b78b0f7a
W1,OFF,5,6,198165,1445,0,0,3,2,7,3,6,15,4,5,4b26ed307e0166f8d1fa59ea1e874899e41c5fd882be9ef62f84eb3685bb70b7
W5_Q04,OFF,5,6,243850,2074,0,0,12,0,12,4,10,34,4,12,233b80e0525d1c617459998a8c1e1bc9855a2c2b10f43c6fd42648b8adae0248
W3_d3,ALGSTRUCT,5,6,1411229,2166,10,0,12,5,29,13,11,43,8,17,16f1a8e88d7f920d91f3a177d0789d4761bf8768a0ac71ebce1f9f2282714954
W8_Q01,OFF,5,6,810475,5592,0,0,14,2,27,164,11,169,63,16,7b06ec78e125033330eb86a638ef113771be6d17e66ade996d2cadaa30e562a7
W7_Q08,STRUCT_R1,5,6,416329,1834,0,0,12,0,28,10,6,15,4,12,d13ad2add4e1d9cb21c441a8963ffbcf5f462a05d4f61331fa56b7c117fe58d1
W3_d1,STRUCT_R1,5,6,581828,1907,8,0,10,1,19,9,5,14,4,11,51eaee63f5c885c3fa7e71093e89c7ff61bea1c09d51d95c588c39ddf452f383
W4_Q02,STRUCT,5,6,696346,4018,0,0,10,2,20,68,8,77,31,12,c082fb0620ac05b05065135ca996c9564b57d8a79b47964aa54b86c16cd0659f
W6_Q08,ALGSTRUCT,5,6,605662,2259,0,0,10,2,28,10,6,15,5,12,0d426ef82e54bf37e16bebf86ad11b160059eb28202264ca816d50ab17a2aa06
W5_Q08,STRUCT,5,6,526643,2945,0,0,24,0,24,8,18,66,4,24,1ec99f8159a9bf9f7216cbde66142ab941580d932ab53b67181d9941e08515a5
W6_Q16,OFF,5,6,796919,2556,0,0,18,2,52,18,6,15,5,20,bb0755604375307ff8e5fd09781b80b224d9ab98fa75fb51387fe44cb24e3726
W6_Q32,OFF,5,6,1599336,3223,0,0,34,2,100,34,6,15,5,36,e27ba2fd4a248e13e86f6fd51f6578ca7bbe37b27fb6c62f3d2e37c16ce58156
W1,STRUCT,5,6,263870,1443,0,0,3,2,7,3,6,15,4,5,4b26ed307e0166f8d1fa59ea1e874899e41c5fd882be9ef62f84eb3685bb70b7
W5_Q32,STRUCT_R2,5,6,1990259,8871,0,0,96,0,96,32,66,258,4,96,ad908136f049b66ae4b1e1c3f252d7a2ebead009fab3f7177d4babd24fcbec6a
W4_Q08,STRUCT_R1,5,6,2944455,13222,8,0,34,1,59,265,13,262,31,35,0d7db8d8f19881c77c6e7cd19e1f9d024ea9973fae56dbdbc00db2eeaa790340
W8_Q04,STRUCT_R2,5,6,1174674,5482,0,1,17,2,36,167,11,169,63,19,683043cf53c296ea0d43a0c383a5a5aa5dfae2adbc542c677c919239829da206
W2_Q02,STRUCT_R1,5,6,320608,1315,2,0,4,1,7,3,5,14,4,5,d8adac9423435c6f23a5e314f4d31430db516714fee41508dcac1bc6af0e6f0c
W9_Q01,OFF,5,6,228554,3889,0,0,3,0,3,48,4,4,1,3,6e63c0dab5f8b29ef9d1440bcd3711746464b7521a4243c8d32e03504a6224d2
W2_Q08,ALGSTRUCT,5,6,583661,1611,8,0,10,1,19,9,5,14,4,11,28ef291bdbdabd5779860a9dac095bdb774cc930b18dec6f9c7bf13df75550d2
W7_Q08,ALGSTRUCT,5,6,409793,1518,0,0,12,0,28,10,6,15,4,12,d13ad2add4e1d9cb21c441a8963ffbcf5f462a05d4f61331fa56b7c117fe58d1
W6_Q16,STRUCT,5,6,988472,2463,0,0,18,2,52,18,6,15,5,20,bb0755604375307ff8e5fd09781b80b224d9ab98fa75fb51387fe44cb24e3726
W8_Q02,STRUCT,5,6,1064361,5537,0,0,15,2,30,165,11,169,63,17,ab8e72a97eeddaf640fa9d87846837b35913b3b9a7916818e4653a499fd7cc9a
W3_d1,OFF,5,6,459403,1833,0,0,10,2,28,10,6,15,4,12,a54c74b256ab2c5cf00e4072ff680215ee9ddba8ea28d33e07bfd46dd0370227
W3_d3,STRUCT_R1,5,6,1415154,2482,10,0,12,5,29,13,11,43,8,17,16f1a8e88d7f920d91f3a177d0789d4761bf8768a0ac71ebce1f9f2282714954
W1,STRUCT_R2,5,6,263368,1592,0,0,3,2,7,3,6,15,4,5,4b26ed307e0166f8d1fa59ea1e874899e41c5fd882be9ef62f84eb3685bb70b7
W3_d1,ALGSTRUCT,5,6,589772,1778,8,0,10,1,19,9,5,14,4,11,51eaee63f5c885c3fa7e71093e89c7ff61bea1c09d51d95c588c39ddf452f383
W5_Q16,STRUCT_R1,5,6,1004565,4778,0,0,48,0,48,16,34,130,4,48,15f4ec0f61204d6ef15a655140c1c86c7248fc9deed8e4c09ef3081b8b94fb64
W4_Q16,OFF,5,6,4252517,27481,0,0,66,2,132,530,22,511,31,68,7fbae5656c303ca065341c5db14fa3ef41fb196c82f59bb1c789e1f7b78b0f7a
W5_Q08,STRUCT_R1,5,6,539180,2741,0,0,24,0,24,8,18,66,4,24,1ec99f8159a9bf9f7216cbde66142ab941580d932ab53b67181d9941e08515a5
W5_Q01,STRUCT,5,6,183461,1241,0,0,3,0,3,1,4,10,4,3,7528d1a80da7ce6bed6c3efbaad136c6b237adf54f46f512a5fe79019bfef2ec
W4_Q02,STRUCT_R2,5,6,689197,3501,0,0,10,2,20,68,8,77,31,12,c082fb0620ac05b05065135ca996c9564b57d8a79b47964aa54b86c16cd0659f
W4_Q16,ALGSTRUCT,5,6,7134789,26110,16,0,66,1,115,529,21,510,31,67,c4cb6b036cc3a61a0d0502a6d94307b09dd7e159ba9b445a83ebed14f5c8ebe1
W3_d2,ALGSTRUCT,5,6,980452,2039,9,0,11,3,24,11,8,27,5,14,b3a60a0bc9bb1633f8ca67743fa2b43eea5f58f8a512cbf173b181d8c20dfa68
W8_Q04,STRUCT_R1,5,6,1342542,5149,4,0,17,1,31,166,10,168,63,18,1ff2b9471d9cd2dd9078b74afc728460463e46c3102cf6da6b805d7f73e4899a
W4_Q01,OFF,5,6,364553,2648,0,0,6,2,12,35,7,46,31,8,c1c4e28384d704fc6572f4a795b1b9dcd23dd585446058743d09154ee63f83a5
W8_Q04,ALGSTRUCT,5,6,1296878,5351,4,1,17,1,31,166,10,168,63,18,1ff2b9471d9cd2dd9078b74afc728460463e46c3102cf6da6b805d7f73e4899a
W9_Q04,STRUCT,5,6,1121787,5018,0,0,6,2,10,160,4,4,1,8,a25fcd6d9b6930c5a5e472a5d4b9da9d0423cec22fe64a49a0e3364286ad6c7b
W2_Q16,STRUCT,5,6,1009455,2240,0,0,18,2,52,18,6,15,4,20,f53a43e02a6f7be38b5d23a92cce7a6f0c7e7deac086e97841ea021c93a5a893
W6_Q08,STRUCT_R2,5,6,572200,1814,0,0,10,2,28,10,6,15,5,12,0d426ef82e54bf37e16bebf86ad11b160059eb28202264ca816d50ab17a2aa06
W8_Q02,STRUCT_R1,5,6,1161730,5685,2,0,15,1,27,164,10,168,63,16,652ea2e2db2a8b59e1a2373d0aa09bb6194a7176cb3cd104297a14f7ef235e6b
W3_d2,STRUCT_R2,5,6,964492,2573,0,0,11,5,35,13,10,29,5,16,bb512a3ef0db77c97656c90a9544f5958e4b52748f6a43bfdbc34ec450c82e91
W8_Q16,STRUCT,5,6,1859871,6927,0,0,29,2,72,179,11,169,63,31,75d1b16c15c201143eb0f00e84429326ead193544062ed0323b47e7914fd575d
W4_Q08,STRUCT,5,6,2331239,13444,0,0,34,2,68,266,14,263,31,36,310b652f3a487a64261e67b69ca4bd659f7cd91c74be37afd64d6187457e8bdc
W9_Q16,STRUCT,5,6,2768494,10241,0,0,18,2,22,352,4,4,1,20,ff9866380da95df98e4375770d21fe162b02c0b8b05b75e939b18d0d711c4c04
W4_Q08,OFF,5,6,2015483,12240,0,0,34,2,68,266,14,263,31,36,310b652f3a487a64261e67b69ca4bd659f7cd91c74be37afd64d6187457e8bdc
W4_Q32,OFF,5,6,8640478,66370,0,0,130,2,260,1058,38,1007,31,132,068ad024181661f75503372002890dd704cd730c5fc591fd65590a6d532c145d
W7_Q04,STRUCT_R1,5,6,293014,1353,0,0,8,0,16,6,6,15,4,8,64eb05b2d681af147811cd64dc0e11be812cb48952e297a71fcf6d3c013ba4a0
W6_Q02,OFF,5,6,236461,1759,0,0,4,2,10,4,6,15,5,6,d26b7c6c44eb2ae1342ad0eacde318e4485f70f1e0c22f44dc171d7c0f11f2c5
W2_Q32,OFF,5,6,1563431,3666,0,0,34,2,100,34,6,15,4,36,ead1d2e3154b72c47159b745145cb82392c282dcdeeba0e877b2291c8ed45d37
W2_Q08,STRUCT_R1,5,6,579365,2000,8,0,10,1,19,9,5,14,4,11,28ef291bdbdabd5779860a9dac095bdb774cc930b18dec6f9c7bf13df75550d2
W6_Q01,STRUCT,5,6,261887,1500,0,0,3,2,7,3,6,15,5,5,ef852aa19070a90d167a6fc211683b2bbb6401671f4212d90e23806d1620b62f
W5_Q01,STRUCT_R2,5,6,180943,1408,0,0,3,0,3,1,4,10,4,3,7528d1a80da7ce6bed6c3efbaad136c6b237adf54f46f512a5fe79019bfef2ec
W3_d1,STRUCT,5,6,578255,1814,0,0,10,2,28,10,6,15,4,12,a54c74b256ab2c5cf00e4072ff680215ee9ddba8ea28d33e07bfd46dd0370227
W8_Q02,OFF,5,6,846751,5722,0,0,15,2,30,165,11,169,63,17,ab8e72a97eeddaf640fa9d87846837b35913b3b9a7916818e4653a499fd7cc9a
W6_Q08,OFF,5,6,463997,1925,0,0,10,2,28,10,6,15,5,12,0d426ef82e54bf37e16bebf86ad11b160059eb28202264ca816d50ab17a2aa06
W4_Q32,STRUCT_R2,5,6,9708506,61110,0,0,130,2,260,1058,38,1007,31,132,068ad024181661f75503372002890dd704cd730c5fc591fd65590a6d532c145d
W7_Q02,ALGSTRUCT,5,6,253369,1555,0,0,6,0,10,4,6,15,4,6,b1d2efac79748ca32ad60ca241d894721be3c3795c13e31e47e01dad1cb5a5f1
W6_Q02,ALGSTRUCT,5,6,319313,1370,0,0,4,2,10,4,6,15,5,6,d26b7c6c44eb2ae1342ad0eacde318e4485f70f1e0c22f44dc171d7c0f11f2c5
W7_Q01,STRUCT_R1,5,6,220054,1518,0,0,5,0,7,3,6,15,4,5,70f8123fffd2af37d12a00e22d9841098c66a489d4953aae174ab2cb5014e5d7
W5_Q04,STRUCT_R1,5,6,316145,1834,0,0,12,0,12,4,10,34,4,12,233b80e0525d1c617459998a8c1e1bc9855a2c2b10f43c6fd42648b8adae0248
W7_Q16,OFF,5,6,485682,2295,0,0,20,0,52,18,6,15,4,20,352ecf90b67b0a72cf480d5f2990d3ea8f45c0a65a2644e7a858b4f181627dcb
W9_Q32,STRUCT,5,6,5219305,15537,0,0,34,2,38,608,4,4,1,36,f9b4de382a62f7ddf0ae716d829e6d3204b079918eba11b5d003aed0f308e9a0
W4_Q02,STRUCT_R1,5,6,780306,3705,2,0,10,1,17,67,7,76,31,11,056c94f2139c9e918446fe4f786e56b203a4febdd7cdb7d162e2b0323db5a772
W5_Q01,STRUCT_R1,5,6,183608,1150,0,0,3,0,3,1,4,10,4,3,7528d1a80da7ce6bed6c3efbaad136c6b237adf54f46f512a5fe79019bfef2ec
W8_Q02,STRUCT_R2,5,6,1044731,5315,0,1,15,2,30,165,11,169,63,17,ab8e72a97eeddaf640fa9d87846837b35913b3b9a7916818e4653a499fd7cc9a
W5_Q16,STRUCT,5,6,984473,5055,0,0,48,0,48,16,34,130,4,48,15f4ec0f61204d6ef15a655140c1c86c7248fc9deed8e4c09ef3081b8b94fb64
W5_Q02,STRUCT,5,6,220516,1741,0,0,6,0,6,2,6,18,4,6,e7741c936508103b2af3b934e316124eac7bac4773e716fb634bafee4047c0e4
W5_Q08,ALGSTRUCT,5,6,533624,2408,0,0,24,0,24,8,18,66,4,24,1ec99f8159a9bf9f7216cbde66142ab941580d932ab53b67181d9941e08515a5
W2_Q01,STRUCT_R1,5,6,273720,1648,1,0,3,1,5,2,5,14,4,4,2474f5c3c44c2292e8653ad95f4f21ec80fa6c72b730d7761807baa6c04c0270
W6_Q32,STRUCT_R1,5,6,1925798,3018,0,0,34,2,100,34,6,15,5,36,e27ba2fd4a248e13e86f6fd51f6578ca7bbe37b27fb6c62f3d2e37c16ce58156
W4_Q08,STRUCT_R2,5,6,2306756,13612,0,0,34,2,68,266,14,263,31,36,310b652f3a487a64261e67b69ca4bd659f7cd91c74be37afd64d6187457e8bdc
W6_Q01,OFF,5,6,196869,1555,0,0,3,2,7,3,6,15,5,5,ef852aa19070a90d167a6fc211683b2bbb6401671f4212d90e23806d1620b62f
W7_Q32,STRUCT,5,6,1134955,3202,0,0,36,0,100,34,6,15,4,36,6bdf3735d7ed12e047353d97f7fd342934c808ba421573c6cd2474dd612f37b1
W9_Q02,STRUCT,5,6,484755,4296,0,0,4,0,6,96,4,4,1,4,f59554bf6b558dac39020afcdc9d3261e3c200f0f612cb6818827b31bbda0408
W2_Q04,STRUCT,5,6,408497,1926,0,0,6,2,16,6,6,15,4,8,b8312387bf162a1452336c9e9e40ef1298c4a5b22cc87b54f4215f6e91104b3c
W7_Q16,STRUCT_R1,5,6,637291,2092,0,0,20,0,52,18,6,15,4,20,352ecf90b67b0a72cf480d5f2990d3ea8f45c0a65a2644e7a858b4f181627dcb
W2_Q04,OFF,5,6,322534,1556,0,0,6,2,16,6,6,15,4,8,b8312387bf162a1452336c9e9e40ef1298c4a5b22cc87b54f4215f6e91104b3c
W8_Q08,STRUCT,5,6,1451098,6407,0,0,21,2,48,171,11,169,63,23,6202056e7f9106d89fc2c03650e5a38d69f704cc369ba9e689bf413e5f7173e1
W6_Q08,STRUCT,5,6,579293,1906,0,0,10,2,28,10,6,15,5,12,0d426ef82e54bf37e16bebf86ad11b160059eb28202264ca816d50ab17a2aa06
W7_Q32,ALGSTRUCT,5,6,1170158,2980,0,0,36,0,100,34,6,15,4,36,6bdf3735d7ed12e047353d97f7fd342934c808ba421573c6cd2474dd612f37b1
W2_Q04,STRUCT_R1,5,6,406181,1630,4,0,6,1,11,5,5,14,4,7,e3e1c95caf3c6465ad04568b51f69fe26be853a4ad44521756f63edd123351f8
W8_Q32,ALGSTRUCT,5,6,3851040,7999,32,1,45,1,87,194,10,168,63,46,45e69b1796e998f7df6d485c516cc0751375b53ec01f0a7673d473a9ec217a0e
W9_Q01,STRUCT_R1,5,6,336366,3038,0,0,3,0,3,48,4,4,1,3,6e63c0dab5f8b29ef9d1440bcd3711746464b7521a4243c8d32e03504a6224d2
W6_Q04,ALGSTRUCT,5,6,410162,1538,0,0,6,2,16,6,6,15,5,8,463695b346924b3ce3bfd76bc311a5cc5d47fb033482cc22912fc407e8f09fdf
W5_Q04,STRUCT_R2,5,6,313497,2240,0,0,12,0,12,4,10,34,4,12,233b80e0525d1c617459998a8c1e1bc9855a2c2b10f43c6fd42648b8adae0248
W7_Q32,STRUCT_R2,5,6,1111787,3407,0,0,36,0,100,34,6,15,4,36,6bdf3735d7ed12e047353d97f7fd342934c808ba421573c6cd2474dd612f37b1
W7_Q01,STRUCT_R2,5,6,222313,1278,0,0,5,0,7,3,6,15,4,5,70f8123fffd2af37d12a00e22d9841098c66a489d4953aae174ab2cb5014e5d7
W3_d1,STRUCT_R2,5,6,571291,1908,0,0,10,2,28,10,6,15,4,12,a54c74b256ab2c5cf00e4072ff680215ee9ddba8ea28d33e07bfd46dd0370227
W5_Q32,OFF,5,6,1840724,9203,0,0,96,0,96,32,66,258,4,96,ad908136f049b66ae4b1e1c3f252d7a2ebead009fab3f7177d4babd24fcbec6a
W7_Q08,STRUCT,5,6,406403,1852,0,0,12,0,28,10,6,15,4,12,d13ad2add4e1d9cb21c441a8963ffbcf5f462a05d4f61331fa56b7c117fe58d1
W4_Q04,STRUCT_R2,5,6,1243470,7315,0,0,18,2,36,134,10,139,31,20,fd25718cb278dfe33c1131161ba4977814e08de24bd73801325a42bf895b4b90
W9_Q04,OFF,5,6,622661,4408,0,0,6,0,12,192,4,4,1,6,6dad93323aff1013501fa90b58e0e48741ec6d807386799264c78a900e9e11d0
W7_Q02,STRUCT_R1,5,6,249165,1407,0,0,6,0,10,4,6,15,4,6,b1d2efac79748ca32ad60ca241d894721be3c3795c13e31e47e01dad1cb5a5f1
W7_Q02,STRUCT_R2,5,6,248793,1519,0,0,6,0,10,4,6,15,4,6,b1d2efac79748ca32ad60ca241d894721be3c3795c13e31e47e01dad1cb5a5f1
W4_Q04,STRUCT_R1,5,6,1458930,6834,4,0,18,1,31,133,9,138,31,19,fc880fdc081349aa9e95db821628814a11fa6271dfea15fd511d230a5fbbf819
W6_Q32,STRUCT,5,6,1884945,3167,0,0,34,2,100,34,6,15,5,36,e27ba2fd4a248e13e86f6fd51f6578ca7bbe37b27fb6c62f3d2e37c16ce58156
W2_Q04,STRUCT_R2,5,6,401366,1667,0,0,6,2,16,6,6,15,4,8,b8312387bf162a1452336c9e9e40ef1298c4a5b22cc87b54f4215f6e91104b3c
W7_Q04,OFF,5,6,212258,1999,0,0,8,0,16,6,6,15,4,8,64eb05b2d681af147811cd64dc0e11be812cb48952e297a71fcf6d3c013ba4a0
W4_Q04,ALGSTRUCT,5,6,1456839,6574,4,0,18,1,31,133,9,138,31,19,fc880fdc081349aa9e95db821628814a11fa6271dfea15fd511d230a5fbbf819
W2_Q08,STRUCT_R2,5,6,566197,1927,0,0,10,2,28,10,6,15,4,12,e121069670786ba8fbe3100d624a17638d4611a34b02647058710f2e3db6a9c9
W9_Q01,STRUCT_R2,5,6,338701,3574,0,0,3,0,3,48,4,4,1,3,6e63c0dab5f8b29ef9d1440bcd3711746464b7521a4243c8d32e03504a6224d2
W6_Q04,OFF,5,6,313739,1536,0,0,6,2,16,6,6,15,5,8,463695b346924b3ce3bfd76bc311a5cc5d47fb033482cc22912fc407e8f09fdf
W6_Q01,STRUCT_R1,5,6,261813,1333,0,0,3,2,7,3,6,15,5,5,ef852aa19070a90d167a6fc211683b2bbb6401671f4212d90e23806d1620b62f
W6_Q04,STRUCT_R2,5,6,399424,1795,0,0,6,2,16,6,6,15,5,8,463695b346924b3ce3bfd76bc311a5cc5d47fb033482cc22912fc407e8f09fdf
W7_Q02,OFF,5,6,175572,1723,0,0,6,0,10,4,6,15,4,6,b1d2efac79748ca32ad60ca241d894721be3c3795c13e31e47e01dad1cb5a5f1
W9_Q01,STRUCT,5,6,344108,4277,0,0,3,0,3,48,4,4,1,3,6e63c0dab5f8b29ef9d1440bcd3711746464b7521a4243c8d32e03504a6224d2
W2_Q08,OFF,5,6,468756,1981,0,0,10,2,28,10,6,15,4,12,e121069670786ba8fbe3100d624a17638d4611a34b02647058710f2e3db6a9c9
W9_Q01,ALGSTRUCT,5,6,344590,5074,0,0,3,0,3,48,4,4,1,3,6e63c0dab5f8b29ef9d1440bcd3711746464b7521a4243c8d32e03504a6224d2
W9_Q02,OFF,5,6,351369,4165,0,0,4,0,6,96,4,4,1,4,f59554bf6b558dac39020afcdc9d3261e3c200f0f612cb6818827b31bbda0408
W8_Q01,STRUCT_R2,5,6,1009991,6444,0,1,14,2,27,164,11,169,63,16,7b06ec78e125033330eb86a638ef113771be6d17e66ade996d2cadaa30e562a7
W2_Q08,STRUCT,5,6,578050,1852,0,0,10,2,28,10,6,15,4,12,e121069670786ba8fbe3100d624a17638d4611a34b02647058710f2e3db6a9c9
W8_Q32,STRUCT,5,6,2913567,8166,0,0,45,2,120,195,11,169,63,47,257e33fe42ff72054f90b0755280d3b57f6dc95e0ff488350c7a08c8fa00e255
W3_d2,STRUCT,6,6,994342,2408,0,0,11,5,35,13,10,29,5,16,bb512a3ef0db77c97656c90a9544f5958e4b52748f6a43bfdbc34ec450c82e91
W9_Q32,STRUCT_R2,6,6,5068342,12483,0,16,34,1,35,560,4,4,1,35,678046e55883cc9fe207429daab5f5da66bcc2178ee01574697097ddff7f102c
W4_Q32,STRUCT_R1,6,6,18409168,54387,32,0,130,1,227,1057,37,1006,31,131,4a5be56a553c6df341c1f260562041444c20a964d5f4f3916c7966ddd0bae2e9
W7_Q16,STRUCT,6,6,623531,2352,0,0,20,0,52,18,6,15,4,20,352ecf90b67b0a72cf480d5f2990d3ea8f45c0a65a2644e7a858b4f181627dcb
W4_Q08,STRUCT_R2,6,6,2332773,14909,0,0,34,2,68,266,14,263,31,36,310b652f3a487a64261e67b69ca4bd659f7cd91c74be37afd64d6187457e8bdc
W5_Q16,ALGSTRUCT,6,6,1153990,9110,0,0,48,0,48,16,34,130,4,48,15f4ec0f61204d6ef15a655140c1c86c7248fc9deed8e4c09ef3081b8b94fb64
W3_d3,ALGSTRUCT,6,6,1417431,2130,10,0,12,5,29,13,11,43,8,17,16f1a8e88d7f920d91f3a177d0789d4761bf8768a0ac71ebce1f9f2282714954
W2_Q01,OFF,6,6,199386,1427,0,0,3,2,7,3,6,15,4,5,fb4f50a52888382fd35dda056767f1188dd59b0b7db5fbe2928a5afbf6bf9f5b
W4_Q32,STRUCT_R2,6,6,9895652,71870,0,0,130,2,260,1058,38,1007,31,132,068ad024181661f75503372002890dd704cd730c5fc591fd65590a6d532c145d
W7_Q01,OFF,6,6,152942,1538,0,0,5,0,7,3,6,15,4,5,70f8123fffd2af37d12a00e22d9841098c66a489d4953aae174ab2cb5014e5d7
W1,OFF,6,6,199126,1446,0,0,3,2,7,3,6,15,4,5,4b26ed307e0166f8d1fa59ea1e874899e41c5fd882be9ef62f84eb3685bb70b7
W2_Q16,STRUCT_R1,6,6,1038749,2167,16,0,18,1,35,17,5,14,4,19,6874ea3fe8a08c7af5d8752f9a4557e5d01bc066a937913a1e427661cbb540c4
W4_Q32,ALGSTRUCT,6,6,18515943,52685,32,0,130,1,227,1057,37,1006,31,131,4a5be56a553c6df341c1f260562041444c20a964d5f4f3916c7966ddd0bae2e9
W3_d3,STRUCT,6,6,1432746,2204,0,0,12,8,42,16,14,46,8,20,d0de00aa950042ce2df3a1aacd87b83395b88f62201b4b0ee4f6f67dba5bbb2b
W7_Q08,STRUCT_R1,6,6,409201,1666,0,0,12,0,28,10,6,15,4,12,d13ad2add4e1d9cb21c441a8963ffbcf5f462a05d4f61331fa56b7c117fe58d1
W9_Q08,ALGSTRUCT,6,6,1459468,5834,0,4,10,1,11,176,4,4,1,11,f0aee4c6a6b6511ecbc27f2fc4ef3f688cd044d5f143461208ceed4e1cea64ae
W9_Q01,STRUCT,6,6,339998,3240,0,0,3,0,3,48,4,4,1,3,6e63c0dab5f8b29ef9d1440bcd3711746464b7521a4243c8d32e03504a6224d2
W4_Q04,OFF,6,6,1083749,6630,0,0,18,2,36,134,10,139,31,20,fd25718cb278dfe33c1131161ba4977814e08de24bd73801325a42bf895b4b90
W2_Q02,ALGSTRUCT,6,6,326459,1501,2,0,4,1,7,3,5,14,4,5,d8adac9423435c6f23a5e314f4d31430db516714fee41508dcac1bc6af0e6f0c
W5_Q04,STRUCT_R2,6,6,323904,2019,0,0,12,0,12,4,10,34,4,12,233b80e0525d1c617459998a8c1e1bc9855a2c2b10f43c6fd42648b8adae0248
W3_d3,STRUCT_R1,6,6,1404728,2444,10,0,12,5,29,13,11,43,8,17,16f1a8e88d7f920d91f3a177d0789d4761bf8768a0ac71ebce1f9f2282714954
W2_Q08,STRUCT,6,6,579125,1852,0,0,10,2,28,10,6,15,4,12,e121069670786ba8fbe3100d624a17638d4611a34b02647058710f2e3db6a9c9
W6_Q01,OFF,6,6,196797,1424,0,0,3,2,7,3,6,15,5,5,ef852aa19070a90d167a6fc211683b2bbb6401671f4212d90e23806d1620b62f
W6_Q08,OFF,6,6,464570,2037,0,0,10,2,28,10,6,15,5,12,0d426ef82e54bf37e16bebf86ad11b160059eb28202264ca816d50ab17a2aa06
W1,STRUCT,6,6,264589,1779,0,0,3,2,7,3,6,15,4,5,4b26ed307e0166f8d1fa59ea1e874899e41c5fd882be9ef62f84eb3685bb70b7
W4_Q32,STRUCT,6,6,9816318,71426,0,0,130,2,260,1058,38,1007,31,132,068ad024181661f75503372002890dd704cd730c5fc591fd65590a6d532c145d
W8_Q04,ALGSTRUCT,6,6,1300471,5480,4,1,17,1,31,166,10,168,63,18,1ff2b9471d9cd2dd9078b74afc728460463e46c3102cf6da6b805d7f73e4899a
W9_Q16,STRUCT,6,6,2796753,9777,0,0,18,2,22,352,4,4,1,20,ff9866380da95df98e4375770d21fe162b02c0b8b05b75e939b18d0d711c4c04
W2_Q02,STRUCT_R1,6,6,319534,1445,2,0,4,1,7,3,5,14,4,5,d8adac9423435c6f23a5e314f4d31430db516714fee41508dcac1bc6af0e6f0c
W7_Q32,STRUCT,6,6,1143861,3703,0,0,36,0,100,34,6,15,4,36,6bdf3735d7ed12e047353d97f7fd342934c808ba421573c6cd2474dd612f37b1
W8_Q02,STRUCT_R2,6,6,1046658,5648,0,1,15,2,30,165,11,169,63,17,ab8e72a97eeddaf640fa9d87846837b35913b3b9a7916818e4653a499fd7cc9a
W4_Q16,STRUCT_R1,6,6,7107381,26148,16,0,66,1,115,529,21,510,31,67,c4cb6b036cc3a61a0d0502a6d94307b09dd7e159ba9b445a83ebed14f5c8ebe1
W9_Q08,STRUCT_R2,6,6,1459596,6779,0,4,10,1,11,176,4,4,1,11,f0aee4c6a6b6511ecbc27f2fc4ef3f688cd044d5f143461208ceed4e1cea64ae
W9_Q04,STRUCT,6,6,1130601,5556,0,0,6,2,10,160,4,4,1,8,a25fcd6d9b6930c5a5e472a5d4b9da9d0423cec22fe64a49a0e3364286ad6c7b
W5_Q04,STRUCT_R1,6,6,317237,1816,0,0,12,0,12,4,10,34,4,12,233b80e0525d1c617459998a8c1e1bc9855a2c2b10f43c6fd42648b8adae0248
W7_Q04,STRUCT,6,6,290925,1591,0,0,8,0,16,6,6,15,4,8,64eb05b2d681af147811cd64dc0e11be812cb48952e297a71fcf6d3c013ba4a0
W7_Q32,OFF,6,6,929992,2907,0,0,36,0,100,34,6,15,4,36,6bdf3735d7ed12e047353d97f7fd342934c808ba421573c6cd2474dd612f37b1
W7_Q04,OFF,6,6,220443,1907,0,0,8,0,16,6,6,15,4,8,64eb05b2d681af147811cd64dc0e11be812cb48952e297a71fcf6d3c013ba4a0
W5_Q01,OFF,6,6,123517,1593,0,0,3,0,3,1,4,10,4,3,7528d1a80da7ce6bed6c3efbaad136c6b237adf54f46f512a5fe79019bfef2ec
W8_Q04,STRUCT_R2,6,6,1183046,5795,0,1,17,2,36,167,11,169,63,19,683043cf53c296ea0d43a0c383a5a5aa5dfae2adbc542c677c919239829da206
W2_Q08,STRUCT_R2,6,6,575254,1944,0,0,10,2,28,10,6,15,4,12,e121069670786ba8fbe3100d624a17638d4611a34b02647058710f2e3db6a9c9
W4_Q16,STRUCT,6,6,4858642,27721,0,0,66,2,132,530,22,511,31,68,7fbae5656c303ca065341c5db14fa3ef41fb196c82f59bb1c789e1f7b78b0f7a
W2_Q01,ALGSTRUCT,6,6,276461,1425,1,0,3,1,5,2,5,14,4,4,2474f5c3c44c2292e8653ad95f4f21ec80fa6c72b730d7761807baa6c04c0270
W7_Q02,STRUCT_R1,6,6,252960,1427,0,0,6,0,10,4,6,15,4,6,b1d2efac79748ca32ad60ca241d894721be3c3795c13e31e47e01dad1cb5a5f1
W5_Q16,OFF,6,6,877771,5721,0,0,48,0,48,16,34,130,4,48,15f4ec0f61204d6ef15a655140c1c86c7248fc9deed8e4c09ef3081b8b94fb64
W6_Q16,STRUCT_R1,6,6,1017954,2352,0,0,18,2,52,18,6,15,5,20,bb0755604375307ff8e5fd09781b80b224d9ab98fa75fb51387fe44cb24e3726
W5_Q04,OFF,6,6,245589,2038,0,0,12,0,12,4,10,34,4,12,233b80e0525d1c617459998a8c1e1bc9855a2c2b10f43c6fd42648b8adae0248
W9_Q32,ALGSTRUCT,6,6,5069121,12704,0,16,34,1,35,560,4,4,1,35,678046e55883cc9fe207429daab5f5da66bcc2178ee01574697097ddff7f102c
W6_Q02,OFF,6,6,240905,1426,0,0,4,2,10,4,6,15,5,6,d26b7c6c44eb2ae1342ad0eacde318e4485f70f1e0c22f44dc171d7c0f11f2c5
W5_Q02,STRUCT,6,6,224200,1705,0,0,6,0,6,2,6,18,4,6,e7741c936508103b2af3b934e316124eac7bac4773e716fb634bafee4047c0e4
W6_Q02,STRUCT,6,6,313330,1538,0,0,4,2,10,4,6,15,5,6,d26b7c6c44eb2ae1342ad0eacde318e4485f70f1e0c22f44dc171d7c0f11f2c5
W6_Q32,STRUCT_R2,6,6,1863336,3499,0,0,34,2,100,34,6,15,5,36,e27ba2fd4a248e13e86f6fd51f6578ca7bbe37b27fb6c62f3d2e37c16ce58156
W5_Q08,STRUCT_R1,6,6,532626,2740,0,0,24,0,24,8,18,66,4,24,1ec99f8159a9bf9f7216cbde66142ab941580d932ab53b67181d9941e08515a5
W5_Q02,STRUCT_R1,6,6,224201,1648,0,0,6,0,6,2,6,18,4,6,e7741c936508103b2af3b934e316124eac7bac4773e716fb634bafee4047c0e4
W2_Q08,ALGSTRUCT,6,6,582922,1647,8,0,10,1,19,9,5,14,4,11,28ef291bdbdabd5779860a9dac095bdb774cc930b18dec6f9c7bf13df75550d2
W6_Q08,STRUCT,6,6,574884,1870,0,0,10,2,28,10,6,15,5,12,0d426ef82e54bf37e16bebf86ad11b160059eb28202264ca816d50ab17a2aa06
W4_Q16,ALGSTRUCT,6,6,7153490,26612,16,0,66,1,115,529,21,510,31,67,c4cb6b036cc3a61a0d0502a6d94307b09dd7e159ba9b445a83ebed14f5c8ebe1
W8_Q02,ALGSTRUCT,6,6,1153213,4999,2,1,15,1,27,164,10,168,63,16,652ea2e2db2a8b59e1a2373d0aa09bb6194a7176cb3cd104297a14f7ef235e6b
W5_Q32,STRUCT_R1,6,6,2145980,10982,0,0,96,0,96,32,66,258,4,96,ad908136f049b66ae4b1e1c3f252d7a2ebead009fab3f7177d4babd24fcbec6a
W4_Q08,OFF,6,6,2016166,13334,0,0,34,2,68,266,14,263,31,36,310b652f3a487a64261e67b69ca4bd659f7cd91c74be37afd64d6187457e8bdc
W6_Q04,STRUCT,6,6,404552,1537,0,0,6,2,16,6,6,15,5,8,463695b346924b3ce3bfd76bc311a5cc5d47fb033482cc22912fc407e8f09fdf
W2_Q02,OFF,6,6,240220,1815,0,0,4,2,10,4,6,15,4,6,002b88cffa362a25f201c7342c0d49bad4cd7fb10998ad8823a39c11beee6d88
W8_Q32,STRUCT_R2,6,6,2843270,8278,0,1,45,2,120,195,11,169,63,47,257e33fe42ff72054f90b0755280d3b57f6dc95e0ff488350c7a08c8fa00e255
W9_Q02,ALGSTRUCT,6,6,633125,4499,0,1,4,1,5,80,4,4,1,5,a250745debd6fd7cf3585f94dfa2ad7178c8b7c572e5ce15f0467c48475c0e9a
W9_Q02,OFF,6,6,346682,4037,0,0,4,0,6,96,4,4,1,4,f59554bf6b558dac39020afcdc9d3261e3c200f0f612cb6818827b31bbda0408
W4_Q16,OFF,6,6,4247092,27962,0,0,66,2,132,530,22,511,31,68,7fbae5656c303ca065341c5db14fa3ef41fb196c82f59bb1c789e1f7b78b0f7a
W9_Q04,STRUCT_R2,6,6,984659,4721,0,2,6,1,7,112,4,4,1,7,7e3f7232eefdc535f0f8be36c1c724fab7de36a2740821784506d96a09bd30b3
W4_Q02,OFF,6,6,585606,4444,0,0,10,2,20,68,8,77,31,12,c082fb0620ac05b05065135ca996c9564b57d8a79b47964aa54b86c16cd0659f
W7_Q32,ALGSTRUCT,6,6,1166694,2981,0,0,36,0,100,34,6,15,4,36,6bdf3735d7ed12e047353d97f7fd342934c808ba421573c6cd2474dd612f37b1
W4_Q02,STRUCT,6,6,702770,4020,0,0,10,2,20,68,8,77,31,12,c082fb0620ac05b05065135ca996c9564b57d8a79b47964aa54b86c16cd0659f
W7_Q01,STRUCT_R2,6,6,218793,1445,0,0,5,0,7,3,6,15,4,5,70f8123fffd2af37d12a00e22d9841098c66a489d4953aae174ab2cb5014e5d7
W6_Q02,STRUCT_R1,6,6,323646,1629,0,0,4,2,10,4,6,15,5,6,d26b7c6c44eb2ae1342ad0eacde318e4485f70f1e0c22f44dc171d7c0f11f2c5
W9_Q04,OFF,6,6,604234,4353,0,0,6,0,12,192,4,4,1,6,6dad93323aff1013501fa90b58e0e48741ec6d807386799264c78a900e9e11d0
W9_Q01,STRUCT_R1,6,6,338851,3609,0,0,3,0,3,48,4,4,1,3,6e63c0dab5f8b29ef9d1440bcd3711746464b7521a4243c8d32e03504a6224d2
W6_Q32,STRUCT,6,6,1920613,3184,0,0,34,2,100,34,6,15,5,36,e27ba2fd4a248e13e86f6fd51f6578ca7bbe37b27fb6c62f3d2e37c16ce58156
W7_Q04,ALGSTRUCT,6,6,300589,1649,0,0,8,0,16,6,6,15,4,8,64eb05b2d681af147811cd64dc0e11be812cb48952e297a71fcf6d3c013ba4a0
W5_Q32,STRUCT,6,6,2113297,10647,0,0,96,0,96,32,66,258,4,96,ad908136f049b66ae4b1e1c3f252d7a2ebead009fab3f7177d4babd24fcbec6a
W6_Q32,ALGSTRUCT,6,6,1930556,3408,0,0,34,2,100,34,6,15,5,36,e27ba2fd4a248e13e86f6fd51f6578ca7bbe37b27fb6c62f3d2e37c16ce58156
W8_Q32,STRUCT,6,6,2858697,8388,0,0,45,2,120,195,11,169,63,47,257e33fe42ff72054f90b0755280d3b57f6dc95e0ff488350c7a08c8fa00e255
W4_Q02,STRUCT_R2,6,6,693140,3816,0,0,10,2,20,68,8,77,31,12,c082fb0620ac05b05065135ca996c9564b57d8a79b47964aa54b86c16cd0659f
W4_Q01,STRUCT,6,6,447403,2519,0,0,6,2,12,35,7,46,31,8,c1c4e28384d704fc6572f4a795b1b9dcd23dd585446058743d09154ee63f83a5
W6_Q16,OFF,6,6,795290,2222,0,0,18,2,52,18,6,15,5,20,bb0755604375307ff8e5fd09781b80b224d9ab98fa75fb51387fe44cb24e3726
W8_Q32,OFF,6,6,2353552,7853,0,0,45,2,120,195,11,169,63,47,257e33fe42ff72054f90b0755280d3b57f6dc95e0ff488350c7a08c8fa00e255
W2_Q01,STRUCT_R2,6,6,257681,1353,0,0,3,2,7,3,6,15,4,5,fb4f50a52888382fd35dda056767f1188dd59b0b7db5fbe2928a5afbf6bf9f5b
W2_Q32,OFF,6,6,1565893,3093,0,0,34,2,100,34,6,15,4,36,ead1d2e3154b72c47159b745145cb82392c282dcdeeba0e877b2291c8ed45d37
W4_Q01,STRUCT_R2,6,6,440809,2335,0,0,6,2,12,35,7,46,31,8,c1c4e28384d704fc6572f4a795b1b9dcd23dd585446058743d09154ee63f83a5
W9_Q08,STRUCT,6,6,1629207,6167,0,0,10,2,14,224,4,4,1,12,4c97cc82f3dbf6bc2a6de325d199b0cb65ffca732846069f84ea5618bb19fcfd
W3_d1,ALGSTRUCT,6,6,580013,1630,8,0,10,1,19,9,5,14,4,11,51eaee63f5c885c3fa7e71093e89c7ff61bea1c09d51d95c588c39ddf452f383
W6_Q08,STRUCT_R1,6,6,589253,1686,0,0,10,2,28,10,6,15,5,12,0d426ef82e54bf37e16bebf86ad11b160059eb28202264ca816d50ab17a2aa06
W4_Q04,STRUCT,6,6,1266230,7036,0,0,18,2,36,134,10,139,31,20,fd25718cb278dfe33c1131161ba4977814e08de24bd73801325a42bf895b4b90
W8_Q08,STRUCT_R2,6,6,1442857,6130,0,1,21,2,48,171,11,169,63,23,6202056e7f9106d89fc2c03650e5a38d69f704cc369ba9e689bf413e5f7173e1
W7_Q16,OFF,6,6,487329,2185,0,0,20,0,52,18,6,15,4,20,352ecf90b67b0a72cf480d5f2990d3ea8f45c0a65a2644e7a858b4f181627dcb
W3_d2,STRUCT_R1,6,6,975658,1852,9,0,11,3,24,11,8,27,5,14,b3a60a0bc9bb1633f8ca67743fa2b43eea5f58f8a512cbf173b181d8c20dfa68
W8_Q32,ALGSTRUCT,6,6,3849427,8315,32,1,45,1,87,194,10,168,63,46,45e69b1796e998f7df6d485c516cc0751375b53ec01f0a7673d473a9ec217a0e
W8_Q02,STRUCT,6,6,1068508,5704,0,0,15,2,30,165,11,169,63,17,ab8e72a97eeddaf640fa9d87846837b35913b3b9a7916818e4653a499fd7cc9a
W9_Q32,OFF,6,6,3453412,13704,0,0,34,0,96,1536,4,4,1,34,13dfd65212c03f91a3168cac28f16ba616ce21a6c4d7fb7bf5b25f0167fbc71b
W8_Q16,OFF,6,6,1527672,7074,0,0,29,2,72,179,11,169,63,31,75d1b16c15c201143eb0f00e84429326ead193544062ed0323b47e7914fd575d
W2_Q08,OFF,6,6,462368,1869,0,0,10,2,28,10,6,15,4,12,e121069670786ba8fbe3100d624a17638d4611a34b02647058710f2e3db6a9c9
W8_Q08,STRUCT,6,6,1472598,6259,0,0,21,2,48,171,11,169,63,23,6202056e7f9106d89fc2c03650e5a38d69f704cc369ba9e689bf413e5f7173e1
W4_Q02,ALGSTRUCT,6,6,781865,3943,2,0,10,1,17,67,7,76,31,11,056c94f2139c9e918446fe4f786e56b203a4febdd7cdb7d162e2b0323db5a772
W2_Q04,ALGSTRUCT,6,6,410515,1574,4,0,6,1,11,5,5,14,4,7,e3e1c95caf3c6465ad04568b51f69fe26be853a4ad44521756f63edd123351f8
W6_Q16,ALGSTRUCT,6,6,1013882,2109,0,0,18,2,52,18,6,15,5,20,bb0755604375307ff8e5fd09781b80b224d9ab98fa75fb51387fe44cb24e3726
W3_d2,OFF,6,6,790438,2351,0,0,11,5,35,13,10,29,5,16,bb512a3ef0db77c97656c90a9544f5958e4b52748f6a43bfdbc34ec450c82e91
W2_Q04,STRUCT_R1,6,6,409773,1297,4,0,6,1,11,5,5,14,4,7,e3e1c95caf3c6465ad04568b51f69fe26be853a4ad44521756f63edd123351f8
W8_Q16,STRUCT_R2,6,6,1827281,7128,0,1,29,2,72,179,11,169,63,31,75d1b16c15c201143eb0f00e84429326ead193544062ed0323b47e7914fd575d
W8_Q16,STRUCT,6,6,1846797,6871,0,0,29,2,72,179,11,169,63,31,75d1b16c15c201143eb0f00e84429326ead193544062ed0323b47e7914fd575d
W4_Q04,STRUCT_R1,6,6,1460988,6981,4,0,18,1,31,133,9,138,31,19,fc880fdc081349aa9e95db821628814a11fa6271dfea15fd511d230a5fbbf819
W9_Q02,STRUCT,6,6,479941,4203,0,0,4,0,6,96,4,4,1,4,f59554bf6b558dac39020afcdc9d3261e3c200f0f612cb6818827b31bbda0408
W5_Q08,STRUCT,6,6,528587,2797,0,0,24,0,24,8,18,66,4,24,1ec99f8159a9bf9f7216cbde66142ab941580d932ab53b67181d9941e08515a5
W8_Q16,STRUCT_R1,6,6,2188278,6351,16,0,29,1,55,178,10,168,63,30,d68e12eaec95eadd08fb1ce8e6c0dcfc893de77e4c3d4f5a64bb4b4ee29b64b3
W8_Q04,OFF,6,6,966157,5500,0,0,17,2,36,167,11,169,63,19,683043cf53c296ea0d43a0c383a5a5aa5dfae2adbc542c677c919239829da206
W5_Q32,ALGSTRUCT,6,6,2110091,12038,0,0,96,0,96,32,66,258,4,96,ad908136f049b66ae4b1e1c3f252d7a2ebead009fab3f7177d4babd24fcbec6a
W6_Q08,STRUCT_R2,6,6,568883,1889,0,0,10,2,28,10,6,15,5,12,0d426ef82e54bf37e16bebf86ad11b160059eb28202264ca816d50ab17a2aa06
W6_Q02,ALGSTRUCT,6,6,317347,1483,0,0,4,2,10,4,6,15,5,6,d26b7c6c44eb2ae1342ad0eacde318e4485f70f1e0c22f44dc171d7c0f11f2c5
W6_Q01,STRUCT,6,6,259110,1499,0,0,3,2,7,3,6,15,5,5,ef852aa19070a90d167a6fc211683b2bbb6401671f4212d90e23806d1620b62f
W5_Q02,ALGSTRUCT,6,6,222406,1129,0,0,6,0,6,2,6,18,4,6,e7741c936508103b2af3b934e316124eac7bac4773e716fb634bafee4047c0e4
W2_Q32,STRUCT,6,6,1893559,3369,0,0,34,2,100,34,6,15,4,36,ead1d2e3154b72c47159b745145cb82392c282dcdeeba0e877b2291c8ed45d37
W5_Q16,STRUCT_R2,6,6,980437,5092,0,0,48,0,48,16,34,130,4,48,15f4ec0f61204d6ef15a655140c1c86c7248fc9deed8e4c09ef3081b8b94fb64
W5_Q04,STRUCT,6,6,312091,1721,0,0,12,0,12,4,10,34,4,12,233b80e0525d1c617459998a8c1e1bc9855a2c2b10f43c6fd42648b8adae0248
W5_Q16,STRUCT_R1,6,6,1005991,4499,0,0,48,0,48,16,34,130,4,48,15f4ec0f61204d6ef15a655140c1c86c7248fc9deed8e4c09ef3081b8b94fb64
W3_d3,STRUCT_R2,6,6,1416025,3000,0,0,12,8,42,16,14,46,8,20,d0de00aa950042ce2df3a1aacd87b83395b88f62201b4b0ee4f6f67dba5bbb2b
W6_Q02,STRUCT_R2,6,6,311535,1573,0,0,4,2,10,4,6,15,5,6,d26b7c6c44eb2ae1342ad0eacde318e4485f70f1e0c22f44dc171d7c0f11f2c5
W2_Q02,STRUCT_R2,6,6,308349,1722,0,0,4,2,10,4,6,15,4,6,002b88cffa362a25f201c7342c0d49bad4cd7fb10998ad8823a39c11beee6d88
W9_Q04,ALGSTRUCT,6,6,995752,5073,0,2,6,1,7,112,4,4,1,7,7e3f7232eefdc535f0f8be36c1c724fab7de36a2740821784506d96a09bd30b3
W5_Q08,OFF,6,6,443607,3019,0,0,24,0,24,8,18,66,4,24,1ec99f8159a9bf9f7216cbde66142ab941580d932ab53b67181d9941e08515a5
W9_Q04,STRUCT_R1,6,6,1118581,6038,0,0,6,2,10,160,4,4,1,8,a25fcd6d9b6930c5a5e472a5d4b9da9d0423cec22fe64a49a0e3364286ad6c7b
W8_Q08,STRUCT_R1,6,6,1625393,5666,8,0,21,1,39,170,10,168,63,22,dfb50a16d91192e00318e4ac61c06d5403d37554d2e61726115b9e5e96a90617
W7_Q08,OFF,6,6,309811,1778,0,0,12,0,28,10,6,15,4,12,d13ad2add4e1d9cb21c441a8963ffbcf5f462a05d4f61331fa56b7c117fe58d1
W8_Q04,STRUCT,6,6,1185508,5722,0,0,17,2,36,167,11,169,63,19,683043cf53c296ea0d43a0c383a5a5aa5dfae2adbc542c677c919239829da206
W5_Q01,STRUCT_R2,6,6,177426,1369,0,0,3,0,3,1,4,10,4,3,7528d1a80da7ce6bed6c3efbaad136c6b237adf54f46f512a5fe79019bfef2ec
W2_Q02,STRUCT,6,6,311183,1444,0,0,4,2,10,4,6,15,4,6,002b88cffa362a25f201c7342c0d49bad4cd7fb10998ad8823a39c11beee6d88
W4_Q08,STRUCT_R1,6,6,2969361,13204,8,0,34,1,59,265,13,262,31,35,0d7db8d8f19881c77c6e7cd19e1f9d024ea9973fae56dbdbc00db2eeaa790340
W9_Q08,STRUCT_R1,6,6,1592208,7000,0,0,10,2,14,224,4,4,1,12,4c97cc82f3dbf6bc2a6de325d199b0cb65ffca732846069f84ea5618bb19fcfd
W1,ALGSTRUCT,6,6,275829,1242,1,0,3,1,5,2,5,14,4,4,ddbc64bc70e115337e04b3ee4eac0b96e81aea703c916cfeea2e2366190e3210
W9_Q32,STRUCT,6,6,5239860,13167,0,0,34,2,38,608,4,4,1,36,f9b4de382a62f7ddf0ae716d829e6d3204b079918eba11b5d003aed0f308e9a0
W4_Q08,ALGSTRUCT,6,6,2968732,14222,8,0,34,1,59,265,13,262,31,35,0d7db8d8f19881c77c6e7cd19e1f9d024ea9973fae56dbdbc00db2eeaa790340
W4_Q04,STRUCT_R2,6,6,1247803,6538,0,0,18,2,36,134,10,139,31,20,fd25718cb278dfe33c1131161ba4977814e08de24bd73801325a42bf895b4b90
W5_Q08,ALGSTRUCT,6,6,539458,2963,0,0,24,0,24,8,18,66,4,24,1ec99f8159a9bf9f7216cbde66142ab941580d932ab53b67181d9941e08515a5
W6_Q01,ALGSTRUCT,6,6,264832,1573,0,0,3,2,7,3,6,15,5,5,ef852aa19070a90d167a6fc211683b2bbb6401671f4212d90e23806d1620b62f
W6_Q01,STRUCT_R2,6,6,258887,1574,0,0,3,2,7,3,6,15,5,5,ef852aa19070a90d167a6fc211683b2bbb6401671f4212d90e23806d1620b62f
W7_Q08,STRUCT,6,6,408237,1852,0,0,12,0,28,10,6,15,4,12,d13ad2add4e1d9cb21c441a8963ffbcf5f462a05d4f61331fa56b7c117fe58d1
W9_Q32,STRUCT_R1,6,6,5253991,11425,0,0,34,2,38,608,4,4,1,36,f9b4de382a62f7ddf0ae716d829e6d3204b079918eba11b5d003aed0f308e9a0
W2_Q32,ALGSTRUCT,6,6,2255794,3019,32,0,34,1,67,33,5,14,4,35,aa6152b6f2b2227ea71db0831b5f58d2dce2bdcb6db5c4bb5d1fb235d1201ed1
W7_Q02,STRUCT,6,6,247997,1649,0,0,6,0,10,4,6,15,4,6,b1d2efac79748ca32ad60ca241d894721be3c3795c13e31e47e01dad1cb5a5f1
W7_Q01,STRUCT,6,6,225073,1573,0,0,5,0,7,3,6,15,4,5,70f8123fffd2af37d12a00e22d9841098c66a489d4953aae174ab2cb5014e5d7
W9_Q16,STRUCT_R2,6,6,2740401,9685,0,8,18,1,19,304,4,4,1,19,44cdb1eb48242e36e60587a8e97fc1204f774ee018380c18a625f9abe3ce3ce8
W9_Q01,OFF,6,6,230237,3538,0,0,3,0,3,48,4,4,1,3,6e63c0dab5f8b29ef9d1440bcd3711746464b7521a4243c8d32e03504a6224d2
W2_Q16,ALGSTRUCT,6,6,1068137,1872,16,0,18,1,35,17,5,14,4,19,6874ea3fe8a08c7af5d8752f9a4557e5d01bc066a937913a1e427661cbb540c4
W2_Q04,STRUCT,6,6,409571,1703,0,0,6,2,16,6,6,15,4,8,b8312387bf162a1452336c9e9e40ef1298c4a5b22cc87b54f4215f6e91104b3c
W7_Q02,STRUCT_R2,6,6,240441,1668,0,0,6,0,10,4,6,15,4,6,b1d2efac79748ca32ad60ca241d894721be3c3795c13e31e47e01dad1cb5a5f1
W6_Q08,ALGSTRUCT,6,6,602515,1702,0,0,10,2,28,10,6,15,5,12,0d426ef82e54bf37e16bebf86ad11b160059eb28202264ca816d50ab17a2aa06
W7_Q08,STRUCT_R2,6,6,403181,1759,0,0,12,0,28,10,6,15,4,12,d13ad2add4e1d9cb21c441a8963ffbcf5f462a05d4f61331fa56b7c117fe58d1
W5_Q08,STRUCT_R2,6,6,524310,2908,0,0,24,0,24,8,18,66,4,24,1ec99f8159a9bf9f7216cbde66142ab941580d932ab53b67181d9941e08515a5
W2_Q32,STRUCT_R1,6,6,2193648,2962,32,0,34,1,67,33,5,14,4,35,aa6152b6f2b2227ea71db0831b5f58d2dce2bdcb6db5c4bb5d1fb235d1201ed1
W6_Q32,STRUCT_R1,6,6,1921409,3259,0,0,34,2,100,34,6,15,5,36,e27ba2fd4a248e13e86f6fd51f6578ca7bbe37b27fb6c62f3d2e37c16ce58156
W9_Q16,STRUCT_R1,6,6,2770716,8704,0,0,18,2,22,352,4,4,1,20,ff9866380da95df98e4375770d21fe162b02c0b8b05b75e939b18d0d711c4c04
W2_Q04,OFF,6,6,317645,1574,0,0,6,2,16,6,6,15,4,8,b8312387bf162a1452336c9e9e40ef1298c4a5b22cc87b54f4215f6e91104b3c
W8_Q02,STRUCT_R1,6,6,1189249,5555,2,0,15,1,27,164,10,168,63,16,652ea2e2db2a8b59e1a2373d0aa09bb6194a7176cb3cd104297a14f7ef235e6b
W2_Q16,STRUCT_R2,6,6,993140,2222,0,0,18,2,52,18,6,15,4,20,f53a43e02a6f7be38b5d23a92cce7a6f0c7e7deac086e97841ea021c93a5a893
W5_Q02,OFF,6,6,158647,1629,0,0,6,0,6,2,6,18,4,6,e7741c936508103b2af3b934e316124eac7bac4773e716fb634bafee4047c0e4
W6_Q01,STRUCT_R1,6,6,265906,1351,0,0,3,2,7,3,6,15,5,5,ef852aa19070a90d167a6fc211683b2bbb6401671f4212d90e23806d1620b62f
W7_Q16,STRUCT_R1,6,6,629532,1944,0,0,20,0,52,18,6,15,4,20,352ecf90b67b0a72cf480d5f2990d3ea8f45c0a65a2644e7a858b4f181627dcb
W5_Q01,ALGSTRUCT,6,6,181609,1315,0,0,3,0,3,1,4,10,4,3,7528d1a80da7ce6bed6c3efbaad136c6b237adf54f46f512a5fe79019bfef2ec
W6_Q04,OFF,6,6,316904,1741,0,0,6,2,16,6,6,15,5,8,463695b346924b3ce3bfd76bc311a5cc5d47fb033482cc22912fc407e8f09fdf
W3_d1,OFF,6,6,467106,2186,0,0,10,2,28,10,6,15,4,12,a54c74b256ab2c5cf00e4072ff680215ee9ddba8ea28d33e07bfd46dd0370227
W3_d2,ALGSTRUCT,6,6,986713,1796,9,0,11,3,24,11,8,27,5,14,b3a60a0bc9bb1633f8ca67743fa2b43eea5f58f8a512cbf173b181d8c20dfa68
W8_Q01,STRUCT_R2,6,6,1010326,6091,0,1,14,2,27,164,11,169,63,16,7b06ec78e125033330eb86a638ef113771be6d17e66ade996d2cadaa30e562a7
W7_Q02,OFF,6,6,176053,1630,0,0,6,0,10,4,6,15,4,6,b1d2efac79748ca32ad60ca241d894721be3c3795c13e31e47e01dad1cb5a5f1
W1,STRUCT_R1,6,6,279146,1463,1,0,3,1,5,2,5,14,4,4,ddbc64bc70e115337e04b3ee4eac0b96e81aea703c916cfeea2e2366190e3210
W5_Q01,STRUCT,6,6,182110,1703,0,0,3,0,3,1,4,10,4,3,7528d1a80da7ce6bed6c3efbaad136c6b237adf54f46f512a5fe79019bfef2ec
W8_Q08,ALGSTRUCT,6,6,1640911,5870,8,1,21,1,39,170,10,168,63,22,dfb50a16d91192e00318e4ac61c06d5403d37554d2e61726115b9e5e96a90617
W5_Q01,STRUCT_R1,6,6,181275,1241,0,0,3,0,3,1,4,10,4,3,7528d1a80da7ce6bed6c3efbaad136c6b237adf54f46f512a5fe79019bfef2ec
W8_Q02,OFF,6,6,841177,5223,0,0,15,2,30,165,11,169,63,17,ab8e72a97eeddaf640fa9d87846837b35913b3b9a7916818e4653a499fd7cc9a
W7_Q16,STRUCT_R2,6,6,615310,2296,0,0,20,0,52,18,6,15,4,20,352ecf90b67b0a72cf480d5f2990d3ea8f45c0a65a2644e7a858b4f181627dcb
W2_Q16,OFF,6,6,815030,2333,0,0,18,2,52,18,6,15,4,20,f53a43e02a6f7be38b5d23a92cce7a6f0c7e7deac086e97841ea021c93a5a893
W7_Q32,STRUCT_R1,6,6,1161100,3241,0,0,36,0,100,34,6,15,4,36,6bdf3735d7ed12e047353d97f7fd342934c808ba421573c6cd2474dd612f37b1
W5_Q32,STRUCT_R2,6,6,1998983,11944,0,0,96,0,96,32,66,258,4,96,ad908136f049b66ae4b1e1c3f252d7a2ebead009fab3f7177d4babd24fcbec6a
W6_Q32,OFF,6,6,1575042,3037,0,0,34,2,100,34,6,15,5,36,e27ba2fd4a248e13e86f6fd51f6578ca7bbe37b27fb6c62f3d2e37c16ce58156
W5_Q16,STRUCT,6,6,996675,5242,0,0,48,0,48,16,34,130,4,48,15f4ec0f61204d6ef15a655140c1c86c7248fc9deed8e4c09ef3081b8b94fb64
W7_Q08,ALGSTRUCT,6,6,414126,1611,0,0,12,0,28,10,6,15,4,12,d13ad2add4e1d9cb21c441a8963ffbcf5f462a05d4f61331fa56b7c117fe58d1
W6_Q04,STRUCT_R2,6,6,401329,1685,0,0,6,2,16,6,6,15,5,8,463695b346924b3ce3bfd76bc311a5cc5d47fb033482cc22912fc407e8f09fdf
W6_Q04,ALGSTRUCT,6,6,412236,1464,0,0,6,2,16,6,6,15,5,8,463695b346924b3ce3bfd76bc311a5cc5d47fb033482cc22912fc407e8f09fdf
W8_Q01,OFF,6,6,802121,5483,0,0,14,2,27,164,11,169,63,16,7b06ec78e125033330eb86a638ef113771be6d17e66ade996d2cadaa30e562a7
W7_Q02,ALGSTRUCT,6,6,246424,1314,0,0,6,0,10,4,6,15,4,6,b1d2efac79748ca32ad60ca241d894721be3c3795c13e31e47e01dad1cb5a5f1
W4_Q01,STRUCT_R1,6,6,490069,2130,1,0,6,1,10,34,6,45,31,7,2a2742010b3f20f3e0b7616f059bcf47256e350d22af5b1d3a055aa5eee736e9
W7_Q01,STRUCT_R1,6,6,225850,1537,0,0,5,0,7,3,6,15,4,5,70f8123fffd2af37d12a00e22d9841098c66a489d4953aae174ab2cb5014e5d7
W6_Q04,STRUCT_R1,6,6,412126,1389,0,0,6,2,16,6,6,15,5,8,463695b346924b3ce3bfd76bc311a5cc5d47fb033482cc22912fc407e8f09fdf
W3_d1,STRUCT_R2,6,6,568977,1833,0,0,10,2,28,10,6,15,4,12,a54c74b256ab2c5cf00e4072ff680215ee9ddba8ea28d33e07bfd46dd0370227
W4_Q16,STRUCT_R2,6,6,4801326,28426,0,0,66,2,132,530,22,511,31,68,7fbae5656c303ca065341c5db14fa3ef41fb196c82f59bb1c789e1f7b78b0f7a
W4_Q01,OFF,6,6,363144,2463,0,0,6,2,12,35,7,46,31,8,c1c4e28384d704fc6572f4a795b1b9dcd23dd585446058743d09154ee63f83a5
W4_Q02,STRUCT_R1,6,6,785714,3760,2,0,10,1,17,67,7,76,31,11,056c94f2139c9e918446fe4f786e56b203a4febdd7cdb7d162e2b0323db5a772
W7_Q01,ALGSTRUCT,6,6,226053,1408,0,0,5,0,7,3,6,15,4,5,70f8123fffd2af37d12a00e22d9841098c66a489d4953aae174ab2cb5014e5d7
W9_Q02,STRUCT_R1,6,6,475015,3148,0,0,4,0,6,96,4,4,1,4,f59554bf6b558dac39020afcdc9d3261e3c200f0f612cb6818827b31bbda0408
W5_Q32,OFF,6,6,1884297,10519,0,0,96,0,96,32,66,258,4,96,ad908136f049b66ae4b1e1c3f252d7a2ebead009fab3f7177d4babd24fcbec6a
W7_Q16,ALGSTRUCT,6,6,629753,1815,0,0,20,0,52,18,6,15,4,20,352ecf90b67b0a72cf480d5f2990d3ea8f45c0a65a2644e7a858b4f181627dcb
W2_Q16,STRUCT,6,6,1010769,2277,0,0,18,2,52,18,6,15,4,20,f53a43e02a6f7be38b5d23a92cce7a6f0c7e7deac086e97841ea021c93a5a893
W1,STRUCT_R2,6,6,260832,1481,0,0,3,2,7,3,6,15,4,5,4b26ed307e0166f8d1fa59ea1e874899e41c5fd882be9ef62f84eb3685bb70b7
W2_Q04,STRUCT_R2,6,6,404570,1667,0,0,6,2,16,6,6,15,4,8,b8312387bf162a1452336c9e9e40ef1298c4a5b22cc87b54f4215f6e91104b3c
W7_Q32,STRUCT_R2,6,6,1128213,3259,0,0,36,0,100,34,6,15,4,36,6bdf3735d7ed12e047353d97f7fd342934c808ba421573c6cd2474dd612f37b1
W9_Q02,STRUCT_R2,6,6,643458,3573,0,1,4,1,5,80,4,4,1,5,a250745debd6fd7cf3585f94dfa2ad7178c8b7c572e5ce15f0467c48475c0e9a
W9_Q01,ALGSTRUCT,6,6,344330,4093,0,0,3,0,3,48,4,4,1,3,6e63c0dab5f8b29ef9d1440bcd3711746464b7521a4243c8d32e03504a6224d2
W4_Q04,ALGSTRUCT,6,6,1458411,6927,4,0,18,1,31,133,9,138,31,19,fc880fdc081349aa9e95db821628814a11fa6271dfea15fd511d230a5fbbf819
W4_Q01,ALGSTRUCT,6,6,494532,2668,1,0,6,1,10,34,6,45,31,7,2a2742010b3f20f3e0b7616f059bcf47256e350d22af5b1d3a055aa5eee736e9
W3_d1,STRUCT_R1,6,6,575180,1944,8,0,10,1,19,9,5,14,4,11,51eaee63f5c885c3fa7e71093e89c7ff61bea1c09d51d95c588c39ddf452f383
W7_Q04,STRUCT_R1,6,6,297869,1536,0,0,8,0,16,6,6,15,4,8,64eb05b2d681af147811cd64dc0e11be812cb48952e297a71fcf6d3c013ba4a0
W4_Q32,OFF,6,6,8644830,66906,0,0,130,2,260,1058,38,1007,31,132,068ad024181661f75503372002890dd704cd730c5fc591fd65590a6d532c145d
W8_Q01,ALGSTRUCT,6,6,1099990,5556,1,1,14,1,25,163,10,168,63,15,fdd35fe24122be542f9944d55e73c67d2cd28afd3fd1ff25e723a080e5d2dad8
W5_Q04,ALGSTRUCT,6,6,318627,1759,0,0,12,0,12,4,10,34,4,12,233b80e0525d1c617459998a8c1e1bc9855a2c2b10f43c6fd42648b8adae0248
W2_Q32,STRUCT_R2,6,6,1873075,3593,0,0,34,2,100,34,6,15,4,36,ead1d2e3154b72c47159b745145cb82392c282dcdeeba0e877b2291c8ed45d37
W5_Q02,STRUCT_R2,6,6,219185,1665,0,0,6,0,6,2,6,18,4,6,e7741c936508103b2af3b934e316124eac7bac4773e716fb634bafee4047c0e4
W8_Q01,STRUCT,6,6,1017564,5556,0,0,14,2,27,164,11,169,63,16,7b06ec78e125033330eb86a638ef113771be6d17e66ade996d2cadaa30e562a7
W9_Q16,OFF,6,6,1729299,8852,0,0,18,0,48,768,4,4,1,18,43b7f4efcb619e6e3fc5fc66e7827f4bb8130a24a5905f5ce4efe6114dbfdbd3
W8_Q01,STRUCT_R1,6,6,1094082,5648,1,0,14,1,25,163,10,168,63,15,fdd35fe24122be542f9944d55e73c67d2cd28afd3fd1ff25e723a080e5d2dad8
W2_Q01,STRUCT,6,6,258832,1647,0,0,3,2,7,3,6,15,4,5,fb4f50a52888382fd35dda056767f1188dd59b0b7db5fbe2928a5afbf6bf9f5b
W3_d2,STRUCT_R2,6,6,963232,2166,0,0,11,5,35,13,10,29,5,16,bb512a3ef0db77c97656c90a9544f5958e4b52748f6a43bfdbc34ec450c82e91
W9_Q01,STRUCT_R2,6,6,337070,3834,0,0,3,0,3,48,4,4,1,3,6e63c0dab5f8b29ef9d1440bcd3711746464b7521a4243c8d32e03504a6224d2
W9_Q08,OFF,6,6,923492,6648,0,0,10,0,24,384,4,4,1,10,ae43d04dfb0cf7afbfdc83558714cd1da89c64e7c6d49325a19de9764156762a
W6_Q16,STRUCT,6,6,983731,2501,0,0,18,2,52,18,6,15,5,20,bb0755604375307ff8e5fd09781b80b224d9ab98fa75fb51387fe44cb24e3726
W3_d1,STRUCT,6,6,577736,1759,0,0,10,2,28,10,6,15,4,12,a54c74b256ab2c5cf00e4072ff680215ee9ddba8ea28d33e07bfd46dd0370227
W7_Q04,STRUCT_R2,6,6,284238,1555,0,0,8,0,16,6,6,15,4,8,64eb05b2d681af147811cd64dc0e11be812cb48952e297a71fcf6d3c013ba4a0
W3_d3,OFF,6,6,1178120,2443,0,0,12,8,42,16,14,46,8,20,d0de00aa950042ce2df3a1aacd87b83395b88f62201b4b0ee4f6f67dba5bbb2b
W4_Q08,STRUCT,6,6,2341647,13999,0,0,34,2,68,266,14,263,31,36,310b652f3a487a64261e67b69ca4bd659f7cd91c74be37afd64d6187457e8bdc
W8_Q04,STRUCT_R1,6,6,1297303,5389,4,0,17,1,31,166,10,168,63,18,1ff2b9471d9cd2dd9078b74afc728460463e46c3102cf6da6b805d7f73e4899a
W8_Q32,STRUCT_R1,6,6,3843651,8018,32,0,45,1,87,194,10,168,63,46,45e69b1796e998f7df6d485c516cc0751375b53ec01f0a7673d473a9ec217a0e
W6_Q16,STRUCT_R2,6,6,977452,2409,0,0,18,2,52,18,6,15,5,20,bb0755604375307ff8e5fd09781b80b224d9ab98fa75fb51387fe44cb24e3726
W9_Q16,ALGSTRUCT,6,6,2624588,9147,0,8,18,1,19,304,4,4,1,19,44cdb1eb48242e36e60587a8e97fc1204f774ee018380c18a625f9abe3ce3ce8
W2_Q01,STRUCT_R1,6,6,274662,1409,1,0,3,1,5,2,5,14,4,4,2474f5c3c44c2292e8653ad95f4f21ec80fa6c72b730d7761807baa6c04c0270
W8_Q16,ALGSTRUCT,6,6,2201831,6426,16,1,29,1,55,178,10,168,63,30,d68e12eaec95eadd08fb1ce8e6c0dcfc893de77e4c3d4f5a64bb4b4ee29b64b3
W8_Q08,OFF,6,6,1202063,6389,0,0,21,2,48,171,11,169,63,23,6202056e7f9106d89fc2c03650e5a38d69f704cc369ba9e689bf413e5f7173e1
W2_Q08,STRUCT_R1,6,6,579587,1667,8,0,10,1,19,9,5,14,4,11,28ef291bdbdabd5779860a9dac095bdb774cc930b18dec6f9c7bf13df75550d2
W4_Q01,STRUCT_R2,7,6,448793,2518,0,0,6,2,12,35,7,46,31,8,c1c4e28384d704fc6572f4a795b1b9dcd23dd585446058743d09154ee63f83a5
W8_Q16,OFF,7,6,1588986,6944,0,0,29,2,72,179,11,169,63,31,75d1b16c15c201143eb0f00e84429326ead193544062ed0323b47e7914fd575d
W8_Q04,STRUCT_R2,7,6,1176636,5982,0,1,17,2,36,167,11,169,63,19,683043cf53c296ea0d43a0c383a5a5aa5dfae2adbc542c677c919239829da206
W6_Q01,STRUCT,7,6,261831,1593,0,0,3,2,7,3,6,15,5,5,ef852aa19070a90d167a6fc211683b2bbb6401671f4212d90e23806d1620b62f
W5_Q01,OFF,7,6,124297,1758,0,0,3,0,3,1,4,10,4,3,7528d1a80da7ce6bed6c3efbaad136c6b237adf54f46f512a5fe79019bfef2ec
W6_Q08,STRUCT_R1,7,6,593493,1539,0,0,10,2,28,10,6,15,5,12,0d426ef82e54bf37e16bebf86ad11b160059eb28202264ca816d50ab17a2aa06
W1,STRUCT_R1,7,6,278922,1353,1,0,3,1,5,2,5,14,4,4,ddbc64bc70e115337e04b3ee4eac0b96e81aea703c916cfeea2e2366190e3210
W2_Q02,OFF,7,6,245444,1702,0,0,4,2,10,4,6,15,4,6,002b88cffa362a25f201c7342c0d49bad4cd7fb10998ad8823a39c11beee6d88
W4_Q16,STRUCT_R2,7,6,4752920,26407,0,0,66,2,132,530,22,511,31,68,7fbae5656c303ca065341c5db14fa3ef41fb196c82f59bb1c789e1f7b78b0f7a
W2_Q04,OFF,7,6,316184,1480,0,0,6,2,16,6,6,15,4,8,b8312387bf162a1452336c9e9e40ef1298c4a5b22cc87b54f4215f6e91104b3c
W9_Q04,ALGSTRUCT,7,6,983732,5148,0,2,6,1,7,112,4,4,1,7,7e3f7232eefdc535f0f8be36c1c724fab7de36a2740821784506d96a09bd30b3
W8_Q01,STRUCT_R2,7,6,1003731,5963,0,1,14,2,27,164,11,169,63,16,7b06ec78e125033330eb86a638ef113771be6d17e66ade996d2cadaa30e562a7
W9_Q02,STRUCT,7,6,485680,4463,0,0,4,0,6,96,4,4,1,4,f59554bf6b558dac39020afcdc9d3261e3c200f0f612cb6818827b31bbda0408
W4_Q04,STRUCT_R1,7,6,1456377,6295,4,0,18,1,31,133,9,138,31,19,fc880fdc081349aa9e95db821628814a11fa6271dfea15fd511d230a5fbbf819
W9_Q01,OFF,7,6,229238,3704,0,0,3,0,3,48,4,4,1,3,6e63c0dab5f8b29ef9d1440bcd3711746464b7521a4243c8d32e03504a6224d2
W5_Q01,STRUCT,7,6,181387,1407,0,0,3,0,3,1,4,10,4,3,7528d1a80da7ce6bed6c3efbaad136c6b237adf54f46f512a5fe79019bfef2ec
W6_Q08,STRUCT,7,6,585217,1963,0,0,10,2,28,10,6,15,5,12,0d426ef82e54bf37e16bebf86ad11b160059eb28202264ca816d50ab17a2aa06
W1,STRUCT_R2,7,6,260997,1408,0,0,3,2,7,3,6,15,4,5,4b26ed307e0166f8d1fa59ea1e874899e41c5fd882be9ef62f84eb3685bb70b7
W1,ALGSTRUCT,7,6,275220,1463,1,0,3,1,5,2,5,14,4,4,ddbc64bc70e115337e04b3ee4eac0b96e81aea703c916cfeea2e2366190e3210
W5_Q16,OFF,7,6,868567,5296,0,0,48,0,48,16,34,130,4,48,15f4ec0f61204d6ef15a655140c1c86c7248fc9deed8e4c09ef3081b8b94fb64
W2_Q08,OFF,7,6,460513,1834,0,0,10,2,28,10,6,15,4,12,e121069670786ba8fbe3100d624a17638d4611a34b02647058710f2e3db6a9c9
W8_Q04,ALGSTRUCT,7,6,1290728,5001,4,1,17,1,31,166,10,168,63,18,1ff2b9471d9cd2dd9078b74afc728460463e46c3102cf6da6b805d7f73e4899a
W6_Q32,STRUCT_R1,7,6,1933111,3223,0,0,34,2,100,34,6,15,5,36,e27ba2fd4a248e13e86f6fd51f6578ca7bbe37b27fb6c62f3d2e37c16ce58156
W7_Q16,STRUCT_R2,7,6,616290,2056,0,0,20,0,52,18,6,15,4,20,352ecf90b67b0a72cf480d5f2990d3ea8f45c0a65a2644e7a858b4f181627dcb
W5_Q08,STRUCT_R1,7,6,550033,2629,0,0,24,0,24,8,18,66,4,24,1ec99f8159a9bf9f7216cbde66142ab941580d932ab53b67181d9941e08515a5
W7_Q08,STRUCT_R2,7,6,402793,1759,0,0,12,0,28,10,6,15,4,12,d13ad2add4e1d9cb21c441a8963ffbcf5f462a05d4f61331fa56b7c117fe58d1
W5_Q32,STRUCT,7,6,1993038,12740,0,0,96,0,96,32,66,258,4,96,ad908136f049b66ae4b1e1c3f252d7a2ebead009fab3f7177d4babd24fcbec6a
W8_Q01,OFF,7,6,804216,5499,0,0,14,2,27,164,11,169,63,16,7b06ec78e125033330eb86a638ef113771be6d17e66ade996d2cadaa30e562a7
W4_Q02,STRUCT_R1,7,6,791476,4073,2,0,10,1,17,67,7,76,31,11,056c94f2139c9e918446fe4f786e56b203a4febdd7cdb7d162e2b0323db5a772
W5_Q16,STRUCT,7,6,984456,4739,0,0,48,0,48,16,34,130,4,48,15f4ec0f61204d6ef15a655140c1c86c7248fc9deed8e4c09ef3081b8b94fb64
W7_Q04,OFF,7,6,217387,1685,0,0,8,0,16,6,6,15,4,8,64eb05b2d681af147811cd64dc0e11be812cb48952e297a71fcf6d3c013ba4a0
W2_Q16,OFF,7,6,815068,2536,0,0,18,2,52,18,6,15,4,20,f53a43e02a6f7be38b5d23a92cce7a6f0c7e7deac086e97841ea021c93a5a893
W7_Q16,ALGSTRUCT,7,6,628310,2073,0,0,20,0,52,18,6,15,4,20,352ecf90b67b0a72cf480d5f2990d3ea8f45c0a65a2644e7a858b4f181627dcb
W7_Q02,OFF,7,6,172573,1758,0,0,6,0,10,4,6,15,4,6,b1d2efac79748ca32ad60ca241d894721be3c3795c13e31e47e01dad1cb5a5f1
W9_Q02,STRUCT_R2,7,6,630123,3686,0,1,4,1,5,80,4,4,1,5,a250745debd6fd7cf3585f94dfa2ad7178c8b7c572e5ce15f0467c48475c0e9a
W7_Q32,STRUCT_R2,7,6,1120099,3483,0,0,36,0,100,34,6,15,4,36,6bdf3735d7ed12e047353d97f7fd342934c808ba421573c6cd2474dd612f37b1
W2_Q08,ALGSTRUCT,7,6,585678,1631,8,0,10,1,19,9,5,14,4,11,28ef291bdbdabd5779860a9dac095bdb774cc930b18dec6f9c7bf13df75550d2
W5_Q04,STRUCT_R2,7,6,310700,1964,0,0,12,0,12,4,10,34,4,12,233b80e0525d1c617459998a8c1e1bc9855a2c2b10f43c6fd42648b8adae0248
W6_Q04,STRUCT_R2,7,6,407402,1557,0,0,6,2,16,6,6,15,5,8,463695b346924b3ce3bfd76bc311a5cc5d47fb033482cc22912fc407e8f09fdf
W4_Q08,STRUCT,7,6,2355645,13686,0,0,34,2,68,266,14,263,31,36,310b652f3a487a64261e67b69ca4bd659f7cd91c74be37afd64d6187457e8bdc
W6_Q08,OFF,7,6,460645,2036,0,0,10,2,28,10,6,15,5,12,0d426ef82e54bf37e16bebf86ad11b160059eb28202264ca816d50ab17a2aa06
W8_Q32,STRUCT_R2,7,6,2899140,8852,0,1,45,2,120,195,11,169,63,47,257e33fe42ff72054f90b0755280d3b57f6dc95e0ff488350c7a08c8fa00e255
W8_Q08,STRUCT_R1,7,6,1622025,5535,8,0,21,1,39,170,10,168,63,22,dfb50a16d91192e00318e4ac61c06d5403d37554d2e61726115b9e5e96a90617
W6_Q04,STRUCT_R1,7,6,411348,1556,0,0,6,2,16,6,6,15,5,8,463695b346924b3ce3bfd76bc311a5cc5d47fb033482cc22912fc407e8f09fdf
W6_Q04,ALGSTRUCT,7,6,413331,1851,0,0,6,2,16,6,6,15,5,8,463695b346924b3ce3bfd76bc311a5cc5d47fb033482cc22912fc407e8f09fdf
W7_Q02,ALGSTRUCT,7,6,250923,1482,0,0,6,0,10,4,6,15,4,6,b1d2efac79748ca32ad60ca241d894721be3c3795c13e31e47e01dad1cb5a5f1
W5_Q16,STRUCT_R1,7,6,1007509,4445,0,0,48,0,48,16,34,130,4,48,15f4ec0f61204d6ef15a655140c1c86c7248fc9deed8e4c09ef3081b8b94fb64
W5_Q04,ALGSTRUCT,7,6,316959,1704,0,0,12,0,12,4,10,34,4,12,233b80e0525d1c617459998a8c1e1bc9855a2c2b10f43c6fd42648b8adae0248
W7_Q08,ALGSTRUCT,7,6,414755,1612,0,0,12,0,28,10,6,15,4,12,d13ad2add4e1d9cb21c441a8963ffbcf5f462a05d4f61331fa56b7c117fe58d1
W1,OFF,7,6,201295,1647,0,0,3,2,7,3,6,15,4,5,4b26ed307e0166f8d1fa59ea1e874899e41c5fd882be9ef62f84eb3685bb70b7
W7_Q01,OFF,7,6,153462,1851,0,0,5,0,7,3,6,15,4,5,70f8123fffd2af37d12a00e22d9841098c66a489d4953aae174ab2cb5014e5d7
W6_Q16,STRUCT_R1,7,6,1015082,2520,0,0,18,2,52,18,6,15,5,20,bb0755604375307ff8e5fd09781b80b224d9ab98fa75fb51387fe44cb24e3726
W9_Q16,STRUCT_R1,7,6,2756271,10408,0,0,18,2,22,352,4,4,1,20,ff9866380da95df98e4375770d21fe162b02c0b8b05b75e939b18d0d711c4c04
W7_Q32,STRUCT_R1,7,6,1160471,2926,0,0,36,0,100,34,6,15,4,36,6bdf3735d7ed12e047353d97f7fd342934c808ba421573c6cd2474dd612f37b1
W8_Q02,ALGSTRUCT,7,6,1154304,5352,2,1,15,1,27,164,10,168,63,16,652ea2e2db2a8b59e1a2373d0aa09bb6194a7176cb3cd104297a14f7ef235e6b
W4_Q02,OFF,7,6,584347,3518,0,0,10,2,20,68,8,77,31,12,c082fb0620ac05b05065135ca996c9564b57d8a79b47964aa54b86c16cd0659f
W7_Q01,STRUCT_R1,7,6,223441,1223,0,0,5,0,7,3,6,15,4,5,70f8123fffd2af37d12a00e22d9841098c66a489d4953aae174ab2cb5014e5d7
W4_Q08,OFF,7,6,2003611,12315,0,0,34,2,68,266,14,263,31,36,310b652f3a487a64261e67b69ca4bd659f7cd91c74be37afd64d6187457e8bdc
W8_Q08,STRUCT_R2,7,6,1443895,6333,0,1,21,2,48,171,11,169,63,23,6202056e7f9106d89fc2c03650e5a38d69f704cc369ba9e689bf413e5f7173e1
W7_Q04,STRUCT,7,6,290348,1353,0,0,8,0,16,6,6,15,4,8,64eb05b2d681af147811cd64dc0e11be812cb48952e297a71fcf6d3c013ba4a0
W3_d2,STRUCT_R1,7,6,968362,2148,9,0,11,3,24,11,8,27,5,14,b3a60a0bc9bb1633f8ca67743fa2b43eea5f58f8a512cbf173b181d8c20dfa68
W6_Q01,ALGSTRUCT,7,6,262888,1388,0,0,3,2,7,3,6,15,5,5,ef852aa19070a90d167a6fc211683b2bbb6401671f4212d90e23806d1620b62f
W4_Q02,STRUCT_R2,7,6,686288,3576,0,0,10,2,20,68,8,77,31,12,c082fb0620ac05b05065135ca996c9564b57d8a79b47964aa54b86c16cd0659f
W3_d2,OFF,7,6,790364,2277,0,0,11,5,35,13,10,29,5,16,bb512a3ef0db77c97656c90a9544f5958e4b52748f6a43bfdbc34ec450c82e91
W4_Q04,STRUCT_R2,7,6,1242545,7554,0,0,18,2,36,134,10,139,31,20,fd25718cb278dfe33c1131161ba4977814e08de24bd73801325a42bf895b4b90
W8_Q16,STRUCT_R2,7,6,1842389,7742,0,1,29,2,72,179,11,169,63,31,75d1b16c15c201143eb0f00e84429326ead193544062ed0323b47e7914fd575d
W6_Q04,OFF,7,6,314701,1666,0,0,6,2,16,6,6,15,5,8,463695b346924b3ce3bfd76bc311a5cc5d47fb033482cc22912fc407e8f09fdf
W8_Q04,OFF,7,6,963028,5704,0,0,17,2,36,167,11,169,63,19,683043cf53c296ea0d43a0c383a5a5aa5dfae2adbc542c677c919239829da206
W7_Q32,ALGSTRUCT,7,6,1180045,3018,0,0,36,0,100,34,6,15,4,36,6bdf3735d7ed12e047353d97f7fd342934c808ba421573c6cd2474dd612f37b1
W8_Q32,STRUCT,7,6,2825583,8113,0,0,45,2,120,195,11,169,63,47,257e33fe42ff72054f90b0755280d3b57f6dc95e0ff488350c7a08c8fa00e255
W9_Q16,ALGSTRUCT,7,6,2668216,8149,0,8,18,1,19,304,4,4,1,19,44cdb1eb48242e36e60587a8e97fc1204f774ee018380c18a625f9abe3ce3ce8
W5_Q04,STRUCT,7,6,312089,1760,0,0,12,0,12,4,10,34,4,12,233b80e0525d1c617459998a8c1e1bc9855a2c2b10f43c6fd42648b8adae0248
W9_Q02,ALGSTRUCT,7,6,639049,4667,0,1,4,1,5,80,4,4,1,5,a250745debd6fd7cf3585f94dfa2ad7178c8b7c572e5ce15f0467c48475c0e9a
W8_Q01,STRUCT_R1,7,6,1094879,5722,1,0,14,1,25,163,10,168,63,15,fdd35fe24122be542f9944d55e73c67d2cd28afd3fd1ff25e723a080e5d2dad8
W2_Q04,STRUCT,7,6,406738,1610,0,0,6,2,16,6,6,15,4,8,b8312387bf162a1452336c9e9e40ef1298c4a5b22cc87b54f4215f6e91104b3c
W7_Q04,ALGSTRUCT,7,6,298236,1446,0,0,8,0,16,6,6,15,4,8,64eb05b2d681af147811cd64dc0e11be812cb48952e297a71fcf6d3c013ba4a0
W8_Q32,ALGSTRUCT,7,6,3941649,7630,32,1,45,1,87,194,10,168,63,46,45e69b1796e998f7df6d485c516cc0751375b53ec01f0a7673d473a9ec217a0e
W9_Q32,STRUCT,7,6,5285303,14075,0,0,34,2,38,608,4,4,1,36,f9b4de382a62f7ddf0ae716d829e6d3204b079918eba11b5d003aed0f308e9a0
W5_Q32,ALGSTRUCT,7,6,2113241,9407,0,0,96,0,96,32,66,258,4,96,ad908136f049b66ae4b1e1c3f252d7a2ebead009fab3f7177d4babd24fcbec6a
W9_Q08,STRUCT,7,6,1603060,7926,0,0,10,2,14,224,4,4,1,12,4c97cc82f3dbf6bc2a6de325d199b0cb65ffca732846069f84ea5618bb19fcfd
W5_Q32,STRUCT_R1,7,6,2072852,10314,0,0,96,0,96,32,66,258,4,96,ad908136f049b66ae4b1e1c3f252d7a2ebead009fab3f7177d4babd24fcbec6a
W2_Q16,ALGSTRUCT,7,6,1053045,2019,16,0,18,1,35,17,5,14,4,19,6874ea3fe8a08c7af5d8752f9a4557e5d01bc066a937913a1e427661cbb540c4
W7_Q32,STRUCT,7,6,1150713,3684,0,0,36,0,100,34,6,15,4,36,6bdf3735d7ed12e047353d97f7fd342934c808ba421573c6cd2474dd612f37b1
W6_Q16,STRUCT,7,6,991879,2371,0,0,18,2,52,18,6,15,5,20,bb0755604375307ff8e5fd09781b80b224d9ab98fa75fb51387fe44cb24e3726
W4_Q08,ALGSTRUCT,7,6,2951419,13629,8,0,34,1,59,265,13,262,31,35,0d7db8d8f19881c77c6e7cd19e1f9d024ea9973fae56dbdbc00db2eeaa790340
W5_Q08,ALGSTRUCT,7,6,540200,2777,0,0,24,0,24,8,18,66,4,24,1ec99f8159a9bf9f7216cbde66142ab941580d932ab53b67181d9941e08515a5
W9_Q08,STRUCT_R2,7,6,1467154,5944,0,4,10,1,11,176,4,4,1,11,f0aee4c6a6b6511ecbc27f2fc4ef3f688cd044d5f143461208ceed4e1cea64ae
W5_Q32,OFF,7,6,1848410,10648,0,0,96,0,96,32,66,258,4,96,ad908136f049b66ae4b1e1c3f252d7a2ebead009fab3f7177d4babd24fcbec6a
W9_Q01,ALGSTRUCT,7,6,350109,4777,0,0,3,0,3,48,4,4,1,3,6e63c0dab5f8b29ef9d1440bcd3711746464b7521a4243c8d32e03504a6224d2
W7_Q02,STRUCT_R1,7,6,249407,1425,0,0,6,0,10,4,6,15,4,6,b1d2efac79748ca32ad60ca241d894721be3c3795c13e31e47e01dad1cb5a5f1
W5_Q01,STRUCT_R1,7,6,181182,1409,0,0,3,0,3,1,4,10,4,3,7528d1a80da7ce6bed6c3efbaad136c6b237adf54f46f512a5fe79019bfef2ec
W2_Q08,STRUCT,7,6,578829,1685,0,0,10,2,28,10,6,15,4,12,e121069670786ba8fbe3100d624a17638d4611a34b02647058710f2e3db6a9c9
W6_Q02,ALGSTRUCT,7,6,317850,1536,0,0,4,2,10,4,6,15,5,6,d26b7c6c44eb2ae1342ad0eacde318e4485f70f1e0c22f44dc171d7c0f11f2c5
W2_Q04,STRUCT_R1,7,6,409163,1445,4,0,6,1,11,5,5,14,4,7,e3e1c95caf3c6465ad04568b51f69fe26be853a4ad44521756f63edd123351f8
W8_Q01,STRUCT,7,6,996602,5704,0,0,14,2,27,164,11,169,63,16,7b06ec78e125033330eb86a638ef113771be6d17e66ade996d2cadaa30e562a7
W4_Q32,STRUCT,7,6,9958281,69684,0,0,130,2,260,1058,38,1007,31,132,068ad024181661f75503372002890dd704cd730c5fc591fd65590a6d532c145d
W5_Q01,STRUCT_R2,7,6,183590,1445,0,0,3,0,3,1,4,10,4,3,7528d1a80da7ce6bed6c3efbaad136c6b237adf54f46f512a5fe79019bfef2ec
W5_Q02,ALGSTRUCT,7,6,223405,1389,0,0,6,0,6,2,6,18,4,6,e7741c936508103b2af3b934e316124eac7bac4773e716fb634bafee4047c0e4
W4_Q02,ALGSTRUCT,7,6,789974,3593,2,0,10,1,17,67,7,76,31,11,056c94f2139c9e918446fe4f786e56b203a4febdd7cdb7d162e2b0323db5a772
W9_Q08,STRUCT_R1,7,6,1603652,6778,0,0,10,2,14,224,4,4,1,12,4c97cc82f3dbf6bc2a6de325d199b0cb65ffca732846069f84ea5618bb19fcfd
W2_Q16,STRUCT_R2,7,6,986286,2112,0,0,18,2,52,18,6,15,4,20,f53a43e02a6f7be38b5d23a92cce7a6f0c7e7deac086e97841ea021c93a5a893
W4_Q08,STRUCT_R2,7,6,2302608,13668,0,0,34,2,68,266,14,263,31,36,310b652f3a487a64261e67b69ca4bd659f7cd91c74be37afd64d6187457e8bdc
W5_Q32,STRUCT_R2,7,6,1980426,8852,0,0,96,0,96,32,66,258,4,96,ad908136f049b66ae4b1e1c3f252d7a2ebead009fab3f7177d4babd24fcbec6a
W6_Q02,STRUCT,7,6,312552,1852,0,0,4,2,10,4,6,15,5,6,d26b7c6c44eb2ae1342ad0eacde318e4485f70f1e0c22f44dc171d7c0f11f2c5
W2_Q01,ALGSTRUCT,7,6,275221,981,1,0,3,1,5,2,5,14,4,4,2474f5c3c44c2292e8653ad95f4f21ec80fa6c72b730d7761807baa6c04c0270
W7_Q16,STRUCT,7,6,611437,2205,0,0,20,0,52,18,6,15,4,20,352ecf90b67b0a72cf480d5f2990d3ea8f45c0a65a2644e7a858b4f181627dcb
W3_d1,STRUCT,7,6,578050,1704,0,0,10,2,28,10,6,15,4,12,a54c74b256ab2c5cf00e4072ff680215ee9ddba8ea28d33e07bfd46dd0370227
W4_Q04,STRUCT,7,6,1250750,6776,0,0,18,2,36,134,10,139,31,20,fd25718cb278dfe33c1131161ba4977814e08de24bd73801325a42bf895b4b90
W2_Q16,STRUCT,7,6,1011659,2258,0,0,18,2,52,18,6,15,4,20,f53a43e02a6f7be38b5d23a92cce7a6f0c7e7deac086e97841ea021c93a5a893
W8_Q16,STRUCT,7,6,1861148,6816,0,0,29,2,72,179,11,169,63,31,75d1b16c15c201143eb0f00e84429326ead193544062ed0323b47e7914fd575d
W7_Q04,STRUCT_R2,7,6,283184,1795,0,0,8,0,16,6,6,15,4,8,64eb05b2d681af147811cd64dc0e11be812cb48952e297a71fcf6d3c013ba4a0
W5_Q16,STRUCT_R2,7,6,973919,4221,0,0,48,0,48,16,34,130,4,48,15f4ec0f61204d6ef15a655140c1c86c7248fc9deed8e4c09ef3081b8b94fb64
W2_Q01,OFF,7,6,200128,1500,0,0,3,2,7,3,6,15,4,5,fb4f50a52888382fd35dda056767f1188dd59b0b7db5fbe2928a5afbf6bf9f5b
W3_d3,ALGSTRUCT,7,6,1405711,2073,10,0,12,5,29,13,11,43,8,17,16f1a8e88d7f920d91f3a177d0789d4761bf8768a0ac71ebce1f9f2282714954
W6_Q16,STRUCT_R2,7,6,976990,2130,0,0,18,2,52,18,6,15,5,20,bb0755604375307ff8e5fd09781b80b224d9ab98fa75fb51387fe44cb24e3726
W3_d1,ALGSTRUCT,7,6,586623,1631,8,0,10,1,19,9,5,14,4,11,51eaee63f5c885c3fa7e71093e89c7ff61bea1c09d51d95c588c39ddf452f383
W2_Q08,STRUCT_R2,7,6,569049,1686,0,0,10,2,28,10,6,15,4,12,e121069670786ba8fbe3100d624a17638d4611a34b02647058710f2e3db6a9c9
W8_Q32,OFF,7,6,2365422,8056,0,0,45,2,120,195,11,169,63,47,257e33fe42ff72054f90b0755280d3b57f6dc95e0ff488350c7a08c8fa00e255
W2_Q08,STRUCT_R1,7,6,579125,1833,8,0,10,1,19,9,5,14,4,11,28ef291bdbdabd5779860a9dac095bdb774cc930b18dec6f9c7bf13df75550d2
W9_Q32,ALGSTRUCT,7,6,5029323,12353,0,16,34,1,35,560,4,4,1,35,678046e55883cc9fe207429daab5f5da66bcc2178ee01574697097ddff7f102c
W5_Q02,STRUCT_R1,7,6,224684,1296,0,0,6,0,6,2,6,18,4,6,e7741c936508103b2af3b934e316124eac7bac4773e716fb634bafee4047c0e4
W3_d2,STRUCT_R2,7,6,968510,2740,0,0,11,5,35,13,10,29,5,16,bb512a3ef0db77c97656c90a9544f5958e4b52748f6a43bfdbc34ec450c82e91
W4_Q01,ALGSTRUCT,7,6,488496,2130,1,0,6,1,10,34,6,45,31,7,2a2742010b3f20f3e0b7616f059bcf47256e350d22af5b1d3a055aa5eee736e9
W6_Q08,STRUCT_R2,7,6,577346,2001,0,0,10,2,28,10,6,15,5,12,0d426ef82e54bf37e16bebf86ad11b160059eb28202264ca816d50ab17a2aa06
W9_Q16,STRUCT,7,6,2778809,9443,0,0,18,2,22,352,4,4,1,20,ff9866380da95df98e4375770d21fe162b02c0b8b05b75e939b18d0d711c4c04
W3_d3,STRUCT_R2,7,6,1400191,2463,0,0,12,8,42,16,14,46,8,20,d0de00aa950042ce2df3a1aacd87b83395b88f62201b4b0ee4f6f67dba5bbb2b
W4_Q01,OFF,7,6,363830,2500,0,0,6,2,12,35,7,46,31,8,c1c4e28384d704fc6572f4a795b1b9dcd23dd585446058743d09154ee63f83a5
W5_Q01,ALGSTRUCT,7,6,184239,1352,0,0,3,0,3,1,4,10,4,3,7528d1a80da7ce6bed6c3efbaad136c6b237adf54f46f512a5fe79019bfef2ec
W8_Q32,STRUCT_R1,7,6,3840835,8000,32,0,45,1,87,194,10,168,63,46,45e69b1796e998f7df6d485c516cc0751375b53ec01f0a7673d473a9ec217a0e
W9_Q02,OFF,7,6,347330,3537,0,0,4,0,6,96,4,4,1,4,f59554bf6b558dac39020afcdc9d3261e3c200f0f612cb6818827b31bbda0408
W3_d2,ALGSTRUCT,7,6,981194,1964,9,0,11,3,24,11,8,27,5,14,b3a60a0bc9bb1633f8ca67743fa2b43eea5f58f8a512cbf173b181d8c20dfa68
W3_d3,STRUCT,7,6,1428171,2390,0,0,12,8,42,16,14,46,8,20,d0de00aa950042ce2df3a1aacd87b83395b88f62201b4b0ee4f6f67dba5bbb2b
W4_Q32,STRUCT_R1,7,6,18585444,58702,32,0,130,1,227,1057,37,1006,31,131,4a5be56a553c6df341c1f260562041444c20a964d5f4f3916c7966ddd0bae2e9
W4_Q02,STRUCT,7,6,697086,4037,0,0,10,2,20,68,8,77,31,12,c082fb0620ac05b05065135ca996c9564b57d8a79b47964aa54b86c16cd0659f
W6_Q32,ALGSTRUCT,7,6,1941742,3315,0,0,34,2,100,34,6,15,5,36,e27ba2fd4a248e13e86f6fd51f6578ca7bbe37b27fb6c62f3d2e37c16ce58156
W3_d1,STRUCT_R2,7,6,575495,1796,0,0,10,2,28,10,6,15,4,12,a54c74b256ab2c5cf00e4072ff680215ee9ddba8ea28d33e07bfd46dd0370227
W6_Q32,STRUCT_R2,7,6,1869429,3425,0,0,34,2,100,34,6,15,5,36,e27ba2fd4a248e13e86f6fd51f6578ca7bbe37b27fb6c62f3d2e37c16ce58156
W2_Q04,STRUCT_R2,7,6,402792,1500,0,0,6,2,16,6,6,15,4,8,b8312387bf162a1452336c9e9e40ef1298c4a5b22cc87b54f4215f6e91104b3c
W2_Q02,STRUCT_R2,7,6,304997,1500,0,0,4,2,10,4,6,15,4,6,002b88cffa362a25f201c7342c0d49bad4cd7fb10998ad8823a39c11beee6d88
W8_Q04,STRUCT,7,6,1187565,5721,0,0,17,2,36,167,11,169,63,19,683043cf53c296ea0d43a0c383a5a5aa5dfae2adbc542c677c919239829da206
W2_Q04,ALGSTRUCT,7,6,407737,1389,4,0,6,1,11,5,5,14,4,7,e3e1c95caf3c6465ad04568b51f69fe26be853a4ad44521756f63edd123351f8
W4_Q01,STRUCT_R1,7,6,489642,2409,1,0,6,1,10,34,6,45,31,7,2a2742010b3f20f3e0b7616f059bcf47256e350d22af5b1d3a055aa5eee736e9
W9_Q32,STRUCT_R2,7,6,5082936,12370,0,16,34,1,35,560,4,4,1,35,678046e55883cc9fe207429daab5f5da66bcc2178ee01574697097ddff7f102c
W6_Q01,STRUCT_R1,7,6,264332,1388,0,0,3,2,7,3,6,15,5,5,ef852aa19070a90d167a6fc211683b2bbb6401671f4212d90e23806d1620b62f
W2_Q32,STRUCT,7,6,1889261,3407,0,0,34,2,100,34,6,15,4,36,ead1d2e3154b72c47159b745145cb82392c282dcdeeba0e877b2291c8ed45d37
W7_Q08,OFF,7,6,302110,1961,0,0,12,0,28,10,6,15,4,12,d13ad2add4e1d9cb21c441a8963ffbcf5f462a05d4f61331fa56b7c117fe58d1
W2_Q01,STRUCT_R1,7,6,270108,1241,1,0,3,1,5,2,5,14,4,4,2474f5c3c44c2292e8653ad95f4f21ec80fa6c72b730d7761807baa6c04c0270
W3_d2,STRUCT,7,6,977138,2112,0,0,11,5,35,13,10,29,5,16,bb512a3ef0db77c97656c90a9544f5958e4b52748f6a43bfdbc34ec450c82e91
W7_Q01,ALGSTRUCT,7,6,222923,1334,0,0,5,0,7,3,6,15,4,5,70f8123fffd2af37d12a00e22d9841098c66a489d4953aae174ab2cb5014e5d7
W9_Q32,OFF,7,6,3462931,15741,0,0,34,0,96,1536,4,4,1,34,13dfd65212c03f91a3168cac28f16ba616ce21a6c4d7fb7bf5b25f0167fbc71b
W9_Q04,STRUCT_R2,7,6,987269,5963,0,2,6,1,7,112,4,4,1,7,7e3f7232eefdc535f0f8be36c1c724fab7de36a2740821784506d96a09bd30b3
W8_Q01,ALGSTRUCT,7,6,1099676,5703,1,1,14,1,25,163,10,168,63,15,fdd35fe24122be542f9944d55e73c67d2cd28afd3fd1ff25e723a080e5d2dad8
W4_Q32,STRUCT_R2,7,6,9750670,81037,0,0,130,2,260,1058,38,1007,31,132,068ad024181661f75503372002890dd704cd730c5fc591fd65590a6d532c145d
W6_Q32,STRUCT,7,6,1932129,3390,0,0,34,2,100,34,6,15,5,36,e27ba2fd4a248e13e86f6fd51f6578ca7bbe37b27fb6c62f3d2e37c16ce58156
W9_Q04,STRUCT,7,6,1128841,6482,0,0,6,2,10,160,4,4,1,8,a25fcd6d9b6930c5a5e472a5d4b9da9d0423cec22fe64a49a0e3364286ad6c7b
W5_Q02,STRUCT_R2,7,6,222979,1834,0,0,6,0,6,2,6,18,4,6,e7741c936508103b2af3b934e316124eac7bac4773e716fb634bafee4047c0e4
W4_Q16,ALGSTRUCT,7,6,7220399,25351,16,0,66,1,115,529,21,510,31,67,c4cb6b036cc3a61a0d0502a6d94307b09dd7e159ba9b445a83ebed14f5c8ebe1
W8_Q16,STRUCT_R1,7,6,2191109,6815,16,0,29,1,55,178,10,168,63,30,d68e12eaec95eadd08fb1ce8e6c0dcfc893de77e4c3d4f5a64bb4b4ee29b64b3
W3_d1,OFF,7,6,460994,2261,0,0,10,2,28,10,6,15,4,12,a54c74b256ab2c5cf00e4072ff680215ee9ddba8ea28d33e07bfd46dd0370227
W2_Q32,STRUCT_R1,7,6,2262369,3277,32,0,34,1,67,33,5,14,4,35,aa6152b6f2b2227ea71db0831b5f58d2dce2bdcb6db5c4bb5d1fb235d1201ed1
W4_Q08,STRUCT_R1,7,6,2964196,13462,8,0,34,1,59,265,13,262,31,35,0d7db8d8f19881c77c6e7cd19e1f9d024ea9973fae56dbdbc00db2eeaa790340
W4_Q01,STRUCT,7,6,456664,2351,0,0,6,2,12,35,7,46,31,8,c1c4e28384d704fc6572f4a795b1b9dcd23dd585446058743d09154ee63f83a5
W7_Q08,STRUCT_R1,7,6,415182,1648,0,0,12,0,28,10,6,15,4,12,d13ad2add4e1d9cb21c441a8963ffbcf5f462a05d4f61331fa56b7c117fe58d1
W5_Q08,OFF,7,6,441461,3258,0,0,24,0,24,8,18,66,4,24,1ec99f8159a9bf9f7216cbde66142ab941580d932ab53b67181d9941e08515a5
W3_d3,STRUCT_R1,7,6,1410394,2445,10,0,12,5,29,13,11,43,8,17,16f1a8e88d7f920d91f3a177d0789d4761bf8768a0ac71ebce1f9f2282714954
W6_Q01,STRUCT_R2,7,6,259850,1555,0,0,3,2,7,3,6,15,5,5,ef852aa19070a90d167a6fc211683b2bbb6401671f4212d90e23806d1620b62f
W8_Q16,ALGSTRUCT,7,6,2209554,6407,16,1,29,1,55,178,10,168,63,30,d68e12eaec95eadd08fb1ce8e6c0dcfc893de77e4c3d4f5a64bb4b4ee29b64b3
W7_Q04,STRUCT_R1,7,6,306627,1907,0,0,8,0,16,6,6,15,4,8,64eb05b2d681af147811cd64dc0e11be812cb48952e297a71fcf6d3c013ba4a0
W2_Q32,ALGSTRUCT,7,6,2240850,3037,32,0,34,1,67,33,5,14,4,35,aa6152b6f2b2227ea71db0831b5f58d2dce2bdcb6db5c4bb5d1fb235d1201ed1
W6_Q32,OFF,7,6,1576949,3573,0,0,34,2,100,34,6,15,5,36,e27ba2fd4a248e13e86f6fd51f6578ca7bbe37b27fb6c62f3d2e37c16ce58156
W7_Q08,STRUCT,7,6,403810,1964,0,0,12,0,28,10,6,15,4,12,d13ad2add4e1d9cb21c441a8963ffbcf5f462a05d4f61331fa56b7c117fe58d1
W4_Q16,STRUCT,7,6,4823179,27296,0,0,66,2,132,530,22,511,31,68,7fbae5656c303ca065341c5db14fa3ef41fb196c82f59bb1c789e1f7b78b0f7a
W8_Q02,STRUCT,7,6,1058564,5445,0,0,15,2,30,165,11,169,63,17,ab8e72a97eeddaf640fa9d87846837b35913b3b9a7916818e4653a499fd7cc9a
W5_Q16,ALGSTRUCT,7,6,1017399,5129,0,0,48,0,48,16,34,130,4,48,15f4ec0f61204d6ef15a655140c1c86c7248fc9deed8e4c09ef3081b8b94fb64
W9_Q04,STRUCT_R1,7,6,1117268,4851,0,0,6,2,10,160,4,4,1,8,a25fcd6d9b6930c5a5e472a5d4b9da9d0423cec22fe64a49a0e3364286ad6c7b
W7_Q16,OFF,7,6,479016,2332,0,0,20,0,52,18,6,15,4,20,352ecf90b67b0a72cf480d5f2990d3ea8f45c0a65a2644e7a858b4f181627dcb
W5_Q04,OFF,7,6,247367,2019,0,0,12,0,12,4,10,34,4,12,233b80e0525d1c617459998a8c1e1bc9855a2c2b10f43c6fd42648b8adae0248
W7_Q01,STRUCT,7,6,221610,1332,0,0,5,0,7,3,6,15,4,5,70f8123fffd2af37d12a00e22d9841098c66a489d4953aae174ab2cb5014e5d7
W8_Q02,STRUCT_R1,7,6,1159990,5389,2,0,15,1,27,164,10,168,63,16,652ea2e2db2a8b59e1a2373d0aa09bb6194a7176cb3cd104297a14f7ef235e6b
W1,STRUCT,7,6,265811,1446,0,0,3,2,7,3,6,15,4,5,4b26ed307e0166f8d1fa59ea1e874899e41c5fd882be9ef62f84eb3685bb70b7
W2_Q32,STRUCT_R2,7,6,1900650,3703,0,0,34,2,100,34,6,15,4,36,ead1d2e3154b72c47159b745145cb82392c282dcdeeba0e877b2291c8ed45d37
W8_Q08,OFF,7,6,1190139,5721,0,0,21,2,48,171,11,169,63,23,6202056e7f9106d89fc2c03650e5a38d69f704cc369ba9e689bf413e5f7173e1
W6_Q01,OFF,7,6,197813,1463,0,0,3,2,7,3,6,15,5,5,ef852aa19070a90d167a6fc211683b2bbb6401671f4212d90e23806d1620b62f
W5_Q04,STRUCT_R1,7,6,320015,1648,0,0,12,0,12,4,10,34,4,12,233b80e0525d1c617459998a8c1e1bc9855a2c2b10f43c6fd42648b8adae0248
W6_Q16,OFF,7,6,799438,2555,0,0,18,2,52,18,6,15,5,20,bb0755604375307ff8e5fd09781b80b224d9ab98fa75fb51387fe44cb24e3726
W2_Q32,OFF,7,6,1551339,3110,0,0,34,2,100,34,6,15,4,36,ead1d2e3154b72c47159b745145cb82392c282dcdeeba0e877b2291c8ed45d37
W9_Q16,STRUCT_R2,7,6,2636329,8907,0,8,18,1,19,304,4,4,1,19,44cdb1eb48242e36e60587a8e97fc1204f774ee018380c18a625f9abe3ce3ce8
W8_Q02,STRUCT_R2,7,6,1052213,5888,0,1,15,2,30,165,11,169,63,17,ab8e72a97eeddaf640fa9d87846837b35913b3b9a7916818e4653a499fd7cc9a
W9_Q08,ALGSTRUCT,7,6,1472506,5666,0,4,10,1,11,176,4,4,1,11,f0aee4c6a6b6511ecbc27f2fc4ef3f688cd044d5f143461208ceed4e1cea64ae
W8_Q04,STRUCT_R1,7,6,1293210,5556,4,0,17,1,31,166,10,168,63,18,1ff2b9471d9cd2dd9078b74afc728460463e46c3102cf6da6b805d7f73e4899a
W6_Q16,ALGSTRUCT,7,6,1017788,2092,0,0,18,2,52,18,6,15,5,20,bb0755604375307ff8e5fd09781b80b224d9ab98fa75fb51387fe44cb24e3726
W7_Q02,STRUCT_R2,7,6,242758,1388,0,0,6,0,10,4,6,15,4,6,b1d2efac79748ca32ad60ca241d894721be3c3795c13e31e47e01dad1cb5a5f1
W8_Q02,OFF,7,6,847086,5481,0,0,15,2,30,165,11,169,63,17,ab8e72a97eeddaf640fa9d87846837b35913b3b9a7916818e4653a499fd7cc9a
W9_Q01,STRUCT_R1,7,6,332904,3593,0,0,3,0,3,48,4,4,1,3,6e63c0dab5f8b29ef9d1440bcd3711746464b7521a4243c8d32e03504a6224d2
W9_Q01,STRUCT,7,6,340775,4555,0,0,3,0,3,48,4,4,1,3,6e63c0dab5f8b29ef9d1440bcd3711746464b7521a4243c8d32e03504a6224d2
W4_Q16,STRUCT_R1,7,6,7190138,25926,16,0,66,1,115,529,21,510,31,67,c4cb6b036cc3a61a0d0502a6d94307b09dd7e159ba9b445a83ebed14f5c8ebe1
W2_Q16,STRUCT_R1,7,6,1043917,2129,16,0,18,1,35,17,5,14,4,19,6874ea3fe8a08c7af5d8752f9a4557e5d01bc066a937913a1e427661cbb540c4
W5_Q02,STRUCT,7,6,221516,1575,0,0,6,0,6,2,6,18,4,6,e7741c936508103b2af3b934e316124eac7bac4773e716fb634bafee4047c0e4
W6_Q02,STRUCT_R1,7,6,314885,1426,0,0,4,2,10,4,6,15,5,6,d26b7c6c44eb2ae1342ad0eacde318e4485f70f1e0c22f44dc171d7c0f11f2c5
W6_Q02,STRUCT_R2,7,6,307591,1462,0,0,4,2,10,4,6,15,5,6,d26b7c6c44eb2ae1342ad0eacde318e4485f70f1e0c22f44dc171d7c0f11f2c5
W2_Q02,STRUCT,7,6,311460,1833,0,0,4,2,10,4,6,15,4,6,002b88cffa362a25f201c7342c0d49bad4cd7fb10998ad8823a39c11beee6d88
W7_Q01,STRUCT_R2,7,6,214332,1555,0,0,5,0,7,3,6,15,4,5,70f8123fffd2af37d12a00e22d9841098c66a489d4953aae174ab2cb5014e5d7
W7_Q32,OFF,7,6,909251,3166,0,0,36,0,100,34,6,15,4,36,6bdf3735d7ed12e047353d97f7fd342934c808ba421573c6cd2474dd612f37b1
W4_Q04,OFF,7,6,1105841,7871,0,0,18,2,36,134,10,139,31,20,fd25718cb278dfe33c1131161ba4977814e08de24bd73801325a42bf895b4b90
W5_Q02,OFF,7,6,158277,2222,0,0,6,0,6,2,6,18,4,6,e7741c936508103b2af3b934e316124eac7bac4773e716fb634bafee4047c0e4
W9_Q32,STRUCT_R1,7,6,5410618,14832,0,0,34,2,38,608,4,4,1,36,f9b4de382a62f7ddf0ae716d829e6d3204b079918eba11b5d003aed0f308e9a0
W4_Q32,ALGSTRUCT,7,6,20466351,85407,32,0,130,1,227,1057,37,1006,31,131,4a5be56a553c6df341c1f260562041444c20a964d5f4f3916c7966ddd0bae2e9
W2_Q01,STRUCT,7,6,265183,1556,0,0,3,2,7,3,6,15,4,5,fb4f50a52888382fd35dda056767f1188dd59b0b7db5fbe2928a5afbf6bf9f5b
W8_Q08,STRUCT,7,6,1447876,6222,0,0,21,2,48,171,11,169,63,23,6202056e7f9106d89fc2c03650e5a38d69f704cc369ba9e689bf413e5f7173e1
W9_Q01,STRUCT_R2,7,6,336441,2963,0,0,3,0,3,48,4,4,1,3,6e63c0dab5f8b29ef9d1440bcd3711746464b7521a4243c8d32e03504a6224d2
W5_Q08,STRUCT_R2,7,6,524012,2705,0,0,24,0,24,8,18,66,4,24,1ec99f8159a9bf9f7216cbde66142ab941580d932ab53b67181d9941e08515a5
W6_Q04,STRUCT,7,6,407181,1463,0,0,6,2,16,6,6,15,5,8,463695b346924b3ce3bfd76bc311a5cc5d47fb033482cc22912fc407e8f09fdf
W7_Q02,STRUCT,7,6,247460,1575,0,0,6,0,10,4,6,15,4,6,b1d2efac79748ca32ad60ca241d894721be3c3795c13e31e47e01dad1cb5a5f1
W3_d1,STRUCT_R1,7,6,584624,1778,8,0,10,1,19,9,5,14,4,11,51eaee63f5c885c3fa7e71093e89c7ff61bea1c09d51d95c588c39ddf452f383
W4_Q16,OFF,7,6,4216314,27759,0,0,66,2,132,530,22,511,31,68,7fbae5656c303ca065341c5db14fa3ef41fb196c82f59bb1c789e1f7b78b0f7a
W9_Q08,OFF,7,6,918622,6629,0,0,10,0,24,384,4,4,1,10,ae43d04dfb0cf7afbfdc83558714cd1da89c64e7c6d49325a19de9764156762a
W2_Q01,STRUCT_R2,7,6,261851,1536,0,0,3,2,7,3,6,15,4,5,fb4f50a52888382fd35dda056767f1188dd59b0b7db5fbe2928a5afbf6bf9f5b
W9_Q04,OFF,7,6,608325,4687,0,0,6,0,12,192,4,4,1,6,6dad93323aff1013501fa90b58e0e48741ec6d807386799264c78a900e9e11d0
W2_Q02,STRUCT_R1,7,6,325811,1204,2,0,4,1,7,3,5,14,4,5,d8adac9423435c6f23a5e314f4d31430db516714fee41508dcac1bc6af0e6f0c
W2_Q02,ALGSTRUCT,7,6,321203,1350,2,0,4,1,7,3,5,14,4,5,d8adac9423435c6f23a5e314f4d31430db516714fee41508dcac1bc6af0e6f0c
W4_Q04,ALGSTRUCT,7,6,1448966,6724,4,0,18,1,31,133,9,138,31,19,fc880fdc081349aa9e95db821628814a11fa6271dfea15fd511d230a5fbbf819
W9_Q16,OFF,7,6,1731189,8573,0,0,18,0,48,768,4,4,1,18,43b7f4efcb619e6e3fc5fc66e7827f4bb8130a24a5905f5ce4efe6114dbfdbd3
W8_Q08,ALGSTRUCT,7,6,1631559,5593,8,1,21,1,39,170,10,168,63,22,dfb50a16d91192e00318e4ac61c06d5403d37554d2e61726115b9e5e96a90617
W6_Q08,ALGSTRUCT,7,6,590255,1777,0,0,10,2,28,10,6,15,5,12,0d426ef82e54bf37e16bebf86ad11b160059eb28202264ca816d50ab17a2aa06
W4_Q32,OFF,7,6,8750569,68499,0,0,130,2,260,1058,38,1007,31,132,068ad024181661f75503372002890dd704cd730c5fc591fd65590a6d532c145d
W6_Q02,OFF,7,6,241220,1704,0,0,4,2,10,4,6,15,5,6,d26b7c6c44eb2ae1342ad0eacde318e4485f70f1e0c22f44dc171d7c0f11f2c5
W9_Q02,STRUCT_R1,7,6,482774,3537,0,0,4,0,6,96,4,4,1,4,f59554bf6b558dac39020afcdc9d3261e3c200f0f612cb6818827b31bbda0408
W7_Q16,STRUCT_R1,7,6,624087,2203,0,0,20,0,52,18,6,15,4,20,352ecf90b67b0a72cf480d5f2990d3ea8f45c0a65a2644e7a858b4f181627dcb
W5_Q08,STRUCT,7,6,524941,3462,0,0,24,0,24,8,18,66,4,24,1ec99f8159a9bf9f7216cbde66142ab941580d932ab53b67181d9941e08515a5
W3_d3,OFF,7,6,1174285,2723,0,0,12,8,42,16,14,46,8,20,d0de00aa950042ce2df3a1aacd87b83395b88f62201b4b0ee4f6f67dba5bbb2b
W6_Q32,STRUCT_R2,8,6,1922724,3795,0,0,34,2,100,34,6,15,5,36,e27ba2fd4a248e13e86f6fd51f6578ca7bbe37b27fb6c62f3d2e37c16ce58156
W2_Q01,ALGSTRUCT,8,6,275052,1223,1,0,3,1,5,2,5,14,4,4,2474f5c3c44c2292e8653ad95f4f21ec80fa6c72b730d7761807baa6c04c0270
W7_Q02,STRUCT,8,6,245868,1722,0,0,6,0,10,4,6,15,4,6,b1d2efac79748ca32ad60ca241d894721be3c3795c13e31e47e01dad1cb5a5f1
W5_Q16,STRUCT_R1,8,6,1004082,4483,0,0,48,0,48,16,34,130,4,48,15f4ec0f61204d6ef15a655140c1c86c7248fc9deed8e4c09ef3081b8b94fb64
W5_Q32,OFF,8,6,1845761,10592,0,0,96,0,96,32,66,258,4,96,ad908136f049b66ae4b1e1c3f252d7a2ebead009fab3f7177d4babd24fcbec6a
W6_Q08,STRUCT,8,6,577069,2037,0,0,10,2,28,10,6,15,5,12,0d426ef82e54bf37e16bebf86ad11b160059eb28202264ca816d50ab17a2aa06
W5_Q32,STRUCT_R2,8,6,1987298,11258,0,0,96,0,96,32,66,258,4,96,ad908136f049b66ae4b1e1c3f252d7a2ebead009fab3f7177d4babd24fcbec6a
W5_Q01,STRUCT_R2,8,6,179591,1426,0,0,3,0,3,1,4,10,4,3,7528d1a80da7ce6bed6c3efbaad136c6b237adf54f46f512a5fe79019bfef2ec
W6_Q16,OFF,8,6,802272,2314,0,0,18,2,52,18,6,15,5,20,bb0755604375307ff8e5fd09781b80b224d9ab98fa75fb51387fe44cb24e3726
W4_Q32,STRUCT_R1,8,6,18538312,62778,32,0,130,1,227,1057,37,1006,31,131,4a5be56a553c6df341c1f260562041444c20a964d5f4f3916c7966ddd0bae2e9
W6_Q08,STRUCT_R1,8,6,594235,1667,0,0,10,2,28,10,6,15,5,12,0d426ef82e54bf37e16bebf86ad11b160059eb28202264ca816d50ab17a2aa06
W5_Q08,STRUCT_R2,8,6,527347,2981,0,0,24,0,24,8,18,66,4,24,1ec99f8159a9bf9f7216cbde66142ab941580d932ab53b67181d9941e08515a5
W8_Q04,ALGSTRUCT,8,6,1309823,5036,4,1,17,1,31,166,10,168,63,18,1ff2b9471d9cd2dd9078b74afc728460463e46c3102cf6da6b805d7f73e4899a
W7_Q01,ALGSTRUCT,8,6,224461,1445,0,0,5,0,7,3,6,15,4,5,70f8123fffd2af37d12a00e22d9841098c66a489d4953aae174ab2cb5014e5d7
W2_Q04,STRUCT_R1,8,6,405700,1445,4,0,6,1,11,5,5,14,4,7,e3e1c95caf3c6465ad04568b51f69fe26be853a4ad44521756f63edd123351f8
W2_Q32,STRUCT_R1,8,6,2225668,2831,32,0,34,1,67,33,5,14,4,35,aa6152b6f2b2227ea71db0831b5f58d2dce2bdcb6db5c4bb5d1fb235d1201ed1
W8_Q08,OFF,8,6,1193840,6057,0,0,21,2,48,171,11,169,63,23,6202056e7f9106d89fc2c03650e5a38d69f704cc369ba9e689bf413e5f7173e1
W6_Q16,STRUCT_R2,8,6,972305,2260,0,0,18,2,52,18,6,15,5,20,bb0755604375307ff8e5fd09781b80b224d9ab98fa75fb51387fe44cb24e3726
W2_Q16,OFF,8,6,822104,2537,0,0,18,2,52,18,6,15,4,20,f53a43e02a6f7be38b5d23a92cce7a6f0c7e7deac086e97841ea021c93a5a893
W5_Q02,ALGSTRUCT,8,6,225276,1537,0,0,6,0,6,2,6,18,4,6,e7741c936508103b2af3b934e316124eac7bac4773e716fb634bafee4047c0e4
W7_Q04,ALGSTRUCT,8,6,295645,1408,0,0,8,0,16,6,6,15,4,8,64eb05b2d681af147811cd64dc0e11be812cb48952e297a71fcf6d3c013ba4a0
W4_Q32,STRUCT,8,6,9983616,68386,0,0,130,2,260,1058,38,1007,31,132,068ad024181661f75503372002890dd704cd730c5fc591fd65590a6d532c145d
W4_Q32,ALGSTRUCT,8,6,18662979,56629,32,0,130,1,227,1057,37,1006,31,131,4a5be56a553c6df341c1f260562041444c20a964d5f4f3916c7966ddd0bae2e9
W1,ALGSTRUCT,8,6,272996,1631,1,0,3,1,5,2,5,14,4,4,ddbc64bc70e115337e04b3ee4eac0b96e81aea703c916cfeea2e2366190e3210
W4_Q16,ALGSTRUCT,8,6,7183914,25520,16,0,66,1,115,529,21,510,31,67,c4cb6b036cc3a61a0d0502a6d94307b09dd7e159ba9b445a83ebed14f5c8ebe1
W9_Q04,ALGSTRUCT,8,6,1003917,6037,0,2,6,1,7,112,4,4,1,7,7e3f7232eefdc535f0f8be36c1c724fab7de36a2740821784506d96a09bd30b3
W7_Q01,OFF,8,6,153648,1646,0,0,5,0,7,3,6,15,4,5,70f8123fffd2af37d12a00e22d9841098c66a489d4953aae174ab2cb5014e5d7
W8_Q01,STRUCT_R2,8,6,1015844,6351,0,1,14,2,27,164,11,169,63,16,7b06ec78e125033330eb86a638ef113771be6d17e66ade996d2cadaa30e562a7
W9_Q16,STRUCT,8,6,2784401,8185,0,0,18,2,22,352,4,4,1,20,ff9866380da95df98e4375770d21fe162b02c0b8b05b75e939b18d0d711c4c04
W6_Q04,STRUCT_R1,8,6,413589,1592,0,0,6,2,16,6,6,15,5,8,463695b346924b3ce3bfd76bc311a5cc5d47fb033482cc22912fc407e8f09fdf
W5_Q01,OFF,8,6,123683,1501,0,0,3,0,3,1,4,10,4,3,7528d1a80da7ce6bed6c3efbaad136c6b237adf54f46f512a5fe79019bfef2ec
W3_d1,STRUCT_R2,8,6,573234,1761,0,0,10,2,28,10,6,15,4,12,a54c74b256ab2c5cf00e4072ff680215ee9ddba8ea28d33e07bfd46dd0370227
W9_Q08,ALGSTRUCT,8,6,1488043,6740,0,4,10,1,11,176,4,4,1,11,f0aee4c6a6b6511ecbc27f2fc4ef3f688cd044d5f143461208ceed4e1cea64ae
W6_Q16,STRUCT_R1,8,6,1015008,2186,0,0,18,2,52,18,6,15,5,20,bb0755604375307ff8e5fd09781b80b224d9ab98fa75fb51387fe44cb24e3726
W2_Q02,STRUCT,8,6,315090,1444,0,0,4,2,10,4,6,15,4,6,002b88cffa362a25f201c7342c0d49bad4cd7fb10998ad8823a39c11beee6d88
W2_Q01,STRUCT_R1,8,6,272757,1278,1,0,3,1,5,2,5,14,4,4,2474f5c3c44c2292e8653ad95f4f21ec80fa6c72b730d7761807baa6c04c0270
W8_Q04,STRUCT_R1,8,6,1298099,5112,4,0,17,1,31,166,10,168,63,18,1ff2b9471d9cd2dd9078b74afc728460463e46c3102cf6da6b805d7f73e4899a
W7_Q16,OFF,8,6,491107,2389,0,0,20,0,52,18,6,15,4,20,352ecf90b67b0a72cf480d5f2990d3ea8f45c0a65a2644e7a858b4f181627dcb
W1,STRUCT_R1,8,6,271980,1277,1,0,3,1,5,2,5,14,4,4,ddbc64bc70e115337e04b3ee4eac0b96e81aea703c916cfeea2e2366190e3210
W8_Q02,STRUCT_R1,8,6,1178489,5241,2,0,15,1,27,164,10,168,63,16,652ea2e2db2a8b59e1a2373d0aa09bb6194a7176cb3cd104297a14f7ef235e6b
W7_Q16,STRUCT_R1,8,6,641013,2259,0,0,20,0,52,18,6,15,4,20,352ecf90b67b0a72cf480d5f2990d3ea8f45c0a65a2644e7a858b4f181627dcb
W3_d3,STRUCT_R2,8,6,1412338,2612,0,0,12,8,42,16,14,46,8,20,d0de00aa950042ce2df3a1aacd87b83395b88f62201b4b0ee4f6f67dba5bbb2b
W5_Q16,STRUCT_R2,8,6,989771,4739,0,0,48,0,48,16,34,130,4,48,15f4ec0f61204d6ef15a655140c1c86c7248fc9deed8e4c09ef3081b8b94fb64
W7_Q01,STRUCT,8,6,225313,1741,0,0,5,0,7,3,6,15,4,5,70f8123fffd2af37d12a00e22d9841098c66a489d4953aae174ab2cb5014e5d7
W3_d2,STRUCT_R2,8,6,957029,2296,0,0,11,5,35,13,10,29,5,16,bb512a3ef0db77c97656c90a9544f5958e4b52748f6a43bfdbc34ec450c82e91
W2_Q16,STRUCT,8,6,1016695,2463,0,0,18,2,52,18,6,15,4,20,f53a43e02a6f7be38b5d23a92cce7a6f0c7e7deac086e97841ea021c93a5a893
W4_Q04,STRUCT,8,6,1251543,6816,0,0,18,2,36,134,10,139,31,20,fd25718cb278dfe33c1131161ba4977814e08de24bd73801325a42bf895b4b90
W9_Q16,STRUCT_R1,8,6,2760974,8852,0,0,18,2,22,352,4,4,1,20,ff9866380da95df98e4375770d21fe162b02c0b8b05b75e939b18d0d711c4c04
W5_Q32,ALGSTRUCT,8,6,2156163,11261,0,0,96,0,96,32,66,258,4,96,ad908136f049b66ae4b1e1c3f252d7a2ebead009fab3f7177d4babd24fcbec6a
W9_Q16,ALGSTRUCT,8,6,2643994,7964,0,8,18,1,19,304,4,4,1,19,44cdb1eb48242e36e60587a8e97fc1204f774ee018380c18a625f9abe3ce3ce8
W4_Q02,ALGSTRUCT,8,6,790103,3667,2,0,10,1,17,67,7,76,31,11,056c94f2139c9e918446fe4f786e56b203a4febdd7cdb7d162e2b0323db5a772
W8_Q16,ALGSTRUCT,8,6,2196148,6832,16,1,29,1,55,178,10,168,63,30,d68e12eaec95eadd08fb1ce8e6c0dcfc893de77e4c3d4f5a64bb4b4ee29b64b3
W8_Q08,STRUCT_R2,8,6,1444672,6648,0,1,21,2,48,171,11,169,63,23,6202056e7f9106d89fc2c03650e5a38d69f704cc369ba9e689bf413e5f7173e1
W7_Q32,STRUCT_R1,8,6,1169805,3333,0,0,36,0,100,34,6,15,4,36,6bdf3735d7ed12e047353d97f7fd342934c808ba421573c6cd2474dd612f37b1
W9_Q02,STRUCT_R1,8,6,477090,3258,0,0,4,0,6,96,4,4,1,4,f59554bf6b558dac39020afcdc9d3261e3c200f0f612cb6818827b31bbda0408
W4_Q32,OFF,8,6,8725625,79184,0,0,130,2,260,1058,38,1007,31,132,068ad024181661f75503372002890dd704cd730c5fc591fd65590a6d532c145d
W3_d3,ALGSTRUCT,8,6,1410986,2501,10,0,12,5,29,13,11,43,8,17,16f1a8e88d7f920d91f3a177d0789d4761bf8768a0ac71ebce1f9f2282714954
W8_Q08,ALGSTRUCT,8,6,1635838,5703,8,1,21,1,39,170,10,168,63,22,dfb50a16d91192e00318e4ac61c06d5403d37554d2e61726115b9e5e96a90617
W7_Q02,OFF,8,6,173294,1611,0,0,6,0,10,4,6,15,4,6,b1d2efac79748ca32ad60ca241d894721be3c3795c13e31e47e01dad1cb5a5f1
W2_Q01,OFF,8,6,198056,1498,0,0,3,2,7,3,6,15,4,5,fb4f50a52888382fd35dda056767f1188dd59b0b7db5fbe2928a5afbf6bf9f5b
W2_Q02,OFF,8,6,237277,1647,0,0,4,2,10,4,6,15,4,6,002b88cffa362a25f201c7342c0d49bad4cd7fb10998ad8823a39c11beee6d88
W4_Q04,STRUCT_R2,8,6,1229914,6834,0,0,18,2,36,134,10,139,31,20,fd25718cb278dfe33c1131161ba4977814e08de24bd73801325a42bf895b4b90
W5_Q08,STRUCT,8,6,522772,2779,0,0,24,0,24,8,18,66,4,24,1ec99f8159a9bf9f7216cbde66142ab941580d932ab53b67181d9941e08515a5
W5_Q04,STRUCT,8,6,311773,1983,0,0,12,0,12,4,10,34,4,12,233b80e0525d1c617459998a8c1e1bc9855a2c2b10f43c6fd42648b8adae0248
W2_Q08,ALGSTRUCT,8,6,589420,1685,8,0,10,1,19,9,5,14,4,11,28ef291bdbdabd5779860a9dac095bdb774cc930b18dec6f9c7bf13df75550d2
W4_Q01,STRUCT,8,6,447163,2722,0,0,6,2,12,35,7,46,31,8,c1c4e28384d704fc6572f4a795b1b9dcd23dd585446058743d09154ee63f83a5
W2_Q32,ALGSTRUCT,8,6,2235777,3147,32,0,34,1,67,33,5,14,4,35,aa6152b6f2b2227ea71db0831b5f58d2dce2bdcb6db5c4bb5d1fb235d1201ed1
W5_Q16,ALGSTRUCT,8,6,1008640,5258,0,0,48,0,48,16,34,130,4,48,15f4ec0f61204d6ef15a655140c1c86c7248fc9deed8e4c09ef3081b8b94fb64
W8_Q01,STRUCT,8,6,1004509,5926,0,0,14,2,27,164,11,169,63,16,7b06ec78e125033330eb86a638ef113771be6d17e66ade996d2cadaa30e562a7
W1,STRUCT,8,6,264091,1907,0,0,3,2,7,3,6,15,4,5,4b26ed307e0166f8d1fa59ea1e874899e41c5fd882be9ef62f84eb3685bb70b7
W7_Q08,STRUCT_R2,8,6,402163,1593,0,0,12,0,28,10,6,15,4,12,d13ad2add4e1d9cb21c441a8963ffbcf5f462a05d4f61331fa56b7c117fe58d1
W4_Q08,STRUCT_R1,8,6,2958900,13629,8,0,34,1,59,265,13,262,31,35,0d7db8d8f19881c77c6e7cd19e1f9d024ea9973fae56dbdbc00db2eeaa790340
W8_Q08,STRUCT_R1,8,6,1618634,6240,8,0,21,1,39,170,10,168,63,22,dfb50a16d91192e00318e4ac61c06d5403d37554d2e61726115b9e5e96a90617
W1,STRUCT_R2,8,6,264627,1389,0,0,3,2,7,3,6,15,4,5,4b26ed307e0166f8d1fa59ea1e874899e41c5fd882be9ef62f84eb3685bb70b7
W7_Q04,OFF,8,6,214426,2017,0,0,8,0,16,6,6,15,4,8,64eb05b2d681af147811cd64dc0e11be812cb48952e297a71fcf6d3c013ba4a0
W8_Q32,STRUCT_R2,8,6,2814752,8056,0,1,45,2,120,195,11,169,63,47,257e33fe42ff72054f90b0755280d3b57f6dc95e0ff488350c7a08c8fa00e255
W3_d1,STRUCT_R1,8,6,579162,1629,8,0,10,1,19,9,5,14,4,11,51eaee63f5c885c3fa7e71093e89c7ff61bea1c09d51d95c588c39ddf452f383
W5_Q01,ALGSTRUCT,8,6,186256,983,0,0,3,0,3,1,4,10,4,3,7528d1a80da7ce6bed6c3efbaad136c6b237adf54f46f512a5fe79019bfef2ec
W8_Q32,ALGSTRUCT,8,6,3862778,8446,32,1,45,1,87,194,10,168,63,46,45e69b1796e998f7df6d485c516cc0751375b53ec01f0a7673d473a9ec217a0e
W8_Q01,STRUCT_R1,8,6,1091823,5537,1,0,14,1,25,163,10,168,63,15,fdd35fe24122be542f9944d55e73c67d2cd28afd3fd1ff25e723a080e5d2dad8
W4_Q01,OFF,8,6,360719,2278,0,0,6,2,12,35,7,46,31,8,c1c4e28384d704fc6572f4a795b1b9dcd23dd585446058743d09154ee63f83a5
W2_Q04,ALGSTRUCT,8,6,410867,1333,4,0,6,1,11,5,5,14,4,7,e3e1c95caf3c6465ad04568b51f69fe26be853a4ad44521756f63edd123351f8
W9_Q02,STRUCT_R2,8,6,634847,4703,0,1,4,1,5,80,4,4,1,5,a250745debd6fd7cf3585f94dfa2ad7178c8b7c572e5ce15f0467c48475c0e9a
W4_Q02,STRUCT_R2,8,6,687921,3499,0,0,10,2,20,68,8,77,31,12,c082fb0620ac05b05065135ca996c9564b57d8a79b47964aa54b86c16cd0659f
W4_Q01,STRUCT_R2,8,6,439441,2796,0,0,6,2,12,35,7,46,31,8,c1c4e28384d704fc6572f4a795b1b9dcd23dd585446058743d09154ee63f83a5
W6_Q02,ALGSTRUCT,8,6,318367,1482,0,0,4,2,10,4,6,15,5,6,d26b7c6c44eb2ae1342ad0eacde318e4485f70f1e0c22f44dc171d7c0f11f2c5
W6_Q02,STRUCT_R2,8,6,311739,1666,0,0,4,2,10,4,6,15,5,6,d26b7c6c44eb2ae1342ad0eacde318e4485f70f1e0c22f44dc171d7c0f11f2c5
W6_Q08,ALGSTRUCT,8,6,597163,1684,0,0,10,2,28,10,6,15,5,12,0d426ef82e54bf37e16bebf86ad11b160059eb28202264ca816d50ab17a2aa06
W7_Q16,STRUCT,8,6,615865,2426,0,0,20,0,52,18,6,15,4,20,352ecf90b67b0a72cf480d5f2990d3ea8f45c0a65a2644e7a858b4f181627dcb
W3_d2,STRUCT_R1,8,6,983455,2277,9,0,11,3,24,11,8,27,5,14,b3a60a0bc9bb1633f8ca67743fa2b43eea5f58f8a512cbf173b181d8c20dfa68
W9_Q01,STRUCT_R1,8,6,338053,3481,0,0,3,0,3,48,4,4,1,3,6e63c0dab5f8b29ef9d1440bcd3711746464b7521a4243c8d32e03504a6224d2
W2_Q08,STRUCT,8,6,575439,1649,0,0,10,2,28,10,6,15,4,12,e121069670786ba8fbe3100d624a17638d4611a34b02647058710f2e3db6a9c9
W9_Q04,OFF,8,6,618901,4686,0,0,6,0,12,192,4,4,1,6,6dad93323aff1013501fa90b58e0e48741ec6d807386799264c78a900e9e11d0
W8_Q32,STRUCT_R1,8,6,3835133,7999,32,0,45,1,87,194,10,168,63,46,45e69b1796e998f7df6d485c516cc0751375b53ec01f0a7673d473a9ec217a0e
W3_d3,STRUCT,8,6,1435431,2945,0,0,12,8,42,16,14,46,8,20,d0de00aa950042ce2df3a1aacd87b83395b88f62201b4b0ee4f6f67dba5bbb2b
W9_Q02,OFF,8,6,343850,4980,0,0,4,0,6,96,4,4,1,4,f59554bf6b558dac39020afcdc9d3261e3c200f0f612cb6818827b31bbda0408
W7_Q02,STRUCT_R1,8,6,247313,1351,0,0,6,0,10,4,6,15,4,6,b1d2efac79748ca32ad60ca241d894721be3c3795c13e31e47e01dad1cb5a5f1
W2_Q16,STRUCT_R2,8,6,993564,2334,0,0,18,2,52,18,6,15,4,20,f53a43e02a6f7be38b5d23a92cce7a6f0c7e7deac086e97841ea021c93a5a893
W9_Q16,STRUCT_R2,8,6,2675642,7963,0,8,18,1,19,304,4,4,1,19,44cdb1eb48242e36e60587a8e97fc1204f774ee018380c18a625f9abe3ce3ce8
W2_Q04,STRUCT,8,6,406293,1685,0,0,6,2,16,6,6,15,4,8,b8312387bf162a1452336c9e9e40ef1298c4a5b22cc87b54f4215f6e91104b3c
W9_Q08,STRUCT_R1,8,6,1576097,6574,0,0,10,2,14,224,4,4,1,12,4c97cc82f3dbf6bc2a6de325d199b0cb65ffca732846069f84ea5618bb19fcfd
W4_Q04,ALGSTRUCT,8,6,1455987,6296,4,0,18,1,31,133,9,138,31,19,fc880fdc081349aa9e95db821628814a11fa6271dfea15fd511d230a5fbbf819
W2_Q32,OFF,8,6,1606412,3388,0,0,34,2,100,34,6,15,4,36,ead1d2e3154b72c47159b745145cb82392c282dcdeeba0e877b2291c8ed45d37
W4_Q32,STRUCT_R2,8,6,9896446,79149,0,0,130,2,260,1058,38,1007,31,132,068ad024181661f75503372002890dd704cd730c5fc591fd65590a6d532c145d
W6_Q04,OFF,8,6,312850,1610,0,0,6,2,16,6,6,15,5,8,463695b346924b3ce3bfd76bc311a5cc5d47fb033482cc22912fc407e8f09fdf
W9_Q02,STRUCT,8,6,482940,4241,0,0,4,0,6,96,4,4,1,4,f59554bf6b558dac39020afcdc9d3261e3c200f0f612cb6818827b31bbda0408
W9_Q04,STRUCT_R2,8,6,982565,4963,0,2,6,1,7,112,4,4,1,7,7e3f7232eefdc535f0f8be36c1c724fab7de36a2740821784506d96a09bd30b3
W5_Q04,STRUCT_R1,8,6,319832,2147,0,0,12,0,12,4,10,34,4,12,233b80e0525d1c617459998a8c1e1bc9855a2c2b10f43c6fd42648b8adae0248
W9_Q32,ALGSTRUCT,8,6,5100102,13667,0,16,34,1,35,560,4,4,1,35,678046e55883cc9fe207429daab5f5da66bcc2178ee01574697097ddff7f102c
W6_Q01,STRUCT_R1,8,6,261591,1500,0,0,3,2,7,3,6,15,5,5,ef852aa19070a90d167a6fc211683b2bbb6401671f4212d90e23806d1620b62f
W2_Q08,OFF,8,6,461718,2166,0,0,10,2,28,10,6,15,4,12,e121069670786ba8fbe3100d624a17638d4611a34b02647058710f2e3db6a9c9
W9_Q01,STRUCT,8,6,342440,3797,0,0,3,0,3,48,4,4,1,3,6e63c0dab5f8b29ef9d1440bcd3711746464b7521a4243c8d32e03504a6224d2
W2_Q08,STRUCT_R1,8,6,581328,1722,8,0,10,1,19,9,5,14,4,11,28ef291bdbdabd5779860a9dac095bdb774cc930b18dec6f9c7bf13df75550d2
W2_Q02,ALGSTRUCT,8,6,323329,1501,2,0,4,1,7,3,5,14,4,5,d8adac9423435c6f23a5e314f4d31430db516714fee41508dcac1bc6af0e6f0c
W9_Q02,ALGSTRUCT,8,6,633845,3834,0,1,4,1,5,80,4,4,1,5,a250745debd6fd7cf3585f94dfa2ad7178c8b7c572e5ce15f0467c48475c0e9a
W2_Q01,STRUCT_R2,8,6,256145,1297,0,0,3,2,7,3,6,15,4,5,fb4f50a52888382fd35dda056767f1188dd59b0b7db5fbe2928a5afbf6bf9f5b
W4_Q08,OFF,8,6,2011629,13056,0,0,34,2,68,266,14,263,31,36,310b652f3a487a64261e67b69ca4bd659f7cd91c74be37afd64d6187457e8bdc
W2_Q16,ALGSTRUCT,8,6,1047637,1909,16,0,18,1,35,17,5,14,4,19,6874ea3fe8a08c7af5d8752f9a4557e5d01bc066a937913a1e427661cbb540c4
W6_Q16,STRUCT,8,6,1000749,2797,0,0,18,2,52,18,6,15,5,20,bb0755604375307ff8e5fd09781b80b224d9ab98fa75fb51387fe44cb24e3726
W9_Q04,STRUCT_R1,8,6,1106417,5092,0,0,6,2,10,160,4,4,1,8,a25fcd6d9b6930c5a5e472a5d4b9da9d0423cec22fe64a49a0e3364286ad6c7b
W2_Q16,STRUCT_R1,8,6,1036194,2315,16,0,18,1,35,17,5,14,4,19,6874ea3fe8a08c7af5d8752f9a4557e5d01bc066a937913a1e427661cbb540c4
W6_Q01,ALGSTRUCT,8,6,265996,1261,0,0,3,2,7,3,6,15,5,5,ef852aa19070a90d167a6fc211683b2bbb6401671f4212d90e23806d1620b62f
W6_Q04,STRUCT_R2,8,6,401145,1592,0,0,6,2,16,6,6,15,5,8,463695b346924b3ce3bfd76bc311a5cc5d47fb033482cc22912fc407e8f09fdf
W7_Q32,STRUCT,8,6,1137841,3612,0,0,36,0,100,34,6,15,4,36,6bdf3735d7ed12e047353d97f7fd342934c808ba421573c6cd2474dd612f37b1
W4_Q04,STRUCT_R1,8,6,1460692,6851,4,0,18,1,31,133,9,138,31,19,fc880fdc081349aa9e95db821628814a11fa6271dfea15fd511d230a5fbbf819
W9_Q01,STRUCT_R2,8,6,340737,3890,0,0,3,0,3,48,4,4,1,3,6e63c0dab5f8b29ef9d1440bcd3711746464b7521a4243c8d32e03504a6224d2
W5_Q16,OFF,8,6,869419,4573,0,0,48,0,48,16,34,130,4,48,15f4ec0f61204d6ef15a655140c1c86c7248fc9deed8e4c09ef3081b8b94fb64
W9_Q32,STRUCT,8,6,5272081,13482,0,0,34,2,38,608,4,4,1,36,f9b4de382a62f7ddf0ae716d829e6d3204b079918eba11b5d003aed0f308e9a0
W9_Q01,ALGSTRUCT,8,6,342718,3112,0,0,3,0,3,48,4,4,1,3,6e63c0dab5f8b29ef9d1440bcd3711746464b7521a4243c8d32e03504a6224d2
W2_Q01,STRUCT,8,6,261238,1630,0,0,3,2,7,3,6,15,4,5,fb4f50a52888382fd35dda056767f1188dd59b0b7db5fbe2928a5afbf6bf9f5b
W9_Q04,STRUCT,8,6,1118157,5388,0,0,6,2,10,160,4,4,1,8,a25fcd6d9b6930c5a5e472a5d4b9da9d0423cec22fe64a49a0e3364286ad6c7b
W8_Q02,OFF,8,6,842160,5295,0,0,15,2,30,165,11,169,63,17,ab8e72a97eeddaf640fa9d87846837b35913b3b9a7916818e4653a499fd7cc9a
W4_Q16,STRUCT,8,6,4788732,27668,0,0,66,2,132,530,22,511,31,68,7fbae5656c303ca065341c5db14fa3ef41fb196c82f59bb1c789e1f7b78b0f7a
W8_Q16,OFF,8,6,1529189,6945,0,0,29,2,72,179,11,169,63,31,75d1b16c15c201143eb0f00e84429326ead193544062ed0323b47e7914fd575d
W8_Q01,OFF,8,6,801732,5594,0,0,14,2,27,164,11,169,63,16,7b06ec78e125033330eb86a638ef113771be6d17e66ade996d2cadaa30e562a7
W4_Q16,STRUCT_R1,8,6,7062880,25704,16,0,66,1,115,529,21,510,31,67,c4cb6b036cc3a61a0d0502a6d94307b09dd7e159ba9b445a83ebed14f5c8ebe1
W3_d2,ALGSTRUCT,8,6,981104,1758,9,0,11,3,24,11,8,27,5,14,b3a60a0bc9bb1633f8ca67743fa2b43eea5f58f8a512cbf173b181d8c20dfa68
W5_Q01,STRUCT,8,6,183850,1426,0,0,3,0,3,1,4,10,4,3,7528d1a80da7ce6bed6c3efbaad136c6b237adf54f46f512a5fe79019bfef2ec
W8_Q02,STRUCT,8,6,1066842,5334,0,0,15,2,30,165,11,169,63,17,ab8e72a97eeddaf640fa9d87846837b35913b3b9a7916818e4653a499fd7cc9a
W5_Q08,STRUCT_R1,8,6,537254,2371,0,0,24,0,24,8,18,66,4,24,1ec99f8159a9bf9f7216cbde66142ab941580d932ab53b67181d9941e08515a5
W8_Q02,STRUCT_R2,8,6,1055399,5554,0,1,15,2,30,165,11,169,63,17,ab8e72a97eeddaf640fa9d87846837b35913b3b9a7916818e4653a499fd7cc9a
W4_Q01,ALGSTRUCT,8,6,488365,2186,1,0,6,1,10,34,6,45,31,7,2a2742010b3f20f3e0b7616f059bcf47256e350d22af5b1d3a055aa5eee736e9
W3_d2,OFF,8,6,846379,2261,0,0,11,5,35,13,10,29,5,16,bb512a3ef0db77c97656c90a9544f5958e4b52748f6a43bfdbc34ec450c82e91
W5_Q04,STRUCT_R2,8,6,317849,1889,0,0,12,0,12,4,10,34,4,12,233b80e0525d1c617459998a8c1e1bc9855a2c2b10f43c6fd42648b8adae0248
W3_d1,STRUCT,8,6,574567,2094,0,0,10,2,28,10,6,15,4,12,a54c74b256ab2c5cf00e4072ff680215ee9ddba8ea28d33e07bfd46dd0370227
W8_Q32,OFF,8,6,2374404,8278,0,0,45,2,120,195,11,169,63,47,257e33fe42ff72054f90b0755280d3b57f6dc95e0ff488350c7a08c8fa00e255
W6_Q04,STRUCT,8,6,405330,1722,0,0,6,2,16,6,6,15,5,8,463695b346924b3ce3bfd76bc311a5cc5d47fb033482cc22912fc407e8f09fdf
W8_Q02,ALGSTRUCT,8,6,1152749,5426,2,1,15,1,27,164,10,168,63,16,652ea2e2db2a8b59e1a2373d0aa09bb6194a7176cb3cd104297a14f7ef235e6b
W5_Q04,OFF,8,6,247534,1760,0,0,12,0,12,4,10,34,4,12,233b80e0525d1c617459998a8c1e1bc9855a2c2b10f43c6fd42648b8adae0248
W7_Q32,STRUCT_R2,8,6,1116675,3408,0,0,36,0,100,34,6,15,4,36,6bdf3735d7ed12e047353d97f7fd342934c808ba421573c6cd2474dd612f37b1
W2_Q32,STRUCT_R2,8,6,1854946,3167,0,0,34,2,100,34,6,15,4,36,ead1d2e3154b72c47159b745145cb82392c282dcdeeba0e877b2291c8ed45d37
W2_Q08,STRUCT_R2,8,6,573586,1723,0,0,10,2,28,10,6,15,4,12,e121069670786ba8fbe3100d624a17638d4611a34b02647058710f2e3db6a9c9
W2_Q02,STRUCT_R1,8,6,320441,1445,2,0,4,1,7,3,5,14,4,5,d8adac9423435c6f23a5e314f4d31430db516714fee41508dcac1bc6af0e6f0c
W7_Q16,ALGSTRUCT,8,6,632087,2092,0,0,20,0,52,18,6,15,4,20,352ecf90b67b0a72cf480d5f2990d3ea8f45c0a65a2644e7a858b4f181627dcb
W4_Q16,OFF,8,6,4255036,26647,0,0,66,2,132,530,22,511,31,68,7fbae5656c303ca065341c5db14fa3ef41fb196c82f59bb1c789e1f7b78b0f7a
W7_Q02,STRUCT_R2,8,6,241184,1351,0,0,6,0,10,4,6,15,4,6,b1d2efac79748ca32ad60ca241d894721be3c3795c13e31e47e01dad1cb5a5f1
W7_Q02,ALGSTRUCT,8,6,248145,1297,0,0,6,0,10,4,6,15,4,6,b1d2efac79748ca32ad60ca241d894721be3c3795c13e31e47e01dad1cb5a5f1
W5_Q02,STRUCT_R2,8,6,217499,1333,0,0,6,0,6,2,6,18,4,6,e7741c936508103b2af3b934e316124eac7bac4773e716fb634bafee4047c0e4
W7_Q32,OFF,8,6,909102,3112,0,0,36,0,100,34,6,15,4,36,6bdf3735d7ed12e047353d97f7fd342934c808ba421573c6cd2474dd612f37b1
W5_Q02,STRUCT_R1,8,6,224405,1426,0,0,6,0,6,2,6,18,4,6,e7741c936508103b2af3b934e316124eac7bac4773e716fb634bafee4047c0e4
W3_d3,STRUCT_R1,8,6,1400599,2333,10,0,12,5,29,13,11,43,8,17,16f1a8e88d7f920d91f3a177d0789d4761bf8768a0ac71ebce1f9f2282714954
W6_Q08,OFF,8,6,455366,2074,0,0,10,2,28,10,6,15,5,12,0d426ef82e54bf37e16bebf86ad11b160059eb28202264ca816d50ab17a2aa06
W4_Q02,STRUCT,8,6,693105,3907,0,0,10,2,20,68,8,77,31,12,c082fb0620ac05b05065135ca996c9564b57d8a79b47964aa54b86c16cd0659f
W3_d2,STRUCT,8,6,973917,2167,0,0,11,5,35,13,10,29,5,16,bb512a3ef0db77c97656c90a9544f5958e4b52748f6a43bfdbc34ec450c82e91
W2_Q02,STRUCT_R2,8,6,308497,1574,0,0,4,2,10,4,6,15,4,6,002b88cffa362a25f201c7342c0d49bad4cd7fb10998ad8823a39c11beee6d88
W9_Q32,STRUCT_R1,8,6,5223918,13813,0,0,34,2,38,608,4,4,1,36,f9b4de382a62f7ddf0ae716d829e6d3204b079918eba11b5d003aed0f308e9a0
W8_Q16,STRUCT_R2,8,6,1845039,7204,0,1,29,2,72,179,11,169,63,31,75d1b16c15c201143eb0f00e84429326ead193544062ed0323b47e7914fd575d
W7_Q04,STRUCT_R2,8,6,285682,1574,0,0,8,0,16,6,6,15,4,8,64eb05b2d681af147811cd64dc0e11be812cb48952e297a71fcf6d3c013ba4a0
W7_Q04,STRUCT_R1,8,6,297942,1426,0,0,8,0,16,6,6,15,4,8,64eb05b2d681af147811cd64dc0e11be812cb48952e297a71fcf6d3c013ba4a0
W4_Q04,OFF,8,6,1077471,7352,0,0,18,2,36,134,10,139,31,20,fd25718cb278dfe33c1131161ba4977814e08de24bd73801325a42bf895b4b90
W3_d1,OFF,8,6,459773,2019,0,0,10,2,28,10,6,15,4,12,a54c74b256ab2c5cf00e4072ff680215ee9ddba8ea28d33e07bfd46dd0370227
W8_Q04,OFF,8,6,979861,5741,0,0,17,2,36,167,11,169,63,19,683043cf53c296ea0d43a0c383a5a5aa5dfae2adbc542c677c919239829da206
W4_Q02,OFF,8,6,580550,3685,0,0,10,2,20,68,8,77,31,12,c082fb0620ac05b05065135ca996c9564b57d8a79b47964aa54b86c16cd0659f
W7_Q08,STRUCT,8,6,403718,1926,0,0,12,0,28,10,6,15,4,12,d13ad2add4e1d9cb21c441a8963ffbcf5f462a05d4f61331fa56b7c117fe58d1
W9_Q08,OFF,8,6,916324,6649,0,0,10,0,24,384,4,4,1,10,ae43d04dfb0cf7afbfdc83558714cd1da89c64e7c6d49325a19de9764156762a
W7_Q01,STRUCT_R2,8,6,219257,1370,0,0,5,0,7,3,6,15,4,5,70f8123fffd2af37d12a00e22d9841098c66a489d4953aae174ab2cb5014e5d7
W8_Q08,STRUCT,8,6,1463338,6334,0,0,21,2,48,171,11,169,63,23,6202056e7f9106d89fc2c03650e5a38d69f704cc369ba9e689bf413e5f7173e1
W9_Q08,STRUCT_R2,8,6,1459358,6573,0,4,10,1,11,176,4,4,1,11,f0aee4c6a6b6511ecbc27f2fc4ef3f688cd044d5f143461208ceed4e1cea64ae
W8_Q01,ALGSTRUCT,8,6,1091787,5796,1,1,14,1,25,163,10,168,63,15,fdd35fe24122be542f9944d55e73c67d2cd28afd3fd1ff25e723a080e5d2dad8
W5_Q02,OFF,8,6,159998,1797,0,0,6,0,6,2,6,18,4,6,e7741c936508103b2af3b934e316124eac7bac4773e716fb634bafee4047c0e4
W6_Q16,ALGSTRUCT,8,6,1008287,1982,0,0,18,2,52,18,6,15,5,20,bb0755604375307ff8e5fd09781b80b224d9ab98fa75fb51387fe44cb24e3726
W7_Q08,ALGSTRUCT,8,6,416496,1500,0,0,12,0,28,10,6,15,4,12,d13ad2add4e1d9cb21c441a8963ffbcf5f462a05d4f61331fa56b7c117fe58d1
W2_Q32,STRUCT,8,6,1919038,3519,0,0,34,2,100,34,6,15,4,36,ead1d2e3154b72c47159b745145cb82392c282dcdeeba0e877b2291c8ed45d37
W4_Q08,ALGSTRUCT,8,6,2945639,13890,8,0,34,1,59,265,13,262,31,35,0d7db8d8f19881c77c6e7cd19e1f9d024ea9973fae56dbdbc00db2eeaa790340
W6_Q02,OFF,8,6,239756,1445,0,0,4,2,10,4,6,15,5,6,d26b7c6c44eb2ae1342ad0eacde318e4485f70f1e0c22f44dc171d7c0f11f2c5
W7_Q04,STRUCT,8,6,292777,1850,0,0,8,0,16,6,6,15,4,8,64eb05b2d681af147811cd64dc0e11be812cb48952e297a71fcf6d3c013ba4a0
W5_Q02,STRUCT,8,6,220995,1484,0,0,6,0,6,2,6,18,4,6,e7741c936508103b2af3b934e316124eac7bac4773e716fb634bafee4047c0e4
W5_Q04,ALGSTRUCT,8,6,319443,1647,0,0,12,0,12,4,10,34,4,12,233b80e0525d1c617459998a8c1e1bc9855a2c2b10f43c6fd42648b8adae0248
W5_Q32,STRUCT,8,6,2015500,9686,0,0,96,0,96,32,66,258,4,96,ad908136f049b66ae4b1e1c3f252d7a2ebead009fab3f7177d4babd24fcbec6a
W9_Q08,STRUCT,8,6,1626021,7056,0,0,10,2,14,224,4,4,1,12,4c97cc82f3dbf6bc2a6de325d199b0cb65ffca732846069f84ea5618bb19fcfd
W9_Q16,OFF,8,6,1753520,8723,0,0,18,0,48,768,4,4,1,18,43b7f4efcb619e6e3fc5fc66e7827f4bb8130a24a5905f5ce4efe6114dbfdbd3
W6_Q04,ALGSTRUCT,8,6,413700,1518,0,0,6,2,16,6,6,15,5,8,463695b346924b3ce3bfd76bc311a5cc5d47fb033482cc22912fc407e8f09fdf
W8_Q04,STRUCT,8,6,1186527,5851,0,0,17,2,36,167,11,169,63,19,683043cf53c296ea0d43a0c383a5a5aa5dfae2adbc542c677c919239829da206
W7_Q08,OFF,8,6,302923,1741,0,0,12,0,28,10,6,15,4,12,d13ad2add4e1d9cb21c441a8963ffbcf5f462a05d4f61331fa56b7c117fe58d1
W9_Q32,STRUCT_R2,8,6,5029454,12760,0,16,34,1,35,560,4,4,1,35,678046e55883cc9fe207429daab5f5da66bcc2178ee01574697097ddff7f102c
W4_Q08,STRUCT_R2,8,6,2321367,13537,0,0,34,2,68,266,14,263,31,36,310b652f3a487a64261e67b69ca4bd659f7cd91c74be37afd64d6187457e8bdc
W5_Q08,OFF,8,6,444385,3074,0,0,24,0,24,8,18,66,4,24,1ec99f8159a9bf9f7216cbde66142ab941580d932ab53b67181d9941e08515a5
W3_d1,ALGSTRUCT,8,6,586976,1777,8,0,10,1,19,9,5,14,4,11,51eaee63f5c885c3fa7e71093e89c7ff61bea1c09d51d95c588c39ddf452f383
W6_Q01,STRUCT_R2,8,6,259571,1389,0,0,3,2,7,3,6,15,5,5,ef852aa19070a90d167a6fc211683b2bbb6401671f4212d90e23806d1620b62f
W4_Q16,STRUCT_R2,8,6,4785566,26112,0,0,66,2,132,530,22,511,31,68,7fbae5656c303ca065341c5db14fa3ef41fb196c82f59bb1c789e1f7b78b0f7a
W3_d3,OFF,8,6,1187416,2203,0,0,12,8,42,16,14,46,8,20,d0de00aa950042ce2df3a1aacd87b83395b88f62201b4b0ee4f6f67dba5bbb2b
W2_Q04,STRUCT_R2,8,6,396403,2019,0,0,6,2,16,6,6,15,4,8,b8312387bf162a1452336c9e9e40ef1298c4a5b22cc87b54f4215f6e91104b3c
W5_Q08,ALGSTRUCT,8,6,540071,2610,0,0,24,0,24,8,18,66,4,24,1ec99f8159a9bf9f7216cbde66142ab941580d932ab53b67181d9941e08515a5
W6_Q01,OFF,8,6,198906,1593,0,0,3,2,7,3,6,15,5,5,ef852aa19070a90d167a6fc211683b2bbb6401671f4212d90e23806d1620b62f
W9_Q32,OFF,8,6,3451191,17055,0,0,34,0,96,1536,4,4,1,34,13dfd65212c03f91a3168cac28f16ba616ce21a6c4d7fb7bf5b25f0167fbc71b
W6_Q01,STRUCT,8,6,261962,1647,0,0,3,2,7,3,6,15,5,5,ef852aa19070a90d167a6fc211683b2bbb6401671f4212d90e23806d1620b62f
W2_Q04,OFF,8,6,313555,1591,0,0,6,2,16,6,6,15,4,8,b8312387bf162a1452336c9e9e40ef1298c4a5b22cc87b54f4215f6e91104b3c
W8_Q16,STRUCT_R1,8,6,2201907,7388,16,0,29,1,55,178,10,168,63,30,d68e12eaec95eadd08fb1ce8e6c0dcfc893de77e4c3d4f5a64bb4b4ee29b64b3
W4_Q02,STRUCT_R1,8,6,781548,3890,2,0,10,1,17,67,7,76,31,11,056c94f2139c9e918446fe4f786e56b203a4febdd7cdb7d162e2b0323db5a772
W4_Q01,STRUCT_R1,8,6,499736,2630,1,0,6,1,10,34,6,45,31,7,2a2742010b3f20f3e0b7616f059bcf47256e350d22af5b1d3a055aa5eee736e9
W5_Q01,STRUCT_R1,8,6,180906,1296,0,0,3,0,3,1,4,10,4,3,7528d1a80da7ce6bed6c3efbaad136c6b237adf54f46f512a5fe79019bfef2ec
W5_Q32,STRUCT_R1,8,6,2117482,9443,0,0,96,0,96,32,66,258,4,96,ad908136f049b66ae4b1e1c3f252d7a2ebead009fab3f7177d4babd24fcbec6a
W6_Q32,STRUCT,8,6,1900520,3333,0,0,34,2,100,34,6,15,5,36,e27ba2fd4a248e13e86f6fd51f6578ca7bbe37b27fb6c62f3d2e37c16ce58156
W7_Q08,STRUCT_R1,8,6,414683,1647,0,0,12,0,28,10,6,15,4,12,d13ad2add4e1d9cb21c441a8963ffbcf5f462a05d4f61331fa56b7c117fe58d1
W6_Q02,STRUCT,8,6,311460,1463,0,0,4,2,10,4,6,15,5,6,d26b7c6c44eb2ae1342ad0eacde318e4485f70f1e0c22f44dc171d7c0f11f2c5
W9_Q01,OFF,8,6,229220,4055,0,0,3,0,3,48,4,4,1,3,6e63c0dab5f8b29ef9d1440bcd3711746464b7521a4243c8d32e03504a6224d2
W6_Q08,STRUCT_R2,8,6,568310,1778,0,0,10,2,28,10,6,15,5,12,0d426ef82e54bf37e16bebf86ad11b160059eb28202264ca816d50ab17a2aa06
W6_Q32,ALGSTRUCT,8,6,1933575,3185,0,0,34,2,100,34,6,15,5,36,e27ba2fd4a248e13e86f6fd51f6578ca7bbe37b27fb6c62f3d2e37c16ce58156
W7_Q32,ALGSTRUCT,8,6,1170694,2999,0,0,36,0,100,34,6,15,4,36,6bdf3735d7ed12e047353d97f7fd342934c808ba421573c6cd2474dd612f37b1
W8_Q04,STRUCT_R2,8,6,1180472,6092,0,1,17,2,36,167,11,169,63,19,683043cf53c296ea0d43a0c383a5a5aa5dfae2adbc542c677c919239829da206
W8_Q32,STRUCT,8,6,2913584,8000,0,0,45,2,120,195,11,169,63,47,257e33fe42ff72054f90b0755280d3b57f6dc95e0ff488350c7a08c8fa00e255
W8_Q16,STRUCT,8,6,1844540,7018,0,0,29,2,72,179,11,169,63,31,75d1b16c15c201143eb0f00e84429326ead193544062ed0323b47e7914fd575d
W6_Q02,STRUCT_R1,8,6,314460,1518,0,0,4,2,10,4,6,15,5,6,d26b7c6c44eb2ae1342ad0eacde318e4485f70f1e0c22f44dc171d7c0f11f2c5
W1,OFF,8,6,198111,1591,0,0,3,2,7,3,6,15,4,5,4b26ed307e0166f8d1fa59ea1e874899e41c5fd882be9ef62f84eb3685bb70b7
W5_Q16,STRUCT,8,6,980787,4611,0,0,48,0,48,16,34,130,4,48,15f4ec0f61204d6ef15a655140c1c86c7248fc9deed8e4c09ef3081b8b94fb64
W7_Q16,STRUCT_R2,8,6,604679,2278,0,0,20,0,52,18,6,15,4,20,352ecf90b67b0a72cf480d5f2990d3ea8f45c0a65a2644e7a858b4f181627dcb
W6_Q32,OFF,8,6,1580283,3259,0,0,34,2,100,34,6,15,5,36,e27ba2fd4a248e13e86f6fd51f6578ca7bbe37b27fb6c62f3d2e37c16ce58156
W4_Q08,STRUCT,8,6,2337998,12869,0,0,34,2,68,266,14,263,31,36,310b652f3a487a64261e67b69ca4bd659f7cd91c74be37afd64d6187457e8bdc
W6_Q32,STRUCT_R1,8,6,1938520,3129,0,0,34,2,100,34,6,15,5,36,e27ba2fd4a248e13e86f6fd51f6578ca7bbe37b27fb6c62f3d2e37c16ce58156
W7_Q01,STRUCT_R1,8,6,222572,1370,0,0,5,0,7,3,6,15,4,5,70f8123fffd2af37d12a00e22d9841098c66a489d4953aae174ab2cb5014e5d7
W7_Q08,ALGSTRUCT,9,6,417402,1687,0,0,12,0,28,10,6,15,4,12,d13ad2add4e1d9cb21c441a8963ffbcf5f462a05d4f61331fa56b7c117fe58d1
W9_Q02,STRUCT,9,6,479478,3833,0,0,4,0,6,96,4,4,1,4,f59554bf6b558dac39020afcdc9d3261e3c200f0f612cb6818827b31bbda0408
W7_Q04,STRUCT_R1,9,6,293072,1518,0,0,8,0,16,6,6,15,4,8,64eb05b2d681af147811cd64dc0e11be812cb48952e297a71fcf6d3c013ba4a0
W5_Q08,STRUCT_R2,9,6,533663,3018,0,0,24,0,24,8,18,66,4,24,1ec99f8159a9bf9f7216cbde66142ab941580d932ab53b67181d9941e08515a5
W3_d2,ALGSTRUCT,9,6,977379,1945,9,0,11,3,24,11,8,27,5,14,b3a60a0bc9bb1633f8ca67743fa2b43eea5f58f8a512cbf173b181d8c20dfa68
W5_Q01,STRUCT,9,6,182201,1778,0,0,3,0,3,1,4,10,4,3,7528d1a80da7ce6bed6c3efbaad136c6b237adf54f46f512a5fe79019bfef2ec
W8_Q02,STRUCT_R2,9,6,1047880,5648,0,1,15,2,30,165,11,169,63,17,ab8e72a97eeddaf640fa9d87846837b35913b3b9a7916818e4653a499fd7cc9a
W3_d2,OFF,9,6,788696,2593,0,0,11,5,35,13,10,29,5,16,bb512a3ef0db77c97656c90a9544f5958e4b52748f6a43bfdbc34ec450c82e91
W8_Q01,STRUCT_R1,9,6,1091824,5352,1,0,14,1,25,163,10,168,63,15,fdd35fe24122be542f9944d55e73c67d2cd28afd3fd1ff25e723a080e5d2dad8
W2_Q02,ALGSTRUCT,9,6,324163,1334,2,0,4,1,7,3,5,14,4,5,d8adac9423435c6f23a5e314f4d31430db516714fee41508dcac1bc6af0e6f0c
W5_Q02,OFF,9,6,156629,1592,0,0,6,0,6,2,6,18,4,6,e7741c936508103b2af3b934e316124eac7bac4773e716fb634bafee4047c0e4
W8_Q01,STRUCT,9,6,1012695,6259,0,0,14,2,27,164,11,169,63,16,7b06ec78e125033330eb86a638ef113771be6d17e66ade996d2cadaa30e562a7
W5_Q32,STRUCT,9,6,2005186,12240,0,0,96,0,96,32,66,258,4,96,ad908136f049b66ae4b1e1c3f252d7a2ebead009fab3f7177d4babd24fcbec6a
W2_Q04,ALGSTRUCT,9,6,415476,1612,4,0,6,1,11,5,5,14,4,7,e3e1c95caf3c6465ad04568b51f69fe26be853a4ad44521756f63edd123351f8
W7_Q01,OFF,9,6,152204,1443,0,0,5,0,7,3,6,15,4,5,70f8123fffd2af37d12a00e22d9841098c66a489d4953aae174ab2cb5014e5d7
W7_Q32,ALGSTRUCT,9,6,1166396,3038,0,0,36,0,100,34,6,15,4,36,6bdf3735d7ed12e047353d97f7fd342934c808ba421573c6cd2474dd612f37b1
W7_Q02,STRUCT_R1,9,6,247796,1406,0,0,6,0,10,4,6,15,4,6,b1d2efac79748ca32ad60ca241d894721be3c3795c13e31e47e01dad1cb5a5f1
W7_Q08,OFF,9,6,300997,1834,0,0,12,0,28,10,6,15,4,12,d13ad2add4e1d9cb21c441a8963ffbcf5f462a05d4f61331fa56b7c117fe58d1
W9_Q02,OFF,9,6,346035,4388,0,0,4,0,6,96,4,4,1,4,f59554bf6b558dac39020afcdc9d3261e3c200f0f612cb6818827b31bbda0408
W6_Q04,OFF,9,6,312313,1740,0,0,6,2,16,6,6,15,5,8,463695b346924b3ce3bfd76bc311a5cc5d47fb033482cc22912fc407e8f09fdf
W3_d2,STRUCT_R2,9,6,967399,2296,0,0,11,5,35,13,10,29,5,16,bb512a3ef0db77c97656c90a9544f5958e4b52748f6a43bfdbc34ec450c82e91
W7_Q02,STRUCT,9,6,244294,1630,0,0,6,0,10,4,6,15,4,6,b1d2efac79748ca32ad60ca241d894721be3c3795c13e31e47e01dad1cb5a5f1
W3_d1,OFF,9,6,457848,2037,0,0,10,2,28,10,6,15,4,12,a54c74b256ab2c5cf00e4072ff680215ee9ddba8ea28d33e07bfd46dd0370227
W9_Q16,ALGSTRUCT,9,6,2641441,7554,0,8,18,1,19,304,4,4,1,19,44cdb1eb48242e36e60587a8e97fc1204f774ee018380c18a625f9abe3ce3ce8
W2_Q16,STRUCT_R2,9,6,989621,2389,0,0,18,2,52,18,6,15,4,20,f53a43e02a6f7be38b5d23a92cce7a6f0c7e7deac086e97841ea021c93a5a893
W8_Q32,STRUCT_R2,9,6,2815974,8130,0,1,45,2,120,195,11,169,63,47,257e33fe42ff72054f90b0755280d3b57f6dc95e0ff488350c7a08c8fa00e255
W7_Q32,STRUCT,9,6,1132304,2908,0,0,36,0,100,34,6,15,4,36,6bdf3735d7ed12e047353d97f7fd342934c808ba421573c6cd2474dd612f37b1
W9_Q16,STRUCT_R2,9,6,2636088,7629,0,8,18,1,19,304,4,4,1,19,44cdb1eb48242e36e60587a8e97fc1204f774ee018380c18a625f9abe3ce3ce8
W5_Q32,STRUCT_R2,9,6,2002853,9888,0,0,96,0,96,32,66,258,4,96,ad908136f049b66ae4b1e1c3f252d7a2ebead009fab3f7177d4babd24fcbec6a
W7_Q04,STRUCT_R2,9,6,285998,1721,0,0,8,0,16,6,6,15,4,8,64eb05b2d681af147811cd64dc0e11be812cb48952e297a71fcf6d3c013ba4a0
W6_Q32,STRUCT_R1,9,6,1978074,3630,0,0,34,2,100,34,6,15,5,36,e27ba2fd4a248e13e86f6fd51f6578ca7bbe37b27fb6c62f3d2e37c16ce58156
W3_d3,ALGSTRUCT,9,6,1414487,2204,10,0,12,5,29,13,11,43,8,17,16f1a8e88d7f920d91f3a177d0789d4761bf8768a0ac71ebce1f9f2282714954
W2_Q32,ALGSTRUCT,9,6,2280111,3221,32,0,34,1,67,33,5,14,4,35,aa6152b6f2b2227ea71db0831b5f58d2dce2bdcb6db5c4bb5d1fb235d1201ed1
W4_Q04,STRUCT,9,6,1253952,6981,0,0,18,2,36,134,10,139,31,20,fd25718cb278dfe33c1131161ba4977814e08de24bd73801325a42bf895b4b90
W4_Q02,ALGSTRUCT,9,6,776697,3684,2,0,10,1,17,67,7,76,31,11,056c94f2139c9e918446fe4f786e56b203a4febdd7cdb7d162e2b0323db5a772
W1,OFF,9,6,203054,1462,0,0,3,2,7,3,6,15,4,5,4b26ed307e0166f8d1fa59ea1e874899e41c5fd882be9ef62f84eb3685bb70b7
W8_Q16,STRUCT,9,6,1851316,6741,0,0,29,2,72,179,11,169,63,31,75d1b16c15c201143eb0f00e84429326ead193544062ed0323b47e7914fd575d
W2_Q16,OFF,9,6,809178,2666,0,0,18,2,52,18,6,15,4,20,f53a43e02a6f7be38b5d23a92cce7a6f0c7e7deac086e97841ea021c93a5a893
W6_Q16,STRUCT_R2,9,6,982991,2241,0,0,18,2,52,18,6,15,5,20,bb0755604375307ff8e5fd09781b80b224d9ab98fa75fb51387fe44cb24e3726
W7_Q04,ALGSTRUCT,9,6,295793,1352,0,0,8,0,16,6,6,15,4,8,64eb05b2d681af147811cd64dc0e11be812cb48952e297a71fcf6d3c013ba4a0
W5_Q16,STRUCT_R2,9,6,970639,4593,0,0,48,0,48,16,34,130,4,48,15f4ec0f61204d6ef15a655140c1c86c7248fc9deed8e4c09ef3081b8b94fb64
W2_Q08,STRUCT_R1,9,6,585013,1518,8,0,10,1,19,9,5,14,4,11,28ef291bdbdabd5779860a9dac095bdb774cc930b18dec6f9c7bf13df75550d2
W2_Q04,OFF,9,6,316534,1482,0,0,6,2,16,6,6,15,4,8,b8312387bf162a1452336c9e9e40ef1298c4a5b22cc87b54f4215f6e91104b3c
W7_Q08,STRUCT_R2,9,6,399776,1850,0,0,12,0,28,10,6,15,4,12,d13ad2add4e1d9cb21c441a8963ffbcf5f462a05d4f61331fa56b7c117fe58d1
W5_Q04,OFF,9,6,245053,1797,0,0,12,0,12,4,10,34,4,12,233b80e0525d1c617459998a8c1e1bc9855a2c2b10f43c6fd42648b8adae0248
W2_Q08,STRUCT,9,6,579068,1926,0,0,10,2,28,10,6,15,4,12,e121069670786ba8fbe3100d624a17638d4611a34b02647058710f2e3db6a9c9
W8_Q16,STRUCT_R2,9,6,1846207,6721,0,1,29,2,72,179,11,169,63,31,75d1b16c15c201143eb0f00e84429326ead193544062ed0323b47e7914fd575d
W2_Q02,STRUCT,9,6,311775,1686,0,0,4,2,10,4,6,15,4,6,002b88cffa362a25f201c7342c0d49bad4cd7fb10998ad8823a39c11beee6d88
W2_Q16,ALGSTRUCT,9,6,1048954,2111,16,0,18,1,35,17,5,14,4,19,6874ea3fe8a08c7af5d8752f9a4557e5d01bc066a937913a1e427661cbb540c4
W7_Q01,ALGSTRUCT,9,6,221645,1205,0,0,5,0,7,3,6,15,4,5,70f8123fffd2af37d12a00e22d9841098c66a489d4953aae174ab2cb5014e5d7
W2_Q02,OFF,9,6,240107,1742,0,0,4,2,10,4,6,15,4,6,002b88cffa362a25f201c7342c0d49bad4cd7fb10998ad8823a39c11beee6d88
W4_Q16,OFF,9,6,4229425,27685,0,0,66,2,132,530,22,511,31,68,7fbae5656c303ca065341c5db14fa3ef41fb196c82f59bb1c789e1f7b78b0f7a
W6_Q08,STRUCT,9,6,576087,1944,0,0,10,2,28,10,6,15,5,12,0d426ef82e54bf37e16bebf86ad11b160059eb28202264ca816d50ab17a2aa06
W8_Q04,STRUCT_R1,9,6,1294878,5537,4,0,17,1,31,166,10,168,63,18,1ff2b9471d9cd2dd9078b74afc728460463e46c3102cf6da6b805d7f73e4899a
W6_Q32,STRUCT,9,6,1909576,3703,0,0,34,2,100,34,6,15,5,36,e27ba2fd4a248e13e86f6fd51f6578ca7bbe37b27fb6c62f3d2e37c16ce58156
W6_Q02,STRUCT_R2,9,6,310237,1482,0,0,4,2,10,4,6,15,5,6,d26b7c6c44eb2ae1342ad0eacde318e4485f70f1e0c22f44dc171d7c0f11f2c5
W4_Q32,ALGSTRUCT,9,6,18566778,52535,32,0,130,1,227,1057,37,1006,31,131,4a5be56a553c6df341c1f260562041444c20a964d5f4f3916c7966ddd0bae2e9
W9_Q32,STRUCT_R1,9,6,5263340,12871,0,0,34,2,38,608,4,4,1,36,f9b4de382a62f7ddf0ae716d829e6d3204b079918eba11b5d003aed0f308e9a0
W7_Q16,STRUCT_R1,9,6,636828,2111,0,0,20,0,52,18,6,15,4,20,352ecf90b67b0a72cf480d5f2990d3ea8f45c0a65a2644e7a858b4f181627dcb
W2_Q32,OFF,9,6,1576784,3257,0,0,34,2,100,34,6,15,4,36,ead1d2e3154b72c47159b745145cb82392c282dcdeeba0e877b2291c8ed45d37
W6_Q16,ALGSTRUCT,9,6,1019584,2389,0,0,18,2,52,18,6,15,5,20,bb0755604375307ff8e5fd09781b80b224d9ab98fa75fb51387fe44cb24e3726
W1,ALGSTRUCT,9,6,282998,1443,1,0,3,1,5,2,5,14,4,4,ddbc64bc70e115337e04b3ee4eac0b96e81aea703c916cfeea2e2366190e3210
W1,STRUCT_R2,9,6,260478,1519,0,0,3,2,7,3,6,15,4,5,4b26ed307e0166f8d1fa59ea1e874899e41c5fd882be9ef62f84eb3685bb70b7
W5_Q16,STRUCT,9,6,975251,4648,0,0,48,0,48,16,34,130,4,48,15f4ec0f61204d6ef15a655140c1c86c7248fc9deed8e4c09ef3081b8b94fb64
W4_Q02,OFF,9,6,585530,3798,0,0,10,2,20,68,8,77,31,12,c082fb0620ac05b05065135ca996c9564b57d8a79b47964aa54b86c16cd0659f
W2_Q32,STRUCT,9,6,1885612,2982,0,0,34,2,100,34,6,15,4,36,ead1d2e3154b72c47159b745145cb82392c282dcdeeba0e877b2291c8ed45d37
W3_d1,STRUCT_R2,9,6,574716,1982,0,0,10,2,28,10,6,15,4,12,a54c74b256ab2c5cf00e4072ff680215ee9ddba8ea28d33e07bfd46dd0370227
W5_Q16,OFF,9,6,866030,4573,0,0,48,0,48,16,34,130,4,48,15f4ec0f61204d6ef15a655140c1c86c7248fc9deed8e4c09ef3081b8b94fb64
W3_d1,STRUCT_R1,9,6,577534,1554,8,0,10,1,19,9,5,14,4,11,51eaee63f5c885c3fa7e71093e89c7ff61bea1c09d51d95c588c39ddf452f383
W7_Q32,STRUCT_R1,9,6,1153287,3055,0,0,36,0,100,34,6,15,4,36,6bdf3735d7ed12e047353d97f7fd342934c808ba421573c6cd2474dd612f37b1
W9_Q32,STRUCT,9,6,5315860,13499,0,0,34,2,38,608,4,4,1,36,f9b4de382a62f7ddf0ae716d829e6d3204b079918eba11b5d003aed0f308e9a0
W2_Q16,STRUCT_R1,9,6,1041749,2167,16,0,18,1,35,17,5,14,4,19,6874ea3fe8a08c7af5d8752f9a4557e5d01bc066a937913a1e427661cbb540c4
W6_Q01,STRUCT,9,6,261239,1814,0,0,3,2,7,3,6,15,5,5,ef852aa19070a90d167a6fc211683b2bbb6401671f4212d90e23806d1620b62f
W2_Q01,STRUCT_R1,9,6,275016,1611,1,0,3,1,5,2,5,14,4,4,2474f5c3c44c2292e8653ad95f4f21ec80fa6c72b730d7761807baa6c04c0270
W9_Q08,OFF,9,6,918268,6853,0,0,10,0,24,384,4,4,1,10,ae43d04dfb0cf7afbfdc83558714cd1da89c64e7c6d49325a19de9764156762a
W4_Q01,STRUCT_R2,9,6,445014,2408,0,0,6,2,12,35,7,46,31,8,c1c4e28384d704fc6572f4a795b1b9dcd23dd585446058743d09154ee63f83a5
W9_Q08,STRUCT_R1,9,6,1575579,6907,0,0,10,2,14,224,4,4,1,12,4c97cc82f3dbf6bc2a6de325d199b0cb65ffca732846069f84ea5618bb19fcfd
W9_Q08,STRUCT,9,6,1589392,6964,0,0,10,2,14,224,4,4,1,12,4c97cc82f3dbf6bc2a6de325d199b0cb65ffca732846069f84ea5618bb19fcfd
W9_Q04,STRUCT,9,6,1125638,5963,0,0,6,2,10,160,4,4,1,8,a25fcd6d9b6930c5a5e472a5d4b9da9d0423cec22fe64a49a0e3364286ad6c7b
W5_Q04,ALGSTRUCT,9,6,319184,2165,0,0,12,0,12,4,10,34,4,12,233b80e0525d1c617459998a8c1e1bc9855a2c2b10f43c6fd42648b8adae0248
W4_Q01,ALGSTRUCT,9,6,490514,2148,1,0,6,1,10,34,6,45,31,7,2a2742010b3f20f3e0b7616f059bcf47256e350d22af5b1d3a055aa5eee736e9
W9_Q16,STRUCT,9,6,2789976,8369,0,0,18,2,22,352,4,4,1,20,ff9866380da95df98e4375770d21fe162b02c0b8b05b75e939b18d0d711c4c04
W8_Q08,STRUCT_R2,9,6,1445042,6204,0,1,21,2,48,171,11,169,63,23,6202056e7f9106d89fc2c03650e5a38d69f704cc369ba9e689bf413e5f7173e1
W5_Q01,STRUCT_R2,9,6,176684,1426,0,0,3,0,3,1,4,10,4,3,7528d1a80da7ce6bed6c3efbaad136c6b237adf54f46f512a5fe79019bfef2ec
W6_Q04,STRUCT_R2,9,6,398997,1925,0,0,6,2,16,6,6,15,5,8,463695b346924b3ce3bfd76bc311a5cc5d47fb033482cc22912fc407e8f09fdf
W6_Q16,OFF,9,6,799437,2204,0,0,18,2,52,18,6,15,5,20,bb0755604375307ff8e5fd09781b80b224d9ab98fa75fb51387fe44cb24e3726
W7_Q02,STRUCT_R2,9,6,244017,1481,0,0,6,0,10,4,6,15,4,6,b1d2efac79748ca32ad60ca241d894721be3c3795c13e31e47e01dad1cb5a5f1
W5_Q08,OFF,9,6,450829,3111,0,0,24,0,24,8,18,66,4,24,1ec99f8159a9bf9f7216cbde66142ab941580d932ab53b67181d9941e08515a5
W7_Q04,OFF,9,6,213054,1573,0,0,8,0,16,6,6,15,4,8,64eb05b2d681af147811cd64dc0e11be812cb48952e297a71fcf6d3c013ba4a0
W6_Q32,STRUCT_R2,9,6,1871297,3223,0,0,34,2,100,34,6,15,5,36,e27ba2fd4a248e13e86f6fd51f6578ca7bbe37b27fb6c62f3d2e37c16ce58156
W2_Q32,STRUCT_R2,9,6,1846427,3241,0,0,34,2,100,34,6,15,4,36,ead1d2e3154b72c47159b745145cb82392c282dcdeeba0e877b2291c8ed45d37
W9_Q02,STRUCT_R2,9,6,636956,4834,0,1,4,1,5,80,4,4,1,5,a250745debd6fd7cf3585f94dfa2ad7178c8b7c572e5ce15f0467c48475c0e9a
W4_Q32,STRUCT_R1,9,6,18458944,58666,32,0,130,1,227,1057,37,1006,31,131,4a5be56a553c6df341c1f260562041444c20a964d5f4f3916c7966ddd0bae2e9
W8_Q04,STRUCT_R2,9,6,1177747,5612,0,1,17,2,36,167,11,169,63,19,683043cf53c296ea0d43a0c383a5a5aa5dfae2adbc542c677c919239829da206
W2_Q32,STRUCT_R1,9,6,2205832,3296,32,0,34,1,67,33,5,14,4,35,aa6152b6f2b2227ea71db0831b5f58d2dce2bdcb6db5c4bb5d1fb235d1201ed1
W5_Q32,OFF,9,6,1843687,11556,0,0,96,0,96,32,66,258,4,96,ad908136f049b66ae4b1e1c3f252d7a2ebead009fab3f7177d4babd24fcbec6a
W9_Q16,OFF,9,6,1747539,8297,0,0,18,0,48,768,4,4,1,18,43b7f4efcb619e6e3fc5fc66e7827f4bb8130a24a5905f5ce4efe6114dbfdbd3
W6_Q32,OFF,9,6,1588578,3185,0,0,34,2,100,34,6,15,5,36,e27ba2fd4a248e13e86f6fd51f6578ca7bbe37b27fb6c62f3d2e37c16ce58156
W6_Q02,STRUCT_R1,9,6,319090,1500,0,0,4,2,10,4,6,15,5,6,d26b7c6c44eb2ae1342ad0eacde318e4485f70f1e0c22f44dc171d7c0f11f2c5
W8_Q02,STRUCT_R1,9,6,1161470,5260,2,0,15,1,27,164,10,168,63,16,652ea2e2db2a8b59e1a2373d0aa09bb6194a7176cb3cd104297a14f7ef235e6b
W8_Q01,ALGSTRUCT,9,6,1087416,5722,1,1,14,1,25,163,10,168,63,15,fdd35fe24122be542f9944d55e73c67d2cd28afd3fd1ff25e723a080e5d2dad8
W2_Q16,STRUCT,9,6,1000306,2574,0,0,18,2,52,18,6,15,4,20,f53a43e02a6f7be38b5d23a92cce7a6f0c7e7deac086e97841ea021c93a5a893
W3_d3,STRUCT_R2,9,6,1403895,2537,0,0,12,8,42,16,14,46,8,20,d0de00aa950042ce2df3a1aacd87b83395b88f62201b4b0ee4f6f67dba5bbb2b
W9_Q32,STRUCT_R2,9,6,5048324,13297,0,16,34,1,35,560,4,4,1,35,678046e55883cc9fe207429daab5f5da66bcc2178ee01574697097ddff7f102c
W5_Q08,ALGSTRUCT,9,6,541994,2742,0,0,24,0,24,8,18,66,4,24,1ec99f8159a9bf9f7216cbde66142ab941580d932ab53b67181d9941e08515a5
W7_Q01,STRUCT_R1,9,6,222294,1333,0,0,5,0,7,3,6,15,4,5,70f8123fffd2af37d12a00e22d9841098c66a489d4953aae174ab2cb5014e5d7
W8_Q16,STRUCT_R1,9,6,2217423,6446,16,0,29,1,55,178,10,168,63,30,d68e12eaec95eadd08fb1ce8e6c0dcfc893de77e4c3d4f5a64bb4b4ee29b64b3
W7_Q02,ALGSTRUCT,9,6,247663,1297,0,0,6,0,10,4,6,15,4,6,b1d2efac79748ca32ad60ca241d894721be3c3795c13e31e47e01dad1cb5a5f1
W6_Q02,OFF,9,6,242665,1703,0,0,4,2,10,4,6,15,5,6,d26b7c6c44eb2ae1342ad0eacde318e4485f70f1e0c22f44dc171d7c0f11f2c5
W9_Q08,ALGSTRUCT,9,6,1456358,5185,0,4,10,1,11,176,4,4,1,11,f0aee4c6a6b6511ecbc27f2fc4ef3f688cd044d5f143461208ceed4e1cea64ae
W4_Q02,STRUCT,9,6,693586,4037,0,0,10,2,20,68,8,77,31,12,c082fb0620ac05b05065135ca996c9564b57d8a79b47964aa54b86c16cd0659f
W8_Q32,STRUCT_R1,9,6,3876465,8259,32,0,45,1,87,194,10,168,63,46,45e69b1796e998f7df6d485c516cc0751375b53ec01f0a7673d473a9ec217a0e
W7_Q32,OFF,9,6,908122,3573,0,0,36,0,100,34,6,15,4,36,6bdf3735d7ed12e047353d97f7fd342934c808ba421573c6cd2474dd612f37b1
W7_Q08,STRUCT_R1,9,6,408292,1667,0,0,12,0,28,10,6,15,4,12,d13ad2add4e1d9cb21c441a8963ffbcf5f462a05d4f61331fa56b7c117fe58d1
W4_Q04,STRUCT_R2,9,6,1235675,7018,0,0,18,2,36,134,10,139,31,20,fd25718cb278dfe33c1131161ba4977814e08de24bd73801325a42bf895b4b90
W6_Q04,STRUCT_R1,9,6,410884,1575,0,0,6,2,16,6,6,15,5,8,463695b346924b3ce3bfd76bc311a5cc5d47fb033482cc22912fc407e8f09fdf
W8_Q32,OFF,9,6,2379866,8057,0,0,45,2,120,195,11,169,63,47,257e33fe42ff72054f90b0755280d3b57f6dc95e0ff488350c7a08c8fa00e255
W5_Q32,STRUCT_R1,9,6,2059887,9242,0,0,96,0,96,32,66,258,4,96,ad908136f049b66ae4b1e1c3f252d7a2ebead009fab3f7177d4babd24fcbec6a
W8_Q08,OFF,9,6,1200599,6075,0,0,21,2,48,171,11,169,63,23,6202056e7f9106d89fc2c03650e5a38d69f704cc369ba9e689bf413e5f7173e1
W6_Q04,ALGSTRUCT,9,6,415662,1575,0,0,6,2,16,6,6,15,5,8,463695b346924b3ce3bfd76bc311a5cc5d47fb033482cc22912fc407e8f09fdf
W7_Q01,STRUCT_R2,9,6,219477,1428,0,0,5,0,7,3,6,15,4,5,70f8123fffd2af37d12a00e22d9841098c66a489d4953aae174ab2cb5014e5d7
W4_Q02,STRUCT_R2,9,6,691642,3889,0,0,10,2,20,68,8,77,31,12,c082fb0620ac05b05065135ca996c9564b57d8a79b47964aa54b86c16cd0659f
W8_Q08,STRUCT,9,6,1470505,6407,0,0,21,2,48,171,11,169,63,23,6202056e7f9106d89fc2c03650e5a38d69f704cc369ba9e689bf413e5f7173e1
W4_Q02,STRUCT_R1,9,6,780733,3778,2,0,10,1,17,67,7,76,31,11,056c94f2139c9e918446fe4f786e56b203a4febdd7cdb7d162e2b0323db5a772
W7_Q04,STRUCT,9,6,289887,1536,0,0,8,0,16,6,6,15,4,8,64eb05b2d681af147811cd64dc0e11be812cb48952e297a71fcf6d3c013ba4a0
W2_Q04,STRUCT_R2,9,6,395293,1629,0,0,6,2,16,6,6,15,4,8,b8312387bf162a1452336c9e9e40ef1298c4a5b22cc87b54f4215f6e91104b3c
W5_Q16,STRUCT_R1,9,6,1007121,4592,0,0,48,0,48,16,34,130,4,48,15f4ec0f61204d6ef15a655140c1c86c7248fc9deed8e4c09ef3081b8b94fb64
W7_Q01,STRUCT,9,6,221424,1611,0,0,5,0,7,3,6,15,4,5,70f8123fffd2af37d12a00e22d9841098c66a489d4953aae174ab2cb5014e5d7
W4_Q08,STRUCT_R1,9,6,2949565,13242,8,0,34,1,59,265,13,262,31,35,0d7db8d8f19881c77c6e7cd19e1f9d024ea9973fae56dbdbc00db2eeaa790340
W1,STRUCT_R1,9,6,274072,1407,1,0,3,1,5,2,5,14,4,4,ddbc64bc70e115337e04b3ee4eac0b96e81aea703c916cfeea2e2366190e3210
W5_Q02,STRUCT,9,6,221628,1648,0,0,6,0,6,2,6,18,4,6,e7741c936508103b2af3b934e316124eac7bac4773e716fb634bafee4047c0e4
W2_Q08,STRUCT_R2,9,6,573440,1870,0,0,10,2,28,10,6,15,4,12,e121069670786ba8fbe3100d624a17638d4611a34b02647058710f2e3db6a9c9
W5_Q04,STRUCT_R1,9,6,320459,1723,0,0,12,0,12,4,10,34,4,12,233b80e0525d1c617459998a8c1e1bc9855a2c2b10f43c6fd42648b8adae0248
W5_Q04,STRUCT,9,6,316163,1852,0,0,12,0,12,4,10,34,4,12,233b80e0525d1c617459998a8c1e1bc9855a2c2b10f43c6fd42648b8adae0248
W7_Q08,STRUCT,9,6,398423,1796,0,0,12,0,28,10,6,15,4,12,d13ad2add4e1d9cb21c441a8963ffbcf5f462a05d4f61331fa56b7c117fe58d1
W9_Q04,OFF,9,6,609958,4147,0,0,6,0,12,192,4,4,1,6,6dad93323aff1013501fa90b58e0e48741ec6d807386799264c78a900e9e11d0
W5_Q02,ALGSTRUCT,9,6,221423,1241,0,0,6,0,6,2,6,18,4,6,e7741c936508103b2af3b934e316124eac7bac4773e716fb634bafee4047c0e4
W2_Q02,STRUCT_R2,9,6,305831,1685,0,0,4,2,10,4,6,15,4,6,002b88cffa362a25f201c7342c0d49bad4cd7fb10998ad8823a39c11beee6d88
W3_d1,STRUCT,9,6,582142,1816,0,0,10,2,28,10,6,15,4,12,a54c74b256ab2c5cf00e4072ff680215ee9ddba8ea28d33e07bfd46dd0370227
W2_Q08,OFF,9,6,457553,1684,0,0,10,2,28,10,6,15,4,12,e121069670786ba8fbe3100d624a17638d4611a34b02647058710f2e3db6a9c9
W2_Q04,STRUCT,9,6,403533,1648,0,0,6,2,16,6,6,15,4,8,b8312387bf162a1452336c9e9e40ef1298c4a5b22cc87b54f4215f6e91104b3c
W1,STRUCT,9,6,259369,1555,0,0,3,2,7,3,6,15,4,5,4b26ed307e0166f8d1fa59ea1e874899e41c5fd882be9ef62f84eb3685bb70b7
W9_Q32,OFF,9,6,3470709,14685,0,0,34,0,96,1536,4,4,1,34,13dfd65212c03f91a3168cac28f16ba616ce21a6c4d7fb7bf5b25f0167fbc71b
W7_Q32,STRUCT_R2,9,6,1122731,3111,0,0,36,0,100,34,6,15,4,36,6bdf3735d7ed12e047353d97f7fd342934c808ba421573c6cd2474dd612f37b1
W5_Q32,ALGSTRUCT,9,6,2111924,10334,0,0,96,0,96,32,66,258,4,96,ad908136f049b66ae4b1e1c3f252d7a2ebead009fab3f7177d4babd24fcbec6a
W4_Q01,STRUCT,9,6,446386,2221,0,0,6,2,12,35,7,46,31,8,c1c4e28384d704fc6572f4a795b1b9dcd23dd585446058743d09154ee63f83a5
W7_Q16,ALGSTRUCT,9,6,637903,2147,0,0,20,0,52,18,6,15,4,20,352ecf90b67b0a72cf480d5f2990d3ea8f45c0a65a2644e7a858b4f181627dcb
W4_Q32,STRUCT_R2,9,6,9984225,69554,0,0,130,2,260,1058,38,1007,31,132,068ad024181661f75503372002890dd704cd730c5fc591fd65590a6d532c145d
W7_Q02,OFF,9,6,178518,1759,0,0,6,0,10,4,6,15,4,6,b1d2efac79748ca32ad60ca241d894721be3c3795c13e31e47e01dad1cb5a5f1
W5_Q16,ALGSTRUCT,9,6,1012693,4057,0,0,48,0,48,16,34,130,4,48,15f4ec0f61204d6ef15a655140c1c86c7248fc9deed8e4c09ef3081b8b94fb64
W6_Q16,STRUCT,9,6,980897,2483,0,0,18,2,52,18,6,15,5,20,bb0755604375307ff8e5fd09781b80b224d9ab98fa75fb51387fe44cb24e3726
W5_Q01,OFF,9,6,122405,1594,0,0,3,0,3,1,4,10,4,3,7528d1a80da7ce6bed6c3efbaad136c6b237adf54f46f512a5fe79019bfef2ec
W9_Q04,ALGSTRUCT,9,6,991917,4833,0,2,6,1,7,112,4,4,1,7,7e3f7232eefdc535f0f8be36c1c724fab7de36a2740821784506d96a09bd30b3
W6_Q08,STRUCT_R1,9,6,585587,1593,0,0,10,2,28,10,6,15,5,12,0d426ef82e54bf37e16bebf86ad11b160059eb28202264ca816d50ab17a2aa06
W6_Q01,STRUCT_R2,9,6,259071,1463,0,0,3,2,7,3,6,15,5,5,ef852aa19070a90d167a6fc211683b2bbb6401671f4212d90e23806d1620b62f
W8_Q04,OFF,9,6,957435,5760,0,0,17,2,36,167,11,169,63,19,683043cf53c296ea0d43a0c383a5a5aa5dfae2adbc542c677c919239829da206
W9_Q16,STRUCT_R1,9,6,2744216,8352,0,0,18,2,22,352,4,4,1,20,ff9866380da95df98e4375770d21fe162b02c0b8b05b75e939b18d0d711c4c04
W8_Q16,ALGSTRUCT,9,6,2211980,6555,16,1,29,1,55,178,10,168,63,30,d68e12eaec95eadd08fb1ce8e6c0dcfc893de77e4c3d4f5a64bb4b4ee29b64b3
W6_Q08,STRUCT_R2,9,6,573864,2149,0,0,10,2,28,10,6,15,5,12,0d426ef82e54bf37e16bebf86ad11b160059eb28202264ca816d50ab17a2aa06
W8_Q04,ALGSTRUCT,9,6,1298061,5371,4,1,17,1,31,166,10,168,63,18,1ff2b9471d9cd2dd9078b74afc728460463e46c3102cf6da6b805d7f73e4899a
W4_Q01,STRUCT_R1,9,6,490219,2444,1,0,6,1,10,34,6,45,31,7,2a2742010b3f20f3e0b7616f059bcf47256e350d22af5b1d3a055aa5eee736e9
W9_Q01,STRUCT,9,6,338144,4297,0,0,3,0,3,48,4,4,1,3,6e63c0dab5f8b29ef9d1440bcd3711746464b7521a4243c8d32e03504a6224d2
W9_Q01,OFF,9,6,224552,3353,0,0,3,0,3,48,4,4,1,3,6e63c0dab5f8b29ef9d1440bcd3711746464b7521a4243c8d32e03504a6224d2
W4_Q32,OFF,9,6,8639515,67906,0,0,130,2,260,1058,38,1007,31,132,068ad024181661f75503372002890dd704cd730c5fc591fd65590a6d532c145d
W2_Q04,STRUCT_R1,9,6,408275,1481,4,0,6,1,11,5,5,14,4,7,e3e1c95caf3c6465ad04568b51f69fe26be853a4ad44521756f63edd123351f8
W8_Q02,ALGSTRUCT,9,6,1158174,5315,2,1,15,1,27,164,10,168,63,16,652ea2e2db2a8b59e1a2373d0aa09bb6194a7176cb3cd104297a14f7ef235e6b
W2_Q01,ALGSTRUCT,9,6,273773,1187,1,0,3,1,5,2,5,14,4,4,2474f5c3c44c2292e8653ad95f4f21ec80fa6c72b730d7761807baa6c04c0270
W8_Q08,STRUCT_R1,9,6,1624154,5646,8,0,21,1,39,170,10,168,63,22,dfb50a16d91192e00318e4ac61c06d5403d37554d2e61726115b9e5e96a90617
W9_Q01,ALGSTRUCT,9,6,348015,4556,0,0,3,0,3,48,4,4,1,3,6e63c0dab5f8b29ef9d1440bcd3711746464b7521a4243c8d32e03504a6224d2
W8_Q32,ALGSTRUCT,9,6,3874650,8185,32,1,45,1,87,194,10,168,63,46,45e69b1796e998f7df6d485c516cc0751375b53ec01f0a7673d473a9ec217a0e
W7_Q16,STRUCT_R2,9,6,614142,2352,0,0,20,0,52,18,6,15,4,20,352ecf90b67b0a72cf480d5f2990d3ea8f45c0a65a2644e7a858b4f181627dcb
W4_Q16,ALGSTRUCT,9,6,7124622,26739,16,0,66,1,115,529,21,510,31,67,c4cb6b036cc3a61a0d0502a6d94307b09dd7e159ba9b445a83ebed14f5c8ebe1
W9_Q04,STRUCT_R2,9,6,984603,4925,0,2,6,1,7,112,4,4,1,7,7e3f7232eefdc535f0f8be36c1c724fab7de36a2740821784506d96a09bd30b3
W6_Q01,ALGSTRUCT,9,6,265515,1353,0,0,3,2,7,3,6,15,5,5,ef852aa19070a90d167a6fc211683b2bbb6401671f4212d90e23806d1620b62f
W9_Q32,ALGSTRUCT,9,6,5038066,13166,0,16,34,1,35,560,4,4,1,35,678046e55883cc9fe207429daab5f5da66bcc2178ee01574697097ddff7f102c
W8_Q32,STRUCT,9,6,2827104,8518,0,0,45,2,120,195,11,169,63,47,257e33fe42ff72054f90b0755280d3b57f6dc95e0ff488350c7a08c8fa00e255
W8_Q04,STRUCT,9,6,1193321,5927,0,0,17,2,36,167,11,169,63,19,683043cf53c296ea0d43a0c383a5a5aa5dfae2adbc542c677c919239829da206
W5_Q01,ALGSTRUCT,9,6,180184,1351,0,0,3,0,3,1,4,10,4,3,7528d1a80da7ce6bed6c3efbaad136c6b237adf54f46f512a5fe79019bfef2ec
W4_Q16,STRUCT_R2,9,6,4756344,26519,0,0,66,2,132,530,22,511,31,68,7fbae5656c303ca065341c5db14fa3ef41fb196c82f59bb1c789e1f7b78b0f7a
W9_Q01,STRUCT_R1,9,6,337886,3333,0,0,3,0,3,48,4,4,1,3,6e63c0dab5f8b29ef9d1440bcd3711746464b7521a4243c8d32e03504a6224d2
W4_Q16,STRUCT_R1,9,6,7122769,25758,16,0,66,1,115,529,21,510,31,67,c4cb6b036cc3a61a0d0502a6d94307b09dd7e159ba9b445a83ebed14f5c8ebe1
W3_d3,STRUCT,9,6,1426264,2704,0,0,12,8,42,16,14,46,8,20,d0de00aa950042ce2df3a1aacd87b83395b88f62201b4b0ee4f6f67dba5bbb2b
W9_Q08,STRUCT_R2,9,6,1469061,5444,0,4,10,1,11,176,4,4,1,11,f0aee4c6a6b6511ecbc27f2fc4ef3f688cd044d5f143461208ceed4e1cea64ae
W8_Q01,OFF,9,6,805344,5186,0,0,14,2,27,164,11,169,63,16,7b06ec78e125033330eb86a638ef113771be6d17e66ade996d2cadaa30e562a7
W4_Q04,ALGSTRUCT,9,6,1456801,6982,4,0,18,1,31,133,9,138,31,19,fc880fdc081349aa9e95db821628814a11fa6271dfea15fd511d230a5fbbf819
W6_Q16,STRUCT_R1,9,6,1016269,2351,0,0,18,2,52,18,6,15,5,20,bb0755604375307ff8e5fd09781b80b224d9ab98fa75fb51387fe44cb24e3726
W2_Q08,ALGSTRUCT,9,6,582458,1666,8,0,10,1,19,9,5,14,4,11,28ef291bdbdabd5779860a9dac095bdb774cc930b18dec6f9c7bf13df75550d2
W6_Q32,ALGSTRUCT,9,6,1951297,3445,0,0,34,2,100,34,6,15,5,36,e27ba2fd4a248e13e86f6fd51f6578ca7bbe37b27fb6c62f3d2e37c16ce58156
W3_d3,OFF,9,6,1171728,2779,0,0,12,8,42,16,14,46,8,20,d0de00aa950042ce2df3a1aacd87b83395b88f62201b4b0ee4f6f67dba5bbb2b
W2_Q01,STRUCT,9,6,261943,1573,0,0,3,2,7,3,6,15,4,5,fb4f50a52888382fd35dda056767f1188dd59b0b7db5fbe2928a5afbf6bf9f5b
W7_Q16,STRUCT,9,6,619049,2371,0,0,20,0,52,18,6,15,4,20,352ecf90b67b0a72cf480d5f2990d3ea8f45c0a65a2644e7a858b4f181627dcb
W5_Q01,STRUCT_R1,9,6,183962,1277,0,0,3,0,3,1,4,10,4,3,7528d1a80da7ce6bed6c3efbaad136c6b237adf54f46f512a5fe79019bfef2ec
W6_Q04,STRUCT,9,6,407071,1574,0,0,6,2,16,6,6,15,5,8,463695b346924b3ce3bfd76bc311a5cc5d47fb033482cc22912fc407e8f09fdf
W2_Q02,STRUCT_R1,9,6,320238,1685,2,0,4,1,7,3,5,14,4,5,d8adac9423435c6f23a5e314f4d31430db516714fee41508dcac1bc6af0e6f0c
W6_Q02,ALGSTRUCT,9,6,317219,1593,0,0,4,2,10,4,6,15,5,6,d26b7c6c44eb2ae1342ad0eacde318e4485f70f1e0c22f44dc171d7c0f11f2c5
W3_d2,STRUCT_R1,9,6,974823,2057,9,0,11,3,24,11,8,27,5,14,b3a60a0bc9bb1633f8ca67743fa2b43eea5f58f8a512cbf173b181d8c20dfa68
W6_Q02,STRUCT,9,6,310145,1426,0,0,4,2,10,4,6,15,5,6,d26b7c6c44eb2ae1342ad0eacde318e4485f70f1e0c22f44dc171d7c0f11f2c5
W6_Q01,STRUCT_R1,9,6,266200,1335,0,0,3,2,7,3,6,15,5,5,ef852aa19070a90d167a6fc211683b2bbb6401671f4212d90e23806d1620b62f
W9_Q02,STRUCT_R1,9,6,483532,3741,0,0,4,0,6,96,4,4,1,4,f59554bf6b558dac39020afcdc9d3261e3c200f0f612cb6818827b31bbda0408
W4_Q08,STRUCT,9,6,2334775,13481,0,0,34,2,68,266,14,263,31,36,310b652f3a487a64261e67b69ca4bd659f7cd91c74be37afd64d6187457e8bdc
W6_Q01,OFF,9,6,197424,1722,0,0,3,2,7,3,6,15,5,5,ef852aa19070a90d167a6fc211683b2bbb6401671f4212d90e23806d1620b62f
W8_Q16,OFF,9,6,1539874,7094,0,0,29,2,72,179,11,169,63,31,75d1b16c15c201143eb0f00e84429326ead193544062ed0323b47e7914fd575d
W8_Q08,ALGSTRUCT,9,6,1656079,5277,8,1,21,1,39,170,10,168,63,22,dfb50a16d91192e00318e4ac61c06d5403d37554d2e61726115b9e5e96a90617
W4_Q04,STRUCT_R1,9,6,1456802,6629,4,0,18,1,31,133,9,138,31,19,fc880fdc081349aa9e95db821628814a11fa6271dfea15fd511d230a5fbbf819
W2_Q01,OFF,9,6,199722,1610,0,0,3,2,7,3,6,15,4,5,fb4f50a52888382fd35dda056767f1188dd59b0b7db5fbe2928a5afbf6bf9f5b
W4_Q01,OFF,9,6,363070,2723,0,0,6,2,12,35,7,46,31,8,c1c4e28384d704fc6572f4a795b1b9dcd23dd585446058743d09154ee63f83a5
W6_Q08,ALGSTRUCT,9,6,590328,1611,0,0,10,2,28,10,6,15,5,12,0d426ef82e54bf37e16bebf86ad11b160059eb28202264ca816d50ab17a2aa06
W5_Q02,STRUCT_R1,9,6,228925,1369,0,0,6,0,6,2,6,18,4,6,e7741c936508103b2af3b934e316124eac7bac4773e716fb634bafee4047c0e4
W8_Q01,STRUCT_R2,9,6,1006435,6333,0,1,14,2,27,164,11,169,63,16,7b06ec78e125033330eb86a638ef113771be6d17e66ade996d2cadaa30e562a7
W8_Q02,OFF,9,6,837918,5389,0,0,15,2,30,165,11,169,63,17,ab8e72a97eeddaf640fa9d87846837b35913b3b9a7916818e4653a499fd7cc9a
W5_Q02,STRUCT_R2,9,6,219147,1370,0,0,6,0,6,2,6,18,4,6,e7741c936508103b2af3b934e316124eac7bac4773e716fb634bafee4047c0e4
W5_Q08,STRUCT_R1,9,6,536384,2296,0,0,24,0,24,8,18,66,4,24,1ec99f8159a9bf9f7216cbde66142ab941580d932ab53b67181d9941e08515a5
W4_Q32,STRUCT,9,6,10014778,73889,0,0,130,2,260,1058,38,1007,31,132,068ad024181661f75503372002890dd704cd730c5fc591fd65590a6d532c145d
W5_Q08,STRUCT,9,6,524144,3018,0,0,24,0,24,8,18,66,4,24,1ec99f8159a9bf9f7216cbde66142ab941580d932ab53b67181d9941e08515a5
W4_Q08,STRUCT_R2,9,6,2315961,13166,0,0,34,2,68,266,14,263,31,36,310b652f3a487a64261e67b69ca4bd659f7cd91c74be37afd64d6187457e8bdc
W3_d3,STRUCT_R1,9,6,1393541,2279,10,0,12,5,29,13,11,43,8,17,16f1a8e88d7f920d91f3a177d0789d4761bf8768a0ac71ebce1f9f2282714954
W3_d1,ALGSTRUCT,9,6,581902,1741,8,0,10,1,19,9,5,14,4,11,51eaee63f5c885c3fa7e71093e89c7ff61bea1c09d51d95c588c39ddf452f383
W9_Q01,STRUCT_R2,9,6,344181,3686,0,0,3,0,3,48,4,4,1,3,6e63c0dab5f8b29ef9d1440bcd3711746464b7521a4243c8d32e03504a6224d2
W9_Q04,STRUCT_R1,9,6,1114789,4868,0,0,6,2,10,160,4,4,1,8,a25fcd6d9b6930c5a5e472a5d4b9da9d0423cec22fe64a49a0e3364286ad6c7b
W6_Q08,OFF,9,6,457644,2111,0,0,10,2,28,10,6,15,5,12,0d426ef82e54bf37e16bebf86ad11b160059eb28202264ca816d50ab17a2aa06
W2_Q01,STRUCT_R2,9,6,263182,1538,0,0,3,2,7,3,6,15,4,5,fb4f50a52888382fd35dda056767f1188dd59b0b7db5fbe2928a5afbf6bf9f5b
W5_Q04,STRUCT_R2,9,6,310719,2019,0,0,12,0,12,4,10,34,4,12,233b80e0525d1c617459998a8c1e1bc9855a2c2b10f43c6fd42648b8adae0248
W4_Q04,OFF,9,6,1071674,6297,0,0,18,2,36,134,10,139,31,20,fd25718cb278dfe33c1131161ba4977814e08de24bd73801325a42bf895b4b90
W4_Q08,OFF,9,6,2012575,12962,0,0,34,2,68,266,14,263,31,36,310b652f3a487a64261e67b69ca4bd659f7cd91c74be37afd64d6187457e8bdc
W7_Q16,OFF,9,6,489272,2501,0,0,20,0,52,18,6,15,4,20,352ecf90b67b0a72cf480d5f2990d3ea8f45c0a65a2644e7a858b4f181627dcb
W4_Q08,ALGSTRUCT,9,6,2971621,12926,8,0,34,1,59,265,13,262,31,35,0d7db8d8f19881c77c6e7cd19e1f9d024ea9973fae56dbdbc00db2eeaa790340
W9_Q02,ALGSTRUCT,9,6,634920,3852,0,1,4,1,5,80,4,4,1,5,a250745debd6fd7cf3585f94dfa2ad7178c8b7c572e5ce15f0467c48475c0e9a
W4_Q16,STRUCT,9,6,4779308,26148,0,0,66,2,132,530,22,511,31,68,7fbae5656c303ca065341c5db14fa3ef41fb196c82f59bb1c789e1f7b78b0f7a
W8_Q02,STRUCT,9,6,1055305,5648,0,0,15,2,30,165,11,169,63,17,ab8e72a97eeddaf640fa9d87846837b35913b3b9a7916818e4653a499fd7cc9a
W3_d2,STRUCT,9,6,975659,2110,0,0,11,5,35,13,10,29,5,16,bb512a3ef0db77c97656c90a9544f5958e4b52748f6a43bfdbc34ec450c82e91
W9_Q04,ALGSTRUCT,10,6,999917,4611,0,2,6,1,7,112,4,4,1,7,7e3f7232eefdc535f0f8be36c1c724fab7de36a2740821784506d96a09bd30b3
W6_Q08,OFF,10,6,464293,2092,0,0,10,2,28,10,6,15,5,12,0d426ef82e54bf37e16bebf86ad11b160059eb28202264ca816d50ab17a2aa06
W5_Q08,STRUCT,10,6,525053,2980,0,0,24,0,24,8,18,66,4,24,1ec99f8159a9bf9f7216cbde66142ab941580d932ab53b67181d9941e08515a5
W7_Q16,STRUCT_R2,10,6,606569,2259,0,0,20,0,52,18,6,15,4,20,352ecf90b67b0a72cf480d5f2990d3ea8f45c0a65a2644e7a858b4f181627dcb
W6_Q02,ALGSTRUCT,10,6,320830,1445,0,0,4,2,10,4,6,15,5,6,d26b7c6c44eb2ae1342ad0eacde318e4485f70f1e0c22f44dc171d7c0f11f2c5
W9_Q32,STRUCT_R2,10,6,5016381,13240,0,16,34,1,35,560,4,4,1,35,678046e55883cc9fe207429daab5f5da66bcc2178ee01574697097ddff7f102c
W4_Q04,STRUCT,10,6,1255989,7092,0,0,18,2,36,134,10,139,31,20,fd25718cb278dfe33c1131161ba4977814e08de24bd73801325a42bf895b4b90
W7_Q01,STRUCT_R1,10,6,225444,1351,0,0,5,0,7,3,6,15,4,5,70f8123fffd2af37d12a00e22d9841098c66a489d4953aae174ab2cb5014e5d7
W7_Q01,STRUCT,10,6,218682,1630,0,0,5,0,7,3,6,15,4,5,70f8123fffd2af37d12a00e22d9841098c66a489d4953aae174ab2cb5014e5d7
W5_Q01,STRUCT,10,6,180110,1592,0,0,3,0,3,1,4,10,4,3,7528d1a80da7ce6bed6c3efbaad136c6b237adf54f46f512a5fe79019bfef2ec
W3_d1,STRUCT_R1,10,6,582642,1649,8,0,10,1,19,9,5,14,4,11,51eaee63f5c885c3fa7e71093e89c7ff61bea1c09d51d95c588c39ddf452f383
W3_d1,ALGSTRUCT,10,6,583308,1816,8,0,10,1,19,9,5,14,4,11,51eaee63f5c885c3fa7e71093e89c7ff61bea1c09d51d95c588c39ddf452f383
W2_Q02,OFF,10,6,244219,1723,0,0,4,2,10,4,6,15,4,6,002b88cffa362a25f201c7342c0d49bad4cd7fb10998ad8823a39c11beee6d88
W8_Q32,OFF,10,6,2386033,7741,0,0,45,2,120,195,11,169,63,47,257e33fe42ff72054f90b0755280d3b57f6dc95e0ff488350c7a08c8fa00e255
W9_Q32,STRUCT,10,6,5345896,12537,0,0,34,2,38,608,4,4,1,36,f9b4de382a62f7ddf0ae716d829e6d3204b079918eba11b5d003aed0f308e9a0
W1,STRUCT,10,6,263203,1591,0,0,3,2,7,3,6,15,4,5,4b26ed307e0166f8d1fa59ea1e874899e41c5fd882be9ef62f84eb3685bb70b7
W6_Q02,STRUCT,10,6,313977,1686,0,0,4,2,10,4,6,15,5,6,d26b7c6c44eb2ae1342ad0eacde318e4485f70f1e0c22f44dc171d7c0f11f2c5
W2_Q08,ALGSTRUCT,10,6,582181,1610,8,0,10,1,19,9,5,14,4,11,28ef291bdbdabd5779860a9dac095bdb774cc930b18dec6f9c7bf13df75550d2
W4_Q32,STRUCT_R2,10,6,9872447,66259,0,0,130,2,260,1058,38,1007,31,132,068ad024181661f75503372002890dd704cd730c5fc591fd65590a6d532c145d
W3_d3,OFF,10,6,1181155,2500,0,0,12,8,42,16,14,46,8,20,d0de00aa950042ce2df3a1aacd87b83395b88f62201b4b0ee4f6f67dba5bbb2b
W2_Q08,STRUCT,10,6,582826,2113,0,0,10,2,28,10,6,15,4,12,e121069670786ba8fbe3100d624a17638d4611a34b02647058710f2e3db6a9c9
W5_Q04,STRUCT_R2,10,6,313794,1943,0,0,12,0,12,4,10,34,4,12,233b80e0525d1c617459998a8c1e1bc9855a2c2b10f43c6fd42648b8adae0248
W3_d1,STRUCT_R2,10,6,571920,1667,0,0,10,2,28,10,6,15,4,12,a54c74b256ab2c5cf00e4072ff680215ee9ddba8ea28d33e07bfd46dd0370227
W5_Q16,ALGSTRUCT,10,6,1021471,5113,0,0,48,0,48,16,34,130,4,48,15f4ec0f61204d6ef15a655140c1c86c7248fc9deed8e4c09ef3081b8b94fb64
W6_Q04,STRUCT,10,6,406164,1629,0,0,6,2,16,6,6,15,5,8,463695b346924b3ce3bfd76bc311a5cc5d47fb033482cc22912fc407e8f09fdf
W8_Q04,ALGSTRUCT,10,6,1296989,5462,4,1,17,1,31,166,10,168,63,18,1ff2b9471d9cd2dd9078b74afc728460463e46c3102cf6da6b805d7f73e4899a
W8_Q16,STRUCT,10,6,1856410,6925,0,0,29,2,72,179,11,169,63,31,75d1b16c15c201143eb0f00e84429326ead193544062ed0323b47e7914fd575d
W9_Q02,ALGSTRUCT,10,6,636050,3537,0,1,4,1,5,80,4,4,1,5,a250745debd6fd7cf3585f94dfa2ad7178c8b7c572e5ce15f0467c48475c0e9a
W4_Q08,OFF,10,6,2019407,12259,0,0,34,2,68,266,14,263,31,36,310b652f3a487a64261e67b69ca4bd659f7cd91c74be37afd64d6187457e8bdc
W3_d1,OFF,10,6,460663,2000,0,0,10,2,28,10,6,15,4,12,a54c74b256ab2c5cf00e4072ff680215ee9ddba8ea28d33e07bfd46dd0370227
W7_Q01,OFF,10,6,153148,1462,0,0,5,0,7,3,6,15,4,5,70f8123fffd2af37d12a00e22d9841098c66a489d4953aae174ab2cb5014e5d7
W8_Q08,STRUCT_R1,10,6,1650301,5795,8,0,21,1,39,170,10,168,63,22,dfb50a16d91192e00318e4ac61c06d5403d37554d2e61726115b9e5e96a90617
W9_Q01,OFF,10,6,228071,4204,0,0,3,0,3,48,4,4,1,3,6e63c0dab5f8b29ef9d1440bcd3711746464b7521a4243c8d32e03504a6224d2
W3_d3,STRUCT,10,6,1431932,2463,0,0,12,8,42,16,14,46,8,20,d0de00aa950042ce2df3a1aacd87b83395b88f62201b4b0ee4f6f67dba5bbb2b
W2_Q01,ALGSTRUCT,10,6,274016,1111,1,0,3,1,5,2,5,14,4,4,2474f5c3c44c2292e8653ad95f4f21ec80fa6c72b730d7761807baa6c04c0270
W5_Q08,ALGSTRUCT,10,6,535809,2983,0,0,24,0,24,8,18,66,4,24,1ec99f8159a9bf9f7216cbde66142ab941580d932ab53b67181d9941e08515a5
W8_Q02,STRUCT_R1,10,6,1159618,5260,2,0,15,1,27,164,10,168,63,16,652ea2e2db2a8b59e1a2373d0aa09bb6194a7176cb3cd104297a14f7ef235e6b
W4_Q01,STRUCT,10,6,446366,2686,0,0,6,2,12,35,7,46,31,8,c1c4e28384d704fc6572f4a795b1b9dcd23dd585446058743d09154ee63f83a5
W6_Q08,ALGSTRUCT,10,6,591513,1890,0,0,10,2,28,10,6,15,5,12,0d426ef82e54bf37e16bebf86ad11b160059eb28202264ca816d50ab17a2aa06
W2_Q32,STRUCT_R2,10,6,1860113,3537,0,0,34,2,100,34,6,15,4,36,ead1d2e3154b72c47159b745145cb82392c282dcdeeba0e877b2291c8ed45d37
W5_Q04,STRUCT_R1,10,6,319888,2202,0,0,12,0,12,4,10,34,4,12,233b80e0525d1c617459998a8c1e1bc9855a2c2b10f43c6fd42648b8adae0248
W7_Q08,ALGSTRUCT,10,6,409958,1630,0,0,12,0,28,10,6,15,4,12,d13ad2add4e1d9cb21c441a8963ffbcf5f462a05d4f61331fa56b7c117fe58d1
W6_Q32,OFF,10,6,1608356,3333,0,0,34,2,100,34,6,15,5,36,e27ba2fd4a248e13e86f6fd51f6578ca7bbe37b27fb6c62f3d2e37c16ce58156
W2_Q04,STRUCT_R1,10,6,406201,1425,4,0,6,1,11,5,5,14,4,7,e3e1c95caf3c6465ad04568b51f69fe26be853a4ad44521756f63edd123351f8
W5_Q04,OFF,10,6,244293,2093,0,0,12,0,12,4,10,34,4,12,233b80e0525d1c617459998a8c1e1bc9855a2c2b10f43c6fd42648b8adae0248
W9_Q02,STRUCT_R1,10,6,480311,3407,0,0,4,0,6,96,4,4,1,4,f59554bf6b558dac39020afcdc9d3261e3c200f0f612cb6818827b31bbda0408
W4_Q08,STRUCT_R2,10,6,2308256,13500,0,0,34,2,68,266,14,263,31,36,310b652f3a487a64261e67b69ca4bd659f7cd91c74be37afd64d6187457e8bdc
W5_Q32,STRUCT,10,6,2007759,8871,0,0,96,0,96,32,66,258,4,96,ad908136f049b66ae4b1e1c3f252d7a2ebead009fab3f7177d4babd24fcbec6a
W3_d3,ALGSTRUCT,10,6,1411377,2203,10,0,12,5,29,13,11,43,8,17,16f1a8e88d7f920d91f3a177d0789d4761bf8768a0ac71ebce1f9f2282714954
W9_Q08,STRUCT,10,6,1601987,6702,0,0,10,2,14,224,4,4,1,12,4c97cc82f3dbf6bc2a6de325d199b0cb65ffca732846069f84ea5618bb19fcfd
W2_Q16,STRUCT,10,6,1001603,2518,0,0,18,2,52,18,6,15,4,20,f53a43e02a6f7be38b5d23a92cce7a6f0c7e7deac086e97841ea021c93a5a893
W2_Q02,STRUCT_R1,10,6,320739,1499,2,0,4,1,7,3,5,14,4,5,d8adac9423435c6f23a5e314f4d31430db516714fee41508dcac1bc6af0e6f0c
W6_Q04,STRUCT_R2,10,6,397274,1574,0,0,6,2,16,6,6,15,5,8,463695b346924b3ce3bfd76bc311a5cc5d47fb033482cc22912fc407e8f09fdf
W3_d2,STRUCT_R2,10,6,967489,2298,0,0,11,5,35,13,10,29,5,16,bb512a3ef0db77c97656c90a9544f5958e4b52748f6a43bfdbc34ec450c82e91
W6_Q32,STRUCT_R2,10,6,1889428,3296,0,0,34,2,100,34,6,15,5,36,e27ba2fd4a248e13e86f6fd51f6578ca7bbe37b27fb6c62f3d2e37c16ce58156
W7_Q16,ALGSTRUCT,10,6,634680,1981,0,0,20,0,52,18,6,15,4,20,352ecf90b67b0a72cf480d5f2990d3ea8f45c0a65a2644e7a858b4f181627dcb
W9_Q01,STRUCT,10,6,340385,3056,0,0,3,0,3,48,4,4,1,3,6e63c0dab5f8b29ef9d1440bcd3711746464b7521a4243c8d32e03504a6224d2
W7_Q16,STRUCT,10,6,620512,2038,0,0,20,0,52,18,6,15,4,20,352ecf90b67b0a72cf480d5f2990d3ea8f45c0a65a2644e7a858b4f181627dcb
W3_d3,STRUCT_R2,10,6,1408636,2500,0,0,12,8,42,16,14,46,8,20,d0de00aa950042ce2df3a1aacd87b83395b88f62201b4b0ee4f6f67dba5bbb2b
W7_Q08,STRUCT_R2,10,6,398792,1667,0,0,12,0,28,10,6,15,4,12,d13ad2add4e1d9cb21c441a8963ffbcf5f462a05d4f61331fa56b7c117fe58d1
W2_Q32,ALGSTRUCT,10,6,2233239,3278,32,0,34,1,67,33,5,14,4,35,aa6152b6f2b2227ea71db0831b5f58d2dce2bdcb6db5c4bb5d1fb235d1201ed1
W8_Q32,STRUCT_R1,10,6,3845188,8332,32,0,45,1,87,194,10,168,63,46,45e69b1796e998f7df6d485c516cc0751375b53ec01f0a7673d473a9ec217a0e
W5_Q02,ALGSTRUCT,10,6,225349,1667,0,0,6,0,6,2,6,18,4,6,e7741c936508103b2af3b934e316124eac7bac4773e716fb634bafee4047c0e4
W5_Q02,STRUCT,10,6,223498,1889,0,0,6,0,6,2,6,18,4,6,e7741c936508103b2af3b934e316124eac7bac4773e716fb634bafee4047c0e4
W8_Q02,OFF,10,6,845436,5519,0,0,15,2,30,165,11,169,63,17,ab8e72a97eeddaf640fa9d87846837b35913b3b9a7916818e4653a499fd7cc9a
W5_Q02,OFF,10,6,159258,1648,0,0,6,0,6,2,6,18,4,6,e7741c936508103b2af3b934e316124eac7bac4773e716fb634bafee4047c0e4
W6_Q16,OFF,10,6,809216,2462,0,0,18,2,52,18,6,15,5,20,bb0755604375307ff8e5fd09781b80b224d9ab98fa75fb51387fe44cb24e3726
W1,STRUCT_R2,10,6,262163,1594,0,0,3,2,7,3,6,15,4,5,4b26ed307e0166f8d1fa59ea1e874899e41c5fd882be9ef62f84eb3685bb70b7
W6_Q32,STRUCT,10,6,1906668,3407,0,0,34,2,100,34,6,15,5,36,e27ba2fd4a248e13e86f6fd51f6578ca7bbe37b27fb6c62f3d2e37c16ce58156
W6_Q01,OFF,10,6,195682,1612,0,0,3,2,7,3,6,15,5,5,ef852aa19070a90d167a6fc211683b2bbb6401671f4212d90e23806d1620b62f
W7_Q04,STRUCT_R2,10,6,286423,1518,0,0,8,0,16,6,6,15,4,8,64eb05b2d681af147811cd64dc0e11be812cb48952e297a71fcf6d3c013ba4a0
W8_Q02,STRUCT_R2,10,6,1051266,5335,0,1,15,2,30,165,11,169,63,17,ab8e72a97eeddaf640fa9d87846837b35913b3b9a7916818e4653a499fd7cc9a
W6_Q01,STRUCT_R1,10,6,271720,1814,0,0,3,2,7,3,6,15,5,5,ef852aa19070a90d167a6fc211683b2bbb6401671f4212d90e23806d1620b62f
W7_Q02,OFF,10,6,174369,1519,0,0,6,0,10,4,6,15,4,6,b1d2efac79748ca32ad60ca241d894721be3c3795c13e31e47e01dad1cb5a5f1
W8_Q04,OFF,10,6,955418,5425,0,0,17,2,36,167,11,169,63,19,683043cf53c296ea0d43a0c383a5a5aa5dfae2adbc542c677c919239829da206
W2_Q04,OFF,10,6,320348,1779,0,0,6,2,16,6,6,15,4,8,b8312387bf162a1452336c9e9e40ef1298c4a5b22cc87b54f4215f6e91104b3c
W5_Q32,STRUCT_R2,10,6,1995648,10778,0,0,96,0,96,32,66,258,4,96,ad908136f049b66ae4b1e1c3f252d7a2ebead009fab3f7177d4babd24fcbec6a
W8_Q01,STRUCT_R2,10,6,1000936,5870,0,1,14,2,27,164,11,169,63,16,7b06ec78e125033330eb86a638ef113771be6d17e66ade996d2cadaa30e562a7
W4_Q04,OFF,10,6,1068787,6555,0,0,18,2,36,134,10,139,31,20,fd25718cb278dfe33c1131161ba4977814e08de24bd73801325a42bf895b4b90
W7_Q02,ALGSTRUCT,10,6,249554,1351,0,0,6,0,10,4,6,15,4,6,b1d2efac79748ca32ad60ca241d894721be3c3795c13e31e47e01dad1cb5a5f1
W6_Q16,ALGSTRUCT,10,6,1019602,2185,0,0,18,2,52,18,6,15,5,20,bb0755604375307ff8e5fd09781b80b224d9ab98fa75fb51387fe44cb24e3726
W4_Q16,ALGSTRUCT,10,6,7139546,25833,16,0,66,1,115,529,21,510,31,67,c4cb6b036cc3a61a0d0502a6d94307b09dd7e159ba9b445a83ebed14f5c8ebe1
W9_Q16,ALGSTRUCT,10,6,2630957,8741,0,8,18,1,19,304,4,4,1,19,44cdb1eb48242e36e60587a8e97fc1204f774ee018380c18a625f9abe3ce3ce8
W5_Q02,STRUCT_R1,10,6,224016,1519,0,0,6,0,6,2,6,18,4,6,e7741c936508103b2af3b934e316124eac7bac4773e716fb634bafee4047c0e4
W4_Q01,STRUCT_R2,10,6,442718,2389,0,0,6,2,12,35,7,46,31,8,c1c4e28384d704fc6572f4a795b1b9dcd23dd585446058743d09154ee63f83a5
W2_Q08,STRUCT_R2,10,6,570810,1777,0,0,10,2,28,10,6,15,4,12,e121069670786ba8fbe3100d624a17638d4611a34b02647058710f2e3db6a9c9
W5_Q16,OFF,10,6,861583,5205,0,0,48,0,48,16,34,130,4,48,15f4ec0f61204d6ef15a655140c1c86c7248fc9deed8e4c09ef3081b8b94fb64
W9_Q16,STRUCT_R2,10,6,2635068,9185,0,8,18,1,19,304,4,4,1,19,44cdb1eb48242e36e60587a8e97fc1204f774ee018380c18a625f9abe3ce3ce8
W5_Q32,ALGSTRUCT,10,6,2119609,10575,0,0,96,0,96,32,66,258,4,96,ad908136f049b66ae4b1e1c3f252d7a2ebead009fab3f7177d4babd24fcbec6a
W1,ALGSTRUCT,10,6,274830,1093,1,0,3,1,5,2,5,14,4,4,ddbc64bc70e115337e04b3ee4eac0b96e81aea703c916cfeea2e2366190e3210
W4_Q16,STRUCT_R1,10,6,7163175,26185,16,0,66,1,115,529,21,510,31,67,c4cb6b036cc3a61a0d0502a6d94307b09dd7e159ba9b445a83ebed14f5c8ebe1
W6_Q32,ALGSTRUCT,10,6,1950112,3352,0,0,34,2,100,34,6,15,5,36,e27ba2fd4a248e13e86f6fd51f6578ca7bbe37b27fb6c62f3d2e37c16ce58156
W4_Q08,STRUCT_R1,10,6,2946991,13279,8,0,34,1,59,265,13,262,31,35,0d7db8d8f19881c77c6e7cd19e1f9d024ea9973fae56dbdbc00db2eeaa790340
W5_Q01,OFF,10,6,122796,1481,0,0,3,0,3,1,4,10,4,3,7528d1a80da7ce6bed6c3efbaad136c6b237adf54f46f512a5fe79019bfef2ec
W9_Q04,OFF,10,6,603975,5204,0,0,6,0,12,192,4,4,1,6,6dad93323aff1013501fa90b58e0e48741ec6d807386799264c78a900e9e11d0
W5_Q16,STRUCT_R1,10,6,1002490,4038,0,0,48,0,48,16,34,130,4,48,15f4ec0f61204d6ef15a655140c1c86c7248fc9deed8e4c09ef3081b8b94fb64
W4_Q32,STRUCT,10,6,9756671,69388,0,0,130,2,260,1058,38,1007,31,132,068ad024181661f75503372002890dd704cd730c5fc591fd65590a6d532c145d
W6_Q08,STRUCT_R2,10,6,573199,1962,0,0,10,2,28,10,6,15,5,12,0d426ef82e54bf37e16bebf86ad11b160059eb28202264ca816d50ab17a2aa06
W3_d2,OFF,10,6,802622,2426,0,0,11,5,35,13,10,29,5,16,bb512a3ef0db77c97656c90a9544f5958e4b52748f6a43bfdbc34ec450c82e91
W7_Q01,STRUCT_R2,10,6,217701,1816,0,0,5,0,7,3,6,15,4,5,70f8123fffd2af37d12a00e22d9841098c66a489d4953aae174ab2cb5014e5d7
W1,STRUCT_R1,10,6,277739,1629,1,0,3,1,5,2,5,14,4,4,ddbc64bc70e115337e04b3ee4eac0b96e81aea703c916cfeea2e2366190e3210
W9_Q04,STRUCT,10,6,1109583,6555,0,0,6,2,10,160,4,4,1,8,a25fcd6d9b6930c5a5e472a5d4b9da9d0423cec22fe64a49a0e3364286ad6c7b
W8_Q01,ALGSTRUCT,10,6,1103768,5500,1,1,14,1,25,163,10,168,63,15,fdd35fe24122be542f9944d55e73c67d2cd28afd3fd1ff25e723a080e5d2dad8
W8_Q32,ALGSTRUCT,10,6,3952261,8222,32,1,45,1,87,194,10,168,63,46,45e69b1796e998f7df6d485c516cc0751375b53ec01f0a7673d473a9ec217a0e
W4_Q01,STRUCT_R1,10,6,491552,2851,1,0,6,1,10,34,6,45,31,7,2a2742010b3f20f3e0b7616f059bcf47256e350d22af5b1d3a055aa5eee736e9
W2_Q16,STRUCT_R1,10,6,1063377,2372,16,0,18,1,35,17,5,14,4,19,6874ea3fe8a08c7af5d8752f9a4557e5d01bc066a937913a1e427661cbb540c4
W2_Q04,ALGSTRUCT,10,6,416921,1630,4,0,6,1,11,5,5,14,4,7,e3e1c95caf3c6465ad04568b51f69fe26be853a4ad44521756f63edd123351f8
W5_Q04,STRUCT,10,6,313089,1908,0,0,12,0,12,4,10,34,4,12,233b80e0525d1c617459998a8c1e1bc9855a2c2b10f43c6fd42648b8adae0248
W8_Q08,STRUCT_R2,10,6,1489208,6815,0,1,21,2,48,171,11,169,63,23,6202056e7f9106d89fc2c03650e5a38d69f704cc369ba9e689bf413e5f7173e1
W2_Q32,STRUCT_R1,10,6,2377570,4834,32,0,34,1,67,33,5,14,4,35,aa6152b6f2b2227ea71db0831b5f58d2dce2bdcb6db5c4bb5d1fb235d1201ed1
W8_Q16,OFF,10,6,1595579,8481,0,0,29,2,72,179,11,169,63,31,75d1b16c15c201143eb0f00e84429326ead193544062ed0323b47e7914fd575d
W6_Q16,STRUCT_R2,10,6,1018860,2946,0,0,18,2,52,18,6,15,5,20,bb0755604375307ff8e5fd09781b80b224d9ab98fa75fb51387fe44cb24e3726
W8_Q08,OFF,10,6,1236119,8018,0,0,21,2,48,171,11,169,63,23,6202056e7f9106d89fc2c03650e5a38d69f704cc369ba9e689bf413e5f7173e1
W9_Q08,STRUCT_R2,10,6,1494319,8742,0,4,10,1,11,176,4,4,1,11,f0aee4c6a6b6511ecbc27f2fc4ef3f688cd044d5f143461208ceed4e1cea64ae
W7_Q08,STRUCT,10,6,416978,1870,0,0,12,0,28,10,6,15,4,12,d13ad2add4e1d9cb21c441a8963ffbcf5f462a05d4f61331fa56b7c117fe58d1
W7_Q32,ALGSTRUCT,10,6,1204211,4000,0,0,36,0,100,34,6,15,4,36,6bdf3735d7ed12e047353d97f7fd342934c808ba421573c6cd2474dd612f37b1
W7_Q02,STRUCT_R2,10,6,250571,2223,0,0,6,0,10,4,6,15,4,6,b1d2efac79748ca32ad60ca241d894721be3c3795c13e31e47e01dad1cb5a5f1
W4_Q02,ALGSTRUCT,10,6,811510,4057,2,0,10,1,17,67,7,76,31,11,056c94f2139c9e918446fe4f786e56b203a4febdd7cdb7d162e2b0323db5a772
W7_Q02,STRUCT_R1,10,6,259720,1444,0,0,6,0,10,4,6,15,4,6,b1d2efac79748ca32ad60ca241d894721be3c3795c13e31e47e01dad1cb5a5f1
W4_Q04,ALGSTRUCT,10,6,1536950,7573,4,0,18,1,31,133,9,138,31,19,fc880fdc081349aa9e95db821628814a11fa6271dfea15fd511d230a5fbbf819
W4_Q01,ALGSTRUCT,10,6,506830,2258,1,0,6,1,10,34,6,45,31,7,2a2742010b3f20f3e0b7616f059bcf47256e350d22af5b1d3a055aa5eee736e9
W8_Q02,STRUCT,10,6,1127230,6371,0,0,15,2,30,165,11,169,63,17,ab8e72a97eeddaf640fa9d87846837b35913b3b9a7916818e4653a499fd7cc9a
W9_Q16,OFF,10,6,1805039,14704,0,0,18,0,48,768,4,4,1,18,43b7f4efcb619e6e3fc5fc66e7827f4bb8130a24a5905f5ce4efe6114dbfdbd3
W2_Q32,OFF,10,6,1616855,4705,0,0,34,2,100,34,6,15,4,36,ead1d2e3154b72c47159b745145cb82392c282dcdeeba0e877b2291c8ed45d37
W7_Q04,STRUCT_R1,10,6,311053,1852,0,0,8,0,16,6,6,15,4,8,64eb05b2d681af147811cd64dc0e11be812cb48952e297a71fcf6d3c013ba4a0
W2_Q16,OFF,10,6,849900,2740,0,0,18,2,52,18,6,15,4,20,f53a43e02a6f7be38b5d23a92cce7a6f0c7e7deac086e97841ea021c93a5a893
W5_Q01,ALGSTRUCT,10,6,192869,1259,0,0,3,0,3,1,4,10,4,3,7528d1a80da7ce6bed6c3efbaad136c6b237adf54f46f512a5fe79019bfef2ec
W7_Q16,STRUCT_R1,10,6,667714,2594,0,0,20,0,52,18,6,15,4,20,352ecf90b67b0a72cf480d5f2990d3ea8f45c0a65a2644e7a858b4f181627dcb
W9_Q02,OFF,10,6,360866,5612,0,0,4,0,6,96,4,4,1,4,f59554bf6b558dac39020afcdc9d3261e3c200f0f612cb6818827b31bbda0408
W7_Q32,OFF,10,6,949824,4723,0,0,36,0,100,34,6,15,4,36,6bdf3735d7ed12e047353d97f7fd342934c808ba421573c6cd2474dd612f37b1
W2_Q01,OFF,10,6,211608,1797,0,0,3,2,7,3,6,15,4,5,fb4f50a52888382fd35dda056767f1188dd59b0b7db5fbe2928a5afbf6bf9f5b
W4_Q02,STRUCT_R1,10,6,807901,3684,2,0,10,1,17,67,7,76,31,11,056c94f2139c9e918446fe4f786e56b203a4febdd7cdb7d162e2b0323db5a772
W4_Q16,STRUCT,10,6,5706134,79295,0,0,66,2,132,530,22,511,31,68,7fbae5656c303ca065341c5db14fa3ef41fb196c82f59bb1c789e1f7b78b0f7a
W8_Q16,ALGSTRUCT,10,6,2325756,8167,16,1,29,1,55,178,10,168,63,30,d68e12eaec95eadd08fb1ce8e6c0dcfc893de77e4c3d4f5a64bb4b4ee29b64b3
W5_Q01,STRUCT_R2,10,6,192165,1722,0,0,3,0,3,1,4,10,4,3,7528d1a80da7ce6bed6c3efbaad136c6b237adf54f46f512a5fe79019bfef2ec
W7_Q01,ALGSTRUCT,10,6,231275,1537,0,0,5,0,7,3,6,15,4,5,70f8123fffd2af37d12a00e22d9841098c66a489d4953aae174ab2cb5014e5d7
W3_d2,STRUCT_R1,10,6,1060418,2425,9,0,11,3,24,11,8,27,5,14,b3a60a0bc9bb1633f8ca67743fa2b43eea5f58f8a512cbf173b181d8c20dfa68
W5_Q16,STRUCT,10,6,1040343,7389,0,0,48,0,48,16,34,130,4,48,15f4ec0f61204d6ef15a655140c1c86c7248fc9deed8e4c09ef3081b8b94fb64
W5_Q04,ALGSTRUCT,10,6,342701,3759,0,0,12,0,12,4,10,34,4,12,233b80e0525d1c617459998a8c1e1bc9855a2c2b10f43c6fd42648b8adae0248
W5_Q02,STRUCT_R2,10,6,225480,1851,0,0,6,0,6,2,6,18,4,6,e7741c936508103b2af3b934e316124eac7bac4773e716fb634bafee4047c0e4
W5_Q01,STRUCT_R1,10,6,200034,1464,0,0,3,0,3,1,4,10,4,3,7528d1a80da7ce6bed6c3efbaad136c6b237adf54f46f512a5fe79019bfef2ec
W9_Q02,STRUCT_R2,10,6,640363,6946,0,1,4,1,5,80,4,4,1,5,a250745debd6fd7cf3585f94dfa2ad7178c8b7c572e5ce15f0467c48475c0e9a
W4_Q16,OFF,10,6,4518421,59408,0,0,66,2,132,530,22,511,31,68,7fbae5656c303ca065341c5db14fa3ef41fb196c82f59bb1c789e1f7b78b0f7a
W9_Q32,ALGSTRUCT,10,6,5376210,18796,0,16,34,1,35,560,4,4,1,35,678046e55883cc9fe207429daab5f5da66bcc2178ee01574697097ddff7f102c
W3_d2,STRUCT,10,6,1008693,2482,0,0,11,5,35,13,10,29,5,16,bb512a3ef0db77c97656c90a9544f5958e4b52748f6a43bfdbc34ec450c82e91
W6_Q02,STRUCT_R1,10,6,326441,1537,0,0,4,2,10,4,6,15,5,6,d26b7c6c44eb2ae1342ad0eacde318e4485f70f1e0c22f44dc171d7c0f11f2c5
W6_Q01,STRUCT,10,6,274274,1501,0,0,3,2,7,3,6,15,5,5,ef852aa19070a90d167a6fc211683b2bbb6401671f4212d90e23806d1620b62f
W6_Q04,OFF,10,6,325367,1648,0,0,6,2,16,6,6,15,5,8,463695b346924b3ce3bfd76bc311a5cc5d47fb033482cc22912fc407e8f09fdf
W8_Q32,STRUCT_R2,10,6,3078713,12537,0,1,45,2,120,195,11,169,63,47,257e33fe42ff72054f90b0755280d3b57f6dc95e0ff488350c7a08c8fa00e255
W4_Q32,STRUCT_R1,10,6,23851728,207146,32,0,130,1,227,1057,37,1006,31,131,4a5be56a553c6df341c1f260562041444c20a964d5f4f3916c7966ddd0bae2e9
W9_Q01,ALGSTRUCT,10,6,437348,7185,0,0,3,0,3,48,4,4,1,3,6e63c0dab5f8b29ef9d1440bcd3711746464b7521a4243c8d32e03504a6224d2
W2_Q32,STRUCT,10,6,2157685,5795,0,0,34,2,100,34,6,15,4,36,ead1d2e3154b72c47159b745145cb82392c282dcdeeba0e877b2291c8ed45d37
W6_Q16,STRUCT_R1,10,6,1260045,5629,0,0,18,2,52,18,6,15,5,20,bb0755604375307ff8e5fd09781b80b224d9ab98fa75fb51387fe44cb24e3726
W8_Q01,OFF,10,6,900548,7092,0,0,14,2,27,164,11,169,63,16,7b06ec78e125033330eb86a638ef113771be6d17e66ade996d2cadaa30e562a7
W7_Q08,OFF,10,6,321274,2389,0,0,12,0,28,10,6,15,4,12,d13ad2add4e1d9cb21c441a8963ffbcf5f462a05d4f61331fa56b7c117fe58d1
W4_Q04,STRUCT_R2,10,6,1268192,7667,0,0,18,2,36,134,10,139,31,20,fd25718cb278dfe33c1131161ba4977814e08de24bd73801325a42bf895b4b90
W8_Q02,ALGSTRUCT,10,6,1249360,6351,2,1,15,1,27,164,10,168,63,16,652ea2e2db2a8b59e1a2373d0aa09bb6194a7176cb3cd104297a14f7ef235e6b
W7_Q32,STRUCT_R2,10,6,1120638,3556,0,0,36,0,100,34,6,15,4,36,6bdf3735d7ed12e047353d97f7fd342934c808ba421573c6cd2474dd612f37b1
W2_Q01,STRUCT_R2,10,6,288888,1906,0,0,3,2,7,3,6,15,4,5,fb4f50a52888382fd35dda056767f1188dd59b0b7db5fbe2928a5afbf6bf9f5b
W2_Q02,STRUCT_R2,10,6,330680,1557,0,0,4,2,10,4,6,15,4,6,002b88cffa362a25f201c7342c0d49bad4cd7fb10998ad8823a39c11beee6d88
W5_Q08,STRUCT_R1,10,6,794548,7796,0,0,24,0,24,8,18,66,4,24,1ec99f8159a9bf9f7216cbde66142ab941580d932ab53b67181d9941e08515a5
W2_Q04,STRUCT_R2,10,6,403088,2001,0,0,6,2,16,6,6,15,4,8,b8312387bf162a1452336c9e9e40ef1298c4a5b22cc87b54f4215f6e91104b3c
W9_Q08,ALGSTRUCT,10,6,1518062,7999,0,4,10,1,11,176,4,4,1,11,f0aee4c6a6b6511ecbc27f2fc4ef3f688cd044d5f143461208ceed4e1cea64ae
W4_Q08,ALGSTRUCT,10,6,3115083,15685,8,0,34,1,59,265,13,262,31,35,0d7db8d8f19881c77c6e7cd19e1f9d024ea9973fae56dbdbc00db2eeaa790340
W4_Q01,OFF,10,6,391014,3000,0,0,6,2,12,35,7,46,31,8,c1c4e28384d704fc6572f4a795b1b9dcd23dd585446058743d09154ee63f83a5
W7_Q04,OFF,10,6,217107,1742,0,0,8,0,16,6,6,15,4,8,64eb05b2d681af147811cd64dc0e11be812cb48952e297a71fcf6d3c013ba4a0
W2_Q08,STRUCT_R1,10,6,610680,1759,8,0,10,1,19,9,5,14,4,11,28ef291bdbdabd5779860a9dac095bdb774cc930b18dec6f9c7bf13df75550d2
W9_Q02,STRUCT,10,6,516069,4667,0,0,4,0,6,96,4,4,1,4,f59554bf6b558dac39020afcdc9d3261e3c200f0f612cb6818827b31bbda0408
W9_Q01,STRUCT_R2,10,6,410646,6388,0,0,3,0,3,48,4,4,1,3,6e63c0dab5f8b29ef9d1440bcd3711746464b7521a4243c8d32e03504a6224d2
W6_Q04,ALGSTRUCT,10,6,488662,2704,0,0,6,2,16,6,6,15,5,8,463695b346924b3ce3bfd76bc311a5cc5d47fb033482cc22912fc407e8f09fdf
W6_Q02,STRUCT_R2,10,6,317497,1630,0,0,4,2,10,4,6,15,5,6,d26b7c6c44eb2ae1342ad0eacde318e4485f70f1e0c22f44dc171d7c0f11f2c5
W4_Q08,STRUCT,10,6,2404423,16185,0,0,34,2,68,266,14,263,31,36,310b652f3a487a64261e67b69ca4bd659f7cd91c74be37afd64d6187457e8bdc
W7_Q04,ALGSTRUCT,10,6,308738,1574,0,0,8,0,16,6,6,15,4,8,64eb05b2d681af147811cd64dc0e11be812cb48952e297a71fcf6d3c013ba4a0
W5_Q16,STRUCT_R2,10,6,1002490,6945,0,0,48,0,48,16,34,130,4,48,15f4ec0f61204d6ef15a655140c1c86c7248fc9deed8e4c09ef3081b8b94fb64
W2_Q02,STRUCT,10,6,324959,1464,0,0,4,2,10,4,6,15,4,6,002b88cffa362a25f201c7342c0d49bad4cd7fb10998ad8823a39c11beee6d88
W6_Q01,STRUCT_R2,10,6,267758,1407,0,0,3,2,7,3,6,15,5,5,ef852aa19070a90d167a6fc211683b2bbb6401671f4212d90e23806d1620b62f
W8_Q04,STRUCT,10,6,1182471,5777,0,0,17,2,36,167,11,169,63,19,683043cf53c296ea0d43a0c383a5a5aa5dfae2adbc542c677c919239829da206
W4_Q32,OFF,10,6,9239471,155351,0,0,130,2,260,1058,38,1007,31,132,068ad024181661f75503372002890dd704cd730c5fc591fd65590a6d532c145d
W6_Q08,STRUCT_R1,10,6,605644,2128,0,0,10,2,28,10,6,15,5,12,0d426ef82e54bf37e16bebf86ad11b160059eb28202264ca816d50ab17a2aa06
W9_Q16,STRUCT_R1,10,6,2828028,10464,0,0,18,2,22,352,4,4,1,20,ff9866380da95df98e4375770d21fe162b02c0b8b05b75e939b18d0d711c4c04
W6_Q02,OFF,10,6,244055,1610,0,0,4,2,10,4,6,15,5,6,d26b7c6c44eb2ae1342ad0eacde318e4485f70f1e0c22f44dc171d7c0f11f2c5
W9_Q04,STRUCT_R1,10,6,1176101,6703,0,0,6,2,10,160,4,4,1,8,a25fcd6d9b6930c5a5e472a5d4b9da9d0423cec22fe64a49a0e3364286ad6c7b
W4_Q32,ALGSTRUCT,10,6,18580201,57740,32,0,130,1,227,1057,37,1006,31,131,4a5be56a553c6df341c1f260562041444c20a964d5f4f3916c7966ddd0bae2e9
W9_Q16,STRUCT,10,6,2783973,9001,0,0,18,2,22,352,4,4,1,20,ff9866380da95df98e4375770d21fe162b02c0b8b05b75e939b18d0d711c4c04
W9_Q01,STRUCT_R1,10,6,338811,3778,0,0,3,0,3,48,4,4,1,3,6e63c0dab5f8b29ef9d1440bcd3711746464b7521a4243c8d32e03504a6224d2
W8_Q32,STRUCT,10,6,2850511,8463,0,0,45,2,120,195,11,169,63,47,257e33fe42ff72054f90b0755280d3b57f6dc95e0ff488350c7a08c8fa00e255
W4_Q02,STRUCT,10,6,695603,4020,0,0,10,2,20,68,8,77,31,12,c082fb0620ac05b05065135ca996c9564b57d8a79b47964aa54b86c16cd0659f
W8_Q08,STRUCT,10,6,1468374,6538,0,0,21,2,48,171,11,169,63,23,6202056e7f9106d89fc2c03650e5a38d69f704cc369ba9e689bf413e5f7173e1
W7_Q04,STRUCT,10,6,290830,1630,0,0,8,0,16,6,6,15,4,8,64eb05b2d681af147811cd64dc0e11be812cb48952e297a71fcf6d3c013ba4a0
W4_Q16,STRUCT_R2,10,6,4735974,27871,0,0,66,2,132,530,22,511,31,68,7fbae5656c303ca065341c5db14fa3ef41fb196c82f59bb1c789e1f7b78b0f7a
W5_Q08,STRUCT_R2,10,6,538698,3093,0,0,24,0,24,8,18,66,4,24,1ec99f8159a9bf9f7216cbde66142ab941580d932ab53b67181d9941e08515a5
W8_Q01,STRUCT_R1,10,6,1103453,5666,1,0,14,1,25,163,10,168,63,15,fdd35fe24122be542f9944d55e73c67d2cd28afd3fd1ff25e723a080e5d2dad8
W3_d2,ALGSTRUCT,10,6,975640,1962,9,0,11,3,24,11,8,27,5,14,b3a60a0bc9bb1633f8ca67743fa2b43eea5f58f8a512cbf173b181d8c20dfa68
W5_Q32,STRUCT_R1,10,6,2223740,9758,0,0,96,0,96,32,66,258,4,96,ad908136f049b66ae4b1e1c3f252d7a2ebead009fab3f7177d4babd24fcbec6a
W7_Q08,STRUCT_R1,10,6,413236,1779,0,0,12,0,28,10,6,15,4,12,d13ad2add4e1d9cb21c441a8963ffbcf5f462a05d4f61331fa56b7c117fe58d1
W8_Q01,STRUCT,10,6,1003565,5667,0,0,14,2,27,164,11,169,63,16,7b06ec78e125033330eb86a638ef113771be6d17e66ade996d2cadaa30e562a7
W6_Q16,STRUCT,10,6,989603,2203,0,0,18,2,52,18,6,15,5,20,bb0755604375307ff8e5fd09781b80b224d9ab98fa75fb51387fe44cb24e3726
W5_Q08,OFF,10,6,449330,2573,0,0,24,0,24,8,18,66,4,24,1ec99f8159a9bf9f7216cbde66142ab941580d932ab53b67181d9941e08515a5
W2_Q04,STRUCT,10,6,408737,1722,0,0,6,2,16,6,6,15,4,8,b8312387bf162a1452336c9e9e40ef1298c4a5b22cc87b54f4215f6e91104b3c
W9_Q32,STRUCT_R1,10,6,5235656,13389,0,0,34,2,38,608,4,4,1,36,f9b4de382a62f7ddf0ae716d829e6d3204b079918eba11b5d003aed0f308e9a0
W8_Q04,STRUCT_R2,10,6,1175415,5759,0,1,17,2,36,167,11,169,63,19,683043cf53c296ea0d43a0c383a5a5aa5dfae2adbc542c677c919239829da206
W9_Q08,STRUCT_R1,10,6,1597820,7166,0,0,10,2,14,224,4,4,1,12,4c97cc82f3dbf6bc2a6de325d199b0cb65ffca732846069f84ea5618bb19fcfd
W5_Q32,OFF,10,6,1846038,11538,0,0,96,0,96,32,66,258,4,96,ad908136f049b66ae4b1e1c3f252d7a2ebead009fab3f7177d4babd24fcbec6a
W7_Q32,STRUCT_R1,10,6,1212490,3369,0,0,36,0,100,34,6,15,4,36,6bdf3735d7ed12e047353d97f7fd342934c808ba421573c6cd2474dd612f37b1
W6_Q32,STRUCT_R1,10,6,1984000,3204,0,0,34,2,100,34,6,15,5,36,e27ba2fd4a248e13e86f6fd51f6578ca7bbe37b27fb6c62f3d2e37c16ce58156
W2_Q08,OFF,10,6,464145,1888,0,0,10,2,28,10,6,15,4,12,e121069670786ba8fbe3100d624a17638d4611a34b02647058710f2e3db6a9c9
W9_Q08,OFF,10,6,922066,6388,0,0,10,0,24,384,4,4,1,10,ae43d04dfb0cf7afbfdc83558714cd1da89c64e7c6d49325a19de9764156762a
W7_Q16,OFF,10,6,484996,2000,0,0,20,0,52,18,6,15,4,20,352ecf90b67b0a72cf480d5f2990d3ea8f45c0a65a2644e7a858b4f181627dcb
W8_Q16,STRUCT_R2,10,6,1849596,7369,0,1,29,2,72,179,11,169,63,31,75d1b16c15c201143eb0f00e84429326ead193544062ed0323b47e7914fd575d
W4_Q02,OFF,10,6,580773,3926,0,0,10,2,20,68,8,77,31,12,c082fb0620ac05b05065135ca996c9564b57d8a79b47964aa54b86c16cd0659f
W2_Q16,STRUCT_R2,10,6,990656,2575,0,0,18,2,52,18,6,15,4,20,f53a43e02a6f7be38b5d23a92cce7a6f0c7e7deac086e97841ea021c93a5a893
W7_Q02,STRUCT,10,6,243960,1815,0,0,6,0,10,4,6,15,4,6,b1d2efac79748ca32ad60ca241d894721be3c3795c13e31e47e01dad1cb5a5f1
W8_Q16,STRUCT_R1,10,6,2188257,6316,16,0,29,1,55,178,10,168,63,30,d68e12eaec95eadd08fb1ce8e6c0dcfc893de77e4c3d4f5a64bb4b4ee29b64b3
W2_Q16,ALGSTRUCT,10,6,1055676,2092,16,0,18,1,35,17,5,14,4,19,6874ea3fe8a08c7af5d8752f9a4557e5d01bc066a937913a1e427661cbb540c4
W3_d3,STRUCT_R1,10,6,1403579,2297,10,0,12,5,29,13,11,43,8,17,16f1a8e88d7f920d91f3a177d0789d4761bf8768a0ac71ebce1f9f2282714954
W6_Q04,STRUCT_R1,10,6,409162,1408,0,0,6,2,16,6,6,15,5,8,463695b346924b3ce3bfd76bc311a5cc5d47fb033482cc22912fc407e8f09fdf
W4_Q02,STRUCT_R2,10,6,693846,3667,0,0,10,2,20,68,8,77,31,12,c082fb0620ac05b05065135ca996c9564b57d8a79b47964aa54b86c16cd0659f
W8_Q04,STRUCT_R1,10,6,1292600,5592,4,0,17,1,31,166,10,168,63,18,1ff2b9471d9cd2dd9078b74afc728460463e46c3102cf6da6b805d7f73e4899a
W4_Q04,STRUCT_R1,10,6,1466950,6907,4,0,18,1,31,133,9,138,31,19,fc880fdc081349aa9e95db821628814a11fa6271dfea15fd511d230a5fbbf819
W2_Q01,STRUCT,10,6,259850,1555,0,0,3,2,7,3,6,15,4,5,fb4f50a52888382fd35dda056767f1188dd59b0b7db5fbe2928a5afbf6bf9f5b
W7_Q32,STRUCT,10,6,1136824,3314,0,0,36,0,100,34,6,15,4,36,6bdf3735d7ed12e047353d97f7fd342934c808ba421573c6cd2474dd612f37b1
W2_Q01,STRUCT_R1,10,6,270700,1334,1,0,3,1,5,2,5,14,4,4,2474f5c3c44c2292e8653ad95f4f21ec80fa6c72b730d7761807baa6c04c0270
W3_d1,STRUCT,10,6,580829,1925,0,0,10,2,28,10,6,15,4,12,a54c74b256ab2c5cf00e4072ff680215ee9ddba8ea28d33e07bfd46dd0370227
W2_Q02,ALGSTRUCT,10,6,318479,1611,2,0,4,1,7,3,5,14,4,5,d8adac9423435c6f23a5e314f4d31430db516714fee41508dcac1bc6af0e6f0c
W9_Q04,STRUCT_R2,10,6,999324,5315,0,2,6,1,7,112,4,4,1,7,7e3f7232eefdc535f0f8be36c1c724fab7de36a2740821784506d96a09bd30b3
W6_Q08,STRUCT,10,6,581847,1722,0,0,10,2,28,10,6,15,5,12,0d426ef82e54bf37e16bebf86ad11b160059eb28202264ca816d50ab17a2aa06
W9_Q32,OFF,10,6,3484245,15445,0,0,34,0,96,1536,4,4,1,34,13dfd65212c03f91a3168cac28f16ba616ce21a6c4d7fb7bf5b25f0167fbc71b
W8_Q08,ALGSTRUCT,10,6,1648949,6277,8,1,21,1,39,170,10,168,63,22,dfb50a16d91192e00318e4ac61c06d5403d37554d2e61726115b9e5e96a90617
W6_Q01,ALGSTRUCT,10,6,263239,1277,0,0,3,2,7,3,6,15,5,5,ef852aa19070a90d167a6fc211683b2bbb6401671f4212d90e23806d1620b62f
W1,OFF,10,6,200850,1555,0,0,3,2,7,3,6,15,4,5,4b26ed307e0166f8d1fa59ea1e874899e41c5fd882be9ef62f84eb3685bb70b7
W7_Q16,STRUCT_R2,11,6,600809,2426,0,0,20,0,52,18,6,15,4,20,352ecf90b67b0a72cf480d5f2990d3ea8f45c0a65a2644e7a858b4f181627dcb
W5_Q16,ALGSTRUCT,11,6,1022344,4795,0,0,48,0,48,16,34,130,4,48,15f4ec0f61204d6ef15a655140c1c86c7248fc9deed8e4c09ef3081b8b94fb64
W9_Q01,STRUCT_R1,11,6,338330,4222,0,0,3,0,3,48,4,4,1,3,6e63c0dab5f8b29ef9d1440bcd3711746464b7521a4243c8d32e03504a6224d2
W9_Q16,ALGSTRUCT,11,6,2647587,8981,0,8,18,1,19,304,4,4,1,19,44cdb1eb48242e36e60587a8e97fc1204f774ee018380c18a625f9abe3ce3ce8
W4_Q08,STRUCT,11,6,2363830,14149,0,0,34,2,68,266,14,263,31,36,310b652f3a487a64261e67b69ca4bd659f7cd91c74be37afd64d6187457e8bdc
W6_Q08,ALGSTRUCT,11,6,598641,1835,0,0,10,2,28,10,6,15,5,12,0d426ef82e54bf37e16bebf86ad11b160059eb28202264ca816d50ab17a2aa06
W4_Q04,OFF,11,6,1082751,6776,0,0,18,2,36,134,10,139,31,20,fd25718cb278dfe33c1131161ba4977814e08de24bd73801325a42bf895b4b90
W5_Q02,STRUCT,11,6,220999,1925,0,0,6,0,6,2,6,18,4,6,e7741c936508103b2af3b934e316124eac7bac4773e716fb634bafee4047c0e4
W2_Q01,STRUCT_R2,11,6,259071,1686,0,0,3,2,7,3,6,15,4,5,fb4f50a52888382fd35dda056767f1188dd59b0b7db5fbe2928a5afbf6bf9f5b
W7_Q01,ALGSTRUCT,11,6,225517,1278,0,0,5,0,7,3,6,15,4,5,70f8123fffd2af37d12a00e22d9841098c66a489d4953aae174ab2cb5014e5d7
W7_Q04,STRUCT,11,6,293794,1407,0,0,8,0,16,6,6,15,4,8,64eb05b2d681af147811cd64dc0e11be812cb48952e297a71fcf6d3c013ba4a0
W9_Q02,STRUCT,11,6,485179,4724,0,0,4,0,6,96,4,4,1,4,f59554bf6b558dac39020afcdc9d3261e3c200f0f612cb6818827b31bbda0408
W7_Q32,OFF,11,6,908065,3056,0,0,36,0,100,34,6,15,4,36,6bdf3735d7ed12e047353d97f7fd342934c808ba421573c6cd2474dd612f37b1
W8_Q02,ALGSTRUCT,11,6,1152601,5499,2,1,15,1,27,164,10,168,63,16,652ea2e2db2a8b59e1a2373d0aa09bb6194a7176cb3cd104297a14f7ef235e6b
W4_Q08,OFF,11,6,2008390,11832,0,0,34,2,68,266,14,263,31,36,310b652f3a487a64261e67b69ca4bd659f7cd91c74be37afd64d6187457e8bdc
W6_Q08,STRUCT_R1,11,6,588050,1556,0,0,10,2,28,10,6,15,5,12,0d426ef82e54bf37e16bebf86ad11b160059eb28202264ca816d50ab17a2aa06
W2_Q32,ALGSTRUCT,11,6,2233165,3370,32,0,34,1,67,33,5,14,4,35,aa6152b6f2b2227ea71db0831b5f58d2dce2bdcb6db5c4bb5d1fb235d1201ed1
W3_d1,STRUCT_R1,11,6,576978,1721,8,0,10,1,19,9,5,14,4,11,51eaee63f5c885c3fa7e71093e89c7ff61bea1c09d51d95c588c39ddf452f383
W6_Q02,STRUCT_R2,11,6,312071,1667,0,0,4,2,10,4,6,15,5,6,d26b7c6c44eb2ae1342ad0eacde318e4485f70f1e0c22f44dc171d7c0f11f2c5
W9_Q32,STRUCT_R1,11,6,5399173,13481,0,0,34,2,38,608,4,4,1,36,f9b4de382a62f7ddf0ae716d829e6d3204b079918eba11b5d003aed0f308e9a0
W2_Q04,STRUCT_R1,11,6,411884,1519,4,0,6,1,11,5,5,14,4,7,e3e1c95caf3c6465ad04568b51f69fe26be853a4ad44521756f63edd123351f8
W7_Q32,STRUCT_R1,11,6,1162155,3779,0,0,36,0,100,34,6,15,4,36,6bdf3735d7ed12e047353d97f7fd342934c808ba421573c6cd2474dd612f37b1
W9_Q01,OFF,11,6,225739,3092,0,0,3,0,3,48,4,4,1,3,6e63c0dab5f8b29ef9d1440bcd3711746464b7521a4243c8d32e03504a6224d2
W9_Q04,STRUCT_R2,11,6,980213,6574,0,2,6,1,7,112,4,4,1,7,7e3f7232eefdc535f0f8be36c1c724fab7de36a2740821784506d96a09bd30b3
W9_Q01,ALGSTRUCT,11,6,338219,3593,0,0,3,0,3,48,4,4,1,3,6e63c0dab5f8b29ef9d1440bcd3711746464b7521a4243c8d32e03504a6224d2
W3_d2,STRUCT,11,6,969011,2221,0,0,11,5,35,13,10,29,5,16,bb512a3ef0db77c97656c90a9544f5958e4b52748f6a43bfdbc34ec450c82e91
W2_Q04,ALGSTRUCT,11,6,410773,1408,4,0,6,1,11,5,5,14,4,7,e3e1c95caf3c6465ad04568b51f69fe26be853a4ad44521756f63edd123351f8
W5_Q04,OFF,11,6,246072,2092,0,0,12,0,12,4,10,34,4,12,233b80e0525d1c617459998a8c1e1bc9855a2c2b10f43c6fd42648b8adae0248
W5_Q32,OFF,11,6,1835836,9258,0,0,96,0,96,32,66,258,4,96,ad908136f049b66ae4b1e1c3f252d7a2ebead009fab3f7177d4babd24fcbec6a
W4_Q08,STRUCT_R2,11,6,2321682,14297,0,0,34,2,68,266,14,263,31,36,310b652f3a487a64261e67b69ca4bd659f7cd91c74be37afd64d6187457e8bdc
W2_Q08,ALGSTRUCT,11,6,596160,1945,8,0,10,1,19,9,5,14,4,11,28ef291bdbdabd5779860a9dac095bdb774cc930b18dec6f9c7bf13df75550d2
W8_Q01,ALGSTRUCT,11,6,1090583,5648,1,1,14,1,25,163,10,168,63,15,fdd35fe24122be542f9944d55e73c67d2cd28afd3fd1ff25e723a080e5d2dad8
W3_d2,STRUCT_R1,11,6,971325,1907,9,0,11,3,24,11,8,27,5,14,b3a60a0bc9bb1633f8ca67743fa2b43eea5f58f8a512cbf173b181d8c20dfa68
W5_Q32,STRUCT_R2,11,6,1995298,9925,0,0,96,0,96,32,66,258,4,96,ad908136f049b66ae4b1e1c3f252d7a2ebead009fab3f7177d4babd24fcbec6a
W4_Q02,STRUCT_R2,11,6,686178,3964,0,0,10,2,20,68,8,77,31,12,c082fb0620ac05b05065135ca996c9564b57d8a79b47964aa54b86c16cd0659f
W3_d3,STRUCT_R2,11,6,1397784,2703,0,0,12,8,42,16,14,46,8,20,d0de00aa950042ce2df3a1aacd87b83395b88f62201b4b0ee4f6f67dba5bbb2b
W9_Q08,STRUCT,11,6,1598559,7037,0,0,10,2,14,224,4,4,1,12,4c97cc82f3dbf6bc2a6de325d199b0cb65ffca732846069f84ea5618bb19fcfd
W7_Q04,STRUCT_R2,11,6,289793,1686,0,0,8,0,16,6,6,15,4,8,64eb05b2d681af147811cd64dc0e11be812cb48952e297a71fcf6d3c013ba4a0
W6_Q16,STRUCT,11,6,1013158,2574,0,0,18,2,52,18,6,15,5,20,bb0755604375307ff8e5fd09781b80b224d9ab98fa75fb51387fe44cb24e3726
W8_Q16,STRUCT,11,6,1872816,7445,0,0,29,2,72,179,11,169,63,31,75d1b16c15c201143eb0f00e84429326ead193544062ed0323b47e7914fd575d
W9_Q08,STRUCT_R2,11,6,1470062,7258,0,4,10,1,11,176,4,4,1,11,f0aee4c6a6b6511ecbc27f2fc4ef3f688cd044d5f143461208ceed4e1cea64ae
W9_Q02,STRUCT_R2,11,6,635365,4889,0,1,4,1,5,80,4,4,1,5,a250745debd6fd7cf3585f94dfa2ad7178c8b7c572e5ce15f0467c48475c0e9a
W4_Q16,ALGSTRUCT,11,6,7174027,25593,16,0,66,1,115,529,21,510,31,67,c4cb6b036cc3a61a0d0502a6d94307b09dd7e159ba9b445a83ebed14f5c8ebe1
W7_Q16,ALGSTRUCT,11,6,633253,2038,0,0,20,0,52,18,6,15,4,20,352ecf90b67b0a72cf480d5f2990d3ea8f45c0a65a2644e7a858b4f181627dcb
W7_Q08,STRUCT_R2,11,6,401940,2000,0,0,12,0,28,10,6,15,4,12,d13ad2add4e1d9cb21c441a8963ffbcf5f462a05d4f61331fa56b7c117fe58d1
W7_Q08,ALGSTRUCT,11,6,416812,1555,0,0,12,0,28,10,6,15,4,12,d13ad2add4e1d9cb21c441a8963ffbcf5f462a05d4f61331fa56b7c117fe58d1
W8_Q32,OFF,11,6,2376275,8518,0,0,45,2,120,195,11,169,63,47,257e33fe42ff72054f90b0755280d3b57f6dc95e0ff488350c7a08c8fa00e255
W5_Q16,STRUCT,11,6,977621,4259,0,0,48,0,48,16,34,130,4,48,15f4ec0f61204d6ef15a655140c1c86c7248fc9deed8e4c09ef3081b8b94fb64
W8_Q01,STRUCT_R2,11,6,1020121,5999,0,1,14,2,27,164,11,169,63,16,7b06ec78e125033330eb86a638ef113771be6d17e66ade996d2cadaa30e562a7
W4_Q32,STRUCT,11,6,9742171,59536,0,0,130,2,260,1058,38,1007,31,132,068ad024181661f75503372002890dd704cd730c5fc591fd65590a6d532c145d
W6_Q02,STRUCT,11,6,313684,1573,0,0,4,2,10,4,6,15,5,6,d26b7c6c44eb2ae1342ad0eacde318e4485f70f1e0c22f44dc171d7c0f11f2c5
W2_Q08,STRUCT_R1,11,6,584420,1759,8,0,10,1,19,9,5,14,4,11,28ef291bdbdabd5779860a9dac095bdb774cc930b18dec6f9c7bf13df75550d2
W7_Q01,STRUCT_R1,11,6,220479,1241,0,0,5,0,7,3,6,15,4,5,70f8123fffd2af37d12a00e22d9841098c66a489d4953aae174ab2cb5014e5d7
W8_Q32,STRUCT_R1,11,6,3826410,7944,32,0,45,1,87,194,10,168,63,46,45e69b1796e998f7df6d485c516cc0751375b53ec01f0a7673d473a9ec217a0e
W7_Q01,STRUCT,11,6,224756,1538,0,0,5,0,7,3,6,15,4,5,70f8123fffd2af37d12a00e22d9841098c66a489d4953aae174ab2cb5014e5d7
W4_Q08,STRUCT_R1,11,6,2990916,13575,8,0,34,1,59,265,13,262,31,35,0d7db8d8f19881c77c6e7cd19e1f9d024ea9973fae56dbdbc00db2eeaa790340
W7_Q02,STRUCT_R2,11,6,243682,1279,0,0,6,0,10,4,6,15,4,6,b1d2efac79748ca32ad60ca241d894721be3c3795c13e31e47e01dad1cb5a5f1
W7_Q32,STRUCT,11,6,1148415,3149,0,0,36,0,100,34,6,15,4,36,6bdf3735d7ed12e047353d97f7fd342934c808ba421573c6cd2474dd612f37b1
W7_Q01,STRUCT_R2,11,6,218036,1407,0,0,5,0,7,3,6,15,4,5,70f8123fffd2af37d12a00e22d9841098c66a489d4953aae174ab2cb5014e5d7
W7_Q16,OFF,11,6,492902,2686,0,0,20,0,52,18,6,15,4,20,352ecf90b67b0a72cf480d5f2990d3ea8f45c0a65a2644e7a858b4f181627dcb
W2_Q04,STRUCT,11,6,402016,1592,0,0,6,2,16,6,6,15,4,8,b8312387bf162a1452336c9e9e40ef1298c4a5b22cc87b54f4215f6e91104b3c
W5_Q04,STRUCT_R1,11,6,320813,2018,0,0,12,0,12,4,10,34,4,12,233b80e0525d1c617459998a8c1e1bc9855a2c2b10f43c6fd42648b8adae0248
W8_Q02,STRUCT_R1,11,6,1165341,5408,2,0,15,1,27,164,10,168,63,16,652ea2e2db2a8b59e1a2373d0aa09bb6194a7176cb3cd104297a14f7ef235e6b
W5_Q08,STRUCT_R2,11,6,524737,2554,0,0,24,0,24,8,18,66,4,24,1ec99f8159a9bf9f7216cbde66142ab941580d932ab53b67181d9941e08515a5
W9_Q02,STRUCT_R1,11,6,477496,3018,0,0,4,0,6,96,4,4,1,4,f59554bf6b558dac39020afcdc9d3261e3c200f0f612cb6818827b31bbda0408
W4_Q02,OFF,11,6,583902,3870,0,0,10,2,20,68,8,77,31,12,c082fb0620ac05b05065135ca996c9564b57d8a79b47964aa54b86c16cd0659f
W4_Q16,STRUCT,11,6,4830475,26944,0,0,66,2,132,530,22,511,31,68,7fbae5656c303ca065341c5db14fa3ef41fb196c82f59bb1c789e1f7b78b0f7a
W2_Q16,OFF,11,6,814048,2741,0,0,18,2,52,18,6,15,4,20,f53a43e02a6f7be38b5d23a92cce7a6f0c7e7deac086e97841ea021c93a5a893
W9_Q04,STRUCT_R1,11,6,1105397,5444,0,0,6,2,10,160,4,4,1,8,a25fcd6d9b6930c5a5e472a5d4b9da9d0423cec22fe64a49a0e3364286ad6c7b
W2_Q01,ALGSTRUCT,11,6,274330,1260,1,0,3,1,5,2,5,14,4,4,2474f5c3c44c2292e8653ad95f4f21ec80fa6c72b730d7761807baa6c04c0270
W8_Q04,STRUCT,11,6,1184989,5815,0,0,17,2,36,167,11,169,63,19,683043cf53c296ea0d43a0c383a5a5aa5dfae2adbc542c677c919239829da206
W2_Q01,STRUCT_R1,11,6,272848,1205,1,0,3,1,5,2,5,14,4,4,2474f5c3c44c2292e8653ad95f4f21ec80fa6c72b730d7761807baa6c04c0270
W2_Q16,ALGSTRUCT,11,6,1051805,2000,16,0,18,1,35,17,5,14,4,19,6874ea3fe8a08c7af5d8752f9a4557e5d01bc066a937913a1e427661cbb540c4
W8_Q32,ALGSTRUCT,11,6,3908205,8037,32,1,45,1,87,194,10,168,63,46,45e69b1796e998f7df6d485c516cc0751375b53ec01f0a7673d473a9ec217a0e
W4_Q32,ALGSTRUCT,11,6,18723477,61111,32,0,130,1,227,1057,37,1006,31,131,4a5be56a553c6df341c1f260562041444c20a964d5f4f3916c7966ddd0bae2e9
W8_Q01,STRUCT,11,6,996136,5743,0,0,14,2,27,164,11,169,63,16,7b06ec78e125033330eb86a638ef113771be6d17e66ade996d2cadaa30e562a7
W4_Q04,ALGSTRUCT,11,6,1460040,6446,4,0,18,1,31,133,9,138,31,19,fc880fdc081349aa9e95db821628814a11fa6271dfea15fd511d230a5fbbf819
W1,STRUCT,11,6,259221,1481,0,0,3,2,7,3,6,15,4,5,4b26ed307e0166f8d1fa59ea1e874899e41c5fd882be9ef62f84eb3685bb70b7
W6_Q32,STRUCT_R1,11,6,1994038,3647,0,0,34,2,100,34,6,15,5,36,e27ba2fd4a248e13e86f6fd51f6578ca7bbe37b27fb6c62f3d2e37c16ce58156
W4_Q01,ALGSTRUCT,11,6,490163,2203,1,0,6,1,10,34,6,45,31,7,2a2742010b3f20f3e0b7616f059bcf47256e350d22af5b1d3a055aa5eee736e9
W8_Q32,STRUCT,11,6,2841123,8499,0,0,45,2,120,195,11,169,63,47,257e33fe42ff72054f90b0755280d3b57f6dc95e0ff488350c7a08c8fa00e255
W5_Q08,STRUCT,11,6,533811,3073,0,0,24,0,24,8,18,66,4,24,1ec99f8159a9bf9f7216cbde66142ab941580d932ab53b67181d9941e08515a5
W6_Q01,STRUCT_R1,11,6,267072,1314,0,0,3,2,7,3,6,15,5,5,ef852aa19070a90d167a6fc211683b2bbb6401671f4212d90e23806d1620b62f
W2_Q16,STRUCT_R1,11,6,1044619,1945,16,0,18,1,35,17,5,14,4,19,6874ea3fe8a08c7af5d8752f9a4557e5d01bc066a937913a1e427661cbb540c4
W3_d3,STRUCT,11,6,1440692,2499,0,0,12,8,42,16,14,46,8,20,d0de00aa950042ce2df3a1aacd87b83395b88f62201b4b0ee4f6f67dba5bbb2b
W5_Q04,STRUCT,11,6,318480,1906,0,0,12,0,12,4,10,34,4,12,233b80e0525d1c617459998a8c1e1bc9855a2c2b10f43c6fd42648b8adae0248
W8_Q32,STRUCT_R2,11,6,2837936,8279,0,1,45,2,120,195,11,169,63,47,257e33fe42ff72054f90b0755280d3b57f6dc95e0ff488350c7a08c8fa00e255
W4_Q32,STRUCT_R1,11,6,18390535,51630,32,0,130,1,227,1057,37,1006,31,131,4a5be56a553c6df341c1f260562041444c20a964d5f4f3916c7966ddd0bae2e9
W4_Q16,OFF,11,6,4259091,27592,0,0,66,2,132,530,22,511,31,68,7fbae5656c303ca065341c5db14fa3ef41fb196c82f59bb1c789e1f7b78b0f7a
W6_Q04,STRUCT,11,6,405737,1574,0,0,6,2,16,6,6,15,5,8,463695b346924b3ce3bfd76bc311a5cc5d47fb033482cc22912fc407e8f09fdf
W6_Q16,OFF,11,6,810585,2537,0,0,18,2,52,18,6,15,5,20,bb0755604375307ff8e5fd09781b80b224d9ab98fa75fb51387fe44cb24e3726
W9_Q04,OFF,11,6,606663,4665,0,0,6,0,12,192,4,4,1,6,6dad93323aff1013501fa90b58e0e48741ec6d807386799264c78a900e9e11d0
W6_Q08,STRUCT,11,6,578495,1796,0,0,10,2,28,10,6,15,5,12,0d426ef82e54bf37e16bebf86ad11b160059eb28202264ca816d50ab17a2aa06
W7_Q08,STRUCT_R1,11,6,409014,1760,0,0,12,0,28,10,6,15,4,12,d13ad2add4e1d9cb21c441a8963ffbcf5f462a05d4f61331fa56b7c117fe58d1
W8_Q16,OFF,11,6,1549836,6557,0,0,29,2,72,179,11,169,63,31,75d1b16c15c201143eb0f00e84429326ead193544062ed0323b47e7914fd575d
W2_Q32,STRUCT,11,6,1879705,3444,0,0,34,2,100,34,6,15,4,36,ead1d2e3154b72c47159b745145cb82392c282dcdeeba0e877b2291c8ed45d37
W9_Q01,STRUCT,11,6,337849,4018,0,0,3,0,3,48,4,4,1,3,6e63c0dab5f8b29ef9d1440bcd3711746464b7521a4243c8d32e03504a6224d2
W8_Q08,STRUCT_R1,11,6,1630614,6186,8,0,21,1,39,170,10,168,63,22,dfb50a16d91192e00318e4ac61c06d5403d37554d2e61726115b9e5e96a90617
W7_Q01,OFF,11,6,153517,1537,0,0,5,0,7,3,6,15,4,5,70f8123fffd2af37d12a00e22d9841098c66a489d4953aae174ab2cb5014e5d7
W8_Q04,STRUCT_R2,11,6,1179841,5815,0,1,17,2,36,167,11,169,63,19,683043cf53c296ea0d43a0c383a5a5aa5dfae2adbc542c677c919239829da206
W7_Q02,OFF,11,6,171517,1518,0,0,6,0,10,4,6,15,4,6,b1d2efac79748ca32ad60ca241d894721be3c3795c13e31e47e01dad1cb5a5f1
W6_Q32,OFF,11,6,1584708,3222,0,0,34,2,100,34,6,15,5,36,e27ba2fd4a248e13e86f6fd51f6578ca7bbe37b27fb6c62f3d2e37c16ce58156
W6_Q02,OFF,11,6,253015,1612,0,0,4,2,10,4,6,15,5,6,d26b7c6c44eb2ae1342ad0eacde318e4485f70f1e0c22f44dc171d7c0f11f2c5
W3_d1,STRUCT_R2,11,6,568123,1908,0,0,10,2,28,10,6,15,4,12,a54c74b256ab2c5cf00e4072ff680215ee9ddba8ea28d33e07bfd46dd0370227
W7_Q02,STRUCT,11,6,244034,1501,0,0,6,0,10,4,6,15,4,6,b1d2efac79748ca32ad60ca241d894721be3c3795c13e31e47e01dad1cb5a5f1
W9_Q16,OFF,11,6,1744133,8481,0,0,18,0,48,768,4,4,1,18,43b7f4efcb619e6e3fc5fc66e7827f4bb8130a24a5905f5ce4efe6114dbfdbd3
W2_Q01,STRUCT,11,6,260312,1482,0,0,3,2,7,3,6,15,4,5,fb4f50a52888382fd35dda056767f1188dd59b0b7db5fbe2928a5afbf6bf9f5b
W5_Q08,OFF,11,6,442643,2834,0,0,24,0,24,8,18,66,4,24,1ec99f8159a9bf9f7216cbde66142ab941580d932ab53b67181d9941e08515a5
W9_Q32,STRUCT_R2,11,6,5038435,12018,0,16,34,1,35,560,4,4,1,35,678046e55883cc9fe207429daab5f5da66bcc2178ee01574697097ddff7f102c
W2_Q02,STRUCT_R1,11,6,318405,1499,2,0,4,1,7,3,5,14,4,5,d8adac9423435c6f23a5e314f4d31430db516714fee41508dcac1bc6af0e6f0c
W4_Q01,OFF,11,6,365443,2610,0,0,6,2,12,35,7,46,31,8,c1c4e28384d704fc6572f4a795b1b9dcd23dd585446058743d09154ee63f83a5
W6_Q04,OFF,11,6,311850,1648,0,0,6,2,16,6,6,15,5,8,463695b346924b3ce3bfd76bc311a5cc5d47fb033482cc22912fc407e8f09fdf
W5_Q04,STRUCT_R2,11,6,329182,2371,0,0,12,0,12,4,10,34,4,12,233b80e0525d1c617459998a8c1e1bc9855a2c2b10f43c6fd42648b8adae0248
W5_Q02,ALGSTRUCT,11,6,225259,1406,0,0,6,0,6,2,6,18,4,6,e7741c936508103b2af3b934e316124eac7bac4773e716fb634bafee4047c0e4
W2_Q32,OFF,11,6,1550171,3167,0,0,34,2,100,34,6,15,4,36,ead1d2e3154b72c47159b745145cb82392c282dcdeeba0e877b2291c8ed45d37
W3_d2,STRUCT_R2,11,6,959212,2168,0,0,11,5,35,13,10,29,5,16,bb512a3ef0db77c97656c90a9544f5958e4b52748f6a43bfdbc34ec450c82e91
W4_Q32,OFF,11,6,8665606,72277,0,0,130,2,260,1058,38,1007,31,132,068ad024181661f75503372002890dd704cd730c5fc591fd65590a6d532c145d
W6_Q16,ALGSTRUCT,11,6,1016213,2371,0,0,18,2,52,18,6,15,5,20,bb0755604375307ff8e5fd09781b80b224d9ab98fa75fb51387fe44cb24e3726
W7_Q32,STRUCT_R2,11,6,1117379,3222,0,0,36,0,100,34,6,15,4,36,6bdf3735d7ed12e047353d97f7fd342934c808ba421573c6cd2474dd612f37b1
W7_Q32,ALGSTRUCT,11,6,1173452,3408,0,0,36,0,100,34,6,15,4,36,6bdf3735d7ed12e047353d97f7fd342934c808ba421573c6cd2474dd612f37b1
W2_Q02,OFF,11,6,242312,1926,0,0,4,2,10,4,6,15,4,6,002b88cffa362a25f201c7342c0d49bad4cd7fb10998ad8823a39c11beee6d88
W4_Q02,STRUCT,11,6,698975,4667,0,0,10,2,20,68,8,77,31,12,c082fb0620ac05b05065135ca996c9564b57d8a79b47964aa54b86c16cd0659f
W5_Q01,STRUCT_R1,11,6,186202,1370,0,0,3,0,3,1,4,10,4,3,7528d1a80da7ce6bed6c3efbaad136c6b237adf54f46f512a5fe79019bfef2ec
W3_d1,ALGSTRUCT,11,6,583272,1574,8,0,10,1,19,9,5,14,4,11,51eaee63f5c885c3fa7e71093e89c7ff61bea1c09d51d95c588c39ddf452f383
W9_Q32,ALGSTRUCT,11,6,5100287,12722,0,16,34,1,35,560,4,4,1,35,678046e55883cc9fe207429daab5f5da66bcc2178ee01574697097ddff7f102c
W2_Q01,OFF,11,6,198073,1722,0,0,3,2,7,3,6,15,4,5,fb4f50a52888382fd35dda056767f1188dd59b0b7db5fbe2928a5afbf6bf9f5b
W4_Q02,STRUCT_R1,11,6,785510,3742,2,0,10,1,17,67,7,76,31,11,056c94f2139c9e918446fe4f786e56b203a4febdd7cdb7d162e2b0323db5a772
W4_Q04,STRUCT_R2,11,6,1234617,7353,0,0,18,2,36,134,10,139,31,20,fd25718cb278dfe33c1131161ba4977814e08de24bd73801325a42bf895b4b90
W6_Q08,OFF,11,6,463142,2001,0,0,10,2,28,10,6,15,5,12,0d426ef82e54bf37e16bebf86ad11b160059eb28202264ca816d50ab17a2aa06
W4_Q08,ALGSTRUCT,11,6,2955344,13573,8,0,34,1,59,265,13,262,31,35,0d7db8d8f19881c77c6e7cd19e1f9d024ea9973fae56dbdbc00db2eeaa790340
W9_Q08,STRUCT_R1,11,6,1578041,5834,0,0,10,2,14,224,4,4,1,12,4c97cc82f3dbf6bc2a6de325d199b0cb65ffca732846069f84ea5618bb19fcfd
W4_Q01,STRUCT,11,6,450162,2408,0,0,6,2,12,35,7,46,31,8,c1c4e28384d704fc6572f4a795b1b9dcd23dd585446058743d09154ee63f83a5
W9_Q02,ALGSTRUCT,11,6,626918,3409,0,1,4,1,5,80,4,4,1,5,a250745debd6fd7cf3585f94dfa2ad7178c8b7c572e5ce15f0467c48475c0e9a
W5_Q02,STRUCT_R2,11,6,229350,1630,0,0,6,0,6,2,6,18,4,6,e7741c936508103b2af3b934e316124eac7bac4773e716fb634bafee4047c0e4
W1,STRUCT_R2,11,6,259294,1426,0,0,3,2,7,3,6,15,4,5,4b26ed307e0166f8d1fa59ea1e874899e41c5fd882be9ef62f84eb3685bb70b7
W5_Q01,STRUCT_R2,11,6,180053,1389,0,0,3,0,3,1,4,10,4,3,7528d1a80da7ce6bed6c3efbaad136c6b237adf54f46f512a5fe79019bfef2ec
W9_Q32,OFF,11,6,3475524,14482,0,0,34,0,96,1536,4,4,1,34,13dfd65212c03f91a3168cac28f16ba616ce21a6c4d7fb7bf5b25f0167fbc71b
W9_Q04,STRUCT,11,6,1117915,6149,0,0,6,2,10,160,4,4,1,8,a25fcd6d9b6930c5a5e472a5d4b9da9d0423cec22fe64a49a0e3364286ad6c7b
W7_Q04,STRUCT_R1,11,6,296756,1371,0,0,8,0,16,6,6,15,4,8,64eb05b2d681af147811cd64dc0e11be812cb48952e297a71fcf6d3c013ba4a0
W6_Q04,STRUCT_R1,11,6,416219,1481,0,0,6,2,16,6,6,15,5,8,463695b346924b3ce3bfd76bc311a5cc5d47fb033482cc22912fc407e8f09fdf
W9_Q08,OFF,11,6,915935,6593,0,0,10,0,24,384,4,4,1,10,ae43d04dfb0cf7afbfdc83558714cd1da89c64e7c6d49325a19de9764156762a
W5_Q08,ALGSTRUCT,11,6,534347,2611,0,0,24,0,24,8,18,66,4,24,1ec99f8159a9bf9f7216cbde66142ab941580d932ab53b67181d9941e08515a5
W6_Q01,STRUCT_R2,11,6,256239,1518,0,0,3,2,7,3,6,15,5,5,ef852aa19070a90d167a6fc211683b2bbb6401671f4212d90e23806d1620b62f
W6_Q02,ALGSTRUCT,11,6,321774,1334,0,0,4,2,10,4,6,15,5,6,d26b7c6c44eb2ae1342ad0eacde318e4485f70f1e0c22f44dc171d7c0f11f2c5
W7_Q16,STRUCT_R1,11,6,629828,2166,0,0,20,0,52,18,6,15,4,20,352ecf90b67b0a72cf480d5f2990d3ea8f45c0a65a2644e7a858b4f181627dcb
W6_Q04,STRUCT_R2,11,6,395626,1852,0,0,6,2,16,6,6,15,5,8,463695b346924b3ce3bfd76bc311a5cc5d47fb033482cc22912fc407e8f09fdf
W6_Q01,OFF,11,6,196202,1555,0,0,3,2,7,3,6,15,5,5,ef852aa19070a90d167a6fc211683b2bbb6401671f4212d90e23806d1620b62f
W9_Q04,ALGSTRUCT,11,6,995158,4796,0,2,6,1,7,112,4,4,1,7,7e3f7232eefdc535f0f8be36c1c724fab7de36a2740821784506d96a09bd30b3
W7_Q08,OFF,11,6,302089,1871,0,0,12,0,28,10,6,15,4,12,d13ad2add4e1d9cb21c441a8963ffbcf5f462a05d4f61331fa56b7c117fe58d1
W2_Q04,OFF,11,6,319423,1556,0,0,6,2,16,6,6,15,4,8,b8312387bf162a1452336c9e9e40ef1298c4a5b22cc87b54f4215f6e91104b3c
W6_Q08,STRUCT_R2,11,6,566975,1760,0,0,10,2,28,10,6,15,5,12,0d426ef82e54bf37e16bebf86ad11b160059eb28202264ca816d50ab17a2aa06
W4_Q02,ALGSTRUCT,11,6,787066,3556,2,0,10,1,17,67,7,76,31,11,056c94f2139c9e918446fe4f786e56b203a4febdd7cdb7d162e2b0323db5a772
W1,OFF,11,6,197812,1501,0,0,3,2,7,3,6,15,4,5,4b26ed307e0166f8d1fa59ea1e874899e41c5fd882be9ef62f84eb3685bb70b7
W5_Q01,STRUCT,11,6,180089,1242,0,0,3,0,3,1,4,10,4,3,7528d1a80da7ce6bed6c3efbaad136c6b237adf54f46f512a5fe79019bfef2ec
W8_Q16,STRUCT_R2,11,6,1881353,7093,0,1,29,2,72,179,11,169,63,31,75d1b16c15c201143eb0f00e84429326ead193544062ed0323b47e7914fd575d
W8_Q02,OFF,11,6,841027,5298,0,0,15,2,30,165,11,169,63,17,ab8e72a97eeddaf640fa9d87846837b35913b3b9a7916818e4653a499fd7cc9a
W4_Q04,STRUCT_R1,11,6,1468190,6908,4,0,18,1,31,133,9,138,31,19,fc880fdc081349aa9e95db821628814a11fa6271dfea15fd511d230a5fbbf819
W8_Q16,STRUCT_R1,11,6,2197461,6630,16,0,29,1,55,178,10,168,63,30,d68e12eaec95eadd08fb1ce8e6c0dcfc893de77e4c3d4f5a64bb4b4ee29b64b3
W5_Q02,OFF,11,6,157426,1702,0,0,6,0,6,2,6,18,4,6,e7741c936508103b2af3b934e316124eac7bac4773e716fb634bafee4047c0e4
W1,ALGSTRUCT,11,6,275999,1313,1,0,3,1,5,2,5,14,4,4,ddbc64bc70e115337e04b3ee4eac0b96e81aea703c916cfeea2e2366190e3210
W2_Q16,STRUCT,11,6,1006010,2351,0,0,18,2,52,18,6,15,4,20,f53a43e02a6f7be38b5d23a92cce7a6f0c7e7deac086e97841ea021c93a5a893
W7_Q04,ALGSTRUCT,11,6,294534,1278,0,0,8,0,16,6,6,15,4,8,64eb05b2d681af147811cd64dc0e11be812cb48952e297a71fcf6d3c013ba4a0
W2_Q02,STRUCT,11,6,312181,1483,0,0,4,2,10,4,6,15,4,6,002b88cffa362a25f201c7342c0d49bad4cd7fb10998ad8823a39c11beee6d88
W5_Q16,OFF,11,6,870307,5926,0,0,48,0,48,16,34,130,4,48,15f4ec0f61204d6ef15a655140c1c86c7248fc9deed8e4c09ef3081b8b94fb64
W5_Q08,STRUCT_R1,11,6,535756,2406,0,0,24,0,24,8,18,66,4,24,1ec99f8159a9bf9f7216cbde66142ab941580d932ab53b67181d9941e08515a5
W6_Q16,STRUCT_R2,11,6,985157,2371,0,0,18,2,52,18,6,15,5,20,bb0755604375307ff8e5fd09781b80b224d9ab98fa75fb51387fe44cb24e3726
W9_Q02,OFF,11,6,345831,4388,0,0,4,0,6,96,4,4,1,4,f59554bf6b558dac39020afcdc9d3261e3c200f0f612cb6818827b31bbda0408
W2_Q08,OFF,11,6,462589,2055,0,0,10,2,28,10,6,15,4,12,e121069670786ba8fbe3100d624a17638d4611a34b02647058710f2e3db6a9c9
W5_Q01,OFF,11,6,121999,1592,0,0,3,0,3,1,4,10,4,3,7528d1a80da7ce6bed6c3efbaad136c6b237adf54f46f512a5fe79019bfef2ec
W8_Q08,OFF,11,6,1188768,5721,0,0,21,2,48,171,11,169,63,23,6202056e7f9106d89fc2c03650e5a38d69f704cc369ba9e689bf413e5f7173e1
W4_Q16,STRUCT_R2,11,6,4775438,27889,0,0,66,2,132,530,22,511,31,68,7fbae5656c303ca065341c5db14fa3ef41fb196c82f59bb1c789e1f7b78b0f7a
W3_d2,ALGSTRUCT,11,6,983768,2186,9,0,11,3,24,11,8,27,5,14,b3a60a0bc9bb1633f8ca67743fa2b43eea5f58f8a512cbf173b181d8c20dfa68
W7_Q02,ALGSTRUCT,11,6,248109,1573,0,0,6,0,10,4,6,15,4,6,b1d2efac79748ca32ad60ca241d894721be3c3795c13e31e47e01dad1cb5a5f1
W6_Q32,STRUCT_R2,11,6,1881316,3723,0,0,34,2,100,34,6,15,5,36,e27ba2fd4a248e13e86f6fd51f6578ca7bbe37b27fb6c62f3d2e37c16ce58156
W3_d3,ALGSTRUCT,11,6,1405950,2445,10,0,12,5,29,13,11,43,8,17,16f1a8e88d7f920d91f3a177d0789d4761bf8768a0ac71ebce1f9f2282714954
W8_Q04,STRUCT_R1,11,6,1301266,5685,4,0,17,1,31,166,10,168,63,18,1ff2b9471d9cd2dd9078b74afc728460463e46c3102cf6da6b805d7f73e4899a
W1,STRUCT_R1,11,6,275461,1425,1,0,3,1,5,2,5,14,4,4,ddbc64bc70e115337e04b3ee4eac0b96e81aea703c916cfeea2e2366190e3210
W3_d3,STRUCT_R1,11,6,1416670,2076,10,0,12,5,29,13,11,43,8,17,16f1a8e88d7f920d91f3a177d0789d4761bf8768a0ac71ebce1f9f2282714954
W4_Q01,STRUCT_R2,11,6,438700,2518,0,0,6,2,12,35,7,46,31,8,c1c4e28384d704fc6572f4a795b1b9dcd23dd585446058743d09154ee63f83a5
W6_Q32,ALGSTRUCT,11,6,1949280,3758,0,0,34,2,100,34,6,15,5,36,e27ba2fd4a248e13e86f6fd51f6578ca7bbe37b27fb6c62f3d2e37c16ce58156
W7_Q04,OFF,11,6,218849,1593,0,0,8,0,16,6,6,15,4,8,64eb05b2d681af147811cd64dc0e11be812cb48952e297a71fcf6d3c013ba4a0
W9_Q32,STRUCT,11,6,5271212,13407,0,0,34,2,38,608,4,4,1,36,f9b4de382a62f7ddf0ae716d829e6d3204b079918eba11b5d003aed0f308e9a0
W2_Q16,STRUCT_R2,11,6,990677,2499,0,0,18,2,52,18,6,15,4,20,f53a43e02a6f7be38b5d23a92cce7a6f0c7e7deac086e97841ea021c93a5a893
W5_Q32,ALGSTRUCT,11,6,2176037,9110,0,0,96,0,96,32,66,258,4,96,ad908136f049b66ae4b1e1c3f252d7a2ebead009fab3f7177d4babd24fcbec6a
W5_Q32,STRUCT_R1,11,6,2073351,10001,0,0,96,0,96,32,66,258,4,96,ad908136f049b66ae4b1e1c3f252d7a2ebead009fab3f7177d4babd24fcbec6a
W6_Q16,STRUCT_R1,11,6,1010620,2334,0,0,18,2,52,18,6,15,5,20,bb0755604375307ff8e5fd09781b80b224d9ab98fa75fb51387fe44cb24e3726
W2_Q04,STRUCT_R2,11,6,403367,1518,0,0,6,2,16,6,6,15,4,8,b8312387bf162a1452336c9e9e40ef1298c4a5b22cc87b54f4215f6e91104b3c
W5_Q04,ALGSTRUCT,11,6,317405,1944,0,0,12,0,12,4,10,34,4,12,233b80e0525d1c617459998a8c1e1bc9855a2c2b10f43c6fd42648b8adae0248
W8_Q02,STRUCT_R2,11,6,1057877,5520,0,1,15,2,30,165,11,169,63,17,ab8e72a97eeddaf640fa9d87846837b35913b3b9a7916818e4653a499fd7cc9a
W8_Q08,ALGSTRUCT,11,6,1654189,5833,8,1,21,1,39,170,10,168,63,22,dfb50a16d91192e00318e4ac61c06d5403d37554d2e61726115b9e5e96a90617
W6_Q01,STRUCT,11,6,260961,1611,0,0,3,2,7,3,6,15,5,5,ef852aa19070a90d167a6fc211683b2bbb6401671f4212d90e23806d1620b62f
W9_Q16,STRUCT_R2,11,6,2626123,8760,0,8,18,1,19,304,4,4,1,19,44cdb1eb48242e36e60587a8e97fc1204f774ee018380c18a625f9abe3ce3ce8
W8_Q04,ALGSTRUCT,11,6,1304599,5593,4,1,17,1,31,166,10,168,63,18,1ff2b9471d9cd2dd9078b74afc728460463e46c3102cf6da6b805d7f73e4899a
W3_d3,OFF,11,6,1183101,2536,0,0,12,8,42,16,14,46,8,20,d0de00aa950042ce2df3a1aacd87b83395b88f62201b4b0ee4f6f67dba5bbb2b
W2_Q02,ALGSTRUCT,11,6,323979,1444,2,0,4,1,7,3,5,14,4,5,d8adac9423435c6f23a5e314f4d31430db516714fee41508dcac1bc6af0e6f0c
W2_Q02,STRUCT_R2,11,6,307921,1724,0,0,4,2,10,4,6,15,4,6,002b88cffa362a25f201c7342c0d49bad4cd7fb10998ad8823a39c11beee6d88
W5_Q16,STRUCT_R2,11,6,971881,4647,0,0,48,0,48,16,34,130,4,48,15f4ec0f61204d6ef15a655140c1c86c7248fc9deed8e4c09ef3081b8b94fb64
W8_Q04,OFF,11,6,952899,5666,0,0,17,2,36,167,11,169,63,19,683043cf53c296ea0d43a0c383a5a5aa5dfae2adbc542c677c919239829da206
W8_Q01,STRUCT_R1,11,6,1096082,5871,1,0,14,1,25,163,10,168,63,15,fdd35fe24122be542f9944d55e73c67d2cd28afd3fd1ff25e723a080e5d2dad8
W2_Q32,STRUCT_R2,11,6,1865909,3315,0,0,34,2,100,34,6,15,4,36,ead1d2e3154b72c47159b745145cb82392c282dcdeeba0e877b2291c8ed45d37
W8_Q08,STRUCT_R2,11,6,1454433,6702,0,1,21,2,48,171,11,169,63,23,6202056e7f9106d89fc2c03650e5a38d69f704cc369ba9e689bf413e5f7173e1
W3_d2,OFF,11,6,791069,2276,0,0,11,5,35,13,10,29,5,16,bb512a3ef0db77c97656c90a9544f5958e4b52748f6a43bfdbc34ec450c82e91
W2_Q32,STRUCT_R1,11,6,2211127,3631,32,0,34,1,67,33,5,14,4,35,aa6152b6f2b2227ea71db0831b5f58d2dce2bdcb6db5c4bb5d1fb235d1201ed1
W7_Q02,STRUCT_R1,11,6,247053,1426,0,0,6,0,10,4,6,15,4,6,b1d2efac79748ca32ad60ca241d894721be3c3795c13e31e47e01dad1cb5a5f1
W4_Q04,STRUCT,11,6,1257432,7112,0,0,18,2,36,134,10,139,31,20,fd25718cb278dfe33c1131161ba4977814e08de24bd73801325a42bf895b4b90
W2_Q08,STRUCT,11,6,577754,1667,0,0,10,2,28,10,6,15,4,12,e121069670786ba8fbe3100d624a17638d4611a34b02647058710f2e3db6a9c9
W2_Q08,STRUCT_R2,11,6,569515,1684,0,0,10,2,28,10,6,15,4,12,e121069670786ba8fbe3100d624a17638d4611a34b02647058710f2e3db6a9c9
W4_Q16,STRUCT_R1,11,6,7098861,25444,16,0,66,1,115,529,21,510,31,67,c4cb6b036cc3a61a0d0502a6d94307b09dd7e159ba9b445a83ebed14f5c8ebe1
W6_Q04,ALGSTRUCT,11,6,410015,1500,0,0,6,2,16,6,6,15,5,8,463695b346924b3ce3bfd76bc311a5cc5d47fb033482cc22912fc407e8f09fdf
W8_Q01,OFF,11,6,801696,5278,0,0,14,2,27,164,11,169,63,16,7b06ec78e125033330eb86a638ef113771be6d17e66ade996d2cadaa30e562a7
W4_Q32,STRUCT_R2,11,6,10094500,65740,0,0,130,2,260,1058,38,1007,31,132,068ad024181661f75503372002890dd704cd730c5fc591fd65590a6d532c145d
W5_Q32,STRUCT,11,6,1992039,9406,0,0,96,0,96,32,66,258,4,96,ad908136f049b66ae4b1e1c3f252d7a2ebead009fab3f7177d4babd24fcbec6a
W5_Q01,ALGSTRUCT,11,6,188036,1277,0,0,3,0,3,1,4,10,4,3,7528d1a80da7ce6bed6c3efbaad136c6b237adf54f46f512a5fe79019bfef2ec
W5_Q02,STRUCT_R1,11,6,226555,1666,0,0,6,0,6,2,6,18,4,6,e7741c936508103b2af3b934e316124eac7bac4773e716fb634bafee4047c0e4
W6_Q32,STRUCT,11,6,1891503,3165,0,0,34,2,100,34,6,15,5,36,e27ba2fd4a248e13e86f6fd51f6578ca7bbe37b27fb6c62f3d2e37c16ce58156
W3_d1,STRUCT,11,6,586308,1557,0,0,10,2,28,10,6,15,4,12,a54c74b256ab2c5cf00e4072ff680215ee9ddba8ea28d33e07bfd46dd0370227
W7_Q16,STRUCT,11,6,623476,2018,0,0,20,0,52,18,6,15,4,20,352ecf90b67b0a72cf480d5f2990d3ea8f45c0a65a2644e7a858b4f181627dcb
W4_Q01,STRUCT_R1,11,6,487920,2427,1,0,6,1,10,34,6,45,31,7,2a2742010b3f20f3e0b7616f059bcf47256e350d22af5b1d3a055aa5eee736e9
W8_Q02,STRUCT,11,6,1062693,5686,0,0,15,2,30,165,11,169,63,17,ab8e72a97eeddaf640fa9d87846837b35913b3b9a7916818e4653a499fd7cc9a
W8_Q08,STRUCT,11,6,1459803,6017,0,0,21,2,48,171,11,169,63,23,6202056e7f9106d89fc2c03650e5a38d69f704cc369ba9e689bf413e5f7173e1
W9_Q16,STRUCT_R1,11,6,2740863,8463,0,0,18,2,22,352,4,4,1,20,ff9866380da95df98e4375770d21fe162b02c0b8b05b75e939b18d0d711c4c04
W7_Q08,STRUCT,11,6,405514,1797,0,0,12,0,28,10,6,15,4,12,d13ad2add4e1d9cb21c441a8963ffbcf5f462a05d4f61331fa56b7c117fe58d1
W9_Q01,STRUCT_R2,11,6,337071,3963,0,0,3,0,3,48,4,4,1,3,6e63c0dab5f8b29ef9d1440bcd3711746464b7521a4243c8d32e03504a6224d2
W9_Q16,STRUCT,11,6,2764087,10203,0,0,18,2,22,352,4,4,1,20,ff9866380da95df98e4375770d21fe162b02c0b8b05b75e939b18d0d711c4c04
W6_Q02,STRUCT_R1,11,6,315311,1482,0,0,4,2,10,4,6,15,5,6,d26b7c6c44eb2ae1342ad0eacde318e4485f70f1e0c22f44dc171d7c0f11f2c5
W5_Q16,STRUCT_R1,11,6,1002863,4850,0,0,48,0,48,16,34,130,4,48,15f4ec0f61204d6ef15a655140c1c86c7248fc9deed8e4c09ef3081b8b94fb64
W9_Q08,ALGSTRUCT,11,6,1465117,5962,0,4,10,1,11,176,4,4,1,11,f0aee4c6a6b6511ecbc27f2fc4ef3f688cd044d5f143461208ceed4e1cea64ae
W3_d1,OFF,11,6,455904,1758,0,0,10,2,28,10,6,15,4,12,a54c74b256ab2c5cf00e4072ff680215ee9ddba8ea28d33e07bfd46dd0370227
W6_Q01,ALGSTRUCT,11,6,266237,1223,0,0,3,2,7,3,6,15,5,5,ef852aa19070a90d167a6fc211683b2bbb6401671f4212d90e23806d1620b62f
W8_Q16,ALGSTRUCT,11,6,2205479,6704,16,1,29,1,55,178,10,168,63,30,d68e12eaec95eadd08fb1ce8e6c0dcfc893de77e4c3d4f5a64bb4b4ee29b64b3
W2_Q01,ALGSTRUCT,12,6,274792,1298,1,0,3,1,5,2,5,14,4,4,2474f5c3c44c2292e8653ad95f4f21ec80fa6c72b730d7761807baa6c04c0270
W6_Q04,OFF,12,6,314608,1723,0,0,6,2,16,6,6,15,5,8,463695b346924b3ce3bfd76bc311a5cc5d47fb033482cc22912fc407e8f09fdf
W5_Q32,ALGSTRUCT,12,6,2122646,9723,0,0,96,0,96,32,66,258,4,96,ad908136f049b66ae4b1e1c3f252d7a2ebead009fab3f7177d4babd24fcbec6a
W5_Q32,STRUCT,12,6,1998425,10056,0,0,96,0,96,32,66,258,4,96,ad908136f049b66ae4b1e1c3f252d7a2ebead009fab3f7177d4babd24fcbec6a
W6_Q32,STRUCT_R1,12,6,1930203,3483,0,0,34,2,100,34,6,15,5,36,e27ba2fd4a248e13e86f6fd51f6578ca7bbe37b27fb6c62f3d2e37c16ce58156
W6_Q16,STRUCT_R1,12,6,1014397,2334,0,0,18,2,52,18,6,15,5,20,bb0755604375307ff8e5fd09781b80b224d9ab98fa75fb51387fe44cb24e3726
W6_Q02,STRUCT_R1,12,6,316812,1351,0,0,4,2,10,4,6,15,5,6,d26b7c6c44eb2ae1342ad0eacde318e4485f70f1e0c22f44dc171d7c0f11f2c5
W7_Q01,ALGSTRUCT,12,6,222998,1351,0,0,5,0,7,3,6,15,4,5,70f8123fffd2af37d12a00e22d9841098c66a489d4953aae174ab2cb5014e5d7
W4_Q32,STRUCT,12,6,10168481,58815,0,0,130,2,260,1058,38,1007,31,132,068ad024181661f75503372002890dd704cd730c5fc591fd65590a6d532c145d
W5_Q08,STRUCT_R1,12,6,534975,2501,0,0,24,0,24,8,18,66,4,24,1ec99f8159a9bf9f7216cbde66142ab941580d932ab53b67181d9941e08515a5
W7_Q04,STRUCT_R2,12,6,287163,1575,0,0,8,0,16,6,6,15,4,8,64eb05b2d681af147811cd64dc0e11be812cb48952e297a71fcf6d3c013ba4a0
W7_Q08,STRUCT_R1,12,6,412590,1684,0,0,12,0,28,10,6,15,4,12,d13ad2add4e1d9cb21c441a8963ffbcf5f462a05d4f61331fa56b7c117fe58d1
W2_Q08,STRUCT_R2,12,6,572104,1835,0,0,10,2,28,10,6,15,4,12,e121069670786ba8fbe3100d624a17638d4611a34b02647058710f2e3db6a9c9
W6_Q16,ALGSTRUCT,12,6,1022861,2019,0,0,18,2,52,18,6,15,5,20,bb0755604375307ff8e5fd09781b80b224d9ab98fa75fb51387fe44cb24e3726
W2_Q32,STRUCT,12,6,1902575,3760,0,0,34,2,100,34,6,15,4,36,ead1d2e3154b72c47159b745145cb82392c282dcdeeba0e877b2291c8ed45d37
W2_Q02,ALGSTRUCT,12,6,321236,1279,2,0,4,1,7,3,5,14,4,5,d8adac9423435c6f23a5e314f4d31430db516714fee41508dcac1bc6af0e6f0c
W9_Q32,OFF,12,6,3465154,14796,0,0,34,0,96,1536,4,4,1,34,13dfd65212c03f91a3168cac28f16ba616ce21a6c4d7fb7bf5b25f0167fbc71b
W6_Q04,STRUCT_R1,12,6,418126,1611,0,0,6,2,16,6,6,15,5,8,463695b346924b3ce3bfd76bc311a5cc5d47fb033482cc22912fc407e8f09fdf
W8_Q02,STRUCT,12,6,1062601,5315,0,0,15,2,30,165,11,169,63,17,ab8e72a97eeddaf640fa9d87846837b35913b3b9a7916818e4653a499fd7cc9a
W4_Q08,OFF,12,6,2028946,12832,0,0,34,2,68,266,14,263,31,36,310b652f3a487a64261e67b69ca4bd659f7cd91c74be37afd64d6187457e8bdc
W2_Q32,STRUCT_R1,12,6,2216314,3648,32,0,34,1,67,33,5,14,4,35,aa6152b6f2b2227ea71db0831b5f58d2dce2bdcb6db5c4bb5d1fb235d1201ed1
W6_Q04,STRUCT,12,6,407106,1612,0,0,6,2,16,6,6,15,5,8,463695b346924b3ce3bfd76bc311a5cc5d47fb033482cc22912fc407e8f09fdf
W4_Q16,ALGSTRUCT,12,6,7131565,25740,16,0,66,1,115,529,21,510,31,67,c4cb6b036cc3a61a0d0502a6d94307b09dd7e159ba9b445a83ebed14f5c8ebe1
W2_Q02,STRUCT_R1,12,6,322312,1629,2,0,4,1,7,3,5,14,4,5,d8adac9423435c6f23a5e314f4d31430db516714fee41508dcac1bc6af0e6f0c
W2_Q02,STRUCT,12,6,313054,1629,0,0,4,2,10,4,6,15,4,6,002b88cffa362a25f201c7342c0d49bad4cd7fb10998ad8823a39c11beee6d88
W3_d3,OFF,12,6,1179043,2575,0,0,12,8,42,16,14,46,8,20,d0de00aa950042ce2df3a1aacd87b83395b88f62201b4b0ee4f6f67dba5bbb2b
W2_Q08,OFF,12,6,457458,1723,0,0,10,2,28,10,6,15,4,12,e121069670786ba8fbe3100d624a17638d4611a34b02647058710f2e3db6a9c9
W6_Q01,STRUCT_R1,12,6,265665,1277,0,0,3,2,7,3,6,15,5,5,ef852aa19070a90d167a6fc211683b2bbb6401671f4212d90e23806d1620b62f
W5_Q16,OFF,12,6,875584,5222,0,0,48,0,48,16,34,130,4,48,15f4ec0f61204d6ef15a655140c1c86c7248fc9deed8e4c09ef3081b8b94fb64
W9_Q16,ALGSTRUCT,12,6,2634939,7889,0,8,18,1,19,304,4,4,1,19,44cdb1eb48242e36e60587a8e97fc1204f774ee018380c18a625f9abe3ce3ce8
W3_d3,STRUCT_R1,12,6,1431653,2574,10,0,12,5,29,13,11,43,8,17,16f1a8e88d7f920d91f3a177d0789d4761bf8768a0ac71ebce1f9f2282714954
W6_Q02,STRUCT,12,6,310867,1353,0,0,4,2,10,4,6,15,5,6,d26b7c6c44eb2ae1342ad0eacde318e4485f70f1e0c22f44dc171d7c0f11f2c5
W9_Q08,OFF,12,6,924288,5796,0,0,10,0,24,384,4,4,1,10,ae43d04dfb0cf7afbfdc83558714cd1da89c64e7c6d49325a19de9764156762a
W3_d2,STRUCT,12,6,973196,2203,0,0,11,5,35,13,10,29,5,16,bb512a3ef0db77c97656c90a9544f5958e4b52748f6a43bfdbc34ec450c82e91
W7_Q04,STRUCT,12,6,288924,1777,0,0,8,0,16,6,6,15,4,8,64eb05b2d681af147811cd64dc0e11be812cb48952e297a71fcf6d3c013ba4a0
W9_Q02,STRUCT,12,6,482829,3834,0,0,4,0,6,96,4,4,1,4,f59554bf6b558dac39020afcdc9d3261e3c200f0f612cb6818827b31bbda0408
W8_Q02,STRUCT_R2,12,6,1055454,5555,0,1,15,2,30,165,11,169,63,17,ab8e72a97eeddaf640fa9d87846837b35913b3b9a7916818e4653a499fd7cc9a
W4_Q16,STRUCT,12,6,4810772,28554,0,0,66,2,132,530,22,511,31,68,7fbae5656c303ca065341c5db14fa3ef41fb196c82f59bb1c789e1f7b78b0f7a
W5_Q32,OFF,12,6,1855705,9704,0,0,96,0,96,32,66,258,4,96,ad908136f049b66ae4b1e1c3f252d7a2ebead009fab3f7177d4babd24fcbec6a
W6_Q08,ALGSTRUCT,12,6,590660,1927,0,0,10,2,28,10,6,15,5,12,0d426ef82e54bf37e16bebf86ad11b160059eb28202264ca816d50ab17a2aa06
W6_Q01,STRUCT,12,6,259238,1445,0,0,3,2,7,3,6,15,5,5,ef852aa19070a90d167a6fc211683b2bbb6401671f4212d90e23806d1620b62f
W5_Q02,STRUCT,12,6,223312,1426,0,0,6,0,6,2,6,18,4,6,e7741c936508103b2af3b934e316124eac7bac4773e716fb634bafee4047c0e4
W6_Q08,STRUCT_R2,12,6,569384,1777,0,0,10,2,28,10,6,15,5,12,0d426ef82e54bf37e16bebf86ad11b160059eb28202264ca816d50ab17a2aa06
W8_Q01,STRUCT_R2,12,6,1009529,5869,0,1,14,2,27,164,11,169,63,16,7b06ec78e125033330eb86a638ef113771be6d17e66ade996d2cadaa30e562a7
W4_Q04,STRUCT_R1,12,6,1466783,6482,4,0,18,1,31,133,9,138,31,19,fc880fdc081349aa9e95db821628814a11fa6271dfea15fd511d230a5fbbf819
W7_Q04,OFF,12,6,211830,1538,0,0,8,0,16,6,6,15,4,8,64eb05b2d681af147811cd64dc0e11be812cb48952e297a71fcf6d3c013ba4a0
W4_Q08,ALGSTRUCT,12,6,2985972,13260,8,0,34,1,59,265,13,262,31,35,0d7db8d8f19881c77c6e7cd19e1f9d024ea9973fae56dbdbc00db2eeaa790340
W5_Q04,STRUCT_R2,12,6,309498,1796,0,0,12,0,12,4,10,34,4,12,233b80e0525d1c617459998a8c1e1bc9855a2c2b10f43c6fd42648b8adae0248
W3_d2,STRUCT_R2,12,6,950250,2204,0,0,11,5,35,13,10,29,5,16,bb512a3ef0db77c97656c90a9544f5958e4b52748f6a43bfdbc34ec450c82e91
W8_Q16,STRUCT_R1,12,6,2196517,6814,16,0,29,1,55,178,10,168,63,30,d68e12eaec95eadd08fb1ce8e6c0dcfc893de77e4c3d4f5a64bb4b4ee29b64b3
W2_Q16,ALGSTRUCT,12,6,1051048,2054,16,0,18,1,35,17,5,14,4,19,6874ea3fe8a08c7af5d8752f9a4557e5d01bc066a937913a1e427661cbb540c4
W7_Q02,ALGSTRUCT,12,6,249868,1278,0,0,6,0,10,4,6,15,4,6,b1d2efac79748ca32ad60ca241d894721be3c3795c13e31e47e01dad1cb5a5f1
W6_Q32,ALGSTRUCT,12,6,1939928,3370,0,0,34,2,100,34,6,15,5,36,e27ba2fd4a248e13e86f6fd51f6578ca7bbe37b27fb6c62f3d2e37c16ce58156
W5_Q02,OFF,12,6,159165,1741,0,0,6,0,6,2,6,18,4,6,e7741c936508103b2af3b934e316124eac7bac4773e716fb634bafee4047c0e4
W9_Q32,STRUCT,12,6,5276119,14463,0,0,34,2,38,608,4,4,1,36,f9b4de382a62f7ddf0ae716d829e6d3204b079918eba11b5d003aed0f308e9a0
W8_Q01,STRUCT_R1,12,6,1092138,5204,1,0,14,1,25,163,10,168,63,15,fdd35fe24122be542f9944d55e73c67d2cd28afd3fd1ff25e723a080e5d2dad8
W8_Q08,ALGSTRUCT,12,6,1632447,6112,8,1,21,1,39,170,10,168,63,22,dfb50a16d91192e00318e4ac61c06d5403d37554d2e61726115b9e5e96a90617
W5_Q04,STRUCT,12,6,313018,1794,0,0,12,0,12,4,10,34,4,12,233b80e0525d1c617459998a8c1e1bc9855a2c2b10f43c6fd42648b8adae0248
W4_Q02,STRUCT,12,6,697550,3703,0,0,10,2,20,68,8,77,31,12,c082fb0620ac05b05065135ca996c9564b57d8a79b47964aa54b86c16cd0659f
W9_Q32,ALGSTRUCT,12,6,5027416,11519,0,16,34,1,35,560,4,4,1,35,678046e55883cc9fe207429daab5f5da66bcc2178ee01574697097ddff7f102c
W4_Q04,ALGSTRUCT,12,6,1448375,6704,4,0,18,1,31,133,9,138,31,19,fc880fdc081349aa9e95db821628814a11fa6271dfea15fd511d230a5fbbf819
W8_Q02,STRUCT_R1,12,6,1159770,5498,2,0,15,1,27,164,10,168,63,16,652ea2e2db2a8b59e1a2373d0aa09bb6194a7176cb3cd104297a14f7ef235e6b
W2_Q08,STRUCT,12,6,591403,1611,0,0,10,2,28,10,6,15,4,12,e121069670786ba8fbe3100d624a17638d4611a34b02647058710f2e3db6a9c9
W5_Q02,STRUCT_R1,12,6,224443,1499,0,0,6,0,6,2,6,18,4,6,e7741c936508103b2af3b934e316124eac7bac4773e716fb634bafee4047c0e4
W5_Q16,STRUCT,12,6,984547,4277,0,0,48,0,48,16,34,130,4,48,15f4ec0f61204d6ef15a655140c1c86c7248fc9deed8e4c09ef3081b8b94fb64
W9_Q01,STRUCT_R1,12,6,342200,3778,0,0,3,0,3,48,4,4,1,3,6e63c0dab5f8b29ef9d1440bcd3711746464b7521a4243c8d32e03504a6224d2
W1,STRUCT_R2,12,6,259739,1555,0,0,3,2,7,3,6,15,4,5,4b26ed307e0166f8d1fa59ea1e874899e41c5fd882be9ef62f84eb3685bb70b7
W5_Q01,STRUCT_R2,12,6,181165,1259,0,0,3,0,3,1,4,10,4,3,7528d1a80da7ce6bed6c3efbaad136c6b237adf54f46f512a5fe79019bfef2ec
W2_Q04,OFF,12,6,317184,1591,0,0,6,2,16,6,6,15,4,8,b8312387bf162a1452336c9e9e40ef1298c4a5b22cc87b54f4215f6e91104b3c
W8_Q01,ALGSTRUCT,12,6,1097082,5445,1,1,14,1,25,163,10,168,63,15,fdd35fe24122be542f9944d55e73c67d2cd28afd3fd1ff25e723a080e5d2dad8
W8_Q08,STRUCT,12,6,1457414,6295,0,0,21,2,48,171,11,169,63,23,6202056e7f9106d89fc2c03650e5a38d69f704cc369ba9e689bf413e5f7173e1
W2_Q32,ALGSTRUCT,12,6,2250979,3037,32,0,34,1,67,33,5,14,4,35,aa6152b6f2b2227ea71db0831b5f58d2dce2bdcb6db5c4bb5d1fb235d1201ed1
W3_d2,STRUCT_R1,12,6,974583,2204,9,0,11,3,24,11,8,27,5,14,b3a60a0bc9bb1633f8ca67743fa2b43eea5f58f8a512cbf173b181d8c20dfa68
W8_Q32,STRUCT_R2,12,6,2835309,8240,0,1,45,2,120,195,11,169,63,47,257e33fe42ff72054f90b0755280d3b57f6dc95e0ff488350c7a08c8fa00e255
W1,STRUCT,12,6,261773,1669,0,0,3,2,7,3,6,15,4,5,4b26ed307e0166f8d1fa59ea1e874899e41c5fd882be9ef62f84eb3685bb70b7
W4_Q16,STRUCT_R2,12,6,4728679,28778,0,0,66,2,132,530,22,511,31,68,7fbae5656c303ca065341c5db14fa3ef41fb196c82f59bb1c789e1f7b78b0f7a
W2_Q04,STRUCT_R1,12,6,411829,1760,4,0,6,1,11,5,5,14,4,7,e3e1c95caf3c6465ad04568b51f69fe26be853a4ad44521756f63edd123351f8
W5_Q08,STRUCT,12,6,524235,2741,0,0,24,0,24,8,18,66,4,24,1ec99f8159a9bf9f7216cbde66142ab941580d932ab53b67181d9941e08515a5
W9_Q32,STRUCT_R2,12,6,5050584,12907,0,16,34,1,35,560,4,4,1,35,678046e55883cc9fe207429daab5f5da66bcc2178ee01574697097ddff7f102c
W6_Q02,STRUCT_R2,12,6,311663,1945,0,0,4,2,10,4,6,15,5,6,d26b7c6c44eb2ae1342ad0eacde318e4485f70f1e0c22f44dc171d7c0f11f2c5
W2_Q16,STRUCT,12,6,1018843,2463,0,0,18,2,52,18,6,15,4,20,f53a43e02a6f7be38b5d23a92cce7a6f0c7e7deac086e97841ea021c93a5a893
W4_Q32,ALGSTRUCT,12,6,18678942,59221,32,0,130,1,227,1057,37,1006,31,131,4a5be56a553c6df341c1f260562041444c20a964d5f4f3916c7966ddd0bae2e9
W9_Q08,STRUCT,12,6,1591134,6129,0,0,10,2,14,224,4,4,1,12,4c97cc82f3dbf6bc2a6de325d199b0cb65ffca732846069f84ea5618bb19fcfd
W3_d1,STRUCT_R1,12,6,580237,1666,8,0,10,1,19,9,5,14,4,11,51eaee63f5c885c3fa7e71093e89c7ff61bea1c09d51d95c588c39ddf452f383
W6_Q04,ALGSTRUCT,12,6,415071,1702,0,0,6,2,16,6,6,15,5,8,463695b346924b3ce3bfd76bc311a5cc5d47fb033482cc22912fc407e8f09fdf
W3_d2,ALGSTRUCT,12,6,980751,1999,9,0,11,3,24,11,8,27,5,14,b3a60a0bc9bb1633f8ca67743fa2b43eea5f58f8a512cbf173b181d8c20dfa68
W6_Q32,OFF,12,6,1573280,3038,0,0,34,2,100,34,6,15,5,36,e27ba2fd4a248e13e86f6fd51f6578ca7bbe37b27fb6c62f3d2e37c16ce58156
W8_Q04,STRUCT_R1,12,6,1305247,5722,4,0,17,1,31,166,10,168,63,18,1ff2b9471d9cd2dd9078b74afc728460463e46c3102cf6da6b805d7f73e4899a
W5_Q01,STRUCT_R1,12,6,180017,1240,0,0,3,0,3,1,4,10,4,3,7528d1a80da7ce6bed6c3efbaad136c6b237adf54f46f512a5fe79019bfef2ec
W7_Q02,OFF,12,6,175238,1853,0,0,6,0,10,4,6,15,4,6,b1d2efac79748ca32ad60ca241d894721be3c3795c13e31e47e01dad1cb5a5f1
W6_Q16,STRUCT,12,6,997141,2313,0,0,18,2,52,18,6,15,5,20,bb0755604375307ff8e5fd09781b80b224d9ab98fa75fb51387fe44cb24e3726
W2_Q02,OFF,12,6,238961,1778,0,0,4,2,10,4,6,15,4,6,002b88cffa362a25f201c7342c0d49bad4cd7fb10998ad8823a39c11beee6d88
W8_Q01,STRUCT,12,6,1004268,5574,0,0,14,2,27,164,11,169,63,16,7b06ec78e125033330eb86a638ef113771be6d17e66ade996d2cadaa30e562a7
W4_Q08,STRUCT_R2,12,6,2302645,13519,0,0,34,2,68,266,14,263,31,36,310b652f3a487a64261e67b69ca4bd659f7cd91c74be37afd64d6187457e8bdc
W2_Q16,OFF,12,6,809938,2166,0,0,18,2,52,18,6,15,4,20,f53a43e02a6f7be38b5d23a92cce7a6f0c7e7deac086e97841ea021c93a5a893
W7_Q08,OFF,12,6,300479,1740,0,0,12,0,28,10,6,15,4,12,d13ad2add4e1d9cb21c441a8963ffbcf5f462a05d4f61331fa56b7c117fe58d1
W5_Q16,STRUCT_R2,12,6,986639,4222,0,0,48,0,48,16,34,130,4,48,15f4ec0f61204d6ef15a655140c1c86c7248fc9deed8e4c09ef3081b8b94fb64
W7_Q08,ALGSTRUCT,12,6,415199,1556,0,0,12,0,28,10,6,15,4,12,d13ad2add4e1d9cb21c441a8963ffbcf5f462a05d4f61331fa56b7c117fe58d1
W5_Q08,OFF,12,6,439423,2462,0,0,24,0,24,8,18,66,4,24,1ec99f8159a9bf9f7216cbde66142ab941580d932ab53b67181d9941e08515a5
W6_Q01,OFF,12,6,195979,1704,0,0,3,2,7,3,6,15,5,5,ef852aa19070a90d167a6fc211683b2bbb6401671f4212d90e23806d1620b62f
W9_Q02,ALGSTRUCT,12,6,639180,3981,0,1,4,1,5,80,4,4,1,5,a250745debd6fd7cf3585f94dfa2ad7178c8b7c572e5ce15f0467c48475c0e9a
W3_d1,STRUCT_R2,12,6,569532,1944,0,0,10,2,28,10,6,15,4,12,a54c74b256ab2c5cf00e4072ff680215ee9ddba8ea28d33e07bfd46dd0370227
W2_Q08,STRUCT_R1,12,6,579865,1797,8,0,10,1,19,9,5,14,4,11,28ef291bdbdabd5779860a9dac095bdb774cc930b18dec6f9c7bf13df75550d2
W9_Q08,STRUCT_R1,12,6,1569708,7000,0,0,10,2,14,224,4,4,1,12,4c97cc82f3dbf6bc2a6de325d199b0cb65ffca732846069f84ea5618bb19fcfd
W2_Q01,STRUCT_R1,12,6,272054,1406,1,0,3,1,5,2,5,14,4,4,2474f5c3c44c2292e8653ad95f4f21ec80fa6c72b730d7761807baa6c04c0270
W4_Q01,STRUCT_R2,12,6,444605,2632,0,0,6,2,12,35,7,46,31,8,c1c4e28384d704fc6572f4a795b1b9dcd23dd585446058743d09154ee63f83a5
W1,OFF,12,6,197942,1556,0,0,3,2,7,3,6,15,4,5,4b26ed307e0166f8d1fa59ea1e874899e41c5fd882be9ef62f84eb3685bb70b7
W7_Q32,OFF,12,6,907935,3131,0,0,36,0,100,34,6,15,4,36,6bdf3735d7ed12e047353d97f7fd342934c808ba421573c6cd2474dd612f37b1
W9_Q04,STRUCT,12,6,1113694,4981,0,0,6,2,10,160,4,4,1,8,a25fcd6d9b6930c5a5e472a5d4b9da9d0423cec22fe64a49a0e3364286ad6c7b
W6_Q04,STRUCT_R2,12,6,398738,1610,0,0,6,2,16,6,6,15,5,8,463695b346924b3ce3bfd76bc311a5cc5d47fb033482cc22912fc407e8f09fdf
W6_Q16,STRUCT_R2,12,6,977010,2907,0,0,18,2,52,18,6,15,5,20,bb0755604375307ff8e5fd09781b80b224d9ab98fa75fb51387fe44cb24e3726
W8_Q04,OFF,12,6,961658,5592,0,0,17,2,36,167,11,169,63,19,683043cf53c296ea0d43a0c383a5a5aa5dfae2adbc542c677c919239829da206
W2_Q08,ALGSTRUCT,12,6,588737,1832,8,0,10,1,19,9,5,14,4,11,28ef291bdbdabd5779860a9dac095bdb774cc930b18dec6f9c7bf13df75550d2
W9_Q04,STRUCT_R1,12,6,1111027,5648,0,0,6,2,10,160,4,4,1,8,a25fcd6d9b6930c5a5e472a5d4b9da9d0423cec22fe64a49a0e3364286ad6c7b
W7_Q16,OFF,12,6,490736,2186,0,0,20,0,52,18,6,15,4,20,352ecf90b67b0a72cf480d5f2990d3ea8f45c0a65a2644e7a858b4f181627dcb
W3_d3,ALGSTRUCT,12,6,1406913,2037,10,0,12,5,29,13,11,43,8,17,16f1a8e88d7f920d91f3a177d0789d4761bf8768a0ac71ebce1f9f2282714954
W8_Q04,STRUCT,12,6,1182175,5888,0,0,17,2,36,167,11,169,63,19,683043cf53c296ea0d43a0c383a5a5aa5dfae2adbc542c677c919239829da206
W3_d3,STRUCT,12,6,1431747,2758,0,0,12,8,42,16,14,46,8,20,d0de00aa950042ce2df3a1aacd87b83395b88f62201b4b0ee4f6f67dba5bbb2b
W8_Q16,ALGSTRUCT,12,6,2209480,6907,16,1,29,1,55,178,10,168,63,30,d68e12eaec95eadd08fb1ce8e6c0dcfc893de77e4c3d4f5a64bb4b4ee29b64b3
W5_Q04,OFF,12,6,248238,2111,0,0,12,0,12,4,10,34,4,12,233b80e0525d1c617459998a8c1e1bc9855a2c2b10f43c6fd42648b8adae0248
W4_Q16,STRUCT_R1,12,6,7127585,25776,16,0,66,1,115,529,21,510,31,67,c4cb6b036cc3a61a0d0502a6d94307b09dd7e159ba9b445a83ebed14f5c8ebe1
W8_Q16,STRUCT,12,6,1860278,7001,0,0,29,2,72,179,11,169,63,31,75d1b16c15c201143eb0f00e84429326ead193544062ed0323b47e7914fd575d
W2_Q16,STRUCT_R1,12,6,1036492,1943,16,0,18,1,35,17,5,14,4,19,6874ea3fe8a08c7af5d8752f9a4557e5d01bc066a937913a1e427661cbb540c4
W9_Q01,STRUCT_R2,12,6,336109,3981,0,0,3,0,3,48,4,4,1,3,6e63c0dab5f8b29ef9d1440bcd3711746464b7521a4243c8d32e03504a6224d2
W3_d1,OFF,12,6,461828,1742,0,0,10,2,28,10,6,15,4,12,a54c74b256ab2c5cf00e4072ff680215ee9ddba8ea28d33e07bfd46dd0370227
W6_Q01,ALGSTRUCT,12,6,264404,1297,0,0,3,2,7,3,6,15,5,5,ef852aa19070a90d167a6fc211683b2bbb6401671f4212d90e23806d1620b62f
W4_Q16,OFF,12,6,4296204,28572,0,0,66,2,132,530,22,511,31,68,7fbae5656c303ca065341c5db14fa3ef41fb196c82f59bb1c789e1f7b78b0f7a
W2_Q01,STRUCT_R2,12,6,255979,1352,0,0,3,2,7,3,6,15,4,5,fb4f50a52888382fd35dda056767f1188dd59b0b7db5fbe2928a5afbf6bf9f5b
W9_Q02,OFF,12,6,348533,4316,0,0,4,0,6,96,4,4,1,4,f59554bf6b558dac39020afcdc9d3261e3c200f0f612cb6818827b31bbda0408
W6_Q01,STRUCT_R2,12,6,258220,1555,0,0,3,2,7,3,6,15,5,5,ef852aa19070a90d167a6fc211683b2bbb6401671f4212d90e23806d1620b62f
W7_Q01,STRUCT,12,6,221220,1408,0,0,5,0,7,3,6,15,4,5,70f8123fffd2af37d12a00e22d9841098c66a489d4953aae174ab2cb5014e5d7
W9_Q16,STRUCT_R1,12,6,2757846,8833,0,0,18,2,22,352,4,4,1,20,ff9866380da95df98e4375770d21fe162b02c0b8b05b75e939b18d0d711c4c04
W5_Q02,STRUCT_R2,12,6,217684,1481,0,0,6,0,6,2,6,18,4,6,e7741c936508103b2af3b934e316124eac7bac4773e716fb634bafee4047c0e4
W5_Q02,ALGSTRUCT,12,6,223127,1519,0,0,6,0,6,2,6,18,4,6,e7741c936508103b2af3b934e316124eac7bac4773e716fb634bafee4047c0e4
W4_Q08,STRUCT_R1,12,6,2978695,13333,8,0,34,1,59,265,13,262,31,35,0d7db8d8f19881c77c6e7cd19e1f9d024ea9973fae56dbdbc00db2eeaa790340
W4_Q08,STRUCT,12,6,2340073,13350,0,0,34,2,68,266,14,263,31,36,310b652f3a487a64261e67b69ca4bd659f7cd91c74be37afd64d6187457e8bdc
W7_Q16,ALGSTRUCT,12,6,632030,2112,0,0,20,0,52,18,6,15,4,20,352ecf90b67b0a72cf480d5f2990d3ea8f45c0a65a2644e7a858b4f181627dcb
W5_Q01,STRUCT,12,6,182553,1575,0,0,3,0,3,1,4,10,4,3,7528d1a80da7ce6bed6c3efbaad136c6b237adf54f46f512a5fe79019bfef2ec
W8_Q32,STRUCT_R1,12,6,3822370,9372,32,0,45,1,87,194,10,168,63,46,45e69b1796e998f7df6d485c516cc0751375b53ec01f0a7673d473a9ec217a0e
W8_Q32,OFF,12,6,2361996,8001,0,0,45,2,120,195,11,169,63,47,257e33fe42ff72054f90b0755280d3b57f6dc95e0ff488350c7a08c8fa00e255
W3_d1,ALGSTRUCT,12,6,582215,1668,8,0,10,1,19,9,5,14,4,11,51eaee63f5c885c3fa7e71093e89c7ff61bea1c09d51d95c588c39ddf452f383
W2_Q32,STRUCT_R2,12,6,1842964,3168,0,0,34,2,100,34,6,15,4,36,ead1d2e3154b72c47159b745145cb82392c282dcdeeba0e877b2291c8ed45d37
W5_Q04,STRUCT_R1,12,6,320107,1667,0,0,12,0,12,4,10,34,4,12,233b80e0525d1c617459998a8c1e1bc9855a2c2b10f43c6fd42648b8adae0248
W8_Q32,ALGSTRUCT,12,6,3885686,8519,32,1,45,1,87,194,10,168,63,46,45e69b1796e998f7df6d485c516cc0751375b53ec01f0a7673d473a9ec217a0e
W7_Q32,ALGSTRUCT,12,6,1160378,3130,0,0,36,0,100,34,6,15,4,36,6bdf3735d7ed12e047353d97f7fd342934c808ba421573c6cd2474dd612f37b1
W5_Q32,STRUCT_R1,12,6,2087018,11129,0,0,96,0,96,32,66,258,4,96,ad908136f049b66ae4b1e1c3f252d7a2ebead009fab3f7177d4babd24fcbec6a
W5_Q16,STRUCT_R1,12,6,1004176,4592,0,0,48,0,48,16,34,130,4,48,15f4ec0f61204d6ef15a655140c1c86c7248fc9deed8e4c09ef3081b8b94fb64
W8_Q32,STRUCT,12,6,2842345,8555,0,0,45,2,120,195,11,169,63,47,257e33fe42ff72054f90b0755280d3b57f6dc95e0ff488350c7a08c8fa00e255
W9_Q16,OFF,12,6,1750815,8891,0,0,18,0,48,768,4,4,1,18,43b7f4efcb619e6e3fc5fc66e7827f4bb8130a24a5905f5ce4efe6114dbfdbd3
W9_Q16,STRUCT_R2,12,6,2620235,9889,0,8,18,1,19,304,4,4,1,19,44cdb1eb48242e36e60587a8e97fc1204f774ee018380c18a625f9abe3ce3ce8
W9_Q04,OFF,12,6,604921,4296,0,0,6,0,12,192,4,4,1,6,6dad93323aff1013501fa90b58e0e48741ec6d807386799264c78a900e9e11d0
W9_Q01,OFF,12,6,227425,4054,0,0,3,0,3,48,4,4,1,3,6e63c0dab5f8b29ef9d1440bcd3711746464b7521a4243c8d32e03504a6224d2
W8_Q16,OFF,12,6,1526580,6351,0,0,29,2,72,179,11,169,63,31,75d1b16c15c201143eb0f00e84429326ead193544062ed0323b47e7914fd575d
W6_Q02,ALGSTRUCT,12,6,317534,1482,0,0,4,2,10,4,6,15,5,6,d26b7c6c44eb2ae1342ad0eacde318e4485f70f1e0c22f44dc171d7c0f11f2c5
W7_Q32,STRUCT_R1,12,6,1176194,3369,0,0,36,0,100,34,6,15,4,36,6bdf3735d7ed12e047353d97f7fd342934c808ba421573c6cd2474dd612f37b1
W4_Q04,STRUCT_R2,12,6,1246470,6796,0,0,18,2,36,134,10,139,31,20,fd25718cb278dfe33c1131161ba4977814e08de24bd73801325a42bf895b4b90
W9_Q02,STRUCT_R2,12,6,633643,4166,0,1,4,1,5,80,4,4,1,5,a250745debd6fd7cf3585f94dfa2ad7178c8b7c572e5ce15f0467c48475c0e9a
W9_Q02,STRUCT_R1,12,6,490699,4204,0,0,4,0,6,96,4,4,1,4,f59554bf6b558dac39020afcdc9d3261e3c200f0f612cb6818827b31bbda0408
W8_Q02,OFF,12,6,847771,5222,0,0,15,2,30,165,11,169,63,17,ab8e72a97eeddaf640fa9d87846837b35913b3b9a7916818e4653a499fd7cc9a
W7_Q16,STRUCT,12,6,618420,2463,0,0,20,0,52,18,6,15,4,20,352ecf90b67b0a72cf480d5f2990d3ea8f45c0a65a2644e7a858b4f181627dcb
W8_Q08,STRUCT_R1,12,6,1622725,5649,8,0,21,1,39,170,10,168,63,22,dfb50a16d91192e00318e4ac61c06d5403d37554d2e61726115b9e5e96a90617
W5_Q01,OFF,12,6,125941,1613,0,0,3,0,3,1,4,10,4,3,7528d1a80da7ce6bed6c3efbaad136c6b237adf54f46f512a5fe79019bfef2ec
W9_Q01,STRUCT,12,6,337684,3165,0,0,3,0,3,48,4,4,1,3,6e63c0dab5f8b29ef9d1440bcd3711746464b7521a4243c8d32e03504a6224d2
W6_Q08,STRUCT,12,6,580012,2131,0,0,10,2,28,10,6,15,5,12,0d426ef82e54bf37e16bebf86ad11b160059eb28202264ca816d50ab17a2aa06
W2_Q04,ALGSTRUCT,12,6,408865,1464,4,0,6,1,11,5,5,14,4,7,e3e1c95caf3c6465ad04568b51f69fe26be853a4ad44521756f63edd123351f8
W1,ALGSTRUCT,12,6,274941,1204,1,0,3,1,5,2,5,14,4,4,ddbc64bc70e115337e04b3ee4eac0b96e81aea703c916cfeea2e2366190e3210
W4_Q02,STRUCT_R1,12,6,780233,3908,2,0,10,1,17,67,7,76,31,11,056c94f2139c9e918446fe4f786e56b203a4febdd7cdb7d162e2b0323db5a772
W3_d1,STRUCT,12,6,578181,1907,0,0,10,2,28,10,6,15,4,12,a54c74b256ab2c5cf00e4072ff680215ee9ddba8ea28d33e07bfd46dd0370227
W8_Q08,STRUCT_R2,12,6,1439338,6093,0,1,21,2,48,171,11,169,63,23,6202056e7f9106d89fc2c03650e5a38d69f704cc369ba9e689bf413e5f7173e1
W4_Q32,STRUCT_R1,12,6,18783125,61832,32,0,130,1,227,1057,37,1006,31,131,4a5be56a553c6df341c1f260562041444c20a964d5f4f3916c7966ddd0bae2e9
W7_Q04,STRUCT_R1,12,6,296869,1221,0,0,8,0,16,6,6,15,4,8,64eb05b2d681af147811cd64dc0e11be812cb48952e297a71fcf6d3c013ba4a0
W7_Q02,STRUCT_R2,12,6,246313,1389,0,0,6,0,10,4,6,15,4,6,b1d2efac79748ca32ad60ca241d894721be3c3795c13e31e47e01dad1cb5a5f1
W7_Q16,STRUCT_R2,12,6,604681,2166,0,0,20,0,52,18,6,15,4,20,352ecf90b67b0a72cf480d5f2990d3ea8f45c0a65a2644e7a858b4f181627dcb
W4_Q02,ALGSTRUCT,12,6,780048,3833,2,0,10,1,17,67,7,76,31,11,056c94f2139c9e918446fe4f786e56b203a4febdd7cdb7d162e2b0323db5a772
W2_Q02,STRUCT_R2,12,6,312463,1535,0,0,4,2,10,4,6,15,4,6,002b88cffa362a25f201c7342c0d49bad4cd7fb10998ad8823a39c11beee6d88
W8_Q16,STRUCT_R2,12,6,1862632,6944,0,1,29,2,72,179,11,169,63,31,75d1b16c15c201143eb0f00e84429326ead193544062ed0323b47e7914fd575d
W7_Q32,STRUCT_R2,12,6,1117377,3075,0,0,36,0,100,34,6,15,4,36,6bdf3735d7ed12e047353d97f7fd342934c808ba421573c6cd2474dd612f37b1
W9_Q08,STRUCT_R2,12,6,1469339,7092,0,4,10,1,11,176,4,4,1,11,f0aee4c6a6b6511ecbc27f2fc4ef3f688cd044d5f143461208ceed4e1cea64ae
W8_Q04,ALGSTRUCT,12,6,1305710,5278,4,1,17,1,31,166,10,168,63,18,1ff2b9471d9cd2dd9078b74afc728460463e46c3102cf6da6b805d7f73e4899a
W7_Q08,STRUCT,12,6,412828,1797,0,0,12,0,28,10,6,15,4,12,d13ad2add4e1d9cb21c441a8963ffbcf5f462a05d4f61331fa56b7c117fe58d1
W3_d3,STRUCT_R2,12,6,1420821,3240,0,0,12,8,42,16,14,46,8,20,d0de00aa950042ce2df3a1aacd87b83395b88f62201b4b0ee4f6f67dba5bbb2b
W7_Q01,STRUCT_R2,12,6,215702,1555,0,0,5,0,7,3,6,15,4,5,70f8123fffd2af37d12a00e22d9841098c66a489d4953aae174ab2cb5014e5d7
W9_Q04,STRUCT_R2,12,6,983380,5037,0,2,6,1,7,112,4,4,1,7,7e3f7232eefdc535f0f8be36c1c724fab7de36a2740821784506d96a09bd30b3
W4_Q01,OFF,12,6,366016,2388,0,0,6,2,12,35,7,46,31,8,c1c4e28384d704fc6572f4a795b1b9dcd23dd585446058743d09154ee63f83a5
W8_Q02,ALGSTRUCT,12,6,1163062,5112,2,1,15,1,27,164,10,168,63,16,652ea2e2db2a8b59e1a2373d0aa09bb6194a7176cb3cd104297a14f7ef235e6b
W6_Q08,OFF,12,6,464180,1945,0,0,10,2,28,10,6,15,5,12,0d426ef82e54bf37e16bebf86ad11b160059eb28202264ca816d50ab17a2aa06
W2_Q04,STRUCT_R2,12,6,405515,1463,0,0,6,2,16,6,6,15,4,8,b8312387bf162a1452336c9e9e40ef1298c4a5b22cc87b54f4215f6e91104b3c
W1,STRUCT_R1,12,6,276367,1315,1,0,3,1,5,2,5,14,4,4,ddbc64bc70e115337e04b3ee4eac0b96e81aea703c916cfeea2e2366190e3210
W8_Q01,OFF,12,6,811678,5944,0,0,14,2,27,164,11,169,63,16,7b06ec78e125033330eb86a638ef113771be6d17e66ade996d2cadaa30e562a7
W9_Q32,STRUCT_R1,12,6,5246138,12666,0,0,34,2,38,608,4,4,1,36,f9b4de382a62f7ddf0ae716d829e6d3204b079918eba11b5d003aed0f308e9a0
W2_Q16,STRUCT_R2,12,6,986953,2408,0,0,18,2,52,18,6,15,4,20,f53a43e02a6f7be38b5d23a92cce7a6f0c7e7deac086e97841ea021c93a5a893
W5_Q08,ALGSTRUCT,12,6,537422,2814,0,0,24,0,24,8,18,66,4,24,1ec99f8159a9bf9f7216cbde66142ab941580d932ab53b67181d9941e08515a5
W6_Q02,OFF,12,6,246516,1482,0,0,4,2,10,4,6,15,5,6,d26b7c6c44eb2ae1342ad0eacde318e4485f70f1e0c22f44dc171d7c0f11f2c5
W4_Q01,ALGSTRUCT,12,6,494070,2222,1,0,6,1,10,34,6,45,31,7,2a2742010b3f20f3e0b7616f059bcf47256e350d22af5b1d3a055aa5eee736e9
W2_Q32,OFF,12,6,1563243,3261,0,0,34,2,100,34,6,15,4,36,ead1d2e3154b72c47159b745145cb82392c282dcdeeba0e877b2291c8ed45d37
W5_Q08,STRUCT_R2,12,6,527717,3426,0,0,24,0,24,8,18,66,4,24,1ec99f8159a9bf9f7216cbde66142ab941580d932ab53b67181d9941e08515a5
W5_Q04,ALGSTRUCT,12,6,325942,1777,0,0,12,0,12,4,10,34,4,12,233b80e0525d1c617459998a8c1e1bc9855a2c2b10f43c6fd42648b8adae0248
W7_Q02,STRUCT_R1,12,6,247275,1242,0,0,6,0,10,4,6,15,4,6,b1d2efac79748ca32ad60ca241d894721be3c3795c13e31e47e01dad1cb5a5f1
W7_Q16,STRUCT_R1,12,6,625197,2056,0,0,20,0,52,18,6,15,4,20,352ecf90b67b0a72cf480d5f2990d3ea8f45c0a65a2644e7a858b4f181627dcb
W4_Q04,STRUCT,12,6,1267786,7277,0,0,18,2,36,134,10,139,31,20,fd25718cb278dfe33c1131161ba4977814e08de24bd73801325a42bf895b4b90
W4_Q01,STRUCT,12,6,443273,2112,0,0,6,2,12,35,7,46,31,8,c1c4e28384d704fc6572f4a795b1b9dcd23dd585446058743d09154ee63f83a5
W2_Q01,OFF,12,6,195628,1444,0,0,3,2,7,3,6,15,4,5,fb4f50a52888382fd35dda056767f1188dd59b0b7db5fbe2928a5afbf6bf9f5b
W7_Q01,OFF,12,6,151944,1518,0,0,5,0,7,3,6,15,4,5,70f8123fffd2af37d12a00e22d9841098c66a489d4953aae174ab2cb5014e5d7
W5_Q01,ALGSTRUCT,12,6,182703,1092,0,0,3,0,3,1,4,10,4,3,7528d1a80da7ce6bed6c3efbaad136c6b237adf54f46f512a5fe79019bfef2ec
W5_Q32,STRUCT_R2,12,6,1988408,8926,0,0,96,0,96,32,66,258,4,96,ad908136f049b66ae4b1e1c3f252d7a2ebead009fab3f7177d4babd24fcbec6a
W4_Q02,STRUCT_R2,12,6,682549,3797,0,0,10,2,20,68,8,77,31,12,c082fb0620ac05b05065135ca996c9564b57d8a79b47964aa54b86c16cd0659f
W7_Q08,STRUCT_R2,12,6,397347,1649,0,0,12,0,28,10,6,15,4,12,d13ad2add4e1d9cb21c441a8963ffbcf5f462a05d4f61331fa56b7c117fe58d1
W7_Q04,ALGSTRUCT,12,6,296887,1352,0,0,8,0,16,6,6,15,4,8,64eb05b2d681af147811cd64dc0e11be812cb48952e297a71fcf6d3c013ba4a0
W9_Q04,ALGSTRUCT,12,6,998546,6278,0,2,6,1,7,112,4,4,1,7,7e3f7232eefdc535f0f8be36c1c724fab7de36a2740821784506d96a09bd30b3
W7_Q32,STRUCT,12,6,1135785,3593,0,0,36,0,100,34,6,15,4,36,6bdf3735d7ed12e047353d97f7fd342934c808ba421573c6cd2474dd612f37b1
W9_Q16,STRUCT,12,6,2786511,9149,0,0,18,2,22,352,4,4,1,20,ff9866380da95df98e4375770d21fe162b02c0b8b05b75e939b18d0d711c4c04
W2_Q04,STRUCT,12,6,404756,1815,0,0,6,2,16,6,6,15,4,8,b8312387bf162a1452336c9e9e40ef1298c4a5b22cc87b54f4215f6e91104b3c
W8_Q08,OFF,12,6,1196821,6279,0,0,21,2,48,171,11,169,63,23,6202056e7f9106d89fc2c03650e5a38d69f704cc369ba9e689bf413e5f7173e1
W4_Q01,STRUCT_R1,12,6,489698,2242,1,0,6,1,10,34,6,45,31,7,2a2742010b3f20f3e0b7616f059bcf47256e350d22af5b1d3a055aa5eee736e9
W4_Q04,OFF,12,6,1081583,6352,0,0,18,2,36,134,10,139,31,20,fd25718cb278dfe33c1131161ba4977814e08de24bd73801325a42bf895b4b90
W2_Q01,STRUCT,12,6,268608,1667,0,0,3,2,7,3,6,15,4,5,fb4f50a52888382fd35dda056767f1188dd59b0b7db5fbe2928a5afbf6bf9f5b
W4_Q32,STRUCT_R2,12,6,9806837,67036,0,0,130,2,260,1058,38,1007,31,132,068ad024181661f75503372002890dd704cd730c5fc591fd65590a6d532c145d
W6_Q16,OFF,12,6,802511,2204,0,0,18,2,52,18,6,15,5,20,bb0755604375307ff8e5fd09781b80b224d9ab98fa75fb51387fe44cb24e3726
W5_Q16,ALGSTRUCT,12,6,1019844,4758,0,0,48,0,48,16,34,130,4,48,15f4ec0f61204d6ef15a655140c1c86c7248fc9deed8e4c09ef3081b8b94fb64
W7_Q01,STRUCT_R1,12,6,222554,1351,0,0,5,0,7,3,6,15,4,5,70f8123fffd2af37d12a00e22d9841098c66a489d4953aae174ab2cb5014e5d7
W7_Q02,STRUCT,12,6,250406,1962,0,0,6,0,10,4,6,15,4,6,b1d2efac79748ca32ad60ca241d894721be3c3795c13e31e47e01dad1cb5a5f1
W9_Q01,ALGSTRUCT,12,6,340886,3056,0,0,3,0,3,48,4,4,1,3,6e63c0dab5f8b29ef9d1440bcd3711746464b7521a4243c8d32e03504a6224d2
W8_Q04,STRUCT_R2,12,6,1173602,5758,0,1,17,2,36,167,11,169,63,19,683043cf53c296ea0d43a0c383a5a5aa5dfae2adbc542c677c919239829da206
W9_Q08,ALGSTRUCT,12,6,1460044,5943,0,4,10,1,11,176,4,4,1,11,f0aee4c6a6b6511ecbc27f2fc4ef3f688cd044d5f143461208ceed4e1cea64ae
W6_Q32,STRUCT,12,6,1906484,3295,0,0,34,2,100,34,6,15,5,36,e27ba2fd4a248e13e86f6fd51f6578ca7bbe37b27fb6c62f3d2e37c16ce58156
W4_Q32,OFF,12,6,8715198,66648,0,0,130,2,260,1058,38,1007,31,132,068ad024181661f75503372002890dd704cd730c5fc591fd65590a6d532c145d
W4_Q02,OFF,12,6,577104,3539,0,0,10,2,20,68,8,77,31,12,c082fb0620ac05b05065135ca996c9564b57d8a79b47964aa54b86c16cd0659f
W3_d2,OFF,12,6,790918,2186,0,0,11,5,35,13,10,29,5,16,bb512a3ef0db77c97656c90a9544f5958e4b52748f6a43bfdbc34ec450c82e91
W6_Q08,STRUCT_R1,12,6,594680,1703,0,0,10,2,28,10,6,15,5,12,0d426ef82e54bf37e16bebf86ad11b160059eb28202264ca816d50ab17a2aa06
W6_Q32,STRUCT_R2,12,6,1883669,3777,0,0,34,2,100,34,6,15,5,36,e27ba2fd4a248e13e86f6fd51f6578ca7bbe37b27fb6c62f3d2e37c16ce58156
W9_Q01,STRUCT,13,6,339126,3130,0,0,3,0,3,48,4,4,1,3,6e63c0dab5f8b29ef9d1440bcd3711746464b7521a4243c8d32e03504a6224d2
W8_Q02,STRUCT_R2,13,6,1047935,5481,0,1,15,2,30,165,11,169,63,17,ab8e72a97eeddaf640fa9d87846837b35913b3b9a7916818e4653a499fd7cc9a
W6_Q04,STRUCT_R1,13,6,410422,1408,0,0,6,2,16,6,6,15,5,8,463695b346924b3ce3bfd76bc311a5cc5d47fb033482cc22912fc407e8f09fdf
W8_Q01,ALGSTRUCT,13,6,1097547,6443,1,1,14,1,25,163,10,168,63,15,fdd35fe24122be542f9944d55e73c67d2cd28afd3fd1ff25e723a080e5d2dad8
W7_Q32,STRUCT_R1,13,6,1161064,3481,0,0,36,0,100,34,6,15,4,36,6bdf3735d7ed12e047353d97f7fd342934c808ba421573c6cd2474dd612f37b1
W7_Q16,STRUCT_R1,13,6,623087,2055,0,0,20,0,52,18,6,15,4,20,352ecf90b67b0a72cf480d5f2990d3ea8f45c0a65a2644e7a858b4f181627dcb
W7_Q04,OFF,13,6,213145,1575,0,0,8,0,16,6,6,15,4,8,64eb05b2d681af147811cd64dc0e11be812cb48952e297a71fcf6d3c013ba4a0
W9_Q08,OFF,13,6,909066,6222,0,0,10,0,24,384,4,4,1,10,ae43d04dfb0cf7afbfdc83558714cd1da89c64e7c6d49325a19de9764156762a
W2_Q04,OFF,13,6,321849,2037,0,0,6,2,16,6,6,15,4,8,b8312387bf162a1452336c9e9e40ef1298c4a5b22cc87b54f4215f6e91104b3c
W3_d2,STRUCT_R2,13,6,960955,2462,0,0,11,5,35,13,10,29,5,16,bb512a3ef0db77c97656c90a9544f5958e4b52748f6a43bfdbc34ec450c82e91
W7_Q02,STRUCT_R1,13,6,247886,1482,0,0,6,0,10,4,6,15,4,6,b1d2efac79748ca32ad60ca241d894721be3c3795c13e31e47e01dad1cb5a5f1
W9_Q32,STRUCT_R2,13,6,5062251,13018,0,16,34,1,35,560,4,4,1,35,678046e55883cc9fe207429daab5f5da66bcc2178ee01574697097ddff7f102c
W5_Q32,STRUCT_R1,13,6,2073276,12223,0,0,96,0,96,32,66,258,4,96,ad908136f049b66ae4b1e1c3f252d7a2ebead009fab3f7177d4babd24fcbec6a
W5_Q02,STRUCT,13,6,223888,1666,0,0,6,0,6,2,6,18,4,6,e7741c936508103b2af3b934e316124eac7bac4773e716fb634bafee4047c0e4
W4_Q16,ALGSTRUCT,13,6,7086362,25555,16,0,66,1,115,529,21,510,31,67,c4cb6b036cc3a61a0d0502a6d94307b09dd7e159ba9b445a83ebed14f5c8ebe1
W7_Q08,STRUCT,13,6,402626,1815,0,0,12,0,28,10,6,15,4,12,d13ad2add4e1d9cb21c441a8963ffbcf5f462a05d4f61331fa56b7c117fe58d1
W8_Q16,STRUCT_R1,13,6,2184444,6573,16,0,29,1,55,178,10,168,63,30,d68e12eaec95eadd08fb1ce8e6c0dcfc893de77e4c3d4f5a64bb4b4ee29b64b3
W2_Q16,STRUCT_R1,13,6,1046971,1982,16,0,18,1,35,17,5,14,4,19,6874ea3fe8a08c7af5d8752f9a4557e5d01bc066a937913a1e427661cbb540c4
W4_Q01,OFF,13,6,364424,2647,0,0,6,2,12,35,7,46,31,8,c1c4e28384d704fc6572f4a795b1b9dcd23dd585446058743d09154ee63f83a5
W3_d2,STRUCT_R1,13,6,973696,1888,9,0,11,3,24,11,8,27,5,14,b3a60a0bc9bb1633f8ca67743fa2b43eea5f58f8a512cbf173b181d8c20dfa68
W2_Q16,STRUCT,13,6,1002492,2406,0,0,18,2,52,18,6,15,4,20,f53a43e02a6f7be38b5d23a92cce7a6f0c7e7deac086e97841ea021c93a5a893
W9_Q02,STRUCT_R1,13,6,477810,4296,0,0,4,0,6,96,4,4,1,4,f59554bf6b558dac39020afcdc9d3261e3c200f0f612cb6818827b31bbda0408
W9_Q04,STRUCT_R2,13,6,995825,5351,0,2,6,1,7,112,4,4,1,7,7e3f7232eefdc535f0f8be36c1c724fab7de36a2740821784506d96a09bd30b3
W3_d2,OFF,13,6,802234,1944,0,0,11,5,35,13,10,29,5,16,bb512a3ef0db77c97656c90a9544f5958e4b52748f6a43bfdbc34ec450c82e91
W5_Q02,STRUCT_R2,13,6,218444,1647,0,0,6,0,6,2,6,18,4,6,e7741c936508103b2af3b934e316124eac7bac4773e716fb634bafee4047c0e4
W2_Q32,OFF,13,6,1597891,3150,0,0,34,2,100,34,6,15,4,36,ead1d2e3154b72c47159b745145cb82392c282dcdeeba0e877b2291c8ed45d37
W6_Q16,OFF,13,6,804124,2258,0,0,18,2,52,18,6,15,5,20,bb0755604375307ff8e5fd09781b80b224d9ab98fa75fb51387fe44cb24e3726
W3_d3,STRUCT_R2,13,6,1416895,2370,0,0,12,8,42,16,14,46,8,20,d0de00aa950042ce2df3a1aacd87b83395b88f62201b4b0ee4f6f67dba5bbb2b
W5_Q08,STRUCT,13,6,526181,2814,0,0,24,0,24,8,18,66,4,24,1ec99f8159a9bf9f7216cbde66142ab941580d932ab53b67181d9941e08515a5
W2_Q02,ALGSTRUCT,13,6,327128,1518,2,0,4,1,7,3,5,14,4,5,d8adac9423435c6f23a5e314f4d31430db516714fee41508dcac1bc6af0e6f0c
W7_Q01,STRUCT_R2,13,6,217868,1612,0,0,5,0,7,3,6,15,4,5,70f8123fffd2af37d12a00e22d9841098c66a489d4953aae174ab2cb5014e5d7
W7_Q01,OFF,13,6,150944,1499,0,0,5,0,7,3,6,15,4,5,70f8123fffd2af37d12a00e22d9841098c66a489d4953aae174ab2cb5014e5d7
W5_Q02,ALGSTRUCT,13,6,223666,1721,0,0,6,0,6,2,6,18,4,6,e7741c936508103b2af3b934e316124eac7bac4773e716fb634bafee4047c0e4
W4_Q08,STRUCT,13,6,2339127,13444,0,0,34,2,68,266,14,263,31,36,310b652f3a487a64261e67b69ca4bd659f7cd91c74be37afd64d6187457e8bdc
W5_Q08,STRUCT_R2,13,6,517865,2574,0,0,24,0,24,8,18,66,4,24,1ec99f8159a9bf9f7216cbde66142ab941580d932ab53b67181d9941e08515a5
W2_Q16,STRUCT_R2,13,6,1005176,2315,0,0,18,2,52,18,6,15,4,20,f53a43e02a6f7be38b5d23a92cce7a6f0c7e7deac086e97841ea021c93a5a893
W9_Q02,ALGSTRUCT,13,6,635124,4185,0,1,4,1,5,80,4,4,1,5,a250745debd6fd7cf3585f94dfa2ad7178c8b7c572e5ce15f0467c48475c0e9a
W6_Q32,STRUCT_R2,13,6,1879686,3444,0,0,34,2,100,34,6,15,5,36,e27ba2fd4a248e13e86f6fd51f6578ca7bbe37b27fb6c62f3d2e37c16ce58156
W6_Q16,STRUCT,13,6,981990,2353,0,0,18,2,52,18,6,15,5,20,bb0755604375307ff8e5fd09781b80b224d9ab98fa75fb51387fe44cb24e3726
W5_Q02,OFF,13,6,156646,1722,0,0,6,0,6,2,6,18,4,6,e7741c936508103b2af3b934e316124eac7bac4773e716fb634bafee4047c0e4
W7_Q02,STRUCT_R2,13,6,241591,1555,0,0,6,0,10,4,6,15,4,6,b1d2efac79748ca32ad60ca241d894721be3c3795c13e31e47e01dad1cb5a5f1
W7_Q01,ALGSTRUCT,13,6,224425,1351,0,0,5,0,7,3,6,15,4,5,70f8123fffd2af37d12a00e22d9841098c66a489d4953aae174ab2cb5014e5d7
W2_Q32,STRUCT,13,6,1910039,3407,0,0,34,2,100,34,6,15,4,36,ead1d2e3154b72c47159b745145cb82392c282dcdeeba0e877b2291c8ed45d37
W7_Q04,STRUCT_R1,13,6,295850,1629,0,0,8,0,16,6,6,15,4,8,64eb05b2d681af147811cd64dc0e11be812cb48952e297a71fcf6d3c013ba4a0
W8_Q16,OFF,13,6,1520486,6315,0,0,29,2,72,179,11,169,63,31,75d1b16c15c201143eb0f00e84429326ead193544062ed0323b47e7914fd575d
W3_d3,STRUCT_R1,13,6,1393599,2259,10,0,12,5,29,13,11,43,8,17,16f1a8e88d7f920d91f3a177d0789d4761bf8768a0ac71ebce1f9f2282714954
W4_Q01,ALGSTRUCT,13,6,487995,2464,1,0,6,1,10,34,6,45,31,7,2a2742010b3f20f3e0b7616f059bcf47256e350d22af5b1d3a055aa5eee736e9
W8_Q01,OFF,13,6,810824,5761,0,0,14,2,27,164,11,169,63,16,7b06ec78e125033330eb86a638ef113771be6d17e66ade996d2cadaa30e562a7
W7_Q32,STRUCT,13,6,1137638,3314,0,0,36,0,100,34,6,15,4,36,6bdf3735d7ed12e047353d97f7fd342934c808ba421573c6cd2474dd612f37b1
W8_Q08,STRUCT_R2,13,6,1456099,6221,0,1,21,2,48,171,11,169,63,23,6202056e7f9106d89fc2c03650e5a38d69f704cc369ba9e689bf413e5f7173e1
W8_Q08,STRUCT,13,6,1458580,6018,0,0,21,2,48,171,11,169,63,23,6202056e7f9106d89fc2c03650e5a38d69f704cc369ba9e689bf413e5f7173e1
W1,STRUCT_R1,13,6,275255,1168,1,0,3,1,5,2,5,14,4,4,ddbc64bc70e115337e04b3ee4eac0b96e81aea703c916cfeea2e2366190e3210
W6_Q04,STRUCT,13,6,404515,1759,0,0,6,2,16,6,6,15,5,8,463695b346924b3ce3bfd76bc311a5cc5d47fb033482cc22912fc407e8f09fdf
W5_Q04,OFF,13,6,246164,2204,0,0,12,0,12,4,10,34,4,12,233b80e0525d1c617459998a8c1e1bc9855a2c2b10f43c6fd42648b8adae0248
W8_Q08,ALGSTRUCT,13,6,1630985,5444,8,1,21,1,39,170,10,168,63,22,dfb50a16d91192e00318e4ac61c06d5403d37554d2e61726115b9e5e96a90617
W8_Q02,ALGSTRUCT,13,6,1149803,5353,2,1,15,1,27,164,10,168,63,16,652ea2e2db2a8b59e1a2373d0aa09bb6194a7176cb3cd104297a14f7ef235e6b
W5_Q16,STRUCT_R2,13,6,979435,5222,0,0,48,0,48,16,34,130,4,48,15f4ec0f61204d6ef15a655140c1c86c7248fc9deed8e4c09ef3081b8b94fb64
W7_Q16,STRUCT,13,6,615476,2296,0,0,20,0,52,18,6,15,4,20,352ecf90b67b0a72cf480d5f2990d3ea8f45c0a65a2644e7a858b4f181627dcb
W2_Q08,ALGSTRUCT,13,6,582032,1574,8,0,10,1,19,9,5,14,4,11,28ef291bdbdabd5779860a9dac095bdb774cc930b18dec6f9c7bf13df75550d2
W2_Q32,STRUCT_R1,13,6,2217627,3186,32,0,34,1,67,33,5,14,4,35,aa6152b6f2b2227ea71db0831b5f58d2dce2bdcb6db5c4bb5d1fb235d1201ed1
W5_Q01,STRUCT_R1,13,6,183851,1425,0,0,3,0,3,1,4,10,4,3,7528d1a80da7ce6bed6c3efbaad136c6b237adf54f46f512a5fe79019bfef2ec
W6_Q01,OFF,13,6,196611,1536,0,0,3,2,7,3,6,15,5,5,ef852aa19070a90d167a6fc211683b2bbb6401671f4212d90e23806d1620b62f
W6_Q02,ALGSTRUCT,13,6,317201,1370,0,0,4,2,10,4,6,15,5,6,d26b7c6c44eb2ae1342ad0eacde318e4485f70f1e0c22f44dc171d7c0f11f2c5
W4_Q08,STRUCT_R2,13,6,2323682,13093,0,0,34,2,68,266,14,263,31,36,310b652f3a487a64261e67b69ca4bd659f7cd91c74be37afd64d6187457e8bdc
W6_Q02,OFF,13,6,240424,1499,0,0,4,2,10,4,6,15,5,6,d26b7c6c44eb2ae1342ad0eacde318e4485f70f1e0c22f44dc171d7c0f11f2c5
W5_Q16,STRUCT,13,6,975620,4297,0,0,48,0,48,16,34,130,4,48,15f4ec0f61204d6ef15a655140c1c86c7248fc9deed8e4c09ef3081b8b94fb64
W2_Q16,OFF,13,6,822788,2482,0,0,18,2,52,18,6,15,4,20,f53a43e02a6f7be38b5d23a92cce7a6f0c7e7deac086e97841ea021c93a5a893
W2_Q01,STRUCT_R1,13,6,272405,1259,1,0,3,1,5,2,5,14,4,4,2474f5c3c44c2292e8653ad95f4f21ec80fa6c72b730d7761807baa6c04c0270
W2_Q08,STRUCT_R2,13,6,571643,1796,0,0,10,2,28,10,6,15,4,12,e121069670786ba8fbe3100d624a17638d4611a34b02647058710f2e3db6a9c9
W5_Q04,STRUCT_R2,13,6,320311,2038,0,0,12,0,12,4,10,34,4,12,233b80e0525d1c617459998a8c1e1bc9855a2c2b10f43c6fd42648b8adae0248
W4_Q16,OFF,13,6,4231701,28797,0,0,66,2,132,530,22,511,31,68,7fbae5656c303ca065341c5db14fa3ef41fb196c82f59bb1c789e1f7b78b0f7a
W9_Q04,OFF,13,6,607348,4536,0,0,6,0,12,192,4,4,1,6,6dad93323aff1013501fa90b58e0e48741ec6d807386799264c78a900e9e11d0
W3_d1,STRUCT,13,6,583753,1779,0,0,10,2,28,10,6,15,4,12,a54c74b256ab2c5cf00e4072ff680215ee9ddba8ea28d33e07bfd46dd0370227
W4_Q32,STRUCT_R2,13,6,9772301,75850,0,0,130,2,260,1058,38,1007,31,132,068ad024181661f75503372002890dd704cd730c5fc591fd65590a6d532c145d
W4_Q08,ALGSTRUCT,13,6,2954825,13444,8,0,34,1,59,265,13,262,31,35,0d7db8d8f19881c77c6e7cd19e1f9d024ea9973fae56dbdbc00db2eeaa790340
W9_Q08,STRUCT_R2,13,6,1468376,5759,0,4,10,1,11,176,4,4,1,11,f0aee4c6a6b6511ecbc27f2fc4ef3f688cd044d5f143461208ceed4e1cea64ae
W9_Q04,ALGSTRUCT,13,6,989712,4853,0,2,6,1,7,112,4,4,1,7,7e3f7232eefdc535f0f8be36c1c724fab7de36a2740821784506d96a09bd30b3
W9_Q02,STRUCT_R2,13,6,633939,4333,0,1,4,1,5,80,4,4,1,5,a250745debd6fd7cf3585f94dfa2ad7178c8b7c572e5ce15f0467c48475c0e9a
W4_Q08,STRUCT_R1,13,6,2969899,13721,8,0,34,1,59,265,13,262,31,35,0d7db8d8f19881c77c6e7cd19e1f9d024ea9973fae56dbdbc00db2eeaa790340
W4_Q32,STRUCT_R1,13,6,18354535,53870,32,0,130,1,227,1057,37,1006,31,131,4a5be56a553c6df341c1f260562041444c20a964d5f4f3916c7966ddd0bae2e9
W5_Q32,ALGSTRUCT,13,6,2117684,8852,0,0,96,0,96,32,66,258,4,96,ad908136f049b66ae4b1e1c3f252d7a2ebead009fab3f7177d4babd24fcbec6a
W5_Q04,STRUCT,13,6,313239,2259,0,0,12,0,12,4,10,34,4,12,233b80e0525d1c617459998a8c1e1bc9855a2c2b10f43c6fd42648b8adae0248
W3_d3,OFF,13,6,1192581,2556,0,0,12,8,42,16,14,46,8,20,d0de00aa950042ce2df3a1aacd87b83395b88f62201b4b0ee4f6f67dba5bbb2b
W9_Q01,OFF,13,6,225628,3148,0,0,3,0,3,48,4,4,1,3,6e63c0dab5f8b29ef9d1440bcd3711746464b7521a4243c8d32e03504a6224d2
W4_Q02,STRUCT,13,6,699160,3833,0,0,10,2,20,68,8,77,31,12,c082fb0620ac05b05065135ca996c9564b57d8a79b47964aa54b86c16cd0659f
W8_Q08,STRUCT_R1,13,6,1615133,5796,8,0,21,1,39,170,10,168,63,22,dfb50a16d91192e00318e4ac61c06d5403d37554d2e61726115b9e5e96a90617
W5_Q04,ALGSTRUCT,13,6,317849,2334,0,0,12,0,12,4,10,34,4,12,233b80e0525d1c617459998a8c1e1bc9855a2c2b10f43c6fd42648b8adae0248
W2_Q16,ALGSTRUCT,13,6,1052306,2184,16,0,18,1,35,17,5,14,4,19,6874ea3fe8a08c7af5d8752f9a4557e5d01bc066a937913a1e427661cbb540c4
W9_Q16,STRUCT,13,6,2800716,9759,0,0,18,2,22,352,4,4,1,20,ff9866380da95df98e4375770d21fe162b02c0b8b05b75e939b18d0d711c4c04
W7_Q08,OFF,13,6,306034,2056,0,0,12,0,28,10,6,15,4,12,d13ad2add4e1d9cb21c441a8963ffbcf5f462a05d4f61331fa56b7c117fe58d1
W4_Q04,STRUCT,13,6,1253617,6593,0,0,18,2,36,134,10,139,31,20,fd25718cb278dfe33c1131161ba4977814e08de24bd73801325a42bf895b4b90
W8_Q04,STRUCT_R1,13,6,1289990,5295,4,0,17,1,31,166,10,168,63,18,1ff2b9471d9cd2dd9078b74afc728460463e46c3102cf6da6b805d7f73e4899a
W3_d1,STRUCT_R2,13,6,571440,1906,0,0,10,2,28,10,6,15,4,12,a54c74b256ab2c5cf00e4072ff680215ee9ddba8ea28d33e07bfd46dd0370227
W9_Q32,STRUCT,13,6,5242341,13333,0,0,34,2,38,608,4,4,1,36,f9b4de382a62f7ddf0ae716d829e6d3204b079918eba11b5d003aed0f308e9a0
W8_Q04,STRUCT_R2,13,6,1169804,5926,0,1,17,2,36,167,11,169,63,19,683043cf53c296ea0d43a0c383a5a5aa5dfae2adbc542c677c919239829da206
W4_Q04,STRUCT_R1,13,6,1458745,6371,4,0,18,1,31,133,9,138,31,19,fc880fdc081349aa9e95db821628814a11fa6271dfea15fd511d230a5fbbf819
W8_Q04,OFF,13,6,961915,5446,0,0,17,2,36,167,11,169,63,19,683043cf53c296ea0d43a0c383a5a5aa5dfae2adbc542c677c919239829da206
W1,STRUCT_R2,13,6,257127,1241,0,0,3,2,7,3,6,15,4,5,4b26ed307e0166f8d1fa59ea1e874899e41c5fd882be9ef62f84eb3685bb70b7
W6_Q08,ALGSTRUCT,13,6,593755,1851,0,0,10,2,28,10,6,15,5,12,0d426ef82e54bf37e16bebf86ad11b160059eb28202264ca816d50ab17a2aa06
W2_Q01,ALGSTRUCT,13,6,275664,1334,1,0,3,1,5,2,5,14,4,4,2474f5c3c44c2292e8653ad95f4f21ec80fa6c72b730d7761807baa6c04c0270
W2_Q32,STRUCT_R2,13,6,1869077,3554,0,0,34,2,100,34,6,15,4,36,ead1d2e3154b72c47159b745145cb82392c282dcdeeba0e877b2291c8ed45d37
W4_Q04,ALGSTRUCT,13,6,1481969,6295,4,0,18,1,31,133,9,138,31,19,fc880fdc081349aa9e95db821628814a11fa6271dfea15fd511d230a5fbbf819
W8_Q08,OFF,13,6,1193673,5705,0,0,21,2,48,171,11,169,63,23,6202056e7f9106d89fc2c03650e5a38d69f704cc369ba9e689bf413e5f7173e1
W8_Q32,STRUCT_R1,13,6,3912391,8610,32,0,45,1,87,194,10,168,63,46,45e69b1796e998f7df6d485c516cc0751375b53ec01f0a7673d473a9ec217a0e
W8_Q32,STRUCT_R2,13,6,2804086,8851,0,1,45,2,120,195,11,169,63,47,257e33fe42ff72054f90b0755280d3b57f6dc95e0ff488350c7a08c8fa00e255
W1,OFF,13,6,197294,1649,0,0,3,2,7,3,6,15,4,5,4b26ed307e0166f8d1fa59ea1e874899e41c5fd882be9ef62f84eb3685bb70b7
W8_Q32,ALGSTRUCT,13,6,3876501,7834,32,1,45,1,87,194,10,168,63,46,45e69b1796e998f7df6d485c516cc0751375b53ec01f0a7673d473a9ec217a0e
W4_Q16,STRUCT_R2,13,6,4744049,27537,0,0,66,2,132,530,22,511,31,68,7fbae5656c303ca065341c5db14fa3ef41fb196c82f59bb1c789e1f7b78b0f7a
W5_Q08,STRUCT_R1,13,6,542901,2797,0,0,24,0,24,8,18,66,4,24,1ec99f8159a9bf9f7216cbde66142ab941580d932ab53b67181d9941e08515a5
W2_Q32,ALGSTRUCT,13,6,2220757,3611,32,0,34,1,67,33,5,14,4,35,aa6152b6f2b2227ea71db0831b5f58d2dce2bdcb6db5c4bb5d1fb235d1201ed1
W6_Q08,STRUCT_R2,13,6,574698,2056,0,0,10,2,28,10,6,15,5,12,0d426ef82e54bf37e16bebf86ad11b160059eb28202264ca816d50ab17a2aa06
W3_d2,STRUCT,13,6,981213,2148,0,0,11,5,35,13,10,29,5,16,bb512a3ef0db77c97656c90a9544f5958e4b52748f6a43bfdbc34ec450c82e91
W4_Q02,ALGSTRUCT,13,6,794808,3722,2,0,10,1,17,67,7,76,31,11,056c94f2139c9e918446fe4f786e56b203a4febdd7cdb7d162e2b0323db5a772
W5_Q04,STRUCT_R1,13,6,315312,1611,0,0,12,0,12,4,10,34,4,12,233b80e0525d1c617459998a8c1e1bc9855a2c2b10f43c6fd42648b8adae0248
W5_Q16,OFF,13,6,861788,5352,0,0,48,0,48,16,34,130,4,48,15f4ec0f61204d6ef15a655140c1c86c7248fc9deed8e4c09ef3081b8b94fb64
W7_Q16,STRUCT_R2,13,6,613622,2057,0,0,20,0,52,18,6,15,4,20,352ecf90b67b0a72cf480d5f2990d3ea8f45c0a65a2644e7a858b4f181627dcb
W2_Q04,STRUCT_R1,13,6,407422,1611,4,0,6,1,11,5,5,14,4,7,e3e1c95caf3c6465ad04568b51f69fe26be853a4ad44521756f63edd123351f8
W9_Q08,STRUCT_R1,13,6,1573505,6055,0,0,10,2,14,224,4,4,1,12,4c97cc82f3dbf6bc2a6de325d199b0cb65ffca732846069f84ea5618bb19fcfd
W7_Q16,ALGSTRUCT,13,6,641568,1945,0,0,20,0,52,18,6,15,4,20,352ecf90b67b0a72cf480d5f2990d3ea8f45c0a65a2644e7a858b4f181627dcb
W8_Q01,STRUCT_R1,13,6,1093804,5723,1,0,14,1,25,163,10,168,63,15,fdd35fe24122be542f9944d55e73c67d2cd28afd3fd1ff25e723a080e5d2dad8
W9_Q04,STRUCT,13,6,1122192,6576,0,0,6,2,10,160,4,4,1,8,a25fcd6d9b6930c5a5e472a5d4b9da9d0423cec22fe64a49a0e3364286ad6c7b
W6_Q08,STRUCT_R1,13,6,582329,1554,0,0,10,2,28,10,6,15,5,12,0d426ef82e54bf37e16bebf86ad11b160059eb28202264ca816d50ab17a2aa06
W7_Q32,STRUCT_R2,13,6,1121248,3241,0,0,36,0,100,34,6,15,4,36,6bdf3735d7ed12e047353d97f7fd342934c808ba421573c6cd2474dd612f37b1
W9_Q32,OFF,13,6,3487005,14704,0,0,34,0,96,1536,4,4,1,34,13dfd65212c03f91a3168cac28f16ba616ce21a6c4d7fb7bf5b25f0167fbc71b
W9_Q32,ALGSTRUCT,13,6,5083583,12500,0,16,34,1,35,560,4,4,1,35,678046e55883cc9fe207429daab5f5da66bcc2178ee01574697097ddff7f102c
W6_Q32,STRUCT_R1,13,6,1938297,3704,0,0,34,2,100,34,6,15,5,36,e27ba2fd4a248e13e86f6fd51f6578ca7bbe37b27fb6c62f3d2e37c16ce58156
W4_Q32,ALGSTRUCT,13,6,18598608,52111,32,0,130,1,227,1057,37,1006,31,131,4a5be56a553c6df341c1f260562041444c20a964d5f4f3916c7966ddd0bae2e9
W8_Q01,STRUCT_R2,13,6,1013657,5852,0,1,14,2,27,164,11,169,63,16,7b06ec78e125033330eb86a638ef113771be6d17e66ade996d2cadaa30e562a7
W9_Q16,STRUCT_R2,13,6,2649496,9573,0,8,18,1,19,304,4,4,1,19,44cdb1eb48242e36e60587a8e97fc1204f774ee018380c18a625f9abe3ce3ce8
W6_Q08,OFF,13,6,459552,2092,0,0,10,2,28,10,6,15,5,12,0d426ef82e54bf37e16bebf86ad11b160059eb28202264ca816d50ab17a2aa06
W9_Q08,STRUCT,13,6,1591912,6092,0,0,10,2,14,224,4,4,1,12,4c97cc82f3dbf6bc2a6de325d199b0cb65ffca732846069f84ea5618bb19fcfd
W9_Q01,ALGSTRUCT,13,6,344440,3223,0,0,3,0,3,48,4,4,1,3,6e63c0dab5f8b29ef9d1440bcd3711746464b7521a4243c8d32e03504a6224d2
W6_Q16,ALGSTRUCT,13,6,1030064,2278,0,0,18,2,52,18,6,15,5,20,bb0755604375307ff8e5fd09781b80b224d9ab98fa75fb51387fe44cb24e3726
W2_Q08,OFF,13,6,455366,1926,0,0,10,2,28,10,6,15,4,12,e121069670786ba8fbe3100d624a17638d4611a34b02647058710f2e3db6a9c9
W7_Q16,OFF,13,6,482663,2388,0,0,20,0,52,18,6,15,4,20,352ecf90b67b0a72cf480d5f2990d3ea8f45c0a65a2644e7a858b4f181627dcb
W6_Q01,ALGSTRUCT,13,6,263645,1445,0,0,3,2,7,3,6,15,5,5,ef852aa19070a90d167a6fc211683b2bbb6401671f4212d90e23806d1620b62f
W8_Q02,STRUCT,13,6,1070620,5463,0,0,15,2,30,165,11,169,63,17,ab8e72a97eeddaf640fa9d87846837b35913b3b9a7916818e4653a499fd7cc9a
W8_Q01,STRUCT,13,6,1002102,6092,0,0,14,2,27,164,11,169,63,16,7b06ec78e125033330eb86a638ef113771be6d17e66ade996d2cadaa30e562a7
W7_Q01,STRUCT,13,6,219442,1519,0,0,5,0,7,3,6,15,4,5,70f8123fffd2af37d12a00e22d9841098c66a489d4953aae174ab2cb5014e5d7
W2_Q02,OFF,13,6,237739,1499,0,0,4,2,10,4,6,15,4,6,002b88cffa362a25f201c7342c0d49bad4cd7fb10998ad8823a39c11beee6d88
W6_Q16,STRUCT_R1,13,6,1039138,1926,0,0,18,2,52,18,6,15,5,20,bb0755604375307ff8e5fd09781b80b224d9ab98fa75fb51387fe44cb24e3726
W3_d1,STRUCT_R1,13,6,581179,1612,8,0,10,1,19,9,5,14,4,11,51eaee63f5c885c3fa7e71093e89c7ff61bea1c09d51d95c588c39ddf452f383
W8_Q16,ALGSTRUCT,13,6,2221274,6501,16,1,29,1,55,178,10,168,63,30,d68e12eaec95eadd08fb1ce8e6c0dcfc893de77e4c3d4f5a64bb4b4ee29b64b3
W9_Q04,STRUCT_R1,13,6,1108212,4575,0,0,6,2,10,160,4,4,1,8,a25fcd6d9b6930c5a5e472a5d4b9da9d0423cec22fe64a49a0e3364286ad6c7b
W2_Q04,STRUCT_R2,13,6,399755,1519,0,0,6,2,16,6,6,15,4,8,b8312387bf162a1452336c9e9e40ef1298c4a5b22cc87b54f4215f6e91104b3c
W7_Q08,STRUCT_R1,13,6,408015,1648,0,0,12,0,28,10,6,15,4,12,d13ad2add4e1d9cb21c441a8963ffbcf5f462a05d4f61331fa56b7c117fe58d1
W4_Q32,OFF,13,6,8762883,65018,0,0,130,2,260,1058,38,1007,31,132,068ad024181661f75503372002890dd704cd730c5fc591fd65590a6d532c145d
W1,ALGSTRUCT,13,6,277869,1740,1,0,3,1,5,2,5,14,4,4,ddbc64bc70e115337e04b3ee4eac0b96e81aea703c916cfeea2e2366190e3210
W2_Q08,STRUCT,13,6,578512,1982,0,0,10,2,28,10,6,15,4,12,e121069670786ba8fbe3100d624a17638d4611a34b02647058710f2e3db6a9c9
W5_Q08,ALGSTRUCT,13,6,537088,2425,0,0,24,0,24,8,18,66,4,24,1ec99f8159a9bf9f7216cbde66142ab941580d932ab53b67181d9941e08515a5
W9_Q02,STRUCT,13,6,481237,4018,0,0,4,0,6,96,4,4,1,4,f59554bf6b558dac39020afcdc9d3261e3c200f0f612cb6818827b31bbda0408
W8_Q02,OFF,13,6,843974,5111,0,0,15,2,30,165,11,169,63,17,ab8e72a97eeddaf640fa9d87846837b35913b3b9a7916818e4653a499fd7cc9a
W6_Q01,STRUCT_R1,13,6,262830,1501,0,0,3,2,7,3,6,15,5,5,ef852aa19070a90d167a6fc211683b2bbb6401671f4212d90e23806d1620b62f
W5_Q08,OFF,13,6,443885,3519,0,0,24,0,24,8,18,66,4,24,1ec99f8159a9bf9f7216cbde66142ab941580d932ab53b67181d9941e08515a5
W4_Q16,STRUCT,13,6,4783567,26611,0,0,66,2,132,530,22,511,31,68,7fbae5656c303ca065341c5db14fa3ef41fb196c82f59bb1c789e1f7b78b0f7a
W8_Q02,STRUCT_R1,13,6,1166638,5722,2,0,15,1,27,164,10,168,63,16,652ea2e2db2a8b59e1a2373d0aa09bb6194a7176cb3cd104297a14f7ef235e6b
W2_Q02,STRUCT_R2,13,6,310736,1557,0,0,4,2,10,4,6,15,4,6,002b88cffa362a25f201c7342c0d49bad4cd7fb10998ad8823a39c11beee6d88
W7_Q08,ALGSTRUCT,13,6,412034,1629,0,0,12,0,28,10,6,15,4,12,d13ad2add4e1d9cb21c441a8963ffbcf5f462a05d4f61331fa56b7c117fe58d1
W2_Q01,STRUCT,13,6,264941,1704,0,0,3,2,7,3,6,15,4,5,fb4f50a52888382fd35dda056767f1188dd59b0b7db5fbe2928a5afbf6bf9f5b
W3_d2,ALGSTRUCT,13,6,973768,1798,9,0,11,3,24,11,8,27,5,14,b3a60a0bc9bb1633f8ca67743fa2b43eea5f58f8a512cbf173b181d8c20dfa68
W9_Q32,STRUCT_R1,13,6,5246100,14037,0,0,34,2,38,608,4,4,1,36,f9b4de382a62f7ddf0ae716d829e6d3204b079918eba11b5d003aed0f308e9a0
W4_Q02,OFF,13,6,589218,3647,0,0,10,2,20,68,8,77,31,12,c082fb0620ac05b05065135ca996c9564b57d8a79b47964aa54b86c16cd0659f
W2_Q01,OFF,13,6,197387,1630,0,0,3,2,7,3,6,15,4,5,fb4f50a52888382fd35dda056767f1188dd59b0b7db5fbe2928a5afbf6bf9f5b
W4_Q04,OFF,13,6,1067435,6925,0,0,18,2,36,134,10,139,31,20,fd25718cb278dfe33c1131161ba4977814e08de24bd73801325a42bf895b4b90
W4_Q01,STRUCT_R1,13,6,492329,2111,1,0,6,1,10,34,6,45,31,7,2a2742010b3f20f3e0b7616f059bcf47256e350d22af5b1d3a055aa5eee736e9
W8_Q16,STRUCT_R2,13,6,1852705,7093,0,1,29,2,72,179,11,169,63,31,75d1b16c15c201143eb0f00e84429326ead193544062ed0323b47e7914fd575d
W9_Q08,ALGSTRUCT,13,6,1455321,6073,0,4,10,1,11,176,4,4,1,11,f0aee4c6a6b6511ecbc27f2fc4ef3f688cd044d5f143461208ceed4e1cea64ae
W2_Q04,STRUCT,13,6,405755,1630,0,0,6,2,16,6,6,15,4,8,b8312387bf162a1452336c9e9e40ef1298c4a5b22cc87b54f4215f6e91104b3c
W7_Q01,STRUCT_R1,13,6,223776,1278,0,0,5,0,7,3,6,15,4,5,70f8123fffd2af37d12a00e22d9841098c66a489d4953aae174ab2cb5014e5d7
W7_Q32,OFF,13,6,908788,3111,0,0,36,0,100,34,6,15,4,36,6bdf3735d7ed12e047353d97f7fd342934c808ba421573c6cd2474dd612f37b1
W6_Q04,OFF,13,6,313237,2019,0,0,6,2,16,6,6,15,5,8,463695b346924b3ce3bfd76bc311a5cc5d47fb033482cc22912fc407e8f09fdf
W8_Q04,ALGSTRUCT,13,6,1291212,5628,4,1,17,1,31,166,10,168,63,18,1ff2b9471d9cd2dd9078b74afc728460463e46c3102cf6da6b805d7f73e4899a
W4_Q02,STRUCT_R1,13,6,796085,3611,2,0,10,1,17,67,7,76,31,11,056c94f2139c9e918446fe4f786e56b203a4febdd7cdb7d162e2b0323db5a772
W7_Q02,OFF,13,6,175720,1482,0,0,6,0,10,4,6,15,4,6,b1d2efac79748ca32ad60ca241d894721be3c3795c13e31e47e01dad1cb5a5f1
W2_Q02,STRUCT,13,6,316756,1667,0,0,4,2,10,4,6,15,4,6,002b88cffa362a25f201c7342c0d49bad4cd7fb10998ad8823a39c11beee6d88
W8_Q16,STRUCT,13,6,1849725,7166,0,0,29,2,72,179,11,169,63,31,75d1b16c15c201143eb0f00e84429326ead193544062ed0323b47e7914fd575d
W5_Q16,ALGSTRUCT,13,6,1016435,4870,0,0,48,0,48,16,34,130,4,48,15f4ec0f61204d6ef15a655140c1c86c7248fc9deed8e4c09ef3081b8b94fb64
W5_Q32,OFF,13,6,1839964,10260,0,0,96,0,96,32,66,258,4,96,ad908136f049b66ae4b1e1c3f252d7a2ebead009fab3f7177d4babd24fcbec6a
W3_d1,OFF,13,6,493532,2241,0,0,10,2,28,10,6,15,4,12,a54c74b256ab2c5cf00e4072ff680215ee9ddba8ea28d33e07bfd46dd0370227
W9_Q16,STRUCT_R1,13,6,2757771,9204,0,0,18,2,22,352,4,4,1,20,ff9866380da95df98e4375770d21fe162b02c0b8b05b75e939b18d0d711c4c04
W9_Q01,STRUCT_R1,13,6,335017,2962,0,0,3,0,3,48,4,4,1,3,6e63c0dab5f8b29ef9d1440bcd3711746464b7521a4243c8d32e03504a6224d2
W9_Q01,STRUCT_R2,13,6,338423,3703,0,0,3,0,3,48,4,4,1,3,6e63c0dab5f8b29ef9d1440bcd3711746464b7521a4243c8d32e03504a6224d2
W6_Q01,STRUCT,13,6,262053,1611,0,0,3,2,7,3,6,15,5,5,ef852aa19070a90d167a6fc211683b2bbb6401671f4212d90e23806d1620b62f
W6_Q16,STRUCT_R2,13,6,977231,2630,0,0,18,2,52,18,6,15,5,20,bb0755604375307ff8e5fd09781b80b224d9ab98fa75fb51387fe44cb24e3726
W9_Q16,ALGSTRUCT,13,6,2626180,9685,0,8,18,1,19,304,4,4,1,19,44cdb1eb48242e36e60587a8e97fc1204f774ee018380c18a625f9abe3ce3ce8
W2_Q02,STRUCT_R1,13,6,320442,1426,2,0,4,1,7,3,5,14,4,5,d8adac9423435c6f23a5e314f4d31430db516714fee41508dcac1bc6af0e6f0c
W5_Q02,STRUCT_R1,13,6,224462,1629,0,0,6,0,6,2,6,18,4,6,e7741c936508103b2af3b934e316124eac7bac4773e716fb634bafee4047c0e4
W6_Q04,ALGSTRUCT,13,6,414071,1703,0,0,6,2,16,6,6,15,5,8,463695b346924b3ce3bfd76bc311a5cc5d47fb033482cc22912fc407e8f09fdf
W5_Q16,STRUCT_R1,13,6,1006547,4759,0,0,48,0,48,16,34,130,4,48,15f4ec0f61204d6ef15a655140c1c86c7248fc9deed8e4c09ef3081b8b94fb64
W6_Q04,STRUCT_R2,13,6,399570,1815,0,0,6,2,16,6,6,15,5,8,463695b346924b3ce3bfd76bc311a5cc5d47fb033482cc22912fc407e8f09fdf
W3_d3,ALGSTRUCT,13,6,1411005,2112,10,0,12,5,29,13,11,43,8,17,16f1a8e88d7f920d91f3a177d0789d4761bf8768a0ac71ebce1f9f2282714954
W5_Q32,STRUCT_R2,13,6,1990186,10555,0,0,96,0,96,32,66,258,4,96,ad908136f049b66ae4b1e1c3f252d7a2ebead009fab3f7177d4babd24fcbec6a
W6_Q32,STRUCT,13,6,1898336,3573,0,0,34,2,100,34,6,15,5,36,e27ba2fd4a248e13e86f6fd51f6578ca7bbe37b27fb6c62f3d2e37c16ce58156
W2_Q01,STRUCT_R2,13,6,262016,1704,0,0,3,2,7,3,6,15,4,5,fb4f50a52888382fd35dda056767f1188dd59b0b7db5fbe2928a5afbf6bf9f5b
W2_Q08,STRUCT_R1,13,6,577217,1574,8,0,10,1,19,9,5,14,4,11,28ef291bdbdabd5779860a9dac095bdb774cc930b18dec6f9c7bf13df75550d2
W6_Q08,STRUCT,13,6,584069,1944,0,0,10,2,28,10,6,15,5,12,0d426ef82e54bf37e16bebf86ad11b160059eb28202264ca816d50ab17a2aa06
W5_Q01,ALGSTRUCT,13,6,185035,1555,0,0,3,0,3,1,4,10,4,3,7528d1a80da7ce6bed6c3efbaad136c6b237adf54f46f512a5fe79019bfef2ec
W2_Q04,ALGSTRUCT,13,6,405718,1389,4,0,6,1,11,5,5,14,4,7,e3e1c95caf3c6465ad04568b51f69fe26be853a4ad44521756f63edd123351f8
W5_Q32,STRUCT,13,6,1983148,8797,0,0,96,0,96,32,66,258,4,96,ad908136f049b66ae4b1e1c3f252d7a2ebead009fab3f7177d4babd24fcbec6a
W4_Q04,STRUCT_R2,13,6,1247210,7204,0,0,18,2,36,134,10,139,31,20,fd25718cb278dfe33c1131161ba4977814e08de24bd73801325a42bf895b4b90
W6_Q02,STRUCT_R1,13,6,316979,1296,0,0,4,2,10,4,6,15,5,6,d26b7c6c44eb2ae1342ad0eacde318e4485f70f1e0c22f44dc171d7c0f11f2c5
W9_Q02,OFF,13,6,345218,4149,0,0,4,0,6,96,4,4,1,4,f59554bf6b558dac39020afcdc9d3261e3c200f0f612cb6818827b31bbda0408
W6_Q32,ALGSTRUCT,13,6,1957500,3093,0,0,34,2,100,34,6,15,5,36,e27ba2fd4a248e13e86f6fd51f6578ca7bbe37b27fb6c62f3d2e37c16ce58156
W7_Q02,STRUCT,13,6,247128,1611,0,0,6,0,10,4,6,15,4,6,b1d2efac79748ca32ad60ca241d894721be3c3795c13e31e47e01dad1cb5a5f1
W4_Q08,OFF,13,6,2012944,13075,0,0,34,2,68,266,14,263,31,36,310b652f3a487a64261e67b69ca4bd659f7cd91c74be37afd64d6187457e8bdc
W4_Q16,STRUCT_R1,13,6,7105323,25575,16,0,66,1,115,529,21,510,31,67,c4cb6b036cc3a61a0d0502a6d94307b09dd7e159ba9b445a83ebed14f5c8ebe1
W7_Q02,ALGSTRUCT,13,6,248647,1388,0,0,6,0,10,4,6,15,4,6,b1d2efac79748ca32ad60ca241d894721be3c3795c13e31e47e01dad1cb5a5f1
W5_Q01,OFF,13,6,126109,1352,0,0,3,0,3,1,4,10,4,3,7528d1a80da7ce6bed6c3efbaad136c6b237adf54f46f512a5fe79019bfef2ec
W8_Q32,STRUCT,13,6,2823493,8203,0,0,45,2,120,195,11,169,63,47,257e33fe42ff72054f90b0755280d3b57f6dc95e0ff488350c7a08c8fa00e255
W5_Q01,STRUCT_R2,13,6,179535,1408,0,0,3,0,3,1,4,10,4,3,7528d1a80da7ce6bed6c3efbaad136c6b237adf54f46f512a5fe79019bfef2ec
W4_Q02,STRUCT_R2,13,6,688070,3924,0,0,10,2,20,68,8,77,31,12,c082fb0620ac05b05065135ca996c9564b57d8a79b47964aa54b86c16cd0659f
W6_Q02,STRUCT,13,6,318812,1536,0,0,4,2,10,4,6,15,5,6,d26b7c6c44eb2ae1342ad0eacde318e4485f70f1e0c22f44dc171d7c0f11f2c5
W6_Q01,STRUCT_R2,13,6,258774,1520,0,0,3,2,7,3,6,15,5,5,ef852aa19070a90d167a6fc211683b2bbb6401671f4212d90e23806d1620b62f
W4_Q01,STRUCT_R2,13,6,438405,2406,0,0,6,2,12,35,7,46,31,8,c1c4e28384d704fc6572f4a795b1b9dcd23dd585446058743d09154ee63f83a5
W3_d3,STRUCT,13,6,1427560,2501,0,0,12,8,42,16,14,46,8,20,d0de00aa950042ce2df3a1aacd87b83395b88f62201b4b0ee4f6f67dba5bbb2b
W6_Q32,OFF,13,6,1584873,3427,0,0,34,2,100,34,6,15,5,36,e27ba2fd4a248e13e86f6fd51f6578ca7bbe37b27fb6c62f3d2e37c16ce58156
W1,STRUCT,13,6,260258,1536,0,0,3,2,7,3,6,15,4,5,4b26ed307e0166f8d1fa59ea1e874899e41c5fd882be9ef62f84eb3685bb70b7
W3_d1,ALGSTRUCT,13,6,580977,1703,8,0,10,1,19,9,5,14,4,11,51eaee63f5c885c3fa7e71093e89c7ff61bea1c09d51d95c588c39ddf452f383
W4_Q32,STRUCT,13,6,9986131,70999,0,0,130,2,260,1058,38,1007,31,132,068ad024181661f75503372002890dd704cd730c5fc591fd65590a6d532c145d
W5_Q01,STRUCT,13,6,186404,1539,0,0,3,0,3,1,4,10,4,3,7528d1a80da7ce6bed6c3efbaad136c6b237adf54f46f512a5fe79019bfef2ec
W7_Q32,ALGSTRUCT,13,6,1164953,3000,0,0,36,0,100,34,6,15,4,36,6bdf3735d7ed12e047353d97f7fd342934c808ba421573c6cd2474dd612f37b1
W6_Q02,STRUCT_R2,13,6,308850,1573,0,0,4,2,10,4,6,15,5,6,d26b7c6c44eb2ae1342ad0eacde318e4485f70f1e0c22f44dc171d7c0f11f2c5
W7_Q04,STRUCT,13,6,290812,1852,0,0,8,0,16,6,6,15,4,8,64eb05b2d681af147811cd64dc0e11be812cb48952e297a71fcf6d3c013ba4a0
W8_Q04,STRUCT,13,6,1195027,5610,0,0,17,2,36,167,11,169,63,19,683043cf53c296ea0d43a0c383a5a5aa5dfae2adbc542c677c919239829da206
W4_Q01,STRUCT,13,6,448014,2722,0,0,6,2,12,35,7,46,31,8,c1c4e28384d704fc6572f4a795b1b9dcd23dd585446058743d09154ee63f83a5
W8_Q32,OFF,13,6,2357423,8370,0,0,45,2,120,195,11,169,63,47,257e33fe42ff72054f90b0755280d3b57f6dc95e0ff488350c7a08c8fa00e255
W7_Q08,STRUCT_R2,13,6,406607,1778,0,0,12,0,28,10,6,15,4,12,d13ad2add4e1d9cb21c441a8963ffbcf5f462a05d4f61331fa56b7c117fe58d1
W7_Q04,STRUCT_R2,13,6,288090,1740,0,0,8,0,16,6,6,15,4,8,64eb05b2d681af147811cd64dc0e11be812cb48952e297a71fcf6d3c013ba4a0
W7_Q04,ALGSTRUCT,13,6,293665,1611,0,0,8,0,16,6,6,15,4,8,64eb05b2d681af147811cd64dc0e11be812cb48952e297a71fcf6d3c013ba4a0
W9_Q16,OFF,13,6,1735337,7128,0,0,18,0,48,768,4,4,1,18,43b7f4efcb619e6e3fc5fc66e7827f4bb8130a24a5905f5ce4efe6114dbfdbd3
W7_Q32,OFF,14,6,917289,3333,0,0,36,0,100,34,6,15,4,36,6bdf3735d7ed12e047353d97f7fd342934c808ba421573c6cd2474dd612f37b1
W5_Q32,STRUCT_R2,14,6,1999426,10556,0,0,96,0,96,32,66,258,4,96,ad908136f049b66ae4b1e1c3f252d7a2ebead009fab3f7177d4babd24fcbec6a
W6_Q01,STRUCT,14,6,260035,1648,0,0,3,2,7,3,6,15,5,5,ef852aa19070a90d167a6fc211683b2bbb6401671f4212d90e23806d1620b62f
W1,STRUCT_R1,14,6,279682,1241,1,0,3,1,5,2,5,14,4,4,ddbc64bc70e115337e04b3ee4eac0b96e81aea703c916cfeea2e2366190e3210
W2_Q08,STRUCT_R2,14,6,572050,2075,0,0,10,2,28,10,6,15,4,12,e121069670786ba8fbe3100d624a17638d4611a34b02647058710f2e3db6a9c9
W2_Q04,STRUCT_R2,14,6,401905,1721,0,0,6,2,16,6,6,15,4,8,b8312387bf162a1452336c9e9e40ef1298c4a5b22cc87b54f4215f6e91104b3c
W2_Q08,STRUCT,14,6,580383,1815,0,0,10,2,28,10,6,15,4,12,e121069670786ba8fbe3100d624a17638d4611a34b02647058710f2e3db6a9c9
W5_Q04,ALGSTRUCT,14,6,316738,1370,0,0,12,0,12,4,10,34,4,12,233b80e0525d1c617459998a8c1e1bc9855a2c2b10f43c6fd42648b8adae0248
W8_Q02,STRUCT_R1,14,6,1160655,5371,2,0,15,1,27,164,10,168,63,16,652ea2e2db2a8b59e1a2373d0aa09bb6194a7176cb3cd104297a14f7ef235e6b
W9_Q02,OFF,14,6,343403,4057,0,0,4,0,6,96,4,4,1,4,f59554bf6b558dac39020afcdc9d3261e3c200f0f612cb6818827b31bbda0408
W2_Q01,STRUCT,14,6,267961,1444,0,0,3,2,7,3,6,15,4,5,fb4f50a52888382fd35dda056767f1188dd59b0b7db5fbe2928a5afbf6bf9f5b
W7_Q02,STRUCT,14,6,242683,1592,0,0,6,0,10,4,6,15,4,6,b1d2efac79748ca32ad60ca241d894721be3c3795c13e31e47e01dad1cb5a5f1
W3_d3,ALGSTRUCT,14,6,1422173,2443,10,0,12,5,29,13,11,43,8,17,16f1a8e88d7f920d91f3a177d0789d4761bf8768a0ac71ebce1f9f2282714954
W2_Q02,STRUCT_R1,14,6,319645,1463,2,0,4,1,7,3,5,14,4,5,d8adac9423435c6f23a5e314f4d31430db516714fee41508dcac1bc6af0e6f0c
W8_Q32,STRUCT_R1,14,6,3833298,8093,32,0,45,1,87,194,10,168,63,46,45e69b1796e998f7df6d485c516cc0751375b53ec01f0a7673d473a9ec217a0e
W6_Q16,OFF,14,6,805104,2277,0,0,18,2,52,18,6,15,5,20,bb0755604375307ff8e5fd09781b80b224d9ab98fa75fb51387fe44cb24e3726
W4_Q32,STRUCT_R1,14,6,19124065,79425,32,0,130,1,227,1057,37,1006,31,131,4a5be56a553c6df341c1f260562041444c20a964d5f4f3916c7966ddd0bae2e9
W8_Q16,ALGSTRUCT,14,6,2197407,6851,16,1,29,1,55,178,10,168,63,30,d68e12eaec95eadd08fb1ce8e6c0dcfc893de77e4c3d4f5a64bb4b4ee29b64b3
W7_Q08,STRUCT,14,6,414125,1908,0,0,12,0,28,10,6,15,4,12,d13ad2add4e1d9cb21c441a8963ffbcf5f462a05d4f61331fa56b7c117fe58d1
W3_d3,STRUCT,14,6,1510837,2964,0,0,12,8,42,16,14,46,8,20,d0de00aa950042ce2df3a1aacd87b83395b88f62201b4b0ee4f6f67dba5bbb2b
W6_Q32,OFF,14,6,1649116,4388,0,0,34,2,100,34,6,15,5,36,e27ba2fd4a248e13e86f6fd51f6578ca7bbe37b27fb6c62f3d2e37c16ce58156
W4_Q08,STRUCT_R1,14,6,3163453,16148,8,0,34,1,59,265,13,262,31,35,0d7db8d8f19881c77c6e7cd19e1f9d024ea9973fae56dbdbc00db2eeaa790340
W7_Q32,STRUCT_R1,14,6,1208415,3723,0,0,36,0,100,34,6,15,4,36,6bdf3735d7ed12e047353d97f7fd342934c808ba421573c6cd2474dd612f37b1
W2_Q01,STRUCT_R1,14,6,290813,1647,1,0,3,1,5,2,5,14,4,4,2474f5c3c44c2292e8653ad95f4f21ec80fa6c72b730d7761807baa6c04c0270
W4_Q01,STRUCT_R2,14,6,464680,3130,0,0,6,2,12,35,7,46,31,8,c1c4e28384d704fc6572f4a795b1b9dcd23dd585446058743d09154ee63f83a5
W4_Q16,ALGSTRUCT,14,6,7432100,28814,16,0,66,1,115,529,21,510,31,67,c4cb6b036cc3a61a0d0502a6d94307b09dd7e159ba9b445a83ebed14f5c8ebe1
W4_Q08,STRUCT,14,6,2448292,17185,0,0,34,2,68,266,14,263,31,36,310b652f3a487a64261e67b69ca4bd659f7cd91c74be37afd64d6187457e8bdc
W5_Q08,OFF,14,6,456866,3741,0,0,24,0,24,8,18,66,4,24,1ec99f8159a9bf9f7216cbde66142ab941580d932ab53b67181d9941e08515a5
W5_Q01,STRUCT_R2,14,6,192277,1240,0,0,3,0,3,1,4,10,4,3,7528d1a80da7ce6bed6c3efbaad136c6b237adf54f46f512a5fe79019bfef2ec
W9_Q16,STRUCT_R1,14,6,2929195,11167,0,0,18,2,22,352,4,4,1,20,ff9866380da95df98e4375770d21fe162b02c0b8b05b75e939b18d0d711c4c04
W1,OFF,14,6,210072,1741,0,0,3,2,7,3,6,15,4,5,4b26ed307e0166f8d1fa59ea1e874899e41c5fd882be9ef62f84eb3685bb70b7
W4_Q16,STRUCT_R2,14,6,5341413,81389,0,0,66,2,132,530,22,511,31,68,7fbae5656c303ca065341c5db14fa3ef41fb196c82f59bb1c789e1f7b78b0f7a
W6_Q32,ALGSTRUCT,14,6,2028796,4815,0,0,34,2,100,34,6,15,5,36,e27ba2fd4a248e13e86f6fd51f6578ca7bbe37b27fb6c62f3d2e37c16ce58156
W4_Q01,STRUCT,14,6,472476,2741,0,0,6,2,12,35,7,46,31,8,c1c4e28384d704fc6572f4a795b1b9dcd23dd585446058743d09154ee63f83a5
W9_Q08,ALGSTRUCT,14,6,1539411,8464,0,4,10,1,11,176,4,4,1,11,f0aee4c6a6b6511ecbc27f2fc4ef3f688cd044d5f143461208ceed4e1cea64ae
W7_Q02,OFF,14,6,200350,2537,0,0,6,0,10,4,6,15,4,6,b1d2efac79748ca32ad60ca241d894721be3c3795c13e31e47e01dad1cb5a5f1
W7_Q04,OFF,14,6,241442,2370,0,0,8,0,16,6,6,15,4,8,64eb05b2d681af147811cd64dc0e11be812cb48952e297a71fcf6d3c013ba4a0
W2_Q32,STRUCT_R1,14,6,2375034,5500,32,0,34,1,67,33,5,14,4,35,aa6152b6f2b2227ea71db0831b5f58d2dce2bdcb6db5c4bb5d1fb235d1201ed1
W7_Q01,STRUCT,14,6,224184,1388,0,0,5,0,7,3,6,15,4,5,70f8123fffd2af37d12a00e22d9841098c66a489d4953aae174ab2cb5014e5d7
W5_Q08,STRUCT,14,6,539384,3519,0,0,24,0,24,8,18,66,4,24,1ec99f8159a9bf9f7216cbde66142ab941580d932ab53b67181d9941e08515a5
W7_Q16,ALGSTRUCT,14,6,637066,2076,0,0,20,0,52,18,6,15,4,20,352ecf90b67b0a72cf480d5f2990d3ea8f45c0a65a2644e7a858b4f181627dcb
W6_Q16,STRUCT_R2,14,6,1003324,2389,0,0,18,2,52,18,6,15,5,20,bb0755604375307ff8e5fd09781b80b224d9ab98fa75fb51387fe44cb24e3726
W4_Q01,OFF,14,6,381681,2686,0,0,6,2,12,35,7,46,31,8,c1c4e28384d704fc6572f4a795b1b9dcd23dd585446058743d09154ee63f83a5
W8_Q01,OFF,14,6,806975,5721,0,0,14,2,27,164,11,169,63,16,7b06ec78e125033330eb86a638ef113771be6d17e66ade996d2cadaa30e562a7
W5_Q16,STRUCT_R2,14,6,974473,4981,0,0,48,0,48,16,34,130,4,48,15f4ec0f61204d6ef15a655140c1c86c7248fc9deed8e4c09ef3081b8b94fb64
W4_Q01,STRUCT_R1,14,6,504847,2741,1,0,6,1,10,34,6,45,31,7,2a2742010b3f20f3e0b7616f059bcf47256e350d22af5b1d3a055aa5eee736e9
W4_Q02,OFF,14,6,588013,3852,0,0,10,2,20,68,8,77,31,12,c082fb0620ac05b05065135ca996c9564b57d8a79b47964aa54b86c16cd0659f
W8_Q16,OFF,14,6,1557375,7629,0,0,29,2,72,179,11,169,63,31,75d1b16c15c201143eb0f00e84429326ead193544062ed0323b47e7914fd575d
W4_Q04,STRUCT_R2,14,6,1258859,7536,0,0,18,2,36,134,10,139,31,20,fd25718cb278dfe33c1131161ba4977814e08de24bd73801325a42bf895b4b90
W8_Q32,ALGSTRUCT,14,6,3902243,8092,32,1,45,1,87,194,10,168,63,46,45e69b1796e998f7df6d485c516cc0751375b53ec01f0a7673d473a9ec217a0e
W9_Q32,OFF,14,6,3466932,20999,0,0,34,0,96,1536,4,4,1,34,13dfd65212c03f91a3168cac28f16ba616ce21a6c4d7fb7bf5b25f0167fbc71b
W4_Q04,ALGSTRUCT,14,6,1449690,6389,4,0,18,1,31,133,9,138,31,19,fc880fdc081349aa9e95db821628814a11fa6271dfea15fd511d230a5fbbf819
W8_Q32,STRUCT,14,6,2849918,8908,0,0,45,2,120,195,11,169,63,47,257e33fe42ff72054f90b0755280d3b57f6dc95e0ff488350c7a08c8fa00e255
W5_Q32,ALGSTRUCT,14,6,2119075,9480,0,0,96,0,96,32,66,258,4,96,ad908136f049b66ae4b1e1c3f252d7a2ebead009fab3f7177d4babd24fcbec6a
W2_Q04,ALGSTRUCT,14,6,416792,1408,4,0,6,1,11,5,5,14,4,7,e3e1c95caf3c6465ad04568b51f69fe26be853a4ad44521756f63edd123351f8
W4_Q02,STRUCT_R2,14,6,690956,3722,0,0,10,2,20,68,8,77,31,12,c082fb0620ac05b05065135ca996c9564b57d8a79b47964aa54b86c16cd0659f
W6_Q02,STRUCT_R1,14,6,317330,1260,0,0,4,2,10,4,6,15,5,6,d26b7c6c44eb2ae1342ad0eacde318e4485f70f1e0c22f44dc171d7c0f11f2c5
W5_Q04,STRUCT_R1,14,6,318220,1907,0,0,12,0,12,4,10,34,4,12,233b80e0525d1c617459998a8c1e1bc9855a2c2b10f43c6fd42648b8adae0248
W5_Q32,OFF,14,6,1871520,10259,0,0,96,0,96,32,66,258,4,96,ad908136f049b66ae4b1e1c3f252d7a2ebead009fab3f7177d4babd24fcbec6a
W3_d1,OFF,14,6,458163,2000,0,0,10,2,28,10,6,15,4,12,a54c74b256ab2c5cf00e4072ff680215ee9ddba8ea28d33e07bfd46dd0370227
W9_Q01,ALGSTRUCT,14,6,340458,3520,0,0,3,0,3,48,4,4,1,3,6e63c0dab5f8b29ef9d1440bcd3711746464b7521a4243c8d32e03504a6224d2
W4_Q16,OFF,14,6,4276441,27927,0,0,66,2,132,530,22,511,31,68,7fbae5656c303ca065341c5db14fa3ef41fb196c82f59bb1c789e1f7b78b0f7a
W8_Q32,OFF,14,6,2370590,8259,0,0,45,2,120,195,11,169,63,47,257e33fe42ff72054f90b0755280d3b57f6dc95e0ff488350c7a08c8fa00e255
W8_Q16,STRUCT_R2,14,6,1844873,7592,0,1,29,2,72,179,11,169,63,31,75d1b16c15c201143eb0f00e84429326ead193544062ed0323b47e7914fd575d
W5_Q04,STRUCT_R2,14,6,318515,3204,0,0,12,0,12,4,10,34,4,12,233b80e0525d1c617459998a8c1e1bc9855a2c2b10f43c6fd42648b8adae0248
W9_Q08,STRUCT,14,6,1597485,7296,0,0,10,2,14,224,4,4,1,12,4c97cc82f3dbf6bc2a6de325d199b0cb65ffca732846069f84ea5618bb19fcfd
W7_Q02,ALGSTRUCT,14,6,252628,1685,0,0,6,0,10,4,6,15,4,6,b1d2efac79748ca32ad60ca241d894721be3c3795c13e31e47e01dad1cb5a5f1
W4_Q16,STRUCT_R1,14,6,7077065,26074,16,0,66,1,115,529,21,510,31,67,c4cb6b036cc3a61a0d0502a6d94307b09dd7e159ba9b445a83ebed14f5c8ebe1
W7_Q08,STRUCT_R2,14,6,401147,1831,0,0,12,0,28,10,6,15,4,12,d13ad2add4e1d9cb21c441a8963ffbcf5f462a05d4f61331fa56b7c117fe58d1
W8_Q08,OFF,14,6,1198341,5889,0,0,21,2,48,171,11,169,63,23,6202056e7f9106d89fc2c03650e5a38d69f704cc369ba9e689bf413e5f7173e1
W6_Q16,ALGSTRUCT,14,6,1025529,2166,0,0,18,2,52,18,6,15,5,20,bb0755604375307ff8e5fd09781b80b224d9ab98fa75fb51387fe44cb24e3726
W7_Q08,OFF,14,6,305814,2017,0,0,12,0,28,10,6,15,4,12,d13ad2add4e1d9cb21c441a8963ffbcf5f462a05d4f61331fa56b7c117fe58d1
W6_Q32,STRUCT_R1,14,6,1930926,3649,0,0,34,2,100,34,6,15,5,36,e27ba2fd4a248e13e86f6fd51f6578ca7bbe37b27fb6c62f3d2e37c16ce58156
W9_Q02,STRUCT_R2,14,6,632013,4111,0,1,4,1,5,80,4,4,1,5,a250745debd6fd7cf3585f94dfa2ad7178c8b7c572e5ce15f0467c48475c0e9a
W4_Q04,STRUCT,14,6,1248598,6946,0,0,18,2,36,134,10,139,31,20,fd25718cb278dfe33c1131161ba4977814e08de24bd73801325a42bf895b4b90
W8_Q08,STRUCT,14,6,1462560,6241,0,0,21,2,48,171,11,169,63,23,6202056e7f9106d89fc2c03650e5a38d69f704cc369ba9e689bf413e5f7173e1
W2_Q04,STRUCT,14,6,408107,1815,0,0,6,2,16,6,6,15,4,8,b8312387bf162a1452336c9e9e40ef1298c4a5b22cc87b54f4215f6e91104b3c
W5_Q08,STRUCT_R1,14,6,538830,2406,0,0,24,0,24,8,18,66,4,24,1ec99f8159a9bf9f7216cbde66142ab941580d932ab53b67181d9941e08515a5
W3_d1,STRUCT_R1,14,6,577921,1907,8,0,10,1,19,9,5,14,4,11,51eaee63f5c885c3fa7e71093e89c7ff61bea1c09d51d95c588c39ddf452f383
W4_Q02,STRUCT_R1,14,6,798122,3834,2,0,10,1,17,67,7,76,31,11,056c94f2139c9e918446fe4f786e56b203a4febdd7cdb7d162e2b0323db5a772
W3_d2,ALGSTRUCT,14,6,991139,1963,9,0,11,3,24,11,8,27,5,14,b3a60a0bc9bb1633f8ca67743fa2b43eea5f58f8a512cbf173b181d8c20dfa68
W3_d1,STRUCT,14,6,578848,1832,0,0,10,2,28,10,6,15,4,12,a54c74b256ab2c5cf00e4072ff680215ee9ddba8ea28d33e07bfd46dd0370227
W3_d3,STRUCT_R1,14,6,1399246,2149,10,0,12,5,29,13,11,43,8,17,16f1a8e88d7f920d91f3a177d0789d4761bf8768a0ac71ebce1f9f2282714954
W6_Q32,STRUCT_R2,14,6,1933169,3554,0,0,34,2,100,34,6,15,5,36,e27ba2fd4a248e13e86f6fd51f6578ca7bbe37b27fb6c62f3d2e37c16ce58156
W5_Q01,ALGSTRUCT,14,6,183516,1260,0,0,3,0,3,1,4,10,4,3,7528d1a80da7ce6bed6c3efbaad136c6b237adf54f46f512a5fe79019bfef2ec
W3_d2,STRUCT,14,6,969751,2370,0,0,11,5,35,13,10,29,5,16,bb512a3ef0db77c97656c90a9544f5958e4b52748f6a43bfdbc34ec450c82e91
W7_Q04,ALGSTRUCT,14,6,296608,1537,0,0,8,0,16,6,6,15,4,8,64eb05b2d681af147811cd64dc0e11be812cb48952e297a71fcf6d3c013ba4a0
W2_Q01,STRUCT_R2,14,6,261311,1445,0,0,3,2,7,3,6,15,4,5,fb4f50a52888382fd35dda056767f1188dd59b0b7db5fbe2928a5afbf6bf9f5b
W5_Q08,STRUCT_R2,14,6,518920,2686,0,0,24,0,24,8,18,66,4,24,1ec99f8159a9bf9f7216cbde66142ab941580d932ab53b67181d9941e08515a5
W6_Q04,ALGSTRUCT,14,6,413015,1759,0,0,6,2,16,6,6,15,5,8,463695b346924b3ce3bfd76bc311a5cc5d47fb033482cc22912fc407e8f09fdf
W7_Q01,STRUCT_R1,14,6,228480,1444,0,0,5,0,7,3,6,15,4,5,70f8123fffd2af37d12a00e22d9841098c66a489d4953aae174ab2cb5014e5d7
W3_d1,ALGSTRUCT,14,6,584865,1797,8,0,10,1,19,9,5,14,4,11,51eaee63f5c885c3fa7e71093e89c7ff61bea1c09d51d95c588c39ddf452f383
W2_Q02,STRUCT_R2,14,6,306015,1519,0,0,4,2,10,4,6,15,4,6,002b88cffa362a25f201c7342c0d49bad4cd7fb10998ad8823a39c11beee6d88
W1,STRUCT_R2,14,6,263942,1463,0,0,3,2,7,3,6,15,4,5,4b26ed307e0166f8d1fa59ea1e874899e41c5fd882be9ef62f84eb3685bb70b7
W8_Q08,STRUCT_R2,14,6,1451523,6297,0,1,21,2,48,171,11,169,63,23,6202056e7f9106d89fc2c03650e5a38d69f704cc369ba9e689bf413e5f7173e1
W7_Q16,STRUCT_R1,14,6,632514,1944,0,0,20,0,52,18,6,15,4,20,352ecf90b67b0a72cf480d5f2990d3ea8f45c0a65a2644e7a858b4f181627dcb
W7_Q04,STRUCT_R1,14,6,298812,1629,0,0,8,0,16,6,6,15,4,8,64eb05b2d681af147811cd64dc0e11be812cb48952e297a71fcf6d3c013ba4a0
W9_Q16,STRUCT,14,6,2787344,9630,0,0,18,2,22,352,4,4,1,20,ff9866380da95df98e4375770d21fe162b02c0b8b05b75e939b18d0d711c4c04
W2_Q16,ALGSTRUCT,14,6,1050306,2129,16,0,18,1,35,17,5,14,4,19,6874ea3fe8a08c7af5d8752f9a4557e5d01bc066a937913a1e427661cbb540c4
W9_Q32,STRUCT,14,6,5293451,13241,0,0,34,2,38,608,4,4,1,36,f9b4de382a62f7ddf0ae716d829e6d3204b079918eba11b5d003aed0f308e9a0
W7_Q04,STRUCT_R2,14,6,288645,1464,0,0,8,0,16,6,6,15,4,8,64eb05b2d681af147811cd64dc0e11be812cb48952e297a71fcf6d3c013ba4a0
W7_Q08,ALGSTRUCT,14,6,415088,1667,0,0,12,0,28,10,6,15,4,12,d13ad2add4e1d9cb21c441a8963ffbcf5f462a05d4f61331fa56b7c117fe58d1
W6_Q02,OFF,14,6,242146,1463,0,0,4,2,10,4,6,15,5,6,d26b7c6c44eb2ae1342ad0eacde318e4485f70f1e0c22f44dc171d7c0f11f2c5
W2_Q32,STRUCT_R2,14,6,1904947,3943,0,0,34,2,100,34,6,15,4,36,ead1d2e3154b72c47159b745145cb82392c282dcdeeba0e877b2291c8ed45d37
W7_Q32,STRUCT_R2,14,6,1112858,3557,0,0,36,0,100,34,6,15,4,36,6bdf3735d7ed12e047353d97f7fd342934c808ba421573c6cd2474dd612f37b1
W5_Q04,STRUCT,14,6,315756,1759,0,0,12,0,12,4,10,34,4,12,233b80e0525d1c617459998a8c1e1bc9855a2c2b10f43c6fd42648b8adae0248
W4_Q32,ALGSTRUCT,14,6,18741643,54111,32,0,130,1,227,1057,37,1006,31,131,4a5be56a553c6df341c1f260562041444c20a964d5f4f3916c7966ddd0bae2e9
W7_Q08,STRUCT_R1,14,6,410830,2074,0,0,12,0,28,10,6,15,4,12,d13ad2add4e1d9cb21c441a8963ffbcf5f462a05d4f61331fa56b7c117fe58d1
W3_d2,OFF,14,6,792678,2222,0,0,11,5,35,13,10,29,5,16,bb512a3ef0db77c97656c90a9544f5958e4b52748f6a43bfdbc34ec450c82e91
W8_Q02,OFF,14,6,849084,5464,0,0,15,2,30,165,11,169,63,17,ab8e72a97eeddaf640fa9d87846837b35913b3b9a7916818e4653a499fd7cc9a
W2_Q32,ALGSTRUCT,14,6,2278255,3409,32,0,34,1,67,33,5,14,4,35,aa6152b6f2b2227ea71db0831b5f58d2dce2bdcb6db5c4bb5d1fb235d1201ed1
W5_Q16,STRUCT,14,6,984307,6055,0,0,48,0,48,16,34,130,4,48,15f4ec0f61204d6ef15a655140c1c86c7248fc9deed8e4c09ef3081b8b94fb64
W2_Q32,OFF,14,6,1584299,3297,0,0,34,2,100,34,6,15,4,36,ead1d2e3154b72c47159b745145cb82392c282dcdeeba0e877b2291c8ed45d37
W9_Q32,STRUCT_R2,14,6,5053564,12334,0,16,34,1,35,560,4,4,1,35,678046e55883cc9fe207429daab5f5da66bcc2178ee01574697097ddff7f102c
W4_Q08,STRUCT_R2,14,6,2299089,13390,0,0,34,2,68,266,14,263,31,36,310b652f3a487a64261e67b69ca4bd659f7cd91c74be37afd64d6187457e8bdc
W1,ALGSTRUCT,14,6,276349,1130,1,0,3,1,5,2,5,14,4,4,ddbc64bc70e115337e04b3ee4eac0b96e81aea703c916cfeea2e2366190e3210
W7_Q02,STRUCT_R1,14,6,255646,1481,0,0,6,0,10,4,6,15,4,6,b1d2efac79748ca32ad60ca241d894721be3c3795c13e31e47e01dad1cb5a5f1
W5_Q08,ALGSTRUCT,14,6,540180,2537,0,0,24,0,24,8,18,66,4,24,1ec99f8159a9bf9f7216cbde66142ab941580d932ab53b67181d9941e08515a5
W9_Q32,STRUCT_R1,14,6,5223748,13704,0,0,34,2,38,608,4,4,1,36,f9b4de382a62f7ddf0ae716d829e6d3204b079918eba11b5d003aed0f308e9a0
W2_Q08,OFF,14,6,462438,2150,0,0,10,2,28,10,6,15,4,12,e121069670786ba8fbe3100d624a17638d4611a34b02647058710f2e3db6a9c9
W5_Q02,STRUCT_R2,14,6,219646,1556,0,0,6,0,6,2,6,18,4,6,e7741c936508103b2af3b934e316124eac7bac4773e716fb634bafee4047c0e4
W2_Q02,ALGSTRUCT,14,6,318515,1260,2,0,4,1,7,3,5,14,4,5,d8adac9423435c6f23a5e314f4d31430db516714fee41508dcac1bc6af0e6f0c
W7_Q01,STRUCT_R2,14,6,222184,1407,0,0,5,0,7,3,6,15,4,5,70f8123fffd2af37d12a00e22d9841098c66a489d4953aae174ab2cb5014e5d7
W8_Q02,STRUCT_R2,14,6,1057286,5519,0,1,15,2,30,165,11,169,63,17,ab8e72a97eeddaf640fa9d87846837b35913b3b9a7916818e4653a499fd7cc9a
W5_Q01,STRUCT_R1,14,6,183165,1463,0,0,3,0,3,1,4,10,4,3,7528d1a80da7ce6bed6c3efbaad136c6b237adf54f46f512a5fe79019bfef2ec
W9_Q01,STRUCT_R2,14,6,331663,3482,0,0,3,0,3,48,4,4,1,3,6e63c0dab5f8b29ef9d1440bcd3711746464b7521a4243c8d32e03504a6224d2
W8_Q01,ALGSTRUCT,14,6,1099620,5703,1,1,14,1,25,163,10,168,63,15,fdd35fe24122be542f9944d55e73c67d2cd28afd3fd1ff25e723a080e5d2dad8
W9_Q04,ALGSTRUCT,14,6,987419,4591,0,2,6,1,7,112,4,4,1,7,7e3f7232eefdc535f0f8be36c1c724fab7de36a2740821784506d96a09bd30b3
W8_Q04,ALGSTRUCT,14,6,1297545,5536,4,1,17,1,31,166,10,168,63,18,1ff2b9471d9cd2dd9078b74afc728460463e46c3102cf6da6b805d7f73e4899a
W5_Q16,OFF,14,6,886938,4999,0,0,48,0,48,16,34,130,4,48,15f4ec0f61204d6ef15a655140c1c86c7248fc9deed8e4c09ef3081b8b94fb64
W8_Q02,ALGSTRUCT,14,6,1148526,5278,2,1,15,1,27,164,10,168,63,16,652ea2e2db2a8b59e1a2373d0aa09bb6194a7176cb3cd104297a14f7ef235e6b
W6_Q16,STRUCT,14,6,990602,2241,0,0,18,2,52,18,6,15,5,20,bb0755604375307ff8e5fd09781b80b224d9ab98fa75fb51387fe44cb24e3726
W1,STRUCT,14,6,265905,1667,0,0,3,2,7,3,6,15,4,5,4b26ed307e0166f8d1fa59ea1e874899e41c5fd882be9ef62f84eb3685bb70b7
W7_Q01,ALGSTRUCT,14,6,226589,1334,0,0,5,0,7,3,6,15,4,5,70f8123fffd2af37d12a00e22d9841098c66a489d4953aae174ab2cb5014e5d7
W7_Q32,ALGSTRUCT,14,6,1168155,3278,0,0,36,0,100,34,6,15,4,36,6bdf3735d7ed12e047353d97f7fd342934c808ba421573c6cd2474dd612f37b1
W9_Q02,ALGSTRUCT,14,6,638550,5000,0,1,4,1,5,80,4,4,1,5,a250745debd6fd7cf3585f94dfa2ad7178c8b7c572e5ce15f0467c48475c0e9a
W4_Q32,STRUCT,14,6,10008927,64999,0,0,130,2,260,1058,38,1007,31,132,068ad024181661f75503372002890dd704cd730c5fc591fd65590a6d532c145d
W6_Q01,STRUCT_R2,14,6,258885,1501,0,0,3,2,7,3,6,15,5,5,ef852aa19070a90d167a6fc211683b2bbb6401671f4212d90e23806d1620b62f
W3_d3,STRUCT_R2,14,6,1416134,2630,0,0,12,8,42,16,14,46,8,20,d0de00aa950042ce2df3a1aacd87b83395b88f62201b4b0ee4f6f67dba5bbb2b
W9_Q04,STRUCT_R2,14,6,993954,4482,0,2,6,1,7,112,4,4,1,7,7e3f7232eefdc535f0f8be36c1c724fab7de36a2740821784506d96a09bd30b3
W9_Q08,OFF,14,6,914234,5647,0,0,10,0,24,384,4,4,1,10,ae43d04dfb0cf7afbfdc83558714cd1da89c64e7c6d49325a19de9764156762a
W6_Q08,STRUCT,14,6,578532,1833,0,0,10,2,28,10,6,15,5,12,0d426ef82e54bf37e16bebf86ad11b160059eb28202264ca816d50ab17a2aa06
W6_Q04,OFF,14,6,318885,1778,0,0,6,2,16,6,6,15,5,8,463695b346924b3ce3bfd76bc311a5cc5d47fb033482cc22912fc407e8f09fdf
W9_Q04,OFF,14,6,617237,3832,0,0,6,0,12,192,4,4,1,6,6dad93323aff1013501fa90b58e0e48741ec6d807386799264c78a900e9e11d0
W5_Q02,OFF,14,6,159443,1593,0,0,6,0,6,2,6,18,4,6,e7741c936508103b2af3b934e316124eac7bac4773e716fb634bafee4047c0e4
W5_Q32,STRUCT,14,6,2014667,9111,0,0,96,0,96,32,66,258,4,96,ad908136f049b66ae4b1e1c3f252d7a2ebead009fab3f7177d4babd24fcbec6a
W6_Q01,ALGSTRUCT,14,6,268219,1186,0,0,3,2,7,3,6,15,5,5,ef852aa19070a90d167a6fc211683b2bbb6401671f4212d90e23806d1620b62f
W9_Q02,STRUCT,14,6,480199,4574,0,0,4,0,6,96,4,4,1,4,f59554bf6b558dac39020afcdc9d3261e3c200f0f612cb6818827b31bbda0408
W9_Q16,STRUCT_R2,14,6,2628956,8297,0,8,18,1,19,304,4,4,1,19,44cdb1eb48242e36e60587a8e97fc1204f774ee018380c18a625f9abe3ce3ce8
W8_Q04,STRUCT_R1,14,6,1293785,5573,4,0,17,1,31,166,10,168,63,18,1ff2b9471d9cd2dd9078b74afc728460463e46c3102cf6da6b805d7f73e4899a
W8_Q32,STRUCT_R2,14,6,2843547,8445,0,1,45,2,120,195,11,169,63,47,257e33fe42ff72054f90b0755280d3b57f6dc95e0ff488350c7a08c8fa00e255
W6_Q01,STRUCT_R1,14,6,264812,1464,0,0,3,2,7,3,6,15,5,5,ef852aa19070a90d167a6fc211683b2bbb6401671f4212d90e23806d1620b62f
W4_Q32,OFF,14,6,8764049,63185,0,0,130,2,260,1058,38,1007,31,132,068ad024181661f75503372002890dd704cd730c5fc591fd65590a6d532c145d
W5_Q16,ALGSTRUCT,14,6,1016915,4427,0,0,48,0,48,16,34,130,4,48,15f4ec0f61204d6ef15a655140c1c86c7248fc9deed8e4c09ef3081b8b94fb64
W9_Q04,STRUCT_R1,14,6,1102750,4332,0,0,6,2,10,160,4,4,1,8,a25fcd6d9b6930c5a5e472a5d4b9da9d0423cec22fe64a49a0e3364286ad6c7b
W3_d2,STRUCT_R1,14,6,976323,2334,9,0,11,3,24,11,8,27,5,14,b3a60a0bc9bb1633f8ca67743fa2b43eea5f58f8a512cbf173b181d8c20dfa68
W9_Q01,STRUCT,14,6,343460,3574,0,0,3,0,3,48,4,4,1,3,6e63c0dab5f8b29ef9d1440bcd3711746464b7521a4243c8d32e03504a6224d2
W2_Q02,STRUCT,14,6,311866,1464,0,0,4,2,10,4,6,15,4,6,002b88cffa362a25f201c7342c0d49bad4cd7fb10998ad8823a39c11beee6d88
W9_Q08,STRUCT_R2,14,6,1470134,5408,0,4,10,1,11,176,4,4,1,11,f0aee4c6a6b6511ecbc27f2fc4ef3f688cd044d5f143461208ceed4e1cea64ae
W4_Q16,STRUCT,14,6,4851918,26445,0,0,66,2,132,530,22,511,31,68,7fbae5656c303ca065341c5db14fa3ef41fb196c82f59bb1c789e1f7b78b0f7a
W6_Q02,STRUCT,14,6,317163,1686,0,0,4,2,10,4,6,15,5,6,d26b7c6c44eb2ae1342ad0eacde318e4485f70f1e0c22f44dc171d7c0f11f2c5
W6_Q08,STRUCT_R2,14,6,565996,1851,0,0,10,2,28,10,6,15,5,12,0d426ef82e54bf37e16bebf86ad11b160059eb28202264ca816d50ab17a2aa06
W2_Q16,STRUCT_R1,14,6,1043731,2278,16,0,18,1,35,17,5,14,4,19,6874ea3fe8a08c7af5d8752f9a4557e5d01bc066a937913a1e427661cbb540c4
W6_Q08,ALGSTRUCT,14,6,591142,1593,0,0,10,2,28,10,6,15,5,12,0d426ef82e54bf37e16bebf86ad11b160059eb28202264ca816d50ab17a2aa06
W6_Q01,OFF,14,6,200498,1408,0,0,3,2,7,3,6,15,5,5,ef852aa19070a90d167a6fc211683b2bbb6401671f4212d90e23806d1620b62f
W4_Q32,STRUCT_R2,14,6,9692171,66499,0,0,130,2,260,1058,38,1007,31,132,068ad024181661f75503372002890dd704cd730c5fc591fd65590a6d532c145d
W5_Q02,STRUCT,14,6,222461,1648,0,0,6,0,6,2,6,18,4,6,e7741c936508103b2af3b934e316124eac7bac4773e716fb634bafee4047c0e4
W3_d2,STRUCT_R2,14,6,971361,2167,0,0,11,5,35,13,10,29,5,16,bb512a3ef0db77c97656c90a9544f5958e4b52748f6a43bfdbc34ec450c82e91
W7_Q16,STRUCT,14,6,626291,2296,0,0,20,0,52,18,6,15,4,20,352ecf90b67b0a72cf480d5f2990d3ea8f45c0a65a2644e7a858b4f181627dcb
W6_Q08,STRUCT_R1,14,6,590884,1833,0,0,10,2,28,10,6,15,5,12,0d426ef82e54bf37e16bebf86ad11b160059eb28202264ca816d50ab17a2aa06
W7_Q16,OFF,14,6,484865,2464,0,0,20,0,52,18,6,15,4,20,352ecf90b67b0a72cf480d5f2990d3ea8f45c0a65a2644e7a858b4f181627dcb
W9_Q16,ALGSTRUCT,14,6,2633957,9186,0,8,18,1,19,304,4,4,1,19,44cdb1eb48242e36e60587a8e97fc1204f774ee018380c18a625f9abe3ce3ce8
W8_Q16,STRUCT,14,6,1862854,7296,0,0,29,2,72,179,11,169,63,31,75d1b16c15c201143eb0f00e84429326ead193544062ed0323b47e7914fd575d
W7_Q01,OFF,14,6,152404,1557,0,0,5,0,7,3,6,15,4,5,70f8123fffd2af37d12a00e22d9841098c66a489d4953aae174ab2cb5014e5d7
W3_d1,STRUCT_R2,14,6,579251,1984,0,0,10,2,28,10,6,15,4,12,a54c74b256ab2c5cf00e4072ff680215ee9ddba8ea28d33e07bfd46dd0370227
W4_Q01,ALGSTRUCT,14,6,490014,2185,1,0,6,1,10,34,6,45,31,7,2a2742010b3f20f3e0b7616f059bcf47256e350d22af5b1d3a055aa5eee736e9
W2_Q16,STRUCT,14,6,1016807,2110,0,0,18,2,52,18,6,15,4,20,f53a43e02a6f7be38b5d23a92cce7a6f0c7e7deac086e97841ea021c93a5a893
W9_Q32,ALGSTRUCT,14,6,5105323,12889,0,16,34,1,35,560,4,4,1,35,678046e55883cc9fe207429daab5f5da66bcc2178ee01574697097ddff7f102c
W3_d3,OFF,14,6,1173989,2537,0,0,12,8,42,16,14,46,8,20,d0de00aa950042ce2df3a1aacd87b83395b88f62201b4b0ee4f6f67dba5bbb2b
W5_Q02,STRUCT_R1,14,6,224108,1538,0,0,6,0,6,2,6,18,4,6,e7741c936508103b2af3b934e316124eac7bac4773e716fb634bafee4047c0e4
W7_Q32,STRUCT,14,6,1167544,3630,0,0,36,0,100,34,6,15,4,36,6bdf3735d7ed12e047353d97f7fd342934c808ba421573c6cd2474dd612f37b1
W7_Q04,STRUCT,14,6,290350,1536,0,0,8,0,16,6,6,15,4,8,64eb05b2d681af147811cd64dc0e11be812cb48952e297a71fcf6d3c013ba4a0
W9_Q04,STRUCT,14,6,1125082,5944,0,0,6,2,10,160,4,4,1,8,a25fcd6d9b6930c5a5e472a5d4b9da9d0423cec22fe64a49a0e3364286ad6c7b
W4_Q04,STRUCT_R1,14,6,1460968,6722,4,0,18,1,31,133,9,138,31,19,fc880fdc081349aa9e95db821628814a11fa6271dfea15fd511d230a5fbbf819
W8_Q16,STRUCT_R1,14,6,2201554,6463,16,0,29,1,55,178,10,168,63,30,d68e12eaec95eadd08fb1ce8e6c0dcfc893de77e4c3d4f5a64bb4b4ee29b64b3
W8_Q04,STRUCT,14,6,1188786,6518,0,0,17,2,36,167,11,169,63,19,683043cf53c296ea0d43a0c383a5a5aa5dfae2adbc542c677c919239829da206
W4_Q08,OFF,14,6,2020499,13019,0,0,34,2,68,266,14,263,31,36,310b652f3a487a64261e67b69ca4bd659f7cd91c74be37afd64d6187457e8bdc
W6_Q04,STRUCT_R1,14,6,410291,1501,0,0,6,2,16,6,6,15,5,8,463695b346924b3ce3bfd76bc311a5cc5d47fb033482cc22912fc407e8f09fdf
W2_Q08,ALGSTRUCT,14,6,581476,1444,8,0,10,1,19,9,5,14,4,11,28ef291bdbdabd5779860a9dac095bdb774cc930b18dec6f9c7bf13df75550d2
W5_Q01,STRUCT,14,6,179516,1519,0,0,3,0,3,1,4,10,4,3,7528d1a80da7ce6bed6c3efbaad136c6b237adf54f46f512a5fe79019bfef2ec
W8_Q01,STRUCT,14,6,997084,5574,0,0,14,2,27,164,11,169,63,16,7b06ec78e125033330eb86a638ef113771be6d17e66ade996d2cadaa30e562a7
W2_Q16,STRUCT_R2,14,6,995566,2351,0,0,18,2,52,18,6,15,4,20,f53a43e02a6f7be38b5d23a92cce7a6f0c7e7deac086e97841ea021c93a5a893
W4_Q04,OFF,14,6,1086767,6575,0,0,18,2,36,134,10,139,31,20,fd25718cb278dfe33c1131161ba4977814e08de24bd73801325a42bf895b4b90
W6_Q04,STRUCT_R2,14,6,403662,1852,0,0,6,2,16,6,6,15,5,8,463695b346924b3ce3bfd76bc311a5cc5d47fb033482cc22912fc407e8f09fdf
W2_Q08,STRUCT_R1,14,6,576625,1629,8,0,10,1,19,9,5,14,4,11,28ef291bdbdabd5779860a9dac095bdb774cc930b18dec6f9c7bf13df75550d2
W5_Q04,OFF,14,6,248496,2131,0,0,12,0,12,4,10,34,4,12,233b80e0525d1c617459998a8c1e1bc9855a2c2b10f43c6fd42648b8adae0248
W9_Q02,STRUCT_R1,14,6,477960,4554,0,0,4,0,6,96,4,4,1,4,f59554bf6b558dac39020afcdc9d3261e3c200f0f612cb6818827b31bbda0408
W2_Q16,OFF,14,6,810936,2297,0,0,18,2,52,18,6,15,4,20,f53a43e02a6f7be38b5d23a92cce7a6f0c7e7deac086e97841ea021c93a5a893
W6_Q02,ALGSTRUCT,14,6,320221,1480,0,0,4,2,10,4,6,15,5,6,d26b7c6c44eb2ae1342ad0eacde318e4485f70f1e0c22f44dc171d7c0f11f2c5
W8_Q08,STRUCT_R1,14,6,1607724,5798,8,0,21,1,39,170,10,168,63,22,dfb50a16d91192e00318e4ac61c06d5403d37554d2e61726115b9e5e96a90617
W2_Q01,OFF,14,6,199758,1518,0,0,3,2,7,3,6,15,4,5,fb4f50a52888382fd35dda056767f1188dd59b0b7db5fbe2928a5afbf6bf9f5b
W9_Q08,STRUCT_R1,14,6,1594839,6665,0,0,10,2,14,224,4,4,1,12,4c97cc82f3dbf6bc2a6de325d199b0cb65ffca732846069f84ea5618bb19fcfd
W6_Q32,STRUCT,14,6,1889039,3129,0,0,34,2,100,34,6,15,5,36,e27ba2fd4a248e13e86f6fd51f6578ca7bbe37b27fb6c62f3d2e37c16ce58156
W2_Q04,STRUCT_R1,14,6,406606,1353,4,0,6,1,11,5,5,14,4,7,e3e1c95caf3c6465ad04568b51f69fe26be853a4ad44521756f63edd123351f8
W2_Q01,ALGSTRUCT,14,6,274479,1277,1,0,3,1,5,2,5,14,4,4,2474f5c3c44c2292e8653ad95f4f21ec80fa6c72b730d7761807baa6c04c0270
W8_Q01,STRUCT_R2,14,6,1009158,5647,0,1,14,2,27,164,11,169,63,16,7b06ec78e125033330eb86a638ef113771be6d17e66ade996d2cadaa30e562a7
W5_Q32,STRUCT_R1,14,6,2090776,9427,0,0,96,0,96,32,66,258,4,96,ad908136f049b66ae4b1e1c3f252d7a2ebead009fab3f7177d4babd24fcbec6a
W6_Q04,STRUCT,14,6,410107,1778,0,0,6,2,16,6,6,15,5,8,463695b346924b3ce3bfd76bc311a5cc5d47fb033482cc22912fc407e8f09fdf
W8_Q01,STRUCT_R1,14,6,1092713,6147,1,0,14,1,25,163,10,168,63,15,fdd35fe24122be542f9944d55e73c67d2cd28afd3fd1ff25e723a080e5d2dad8
W5_Q02,ALGSTRUCT,14,6,236349,1408,0,0,6,0,6,2,6,18,4,6,e7741c936508103b2af3b934e316124eac7bac4773e716fb634bafee4047c0e4
W8_Q04,STRUCT_R2,14,6,1183563,5834,0,1,17,2,36,167,11,169,63,19,683043cf53c296ea0d43a0c383a5a5aa5dfae2adbc542c677c919239829da206
W8_Q02,STRUCT,14,6,1071804,5686,0,0,15,2,30,165,11,169,63,17,ab8e72a97eeddaf640fa9d87846837b35913b3b9a7916818e4653a499fd7cc9a
W4_Q02,STRUCT,14,6,696920,3981,0,0,10,2,20,68,8,77,31,12,c082fb0620ac05b05065135ca996c9564b57d8a79b47964aa54b86c16cd0659f
W5_Q16,STRUCT_R1,14,6,1012973,4555,0,0,48,0,48,16,34,130,4,48,15f4ec0f61204d6ef15a655140c1c86c7248fc9deed8e4c09ef3081b8b94fb64
W9_Q01,STRUCT_R1,14,6,342107,3464,0,0,3,0,3,48,4,4,1,3,6e63c0dab5f8b29ef9d1440bcd3711746464b7521a4243c8d32e03504a6224d2
W4_Q08,ALGSTRUCT,14,6,2964991,12778,8,0,34,1,59,265,13,262,31,35,0d7db8d8f19881c77c6e7cd19e1f9d024ea9973fae56dbdbc00db2eeaa790340
W9_Q16,OFF,14,6,1747855,7296,0,0,18,0,48,768,4,4,1,18,43b7f4efcb619e6e3fc5fc66e7827f4bb8130a24a5905f5ce4efe6114dbfdbd3
W4_Q02,ALGSTRUCT,14,6,777641,3611,2,0,10,1,17,67,7,76,31,11,056c94f2139c9e918446fe4f786e56b203a4febdd7cdb7d162e2b0323db5a772
W6_Q02,STRUCT_R2,14,6,307609,1611,0,0,4,2,10,4,6,15,5,6,d26b7c6c44eb2ae1342ad0eacde318e4485f70f1e0c22f44dc171d7c0f11f2c5
W7_Q16,STRUCT_R2,14,6,608421,2258,0,0,20,0,52,18,6,15,4,20,352ecf90b67b0a72cf480d5f2990d3ea8f45c0a65a2644e7a858b4f181627dcb
W5_Q01,OFF,14,6,123962,1611,0,0,3,0,3,1,4,10,4,3,7528d1a80da7ce6bed6c3efbaad136c6b237adf54f46f512a5fe79019bfef2ec
W9_Q01,OFF,14,6,226906,5277,0,0,3,0,3,48,4,4,1,3,6e63c0dab5f8b29ef9d1440bcd3711746464b7521a4243c8d32e03504a6224d2
W6_Q16,STRUCT_R1,14,6,1016230,2038,0,0,18,2,52,18,6,15,5,20,bb0755604375307ff8e5fd09781b80b224d9ab98fa75fb51387fe44cb24e3726
W7_Q02,STRUCT_R2,14,6,241311,1649,0,0,6,0,10,4,6,15,4,6,b1d2efac79748ca32ad60ca241d894721be3c3795c13e31e47e01dad1cb5a5f1
W6_Q08,OFF,14,6,464921,1834,0,0,10,2,28,10,6,15,5,12,0d426ef82e54bf37e16bebf86ad11b160059eb28202264ca816d50ab17a2aa06
W8_Q08,ALGSTRUCT,14,6,1655966,5648,8,1,21,1,39,170,10,168,63,22,dfb50a16d91192e00318e4ac61c06d5403d37554d2e61726115b9e5e96a90617
W8_Q04,OFF,14,6,957010,5740,0,0,17,2,36,167,11,169,63,19,683043cf53c296ea0d43a0c383a5a5aa5dfae2adbc542c677c919239829da206
W2_Q04,OFF,14,6,318998,1481,0,0,6,2,16,6,6,15,4,8,b8312387bf162a1452336c9e9e40ef1298c4a5b22cc87b54f4215f6e91104b3c
W2_Q02,OFF,14,6,241571,1445,0,0,4,2,10,4,6,15,4,6,002b88cffa362a25f201c7342c0d49bad4cd7fb10998ad8823a39c11beee6d88
W2_Q32,STRUCT,14,6,1910279,3611,0,0,34,2,100,34,6,15,4,36,ead1d2e3154b72c47159b745145cb82392c282dcdeeba0e877b2291c8ed45d37
W5_Q32,STRUCT_R2,15,6,1994944,13167,0,0,96,0,96,32,66,258,4,96,ad908136f049b66ae4b1e1c3f252d7a2ebead009fab3f7177d4babd24fcbec6a
W6_Q32,ALGSTRUCT,15,6,1937853,3296,0,0,34,2,100,34,6,15,5,36,e27ba2fd4a248e13e86f6fd51f6578ca7bbe37b27fb6c62f3d2e37c16ce58156
W2_Q08,STRUCT_R1,15,6,578495,1777,8,0,10,1,19,9,5,14,4,11,28ef291bdbdabd5779860a9dac095bdb774cc930b18dec6f9c7bf13df75550d2
W3_d3,STRUCT_R2,15,6,1408117,2926,0,0,12,8,42,16,14,46,8,20,d0de00aa950042ce2df3a1aacd87b83395b88f62201b4b0ee4f6f67dba5bbb2b
W9_Q08,STRUCT_R1,15,6,1585819,7296,0,0,10,2,14,224,4,4,1,12,4c97cc82f3dbf6bc2a6de325d199b0cb65ffca732846069f84ea5618bb19fcfd
W4_Q08,STRUCT_R1,15,6,2958899,13574,8,0,34,1,59,265,13,262,31,35,0d7db8d8f19881c77c6e7cd19e1f9d024ea9973fae56dbdbc00db2eeaa790340
W8_Q16,STRUCT,15,6,1850205,6963,0,0,29,2,72,179,11,169,63,31,75d1b16c15c201143eb0f00e84429326ead193544062ed0323b47e7914fd575d
W5_Q16,STRUCT_R1,15,6,1005434,4908,0,0,48,0,48,16,34,130,4,48,15f4ec0f61204d6ef15a655140c1c86c7248fc9deed8e4c09ef3081b8b94fb64
W4_Q16,STRUCT_R2,15,6,4717734,26056,0,0,66,2,132,530,22,511,31,68,7fbae5656c303ca065341c5db14fa3ef41fb196c82f59bb1c789e1f7b78b0f7a
W8_Q16,OFF,15,6,1524541,7001,0,0,29,2,72,179,11,169,63,31,75d1b16c15c201143eb0f00e84429326ead193544062ed0323b47e7914fd575d
W7_Q08,ALGSTRUCT,15,6,415847,1667,0,0,12,0,28,10,6,15,4,12,d13ad2add4e1d9cb21c441a8963ffbcf5f462a05d4f61331fa56b7c117fe58d1
W5_Q01,STRUCT_R2,15,6,179499,1444,0,0,3,0,3,1,4,10,4,3,7528d1a80da7ce6bed6c3efbaad136c6b237adf54f46f512a5fe79019bfef2ec
W5_Q32,ALGSTRUCT,15,6,2124702,8556,0,0,96,0,96,32,66,258,4,96,ad908136f049b66ae4b1e1c3f252d7a2ebead009fab3f7177d4babd24fcbec6a
W6_Q02,STRUCT,15,6,313867,1759,0,0,4,2,10,4,6,15,5,6,d26b7c6c44eb2ae1342ad0eacde318e4485f70f1e0c22f44dc171d7c0f11f2c5
W7_Q16,STRUCT_R1,15,6,624643,1962,0,0,20,0,52,18,6,15,4,20,352ecf90b67b0a72cf480d5f2990d3ea8f45c0a65a2644e7a858b4f181627dcb
W8_Q08,STRUCT_R2,15,6,1470523,6019,0,1,21,2,48,171,11,169,63,23,6202056e7f9106d89fc2c03650e5a38d69f704cc369ba9e689bf413e5f7173e1
W5_Q08,STRUCT_R1,15,6,535974,2613,0,0,24,0,24,8,18,66,4,24,1ec99f8159a9bf9f7216cbde66142ab941580d932ab53b67181d9941e08515a5
W3_d1,OFF,15,6,461422,2203,0,0,10,2,28,10,6,15,4,12,a54c74b256ab2c5cf00e4072ff680215ee9ddba8ea28d33e07bfd46dd0370227
W2_Q02,ALGSTRUCT,15,6,318943,1258,2,0,4,1,7,3,5,14,4,5,d8adac9423435c6f23a5e314f4d31430db516714fee41508dcac1bc6af0e6f0c
W4_Q04,ALGSTRUCT,15,6,1463340,7202,4,0,18,1,31,133,9,138,31,19,fc880fdc081349aa9e95db821628814a11fa6271dfea15fd511d230a5fbbf819
W1,OFF,15,6,199720,1593,0,0,3,2,7,3,6,15,4,5,4b26ed307e0166f8d1fa59ea1e874899e41c5fd882be9ef62f84eb3685bb70b7
W4_Q01,OFF,15,6,364756,2500,0,0,6,2,12,35,7,46,31,8,c1c4e28384d704fc6572f4a795b1b9dcd23dd585446058743d09154ee63f83a5
W8_Q32,STRUCT,15,6,2911511,8370,0,0,45,2,120,195,11,169,63,47,257e33fe42ff72054f90b0755280d3b57f6dc95e0ff488350c7a08c8fa00e255
W6_Q02,ALGSTRUCT,15,6,319016,1426,0,0,4,2,10,4,6,15,5,6,d26b7c6c44eb2ae1342ad0eacde318e4485f70f1e0c22f44dc171d7c0f11f2c5
W1,STRUCT_R2,15,6,260645,1427,0,0,3,2,7,3,6,15,4,5,4b26ed307e0166f8d1fa59ea1e874899e41c5fd882be9ef62f84eb3685bb70b7
W6_Q08,OFF,15,6,462403,2000,0,0,10,2,28,10,6,15,5,12,0d426ef82e54bf37e16bebf86ad11b160059eb28202264ca816d50ab17a2aa06
W2_Q04,ALGSTRUCT,15,6,408847,1408,4,0,6,1,11,5,5,14,4,7,e3e1c95caf3c6465ad04568b51f69fe26be853a4ad44521756f63edd123351f8
W3_d3,STRUCT,15,6,1435044,2369,0,0,12,8,42,16,14,46,8,20,d0de00aa950042ce2df3a1aacd87b83395b88f62201b4b0ee4f6f67dba5bbb2b
W5_Q32,OFF,15,6,1868984,9499,0,0,96,0,96,32,66,258,4,96,ad908136f049b66ae4b1e1c3f252d7a2ebead009fab3f7177d4babd24fcbec6a
W6_Q02,STRUCT_R2,15,6,308570,1853,0,0,4,2,10,4,6,15,5,6,d26b7c6c44eb2ae1342ad0eacde318e4485f70f1e0c22f44dc171d7c0f11f2c5
W9_Q02,STRUCT_R2,15,6,634216,4315,0,1,4,1,5,80,4,4,1,5,a250745debd6fd7cf3585f94dfa2ad7178c8b7c572e5ce15f0467c48475c0e9a
W3_d1,ALGSTRUCT,15,6,587328,1611,8,0,10,1,19,9,5,14,4,11,51eaee63f5c885c3fa7e71093e89c7ff61bea1c09d51d95c588c39ddf452f383
W5_Q08,STRUCT,15,6,527848,2406,0,0,24,0,24,8,18,66,4,24,1ec99f8159a9bf9f7216cbde66142ab941580d932ab53b67181d9941e08515a5
W9_Q01,STRUCT,15,6,339941,4259,0,0,3,0,3,48,4,4,1,3,6e63c0dab5f8b29ef9d1440bcd3711746464b7521a4243c8d32e03504a6224d2
W8_Q02,STRUCT_R1,15,6,1169767,5296,2,0,15,1,27,164,10,168,63,16,652ea2e2db2a8b59e1a2373d0aa09bb6194a7176cb3cd104297a14f7ef235e6b
W3_d1,STRUCT_R1,15,6,580624,1611,8,0,10,1,19,9,5,14,4,11,51eaee63f5c885c3fa7e71093e89c7ff61bea1c09d51d95c588c39ddf452f383
W4_Q32,OFF,15,6,8811956,73000,0,0,130,2,260,1058,38,1007,31,132,068ad024181661f75503372002890dd704cd730c5fc591fd65590a6d532c145d
W8_Q01,ALGSTRUCT,15,6,1106416,5463,1,1,14,1,25,163,10,168,63,15,fdd35fe24122be542f9944d55e73c67d2cd28afd3fd1ff25e723a080e5d2dad8
W4_Q16,ALGSTRUCT,15,6,7097527,26907,16,0,66,1,115,529,21,510,31,67,c4cb6b036cc3a61a0d0502a6d94307b09dd7e159ba9b445a83ebed14f5c8ebe1
W8_Q32,STRUCT_R2,15,6,2876068,8647,0,1,45,2,120,195,11,169,63,47,257e33fe42ff72054f90b0755280d3b57f6dc95e0ff488350c7a08c8fa00e255
W2_Q08,STRUCT,15,6,580106,1703,0,0,10,2,28,10,6,15,4,12,e121069670786ba8fbe3100d624a17638d4611a34b02647058710f2e3db6a9c9
W1,STRUCT,15,6,263850,1611,0,0,3,2,7,3,6,15,4,5,4b26ed307e0166f8d1fa59ea1e874899e41c5fd882be9ef62f84eb3685bb70b7
W7_Q16,OFF,15,6,487625,2370,0,0,20,0,52,18,6,15,4,20,352ecf90b67b0a72cf480d5f2990d3ea8f45c0a65a2644e7a858b4f181627dcb
W9_Q04,STRUCT_R1,15,6,1124915,5019,0,0,6,2,10,160,4,4,1,8,a25fcd6d9b6930c5a5e472a5d4b9da9d0423cec22fe64a49a0e3364286ad6c7b
W4_Q02,STRUCT,15,6,694863,3723,0,0,10,2,20,68,8,77,31,12,c082fb0620ac05b05065135ca996c9564b57d8a79b47964aa54b86c16cd0659f
W5_Q32,STRUCT_R1,15,6,2095704,10369,0,0,96,0,96,32,66,258,4,96,ad908136f049b66ae4b1e1c3f252d7a2ebead009fab3f7177d4babd24fcbec6a
W9_Q08,STRUCT,15,6,1615967,7296,0,0,10,2,14,224,4,4,1,12,4c97cc82f3dbf6bc2a6de325d199b0cb65ffca732846069f84ea5618bb19fcfd
W2_Q16,STRUCT,15,6,1005047,2555,0,0,18,2,52,18,6,15,4,20,f53a43e02a6f7be38b5d23a92cce7a6f0c7e7deac086e97841ea021c93a5a893
W9_Q32,OFF,15,6,3531449,16092,0,0,34,0,96,1536,4,4,1,34,13dfd65212c03f91a3168cac28f16ba616ce21a6c4d7fb7bf5b25f0167fbc71b
W5_Q02,ALGSTRUCT,15,6,225350,1352,0,0,6,0,6,2,6,18,4,6,e7741c936508103b2af3b934e316124eac7bac4773e716fb634bafee4047c0e4
W7_Q01,STRUCT,15,6,221054,1629,0,0,5,0,7,3,6,15,4,5,70f8123fffd2af37d12a00e22d9841098c66a489d4953aae174ab2cb5014e5d7
W4_Q08,OFF,15,6,2023093,13925,0,0,34,2,68,266,14,263,31,36,310b652f3a487a64261e67b69ca4bd659f7cd91c74be37afd64d6187457e8bdc
W8_Q01,OFF,15,6,799290,5777,0,0,14,2,27,164,11,169,63,16,7b06ec78e125033330eb86a638ef113771be6d17e66ade996d2cadaa30e562a7
W6_Q01,STRUCT_R1,15,6,257367,1389,0,0,3,2,7,3,6,15,5,5,ef852aa19070a90d167a6fc211683b2bbb6401671f4212d90e23806d1620b62f
W8_Q08,STRUCT,15,6,1453764,6222,0,0,21,2,48,171,11,169,63,23,6202056e7f9106d89fc2c03650e5a38d69f704cc369ba9e689bf413e5f7173e1
W8_Q04,ALGSTRUCT,15,6,1289692,5203,4,1,17,1,31,166,10,168,63,18,1ff2b9471d9cd2dd9078b74afc728460463e46c3102cf6da6b805d7f73e4899a
W9_Q08,OFF,15,6,913196,6852,0,0,10,0,24,384,4,4,1,10,ae43d04dfb0cf7afbfdc83558714cd1da89c64e7c6d49325a19de9764156762a
W5_Q04,STRUCT_R1,15,6,318461,1610,0,0,12,0,12,4,10,34,4,12,233b80e0525d1c617459998a8c1e1bc9855a2c2b10f43c6fd42648b8adae0248
W6_Q02,STRUCT_R1,15,6,317220,1518,0,0,4,2,10,4,6,15,5,6,d26b7c6c44eb2ae1342ad0eacde318e4485f70f1e0c22f44dc171d7c0f11f2c5
W9_Q01,ALGSTRUCT,15,6,337960,3648,0,0,3,0,3,48,4,4,1,3,6e63c0dab5f8b29ef9d1440bcd3711746464b7521a4243c8d32e03504a6224d2
W2_Q01,STRUCT_R1,15,6,272256,1537,1,0,3,1,5,2,5,14,4,4,2474f5c3c44c2292e8653ad95f4f21ec80fa6c72b730d7761807baa6c04c0270
W9_Q04,ALGSTRUCT,15,6,986026,4965,0,2,6,1,7,112,4,4,1,7,7e3f7232eefdc535f0f8be36c1c724fab7de36a2740821784506d96a09bd30b3
W6_Q08,STRUCT,15,6,583995,2037,0,0,10,2,28,10,6,15,5,12,0d426ef82e54bf37e16bebf86ad11b160059eb28202264ca816d50ab17a2aa06
W7_Q16,ALGSTRUCT,15,6,636234,2242,0,0,20,0,52,18,6,15,4,20,352ecf90b67b0a72cf480d5f2990d3ea8f45c0a65a2644e7a858b4f181627dcb
W3_d3,ALGSTRUCT,15,6,1405118,2536,10,0,12,5,29,13,11,43,8,17,16f1a8e88d7f920d91f3a177d0789d4761bf8768a0ac71ebce1f9f2282714954
W8_Q04,STRUCT_R1,15,6,1295543,5371,4,0,17,1,31,166,10,168,63,18,1ff2b9471d9cd2dd9078b74afc728460463e46c3102cf6da6b805d7f73e4899a
W9_Q32,STRUCT,15,6,5252657,13480,0,0,34,2,38,608,4,4,1,36,f9b4de382a62f7ddf0ae716d829e6d3204b079918eba11b5d003aed0f308e9a0
W4_Q04,OFF,15,6,1078210,7039,0,0,18,2,36,134,10,139,31,20,fd25718cb278dfe33c1131161ba4977814e08de24bd73801325a42bf895b4b90
W8_Q32,OFF,15,6,2373831,8129,0,0,45,2,120,195,11,169,63,47,257e33fe42ff72054f90b0755280d3b57f6dc95e0ff488350c7a08c8fa00e255
W1,ALGSTRUCT,15,6,272776,1110,1,0,3,1,5,2,5,14,4,4,ddbc64bc70e115337e04b3ee4eac0b96e81aea703c916cfeea2e2366190e3210
W4_Q02,STRUCT_R2,15,6,690401,3982,0,0,10,2,20,68,8,77,31,12,c082fb0620ac05b05065135ca996c9564b57d8a79b47964aa54b86c16cd0659f
W2_Q04,OFF,15,6,321719,1833,0,0,6,2,16,6,6,15,4,8,b8312387bf162a1452336c9e9e40ef1298c4a5b22cc87b54f4215f6e91104b3c
W7_Q32,OFF,15,6,903251,3019,0,0,36,0,100,34,6,15,4,36,6bdf3735d7ed12e047353d97f7fd342934c808ba421573c6cd2474dd612f37b1
W8_Q02,STRUCT_R2,15,6,1055732,5888,0,1,15,2,30,165,11,169,63,17,ab8e72a97eeddaf640fa9d87846837b35913b3b9a7916818e4653a499fd7cc9a
W4_Q16,STRUCT,15,6,4812217,27720,0,0,66,2,132,530,22,511,31,68,7fbae5656c303ca065341c5db14fa3ef41fb196c82f59bb1c789e1f7b78b0f7a
W6_Q04,STRUCT,15,6,408551,1686,0,0,6,2,16,6,6,15,5,8,463695b346924b3ce3bfd76bc311a5cc5d47fb033482cc22912fc407e8f09fdf
W7_Q16,STRUCT_R2,15,6,612013,2204,0,0,20,0,52,18,6,15,4,20,352ecf90b67b0a72cf480d5f2990d3ea8f45c0a65a2644e7a858b4f181627dcb
W3_d1,STRUCT,15,6,572624,1667,0,0,10,2,28,10,6,15,4,12,a54c74b256ab2c5cf00e4072ff680215ee9ddba8ea28d33e07bfd46dd0370227
W4_Q16,STRUCT_R1,15,6,7063565,27074,16,0,66,1,115,529,21,510,31,67,c4cb6b036cc3a61a0d0502a6d94307b09dd7e159ba9b445a83ebed14f5c8ebe1
W3_d1,STRUCT_R2,15,6,570440,1703,0,0,10,2,28,10,6,15,4,12,a54c74b256ab2c5cf00e4072ff680215ee9ddba8ea28d33e07bfd46dd0370227
W4_Q01,STRUCT_R2,15,6,439235,2446,0,0,6,2,12,35,7,46,31,8,c1c4e28384d704fc6572f4a795b1b9dcd23dd585446058743d09154ee63f83a5
W2_Q08,ALGSTRUCT,15,6,582161,1685,8,0,10,1,19,9,5,14,4,11,28ef291bdbdabd5779860a9dac095bdb774cc930b18dec6f9c7bf13df75550d2
W8_Q02,STRUCT,15,6,1069657,5556,0,0,15,2,30,165,11,169,63,17,ab8e72a97eeddaf640fa9d87846837b35913b3b9a7916818e4653a499fd7cc9a
W6_Q02,OFF,15,6,242276,1481,0,0,4,2,10,4,6,15,5,6,d26b7c6c44eb2ae1342ad0eacde318e4485f70f1e0c22f44dc171d7c0f11f2c5
W6_Q32,STRUCT_R1,15,6,1994149,3777,0,0,34,2,100,34,6,15,5,36,e27ba2fd4a248e13e86f6fd51f6578ca7bbe37b27fb6c62f3d2e37c16ce58156
W4_Q01,STRUCT,15,6,442960,2258,0,0,6,2,12,35,7,46,31,8,c1c4e28384d704fc6572f4a795b1b9dcd23dd585446058743d09154ee63f83a5
W4_Q32,ALGSTRUCT,15,6,18415794,56500,32,0,130,1,227,1057,37,1006,31,131,4a5be56a553c6df341c1f260562041444c20a964d5f4f3916c7966ddd0bae2e9
W3_d3,STRUCT_R1,15,6,1414577,2187,10,0,12,5,29,13,11,43,8,17,16f1a8e88d7f920d91f3a177d0789d4761bf8768a0ac71ebce1f9f2282714954
W8_Q32,STRUCT_R1,15,6,3860687,8296,32,0,45,1,87,194,10,168,63,46,45e69b1796e998f7df6d485c516cc0751375b53ec01f0a7673d473a9ec217a0e
W4_Q04,STRUCT_R2,15,6,1251915,7018,0,0,18,2,36,134,10,139,31,20,fd25718cb278dfe33c1131161ba4977814e08de24bd73801325a42bf895b4b90
W7_Q04,STRUCT,15,6,291404,1649,0,0,8,0,16,6,6,15,4,8,64eb05b2d681af147811cd64dc0e11be812cb48952e297a71fcf6d3c013ba4a0
W6_Q01,STRUCT_R2,15,6,258533,1631,0,0,3,2,7,3,6,15,5,5,ef852aa19070a90d167a6fc211683b2bbb6401671f4212d90e23806d1620b62f
W2_Q32,ALGSTRUCT,15,6,2261053,2907,32,0,34,1,67,33,5,14,4,35,aa6152b6f2b2227ea71db0831b5f58d2dce2bdcb6db5c4bb5d1fb235d1201ed1
W5_Q08,STRUCT_R2,15,6,521533,2518,0,0,24,0,24,8,18,66,4,24,1ec99f8159a9bf9f7216cbde66142ab941580d932ab53b67181d9941e08515a5
W6_Q01,STRUCT,15,6,261127,1444,0,0,3,2,7,3,6,15,5,5,ef852aa19070a90d167a6fc211683b2bbb6401671f4212d90e23806d1620b62f
W9_Q08,ALGSTRUCT,15,6,1467264,5482,0,4,10,1,11,176,4,4,1,11,f0aee4c6a6b6511ecbc27f2fc4ef3f688cd044d5f143461208ceed4e1cea64ae
W9_Q04,STRUCT,15,6,1119935,5166,0,0,6,2,10,160,4,4,1,8,a25fcd6d9b6930c5a5e472a5d4b9da9d0423cec22fe64a49a0e3364286ad6c7b
W9_Q16,ALGSTRUCT,15,6,2630494,9074,0,8,18,1,19,304,4,4,1,19,44cdb1eb48242e36e60587a8e97fc1204f774ee018380c18a625f9abe3ce3ce8
W5_Q16,OFF,15,6,868141,4722,0,0,48,0,48,16,34,130,4,48,15f4ec0f61204d6ef15a655140c1c86c7248fc9deed8e4c09ef3081b8b94fb64
W8_Q01,STRUCT_R1,15,6,1089528,5259,1,0,14,1,25,163,10,168,63,15,fdd35fe24122be542f9944d55e73c67d2cd28afd3fd1ff25e723a080e5d2dad8
W6_Q32,STRUCT_R2,15,6,1857482,3019,0,0,34,2,100,34,6,15,5,36,e27ba2fd4a248e13e86f6fd51f6578ca7bbe37b27fb6c62f3d2e37c16ce58156
W9_Q32,STRUCT_R2,15,6,5089304,14075,0,16,34,1,35,560,4,4,1,35,678046e55883cc9fe207429daab5f5da66bcc2178ee01574697097ddff7f102c
W2_Q16,STRUCT_R1,15,6,1037584,1981,16,0,18,1,35,17,5,14,4,19,6874ea3fe8a08c7af5d8752f9a4557e5d01bc066a937913a1e427661cbb540c4
W2_Q16,OFF,15,6,810233,2667,0,0,18,2,52,18,6,15,4,20,f53a43e02a6f7be38b5d23a92cce7a6f0c7e7deac086e97841ea021c93a5a893
W4_Q04,STRUCT_R1,15,6,1451784,6795,4,0,18,1,31,133,9,138,31,19,fc880fdc081349aa9e95db821628814a11fa6271dfea15fd511d230a5fbbf819
W5_Q02,STRUCT_R1,15,6,221387,2000,0,0,6,0,6,2,6,18,4,6,e7741c936508103b2af3b934e316124eac7bac4773e716fb634bafee4047c0e4
W2_Q16,STRUCT_R2,15,6,999287,2148,0,0,18,2,52,18,6,15,4,20,f53a43e02a6f7be38b5d23a92cce7a6f0c7e7deac086e97841ea021c93a5a893
W2_Q16,ALGSTRUCT,15,6,1054120,2222,16,0,18,1,35,17,5,14,4,19,6874ea3fe8a08c7af5d8752f9a4557e5d01bc066a937913a1e427661cbb540c4
W5_Q04,STRUCT,15,6,316276,1870,0,0,12,0,12,4,10,34,4,12,233b80e0525d1c617459998a8c1e1bc9855a2c2b10f43c6fd42648b8adae0248
W3_d2,STRUCT,15,6,973546,2241,0,0,11,5,35,13,10,29,5,16,bb512a3ef0db77c97656c90a9544f5958e4b52748f6a43bfdbc34ec450c82e91
W2_Q04,STRUCT_R1,15,6,409996,1426,4,0,6,1,11,5,5,14,4,7,e3e1c95caf3c6465ad04568b51f69fe26be853a4ad44521756f63edd123351f8
W5_Q08,ALGSTRUCT,15,6,537459,2536,0,0,24,0,24,8,18,66,4,24,1ec99f8159a9bf9f7216cbde66142ab941580d932ab53b67181d9941e08515a5
W9_Q32,STRUCT_R1,15,6,5189896,13149,0,0,34,2,38,608,4,4,1,36,f9b4de382a62f7ddf0ae716d829e6d3204b079918eba11b5d003aed0f308e9a0
W4_Q02,ALGSTRUCT,15,6,780308,3425,2,0,10,1,17,67,7,76,31,11,056c94f2139c9e918446fe4f786e56b203a4febdd7cdb7d162e2b0323db5a772
W6_Q01,OFF,15,6,198089,1390,0,0,3,2,7,3,6,15,5,5,ef852aa19070a90d167a6fc211683b2bbb6401671f4212d90e23806d1620b62f
W2_Q01,OFF,15,6,195718,1298,0,0,3,2,7,3,6,15,4,5,fb4f50a52888382fd35dda056767f1188dd59b0b7db5fbe2928a5afbf6bf9f5b
W7_Q02,STRUCT_R2,15,6,240221,1777,0,0,6,0,10,4,6,15,4,6,b1d2efac79748ca32ad60ca241d894721be3c3795c13e31e47e01dad1cb5a5f1
W2_Q01,STRUCT,15,6,268997,1611,0,0,3,2,7,3,6,15,4,5,fb4f50a52888382fd35dda056767f1188dd59b0b7db5fbe2928a5afbf6bf9f5b
W4_Q16,OFF,15,6,4342348,25667,0,0,66,2,132,530,22,511,31,68,7fbae5656c303ca065341c5db14fa3ef41fb196c82f59bb1c789e1f7b78b0f7a
W5_Q16,STRUCT,15,6,979638,4816,0,0,48,0,48,16,34,130,4,48,15f4ec0f61204d6ef15a655140c1c86c7248fc9deed8e4c09ef3081b8b94fb64
W8_Q04,STRUCT,15,6,1183416,5999,0,0,17,2,36,167,11,169,63,19,683043cf53c296ea0d43a0c383a5a5aa5dfae2adbc542c677c919239829da206
W2_Q02,STRUCT,15,6,315553,1648,0,0,4,2,10,4,6,15,4,6,002b88cffa362a25f201c7342c0d49bad4cd7fb10998ad8823a39c11beee6d88
W9_Q02,STRUCT,15,6,481885,4203,0,0,4,0,6,96,4,4,1,4,f59554bf6b558dac39020afcdc9d3261e3c200f0f612cb6818827b31bbda0408
W8_Q02,ALGSTRUCT,15,6,1158971,5185,2,1,15,1,27,164,10,168,63,16,652ea2e2db2a8b59e1a2373d0aa09bb6194a7176cb3cd104297a14f7ef235e6b
W7_Q32,STRUCT_R1,15,6,1164397,3555,0,0,36,0,100,34,6,15,4,36,6bdf3735d7ed12e047353d97f7fd342934c808ba421573c6cd2474dd612f37b1
W4_Q01,ALGSTRUCT,15,6,488791,2241,1,0,6,1,10,34,6,45,31,7,2a2742010b3f20f3e0b7616f059bcf47256e350d22af5b1d3a055aa5eee736e9
W5_Q01,STRUCT_R1,15,6,181498,1278,0,0,3,0,3,1,4,10,4,3,7528d1a80da7ce6bed6c3efbaad136c6b237adf54f46f512a5fe79019bfef2ec
W4_Q01,STRUCT_R1,15,6,490460,2498,1,0,6,1,10,34,6,45,31,7,2a2742010b3f20f3e0b7616f059bcf47256e350d22af5b1d3a055aa5eee736e9
W8_Q16,STRUCT_R1,15,6,2185813,6371,16,0,29,1,55,178,10,168,63,30,d68e12eaec95eadd08fb1ce8e6c0dcfc893de77e4c3d4f5a64bb4b4ee29b64b3
W5_Q32,STRUCT,15,6,2007092,8797,0,0,96,0,96,32,66,258,4,96,ad908136f049b66ae4b1e1c3f252d7a2ebead009fab3f7177d4babd24fcbec6a
W6_Q32,STRUCT,15,6,1908353,3556,0,0,34,2,100,34,6,15,5,36,e27ba2fd4a248e13e86f6fd51f6578ca7bbe37b27fb6c62f3d2e37c16ce58156
W6_Q04,STRUCT_R2,15,6,398088,1612,0,0,6,2,16,6,6,15,5,8,463695b346924b3ce3bfd76bc311a5cc5d47fb033482cc22912fc407e8f09fdf
W3_d2,ALGSTRUCT,15,6,975473,1999,9,0,11,3,24,11,8,27,5,14,b3a60a0bc9bb1633f8ca67743fa2b43eea5f58f8a512cbf173b181d8c20dfa68
W8_Q02,OFF,15,6,841676,5260,0,0,15,2,30,165,11,169,63,17,ab8e72a97eeddaf640fa9d87846837b35913b3b9a7916818e4653a499fd7cc9a
W9_Q01,STRUCT_R2,15,6,338978,4593,0,0,3,0,3,48,4,4,1,3,6e63c0dab5f8b29ef9d1440bcd3711746464b7521a4243c8d32e03504a6224d2
W2_Q04,STRUCT,15,6,406053,1796,0,0,6,2,16,6,6,15,4,8,b8312387bf162a1452336c9e9e40ef1298c4a5b22cc87b54f4215f6e91104b3c
W8_Q08,OFF,15,6,1190360,5741,0,0,21,2,48,171,11,169,63,23,6202056e7f9106d89fc2c03650e5a38d69f704cc369ba9e689bf413e5f7173e1
W7_Q02,STRUCT,15,6,245812,1445,0,0,6,0,10,4,6,15,4,6,b1d2efac79748ca32ad60ca241d894721be3c3795c13e31e47e01dad1cb5a5f1
W6_Q16,OFF,15,6,801493,2944,0,0,18,2,52,18,6,15,5,20,bb0755604375307ff8e5fd09781b80b224d9ab98fa75fb51387fe44cb24e3726
W4_Q02,OFF,15,6,579070,3851,0,0,10,2,20,68,8,77,31,12,c082fb0620ac05b05065135ca996c9564b57d8a79b47964aa54b86c16cd0659f
W2_Q02,STRUCT_R2,15,6,309516,1685,0,0,4,2,10,4,6,15,4,6,002b88cffa362a25f201c7342c0d49bad4cd7fb10998ad8823a39c11beee6d88
W9_Q04,OFF,15,6,613049,4816,0,0,6,0,12,192,4,4,1,6,6dad93323aff1013501fa90b58e0e48741ec6d807386799264c78a900e9e11d0
W6_Q08,STRUCT_R2,15,6,575197,1575,0,0,10,2,28,10,6,15,5,12,0d426ef82e54bf37e16bebf86ad11b160059eb28202264ca816d50ab17a2aa06
W2_Q04,STRUCT_R2,15,6,398959,1611,0,0,6,2,16,6,6,15,4,8,b8312387bf162a1452336c9e9e40ef1298c4a5b22cc87b54f4215f6e91104b3c
W7_Q01,STRUCT_R1,15,6,227645,1278,0,0,5,0,7,3,6,15,4,5,70f8123fffd2af37d12a00e22d9841098c66a489d4953aae174ab2cb5014e5d7
W3_d3,OFF,15,6,1182895,2538,0,0,12,8,42,16,14,46,8,20,d0de00aa950042ce2df3a1aacd87b83395b88f62201b4b0ee4f6f67dba5bbb2b
W7_Q04,STRUCT_R2,15,6,287848,1593,0,0,8,0,16,6,6,15,4,8,64eb05b2d681af147811cd64dc0e11be812cb48952e297a71fcf6d3c013ba4a0
W7_Q32,STRUCT_R2,15,6,1119157,3426,0,0,36,0,100,34,6,15,4,36,6bdf3735d7ed12e047353d97f7fd342934c808ba421573c6cd2474dd612f37b1
W2_Q32,STRUCT_R2,15,6,1865372,3222,0,0,34,2,100,34,6,15,4,36,ead1d2e3154b72c47159b745145cb82392c282dcdeeba0e877b2291c8ed45d37
W7_Q32,ALGSTRUCT,15,6,1166305,3185,0,0,36,0,100,34,6,15,4,36,6bdf3735d7ed12e047353d97f7fd342934c808ba421573c6cd2474dd612f37b1
W8_Q32,ALGSTRUCT,15,6,3843410,7962,32,1,45,1,87,194,10,168,63,46,45e69b1796e998f7df6d485c516cc0751375b53ec01f0a7673d473a9ec217a0e
W5_Q01,OFF,15,6,125000,1888,0,0,3,0,3,1,4,10,4,3,7528d1a80da7ce6bed6c3efbaad136c6b237adf54f46f512a5fe79019bfef2ec
W1,STRUCT_R1,15,6,270646,1296,1,0,3,1,5,2,5,14,4,4,ddbc64bc70e115337e04b3ee4eac0b96e81aea703c916cfeea2e2366190e3210
W7_Q04,ALGSTRUCT,15,6,296220,1426,0,0,8,0,16,6,6,15,4,8,64eb05b2d681af147811cd64dc0e11be812cb48952e297a71fcf6d3c013ba4a0
W6_Q04,OFF,15,6,314108,1537,0,0,6,2,16,6,6,15,5,8,463695b346924b3ce3bfd76bc311a5cc5d47fb033482cc22912fc407e8f09fdf
W4_Q04,STRUCT,15,6,1256192,7519,0,0,18,2,36,134,10,139,31,20,fd25718cb278dfe33c1131161ba4977814e08de24bd73801325a42bf895b4b90
W2_Q08,OFF,15,6,459886,1906,0,0,10,2,28,10,6,15,4,12,e121069670786ba8fbe3100d624a17638d4611a34b02647058710f2e3db6a9c9
W5_Q04,STRUCT_R2,15,6,308239,2259,0,0,12,0,12,4,10,34,4,12,233b80e0525d1c617459998a8c1e1bc9855a2c2b10f43c6fd42648b8adae0248
W8_Q16,ALGSTRUCT,15,6,2215683,6741,16,1,29,1,55,178,10,168,63,30,d68e12eaec95eadd08fb1ce8e6c0dcfc893de77e4c3d4f5a64bb4b4ee29b64b3
W6_Q16,STRUCT_R2,15,6,985602,2537,0,0,18,2,52,18,6,15,5,20,bb0755604375307ff8e5fd09781b80b224d9ab98fa75fb51387fe44cb24e3726
W7_Q02,STRUCT_R1,15,6,249442,1352,0,0,6,0,10,4,6,15,4,6,b1d2efac79748ca32ad60ca241d894721be3c3795c13e31e47e01dad1cb5a5f1
W9_Q16,STRUCT,15,6,2777197,8537,0,0,18,2,22,352,4,4,1,20,ff9866380da95df98e4375770d21fe162b02c0b8b05b75e939b18d0d711c4c04
W9_Q32,ALGSTRUCT,15,6,5031769,12629,0,16,34,1,35,560,4,4,1,35,678046e55883cc9fe207429daab5f5da66bcc2178ee01574697097ddff7f102c
W7_Q16,STRUCT,15,6,614828,2389,0,0,20,0,52,18,6,15,4,20,352ecf90b67b0a72cf480d5f2990d3ea8f45c0a65a2644e7a858b4f181627dcb
W8_Q01,STRUCT_R2,15,6,1009400,6369,0,1,14,2,27,164,11,169,63,16,7b06ec78e125033330eb86a638ef113771be6d17e66ade996d2cadaa30e562a7
W9_Q16,STRUCT_R1,15,6,2751549,8222,0,0,18,2,22,352,4,4,1,20,ff9866380da95df98e4375770d21fe162b02c0b8b05b75e939b18d0d711c4c04
W7_Q32,STRUCT,15,6,1149713,3425,0,0,36,0,100,34,6,15,4,36,6bdf3735d7ed12e047353d97f7fd342934c808ba421573c6cd2474dd612f37b1
W7_Q08,STRUCT_R1,15,6,414792,1760,0,0,12,0,28,10,6,15,4,12,d13ad2add4e1d9cb21c441a8963ffbcf5f462a05d4f61331fa56b7c117fe58d1
W6_Q08,ALGSTRUCT,15,6,589105,1760,0,0,10,2,28,10,6,15,5,12,0d426ef82e54bf37e16bebf86ad11b160059eb28202264ca816d50ab17a2aa06
W5_Q16,ALGSTRUCT,15,6,1025435,5222,0,0,48,0,48,16,34,130,4,48,15f4ec0f61204d6ef15a655140c1c86c7248fc9deed8e4c09ef3081b8b94fb64
W6_Q01,ALGSTRUCT,15,6,265332,1258,0,0,3,2,7,3,6,15,5,5,ef852aa19070a90d167a6fc211683b2bbb6401671f4212d90e23806d1620b62f
W2_Q02,OFF,15,6,240017,1500,0,0,4,2,10,4,6,15,4,6,002b88cffa362a25f201c7342c0d49bad4cd7fb10998ad8823a39c11beee6d88
W3_d2,STRUCT_R2,15,6,962435,2445,0,0,11,5,35,13,10,29,5,16,bb512a3ef0db77c97656c90a9544f5958e4b52748f6a43bfdbc34ec450c82e91
W5_Q01,ALGSTRUCT,15,6,178831,1130,0,0,3,0,3,1,4,10,4,3,7528d1a80da7ce6bed6c3efbaad136c6b237adf54f46f512a5fe79019bfef2ec
W8_Q01,STRUCT,15,6,1006954,6129,0,0,14,2,27,164,11,169,63,16,7b06ec78e125033330eb86a638ef113771be6d17e66ade996d2cadaa30e562a7
W6_Q08,STRUCT_R1,15,6,591235,1797,0,0,10,2,28,10,6,15,5,12,0d426ef82e54bf37e16bebf86ad11b160059eb28202264ca816d50ab17a2aa06
W9_Q02,OFF,15,6,345292,4260,0,0,4,0,6,96,4,4,1,4,f59554bf6b558dac39020afcdc9d3261e3c200f0f612cb6818827b31bbda0408
W4_Q08,STRUCT_R2,15,6,2308387,13833,0,0,34,2,68,266,14,263,31,36,310b652f3a487a64261e67b69ca4bd659f7cd91c74be37afd64d6187457e8bdc
W9_Q16,OFF,15,6,1756149,9038,0,0,18,0,48,768,4,4,1,18,43b7f4efcb619e6e3fc5fc66e7827f4bb8130a24a5905f5ce4efe6114dbfdbd3
W4_Q08,ALGSTRUCT,15,6,2949009,13204,8,0,34,1,59,265,13,262,31,35,0d7db8d8f19881c77c6e7cd19e1f9d024ea9973fae56dbdbc00db2eeaa790340
W2_Q32,STRUCT,15,6,1883465,3296,0,0,34,2,100,34,6,15,4,36,ead1d2e3154b72c47159b745145cb82392c282dcdeeba0e877b2291c8ed45d37
W5_Q04,OFF,15,6,247665,1943,0,0,12,0,12,4,10,34,4,12,233b80e0525d1c617459998a8c1e1bc9855a2c2b10f43c6fd42648b8adae0248
W4_Q08,STRUCT,15,6,2331590,13981,0,0,34,2,68,266,14,263,31,36,310b652f3a487a64261e67b69ca4bd659f7cd91c74be37afd64d6187457e8bdc
W8_Q04,OFF,15,6,962028,5796,0,0,17,2,36,167,11,169,63,19,683043cf53c296ea0d43a0c383a5a5aa5dfae2adbc542c677c919239829da206
W7_Q01,ALGSTRUCT,15,6,224164,1205,0,0,5,0,7,3,6,15,4,5,70f8123fffd2af37d12a00e22d9841098c66a489d4953aae174ab2cb5014e5d7
W6_Q16,STRUCT,15,6,984250,2204,0,0,18,2,52,18,6,15,5,20,bb0755604375307ff8e5fd09781b80b224d9ab98fa75fb51387fe44cb24e3726
W2_Q02,STRUCT_R1,15,6,320959,1612,2,0,4,1,7,3,5,14,4,5,d8adac9423435c6f23a5e314f4d31430db516714fee41508dcac1bc6af0e6f0c
W2_Q32,STRUCT_R1,15,6,2207925,3388,32,0,34,1,67,33,5,14,4,35,aa6152b6f2b2227ea71db0831b5f58d2dce2bdcb6db5c4bb5d1fb235d1201ed1
W9_Q08,STRUCT_R2,15,6,1473003,6501,0,4,10,1,11,176,4,4,1,11,f0aee4c6a6b6511ecbc27f2fc4ef3f688cd044d5f143461208ceed4e1cea64ae
W6_Q04,ALGSTRUCT,15,6,412848,1630,0,0,6,2,16,6,6,15,5,8,463695b346924b3ce3bfd76bc311a5cc5d47fb033482cc22912fc407e8f09fdf
W8_Q04,STRUCT_R2,15,6,1176138,5833,0,1,17,2,36,167,11,169,63,19,683043cf53c296ea0d43a0c383a5a5aa5dfae2adbc542c677c919239829da206
W7_Q01,STRUCT_R2,15,6,217498,1444,0,0,5,0,7,3,6,15,4,5,70f8123fffd2af37d12a00e22d9841098c66a489d4953aae174ab2cb5014e5d7
W4_Q32,STRUCT,15,6,9883631,63185,0,0,130,2,260,1058,38,1007,31,132,068ad024181661f75503372002890dd704cd730c5fc591fd65590a6d532c145d
W6_Q32,OFF,15,6,1593802,3295,0,0,34,2,100,34,6,15,5,36,e27ba2fd4a248e13e86f6fd51f6578ca7bbe37b27fb6c62f3d2e37c16ce58156
W9_Q04,STRUCT_R2,15,6,977897,4557,0,2,6,1,7,112,4,4,1,7,7e3f7232eefdc535f0f8be36c1c724fab7de36a2740821784506d96a09bd30b3
W3_d2,OFF,15,6,787549,2332,0,0,11,5,35,13,10,29,5,16,bb512a3ef0db77c97656c90a9544f5958e4b52748f6a43bfdbc34ec450c82e91
W2_Q08,STRUCT_R2,15,6,574810,1832,0,0,10,2,28,10,6,15,4,12,e121069670786ba8fbe3100d624a17638d4611a34b02647058710f2e3db6a9c9
W9_Q01,OFF,15,6,230960,4556,0,0,3,0,3,48,4,4,1,3,6e63c0dab5f8b29ef9d1440bcd3711746464b7521a4243c8d32e03504a6224d2
W7_Q02,ALGSTRUCT,15,6,250257,1296,0,0,6,0,10,4,6,15,4,6,b1d2efac79748ca32ad60ca241d894721be3c3795c13e31e47e01dad1cb5a5f1
W7_Q08,STRUCT,15,6,406386,1722,0,0,12,0,28,10,6,15,4,12,d13ad2add4e1d9cb21c441a8963ffbcf5f462a05d4f61331fa56b7c117fe58d1
W6_Q04,STRUCT_R1,15,6,412184,1535,0,0,6,2,16,6,6,15,5,8,463695b346924b3ce3bfd76bc311a5cc5d47fb033482cc22912fc407e8f09fdf
W5_Q01,STRUCT,15,6,182832,1463,0,0,3,0,3,1,4,10,4,3,7528d1a80da7ce6bed6c3efbaad136c6b237adf54f46f512a5fe79019bfef2ec
W8_Q16,STRUCT_R2,15,6,1851259,7390,0,1,29,2,72,179,11,169,63,31,75d1b16c15c201143eb0f00e84429326ead193544062ed0323b47e7914fd575d
W8_Q08,STRUCT_R1,15,6,1618744,5815,8,0,21,1,39,170,10,168,63,22,dfb50a16d91192e00318e4ac61c06d5403d37554d2e61726115b9e5e96a90617
W5_Q02,STRUCT_R2,15,6,222239,1759,0,0,6,0,6,2,6,18,4,6,e7741c936508103b2af3b934e316124eac7bac4773e716fb634bafee4047c0e4
W9_Q16,STRUCT_R2,15,6,2657550,9259,0,8,18,1,19,304,4,4,1,19,44cdb1eb48242e36e60587a8e97fc1204f774ee018380c18a625f9abe3ce3ce8
W7_Q08,STRUCT_R2,15,6,401422,1815,0,0,12,0,28,10,6,15,4,12,d13ad2add4e1d9cb21c441a8963ffbcf5f462a05d4f61331fa56b7c117fe58d1
W6_Q16,STRUCT_R1,15,6,1020750,1926,0,0,18,2,52,18,6,15,5,20,bb0755604375307ff8e5fd09781b80b224d9ab98fa75fb51387fe44cb24e3726
W4_Q32,STRUCT_R1,15,6,18381570,53186,32,0,130,1,227,1057,37,1006,31,131,4a5be56a553c6df341c1f260562041444c20a964d5f4f3916c7966ddd0bae2e9
W5_Q16,STRUCT_R2,15,6,973157,4834,0,0,48,0,48,16,34,130,4,48,15f4ec0f61204d6ef15a655140c1c86c7248fc9deed8e4c09ef3081b8b94fb64
W3_d2,STRUCT_R1,15,6,971583,1889,9,0,11,3,24,11,8,27,5,14,b3a60a0bc9bb1633f8ca67743fa2b43eea5f58f8a512cbf173b181d8c20dfa68
W9_Q02,ALGSTRUCT,15,6,633882,3908,0,1,4,1,5,80,4,4,1,5,a250745debd6fd7cf3585f94dfa2ad7178c8b7c572e5ce15f0467c48475c0e9a
W6_Q16,ALGSTRUCT,15,6,1011325,2018,0,0,18,2,52,18,6,15,5,20,bb0755604375307ff8e5fd09781b80b224d9ab98fa75fb51387fe44cb24e3726
W5_Q02,OFF,15,6,156905,1815,0,0,6,0,6,2,6,18,4,6,e7741c936508103b2af3b934e316124eac7bac4773e716fb634bafee4047c0e4
W2_Q32,OFF,15,6,1601336,3390,0,0,34,2,100,34,6,15,4,36,ead1d2e3154b72c47159b745145cb82392c282dcdeeba0e877b2291c8ed45d37
W5_Q08,OFF,15,6,442625,2834,0,0,24,0,24,8,18,66,4,24,1ec99f8159a9bf9f7216cbde66142ab941580d932ab53b67181d9941e08515a5
W7_Q02,OFF,15,6,176665,1667,0,0,6,0,10,4,6,15,4,6,b1d2efac79748ca32ad60ca241d894721be3c3795c13e31e47e01dad1cb5a5f1
W7_Q08,OFF,15,6,300220,1926,0,0,12,0,28,10,6,15,4,12,d13ad2add4e1d9cb21c441a8963ffbcf5f462a05d4f61331fa56b7c117fe58d1
W4_Q02,STRUCT_R1,15,6,788012,4036,2,0,10,1,17,67,7,76,31,11,056c94f2139c9e918446fe4f786e56b203a4febdd7cdb7d162e2b0323db5a772
W5_Q02,STRUCT,15,6,219886,1631,0,0,6,0,6,2,6,18,4,6,e7741c936508103b2af3b934e316124eac7bac4773e716fb634bafee4047c0e4
W9_Q02,STRUCT_R1,15,6,478089,4351,0,0,4,0,6,96,4,4,1,4,f59554bf6b558dac39020afcdc9d3261e3c200f0f612cb6818827b31bbda0408
W8_Q08,ALGSTRUCT,15,6,1630764,5740,8,1,21,1,39,170,10,168,63,22,dfb50a16d91192e00318e4ac61c06d5403d37554d2e61726115b9e5e96a90617
W7_Q04,OFF,15,6,210906,1777,0,0,8,0,16,6,6,15,4,8,64eb05b2d681af147811cd64dc0e11be812cb48952e297a71fcf6d3c013ba4a0
W9_Q01,STRUCT_R1,15,6,342701,3759,0,0,3,0,3,48,4,4,1,3,6e63c0dab5f8b29ef9d1440bcd3711746464b7521a4243c8d32e03504a6224d2
W2_Q01,STRUCT_R2,15,6,259107,1538,0,0,3,2,7,3,6,15,4,5,fb4f50a52888382fd35dda056767f1188dd59b0b7db5fbe2928a5afbf6bf9f5b
W7_Q01,OFF,15,6,155591,1759,0,0,5,0,7,3,6,15,4,5,70f8123fffd2af37d12a00e22d9841098c66a489d4953aae174ab2cb5014e5d7
W7_Q04,STRUCT_R1,15,6,297053,1259,0,0,8,0,16,6,6,15,4,8,64eb05b2d681af147811cd64dc0e11be812cb48952e297a71fcf6d3c013ba4a0
W2_Q01,ALGSTRUCT,15,6,273165,1185,1,0,3,1,5,2,5,14,4,4,2474f5c3c44c2292e8653ad95f4f21ec80fa6c72b730d7761807baa6c04c0270
W5_Q04,ALGSTRUCT,15,6,314313,1702,0,0,12,0,12,4,10,34,4,12,233b80e0525d1c617459998a8c1e1bc9855a2c2b10f43c6fd42648b8adae0248
W4_Q32,STRUCT_R2,15,6,9776503,72629,0,0,130,2,260,1058,38,1007,31,132,068ad024181661f75503372002890dd704cd730c5fc591fd65590a6d532c145d
