case,profile,rep,scale,compile_ns,probe_ns,r1,r2,nodes_public,nodes_substrates,tokens_from,tokens_fields,capacity_streams,capacity_sum,capacity_max,node_count,nodes_sha256
W7_Q04,ALGSTRUCT,1,6,294219,1537,0,0,8,0,16,6,6,15,4,8,64eb05b2d681af147811cd64dc0e11be812cb48952e297a71fcf6d3c013ba4a0
W4_Q16,STRUCT,1,6,4752005,26703,0,0,66,2,132,530,22,511,31,68,7fbae5656c303ca065341c5db14fa3ef41fb196c82f59bb1c789e1f7b78b0f7a
W8_Q08,STRUCT_R2,1,6,1431170,5926,0,1,21,2,48,171,11,169,63,23,6202056e7f9106d89fc2c03650e5a38d69f704cc369ba9e689bf413e5f7173e1
W7_Q08,ALGSTRUCT,1,6,424163,2036,0,0,12,0,28,10,6,15,4,12,d13ad2add4e1d9cb21c441a8963ffbcf5f462a05d4f61331fa56b7c117fe58d1
W5_Q08,OFF,1,6,437217,2704,0,0,24,0,24,8,18,66,4,24,1ec99f8159a9bf9f7216cbde66142ab941580d932ab53b67181d9941e08515a5
W1,STRUCT_R2,1,6,259608,1500,0,0,3,2,7,3,6,15,4,5,4b26ed307e0166f8d1fa59ea1e874899e41c5fd882be9ef62f84eb3685bb70b7
W5_Q02,STRUCT_R2,1,6,221681,1557,0,0,6,0,6,2,6,18,4,6,e7741c936508103b2af3b934e316124eac7bac4773e716fb634bafee4047c0e4
W9_Q02,STRUCT_R1,1,6,479476,4371,0,0,4,0,6,96,4,4,1,4,f59554bf6b558dac39020afcdc9d3261e3c200f0f612cb6818827b31bbda0408
W6_Q16,STRUCT_R2,1,6,973007,2501,0,0,18,2,52,18,6,15,5,20,bb0755604375307ff8e5fd09781b80b224d9ab98fa75fb51387fe44cb24e3726
W4_Q04,STRUCT_R2,1,6,1233949,6779,0,0,18,2,36,134,10,139,31,20,fd25718cb278dfe33c1131161ba4977814e08de24bd73801325a42bf895b4b90
W8_Q16,STRUCT_R1,1,6,2172716,6427,16,0,29,1,55,178,10,168,63,30,d68e12eaec95eadd08fb1ce8e6c0dcfc893de77e4c3d4f5a64bb4b4ee29b64b3
W7_Q32,OFF,1,6,897639,3444,0,0,36,0,100,34,6,15,4,36,6bdf3735d7ed12e047353d97f7fd342934c808ba421573c6cd2474dd612f37b1
W7_Q01,STRUCT_R1,1,6,221535,1296,0,0,5,0,7,3,6,15,4,5,70f8123fffd2af37d12a00e22d9841098c66a489d4953aae174ab2cb5014e5d7
W8_Q01,ALGSTRUCT,1,6,1110043,5612,1,1,14,1,25,163,10,168,63,15,fdd35fe24122be542f9944d55e73c67d2cd28afd3fd1ff25e723a080e5d2dad8
W4_Q04,STRUCT_R1,1,6,1467446,6742,4,0,18,1,31,133,9,138,31,19,fc880fdc081349aa9e95db821628814a11fa6271dfea15fd511d230a5fbbf819
W4_Q08,OFF,1,6,1960720,12222,0,0,34,2,68,266,14,263,31,36,310b652f3a487a64261e67b69ca4bd659f7cd91c74be37afd64d6187457e8bdc
W3_d1,STRUCT_R2,1,6,576845,2093,0,0,10,2,28,10,6,15,4,12,a54c74b256ab2c5cf00e4072ff680215ee9ddba8ea28d33e07bfd46dd0370227
W7_Q08,STRUCT,1,6,403719,1869,0,0,12,0,28,10,6,15,4,12,d13ad2add4e1d9cb21c441a8963ffbcf5f462a05d4f61331fa56b7c117fe58d1
W4_Q08,ALGSTRUCT,1,6,2942747,13147,8,0,34,1,59,265,13,262,31,35,0d7db8d8f19881c77c6e7cd19e1f9d024ea9973fae56dbdbc00db2eeaa790340
W6_Q01,STRUCT_R1,1,6,266331,1277,0,0,3,2,7,3,6,15,5,5,ef852aa19070a90d167a6fc211683b2bbb6401671f4212d90e23806d1620b62f
W3_d3,STRUCT,1,6,1403076,2723,0,0,12,8,42,16,14,46,8,20,d0de00aa950042ce2df3a1aacd87b83395b88f62201b4b0ee4f6f67dba5bbb2b
W6_Q04,ALGSTRUCT,1,6,415477,1611,0,0,6,2,16,6,6,15,5,8,463695b346924b3ce3bfd76bc311a5cc5d47fb033482cc22912fc407e8f09fdf
W2_Q32,STRUCT,1,6,1830498,3167,0,0,34,2,100,34,6,15,4,36,ead1d2e3154b72c47159b745145cb82392c282dcdeeba0e877b2291c8ed45d37
W7_Q04,STRUCT,1,6,289017,1573,0,0,8,0,16,6,6,15,4,8,64eb05b2d681af147811cd64dc0e11be812cb48952e297a71fcf6d3c013ba4a0
W8_Q32,OFF,1,6,2301513,8296,0,0,45,2,120,195,11,169,63,47,257e33fe42ff72054f90b0755280d3b57f6dc95e0ff488350c7a08c8fa00e255
W5_Q01,STRUCT_R1,1,6,184426,1461,0,0,3,0,3,1,4,10,4,3,7528d1a80da7ce6bed6c3efbaad136c6b237adf54f46f512a5fe79019bfef2ec
W9_Q04,STRUCT_R2,1,6,989990,5759,0,2,6,1,7,112,4,4,1,7,7e3f7232eefdc535f0f8be36c1c724fab7de36a2740821784506d96a09bd30b3
W7_Q32,STRUCT,1,6,1105914,3149,0,0,36,0,100,34,6,15,4,36,6bdf3735d7ed12e047353d97f7fd342934c808ba421573c6cd2474dd612f37b1
W6_Q16,OFF,1,6,783343,2316,0,0,18,2,52,18,6,15,5,20,bb0755604375307ff8e5fd09781b80b224d9ab98fa75fb51387fe44cb24e3726
W8_Q04,STRUCT,1,6,1178914,5611,0,0,17,2,36,167,11,169,63,19,683043cf53c296ea0d43a0c383a5a5aa5dfae2adbc542c677c919239829da206
W2_Q02,OFF,1,6,237443,1499,0,0,4,2,10,4,6,15,4,6,002b88cffa362a25f201c7342c0d49bad4cd7fb10998ad8823a39c11beee6d88
W9_Q32,STRUCT,1,6,5133928,13239,0,0,34,2,38,608,4,4,1,36,f9b4de382a62f7ddf0ae716d829e6d3204b079918eba11b5d003aed0f308e9a0
W9_Q16,STRUCT_R2,1,6,2653953,9130,0,8,18,1,19,304,4,4,1,19,44cdb1eb48242e36e60587a8e97fc1204f774ee018380c18a625f9abe3ce3ce8
W9_Q04,ALGSTRUCT,1,6,988195,4906,0,2,6,1,7,112,4,4,1,7,7e3f7232eefdc535f0f8be36c1c724fab7de36a2740821784506d96a09bd30b3
W1,OFF,1,6,197553,1908,0,0,3,2,7,3,6,15,4,5,4b26ed307e0166f8d1fa59ea1e874899e41c5fd882be9ef62f84eb3685bb70b7
W7_Q02,OFF,1,6,173537,1758,0,0,6,0,10,4,6,15,4,6,b1d2efac79748ca32ad60ca241d894721be3c3795c13e31e47e01dad1cb5a5f1
W9_Q04,OFF,1,6,609864,4759,0,0,6,0,12,192,4,4,1,6,6dad93323aff1013501fa90b58e0e48741ec6d807386799264c78a900e9e11d0
W7_Q16,ALGSTRUCT,1,6,623790,2130,0,0,20,0,52,18,6,15,4,20,352ecf90b67b0a72cf480d5f2990d3ea8f45c0a65a2644e7a858b4f181627dcb
W2_Q16,OFF,1,6,798232,2352,0,0,18,2,52,18,6,15,4,20,f53a43e02a6f7be38b5d23a92cce7a6f0c7e7deac086e97841ea021c93a5a893
W9_Q01,STRUCT_R1,1,6,342588,3260,0,0,3,0,3,48,4,4,1,3,6e63c0dab5f8b29ef9d1440bcd3711746464b7521a4243c8d32e03504a6224d2
W6_Q32,STRUCT,1,6,1879980,3611,0,0,34,2,100,34,6,15,5,36,e27ba2fd4a248e13e86f6fd51f6578ca7bbe37b27fb6c62f3d2e37c16ce58156
W8_Q01,STRUCT_R2,1,6,1011210,5908,0,1,14,2,27,164,11,169,63,16,7b06ec78e125033330eb86a638ef113771be6d17e66ade996d2cadaa30e562a7
W4_Q16,STRUCT_R2,1,6,4763154,26147,0,0,66,2,132,530,22,511,31,68,7fbae5656c303ca065341c5db14fa3ef41fb196c82f59bb1c789e1f7b78b0f7a
W9_Q08,STRUCT,1,6,1563464,7260,0,0,10,2,14,224,4,4,1,12,4c97cc82f3dbf6bc2a6de325d199b0cb65ffca732846069f84ea5618bb19fcfd
W4_Q32,STRUCT,1,6,9749359,64703,0,0,130,2,260,1058,38,1007,31,132,068ad024181661f75503372002890dd704cd730c5fc591fd65590a6d532c145d
W2_Q32,STRUCT_R2,1,6,1845481,3481,0,0,34,2,100,34,6,15,4,36,ead1d2e3154b72c47159b745145cb82392c282dcdeeba0e877b2291c8ed45d37
W6_Q02,STRUCT,1,6,312275,1537,0,0,4,2,10,4,6,15,5,6,d26b7c6c44eb2ae1342ad0eacde318e4485f70f1e0c22f44dc171d7c0f11f2c5
W5_Q16,ALGSTRUCT,1,6,1008542,5428,0,0,48,0,48,16,34,130,4,48,15f4ec0f61204d6ef15a655140c1c86c7248fc9deed8e4c09ef3081b8b94fb64
W7_Q02,STRUCT,1,6,243774,1612,0,0,6,0,10,4,6,15,4,6,b1d2efac79748ca32ad60ca241d894721be3c3795c13e31e47e01dad1cb5a5f1
W6_Q02,ALGSTRUCT,1,6,319959,1537,0,0,4,2,10,4,6,15,5,6,d26b7c6c44eb2ae1342ad0eacde318e4485f70f1e0c22f44dc171d7c0f11f2c5
W8_Q02,OFF,1,6,828304,5594,0,0,15,2,30,165,11,169,63,17,ab8e72a97eeddaf640fa9d87846837b35913b3b9a7916818e4653a499fd7cc9a
W2_Q01,STRUCT_R2,1,6,263312,1500,0,0,3,2,7,3,6,15,4,5,fb4f50a52888382fd35dda056767f1188dd59b0b7db5fbe2928a5afbf6bf9f5b
W4_Q08,STRUCT,1,6,2340402,13388,0,0,34,2,68,266,14,263,31,36,310b652f3a487a64261e67b69ca4bd659f7cd91c74be37afd64d6187457e8bdc
W2_Q01,OFF,1,6,196682,1649,0,0,3,2,7,3,6,15,4,5,fb4f50a52888382fd35dda056767f1188dd59b0b7db5fbe2928a5afbf6bf9f5b
W3_d3,STRUCT_R2,1,6,1393171,2444,0,0,12,8,42,16,14,46,8,20,d0de00aa950042ce2df3a1aacd87b83395b88f62201b4b0ee4f6f67dba5bbb2b
W6_Q04,OFF,1,6,310089,1778,0,0,6,2,16,6,6,15,5,8,463695b346924b3ce3bfd76bc311a5cc5d47fb033482cc22912fc407e8f09fdf
W4_Q01,STRUCT_R1,1,6,491438,2519,1,0,6,1,10,34,6,45,31,7,2a2742010b3f20f3e0b7616f059bcf47256e350d22af5b1d3a055aa5eee736e9
W7_Q08,STRUCT_R2,1,6,406071,1777,0,0,12,0,28,10,6,15,4,12,d13ad2add4e1d9cb21c441a8963ffbcf5f462a05d4f61331fa56b7c117fe58d1
W6_Q01,STRUCT,1,6,260922,1556,0,0,3,2,7,3,6,15,5,5,ef852aa19070a90d167a6fc211683b2bbb6401671f4212d90e23806d1620b62f
W5_Q32,ALGSTRUCT,1,6,2088645,9944,0,0,96,0,96,32,66,258,4,96,ad908136f049b66ae4b1e1c3f252d7a2ebead009fab3f7177d4babd24fcbec6a
W6_Q08,OFF,1,6,449810,2000,0,0,10,2,28,10,6,15,5,12,0d426ef82e54bf37e16bebf86ad11b160059eb28202264ca816d50ab17a2aa06
W8_Q32,ALGSTRUCT,1,6,3843108,8240,32,1,45,1,87,194,10,168,63,46,45e69b1796e998f7df6d485c516cc0751375b53ec01f0a7673d473a9ec217a0e
W6_Q32,STRUCT_R2,1,6,1847054,3926,0,0,34,2,100,34,6,15,5,36,e27ba2fd4a248e13e86f6fd51f6578ca7bbe37b27fb6c62f3d2e37c16ce58156
W4_Q01,ALGSTRUCT,1,6,491475,2260,1,0,6,1,10,34,6,45,31,7,2a2742010b3f20f3e0b7616f059bcf47256e350d22af5b1d3a055aa5eee736e9
W5_Q32,STRUCT_R2,1,6,1986700,12815,0,0,96,0,96,32,66,258,4,96,ad908136f049b66ae4b1e1c3f252d7a2ebead009fab3f7177d4babd24fcbec6a
W3_d3,ALGSTRUCT,1,6,1404392,2296,10,0,12,5,29,13,11,43,8,17,16f1a8e88d7f920d91f3a177d0789d4761bf8768a0ac71ebce1f9f2282714954
W4_Q32,OFF,1,6,8488964,63241,0,0,130,2,260,1058,38,1007,31,132,068ad024181661f75503372002890dd704cd730c5fc591fd65590a6d532c145d
W8_Q02,STRUCT_R2,1,6,1044950,5668,0,1,15,2,30,165,11,169,63,17,ab8e72a97eeddaf640fa9d87846837b35913b3b9a7916818e4653a499fd7cc9a
W6_Q04,STRUCT_R1,1,6,428606,1464,0,0,6,2,16,6,6,15,5,8,463695b346924b3ce3bfd76bc311a5cc5d47fb033482cc22912fc407e8f09fdf
W7_Q16,STRUCT,1,6,611106,2499,0,0,20,0,52,18,6,15,4,20,352ecf90b67b0a72cf480d5f2990d3ea8f45c0a65a2644e7a858b4f181627dcb
W4_Q01,STRUCT,1,6,440459,2277,0,0,6,2,12,35,7,46,31,8,c1c4e28384d704fc6572f4a795b1b9dcd23dd585446058743d09154ee63f83a5
W6_Q01,OFF,1,6,200018,1498,0,0,3,2,7,3,6,15,5,5,ef852aa19070a90d167a6fc211683b2bbb6401671f4212d90e23806d1620b62f
W8_Q02,STRUCT,1,6,1049858,5612,0,0,15,2,30,165,11,169,63,17,ab8e72a97eeddaf640fa9d87846837b35913b3b9a7916818e4653a499fd7cc9a
W5_Q08,ALGSTRUCT,1,6,539124,3185,0,0,24,0,24,8,18,66,4,24,1ec99f8159a9bf9f7216cbde66142ab941580d932ab53b67181d9941e08515a5
W9_Q02,OFF,1,6,341367,4111,0,0,4,0,6,96,4,4,1,4,f59554bf6b558dac39020afcdc9d3261e3c200f0f612cb6818827b31bbda0408
W5_Q04,ALGSTRUCT,1,6,337311,1760,0,0,12,0,12,4,10,34,4,12,233b80e0525d1c617459998a8c1e1bc9855a2c2b10f43c6fd42648b8adae0248
W4_Q02,STRUCT_R1,1,6,777621,3723,2,0,10,1,17,67,7,76,31,11,056c94f2139c9e918446fe4f786e56b203a4febdd7cdb7d162e2b0323db5a772
W3_d2,STRUCT_R2,1,6,956563,2149,0,0,11,5,35,13,10,29,5,16,bb512a3ef0db77c97656c90a9544f5958e4b52748f6a43bfdbc34ec450c82e91
W4_Q32,STRUCT_R1,1,6,18372601,52592,32,0,130,1,227,1057,37,1006,31,131,4a5be56a553c6df341c1f260562041444c20a964d5f4f3916c7966ddd0bae2e9
W6_Q32,OFF,1,6,1548909,3815,0,0,34,2,100,34,6,15,5,36,e27ba2fd4a248e13e86f6fd51f6578ca7bbe37b27fb6c62f3d2e37c16ce58156
W8_Q16,STRUCT_R2,1,6,1826720,7279,0,1,29,2,72,179,11,169,63,31,75d1b16c15c201143eb0f00e84429326ead193544062ed0323b47e7914fd575d
W6_Q08,ALGSTRUCT,1,6,596014,1832,0,0,10,2,28,10,6,15,5,12,0d426ef82e54bf37e16bebf86ad11b160059eb28202264ca816d50ab17a2aa06
W9_Q01,OFF,1,6,232200,3668,0,0,3,0,3,48,4,4,1,3,6e63c0dab5f8b29ef9d1440bcd3711746464b7521a4243c8d32e03504a6224d2
W9_Q32,STRUCT_R2,1,6,5042558,13277,0,16,34,1,35,560,4,4,1,35,678046e55883cc9fe207429daab5f5da66bcc2178ee01574697097ddff7f102c
W3_d1,STRUCT_R1,1,6,581957,1945,8,0,10,1,19,9,5,14,4,11,51eaee63f5c885c3fa7e71093e89c7ff61bea1c09d51d95c588c39ddf452f383
W8_Q02,ALGSTRUCT,1,6,1155691,5259,2,1,15,1,27,164,10,168,63,16,652ea2e2db2a8b59e1a2373d0aa09bb6194a7176cb3cd104297a14f7ef235e6b
W3_d3,OFF,1,6,1171174,2591,0,0,12,8,42,16,14,46,8,20,d0de00aa950042ce2df3a1aacd87b83395b88f62201b4b0ee4f6f67dba5bbb2b
W6_Q32,STRUCT_R1,1,6,1914942,3111,0,0,34,2,100,34,6,15,5,36,e27ba2fd4a248e13e86f6fd51f6578ca7bbe37b27fb6c62f3d2e37c16ce58156
W5_Q32,OFF,1,6,1763020,11091,0,0,96,0,96,32,66,258,4,96,ad908136f049b66ae4b1e1c3f252d7a2ebead009fab3f7177d4babd24fcbec6a
W4_Q02,ALGSTRUCT,1,6,787324,4075,2,0,10,1,17,67,7,76,31,11,056c94f2139c9e918446fe4f786e56b203a4febdd7cdb7d162e2b0323db5a772
W9_Q04,STRUCT_R1,1,6,1112824,5702,0,0,6,2,10,160,4,4,1,8,a25fcd6d9b6930c5a5e472a5d4b9da9d0423cec22fe64a49a0e3364286ad6c7b
W5_Q01,STRUCT,1,6,178887,1426,0,0,3,0,3,1,4,10,4,3,7528d1a80da7ce6bed6c3efbaad136c6b237adf54f46f512a5fe79019bfef2ec
W6_Q01,STRUCT_R2,1,6,259275,1741,0,0,3,2,7,3,6,15,5,5,ef852aa19070a90d167a6fc211683b2bbb6401671f4212d90e23806d1620b62f
W7_Q08,OFF,1,6,304645,1926,0,0,12,0,28,10,6,15,4,12,d13ad2add4e1d9cb21c441a8963ffbcf5f462a05d4f61331fa56b7c117fe58d1
W6_Q02,OFF,1,6,243795,2054,0,0,4,2,10,4,6,15,5,6,d26b7c6c44eb2ae1342ad0eacde318e4485f70f1e0c22f44dc171d7c0f11f2c5
W5_Q32,STRUCT_R1,1,6,2084940,9445,0,0,96,0,96,32,66,258,4,96,ad908136f049b66ae4b1e1c3f252d7a2ebead009fab3f7177d4babd24fcbec6a
W5_Q08,STRUCT_R2,1,6,530456,2557,0,0,24,0,24,8,18,66,4,24,1ec99f8159a9bf9f7216cbde66142ab941580d932ab53b67181d9941e08515a5
W9_Q16,OFF,1,6,1717686,9759,0,0,18,0,48,768,4,4,1,18,43b7f4efcb619e6e3fc5fc66e7827f4bb8130a24a5905f5ce4efe6114dbfdbd3
W1,ALGSTRUCT,1,6,276275,1370,1,0,3,1,5,2,5,14,4,4,ddbc64bc70e115337e04b3ee4eac0b96e81aea703c916cfeea2e2366190e3210
W8_Q08,OFF,1,6,1169451,5814,0,0,21,2,48,171,11,169,63,23,6202056e7f9106d89fc2c03650e5a38d69f704cc369ba9e689bf413e5f7173e1
W4_Q02,OFF,1,6,572306,3854,0,0,10,2,20,68,8,77,31,12,c082fb0620ac05b05065135ca996c9564b57d8a79b47964aa54b86c16cd0659f
W4_Q08,STRUCT_R1,1,6,2970746,12908,8,0,34,1,59,265,13,262,31,35,0d7db8d8f19881c77c6e7cd19e1f9d024ea9973fae56dbdbc00db2eeaa790340
W8_Q04,OFF,1,6,944416,5685,0,0,17,2,36,167,11,169,63,19,683043cf53c296ea0d43a0c383a5a5aa5dfae2adbc542c677c919239829da206
W2_Q04,STRUCT,1,6,402106,1871,0,0,6,2,16,6,6,15,4,8,b8312387bf162a1452336c9e9e40ef1298c4a5b22cc87b54f4215f6e91104b3c
W4_Q04,ALGSTRUCT,1,6,1471558,6000,4,0,18,1,31,133,9,138,31,19,fc880fdc081349aa9e95db821628814a11fa6271dfea15fd511d230a5fbbf819
W8_Q02,STRUCT_R1,1,6,1176135,5760,2,0,15,1,27,164,10,168,63,16,652ea2e2db2a8b59e1a2373d0aa09bb6194a7176cb3cd104297a14f7ef235e6b
W9_Q32,STRUCT_R1,1,6,5153741,12574,0,0,34,2,38,608,4,4,1,36,f9b4de382a62f7ddf0ae716d829e6d3204b079918eba11b5d003aed0f308e9a0
W9_Q01,STRUCT_R2,1,6,342476,3279,0,0,3,0,3,48,4,4,1,3,6e63c0dab5f8b29ef9d1440bcd3711746464b7521a4243c8d32e03504a6224d2
W6_Q01,ALGSTRUCT,1,6,268091,1480,0,0,3,2,7,3,6,15,5,5,ef852aa19070a90d167a6fc211683b2bbb6401671f4212d90e23806d1620b62f
W7_Q01,STRUCT_R2,1,6,221609,1519,0,0,5,0,7,3,6,15,4,5,70f8123fffd2af37d12a00e22d9841098c66a489d4953aae174ab2cb5014e5d7
W3_d1,OFF,1,6,452626,1740,0,0,10,2,28,10,6,15,4,12,a54c74b256ab2c5cf00e4072ff680215ee9ddba8ea28d33e07bfd46dd0370227
W5_Q02,STRUCT,1,6,228109,1685,0,0,6,0,6,2,6,18,4,6,e7741c936508103b2af3b934e316124eac7bac4773e716fb634bafee4047c0e4
W7_Q04,OFF,1,6,211406,1647,0,0,8,0,16,6,6,15,4,8,64eb05b2d681af147811cd64dc0e11be812cb48952e297a71fcf6d3c013ba4a0
W2_Q02,STRUCT_R1,1,6,322609,1351,2,0,4,1,7,3,5,14,4,5,d8adac9423435c6f23a5e314f4d31430db516714fee41508dcac1bc6af0e6f0c
W3_d1,STRUCT,1,6,566475,2222,0,0,10,2,28,10,6,15,4,12,a54c74b256ab2c5cf00e4072ff680215ee9ddba8ea28d33e07bfd46dd0370227
W7_Q32,STRUCT_R2,1,6,1102305,3369,0,0,36,0,100,34,6,15,4,36,6bdf3735d7ed12e047353d97f7fd342934c808ba421573c6cd2474dd612f37b1
W4_Q16,OFF,1,6,4157826,28814,0,0,66,2,132,530,22,511,31,68,7fbae5656c303ca065341c5db14fa3ef41fb196c82f59bb1c789e1f7b78b0f7a
W6_Q04,STRUCT,1,6,402404,1814,0,0,6,2,16,6,6,15,5,8,463695b346924b3ce3bfd76bc311a5cc5d47fb033482cc22912fc407e8f09fdf
W5_Q16,STRUCT_R1,1,6,999527,4666,0,0,48,0,48,16,34,130,4,48,15f4ec0f61204d6ef15a655140c1c86c7248fc9deed8e4c09ef3081b8b94fb64
W2_Q02,STRUCT_R2,1,6,312867,1648,0,0,4,2,10,4,6,15,4,6,002b88cffa362a25f201c7342c0d49bad4cd7fb10998ad8823a39c11beee6d88
W3_d2,STRUCT,1,6,963341,2222,0,0,11,5,35,13,10,29,5,16,bb512a3ef0db77c97656c90a9544f5958e4b52748f6a43bfdbc34ec450c82e91
W9_Q16,ALGSTRUCT,1,6,2631620,9241,0,8,18,1,19,304,4,4,1,19,44cdb1eb48242e36e60587a8e97fc1204f774ee018380c18a625f9abe3ce3ce8
W9_Q01,ALGSTRUCT,1,6,343794,3425,0,0,3,0,3,48,4,4,1,3,6e63c0dab5f8b29ef9d1440bcd3711746464b7521a4243c8d32e03504a6224d2
W5_Q04,STRUCT_R2,1,6,310810,1779,0,0,12,0,12,4,10,34,4,12,233b80e0525d1c617459998a8c1e1bc9855a2c2b10f43c6fd42648b8adae0248
W2_Q01,STRUCT_R1,1,6,273849,1278,1,0,3,1,5,2,5,14,4,4,2474f5c3c44c2292e8653ad95f4f21ec80fa6c72b730d7761807baa6c04c0270
W5_Q02,STRUCT_R1,1,6,227832,1573,0,0,6,0,6,2,6,18,4,6,e7741c936508103b2af3b934e316124eac7bac4773e716fb634bafee4047c0e4
W7_Q01,OFF,1,6,154370,1703,0,0,5,0,7,3,6,15,4,5,70f8123fffd2af37d12a00e22d9841098c66a489d4953aae174ab2cb5014e5d7
W8_Q32,STRUCT_R2,1,6,2797562,8500,0,1,45,2,120,195,11,169,63,47,257e33fe42ff72054f90b0755280d3b57f6dc95e0ff488350c7a08c8fa00e255
W7_Q04,STRUCT_R1,1,6,296312,1500,0,0,8,0,16,6,6,15,4,8,64eb05b2d681af147811cd64dc0e11be812cb48952e297a71fcf6d3c013ba4a0
W9_Q04,STRUCT,1,6,1104061,5612,0,0,6,2,10,160,4,4,1,8,a25fcd6d9b6930c5a5e472a5d4b9da9d0423cec22fe64a49a0e3364286ad6c7b
W2_Q16,STRUCT,1,6,979174,2241,0,0,18,2,52,18,6,15,4,20,f53a43e02a6f7be38b5d23a92cce7a6f0c7e7deac086e97841ea021c93a5a893
W6_Q04,STRUCT_R2,1,6,401865,1668,0,0,6,2,16,6,6,15,5,8,463695b346924b3ce3bfd76bc311a5cc5d47fb033482cc22912fc407e8f09fdf
W8_Q04,STRUCT_R2,1,6,1180839,5759,0,1,17,2,36,167,11,169,63,19,683043cf53c296ea0d43a0c383a5a5aa5dfae2adbc542c677c919239829da206
W5_Q08,STRUCT,1,6,527068,2870,0,0,24,0,24,8,18,66,4,24,1ec99f8159a9bf9f7216cbde66142ab941580d932ab53b67181d9941e08515a5
W5_Q16,STRUCT_R2,1,6,971175,4259,0,0,48,0,48,16,34,130,4,48,15f4ec0f61204d6ef15a655140c1c86c7248fc9deed8e4c09ef3081b8b94fb64
W4_Q02,STRUCT,1,6,688029,3926,0,0,10,2,20,68,8,77,31,12,c082fb0620ac05b05065135ca996c9564b57d8a79b47964aa54b86c16cd0659f
W5_Q02,OFF,1,6,158111,1628,0,0,6,0,6,2,6,18,4,6,e7741c936508103b2af3b934e316124eac7bac4773e716fb634bafee4047c0e4
W3_d2,OFF,1,6,780121,2148,0,0,11,5,35,13,10,29,5,16,bb512a3ef0db77c97656c90a9544f5958e4b52748f6a43bfdbc34ec450c82e91
W4_Q16,ALGSTRUCT,1,6,7110202,26277,16,0,66,1,115,529,21,510,31,67,c4cb6b036cc3a61a0d0502a6d94307b09dd7e159ba9b445a83ebed14f5c8ebe1
W3_d2,STRUCT_R1,1,6,970841,2334,9,0,11,3,24,11,8,27,5,14,b3a60a0bc9bb1633f8ca67743fa2b43eea5f58f8a512cbf173b181d8c20dfa68
W8_Q16,STRUCT,1,6,1828775,6686,0,0,29,2,72,179,11,169,63,31,75d1b16c15c201143eb0f00e84429326ead193544062ed0323b47e7914fd575d
W5_Q01,ALGSTRUCT,1,6,185980,1204,0,0,3,0,3,1,4,10,4,3,7528d1a80da7ce6bed6c3efbaad136c6b237adf54f46f512a5fe79019bfef2ec
W9_Q32,OFF,1,6,3447315,15611,0,0,34,0,96,1536,4,4,1,34,13dfd65212c03f91a3168cac28f16ba616ce21a6c4d7fb7bf5b25f0167fbc71b
W5_Q04,OFF,1,6,241275,2019,0,0,12,0,12,4,10,34,4,12,233b80e0525d1c617459998a8c1e1bc9855a2c2b10f43c6fd42648b8adae0248
W6_Q32,ALGSTRUCT,1,6,1935572,3148,0,0,34,2,100,34,6,15,5,36,e27ba2fd4a248e13e86f6fd51f6578ca7bbe37b27fb6c62f3d2e37c16ce58156
W8_Q16,OFF,1,6,1491671,6628,0,0,29,2,72,179,11,169,63,31,75d1b16c15c201143eb0f00e84429326ead193544062ed0323b47e7914fd575d
W7_Q16,OFF,1,6,478494,2371,0,0,20,0,52,18,6,15,4,20,352ecf90b67b0a72cf480d5f2990d3ea8f45c0a65a2644e7a858b4f181627dcb
W1,STRUCT_R1,1,6,279238,1204,1,0,3,1,5,2,5,14,4,4,ddbc64bc70e115337e04b3ee4eac0b96e81aea703c916cfeea2e2366190e3210
W2_Q08,OFF,1,6,447235,1926,0,0,10,2,28,10,6,15,4,12,e121069670786ba8fbe3100d624a17638d4611a34b02647058710f2e3db6a9c9
W5_Q04,STRUCT,1,6,311998,1999,0,0,12,0,12,4,10,34,4,12,233b80e0525d1c617459998a8c1e1bc9855a2c2b10f43c6fd42648b8adae0248
W4_Q32,STRUCT_R2,1,6,9618527,63259,0,0,130,2,260,1058,38,1007,31,132,068ad024181661f75503372002890dd704cd730c5fc591fd65590a6d532c145d
W8_Q16,ALGSTRUCT,1,6,2193568,6741,16,1,29,1,55,178,10,168,63,30,d68e12eaec95eadd08fb1ce8e6c0dcfc893de77e4c3d4f5a64bb4b4ee29b64b3
W5_Q02,ALGSTRUCT,1,6,229591,1314,0,0,6,0,6,2,6,18,4,6,e7741c936508103b2af3b934e316124eac7bac4773e716fb634bafee4047c0e4
W4_Q01,STRUCT_R2,1,6,444217,2500,0,0,6,2,12,35,7,46,31,8,c1c4e28384d704fc6572f4a795b1b9dcd23dd585446058743d09154ee63f83a5
W5_Q01,STRUCT_R2,1,6,184331,1334,0,0,3,0,3,1,4,10,4,3,7528d1a80da7ce6bed6c3efbaad136c6b237adf54f46f512a5fe79019bfef2ec
W2_Q02,ALGSTRUCT,1,6,331885,1371,2,0,4,1,7,3,5,14,4,5,d8adac9423435c6f23a5e314f4d31430db516714fee41508dcac1bc6af0e6f0c
W2_Q08,ALGSTRUCT,1,6,589957,1611,8,0,10,1,19,9,5,14,4,11,28ef291bdbdabd5779860a9dac095bdb774cc930b18dec6f9c7bf13df75550d2
W2_Q32,STRUCT_R1,1,6,2223642,3149,32,0,34,1,67,33,5,14,4,35,aa6152b6f2b2227ea71db0831b5f58d2dce2bdcb6db5c4bb5d1fb235d1201ed1
W8_Q04,STRUCT_R1,1,6,1296468,5389,4,0,17,1,31,166,10,168,63,18,1ff2b9471d9cd2dd9078b74afc728460463e46c3102cf6da6b805d7f73e4899a
W2_Q01,STRUCT,1,6,259089,1649,0,0,3,2,7,3,6,15,4,5,fb4f50a52888382fd35dda056767f1188dd59b0b7db5fbe2928a5afbf6bf9f5b
W3_d2,ALGSTRUCT,1,6,973232,1851,9,0,11,3,24,11,8,27,5,14,b3a60a0bc9bb1633f8ca67743fa2b43eea5f58f8a512cbf173b181d8c20dfa68
W8_Q32,STRUCT,1,6,2867840,8167,0,0,45,2,120,195,11,169,63,47,257e33fe42ff72054f90b0755280d3b57f6dc95e0ff488350c7a08c8fa00e255
W9_Q08,STRUCT_R2,1,6,1504557,6315,0,4,10,1,11,176,4,4,1,11,f0aee4c6a6b6511ecbc27f2fc4ef3f688cd044d5f143461208ceed4e1cea64ae
W8_Q08,STRUCT_R1,1,6,1619187,5944,8,0,21,1,39,170,10,168,63,22,dfb50a16d91192e00318e4ac61c06d5403d37554d2e61726115b9e5e96a90617
W4_Q32,ALGSTRUCT,1,6,18510654,54463,32,0,130,1,227,1057,37,1006,31,131,4a5be56a553c6df341c1f260562041444c20a964d5f4f3916c7966ddd0bae2e9
W9_Q08,ALGSTRUCT,1,6,1467262,6222,0,4,10,1,11,176,4,4,1,11,f0aee4c6a6b6511ecbc27f2fc4ef3f688cd044d5f143461208ceed4e1cea64ae
W8_Q01,STRUCT,1,6,991416,6166,0,0,14,2,27,164,11,169,63,16,7b06ec78e125033330eb86a638ef113771be6d17e66ade996d2cadaa30e562a7
W4_Q08,STRUCT_R2,1,6,2311310,14314,0,0,34,2,68,266,14,263,31,36,310b652f3a487a64261e67b69ca4bd659f7cd91c74be37afd64d6187457e8bdc
W8_Q08,STRUCT,1,6,1440800,6536,0,0,21,2,48,171,11,169,63,23,6202056e7f9106d89fc2c03650e5a38d69f704cc369ba9e689bf413e5f7173e1
W3_d3,STRUCT_R1,1,6,1399004,2092,10,0,12,5,29,13,11,43,8,17,16f1a8e88d7f920d91f3a177d0789d4761bf8768a0ac71ebce1f9f2282714954
W9_Q16,STRUCT,1,6,2749598,9946,0,0,18,2,22,352,4,4,1,20,ff9866380da95df98e4375770d21fe162b02c0b8b05b75e939b18d0d711c4c04
W7_Q32,ALGSTRUCT,1,6,1160358,3167,0,0,36,0,100,34,6,15,4,36,6bdf3735d7ed12e047353d97f7fd342934c808ba421573c6cd2474dd612f37b1
W6_Q16,STRUCT,1,6,975304,1945,0,0,18,2,52,18,6,15,5,20,bb0755604375307ff8e5fd09781b80b224d9ab98fa75fb51387fe44cb24e3726
W2_Q32,OFF,1,6,1542262,3536,0,0,34,2,100,34,6,15,4,36,ead1d2e3154b72c47159b745145cb82392c282dcdeeba0e877b2291c8ed45d37
W7_Q01,ALGSTRUCT,1,6,226202,1333,0,0,5,0,7,3,6,15,4,5,70f8123fffd2af37d12a00e22d9841098c66a489d4953aae174ab2cb5014e5d7
W4_Q16,STRUCT_R1,1,6,7080759,25851,16,0,66,1,115,529,21,510,31,67,c4cb6b036cc3a61a0d0502a6d94307b09dd7e159ba9b445a83ebed14f5c8ebe1
W7_Q16,STRUCT_R2,1,6,612160,2352,0,0,20,0,52,18,6,15,4,20,352ecf90b67b0a72cf480d5f2990d3ea8f45c0a65a2644e7a858b4f181627dcb
W6_Q02,STRUCT_R2,1,6,313569,1446,0,0,4,2,10,4,6,15,5,6,d26b7c6c44eb2ae1342ad0eacde318e4485f70f1e0c22f44dc171d7c0f11f2c5
W2_Q16,STRUCT_R2,1,6,983876,2391,0,0,18,2,52,18,6,15,4,20,f53a43e02a6f7be38b5d23a92cce7a6f0c7e7deac086e97841ea021c93a5a893
W7_Q02,ALGSTRUCT,1,6,252829,1279,0,0,6,0,10,4,6,15,4,6,b1d2efac79748ca32ad60ca241d894721be3c3795c13e31e47e01dad1cb5a5f1
W2_Q04,STRUCT_R1,1,6,411421,1334,4,0,6,1,11,5,5,14,4,7,e3e1c95caf3c6465ad04568b51f69fe26be853a4ad44521756f63edd123351f8
W9_Q32,ALGSTRUCT,1,6,5040224,12241,0,16,34,1,35,560,4,4,1,35,678046e55883cc9fe207429daab5f5da66bcc2178ee01574697097ddff7f102c
W9_Q02,STRUCT,1,6,475774,4832,0,0,4,0,6,96,4,4,1,4,f59554bf6b558dac39020afcdc9d3261e3c200f0f612cb6818827b31bbda0408
W8_Q01,OFF,1,6,790805,5797,0,0,14,2,27,164,11,169,63,16,7b06ec78e125033330eb86a638ef113771be6d17e66ade996d2cadaa30e562a7
W8_Q32,STRUCT_R1,1,6,3844773,8315,32,0,45,1,87,194,10,168,63,46,45e69b1796e998f7df6d485c516cc0751375b53ec01f0a7673d473a9ec217a0e
W6_Q16,ALGSTRUCT,1,6,1016378,2537,0,0,18,2,52,18,6,15,5,20,bb0755604375307ff8e5fd09781b80b224d9ab98fa75fb51387fe44cb24e3726
W8_Q04,ALGSTRUCT,1,6,1296597,5111,4,1,17,1,31,166,10,168,63,18,1ff2b9471d9cd2dd9078b74afc728460463e46c3102cf6da6b805d7f73e4899a
W5_Q32,STRUCT,1,6,1992867,10130,0,0,96,0,96,32,66,258,4,96,ad908136f049b66ae4b1e1c3f252d7a2ebead009fab3f7177d4babd24fcbec6a
W1,STRUCT,1,6,264516,1629,0,0,3,2,7,3,6,15,4,5,4b26ed307e0166f8d1fa59ea1e874899e41c5fd882be9ef62f84eb3685bb70b7
W9_Q08,STRUCT_R1,1,6,1575909,6796,0,0,10,2,14,224,4,4,1,12,4c97cc82f3dbf6bc2a6de325d199b0cb65ffca732846069f84ea5618bb19fcfd
W2_Q08,STRUCT_R2,1,6,573457,1629,0,0,10,2,28,10,6,15,4,12,e121069670786ba8fbe3100d624a17638d4611a34b02647058710f2e3db6a9c9
W9_Q02,ALGSTRUCT,1,6,641642,5277,0,1,4,1,5,80,4,4,1,5,a250745debd6fd7cf3585f94dfa2ad7178c8b7c572e5ce15f0467c48475c0e9a
W6_Q02,STRUCT_R1,1,6,317904,1685,0,0,4,2,10,4,6,15,5,6,d26b7c6c44eb2ae1342ad0eacde318e4485f70f1e0c22f44dc171d7c0f11f2c5
W6_Q16,STRUCT_R1,1,6,1001490,2481,0,0,18,2,52,18,6,15,5,20,bb0755604375307ff8e5fd09781b80b224d9ab98fa75fb51387fe44cb24e3726
W2_Q04,OFF,1,6,310756,1815,0,0,6,2,16,6,6,15,4,8,b8312387bf162a1452336c9e9e40ef1298c4a5b22cc87b54f4215f6e91104b3c
W2_Q08,STRUCT,1,6,570253,1945,0,0,10,2,28,10,6,15,4,12,e121069670786ba8fbe3100d624a17638d4611a34b02647058710f2e3db6a9c9
W7_Q08,STRUCT_R1,1,6,414346,1724,0,0,12,0,28,10,6,15,4,12,d13ad2add4e1d9cb21c441a8963ffbcf5f462a05d4f61331fa56b7c117fe58d1
W2_Q02,STRUCT,1,6,324811,1741,0,0,4,2,10,4,6,15,4,6,002b88cffa362a25f201c7342c0d49bad4cd7fb10998ad8823a39c11beee6d88
W2_Q08,STRUCT_R1,1,6,574531,1944,8,0,10,1,19,9,5,14,4,11,28ef291bdbdabd5779860a9dac095bdb774cc930b18dec6f9c7bf13df75550d2
W6_Q08,STRUCT_R2,1,6,573179,2222,0,0,10,2,28,10,6,15,5,12,0d426ef82e54bf37e16bebf86ad11b160059eb28202264ca816d50ab17a2aa06
W7_Q16,STRUCT_R1,1,6,620475,2277,0,0,20,0,52,18,6,15,4,20,352ecf90b67b0a72cf480d5f2990d3ea8f45c0a65a2644e7a858b4f181627dcb
W2_Q04,ALGSTRUCT,1,6,413310,1501,4,0,6,1,11,5,5,14,4,7,e3e1c95caf3c6465ad04568b51f69fe26be853a4ad44521756f63edd123351f8
W4_Q04,OFF,1,6,1054952,6759,0,0,18,2,36,134,10,139,31,20,fd25718cb278dfe33c1131161ba4977814e08de24bd73801325a42bf895b4b90
W5_Q04,STRUCT_R1,1,6,315274,1833,0,0,12,0,12,4,10,34,4,12,233b80e0525d1c617459998a8c1e1bc9855a2c2b10f43c6fd42648b8adae0248
W7_Q01,STRUCT,1,6,218497,1445,0,0,5,0,7,3,6,15,4,5,70f8123fffd2af37d12a00e22d9841098c66a489d4953aae174ab2cb5014e5d7
W9_Q01,STRUCT,1,6,345607,3778,0,0,3,0,3,48,4,4,1,3,6e63c0dab5f8b29ef9d1440bcd3711746464b7521a4243c8d32e03504a6224d2
W5_Q16,OFF,1,6,844658,4222,0,0,48,0,48,16,34,130,4,48,15f4ec0f61204d6ef15a655140c1c86c7248fc9deed8e4c09ef3081b8b94fb64
W7_Q02,STRUCT_R1,1,6,249442,1259,0,0,6,0,10,4,6,15,4,6,b1d2efac79748ca32ad60ca241d894721be3c3795c13e31e47e01dad1cb5a5f1
W5_Q16,STRUCT,1,6,1016543,4557,0,0,48,0,48,16,34,130,4,48,15f4ec0f61204d6ef15a655140c1c86c7248fc9deed8e4c09ef3081b8b94fb64
W2_Q01,ALGSTRUCT,1,6,278236,1298,1,0,3,1,5,2,5,14,4,4,2474f5c3c44c2292e8653ad95f4f21ec80fa6c72b730d7761807baa6c04c0270
W7_Q32,STRUCT_R1,1,6,1162747,3370,0,0,36,0,100,34,6,15,4,36,6bdf3735d7ed12e047353d97f7fd342934c808ba421573c6cd2474dd612f37b1
W9_Q08,OFF,1,6,897231,5500,0,0,10,0,24,384,4,4,1,10,ae43d04dfb0cf7afbfdc83558714cd1da89c64e7c6d49325a19de9764156762a
W3_d1,ALGSTRUCT,1,6,591513,1555,8,0,10,1,19,9,5,14,4,11,51eaee63f5c885c3fa7e71093e89c7ff61bea1c09d51d95c588c39ddf452f383
W4_Q01,OFF,1,6,358887,2665,0,0,6,2,12,35,7,46,31,8,c1c4e28384d704fc6572f4a795b1b9dcd23dd585446058743d09154ee63f83a5
W4_Q02,STRUCT_R2,1,6,689048,4037,0,0,10,2,20,68,8,77,31,12,c082fb0620ac05b05065135ca996c9564b57d8a79b47964aa54b86c16cd0659f
W6_Q08,STRUCT,1,6,570900,1945,0,0,10,2,28,10,6,15,5,12,0d426ef82e54bf37e16bebf86ad11b160059eb28202264ca816d50ab17a2aa06
W7_Q04,STRUCT_R2,1,6,288774,1723,0,0,8,0,16,6,6,15,4,8,64eb05b2d681af147811cd64dc0e11be812cb48952e297a71fcf6d3c013ba4a0
W9_Q16,STRUCT_R1,1,6,2736804,8889,0,0,18,2,22,352,4,4,1,20,ff9866380da95df98e4375770d21fe162b02c0b8b05b75e939b18d0d711c4c04
W2_Q16,STRUCT_R1,1,6,1036045,2481,16,0,18,1,35,17,5,14,4,19,6874ea3fe8a08c7af5d8752f9a4557e5d01bc066a937913a1e427661cbb540c4
W2_Q04,STRUCT_R2,1,6,401237,1870,0,0,6,2,16,6,6,15,4,8,b8312387bf162a1452336c9e9e40ef1298c4a5b22cc87b54f4215f6e91104b3c
W8_Q01,STRUCT_R1,1,6,1092155,6111,1,0,14,1,25,163,10,168,63,15,fdd35fe24122be542f9944d55e73c67d2cd28afd3fd1ff25e723a080e5d2dad8
W4_Q04,STRUCT,1,6,1235784,6888,0,0,18,2,36,134,10,139,31,20,fd25718cb278dfe33c1131161ba4977814e08de24bd73801325a42bf895b4b90
W2_Q16,ALGSTRUCT,1,6,1056451,2241,16,0,18,1,35,17,5,14,4,19,6874ea3fe8a08c7af5d8752f9a4557e5d01bc066a937913a1e427661cbb540c4
W7_Q02,STRUCT_R2,1,6,241460,1908,0,0,6,0,10,4,6,15,4,6,b1d2efac79748ca32ad60ca241d894721be3c3795c13e31e47e01dad1cb5a5f1
W8_Q08,ALGSTRUCT,1,6,1623391,5814,8,1,21,1,39,170,10,168,63,22,dfb50a16d91192e00318e4ac61c06d5403d37554d2e61726115b9e5e96a90617
W9_Q02,STRUCT_R2,1,6,629622,3890,0,1,4,1,5,80,4,4,1,5,a250745debd6fd7cf3585f94dfa2ad7178c8b7c572e5ce15f0467c48475c0e9a
W2_Q32,ALGSTRUCT,1,6,2249679,3852,32,0,34,1,67,33,5,14,4,35,aa6152b6f2b2227ea71db0831b5f58d2dce2bdcb6db5c4bb5d1fb235d1201ed1
W5_Q01,OFF,1,6,126074,1814,0,0,3,0,3,1,4,10,4,3,7528d1a80da7ce6bed6c3efbaad136c6b237adf54f46f512a5fe79019bfef2ec
W5_Q08,STRUCT_R1,1,6,537883,2445,0,0,24,0,24,8,18,66,4,24,1ec99f8159a9bf9f7216cbde66142ab941580d932ab53b67181d9941e08515a5
W6_Q08,STRUCT_R1,1,6,582030,1667,0,0,10,2,28,10,6,15,5,12,0d426ef82e54bf37e16bebf86ad11b160059eb28202264ca816d50ab17a2aa06
W2_Q04,STRUCT_R2,2,6,409070,1741,0,0,6,2,16,6,6,15,4,8,b8312387bf162a1452336c9e9e40ef1298c4a5b22cc87b54f4215f6e91104b3c
W3_d1,OFF,2,6,450810,2388,0,0,10,2,28,10,6,15,4,12,a54c74b256ab2c5cf00e4072ff680215ee9ddba8ea28d33e07bfd46dd0370227
W4_Q04,OFF,2,6,1053709,5872,0,0,18,2,36,134,10,139,31,20,fd25718cb278dfe33c1131161ba4977814e08de24bd73801325a42bf895b4b90
W7_Q16,STRUCT,2,6,618105,2129,0,0,20,0,52,18,6,15,4,20,352ecf90b67b0a72cf480d5f2990d3ea8f45c0a65a2644e7a858b4f181627dcb
W3_d3,ALGSTRUCT,2,6,1394208,2574,10,0,12,5,29,13,11,43,8,17,16f1a8e88d7f920d91f3a177d0789d4761bf8768a0ac71ebce1f9f2282714954
W6_Q02,STRUCT_R2,2,6,308940,1650,0,0,4,2,10,4,6,15,5,6,d26b7c6c44eb2ae1342ad0eacde318e4485f70f1e0c22f44dc171d7c0f11f2c5
W2_Q01,ALGSTRUCT,2,6,275219,1685,1,0,3,1,5,2,5,14,4,4,2474f5c3c44c2292e8653ad95f4f21ec80fa6c72b730d7761807baa6c04c0270
W8_Q04,STRUCT_R1,2,6,1307189,5631,4,0,17,1,31,166,10,168,63,18,1ff2b9471d9cd2dd9078b74afc728460463e46c3102cf6da6b805d7f73e4899a
W7_Q32,STRUCT_R1,2,6,1149692,3037,0,0,36,0,100,34,6,15,4,36,6bdf3735d7ed12e047353d97f7fd342934c808ba421573c6cd2474dd612f37b1
W9_Q16,STRUCT_R2,2,6,2678379,9130,0,8,18,1,19,304,4,4,1,19,44cdb1eb48242e36e60587a8e97fc1204f774ee018380c18a625f9abe3ce3ce8
W8_Q02,OFF,2,6,828158,5222,0,0,15,2,30,165,11,169,63,17,ab8e72a97eeddaf640fa9d87846837b35913b3b9a7916818e4653a499fd7cc9a
W9_Q32,OFF,2,6,3412724,15906,0,0,34,0,96,1536,4,4,1,34,13dfd65212c03f91a3168cac28f16ba616ce21a6c4d7fb7bf5b25f0167fbc71b
W4_Q32,OFF,2,6,8431929,68832,0,0,130,2,260,1058,38,1007,31,132,068ad024181661f75503372002890dd704cd730c5fc591fd65590a6d532c145d
W7_Q02,ALGSTRUCT,2,6,250645,1353,0,0,6,0,10,4,6,15,4,6,b1d2efac79748ca32ad60ca241d894721be3c3795c13e31e47e01dad1cb5a5f1
W9_Q02,ALGSTRUCT,2,6,634214,3983,0,1,4,1,5,80,4,4,1,5,a250745debd6fd7cf3585f94dfa2ad7178c8b7c572e5ce15f0467c48475c0e9a
W3_d1,ALGSTRUCT,2,6,583290,1518,8,0,10,1,19,9,5,14,4,11,51eaee63f5c885c3fa7e71093e89c7ff61bea1c09d51d95c588c39ddf452f383
W5_Q08,OFF,2,6,451792,3185,0,0,24,0,24,8,18,66,4,24,1ec99f8159a9bf9f7216cbde66142ab941580d932ab53b67181d9941e08515a5
W7_Q04,STRUCT_R1,2,6,292681,1519,0,0,8,0,16,6,6,15,4,8,64eb05b2d681af147811cd64dc0e11be812cb48952e297a71fcf6d3c013ba4a0
W5_Q04,STRUCT,2,6,316199,1742,0,0,12,0,12,4,10,34,4,12,233b80e0525d1c617459998a8c1e1bc9855a2c2b10f43c6fd42648b8adae0248
W4_Q16,STRUCT_R2,2,6,4703431,26593,0,0,66,2,132,530,22,511,31,68,7fbae5656c303ca065341c5db14fa3ef41fb196c82f59bb1c789e1f7b78b0f7a
W7_Q16,STRUCT_R2,2,6,616344,2038,0,0,20,0,52,18,6,15,4,20,352ecf90b67b0a72cf480d5f2990d3ea8f45c0a65a2644e7a858b4f181627dcb
W7_Q01,ALGSTRUCT,2,6,226127,1371,0,0,5,0,7,3,6,15,4,5,70f8123fffd2af37d12a00e22d9841098c66a489d4953aae174ab2cb5014e5d7
W4_Q32,STRUCT,2,6,9816025,75425,0,0,130,2,260,1058,38,1007,31,132,068ad024181661f75503372002890dd704cd730c5fc591fd65590a6d532c145d
W8_Q08,STRUCT_R2,2,6,1442392,6352,0,1,21,2,48,171,11,169,63,23,6202056e7f9106d89fc2c03650e5a38d69f704cc369ba9e689bf413e5f7173e1
W8_Q01,STRUCT_R2,2,6,1005305,5425,0,1,14,2,27,164,11,169,63,16,7b06ec78e125033330eb86a638ef113771be6d17e66ade996d2cadaa30e562a7
W5_Q02,STRUCT_R2,2,6,218181,1742,0,0,6,0,6,2,6,18,4,6,e7741c936508103b2af3b934e316124eac7bac4773e716fb634bafee4047c0e4
W3_d1,STRUCT_R1,2,6,591902,1740,8,0,10,1,19,9,5,14,4,11,51eaee63f5c885c3fa7e71093e89c7ff61bea1c09d51d95c588c39ddf452f383
W8_Q02,STRUCT_R2,2,6,1050489,5685,0,1,15,2,30,165,11,169,63,17,ab8e72a97eeddaf640fa9d87846837b35913b3b9a7916818e4653a499fd7cc9a
W7_Q04,STRUCT_R2,2,6,288588,1538,0,0,8,0,16,6,6,15,4,8,64eb05b2d681af147811cd64dc0e11be812cb48952e297a71fcf6d3c013ba4a0
W2_Q02,OFF,2,6,246184,1684,0,0,4,2,10,4,6,15,4,6,002b88cffa362a25f201c7342c0d49bad4cd7fb10998ad8823a39c11beee6d88
W5_Q01,OFF,2,6,123869,1555,0,0,3,0,3,1,4,10,4,3,7528d1a80da7ce6bed6c3efbaad136c6b237adf54f46f512a5fe79019bfef2ec
W7_Q08,OFF,2,6,291682,1834,0,0,12,0,28,10,6,15,4,12,d13ad2add4e1d9cb21c441a8963ffbcf5f462a05d4f61331fa56b7c117fe58d1
W8_Q32,ALGSTRUCT,2,6,4003345,8093,32,1,45,1,87,194,10,168,63,46,45e69b1796e998f7df6d485c516cc0751375b53ec01f0a7673d473a9ec217a0e
W7_Q01,OFF,2,6,154053,1871,0,0,5,0,7,3,6,15,4,5,70f8123fffd2af37d12a00e22d9841098c66a489d4953aae174ab2cb5014e5d7
W4_Q04,STRUCT,2,6,1250266,7221,0,0,18,2,36,134,10,139,31,20,fd25718cb278dfe33c1131161ba4977814e08de24bd73801325a42bf895b4b90
W4_Q32,ALGSTRUCT,2,6,18710541,52944,32,0,130,1,227,1057,37,1006,31,131,4a5be56a553c6df341c1f260562041444c20a964d5f4f3916c7966ddd0bae2e9
W9_Q01,OFF,2,6,227870,3702,0,0,3,0,3,48,4,4,1,3,6e63c0dab5f8b29ef9d1440bcd3711746464b7521a4243c8d32e03504a6224d2
W6_Q04,STRUCT_R2,2,6,398237,1759,0,0,6,2,16,6,6,15,5,8,463695b346924b3ce3bfd76bc311a5cc5d47fb033482cc22912fc407e8f09fdf
W5_Q32,OFF,2,6,1769129,10185,0,0,96,0,96,32,66,258,4,96,ad908136f049b66ae4b1e1c3f252d7a2ebead009fab3f7177d4babd24fcbec6a
W8_Q02,STRUCT,2,6,1057045,5628,0,0,15,2,30,165,11,169,63,17,ab8e72a97eeddaf640fa9d87846837b35913b3b9a7916818e4653a499fd7cc9a
W6_Q32,STRUCT_R2,2,6,1917553,3426,0,0,34,2,100,34,6,15,5,36,e27ba2fd4a248e13e86f6fd51f6578ca7bbe37b27fb6c62f3d2e37c16ce58156
W5_Q01,STRUCT,2,6,180924,1537,0,0,3,0,3,1,4,10,4,3,7528d1a80da7ce6bed6c3efbaad136c6b237adf54f46f512a5fe79019bfef2ec
W5_Q16,STRUCT_R2,2,6,979027,5869,0,0,48,0,48,16,34,130,4,48,15f4ec0f61204d6ef15a655140c1c86c7248fc9deed8e4c09ef3081b8b94fb64
W7_Q32,STRUCT,2,6,1107803,3314,0,0,36,0,100,34,6,15,4,36,6bdf3735d7ed12e047353d97f7fd342934c808ba421573c6cd2474dd612f37b1
W9_Q16,OFF,2,6,1728537,9852,0,0,18,0,48,768,4,4,1,18,43b7f4efcb619e6e3fc5fc66e7827f4bb8130a24a5905f5ce4efe6114dbfdbd3
W4_Q04,STRUCT_R2,2,6,1239413,7388,0,0,18,2,36,134,10,139,31,20,fd25718cb278dfe33c1131161ba4977814e08de24bd73801325a42bf895b4b90
W6_Q08,STRUCT_R2,2,6,574290,2000,0,0,10,2,28,10,6,15,5,12,0d426ef82e54bf37e16bebf86ad11b160059eb28202264ca816d50ab17a2aa06
W1,ALGSTRUCT,2,6,281664,1462,1,0,3,1,5,2,5,14,4,4,ddbc64bc70e115337e04b3ee4eac0b96e81aea703c916cfeea2e2366190e3210
W9_Q01,STRUCT_R1,2,6,342070,3500,0,0,3,0,3,48,4,4,1,3,6e63c0dab5f8b29ef9d1440bcd3711746464b7521a4243c8d32e03504a6224d2
W2_Q04,ALGSTRUCT,2,6,418348,1389,4,0,6,1,11,5,5,14,4,7,e3e1c95caf3c6465ad04568b51f69fe26be853a4ad44521756f63edd123351f8
W8_Q02,ALGSTRUCT,2,6,1152675,5369,2,1,15,1,27,164,10,168,63,16,652ea2e2db2a8b59e1a2373d0aa09bb6194a7176cb3cd104297a14f7ef235e6b
W7_Q16,STRUCT_R1,2,6,634084,2075,0,0,20,0,52,18,6,15,4,20,352ecf90b67b0a72cf480d5f2990d3ea8f45c0a65a2644e7a858b4f181627dcb
W2_Q04,STRUCT,2,6,397847,1797,0,0,6,2,16,6,6,15,4,8,b8312387bf162a1452336c9e9e40ef1298c4a5b22cc87b54f4215f6e91104b3c
W5_Q08,STRUCT_R2,2,6,524699,2758,0,0,24,0,24,8,18,66,4,24,1ec99f8159a9bf9f7216cbde66142ab941580d932ab53b67181d9941e08515a5
W2_Q08,STRUCT_R2,2,6,574642,2296,0,0,10,2,28,10,6,15,4,12,e121069670786ba8fbe3100d624a17638d4611a34b02647058710f2e3db6a9c9
W6_Q32,OFF,2,6,1550373,3073,0,0,34,2,100,34,6,15,5,36,e27ba2fd4a248e13e86f6fd51f6578ca7bbe37b27fb6c62f3d2e37c16ce58156
W7_Q08,STRUCT_R1,2,6,412885,1629,0,0,12,0,28,10,6,15,4,12,d13ad2add4e1d9cb21c441a8963ffbcf5f462a05d4f61331fa56b7c117fe58d1
W3_d3,STRUCT_R1,2,6,1391928,2316,10,0,12,5,29,13,11,43,8,17,16f1a8e88d7f920d91f3a177d0789d4761bf8768a0ac71ebce1f9f2282714954
W9_Q04,STRUCT_R1,2,6,1099712,4851,0,0,6,2,10,160,4,4,1,8,a25fcd6d9b6930c5a5e472a5d4b9da9d0423cec22fe64a49a0e3364286ad6c7b
W2_Q08,STRUCT,2,6,567402,1963,0,0,10,2,28,10,6,15,4,12,e121069670786ba8fbe3100d624a17638d4611a34b02647058710f2e3db6a9c9
W9_Q01,STRUCT,2,6,342015,3648,0,0,3,0,3,48,4,4,1,3,6e63c0dab5f8b29ef9d1440bcd3711746464b7521a4243c8d32e03504a6224d2
W4_Q32,STRUCT_R1,2,6,18380840,52908,32,0,130,1,227,1057,37,1006,31,131,4a5be56a553c6df341c1f260562041444c20a964d5f4f3916c7966ddd0bae2e9
W8_Q04,STRUCT,2,6,1188228,6204,0,0,17,2,36,167,11,169,63,19,683043cf53c296ea0d43a0c383a5a5aa5dfae2adbc542c677c919239829da206
W5_Q08,STRUCT,2,6,521309,2463,0,0,24,0,24,8,18,66,4,24,1ec99f8159a9bf9f7216cbde66142ab941580d932ab53b67181d9941e08515a5
W2_Q16,OFF,2,6,803361,2723,0,0,18,2,52,18,6,15,4,20,f53a43e02a6f7be38b5d23a92cce7a6f0c7e7deac086e97841ea021c93a5a893
W3_d1,STRUCT_R2,2,6,573735,2037,0,0,10,2,28,10,6,15,4,12,a54c74b256ab2c5cf00e4072ff680215ee9ddba8ea28d33e07bfd46dd0370227
W6_Q01,STRUCT_R2,2,6,262701,1500,0,0,3,2,7,3,6,15,5,5,ef852aa19070a90d167a6fc211683b2bbb6401671f4212d90e23806d1620b62f
W9_Q16,ALGSTRUCT,2,6,2612842,9500,0,8,18,1,19,304,4,4,1,19,44cdb1eb48242e36e60587a8e97fc1204f774ee018380c18a625f9abe3ce3ce8
W8_Q01,ALGSTRUCT,2,6,1091710,5982,1,1,14,1,25,163,10,168,63,15,fdd35fe24122be542f9944d55e73c67d2cd28afd3fd1ff25e723a080e5d2dad8
W9_Q04,STRUCT,2,6,1106118,5944,0,0,6,2,10,160,4,4,1,8,a25fcd6d9b6930c5a5e472a5d4b9da9d0423cec22fe64a49a0e3364286ad6c7b
W5_Q08,ALGSTRUCT,2,6,543290,2278,0,0,24,0,24,8,18,66,4,24,1ec99f8159a9bf9f7216cbde66142ab941580d932ab53b67181d9941e08515a5
W6_Q08,OFF,2,6,448717,2074,0,0,10,2,28,10,6,15,5,12,0d426ef82e54bf37e16bebf86ad11b160059eb28202264ca816d50ab17a2aa06
W9_Q32,STRUCT_R1,2,6,5206647,12890,0,0,34,2,38,608,4,4,1,36,f9b4de382a62f7ddf0ae716d829e6d3204b079918eba11b5d003aed0f308e9a0
W9_Q08,STRUCT_R2,2,6,1460335,6964,0,4,10,1,11,176,4,4,1,11,f0aee4c6a6b6511ecbc27f2fc4ef3f688cd044d5f143461208ceed4e1cea64ae
W7_Q02,STRUCT,2,6,247422,1519,0,0,6,0,10,4,6,15,4,6,b1d2efac79748ca32ad60ca241d894721be3c3795c13e31e47e01dad1cb5a5f1
W8_Q04,OFF,2,6,952175,5797,0,0,17,2,36,167,11,169,63,19,683043cf53c296ea0d43a0c383a5a5aa5dfae2adbc542c677c919239829da206
W4_Q16,STRUCT_R1,2,6,7059147,26389,16,0,66,1,115,529,21,510,31,67,c4cb6b036cc3a61a0d0502a6d94307b09dd7e159ba9b445a83ebed14f5c8ebe1
W5_Q01,ALGSTRUCT,2,6,186553,1130,0,0,3,0,3,1,4,10,4,3,7528d1a80da7ce6bed6c3efbaad136c6b237adf54f46f512a5fe79019bfef2ec
W4_Q08,OFF,2,6,1970312,13278,0,0,34,2,68,266,14,263,31,36,310b652f3a487a64261e67b69ca4bd659f7cd91c74be37afd64d6187457e8bdc
W8_Q16,STRUCT_R2,2,6,1837219,6816,0,1,29,2,72,179,11,169,63,31,75d1b16c15c201143eb0f00e84429326ead193544062ed0323b47e7914fd575d
W1,OFF,2,6,193127,1593,0,0,3,2,7,3,6,15,4,5,4b26ed307e0166f8d1fa59ea1e874899e41c5fd882be9ef62f84eb3685bb70b7
W9_Q08,ALGSTRUCT,2,6,1464540,6185,0,4,10,1,11,176,4,4,1,11,f0aee4c6a6b6511ecbc27f2fc4ef3f688cd044d5f143461208ceed4e1cea64ae
W9_Q08,STRUCT,2,6,1565983,6500,0,0,10,2,14,224,4,4,1,12,4c97cc82f3dbf6bc2a6de325d199b0cb65ffca732846069f84ea5618bb19fcfd
W6_Q32,STRUCT,2,6,1874165,3426,0,0,34,2,100,34,6,15,5,36,e27ba2fd4a248e13e86f6fd51f6578ca7bbe37b27fb6c62f3d2e37c16ce58156
W7_Q08,STRUCT_R2,2,6,401218,1871,0,0,12,0,28,10,6,15,4,12,d13ad2add4e1d9cb21c441a8963ffbcf5f462a05d4f61331fa56b7c117fe58d1
W2_Q08,STRUCT_R1,2,6,576439,1518,8,0,10,1,19,9,5,14,4,11,28ef291bdbdabd5779860a9dac095bdb774cc930b18dec6f9c7bf13df75550d2
W7_Q04,OFF,2,6,210406,1851,0,0,8,0,16,6,6,15,4,8,64eb05b2d681af147811cd64dc0e11be812cb48952e297a71fcf6d3c013ba4a0
W4_Q32,STRUCT_R2,2,6,9786989,77887,0,0,130,2,260,1058,38,1007,31,132,068ad024181661f75503372002890dd704cd730c5fc591fd65590a6d532c145d
W6_Q16,OFF,2,6,791881,2555,0,0,18,2,52,18,6,15,5,20,bb0755604375307ff8e5fd09781b80b224d9ab98fa75fb51387fe44cb24e3726
W6_Q08,ALGSTRUCT,2,6,587216,1611,0,0,10,2,28,10,6,15,5,12,0d426ef82e54bf37e16bebf86ad11b160059eb28202264ca816d50ab17a2aa06
W6_Q01,OFF,2,6,193943,1666,0,0,3,2,7,3,6,15,5,5,ef852aa19070a90d167a6fc211683b2bbb6401671f4212d90e23806d1620b62f
W3_d3,STRUCT,2,6,1399504,2370,0,0,12,8,42,16,14,46,8,20,d0de00aa950042ce2df3a1aacd87b83395b88f62201b4b0ee4f6f67dba5bbb2b
W3_d2,OFF,2,6,776306,2371,0,0,11,5,35,13,10,29,5,16,bb512a3ef0db77c97656c90a9544f5958e4b52748f6a43bfdbc34ec450c82e91
W2_Q08,OFF,2,6,455290,2075,0,0,10,2,28,10,6,15,4,12,e121069670786ba8fbe3100d624a17638d4611a34b02647058710f2e3db6a9c9
W8_Q04,STRUCT_R2,2,6,1166840,5407,0,1,17,2,36,167,11,169,63,19,683043cf53c296ea0d43a0c383a5a5aa5dfae2adbc542c677c919239829da206
W7_Q01,STRUCT_R2,2,6,217793,1667,0,0,5,0,7,3,6,15,4,5,70f8123fffd2af37d12a00e22d9841098c66a489d4953aae174ab2cb5014e5d7
W9_Q32,STRUCT_R2,2,6,5045706,12777,0,16,34,1,35,560,4,4,1,35,678046e55883cc9fe207429daab5f5da66bcc2178ee01574697097ddff7f102c
W4_Q04,STRUCT_R1,2,6,1449911,7037,4,0,18,1,31,133,9,138,31,19,fc880fdc081349aa9e95db821628814a11fa6271dfea15fd511d230a5fbbf819
W4_Q08,STRUCT_R2,2,6,2295789,13149,0,0,34,2,68,266,14,263,31,36,310b652f3a487a64261e67b69ca4bd659f7cd91c74be37afd64d6187457e8bdc
W5_Q01,STRUCT_R1,2,6,184738,1130,0,0,3,0,3,1,4,10,4,3,7528d1a80da7ce6bed6c3efbaad136c6b237adf54f46f512a5fe79019bfef2ec
W8_Q08,STRUCT_R1,2,6,1617537,5575,8,0,21,1,39,170,10,168,63,22,dfb50a16d91192e00318e4ac61c06d5403d37554d2e61726115b9e5e96a90617
W6_Q02,ALGSTRUCT,2,6,320219,1278,0,0,4,2,10,4,6,15,5,6,d26b7c6c44eb2ae1342ad0eacde318e4485f70f1e0c22f44dc171d7c0f11f2c5
W9_Q04,OFF,2,6,601124,6259,0,0,6,0,12,192,4,4,1,6,6dad93323aff1013501fa90b58e0e48741ec6d807386799264c78a900e9e11d0
W7_Q32,OFF,2,6,883214,3129,0,0,36,0,100,34,6,15,4,36,6bdf3735d7ed12e047353d97f7fd342934c808ba421573c6cd2474dd612f37b1
W6_Q04,ALGSTRUCT,2,6,412811,1425,0,0,6,2,16,6,6,15,5,8,463695b346924b3ce3bfd76bc311a5cc5d47fb033482cc22912fc407e8f09fdf
W4_Q02,STRUCT,2,6,688011,4222,0,0,10,2,20,68,8,77,31,12,c082fb0620ac05b05065135ca996c9564b57d8a79b47964aa54b86c16cd0659f
W2_Q32,STRUCT_R2,2,6,1848369,3278,0,0,34,2,100,34,6,15,4,36,ead1d2e3154b72c47159b745145cb82392c282dcdeeba0e877b2291c8ed45d37
W4_Q04,ALGSTRUCT,2,6,1469836,6852,4,0,18,1,31,133,9,138,31,19,fc880fdc081349aa9e95db821628814a11fa6271dfea15fd511d230a5fbbf819
W5_Q02,ALGSTRUCT,2,6,227740,1369,0,0,6,0,6,2,6,18,4,6,e7741c936508103b2af3b934e316124eac7bac4773e716fb634bafee4047c0e4
W2_Q32,ALGSTRUCT,2,6,2239214,3058,32,0,34,1,67,33,5,14,4,35,aa6152b6f2b2227ea71db0831b5f58d2dce2bdcb6db5c4bb5d1fb235d1201ed1
W8_Q08,OFF,2,6,1163062,5833,0,0,21,2,48,171,11,169,63,23,6202056e7f9106d89fc2c03650e5a38d69f704cc369ba9e689bf413e5f7173e1
W9_Q08,OFF,2,6,900269,5759,0,0,10,0,24,384,4,4,1,10,ae43d04dfb0cf7afbfdc83558714cd1da89c64e7c6d49325a19de9764156762a
W5_Q16,STRUCT_R1,2,6,1002564,4444,0,0,48,0,48,16,34,130,4,48,15f4ec0f61204d6ef15a655140c1c86c7248fc9deed8e4c09ef3081b8b94fb64
W8_Q01,STRUCT_R1,2,6,1084859,5518,1,0,14,1,25,163,10,168,63,15,fdd35fe24122be542f9944d55e73c67d2cd28afd3fd1ff25e723a080e5d2dad8
W6_Q16,STRUCT_R2,2,6,979212,2315,0,0,18,2,52,18,6,15,5,20,bb0755604375307ff8e5fd09781b80b224d9ab98fa75fb51387fe44cb24e3726
W4_Q01,STRUCT_R2,2,6,444052,2555,0,0,6,2,12,35,7,46,31,8,c1c4e28384d704fc6572f4a795b1b9dcd23dd585446058743d09154ee63f83a5
W7_Q32,ALGSTRUCT,2,6,1156268,3109,0,0,36,0,100,34,6,15,4,36,6bdf3735d7ed12e047353d97f7fd342934c808ba421573c6cd2474dd612f37b1
W1,STRUCT_R1,2,6,271850,1610,1,0,3,1,5,2,5,14,4,4,ddbc64bc70e115337e04b3ee4eac0b96e81aea703c916cfeea2e2366190e3210
W8_Q32,STRUCT,2,6,2811637,8389,0,0,45,2,120,195,11,169,63,47,257e33fe42ff72054f90b0755280d3b57f6dc95e0ff488350c7a08c8fa00e255
W4_Q08,STRUCT_R1,2,6,2942562,13111,8,0,34,1,59,265,13,262,31,35,0d7db8d8f19881c77c6e7cd19e1f9d024ea9973fae56dbdbc00db2eeaa790340
W7_Q02,STRUCT_R1,2,6,249775,1241,0,0,6,0,10,4,6,15,4,6,b1d2efac79748ca32ad60ca241d894721be3c3795c13e31e47e01dad1cb5a5f1
W7_Q01,STRUCT,2,6,218682,1186,0,0,5,0,7,3,6,15,4,5,70f8123fffd2af37d12a00e22d9841098c66a489d4953aae174ab2cb5014e5d7
W2_Q01,STRUCT_R2,2,6,262126,1260,0,0,3,2,7,3,6,15,4,5,fb4f50a52888382fd35dda056767f1188dd59b0b7db5fbe2928a5afbf6bf9f5b
W4_Q16,STRUCT,2,6,4728543,26296,0,0,66,2,132,530,22,511,31,68,7fbae5656c303ca065341c5db14fa3ef41fb196c82f59bb1c789e1f7b78b0f7a
W8_Q01,OFF,2,6,786880,5574,0,0,14,2,27,164,11,169,63,16,7b06ec78e125033330eb86a638ef113771be6d17e66ade996d2cadaa30e562a7
W9_Q02,STRUCT,2,6,483588,5296,0,0,4,0,6,96,4,4,1,4,f59554bf6b558dac39020afcdc9d3261e3c200f0f612cb6818827b31bbda0408
W7_Q32,STRUCT_R2,2,6,1118803,3611,0,0,36,0,100,34,6,15,4,36,6bdf3735d7ed12e047353d97f7fd342934c808ba421573c6cd2474dd612f37b1
W3_d3,OFF,2,6,1146970,2407,0,0,12,8,42,16,14,46,8,20,d0de00aa950042ce2df3a1aacd87b83395b88f62201b4b0ee4f6f67dba5bbb2b
W6_Q01,ALGSTRUCT,2,6,267423,1389,0,0,3,2,7,3,6,15,5,5,ef852aa19070a90d167a6fc211683b2bbb6401671f4212d90e23806d1620b62f
W5_Q02,STRUCT,2,6,221683,1648,0,0,6,0,6,2,6,18,4,6,e7741c936508103b2af3b934e316124eac7bac4773e716fb634bafee4047c0e4
W9_Q08,STRUCT_R1,2,6,1562444,7131,0,0,10,2,14,224,4,4,1,12,4c97cc82f3dbf6bc2a6de325d199b0cb65ffca732846069f84ea5618bb19fcfd
W8_Q01,STRUCT,2,6,1003896,5556,0,0,14,2,27,164,11,169,63,16,7b06ec78e125033330eb86a638ef113771be6d17e66ade996d2cadaa30e562a7
W5_Q32,STRUCT,2,6,2002775,10833,0,0,96,0,96,32,66,258,4,96,ad908136f049b66ae4b1e1c3f252d7a2ebead009fab3f7177d4babd24fcbec6a
W5_Q32,ALGSTRUCT,2,6,2086644,10871,0,0,96,0,96,32,66,258,4,96,ad908136f049b66ae4b1e1c3f252d7a2ebead009fab3f7177d4babd24fcbec6a
W9_Q01,STRUCT_R2,2,6,343848,4278,0,0,3,0,3,48,4,4,1,3,6e63c0dab5f8b29ef9d1440bcd3711746464b7521a4243c8d32e03504a6224d2
W7_Q16,ALGSTRUCT,2,6,630344,2019,0,0,20,0,52,18,6,15,4,20,352ecf90b67b0a72cf480d5f2990d3ea8f45c0a65a2644e7a858b4f181627dcb
W8_Q02,STRUCT_R1,2,6,1160875,5316,2,0,15,1,27,164,10,168,63,16,652ea2e2db2a8b59e1a2373d0aa09bb6194a7176cb3cd104297a14f7ef235e6b
W9_Q02,STRUCT_R1,2,6,477384,3222,0,0,4,0,6,96,4,4,1,4,f59554bf6b558dac39020afcdc9d3261e3c200f0f612cb6818827b31bbda0408
W6_Q01,STRUCT_R1,2,6,266181,1556,0,0,3,2,7,3,6,15,5,5,ef852aa19070a90d167a6fc211683b2bbb6401671f4212d90e23806d1620b62f
W3_d2,STRUCT_R1,2,6,976269,2165,9,0,11,3,24,11,8,27,5,14,b3a60a0bc9bb1633f8ca67743fa2b43eea5f58f8a512cbf173b181d8c20dfa68
W9_Q02,OFF,2,6,351254,4816,0,0,4,0,6,96,4,4,1,4,f59554bf6b558dac39020afcdc9d3261e3c200f0f612cb6818827b31bbda0408
W9_Q16,STRUCT_R1,2,6,2744063,9519,0,0,18,2,22,352,4,4,1,20,ff9866380da95df98e4375770d21fe162b02c0b8b05b75e939b18d0d711c4c04
W8_Q16,OFF,2,6,1499504,6647,0,0,29,2,72,179,11,169,63,31,75d1b16c15c201143eb0f00e84429326ead193544062ed0323b47e7914fd575d
W4_Q16,ALGSTRUCT,2,6,7093294,27315,16,0,66,1,115,529,21,510,31,67,c4cb6b036cc3a61a0d0502a6d94307b09dd7e159ba9b445a83ebed14f5c8ebe1
W2_Q32,STRUCT,2,6,1846146,3667,0,0,34,2,100,34,6,15,4,36,ead1d2e3154b72c47159b745145cb82392c282dcdeeba0e877b2291c8ed45d37
W6_Q32,ALGSTRUCT,2,6,1932498,3500,0,0,34,2,100,34,6,15,5,36,e27ba2fd4a248e13e86f6fd51f6578ca7bbe37b27fb6c62f3d2e37c16ce58156
W2_Q04,STRUCT_R1,2,6,409219,1443,4,0,6,1,11,5,5,14,4,7,e3e1c95caf3c6465ad04568b51f69fe26be853a4ad44521756f63edd123351f8
W8_Q16,STRUCT_R1,2,6,2221235,6278,16,0,29,1,55,178,10,168,63,30,d68e12eaec95eadd08fb1ce8e6c0dcfc893de77e4c3d4f5a64bb4b4ee29b64b3
W2_Q32,OFF,2,6,1529891,3889,0,0,34,2,100,34,6,15,4,36,ead1d2e3154b72c47159b745145cb82392c282dcdeeba0e877b2291c8ed45d37
W6_Q16,ALGSTRUCT,2,6,1010341,2111,0,0,18,2,52,18,6,15,5,20,bb0755604375307ff8e5fd09781b80b224d9ab98fa75fb51387fe44cb24e3726
W2_Q01,OFF,2,6,203720,1704,0,0,3,2,7,3,6,15,4,5,fb4f50a52888382fd35dda056767f1188dd59b0b7db5fbe2928a5afbf6bf9f5b
W4_Q01,OFF,2,6,357033,2907,0,0,6,2,12,35,7,46,31,8,c1c4e28384d704fc6572f4a795b1b9dcd23dd585446058743d09154ee63f83a5
W7_Q04,STRUCT,2,6,288351,1702,0,0,8,0,16,6,6,15,4,8,64eb05b2d681af147811cd64dc0e11be812cb48952e297a71fcf6d3c013ba4a0
W4_Q02,STRUCT_R1,2,6,781733,3611,2,0,10,1,17,67,7,76,31,11,056c94f2139c9e918446fe4f786e56b203a4febdd7cdb7d162e2b0323db5a772
W2_Q01,STRUCT_R1,2,6,272867,1445,1,0,3,1,5,2,5,14,4,4,2474f5c3c44c2292e8653ad95f4f21ec80fa6c72b730d7761807baa6c04c0270
W8_Q16,ALGSTRUCT,2,6,2198827,6464,16,1,29,1,55,178,10,168,63,30,d68e12eaec95eadd08fb1ce8e6c0dcfc893de77e4c3d4f5a64bb4b4ee29b64b3
W4_Q01,STRUCT_R1,2,6,489051,2481,1,0,6,1,10,34,6,45,31,7,2a2742010b3f20f3e0b7616f059bcf47256e350d22af5b1d3a055aa5eee736e9
W5_Q32,STRUCT_R1,2,6,2069476,9372,0,0,96,0,96,32,66,258,4,96,ad908136f049b66ae4b1e1c3f252d7a2ebead009fab3f7177d4babd24fcbec6a
W5_Q04,ALGSTRUCT,2,6,325552,1760,0,0,12,0,12,4,10,34,4,12,233b80e0525d1c617459998a8c1e1bc9855a2c2b10f43c6fd42648b8adae0248
W6_Q16,STRUCT_R1,2,6,995026,2278,0,0,18,2,52,18,6,15,5,20,bb0755604375307ff8e5fd09781b80b224d9ab98fa75fb51387fe44cb24e3726
W6_Q08,STRUCT,2,6,569531,1981,0,0,10,2,28,10,6,15,5,12,0d426ef82e54bf37e16bebf86ad11b160059eb28202264ca816d50ab17a2aa06
W8_Q16,STRUCT,2,6,1844129,7221,0,0,29,2,72,179,11,169,63,31,75d1b16c15c201143eb0f00e84429326ead193544062ed0323b47e7914fd575d
W4_Q16,OFF,2,6,4161918,26278,0,0,66,2,132,530,22,511,31,68,7fbae5656c303ca065341c5db14fa3ef41fb196c82f59bb1c789e1f7b78b0f7a
W2_Q02,STRUCT,2,6,314200,1556,0,0,4,2,10,4,6,15,4,6,002b88cffa362a25f201c7342c0d49bad4cd7fb10998ad8823a39c11beee6d88
W8_Q32,STRUCT_R2,2,6,2790470,8389,0,1,45,2,120,195,11,169,63,47,257e33fe42ff72054f90b0755280d3b57f6dc95e0ff488350c7a08c8fa00e255
W5_Q16,ALGSTRUCT,2,6,1016601,5592,0,0,48,0,48,16,34,130,4,48,15f4ec0f61204d6ef15a655140c1c86c7248fc9deed8e4c09ef3081b8b94fb64
W2_Q16,ALGSTRUCT,2,6,1054619,2407,16,0,18,1,35,17,5,14,4,19,6874ea3fe8a08c7af5d8752f9a4557e5d01bc066a937913a1e427661cbb540c4
W9_Q01,ALGSTRUCT,2,6,347940,4315,0,0,3,0,3,48,4,4,1,3,6e63c0dab5f8b29ef9d1440bcd3711746464b7521a4243c8d32e03504a6224d2
W1,STRUCT_R2,2,6,258941,1463,0,0,3,2,7,3,6,15,4,5,4b26ed307e0166f8d1fa59ea1e874899e41c5fd882be9ef62f84eb3685bb70b7
W7_Q02,STRUCT_R2,2,6,240366,1464,0,0,6,0,10,4,6,15,4,6,b1d2efac79748ca32ad60ca241d894721be3c3795c13e31e47e01dad1cb5a5f1
W7_Q01,STRUCT_R1,2,6,225313,1444,0,0,5,0,7,3,6,15,4,5,70f8123fffd2af37d12a00e22d9841098c66a489d4953aae174ab2cb5014e5d7
W2_Q16,STRUCT,2,6,982786,2370,0,0,18,2,52,18,6,15,4,20,f53a43e02a6f7be38b5d23a92cce7a6f0c7e7deac086e97841ea021c93a5a893
W2_Q16,STRUCT_R2,2,6,972397,2352,0,0,18,2,52,18,6,15,4,20,f53a43e02a6f7be38b5d23a92cce7a6f0c7e7deac086e97841ea021c93a5a893
W6_Q08,STRUCT_R1,2,6,588327,1889,0,0,10,2,28,10,6,15,5,12,0d426ef82e54bf37e16bebf86ad11b160059eb28202264ca816d50ab17a2aa06
W8_Q08,STRUCT,2,6,1440022,6056,0,0,21,2,48,171,11,169,63,23,6202056e7f9106d89fc2c03650e5a38d69f704cc369ba9e689bf413e5f7173e1
W4_Q08,ALGSTRUCT,2,6,2954302,13073,8,0,34,1,59,265,13,262,31,35,0d7db8d8f19881c77c6e7cd19e1f9d024ea9973fae56dbdbc00db2eeaa790340
W8_Q08,ALGSTRUCT,2,6,1644168,5926,8,1,21,1,39,170,10,168,63,22,dfb50a16d91192e00318e4ac61c06d5403d37554d2e61726115b9e5e96a90617
W5_Q01,STRUCT_R2,2,6,180090,1500,0,0,3,0,3,1,4,10,4,3,7528d1a80da7ce6bed6c3efbaad136c6b237adf54f46f512a5fe79019bfef2ec
W7_Q02,OFF,2,6,174868,1501,0,0,6,0,10,4,6,15,4,6,b1d2efac79748ca32ad60ca241d894721be3c3795c13e31e47e01dad1cb5a5f1
W5_Q04,STRUCT_R1,2,6,315183,1703,0,0,12,0,12,4,10,34,4,12,233b80e0525d1c617459998a8c1e1bc9855a2c2b10f43c6fd42648b8adae0248
W6_Q04,STRUCT_R1,2,6,411867,1684,0,0,6,2,16,6,6,15,5,8,463695b346924b3ce3bfd76bc311a5cc5d47fb033482cc22912fc407e8f09fdf
W2_Q04,OFF,2,6,312849,1925,0,0,6,2,16,6,6,15,4,8,b8312387bf162a1452336c9e9e40ef1298c4a5b22cc87b54f4215f6e91104b3c
W2_Q02,ALGSTRUCT,2,6,327273,1612,2,0,4,1,7,3,5,14,4,5,d8adac9423435c6f23a5e314f4d31430db516714fee41508dcac1bc6af0e6f0c
W9_Q16,STRUCT,2,6,2722896,8593,0,0,18,2,22,352,4,4,1,20,ff9866380da95df98e4375770d21fe162b02c0b8b05b75e939b18d0d711c4c04
W2_Q02,STRUCT_R1,2,6,318978,1297,2,0,4,1,7,3,5,14,4,5,d8adac9423435c6f23a5e314f4d31430db516714fee41508dcac1bc6af0e6f0c
W2_Q02,STRUCT_R2,2,6,314384,1705,0,0,4,2,10,4,6,15,4,6,002b88cffa362a25f201c7342c0d49bad4cd7fb10998ad8823a39c11beee6d88
W6_Q04,STRUCT,2,6,398680,1723,0,0,6,2,16,6,6,15,5,8,463695b346924b3ce3bfd76bc311a5cc5d47fb033482cc22912fc407e8f09fdf
W9_Q32,STRUCT,2,6,5212739,11742,0,0,34,2,38,608,4,4,1,36,f9b4de382a62f7ddf0ae716d829e6d3204b079918eba11b5d003aed0f308e9a0
W8_Q04,ALGSTRUCT,2,6,1302690,5037,4,1,17,1,31,166,10,168,63,18,1ff2b9471d9cd2dd9078b74afc728460463e46c3102cf6da6b805d7f73e4899a
W7_Q08,ALGSTRUCT,2,6,413106,1649,0,0,12,0,28,10,6,15,4,12,d13ad2add4e1d9cb21c441a8963ffbcf5f462a05d4f61331fa56b7c117fe58d1
W8_Q32,STRUCT_R1,2,6,3836348,8166,32,0,45,1,87,194,10,168,63,46,45e69b1796e998f7df6d485c516cc0751375b53ec01f0a7673d473a9ec217a0e
W5_Q16,STRUCT,2,6,981008,4833,0,0,48,0,48,16,34,130,4,48,15f4ec0f61204d6ef15a655140c1c86c7248fc9deed8e4c09ef3081b8b94fb64
W5_Q04,STRUCT_R2,2,6,316960,2222,0,0,12,0,12,4,10,34,4,12,233b80e0525d1c617459998a8c1e1bc9855a2c2b10f43c6fd42648b8adae0248
W9_Q32,ALGSTRUCT,2,6,5050837,12776,0,16,34,1,35,560,4,4,1,35,678046e55883cc9fe207429daab5f5da66bcc2178ee01574697097ddff7f102c
W1,STRUCT,2,6,261182,1519,0,0,3,2,7,3,6,15,4,5,4b26ed307e0166f8d1fa59ea1e874899e41c5fd882be9ef62f84eb3685bb70b7
W2_Q08,ALGSTRUCT,2,6,580938,1612,8,0,10,1,19,9,5,14,4,11,28ef291bdbdabd5779860a9dac095bdb774cc930b18dec6f9c7bf13df75550d2
W8_Q32,OFF,2,6,2397401,8629,0,0,45,2,120,195,11,169,63,47,257e33fe42ff72054f90b0755280d3b57f6dc95e0ff488350c7a08c8fa00e255
W4_Q01,STRUCT,2,6,441719,2536,0,0,6,2,12,35,7,46,31,8,c1c4e28384d704fc6572f4a795b1b9dcd23dd585446058743d09154ee63f83a5
W5_Q04,OFF,2,6,242831,2018,0,0,12,0,12,4,10,34,4,12,233b80e0525d1c617459998a8c1e1bc9855a2c2b10f43c6fd42648b8adae0248
W5_Q02,OFF,2,6,155610,1944,0,0,6,0,6,2,6,18,4,6,e7741c936508103b2af3b934e316124eac7bac4773e716fb634bafee4047c0e4
W5_Q16,OFF,2,6,847416,5315,0,0,48,0,48,16,34,130,4,48,15f4ec0f61204d6ef15a655140c1c86c7248fc9deed8e4c09ef3081b8b94fb64
W6_Q02,STRUCT_R1,2,6,317553,1481,0,0,4,2,10,4,6,15,5,6,d26b7c6c44eb2ae1342ad0eacde318e4485f70f1e0c22f44dc171d7c0f11f2c5
W6_Q04,OFF,2,6,308905,1666,0,0,6,2,16,6,6,15,5,8,463695b346924b3ce3bfd76bc311a5cc5d47fb033482cc22912fc407e8f09fdf
W2_Q16,STRUCT_R1,2,6,1049805,2202,16,0,18,1,35,17,5,14,4,19,6874ea3fe8a08c7af5d8752f9a4557e5d01bc066a937913a1e427661cbb540c4
W3_d2,ALGSTRUCT,2,6,982841,1889,9,0,11,3,24,11,8,27,5,14,b3a60a0bc9bb1633f8ca67743fa2b43eea5f58f8a512cbf173b181d8c20dfa68
W7_Q16,OFF,2,6,486088,2592,0,0,20,0,52,18,6,15,4,20,352ecf90b67b0a72cf480d5f2990d3ea8f45c0a65a2644e7a858b4f181627dcb
W3_d3,STRUCT_R2,2,6,1405187,2594,0,0,12,8,42,16,14,46,8,20,d0de00aa950042ce2df3a1aacd87b83395b88f62201b4b0ee4f6f67dba5bbb2b
W3_d2,STRUCT_R2,2,6,948359,2372,0,0,11,5,35,13,10,29,5,16,bb512a3ef0db77c97656c90a9544f5958e4b52748f6a43bfdbc34ec450c82e91
W9_Q04,STRUCT_R2,2,6,978823,5241,0,2,6,1,7,112,4,4,1,7,7e3f7232eefdc535f0f8be36c1c724fab7de36a2740821784506d96a09bd30b3
W2_Q32,STRUCT_R1,2,6,2233994,3130,32,0,34,1,67,33,5,14,4,35,aa6152b6f2b2227ea71db0831b5f58d2dce2bdcb6db5c4bb5d1fb235d1201ed1
W7_Q04,ALGSTRUCT,2,6,301107,1482,0,0,8,0,16,6,6,15,4,8,64eb05b2d681af147811cd64dc0e11be812cb48952e297a71fcf6d3c013ba4a0
W3_d1,STRUCT,2,6,573402,2111,0,0,10,2,28,10,6,15,4,12,a54c74b256ab2c5cf00e4072ff680215ee9ddba8ea28d33e07bfd46dd0370227
W9_Q04,ALGSTRUCT,2,6,980731,5240,0,2,6,1,7,112,4,4,1,7,7e3f7232eefdc535f0f8be36c1c724fab7de36a2740821784506d96a09bd30b3
W6_Q02,OFF,2,6,240053,1741,0,0,4,2,10,4,6,15,5,6,d26b7c6c44eb2ae1342ad0eacde318e4485f70f1e0c22f44dc171d7c0f11f2c5
W5_Q32,STRUCT_R2,2,6,2002386,10907,0,0,96,0,96,32,66,258,4,96,ad908136f049b66ae4b1e1c3f252d7a2ebead009fab3f7177d4babd24fcbec6a
W3_d2,STRUCT,2,6,952046,2370,0,0,11,5,35,13,10,29,5,16,bb512a3ef0db77c97656c90a9544f5958e4b52748f6a43bfdbc34ec450c82e91
W6_Q02,STRUCT,2,6,310218,1704,0,0,4,2,10,4,6,15,5,6,d26b7c6c44eb2ae1342ad0eacde318e4485f70f1e0c22f44dc171d7c0f11f2c5
W4_Q02,OFF,2,6,565644,3906,0,0,10,2,20,68,8,77,31,12,c082fb0620ac05b05065135ca996c9564b57d8a79b47964aa54b86c16cd0659f
W5_Q08,STRUCT_R1,2,6,540512,2853,0,0,24,0,24,8,18,66,4,24,1ec99f8159a9bf9f7216cbde66142ab941580d932ab53b67181d9941e08515a5
W4_Q08,STRUCT,2,6,2305346,13574,0,0,34,2,68,266,14,263,31,36,310b652f3a487a64261e67b69ca4bd659f7cd91c74be37afd64d6187457e8bdc
W6_Q32,STRUCT_R1,2,6,1918997,3464,0,0,34,2,100,34,6,15,5,36,e27ba2fd4a248e13e86f6fd51f6578ca7bbe37b27fb6c62f3d2e37c16ce58156
W4_Q01,ALGSTRUCT,2,6,488642,2149,1,0,6,1,10,34,6,45,31,7,2a2742010b3f20f3e0b7616f059bcf47256e350d22af5b1d3a055aa5eee736e9
W6_Q16,STRUCT,2,6,965618,2483,0,0,18,2,52,18,6,15,5,20,bb0755604375307ff8e5fd09781b80b224d9ab98fa75fb51387fe44cb24e3726
W2_Q01,STRUCT,2,6,261165,1481,0,0,3,2,7,3,6,15,4,5,fb4f50a52888382fd35dda056767f1188dd59b0b7db5fbe2928a5afbf6bf9f5b
W4_Q02,STRUCT_R2,2,6,689623,4240,0,0,10,2,20,68,8,77,31,12,c082fb0620ac05b05065135ca996c9564b57d8a79b47964aa54b86c16cd0659f
W9_Q02,STRUCT_R2,2,6,632956,4000,0,1,4,1,5,80,4,4,1,5,a250745debd6fd7cf3585f94dfa2ad7178c8b7c572e5ce15f0467c48475c0e9a
W6_Q01,STRUCT,2,6,258590,1352,0,0,3,2,7,3,6,15,5,5,ef852aa19070a90d167a6fc211683b2bbb6401671f4212d90e23806d1620b62f
W4_Q02,ALGSTRUCT,2,6,783547,3574,2,0,10,1,17,67,7,76,31,11,056c94f2139c9e918446fe4f786e56b203a4febdd7cdb7d162e2b0323db5a772
W7_Q08,STRUCT,2,6,398866,1889,0,0,12,0,28,10,6,15,4,12,d13ad2add4e1d9cb21c441a8963ffbcf5f462a05d4f61331fa56b7c117fe58d1
W5_Q02,STRUCT_R1,2,6,223869,1684,0,0,6,0,6,2,6,18,4,6,e7741c936508103b2af3b934e316124eac7bac4773e716fb634bafee4047c0e4
W3_d2,STRUCT_R1,3,6,954378,2075,9,0,11,3,24,11,8,27,5,14,b3a60a0bc9bb1633f8ca67743fa2b43eea5f58f8a512cbf173b181d8c20dfa68
W5_Q02,STRUCT_R2,3,6,218498,1722,0,0,6,0,6,2,6,18,4,6,e7741c936508103b2af3b934e316124eac7bac4773e716fb634bafee4047c0e4
W3_d1,STRUCT,3,6,566644,1869,0,0,10,2,28,10,6,15,4,12,a54c74b256ab2c5cf00e4072ff680215ee9ddba8ea28d33e07bfd46dd0370227
W5_Q08,STRUCT_R1,3,6,539552,2887,0,0,24,0,24,8,18,66,4,24,1ec99f8159a9bf9f7216cbde66142ab941580d932ab53b67181d9941e08515a5
W2_Q16,STRUCT_R1,3,6,1039860,2074,16,0,18,1,35,17,5,14,4,19,6874ea3fe8a08c7af5d8752f9a4557e5d01bc066a937913a1e427661cbb540c4
W2_Q16,STRUCT_R2,3,6,967452,2315,0,0,18,2,52,18,6,15,4,20,f53a43e02a6f7be38b5d23a92cce7a6f0c7e7deac086e97841ea021c93a5a893
W3_d3,STRUCT_R1,3,6,1402430,2555,10,0,12,5,29,13,11,43,8,17,16f1a8e88d7f920d91f3a177d0789d4761bf8768a0ac71ebce1f9f2282714954
W2_Q16,STRUCT,3,6,988193,2148,0,0,18,2,52,18,6,15,4,20,f53a43e02a6f7be38b5d23a92cce7a6f0c7e7deac086e97841ea021c93a5a893
W6_Q01,ALGSTRUCT,3,6,263701,1574,0,0,3,2,7,3,6,15,5,5,ef852aa19070a90d167a6fc211683b2bbb6401671f4212d90e23806d1620b62f
W6_Q08,STRUCT_R1,3,6,587050,1851,0,0,10,2,28,10,6,15,5,12,0d426ef82e54bf37e16bebf86ad11b160059eb28202264ca816d50ab17a2aa06
W2_Q02,OFF,3,6,237054,1759,0,0,4,2,10,4,6,15,4,6,002b88cffa362a25f201c7342c0d49bad4cd7fb10998ad8823a39c11beee6d88
W4_Q04,STRUCT,3,6,1234525,7184,0,0,18,2,36,134,10,139,31,20,fd25718cb278dfe33c1131161ba4977814e08de24bd73801325a42bf895b4b90
W8_Q04,STRUCT_R2,3,6,1171265,6074,0,1,17,2,36,167,11,169,63,19,683043cf53c296ea0d43a0c383a5a5aa5dfae2adbc542c677c919239829da206
W9_Q16,ALGSTRUCT,3,6,2632547,9018,0,8,18,1,19,304,4,4,1,19,44cdb1eb48242e36e60587a8e97fc1204f774ee018380c18a625f9abe3ce3ce8
W7_Q01,STRUCT_R2,3,6,220590,1444,0,0,5,0,7,3,6,15,4,5,70f8123fffd2af37d12a00e22d9841098c66a489d4953aae174ab2cb5014e5d7
W2_Q08,STRUCT_R2,3,6,563161,1926,0,0,10,2,28,10,6,15,4,12,e121069670786ba8fbe3100d624a17638d4611a34b02647058710f2e3db6a9c9
W2_Q08,OFF,3,6,452568,1945,0,0,10,2,28,10,6,15,4,12,e121069670786ba8fbe3100d624a17638d4611a34b02647058710f2e3db6a9c9
W6_Q02,STRUCT,3,6,310201,1462,0,0,4,2,10,4,6,15,5,6,d26b7c6c44eb2ae1342ad0eacde318e4485f70f1e0c22f44dc171d7c0f11f2c5
W3_d3,STRUCT,3,6,1390521,2223,0,0,12,8,42,16,14,46,8,20,d0de00aa950042ce2df3a1aacd87b83395b88f62201b4b0ee4f6f67dba5bbb2b
W3_d2,STRUCT_R2,3,6,955675,2241,0,0,11,5,35,13,10,29,5,16,bb512a3ef0db77c97656c90a9544f5958e4b52748f6a43bfdbc34ec450c82e91
W4_Q02,OFF,3,6,565326,3834,0,0,10,2,20,68,8,77,31,12,c082fb0620ac05b05065135ca996c9564b57d8a79b47964aa54b86c16cd0659f
W6_Q32,ALGSTRUCT,3,6,1966553,3407,0,0,34,2,100,34,6,15,5,36,e27ba2fd4a248e13e86f6fd51f6578ca7bbe37b27fb6c62f3d2e37c16ce58156
W5_Q01,OFF,3,6,126850,1686,0,0,3,0,3,1,4,10,4,3,7528d1a80da7ce6bed6c3efbaad136c6b237adf54f46f512a5fe79019bfef2ec
W8_Q16,STRUCT_R2,3,6,1824018,6722,0,1,29,2,72,179,11,169,63,31,75d1b16c15c201143eb0f00e84429326ead193544062ed0323b47e7914fd575d
W5_Q02,STRUCT,3,6,222386,1667,0,0,6,0,6,2,6,18,4,6,e7741c936508103b2af3b934e316124eac7bac4773e716fb634bafee4047c0e4
W9_Q08,STRUCT_R2,3,6,1460429,6407,0,4,10,1,11,176,4,4,1,11,f0aee4c6a6b6511ecbc27f2fc4ef3f688cd044d5f143461208ceed4e1cea64ae
W9_Q16,STRUCT_R2,3,6,2642453,8241,0,8,18,1,19,304,4,4,1,19,44cdb1eb48242e36e60587a8e97fc1204f774ee018380c18a625f9abe3ce3ce8
W5_Q32,OFF,3,6,1793574,10537,0,0,96,0,96,32,66,258,4,96,ad908136f049b66ae4b1e1c3f252d7a2ebead009fab3f7177d4babd24fcbec6a
W4_Q01,STRUCT,3,6,447143,2889,0,0,6,2,12,35,7,46,31,8,c1c4e28384d704fc6572f4a795b1b9dcd23dd585446058743d09154ee63f83a5
W5_Q32,STRUCT_R1,3,6,2076126,11574,0,0,96,0,96,32,66,258,4,96,ad908136f049b66ae4b1e1c3f252d7a2ebead009fab3f7177d4babd24fcbec6a
W9_Q32,STRUCT,3,6,5225926,13333,0,0,34,2,38,608,4,4,1,36,f9b4de382a62f7ddf0ae716d829e6d3204b079918eba11b5d003aed0f308e9a0
W8_Q16,STRUCT,3,6,1839276,7019,0,0,29,2,72,179,11,169,63,31,75d1b16c15c201143eb0f00e84429326ead193544062ed0323b47e7914fd575d
W8_Q08,STRUCT_R1,3,6,1616188,5795,8,0,21,1,39,170,10,168,63,22,dfb50a16d91192e00318e4ac61c06d5403d37554d2e61726115b9e5e96a90617
W8_Q08,ALGSTRUCT,3,6,1627558,5703,8,1,21,1,39,170,10,168,63,22,dfb50a16d91192e00318e4ac61c06d5403d37554d2e61726115b9e5e96a90617
W5_Q01,STRUCT_R1,3,6,188980,1370,0,0,3,0,3,1,4,10,4,3,7528d1a80da7ce6bed6c3efbaad136c6b237adf54f46f512a5fe79019bfef2ec
W6_Q32,OFF,3,6,1543298,3371,0,0,34,2,100,34,6,15,5,36,e27ba2fd4a248e13e86f6fd51f6578ca7bbe37b27fb6c62f3d2e37c16ce58156
W9_Q32,OFF,3,6,3415206,14721,0,0,34,0,96,1536,4,4,1,34,13dfd65212c03f91a3168cac28f16ba616ce21a6c4d7fb7bf5b25f0167fbc71b
W4_Q08,ALGSTRUCT,3,6,2966395,13963,8,0,34,1,59,265,13,262,31,35,0d7db8d8f19881c77c6e7cd19e1f9d024ea9973fae56dbdbc00db2eeaa790340
W4_Q04,ALGSTRUCT,3,6,1468096,7074,4,0,18,1,31,133,9,138,31,19,fc880fdc081349aa9e95db821628814a11fa6271dfea15fd511d230a5fbbf819
W4_Q08,OFF,3,6,2007422,12204,0,0,34,2,68,266,14,263,31,36,310b652f3a487a64261e67b69ca4bd659f7cd91c74be37afd64d6187457e8bdc
W9_Q16,OFF,3,6,1730963,9722,0,0,18,0,48,768,4,4,1,18,43b7f4efcb619e6e3fc5fc66e7827f4bb8130a24a5905f5ce4efe6114dbfdbd3
W8_Q04,ALGSTRUCT,3,6,1297932,5554,4,1,17,1,31,166,10,168,63,18,1ff2b9471d9cd2dd9078b74afc728460463e46c3102cf6da6b805d7f73e4899a
W6_Q08,OFF,3,6,448253,1798,0,0,10,2,28,10,6,15,5,12,0d426ef82e54bf37e16bebf86ad11b160059eb28202264ca816d50ab17a2aa06
W5_Q32,ALGSTRUCT,3,6,2101034,9740,0,0,96,0,96,32,66,258,4,96,ad908136f049b66ae4b1e1c3f252d7a2ebead009fab3f7177d4babd24fcbec6a
W9_Q08,STRUCT,3,6,1579926,6668,0,0,10,2,14,224,4,4,1,12,4c97cc82f3dbf6bc2a6de325d199b0cb65ffca732846069f84ea5618bb19fcfd
W9_Q32,STRUCT_R1,3,6,5156428,13036,0,0,34,2,38,608,4,4,1,36,f9b4de382a62f7ddf0ae716d829e6d3204b079918eba11b5d003aed0f308e9a0
W1,ALGSTRUCT,3,6,275240,1406,1,0,3,1,5,2,5,14,4,4,ddbc64bc70e115337e04b3ee4eac0b96e81aea703c916cfeea2e2366190e3210
W6_Q08,STRUCT,3,6,569458,1666,0,0,10,2,28,10,6,15,5,12,0d426ef82e54bf37e16bebf86ad11b160059eb28202264ca816d50ab17a2aa06
W9_Q04,STRUCT,3,6,1112859,5889,0,0,6,2,10,160,4,4,1,8,a25fcd6d9b6930c5a5e472a5d4b9da9d0423cec22fe64a49a0e3364286ad6c7b
W7_Q16,ALGSTRUCT,3,6,631457,2000,0,0,20,0,52,18,6,15,4,20,352ecf90b67b0a72cf480d5f2990d3ea8f45c0a65a2644e7a858b4f181627dcb
W5_Q08,STRUCT_R2,3,6,522458,3074,0,0,24,0,24,8,18,66,4,24,1ec99f8159a9bf9f7216cbde66142ab941580d932ab53b67181d9941e08515a5
W4_Q16,STRUCT,3,6,4735024,27870,0,0,66,2,132,530,22,511,31,68,7fbae5656c303ca065341c5db14fa3ef41fb196c82f59bb1c789e1f7b78b0f7a
W5_Q16,STRUCT_R2,3,6,967638,4334,0,0,48,0,48,16,34,130,4,48,15f4ec0f61204d6ef15a655140c1c86c7248fc9deed8e4c09ef3081b8b94fb64
W7_Q04,STRUCT_R1,3,6,301923,1611,0,0,8,0,16,6,6,15,4,8,64eb05b2d681af147811cd64dc0e11be812cb48952e297a71fcf6d3c013ba4a0
W6_Q01,STRUCT_R2,3,6,260331,1722,0,0,3,2,7,3,6,15,5,5,ef852aa19070a90d167a6fc211683b2bbb6401671f4212d90e23806d1620b62f
W2_Q08,STRUCT_R1,3,6,571995,1647,8,0,10,1,19,9,5,14,4,11,28ef291bdbdabd5779860a9dac095bdb774cc930b18dec6f9c7bf13df75550d2
W6_Q04,ALGSTRUCT,3,6,411106,1426,0,0,6,2,16,6,6,15,5,8,463695b346924b3ce3bfd76bc311a5cc5d47fb033482cc22912fc407e8f09fdf
W4_Q16,OFF,3,6,4219325,26167,0,0,66,2,132,530,22,511,31,68,7fbae5656c303ca065341c5db14fa3ef41fb196c82f59bb1c789e1f7b78b0f7a
W8_Q32,ALGSTRUCT,3,6,3857180,8352,32,1,45,1,87,194,10,168,63,46,45e69b1796e998f7df6d485c516cc0751375b53ec01f0a7673d473a9ec217a0e
W5_Q04,STRUCT_R1,3,6,319126,1667,0,0,12,0,12,4,10,34,4,12,233b80e0525d1c617459998a8c1e1bc9855a2c2b10f43c6fd42648b8adae0248
W9_Q16,STRUCT_R1,3,6,2739769,9406,0,0,18,2,22,352,4,4,1,20,ff9866380da95df98e4375770d21fe162b02c0b8b05b75e939b18d0d711c4c04
W6_Q32,STRUCT_R1,3,6,1966774,3427,0,0,34,2,100,34,6,15,5,36,e27ba2fd4a248e13e86f6fd51f6578ca7bbe37b27fb6c62f3d2e37c16ce58156
W2_Q16,OFF,3,6,791528,2538,0,0,18,2,52,18,6,15,4,20,f53a43e02a6f7be38b5d23a92cce7a6f0c7e7deac086e97841ea021c93a5a893
W8_Q08,STRUCT_R2,3,6,1435687,6242,0,1,21,2,48,171,11,169,63,23,6202056e7f9106d89fc2c03650e5a38d69f704cc369ba9e689bf413e5f7173e1
W8_Q01,ALGSTRUCT,3,6,1095117,5815,1,1,14,1,25,163,10,168,63,15,fdd35fe24122be542f9944d55e73c67d2cd28afd3fd1ff25e723a080e5d2dad8
W7_Q01,STRUCT,3,6,220386,1593,0,0,5,0,7,3,6,15,4,5,70f8123fffd2af37d12a00e22d9841098c66a489d4953aae174ab2cb5014e5d7
W7_Q01,ALGSTRUCT,3,6,230534,1241,0,0,5,0,7,3,6,15,4,5,70f8123fffd2af37d12a00e22d9841098c66a489d4953aae174ab2cb5014e5d7
W2_Q08,ALGSTRUCT,3,6,583179,1759,8,0,10,1,19,9,5,14,4,11,28ef291bdbdabd5779860a9dac095bdb774cc930b18dec6f9c7bf13df75550d2
W5_Q01,STRUCT,3,6,180350,1185,0,0,3,0,3,1,4,10,4,3,7528d1a80da7ce6bed6c3efbaad136c6b237adf54f46f512a5fe79019bfef2ec
W5_Q16,OFF,3,6,845843,6444,0,0,48,0,48,16,34,130,4,48,15f4ec0f61204d6ef15a655140c1c86c7248fc9deed8e4c09ef3081b8b94fb64
W2_Q32,STRUCT_R1,3,6,2213589,3110,32,0,34,1,67,33,5,14,4,35,aa6152b6f2b2227ea71db0831b5f58d2dce2bdcb6db5c4bb5d1fb235d1201ed1
W5_Q32,STRUCT,3,6,2007591,9610,0,0,96,0,96,32,66,258,4,96,ad908136f049b66ae4b1e1c3f252d7a2ebead009fab3f7177d4babd24fcbec6a
W7_Q01,OFF,3,6,152926,1721,0,0,5,0,7,3,6,15,4,5,70f8123fffd2af37d12a00e22d9841098c66a489d4953aae174ab2cb5014e5d7
W9_Q02,STRUCT_R2,3,6,635199,3683,0,1,4,1,5,80,4,4,1,5,a250745debd6fd7cf3585f94dfa2ad7178c8b7c572e5ce15f0467c48475c0e9a
W8_Q01,STRUCT_R2,3,6,1009786,5907,0,1,14,2,27,164,11,169,63,16,7b06ec78e125033330eb86a638ef113771be6d17e66ade996d2cadaa30e562a7
W9_Q01,ALGSTRUCT,3,6,345829,3519,0,0,3,0,3,48,4,4,1,3,6e63c0dab5f8b29ef9d1440bcd3711746464b7521a4243c8d32e03504a6224d2
W4_Q32,STRUCT,3,6,9678748,74056,0,0,130,2,260,1058,38,1007,31,132,068ad024181661f75503372002890dd704cd730c5fc591fd65590a6d532c145d
W1,STRUCT_R2,3,6,259535,1592,0,0,3,2,7,3,6,15,4,5,4b26ed307e0166f8d1fa59ea1e874899e41c5fd882be9ef62f84eb3685bb70b7
W7_Q32,ALGSTRUCT,3,6,1165709,3538,0,0,36,0,100,34,6,15,4,36,6bdf3735d7ed12e047353d97f7fd342934c808ba421573c6cd2474dd612f37b1
W6_Q16,STRUCT,3,6,962415,2260,0,0,18,2,52,18,6,15,5,20,bb0755604375307ff8e5fd09781b80b224d9ab98fa75fb51387fe44cb24e3726
W7_Q02,ALGSTRUCT,3,6,251702,1592,0,0,6,0,10,4,6,15,4,6,b1d2efac79748ca32ad60ca241d894721be3c3795c13e31e47e01dad1cb5a5f1
W2_Q08,STRUCT,3,6,568881,2150,0,0,10,2,28,10,6,15,4,12,e121069670786ba8fbe3100d624a17638d4611a34b02647058710f2e3db6a9c9
W6_Q16,OFF,3,6,775808,2240,0,0,18,2,52,18,6,15,5,20,bb0755604375307ff8e5fd09781b80b224d9ab98fa75fb51387fe44cb24e3726
W2_Q04,STRUCT_R1,3,6,405366,1333,4,0,6,1,11,5,5,14,4,7,e3e1c95caf3c6465ad04568b51f69fe26be853a4ad44521756f63edd123351f8
W4_Q02,ALGSTRUCT,3,6,784565,3649,2,0,10,1,17,67,7,76,31,11,056c94f2139c9e918446fe4f786e56b203a4febdd7cdb7d162e2b0323db5a772
W4_Q16,STRUCT_R2,3,6,4762301,26741,0,0,66,2,132,530,22,511,31,68,7fbae5656c303ca065341c5db14fa3ef41fb196c82f59bb1c789e1f7b78b0f7a
W5_Q08,STRUCT,3,6,533735,2574,0,0,24,0,24,8,18,66,4,24,1ec99f8159a9bf9f7216cbde66142ab941580d932ab53b67181d9941e08515a5
W5_Q04,OFF,3,6,241516,1963,0,0,12,0,12,4,10,34,4,12,233b80e0525d1c617459998a8c1e1bc9855a2c2b10f43c6fd42648b8adae0248
W4_Q32,STRUCT_R2,3,6,9833747,62870,0,0,130,2,260,1058,38,1007,31,132,068ad024181661f75503372002890dd704cd730c5fc591fd65590a6d532c145d
W5_Q16,ALGSTRUCT,3,6,1011249,4259,0,0,48,0,48,16,34,130,4,48,15f4ec0f61204d6ef15a655140c1c86c7248fc9deed8e4c09ef3081b8b94fb64
W9_Q02,STRUCT_R1,3,6,473459,3388,0,0,4,0,6,96,4,4,1,4,f59554bf6b558dac39020afcdc9d3261e3c200f0f612cb6818827b31bbda0408
W4_Q01,ALGSTRUCT,3,6,492551,2277,1,0,6,1,10,34,6,45,31,7,2a2742010b3f20f3e0b7616f059bcf47256e350d22af5b1d3a055aa5eee736e9
W2_Q32,OFF,3,6,1531077,3407,0,0,34,2,100,34,6,15,4,36,ead1d2e3154b72c47159b745145cb82392c282dcdeeba0e877b2291c8ed45d37
W8_Q02,STRUCT,3,6,1067971,5425,0,0,15,2,30,165,11,169,63,17,ab8e72a97eeddaf640fa9d87846837b35913b3b9a7916818e4653a499fd7cc9a
W2_Q02,STRUCT_R2,3,6,314570,1390,0,0,4,2,10,4,6,15,4,6,002b88cffa362a25f201c7342c0d49bad4cd7fb10998ad8823a39c11beee6d88
W9_Q08,STRUCT_R1,3,6,1576872,6223,0,0,10,2,14,224,4,4,1,12,4c97cc82f3dbf6bc2a6de325d199b0cb65ffca732846069f84ea5618bb19fcfd
W9_Q01,STRUCT_R1,3,6,339737,3574,0,0,3,0,3,48,4,4,1,3,6e63c0dab5f8b29ef9d1440bcd3711746464b7521a4243c8d32e03504a6224d2
W5_Q16,STRUCT_R1,3,6,1015175,4129,0,0,48,0,48,16,34,130,4,48,15f4ec0f61204d6ef15a655140c1c86c7248fc9deed8e4c09ef3081b8b94fb64
W9_Q01,OFF,3,6,227922,3853,0,0,3,0,3,48,4,4,1,3,6e63c0dab5f8b29ef9d1440bcd3711746464b7521a4243c8d32e03504a6224d2
W4_Q02,STRUCT_R1,3,6,780806,3667,2,0,10,1,17,67,7,76,31,11,056c94f2139c9e918446fe4f786e56b203a4febdd7cdb7d162e2b0323db5a772
W7_Q16,STRUCT,3,6,603847,2221,0,0,20,0,52,18,6,15,4,20,352ecf90b67b0a72cf480d5f2990d3ea8f45c0a65a2644e7a858b4f181627dcb
W8_Q04,STRUCT,3,6,1171414,5777,0,0,17,2,36,167,11,169,63,19,683043cf53c296ea0d43a0c383a5a5aa5dfae2adbc542c677c919239829da206
W7_Q16,STRUCT_R2,3,6,597439,1943,0,0,20,0,52,18,6,15,4,20,352ecf90b67b0a72cf480d5f2990d3ea8f45c0a65a2644e7a858b4f181627dcb
W7_Q32,STRUCT_R2,3,6,1115710,3278,0,0,36,0,100,34,6,15,4,36,6bdf3735d7ed12e047353d97f7fd342934c808ba421573c6cd2474dd612f37b1
W7_Q04,ALGSTRUCT,3,6,299738,1444,0,0,8,0,16,6,6,15,4,8,64eb05b2d681af147811cd64dc0e11be812cb48952e297a71fcf6d3c013ba4a0
W6_Q04,STRUCT_R1,3,6,408403,1778,0,0,6,2,16,6,6,15,5,8,463695b346924b3ce3bfd76bc311a5cc5d47fb033482cc22912fc407e8f09fdf
W9_Q01,STRUCT,3,6,338700,3352,0,0,3,0,3,48,4,4,1,3,6e63c0dab5f8b29ef9d1440bcd3711746464b7521a4243c8d32e03504a6224d2
W9_Q08,ALGSTRUCT,3,6,1459095,7204,0,4,10,1,11,176,4,4,1,11,f0aee4c6a6b6511ecbc27f2fc4ef3f688cd044d5f143461208ceed4e1cea64ae
W6_Q01,STRUCT,3,6,259644,1538,0,0,3,2,7,3,6,15,5,5,ef852aa19070a90d167a6fc211683b2bbb6401671f4212d90e23806d1620b62f
W2_Q04,STRUCT_R2,3,6,402108,1758,0,0,6,2,16,6,6,15,4,8,b8312387bf162a1452336c9e9e40ef1298c4a5b22cc87b54f4215f6e91104b3c
W7_Q08,STRUCT,3,6,399051,1815,0,0,12,0,28,10,6,15,4,12,d13ad2add4e1d9cb21c441a8963ffbcf5f462a05d4f61331fa56b7c117fe58d1
W3_d1,STRUCT_R1,3,6,579309,1944,8,0,10,1,19,9,5,14,4,11,51eaee63f5c885c3fa7e71093e89c7ff61bea1c09d51d95c588c39ddf452f383
W9_Q02,STRUCT,3,6,478403,4481,0,0,4,0,6,96,4,4,1,4,f59554bf6b558dac39020afcdc9d3261e3c200f0f612cb6818827b31bbda0408
W1,STRUCT_R1,3,6,272331,1296,1,0,3,1,5,2,5,14,4,4,ddbc64bc70e115337e04b3ee4eac0b96e81aea703c916cfeea2e2366190e3210
W2_Q02,STRUCT,3,6,313126,1574,0,0,4,2,10,4,6,15,4,6,002b88cffa362a25f201c7342c0d49bad4cd7fb10998ad8823a39c11beee6d88
W7_Q02,STRUCT,3,6,245663,1612,0,0,6,0,10,4,6,15,4,6,b1d2efac79748ca32ad60ca241d894721be3c3795c13e31e47e01dad1cb5a5f1
W9_Q32,ALGSTRUCT,3,6,5076281,15036,0,16,34,1,35,560,4,4,1,35,678046e55883cc9fe207429daab5f5da66bcc2178ee01574697097ddff7f102c
W2_Q01,STRUCT_R2,3,6,259387,1463,0,0,3,2,7,3,6,15,4,5,fb4f50a52888382fd35dda056767f1188dd59b0b7db5fbe2928a5afbf6bf9f5b
W2_Q02,STRUCT_R1,3,6,323533,1519,2,0,4,1,7,3,5,14,4,5,d8adac9423435c6f23a5e314f4d31430db516714fee41508dcac1bc6af0e6f0c
W6_Q01,OFF,3,6,196239,1592,0,0,3,2,7,3,6,15,5,5,ef852aa19070a90d167a6fc211683b2bbb6401671f4212d90e23806d1620b62f
W4_Q08,STRUCT_R1,3,6,2973858,12666,8,0,34,1,59,265,13,262,31,35,0d7db8d8f19881c77c6e7cd19e1f9d024ea9973fae56dbdbc00db2eeaa790340
W2_Q01,OFF,3,6,196777,1480,0,0,3,2,7,3,6,15,4,5,fb4f50a52888382fd35dda056767f1188dd59b0b7db5fbe2928a5afbf6bf9f5b
W3_d3,ALGSTRUCT,3,6,1407929,2797,10,0,12,5,29,13,11,43,8,17,16f1a8e88d7f920d91f3a177d0789d4761bf8768a0ac71ebce1f9f2282714954
W6_Q04,OFF,3,6,312534,1759,0,0,6,2,16,6,6,15,5,8,463695b346924b3ce3bfd76bc311a5cc5d47fb033482cc22912fc407e8f09fdf
W2_Q16,ALGSTRUCT,3,6,1043562,2001,16,0,18,1,35,17,5,14,4,19,6874ea3fe8a08c7af5d8752f9a4557e5d01bc066a937913a1e427661cbb540c4
W9_Q02,ALGSTRUCT,3,6,628994,4722,0,1,4,1,5,80,4,4,1,5,a250745debd6fd7cf3585f94dfa2ad7178c8b7c572e5ce15f0467c48475c0e9a
W6_Q16,ALGSTRUCT,3,6,1019989,2056,0,0,18,2,52,18,6,15,5,20,bb0755604375307ff8e5fd09781b80b224d9ab98fa75fb51387fe44cb24e3726
W4_Q01,OFF,3,6,359940,2537,0,0,6,2,12,35,7,46,31,8,c1c4e28384d704fc6572f4a795b1b9dcd23dd585446058743d09154ee63f83a5
W7_Q16,STRUCT_R1,3,6,629660,2074,0,0,20,0,52,18,6,15,4,20,352ecf90b67b0a72cf480d5f2990d3ea8f45c0a65a2644e7a858b4f181627dcb
W6_Q02,STRUCT_R1,3,6,314220,1666,0,0,4,2,10,4,6,15,5,6,d26b7c6c44eb2ae1342ad0eacde318e4485f70f1e0c22f44dc171d7c0f11f2c5
W4_Q04,STRUCT_R2,3,6,1243821,6962,0,0,18,2,36,134,10,139,31,20,fd25718cb278dfe33c1131161ba4977814e08de24bd73801325a42bf895b4b90
W9_Q04,ALGSTRUCT,3,6,982545,5741,0,2,6,1,7,112,4,4,1,7,7e3f7232eefdc535f0f8be36c1c724fab7de36a2740821784506d96a09bd30b3
W2_Q32,ALGSTRUCT,3,6,2261661,3203,32,0,34,1,67,33,5,14,4,35,aa6152b6f2b2227ea71db0831b5f58d2dce2bdcb6db5c4bb5d1fb235d1201ed1
W8_Q16,STRUCT_R1,3,6,2176254,6834,16,0,29,1,55,178,10,168,63,30,d68e12eaec95eadd08fb1ce8e6c0dcfc893de77e4c3d4f5a64bb4b4ee29b64b3
W8_Q01,OFF,3,6,789564,5557,0,0,14,2,27,164,11,169,63,16,7b06ec78e125033330eb86a638ef113771be6d17e66ade996d2cadaa30e562a7
W5_Q16,STRUCT,3,6,974119,4482,0,0,48,0,48,16,34,130,4,48,15f4ec0f61204d6ef15a655140c1c86c7248fc9deed8e4c09ef3081b8b94fb64
W2_Q32,STRUCT,3,6,1847591,3278,0,0,34,2,100,34,6,15,4,36,ead1d2e3154b72c47159b745145cb82392c282dcdeeba0e877b2291c8ed45d37
W3_d1,STRUCT_R2,3,6,571995,1832,0,0,10,2,28,10,6,15,4,12,a54c74b256ab2c5cf00e4072ff680215ee9ddba8ea28d33e07bfd46dd0370227
W4_Q04,OFF,3,6,1053416,6351,0,0,18,2,36,134,10,139,31,20,fd25718cb278dfe33c1131161ba4977814e08de24bd73801325a42bf895b4b90
W4_Q01,STRUCT_R1,3,6,491866,2758,1,0,6,1,10,34,6,45,31,7,2a2742010b3f20f3e0b7616f059bcf47256e350d22af5b1d3a055aa5eee736e9
W9_Q04,STRUCT_R2,3,6,980584,5832,0,2,6,1,7,112,4,4,1,7,7e3f7232eefdc535f0f8be36c1c724fab7de36a2740821784506d96a09bd30b3
W4_Q08,STRUCT_R2,3,6,2285254,13796,0,0,34,2,68,266,14,263,31,36,310b652f3a487a64261e67b69ca4bd659f7cd91c74be37afd64d6187457e8bdc
W8_Q16,ALGSTRUCT,3,6,2201476,6482,16,1,29,1,55,178,10,168,63,30,d68e12eaec95eadd08fb1ce8e6c0dcfc893de77e4c3d4f5a64bb4b4ee29b64b3
W7_Q08,ALGSTRUCT,3,6,416977,1592,0,0,12,0,28,10,6,15,4,12,d13ad2add4e1d9cb21c441a8963ffbcf5f462a05d4f61331fa56b7c117fe58d1
W5_Q04,STRUCT_R2,3,6,312422,2445,0,0,12,0,12,4,10,34,4,12,233b80e0525d1c617459998a8c1e1bc9855a2c2b10f43c6fd42648b8adae0248
W9_Q08,OFF,3,6,905398,5944,0,0,10,0,24,384,4,4,1,10,ae43d04dfb0cf7afbfdc83558714cd1da89c64e7c6d49325a19de9764156762a
W2_Q02,ALGSTRUCT,3,6,332293,1574,2,0,4,1,7,3,5,14,4,5,d8adac9423435c6f23a5e314f4d31430db516714fee41508dcac1bc6af0e6f0c
W6_Q04,STRUCT,3,6,398847,1779,0,0,6,2,16,6,6,15,5,8,463695b346924b3ce3bfd76bc311a5cc5d47fb033482cc22912fc407e8f09fdf
W8_Q08,OFF,3,6,1169784,5963,0,0,21,2,48,171,11,169,63,23,6202056e7f9106d89fc2c03650e5a38d69f704cc369ba9e689bf413e5f7173e1
W8_Q32,STRUCT,3,6,2881783,8241,0,0,45,2,120,195,11,169,63,47,257e33fe42ff72054f90b0755280d3b57f6dc95e0ff488350c7a08c8fa00e255
W9_Q04,STRUCT_R1,3,6,1102302,5520,0,0,6,2,10,160,4,4,1,8,a25fcd6d9b6930c5a5e472a5d4b9da9d0423cec22fe64a49a0e3364286ad6c7b
W3_d2,STRUCT,3,6,954063,2760,0,0,11,5,35,13,10,29,5,16,bb512a3ef0db77c97656c90a9544f5958e4b52748f6a43bfdbc34ec450c82e91
W8_Q01,STRUCT_R1,3,6,1087379,5535,1,0,14,1,25,163,10,168,63,15,fdd35fe24122be542f9944d55e73c67d2cd28afd3fd1ff25e723a080e5d2dad8
W6_Q08,STRUCT_R2,3,6,560754,2055,0,0,10,2,28,10,6,15,5,12,0d426ef82e54bf37e16bebf86ad11b160059eb28202264ca816d50ab17a2aa06
W4_Q16,ALGSTRUCT,3,6,7046276,25815,16,0,66,1,115,529,21,510,31,67,c4cb6b036cc3a61a0d0502a6d94307b09dd7e159ba9b445a83ebed14f5c8ebe1
W6_Q16,STRUCT_R1,3,6,997655,2167,0,0,18,2,52,18,6,15,5,20,bb0755604375307ff8e5fd09781b80b224d9ab98fa75fb51387fe44cb24e3726
W8_Q32,STRUCT_R1,3,6,3823349,8332,32,0,45,1,87,194,10,168,63,46,45e69b1796e998f7df6d485c516cc0751375b53ec01f0a7673d473a9ec217a0e
W1,STRUCT,3,6,258570,1594,0,0,3,2,7,3,6,15,4,5,4b26ed307e0166f8d1fa59ea1e874899e41c5fd882be9ef62f84eb3685bb70b7
W7_Q16,OFF,3,6,472456,2372,0,0,20,0,52,18,6,15,4,20,352ecf90b67b0a72cf480d5f2990d3ea8f45c0a65a2644e7a858b4f181627dcb
W7_Q02,STRUCT_R2,3,6,242053,1667,0,0,6,0,10,4,6,15,4,6,b1d2efac79748ca32ad60ca241d894721be3c3795c13e31e47e01dad1cb5a5f1
W4_Q32,STRUCT_R1,3,6,18318083,53462,32,0,130,1,227,1057,37,1006,31,131,4a5be56a553c6df341c1f260562041444c20a964d5f4f3916c7966ddd0bae2e9
W7_Q01,STRUCT_R1,3,6,221591,1370,0,0,5,0,7,3,6,15,4,5,70f8123fffd2af37d12a00e22d9841098c66a489d4953aae174ab2cb5014e5d7
W8_Q32,OFF,3,6,2323143,8166,0,0,45,2,120,195,11,169,63,47,257e33fe42ff72054f90b0755280d3b57f6dc95e0ff488350c7a08c8fa00e255
W6_Q16,STRUCT_R2,3,6,960231,2444,0,0,18,2,52,18,6,15,5,20,bb0755604375307ff8e5fd09781b80b224d9ab98fa75fb51387fe44cb24e3726
W7_Q32,STRUCT_R1,3,6,1176709,3167,0,0,36,0,100,34,6,15,4,36,6bdf3735d7ed12e047353d97f7fd342934c808ba421573c6cd2474dd612f37b1
W8_Q02,OFF,3,6,826083,4982,0,0,15,2,30,165,11,169,63,17,ab8e72a97eeddaf640fa9d87846837b35913b3b9a7916818e4653a499fd7cc9a
W5_Q02,ALGSTRUCT,3,6,225980,1629,0,0,6,0,6,2,6,18,4,6,e7741c936508103b2af3b934e316124eac7bac4773e716fb634bafee4047c0e4
W7_Q04,OFF,3,6,212424,1740,0,0,8,0,16,6,6,15,4,8,64eb05b2d681af147811cd64dc0e11be812cb48952e297a71fcf6d3c013ba4a0
W1,OFF,3,6,200294,1538,0,0,3,2,7,3,6,15,4,5,4b26ed307e0166f8d1fa59ea1e874899e41c5fd882be9ef62f84eb3685bb70b7
W5_Q02,STRUCT_R1,3,6,227070,1464,0,0,6,0,6,2,6,18,4,6,e7741c936508103b2af3b934e316124eac7bac4773e716fb634bafee4047c0e4
W6_Q32,STRUCT,3,6,1864146,3334,0,0,34,2,100,34,6,15,5,36,e27ba2fd4a248e13e86f6fd51f6578ca7bbe37b27fb6c62f3d2e37c16ce58156
W3_d2,OFF,3,6,773585,2666,0,0,11,5,35,13,10,29,5,16,bb512a3ef0db77c97656c90a9544f5958e4b52748f6a43bfdbc34ec450c82e91
W5_Q08,ALGSTRUCT,3,6,539494,3056,0,0,24,0,24,8,18,66,4,24,1ec99f8159a9bf9f7216cbde66142ab941580d932ab53b67181d9941e08515a5
W4_Q32,ALGSTRUCT,3,6,18898651,54498,32,0,130,1,227,1057,37,1006,31,131,4a5be56a553c6df341c1f260562041444c20a964d5f4f3916c7966ddd0bae2e9
W2_Q04,STRUCT,3,6,398830,1814,0,0,6,2,16,6,6,15,4,8,b8312387bf162a1452336c9e9e40ef1298c4a5b22cc87b54f4215f6e91104b3c
W4_Q08,STRUCT,3,6,2299419,13593,0,0,34,2,68,266,14,263,31,36,310b652f3a487a64261e67b69ca4bd659f7cd91c74be37afd64d6187457e8bdc
W7_Q32,STRUCT,3,6,1114969,3112,0,0,36,0,100,34,6,15,4,36,6bdf3735d7ed12e047353d97f7fd342934c808ba421573c6cd2474dd612f37b1
W6_Q32,STRUCT_R2,3,6,1852740,3518,0,0,34,2,100,34,6,15,5,36,e27ba2fd4a248e13e86f6fd51f6578ca7bbe37b27fb6c62f3d2e37c16ce58156
W5_Q32,STRUCT_R2,3,6,2052792,10223,0,0,96,0,96,32,66,258,4,96,ad908136f049b66ae4b1e1c3f252d7a2ebead009fab3f7177d4babd24fcbec6a
W8_Q08,STRUCT,3,6,1437134,6740,0,0,21,2,48,171,11,169,63,23,6202056e7f9106d89fc2c03650e5a38d69f704cc369ba9e689bf413e5f7173e1
W6_Q02,OFF,3,6,244497,1759,0,0,4,2,10,4,6,15,5,6,d26b7c6c44eb2ae1342ad0eacde318e4485f70f1e0c22f44dc171d7c0f11f2c5
W2_Q01,STRUCT_R1,3,6,273979,1333,1,0,3,1,5,2,5,14,4,4,2474f5c3c44c2292e8653ad95f4f21ec80fa6c72b730d7761807baa6c04c0270
W8_Q16,OFF,3,6,1493262,7092,0,0,29,2,72,179,11,169,63,31,75d1b16c15c201143eb0f00e84429326ead193544062ed0323b47e7914fd575d
W8_Q02,STRUCT_R2,3,6,1052416,5462,0,1,15,2,30,165,11,169,63,17,ab8e72a97eeddaf640fa9d87846837b35913b3b9a7916818e4653a499fd7cc9a
W7_Q08,STRUCT_R2,3,6,395810,1926,0,0,12,0,28,10,6,15,4,12,d13ad2add4e1d9cb21c441a8963ffbcf5f462a05d4f61331fa56b7c117fe58d1
W8_Q02,ALGSTRUCT,3,6,1164562,5185,2,1,15,1,27,164,10,168,63,16,652ea2e2db2a8b59e1a2373d0aa09bb6194a7176cb3cd104297a14f7ef235e6b
W9_Q16,STRUCT,3,6,2778582,8815,0,0,18,2,22,352,4,4,1,20,ff9866380da95df98e4375770d21fe162b02c0b8b05b75e939b18d0d711c4c04
W3_d1,ALGSTRUCT,3,6,584883,1537,8,0,10,1,19,9,5,14,4,11,51eaee63f5c885c3fa7e71093e89c7ff61bea1c09d51d95c588c39ddf452f383
W7_Q04,STRUCT,3,6,292720,1462,0,0,8,0,16,6,6,15,4,8,64eb05b2d681af147811cd64dc0e11be812cb48952e297a71fcf6d3c013ba4a0
W3_d3,OFF,3,6,1161117,2500,0,0,12,8,42,16,14,46,8,20,d0de00aa950042ce2df3a1aacd87b83395b88f62201b4b0ee4f6f67dba5bbb2b
W4_Q04,STRUCT_R1,3,6,1487336,6333,4,0,18,1,31,133,9,138,31,19,fc880fdc081349aa9e95db821628814a11fa6271dfea15fd511d230a5fbbf819
W8_Q04,STRUCT_R1,3,6,1282060,5593,4,0,17,1,31,166,10,168,63,18,1ff2b9471d9cd2dd9078b74afc728460463e46c3102cf6da6b805d7f73e4899a
W8_Q02,STRUCT_R1,3,6,1166022,5261,2,0,15,1,27,164,10,168,63,16,652ea2e2db2a8b59e1a2373d0aa09bb6194a7176cb3cd104297a14f7ef235e6b
W8_Q32,STRUCT_R2,3,6,2787730,8333,0,1,45,2,120,195,11,169,63,47,257e33fe42ff72054f90b0755280d3b57f6dc95e0ff488350c7a08c8fa00e255
W5_Q02,OFF,3,6,156684,1685,0,0,6,0,6,2,6,18,4,6,e7741c936508103b2af3b934e316124eac7bac4773e716fb634bafee4047c0e4
W6_Q01,STRUCT_R1,3,6,264479,1444,0,0,3,2,7,3,6,15,5,5,ef852aa19070a90d167a6fc211683b2bbb6401671f4212d90e23806d1620b62f
W2_Q01,ALGSTRUCT,3,6,276794,1240,1,0,3,1,5,2,5,14,4,4,2474f5c3c44c2292e8653ad95f4f21ec80fa6c72b730d7761807baa6c04c0270
W6_Q04,STRUCT_R2,3,6,397866,1685,0,0,6,2,16,6,6,15,5,8,463695b346924b3ce3bfd76bc311a5cc5d47fb033482cc22912fc407e8f09fdf
W5_Q08,OFF,3,6,432180,3222,0,0,24,0,24,8,18,66,4,24,1ec99f8159a9bf9f7216cbde66142ab941580d932ab53b67181d9941e08515a5
W7_Q32,OFF,3,6,881861,3370,0,0,36,0,100,34,6,15,4,36,6bdf3735d7ed12e047353d97f7fd342934c808ba421573c6cd2474dd612f37b1
W5_Q04,ALGSTRUCT,3,6,322885,1852,0,0,12,0,12,4,10,34,4,12,233b80e0525d1c617459998a8c1e1bc9855a2c2b10f43c6fd42648b8adae0248
W4_Q02,STRUCT,3,6,697381,3667,0,0,10,2,20,68,8,77,31,12,c082fb0620ac05b05065135ca996c9564b57d8a79b47964aa54b86c16cd0659f
W3_d2,ALGSTRUCT,3,6,995675,1926,9,0,11,3,24,11,8,27,5,14,b3a60a0bc9bb1633f8ca67743fa2b43eea5f58f8a512cbf173b181d8c20dfa68
W2_Q01,STRUCT,3,6,261126,1445,0,0,3,2,7,3,6,15,4,5,fb4f50a52888382fd35dda056767f1188dd59b0b7db5fbe2928a5afbf6bf9f5b
W8_Q04,OFF,3,6,942897,6019,0,0,17,2,36,167,11,169,63,19,683043cf53c296ea0d43a0c383a5a5aa5dfae2adbc542c677c919239829da206
W6_Q08,ALGSTRUCT,3,6,596641,2297,0,0,10,2,28,10,6,15,5,12,0d426ef82e54bf37e16bebf86ad11b160059eb28202264ca816d50ab17a2aa06
W5_Q01,STRUCT_R2,3,6,182146,1556,0,0,3,0,3,1,4,10,4,3,7528d1a80da7ce6bed6c3efbaad136c6b237adf54f46f512a5fe79019bfef2ec
W7_Q08,STRUCT_R1,3,6,409108,1721,0,0,12,0,28,10,6,15,4,12,d13ad2add4e1d9cb21c441a8963ffbcf5f462a05d4f61331fa56b7c117fe58d1
W2_Q32,STRUCT_R2,3,6,1830926,3258,0,0,34,2,100,34,6,15,4,36,ead1d2e3154b72c47159b745145cb82392c282dcdeeba0e877b2291c8ed45d37
W4_Q02,STRUCT_R2,3,6,684732,4001,0,0,10,2,20,68,8,77,31,12,c082fb0620ac05b05065135ca996c9564b57d8a79b47964aa54b86c16cd0659f
W7_Q02,OFF,3,6,171203,1647,0,0,6,0,10,4,6,15,4,6,b1d2efac79748ca32ad60ca241d894721be3c3795c13e31e47e01dad1cb5a5f1
W7_Q08,OFF,3,6,291830,1778,0,0,12,0,28,10,6,15,4,12,d13ad2add4e1d9cb21c441a8963ffbcf5f462a05d4f61331fa56b7c117fe58d1
W2_Q04,OFF,3,6,314495,1760,0,0,6,2,16,6,6,15,4,8,b8312387bf162a1452336c9e9e40ef1298c4a5b22cc87b54f4215f6e91104b3c
W9_Q01,STRUCT_R2,3,6,334200,3519,0,0,3,0,3,48,4,4,1,3,6e63c0dab5f8b29ef9d1440bcd3711746464b7521a4243c8d32e03504a6224d2
W3_d3,STRUCT_R2,3,6,1395579,2610,0,0,12,8,42,16,14,46,8,20,d0de00aa950042ce2df3a1aacd87b83395b88f62201b4b0ee4f6f67dba5bbb2b
W4_Q32,OFF,3,6,8459652,65609,0,0,130,2,260,1058,38,1007,31,132,068ad024181661f75503372002890dd704cd730c5fc591fd65590a6d532c145d
W9_Q04,OFF,3,6,604735,4889,0,0,6,0,12,192,4,4,1,6,6dad93323aff1013501fa90b58e0e48741ec6d807386799264c78a900e9e11d0
W8_Q01,STRUCT,3,6,993564,5851,0,0,14,2,27,164,11,169,63,16,7b06ec78e125033330eb86a638ef113771be6d17e66ade996d2cadaa30e562a7
W6_Q02,STRUCT_R2,3,6,313071,1722,0,0,4,2,10,4,6,15,5,6,d26b7c6c44eb2ae1342ad0eacde318e4485f70f1e0c22f44dc171d7c0f11f2c5
W4_Q16,STRUCT_R1,3,6,7082813,25685,16,0,66,1,115,529,21,510,31,67,c4cb6b036cc3a61a0d0502a6d94307b09dd7e159ba9b445a83ebed14f5c8ebe1
W6_Q02,ALGSTRUCT,3,6,320608,1370,0,0,4,2,10,4,6,15,5,6,d26b7c6c44eb2ae1342ad0eacde318e4485f70f1e0c22f44dc171d7c0f11f2c5
W9_Q02,OFF,3,6,344848,3945,0,0,4,0,6,96,4,4,1,4,f59554bf6b558dac39020afcdc9d3261e3c200f0f612cb6818827b31bbda0408
W7_Q02,STRUCT_R1,3,6,248609,1463,0,0,6,0,10,4,6,15,4,6,b1d2efac79748ca32ad60ca241d894721be3c3795c13e31e47e01dad1cb5a5f1
W7_Q04,STRUCT_R2,3,6,286182,1519,0,0,8,0,16,6,6,15,4,8,64eb05b2d681af147811cd64dc0e11be812cb48952e297a71fcf6d3c013ba4a0
W9_Q32,STRUCT_R2,3,6,5048889,13576,0,16,34,1,35,560,4,4,1,35,678046e55883cc9fe207429daab5f5da66bcc2178ee01574697097ddff7f102c
W2_Q04,ALGSTRUCT,3,6,407070,1815,4,0,6,1,11,5,5,14,4,7,e3e1c95caf3c6465ad04568b51f69fe26be853a4ad44521756f63edd123351f8
W5_Q01,ALGSTRUCT,3,6,183072,1426,0,0,3,0,3,1,4,10,4,3,7528d1a80da7ce6bed6c3efbaad136c6b237adf54f46f512a5fe79019bfef2ec
W5_Q04,STRUCT,3,6,313236,2297,0,0,12,0,12,4,10,34,4,12,233b80e0525d1c617459998a8c1e1bc9855a2c2b10f43c6fd42648b8adae0248
W4_Q01,STRUCT_R2,3,6,436886,2702,0,0,6,2,12,35,7,46,31,8,c1c4e28384d704fc6572f4a795b1b9dcd23dd585446058743d09154ee63f83a5
W3_d1,OFF,3,6,449255,1833,0,0,10,2,28,10,6,15,4,12,a54c74b256ab2c5cf00e4072ff680215ee9ddba8ea28d33e07bfd46dd0370227
W2_Q16,STRUCT_R1,4,6,1039804,2018,16,0,18,1,35,17,5,14,4,19,6874ea3fe8a08c7af5d8752f9a4557e5d01bc066a937913a1e427661cbb540c4
W9_Q32,OFF,4,6,3443889,15093,0,0,34,0,96,1536,4,4,1,34,13dfd65212c03f91a3168cac28f16ba616ce21a6c4d7fb7bf5b25f0167fbc71b
W2_Q32,OFF,4,6,1532465,3222,0,0,34,2,100,34,6,15,4,36,ead1d2e3154b72c47159b745145cb82392c282dcdeeba0e877b2291c8ed45d37
W8_Q32,STRUCT_R2,4,6,2811711,8555,0,1,45,2,120,195,11,169,63,47,257e33fe42ff72054f90b0755280d3b57f6dc95e0ff488350c7a08c8fa00e255
W7_Q02,STRUCT_R2,4,6,244700,1556,0,0,6,0,10,4,6,15,4,6,b1d2efac79748ca32ad60ca241d894721be3c3795c13e31e47e01dad1cb5a5f1
W2_Q16,STRUCT,4,6,985118,2241,0,0,18,2,52,18,6,15,4,20,f53a43e02a6f7be38b5d23a92cce7a6f0c7e7deac086e97841ea021c93a5a893
W8_Q02,STRUCT_R1,4,6,1164063,5295,2,0,15,1,27,164,10,168,63,16,652ea2e2db2a8b59e1a2373d0aa09bb6194a7176cb3cd104297a14f7ef235e6b
W3_d1,ALGSTRUCT,4,6,582141,1667,8,0,10,1,19,9,5,14,4,11,51eaee63f5c885c3fa7e71093e89c7ff61bea1c09d51d95c588c39ddf452f383
W4_Q16,STRUCT_R1,4,6,7082868,26315,16,0,66,1,115,529,21,510,31,67,c4cb6b036cc3a61a0d0502a6d94307b09dd7e159ba9b445a83ebed14f5c8ebe1
W4_Q01,STRUCT,4,6,441290,2631,0,0,6,2,12,35,7,46,31,8,c1c4e28384d704fc6572f4a795b1b9dcd23dd585446058743d09154ee63f83a5
W9_Q32,STRUCT_R1,4,6,5169964,14481,0,0,34,2,38,608,4,4,1,36,f9b4de382a62f7ddf0ae716d829e6d3204b079918eba11b5d003aed0f308e9a0
W5_Q16,STRUCT_R2,4,6,973490,5759,0,0,48,0,48,16,34,130,4,48,15f4ec0f61204d6ef15a655140c1c86c7248fc9deed8e4c09ef3081b8b94fb64
W4_Q32,ALGSTRUCT,4,6,18357304,52592,32,0,130,1,227,1057,37,1006,31,131,4a5be56a553c6df341c1f260562041444c20a964d5f4f3916c7966ddd0bae2e9
W8_Q01,ALGSTRUCT,4,6,1097877,5648,1,1,14,1,25,163,10,168,63,15,fdd35fe24122be542f9944d55e73c67d2cd28afd3fd1ff25e723a080e5d2dad8
W7_Q32,STRUCT_R2,4,6,1143951,3481,0,0,36,0,100,34,6,15,4,36,6bdf3735d7ed12e047353d97f7fd342934c808ba421573c6cd2474dd612f37b1
W7_Q16,STRUCT_R2,4,6,613697,2037,0,0,20,0,52,18,6,15,4,20,352ecf90b67b0a72cf480d5f2990d3ea8f45c0a65a2644e7a858b4f181627dcb
W6_Q32,STRUCT_R2,4,6,1851996,3410,0,0,34,2,100,34,6,15,5,36,e27ba2fd4a248e13e86f6fd51f6578ca7bbe37b27fb6c62f3d2e37c16ce58156
W4_Q02,STRUCT_R1,4,6,786101,3372,2,0,10,1,17,67,7,76,31,11,056c94f2139c9e918446fe4f786e56b203a4febdd7cdb7d162e2b0323db5a772
W5_Q16,OFF,4,6,842064,4779,0,0,48,0,48,16,34,130,4,48,15f4ec0f61204d6ef15a655140c1c86c7248fc9deed8e4c09ef3081b8b94fb64
W2_Q01,STRUCT,4,6,260960,1352,0,0,3,2,7,3,6,15,4,5,fb4f50a52888382fd35dda056767f1188dd59b0b7db5fbe2928a5afbf6bf9f5b
W8_Q02,ALGSTRUCT,4,6,1152655,5518,2,1,15,1,27,164,10,168,63,16,652ea2e2db2a8b59e1a2373d0aa09bb6194a7176cb3cd104297a14f7ef235e6b
W8_Q16,STRUCT,4,6,1853796,7129,0,0,29,2,72,179,11,169,63,31,75d1b16c15c201143eb0f00e84429326ead193544062ed0323b47e7914fd575d
W9_Q08,STRUCT_R2,4,6,1457466,6130,0,4,10,1,11,176,4,4,1,11,f0aee4c6a6b6511ecbc27f2fc4ef3f688cd044d5f143461208ceed4e1cea64ae
W7_Q32,OFF,4,6,880046,3259,0,0,36,0,100,34,6,15,4,36,6bdf3735d7ed12e047353d97f7fd342934c808ba421573c6cd2474dd612f37b1
W7_Q08,OFF,4,6,298036,2295,0,0,12,0,28,10,6,15,4,12,d13ad2add4e1d9cb21c441a8963ffbcf5f462a05d4f61331fa56b7c117fe58d1
W5_Q16,ALGSTRUCT,4,6,1011174,4352,0,0,48,0,48,16,34,130,4,48,15f4ec0f61204d6ef15a655140c1c86c7248fc9deed8e4c09ef3081b8b94fb64
W1,ALGSTRUCT,4,6,277628,1110,1,0,3,1,5,2,5,14,4,4,ddbc64bc70e115337e04b3ee4eac0b96e81aea703c916cfeea2e2366190e3210
W5_Q08,STRUCT_R1,4,6,531810,2425,0,0,24,0,24,8,18,66,4,24,1ec99f8159a9bf9f7216cbde66142ab941580d932ab53b67181d9941e08515a5
W7_Q04,STRUCT_R1,4,6,295405,1296,0,0,8,0,16,6,6,15,4,8,64eb05b2d681af147811cd64dc0e11be812cb48952e297a71fcf6d3c013ba4a0
W6_Q02,OFF,4,6,238608,1482,0,0,4,2,10,4,6,15,5,6,d26b7c6c44eb2ae1342ad0eacde318e4485f70f1e0c22f44dc171d7c0f11f2c5
W4_Q01,STRUCT_R2,4,6,445735,2334,0,0,6,2,12,35,7,46,31,8,c1c4e28384d704fc6572f4a795b1b9dcd23dd585446058743d09154ee63f83a5
W6_Q01,STRUCT_R2,4,6,261646,1462,0,0,3,2,7,3,6,15,5,5,ef852aa19070a90d167a6fc211683b2bbb6401671f4212d90e23806d1620b62f
W3_d1,STRUCT_R1,4,6,583735,1537,8,0,10,1,19,9,5,14,4,11,51eaee63f5c885c3fa7e71093e89c7ff61bea1c09d51d95c588c39ddf452f383
W2_Q01,STRUCT_R2,4,6,262776,1258,0,0,3,2,7,3,6,15,4,5,fb4f50a52888382fd35dda056767f1188dd59b0b7db5fbe2928a5afbf6bf9f5b
W9_Q01,STRUCT_R2,4,6,338033,3908,0,0,3,0,3,48,4,4,1,3,6e63c0dab5f8b29ef9d1440bcd3711746464b7521a4243c8d32e03504a6224d2
W7_Q08,STRUCT_R2,4,6,396607,1722,0,0,12,0,28,10,6,15,4,12,d13ad2add4e1d9cb21c441a8963ffbcf5f462a05d4f61331fa56b7c117fe58d1
W2_Q04,STRUCT,4,6,405513,1575,0,0,6,2,16,6,6,15,4,8,b8312387bf162a1452336c9e9e40ef1298c4a5b22cc87b54f4215f6e91104b3c
W6_Q02,STRUCT_R2,4,6,311553,1629,0,0,4,2,10,4,6,15,5,6,d26b7c6c44eb2ae1342ad0eacde318e4485f70f1e0c22f44dc171d7c0f11f2c5
W2_Q04,OFF,4,6,314795,1720,0,0,6,2,16,6,6,15,4,8,b8312387bf162a1452336c9e9e40ef1298c4a5b22cc87b54f4215f6e91104b3c
W2_Q08,STRUCT_R1,4,6,582994,1574,8,0,10,1,19,9,5,14,4,11,28ef291bdbdabd5779860a9dac095bdb774cc930b18dec6f9c7bf13df75550d2
W2_Q02,STRUCT,4,6,308366,1686,0,0,4,2,10,4,6,15,4,6,002b88cffa362a25f201c7342c0d49bad4cd7fb10998ad8823a39c11beee6d88
W5_Q01,ALGSTRUCT,4,6,184665,1185,0,0,3,0,3,1,4,10,4,3,7528d1a80da7ce6bed6c3efbaad136c6b237adf54f46f512a5fe79019bfef2ec
W5_Q04,STRUCT,4,6,313348,1834,0,0,12,0,12,4,10,34,4,12,233b80e0525d1c617459998a8c1e1bc9855a2c2b10f43c6fd42648b8adae0248
W4_Q02,OFF,4,6,570789,3964,0,0,10,2,20,68,8,77,31,12,c082fb0620ac05b05065135ca996c9564b57d8a79b47964aa54b86c16cd0659f
W2_Q02,ALGSTRUCT,4,6,324719,1296,2,0,4,1,7,3,5,14,4,5,d8adac9423435c6f23a5e314f4d31430db516714fee41508dcac1bc6af0e6f0c
W9_Q08,STRUCT_R1,4,6,1566984,6537,0,0,10,2,14,224,4,4,1,12,4c97cc82f3dbf6bc2a6de325d199b0cb65ffca732846069f84ea5618bb19fcfd
W6_Q01,OFF,4,6,193867,1445,0,0,3,2,7,3,6,15,5,5,ef852aa19070a90d167a6fc211683b2bbb6401671f4212d90e23806d1620b62f
W8_Q01,STRUCT_R2,4,6,1015156,6111,0,1,14,2,27,164,11,169,63,16,7b06ec78e125033330eb86a638ef113771be6d17e66ade996d2cadaa30e562a7
W5_Q08,ALGSTRUCT,4,6,544697,2649,0,0,24,0,24,8,18,66,4,24,1ec99f8159a9bf9f7216cbde66142ab941580d932ab53b67181d9941e08515a5
W5_Q01,OFF,4,6,125499,1741,0,0,3,0,3,1,4,10,4,3,7528d1a80da7ce6bed6c3efbaad136c6b237adf54f46f512a5fe79019bfef2ec
W6_Q02,ALGSTRUCT,4,6,319423,1389,0,0,4,2,10,4,6,15,5,6,d26b7c6c44eb2ae1342ad0eacde318e4485f70f1e0c22f44dc171d7c0f11f2c5
W8_Q08,ALGSTRUCT,4,6,1630022,5609,8,1,21,1,39,170,10,168,63,22,dfb50a16d91192e00318e4ac61c06d5403d37554d2e61726115b9e5e96a90617
W3_d2,ALGSTRUCT,4,6,979915,2130,9,0,11,3,24,11,8,27,5,14,b3a60a0bc9bb1633f8ca67743fa2b43eea5f58f8a512cbf173b181d8c20dfa68
W6_Q01,STRUCT_R1,4,6,262386,1315,0,0,3,2,7,3,6,15,5,5,ef852aa19070a90d167a6fc211683b2bbb6401671f4212d90e23806d1620b62f
W7_Q01,OFF,4,6,157110,1796,0,0,5,0,7,3,6,15,4,5,70f8123fffd2af37d12a00e22d9841098c66a489d4953aae174ab2cb5014e5d7
W5_Q04,STRUCT_R1,4,6,319367,1908,0,0,12,0,12,4,10,34,4,12,233b80e0525d1c617459998a8c1e1bc9855a2c2b10f43c6fd42648b8adae0248
W3_d2,OFF,4,6,774566,2333,0,0,11,5,35,13,10,29,5,16,bb512a3ef0db77c97656c90a9544f5958e4b52748f6a43bfdbc34ec450c82e91
W6_Q04,STRUCT_R1,4,6,404311,1499,0,0,6,2,16,6,6,15,5,8,463695b346924b3ce3bfd76bc311a5cc5d47fb033482cc22912fc407e8f09fdf
W2_Q02,OFF,4,6,240017,1832,0,0,4,2,10,4,6,15,4,6,002b88cffa362a25f201c7342c0d49bad4cd7fb10998ad8823a39c11beee6d88
W8_Q08,STRUCT_R2,4,6,1442633,6334,0,1,21,2,48,171,11,169,63,23,6202056e7f9106d89fc2c03650e5a38d69f704cc369ba9e689bf413e5f7173e1
W3_d3,OFF,4,6,1177968,2945,0,0,12,8,42,16,14,46,8,20,d0de00aa950042ce2df3a1aacd87b83395b88f62201b4b0ee4f6f67dba5bbb2b
W7_Q04,STRUCT_R2,4,6,285218,1556,0,0,8,0,16,6,6,15,4,8,64eb05b2d681af147811cd64dc0e11be812cb48952e297a71fcf6d3c013ba4a0
W3_d3,STRUCT,4,6,1407409,2816,0,0,12,8,42,16,14,46,8,20,d0de00aa950042ce2df3a1aacd87b83395b88f62201b4b0ee4f6f67dba5bbb2b
W9_Q32,STRUCT,4,6,5201962,14057,0,0,34,2,38,608,4,4,1,36,f9b4de382a62f7ddf0ae716d829e6d3204b079918eba11b5d003aed0f308e9a0
W5_Q08,STRUCT_R2,4,6,517772,2537,0,0,24,0,24,8,18,66,4,24,1ec99f8159a9bf9f7216cbde66142ab941580d932ab53b67181d9941e08515a5
W9_Q02,STRUCT_R2,4,6,634568,3648,0,1,4,1,5,80,4,4,1,5,a250745debd6fd7cf3585f94dfa2ad7178c8b7c572e5ce15f0467c48475c0e9a
W6_Q16,STRUCT_R1,4,6,1000602,2295,0,0,18,2,52,18,6,15,5,20,bb0755604375307ff8e5fd09781b80b224d9ab98fa75fb51387fe44cb24e3726
W6_Q04,STRUCT_R2,4,6,397665,1572,0,0,6,2,16,6,6,15,5,8,463695b346924b3ce3bfd76bc311a5cc5d47fb033482cc22912fc407e8f09fdf
W4_Q32,OFF,4,6,8504779,69185,0,0,130,2,260,1058,38,1007,31,132,068ad024181661f75503372002890dd704cd730c5fc591fd65590a6d532c145d
W5_Q01,STRUCT_R1,4,6,186740,1388,0,0,3,0,3,1,4,10,4,3,7528d1a80da7ce6bed6c3efbaad136c6b237adf54f46f512a5fe79019bfef2ec
W2_Q16,STRUCT_R2,4,6,977026,2297,0,0,18,2,52,18,6,15,4,20,f53a43e02a6f7be38b5d23a92cce7a6f0c7e7deac086e97841ea021c93a5a893
W5_Q02,ALGSTRUCT,4,6,225830,1556,0,0,6,0,6,2,6,18,4,6,e7741c936508103b2af3b934e316124eac7bac4773e716fb634bafee4047c0e4
W4_Q08,ALGSTRUCT,4,6,2986952,13739,8,0,34,1,59,265,13,262,31,35,0d7db8d8f19881c77c6e7cd19e1f9d024ea9973fae56dbdbc00db2eeaa790340
W8_Q02,STRUCT_R2,4,6,1049267,5592,0,1,15,2,30,165,11,169,63,17,ab8e72a97eeddaf640fa9d87846837b35913b3b9a7916818e4653a499fd7cc9a
W5_Q32,STRUCT,4,6,1972274,11130,0,0,96,0,96,32,66,258,4,96,ad908136f049b66ae4b1e1c3f252d7a2ebead009fab3f7177d4babd24fcbec6a
W2_Q16,ALGSTRUCT,4,6,1055285,1814,16,0,18,1,35,17,5,14,4,19,6874ea3fe8a08c7af5d8752f9a4557e5d01bc066a937913a1e427661cbb540c4
W5_Q16,STRUCT,4,6,985601,4981,0,0,48,0,48,16,34,130,4,48,15f4ec0f61204d6ef15a655140c1c86c7248fc9deed8e4c09ef3081b8b94fb64
W6_Q16,ALGSTRUCT,4,6,1025544,2223,0,0,18,2,52,18,6,15,5,20,bb0755604375307ff8e5fd09781b80b224d9ab98fa75fb51387fe44cb24e3726
W6_Q32,STRUCT,4,6,1842721,3204,0,0,34,2,100,34,6,15,5,36,e27ba2fd4a248e13e86f6fd51f6578ca7bbe37b27fb6c62f3d2e37c16ce58156
W7_Q32,ALGSTRUCT,4,6,1160098,3352,0,0,36,0,100,34,6,15,4,36,6bdf3735d7ed12e047353d97f7fd342934c808ba421573c6cd2474dd612f37b1
W5_Q02,STRUCT,4,6,222811,1576,0,0,6,0,6,2,6,18,4,6,e7741c936508103b2af3b934e316124eac7bac4773e716fb634bafee4047c0e4
W2_Q02,STRUCT_R2,4,6,308033,2241,0,0,4,2,10,4,6,15,4,6,002b88cffa362a25f201c7342c0d49bad4cd7fb10998ad8823a39c11beee6d88
W5_Q04,STRUCT_R2,4,6,310496,2000,0,0,12,0,12,4,10,34,4,12,233b80e0525d1c617459998a8c1e1bc9855a2c2b10f43c6fd42648b8adae0248
W7_Q08,ALGSTRUCT,4,6,414143,1538,0,0,12,0,28,10,6,15,4,12,d13ad2add4e1d9cb21c441a8963ffbcf5f462a05d4f61331fa56b7c117fe58d1
W2_Q32,STRUCT,4,6,1842258,3334,0,0,34,2,100,34,6,15,4,36,ead1d2e3154b72c47159b745145cb82392c282dcdeeba0e877b2291c8ed45d37
W7_Q16,STRUCT,4,6,608011,2261,0,0,20,0,52,18,6,15,4,20,352ecf90b67b0a72cf480d5f2990d3ea8f45c0a65a2644e7a858b4f181627dcb
W7_Q02,ALGSTRUCT,4,6,252275,1297,0,0,6,0,10,4,6,15,4,6,b1d2efac79748ca32ad60ca241d894721be3c3795c13e31e47e01dad1cb5a5f1
W9_Q16,ALGSTRUCT,4,6,2635510,8536,0,8,18,1,19,304,4,4,1,19,44cdb1eb48242e36e60587a8e97fc1204f774ee018380c18a625f9abe3ce3ce8
W8_Q32,STRUCT,4,6,2836320,8224,0,0,45,2,120,195,11,169,63,47,257e33fe42ff72054f90b0755280d3b57f6dc95e0ff488350c7a08c8fa00e255
W6_Q04,ALGSTRUCT,4,6,413644,1703,0,0,6,2,16,6,6,15,5,8,463695b346924b3ce3bfd76bc311a5cc5d47fb033482cc22912fc407e8f09fdf
W4_Q04,STRUCT_R1,4,6,1481595,6908,4,0,18,1,31,133,9,138,31,19,fc880fdc081349aa9e95db821628814a11fa6271dfea15fd511d230a5fbbf819
W6_Q08,STRUCT_R2,4,6,568919,1816,0,0,10,2,28,10,6,15,5,12,0d426ef82e54bf37e16bebf86ad11b160059eb28202264ca816d50ab17a2aa06
W8_Q32,STRUCT_R1,4,6,3851366,8315,32,0,45,1,87,194,10,168,63,46,45e69b1796e998f7df6d485c516cc0751375b53ec01f0a7673d473a9ec217a0e
W3_d1,STRUCT,4,6,573939,1796,0,0,10,2,28,10,6,15,4,12,a54c74b256ab2c5cf00e4072ff680215ee9ddba8ea28d33e07bfd46dd0370227
W2_Q04,STRUCT_R2,4,6,400625,2204,0,0,6,2,16,6,6,15,4,8,b8312387bf162a1452336c9e9e40ef1298c4a5b22cc87b54f4215f6e91104b3c
W1,STRUCT_R1,4,6,273090,1389,1,0,3,1,5,2,5,14,4,4,ddbc64bc70e115337e04b3ee4eac0b96e81aea703c916cfeea2e2366190e3210
W8_Q32,ALGSTRUCT,4,6,3867736,8185,32,1,45,1,87,194,10,168,63,46,45e69b1796e998f7df6d485c516cc0751375b53ec01f0a7673d473a9ec217a0e
W9_Q08,ALGSTRUCT,4,6,1467894,6387,0,4,10,1,11,176,4,4,1,11,f0aee4c6a6b6511ecbc27f2fc4ef3f688cd044d5f143461208ceed4e1cea64ae
W1,STRUCT,4,6,267552,1741,0,0,3,2,7,3,6,15,4,5,4b26ed307e0166f8d1fa59ea1e874899e41c5fd882be9ef62f84eb3685bb70b7
W6_Q16,STRUCT,4,6,965211,2463,0,0,18,2,52,18,6,15,5,20,bb0755604375307ff8e5fd09781b80b224d9ab98fa75fb51387fe44cb24e3726
W5_Q16,STRUCT_R1,4,6,1011600,4592,0,0,48,0,48,16,34,130,4,48,15f4ec0f61204d6ef15a655140c1c86c7248fc9deed8e4c09ef3081b8b94fb64
W7_Q04,ALGSTRUCT,4,6,301701,1444,0,0,8,0,16,6,6,15,4,8,64eb05b2d681af147811cd64dc0e11be812cb48952e297a71fcf6d3c013ba4a0
W7_Q16,OFF,4,6,472569,2037,0,0,20,0,52,18,6,15,4,20,352ecf90b67b0a72cf480d5f2990d3ea8f45c0a65a2644e7a858b4f181627dcb
W9_Q16,STRUCT,4,6,2754342,9036,0,0,18,2,22,352,4,4,1,20,ff9866380da95df98e4375770d21fe162b02c0b8b05b75e939b18d0d711c4c04
W4_Q16,STRUCT_R2,4,6,4731190,27852,0,0,66,2,132,530,22,511,31,68,7fbae5656c303ca065341c5db14fa3ef41fb196c82f59bb1c789e1f7b78b0f7a
W4_Q32,STRUCT_R1,4,6,18303841,53000,32,0,130,1,227,1057,37,1006,31,131,4a5be56a553c6df341c1f260562041444c20a964d5f4f3916c7966ddd0bae2e9
W2_Q08,OFF,4,6,446994,2056,0,0,10,2,28,10,6,15,4,12,e121069670786ba8fbe3100d624a17638d4611a34b02647058710f2e3db6a9c9
W8_Q04,STRUCT,4,6,1174580,5945,0,0,17,2,36,167,11,169,63,19,683043cf53c296ea0d43a0c383a5a5aa5dfae2adbc542c677c919239829da206
W4_Q01,OFF,4,6,361939,2779,0,0,6,2,12,35,7,46,31,8,c1c4e28384d704fc6572f4a795b1b9dcd23dd585446058743d09154ee63f83a5
W7_Q02,STRUCT_R1,4,6,250128,1333,0,0,6,0,10,4,6,15,4,6,b1d2efac79748ca32ad60ca241d894721be3c3795c13e31e47e01dad1cb5a5f1
W7_Q02,OFF,4,6,173682,1668,0,0,6,0,10,4,6,15,4,6,b1d2efac79748ca32ad60ca241d894721be3c3795c13e31e47e01dad1cb5a5f1
W2_Q08,STRUCT_R2,4,6,571180,1944,0,0,10,2,28,10,6,15,4,12,e121069670786ba8fbe3100d624a17638d4611a34b02647058710f2e3db6a9c9
W2_Q16,OFF,4,6,790696,2518,0,0,18,2,52,18,6,15,4,20,f53a43e02a6f7be38b5d23a92cce7a6f0c7e7deac086e97841ea021c93a5a893
W6_Q04,STRUCT,4,6,396255,1796,0,0,6,2,16,6,6,15,5,8,463695b346924b3ce3bfd76bc311a5cc5d47fb033482cc22912fc407e8f09fdf
W5_Q32,STRUCT_R2,4,6,2058052,9797,0,0,96,0,96,32,66,258,4,96,ad908136f049b66ae4b1e1c3f252d7a2ebead009fab3f7177d4babd24fcbec6a
W4_Q02,STRUCT,4,6,687400,4055,0,0,10,2,20,68,8,77,31,12,c082fb0620ac05b05065135ca996c9564b57d8a79b47964aa54b86c16cd0659f
W4_Q02,STRUCT_R2,4,6,689271,3870,0,0,10,2,20,68,8,77,31,12,c082fb0620ac05b05065135ca996c9564b57d8a79b47964aa54b86c16cd0659f
W9_Q04,STRUCT_R2,4,6,984231,5573,0,2,6,1,7,112,4,4,1,7,7e3f7232eefdc535f0f8be36c1c724fab7de36a2740821784506d96a09bd30b3
W9_Q04,STRUCT,4,6,1110081,6055,0,0,6,2,10,160,4,4,1,8,a25fcd6d9b6930c5a5e472a5d4b9da9d0423cec22fe64a49a0e3364286ad6c7b
W8_Q04,STRUCT_R1,4,6,1297821,5573,4,0,17,1,31,166,10,168,63,18,1ff2b9471d9cd2dd9078b74afc728460463e46c3102cf6da6b805d7f73e4899a
W8_Q04,ALGSTRUCT,4,6,1307301,5203,4,1,17,1,31,166,10,168,63,18,1ff2b9471d9cd2dd9078b74afc728460463e46c3102cf6da6b805d7f73e4899a
W4_Q08,STRUCT_R1,4,6,2931968,13389,8,0,34,1,59,265,13,262,31,35,0d7db8d8f19881c77c6e7cd19e1f9d024ea9973fae56dbdbc00db2eeaa790340
W8_Q01,OFF,4,6,782565,5648,0,0,14,2,27,164,11,169,63,16,7b06ec78e125033330eb86a638ef113771be6d17e66ade996d2cadaa30e562a7
W8_Q16,STRUCT_R1,4,6,2179218,6444,16,0,29,1,55,178,10,168,63,30,d68e12eaec95eadd08fb1ce8e6c0dcfc893de77e4c3d4f5a64bb4b4ee29b64b3
W5_Q02,STRUCT_R2,4,6,221461,1722,0,0,6,0,6,2,6,18,4,6,e7741c936508103b2af3b934e316124eac7bac4773e716fb634bafee4047c0e4
W4_Q08,STRUCT_R2,4,6,2301716,13833,0,0,34,2,68,266,14,263,31,36,310b652f3a487a64261e67b69ca4bd659f7cd91c74be37afd64d6187457e8bdc
W9_Q32,STRUCT_R2,4,6,5041299,13222,0,16,34,1,35,560,4,4,1,35,678046e55883cc9fe207429daab5f5da66bcc2178ee01574697097ddff7f102c
W4_Q01,STRUCT_R1,4,6,490421,2259,1,0,6,1,10,34,6,45,31,7,2a2742010b3f20f3e0b7616f059bcf47256e350d22af5b1d3a055aa5eee736e9
W8_Q16,ALGSTRUCT,4,6,2189438,6890,16,1,29,1,55,178,10,168,63,30,d68e12eaec95eadd08fb1ce8e6c0dcfc893de77e4c3d4f5a64bb4b4ee29b64b3
W3_d2,STRUCT,4,6,963379,2185,0,0,11,5,35,13,10,29,5,16,bb512a3ef0db77c97656c90a9544f5958e4b52748f6a43bfdbc34ec450c82e91
W3_d3,STRUCT_R1,4,6,1390282,2259,10,0,12,5,29,13,11,43,8,17,16f1a8e88d7f920d91f3a177d0789d4761bf8768a0ac71ebce1f9f2282714954
W9_Q02,ALGSTRUCT,4,6,638789,4519,0,1,4,1,5,80,4,4,1,5,a250745debd6fd7cf3585f94dfa2ad7178c8b7c572e5ce15f0467c48475c0e9a
W7_Q32,STRUCT,4,6,1164525,3630,0,0,36,0,100,34,6,15,4,36,6bdf3735d7ed12e047353d97f7fd342934c808ba421573c6cd2474dd612f37b1
W7_Q01,STRUCT_R2,4,6,225924,1462,0,0,5,0,7,3,6,15,4,5,70f8123fffd2af37d12a00e22d9841098c66a489d4953aae174ab2cb5014e5d7
W4_Q04,ALGSTRUCT,4,6,1466911,7147,4,0,18,1,31,133,9,138,31,19,fc880fdc081349aa9e95db821628814a11fa6271dfea15fd511d230a5fbbf819
W3_d3,ALGSTRUCT,4,6,1415411,2463,10,0,12,5,29,13,11,43,8,17,16f1a8e88d7f920d91f3a177d0789d4761bf8768a0ac71ebce1f9f2282714954
W6_Q16,STRUCT_R2,4,6,972528,2425,0,0,18,2,52,18,6,15,5,20,bb0755604375307ff8e5fd09781b80b224d9ab98fa75fb51387fe44cb24e3726
W6_Q08,STRUCT,4,6,568142,1815,0,0,10,2,28,10,6,15,5,12,0d426ef82e54bf37e16bebf86ad11b160059eb28202264ca816d50ab17a2aa06
W5_Q01,STRUCT_R2,4,6,181924,1556,0,0,3,0,3,1,4,10,4,3,7528d1a80da7ce6bed6c3efbaad136c6b237adf54f46f512a5fe79019bfef2ec
W7_Q01,ALGSTRUCT,4,6,229017,1240,0,0,5,0,7,3,6,15,4,5,70f8123fffd2af37d12a00e22d9841098c66a489d4953aae174ab2cb5014e5d7
W2_Q32,STRUCT_R1,4,6,2230125,3407,32,0,34,1,67,33,5,14,4,35,aa6152b6f2b2227ea71db0831b5f58d2dce2bdcb6db5c4bb5d1fb235d1201ed1
W6_Q02,STRUCT,4,6,312385,1852,0,0,4,2,10,4,6,15,5,6,d26b7c6c44eb2ae1342ad0eacde318e4485f70f1e0c22f44dc171d7c0f11f2c5
W8_Q08,STRUCT,4,6,1459780,6149,0,0,21,2,48,171,11,169,63,23,6202056e7f9106d89fc2c03650e5a38d69f704cc369ba9e689bf413e5f7173e1
W8_Q08,OFF,4,6,1167527,6053,0,0,21,2,48,171,11,169,63,23,6202056e7f9106d89fc2c03650e5a38d69f704cc369ba9e689bf413e5f7173e1
W2_Q08,STRUCT,4,6,566196,2001,0,0,10,2,28,10,6,15,4,12,e121069670786ba8fbe3100d624a17638d4611a34b02647058710f2e3db6a9c9
W7_Q01,STRUCT,4,6,220792,2094,0,0,5,0,7,3,6,15,4,5,70f8123fffd2af37d12a00e22d9841098c66a489d4953aae174ab2cb5014e5d7
W9_Q04,ALGSTRUCT,4,6,975973,5702,0,2,6,1,7,112,4,4,1,7,7e3f7232eefdc535f0f8be36c1c724fab7de36a2740821784506d96a09bd30b3
W2_Q01,OFF,4,6,196182,1741,0,0,3,2,7,3,6,15,4,5,fb4f50a52888382fd35dda056767f1188dd59b0b7db5fbe2928a5afbf6bf9f5b
W4_Q04,STRUCT,4,6,1228392,6650,0,0,18,2,36,134,10,139,31,20,fd25718cb278dfe33c1131161ba4977814e08de24bd73801325a42bf895b4b90
W9_Q16,STRUCT_R2,4,6,2625693,8890,0,8,18,1,19,304,4,4,1,19,44cdb1eb48242e36e60587a8e97fc1204f774ee018380c18a625f9abe3ce3ce8
W7_Q04,STRUCT,4,6,289571,1500,0,0,8,0,16,6,6,15,4,8,64eb05b2d681af147811cd64dc0e11be812cb48952e297a71fcf6d3c013ba4a0
W4_Q32,STRUCT,4,6,9731322,72407,0,0,130,2,260,1058,38,1007,31,132,068ad024181661f75503372002890dd704cd730c5fc591fd65590a6d532c145d
W4_Q04,OFF,4,6,1056064,6573,0,0,18,2,36,134,10,139,31,20,fd25718cb278dfe33c1131161ba4977814e08de24bd73801325a42bf895b4b90
W9_Q08,STRUCT,4,6,1565779,5871,0,0,10,2,14,224,4,4,1,12,4c97cc82f3dbf6bc2a6de325d199b0cb65ffca732846069f84ea5618bb19fcfd
W9_Q08,OFF,4,6,906749,6519,0,0,10,0,24,384,4,4,1,10,ae43d04dfb0cf7afbfdc83558714cd1da89c64e7c6d49325a19de9764156762a
W9_Q02,STRUCT_R1,4,6,476848,3758,0,0,4,0,6,96,4,4,1,4,f59554bf6b558dac39020afcdc9d3261e3c200f0f612cb6818827b31bbda0408
W7_Q16,ALGSTRUCT,4,6,640901,2055,0,0,20,0,52,18,6,15,4,20,352ecf90b67b0a72cf480d5f2990d3ea8f45c0a65a2644e7a858b4f181627dcb
W6_Q02,STRUCT_R1,4,6,316273,1464,0,0,4,2,10,4,6,15,5,6,d26b7c6c44eb2ae1342ad0eacde318e4485f70f1e0c22f44dc171d7c0f11f2c5
W8_Q04,OFF,4,6,939580,5558,0,0,17,2,36,167,11,169,63,19,683043cf53c296ea0d43a0c383a5a5aa5dfae2adbc542c677c919239829da206
W6_Q32,STRUCT_R1,4,6,1913128,3277,0,0,34,2,100,34,6,15,5,36,e27ba2fd4a248e13e86f6fd51f6578ca7bbe37b27fb6c62f3d2e37c16ce58156
W4_Q01,ALGSTRUCT,4,6,494366,2277,1,0,6,1,10,34,6,45,31,7,2a2742010b3f20f3e0b7616f059bcf47256e350d22af5b1d3a055aa5eee736e9
W5_Q04,OFF,4,6,240850,2073,0,0,12,0,12,4,10,34,4,12,233b80e0525d1c617459998a8c1e1bc9855a2c2b10f43c6fd42648b8adae0248
W4_Q16,OFF,4,6,4147068,28925,0,0,66,2,132,530,22,511,31,68,7fbae5656c303ca065341c5db14fa3ef41fb196c82f59bb1c789e1f7b78b0f7a
W2_Q08,ALGSTRUCT,4,6,587031,1611,8,0,10,1,19,9,5,14,4,11,28ef291bdbdabd5779860a9dac095bdb774cc930b18dec6f9c7bf13df75550d2
W8_Q08,STRUCT_R1,4,6,1625522,5665,8,0,21,1,39,170,10,168,63,22,dfb50a16d91192e00318e4ac61c06d5403d37554d2e61726115b9e5e96a90617
W2_Q04,ALGSTRUCT,4,6,415420,1594,4,0,6,1,11,5,5,14,4,7,e3e1c95caf3c6465ad04568b51f69fe26be853a4ad44521756f63edd123351f8
W1,OFF,4,6,198702,1722,0,0,3,2,7,3,6,15,4,5,4b26ed307e0166f8d1fa59ea1e874899e41c5fd882be9ef62f84eb3685bb70b7
W8_Q32,OFF,4,6,2320827,8037,0,0,45,2,120,195,11,169,63,47,257e33fe42ff72054f90b0755280d3b57f6dc95e0ff488350c7a08c8fa00e255
W4_Q04,STRUCT_R2,4,6,1240117,6684,0,0,18,2,36,134,10,139,31,20,fd25718cb278dfe33c1131161ba4977814e08de24bd73801325a42bf895b4b90
W6_Q01,ALGSTRUCT,4,6,281776,1369,0,0,3,2,7,3,6,15,5,5,ef852aa19070a90d167a6fc211683b2bbb6401671f4212d90e23806d1620b62f
W5_Q04,ALGSTRUCT,4,6,320109,1721,0,0,12,0,12,4,10,34,4,12,233b80e0525d1c617459998a8c1e1bc9855a2c2b10f43c6fd42648b8adae0248
W2_Q01,STRUCT_R1,4,6,276514,1372,1,0,3,1,5,2,5,14,4,4,2474f5c3c44c2292e8653ad95f4f21ec80fa6c72b730d7761807baa6c04c0270
W7_Q04,OFF,4,6,207313,1648,0,0,8,0,16,6,6,15,4,8,64eb05b2d681af147811cd64dc0e11be812cb48952e297a71fcf6d3c013ba4a0
W2_Q04,STRUCT_R1,4,6,406329,1222,4,0,6,1,11,5,5,14,4,7,e3e1c95caf3c6465ad04568b51f69fe26be853a4ad44521756f63edd123351f8
W7_Q16,STRUCT_R1,4,6,622233,2019,0,0,20,0,52,18,6,15,4,20,352ecf90b67b0a72cf480d5f2990d3ea8f45c0a65a2644e7a858b4f181627dcb
W9_Q01,STRUCT_R1,4,6,338460,4148,0,0,3,0,3,48,4,4,1,3,6e63c0dab5f8b29ef9d1440bcd3711746464b7521a4243c8d32e03504a6224d2
W8_Q16,STRUCT_R2,4,6,1834721,6908,0,1,29,2,72,179,11,169,63,31,75d1b16c15c201143eb0f00e84429326ead193544062ed0323b47e7914fd575d
W6_Q08,OFF,4,6,451441,2166,0,0,10,2,28,10,6,15,5,12,0d426ef82e54bf37e16bebf86ad11b160059eb28202264ca816d50ab17a2aa06
W9_Q04,OFF,4,6,594476,4536,0,0,6,0,12,192,4,4,1,6,6dad93323aff1013501fa90b58e0e48741ec6d807386799264c78a900e9e11d0
W6_Q32,ALGSTRUCT,4,6,1954499,3406,0,0,34,2,100,34,6,15,5,36,e27ba2fd4a248e13e86f6fd51f6578ca7bbe37b27fb6c62f3d2e37c16ce58156
W6_Q04,OFF,4,6,312645,1722,0,0,6,2,16,6,6,15,5,8,463695b346924b3ce3bfd76bc311a5cc5d47fb033482cc22912fc407e8f09fdf
W7_Q08,STRUCT_R1,4,6,410144,1703,0,0,12,0,28,10,6,15,4,12,d13ad2add4e1d9cb21c441a8963ffbcf5f462a05d4f61331fa56b7c117fe58d1
W9_Q01,ALGSTRUCT,4,6,338756,3647,0,0,3,0,3,48,4,4,1,3,6e63c0dab5f8b29ef9d1440bcd3711746464b7521a4243c8d32e03504a6224d2
W6_Q32,OFF,4,6,1547004,3554,0,0,34,2,100,34,6,15,5,36,e27ba2fd4a248e13e86f6fd51f6578ca7bbe37b27fb6c62f3d2e37c16ce58156
W8_Q02,OFF,4,6,821546,5501,0,0,15,2,30,165,11,169,63,17,ab8e72a97eeddaf640fa9d87846837b35913b3b9a7916818e4653a499fd7cc9a
W3_d2,STRUCT_R1,4,6,966526,2260,9,0,11,3,24,11,8,27,5,14,b3a60a0bc9bb1633f8ca67743fa2b43eea5f58f8a512cbf173b181d8c20dfa68
W6_Q16,OFF,4,6,774881,2593,0,0,18,2,52,18,6,15,5,20,bb0755604375307ff8e5fd09781b80b224d9ab98fa75fb51387fe44cb24e3726
W9_Q01,STRUCT,4,6,340829,3982,0,0,3,0,3,48,4,4,1,3,6e63c0dab5f8b29ef9d1440bcd3711746464b7521a4243c8d32e03504a6224d2
W9_Q04,STRUCT_R1,4,6,1102693,4518,0,0,6,2,10,160,4,4,1,8,a25fcd6d9b6930c5a5e472a5d4b9da9d0423cec22fe64a49a0e3364286ad6c7b
W6_Q08,STRUCT_R1,4,6,584196,1723,0,0,10,2,28,10,6,15,5,12,0d426ef82e54bf37e16bebf86ad11b160059eb28202264ca816d50ab17a2aa06
W8_Q01,STRUCT_R1,4,6,1097006,6093,1,0,14,1,25,163,10,168,63,15,fdd35fe24122be542f9944d55e73c67d2cd28afd3fd1ff25e723a080e5d2dad8
W5_Q32,STRUCT_R1,4,6,2065756,10407,0,0,96,0,96,32,66,258,4,96,ad908136f049b66ae4b1e1c3f252d7a2ebead009fab3f7177d4babd24fcbec6a
W5_Q32,OFF,4,6,1777888,10148,0,0,96,0,96,32,66,258,4,96,ad908136f049b66ae4b1e1c3f252d7a2ebead009fab3f7177d4babd24fcbec6a
W1,STRUCT_R2,4,6,259053,2148,0,0,3,2,7,3,6,15,4,5,4b26ed307e0166f8d1fa59ea1e874899e41c5fd882be9ef62f84eb3685bb70b7
W5_Q32,ALGSTRUCT,4,6,2079107,11093,0,0,96,0,96,32,66,258,4,96,ad908136f049b66ae4b1e1c3f252d7a2ebead009fab3f7177d4babd24fcbec6a
W3_d2,STRUCT_R2,4,6,954601,2481,0,0,11,5,35,13,10,29,5,16,bb512a3ef0db77c97656c90a9544f5958e4b52748f6a43bfdbc34ec450c82e91
W7_Q08,STRUCT,4,6,397109,1924,0,0,12,0,28,10,6,15,4,12,d13ad2add4e1d9cb21c441a8963ffbcf5f462a05d4f61331fa56b7c117fe58d1
W5_Q08,STRUCT,4,6,531625,2907,0,0,24,0,24,8,18,66,4,24,1ec99f8159a9bf9f7216cbde66142ab941580d932ab53b67181d9941e08515a5
W6_Q01,STRUCT,4,6,260052,1482,0,0,3,2,7,3,6,15,5,5,ef852aa19070a90d167a6fc211683b2bbb6401671f4212d90e23806d1620b62f
W2_Q01,ALGSTRUCT,4,6,280441,1408,1,0,3,1,5,2,5,14,4,4,2474f5c3c44c2292e8653ad95f4f21ec80fa6c72b730d7761807baa6c04c0270
W4_Q16,ALGSTRUCT,4,6,7129850,26074,16,0,66,1,115,529,21,510,31,67,c4cb6b036cc3a61a0d0502a6d94307b09dd7e159ba9b445a83ebed14f5c8ebe1
W7_Q02,STRUCT,4,6,244295,1499,0,0,6,0,10,4,6,15,4,6,b1d2efac79748ca32ad60ca241d894721be3c3795c13e31e47e01dad1cb5a5f1
W5_Q01,STRUCT,4,6,180610,1185,0,0,3,0,3,1,4,10,4,3,7528d1a80da7ce6bed6c3efbaad136c6b237adf54f46f512a5fe79019bfef2ec
W7_Q01,STRUCT_R1,4,6,222664,1352,0,0,5,0,7,3,6,15,4,5,70f8123fffd2af37d12a00e22d9841098c66a489d4953aae174ab2cb5014e5d7
W4_Q08,OFF,4,6,1965034,12593,0,0,34,2,68,266,14,263,31,36,310b652f3a487a64261e67b69ca4bd659f7cd91c74be37afd64d6187457e8bdc
W9_Q02,STRUCT,4,6,483385,4758,0,0,4,0,6,96,4,4,1,4,f59554bf6b558dac39020afcdc9d3261e3c200f0f612cb6818827b31bbda0408
W4_Q32,STRUCT_R2,4,6,9723619,66573,0,0,130,2,260,1058,38,1007,31,132,068ad024181661f75503372002890dd704cd730c5fc591fd65590a6d532c145d
W9_Q02,OFF,4,6,341664,3758,0,0,4,0,6,96,4,4,1,4,f59554bf6b558dac39020afcdc9d3261e3c200f0f612cb6818827b31bbda0408
W9_Q16,OFF,4,6,1715704,9389,0,0,18,0,48,768,4,4,1,18,43b7f4efcb619e6e3fc5fc66e7827f4bb8130a24a5905f5ce4efe6114dbfdbd3
W4_Q16,STRUCT,4,6,4709079,27574,0,0,66,2,132,530,22,511,31,68,7fbae5656c303ca065341c5db14fa3ef41fb196c82f59bb1c789e1f7b78b0f7a
W5_Q02,STRUCT_R1,4,6,222275,1537,0,0,6,0,6,2,6,18,4,6,e7741c936508103b2af3b934e316124eac7bac4773e716fb634bafee4047c0e4
W2_Q02,STRUCT_R1,4,6,318220,1240,2,0,4,1,7,3,5,14,4,5,d8adac9423435c6f23a5e314f4d31430db516714fee41508dcac1bc6af0e6f0c
W8_Q01,STRUCT,4,6,1013638,6147,0,0,14,2,27,164,11,169,63,16,7b06ec78e125033330eb86a638ef113771be6d17e66ade996d2cadaa30e562a7
W6_Q08,ALGSTRUCT,4,6,593661,2000,0,0,10,2,28,10,6,15,5,12,0d426ef82e54bf37e16bebf86ad11b160059eb28202264ca816d50ab17a2aa06
W3_d3,STRUCT_R2,4,6,1406874,2519,0,0,12,8,42,16,14,46,8,20,d0de00aa950042ce2df3a1aacd87b83395b88f62201b4b0ee4f6f67dba5bbb2b
W9_Q16,STRUCT_R1,4,6,2730119,9722,0,0,18,2,22,352,4,4,1,20,ff9866380da95df98e4375770d21fe162b02c0b8b05b75e939b18d0d711c4c04
W9_Q32,ALGSTRUCT,4,6,5098779,12259,0,16,34,1,35,560,4,4,1,35,678046e55883cc9fe207429daab5f5da66bcc2178ee01574697097ddff7f102c
W3_d1,OFF,4,6,453810,1926,0,0,10,2,28,10,6,15,4,12,a54c74b256ab2c5cf00e4072ff680215ee9ddba8ea28d33e07bfd46dd0370227
W3_d1,STRUCT_R2,4,6,572069,2092,0,0,10,2,28,10,6,15,4,12,a54c74b256ab2c5cf00e4072ff680215ee9ddba8ea28d33e07bfd46dd0370227
W4_Q02,ALGSTRUCT,4,6,783288,3444,2,0,10,1,17,67,7,76,31,11,056c94f2139c9e918446fe4f786e56b203a4febdd7cdb7d162e2b0323db5a772
W5_Q08,OFF,4,6,433718,2593,0,0,24,0,24,8,18,66,4,24,1ec99f8159a9bf9f7216cbde66142ab941580d932ab53b67181d9941e08515a5
W4_Q08,STRUCT,4,6,2336568,14036,0,0,34,2,68,266,14,263,31,36,310b652f3a487a64261e67b69ca4bd659f7cd91c74be37afd64d6187457e8bdc
W8_Q16,OFF,4,6,1504132,6723,0,0,29,2,72,179,11,169,63,31,75d1b16c15c201143eb0f00e84429326ead193544062ed0323b47e7914fd575d
W7_Q32,STRUCT_R1,4,6,1150876,3408,0,0,36,0,100,34,6,15,4,36,6bdf3735d7ed12e047353d97f7fd342934c808ba421573c6cd2474dd612f37b1
W9_Q01,OFF,4,6,225811,4112,0,0,3,0,3,48,4,4,1,3,6e63c0dab5f8b29ef9d1440bcd3711746464b7521a4243c8d32e03504a6224d2
W5_Q02,OFF,4,6,156739,1870,0,0,6,0,6,2,6,18,4,6,e7741c936508103b2af3b934e316124eac7bac4773e716fb634bafee4047c0e4
W2_Q32,STRUCT_R2,4,6,1832980,3481,0,0,34,2,100,34,6,15,4,36,ead1d2e3154b72c47159b745145cb82392c282dcdeeba0e877b2291c8ed45d37
W8_Q02,STRUCT,4,6,1053675,5888,0,0,15,2,30,165,11,169,63,17,ab8e72a97eeddaf640fa9d87846837b35913b3b9a7916818e4653a499fd7cc9a
W2_Q32,ALGSTRUCT,4,6,2219828,3334,32,0,34,1,67,33,5,14,4,35,aa6152b6f2b2227ea71db0831b5f58d2dce2bdcb6db5c4bb5d1fb235d1201ed1
W8_Q04,STRUCT_R2,4,6,1177636,5870,0,1,17,2,36,167,11,169,63,19,683043cf53c296ea0d43a0c383a5a5aa5dfae2adbc542c677c919239829da206
W1,STRUCT_R1,5,6,276218,1649,1,0,3,1,5,2,5,14,4,4,ddbc64bc70e115337e04b3ee4eac0b96e81aea703c916cfeea2e2366190e3210
W6_Q16,STRUCT_R1,5,6,1001157,2240,0,0,18,2,52,18,6,15,5,20,bb0755604375307ff8e5fd09781b80b224d9ab98fa75fb51387fe44cb24e3726
W6_Q04,STRUCT_R1,5,6,406402,1556,0,0,6,2,16,6,6,15,5,8,463695b346924b3ce3bfd76bc311a5cc5d47fb033482cc22912fc407e8f09fdf
W7_Q01,ALGSTRUCT,5,6,232479,1407,0,0,5,0,7,3,6,15,4,5,70f8123fffd2af37d12a00e22d9841098c66a489d4953aae174ab2cb5014e5d7
W6_Q01,STRUCT_R2,5,6,259183,1647,0,0,3,2,7,3,6,15,5,5,ef852aa19070a90d167a6fc211683b2bbb6401671f4212d90e23806d1620b62f
W5_Q02,OFF,5,6,158296,1777,0,0,6,0,6,2,6,18,4,6,e7741c936508103b2af3b934e316124eac7bac4773e716fb634bafee4047c0e4
W6_Q02,STRUCT_R2,5,6,310830,1611,0,0,4,2,10,4,6,15,5,6,d26b7c6c44eb2ae1342ad0eacde318e4485f70f1e0c22f44dc171d7c0f11f2c5
W8_Q32,STRUCT_R1,5,6,3875348,8388,32,0,45,1,87,194,10,168,63,46,45e69b1796e998f7df6d485c516cc0751375b53ec01f0a7673d473a9ec217a0e
W1,ALGSTRUCT,5,6,276775,1278,1,0,3,1,5,2,5,14,4,4,ddbc64bc70e115337e04b3ee4eac0b96e81aea703c916cfeea2e2366190e3210
W8_Q08,STRUCT_R2,5,6,1433708,6277,0,1,21,2,48,171,11,169,63,23,6202056e7f9106d89fc2c03650e5a38d69f704cc369ba9e689bf413e5f7173e1
W7_Q08,OFF,5,6,300348,2278,0,0,12,0,28,10,6,15,4,12,d13ad2add4e1d9cb21c441a8963ffbcf5f462a05d4f61331fa56b7c117fe58d1
W9_Q16,STRUCT_R2,5,6,2622325,8795,0,8,18,1,19,304,4,4,1,19,44cdb1eb48242e36e60587a8e97fc1204f774ee018380c18a625f9abe3ce3ce8
W2_Q01,ALGSTRUCT,5,6,275959,1390,1,0,3,1,5,2,5,14,4,4,2474f5c3c44c2292e8653ad95f4f21ec80fa6c72b730d7761807baa6c04c0270
W2_Q16,STRUCT_R1,5,6,1032304,2185,16,0,18,1,35,17,5,14,4,19,6874ea3fe8a08c7af5d8752f9a4557e5d01bc066a937913a1e427661cbb540c4
W4_Q01,STRUCT_R2,5,6,440829,2574,0,0,6,2,12,35,7,46,31,8,c1c4e28384d704fc6572f4a795b1b9dcd23dd585446058743d09154ee63f83a5
W3_d2,STRUCT,5,6,953306,2277,0,0,11,5,35,13,10,29,5,16,bb512a3ef0db77c97656c90a9544f5958e4b52748f6a43bfdbc34ec450c82e91
W8_Q01,STRUCT_R1,5,6,1095840,5648,1,0,14,1,25,163,10,168,63,15,fdd35fe24122be542f9944d55e73c67d2cd28afd3fd1ff25e723a080e5d2dad8
W9_Q32,STRUCT_R1,5,6,5176926,16222,0,0,34,2,38,608,4,4,1,36,f9b4de382a62f7ddf0ae716d829e6d3204b079918eba11b5d003aed0f308e9a0
W6_Q02,STRUCT_R1,5,6,315607,1427,0,0,4,2,10,4,6,15,5,6,d26b7c6c44eb2ae1342ad0eacde318e4485f70f1e0c22f44dc171d7c0f11f2c5
W2_Q01,OFF,5,6,204979,1630,0,0,3,2,7,3,6,15,4,5,fb4f50a52888382fd35dda056767f1188dd59b0b7db5fbe2928a5afbf6bf9f5b
W4_Q32,ALGSTRUCT,5,6,18543228,69000,32,0,130,1,227,1057,37,1006,31,131,4a5be56a553c6df341c1f260562041444c20a964d5f4f3916c7966ddd0bae2e9
W4_Q16,STRUCT,5,6,4698598,26685,0,0,66,2,132,530,22,511,31,68,7fbae5656c303ca065341c5db14fa3ef41fb196c82f59bb1c789e1f7b78b0f7a
W7_Q08,STRUCT_R2,5,6,399494,1927,0,0,12,0,28,10,6,15,4,12,d13ad2add4e1d9cb21c441a8963ffbcf5f462a05d4f61331fa56b7c117fe58d1
W9_Q16,ALGSTRUCT,5,6,2630380,8370,0,8,18,1,19,304,4,4,1,19,44cdb1eb48242e36e60587a8e97fc1204f774ee018380c18a625f9abe3ce3ce8
W8_Q01,STRUCT,5,6,991322,5982,0,0,14,2,27,164,11,169,63,16,7b06ec78e125033330eb86a638ef113771be6d17e66ade996d2cadaa30e562a7
W4_Q32,STRUCT_R1,5,6,18525635,55000,32,0,130,1,227,1057,37,1006,31,131,4a5be56a553c6df341c1f260562041444c20a964d5f4f3916c7966ddd0bae2e9
W7_Q01,STRUCT,5,6,222015,1519,0,0,5,0,7,3,6,15,4,5,70f8123fffd2af37d12a00e22d9841098c66a489d4953aae174ab2cb5014e5d7
W9_Q32,OFF,5,6,3414260,13259,0,0,34,0,96,1536,4,4,1,34,13dfd65212c03f91a3168cac28f16ba616ce21a6c4d7fb7bf5b25f0167fbc71b
W3_d3,STRUCT,5,6,1397002,2427,0,0,12,8,42,16,14,46,8,20,d0de00aa950042ce2df3a1aacd87b83395b88f62201b4b0ee4f6f67dba5bbb2b
W4_Q04,OFF,5,6,1060786,7036,0,0,18,2,36,134,10,139,31,20,fd25718cb278dfe33c1131161ba4977814e08de24bd73801325a42bf895b4b90
W6_Q16,STRUCT_R2,5,6,970545,2408,0,0,18,2,52,18,6,15,5,20,bb0755604375307ff8e5fd09781b80b224d9ab98fa75fb51387fe44cb24e3726
W4_Q02,OFF,5,6,573403,4276,0,0,10,2,20,68,8,77,31,12,c082fb0620ac05b05065135ca996c9564b57d8a79b47964aa54b86c16cd0659f
W5_Q02,STRUCT_R1,5,6,225219,1223,0,0,6,0,6,2,6,18,4,6,e7741c936508103b2af3b934e316124eac7bac4773e716fb634bafee4047c0e4
W2_Q04,ALGSTRUCT,5,6,414550,1371,4,0,6,1,11,5,5,14,4,7,e3e1c95caf3c6465ad04568b51f69fe26be853a4ad44521756f63edd123351f8
W6_Q08,STRUCT_R1,5,6,582864,1630,0,0,10,2,28,10,6,15,5,12,0d426ef82e54bf37e16bebf86ad11b160059eb28202264ca816d50ab17a2aa06
W7_Q16,STRUCT_R2,5,6,609530,2204,0,0,20,0,52,18,6,15,4,20,352ecf90b67b0a72cf480d5f2990d3ea8f45c0a65a2644e7a858b4f181627dcb
W9_Q08,ALGSTRUCT,5,6,1468354,7685,0,4,10,1,11,176,4,4,1,11,f0aee4c6a6b6511ecbc27f2fc4ef3f688cd044d5f143461208ceed4e1cea64ae
W9_Q16,OFF,5,6,1738519,8759,0,0,18,0,48,768,4,4,1,18,43b7f4efcb619e6e3fc5fc66e7827f4bb8130a24a5905f5ce4efe6114dbfdbd3
W2_Q32,STRUCT_R1,5,6,2230792,3203,32,0,34,1,67,33,5,14,4,35,aa6152b6f2b2227ea71db0831b5f58d2dce2bdcb6db5c4bb5d1fb235d1201ed1
W9_Q32,STRUCT_R2,5,6,5042410,14370,0,16,34,1,35,560,4,4,1,35,678046e55883cc9fe207429daab5f5da66bcc2178ee01574697097ddff7f102c
W5_Q32,STRUCT_R1,5,6,2143662,9870,0,0,96,0,96,32,66,258,4,96,ad908136f049b66ae4b1e1c3f252d7a2ebead009fab3f7177d4babd24fcbec6a
W5_Q32,STRUCT,5,6,1977497,10333,0,0,96,0,96,32,66,258,4,96,ad908136f049b66ae4b1e1c3f252d7a2ebead009fab3f7177d4babd24fcbec6a
W9_Q02,ALGSTRUCT,5,6,635421,3554,0,1,4,1,5,80,4,4,1,5,a250745debd6fd7cf3585f94dfa2ad7178c8b7c572e5ce15f0467c48475c0e9a
W7_Q04,STRUCT,5,6,292718,1834,0,0,8,0,16,6,6,15,4,8,64eb05b2d681af147811cd64dc0e11be812cb48952e297a71fcf6d3c013ba4a0
W4_Q04,STRUCT,5,6,1239654,7240,0,0,18,2,36,134,10,139,31,20,fd25718cb278dfe33c1131161ba4977814e08de24bd73801325a42bf895b4b90
W8_Q32,OFF,5,6,2332066,8187,0,0,45,2,120,195,11,169,63,47,257e33fe42ff72054f90b0755280d3b57f6dc95e0ff488350c7a08c8fa00e255
W3_d2,OFF,5,6,788067,2017,0,0,11,5,35,13,10,29,5,16,bb512a3ef0db77c97656c90a9544f5958e4b52748f6a43bfdbc34ec450c82e91
W5_Q04,ALGSTRUCT,5,6,321571,1815,0,0,12,0,12,4,10,34,4,12,233b80e0525d1c617459998a8c1e1bc9855a2c2b10f43c6fd42648b8adae0248
W7_Q04,ALGSTRUCT,5,6,299682,1481,0,0,8,0,16,6,6,15,4,8,64eb05b2d681af147811cd64dc0e11be812cb48952e297a71fcf6d3c013ba4a0
W9_Q02,STRUCT_R2,5,6,632883,4722,0,1,4,1,5,80,4,4,1,5,a250745debd6fd7cf3585f94dfa2ad7178c8b7c572e5ce15f0467c48475c0e9a
W9_Q08,OFF,5,6,905914,5687,0,0,10,0,24,384,4,4,1,10,ae43d04dfb0cf7afbfdc83558714cd1da89c64e7c6d49325a19de9764156762a
W5_Q04,STRUCT,5,6,312422,1982,0,0,12,0,12,4,10,34,4,12,233b80e0525d1c617459998a8c1e1bc9855a2c2b10f43c6fd42648b8adae0248
W2_Q16,STRUCT_R2,5,6,980601,2555,0,0,18,2,52,18,6,15,4,20,f53a43e02a6f7be38b5d23a92cce7a6f0c7e7deac086e97841ea021c93a5a893
W5_Q02,ALGSTRUCT,5,6,225442,1537,0,0,6,0,6,2,6,18,4,6,e7741c936508103b2af3b934e316124eac7bac4773e716fb634bafee4047c0e4
W5_Q32,ALGSTRUCT,5,6,2092977,10500,0,0,96,0,96,32,66,258,4,96,ad908136f049b66ae4b1e1c3f252d7a2ebead009fab3f7177d4babd24fcbec6a
W5_Q16,STRUCT_R2,5,6,970436,5591,0,0,48,0,48,16,34,130,4,48,15f4ec0f61204d6ef15a655140c1c86c7248fc9deed8e4c09ef3081b8b94fb64
W8_Q04,OFF,5,6,948804,5649,0,0,17,2,36,167,11,169,63,19,683043cf53c296ea0d43a0c383a5a5aa5dfae2adbc542c677c919239829da206
W2_Q32,STRUCT,5,6,1841721,3463,0,0,34,2,100,34,6,15,4,36,ead1d2e3154b72c47159b745145cb82392c282dcdeeba0e877b2291c8ed45d37
W7_Q32,STRUCT_R1,5,6,1169341,3313,0,0,36,0,100,34,6,15,4,36,6bdf3735d7ed12e047353d97f7fd342934c808ba421573c6cd2474dd612f37b1
W9_Q04,STRUCT_R2,5,6,988841,6389,0,2,6,1,7,112,4,4,1,7,7e3f7232eefdc535f0f8be36c1c724fab7de36a2740821784506d96a09bd30b3
W8_Q16,STRUCT_R1,5,6,2200772,6482,16,0,29,1,55,178,10,168,63,30,d68e12eaec95eadd08fb1ce8e6c0dcfc893de77e4c3d4f5a64bb4b4ee29b64b3
W5_Q08,STRUCT_R2,5,6,519809,2926,0,0,24,0,24,8,18,66,4,24,1ec99f8159a9bf9f7216cbde66142ab941580d932ab53b67181d9941e08515a5
W5_Q16,ALGSTRUCT,5,6,1012453,5740,0,0,48,0,48,16,34,130,4,48,15f4ec0f61204d6ef15a655140c1c86c7248fc9deed8e4c09ef3081b8b94fb64
W9_Q04,ALGSTRUCT,5,6,978248,4556,0,2,6,1,7,112,4,4,1,7,7e3f7232eefdc535f0f8be36c1c724fab7de36a2740821784506d96a09bd30b3
W2_Q01,STRUCT,5,6,264181,1556,0,0,3,2,7,3,6,15,4,5,fb4f50a52888382fd35dda056767f1188dd59b0b7db5fbe2928a5afbf6bf9f5b
W8_Q08,ALGSTRUCT,5,6,1645799,5832,8,1,21,1,39,170,10,168,63,22,dfb50a16d91192e00318e4ac61c06d5403d37554d2e61726115b9e5e96a90617
W8_Q01,ALGSTRUCT,5,6,1097453,5721,1,1,14,1,25,163,10,168,63,15,fdd35fe24122be542f9944d55e73c67d2cd28afd3fd1ff25e723a080e5d2dad8
W2_Q01,STRUCT_R2,5,6,264052,1556,0,0,3,2,7,3,6,15,4,5,fb4f50a52888382fd35dda056767f1188dd59b0b7db5fbe2928a5afbf6bf9f5b
W9_Q08,STRUCT_R1,5,6,1575355,7295,0,0,10,2,14,224,4,4,1,12,4c97cc82f3dbf6bc2a6de325d199b0cb65ffca732846069f84ea5618bb19fcfd
W4_Q01,STRUCT_R1,5,6,488642,2223,1,0,6,1,10,34,6,45,31,7,2a2742010b3f20f3e0b7616f059bcf47256e350d22af5b1d3a055aa5eee736e9
W5_Q02,STRUCT_R2,5,6,220534,1538,0,0,6,0,6,2,6,18,4,6,e7741c936508103b2af3b934e316124eac7bac4773e716fb634bafee4047c0e4
W5_Q16,OFF,5,6,845807,5739,0,0,48,0,48,16,34,130,4,48,15f4ec0f61204d6ef15a655140c1c86c7248fc9deed8e4c09ef3081b8b94fb64
W8_Q16,OFF,5,6,1486597,6721,0,0,29,2,72,179,11,169,63,31,75d1b16c15c201143eb0f00e84429326ead193544062ed0323b47e7914fd575d
W4_Q02,ALGSTRUCT,5,6,779344,3685,2,0,10,1,17,67,7,76,31,11,056c94f2139c9e918446fe4f786e56b203a4febdd7cdb7d162e2b0323db5a772
W6_Q32,STRUCT_R2,5,6,1861592,3573,0,0,34,2,100,34,6,15,5,36,e27ba2fd4a248e13e86f6fd51f6578ca7bbe37b27fb6c62f3d2e37c16ce58156
W2_Q16,OFF,5,6,794343,2444,0,0,18,2,52,18,6,15,4,20,f53a43e02a6f7be38b5d23a92cce7a6f0c7e7deac086e97841ea021c93a5a893
W7_Q02,STRUCT,5,6,248275,1592,0,0,6,0,10,4,6,15,4,6,b1d2efac79748ca32ad60ca241d894721be3c3795c13e31e47e01dad1cb5a5f1
W8_Q02,ALGSTRUCT,5,6,1162413,5223,2,1,15,1,27,164,10,168,63,16,652ea2e2db2a8b59e1a2373d0aa09bb6194a7176cb3cd104297a14f7ef235e6b
W2_Q16,ALGSTRUCT,5,6,1055767,2055,16,0,18,1,35,17,5,14,4,19,6874ea3fe8a08c7af5d8752f9a4557e5d01bc066a937913a1e427661cbb540c4
W8_Q16,ALGSTRUCT,5,6,2208070,7259,16,1,29,1,55,178,10,168,63,30,d68e12eaec95eadd08fb1ce8e6c0dcfc893de77e4c3d4f5a64bb4b4ee29b64b3
W9_Q02,STRUCT_R1,5,6,475697,4594,0,0,4,0,6,96,4,4,1,4,f59554bf6b558dac39020afcdc9d3261e3c200f0f612cb6818827b31bbda0408
W3_d3,OFF,5,6,1167559,2539,0,0,12,8,42,16,14,46,8,20,d0de00aa950042ce2df3a1aacd87b83395b88f62201b4b0ee4f6f67dba5bbb2b
W4_Q01,ALGSTRUCT,5,6,488790,2538,1,0,6,1,10,34,6,45,31,7,2a2742010b3f20f3e0b7616f059bcf47256e350d22af5b1d3a055aa5eee736e9
W9_Q16,STRUCT_R1,5,6,2726562,9538,0,0,18,2,22,352,4,4,1,20,ff9866380da95df98e4375770d21fe162b02c0b8b05b75e939b18d0d711c4c04
W2_Q02,OFF,5,6,239979,1611,0,0,4,2,10,4,6,15,4,6,002b88cffa362a25f201c7342c0d49bad4cd7fb10998ad8823a39c11beee6d88
W2_Q02,STRUCT,5,6,311552,1574,0,0,4,2,10,4,6,15,4,6,002b88cffa362a25f201c7342c0d49bad4cd7fb10998ad8823a39c11beee6d88
W8_Q04,STRUCT,5,6,1175377,5852,0,0,17,2,36,167,11,169,63,19,683043cf53c296ea0d43a0c383a5a5aa5dfae2adbc542c677c919239829da206
W6_Q16,ALGSTRUCT,5,6,1018100,2352,0,0,18,2,52,18,6,15,5,20,bb0755604375307ff8e5fd09781b80b224d9ab98fa75fb51387fe44cb24e3726
W9_Q08,STRUCT_R2,5,6,1459001,7057,0,4,10,1,11,176,4,4,1,11,f0aee4c6a6b6511ecbc27f2fc4ef3f688cd044d5f143461208ceed4e1cea64ae
W4_Q16,STRUCT_R1,5,6,7050943,25611,16,0,66,1,115,529,21,510,31,67,c4cb6b036cc3a61a0d0502a6d94307b09dd7e159ba9b445a83ebed14f5c8ebe1
W9_Q04,STRUCT_R1,5,6,1112175,4277,0,0,6,2,10,160,4,4,1,8,a25fcd6d9b6930c5a5e472a5d4b9da9d0423cec22fe64a49a0e3364286ad6c7b
W7_Q04,STRUCT_R2,5,6,293200,1574,0,0,8,0,16,6,6,15,4,8,64eb05b2d681af147811cd64dc0e11be812cb48952e297a71fcf6d3c013ba4a0
W5_Q01,ALGSTRUCT,5,6,188721,1129,0,0,3,0,3,1,4,10,4,3,7528d1a80da7ce6bed6c3efbaad136c6b237adf54f46f512a5fe79019bfef2ec
W8_Q08,OFF,5,6,1161857,5779,0,0,21,2,48,171,11,169,63,23,6202056e7f9106d89fc2c03650e5a38d69f704cc369ba9e689bf413e5f7173e1
W8_Q32,STRUCT_R2,5,6,2831192,8222,0,1,45,2,120,195,11,169,63,47,257e33fe42ff72054f90b0755280d3b57f6dc95e0ff488350c7a08c8fa00e255
W9_Q08,STRUCT,5,6,1576018,8150,0,0,10,2,14,224,4,4,1,12,4c97cc82f3dbf6bc2a6de325d199b0cb65ffca732846069f84ea5618bb19fcfd
W9_Q32,ALGSTRUCT,5,6,5085409,11648,0,16,34,1,35,560,4,4,1,35,678046e55883cc9fe207429daab5f5da66bcc2178ee01574697097ddff7f102c
W6_Q32,ALGSTRUCT,5,6,1928813,3370,0,0,34,2,100,34,6,15,5,36,e27ba2fd4a248e13e86f6fd51f6578ca7bbe37b27fb6c62f3d2e37c16ce58156
W4_Q08,ALGSTRUCT,5,6,2954709,14093,8,0,34,1,59,265,13,262,31,35,0d7db8d8f19881c77c6e7cd19e1f9d024ea9973fae56dbdbc00db2eeaa790340
W8_Q16,STRUCT_R2,5,6,1837889,6721,0,1,29,2,72,179,11,169,63,31,75d1b16c15c201143eb0f00e84429326ead193544062ed0323b47e7914fd575d
W5_Q08,OFF,5,6,431956,2928,0,0,24,0,24,8,18,66,4,24,1ec99f8159a9bf9f7216cbde66142ab941580d932ab53b67181d9941e08515a5
W4_Q01,STRUCT,5,6,441589,2222,0,0,6,2,12,35,7,46,31,8,c1c4e28384d704fc6572f4a795b1b9dcd23dd585446058743d09154ee63f83a5
W3_d3,STRUCT_R2,5,6,1412687,2594,0,0,12,8,42,16,14,46,8,20,d0de00aa950042ce2df3a1aacd87b83395b88f62201b4b0ee4f6f67dba5bbb2b
W7_Q16,STRUCT,5,6,604494,2055,0,0,20,0,52,18,6,15,4,20,352ecf90b67b0a72cf480d5f2990d3ea8f45c0a65a2644e7a858b4f181627dcb
W8_Q08,STRUCT_R1,5,6,1616278,5445,8,0,21,1,39,170,10,168,63,22,dfb50a16d91192e00318e4ac61c06d5403d37554d2e61726115b9e5e96a90617
W2_Q02,STRUCT_R2,5,6,311551,1612,0,0,4,2,10,4,6,15,4,6,002b88cffa362a25f201c7342c0d49bad4cd7fb10998ad8823a39c11beee6d88
W7_Q16,ALGSTRUCT,5,6,633161,2110,0,0,20,0,52,18,6,15,4,20,352ecf90b67b0a72cf480d5f2990d3ea8f45c0a65a2644e7a858b4f181627dcb
W6_Q04,STRUCT,5,6,400811,1407,0,0,6,2,16,6,6,15,5,8,463695b346924b3ce3bfd76bc311a5cc5d47fb033482cc22912fc407e8f09fdf
W4_Q32,STRUCT,5,6,9561714,60239,0,0,130,2,260,1058,38,1007,31,132,068ad024181661f75503372002890dd704cd730c5fc591fd65590a6d532c145d
W7_Q01,OFF,5,6,155516,1945,0,0,5,0,7,3,6,15,4,5,70f8123fffd2af37d12a00e22d9841098c66a489d4953aae174ab2cb5014e5d7
W5_Q01,OFF,5,6,135796,1536,0,0,3,0,3,1,4,10,4,3,7528d1a80da7ce6bed6c3efbaad136c6b237adf54f46f512a5fe79019bfef2ec
W2_Q02,ALGSTRUCT,5,6,328903,1278,2,0,4,1,7,3,5,14,4,5,d8adac9423435c6f23a5e314f4d31430db516714fee41508dcac1bc6af0e6f0c
W2_Q32,ALGSTRUCT,5,6,2250550,3778,32,0,34,1,67,33,5,14,4,35,aa6152b6f2b2227ea71db0831b5f58d2dce2bdcb6db5c4bb5d1fb235d1201ed1
W6_Q01,ALGSTRUCT,5,6,266276,1203,0,0,3,2,7,3,6,15,5,5,ef852aa19070a90d167a6fc211683b2bbb6401671f4212d90e23806d1620b62f
W2_Q32,STRUCT_R2,5,6,1836445,3443,0,0,34,2,100,34,6,15,4,36,ead1d2e3154b72c47159b745145cb82392c282dcdeeba0e877b2291c8ed45d37
W6_Q02,STRUCT,5,6,313700,1556,0,0,4,2,10,4,6,15,5,6,d26b7c6c44eb2ae1342ad0eacde318e4485f70f1e0c22f44dc171d7c0f11f2c5
W3_d2,STRUCT_R1,5,6,970638,1963,9,0,11,3,24,11,8,27,5,14,b3a60a0bc9bb1633f8ca67743fa2b43eea5f58f8a512cbf173b181d8c20dfa68
W7_Q32,OFF,5,6,890157,3352,0,0,36,0,100,34,6,15,4,36,6bdf3735d7ed12e047353d97f7fd342934c808ba421573c6cd2474dd612f37b1
W4_Q16,STRUCT_R2,5,6,4757244,28223,0,0,66,2,132,530,22,511,31,68,7fbae5656c303ca065341c5db14fa3ef41fb196c82f59bb1c789e1f7b78b0f7a
W1,OFF,5,6,196091,1685,0,0,3,2,7,3,6,15,4,5,4b26ed307e0166f8d1fa59ea1e874899e41c5fd882be9ef62f84eb3685bb70b7
W5_Q04,OFF,5,6,242200,1982,0,0,12,0,12,4,10,34,4,12,233b80e0525d1c617459998a8c1e1bc9855a2c2b10f43c6fd42648b8adae0248
W3_d3,ALGSTRUCT,5,6,1411428,2538,10,0,12,5,29,13,11,43,8,17,16f1a8e88d7f920d91f3a177d0789d4761bf8768a0ac71ebce1f9f2282714954
W8_Q01,OFF,5,6,787435,6260,0,0,14,2,27,164,11,169,63,16,7b06ec78e125033330eb86a638ef113771be6d17e66ade996d2cadaa30e562a7
W7_Q08,STRUCT_R1,5,6,410756,1777,0,0,12,0,28,10,6,15,4,12,d13ad2add4e1d9cb21c441a8963ffbcf5f462a05d4f61331fa56b7c117fe58d1
W3_d1,STRUCT_R1,5,6,578198,1741,8,0,10,1,19,9,5,14,4,11,51eaee63f5c885c3fa7e71093e89c7ff61bea1c09d51d95c588c39ddf452f383
W4_Q02,STRUCT,5,6,699808,4518,0,0,10,2,20,68,8,77,31,12,c082fb0620ac05b05065135ca996c9564b57d8a79b47964aa54b86c16cd0659f
W6_Q08,ALGSTRUCT,5,6,592217,1740,0,0,10,2,28,10,6,15,5,12,0d426ef82e54bf37e16bebf86ad11b160059eb28202264ca816d50ab17a2aa06
W5_Q08,STRUCT,5,6,522863,2853,0,0,24,0,24,8,18,66,4,24,1ec99f8159a9bf9f7216cbde66142ab941580d932ab53b67181d9941e08515a5
W6_Q16,OFF,5,6,780251,2426,0,0,18,2,52,18,6,15,5,20,bb0755604375307ff8e5fd09781b80b224d9ab98fa75fb51387fe44cb24e3726
W6_Q32,OFF,5,6,1534206,3408,0,0,34,2,100,34,6,15,5,36,e27ba2fd4a248e13e86f6fd51f6578ca7bbe37b27fb6c62f3d2e37c16ce58156
W1,STRUCT,5,6,259960,1481,0,0,3,2,7,3,6,15,4,5,4b26ed307e0166f8d1fa59ea1e874899e41c5fd882be9ef62f84eb3685bb70b7
W5_Q32,STRUCT_R2,5,6,1980831,11074,0,0,96,0,96,32,66,258,4,96,ad908136f049b66ae4b1e1c3f252d7a2ebead009fab3f7177d4babd24fcbec6a
W4_Q08,STRUCT_R1,5,6,2951357,13112,8,0,34,1,59,265,13,262,31,35,0d7db8d8f19881c77c6e7cd19e1f9d024ea9973fae56dbdbc00db2eeaa790340
W8_Q04,STRUCT_R2,5,6,1169302,5575,0,1,17,2,36,167,11,169,63,19,683043cf53c296ea0d43a0c383a5a5aa5dfae2adbc542c677c919239829da206
W2_Q02,STRUCT_R1,5,6,321517,1406,2,0,4,1,7,3,5,14,4,5,d8adac9423435c6f23a5e314f4d31430db516714fee41508dcac1bc6af0e6f0c
W9_Q01,OFF,5,6,228978,3556,0,0,3,0,3,48,4,4,1,3,6e63c0dab5f8b29ef9d1440bcd3711746464b7521a4243c8d32e03504a6224d2
W2_Q08,ALGSTRUCT,5,6,581550,1833,8,0,10,1,19,9,5,14,4,11,28ef291bdbdabd5779860a9dac095bdb774cc930b18dec6f9c7bf13df75550d2
W7_Q08,ALGSTRUCT,5,6,414143,1741,0,0,12,0,28,10,6,15,4,12,d13ad2add4e1d9cb21c441a8963ffbcf5f462a05d4f61331fa56b7c117fe58d1
W6_Q16,STRUCT,5,6,965620,2463,0,0,18,2,52,18,6,15,5,20,bb0755604375307ff8e5fd09781b80b224d9ab98fa75fb51387fe44cb24e3726
W8_Q02,STRUCT,5,6,1044045,5129,0,0,15,2,30,165,11,169,63,17,ab8e72a97eeddaf640fa9d87846837b35913b3b9a7916818e4653a499fd7cc9a
W3_d1,OFF,5,6,448681,1962,0,0,10,2,28,10,6,15,4,12,a54c74b256ab2c5cf00e4072ff680215ee9ddba8ea28d33e07bfd46dd0370227
W3_d3,STRUCT_R1,5,6,1415004,2370,10,0,12,5,29,13,11,43,8,17,16f1a8e88d7f920d91f3a177d0789d4761bf8768a0ac71ebce1f9f2282714954
W1,STRUCT_R2,5,6,258793,1815,0,0,3,2,7,3,6,15,4,5,4b26ed307e0166f8d1fa59ea1e874899e41c5fd882be9ef62f84eb3685bb70b7
W3_d1,ALGSTRUCT,5,6,584717,1573,8,0,10,1,19,9,5,14,4,11,51eaee63f5c885c3fa7e71093e89c7ff61bea1c09d51d95c588c39ddf452f383
W5_Q16,STRUCT_R1,5,6,1007285,5056,0,0,48,0,48,16,34,130,4,48,15f4ec0f61204d6ef15a655140c1c86c7248fc9deed8e4c09ef3081b8b94fb64
W4_Q16,OFF,5,6,4154697,28369,0,0,66,2,132,530,22,511,31,68,7fbae5656c303ca065341c5db14fa3ef41fb196c82f59bb1c789e1f7b78b0f7a
W5_Q08,STRUCT_R1,5,6,536827,3316,0,0,24,0,24,8,18,66,4,24,1ec99f8159a9bf9f7216cbde66142ab941580d932ab53b67181d9941e08515a5
W5_Q01,STRUCT,5,6,180849,1667,0,0,3,0,3,1,4,10,4,3,7528d1a80da7ce6bed6c3efbaad136c6b237adf54f46f512a5fe79019bfef2ec
W4_Q02,STRUCT_R2,5,6,689253,3869,0,0,10,2,20,68,8,77,31,12,c082fb0620ac05b05065135ca996c9564b57d8a79b47964aa54b86c16cd0659f
W4_Q16,ALGSTRUCT,5,6,7082759,27276,16,0,66,1,115,529,21,510,31,67,c4cb6b036cc3a61a0d0502a6d94307b09dd7e159ba9b445a83ebed14f5c8ebe1
W3_d2,ALGSTRUCT,5,6,976342,1907,9,0,11,3,24,11,8,27,5,14,b3a60a0bc9bb1633f8ca67743fa2b43eea5f58f8a512cbf173b181d8c20dfa68
W8_Q04,STRUCT_R1,5,6,1297873,5187,4,0,17,1,31,166,10,168,63,18,1ff2b9471d9cd2dd9078b74afc728460463e46c3102cf6da6b805d7f73e4899a
W4_Q01,OFF,5,6,355997,2574,0,0,6,2,12,35,7,46,31,8,c1c4e28384d704fc6572f4a795b1b9dcd23dd585446058743d09154ee63f83a5
W8_Q04,ALGSTRUCT,5,6,1305174,5424,4,1,17,1,31,166,10,168,63,18,1ff2b9471d9cd2dd9078b74afc728460463e46c3102cf6da6b805d7f73e4899a
W9_Q04,STRUCT,5,6,1099729,4815,0,0,6,2,10,160,4,4,1,8,a25fcd6d9b6930c5a5e472a5d4b9da9d0423cec22fe64a49a0e3364286ad6c7b
W2_Q16,STRUCT,5,6,981824,2369,0,0,18,2,52,18,6,15,4,20,f53a43e02a6f7be38b5d23a92cce7a6f0c7e7deac086e97841ea021c93a5a893
W6_Q08,STRUCT_R2,5,6,572605,1870,0,0,10,2,28,10,6,15,5,12,0d426ef82e54bf37e16bebf86ad11b160059eb28202264ca816d50ab17a2aa06
W8_Q02,STRUCT_R1,5,6,1159081,5444,2,0,15,1,27,164,10,168,63,16,652ea2e2db2a8b59e1a2373d0aa09bb6194a7176cb3cd104297a14f7ef235e6b
W3_d2,STRUCT_R2,5,6,955268,2185,0,0,11,5,35,13,10,29,5,16,bb512a3ef0db77c97656c90a9544f5958e4b52748f6a43bfdbc34ec450c82e91
W8_Q16,STRUCT,5,6,1832592,6759,0,0,29,2,72,179,11,169,63,31,75d1b16c15c201143eb0f00e84429326ead193544062ed0323b47e7914fd575d
W4_Q08,STRUCT,5,6,2323457,13926,0,0,34,2,68,266,14,263,31,36,310b652f3a487a64261e67b69ca4bd659f7cd91c74be37afd64d6187457e8bdc
W9_Q16,STRUCT,5,6,2732322,8760,0,0,18,2,22,352,4,4,1,20,ff9866380da95df98e4375770d21fe162b02c0b8b05b75e939b18d0d711c4c04
W4_Q08,OFF,5,6,1963719,12945,0,0,34,2,68,266,14,263,31,36,310b652f3a487a64261e67b69ca4bd659f7cd91c74be37afd64d6187457e8bdc
W4_Q32,OFF,5,6,8660946,73850,0,0,130,2,260,1058,38,1007,31,132,068ad024181661f75503372002890dd704cd730c5fc591fd65590a6d532c145d
W7_Q04,STRUCT_R1,5,6,293589,1519,0,0,8,0,16,6,6,15,4,8,64eb05b2d681af147811cd64dc0e11be812cb48952e297a71fcf6d3c013ba4a0
W6_Q02,OFF,5,6,238887,1555,0,0,4,2,10,4,6,15,5,6,d26b7c6c44eb2ae1342ad0eacde318e4485f70f1e0c22f44dc171d7c0f11f2c5
W2_Q32,OFF,5,6,1534058,3222,0,0,34,2,100,34,6,15,4,36,ead1d2e3154b72c47159b745145cb82392c282dcdeeba0e877b2291c8ed45d37
W2_Q08,STRUCT_R1,5,6,579198,1555,8,0,10,1,19,9,5,14,4,11,28ef291bdbdabd5779860a9dac095bdb774cc930b18dec6f9c7bf13df75550d2
W6_Q01,STRUCT,5,6,259664,1630,0,0,3,2,7,3,6,15,5,5,ef852aa19070a90d167a6fc211683b2bbb6401671f4212d90e23806d1620b62f
W5_Q01,STRUCT_R2,5,6,181648,1610,0,0,3,0,3,1,4,10,4,3,7528d1a80da7ce6bed6c3efbaad136c6b237adf54f46f512a5fe79019bfef2ec
W3_d1,STRUCT,5,6,568827,1778,0,0,10,2,28,10,6,15,4,12,a54c74b256ab2c5cf00e4072ff680215ee9ddba8ea28d33e07bfd46dd0370227
W8_Q02,OFF,5,6,827251,5536,0,0,15,2,30,165,11,169,63,17,ab8e72a97eeddaf640fa9d87846837b35913b3b9a7916818e4653a499fd7cc9a
W6_Q08,OFF,5,6,451755,1944,0,0,10,2,28,10,6,15,5,12,0d426ef82e54bf37e16bebf86ad11b160059eb28202264ca816d50ab17a2aa06
W4_Q32,STRUCT_R2,5,6,9708064,62480,0,0,130,2,260,1058,38,1007,31,132,068ad024181661f75503372002890dd704cd730c5fc591fd65590a6d532c145d
W7_Q02,ALGSTRUCT,5,6,254664,1648,0,0,6,0,10,4,6,15,4,6,b1d2efac79748ca32ad60ca241d894721be3c3795c13e31e47e01dad1cb5a5f1
W6_Q02,ALGSTRUCT,5,6,319831,1462,0,0,4,2,10,4,6,15,5,6,d26b7c6c44eb2ae1342ad0eacde318e4485f70f1e0c22f44dc171d7c0f11f2c5
W7_Q01,STRUCT_R1,5,6,221183,1481,0,0,5,0,7,3,6,15,4,5,70f8123fffd2af37d12a00e22d9841098c66a489d4953aae174ab2cb5014e5d7
W5_Q04,STRUCT_R1,5,6,318422,1871,0,0,12,0,12,4,10,34,4,12,233b80e0525d1c617459998a8c1e1bc9855a2c2b10f43c6fd42648b8adae0248
W7_Q16,OFF,5,6,476420,2649,0,0,20,0,52,18,6,15,4,20,352ecf90b67b0a72cf480d5f2990d3ea8f45c0a65a2644e7a858b4f181627dcb
W9_Q32,STRUCT,5,6,5164463,12704,0,0,34,2,38,608,4,4,1,36,f9b4de382a62f7ddf0ae716d829e6d3204b079918eba11b5d003aed0f308e9a0
W4_Q02,STRUCT_R1,5,6,780548,3851,2,0,10,1,17,67,7,76,31,11,056c94f2139c9e918446fe4f786e56b203a4febdd7cdb7d162e2b0323db5a772
W5_Q01,STRUCT_R1,5,6,181982,1313,0,0,3,0,3,1,4,10,4,3,7528d1a80da7ce6bed6c3efbaad136c6b237adf54f46f512a5fe79019bfef2ec
W8_Q02,STRUCT_R2,5,6,1053044,5278,0,1,15,2,30,165,11,169,63,17,ab8e72a97eeddaf640fa9d87846837b35913b3b9a7916818e4653a499fd7cc9a
W5_Q16,STRUCT,5,6,968322,5167,0,0,48,0,48,16,34,130,4,48,15f4ec0f61204d6ef15a655140c1c86c7248fc9deed8e4c09ef3081b8b94fb64
W5_Q02,STRUCT,5,6,221757,1981,0,0,6,0,6,2,6,18,4,6,e7741c936508103b2af3b934e316124eac7bac4773e716fb634bafee4047c0e4
W5_Q08,ALGSTRUCT,5,6,541735,2741,0,0,24,0,24,8,18,66,4,24,1ec99f8159a9bf9f7216cbde66142ab941580d932ab53b67181d9941e08515a5
W2_Q01,STRUCT_R1,5,6,274978,1426,1,0,3,1,5,2,5,14,4,4,2474f5c3c44c2292e8653ad95f4f21ec80fa6c72b730d7761807baa6c04c0270
W6_Q32,STRUCT_R1,5,6,1935073,3610,0,0,34,2,100,34,6,15,5,36,e27ba2fd4a248e13e86f6fd51f6578ca7bbe37b27fb6c62f3d2e37c16ce58156
W4_Q08,STRUCT_R2,5,6,2294790,13630,0,0,34,2,68,266,14,263,31,36,310b652f3a487a64261e67b69ca4bd659f7cd91c74be37afd64d6187457e8bdc
W6_Q01,OFF,5,6,193647,1407,0,0,3,2,7,3,6,15,5,5,ef852aa19070a90d167a6fc211683b2bbb6401671f4212d90e23806d1620b62f
W7_Q32,STRUCT,5,6,1115321,3222,0,0,36,0,100,34,6,15,4,36,6bdf3735d7ed12e047353d97f7fd342934c808ba421573c6cd2474dd612f37b1
W9_Q02,STRUCT,5,6,484346,4204,0,0,4,0,6,96,4,4,1,4,f59554bf6b558dac39020afcdc9d3261e3c200f0f612cb6818827b31bbda0408
W2_Q04,STRUCT,5,6,409069,1520,0,0,6,2,16,6,6,15,4,8,b8312387bf162a1452336c9e9e40ef1298c4a5b22cc87b54f4215f6e91104b3c
W7_Q16,STRUCT_R1,5,6,639937,2149,0,0,20,0,52,18,6,15,4,20,352ecf90b67b0a72cf480d5f2990d3ea8f45c0a65a2644e7a858b4f181627dcb
W2_Q04,OFF,5,6,313443,1647,0,0,6,2,16,6,6,15,4,8,b8312387bf162a1452336c9e9e40ef1298c4a5b22cc87b54f4215f6e91104b3c
W8_Q08,STRUCT,5,6,1452262,6797,0,0,21,2,48,171,11,169,63,23,6202056e7f9106d89fc2c03650e5a38d69f704cc369ba9e689bf413e5f7173e1
W6_Q08,STRUCT,5,6,572512,1833,0,0,10,2,28,10,6,15,5,12,0d426ef82e54bf37e16bebf86ad11b160059eb28202264ca816d50ab17a2aa06
W7_Q32,ALGSTRUCT,5,6,1161099,3111,0,0,36,0,100,34,6,15,4,36,6bdf3735d7ed12e047353d97f7fd342934c808ba421573c6cd2474dd612f37b1
W2_Q04,STRUCT_R1,5,6,417643,1741,4,0,6,1,11,5,5,14,4,7,e3e1c95caf3c6465ad04568b51f69fe26be853a4ad44521756f63edd123351f8
W8_Q32,ALGSTRUCT,5,6,3850718,7926,32,1,45,1,87,194,10,168,63,46,45e69b1796e998f7df6d485c516cc0751375b53ec01f0a7673d473a9ec217a0e
W9_Q01,STRUCT_R1,5,6,342867,4296,0,0,3,0,3,48,4,4,1,3,6e63c0dab5f8b29ef9d1440bcd3711746464b7521a4243c8d32e03504a6224d2
W6_Q04,ALGSTRUCT,5,6,420940,1426,0,0,6,2,16,6,6,15,5,8,463695b346924b3ce3bfd76bc311a5cc5d47fb033482cc22912fc407e8f09fdf
W5_Q04,STRUCT_R2,5,6,308498,1814,0,0,12,0,12,4,10,34,4,12,233b80e0525d1c617459998a8c1e1bc9855a2c2b10f43c6fd42648b8adae0248
W7_Q32,STRUCT_R2,5,6,1122545,3777,0,0,36,0,100,34,6,15,4,36,6bdf3735d7ed12e047353d97f7fd342934c808ba421573c6cd2474dd612f37b1
W7_Q01,STRUCT_R2,5,6,223574,1405,0,0,5,0,7,3,6,15,4,5,70f8123fffd2af37d12a00e22d9841098c66a489d4953aae174ab2cb5014e5d7
W3_d1,STRUCT_R2,5,6,559864,1944,0,0,10,2,28,10,6,15,4,12,a54c74b256ab2c5cf00e4072ff680215ee9ddba8ea28d33e07bfd46dd0370227
W5_Q32,OFF,5,6,1800964,10869,0,0,96,0,96,32,66,258,4,96,ad908136f049b66ae4b1e1c3f252d7a2ebead009fab3f7177d4babd24fcbec6a
W7_Q08,STRUCT,5,6,400161,1686,0,0,12,0,28,10,6,15,4,12,d13ad2add4e1d9cb21c441a8963ffbcf5f462a05d4f61331fa56b7c117fe58d1
W4_Q04,STRUCT_R2,5,6,1242174,7017,0,0,18,2,36,134,10,139,31,20,fd25718cb278dfe33c1131161ba4977814e08de24bd73801325a42bf895b4b90
W9_Q04,OFF,5,6,597734,4500,0,0,6,0,12,192,4,4,1,6,6dad93323aff1013501fa90b58e0e48741ec6d807386799264c78a900e9e11d0
W7_Q02,STRUCT_R1,5,6,247034,1167,0,0,6,0,10,4,6,15,4,6,b1d2efac79748ca32ad60ca241d894721be3c3795c13e31e47e01dad1cb5a5f1
W7_Q02,STRUCT_R2,5,6,242720,1722,0,0,6,0,10,4,6,15,4,6,b1d2efac79748ca32ad60ca241d894721be3c3795c13e31e47e01dad1cb5a5f1
W4_Q04,STRUCT_R1,5,6,1443446,6390,4,0,18,1,31,133,9,138,31,19,fc880fdc081349aa9e95db821628814a11fa6271dfea15fd511d230a5fbbf819
W6_Q32,STRUCT,5,6,1872111,3795,0,0,34,2,100,34,6,15,5,36,e27ba2fd4a248e13e86f6fd51f6578ca7bbe37b27fb6c62f3d2e37c16ce58156
W2_Q04,STRUCT_R2,5,6,401181,1926,0,0,6,2,16,6,6,15,4,8,b8312387bf162a1452336c9e9e40ef1298c4a5b22cc87b54f4215f6e91104b3c
W7_Q04,OFF,5,6,207759,1554,0,0,8,0,16,6,6,15,4,8,64eb05b2d681af147811cd64dc0e11be812cb48952e297a71fcf6d3c013ba4a0
W4_Q04,ALGSTRUCT,5,6,1464058,6852,4,0,18,1,31,133,9,138,31,19,fc880fdc081349aa9e95db821628814a11fa6271dfea15fd511d230a5fbbf819
W2_Q08,STRUCT_R2,5,6,565993,2242,0,0,10,2,28,10,6,15,4,12,e121069670786ba8fbe3100d624a17638d4611a34b02647058710f2e3db6a9c9
W9_Q01,STRUCT_R2,5,6,342868,4036,0,0,3,0,3,48,4,4,1,3,6e63c0dab5f8b29ef9d1440bcd3711746464b7521a4243c8d32e03504a6224d2
W6_Q04,OFF,5,6,310202,1406,0,0,6,2,16,6,6,15,5,8,463695b346924b3ce3bfd76bc311a5cc5d47fb033482cc22912fc407e8f09fdf
W6_Q01,STRUCT_R1,5,6,264294,1536,0,0,3,2,7,3,6,15,5,5,ef852aa19070a90d167a6fc211683b2bbb6401671f4212d90e23806d1620b62f
W6_Q04,STRUCT_R2,5,6,398515,1740,0,0,6,2,16,6,6,15,5,8,463695b346924b3ce3bfd76bc311a5cc5d47fb033482cc22912fc407e8f09fdf
W7_Q02,OFF,5,6,169812,1686,0,0,6,0,10,4,6,15,4,6,b1d2efac79748ca32ad60ca241d894721be3c3795c13e31e47e01dad1cb5a5f1
W9_Q01,STRUCT,5,6,346718,5130,0,0,3,0,3,48,4,4,1,3,6e63c0dab5f8b29ef9d1440bcd3711746464b7521a4243c8d32e03504a6224d2
W2_Q08,OFF,5,6,459311,1870,0,0,10,2,28,10,6,15,4,12,e121069670786ba8fbe3100d624a17638d4611a34b02647058710f2e3db6a9c9
W9_Q01,ALGSTRUCT,5,6,346885,4870,0,0,3,0,3,48,4,4,1,3,6e63c0dab5f8b29ef9d1440bcd3711746464b7521a4243c8d32e03504a6224d2
W9_Q02,OFF,5,6,346366,3908,0,0,4,0,6,96,4,4,1,4,f59554bf6b558dac39020afcdc9d3261e3c200f0f612cb6818827b31bbda0408
W8_Q01,STRUCT_R2,5,6,1004694,5666,0,1,14,2,27,164,11,169,63,16,7b06ec78e125033330eb86a638ef113771be6d17e66ade996d2cadaa30e562a7
W2_Q08,STRUCT,5,6,570606,1814,0,0,10,2,28,10,6,15,4,12,e121069670786ba8fbe3100d624a17638d4611a34b02647058710f2e3db6a9c9
W8_Q32,STRUCT,5,6,2788823,8370,0,0,45,2,120,195,11,169,63,47,257e33fe42ff72054f90b0755280d3b57f6dc95e0ff488350c7a08c8fa00e255
W3_d2,STRUCT,6,6,958896,2205,0,0,11,5,35,13,10,29,5,16,bb512a3ef0db77c97656c90a9544f5958e4b52748f6a43bfdbc34ec450c82e91
W9_Q32,STRUCT_R2,6,6,5120908,12796,0,16,34,1,35,560,4,4,1,35,678046e55883cc9fe207429daab5f5da66bcc2178ee01574697097ddff7f102c
W4_Q32,STRUCT_R1,6,6,18584654,53537,32,0,130,1,227,1057,37,1006,31,131,4a5be56a553c6df341c1f260562041444c20a964d5f4f3916c7966ddd0bae2e9
W7_Q16,STRUCT,6,6,607475,2333,0,0,20,0,52,18,6,15,4,20,352ecf90b67b0a72cf480d5f2990d3ea8f45c0a65a2644e7a858b4f181627dcb
W4_Q08,STRUCT_R2,6,6,2304086,13852,0,0,34,2,68,266,14,263,31,36,310b652f3a487a64261e67b69ca4bd659f7cd91c74be37afd64d6187457e8bdc
W5_Q16,ALGSTRUCT,6,6,1001710,4408,0,0,48,0,48,16,34,130,4,48,15f4ec0f61204d6ef15a655140c1c86c7248fc9deed8e4c09ef3081b8b94fb64
W3_d3,ALGSTRUCT,6,6,1415392,1908,10,0,12,5,29,13,11,43,8,17,16f1a8e88d7f920d91f3a177d0789d4761bf8768a0ac71ebce1f9f2282714954
W2_Q01,OFF,6,6,196405,1556,0,0,3,2,7,3,6,15,4,5,fb4f50a52888382fd35dda056767f1188dd59b0b7db5fbe2928a5afbf6bf9f5b
W4_Q32,STRUCT_R2,6,6,9696693,75388,0,0,130,2,260,1058,38,1007,31,132,068ad024181661f75503372002890dd704cd730c5fc591fd65590a6d532c145d
W7_Q01,OFF,6,6,151867,1686,0,0,5,0,7,3,6,15,4,5,70f8123fffd2af37d12a00e22d9841098c66a489d4953aae174ab2cb5014e5d7
W1,OFF,6,6,198054,1722,0,0,3,2,7,3,6,15,4,5,4b26ed307e0166f8d1fa59ea1e874899e41c5fd882be9ef62f84eb3685bb70b7
W2_Q16,STRUCT_R1,6,6,1035154,2205,16,0,18,1,35,17,5,14,4,19,6874ea3fe8a08c7af5d8752f9a4557e5d01bc066a937913a1e427661cbb540c4
W4_Q32,ALGSTRUCT,6,6,18355713,62646,32,0,130,1,227,1057,37,1006,31,131,4a5be56a553c6df341c1f260562041444c20a964d5f4f3916c7966ddd0bae2e9
W3_d3,STRUCT,6,6,1397634,2777,0,0,12,8,42,16,14,46,8,20,d0de00aa950042ce2df3a1aacd87b83395b88f62201b4b0ee4f6f67dba5bbb2b
W7_Q08,STRUCT_R1,6,6,411996,1518,0,0,12,0,28,10,6,15,4,12,d13ad2add4e1d9cb21c441a8963ffbcf5f462a05d4f61331fa56b7c117fe58d1
W9_Q08,ALGSTRUCT,6,6,1456187,6945,0,4,10,1,11,176,4,4,1,11,f0aee4c6a6b6511ecbc27f2fc4ef3f688cd044d5f143461208ceed4e1cea64ae
W9_Q01,STRUCT,6,6,340164,3240,0,0,3,0,3,48,4,4,1,3,6e63c0dab5f8b29ef9d1440bcd3711746464b7521a4243c8d32e03504a6224d2
W4_Q04,OFF,6,6,1053730,6462,0,0,18,2,36,134,10,139,31,20,fd25718cb278dfe33c1131161ba4977814e08de24bd73801325a42bf895b4b90
W2_Q02,ALGSTRUCT,6,6,325071,1333,2,0,4,1,7,3,5,14,4,5,d8adac9423435c6f23a5e314f4d31430db516714fee41508dcac1bc6af0e6f0c
W5_Q04,STRUCT_R2,6,6,310402,1965,0,0,12,0,12,4,10,34,4,12,233b80e0525d1c617459998a8c1e1bc9855a2c2b10f43c6fd42648b8adae0248
W3_d3,STRUCT_R1,6,6,1395764,2406,10,0,12,5,29,13,11,43,8,17,16f1a8e88d7f920d91f3a177d0789d4761bf8768a0ac71ebce1f9f2282714954
W2_Q08,STRUCT,6,6,575937,2038,0,0,10,2,28,10,6,15,4,12,e121069670786ba8fbe3100d624a17638d4611a34b02647058710f2e3db6a9c9
W6_Q01,OFF,6,6,199017,1721,0,0,3,2,7,3,6,15,5,5,ef852aa19070a90d167a6fc211683b2bbb6401671f4212d90e23806d1620b62f
W6_Q08,OFF,6,6,453811,1870,0,0,10,2,28,10,6,15,5,12,0d426ef82e54bf37e16bebf86ad11b160059eb28202264ca816d50ab17a2aa06
W1,STRUCT,6,6,258276,1629,0,0,3,2,7,3,6,15,4,5,4b26ed307e0166f8d1fa59ea1e874899e41c5fd882be9ef62f84eb3685bb70b7
W4_Q32,STRUCT,6,6,10053188,80759,0,0,130,2,260,1058,38,1007,31,132,068ad024181661f75503372002890dd704cd730c5fc591fd65590a6d532c145d
W8_Q04,ALGSTRUCT,6,6,1297153,5426,4,1,17,1,31,166,10,168,63,18,1ff2b9471d9cd2dd9078b74afc728460463e46c3102cf6da6b805d7f73e4899a
W9_Q16,STRUCT,6,6,2740934,9833,0,0,18,2,22,352,4,4,1,20,ff9866380da95df98e4375770d21fe162b02c0b8b05b75e939b18d0d711c4c04
W2_Q02,STRUCT_R1,6,6,319627,1240,2,0,4,1,7,3,5,14,4,5,d8adac9423435c6f23a5e314f4d31430db516714fee41508dcac1bc6af0e6f0c
W7_Q32,STRUCT,6,6,1111247,3056,0,0,36,0,100,34,6,15,4,36,6bdf3735d7ed12e047353d97f7fd342934c808ba421573c6cd2474dd612f37b1
W8_Q02,STRUCT_R2,6,6,1050509,5610,0,1,15,2,30,165,11,169,63,17,ab8e72a97eeddaf640fa9d87846837b35913b3b9a7916818e4653a499fd7cc9a
W4_Q16,STRUCT_R1,6,6,7130053,26593,16,0,66,1,115,529,21,510,31,67,c4cb6b036cc3a61a0d0502a6d94307b09dd7e159ba9b445a83ebed14f5c8ebe1
W9_Q08,STRUCT_R2,6,6,1452559,6499,0,4,10,1,11,176,4,4,1,11,f0aee4c6a6b6511ecbc27f2fc4ef3f688cd044d5f143461208ceed4e1cea64ae
W9_Q04,STRUCT,6,6,1105748,5481,0,0,6,2,10,160,4,4,1,8,a25fcd6d9b6930c5a5e472a5d4b9da9d0423cec22fe64a49a0e3364286ad6c7b
W5_Q04,STRUCT_R1,6,6,318311,1667,0,0,12,0,12,4,10,34,4,12,233b80e0525d1c617459998a8c1e1bc9855a2c2b10f43c6fd42648b8adae0248
W7_Q04,STRUCT,6,6,290497,1741,0,0,8,0,16,6,6,15,4,8,64eb05b2d681af147811cd64dc0e11be812cb48952e297a71fcf6d3c013ba4a0
W7_Q32,OFF,6,6,899620,3297,0,0,36,0,100,34,6,15,4,36,6bdf3735d7ed12e047353d97f7fd342934c808ba421573c6cd2474dd612f37b1
W7_Q04,OFF,6,6,213904,1871,0,0,8,0,16,6,6,15,4,8,64eb05b2d681af147811cd64dc0e11be812cb48952e297a71fcf6d3c013ba4a0
W5_Q01,OFF,6,6,123406,1482,0,0,3,0,3,1,4,10,4,3,7528d1a80da7ce6bed6c3efbaad136c6b237adf54f46f512a5fe79019bfef2ec
W8_Q04,STRUCT_R2,6,6,1181691,6315,0,1,17,2,36,167,11,169,63,19,683043cf53c296ea0d43a0c383a5a5aa5dfae2adbc542c677c919239829da206
W2_Q08,STRUCT_R2,6,6,567622,2076,0,0,10,2,28,10,6,15,4,12,e121069670786ba8fbe3100d624a17638d4611a34b02647058710f2e3db6a9c9
W4_Q16,STRUCT,6,6,4754746,26925,0,0,66,2,132,530,22,511,31,68,7fbae5656c303ca065341c5db14fa3ef41fb196c82f59bb1c789e1f7b78b0f7a
W2_Q01,ALGSTRUCT,6,6,275053,1259,1,0,3,1,5,2,5,14,4,4,2474f5c3c44c2292e8653ad95f4f21ec80fa6c72b730d7761807baa6c04c0270
W7_Q02,STRUCT_R1,6,6,253257,1463,0,0,6,0,10,4,6,15,4,6,b1d2efac79748ca32ad60ca241d894721be3c3795c13e31e47e01dad1cb5a5f1
W5_Q16,OFF,6,6,842306,4722,0,0,48,0,48,16,34,130,4,48,15f4ec0f61204d6ef15a655140c1c86c7248fc9deed8e4c09ef3081b8b94fb64
W6_Q16,STRUCT_R1,6,6,1005839,2242,0,0,18,2,52,18,6,15,5,20,bb0755604375307ff8e5fd09781b80b224d9ab98fa75fb51387fe44cb24e3726
W5_Q04,OFF,6,6,243996,1927,0,0,12,0,12,4,10,34,4,12,233b80e0525d1c617459998a8c1e1bc9855a2c2b10f43c6fd42648b8adae0248
W9_Q32,ALGSTRUCT,6,6,5024447,12814,0,16,34,1,35,560,4,4,1,35,678046e55883cc9fe207429daab5f5da66bcc2178ee01574697097ddff7f102c
W6_Q02,OFF,6,6,238071,1964,0,0,4,2,10,4,6,15,5,6,d26b7c6c44eb2ae1342ad0eacde318e4485f70f1e0c22f44dc171d7c0f11f2c5
W5_Q02,STRUCT,6,6,223239,1722,0,0,6,0,6,2,6,18,4,6,e7741c936508103b2af3b934e316124eac7bac4773e716fb634bafee4047c0e4
W6_Q02,STRUCT,6,6,312219,1685,0,0,4,2,10,4,6,15,5,6,d26b7c6c44eb2ae1342ad0eacde318e4485f70f1e0c22f44dc171d7c0f11f2c5
W6_Q32,STRUCT_R2,6,6,1859851,3592,0,0,34,2,100,34,6,15,5,36,e27ba2fd4a248e13e86f6fd51f6578ca7bbe37b27fb6c62f3d2e37c16ce58156
W5_Q08,STRUCT_R1,6,6,532959,2925,0,0,24,0,24,8,18,66,4,24,1ec99f8159a9bf9f7216cbde66142ab941580d932ab53b67181d9941e08515a5
W5_Q02,STRUCT_R1,6,6,228183,1370,0,0,6,0,6,2,6,18,4,6,e7741c936508103b2af3b934e316124eac7bac4773e716fb634bafee4047c0e4
W2_Q08,ALGSTRUCT,6,6,590108,1794,8,0,10,1,19,9,5,14,4,11,28ef291bdbdabd5779860a9dac095bdb774cc930b18dec6f9c7bf13df75550d2
W6_Q08,STRUCT,6,6,575901,2000,0,0,10,2,28,10,6,15,5,12,0d426ef82e54bf37e16bebf86ad11b160059eb28202264ca816d50ab17a2aa06
W4_Q16,ALGSTRUCT,6,6,7139552,26723,16,0,66,1,115,529,21,510,31,67,c4cb6b036cc3a61a0d0502a6d94307b09dd7e159ba9b445a83ebed14f5c8ebe1
W8_Q02,ALGSTRUCT,6,6,1159007,4907,2,1,15,1,27,164,10,168,63,16,652ea2e2db2a8b59e1a2373d0aa09bb6194a7176cb3cd104297a14f7ef235e6b
W5_Q32,STRUCT_R1,6,6,2059738,10833,0,0,96,0,96,32,66,258,4,96,ad908136f049b66ae4b1e1c3f252d7a2ebead009fab3f7177d4babd24fcbec6a
W4_Q08,OFF,6,6,1966258,12832,0,0,34,2,68,266,14,263,31,36,310b652f3a487a64261e67b69ca4bd659f7cd91c74be37afd64d6187457e8bdc
W6_Q04,STRUCT,6,6,399385,1574,0,0,6,2,16,6,6,15,5,8,463695b346924b3ce3bfd76bc311a5cc5d47fb033482cc22912fc407e8f09fdf
W2_Q02,OFF,6,6,239850,1666,0,0,4,2,10,4,6,15,4,6,002b88cffa362a25f201c7342c0d49bad4cd7fb10998ad8823a39c11beee6d88
W8_Q32,STRUCT_R2,6,6,2818823,7740,0,1,45,2,120,195,11,169,63,47,257e33fe42ff72054f90b0755280d3b57f6dc95e0ff488350c7a08c8fa00e255
W9_Q02,ALGSTRUCT,6,6,639437,4315,0,1,4,1,5,80,4,4,1,5,a250745debd6fd7cf3585f94dfa2ad7178c8b7c572e5ce15f0467c48475c0e9a
W9_Q02,OFF,6,6,344867,4518,0,0,4,0,6,96,4,4,1,4,f59554bf6b558dac39020afcdc9d3261e3c200f0f612cb6818827b31bbda0408
W4_Q16,OFF,6,6,4173659,26981,0,0,66,2,132,530,22,511,31,68,7fbae5656c303ca065341c5db14fa3ef41fb196c82f59bb1c789e1f7b78b0f7a
W9_Q04,STRUCT_R2,6,6,1003268,6110,0,2,6,1,7,112,4,4,1,7,7e3f7232eefdc535f0f8be36c1c724fab7de36a2740821784506d96a09bd30b3
W4_Q02,OFF,6,6,566456,3816,0,0,10,2,20,68,8,77,31,12,c082fb0620ac05b05065135ca996c9564b57d8a79b47964aa54b86c16cd0659f
W7_Q32,ALGSTRUCT,6,6,1171876,3908,0,0,36,0,100,34,6,15,4,36,6bdf3735d7ed12e047353d97f7fd342934c808ba421573c6cd2474dd612f37b1
W4_Q02,STRUCT,6,6,687383,3776,0,0,10,2,20,68,8,77,31,12,c082fb0620ac05b05065135ca996c9564b57d8a79b47964aa54b86c16cd0659f
W7_Q01,STRUCT_R2,6,6,220145,1630,0,0,5,0,7,3,6,15,4,5,70f8123fffd2af37d12a00e22d9841098c66a489d4953aae174ab2cb5014e5d7
W6_Q02,STRUCT_R1,6,6,316681,1297,0,0,4,2,10,4,6,15,5,6,d26b7c6c44eb2ae1342ad0eacde318e4485f70f1e0c22f44dc171d7c0f11f2c5
W9_Q04,OFF,6,6,607291,4721,0,0,6,0,12,192,4,4,1,6,6dad93323aff1013501fa90b58e0e48741ec6d807386799264c78a900e9e11d0
W9_Q01,STRUCT_R1,6,6,341127,4648,0,0,3,0,3,48,4,4,1,3,6e63c0dab5f8b29ef9d1440bcd3711746464b7521a4243c8d32e03504a6224d2
W6_Q32,STRUCT,6,6,1866370,3684,0,0,34,2,100,34,6,15,5,36,e27ba2fd4a248e13e86f6fd51f6578ca7bbe37b27fb6c62f3d2e37c16ce58156
W7_Q04,ALGSTRUCT,6,6,298921,1464,0,0,8,0,16,6,6,15,4,8,64eb05b2d681af147811cd64dc0e11be812cb48952e297a71fcf6d3c013ba4a0
W5_Q32,STRUCT,6,6,1966721,9128,0,0,96,0,96,32,66,258,4,96,ad908136f049b66ae4b1e1c3f252d7a2ebead009fab3f7177d4babd24fcbec6a
W6_Q32,ALGSTRUCT,6,6,1929626,3390,0,0,34,2,100,34,6,15,5,36,e27ba2fd4a248e13e86f6fd51f6578ca7bbe37b27fb6c62f3d2e37c16ce58156
W8_Q32,STRUCT,6,6,2822653,8835,0,0,45,2,120,195,11,169,63,47,257e33fe42ff72054f90b0755280d3b57f6dc95e0ff488350c7a08c8fa00e255
W4_Q02,STRUCT_R2,6,6,686252,4260,0,0,10,2,20,68,8,77,31,12,c082fb0620ac05b05065135ca996c9564b57d8a79b47964aa54b86c16cd0659f
W4_Q01,STRUCT,6,6,452458,3149,0,0,6,2,12,35,7,46,31,8,c1c4e28384d704fc6572f4a795b1b9dcd23dd585446058743d09154ee63f83a5
W6_Q16,OFF,6,6,779307,2407,0,0,18,2,52,18,6,15,5,20,bb0755604375307ff8e5fd09781b80b224d9ab98fa75fb51387fe44cb24e3726
W8_Q32,OFF,6,6,2303902,8092,0,0,45,2,120,195,11,169,63,47,257e33fe42ff72054f90b0755280d3b57f6dc95e0ff488350c7a08c8fa00e255
W2_Q01,STRUCT_R2,6,6,259293,1500,0,0,3,2,7,3,6,15,4,5,fb4f50a52888382fd35dda056767f1188dd59b0b7db5fbe2928a5afbf6bf9f5b
W2_Q32,OFF,6,6,1527428,3296,0,0,34,2,100,34,6,15,4,36,ead1d2e3154b72c47159b745145cb82392c282dcdeeba0e877b2291c8ed45d37
W4_Q01,STRUCT_R2,6,6,436791,2593,0,0,6,2,12,35,7,46,31,8,c1c4e28384d704fc6572f4a795b1b9dcd23dd585446058743d09154ee63f83a5
W9_Q08,STRUCT,6,6,1567909,8074,0,0,10,2,14,224,4,4,1,12,4c97cc82f3dbf6bc2a6de325d199b0cb65ffca732846069f84ea5618bb19fcfd
W3_d1,ALGSTRUCT,6,6,590528,1576,8,0,10,1,19,9,5,14,4,11,51eaee63f5c885c3fa7e71093e89c7ff61bea1c09d51d95c588c39ddf452f383
W6_Q08,STRUCT_R1,6,6,587030,1649,0,0,10,2,28,10,6,15,5,12,0d426ef82e54bf37e16bebf86ad11b160059eb28202264ca816d50ab17a2aa06
W4_Q04,STRUCT,6,6,1239005,6796,0,0,18,2,36,134,10,139,31,20,fd25718cb278dfe33c1131161ba4977814e08de24bd73801325a42bf895b4b90
W8_Q08,STRUCT_R2,6,6,1432504,6148,0,1,21,2,48,171,11,169,63,23,6202056e7f9106d89fc2c03650e5a38d69f704cc369ba9e689bf413e5f7173e1
W7_Q16,OFF,6,6,469698,2334,0,0,20,0,52,18,6,15,4,20,352ecf90b67b0a72cf480d5f2990d3ea8f45c0a65a2644e7a858b4f181627dcb
W3_d2,STRUCT_R1,6,6,972232,2351,9,0,11,3,24,11,8,27,5,14,b3a60a0bc9bb1633f8ca67743fa2b43eea5f58f8a512cbf173b181d8c20dfa68
W8_Q32,ALGSTRUCT,6,6,3845107,8222,32,1,45,1,87,194,10,168,63,46,45e69b1796e998f7df6d485c516cc0751375b53ec01f0a7673d473a9ec217a0e
W8_Q02,STRUCT,6,6,1051916,5443,0,0,15,2,30,165,11,169,63,17,ab8e72a97eeddaf640fa9d87846837b35913b3b9a7916818e4653a499fd7cc9a
W9_Q32,OFF,6,6,3423796,14852,0,0,34,0,96,1536,4,4,1,34,13dfd65212c03f91a3168cac28f16ba616ce21a6c4d7fb7bf5b25f0167fbc71b
W8_Q16,OFF,6,6,1495965,6723,0,0,29,2,72,179,11,169,63,31,75d1b16c15c201143eb0f00e84429326ead193544062ed0323b47e7914fd575d
W2_Q08,OFF,6,6,477940,1925,0,0,10,2,28,10,6,15,4,12,e121069670786ba8fbe3100d624a17638d4611a34b02647058710f2e3db6a9c9
W8_Q08,STRUCT,6,6,1452225,6389,0,0,21,2,48,171,11,169,63,23,6202056e7f9106d89fc2c03650e5a38d69f704cc369ba9e689bf413e5f7173e1
W4_Q02,ALGSTRUCT,6,6,786619,3798,2,0,10,1,17,67,7,76,31,11,056c94f2139c9e918446fe4f786e56b203a4febdd7cdb7d162e2b0323db5a772
W2_Q04,ALGSTRUCT,6,6,408755,1611,4,0,6,1,11,5,5,14,4,7,e3e1c95caf3c6465ad04568b51f69fe26be853a4ad44521756f63edd123351f8
W6_Q16,ALGSTRUCT,6,6,1008342,2277,0,0,18,2,52,18,6,15,5,20,bb0755604375307ff8e5fd09781b80b224d9ab98fa75fb51387fe44cb24e3726
W3_d2,OFF,6,6,784047,2389,0,0,11,5,35,13,10,29,5,16,bb512a3ef0db77c97656c90a9544f5958e4b52748f6a43bfdbc34ec450c82e91
W2_Q04,STRUCT_R1,6,6,408589,1518,4,0,6,1,11,5,5,14,4,7,e3e1c95caf3c6465ad04568b51f69fe26be853a4ad44521756f63edd123351f8
W8_Q16,STRUCT_R2,6,6,1843072,6852,0,1,29,2,72,179,11,169,63,31,75d1b16c15c201143eb0f00e84429326ead193544062ed0323b47e7914fd575d
W8_Q16,STRUCT,6,6,1837534,7131,0,0,29,2,72,179,11,169,63,31,75d1b16c15c201143eb0f00e84429326ead193544062ed0323b47e7914fd575d
W4_Q04,STRUCT_R1,6,6,1486410,6870,4,0,18,1,31,133,9,138,31,19,fc880fdc081349aa9e95db821628814a11fa6271dfea15fd511d230a5fbbf819
W9_Q02,STRUCT,6,6,477477,3907,0,0,4,0,6,96,4,4,1,4,f59554bf6b558dac39020afcdc9d3261e3c200f0f612cb6818827b31bbda0408
W5_Q08,STRUCT,6,6,534199,2925,0,0,24,0,24,8,18,66,4,24,1ec99f8159a9bf9f7216cbde66142ab941580d932ab53b67181d9941e08515a5
W8_Q16,STRUCT_R1,6,6,2175126,6406,16,0,29,1,55,178,10,168,63,30,d68e12eaec95eadd08fb1ce8e6c0dcfc893de77e4c3d4f5a64bb4b4ee29b64b3
W8_Q04,OFF,6,6,945249,5759,0,0,17,2,36,167,11,169,63,19,683043cf53c296ea0d43a0c383a5a5aa5dfae2adbc542c677c919239829da206
W5_Q32,ALGSTRUCT,6,6,2071643,10020,0,0,96,0,96,32,66,258,4,96,ad908136f049b66ae4b1e1c3f252d7a2ebead009fab3f7177d4babd24fcbec6a
W6_Q08,STRUCT_R2,6,6,571792,2221,0,0,10,2,28,10,6,15,5,12,0d426ef82e54bf37e16bebf86ad11b160059eb28202264ca816d50ab17a2aa06
W6_Q02,ALGSTRUCT,6,6,317828,1390,0,0,4,2,10,4,6,15,5,6,d26b7c6c44eb2ae1342ad0eacde318e4485f70f1e0c22f44dc171d7c0f11f2c5
W6_Q01,STRUCT,6,6,256811,1575,0,0,3,2,7,3,6,15,5,5,ef852aa19070a90d167a6fc211683b2bbb6401671f4212d90e23806d1620b62f
W5_Q02,ALGSTRUCT,6,6,222681,1594,0,0,6,0,6,2,6,18,4,6,e7741c936508103b2af3b934e316124eac7bac4773e716fb634bafee4047c0e4
W2_Q32,STRUCT,6,6,1858498,3593,0,0,34,2,100,34,6,15,4,36,ead1d2e3154b72c47159b745145cb82392c282dcdeeba0e877b2291c8ed45d37
W5_Q16,STRUCT_R2,6,6,970100,5371,0,0,48,0,48,16,34,130,4,48,15f4ec0f61204d6ef15a655140c1c86c7248fc9deed8e4c09ef3081b8b94fb64
W5_Q04,STRUCT,6,6,316425,2072,0,0,12,0,12,4,10,34,4,12,233b80e0525d1c617459998a8c1e1bc9855a2c2b10f43c6fd42648b8adae0248
W5_Q16,STRUCT_R1,6,6,1009712,4592,0,0,48,0,48,16,34,130,4,48,15f4ec0f61204d6ef15a655140c1c86c7248fc9deed8e4c09ef3081b8b94fb64
W3_d3,STRUCT_R2,6,6,1386189,2444,0,0,12,8,42,16,14,46,8,20,d0de00aa950042ce2df3a1aacd87b83395b88f62201b4b0ee4f6f67dba5bbb2b
W6_Q02,STRUCT_R2,6,6,304145,1685,0,0,4,2,10,4,6,15,5,6,d26b7c6c44eb2ae1342ad0eacde318e4485f70f1e0c22f44dc171d7c0f11f2c5
W2_Q02,STRUCT_R2,6,6,311347,1390,0,0,4,2,10,4,6,15,4,6,002b88cffa362a25f201c7342c0d49bad4cd7fb10998ad8823a39c11beee6d88
W9_Q04,ALGSTRUCT,6,6,990655,4371,0,2,6,1,7,112,4,4,1,7,7e3f7232eefdc535f0f8be36c1c724fab7de36a2740821784506d96a09bd30b3
W5_Q08,OFF,6,6,431071,2721,0,0,24,0,24,8,18,66,4,24,1ec99f8159a9bf9f7216cbde66142ab941580d932ab53b67181d9941e08515a5
W9_Q04,STRUCT_R1,6,6,1111895,6148,0,0,6,2,10,160,4,4,1,8,a25fcd6d9b6930c5a5e472a5d4b9da9d0423cec22fe64a49a0e3364286ad6c7b
W8_Q08,STRUCT_R1,6,6,1633427,6407,8,0,21,1,39,170,10,168,63,22,dfb50a16d91192e00318e4ac61c06d5403d37554d2e61726115b9e5e96a90617
W7_Q08,OFF,6,6,293330,1908,0,0,12,0,28,10,6,15,4,12,d13ad2add4e1d9cb21c441a8963ffbcf5f462a05d4f61331fa56b7c117fe58d1
W8_Q04,STRUCT,6,6,1180802,5889,0,0,17,2,36,167,11,169,63,19,683043cf53c296ea0d43a0c383a5a5aa5dfae2adbc542c677c919239829da206
W5_Q01,STRUCT_R2,6,6,181331,1519,0,0,3,0,3,1,4,10,4,3,7528d1a80da7ce6bed6c3efbaad136c6b237adf54f46f512a5fe79019bfef2ec
W2_Q02,STRUCT,6,6,310053,1666,0,0,4,2,10,4,6,15,4,6,002b88cffa362a25f201c7342c0d49bad4cd7fb10998ad8823a39c11beee6d88
W4_Q08,STRUCT_R1,6,6,2939450,13907,8,0,34,1,59,265,13,262,31,35,0d7db8d8f19881c77c6e7cd19e1f9d024ea9973fae56dbdbc00db2eeaa790340
W9_Q08,STRUCT_R1,6,6,1568205,6093,0,0,10,2,14,224,4,4,1,12,4c97cc82f3dbf6bc2a6de325d199b0cb65ffca732846069f84ea5618bb19fcfd
W1,ALGSTRUCT,6,6,279403,1020,1,0,3,1,5,2,5,14,4,4,ddbc64bc70e115337e04b3ee4eac0b96e81aea703c916cfeea2e2366190e3210
W9_Q32,STRUCT,6,6,5177316,13573,0,0,34,2,38,608,4,4,1,36,f9b4de382a62f7ddf0ae716d829e6d3204b079918eba11b5d003aed0f308e9a0
W4_Q08,ALGSTRUCT,6,6,2974488,13610,8,0,34,1,59,265,13,262,31,35,0d7db8d8f19881c77c6e7cd19e1f9d024ea9973fae56dbdbc00db2eeaa790340
W4_Q04,STRUCT_R2,6,6,1246874,6927,0,0,18,2,36,134,10,139,31,20,fd25718cb278dfe33c1131161ba4977814e08de24bd73801325a42bf895b4b90
W5_Q08,ALGSTRUCT,6,6,539327,2871,0,0,24,0,24,8,18,66,4,24,1ec99f8159a9bf9f7216cbde66142ab941580d932ab53b67181d9941e08515a5
W6_Q01,ALGSTRUCT,6,6,260719,1297,0,0,3,2,7,3,6,15,5,5,ef852aa19070a90d167a6fc211683b2bbb6401671f4212d90e23806d1620b62f
W6_Q01,STRUCT_R2,6,6,276164,1389,0,0,3,2,7,3,6,15,5,5,ef852aa19070a90d167a6fc211683b2bbb6401671f4212d90e23806d1620b62f
W7_Q08,STRUCT,6,6,404106,1834,0,0,12,0,28,10,6,15,4,12,d13ad2add4e1d9cb21c441a8963ffbcf5f462a05d4f61331fa56b7c117fe58d1
W9_Q32,STRUCT_R1,6,6,5206445,12685,0,0,34,2,38,608,4,4,1,36,f9b4de382a62f7ddf0ae716d829e6d3204b079918eba11b5d003aed0f308e9a0
W2_Q32,ALGSTRUCT,6,6,2241403,3425,32,0,34,1,67,33,5,14,4,35,aa6152b6f2b2227ea71db0831b5f58d2dce2bdcb6db5c4bb5d1fb235d1201ed1
W7_Q02,STRUCT,6,6,246182,1556,0,0,6,0,10,4,6,15,4,6,b1d2efac79748ca32ad60ca241d894721be3c3795c13e31e47e01dad1cb5a5f1
W7_Q01,STRUCT,6,6,215792,1446,0,0,5,0,7,3,6,15,4,5,70f8123fffd2af37d12a00e22d9841098c66a489d4953aae174ab2cb5014e5d7
W9_Q16,STRUCT_R2,6,6,2632288,8017,0,8,18,1,19,304,4,4,1,19,44cdb1eb48242e36e60587a8e97fc1204f774ee018380c18a625f9abe3ce3ce8
W9_Q01,OFF,6,6,234368,3852,0,0,3,0,3,48,4,4,1,3,6e63c0dab5f8b29ef9d1440bcd3711746464b7521a4243c8d32e03504a6224d2
W2_Q16,ALGSTRUCT,6,6,1047563,1815,16,0,18,1,35,17,5,14,4,19,6874ea3fe8a08c7af5d8752f9a4557e5d01bc066a937913a1e427661cbb540c4
W2_Q04,STRUCT,6,6,398181,1926,0,0,6,2,16,6,6,15,4,8,b8312387bf162a1452336c9e9e40ef1298c4a5b22cc87b54f4215f6e91104b3c
W7_Q02,STRUCT_R2,6,6,242016,1722,0,0,6,0,10,4,6,15,4,6,b1d2efac79748ca32ad60ca241d894721be3c3795c13e31e47e01dad1cb5a5f1
W6_Q08,ALGSTRUCT,6,6,596012,1722,0,0,10,2,28,10,6,15,5,12,0d426ef82e54bf37e16bebf86ad11b160059eb28202264ca816d50ab17a2aa06
W7_Q08,STRUCT_R2,6,6,396644,1870,0,0,12,0,28,10,6,15,4,12,d13ad2add4e1d9cb21c441a8963ffbcf5f462a05d4f61331fa56b7c117fe58d1
W5_Q08,STRUCT_R2,6,6,518977,2518,0,0,24,0,24,8,18,66,4,24,1ec99f8159a9bf9f7216cbde66142ab941580d932ab53b67181d9941e08515a5
W2_Q32,STRUCT_R1,6,6,2200681,3129,32,0,34,1,67,33,5,14,4,35,aa6152b6f2b2227ea71db0831b5f58d2dce2bdcb6db5c4bb5d1fb235d1201ed1
W6_Q32,STRUCT_R1,6,6,1956979,3389,0,0,34,2,100,34,6,15,5,36,e27ba2fd4a248e13e86f6fd51f6578ca7bbe37b27fb6c62f3d2e37c16ce58156
W9_Q16,STRUCT_R1,6,6,2757860,9018,0,0,18,2,22,352,4,4,1,20,ff9866380da95df98e4375770d21fe162b02c0b8b05b75e939b18d0d711c4c04
W2_Q04,OFF,6,6,314553,1795,0,0,6,2,16,6,6,15,4,8,b8312387bf162a1452336c9e9e40ef1298c4a5b22cc87b54f4215f6e91104b3c
W8_Q02,STRUCT_R1,6,6,1160080,5019,2,0,15,1,27,164,10,168,63,16,652ea2e2db2a8b59e1a2373d0aa09bb6194a7176cb3cd104297a14f7ef235e6b
W2_Q16,STRUCT_R2,6,6,979899,2480,0,0,18,2,52,18,6,15,4,20,f53a43e02a6f7be38b5d23a92cce7a6f0c7e7deac086e97841ea021c93a5a893
W5_Q02,OFF,6,6,157498,1537,0,0,6,0,6,2,6,18,4,6,e7741c936508103b2af3b934e316124eac7bac4773e716fb634bafee4047c0e4
W6_Q01,STRUCT_R1,6,6,257998,1481,0,0,3,2,7,3,6,15,5,5,ef852aa19070a90d167a6fc211683b2bbb6401671f4212d90e23806d1620b62f
W7_Q16,STRUCT_R1,6,6,630714,2131,0,0,20,0,52,18,6,15,4,20,352ecf90b67b0a72cf480d5f2990d3ea8f45c0a65a2644e7a858b4f181627dcb
W5_Q01,ALGSTRUCT,6,6,188017,1204,0,0,3,0,3,1,4,10,4,3,7528d1a80da7ce6bed6c3efbaad136c6b237adf54f46f512a5fe79019bfef2ec
W6_Q04,OFF,6,6,312552,1833,0,0,6,2,16,6,6,15,5,8,463695b346924b3ce3bfd76bc311a5cc5d47fb033482cc22912fc407e8f09fdf
W3_d1,OFF,6,6,448939,1926,0,0,10,2,28,10,6,15,4,12,a54c74b256ab2c5cf00e4072ff680215ee9ddba8ea28d33e07bfd46dd0370227
W3_d2,ALGSTRUCT,6,6,977416,1981,9,0,11,3,24,11,8,27,5,14,b3a60a0bc9bb1633f8ca67743fa2b43eea5f58f8a512cbf173b181d8c20dfa68
W8_Q01,STRUCT_R2,6,6,1011711,6575,0,1,14,2,27,164,11,169,63,16,7b06ec78e125033330eb86a638ef113771be6d17e66ade996d2cadaa30e562a7
W7_Q02,OFF,6,6,173093,1739,0,0,6,0,10,4,6,15,4,6,b1d2efac79748ca32ad60ca241d894721be3c3795c13e31e47e01dad1cb5a5f1
W1,STRUCT_R1,6,6,275331,1444,1,0,3,1,5,2,5,14,4,4,ddbc64bc70e115337e04b3ee4eac0b96e81aea703c916cfeea2e2366190e3210
W5_Q01,STRUCT,6,6,182535,1537,0,0,3,0,3,1,4,10,4,3,7528d1a80da7ce6bed6c3efbaad136c6b237adf54f46f512a5fe79019bfef2ec
W8_Q08,ALGSTRUCT,6,6,1631778,6112,8,1,21,1,39,170,10,168,63,22,dfb50a16d91192e00318e4ac61c06d5403d37554d2e61726115b9e5e96a90617
W5_Q01,STRUCT_R1,6,6,182238,1278,0,0,3,0,3,1,4,10,4,3,7528d1a80da7ce6bed6c3efbaad136c6b237adf54f46f512a5fe79019bfef2ec
W8_Q02,OFF,6,6,827083,5556,0,0,15,2,30,165,11,169,63,17,ab8e72a97eeddaf640fa9d87846837b35913b3b9a7916818e4653a499fd7cc9a
W7_Q16,STRUCT_R2,6,6,606549,2314,0,0,20,0,52,18,6,15,4,20,352ecf90b67b0a72cf480d5f2990d3ea8f45c0a65a2644e7a858b4f181627dcb
W2_Q16,OFF,6,6,793696,2518,0,0,18,2,52,18,6,15,4,20,f53a43e02a6f7be38b5d23a92cce7a6f0c7e7deac086e97841ea021c93a5a893
W7_Q32,STRUCT_R1,6,6,1163746,3556,0,0,36,0,100,34,6,15,4,36,6bdf3735d7ed12e047353d97f7fd342934c808ba421573c6cd2474dd612f37b1
W5_Q32,STRUCT_R2,6,6,1983165,9851,0,0,96,0,96,32,66,258,4,96,ad908136f049b66ae4b1e1c3f252d7a2ebead009fab3f7177d4babd24fcbec6a
W6_Q32,OFF,6,6,1554112,3297,0,0,34,2,100,34,6,15,5,36,e27ba2fd4a248e13e86f6fd51f6578ca7bbe37b27fb6c62f3d2e37c16ce58156
W5_Q16,STRUCT,6,6,981785,5778,0,0,48,0,48,16,34,130,4,48,15f4ec0f61204d6ef15a655140c1c86c7248fc9deed8e4c09ef3081b8b94fb64
W7_Q08,ALGSTRUCT,6,6,415050,1630,0,0,12,0,28,10,6,15,4,12,d13ad2add4e1d9cb21c441a8963ffbcf5f462a05d4f61331fa56b7c117fe58d1
W6_Q04,STRUCT_R2,6,6,400181,1611,0,0,6,2,16,6,6,15,5,8,463695b346924b3ce3bfd76bc311a5cc5d47fb033482cc22912fc407e8f09fdf
W6_Q04,ALGSTRUCT,6,6,407865,1464,0,0,6,2,16,6,6,15,5,8,463695b346924b3ce3bfd76bc311a5cc5d47fb033482cc22912fc407e8f09fdf
W8_Q01,OFF,6,6,801324,5834,0,0,14,2,27,164,11,169,63,16,7b06ec78e125033330eb86a638ef113771be6d17e66ade996d2cadaa30e562a7
W7_Q02,ALGSTRUCT,6,6,253700,1315,0,0,6,0,10,4,6,15,4,6,b1d2efac79748ca32ad60ca241d894721be3c3795c13e31e47e01dad1cb5a5f1
W4_Q01,STRUCT_R1,6,6,497902,2278,1,0,6,1,10,34,6,45,31,7,2a2742010b3f20f3e0b7616f059bcf47256e350d22af5b1d3a055aa5eee736e9
W7_Q01,STRUCT_R1,6,6,227015,1297,0,0,5,0,7,3,6,15,4,5,70f8123fffd2af37d12a00e22d9841098c66a489d4953aae174ab2cb5014e5d7
W6_Q04,STRUCT_R1,6,6,413071,1536,0,0,6,2,16,6,6,15,5,8,463695b346924b3ce3bfd76bc311a5cc5d47fb033482cc22912fc407e8f09fdf
W3_d1,STRUCT_R2,6,6,566458,1980,0,0,10,2,28,10,6,15,4,12,a54c74b256ab2c5cf00e4072ff680215ee9ddba8ea28d33e07bfd46dd0370227
W4_Q16,STRUCT_R2,6,6,4710654,26000,0,0,66,2,132,530,22,511,31,68,7fbae5656c303ca065341c5db14fa3ef41fb196c82f59bb1c789e1f7b78b0f7a
W4_Q01,OFF,6,6,356164,2425,0,0,6,2,12,35,7,46,31,8,c1c4e28384d704fc6572f4a795b1b9dcd23dd585446058743d09154ee63f83a5
W4_Q02,STRUCT_R1,6,6,785195,3537,2,0,10,1,17,67,7,76,31,11,056c94f2139c9e918446fe4f786e56b203a4febdd7cdb7d162e2b0323db5a772
W7_Q01,ALGSTRUCT,6,6,225942,1408,0,0,5,0,7,3,6,15,4,5,70f8123fffd2af37d12a00e22d9841098c66a489d4953aae174ab2cb5014e5d7
W9_Q02,STRUCT_R1,6,6,488089,4110,0,0,4,0,6,96,4,4,1,4,f59554bf6b558dac39020afcdc9d3261e3c200f0f612cb6818827b31bbda0408
W5_Q32,OFF,6,6,1781721,10482,0,0,96,0,96,32,66,258,4,96,ad908136f049b66ae4b1e1c3f252d7a2ebead009fab3f7177d4babd24fcbec6a
W7_Q16,ALGSTRUCT,6,6,633198,2110,0,0,20,0,52,18,6,15,4,20,352ecf90b67b0a72cf480d5f2990d3ea8f45c0a65a2644e7a858b4f181627dcb
W2_Q16,STRUCT,6,6,981045,2185,0,0,18,2,52,18,6,15,4,20,f53a43e02a6f7be38b5d23a92cce7a6f0c7e7deac086e97841ea021c93a5a893
W1,STRUCT_R2,6,6,263868,1610,0,0,3,2,7,3,6,15,4,5,4b26ed307e0166f8d1fa59ea1e874899e41c5fd882be9ef62f84eb3685bb70b7
W2_Q04,STRUCT_R2,6,6,400348,1685,0,0,6,2,16,6,6,15,4,8,b8312387bf162a1452336c9e9e40ef1298c4a5b22cc87b54f4215f6e91104b3c
W7_Q32,STRUCT_R2,6,6,1108304,3277,0,0,36,0,100,34,6,15,4,36,6bdf3735d7ed12e047353d97f7fd342934c808ba421573c6cd2474dd612f37b1
W9_Q02,STRUCT_R2,6,6,638475,4129,0,1,4,1,5,80,4,4,1,5,a250745debd6fd7cf3585f94dfa2ad7178c8b7c572e5ce15f0467c48475c0e9a
W9_Q01,ALGSTRUCT,6,6,342309,3761,0,0,3,0,3,48,4,4,1,3,6e63c0dab5f8b29ef9d1440bcd3711746464b7521a4243c8d32e03504a6224d2
W4_Q04,ALGSTRUCT,6,6,1464910,6481,4,0,18,1,31,133,9,138,31,19,fc880fdc081349aa9e95db821628814a11fa6271dfea15fd511d230a5fbbf819
W4_Q01,ALGSTRUCT,6,6,491069,2592,1,0,6,1,10,34,6,45,31,7,2a2742010b3f20f3e0b7616f059bcf47256e350d22af5b1d3a055aa5eee736e9
W3_d1,STRUCT_R1,6,6,581235,1629,8,0,10,1,19,9,5,14,4,11,51eaee63f5c885c3fa7e71093e89c7ff61bea1c09d51d95c588c39ddf452f383
W7_Q04,STRUCT_R1,6,6,295238,1463,0,0,8,0,16,6,6,15,4,8,64eb05b2d681af147811cd64dc0e11be812cb48952e297a71fcf6d3c013ba4a0
W4_Q32,OFF,6,6,8462115,67350,0,0,130,2,260,1058,38,1007,31,132,068ad024181661f75503372002890dd704cd730c5fc591fd65590a6d532c145d
W8_Q01,ALGSTRUCT,6,6,1091898,5313,1,1,14,1,25,163,10,168,63,15,fdd35fe24122be542f9944d55e73c67d2cd28afd3fd1ff25e723a080e5d2dad8
W5_Q04,ALGSTRUCT,6,6,324071,1648,0,0,12,0,12,4,10,34,4,12,233b80e0525d1c617459998a8c1e1bc9855a2c2b10f43c6fd42648b8adae0248
W2_Q32,STRUCT_R2,6,6,1840703,3444,0,0,34,2,100,34,6,15,4,36,ead1d2e3154b72c47159b745145cb82392c282dcdeeba0e877b2291c8ed45d37
W5_Q02,STRUCT_R2,6,6,222479,1760,0,0,6,0,6,2,6,18,4,6,e7741c936508103b2af3b934e316124eac7bac4773e716fb634bafee4047c0e4
W8_Q01,STRUCT,6,6,993121,6091,0,0,14,2,27,164,11,169,63,16,7b06ec78e125033330eb86a638ef113771be6d17e66ade996d2cadaa30e562a7
W9_Q16,OFF,6,6,1726850,7853,0,0,18,0,48,768,4,4,1,18,43b7f4efcb619e6e3fc5fc66e7827f4bb8130a24a5905f5ce4efe6114dbfdbd3
W8_Q01,STRUCT_R1,6,6,1094449,5224,1,0,14,1,25,163,10,168,63,15,fdd35fe24122be542f9944d55e73c67d2cd28afd3fd1ff25e723a080e5d2dad8
W2_Q01,STRUCT,6,6,260683,1444,0,0,3,2,7,3,6,15,4,5,fb4f50a52888382fd35dda056767f1188dd59b0b7db5fbe2928a5afbf6bf9f5b
W3_d2,STRUCT_R2,6,6,957081,2038,0,0,11,5,35,13,10,29,5,16,bb512a3ef0db77c97656c90a9544f5958e4b52748f6a43bfdbc34ec450c82e91
W9_Q01,STRUCT_R2,6,6,343330,4796,0,0,3,0,3,48,4,4,1,3,6e63c0dab5f8b29ef9d1440bcd3711746464b7521a4243c8d32e03504a6224d2
W9_Q08,OFF,6,6,914286,6519,0,0,10,0,24,384,4,4,1,10,ae43d04dfb0cf7afbfdc83558714cd1da89c64e7c6d49325a19de9764156762a
W6_Q16,STRUCT,6,6,974470,2204,0,0,18,2,52,18,6,15,5,20,bb0755604375307ff8e5fd09781b80b224d9ab98fa75fb51387fe44cb24e3726
W3_d1,STRUCT,6,6,573087,1926,0,0,10,2,28,10,6,15,4,12,a54c74b256ab2c5cf00e4072ff680215ee9ddba8ea28d33e07bfd46dd0370227
W7_Q04,STRUCT_R2,6,6,287645,1518,0,0,8,0,16,6,6,15,4,8,64eb05b2d681af147811cd64dc0e11be812cb48952e297a71fcf6d3c013ba4a0
W3_d3,OFF,6,6,1147896,2370,0,0,12,8,42,16,14,46,8,20,d0de00aa950042ce2df3a1aacd87b83395b88f62201b4b0ee4f6f67dba5bbb2b
W4_Q08,STRUCT,6,6,2301493,13427,0,0,34,2,68,266,14,263,31,36,310b652f3a487a64261e67b69ca4bd659f7cd91c74be37afd64d6187457e8bdc
W8_Q04,STRUCT_R1,6,6,1298172,5018,4,0,17,1,31,166,10,168,63,18,1ff2b9471d9cd2dd9078b74afc728460463e46c3102cf6da6b805d7f73e4899a
W8_Q32,STRUCT_R1,6,6,3823108,8185,32,0,45,1,87,194,10,168,63,46,45e69b1796e998f7df6d485c516cc0751375b53ec01f0a7673d473a9ec217a0e
W6_Q16,STRUCT_R2,6,6,974210,2372,0,0,18,2,52,18,6,15,5,20,bb0755604375307ff8e5fd09781b80b224d9ab98fa75fb51387fe44cb24e3726
W9_Q16,ALGSTRUCT,6,6,2613917,8851,0,8,18,1,19,304,4,4,1,19,44cdb1eb48242e36e60587a8e97fc1204f774ee018380c18a625f9abe3ce3ce8
W2_Q01,STRUCT_R1,6,6,273367,1482,1,0,3,1,5,2,5,14,4,4,2474f5c3c44c2292e8653ad95f4f21ec80fa6c72b730d7761807baa6c04c0270
W8_Q16,ALGSTRUCT,6,6,2192717,6352,16,1,29,1,55,178,10,168,63,30,d68e12eaec95eadd08fb1ce8e6c0dcfc893de77e4c3d4f5a64bb4b4ee29b64b3
W8_Q08,OFF,6,6,1173653,5927,0,0,21,2,48,171,11,169,63,23,6202056e7f9106d89fc2c03650e5a38d69f704cc369ba9e689bf413e5f7173e1
W2_Q08,STRUCT_R1,6,6,571865,1555,8,0,10,1,19,9,5,14,4,11,28ef291bdbdabd5779860a9dac095bdb774cc930b18dec6f9c7bf13df75550d2
W4_Q01,STRUCT_R2,7,6,442755,2518,0,0,6,2,12,35,7,46,31,8,c1c4e28384d704fc6572f4a795b1b9dcd23dd585446058743d09154ee63f83a5
W8_Q16,OFF,7,6,1491503,6648,0,0,29,2,72,179,11,169,63,31,75d1b16c15c201143eb0f00e84429326ead193544062ed0323b47e7914fd575d
W8_Q04,STRUCT_R2,7,6,1180340,5740,0,1,17,2,36,167,11,169,63,19,683043cf53c296ea0d43a0c383a5a5aa5dfae2adbc542c677c919239829da206
W6_Q01,STRUCT,7,6,256978,1593,0,0,3,2,7,3,6,15,5,5,ef852aa19070a90d167a6fc211683b2bbb6401671f4212d90e23806d1620b62f
W5_Q01,OFF,7,6,123239,1685,0,0,3,0,3,1,4,10,4,3,7528d1a80da7ce6bed6c3efbaad136c6b237adf54f46f512a5fe79019bfef2ec
W6_Q08,STRUCT_R1,7,6,578159,1853,0,0,10,2,28,10,6,15,5,12,0d426ef82e54bf37e16bebf86ad11b160059eb28202264ca816d50ab17a2aa06
W1,STRUCT_R1,7,6,271701,1537,1,0,3,1,5,2,5,14,4,4,ddbc64bc70e115337e04b3ee4eac0b96e81aea703c916cfeea2e2366190e3210
W2_Q02,OFF,7,6,240441,1760,0,0,4,2,10,4,6,15,4,6,002b88cffa362a25f201c7342c0d49bad4cd7fb10998ad8823a39c11beee6d88
W4_Q16,STRUCT_R2,7,6,4756301,28000,0,0,66,2,132,530,22,511,31,68,7fbae5656c303ca065341c5db14fa3ef41fb196c82f59bb1c789e1f7b78b0f7a
W2_Q04,OFF,7,6,318626,1871,0,0,6,2,16,6,6,15,4,8,b8312387bf162a1452336c9e9e40ef1298c4a5b22cc87b54f4215f6e91104b3c
W9_Q04,ALGSTRUCT,7,6,981768,6203,0,2,6,1,7,112,4,4,1,7,7e3f7232eefdc535f0f8be36c1c724fab7de36a2740821784506d96a09bd30b3
W8_Q01,STRUCT_R2,7,6,1014971,6074,0,1,14,2,27,164,11,169,63,16,7b06ec78e125033330eb86a638ef113771be6d17e66ade996d2cadaa30e562a7
W9_Q02,STRUCT,7,6,478086,3797,0,0,4,0,6,96,4,4,1,4,f59554bf6b558dac39020afcdc9d3261e3c200f0f612cb6818827b31bbda0408
W4_Q04,STRUCT_R1,7,6,1454652,6573,4,0,18,1,31,133,9,138,31,19,fc880fdc081349aa9e95db821628814a11fa6271dfea15fd511d230a5fbbf819
W9_Q01,OFF,7,6,224776,3129,0,0,3,0,3,48,4,4,1,3,6e63c0dab5f8b29ef9d1440bcd3711746464b7521a4243c8d32e03504a6224d2
W5_Q01,STRUCT,7,6,182610,1351,0,0,3,0,3,1,4,10,4,3,7528d1a80da7ce6bed6c3efbaad136c6b237adf54f46f512a5fe79019bfef2ec
W6_Q08,STRUCT,7,6,573104,2167,0,0,10,2,28,10,6,15,5,12,0d426ef82e54bf37e16bebf86ad11b160059eb28202264ca816d50ab17a2aa06
W1,STRUCT_R2,7,6,257626,1630,0,0,3,2,7,3,6,15,4,5,4b26ed307e0166f8d1fa59ea1e874899e41c5fd882be9ef62f84eb3685bb70b7
W1,ALGSTRUCT,7,6,272867,1222,1,0,3,1,5,2,5,14,4,4,ddbc64bc70e115337e04b3ee4eac0b96e81aea703c916cfeea2e2366190e3210
W5_Q16,OFF,7,6,845602,4389,0,0,48,0,48,16,34,130,4,48,15f4ec0f61204d6ef15a655140c1c86c7248fc9deed8e4c09ef3081b8b94fb64
W2_Q08,OFF,7,6,450365,2223,0,0,10,2,28,10,6,15,4,12,e121069670786ba8fbe3100d624a17638d4611a34b02647058710f2e3db6a9c9
W8_Q04,ALGSTRUCT,7,6,1310190,5315,4,1,17,1,31,166,10,168,63,18,1ff2b9471d9cd2dd9078b74afc728460463e46c3102cf6da6b805d7f73e4899a
W6_Q32,STRUCT_R1,7,6,1937147,3703,0,0,34,2,100,34,6,15,5,36,e27ba2fd4a248e13e86f6fd51f6578ca7bbe37b27fb6c62f3d2e37c16ce58156
W7_Q16,STRUCT_R2,7,6,607048,2556,0,0,20,0,52,18,6,15,4,20,352ecf90b67b0a72cf480d5f2990d3ea8f45c0a65a2644e7a858b4f181627dcb
W5_Q08,STRUCT_R1,7,6,538921,2814,0,0,24,0,24,8,18,66,4,24,1ec99f8159a9bf9f7216cbde66142ab941580d932ab53b67181d9941e08515a5
W7_Q08,STRUCT_R2,7,6,397644,1740,0,0,12,0,28,10,6,15,4,12,d13ad2add4e1d9cb21c441a8963ffbcf5f462a05d4f61331fa56b7c117fe58d1
W5_Q32,STRUCT,7,6,1996331,8907,0,0,96,0,96,32,66,258,4,96,ad908136f049b66ae4b1e1c3f252d7a2ebead009fab3f7177d4babd24fcbec6a
W8_Q01,OFF,7,6,791622,6055,0,0,14,2,27,164,11,169,63,16,7b06ec78e125033330eb86a638ef113771be6d17e66ade996d2cadaa30e562a7
W4_Q02,STRUCT_R1,7,6,782178,3481,2,0,10,1,17,67,7,76,31,11,056c94f2139c9e918446fe4f786e56b203a4febdd7cdb7d162e2b0323db5a772
W5_Q16,STRUCT,7,6,988398,7295,0,0,48,0,48,16,34,130,4,48,15f4ec0f61204d6ef15a655140c1c86c7248fc9deed8e4c09ef3081b8b94fb64
W7_Q04,OFF,7,6,209311,1816,0,0,8,0,16,6,6,15,4,8,64eb05b2d681af147811cd64dc0e11be812cb48952e297a71fcf6d3c013ba4a0
W2_Q16,OFF,7,6,792750,2241,0,0,18,2,52,18,6,15,4,20,f53a43e02a6f7be38b5d23a92cce7a6f0c7e7deac086e97841ea021c93a5a893
W7_Q16,ALGSTRUCT,7,6,629141,2315,0,0,20,0,52,18,6,15,4,20,352ecf90b67b0a72cf480d5f2990d3ea8f45c0a65a2644e7a858b4f181627dcb
W7_Q02,OFF,7,6,172128,1759,0,0,6,0,10,4,6,15,4,6,b1d2efac79748ca32ad60ca241d894721be3c3795c13e31e47e01dad1cb5a5f1
W9_Q02,STRUCT_R2,7,6,641345,4148,0,1,4,1,5,80,4,4,1,5,a250745debd6fd7cf3585f94dfa2ad7178c8b7c572e5ce15f0467c48475c0e9a
W7_Q32,STRUCT_R2,7,6,1102340,3056,0,0,36,0,100,34,6,15,4,36,6bdf3735d7ed12e047353d97f7fd342934c808ba421573c6cd2474dd612f37b1
W2_Q08,ALGSTRUCT,7,6,583290,1667,8,0,10,1,19,9,5,14,4,11,28ef291bdbdabd5779860a9dac095bdb774cc930b18dec6f9c7bf13df75550d2
W5_Q04,STRUCT_R2,7,6,311313,2314,0,0,12,0,12,4,10,34,4,12,233b80e0525d1c617459998a8c1e1bc9855a2c2b10f43c6fd42648b8adae0248
W6_Q04,STRUCT_R2,7,6,397052,1833,0,0,6,2,16,6,6,15,5,8,463695b346924b3ce3bfd76bc311a5cc5d47fb033482cc22912fc407e8f09fdf
W4_Q08,STRUCT,7,6,2313475,13611,0,0,34,2,68,266,14,263,31,36,310b652f3a487a64261e67b69ca4bd659f7cd91c74be37afd64d6187457e8bdc
W6_Q08,OFF,7,6,450236,1982,0,0,10,2,28,10,6,15,5,12,0d426ef82e54bf37e16bebf86ad11b160059eb28202264ca816d50ab17a2aa06
W8_Q32,STRUCT_R2,7,6,2782712,8814,0,1,45,2,120,195,11,169,63,47,257e33fe42ff72054f90b0755280d3b57f6dc95e0ff488350c7a08c8fa00e255
W8_Q08,STRUCT_R1,7,6,1617983,5944,8,0,21,1,39,170,10,168,63,22,dfb50a16d91192e00318e4ac61c06d5403d37554d2e61726115b9e5e96a90617
W6_Q04,STRUCT_R1,7,6,408237,1759,0,0,6,2,16,6,6,15,5,8,463695b346924b3ce3bfd76bc311a5cc5d47fb033482cc22912fc407e8f09fdf
W6_Q04,ALGSTRUCT,7,6,414069,1704,0,0,6,2,16,6,6,15,5,8,463695b346924b3ce3bfd76bc311a5cc5d47fb033482cc22912fc407e8f09fdf
W7_Q02,ALGSTRUCT,7,6,247905,1482,0,0,6,0,10,4,6,15,4,6,b1d2efac79748ca32ad60ca241d894721be3c3795c13e31e47e01dad1cb5a5f1
W5_Q16,STRUCT_R1,7,6,997675,4240,0,0,48,0,48,16,34,130,4,48,15f4ec0f61204d6ef15a655140c1c86c7248fc9deed8e4c09ef3081b8b94fb64
W5_Q04,ALGSTRUCT,7,6,323534,2092,0,0,12,0,12,4,10,34,4,12,233b80e0525d1c617459998a8c1e1bc9855a2c2b10f43c6fd42648b8adae0248
W7_Q08,ALGSTRUCT,7,6,416013,1612,0,0,12,0,28,10,6,15,4,12,d13ad2add4e1d9cb21c441a8963ffbcf5f462a05d4f61331fa56b7c117fe58d1
W1,OFF,7,6,198144,1483,0,0,3,2,7,3,6,15,4,5,4b26ed307e0166f8d1fa59ea1e874899e41c5fd882be9ef62f84eb3685bb70b7
W7_Q01,OFF,7,6,154107,1613,0,0,5,0,7,3,6,15,4,5,70f8123fffd2af37d12a00e22d9841098c66a489d4953aae174ab2cb5014e5d7
W6_Q16,STRUCT_R1,7,6,1000471,2259,0,0,18,2,52,18,6,15,5,20,bb0755604375307ff8e5fd09781b80b224d9ab98fa75fb51387fe44cb24e3726
W9_Q16,STRUCT_R1,7,6,2756323,8777,0,0,18,2,22,352,4,4,1,20,ff9866380da95df98e4375770d21fe162b02c0b8b05b75e939b18d0d711c4c04
W7_Q32,STRUCT_R1,7,6,1157561,2982,0,0,36,0,100,34,6,15,4,36,6bdf3735d7ed12e047353d97f7fd342934c808ba421573c6cd2474dd612f37b1
W8_Q02,ALGSTRUCT,7,6,1167745,5038,2,1,15,1,27,164,10,168,63,16,652ea2e2db2a8b59e1a2373d0aa09bb6194a7176cb3cd104297a14f7ef235e6b
W4_Q02,OFF,7,6,572568,4259,0,0,10,2,20,68,8,77,31,12,c082fb0620ac05b05065135ca996c9564b57d8a79b47964aa54b86c16cd0659f
W7_Q01,STRUCT_R1,7,6,223592,1258,0,0,5,0,7,3,6,15,4,5,70f8123fffd2af37d12a00e22d9841098c66a489d4953aae174ab2cb5014e5d7
W4_Q08,OFF,7,6,1958052,12815,0,0,34,2,68,266,14,263,31,36,310b652f3a487a64261e67b69ca4bd659f7cd91c74be37afd64d6187457e8bdc
W8_Q08,STRUCT_R2,7,6,1439021,6074,0,1,21,2,48,171,11,169,63,23,6202056e7f9106d89fc2c03650e5a38d69f704cc369ba9e689bf413e5f7173e1
W7_Q04,STRUCT,7,6,291608,1278,0,0,8,0,16,6,6,15,4,8,64eb05b2d681af147811cd64dc0e11be812cb48952e297a71fcf6d3c013ba4a0
W3_d2,STRUCT_R1,7,6,963286,2260,9,0,11,3,24,11,8,27,5,14,b3a60a0bc9bb1633f8ca67743fa2b43eea5f58f8a512cbf173b181d8c20dfa68
W6_Q01,ALGSTRUCT,7,6,261998,1296,0,0,3,2,7,3,6,15,5,5,ef852aa19070a90d167a6fc211683b2bbb6401671f4212d90e23806d1620b62f
W4_Q02,STRUCT_R2,7,6,684827,3740,0,0,10,2,20,68,8,77,31,12,c082fb0620ac05b05065135ca996c9564b57d8a79b47964aa54b86c16cd0659f
W3_d2,OFF,7,6,775565,2056,0,0,11,5,35,13,10,29,5,16,bb512a3ef0db77c97656c90a9544f5958e4b52748f6a43bfdbc34ec450c82e91
W4_Q04,STRUCT_R2,7,6,1236413,7055,0,0,18,2,36,134,10,139,31,20,fd25718cb278dfe33c1131161ba4977814e08de24bd73801325a42bf895b4b90
W8_Q16,STRUCT_R2,7,6,1826905,7334,0,1,29,2,72,179,11,169,63,31,75d1b16c15c201143eb0f00e84429326ead193544062ed0323b47e7914fd575d
W6_Q04,OFF,7,6,309202,1962,0,0,6,2,16,6,6,15,5,8,463695b346924b3ce3bfd76bc311a5cc5d47fb033482cc22912fc407e8f09fdf
W8_Q04,OFF,7,6,952546,5869,0,0,17,2,36,167,11,169,63,19,683043cf53c296ea0d43a0c383a5a5aa5dfae2adbc542c677c919239829da206
W7_Q32,ALGSTRUCT,7,6,1177340,3295,0,0,36,0,100,34,6,15,4,36,6bdf3735d7ed12e047353d97f7fd342934c808ba421573c6cd2474dd612f37b1
W8_Q32,STRUCT,7,6,2894117,8093,0,0,45,2,120,195,11,169,63,47,257e33fe42ff72054f90b0755280d3b57f6dc95e0ff488350c7a08c8fa00e255
W9_Q16,ALGSTRUCT,7,6,2659010,9480,0,8,18,1,19,304,4,4,1,19,44cdb1eb48242e36e60587a8e97fc1204f774ee018380c18a625f9abe3ce3ce8
W5_Q04,STRUCT,7,6,316551,2019,0,0,12,0,12,4,10,34,4,12,233b80e0525d1c617459998a8c1e1bc9855a2c2b10f43c6fd42648b8adae0248
W9_Q02,ALGSTRUCT,7,6,634938,5185,0,1,4,1,5,80,4,4,1,5,a250745debd6fd7cf3585f94dfa2ad7178c8b7c572e5ce15f0467c48475c0e9a
W8_Q01,STRUCT_R1,7,6,1091879,5739,1,0,14,1,25,163,10,168,63,15,fdd35fe24122be542f9944d55e73c67d2cd28afd3fd1ff25e723a080e5d2dad8
W2_Q04,STRUCT,7,6,406219,1832,0,0,6,2,16,6,6,15,4,8,b8312387bf162a1452336c9e9e40ef1298c4a5b22cc87b54f4215f6e91104b3c
W7_Q04,ALGSTRUCT,7,6,301459,1538,0,0,8,0,16,6,6,15,4,8,64eb05b2d681af147811cd64dc0e11be812cb48952e297a71fcf6d3c013ba4a0
W8_Q32,ALGSTRUCT,7,6,3842274,8111,32,1,45,1,87,194,10,168,63,46,45e69b1796e998f7df6d485c516cc0751375b53ec01f0a7673d473a9ec217a0e
W9_Q32,STRUCT,7,6,5168222,15093,0,0,34,2,38,608,4,4,1,36,f9b4de382a62f7ddf0ae716d829e6d3204b079918eba11b5d003aed0f308e9a0
W5_Q32,ALGSTRUCT,7,6,2081312,8925,0,0,96,0,96,32,66,258,4,96,ad908136f049b66ae4b1e1c3f252d7a2ebead009fab3f7177d4babd24fcbec6a
W9_Q08,STRUCT,7,6,1567648,6946,0,0,10,2,14,224,4,4,1,12,4c97cc82f3dbf6bc2a6de325d199b0cb65ffca732846069f84ea5618bb19fcfd
W5_Q32,STRUCT_R1,7,6,2075941,11167,0,0,96,0,96,32,66,258,4,96,ad908136f049b66ae4b1e1c3f252d7a2ebead009fab3f7177d4babd24fcbec6a
W2_Q16,ALGSTRUCT,7,6,1047673,1927,16,0,18,1,35,17,5,14,4,19,6874ea3fe8a08c7af5d8752f9a4557e5d01bc066a937913a1e427661cbb540c4
W7_Q32,STRUCT,7,6,1113340,3555,0,0,36,0,100,34,6,15,4,36,6bdf3735d7ed12e047353d97f7fd342934c808ba421573c6cd2474dd612f37b1
W6_Q16,STRUCT,7,6,966786,2148,0,0,18,2,52,18,6,15,5,20,bb0755604375307ff8e5fd09781b80b224d9ab98fa75fb51387fe44cb24e3726
W4_Q08,ALGSTRUCT,7,6,2949284,13148,8,0,34,1,59,265,13,262,31,35,0d7db8d8f19881c77c6e7cd19e1f9d024ea9973fae56dbdbc00db2eeaa790340
W5_Q08,ALGSTRUCT,7,6,539236,2388,0,0,24,0,24,8,18,66,4,24,1ec99f8159a9bf9f7216cbde66142ab941580d932ab53b67181d9941e08515a5
W9_Q08,STRUCT_R2,7,6,1457466,6037,0,4,10,1,11,176,4,4,1,11,f0aee4c6a6b6511ecbc27f2fc4ef3f688cd044d5f143461208ceed4e1cea64ae
W5_Q32,OFF,7,6,1768592,12351,0,0,96,0,96,32,66,258,4,96,ad908136f049b66ae4b1e1c3f252d7a2ebead009fab3f7177d4babd24fcbec6a
W9_Q01,ALGSTRUCT,7,6,340569,2871,0,0,3,0,3,48,4,4,1,3,6e63c0dab5f8b29ef9d1440bcd3711746464b7521a4243c8d32e03504a6224d2
W7_Q02,STRUCT_R1,7,6,245683,1630,0,0,6,0,10,4,6,15,4,6,b1d2efac79748ca32ad60ca241d894721be3c3795c13e31e47e01dad1cb5a5f1
W5_Q01,STRUCT_R1,7,6,180849,1445,0,0,3,0,3,1,4,10,4,3,7528d1a80da7ce6bed6c3efbaad136c6b237adf54f46f512a5fe79019bfef2ec
W2_Q08,STRUCT,7,6,570272,1907,0,0,10,2,28,10,6,15,4,12,e121069670786ba8fbe3100d624a17638d4611a34b02647058710f2e3db6a9c9
W6_Q02,ALGSTRUCT,7,6,319109,1573,0,0,4,2,10,4,6,15,5,6,d26b7c6c44eb2ae1342ad0eacde318e4485f70f1e0c22f44dc171d7c0f11f2c5
W2_Q04,STRUCT_R1,7,6,408885,1703,4,0,6,1,11,5,5,14,4,7,e3e1c95caf3c6465ad04568b51f69fe26be853a4ad44521756f63edd123351f8
W8_Q01,STRUCT,7,6,1003563,6056,0,0,14,2,27,164,11,169,63,16,7b06ec78e125033330eb86a638ef113771be6d17e66ade996d2cadaa30e562a7
W4_Q32,STRUCT,7,6,9650916,68999,0,0,130,2,260,1058,38,1007,31,132,068ad024181661f75503372002890dd704cd730c5fc591fd65590a6d532c145d
W5_Q01,STRUCT_R2,7,6,183071,1501,0,0,3,0,3,1,4,10,4,3,7528d1a80da7ce6bed6c3efbaad136c6b237adf54f46f512a5fe79019bfef2ec
W5_Q02,ALGSTRUCT,7,6,226740,1721,0,0,6,0,6,2,6,18,4,6,e7741c936508103b2af3b934e316124eac7bac4773e716fb634bafee4047c0e4
W4_Q02,ALGSTRUCT,7,6,785546,3908,2,0,10,1,17,67,7,76,31,11,056c94f2139c9e918446fe4f786e56b203a4febdd7cdb7d162e2b0323db5a772
W9_Q08,STRUCT_R1,7,6,1569834,5964,0,0,10,2,14,224,4,4,1,12,4c97cc82f3dbf6bc2a6de325d199b0cb65ffca732846069f84ea5618bb19fcfd
W2_Q16,STRUCT_R2,7,6,982136,2594,0,0,18,2,52,18,6,15,4,20,f53a43e02a6f7be38b5d23a92cce7a6f0c7e7deac086e97841ea021c93a5a893
W4_Q08,STRUCT_R2,7,6,2313401,14111,0,0,34,2,68,266,14,263,31,36,310b652f3a487a64261e67b69ca4bd659f7cd91c74be37afd64d6187457e8bdc
W5_Q32,STRUCT_R2,7,6,1994572,9722,0,0,96,0,96,32,66,258,4,96,ad908136f049b66ae4b1e1c3f252d7a2ebead009fab3f7177d4babd24fcbec6a
W6_Q02,STRUCT,7,6,311184,2054,0,0,4,2,10,4,6,15,5,6,d26b7c6c44eb2ae1342ad0eacde318e4485f70f1e0c22f44dc171d7c0f11f2c5
W2_Q01,ALGSTRUCT,7,6,277589,1279,1,0,3,1,5,2,5,14,4,4,2474f5c3c44c2292e8653ad95f4f21ec80fa6c72b730d7761807baa6c04c0270
W7_Q16,STRUCT,7,6,608419,2278,0,0,20,0,52,18,6,15,4,20,352ecf90b67b0a72cf480d5f2990d3ea8f45c0a65a2644e7a858b4f181627dcb
W3_d1,STRUCT,7,6,571940,1795,0,0,10,2,28,10,6,15,4,12,a54c74b256ab2c5cf00e4072ff680215ee9ddba8ea28d33e07bfd46dd0370227
W4_Q04,STRUCT,7,6,1236838,6945,0,0,18,2,36,134,10,139,31,20,fd25718cb278dfe33c1131161ba4977814e08de24bd73801325a42bf895b4b90
W2_Q16,STRUCT,7,6,996933,2445,0,0,18,2,52,18,6,15,4,20,f53a43e02a6f7be38b5d23a92cce7a6f0c7e7deac086e97841ea021c93a5a893
W8_Q16,STRUCT,7,6,1840481,6944,0,0,29,2,72,179,11,169,63,31,75d1b16c15c201143eb0f00e84429326ead193544062ed0323b47e7914fd575d
W7_Q04,STRUCT_R2,7,6,286609,1814,0,0,8,0,16,6,6,15,4,8,64eb05b2d681af147811cd64dc0e11be812cb48952e297a71fcf6d3c013ba4a0
W5_Q16,STRUCT_R2,7,6,959840,5038,0,0,48,0,48,16,34,130,4,48,15f4ec0f61204d6ef15a655140c1c86c7248fc9deed8e4c09ef3081b8b94fb64
W2_Q01,OFF,7,6,198663,1390,0,0,3,2,7,3,6,15,4,5,fb4f50a52888382fd35dda056767f1188dd59b0b7db5fbe2928a5afbf6bf9f5b
W3_d3,ALGSTRUCT,7,6,1404819,2018,10,0,12,5,29,13,11,43,8,17,16f1a8e88d7f920d91f3a177d0789d4761bf8768a0ac71ebce1f9f2282714954
W6_Q16,STRUCT_R2,7,6,968510,2128,0,0,18,2,52,18,6,15,5,20,bb0755604375307ff8e5fd09781b80b224d9ab98fa75fb51387fe44cb24e3726
W3_d1,ALGSTRUCT,7,6,582993,1482,8,0,10,1,19,9,5,14,4,11,51eaee63f5c885c3fa7e71093e89c7ff61bea1c09d51d95c588c39ddf452f383
W2_Q08,STRUCT_R2,7,6,561846,1611,0,0,10,2,28,10,6,15,4,12,e121069670786ba8fbe3100d624a17638d4611a34b02647058710f2e3db6a9c9
W8_Q32,OFF,7,6,2333808,8167,0,0,45,2,120,195,11,169,63,47,257e33fe42ff72054f90b0755280d3b57f6dc95e0ff488350c7a08c8fa00e255
W2_Q08,STRUCT_R1,7,6,575234,1574,8,0,10,1,19,9,5,14,4,11,28ef291bdbdabd5779860a9dac095bdb774cc930b18dec6f9c7bf13df75550d2
W9_Q32,ALGSTRUCT,7,6,5040559,12036,0,16,34,1,35,560,4,4,1,35,678046e55883cc9fe207429daab5f5da66bcc2178ee01574697097ddff7f102c
W5_Q02,STRUCT_R1,7,6,221534,1574,0,0,6,0,6,2,6,18,4,6,e7741c936508103b2af3b934e316124eac7bac4773e716fb634bafee4047c0e4
W3_d2,STRUCT_R2,7,6,949768,2148,0,0,11,5,35,13,10,29,5,16,bb512a3ef0db77c97656c90a9544f5958e4b52748f6a43bfdbc34ec450c82e91
W4_Q01,ALGSTRUCT,7,6,496012,2001,1,0,6,1,10,34,6,45,31,7,2a2742010b3f20f3e0b7616f059bcf47256e350d22af5b1d3a055aa5eee736e9
W6_Q08,STRUCT_R2,7,6,572829,2054,0,0,10,2,28,10,6,15,5,12,0d426ef82e54bf37e16bebf86ad11b160059eb28202264ca816d50ab17a2aa06
W9_Q16,STRUCT,7,6,2754229,9889,0,0,18,2,22,352,4,4,1,20,ff9866380da95df98e4375770d21fe162b02c0b8b05b75e939b18d0d711c4c04
W3_d3,STRUCT_R2,7,6,1402671,2369,0,0,12,8,42,16,14,46,8,20,d0de00aa950042ce2df3a1aacd87b83395b88f62201b4b0ee4f6f67dba5bbb2b
W4_Q01,OFF,7,6,359033,2741,0,0,6,2,12,35,7,46,31,8,c1c4e28384d704fc6572f4a795b1b9dcd23dd585446058743d09154ee63f83a5
W5_Q01,ALGSTRUCT,7,6,186442,1315,0,0,3,0,3,1,4,10,4,3,7528d1a80da7ce6bed6c3efbaad136c6b237adf54f46f512a5fe79019bfef2ec
W8_Q32,STRUCT_R1,7,6,3831109,8202,32,0,45,1,87,194,10,168,63,46,45e69b1796e998f7df6d485c516cc0751375b53ec01f0a7673d473a9ec217a0e
W9_Q02,OFF,7,6,338904,3444,0,0,4,0,6,96,4,4,1,4,f59554bf6b558dac39020afcdc9d3261e3c200f0f612cb6818827b31bbda0408
W3_d2,ALGSTRUCT,7,6,979581,2112,9,0,11,3,24,11,8,27,5,14,b3a60a0bc9bb1633f8ca67743fa2b43eea5f58f8a512cbf173b181d8c20dfa68
W3_d3,STRUCT,7,6,1406743,2446,0,0,12,8,42,16,14,46,8,20,d0de00aa950042ce2df3a1aacd87b83395b88f62201b4b0ee4f6f67dba5bbb2b
W4_Q32,STRUCT_R1,7,6,18349194,59740,32,0,130,1,227,1057,37,1006,31,131,4a5be56a553c6df341c1f260562041444c20a964d5f4f3916c7966ddd0bae2e9
W4_Q02,STRUCT,7,6,691048,4352,0,0,10,2,20,68,8,77,31,12,c082fb0620ac05b05065135ca996c9564b57d8a79b47964aa54b86c16cd0659f
W6_Q32,ALGSTRUCT,7,6,1959276,3759,0,0,34,2,100,34,6,15,5,36,e27ba2fd4a248e13e86f6fd51f6578ca7bbe37b27fb6c62f3d2e37c16ce58156
W3_d1,STRUCT_R2,7,6,567197,1779,0,0,10,2,28,10,6,15,4,12,a54c74b256ab2c5cf00e4072ff680215ee9ddba8ea28d33e07bfd46dd0370227
W6_Q32,STRUCT_R2,7,6,1843647,3130,0,0,34,2,100,34,6,15,5,36,e27ba2fd4a248e13e86f6fd51f6578ca7bbe37b27fb6c62f3d2e37c16ce58156
W2_Q04,STRUCT_R2,7,6,401236,1796,0,0,6,2,16,6,6,15,4,8,b8312387bf162a1452336c9e9e40ef1298c4a5b22cc87b54f4215f6e91104b3c
W2_Q02,STRUCT_R2,7,6,306200,1630,0,0,4,2,10,4,6,15,4,6,002b88cffa362a25f201c7342c0d49bad4cd7fb10998ad8823a39c11beee6d88
W8_Q04,STRUCT,7,6,1169785,5702,0,0,17,2,36,167,11,169,63,19,683043cf53c296ea0d43a0c383a5a5aa5dfae2adbc542c677c919239829da206
W2_Q04,ALGSTRUCT,7,6,413756,1536,4,0,6,1,11,5,5,14,4,7,e3e1c95caf3c6465ad04568b51f69fe26be853a4ad44521756f63edd123351f8
W4_Q01,STRUCT_R1,7,6,497105,2538,1,0,6,1,10,34,6,45,31,7,2a2742010b3f20f3e0b7616f059bcf47256e350d22af5b1d3a055aa5eee736e9
W9_Q32,STRUCT_R2,7,6,5083058,13573,0,16,34,1,35,560,4,4,1,35,678046e55883cc9fe207429daab5f5da66bcc2178ee01574697097ddff7f102c
W6_Q01,STRUCT_R1,7,6,262458,1409,0,0,3,2,7,3,6,15,5,5,ef852aa19070a90d167a6fc211683b2bbb6401671f4212d90e23806d1620b62f
W2_Q32,STRUCT,7,6,1838630,3536,0,0,34,2,100,34,6,15,4,36,ead1d2e3154b72c47159b745145cb82392c282dcdeeba0e877b2291c8ed45d37
W7_Q08,OFF,7,6,294294,1944,0,0,12,0,28,10,6,15,4,12,d13ad2add4e1d9cb21c441a8963ffbcf5f462a05d4f61331fa56b7c117fe58d1
W2_Q01,STRUCT_R1,7,6,277460,1296,1,0,3,1,5,2,5,14,4,4,2474f5c3c44c2292e8653ad95f4f21ec80fa6c72b730d7761807baa6c04c0270
W3_d2,STRUCT,7,6,966898,2092,0,0,11,5,35,13,10,29,5,16,bb512a3ef0db77c97656c90a9544f5958e4b52748f6a43bfdbc34ec450c82e91
W7_Q01,ALGSTRUCT,7,6,229386,1519,0,0,5,0,7,3,6,15,4,5,70f8123fffd2af37d12a00e22d9841098c66a489d4953aae174ab2cb5014e5d7
W9_Q32,OFF,7,6,3427945,17185,0,0,34,0,96,1536,4,4,1,34,13dfd65212c03f91a3168cac28f16ba616ce21a6c4d7fb7bf5b25f0167fbc71b
W9_Q04,STRUCT_R2,7,6,982675,5110,0,2,6,1,7,112,4,4,1,7,7e3f7232eefdc535f0f8be36c1c724fab7de36a2740821784506d96a09bd30b3
W8_Q01,ALGSTRUCT,7,6,1099359,5833,1,1,14,1,25,163,10,168,63,15,fdd35fe24122be542f9944d55e73c67d2cd28afd3fd1ff25e723a080e5d2dad8
W4_Q32,STRUCT_R2,7,6,9756266,68352,0,0,130,2,260,1058,38,1007,31,132,068ad024181661f75503372002890dd704cd730c5fc591fd65590a6d532c145d
W6_Q32,STRUCT,7,6,1890221,3333,0,0,34,2,100,34,6,15,5,36,e27ba2fd4a248e13e86f6fd51f6578ca7bbe37b27fb6c62f3d2e37c16ce58156
W9_Q04,STRUCT,7,6,1100636,5685,0,0,6,2,10,160,4,4,1,8,a25fcd6d9b6930c5a5e472a5d4b9da9d0423cec22fe64a49a0e3364286ad6c7b
W5_Q02,STRUCT_R2,7,6,224700,1631,0,0,6,0,6,2,6,18,4,6,e7741c936508103b2af3b934e316124eac7bac4773e716fb634bafee4047c0e4
W4_Q16,ALGSTRUCT,7,6,7063869,25888,16,0,66,1,115,529,21,510,31,67,c4cb6b036cc3a61a0d0502a6d94307b09dd7e159ba9b445a83ebed14f5c8ebe1
W8_Q16,STRUCT_R1,7,6,2198939,6463,16,0,29,1,55,178,10,168,63,30,d68e12eaec95eadd08fb1ce8e6c0dcfc893de77e4c3d4f5a64bb4b4ee29b64b3
W3_d1,OFF,7,6,453365,1797,0,0,10,2,28,10,6,15,4,12,a54c74b256ab2c5cf00e4072ff680215ee9ddba8ea28d33e07bfd46dd0370227
W2_Q32,STRUCT_R1,7,6,2220513,3389,32,0,34,1,67,33,5,14,4,35,aa6152b6f2b2227ea71db0831b5f58d2dce2bdcb6db5c4bb5d1fb235d1201ed1
W4_Q08,STRUCT_R1,7,6,2954726,13409,8,0,34,1,59,265,13,262,31,35,0d7db8d8f19881c77c6e7cd19e1f9d024ea9973fae56dbdbc00db2eeaa790340
W4_Q01,STRUCT,7,6,446809,2519,0,0,6,2,12,35,7,46,31,8,c1c4e28384d704fc6572f4a795b1b9dcd23dd585446058743d09154ee63f83a5
W7_Q08,STRUCT_R1,7,6,409921,1852,0,0,12,0,28,10,6,15,4,12,d13ad2add4e1d9cb21c441a8963ffbcf5f462a05d4f61331fa56b7c117fe58d1
W5_Q08,OFF,7,6,434569,2815,0,0,24,0,24,8,18,66,4,24,1ec99f8159a9bf9f7216cbde66142ab941580d932ab53b67181d9941e08515a5
W3_d3,STRUCT_R1,7,6,1399393,2352,10,0,12,5,29,13,11,43,8,17,16f1a8e88d7f920d91f3a177d0789d4761bf8768a0ac71ebce1f9f2282714954
W6_Q01,STRUCT_R2,7,6,261590,1908,0,0,3,2,7,3,6,15,5,5,ef852aa19070a90d167a6fc211683b2bbb6401671f4212d90e23806d1620b62f
W8_Q16,ALGSTRUCT,7,6,2207549,6483,16,1,29,1,55,178,10,168,63,30,d68e12eaec95eadd08fb1ce8e6c0dcfc893de77e4c3d4f5a64bb4b4ee29b64b3
W7_Q04,STRUCT_R1,7,6,292755,1538,0,0,8,0,16,6,6,15,4,8,64eb05b2d681af147811cd64dc0e11be812cb48952e297a71fcf6d3c013ba4a0
W2_Q32,ALGSTRUCT,7,6,2262440,3332,32,0,34,1,67,33,5,14,4,35,aa6152b6f2b2227ea71db0831b5f58d2dce2bdcb6db5c4bb5d1fb235d1201ed1
W6_Q32,OFF,7,6,1535281,3610,0,0,34,2,100,34,6,15,5,36,e27ba2fd4a248e13e86f6fd51f6578ca7bbe37b27fb6c62f3d2e37c16ce58156
W7_Q08,STRUCT,7,6,399568,1983,0,0,12,0,28,10,6,15,4,12,d13ad2add4e1d9cb21c441a8963ffbcf5f462a05d4f61331fa56b7c117fe58d1
W4_Q16,STRUCT,7,6,4756169,26502,0,0,66,2,132,530,22,511,31,68,7fbae5656c303ca065341c5db14fa3ef41fb196c82f59bb1c789e1f7b78b0f7a
W8_Q02,STRUCT,7,6,1047359,5296,0,0,15,2,30,165,11,169,63,17,ab8e72a97eeddaf640fa9d87846837b35913b3b9a7916818e4653a499fd7cc9a
W5_Q16,ALGSTRUCT,7,6,1011600,5167,0,0,48,0,48,16,34,130,4,48,15f4ec0f61204d6ef15a655140c1c86c7248fc9deed8e4c09ef3081b8b94fb64
W9_Q04,STRUCT_R1,7,6,1101358,5945,0,0,6,2,10,160,4,4,1,8,a25fcd6d9b6930c5a5e472a5d4b9da9d0423cec22fe64a49a0e3364286ad6c7b
W7_Q16,OFF,7,6,471068,2426,0,0,20,0,52,18,6,15,4,20,352ecf90b67b0a72cf480d5f2990d3ea8f45c0a65a2644e7a858b4f181627dcb
W5_Q04,OFF,7,6,242238,2000,0,0,12,0,12,4,10,34,4,12,233b80e0525d1c617459998a8c1e1bc9855a2c2b10f43c6fd42648b8adae0248
W7_Q01,STRUCT,7,6,219644,1668,0,0,5,0,7,3,6,15,4,5,70f8123fffd2af37d12a00e22d9841098c66a489d4953aae174ab2cb5014e5d7
W8_Q02,STRUCT_R1,7,6,1156969,5148,2,0,15,1,27,164,10,168,63,16,652ea2e2db2a8b59e1a2373d0aa09bb6194a7176cb3cd104297a14f7ef235e6b
W1,STRUCT,7,6,259572,1462,0,0,3,2,7,3,6,15,4,5,4b26ed307e0166f8d1fa59ea1e874899e41c5fd882be9ef62f84eb3685bb70b7
W2_Q32,STRUCT_R2,7,6,1840794,3297,0,0,34,2,100,34,6,15,4,36,ead1d2e3154b72c47159b745145cb82392c282dcdeeba0e877b2291c8ed45d37
W8_Q08,OFF,7,6,1167822,5888,0,0,21,2,48,171,11,169,63,23,6202056e7f9106d89fc2c03650e5a38d69f704cc369ba9e689bf413e5f7173e1
W6_Q01,OFF,7,6,196386,1686,0,0,3,2,7,3,6,15,5,5,ef852aa19070a90d167a6fc211683b2bbb6401671f4212d90e23806d1620b62f
W5_Q04,STRUCT_R1,7,6,322424,1832,0,0,12,0,12,4,10,34,4,12,233b80e0525d1c617459998a8c1e1bc9855a2c2b10f43c6fd42648b8adae0248
W6_Q16,OFF,7,6,787472,2390,0,0,18,2,52,18,6,15,5,20,bb0755604375307ff8e5fd09781b80b224d9ab98fa75fb51387fe44cb24e3726
W2_Q32,OFF,7,6,1536280,3111,0,0,34,2,100,34,6,15,4,36,ead1d2e3154b72c47159b745145cb82392c282dcdeeba0e877b2291c8ed45d37
W9_Q16,STRUCT_R2,7,6,2616526,9723,0,8,18,1,19,304,4,4,1,19,44cdb1eb48242e36e60587a8e97fc1204f774ee018380c18a625f9abe3ce3ce8
W8_Q02,STRUCT_R2,7,6,1052710,5464,0,1,15,2,30,165,11,169,63,17,ab8e72a97eeddaf640fa9d87846837b35913b3b9a7916818e4653a499fd7cc9a
W9_Q08,ALGSTRUCT,7,6,1451319,7240,0,4,10,1,11,176,4,4,1,11,f0aee4c6a6b6511ecbc27f2fc4ef3f688cd044d5f143461208ceed4e1cea64ae
W8_Q04,STRUCT_R1,7,6,1290023,5407,4,0,17,1,31,166,10,168,63,18,1ff2b9471d9cd2dd9078b74afc728460463e46c3102cf6da6b805d7f73e4899a
W6_Q16,ALGSTRUCT,7,6,1011322,1908,0,0,18,2,52,18,6,15,5,20,bb0755604375307ff8e5fd09781b80b224d9ab98fa75fb51387fe44cb24e3726
W7_Q02,STRUCT_R2,7,6,240905,1537,0,0,6,0,10,4,6,15,4,6,b1d2efac79748ca32ad60ca241d894721be3c3795c13e31e47e01dad1cb5a5f1
W8_Q02,OFF,7,6,828066,5295,0,0,15,2,30,165,11,169,63,17,ab8e72a97eeddaf640fa9d87846837b35913b3b9a7916818e4653a499fd7cc9a
W9_Q01,STRUCT_R1,7,6,344830,4130,0,0,3,0,3,48,4,4,1,3,6e63c0dab5f8b29ef9d1440bcd3711746464b7521a4243c8d32e03504a6224d2
W9_Q01,STRUCT,7,6,341497,3721,0,0,3,0,3,48,4,4,1,3,6e63c0dab5f8b29ef9d1440bcd3711746464b7521a4243c8d32e03504a6224d2
W4_Q16,STRUCT_R1,7,6,7036314,25703,16,0,66,1,115,529,21,510,31,67,c4cb6b036cc3a61a0d0502a6d94307b09dd7e159ba9b445a83ebed14f5c8ebe1
W2_Q16,STRUCT_R1,7,6,1091414,2333,16,0,18,1,35,17,5,14,4,19,6874ea3fe8a08c7af5d8752f9a4557e5d01bc066a937913a1e427661cbb540c4
W5_Q02,STRUCT,7,6,221831,1797,0,0,6,0,6,2,6,18,4,6,e7741c936508103b2af3b934e316124eac7bac4773e716fb634bafee4047c0e4
W6_Q02,STRUCT_R1,7,6,315182,1555,0,0,4,2,10,4,6,15,5,6,d26b7c6c44eb2ae1342ad0eacde318e4485f70f1e0c22f44dc171d7c0f11f2c5
W6_Q02,STRUCT_R2,7,6,309127,1925,0,0,4,2,10,4,6,15,5,6,d26b7c6c44eb2ae1342ad0eacde318e4485f70f1e0c22f44dc171d7c0f11f2c5
W2_Q02,STRUCT,7,6,313033,1556,0,0,4,2,10,4,6,15,4,6,002b88cffa362a25f201c7342c0d49bad4cd7fb10998ad8823a39c11beee6d88
W7_Q01,STRUCT_R2,7,6,229349,1612,0,0,5,0,7,3,6,15,4,5,70f8123fffd2af37d12a00e22d9841098c66a489d4953aae174ab2cb5014e5d7
W7_Q32,OFF,7,6,885251,3462,0,0,36,0,100,34,6,15,4,36,6bdf3735d7ed12e047353d97f7fd342934c808ba421573c6cd2474dd612f37b1
W4_Q04,OFF,7,6,1051451,6371,0,0,18,2,36,134,10,139,31,20,fd25718cb278dfe33c1131161ba4977814e08de24bd73801325a42bf895b4b90
W5_Q02,OFF,7,6,155702,1759,0,0,6,0,6,2,6,18,4,6,e7741c936508103b2af3b934e316124eac7bac4773e716fb634bafee4047c0e4
W9_Q32,STRUCT_R1,7,6,5147297,12741,0,0,34,2,38,608,4,4,1,36,f9b4de382a62f7ddf0ae716d829e6d3204b079918eba11b5d003aed0f308e9a0
W4_Q32,ALGSTRUCT,7,6,18559672,58907,32,0,130,1,227,1057,37,1006,31,131,4a5be56a553c6df341c1f260562041444c20a964d5f4f3916c7966ddd0bae2e9
W2_Q01,STRUCT,7,6,260756,1556,0,0,3,2,7,3,6,15,4,5,fb4f50a52888382fd35dda056767f1188dd59b0b7db5fbe2928a5afbf6bf9f5b
W8_Q08,STRUCT,7,6,1437910,6723,0,0,21,2,48,171,11,169,63,23,6202056e7f9106d89fc2c03650e5a38d69f704cc369ba9e689bf413e5f7173e1
W9_Q01,STRUCT_R2,7,6,336551,4038,0,0,3,0,3,48,4,4,1,3,6e63c0dab5f8b29ef9d1440bcd3711746464b7521a4243c8d32e03504a6224d2
W5_Q08,STRUCT_R2,7,6,518291,2685,0,0,24,0,24,8,18,66,4,24,1ec99f8159a9bf9f7216cbde66142ab941580d932ab53b67181d9941e08515a5
W6_Q04,STRUCT,7,6,398717,1834,0,0,6,2,16,6,6,15,5,8,463695b346924b3ce3bfd76bc311a5cc5d47fb033482cc22912fc407e8f09fdf
W7_Q02,STRUCT,7,6,253830,1630,0,0,6,0,10,4,6,15,4,6,b1d2efac79748ca32ad60ca241d894721be3c3795c13e31e47e01dad1cb5a5f1
W3_d1,STRUCT_R1,7,6,578549,1704,8,0,10,1,19,9,5,14,4,11,51eaee63f5c885c3fa7e71093e89c7ff61bea1c09d51d95c588c39ddf452f383
W4_Q16,OFF,7,6,4152677,28630,0,0,66,2,132,530,22,511,31,68,7fbae5656c303ca065341c5db14fa3ef41fb196c82f59bb1c789e1f7b78b0f7a
W9_Q08,OFF,7,6,900231,6685,0,0,10,0,24,384,4,4,1,10,ae43d04dfb0cf7afbfdc83558714cd1da89c64e7c6d49325a19de9764156762a
W2_Q01,STRUCT_R2,7,6,266829,1853,0,0,3,2,7,3,6,15,4,5,fb4f50a52888382fd35dda056767f1188dd59b0b7db5fbe2928a5afbf6bf9f5b
W9_Q04,OFF,7,6,605253,4444,0,0,6,0,12,192,4,4,1,6,6dad93323aff1013501fa90b58e0e48741ec6d807386799264c78a900e9e11d0
W2_Q02,STRUCT_R1,7,6,322868,1295,2,0,4,1,7,3,5,14,4,5,d8adac9423435c6f23a5e314f4d31430db516714fee41508dcac1bc6af0e6f0c
W2_Q02,ALGSTRUCT,7,6,323757,1258,2,0,4,1,7,3,5,14,4,5,d8adac9423435c6f23a5e314f4d31430db516714fee41508dcac1bc6af0e6f0c
W4_Q04,ALGSTRUCT,7,6,1456023,6628,4,0,18,1,31,133,9,138,31,19,fc880fdc081349aa9e95db821628814a11fa6271dfea15fd511d230a5fbbf819
W9_Q16,OFF,7,6,1721778,7981,0,0,18,0,48,768,4,4,1,18,43b7f4efcb619e6e3fc5fc66e7827f4bb8130a24a5905f5ce4efe6114dbfdbd3
W8_Q08,ALGSTRUCT,7,6,1621704,5797,8,1,21,1,39,170,10,168,63,22,dfb50a16d91192e00318e4ac61c06d5403d37554d2e61726115b9e5e96a90617
W6_Q08,ALGSTRUCT,7,6,590844,1705,0,0,10,2,28,10,6,15,5,12,0d426ef82e54bf37e16bebf86ad11b160059eb28202264ca816d50ab17a2aa06
W4_Q32,OFF,7,6,8507948,70239,0,0,130,2,260,1058,38,1007,31,132,068ad024181661f75503372002890dd704cd730c5fc591fd65590a6d532c145d
W6_Q02,OFF,7,6,238922,1779,0,0,4,2,10,4,6,15,5,6,d26b7c6c44eb2ae1342ad0eacde318e4485f70f1e0c22f44dc171d7c0f11f2c5
W9_Q02,STRUCT_R1,7,6,480014,3907,0,0,4,0,6,96,4,4,1,4,f59554bf6b558dac39020afcdc9d3261e3c200f0f612cb6818827b31bbda0408
W7_Q16,STRUCT_R1,7,6,628993,1907,0,0,20,0,52,18,6,15,4,20,352ecf90b67b0a72cf480d5f2990d3ea8f45c0a65a2644e7a858b4f181627dcb
W5_Q08,STRUCT,7,6,523606,3240,0,0,24,0,24,8,18,66,4,24,1ec99f8159a9bf9f7216cbde66142ab941580d932ab53b67181d9941e08515a5
W3_d3,OFF,7,6,1153229,2555,0,0,12,8,42,16,14,46,8,20,d0de00aa950042ce2df3a1aacd87b83395b88f62201b4b0ee4f6f67dba5bbb2b
W6_Q32,STRUCT_R2,8,6,1858645,3724,0,0,34,2,100,34,6,15,5,36,e27ba2fd4a248e13e86f6fd51f6578ca7bbe37b27fb6c62f3d2e37c16ce58156
W2_Q01,ALGSTRUCT,8,6,280016,1259,1,0,3,1,5,2,5,14,4,4,2474f5c3c44c2292e8653ad95f4f21ec80fa6c72b730d7761807baa6c04c0270
W7_Q02,STRUCT,8,6,240405,1481,0,0,6,0,10,4,6,15,4,6,b1d2efac79748ca32ad60ca241d894721be3c3795c13e31e47e01dad1cb5a5f1
W5_Q16,STRUCT_R1,8,6,1006897,4833,0,0,48,0,48,16,34,130,4,48,15f4ec0f61204d6ef15a655140c1c86c7248fc9deed8e4c09ef3081b8b94fb64
W5_Q32,OFF,8,6,1787741,9777,0,0,96,0,96,32,66,258,4,96,ad908136f049b66ae4b1e1c3f252d7a2ebead009fab3f7177d4babd24fcbec6a
W6_Q08,STRUCT,8,6,571438,1667,0,0,10,2,28,10,6,15,5,12,0d426ef82e54bf37e16bebf86ad11b160059eb28202264ca816d50ab17a2aa06
W5_Q32,STRUCT_R2,8,6,1986312,10260,0,0,96,0,96,32,66,258,4,96,ad908136f049b66ae4b1e1c3f252d7a2ebead009fab3f7177d4babd24fcbec6a
W5_Q01,STRUCT_R2,8,6,180572,1500,0,0,3,0,3,1,4,10,4,3,7528d1a80da7ce6bed6c3efbaad136c6b237adf54f46f512a5fe79019bfef2ec
W6_Q16,OFF,8,6,783620,2723,0,0,18,2,52,18,6,15,5,20,bb0755604375307ff8e5fd09781b80b224d9ab98fa75fb51387fe44cb24e3726
W4_Q32,STRUCT_R1,8,6,18341787,52295,32,0,130,1,227,1057,37,1006,31,131,4a5be56a553c6df341c1f260562041444c20a964d5f4f3916c7966ddd0bae2e9
W6_Q08,STRUCT_R1,8,6,582513,1962,0,0,10,2,28,10,6,15,5,12,0d426ef82e54bf37e16bebf86ad11b160059eb28202264ca816d50ab17a2aa06
W5_Q08,STRUCT_R2,8,6,531403,2555,0,0,24,0,24,8,18,66,4,24,1ec99f8159a9bf9f7216cbde66142ab941580d932ab53b67181d9941e08515a5
W8_Q04,ALGSTRUCT,8,6,1298987,5722,4,1,17,1,31,166,10,168,63,18,1ff2b9471d9cd2dd9078b74afc728460463e46c3102cf6da6b805d7f73e4899a
W7_Q01,ALGSTRUCT,8,6,227202,1259,0,0,5,0,7,3,6,15,4,5,70f8123fffd2af37d12a00e22d9841098c66a489d4953aae174ab2cb5014e5d7
W2_Q04,STRUCT_R1,8,6,406997,1462,4,0,6,1,11,5,5,14,4,7,e3e1c95caf3c6465ad04568b51f69fe26be853a4ad44521756f63edd123351f8
W2_Q32,STRUCT_R1,8,6,2202902,3167,32,0,34,1,67,33,5,14,4,35,aa6152b6f2b2227ea71db0831b5f58d2dce2bdcb6db5c4bb5d1fb235d1201ed1
W8_Q08,OFF,8,6,1173081,5666,0,0,21,2,48,171,11,169,63,23,6202056e7f9106d89fc2c03650e5a38d69f704cc369ba9e689bf413e5f7173e1
W6_Q16,STRUCT_R2,8,6,968527,2500,0,0,18,2,52,18,6,15,5,20,bb0755604375307ff8e5fd09781b80b224d9ab98fa75fb51387fe44cb24e3726
W2_Q16,OFF,8,6,794639,2260,0,0,18,2,52,18,6,15,4,20,f53a43e02a6f7be38b5d23a92cce7a6f0c7e7deac086e97841ea021c93a5a893
W5_Q02,ALGSTRUCT,8,6,222869,1277,0,0,6,0,6,2,6,18,4,6,e7741c936508103b2af3b934e316124eac7bac4773e716fb634bafee4047c0e4
W7_Q04,ALGSTRUCT,8,6,295459,1482,0,0,8,0,16,6,6,15,4,8,64eb05b2d681af147811cd64dc0e11be812cb48952e297a71fcf6d3c013ba4a0
W4_Q32,STRUCT,8,6,9648933,65019,0,0,130,2,260,1058,38,1007,31,132,068ad024181661f75503372002890dd704cd730c5fc591fd65590a6d532c145d
W4_Q32,ALGSTRUCT,8,6,18482618,56018,32,0,130,1,227,1057,37,1006,31,131,4a5be56a553c6df341c1f260562041444c20a964d5f4f3916c7966ddd0bae2e9
W1,ALGSTRUCT,8,6,277459,1242,1,0,3,1,5,2,5,14,4,4,ddbc64bc70e115337e04b3ee4eac0b96e81aea703c916cfeea2e2366190e3210
W4_Q16,ALGSTRUCT,8,6,7078481,25906,16,0,66,1,115,529,21,510,31,67,c4cb6b036cc3a61a0d0502a6d94307b09dd7e159ba9b445a83ebed14f5c8ebe1
W9_Q04,ALGSTRUCT,8,6,979859,4482,0,2,6,1,7,112,4,4,1,7,7e3f7232eefdc535f0f8be36c1c724fab7de36a2740821784506d96a09bd30b3
W7_Q01,OFF,8,6,154498,1593,0,0,5,0,7,3,6,15,4,5,70f8123fffd2af37d12a00e22d9841098c66a489d4953aae174ab2cb5014e5d7
W8_Q01,STRUCT_R2,8,6,997973,5628,0,1,14,2,27,164,11,169,63,16,7b06ec78e125033330eb86a638ef113771be6d17e66ade996d2cadaa30e562a7
W9_Q16,STRUCT,8,6,2759026,7815,0,0,18,2,22,352,4,4,1,20,ff9866380da95df98e4375770d21fe162b02c0b8b05b75e939b18d0d711c4c04
W6_Q04,STRUCT_R1,8,6,409625,1556,0,0,6,2,16,6,6,15,5,8,463695b346924b3ce3bfd76bc311a5cc5d47fb033482cc22912fc407e8f09fdf
W5_Q01,OFF,8,6,125905,1741,0,0,3,0,3,1,4,10,4,3,7528d1a80da7ce6bed6c3efbaad136c6b237adf54f46f512a5fe79019bfef2ec
W3_d1,STRUCT_R2,8,6,574828,1888,0,0,10,2,28,10,6,15,4,12,a54c74b256ab2c5cf00e4072ff680215ee9ddba8ea28d33e07bfd46dd0370227
W9_Q08,ALGSTRUCT,8,6,1464596,7037,0,4,10,1,11,176,4,4,1,11,f0aee4c6a6b6511ecbc27f2fc4ef3f688cd044d5f143461208ceed4e1cea64ae
W6_Q16,STRUCT_R1,8,6,1013286,2444,0,0,18,2,52,18,6,15,5,20,bb0755604375307ff8e5fd09781b80b224d9ab98fa75fb51387fe44cb24e3726
W2_Q02,STRUCT,8,6,309812,1463,0,0,4,2,10,4,6,15,4,6,002b88cffa362a25f201c7342c0d49bad4cd7fb10998ad8823a39c11beee6d88
W2_Q01,STRUCT_R1,8,6,277163,1278,1,0,3,1,5,2,5,14,4,4,2474f5c3c44c2292e8653ad95f4f21ec80fa6c72b730d7761807baa6c04c0270
W8_Q04,STRUCT_R1,8,6,1319043,5628,4,0,17,1,31,166,10,168,63,18,1ff2b9471d9cd2dd9078b74afc728460463e46c3102cf6da6b805d7f73e4899a
W7_Q16,OFF,8,6,475459,2481,0,0,20,0,52,18,6,15,4,20,352ecf90b67b0a72cf480d5f2990d3ea8f45c0a65a2644e7a858b4f181627dcb
W1,STRUCT_R1,8,6,275109,1240,1,0,3,1,5,2,5,14,4,4,ddbc64bc70e115337e04b3ee4eac0b96e81aea703c916cfeea2e2366190e3210
W8_Q02,STRUCT_R1,8,6,1159987,5760,2,0,15,1,27,164,10,168,63,16,652ea2e2db2a8b59e1a2373d0aa09bb6194a7176cb3cd104297a14f7ef235e6b
W7_Q16,STRUCT_R1,8,6,616604,2056,0,0,20,0,52,18,6,15,4,20,352ecf90b67b0a72cf480d5f2990d3ea8f45c0a65a2644e7a858b4f181627dcb
W3_d3,STRUCT_R2,8,6,1392206,2186,0,0,12,8,42,16,14,46,8,20,d0de00aa950042ce2df3a1aacd87b83395b88f62201b4b0ee4f6f67dba5bbb2b
W5_Q16,STRUCT_R2,8,6,974767,4370,0,0,48,0,48,16,34,130,4,48,15f4ec0f61204d6ef15a655140c1c86c7248fc9deed8e4c09ef3081b8b94fb64
W7_Q01,STRUCT,8,6,223458,1539,0,0,5,0,7,3,6,15,4,5,70f8123fffd2af37d12a00e22d9841098c66a489d4953aae174ab2cb5014e5d7
W3_d2,STRUCT_R2,8,6,954544,2205,0,0,11,5,35,13,10,29,5,16,bb512a3ef0db77c97656c90a9544f5958e4b52748f6a43bfdbc34ec450c82e91
W2_Q16,STRUCT,8,6,994858,2427,0,0,18,2,52,18,6,15,4,20,f53a43e02a6f7be38b5d23a92cce7a6f0c7e7deac086e97841ea021c93a5a893
W4_Q04,STRUCT,8,6,1231746,6889,0,0,18,2,36,134,10,139,31,20,fd25718cb278dfe33c1131161ba4977814e08de24bd73801325a42bf895b4b90
W9_Q16,STRUCT_R1,8,6,2778415,9204,0,0,18,2,22,352,4,4,1,20,ff9866380da95df98e4375770d21fe162b02c0b8b05b75e939b18d0d711c4c04
W5_Q32,ALGSTRUCT,8,6,2089311,10667,0,0,96,0,96,32,66,258,4,96,ad908136f049b66ae4b1e1c3f252d7a2ebead009fab3f7177d4babd24fcbec6a
W9_Q16,ALGSTRUCT,8,6,2606528,8555,0,8,18,1,19,304,4,4,1,19,44cdb1eb48242e36e60587a8e97fc1204f774ee018380c18a625f9abe3ce3ce8
W4_Q02,ALGSTRUCT,8,6,786788,3500,2,0,10,1,17,67,7,76,31,11,056c94f2139c9e918446fe4f786e56b203a4febdd7cdb7d162e2b0323db5a772
W8_Q16,ALGSTRUCT,8,6,2187644,6370,16,1,29,1,55,178,10,168,63,30,d68e12eaec95eadd08fb1ce8e6c0dcfc893de77e4c3d4f5a64bb4b4ee29b64b3
W8_Q08,STRUCT_R2,8,6,1444151,5778,0,1,21,2,48,171,11,169,63,23,6202056e7f9106d89fc2c03650e5a38d69f704cc369ba9e689bf413e5f7173e1
W7_Q32,STRUCT_R1,8,6,1154877,3130,0,0,36,0,100,34,6,15,4,36,6bdf3735d7ed12e047353d97f7fd342934c808ba421573c6cd2474dd612f37b1
W9_Q02,STRUCT_R1,8,6,481791,4185,0,0,4,0,6,96,4,4,1,4,f59554bf6b558dac39020afcdc9d3261e3c200f0f612cb6818827b31bbda0408
W4_Q32,OFF,8,6,8604020,66462,0,0,130,2,260,1058,38,1007,31,132,068ad024181661f75503372002890dd704cd730c5fc591fd65590a6d532c145d
W3_d3,ALGSTRUCT,8,6,1415762,2315,10,0,12,5,29,13,11,43,8,17,16f1a8e88d7f920d91f3a177d0789d4761bf8768a0ac71ebce1f9f2282714954
W8_Q08,ALGSTRUCT,8,6,1642260,5982,8,1,21,1,39,170,10,168,63,22,dfb50a16d91192e00318e4ac61c06d5403d37554d2e61726115b9e5e96a90617
W7_Q02,OFF,8,6,172850,1463,0,0,6,0,10,4,6,15,4,6,b1d2efac79748ca32ad60ca241d894721be3c3795c13e31e47e01dad1cb5a5f1
W2_Q01,OFF,8,6,196238,1649,0,0,3,2,7,3,6,15,4,5,fb4f50a52888382fd35dda056767f1188dd59b0b7db5fbe2928a5afbf6bf9f5b
W2_Q02,OFF,8,6,238237,1705,0,0,4,2,10,4,6,15,4,6,002b88cffa362a25f201c7342c0d49bad4cd7fb10998ad8823a39c11beee6d88
W4_Q04,STRUCT_R2,8,6,1244692,7128,0,0,18,2,36,134,10,139,31,20,fd25718cb278dfe33c1131161ba4977814e08de24bd73801325a42bf895b4b90
W5_Q08,STRUCT,8,6,527198,2834,0,0,24,0,24,8,18,66,4,24,1ec99f8159a9bf9f7216cbde66142ab941580d932ab53b67181d9941e08515a5
W5_Q04,STRUCT,8,6,312145,2037,0,0,12,0,12,4,10,34,4,12,233b80e0525d1c617459998a8c1e1bc9855a2c2b10f43c6fd42648b8adae0248
W2_Q08,ALGSTRUCT,8,6,590216,1833,8,0,10,1,19,9,5,14,4,11,28ef291bdbdabd5779860a9dac095bdb774cc930b18dec6f9c7bf13df75550d2
W4_Q01,STRUCT,8,6,444051,2500,0,0,6,2,12,35,7,46,31,8,c1c4e28384d704fc6572f4a795b1b9dcd23dd585446058743d09154ee63f83a5
W2_Q32,ALGSTRUCT,8,6,2244383,3278,32,0,34,1,67,33,5,14,4,35,aa6152b6f2b2227ea71db0831b5f58d2dce2bdcb6db5c4bb5d1fb235d1201ed1
W5_Q16,ALGSTRUCT,8,6,1008712,4351,0,0,48,0,48,16,34,130,4,48,15f4ec0f61204d6ef15a655140c1c86c7248fc9deed8e4c09ef3081b8b94fb64
W8_Q01,STRUCT,8,6,996508,5704,0,0,14,2,27,164,11,169,63,16,7b06ec78e125033330eb86a638ef113771be6d17e66ade996d2cadaa30e562a7
W1,STRUCT,8,6,263238,1740,0,0,3,2,7,3,6,15,4,5,4b26ed307e0166f8d1fa59ea1e874899e41c5fd882be9ef62f84eb3685bb70b7
W7_Q08,STRUCT_R2,8,6,400886,2017,0,0,12,0,28,10,6,15,4,12,d13ad2add4e1d9cb21c441a8963ffbcf5f462a05d4f61331fa56b7c117fe58d1
W4_Q08,STRUCT_R1,8,6,2956690,13371,8,0,34,1,59,265,13,262,31,35,0d7db8d8f19881c77c6e7cd19e1f9d024ea9973fae56dbdbc00db2eeaa790340
W8_Q08,STRUCT_R1,8,6,1633704,6260,8,0,21,1,39,170,10,168,63,22,dfb50a16d91192e00318e4ac61c06d5403d37554d2e61726115b9e5e96a90617
W1,STRUCT_R2,8,6,263646,1481,0,0,3,2,7,3,6,15,4,5,4b26ed307e0166f8d1fa59ea1e874899e41c5fd882be9ef62f84eb3685bb70b7
W7_Q04,OFF,8,6,209943,1666,0,0,8,0,16,6,6,15,4,8,64eb05b2d681af147811cd64dc0e11be812cb48952e297a71fcf6d3c013ba4a0
W8_Q32,STRUCT_R2,8,6,2802841,7962,0,1,45,2,120,195,11,169,63,47,257e33fe42ff72054f90b0755280d3b57f6dc95e0ff488350c7a08c8fa00e255
W3_d1,STRUCT_R1,8,6,582605,1704,8,0,10,1,19,9,5,14,4,11,51eaee63f5c885c3fa7e71093e89c7ff61bea1c09d51d95c588c39ddf452f383
W5_Q01,ALGSTRUCT,8,6,184204,1165,0,0,3,0,3,1,4,10,4,3,7528d1a80da7ce6bed6c3efbaad136c6b237adf54f46f512a5fe79019bfef2ec
W8_Q32,ALGSTRUCT,8,6,3825793,8259,32,1,45,1,87,194,10,168,63,46,45e69b1796e998f7df6d485c516cc0751375b53ec01f0a7673d473a9ec217a0e
W8_Q01,STRUCT_R1,8,6,1082935,5387,1,0,14,1,25,163,10,168,63,15,fdd35fe24122be542f9944d55e73c67d2cd28afd3fd1ff25e723a080e5d2dad8
W4_Q01,OFF,8,6,354403,2667,0,0,6,2,12,35,7,46,31,8,c1c4e28384d704fc6572f4a795b1b9dcd23dd585446058743d09154ee63f83a5
W2_Q04,ALGSTRUCT,8,6,410199,1260,4,0,6,1,11,5,5,14,4,7,e3e1c95caf3c6465ad04568b51f69fe26be853a4ad44521756f63edd123351f8
W9_Q02,STRUCT_R2,8,6,627697,4592,0,1,4,1,5,80,4,4,1,5,a250745debd6fd7cf3585f94dfa2ad7178c8b7c572e5ce15f0467c48475c0e9a
W4_Q02,STRUCT_R2,8,6,683067,3870,0,0,10,2,20,68,8,77,31,12,c082fb0620ac05b05065135ca996c9564b57d8a79b47964aa54b86c16cd0659f
W4_Q01,STRUCT_R2,8,6,441531,2630,0,0,6,2,12,35,7,46,31,8,c1c4e28384d704fc6572f4a795b1b9dcd23dd585446058743d09154ee63f83a5
W6_Q02,ALGSTRUCT,8,6,328459,1500,0,0,4,2,10,4,6,15,5,6,d26b7c6c44eb2ae1342ad0eacde318e4485f70f1e0c22f44dc171d7c0f11f2c5
W6_Q02,STRUCT_R2,8,6,314718,1612,0,0,4,2,10,4,6,15,5,6,d26b7c6c44eb2ae1342ad0eacde318e4485f70f1e0c22f44dc171d7c0f11f2c5
W6_Q08,ALGSTRUCT,8,6,594974,1630,0,0,10,2,28,10,6,15,5,12,0d426ef82e54bf37e16bebf86ad11b160059eb28202264ca816d50ab17a2aa06
W7_Q16,STRUCT,8,6,607884,2147,0,0,20,0,52,18,6,15,4,20,352ecf90b67b0a72cf480d5f2990d3ea8f45c0a65a2644e7a858b4f181627dcb
W3_d2,STRUCT_R1,8,6,967175,2074,9,0,11,3,24,11,8,27,5,14,b3a60a0bc9bb1633f8ca67743fa2b43eea5f58f8a512cbf173b181d8c20dfa68
W9_Q01,STRUCT_R1,8,6,350922,4093,0,0,3,0,3,48,4,4,1,3,6e63c0dab5f8b29ef9d1440bcd3711746464b7521a4243c8d32e03504a6224d2
W2_Q08,STRUCT,8,6,565381,1613,0,0,10,2,28,10,6,15,4,12,e121069670786ba8fbe3100d624a17638d4611a34b02647058710f2e3db6a9c9
W9_Q04,OFF,8,6,601177,4539,0,0,6,0,12,192,4,4,1,6,6dad93323aff1013501fa90b58e0e48741ec6d807386799264c78a900e9e11d0
W8_Q32,STRUCT_R1,8,6,3793533,8334,32,0,45,1,87,194,10,168,63,46,45e69b1796e998f7df6d485c516cc0751375b53ec01f0a7673d473a9ec217a0e
W3_d3,STRUCT,8,6,1405521,2241,0,0,12,8,42,16,14,46,8,20,d0de00aa950042ce2df3a1aacd87b83395b88f62201b4b0ee4f6f67dba5bbb2b
W9_Q02,OFF,8,6,346274,3537,0,0,4,0,6,96,4,4,1,4,f59554bf6b558dac39020afcdc9d3261e3c200f0f612cb6818827b31bbda0408
W7_Q02,STRUCT_R1,8,6,250276,1499,0,0,6,0,10,4,6,15,4,6,b1d2efac79748ca32ad60ca241d894721be3c3795c13e31e47e01dad1cb5a5f1
W2_Q16,STRUCT_R2,8,6,984656,2408,0,0,18,2,52,18,6,15,4,20,f53a43e02a6f7be38b5d23a92cce7a6f0c7e7deac086e97841ea021c93a5a893
W9_Q16,STRUCT_R2,8,6,2616732,9240,0,8,18,1,19,304,4,4,1,19,44cdb1eb48242e36e60587a8e97fc1204f774ee018380c18a625f9abe3ce3ce8
W2_Q04,STRUCT,8,6,398402,1575,0,0,6,2,16,6,6,15,4,8,b8312387bf162a1452336c9e9e40ef1298c4a5b22cc87b54f4215f6e91104b3c
W9_Q08,STRUCT_R1,8,6,1568651,6833,0,0,10,2,14,224,4,4,1,12,4c97cc82f3dbf6bc2a6de325d199b0cb65ffca732846069f84ea5618bb19fcfd
W4_Q04,ALGSTRUCT,8,6,1468651,6852,4,0,18,1,31,133,9,138,31,19,fc880fdc081349aa9e95db821628814a11fa6271dfea15fd511d230a5fbbf819
W2_Q32,OFF,8,6,1541780,3759,0,0,34,2,100,34,6,15,4,36,ead1d2e3154b72c47159b745145cb82392c282dcdeeba0e877b2291c8ed45d37
W4_Q32,STRUCT_R2,8,6,9721545,65702,0,0,130,2,260,1058,38,1007,31,132,068ad024181661f75503372002890dd704cd730c5fc591fd65590a6d532c145d
W6_Q04,OFF,8,6,312867,1592,0,0,6,2,16,6,6,15,5,8,463695b346924b3ce3bfd76bc311a5cc5d47fb033482cc22912fc407e8f09fdf
W9_Q02,STRUCT,8,6,485385,4647,0,0,4,0,6,96,4,4,1,4,f59554bf6b558dac39020afcdc9d3261e3c200f0f612cb6818827b31bbda0408
W9_Q04,STRUCT_R2,8,6,992378,4500,0,2,6,1,7,112,4,4,1,7,7e3f7232eefdc535f0f8be36c1c724fab7de36a2740821784506d96a09bd30b3
W5_Q04,STRUCT_R1,8,6,322089,2000,0,0,12,0,12,4,10,34,4,12,233b80e0525d1c617459998a8c1e1bc9855a2c2b10f43c6fd42648b8adae0248
W9_Q32,ALGSTRUCT,8,6,5033077,13129,0,16,34,1,35,560,4,4,1,35,678046e55883cc9fe207429daab5f5da66bcc2178ee01574697097ddff7f102c
W6_Q01,STRUCT_R1,8,6,259867,1427,0,0,3,2,7,3,6,15,5,5,ef852aa19070a90d167a6fc211683b2bbb6401671f4212d90e23806d1620b62f
W2_Q08,OFF,8,6,449661,2001,0,0,10,2,28,10,6,15,4,12,e121069670786ba8fbe3100d624a17638d4611a34b02647058710f2e3db6a9c9
W9_Q01,STRUCT,8,6,345774,4741,0,0,3,0,3,48,4,4,1,3,6e63c0dab5f8b29ef9d1440bcd3711746464b7521a4243c8d32e03504a6224d2
W2_Q08,STRUCT_R1,8,6,587382,1741,8,0,10,1,19,9,5,14,4,11,28ef291bdbdabd5779860a9dac095bdb774cc930b18dec6f9c7bf13df75550d2
W2_Q02,ALGSTRUCT,8,6,328310,1408,2,0,4,1,7,3,5,14,4,5,d8adac9423435c6f23a5e314f4d31430db516714fee41508dcac1bc6af0e6f0c
W9_Q02,ALGSTRUCT,8,6,634417,4224,0,1,4,1,5,80,4,4,1,5,a250745debd6fd7cf3585f94dfa2ad7178c8b7c572e5ce15f0467c48475c0e9a
W2_Q01,STRUCT_R2,8,6,261219,1945,0,0,3,2,7,3,6,15,4,5,fb4f50a52888382fd35dda056767f1188dd59b0b7db5fbe2928a5afbf6bf9f5b
W4_Q08,OFF,8,6,1966109,12018,0,0,34,2,68,266,14,263,31,36,310b652f3a487a64261e67b69ca4bd659f7cd91c74be37afd64d6187457e8bdc
W2_Q16,ALGSTRUCT,8,6,1045748,1907,16,0,18,1,35,17,5,14,4,19,6874ea3fe8a08c7af5d8752f9a4557e5d01bc066a937913a1e427661cbb540c4
W6_Q16,STRUCT,8,6,972397,2055,0,0,18,2,52,18,6,15,5,20,bb0755604375307ff8e5fd09781b80b224d9ab98fa75fb51387fe44cb24e3726
W9_Q04,STRUCT_R1,8,6,1108544,6111,0,0,6,2,10,160,4,4,1,8,a25fcd6d9b6930c5a5e472a5d4b9da9d0423cec22fe64a49a0e3364286ad6c7b
W2_Q16,STRUCT_R1,8,6,1033768,1999,16,0,18,1,35,17,5,14,4,19,6874ea3fe8a08c7af5d8752f9a4557e5d01bc066a937913a1e427661cbb540c4
W6_Q01,ALGSTRUCT,8,6,265017,1295,0,0,3,2,7,3,6,15,5,5,ef852aa19070a90d167a6fc211683b2bbb6401671f4212d90e23806d1620b62f
W6_Q04,STRUCT_R2,8,6,399125,1779,0,0,6,2,16,6,6,15,5,8,463695b346924b3ce3bfd76bc311a5cc5d47fb033482cc22912fc407e8f09fdf
W7_Q32,STRUCT,8,6,1113286,3036,0,0,36,0,100,34,6,15,4,36,6bdf3735d7ed12e047353d97f7fd342934c808ba421573c6cd2474dd612f37b1
W4_Q04,STRUCT_R1,8,6,1471725,7000,4,0,18,1,31,133,9,138,31,19,fc880fdc081349aa9e95db821628814a11fa6271dfea15fd511d230a5fbbf819
W9_Q01,STRUCT_R2,8,6,339440,4223,0,0,3,0,3,48,4,4,1,3,6e63c0dab5f8b29ef9d1440bcd3711746464b7521a4243c8d32e03504a6224d2
W5_Q16,OFF,8,6,848287,4685,0,0,48,0,48,16,34,130,4,48,15f4ec0f61204d6ef15a655140c1c86c7248fc9deed8e4c09ef3081b8b94fb64
W9_Q32,STRUCT,8,6,5172409,14351,0,0,34,2,38,608,4,4,1,36,f9b4de382a62f7ddf0ae716d829e6d3204b079918eba11b5d003aed0f308e9a0
W9_Q01,ALGSTRUCT,8,6,341422,4186,0,0,3,0,3,48,4,4,1,3,6e63c0dab5f8b29ef9d1440bcd3711746464b7521a4243c8d32e03504a6224d2
W2_Q01,STRUCT,8,6,259758,1499,0,0,3,2,7,3,6,15,4,5,fb4f50a52888382fd35dda056767f1188dd59b0b7db5fbe2928a5afbf6bf9f5b
W9_Q04,STRUCT,8,6,1113709,4371,0,0,6,2,10,160,4,4,1,8,a25fcd6d9b6930c5a5e472a5d4b9da9d0423cec22fe64a49a0e3364286ad6c7b
W8_Q02,OFF,8,6,827047,5388,0,0,15,2,30,165,11,169,63,17,ab8e72a97eeddaf640fa9d87846837b35913b3b9a7916818e4653a499fd7cc9a
W4_Q16,STRUCT,8,6,4761301,25574,0,0,66,2,132,530,22,511,31,68,7fbae5656c303ca065341c5db14fa3ef41fb196c82f59bb1c789e1f7b78b0f7a
W8_Q16,OFF,8,6,1504742,6556,0,0,29,2,72,179,11,169,63,31,75d1b16c15c201143eb0f00e84429326ead193544062ed0323b47e7914fd575d
W8_Q01,OFF,8,6,791084,5389,0,0,14,2,27,164,11,169,63,16,7b06ec78e125033330eb86a638ef113771be6d17e66ade996d2cadaa30e562a7
W4_Q16,STRUCT_R1,8,6,7116907,25684,16,0,66,1,115,529,21,510,31,67,c4cb6b036cc3a61a0d0502a6d94307b09dd7e159ba9b445a83ebed14f5c8ebe1
W3_d2,ALGSTRUCT,8,6,968971,1815,9,0,11,3,24,11,8,27,5,14,b3a60a0bc9bb1633f8ca67743fa2b43eea5f58f8a512cbf173b181d8c20dfa68
W5_Q01,STRUCT,8,6,181608,1482,0,0,3,0,3,1,4,10,4,3,7528d1a80da7ce6bed6c3efbaad136c6b237adf54f46f512a5fe79019bfef2ec
W8_Q02,STRUCT,8,6,1048785,5667,0,0,15,2,30,165,11,169,63,17,ab8e72a97eeddaf640fa9d87846837b35913b3b9a7916818e4653a499fd7cc9a
W5_Q08,STRUCT_R1,8,6,540291,2721,0,0,24,0,24,8,18,66,4,24,1ec99f8159a9bf9f7216cbde66142ab941580d932ab53b67181d9941e08515a5
W8_Q02,STRUCT_R2,8,6,1049822,5537,0,1,15,2,30,165,11,169,63,17,ab8e72a97eeddaf640fa9d87846837b35913b3b9a7916818e4653a499fd7cc9a
W4_Q01,ALGSTRUCT,8,6,495569,2592,1,0,6,1,10,34,6,45,31,7,2a2742010b3f20f3e0b7616f059bcf47256e350d22af5b1d3a055aa5eee736e9
W3_d2,OFF,8,6,778121,2130,0,0,11,5,35,13,10,29,5,16,bb512a3ef0db77c97656c90a9544f5958e4b52748f6a43bfdbc34ec450c82e91
W5_Q04,STRUCT_R2,8,6,321348,2111,0,0,12,0,12,4,10,34,4,12,233b80e0525d1c617459998a8c1e1bc9855a2c2b10f43c6fd42648b8adae0248
W3_d1,STRUCT,8,6,565643,1685,0,0,10,2,28,10,6,15,4,12,a54c74b256ab2c5cf00e4072ff680215ee9ddba8ea28d33e07bfd46dd0370227
W8_Q32,OFF,8,6,2314215,8149,0,0,45,2,120,195,11,169,63,47,257e33fe42ff72054f90b0755280d3b57f6dc95e0ff488350c7a08c8fa00e255
W6_Q04,STRUCT,8,6,398606,1686,0,0,6,2,16,6,6,15,5,8,463695b346924b3ce3bfd76bc311a5cc5d47fb033482cc22912fc407e8f09fdf
W8_Q02,ALGSTRUCT,8,6,1174321,5444,2,1,15,1,27,164,10,168,63,16,652ea2e2db2a8b59e1a2373d0aa09bb6194a7176cb3cd104297a14f7ef235e6b
W5_Q04,OFF,8,6,251736,2354,0,0,12,0,12,4,10,34,4,12,233b80e0525d1c617459998a8c1e1bc9855a2c2b10f43c6fd42648b8adae0248
W7_Q32,STRUCT_R2,8,6,1120470,3500,0,0,36,0,100,34,6,15,4,36,6bdf3735d7ed12e047353d97f7fd342934c808ba421573c6cd2474dd612f37b1
W2_Q32,STRUCT_R2,8,6,1858833,3555,0,0,34,2,100,34,6,15,4,36,ead1d2e3154b72c47159b745145cb82392c282dcdeeba0e877b2291c8ed45d37
W2_Q08,STRUCT_R2,8,6,573586,2019,0,0,10,2,28,10,6,15,4,12,e121069670786ba8fbe3100d624a17638d4611a34b02647058710f2e3db6a9c9
W2_Q02,STRUCT_R1,8,6,318495,1390,2,0,4,1,7,3,5,14,4,5,d8adac9423435c6f23a5e314f4d31430db516714fee41508dcac1bc6af0e6f0c
W7_Q16,ALGSTRUCT,8,6,635048,2037,0,0,20,0,52,18,6,15,4,20,352ecf90b67b0a72cf480d5f2990d3ea8f45c0a65a2644e7a858b4f181627dcb
W4_Q16,OFF,8,6,4179196,28315,0,0,66,2,132,530,22,511,31,68,7fbae5656c303ca065341c5db14fa3ef41fb196c82f59bb1c789e1f7b78b0f7a
W7_Q02,STRUCT_R2,8,6,250886,1649,0,0,6,0,10,4,6,15,4,6,b1d2efac79748ca32ad60ca241d894721be3c3795c13e31e47e01dad1cb5a5f1
W7_Q02,ALGSTRUCT,8,6,252405,1500,0,0,6,0,10,4,6,15,4,6,b1d2efac79748ca32ad60ca241d894721be3c3795c13e31e47e01dad1cb5a5f1
W5_Q02,STRUCT_R2,8,6,218942,1759,0,0,6,0,6,2,6,18,4,6,e7741c936508103b2af3b934e316124eac7bac4773e716fb634bafee4047c0e4
W7_Q32,OFF,8,6,883547,3406,0,0,36,0,100,34,6,15,4,36,6bdf3735d7ed12e047353d97f7fd342934c808ba421573c6cd2474dd612f37b1
W5_Q02,STRUCT_R1,8,6,225201,1500,0,0,6,0,6,2,6,18,4,6,e7741c936508103b2af3b934e316124eac7bac4773e716fb634bafee4047c0e4
W3_d3,STRUCT_R1,8,6,1390874,2388,10,0,12,5,29,13,11,43,8,17,16f1a8e88d7f920d91f3a177d0789d4761bf8768a0ac71ebce1f9f2282714954
W6_Q08,OFF,8,6,449365,1963,0,0,10,2,28,10,6,15,5,12,0d426ef82e54bf37e16bebf86ad11b160059eb28202264ca816d50ab17a2aa06
W4_Q02,STRUCT,8,6,684845,4148,0,0,10,2,20,68,8,77,31,12,c082fb0620ac05b05065135ca996c9564b57d8a79b47964aa54b86c16cd0659f
W3_d2,STRUCT,8,6,959509,2462,0,0,11,5,35,13,10,29,5,16,bb512a3ef0db77c97656c90a9544f5958e4b52748f6a43bfdbc34ec450c82e91
W2_Q02,STRUCT_R2,8,6,309088,1556,0,0,4,2,10,4,6,15,4,6,002b88cffa362a25f201c7342c0d49bad4cd7fb10998ad8823a39c11beee6d88
W9_Q32,STRUCT_R1,8,6,5216926,13093,0,0,34,2,38,608,4,4,1,36,f9b4de382a62f7ddf0ae716d829e6d3204b079918eba11b5d003aed0f308e9a0
W8_Q16,STRUCT_R2,8,6,1836166,6833,0,1,29,2,72,179,11,169,63,31,75d1b16c15c201143eb0f00e84429326ead193544062ed0323b47e7914fd575d
W7_Q04,STRUCT_R2,8,6,284516,1611,0,0,8,0,16,6,6,15,4,8,64eb05b2d681af147811cd64dc0e11be812cb48952e297a71fcf6d3c013ba4a0
W7_Q04,STRUCT_R1,8,6,295369,1535,0,0,8,0,16,6,6,15,4,8,64eb05b2d681af147811cd64dc0e11be812cb48952e297a71fcf6d3c013ba4a0
W4_Q04,OFF,8,6,1055026,6481,0,0,18,2,36,134,10,139,31,20,fd25718cb278dfe33c1131161ba4977814e08de24bd73801325a42bf895b4b90
W3_d1,OFF,8,6,453976,1686,0,0,10,2,28,10,6,15,4,12,a54c74b256ab2c5cf00e4072ff680215ee9ddba8ea28d33e07bfd46dd0370227
W8_Q04,OFF,8,6,947249,5797,0,0,17,2,36,167,11,169,63,19,683043cf53c296ea0d43a0c383a5a5aa5dfae2adbc542c677c919239829da206
W4_Q02,OFF,8,6,566197,3890,0,0,10,2,20,68,8,77,31,12,c082fb0620ac05b05065135ca996c9564b57d8a79b47964aa54b86c16cd0659f
W7_Q08,STRUCT,8,6,401163,1870,0,0,12,0,28,10,6,15,4,12,d13ad2add4e1d9cb21c441a8963ffbcf5f462a05d4f61331fa56b7c117fe58d1
W9_Q08,OFF,8,6,903546,5963,0,0,10,0,24,384,4,4,1,10,ae43d04dfb0cf7afbfdc83558714cd1da89c64e7c6d49325a19de9764156762a
W7_Q01,STRUCT_R2,8,6,220016,1444,0,0,5,0,7,3,6,15,4,5,70f8123fffd2af37d12a00e22d9841098c66a489d4953aae174ab2cb5014e5d7
W8_Q08,STRUCT,8,6,1440483,6353,0,0,21,2,48,171,11,169,63,23,6202056e7f9106d89fc2c03650e5a38d69f704cc369ba9e689bf413e5f7173e1
W9_Q08,STRUCT_R2,8,6,1462762,6408,0,4,10,1,11,176,4,4,1,11,f0aee4c6a6b6511ecbc27f2fc4ef3f688cd044d5f143461208ceed4e1cea64ae
W8_Q01,ALGSTRUCT,8,6,1087248,5814,1,1,14,1,25,163,10,168,63,15,fdd35fe24122be542f9944d55e73c67d2cd28afd3fd1ff25e723a080e5d2dad8
W5_Q02,OFF,8,6,159166,1629,0,0,6,0,6,2,6,18,4,6,e7741c936508103b2af3b934e316124eac7bac4773e716fb634bafee4047c0e4
W6_Q16,ALGSTRUCT,8,6,1020692,2149,0,0,18,2,52,18,6,15,5,20,bb0755604375307ff8e5fd09781b80b224d9ab98fa75fb51387fe44cb24e3726
W7_Q08,ALGSTRUCT,8,6,411070,1684,0,0,12,0,28,10,6,15,4,12,d13ad2add4e1d9cb21c441a8963ffbcf5f462a05d4f61331fa56b7c117fe58d1
W2_Q32,STRUCT,8,6,1854093,3351,0,0,34,2,100,34,6,15,4,36,ead1d2e3154b72c47159b745145cb82392c282dcdeeba0e877b2291c8ed45d37
W4_Q08,ALGSTRUCT,8,6,2960968,12834,8,0,34,1,59,265,13,262,31,35,0d7db8d8f19881c77c6e7cd19e1f9d024ea9973fae56dbdbc00db2eeaa790340
W6_Q02,OFF,8,6,241849,1871,0,0,4,2,10,4,6,15,5,6,d26b7c6c44eb2ae1342ad0eacde318e4485f70f1e0c22f44dc171d7c0f11f2c5
W7_Q04,STRUCT,8,6,294368,1610,0,0,8,0,16,6,6,15,4,8,64eb05b2d681af147811cd64dc0e11be812cb48952e297a71fcf6d3c013ba4a0
W5_Q02,STRUCT,8,6,227701,1760,0,0,6,0,6,2,6,18,4,6,e7741c936508103b2af3b934e316124eac7bac4773e716fb634bafee4047c0e4
W5_Q04,ALGSTRUCT,8,6,323016,1592,0,0,12,0,12,4,10,34,4,12,233b80e0525d1c617459998a8c1e1bc9855a2c2b10f43c6fd42648b8adae0248
W5_Q32,STRUCT,8,6,1994961,9444,0,0,96,0,96,32,66,258,4,96,ad908136f049b66ae4b1e1c3f252d7a2ebead009fab3f7177d4babd24fcbec6a
W9_Q08,STRUCT,8,6,1567594,6408,0,0,10,2,14,224,4,4,1,12,4c97cc82f3dbf6bc2a6de325d199b0cb65ffca732846069f84ea5618bb19fcfd
W9_Q16,OFF,8,6,1733870,9593,0,0,18,0,48,768,4,4,1,18,43b7f4efcb619e6e3fc5fc66e7827f4bb8130a24a5905f5ce4efe6114dbfdbd3
W6_Q04,ALGSTRUCT,8,6,418422,1574,0,0,6,2,16,6,6,15,5,8,463695b346924b3ce3bfd76bc311a5cc5d47fb033482cc22912fc407e8f09fdf
W8_Q04,STRUCT,8,6,1171414,5759,0,0,17,2,36,167,11,169,63,19,683043cf53c296ea0d43a0c383a5a5aa5dfae2adbc542c677c919239829da206
W7_Q08,OFF,8,6,291440,1909,0,0,12,0,28,10,6,15,4,12,d13ad2add4e1d9cb21c441a8963ffbcf5f462a05d4f61331fa56b7c117fe58d1
W9_Q32,STRUCT_R2,8,6,5039816,13907,0,16,34,1,35,560,4,4,1,35,678046e55883cc9fe207429daab5f5da66bcc2178ee01574697097ddff7f102c
W4_Q08,STRUCT_R2,8,6,2315919,13612,0,0,34,2,68,266,14,263,31,36,310b652f3a487a64261e67b69ca4bd659f7cd91c74be37afd64d6187457e8bdc
W5_Q08,OFF,8,6,431884,3074,0,0,24,0,24,8,18,66,4,24,1ec99f8159a9bf9f7216cbde66142ab941580d932ab53b67181d9941e08515a5
W3_d1,ALGSTRUCT,8,6,583864,1575,8,0,10,1,19,9,5,14,4,11,51eaee63f5c885c3fa7e71093e89c7ff61bea1c09d51d95c588c39ddf452f383
W6_Q01,STRUCT_R2,8,6,259739,1351,0,0,3,2,7,3,6,15,5,5,ef852aa19070a90d167a6fc211683b2bbb6401671f4212d90e23806d1620b62f
W4_Q16,STRUCT_R2,8,6,4728486,27889,0,0,66,2,132,530,22,511,31,68,7fbae5656c303ca065341c5db14fa3ef41fb196c82f59bb1c789e1f7b78b0f7a
W3_d3,OFF,8,6,1161136,2648,0,0,12,8,42,16,14,46,8,20,d0de00aa950042ce2df3a1aacd87b83395b88f62201b4b0ee4f6f67dba5bbb2b
W2_Q04,STRUCT_R2,8,6,397274,1574,0,0,6,2,16,6,6,15,4,8,b8312387bf162a1452336c9e9e40ef1298c4a5b22cc87b54f4215f6e91104b3c
W5_Q08,ALGSTRUCT,8,6,537069,2463,0,0,24,0,24,8,18,66,4,24,1ec99f8159a9bf9f7216cbde66142ab941580d932ab53b67181d9941e08515a5
W6_Q01,OFF,8,6,194942,1556,0,0,3,2,7,3,6,15,5,5,ef852aa19070a90d167a6fc211683b2bbb6401671f4212d90e23806d1620b62f
W9_Q32,OFF,8,6,3442131,14666,0,0,34,0,96,1536,4,4,1,34,13dfd65212c03f91a3168cac28f16ba616ce21a6c4d7fb7bf5b25f0167fbc71b
W6_Q01,STRUCT,8,6,261182,1519,0,0,3,2,7,3,6,15,5,5,ef852aa19070a90d167a6fc211683b2bbb6401671f4212d90e23806d1620b62f
W2_Q04,OFF,8,6,312404,1686,0,0,6,2,16,6,6,15,4,8,b8312387bf162a1452336c9e9e40ef1298c4a5b22cc87b54f4215f6e91104b3c
W8_Q16,STRUCT_R1,8,6,2178180,6927,16,0,29,1,55,178,10,168,63,30,d68e12eaec95eadd08fb1ce8e6c0dcfc893de77e4c3d4f5a64bb4b4ee29b64b3
W4_Q02,STRUCT_R1,8,6,784882,3851,2,0,10,1,17,67,7,76,31,11,056c94f2139c9e918446fe4f786e56b203a4febdd7cdb7d162e2b0323db5a772
W4_Q01,STRUCT_R1,8,6,493586,2927,1,0,6,1,10,34,6,45,31,7,2a2742010b3f20f3e0b7616f059bcf47256e350d22af5b1d3a055aa5eee736e9
W5_Q01,STRUCT_R1,8,6,183368,1297,0,0,3,0,3,1,4,10,4,3,7528d1a80da7ce6bed6c3efbaad136c6b237adf54f46f512a5fe79019bfef2ec
W5_Q32,STRUCT_R1,8,6,2081682,9907,0,0,96,0,96,32,66,258,4,96,ad908136f049b66ae4b1e1c3f252d7a2ebead009fab3f7177d4babd24fcbec6a
W6_Q32,STRUCT,8,6,1855943,3611,0,0,34,2,100,34,6,15,5,36,e27ba2fd4a248e13e86f6fd51f6578ca7bbe37b27fb6c62f3d2e37c16ce58156
W7_Q08,STRUCT_R1,8,6,413199,1519,0,0,12,0,28,10,6,15,4,12,d13ad2add4e1d9cb21c441a8963ffbcf5f462a05d4f61331fa56b7c117fe58d1
W6_Q02,STRUCT,8,6,308755,1575,0,0,4,2,10,4,6,15,5,6,d26b7c6c44eb2ae1342ad0eacde318e4485f70f1e0c22f44dc171d7c0f11f2c5
W9_Q01,OFF,8,6,228277,3776,0,0,3,0,3,48,4,4,1,3,6e63c0dab5f8b29ef9d1440bcd3711746464b7521a4243c8d32e03504a6224d2
W6_Q08,STRUCT_R2,8,6,564901,1667,0,0,10,2,28,10,6,15,5,12,0d426ef82e54bf37e16bebf86ad11b160059eb28202264ca816d50ab17a2aa06
W6_Q32,ALGSTRUCT,8,6,1938720,3500,0,0,34,2,100,34,6,15,5,36,e27ba2fd4a248e13e86f6fd51f6578ca7bbe37b27fb6c62f3d2e37c16ce58156
W7_Q32,ALGSTRUCT,8,6,1165376,3259,0,0,36,0,100,34,6,15,4,36,6bdf3735d7ed12e047353d97f7fd342934c808ba421573c6cd2474dd612f37b1
W8_Q04,STRUCT_R2,8,6,1180988,5444,0,1,17,2,36,167,11,169,63,19,683043cf53c296ea0d43a0c383a5a5aa5dfae2adbc542c677c919239829da206
W8_Q32,STRUCT,8,6,2805709,8372,0,0,45,2,120,195,11,169,63,47,257e33fe42ff72054f90b0755280d3b57f6dc95e0ff488350c7a08c8fa00e255
W8_Q16,STRUCT,8,6,1827182,6724,0,0,29,2,72,179,11,169,63,31,75d1b16c15c201143eb0f00e84429326ead193544062ed0323b47e7914fd575d
W6_Q02,STRUCT_R1,8,6,316811,1482,0,0,4,2,10,4,6,15,5,6,d26b7c6c44eb2ae1342ad0eacde318e4485f70f1e0c22f44dc171d7c0f11f2c5
W1,OFF,8,6,197144,1687,0,0,3,2,7,3,6,15,4,5,4b26ed307e0166f8d1fa59ea1e874899e41c5fd882be9ef62f84eb3685bb70b7
W5_Q16,STRUCT,8,6,979155,5149,0,0,48,0,48,16,34,130,4,48,15f4ec0f61204d6ef15a655140c1c86c7248fc9deed8e4c09ef3081b8b94fb64
W7_Q16,STRUCT_R2,8,6,596048,2242,0,0,20,0,52,18,6,15,4,20,352ecf90b67b0a72cf480d5f2990d3ea8f45c0a65a2644e7a858b4f181627dcb
W6_Q32,OFF,8,6,1536242,3538,0,0,34,2,100,34,6,15,5,36,e27ba2fd4a248e13e86f6fd51f6578ca7bbe37b27fb6c62f3d2e37c16ce58156
W4_Q08,STRUCT,8,6,2300475,13871,0,0,34,2,68,266,14,263,31,36,310b652f3a487a64261e67b69ca4bd659f7cd91c74be37afd64d6187457e8bdc
W6_Q32,STRUCT_R1,8,6,1927423,3223,0,0,34,2,100,34,6,15,5,36,e27ba2fd4a248e13e86f6fd51f6578ca7bbe37b27fb6c62f3d2e37c16ce58156
W7_Q01,STRUCT_R1,8,6,219885,1464,0,0,5,0,7,3,6,15,4,5,70f8123fffd2af37d12a00e22d9841098c66a489d4953aae174ab2cb5014e5d7
W7_Q08,ALGSTRUCT,9,6,422143,1722,0,0,12,0,28,10,6,15,4,12,d13ad2add4e1d9cb21c441a8963ffbcf5f462a05d4f61331fa56b7c117fe58d1
W9_Q02,STRUCT,9,6,476809,3630,0,0,4,0,6,96,4,4,1,4,f59554bf6b558dac39020afcdc9d3261e3c200f0f612cb6818827b31bbda0408
W7_Q04,STRUCT_R1,9,6,297275,1536,0,0,8,0,16,6,6,15,4,8,64eb05b2d681af147811cd64dc0e11be812cb48952e297a71fcf6d3c013ba4a0
W5_Q08,STRUCT_R2,9,6,517348,2962,0,0,24,0,24,8,18,66,4,24,1ec99f8159a9bf9f7216cbde66142ab941580d932ab53b67181d9941e08515a5
W3_d2,ALGSTRUCT,9,6,972342,2203,9,0,11,3,24,11,8,27,5,14,b3a60a0bc9bb1633f8ca67743fa2b43eea5f58f8a512cbf173b181d8c20dfa68
W5_Q01,STRUCT,9,6,185052,1575,0,0,3,0,3,1,4,10,4,3,7528d1a80da7ce6bed6c3efbaad136c6b237adf54f46f512a5fe79019bfef2ec
W8_Q02,STRUCT_R2,9,6,1057692,6019,0,1,15,2,30,165,11,169,63,17,ab8e72a97eeddaf640fa9d87846837b35913b3b9a7916818e4653a499fd7cc9a
W3_d2,OFF,9,6,773269,2278,0,0,11,5,35,13,10,29,5,16,bb512a3ef0db77c97656c90a9544f5958e4b52748f6a43bfdbc34ec450c82e91
W8_Q01,STRUCT_R1,9,6,1088785,5574,1,0,14,1,25,163,10,168,63,15,fdd35fe24122be542f9944d55e73c67d2cd28afd3fd1ff25e723a080e5d2dad8
W2_Q02,ALGSTRUCT,9,6,320607,1241,2,0,4,1,7,3,5,14,4,5,d8adac9423435c6f23a5e314f4d31430db516714fee41508dcac1bc6af0e6f0c
W5_Q02,OFF,9,6,159166,2055,0,0,6,0,6,2,6,18,4,6,e7741c936508103b2af3b934e316124eac7bac4773e716fb634bafee4047c0e4
W8_Q01,STRUCT,9,6,1008304,5629,0,0,14,2,27,164,11,169,63,16,7b06ec78e125033330eb86a638ef113771be6d17e66ade996d2cadaa30e562a7
W5_Q32,STRUCT,9,6,1978425,12851,0,0,96,0,96,32,66,258,4,96,ad908136f049b66ae4b1e1c3f252d7a2ebead009fab3f7177d4babd24fcbec6a
W2_Q04,ALGSTRUCT,9,6,410958,1426,4,0,6,1,11,5,5,14,4,7,e3e1c95caf3c6465ad04568b51f69fe26be853a4ad44521756f63edd123351f8
W7_Q01,OFF,9,6,150849,1427,0,0,5,0,7,3,6,15,4,5,70f8123fffd2af37d12a00e22d9841098c66a489d4953aae174ab2cb5014e5d7
W7_Q32,ALGSTRUCT,9,6,1170192,2852,0,0,36,0,100,34,6,15,4,36,6bdf3735d7ed12e047353d97f7fd342934c808ba421573c6cd2474dd612f37b1
W7_Q02,STRUCT_R1,9,6,251161,1558,0,0,6,0,10,4,6,15,4,6,b1d2efac79748ca32ad60ca241d894721be3c3795c13e31e47e01dad1cb5a5f1
W7_Q08,OFF,9,6,293015,1815,0,0,12,0,28,10,6,15,4,12,d13ad2add4e1d9cb21c441a8963ffbcf5f462a05d4f61331fa56b7c117fe58d1
W9_Q02,OFF,9,6,343330,3611,0,0,4,0,6,96,4,4,1,4,f59554bf6b558dac39020afcdc9d3261e3c200f0f612cb6818827b31bbda0408
W6_Q04,OFF,9,6,310441,1593,0,0,6,2,16,6,6,15,5,8,463695b346924b3ce3bfd76bc311a5cc5d47fb033482cc22912fc407e8f09fdf
W3_d2,STRUCT_R2,9,6,958805,2240,0,0,11,5,35,13,10,29,5,16,bb512a3ef0db77c97656c90a9544f5958e4b52748f6a43bfdbc34ec450c82e91
W7_Q02,STRUCT,9,6,245330,1537,0,0,6,0,10,4,6,15,4,6,b1d2efac79748ca32ad60ca241d894721be3c3795c13e31e47e01dad1cb5a5f1
W3_d1,OFF,9,6,456533,2129,0,0,10,2,28,10,6,15,4,12,a54c74b256ab2c5cf00e4072ff680215ee9ddba8ea28d33e07bfd46dd0370227
W9_Q16,ALGSTRUCT,9,6,2614492,7888,0,8,18,1,19,304,4,4,1,19,44cdb1eb48242e36e60587a8e97fc1204f774ee018380c18a625f9abe3ce3ce8
W2_Q16,STRUCT_R2,9,6,998805,2444,0,0,18,2,52,18,6,15,4,20,f53a43e02a6f7be38b5d23a92cce7a6f0c7e7deac086e97841ea021c93a5a893
W8_Q32,STRUCT_R2,9,6,2816064,8369,0,1,45,2,120,195,11,169,63,47,257e33fe42ff72054f90b0755280d3b57f6dc95e0ff488350c7a08c8fa00e255
W7_Q32,STRUCT,9,6,1129858,3389,0,0,36,0,100,34,6,15,4,36,6bdf3735d7ed12e047353d97f7fd342934c808ba421573c6cd2474dd612f37b1
W9_Q16,STRUCT_R2,9,6,2629010,8332,0,8,18,1,19,304,4,4,1,19,44cdb1eb48242e36e60587a8e97fc1204f774ee018380c18a625f9abe3ce3ce8
W5_Q32,STRUCT_R2,9,6,2015479,10500,0,0,96,0,96,32,66,258,4,96,ad908136f049b66ae4b1e1c3f252d7a2ebead009fab3f7177d4babd24fcbec6a
W7_Q04,STRUCT_R2,9,6,284367,1704,0,0,8,0,16,6,6,15,4,8,64eb05b2d681af147811cd64dc0e11be812cb48952e297a71fcf6d3c013ba4a0
W6_Q32,STRUCT_R1,9,6,1903424,3185,0,0,34,2,100,34,6,15,5,36,e27ba2fd4a248e13e86f6fd51f6578ca7bbe37b27fb6c62f3d2e37c16ce58156
W3_d3,ALGSTRUCT,9,6,1420077,2260,10,0,12,5,29,13,11,43,8,17,16f1a8e88d7f920d91f3a177d0789d4761bf8768a0ac71ebce1f9f2282714954
W2_Q32,ALGSTRUCT,9,6,2206661,3149,32,0,34,1,67,33,5,14,4,35,aa6152b6f2b2227ea71db0831b5f58d2dce2bdcb6db5c4bb5d1fb235d1201ed1
W4_Q04,STRUCT,9,6,1237006,6814,0,0,18,2,36,134,10,139,31,20,fd25718cb278dfe33c1131161ba4977814e08de24bd73801325a42bf895b4b90
W4_Q02,ALGSTRUCT,9,6,780862,3722,2,0,10,1,17,67,7,76,31,11,056c94f2139c9e918446fe4f786e56b203a4febdd7cdb7d162e2b0323db5a772
W1,OFF,9,6,195553,1353,0,0,3,2,7,3,6,15,4,5,4b26ed307e0166f8d1fa59ea1e874899e41c5fd882be9ef62f84eb3685bb70b7
W8_Q16,STRUCT,9,6,1851591,6945,0,0,29,2,72,179,11,169,63,31,75d1b16c15c201143eb0f00e84429326ead193544062ed0323b47e7914fd575d
W2_Q16,OFF,9,6,793640,2685,0,0,18,2,52,18,6,15,4,20,f53a43e02a6f7be38b5d23a92cce7a6f0c7e7deac086e97841ea021c93a5a893
W6_Q16,STRUCT_R2,9,6,973210,2576,0,0,18,2,52,18,6,15,5,20,bb0755604375307ff8e5fd09781b80b224d9ab98fa75fb51387fe44cb24e3726
W7_Q04,ALGSTRUCT,9,6,298089,1815,0,0,8,0,16,6,6,15,4,8,64eb05b2d681af147811cd64dc0e11be812cb48952e297a71fcf6d3c013ba4a0
W5_Q16,STRUCT_R2,9,6,969100,4205,0,0,48,0,48,16,34,130,4,48,15f4ec0f61204d6ef15a655140c1c86c7248fc9deed8e4c09ef3081b8b94fb64
W2_Q08,STRUCT_R1,9,6,582606,1777,8,0,10,1,19,9,5,14,4,11,28ef291bdbdabd5779860a9dac095bdb774cc930b18dec6f9c7bf13df75550d2
W2_Q04,OFF,9,6,311218,1778,0,0,6,2,16,6,6,15,4,8,b8312387bf162a1452336c9e9e40ef1298c4a5b22cc87b54f4215f6e91104b3c
W7_Q08,STRUCT_R2,9,6,397123,1909,0,0,12,0,28,10,6,15,4,12,d13ad2add4e1d9cb21c441a8963ffbcf5f462a05d4f61331fa56b7c117fe58d1
W5_Q04,OFF,9,6,246239,2018,0,0,12,0,12,4,10,34,4,12,233b80e0525d1c617459998a8c1e1bc9855a2c2b10f43c6fd42648b8adae0248
W2_Q08,STRUCT,9,6,565939,1722,0,0,10,2,28,10,6,15,4,12,e121069670786ba8fbe3100d624a17638d4611a34b02647058710f2e3db6a9c9
W8_Q16,STRUCT_R2,9,6,1824998,7001,0,1,29,2,72,179,11,169,63,31,75d1b16c15c201143eb0f00e84429326ead193544062ed0323b47e7914fd575d
W2_Q02,STRUCT,9,6,314386,1704,0,0,4,2,10,4,6,15,4,6,002b88cffa362a25f201c7342c0d49bad4cd7fb10998ad8823a39c11beee6d88
W2_Q16,ALGSTRUCT,9,6,1061303,2093,16,0,18,1,35,17,5,14,4,19,6874ea3fe8a08c7af5d8752f9a4557e5d01bc066a937913a1e427661cbb540c4
W7_Q01,ALGSTRUCT,9,6,224831,1556,0,0,5,0,7,3,6,15,4,5,70f8123fffd2af37d12a00e22d9841098c66a489d4953aae174ab2cb5014e5d7
W2_Q02,OFF,9,6,238795,1666,0,0,4,2,10,4,6,15,4,6,002b88cffa362a25f201c7342c0d49bad4cd7fb10998ad8823a39c11beee6d88
W4_Q16,OFF,9,6,4195920,26591,0,0,66,2,132,530,22,511,31,68,7fbae5656c303ca065341c5db14fa3ef41fb196c82f59bb1c789e1f7b78b0f7a
W6_Q08,STRUCT,9,6,568771,1927,0,0,10,2,28,10,6,15,5,12,0d426ef82e54bf37e16bebf86ad11b160059eb28202264ca816d50ab17a2aa06
W8_Q04,STRUCT_R1,9,6,1302634,5574,4,0,17,1,31,166,10,168,63,18,1ff2b9471d9cd2dd9078b74afc728460463e46c3102cf6da6b805d7f73e4899a
W6_Q32,STRUCT,9,6,1872887,3278,0,0,34,2,100,34,6,15,5,36,e27ba2fd4a248e13e86f6fd51f6578ca7bbe37b27fb6c62f3d2e37c16ce58156
W6_Q02,STRUCT_R2,9,6,310902,1446,0,0,4,2,10,4,6,15,5,6,d26b7c6c44eb2ae1342ad0eacde318e4485f70f1e0c22f44dc171d7c0f11f2c5
W4_Q32,ALGSTRUCT,9,6,18362693,59203,32,0,130,1,227,1057,37,1006,31,131,4a5be56a553c6df341c1f260562041444c20a964d5f4f3916c7966ddd0bae2e9
W9_Q32,STRUCT_R1,9,6,5142872,12647,0,0,34,2,38,608,4,4,1,36,f9b4de382a62f7ddf0ae716d829e6d3204b079918eba11b5d003aed0f308e9a0
W7_Q16,STRUCT_R1,9,6,629236,2017,0,0,20,0,52,18,6,15,4,20,352ecf90b67b0a72cf480d5f2990d3ea8f45c0a65a2644e7a858b4f181627dcb
W2_Q32,OFF,9,6,1530225,3870,0,0,34,2,100,34,6,15,4,36,ead1d2e3154b72c47159b745145cb82392c282dcdeeba0e877b2291c8ed45d37
W6_Q16,ALGSTRUCT,9,6,1022598,1965,0,0,18,2,52,18,6,15,5,20,bb0755604375307ff8e5fd09781b80b224d9ab98fa75fb51387fe44cb24e3726
W1,ALGSTRUCT,9,6,272961,1240,1,0,3,1,5,2,5,14,4,4,ddbc64bc70e115337e04b3ee4eac0b96e81aea703c916cfeea2e2366190e3210
W1,STRUCT_R2,9,6,263312,1685,0,0,3,2,7,3,6,15,4,5,4b26ed307e0166f8d1fa59ea1e874899e41c5fd882be9ef62f84eb3685bb70b7
W5_Q16,STRUCT,9,6,967749,4297,0,0,48,0,48,16,34,130,4,48,15f4ec0f61204d6ef15a655140c1c86c7248fc9deed8e4c09ef3081b8b94fb64
W4_Q02,OFF,9,6,568882,4001,0,0,10,2,20,68,8,77,31,12,c082fb0620ac05b05065135ca996c9564b57d8a79b47964aa54b86c16cd0659f
W2_Q32,STRUCT,9,6,1837053,3131,0,0,34,2,100,34,6,15,4,36,ead1d2e3154b72c47159b745145cb82392c282dcdeeba0e877b2291c8ed45d37
W3_d1,STRUCT_R2,9,6,567587,1926,0,0,10,2,28,10,6,15,4,12,a54c74b256ab2c5cf00e4072ff680215ee9ddba8ea28d33e07bfd46dd0370227
W5_Q16,OFF,9,6,851231,5075,0,0,48,0,48,16,34,130,4,48,15f4ec0f61204d6ef15a655140c1c86c7248fc9deed8e4c09ef3081b8b94fb64
W3_d1,STRUCT_R1,9,6,578753,1722,8,0,10,1,19,9,5,14,4,11,51eaee63f5c885c3fa7e71093e89c7ff61bea1c09d51d95c588c39ddf452f383
W7_Q32,STRUCT_R1,9,6,1149691,3056,0,0,36,0,100,34,6,15,4,36,6bdf3735d7ed12e047353d97f7fd342934c808ba421573c6cd2474dd612f37b1
W9_Q32,STRUCT,9,6,5186537,13000,0,0,34,2,38,608,4,4,1,36,f9b4de382a62f7ddf0ae716d829e6d3204b079918eba11b5d003aed0f308e9a0
W2_Q16,STRUCT_R1,9,6,1049822,2278,16,0,18,1,35,17,5,14,4,19,6874ea3fe8a08c7af5d8752f9a4557e5d01bc066a937913a1e427661cbb540c4
W6_Q01,STRUCT,9,6,258496,1575,0,0,3,2,7,3,6,15,5,5,ef852aa19070a90d167a6fc211683b2bbb6401671f4212d90e23806d1620b62f
W2_Q01,STRUCT_R1,9,6,272385,1427,1,0,3,1,5,2,5,14,4,4,2474f5c3c44c2292e8653ad95f4f21ec80fa6c72b730d7761807baa6c04c0270
W9_Q08,OFF,9,6,905287,5370,0,0,10,0,24,384,4,4,1,10,ae43d04dfb0cf7afbfdc83558714cd1da89c64e7c6d49325a19de9764156762a
W4_Q01,STRUCT_R2,9,6,445679,2538,0,0,6,2,12,35,7,46,31,8,c1c4e28384d704fc6572f4a795b1b9dcd23dd585446058743d09154ee63f83a5
W9_Q08,STRUCT_R1,9,6,1572908,6261,0,0,10,2,14,224,4,4,1,12,4c97cc82f3dbf6bc2a6de325d199b0cb65ffca732846069f84ea5618bb19fcfd
W9_Q08,STRUCT,9,6,1563391,7055,0,0,10,2,14,224,4,4,1,12,4c97cc82f3dbf6bc2a6de325d199b0cb65ffca732846069f84ea5618bb19fcfd
W9_Q04,STRUCT,9,6,1091322,5500,0,0,6,2,10,160,4,4,1,8,a25fcd6d9b6930c5a5e472a5d4b9da9d0423cec22fe64a49a0e3364286ad6c7b
W5_Q04,ALGSTRUCT,9,6,319552,1796,0,0,12,0,12,4,10,34,4,12,233b80e0525d1c617459998a8c1e1bc9855a2c2b10f43c6fd42648b8adae0248
W4_Q01,ALGSTRUCT,9,6,493438,2445,1,0,6,1,10,34,6,45,31,7,2a2742010b3f20f3e0b7616f059bcf47256e350d22af5b1d3a055aa5eee736e9
W9_Q16,STRUCT,9,6,2727934,9648,0,0,18,2,22,352,4,4,1,20,ff9866380da95df98e4375770d21fe162b02c0b8b05b75e939b18d0d711c4c04
W8_Q08,STRUCT_R2,9,6,1439392,6037,0,1,21,2,48,171,11,169,63,23,6202056e7f9106d89fc2c03650e5a38d69f704cc369ba9e689bf413e5f7173e1
W5_Q01,STRUCT_R2,9,6,179609,1574,0,0,3,0,3,1,4,10,4,3,7528d1a80da7ce6bed6c3efbaad136c6b237adf54f46f512a5fe79019bfef2ec
W6_Q04,STRUCT_R2,9,6,396792,1611,0,0,6,2,16,6,6,15,5,8,463695b346924b3ce3bfd76bc311a5cc5d47fb033482cc22912fc407e8f09fdf
W6_Q16,OFF,9,6,784694,2464,0,0,18,2,52,18,6,15,5,20,bb0755604375307ff8e5fd09781b80b224d9ab98fa75fb51387fe44cb24e3726
W7_Q02,STRUCT_R2,9,6,243351,1647,0,0,6,0,10,4,6,15,4,6,b1d2efac79748ca32ad60ca241d894721be3c3795c13e31e47e01dad1cb5a5f1
W5_Q08,OFF,9,6,433682,2536,0,0,24,0,24,8,18,66,4,24,1ec99f8159a9bf9f7216cbde66142ab941580d932ab53b67181d9941e08515a5
W7_Q04,OFF,9,6,208664,1759,0,0,8,0,16,6,6,15,4,8,64eb05b2d681af147811cd64dc0e11be812cb48952e297a71fcf6d3c013ba4a0
W6_Q32,STRUCT_R2,9,6,1847591,3852,0,0,34,2,100,34,6,15,5,36,e27ba2fd4a248e13e86f6fd51f6578ca7bbe37b27fb6c62f3d2e37c16ce58156
W2_Q32,STRUCT_R2,9,6,1862036,3444,0,0,34,2,100,34,6,15,4,36,ead1d2e3154b72c47159b745145cb82392c282dcdeeba0e877b2291c8ed45d37
W9_Q02,STRUCT_R2,9,6,628882,5500,0,1,4,1,5,80,4,4,1,5,a250745debd6fd7cf3585f94dfa2ad7178c8b7c572e5ce15f0467c48475c0e9a
W4_Q32,STRUCT_R1,9,6,18413617,55389,32,0,130,1,227,1057,37,1006,31,131,4a5be56a553c6df341c1f260562041444c20a964d5f4f3916c7966ddd0bae2e9
W8_Q04,STRUCT_R2,9,6,1172842,6035,0,1,17,2,36,167,11,169,63,19,683043cf53c296ea0d43a0c383a5a5aa5dfae2adbc542c677c919239829da206
W2_Q32,STRUCT_R1,9,6,2244401,3427,32,0,34,1,67,33,5,14,4,35,aa6152b6f2b2227ea71db0831b5f58d2dce2bdcb6db5c4bb5d1fb235d1201ed1
W5_Q32,OFF,9,6,1783222,10444,0,0,96,0,96,32,66,258,4,96,ad908136f049b66ae4b1e1c3f252d7a2ebead009fab3f7177d4babd24fcbec6a
W9_Q16,OFF,9,6,1743426,12592,0,0,18,0,48,768,4,4,1,18,43b7f4efcb619e6e3fc5fc66e7827f4bb8130a24a5905f5ce4efe6114dbfdbd3
W6_Q32,OFF,9,6,1552983,3500,0,0,34,2,100,34,6,15,5,36,e27ba2fd4a248e13e86f6fd51f6578ca7bbe37b27fb6c62f3d2e37c16ce58156
W6_Q02,STRUCT_R1,9,6,318182,1444,0,0,4,2,10,4,6,15,5,6,d26b7c6c44eb2ae1342ad0eacde318e4485f70f1e0c22f44dc171d7c0f11f2c5
W8_Q02,STRUCT_R1,9,6,1173693,5147,2,0,15,1,27,164,10,168,63,16,652ea2e2db2a8b59e1a2373d0aa09bb6194a7176cb3cd104297a14f7ef235e6b
W8_Q01,ALGSTRUCT,9,6,1095209,5816,1,1,14,1,25,163,10,168,63,15,fdd35fe24122be542f9944d55e73c67d2cd28afd3fd1ff25e723a080e5d2dad8
W2_Q16,STRUCT,9,6,993713,2295,0,0,18,2,52,18,6,15,4,20,f53a43e02a6f7be38b5d23a92cce7a6f0c7e7deac086e97841ea021c93a5a893
W3_d3,STRUCT_R2,9,6,1394466,2389,0,0,12,8,42,16,14,46,8,20,d0de00aa950042ce2df3a1aacd87b83395b88f62201b4b0ee4f6f67dba5bbb2b
W9_Q32,STRUCT_R2,9,6,5136684,12816,0,16,34,1,35,560,4,4,1,35,678046e55883cc9fe207429daab5f5da66bcc2178ee01574697097ddff7f102c
W5_Q08,ALGSTRUCT,9,6,537160,2964,0,0,24,0,24,8,18,66,4,24,1ec99f8159a9bf9f7216cbde66142ab941580d932ab53b67181d9941e08515a5
W7_Q01,STRUCT_R1,9,6,222702,1221,0,0,5,0,7,3,6,15,4,5,70f8123fffd2af37d12a00e22d9841098c66a489d4953aae174ab2cb5014e5d7
W8_Q16,STRUCT_R1,9,6,2174180,6389,16,0,29,1,55,178,10,168,63,30,d68e12eaec95eadd08fb1ce8e6c0dcfc893de77e4c3d4f5a64bb4b4ee29b64b3
W7_Q02,ALGSTRUCT,9,6,251182,1426,0,0,6,0,10,4,6,15,4,6,b1d2efac79748ca32ad60ca241d894721be3c3795c13e31e47e01dad1cb5a5f1
W6_Q02,OFF,9,6,239386,1667,0,0,4,2,10,4,6,15,5,6,d26b7c6c44eb2ae1342ad0eacde318e4485f70f1e0c22f44dc171d7c0f11f2c5
W9_Q08,ALGSTRUCT,9,6,1461372,7482,0,4,10,1,11,176,4,4,1,11,f0aee4c6a6b6511ecbc27f2fc4ef3f688cd044d5f143461208ceed4e1cea64ae
W4_Q02,STRUCT,9,6,685827,4240,0,0,10,2,20,68,8,77,31,12,c082fb0620ac05b05065135ca996c9564b57d8a79b47964aa54b86c16cd0659f
W8_Q32,STRUCT_R1,9,6,3839071,8129,32,0,45,1,87,194,10,168,63,46,45e69b1796e998f7df6d485c516cc0751375b53ec01f0a7673d473a9ec217a0e
W7_Q32,OFF,9,6,883953,3297,0,0,36,0,100,34,6,15,4,36,6bdf3735d7ed12e047353d97f7fd342934c808ba421573c6cd2474dd612f37b1
W7_Q08,STRUCT_R1,9,6,419273,1704,0,0,12,0,28,10,6,15,4,12,d13ad2add4e1d9cb21c441a8963ffbcf5f462a05d4f61331fa56b7c117fe58d1
W4_Q04,STRUCT_R2,9,6,1244747,6740,0,0,18,2,36,134,10,139,31,20,fd25718cb278dfe33c1131161ba4977814e08de24bd73801325a42bf895b4b90
W6_Q04,STRUCT_R1,9,6,410625,1426,0,0,6,2,16,6,6,15,5,8,463695b346924b3ce3bfd76bc311a5cc5d47fb033482cc22912fc407e8f09fdf
W8_Q32,OFF,9,6,2313012,8482,0,0,45,2,120,195,11,169,63,47,257e33fe42ff72054f90b0755280d3b57f6dc95e0ff488350c7a08c8fa00e255
W5_Q32,STRUCT_R1,9,6,2078016,9628,0,0,96,0,96,32,66,258,4,96,ad908136f049b66ae4b1e1c3f252d7a2ebead009fab3f7177d4babd24fcbec6a
W8_Q08,OFF,9,6,1168451,5906,0,0,21,2,48,171,11,169,63,23,6202056e7f9106d89fc2c03650e5a38d69f704cc369ba9e689bf413e5f7173e1
W6_Q04,ALGSTRUCT,9,6,414867,1351,0,0,6,2,16,6,6,15,5,8,463695b346924b3ce3bfd76bc311a5cc5d47fb033482cc22912fc407e8f09fdf
W7_Q01,STRUCT_R2,9,6,221925,1629,0,0,5,0,7,3,6,15,4,5,70f8123fffd2af37d12a00e22d9841098c66a489d4953aae174ab2cb5014e5d7
W4_Q02,STRUCT_R2,9,6,686917,3834,0,0,10,2,20,68,8,77,31,12,c082fb0620ac05b05065135ca996c9564b57d8a79b47964aa54b86c16cd0659f
W8_Q08,STRUCT,9,6,1435263,6092,0,0,21,2,48,171,11,169,63,23,6202056e7f9106d89fc2c03650e5a38d69f704cc369ba9e689bf413e5f7173e1
W4_Q02,STRUCT_R1,9,6,779844,3370,2,0,10,1,17,67,7,76,31,11,056c94f2139c9e918446fe4f786e56b203a4febdd7cdb7d162e2b0323db5a772
W7_Q04,STRUCT,9,6,287256,1555,0,0,8,0,16,6,6,15,4,8,64eb05b2d681af147811cd64dc0e11be812cb48952e297a71fcf6d3c013ba4a0
W2_Q04,STRUCT_R2,9,6,404976,1371,0,0,6,2,16,6,6,15,4,8,b8312387bf162a1452336c9e9e40ef1298c4a5b22cc87b54f4215f6e91104b3c
W5_Q16,STRUCT_R1,9,6,1014488,5149,0,0,48,0,48,16,34,130,4,48,15f4ec0f61204d6ef15a655140c1c86c7248fc9deed8e4c09ef3081b8b94fb64
W7_Q01,STRUCT,9,6,220738,1519,0,0,5,0,7,3,6,15,4,5,70f8123fffd2af37d12a00e22d9841098c66a489d4953aae174ab2cb5014e5d7
W4_Q08,STRUCT_R1,9,6,2995394,13000,8,0,34,1,59,265,13,262,31,35,0d7db8d8f19881c77c6e7cd19e1f9d024ea9973fae56dbdbc00db2eeaa790340
W1,STRUCT_R1,9,6,272386,1314,1,0,3,1,5,2,5,14,4,4,ddbc64bc70e115337e04b3ee4eac0b96e81aea703c916cfeea2e2366190e3210
W5_Q02,STRUCT,9,6,221997,1797,0,0,6,0,6,2,6,18,4,6,e7741c936508103b2af3b934e316124eac7bac4773e716fb634bafee4047c0e4
W2_Q08,STRUCT_R2,9,6,567976,1741,0,0,10,2,28,10,6,15,4,12,e121069670786ba8fbe3100d624a17638d4611a34b02647058710f2e3db6a9c9
W5_Q04,STRUCT_R1,9,6,324442,2166,0,0,12,0,12,4,10,34,4,12,233b80e0525d1c617459998a8c1e1bc9855a2c2b10f43c6fd42648b8adae0248
W5_Q04,STRUCT,9,6,312997,2074,0,0,12,0,12,4,10,34,4,12,233b80e0525d1c617459998a8c1e1bc9855a2c2b10f43c6fd42648b8adae0248
W7_Q08,STRUCT,9,6,395607,1722,0,0,12,0,28,10,6,15,4,12,d13ad2add4e1d9cb21c441a8963ffbcf5f462a05d4f61331fa56b7c117fe58d1
W9_Q04,OFF,9,6,603531,4722,0,0,6,0,12,192,4,4,1,6,6dad93323aff1013501fa90b58e0e48741ec6d807386799264c78a900e9e11d0
W5_Q02,ALGSTRUCT,9,6,226700,1649,0,0,6,0,6,2,6,18,4,6,e7741c936508103b2af3b934e316124eac7bac4773e716fb634bafee4047c0e4
W2_Q02,STRUCT_R2,9,6,309849,1870,0,0,4,2,10,4,6,15,4,6,002b88cffa362a25f201c7342c0d49bad4cd7fb10998ad8823a39c11beee6d88
W3_d1,STRUCT,9,6,571753,2000,0,0,10,2,28,10,6,15,4,12,a54c74b256ab2c5cf00e4072ff680215ee9ddba8ea28d33e07bfd46dd0370227
W2_Q08,OFF,9,6,449865,1963,0,0,10,2,28,10,6,15,4,12,e121069670786ba8fbe3100d624a17638d4611a34b02647058710f2e3db6a9c9
W2_Q04,STRUCT,9,6,403162,1760,0,0,6,2,16,6,6,15,4,8,b8312387bf162a1452336c9e9e40ef1298c4a5b22cc87b54f4215f6e91104b3c
W1,STRUCT,9,6,258292,1427,0,0,3,2,7,3,6,15,4,5,4b26ed307e0166f8d1fa59ea1e874899e41c5fd882be9ef62f84eb3685bb70b7
W9_Q32,OFF,9,6,3448110,14501,0,0,34,0,96,1536,4,4,1,34,13dfd65212c03f91a3168cac28f16ba616ce21a6c4d7fb7bf5b25f0167fbc71b
W7_Q32,STRUCT_R2,9,6,1108117,3223,0,0,36,0,100,34,6,15,4,36,6bdf3735d7ed12e047353d97f7fd342934c808ba421573c6cd2474dd612f37b1
W5_Q32,ALGSTRUCT,9,6,2101496,11129,0,0,96,0,96,32,66,258,4,96,ad908136f049b66ae4b1e1c3f252d7a2ebead009fab3f7177d4babd24fcbec6a
W4_Q01,STRUCT,9,6,441978,2518,0,0,6,2,12,35,7,46,31,8,c1c4e28384d704fc6572f4a795b1b9dcd23dd585446058743d09154ee63f83a5
W7_Q16,ALGSTRUCT,9,6,635401,2037,0,0,20,0,52,18,6,15,4,20,352ecf90b67b0a72cf480d5f2990d3ea8f45c0a65a2644e7a858b4f181627dcb
W4_Q32,STRUCT_R2,9,6,9611620,70407,0,0,130,2,260,1058,38,1007,31,132,068ad024181661f75503372002890dd704cd730c5fc591fd65590a6d532c145d
W7_Q02,OFF,9,6,170867,1871,0,0,6,0,10,4,6,15,4,6,b1d2efac79748ca32ad60ca241d894721be3c3795c13e31e47e01dad1cb5a5f1
W5_Q16,ALGSTRUCT,9,6,1009915,4556,0,0,48,0,48,16,34,130,4,48,15f4ec0f61204d6ef15a655140c1c86c7248fc9deed8e4c09ef3081b8b94fb64
W6_Q16,STRUCT,9,6,970769,2332,0,0,18,2,52,18,6,15,5,20,bb0755604375307ff8e5fd09781b80b224d9ab98fa75fb51387fe44cb24e3726
W5_Q01,OFF,9,6,123998,1594,0,0,3,0,3,1,4,10,4,3,7528d1a80da7ce6bed6c3efbaad136c6b237adf54f46f512a5fe79019bfef2ec
W9_Q04,ALGSTRUCT,9,6,978617,6131,0,2,6,1,7,112,4,4,1,7,7e3f7232eefdc535f0f8be36c1c724fab7de36a2740821784506d96a09bd30b3
W6_Q08,STRUCT_R1,9,6,581457,1629,0,0,10,2,28,10,6,15,5,12,0d426ef82e54bf37e16bebf86ad11b160059eb28202264ca816d50ab17a2aa06
W6_Q01,STRUCT_R2,9,6,258702,1499,0,0,3,2,7,3,6,15,5,5,ef852aa19070a90d167a6fc211683b2bbb6401671f4212d90e23806d1620b62f
W8_Q04,OFF,9,6,947007,5890,0,0,17,2,36,167,11,169,63,19,683043cf53c296ea0d43a0c383a5a5aa5dfae2adbc542c677c919239829da206
W9_Q16,STRUCT_R1,9,6,2741729,8241,0,0,18,2,22,352,4,4,1,20,ff9866380da95df98e4375770d21fe162b02c0b8b05b75e939b18d0d711c4c04
W8_Q16,ALGSTRUCT,9,6,2195588,7019,16,1,29,1,55,178,10,168,63,30,d68e12eaec95eadd08fb1ce8e6c0dcfc893de77e4c3d4f5a64bb4b4ee29b64b3
W6_Q08,STRUCT_R2,9,6,566643,1907,0,0,10,2,28,10,6,15,5,12,0d426ef82e54bf37e16bebf86ad11b160059eb28202264ca816d50ab17a2aa06
W8_Q04,ALGSTRUCT,9,6,1301080,5591,4,1,17,1,31,166,10,168,63,18,1ff2b9471d9cd2dd9078b74afc728460463e46c3102cf6da6b805d7f73e4899a
W4_Q01,STRUCT_R1,9,6,489476,2463,1,0,6,1,10,34,6,45,31,7,2a2742010b3f20f3e0b7616f059bcf47256e350d22af5b1d3a055aa5eee736e9
W9_Q01,STRUCT,9,6,340199,4112,0,0,3,0,3,48,4,4,1,3,6e63c0dab5f8b29ef9d1440bcd3711746464b7521a4243c8d32e03504a6224d2
W9_Q01,OFF,9,6,228405,3852,0,0,3,0,3,48,4,4,1,3,6e63c0dab5f8b29ef9d1440bcd3711746464b7521a4243c8d32e03504a6224d2
W4_Q32,OFF,9,6,8416299,60685,0,0,130,2,260,1058,38,1007,31,132,068ad024181661f75503372002890dd704cd730c5fc591fd65590a6d532c145d
W2_Q04,STRUCT_R1,9,6,404236,1315,4,0,6,1,11,5,5,14,4,7,e3e1c95caf3c6465ad04568b51f69fe26be853a4ad44521756f63edd123351f8
W8_Q02,ALGSTRUCT,9,6,1157211,5425,2,1,15,1,27,164,10,168,63,16,652ea2e2db2a8b59e1a2373d0aa09bb6194a7176cb3cd104297a14f7ef235e6b
W2_Q01,ALGSTRUCT,9,6,273478,1241,1,0,3,1,5,2,5,14,4,4,2474f5c3c44c2292e8653ad95f4f21ec80fa6c72b730d7761807baa6c04c0270
W8_Q08,STRUCT_R1,9,6,1610780,5574,8,0,21,1,39,170,10,168,63,22,dfb50a16d91192e00318e4ac61c06d5403d37554d2e61726115b9e5e96a90617
W9_Q01,ALGSTRUCT,9,6,337292,3668,0,0,3,0,3,48,4,4,1,3,6e63c0dab5f8b29ef9d1440bcd3711746464b7521a4243c8d32e03504a6224d2
W8_Q32,ALGSTRUCT,9,6,3886478,8018,32,1,45,1,87,194,10,168,63,46,45e69b1796e998f7df6d485c516cc0751375b53ec01f0a7673d473a9ec217a0e
W7_Q16,STRUCT_R2,9,6,609010,2261,0,0,20,0,52,18,6,15,4,20,352ecf90b67b0a72cf480d5f2990d3ea8f45c0a65a2644e7a858b4f181627dcb
W4_Q16,ALGSTRUCT,9,6,7164404,26537,16,0,66,1,115,529,21,510,31,67,c4cb6b036cc3a61a0d0502a6d94307b09dd7e159ba9b445a83ebed14f5c8ebe1
W9_Q04,STRUCT_R2,9,6,974656,5148,0,2,6,1,7,112,4,4,1,7,7e3f7232eefdc535f0f8be36c1c724fab7de36a2740821784506d96a09bd30b3
W6_Q01,ALGSTRUCT,9,6,270072,1370,0,0,3,2,7,3,6,15,5,5,ef852aa19070a90d167a6fc211683b2bbb6401671f4212d90e23806d1620b62f
W9_Q32,ALGSTRUCT,9,6,5058279,13667,0,16,34,1,35,560,4,4,1,35,678046e55883cc9fe207429daab5f5da66bcc2178ee01574697097ddff7f102c
W8_Q32,STRUCT,9,6,2815693,8555,0,0,45,2,120,195,11,169,63,47,257e33fe42ff72054f90b0755280d3b57f6dc95e0ff488350c7a08c8fa00e255
W8_Q04,STRUCT,9,6,1172581,5629,0,0,17,2,36,167,11,169,63,19,683043cf53c296ea0d43a0c383a5a5aa5dfae2adbc542c677c919239829da206
W5_Q01,ALGSTRUCT,9,6,182258,1314,0,0,3,0,3,1,4,10,4,3,7528d1a80da7ce6bed6c3efbaad136c6b237adf54f46f512a5fe79019bfef2ec
W4_Q16,STRUCT_R2,9,6,4773097,27778,0,0,66,2,132,530,22,511,31,68,7fbae5656c303ca065341c5db14fa3ef41fb196c82f59bb1c789e1f7b78b0f7a
W9_Q01,STRUCT_R1,9,6,341384,5020,0,0,3,0,3,48,4,4,1,3,6e63c0dab5f8b29ef9d1440bcd3711746464b7521a4243c8d32e03504a6224d2
W4_Q16,STRUCT_R1,9,6,7025554,25778,16,0,66,1,115,529,21,510,31,67,c4cb6b036cc3a61a0d0502a6d94307b09dd7e159ba9b445a83ebed14f5c8ebe1
W3_d3,STRUCT,9,6,1395448,2630,0,0,12,8,42,16,14,46,8,20,d0de00aa950042ce2df3a1aacd87b83395b88f62201b4b0ee4f6f67dba5bbb2b
W9_Q08,STRUCT_R2,9,6,1456004,6239,0,4,10,1,11,176,4,4,1,11,f0aee4c6a6b6511ecbc27f2fc4ef3f688cd044d5f143461208ceed4e1cea64ae
W8_Q01,OFF,9,6,791400,6110,0,0,14,2,27,164,11,169,63,16,7b06ec78e125033330eb86a638ef113771be6d17e66ade996d2cadaa30e562a7
W4_Q04,ALGSTRUCT,9,6,1457928,6889,4,0,18,1,31,133,9,138,31,19,fc880fdc081349aa9e95db821628814a11fa6271dfea15fd511d230a5fbbf819
W6_Q16,STRUCT_R1,9,6,1004119,2222,0,0,18,2,52,18,6,15,5,20,bb0755604375307ff8e5fd09781b80b224d9ab98fa75fb51387fe44cb24e3726
W2_Q08,ALGSTRUCT,9,6,585345,1797,8,0,10,1,19,9,5,14,4,11,28ef291bdbdabd5779860a9dac095bdb774cc930b18dec6f9c7bf13df75550d2
W6_Q32,ALGSTRUCT,9,6,1937370,3721,0,0,34,2,100,34,6,15,5,36,e27ba2fd4a248e13e86f6fd51f6578ca7bbe37b27fb6c62f3d2e37c16ce58156
W3_d3,OFF,9,6,1169264,2723,0,0,12,8,42,16,14,46,8,20,d0de00aa950042ce2df3a1aacd87b83395b88f62201b4b0ee4f6f67dba5bbb2b
W2_Q01,STRUCT,9,6,259536,1443,0,0,3,2,7,3,6,15,4,5,fb4f50a52888382fd35dda056767f1188dd59b0b7db5fbe2928a5afbf6bf9f5b
W7_Q16,STRUCT,9,6,608454,2335,0,0,20,0,52,18,6,15,4,20,352ecf90b67b0a72cf480d5f2990d3ea8f45c0a65a2644e7a858b4f181627dcb
W5_Q01,STRUCT_R1,9,6,194517,1611,0,0,3,0,3,1,4,10,4,3,7528d1a80da7ce6bed6c3efbaad136c6b237adf54f46f512a5fe79019bfef2ec
W6_Q04,STRUCT,9,6,402088,1908,0,0,6,2,16,6,6,15,5,8,463695b346924b3ce3bfd76bc311a5cc5d47fb033482cc22912fc407e8f09fdf
W2_Q02,STRUCT_R1,9,6,324830,1259,2,0,4,1,7,3,5,14,4,5,d8adac9423435c6f23a5e314f4d31430db516714fee41508dcac1bc6af0e6f0c
W6_Q02,ALGSTRUCT,9,6,322793,1426,0,0,4,2,10,4,6,15,5,6,d26b7c6c44eb2ae1342ad0eacde318e4485f70f1e0c22f44dc171d7c0f11f2c5
W3_d2,STRUCT_R1,9,6,963137,2205,9,0,11,3,24,11,8,27,5,14,b3a60a0bc9bb1633f8ca67743fa2b43eea5f58f8a512cbf173b181d8c20dfa68
W6_Q02,STRUCT,9,6,309718,1389,0,0,4,2,10,4,6,15,5,6,d26b7c6c44eb2ae1342ad0eacde318e4485f70f1e0c22f44dc171d7c0f11f2c5
W6_Q01,STRUCT_R1,9,6,273813,1592,0,0,3,2,7,3,6,15,5,5,ef852aa19070a90d167a6fc211683b2bbb6401671f4212d90e23806d1620b62f
W9_Q02,STRUCT_R1,9,6,476848,4277,0,0,4,0,6,96,4,4,1,4,f59554bf6b558dac39020afcdc9d3261e3c200f0f612cb6818827b31bbda0408
W4_Q08,STRUCT,9,6,2311624,13203,0,0,34,2,68,266,14,263,31,36,310b652f3a487a64261e67b69ca4bd659f7cd91c74be37afd64d6187457e8bdc
W6_Q01,OFF,9,6,195405,1611,0,0,3,2,7,3,6,15,5,5,ef852aa19070a90d167a6fc211683b2bbb6401671f4212d90e23806d1620b62f
W8_Q16,OFF,9,6,1507372,6797,0,0,29,2,72,179,11,169,63,31,75d1b16c15c201143eb0f00e84429326ead193544062ed0323b47e7914fd575d
W8_Q08,ALGSTRUCT,9,6,1645390,5796,8,1,21,1,39,170,10,168,63,22,dfb50a16d91192e00318e4ac61c06d5403d37554d2e61726115b9e5e96a90617
W4_Q04,STRUCT_R1,9,6,1457429,6944,4,0,18,1,31,133,9,138,31,19,fc880fdc081349aa9e95db821628814a11fa6271dfea15fd511d230a5fbbf819
W2_Q01,OFF,9,6,195775,1501,0,0,3,2,7,3,6,15,4,5,fb4f50a52888382fd35dda056767f1188dd59b0b7db5fbe2928a5afbf6bf9f5b
W4_Q01,OFF,9,6,357052,2666,0,0,6,2,12,35,7,46,31,8,c1c4e28384d704fc6572f4a795b1b9dcd23dd585446058743d09154ee63f83a5
W6_Q08,ALGSTRUCT,9,6,599437,1649,0,0,10,2,28,10,6,15,5,12,0d426ef82e54bf37e16bebf86ad11b160059eb28202264ca816d50ab17a2aa06
W5_Q02,STRUCT_R1,9,6,226349,1537,0,0,6,0,6,2,6,18,4,6,e7741c936508103b2af3b934e316124eac7bac4773e716fb634bafee4047c0e4
W8_Q01,STRUCT_R2,9,6,1017101,5629,0,1,14,2,27,164,11,169,63,16,7b06ec78e125033330eb86a638ef113771be6d17e66ade996d2cadaa30e562a7
W8_Q02,OFF,9,6,828881,5147,0,0,15,2,30,165,11,169,63,17,ab8e72a97eeddaf640fa9d87846837b35913b3b9a7916818e4653a499fd7cc9a
W5_Q02,STRUCT_R2,9,6,219590,1685,0,0,6,0,6,2,6,18,4,6,e7741c936508103b2af3b934e316124eac7bac4773e716fb634bafee4047c0e4
W5_Q08,STRUCT_R1,9,6,535736,2536,0,0,24,0,24,8,18,66,4,24,1ec99f8159a9bf9f7216cbde66142ab941580d932ab53b67181d9941e08515a5
W4_Q32,STRUCT,9,6,9793897,73091,0,0,130,2,260,1058,38,1007,31,132,068ad024181661f75503372002890dd704cd730c5fc591fd65590a6d532c145d
W5_Q08,STRUCT,9,6,521088,2666,0,0,24,0,24,8,18,66,4,24,1ec99f8159a9bf9f7216cbde66142ab941580d932ab53b67181d9941e08515a5
W4_Q08,STRUCT_R2,9,6,2467288,17000,0,0,34,2,68,266,14,263,31,36,310b652f3a487a64261e67b69ca4bd659f7cd91c74be37afd64d6187457e8bdc
W3_d3,STRUCT_R1,9,6,1402244,2611,10,0,12,5,29,13,11,43,8,17,16f1a8e88d7f920d91f3a177d0789d4761bf8768a0ac71ebce1f9f2282714954
W3_d1,ALGSTRUCT,9,6,604865,1795,8,0,10,1,19,9,5,14,4,11,51eaee63f5c885c3fa7e71093e89c7ff61bea1c09d51d95c588c39ddf452f383
W9_Q01,STRUCT_R2,9,6,339201,4073,0,0,3,0,3,48,4,4,1,3,6e63c0dab5f8b29ef9d1440bcd3711746464b7521a4243c8d32e03504a6224d2
W9_Q04,STRUCT_R1,9,6,1102710,7408,0,0,6,2,10,160,4,4,1,8,a25fcd6d9b6930c5a5e472a5d4b9da9d0423cec22fe64a49a0e3364286ad6c7b
W6_Q08,OFF,9,6,457049,2168,0,0,10,2,28,10,6,15,5,12,0d426ef82e54bf37e16bebf86ad11b160059eb28202264ca816d50ab17a2aa06
W2_Q01,STRUCT_R2,9,6,265812,1796,0,0,3,2,7,3,6,15,4,5,fb4f50a52888382fd35dda056767f1188dd59b0b7db5fbe2928a5afbf6bf9f5b
W5_Q04,STRUCT_R2,9,6,317330,3148,0,0,12,0,12,4,10,34,4,12,233b80e0525d1c617459998a8c1e1bc9855a2c2b10f43c6fd42648b8adae0248
W4_Q04,OFF,9,6,1090340,7296,0,0,18,2,36,134,10,139,31,20,fd25718cb278dfe33c1131161ba4977814e08de24bd73801325a42bf895b4b90
W4_Q08,OFF,9,6,2073069,15612,0,0,34,2,68,266,14,263,31,36,310b652f3a487a64261e67b69ca4bd659f7cd91c74be37afd64d6187457e8bdc
W7_Q16,OFF,9,6,485920,2649,0,0,20,0,52,18,6,15,4,20,352ecf90b67b0a72cf480d5f2990d3ea8f45c0a65a2644e7a858b4f181627dcb
W4_Q08,ALGSTRUCT,9,6,3115171,16889,8,0,34,1,59,265,13,262,31,35,0d7db8d8f19881c77c6e7cd19e1f9d024ea9973fae56dbdbc00db2eeaa790340
W9_Q02,ALGSTRUCT,9,6,653679,4148,0,1,4,1,5,80,4,4,1,5,a250745debd6fd7cf3585f94dfa2ad7178c8b7c572e5ce15f0467c48475c0e9a
W4_Q16,STRUCT,9,6,5601477,69425,0,0,66,2,132,530,22,511,31,68,7fbae5656c303ca065341c5db14fa3ef41fb196c82f59bb1c789e1f7b78b0f7a
W8_Q02,STRUCT,9,6,1085210,5945,0,0,15,2,30,165,11,169,63,17,ab8e72a97eeddaf640fa9d87846837b35913b3b9a7916818e4653a499fd7cc9a
W3_d2,STRUCT,9,6,1010452,2593,0,0,11,5,35,13,10,29,5,16,bb512a3ef0db77c97656c90a9544f5958e4b52748f6a43bfdbc34ec450c82e91
W9_Q04,ALGSTRUCT,10,6,1247172,9018,0,2,6,1,7,112,4,4,1,7,7e3f7232eefdc535f0f8be36c1c724fab7de36a2740821784506d96a09bd30b3
W6_Q08,OFF,10,6,473179,2186,0,0,10,2,28,10,6,15,5,12,0d426ef82e54bf37e16bebf86ad11b160059eb28202264ca816d50ab17a2aa06
W5_Q08,STRUCT,10,6,546106,3981,0,0,24,0,24,8,18,66,4,24,1ec99f8159a9bf9f7216cbde66142ab941580d932ab53b67181d9941e08515a5
W7_Q16,STRUCT_R2,10,6,615921,2425,0,0,20,0,52,18,6,15,4,20,352ecf90b67b0a72cf480d5f2990d3ea8f45c0a65a2644e7a858b4f181627dcb
W6_Q02,ALGSTRUCT,10,6,330478,1611,0,0,4,2,10,4,6,15,5,6,d26b7c6c44eb2ae1342ad0eacde318e4485f70f1e0c22f44dc171d7c0f11f2c5
W9_Q32,STRUCT_R2,10,6,5522179,22243,0,16,34,1,35,560,4,4,1,35,678046e55883cc9fe207429daab5f5da66bcc2178ee01574697097ddff7f102c
W4_Q04,STRUCT,10,6,1270226,8501,0,0,18,2,36,134,10,139,31,20,fd25718cb278dfe33c1131161ba4977814e08de24bd73801325a42bf895b4b90
W7_Q01,STRUCT_R1,10,6,224738,1574,0,0,5,0,7,3,6,15,4,5,70f8123fffd2af37d12a00e22d9841098c66a489d4953aae174ab2cb5014e5d7
W7_Q01,STRUCT,10,6,226145,1704,0,0,5,0,7,3,6,15,4,5,70f8123fffd2af37d12a00e22d9841098c66a489d4953aae174ab2cb5014e5d7
W5_Q01,STRUCT,10,6,190941,1408,0,0,3,0,3,1,4,10,4,3,7528d1a80da7ce6bed6c3efbaad136c6b237adf54f46f512a5fe79019bfef2ec
W3_d1,STRUCT_R1,10,6,606770,2093,8,0,10,1,19,9,5,14,4,11,51eaee63f5c885c3fa7e71093e89c7ff61bea1c09d51d95c588c39ddf452f383
W3_d1,ALGSTRUCT,10,6,602919,1741,8,0,10,1,19,9,5,14,4,11,51eaee63f5c885c3fa7e71093e89c7ff61bea1c09d51d95c588c39ddf452f383
W2_Q02,OFF,10,6,242922,1390,0,0,4,2,10,4,6,15,4,6,002b88cffa362a25f201c7342c0d49bad4cd7fb10998ad8823a39c11beee6d88
W8_Q32,OFF,10,6,2459733,13463,0,0,45,2,120,195,11,169,63,47,257e33fe42ff72054f90b0755280d3b57f6dc95e0ff488350c7a08c8fa00e255
W9_Q32,STRUCT,10,6,5217778,14426,0,0,34,2,38,608,4,4,1,36,f9b4de382a62f7ddf0ae716d829e6d3204b079918eba11b5d003aed0f308e9a0
W1,STRUCT,10,6,273774,1667,0,0,3,2,7,3,6,15,4,5,4b26ed307e0166f8d1fa59ea1e874899e41c5fd882be9ef62f84eb3685bb70b7
W6_Q02,STRUCT,10,6,338106,1686,0,0,4,2,10,4,6,15,5,6,d26b7c6c44eb2ae1342ad0eacde318e4485f70f1e0c22f44dc171d7c0f11f2c5
W2_Q08,ALGSTRUCT,10,6,597216,2185,8,0,10,1,19,9,5,14,4,11,28ef291bdbdabd5779860a9dac095bdb774cc930b18dec6f9c7bf13df75550d2
W4_Q32,STRUCT_R2,10,6,10515667,176590,0,0,130,2,260,1058,38,1007,31,132,068ad024181661f75503372002890dd704cd730c5fc591fd65590a6d532c145d
W3_d3,OFF,10,6,1254172,3185,0,0,12,8,42,16,14,46,8,20,d0de00aa950042ce2df3a1aacd87b83395b88f62201b4b0ee4f6f67dba5bbb2b
W2_Q08,STRUCT,10,6,584772,2037,0,0,10,2,28,10,6,15,4,12,e121069670786ba8fbe3100d624a17638d4611a34b02647058710f2e3db6a9c9
W5_Q04,STRUCT_R2,10,6,321514,3167,0,0,12,0,12,4,10,34,4,12,233b80e0525d1c617459998a8c1e1bc9855a2c2b10f43c6fd42648b8adae0248
W3_d1,STRUCT_R2,10,6,584307,2334,0,0,10,2,28,10,6,15,4,12,a54c74b256ab2c5cf00e4072ff680215ee9ddba8ea28d33e07bfd46dd0370227
W5_Q16,ALGSTRUCT,10,6,1062933,7574,0,0,48,0,48,16,34,130,4,48,15f4ec0f61204d6ef15a655140c1c86c7248fc9deed8e4c09ef3081b8b94fb64
W6_Q04,STRUCT,10,6,418977,2148,0,0,6,2,16,6,6,15,5,8,463695b346924b3ce3bfd76bc311a5cc5d47fb033482cc22912fc407e8f09fdf
W8_Q04,ALGSTRUCT,10,6,1353799,7797,4,1,17,1,31,166,10,168,63,18,1ff2b9471d9cd2dd9078b74afc728460463e46c3102cf6da6b805d7f73e4899a
W8_Q16,STRUCT,10,6,1890759,8703,0,0,29,2,72,179,11,169,63,31,75d1b16c15c201143eb0f00e84429326ead193544062ed0323b47e7914fd575d
W9_Q02,ALGSTRUCT,10,6,644955,5149,0,1,4,1,5,80,4,4,1,5,a250745debd6fd7cf3585f94dfa2ad7178c8b7c572e5ce15f0467c48475c0e9a
W4_Q08,OFF,10,6,2050515,15593,0,0,34,2,68,266,14,263,31,36,310b652f3a487a64261e67b69ca4bd659f7cd91c74be37afd64d6187457e8bdc
W3_d1,OFF,10,6,461309,2241,0,0,10,2,28,10,6,15,4,12,a54c74b256ab2c5cf00e4072ff680215ee9ddba8ea28d33e07bfd46dd0370227
W7_Q01,OFF,10,6,163091,1796,0,0,5,0,7,3,6,15,4,5,70f8123fffd2af37d12a00e22d9841098c66a489d4953aae174ab2cb5014e5d7
W8_Q08,STRUCT_R1,10,6,1665779,5981,8,0,21,1,39,170,10,168,63,22,dfb50a16d91192e00318e4ac61c06d5403d37554d2e61726115b9e5e96a90617
W9_Q01,OFF,10,6,306219,6314,0,0,3,0,3,48,4,4,1,3,6e63c0dab5f8b29ef9d1440bcd3711746464b7521a4243c8d32e03504a6224d2
W3_d3,STRUCT,10,6,1774480,4501,0,0,12,8,42,16,14,46,8,20,d0de00aa950042ce2df3a1aacd87b83395b88f62201b4b0ee4f6f67dba5bbb2b
W2_Q01,ALGSTRUCT,10,6,317886,1648,1,0,3,1,5,2,5,14,4,4,2474f5c3c44c2292e8653ad95f4f21ec80fa6c72b730d7761807baa6c04c0270
W5_Q08,ALGSTRUCT,10,6,612789,5852,0,0,24,0,24,8,18,66,4,24,1ec99f8159a9bf9f7216cbde66142ab941580d932ab53b67181d9941e08515a5
W8_Q02,STRUCT_R1,10,6,1403744,7093,2,0,15,1,27,164,10,168,63,16,652ea2e2db2a8b59e1a2373d0aa09bb6194a7176cb3cd104297a14f7ef235e6b
W4_Q01,STRUCT,10,6,537272,3703,0,0,6,2,12,35,7,46,31,8,c1c4e28384d704fc6572f4a795b1b9dcd23dd585446058743d09154ee63f83a5
W6_Q08,ALGSTRUCT,10,6,678455,2871,0,0,10,2,28,10,6,15,5,12,0d426ef82e54bf37e16bebf86ad11b160059eb28202264ca816d50ab17a2aa06
W2_Q32,STRUCT_R2,10,6,1925888,4647,0,0,34,2,100,34,6,15,4,36,ead1d2e3154b72c47159b745145cb82392c282dcdeeba0e877b2291c8ed45d37
W5_Q04,STRUCT_R1,10,6,331995,2649,0,0,12,0,12,4,10,34,4,12,233b80e0525d1c617459998a8c1e1bc9855a2c2b10f43c6fd42648b8adae0248
W7_Q08,ALGSTRUCT,10,6,425700,2314,0,0,12,0,28,10,6,15,4,12,d13ad2add4e1d9cb21c441a8963ffbcf5f462a05d4f61331fa56b7c117fe58d1
W6_Q32,OFF,10,6,1560983,3593,0,0,34,2,100,34,6,15,5,36,e27ba2fd4a248e13e86f6fd51f6578ca7bbe37b27fb6c62f3d2e37c16ce58156
W2_Q04,STRUCT_R1,10,6,424366,1797,4,0,6,1,11,5,5,14,4,7,e3e1c95caf3c6465ad04568b51f69fe26be853a4ad44521756f63edd123351f8
W5_Q04,OFF,10,6,243980,2628,0,0,12,0,12,4,10,34,4,12,233b80e0525d1c617459998a8c1e1bc9855a2c2b10f43c6fd42648b8adae0248
W9_Q02,STRUCT_R1,10,6,491587,5074,0,0,4,0,6,96,4,4,1,4,f59554bf6b558dac39020afcdc9d3261e3c200f0f612cb6818827b31bbda0408
W4_Q08,STRUCT_R2,10,6,2399843,19353,0,0,34,2,68,266,14,263,31,36,310b652f3a487a64261e67b69ca4bd659f7cd91c74be37afd64d6187457e8bdc
W5_Q32,STRUCT,10,6,2404808,24462,0,0,96,0,96,32,66,258,4,96,ad908136f049b66ae4b1e1c3f252d7a2ebead009fab3f7177d4babd24fcbec6a
W3_d3,ALGSTRUCT,10,6,1513059,2944,10,0,12,5,29,13,11,43,8,17,16f1a8e88d7f920d91f3a177d0789d4761bf8768a0ac71ebce1f9f2282714954
W9_Q08,STRUCT,10,6,1566148,7002,0,0,10,2,14,224,4,4,1,12,4c97cc82f3dbf6bc2a6de325d199b0cb65ffca732846069f84ea5618bb19fcfd
W2_Q16,STRUCT,10,6,1020861,2906,0,0,18,2,52,18,6,15,4,20,f53a43e02a6f7be38b5d23a92cce7a6f0c7e7deac086e97841ea021c93a5a893
W2_Q02,STRUCT_R1,10,6,378404,1926,2,0,4,1,7,3,5,14,4,5,d8adac9423435c6f23a5e314f4d31430db516714fee41508dcac1bc6af0e6f0c
W6_Q04,STRUCT_R2,10,6,491734,3149,0,0,6,2,16,6,6,15,5,8,463695b346924b3ce3bfd76bc311a5cc5d47fb033482cc22912fc407e8f09fdf
W3_d2,STRUCT_R2,10,6,981583,2684,0,0,11,5,35,13,10,29,5,16,bb512a3ef0db77c97656c90a9544f5958e4b52748f6a43bfdbc34ec450c82e91
W6_Q32,STRUCT_R2,10,6,1906960,4075,0,0,34,2,100,34,6,15,5,36,e27ba2fd4a248e13e86f6fd51f6578ca7bbe37b27fb6c62f3d2e37c16ce58156
W7_Q16,ALGSTRUCT,10,6,673586,2685,0,0,20,0,52,18,6,15,4,20,352ecf90b67b0a72cf480d5f2990d3ea8f45c0a65a2644e7a858b4f181627dcb
W9_Q01,STRUCT,10,6,352292,5463,0,0,3,0,3,48,4,4,1,3,6e63c0dab5f8b29ef9d1440bcd3711746464b7521a4243c8d32e03504a6224d2
W7_Q16,STRUCT,10,6,624752,2482,0,0,20,0,52,18,6,15,4,20,352ecf90b67b0a72cf480d5f2990d3ea8f45c0a65a2644e7a858b4f181627dcb
W3_d3,STRUCT_R2,10,6,1403002,2631,0,0,12,8,42,16,14,46,8,20,d0de00aa950042ce2df3a1aacd87b83395b88f62201b4b0ee4f6f67dba5bbb2b
W7_Q08,STRUCT_R2,10,6,399847,1760,0,0,12,0,28,10,6,15,4,12,d13ad2add4e1d9cb21c441a8963ffbcf5f462a05d4f61331fa56b7c117fe58d1
W2_Q32,ALGSTRUCT,10,6,2343846,4111,32,0,34,1,67,33,5,14,4,35,aa6152b6f2b2227ea71db0831b5f58d2dce2bdcb6db5c4bb5d1fb235d1201ed1
W8_Q32,STRUCT_R1,10,6,4060198,13555,32,0,45,1,87,194,10,168,63,46,45e69b1796e998f7df6d485c516cc0751375b53ec01f0a7673d473a9ec217a0e
W5_Q02,ALGSTRUCT,10,6,226015,1723,0,0,6,0,6,2,6,18,4,6,e7741c936508103b2af3b934e316124eac7bac4773e716fb634bafee4047c0e4
W5_Q02,STRUCT,10,6,230998,1611,0,0,6,0,6,2,6,18,4,6,e7741c936508103b2af3b934e316124eac7bac4773e716fb634bafee4047c0e4
W8_Q02,OFF,10,6,826269,5296,0,0,15,2,30,165,11,169,63,17,ab8e72a97eeddaf640fa9d87846837b35913b3b9a7916818e4653a499fd7cc9a
W5_Q02,OFF,10,6,156998,1685,0,0,6,0,6,2,6,18,4,6,e7741c936508103b2af3b934e316124eac7bac4773e716fb634bafee4047c0e4
W6_Q16,OFF,10,6,797010,2481,0,0,18,2,52,18,6,15,5,20,bb0755604375307ff8e5fd09781b80b224d9ab98fa75fb51387fe44cb24e3726
W1,STRUCT_R2,10,6,263702,1517,0,0,3,2,7,3,6,15,4,5,4b26ed307e0166f8d1fa59ea1e874899e41c5fd882be9ef62f84eb3685bb70b7
W6_Q32,STRUCT,10,6,1908239,3722,0,0,34,2,100,34,6,15,5,36,e27ba2fd4a248e13e86f6fd51f6578ca7bbe37b27fb6c62f3d2e37c16ce58156
W6_Q01,OFF,10,6,197405,1649,0,0,3,2,7,3,6,15,5,5,ef852aa19070a90d167a6fc211683b2bbb6401671f4212d90e23806d1620b62f
W7_Q04,STRUCT_R2,10,6,286905,2018,0,0,8,0,16,6,6,15,4,8,64eb05b2d681af147811cd64dc0e11be812cb48952e297a71fcf6d3c013ba4a0
W8_Q02,STRUCT_R2,10,6,1060377,5630,0,1,15,2,30,165,11,169,63,17,ab8e72a97eeddaf640fa9d87846837b35913b3b9a7916818e4653a499fd7cc9a
W6_Q01,STRUCT_R1,10,6,268551,1409,0,0,3,2,7,3,6,15,5,5,ef852aa19070a90d167a6fc211683b2bbb6401671f4212d90e23806d1620b62f
W7_Q02,OFF,10,6,171110,1684,0,0,6,0,10,4,6,15,4,6,b1d2efac79748ca32ad60ca241d894721be3c3795c13e31e47e01dad1cb5a5f1
W8_Q04,OFF,10,6,936675,5167,0,0,17,2,36,167,11,169,63,19,683043cf53c296ea0d43a0c383a5a5aa5dfae2adbc542c677c919239829da206
W2_Q04,OFF,10,6,310737,1834,0,0,6,2,16,6,6,15,4,8,b8312387bf162a1452336c9e9e40ef1298c4a5b22cc87b54f4215f6e91104b3c
W5_Q32,STRUCT_R2,10,6,1996719,9371,0,0,96,0,96,32,66,258,4,96,ad908136f049b66ae4b1e1c3f252d7a2ebead009fab3f7177d4babd24fcbec6a
W8_Q01,STRUCT_R2,10,6,1013823,6203,0,1,14,2,27,164,11,169,63,16,7b06ec78e125033330eb86a638ef113771be6d17e66ade996d2cadaa30e562a7
W4_Q04,OFF,10,6,1053544,6926,0,0,18,2,36,134,10,139,31,20,fd25718cb278dfe33c1131161ba4977814e08de24bd73801325a42bf895b4b90
W7_Q02,ALGSTRUCT,10,6,252794,1315,0,0,6,0,10,4,6,15,4,6,b1d2efac79748ca32ad60ca241d894721be3c3795c13e31e47e01dad1cb5a5f1
W6_Q16,ALGSTRUCT,10,6,1012897,1963,0,0,18,2,52,18,6,15,5,20,bb0755604375307ff8e5fd09781b80b224d9ab98fa75fb51387fe44cb24e3726
W4_Q16,ALGSTRUCT,10,6,7110221,25796,16,0,66,1,115,529,21,510,31,67,c4cb6b036cc3a61a0d0502a6d94307b09dd7e159ba9b445a83ebed14f5c8ebe1
W9_Q16,ALGSTRUCT,10,6,2620325,7407,0,8,18,1,19,304,4,4,1,19,44cdb1eb48242e36e60587a8e97fc1204f774ee018380c18a625f9abe3ce3ce8
W5_Q02,STRUCT_R1,10,6,234294,1519,0,0,6,0,6,2,6,18,4,6,e7741c936508103b2af3b934e316124eac7bac4773e716fb634bafee4047c0e4
W4_Q01,STRUCT_R2,10,6,440737,2462,0,0,6,2,12,35,7,46,31,8,c1c4e28384d704fc6572f4a795b1b9dcd23dd585446058743d09154ee63f83a5
W2_Q08,STRUCT_R2,10,6,570012,1741,0,0,10,2,28,10,6,15,4,12,e121069670786ba8fbe3100d624a17638d4611a34b02647058710f2e3db6a9c9
W5_Q16,OFF,10,6,856121,5907,0,0,48,0,48,16,34,130,4,48,15f4ec0f61204d6ef15a655140c1c86c7248fc9deed8e4c09ef3081b8b94fb64
W9_Q16,STRUCT_R2,10,6,2635695,8777,0,8,18,1,19,304,4,4,1,19,44cdb1eb48242e36e60587a8e97fc1204f774ee018380c18a625f9abe3ce3ce8
W5_Q32,ALGSTRUCT,10,6,2127402,9593,0,0,96,0,96,32,66,258,4,96,ad908136f049b66ae4b1e1c3f252d7a2ebead009fab3f7177d4babd24fcbec6a
W1,ALGSTRUCT,10,6,276238,1351,1,0,3,1,5,2,5,14,4,4,ddbc64bc70e115337e04b3ee4eac0b96e81aea703c916cfeea2e2366190e3210
W4_Q16,STRUCT_R1,10,6,7066426,25702,16,0,66,1,115,529,21,510,31,67,c4cb6b036cc3a61a0d0502a6d94307b09dd7e159ba9b445a83ebed14f5c8ebe1
W6_Q32,ALGSTRUCT,10,6,1937517,3740,0,0,34,2,100,34,6,15,5,36,e27ba2fd4a248e13e86f6fd51f6578ca7bbe37b27fb6c62f3d2e37c16ce58156
W4_Q08,STRUCT_R1,10,6,2956524,13259,8,0,34,1,59,265,13,262,31,35,0d7db8d8f19881c77c6e7cd19e1f9d024ea9973fae56dbdbc00db2eeaa790340
W5_Q01,OFF,10,6,128441,1872,0,0,3,0,3,1,4,10,4,3,7528d1a80da7ce6bed6c3efbaad136c6b237adf54f46f512a5fe79019bfef2ec
W9_Q04,OFF,10,6,614697,4667,0,0,6,0,12,192,4,4,1,6,6dad93323aff1013501fa90b58e0e48741ec6d807386799264c78a900e9e11d0
W5_Q16,STRUCT_R1,10,6,1014397,5611,0,0,48,0,48,16,34,130,4,48,15f4ec0f61204d6ef15a655140c1c86c7248fc9deed8e4c09ef3081b8b94fb64
W4_Q32,STRUCT,10,6,9785285,64462,0,0,130,2,260,1058,38,1007,31,132,068ad024181661f75503372002890dd704cd730c5fc591fd65590a6d532c145d
W6_Q08,STRUCT_R2,10,6,565512,1852,0,0,10,2,28,10,6,15,5,12,0d426ef82e54bf37e16bebf86ad11b160059eb28202264ca816d50ab17a2aa06
W3_d2,OFF,10,6,783825,2519,0,0,11,5,35,13,10,29,5,16,bb512a3ef0db77c97656c90a9544f5958e4b52748f6a43bfdbc34ec450c82e91
W7_Q01,STRUCT_R2,10,6,217664,1741,0,0,5,0,7,3,6,15,4,5,70f8123fffd2af37d12a00e22d9841098c66a489d4953aae174ab2cb5014e5d7
W1,STRUCT_R1,10,6,271609,1333,1,0,3,1,5,2,5,14,4,4,ddbc64bc70e115337e04b3ee4eac0b96e81aea703c916cfeea2e2366190e3210
W9_Q04,STRUCT,10,6,1093360,5166,0,0,6,2,10,160,4,4,1,8,a25fcd6d9b6930c5a5e472a5d4b9da9d0423cec22fe64a49a0e3364286ad6c7b
W8_Q01,ALGSTRUCT,10,6,1095822,5519,1,1,14,1,25,163,10,168,63,15,fdd35fe24122be542f9944d55e73c67d2cd28afd3fd1ff25e723a080e5d2dad8
W8_Q32,ALGSTRUCT,10,6,3840459,8407,32,1,45,1,87,194,10,168,63,46,45e69b1796e998f7df6d485c516cc0751375b53ec01f0a7673d473a9ec217a0e
W4_Q01,STRUCT_R1,10,6,491735,2389,1,0,6,1,10,34,6,45,31,7,2a2742010b3f20f3e0b7616f059bcf47256e350d22af5b1d3a055aa5eee736e9
W2_Q16,STRUCT_R1,10,6,1034155,2222,16,0,18,1,35,17,5,14,4,19,6874ea3fe8a08c7af5d8752f9a4557e5d01bc066a937913a1e427661cbb540c4
W2_Q04,ALGSTRUCT,10,6,411013,1649,4,0,6,1,11,5,5,14,4,7,e3e1c95caf3c6465ad04568b51f69fe26be853a4ad44521756f63edd123351f8
W5_Q04,STRUCT,10,6,313976,2020,0,0,12,0,12,4,10,34,4,12,233b80e0525d1c617459998a8c1e1bc9855a2c2b10f43c6fd42648b8adae0248
W8_Q08,STRUCT_R2,10,6,1441781,6130,0,1,21,2,48,171,11,169,63,23,6202056e7f9106d89fc2c03650e5a38d69f704cc369ba9e689bf413e5f7173e1
W2_Q32,STRUCT_R1,10,6,2222384,3000,32,0,34,1,67,33,5,14,4,35,aa6152b6f2b2227ea71db0831b5f58d2dce2bdcb6db5c4bb5d1fb235d1201ed1
W8_Q16,OFF,10,6,1497299,6537,0,0,29,2,72,179,11,169,63,31,75d1b16c15c201143eb0f00e84429326ead193544062ed0323b47e7914fd575d
W6_Q16,STRUCT_R2,10,6,964324,2407,0,0,18,2,52,18,6,15,5,20,bb0755604375307ff8e5fd09781b80b224d9ab98fa75fb51387fe44cb24e3726
W8_Q08,OFF,10,6,1163283,6074,0,0,21,2,48,171,11,169,63,23,6202056e7f9106d89fc2c03650e5a38d69f704cc369ba9e689bf413e5f7173e1
W9_Q08,STRUCT_R2,10,6,1449891,5889,0,4,10,1,11,176,4,4,1,11,f0aee4c6a6b6511ecbc27f2fc4ef3f688cd044d5f143461208ceed4e1cea64ae
W7_Q08,STRUCT,10,6,405069,1963,0,0,12,0,28,10,6,15,4,12,d13ad2add4e1d9cb21c441a8963ffbcf5f462a05d4f61331fa56b7c117fe58d1
W7_Q32,ALGSTRUCT,10,6,1162729,2888,0,0,36,0,100,34,6,15,4,36,6bdf3735d7ed12e047353d97f7fd342934c808ba421573c6cd2474dd612f37b1
W7_Q02,STRUCT_R2,10,6,245627,1760,0,0,6,0,10,4,6,15,4,6,b1d2efac79748ca32ad60ca241d894721be3c3795c13e31e47e01dad1cb5a5f1
W4_Q02,ALGSTRUCT,10,6,792306,3667,2,0,10,1,17,67,7,76,31,11,056c94f2139c9e918446fe4f786e56b203a4febdd7cdb7d162e2b0323db5a772
W7_Q02,STRUCT_R1,10,6,248978,1260,0,0,6,0,10,4,6,15,4,6,b1d2efac79748ca32ad60ca241d894721be3c3795c13e31e47e01dad1cb5a5f1
W4_Q04,ALGSTRUCT,10,6,1472633,6759,4,0,18,1,31,133,9,138,31,19,fc880fdc081349aa9e95db821628814a11fa6271dfea15fd511d230a5fbbf819
W4_Q01,ALGSTRUCT,10,6,490772,2241,1,0,6,1,10,34,6,45,31,7,2a2742010b3f20f3e0b7616f059bcf47256e350d22af5b1d3a055aa5eee736e9
W8_Q02,STRUCT,10,6,1047045,5759,0,0,15,2,30,165,11,169,63,17,ab8e72a97eeddaf640fa9d87846837b35913b3b9a7916818e4653a499fd7cc9a
W9_Q16,OFF,10,6,1721481,8926,0,0,18,0,48,768,4,4,1,18,43b7f4efcb619e6e3fc5fc66e7827f4bb8130a24a5905f5ce4efe6114dbfdbd3
W2_Q32,OFF,10,6,1525205,3816,0,0,34,2,100,34,6,15,4,36,ead1d2e3154b72c47159b745145cb82392c282dcdeeba0e877b2291c8ed45d37
W7_Q04,STRUCT_R1,10,6,293848,1630,0,0,8,0,16,6,6,15,4,8,64eb05b2d681af147811cd64dc0e11be812cb48952e297a71fcf6d3c013ba4a0
W2_Q16,OFF,10,6,792823,2687,0,0,18,2,52,18,6,15,4,20,f53a43e02a6f7be38b5d23a92cce7a6f0c7e7deac086e97841ea021c93a5a893
W5_Q01,ALGSTRUCT,10,6,189277,1129,0,0,3,0,3,1,4,10,4,3,7528d1a80da7ce6bed6c3efbaad136c6b237adf54f46f512a5fe79019bfef2ec
W7_Q16,STRUCT_R1,10,6,621772,2092,0,0,20,0,52,18,6,15,4,20,352ecf90b67b0a72cf480d5f2990d3ea8f45c0a65a2644e7a858b4f181627dcb
W9_Q02,OFF,10,6,340682,4426,0,0,4,0,6,96,4,4,1,4,f59554bf6b558dac39020afcdc9d3261e3c200f0f612cb6818827b31bbda0408
W7_Q32,OFF,10,6,889805,2907,0,0,36,0,100,34,6,15,4,36,6bdf3735d7ed12e047353d97f7fd342934c808ba421573c6cd2474dd612f37b1
W2_Q01,OFF,10,6,195313,1592,0,0,3,2,7,3,6,15,4,5,fb4f50a52888382fd35dda056767f1188dd59b0b7db5fbe2928a5afbf6bf9f5b
W4_Q02,STRUCT_R1,10,6,775861,3612,2,0,10,1,17,67,7,76,31,11,056c94f2139c9e918446fe4f786e56b203a4febdd7cdb7d162e2b0323db5a772
W4_Q16,STRUCT,10,6,4725857,27184,0,0,66,2,132,530,22,511,31,68,7fbae5656c303ca065341c5db14fa3ef41fb196c82f59bb1c789e1f7b78b0f7a
W8_Q16,ALGSTRUCT,10,6,2190885,6833,16,1,29,1,55,178,10,168,63,30,d68e12eaec95eadd08fb1ce8e6c0dcfc893de77e4c3d4f5a64bb4b4ee29b64b3
W5_Q01,STRUCT_R2,10,6,185774,1538,0,0,3,0,3,1,4,10,4,3,7528d1a80da7ce6bed6c3efbaad136c6b237adf54f46f512a5fe79019bfef2ec
W7_Q01,ALGSTRUCT,10,6,230478,1427,0,0,5,0,7,3,6,15,4,5,70f8123fffd2af37d12a00e22d9841098c66a489d4953aae174ab2cb5014e5d7
W3_d2,STRUCT_R1,10,6,970952,2019,9,0,11,3,24,11,8,27,5,14,b3a60a0bc9bb1633f8ca67743fa2b43eea5f58f8a512cbf173b181d8c20dfa68
W5_Q16,STRUCT,10,6,982230,5259,0,0,48,0,48,16,34,130,4,48,15f4ec0f61204d6ef15a655140c1c86c7248fc9deed8e4c09ef3081b8b94fb64
W5_Q04,ALGSTRUCT,10,6,321646,1740,0,0,12,0,12,4,10,34,4,12,233b80e0525d1c617459998a8c1e1bc9855a2c2b10f43c6fd42648b8adae0248
W5_Q02,STRUCT_R2,10,6,222719,1575,0,0,6,0,6,2,6,18,4,6,e7741c936508103b2af3b934e316124eac7bac4773e716fb634bafee4047c0e4
W5_Q01,STRUCT_R1,10,6,186035,1296,0,0,3,0,3,1,4,10,4,3,7528d1a80da7ce6bed6c3efbaad136c6b237adf54f46f512a5fe79019bfef2ec
W9_Q02,STRUCT_R2,10,6,637846,5295,0,1,4,1,5,80,4,4,1,5,a250745debd6fd7cf3585f94dfa2ad7178c8b7c572e5ce15f0467c48475c0e9a
W4_Q16,OFF,10,6,4170122,27296,0,0,66,2,132,530,22,511,31,68,7fbae5656c303ca065341c5db14fa3ef41fb196c82f59bb1c789e1f7b78b0f7a
W9_Q32,ALGSTRUCT,10,6,5073557,12574,0,16,34,1,35,560,4,4,1,35,678046e55883cc9fe207429daab5f5da66bcc2178ee01574697097ddff7f102c
W3_d2,STRUCT,10,6,947655,2168,0,0,11,5,35,13,10,29,5,16,bb512a3ef0db77c97656c90a9544f5958e4b52748f6a43bfdbc34ec450c82e91
W6_Q02,STRUCT_R1,10,6,315126,1537,0,0,4,2,10,4,6,15,5,6,d26b7c6c44eb2ae1342ad0eacde318e4485f70f1e0c22f44dc171d7c0f11f2c5
W6_Q01,STRUCT,10,6,260107,1353,0,0,3,2,7,3,6,15,5,5,ef852aa19070a90d167a6fc211683b2bbb6401671f4212d90e23806d1620b62f
W6_Q04,OFF,10,6,309199,1538,0,0,6,2,16,6,6,15,5,8,463695b346924b3ce3bfd76bc311a5cc5d47fb033482cc22912fc407e8f09fdf
W8_Q32,STRUCT_R2,10,6,2783361,8424,0,1,45,2,120,195,11,169,63,47,257e33fe42ff72054f90b0755280d3b57f6dc95e0ff488350c7a08c8fa00e255
W4_Q32,STRUCT_R1,10,6,18425730,54981,32,0,130,1,227,1057,37,1006,31,131,4a5be56a553c6df341c1f260562041444c20a964d5f4f3916c7966ddd0bae2e9
W9_Q01,ALGSTRUCT,10,6,341553,3702,0,0,3,0,3,48,4,4,1,3,6e63c0dab5f8b29ef9d1440bcd3711746464b7521a4243c8d32e03504a6224d2
W2_Q32,STRUCT,10,6,1836276,3111,0,0,34,2,100,34,6,15,4,36,ead1d2e3154b72c47159b745145cb82392c282dcdeeba0e877b2291c8ed45d37
W6_Q16,STRUCT_R1,10,6,1010138,2407,0,0,18,2,52,18,6,15,5,20,bb0755604375307ff8e5fd09781b80b224d9ab98fa75fb51387fe44cb24e3726
W8_Q01,OFF,10,6,790880,6075,0,0,14,2,27,164,11,169,63,16,7b06ec78e125033330eb86a638ef113771be6d17e66ade996d2cadaa30e562a7
W7_Q08,OFF,10,6,291978,1648,0,0,12,0,28,10,6,15,4,12,d13ad2add4e1d9cb21c441a8963ffbcf5f462a05d4f61331fa56b7c117fe58d1
W4_Q04,STRUCT_R2,10,6,1227728,6833,0,0,18,2,36,134,10,139,31,20,fd25718cb278dfe33c1131161ba4977814e08de24bd73801325a42bf895b4b90
W8_Q02,ALGSTRUCT,10,6,1150081,5148,2,1,15,1,27,164,10,168,63,16,652ea2e2db2a8b59e1a2373d0aa09bb6194a7176cb3cd104297a14f7ef235e6b
W7_Q32,STRUCT_R2,10,6,1109339,3093,0,0,36,0,100,34,6,15,4,36,6bdf3735d7ed12e047353d97f7fd342934c808ba421573c6cd2474dd612f37b1
W2_Q01,STRUCT_R2,10,6,258905,1426,0,0,3,2,7,3,6,15,4,5,fb4f50a52888382fd35dda056767f1188dd59b0b7db5fbe2928a5afbf6bf9f5b
W2_Q02,STRUCT_R2,10,6,309663,1575,0,0,4,2,10,4,6,15,4,6,002b88cffa362a25f201c7342c0d49bad4cd7fb10998ad8823a39c11beee6d88
W5_Q08,STRUCT_R1,10,6,539531,3167,0,0,24,0,24,8,18,66,4,24,1ec99f8159a9bf9f7216cbde66142ab941580d932ab53b67181d9941e08515a5
W2_Q04,STRUCT_R2,10,6,403921,1630,0,0,6,2,16,6,6,15,4,8,b8312387bf162a1452336c9e9e40ef1298c4a5b22cc87b54f4215f6e91104b3c
W9_Q08,ALGSTRUCT,10,6,1456856,5184,0,4,10,1,11,176,4,4,1,11,f0aee4c6a6b6511ecbc27f2fc4ef3f688cd044d5f143461208ceed4e1cea64ae
W4_Q08,ALGSTRUCT,10,6,2964784,13499,8,0,34,1,59,265,13,262,31,35,0d7db8d8f19881c77c6e7cd19e1f9d024ea9973fae56dbdbc00db2eeaa790340
W4_Q01,OFF,10,6,361570,2463,0,0,6,2,12,35,7,46,31,8,c1c4e28384d704fc6572f4a795b1b9dcd23dd585446058743d09154ee63f83a5
W7_Q04,OFF,10,6,210332,2036,0,0,8,0,16,6,6,15,4,8,64eb05b2d681af147811cd64dc0e11be812cb48952e297a71fcf6d3c013ba4a0
W2_Q08,STRUCT_R1,10,6,576974,1649,8,0,10,1,19,9,5,14,4,11,28ef291bdbdabd5779860a9dac095bdb774cc930b18dec6f9c7bf13df75550d2
W9_Q02,STRUCT,10,6,478105,4797,0,0,4,0,6,96,4,4,1,4,f59554bf6b558dac39020afcdc9d3261e3c200f0f612cb6818827b31bbda0408
W9_Q01,STRUCT_R2,10,6,351700,4519,0,0,3,0,3,48,4,4,1,3,6e63c0dab5f8b29ef9d1440bcd3711746464b7521a4243c8d32e03504a6224d2
W6_Q04,ALGSTRUCT,10,6,417662,1815,0,0,6,2,16,6,6,15,5,8,463695b346924b3ce3bfd76bc311a5cc5d47fb033482cc22912fc407e8f09fdf
W6_Q02,STRUCT_R2,10,6,313255,1760,0,0,4,2,10,4,6,15,5,6,d26b7c6c44eb2ae1342ad0eacde318e4485f70f1e0c22f44dc171d7c0f11f2c5
W4_Q08,STRUCT,10,6,2292827,13204,0,0,34,2,68,266,14,263,31,36,310b652f3a487a64261e67b69ca4bd659f7cd91c74be37afd64d6187457e8bdc
W7_Q04,ALGSTRUCT,10,6,297608,1371,0,0,8,0,16,6,6,15,4,8,64eb05b2d681af147811cd64dc0e11be812cb48952e297a71fcf6d3c013ba4a0
W5_Q16,STRUCT_R2,10,6,972174,4556,0,0,48,0,48,16,34,130,4,48,15f4ec0f61204d6ef15a655140c1c86c7248fc9deed8e4c09ef3081b8b94fb64
W2_Q02,STRUCT,10,6,308775,1629,0,0,4,2,10,4,6,15,4,6,002b88cffa362a25f201c7342c0d49bad4cd7fb10998ad8823a39c11beee6d88
W6_Q01,STRUCT_R2,10,6,258090,1611,0,0,3,2,7,3,6,15,5,5,ef852aa19070a90d167a6fc211683b2bbb6401671f4212d90e23806d1620b62f
W8_Q04,STRUCT,10,6,1183229,6111,0,0,17,2,36,167,11,169,63,19,683043cf53c296ea0d43a0c383a5a5aa5dfae2adbc542c677c919239829da206
W4_Q32,OFF,10,6,8640299,86405,0,0,130,2,260,1058,38,1007,31,132,068ad024181661f75503372002890dd704cd730c5fc591fd65590a6d532c145d
W6_Q08,STRUCT_R1,10,6,577604,1871,0,0,10,2,28,10,6,15,5,12,0d426ef82e54bf37e16bebf86ad11b160059eb28202264ca816d50ab17a2aa06
W9_Q16,STRUCT_R1,10,6,2745637,9482,0,0,18,2,22,352,4,4,1,20,ff9866380da95df98e4375770d21fe162b02c0b8b05b75e939b18d0d711c4c04
W6_Q02,OFF,10,6,237387,1685,0,0,4,2,10,4,6,15,5,6,d26b7c6c44eb2ae1342ad0eacde318e4485f70f1e0c22f44dc171d7c0f11f2c5
W9_Q04,STRUCT_R1,10,6,1108377,5796,0,0,6,2,10,160,4,4,1,8,a25fcd6d9b6930c5a5e472a5d4b9da9d0423cec22fe64a49a0e3364286ad6c7b
W4_Q32,ALGSTRUCT,10,6,18313211,53889,32,0,130,1,227,1057,37,1006,31,131,4a5be56a553c6df341c1f260562041444c20a964d5f4f3916c7966ddd0bae2e9
W9_Q16,STRUCT,10,6,2749045,9352,0,0,18,2,22,352,4,4,1,20,ff9866380da95df98e4375770d21fe162b02c0b8b05b75e939b18d0d711c4c04
W9_Q01,STRUCT_R1,10,6,337977,3871,0,0,3,0,3,48,4,4,1,3,6e63c0dab5f8b29ef9d1440bcd3711746464b7521a4243c8d32e03504a6224d2
W8_Q32,STRUCT,10,6,2795157,7887,0,0,45,2,120,195,11,169,63,47,257e33fe42ff72054f90b0755280d3b57f6dc95e0ff488350c7a08c8fa00e255
W4_Q02,STRUCT,10,6,684754,3758,0,0,10,2,20,68,8,77,31,12,c082fb0620ac05b05065135ca996c9564b57d8a79b47964aa54b86c16cd0659f
W8_Q08,STRUCT,10,6,1431152,6073,0,0,21,2,48,171,11,169,63,23,6202056e7f9106d89fc2c03650e5a38d69f704cc369ba9e689bf413e5f7173e1
W7_Q04,STRUCT,10,6,290090,1758,0,0,8,0,16,6,6,15,4,8,64eb05b2d681af147811cd64dc0e11be812cb48952e297a71fcf6d3c013ba4a0
W4_Q16,STRUCT_R2,10,6,4719597,27371,0,0,66,2,132,530,22,511,31,68,7fbae5656c303ca065341c5db14fa3ef41fb196c82f59bb1c789e1f7b78b0f7a
W5_Q08,STRUCT_R2,10,6,519587,2870,0,0,24,0,24,8,18,66,4,24,1ec99f8159a9bf9f7216cbde66142ab941580d932ab53b67181d9941e08515a5
W8_Q01,STRUCT_R1,10,6,1093618,5907,1,0,14,1,25,163,10,168,63,15,fdd35fe24122be542f9944d55e73c67d2cd28afd3fd1ff25e723a080e5d2dad8
W3_d2,ALGSTRUCT,10,6,975509,1944,9,0,11,3,24,11,8,27,5,14,b3a60a0bc9bb1633f8ca67743fa2b43eea5f58f8a512cbf173b181d8c20dfa68
W5_Q32,STRUCT_R1,10,6,2089276,12572,0,0,96,0,96,32,66,258,4,96,ad908136f049b66ae4b1e1c3f252d7a2ebead009fab3f7177d4babd24fcbec6a
W7_Q08,STRUCT_R1,10,6,425291,1871,0,0,12,0,28,10,6,15,4,12,d13ad2add4e1d9cb21c441a8963ffbcf5f462a05d4f61331fa56b7c117fe58d1
W8_Q01,STRUCT,10,6,1008082,5907,0,0,14,2,27,164,11,169,63,16,7b06ec78e125033330eb86a638ef113771be6d17e66ade996d2cadaa30e562a7
W6_Q16,STRUCT,10,6,971025,2612,0,0,18,2,52,18,6,15,5,20,bb0755604375307ff8e5fd09781b80b224d9ab98fa75fb51387fe44cb24e3726
W5_Q08,OFF,10,6,436438,2927,0,0,24,0,24,8,18,66,4,24,1ec99f8159a9bf9f7216cbde66142ab941580d932ab53b67181d9941e08515a5
W2_Q04,STRUCT,10,6,404848,1759,0,0,6,2,16,6,6,15,4,8,b8312387bf162a1452336c9e9e40ef1298c4a5b22cc87b54f4215f6e91104b3c
W9_Q32,STRUCT_R1,10,6,5147519,13833,0,0,34,2,38,608,4,4,1,36,f9b4de382a62f7ddf0ae716d829e6d3204b079918eba11b5d003aed0f308e9a0
W8_Q04,STRUCT_R2,10,6,1186856,6075,0,1,17,2,36,167,11,169,63,19,683043cf53c296ea0d43a0c383a5a5aa5dfae2adbc542c677c919239829da206
W9_Q08,STRUCT_R1,10,6,1586446,7889,0,0,10,2,14,224,4,4,1,12,4c97cc82f3dbf6bc2a6de325d199b0cb65ffca732846069f84ea5618bb19fcfd
W5_Q32,OFF,10,6,1765649,11499,0,0,96,0,96,32,66,258,4,96,ad908136f049b66ae4b1e1c3f252d7a2ebead009fab3f7177d4babd24fcbec6a
W7_Q32,STRUCT_R1,10,6,1150600,3555,0,0,36,0,100,34,6,15,4,36,6bdf3735d7ed12e047353d97f7fd342934c808ba421573c6cd2474dd612f37b1
W6_Q32,STRUCT_R1,10,6,1930646,3037,0,0,34,2,100,34,6,15,5,36,e27ba2fd4a248e13e86f6fd51f6578ca7bbe37b27fb6c62f3d2e37c16ce58156
W2_Q08,OFF,10,6,445383,1853,0,0,10,2,28,10,6,15,4,12,e121069670786ba8fbe3100d624a17638d4611a34b02647058710f2e3db6a9c9
W9_Q08,OFF,10,6,900067,6072,0,0,10,0,24,384,4,4,1,10,ae43d04dfb0cf7afbfdc83558714cd1da89c64e7c6d49325a19de9764156762a
W7_Q16,OFF,10,6,476811,2462,0,0,20,0,52,18,6,15,4,20,352ecf90b67b0a72cf480d5f2990d3ea8f45c0a65a2644e7a858b4f181627dcb
W8_Q16,STRUCT_R2,10,6,1838333,7610,0,1,29,2,72,179,11,169,63,31,75d1b16c15c201143eb0f00e84429326ead193544062ed0323b47e7914fd575d
W4_Q02,OFF,10,6,576735,3907,0,0,10,2,20,68,8,77,31,12,c082fb0620ac05b05065135ca996c9564b57d8a79b47964aa54b86c16cd0659f
W2_Q16,STRUCT_R2,10,6,998080,2335,0,0,18,2,52,18,6,15,4,20,f53a43e02a6f7be38b5d23a92cce7a6f0c7e7deac086e97841ea021c93a5a893
W7_Q02,STRUCT,10,6,243756,1519,0,0,6,0,10,4,6,15,4,6,b1d2efac79748ca32ad60ca241d894721be3c3795c13e31e47e01dad1cb5a5f1
W8_Q16,STRUCT_R1,10,6,2181846,6556,16,0,29,1,55,178,10,168,63,30,d68e12eaec95eadd08fb1ce8e6c0dcfc893de77e4c3d4f5a64bb4b4ee29b64b3
W2_Q16,ALGSTRUCT,10,6,1049305,2314,16,0,18,1,35,17,5,14,4,19,6874ea3fe8a08c7af5d8752f9a4557e5d01bc066a937913a1e427661cbb540c4
W3_d3,STRUCT_R1,10,6,1385820,2480,10,0,12,5,29,13,11,43,8,17,16f1a8e88d7f920d91f3a177d0789d4761bf8768a0ac71ebce1f9f2282714954
W6_Q04,STRUCT_R1,10,6,406293,1740,0,0,6,2,16,6,6,15,5,8,463695b346924b3ce3bfd76bc311a5cc5d47fb033482cc22912fc407e8f09fdf
W4_Q02,STRUCT_R2,10,6,685510,3908,0,0,10,2,20,68,8,77,31,12,c082fb0620ac05b05065135ca996c9564b57d8a79b47964aa54b86c16cd0659f
W8_Q04,STRUCT_R1,10,6,1294097,5667,4,0,17,1,31,166,10,168,63,18,1ff2b9471d9cd2dd9078b74afc728460463e46c3102cf6da6b805d7f73e4899a
W4_Q04,STRUCT_R1,10,6,1455225,6870,4,0,18,1,31,133,9,138,31,19,fc880fdc081349aa9e95db821628814a11fa6271dfea15fd511d230a5fbbf819
W2_Q01,STRUCT,10,6,259609,1814,0,0,3,2,7,3,6,15,4,5,fb4f50a52888382fd35dda056767f1188dd59b0b7db5fbe2928a5afbf6bf9f5b
W7_Q32,STRUCT,10,6,1115933,3722,0,0,36,0,100,34,6,15,4,36,6bdf3735d7ed12e047353d97f7fd342934c808ba421573c6cd2474dd612f37b1
W2_Q01,STRUCT_R1,10,6,278053,1203,1,0,3,1,5,2,5,14,4,4,2474f5c3c44c2292e8653ad95f4f21ec80fa6c72b730d7761807baa6c04c0270
W3_d1,STRUCT,10,6,568289,1705,0,0,10,2,28,10,6,15,4,12,a54c74b256ab2c5cf00e4072ff680215ee9ddba8ea28d33e07bfd46dd0370227
W2_Q02,ALGSTRUCT,10,6,326497,1296,2,0,4,1,7,3,5,14,4,5,d8adac9423435c6f23a5e314f4d31430db516714fee41508dcac1bc6af0e6f0c
W9_Q04,STRUCT_R2,10,6,999730,4648,0,2,6,1,7,112,4,4,1,7,7e3f7232eefdc535f0f8be36c1c724fab7de36a2740821784506d96a09bd30b3
W6_Q08,STRUCT,10,6,582714,2205,0,0,10,2,28,10,6,15,5,12,0d426ef82e54bf37e16bebf86ad11b160059eb28202264ca816d50ab17a2aa06
W9_Q32,OFF,10,6,3470334,16148,0,0,34,0,96,1536,4,4,1,34,13dfd65212c03f91a3168cac28f16ba616ce21a6c4d7fb7bf5b25f0167fbc71b
W8_Q08,ALGSTRUCT,10,6,1661888,5946,8,1,21,1,39,170,10,168,63,22,dfb50a16d91192e00318e4ac61c06d5403d37554d2e61726115b9e5e96a90617
W6_Q01,ALGSTRUCT,10,6,268071,1297,0,0,3,2,7,3,6,15,5,5,ef852aa19070a90d167a6fc211683b2bbb6401671f4212d90e23806d1620b62f
W1,OFF,10,6,194962,1944,0,0,3,2,7,3,6,15,4,5,4b26ed307e0166f8d1fa59ea1e874899e41c5fd882be9ef62f84eb3685bb70b7
W7_Q16,STRUCT_R2,11,6,608473,2539,0,0,20,0,52,18,6,15,4,20,352ecf90b67b0a72cf480d5f2990d3ea8f45c0a65a2644e7a858b4f181627dcb
W5_Q16,ALGSTRUCT,11,6,1012692,5464,0,0,48,0,48,16,34,130,4,48,15f4ec0f61204d6ef15a655140c1c86c7248fc9deed8e4c09ef3081b8b94fb64
W9_Q01,STRUCT_R1,11,6,338053,3870,0,0,3,0,3,48,4,4,1,3,6e63c0dab5f8b29ef9d1440bcd3711746464b7521a4243c8d32e03504a6224d2
W9_Q16,ALGSTRUCT,11,6,2643638,8315,0,8,18,1,19,304,4,4,1,19,44cdb1eb48242e36e60587a8e97fc1204f774ee018380c18a625f9abe3ce3ce8
W4_Q08,STRUCT,11,6,2302790,13370,0,0,34,2,68,266,14,263,31,36,310b652f3a487a64261e67b69ca4bd659f7cd91c74be37afd64d6187457e8bdc
W6_Q08,ALGSTRUCT,11,6,589994,1722,0,0,10,2,28,10,6,15,5,12,0d426ef82e54bf37e16bebf86ad11b160059eb28202264ca816d50ab17a2aa06
W4_Q04,OFF,11,6,1068340,6111,0,0,18,2,36,134,10,139,31,20,fd25718cb278dfe33c1131161ba4977814e08de24bd73801325a42bf895b4b90
W5_Q02,STRUCT,11,6,223331,1611,0,0,6,0,6,2,6,18,4,6,e7741c936508103b2af3b934e316124eac7bac4773e716fb634bafee4047c0e4
W2_Q01,STRUCT_R2,11,6,263089,1612,0,0,3,2,7,3,6,15,4,5,fb4f50a52888382fd35dda056767f1188dd59b0b7db5fbe2928a5afbf6bf9f5b
W7_Q01,ALGSTRUCT,11,6,228461,1259,0,0,5,0,7,3,6,15,4,5,70f8123fffd2af37d12a00e22d9841098c66a489d4953aae174ab2cb5014e5d7
W7_Q04,STRUCT,11,6,294794,1814,0,0,8,0,16,6,6,15,4,8,64eb05b2d681af147811cd64dc0e11be812cb48952e297a71fcf6d3c013ba4a0
W9_Q02,STRUCT,11,6,492385,3962,0,0,4,0,6,96,4,4,1,4,f59554bf6b558dac39020afcdc9d3261e3c200f0f612cb6818827b31bbda0408
W7_Q32,OFF,11,6,880861,3426,0,0,36,0,100,34,6,15,4,36,6bdf3735d7ed12e047353d97f7fd342934c808ba421573c6cd2474dd612f37b1
W8_Q02,ALGSTRUCT,11,6,1154618,5258,2,1,15,1,27,164,10,168,63,16,652ea2e2db2a8b59e1a2373d0aa09bb6194a7176cb3cd104297a14f7ef235e6b
W4_Q08,OFF,11,6,1966683,11907,0,0,34,2,68,266,14,263,31,36,310b652f3a487a64261e67b69ca4bd659f7cd91c74be37afd64d6187457e8bdc
W6_Q08,STRUCT_R1,11,6,584680,1814,0,0,10,2,28,10,6,15,5,12,0d426ef82e54bf37e16bebf86ad11b160059eb28202264ca816d50ab17a2aa06
W2_Q32,ALGSTRUCT,11,6,2215680,2944,32,0,34,1,67,33,5,14,4,35,aa6152b6f2b2227ea71db0831b5f58d2dce2bdcb6db5c4bb5d1fb235d1201ed1
W3_d1,STRUCT_R1,11,6,570607,1591,8,0,10,1,19,9,5,14,4,11,51eaee63f5c885c3fa7e71093e89c7ff61bea1c09d51d95c588c39ddf452f383
W6_Q02,STRUCT_R2,11,6,311219,1574,0,0,4,2,10,4,6,15,5,6,d26b7c6c44eb2ae1342ad0eacde318e4485f70f1e0c22f44dc171d7c0f11f2c5
W9_Q32,STRUCT_R1,11,6,5188539,13943,0,0,34,2,38,608,4,4,1,36,f9b4de382a62f7ddf0ae716d829e6d3204b079918eba11b5d003aed0f308e9a0
W2_Q04,STRUCT_R1,11,6,407960,1832,4,0,6,1,11,5,5,14,4,7,e3e1c95caf3c6465ad04568b51f69fe26be853a4ad44521756f63edd123351f8
W7_Q32,STRUCT_R1,11,6,1178117,3185,0,0,36,0,100,34,6,15,4,36,6bdf3735d7ed12e047353d97f7fd342934c808ba421573c6cd2474dd612f37b1
W9_Q01,OFF,11,6,224017,3166,0,0,3,0,3,48,4,4,1,3,6e63c0dab5f8b29ef9d1440bcd3711746464b7521a4243c8d32e03504a6224d2
W9_Q04,STRUCT_R2,11,6,988507,5316,0,2,6,1,7,112,4,4,1,7,7e3f7232eefdc535f0f8be36c1c724fab7de36a2740821784506d96a09bd30b3
W9_Q01,ALGSTRUCT,11,6,339221,3480,0,0,3,0,3,48,4,4,1,3,6e63c0dab5f8b29ef9d1440bcd3711746464b7521a4243c8d32e03504a6224d2
W3_d2,STRUCT,11,6,959731,2314,0,0,11,5,35,13,10,29,5,16,bb512a3ef0db77c97656c90a9544f5958e4b52748f6a43bfdbc34ec450c82e91
W2_Q04,ALGSTRUCT,11,6,413423,1332,4,0,6,1,11,5,5,14,4,7,e3e1c95caf3c6465ad04568b51f69fe26be853a4ad44521756f63edd123351f8
W5_Q04,OFF,11,6,242701,2222,0,0,12,0,12,4,10,34,4,12,233b80e0525d1c617459998a8c1e1bc9855a2c2b10f43c6fd42648b8adae0248
W5_Q32,OFF,11,6,1763331,10539,0,0,96,0,96,32,66,258,4,96,ad908136f049b66ae4b1e1c3f252d7a2ebead009fab3f7177d4babd24fcbec6a
W4_Q08,STRUCT_R2,11,6,2319771,13056,0,0,34,2,68,266,14,263,31,36,310b652f3a487a64261e67b69ca4bd659f7cd91c74be37afd64d6187457e8bdc
W2_Q08,ALGSTRUCT,11,6,588476,1611,8,0,10,1,19,9,5,14,4,11,28ef291bdbdabd5779860a9dac095bdb774cc930b18dec6f9c7bf13df75550d2
W8_Q01,ALGSTRUCT,11,6,1098358,5186,1,1,14,1,25,163,10,168,63,15,fdd35fe24122be542f9944d55e73c67d2cd28afd3fd1ff25e723a080e5d2dad8
W3_d2,STRUCT_R1,11,6,967639,1980,9,0,11,3,24,11,8,27,5,14,b3a60a0bc9bb1633f8ca67743fa2b43eea5f58f8a512cbf173b181d8c20dfa68
W5_Q32,STRUCT_R2,11,6,1967998,13018,0,0,96,0,96,32,66,258,4,96,ad908136f049b66ae4b1e1c3f252d7a2ebead009fab3f7177d4babd24fcbec6a
W4_Q02,STRUCT_R2,11,6,693307,3759,0,0,10,2,20,68,8,77,31,12,c082fb0620ac05b05065135ca996c9564b57d8a79b47964aa54b86c16cd0659f
W3_d3,STRUCT_R2,11,6,1405504,2481,0,0,12,8,42,16,14,46,8,20,d0de00aa950042ce2df3a1aacd87b83395b88f62201b4b0ee4f6f67dba5bbb2b
W9_Q08,STRUCT,11,6,1563095,7426,0,0,10,2,14,224,4,4,1,12,4c97cc82f3dbf6bc2a6de325d199b0cb65ffca732846069f84ea5618bb19fcfd
W7_Q04,STRUCT_R2,11,6,285922,1501,0,0,8,0,16,6,6,15,4,8,64eb05b2d681af147811cd64dc0e11be812cb48952e297a71fcf6d3c013ba4a0
W6_Q16,STRUCT,11,6,974784,2187,0,0,18,2,52,18,6,15,5,20,bb0755604375307ff8e5fd09781b80b224d9ab98fa75fb51387fe44cb24e3726
W8_Q16,STRUCT,11,6,1858130,8332,0,0,29,2,72,179,11,169,63,31,75d1b16c15c201143eb0f00e84429326ead193544062ed0323b47e7914fd575d
W9_Q08,STRUCT_R2,11,6,1451985,5685,0,4,10,1,11,176,4,4,1,11,f0aee4c6a6b6511ecbc27f2fc4ef3f688cd044d5f143461208ceed4e1cea64ae
W9_Q02,STRUCT_R2,11,6,635457,4314,0,1,4,1,5,80,4,4,1,5,a250745debd6fd7cf3585f94dfa2ad7178c8b7c572e5ce15f0467c48475c0e9a
W4_Q16,ALGSTRUCT,11,6,7073648,26887,16,0,66,1,115,529,21,510,31,67,c4cb6b036cc3a61a0d0502a6d94307b09dd7e159ba9b445a83ebed14f5c8ebe1
W7_Q16,ALGSTRUCT,11,6,640807,2112,0,0,20,0,52,18,6,15,4,20,352ecf90b67b0a72cf480d5f2990d3ea8f45c0a65a2644e7a858b4f181627dcb
W7_Q08,STRUCT_R2,11,6,404663,1926,0,0,12,0,28,10,6,15,4,12,d13ad2add4e1d9cb21c441a8963ffbcf5f462a05d4f61331fa56b7c117fe58d1
W7_Q08,ALGSTRUCT,11,6,414476,1482,0,0,12,0,28,10,6,15,4,12,d13ad2add4e1d9cb21c441a8963ffbcf5f462a05d4f61331fa56b7c117fe58d1
W8_Q32,OFF,11,6,2322937,8242,0,0,45,2,120,195,11,169,63,47,257e33fe42ff72054f90b0755280d3b57f6dc95e0ff488350c7a08c8fa00e255
W5_Q16,STRUCT,11,6,983693,4537,0,0,48,0,48,16,34,130,4,48,15f4ec0f61204d6ef15a655140c1c86c7248fc9deed8e4c09ef3081b8b94fb64
W8_Q01,STRUCT_R2,11,6,1006692,5890,0,1,14,2,27,164,11,169,63,16,7b06ec78e125033330eb86a638ef113771be6d17e66ade996d2cadaa30e562a7
W4_Q32,STRUCT,11,6,9737582,67443,0,0,130,2,260,1058,38,1007,31,132,068ad024181661f75503372002890dd704cd730c5fc591fd65590a6d532c145d
W6_Q02,STRUCT,11,6,311664,1370,0,0,4,2,10,4,6,15,5,6,d26b7c6c44eb2ae1342ad0eacde318e4485f70f1e0c22f44dc171d7c0f11f2c5
W2_Q08,STRUCT_R1,11,6,582550,1814,8,0,10,1,19,9,5,14,4,11,28ef291bdbdabd5779860a9dac095bdb774cc930b18dec6f9c7bf13df75550d2
W7_Q01,STRUCT_R1,11,6,224607,1316,0,0,5,0,7,3,6,15,4,5,70f8123fffd2af37d12a00e22d9841098c66a489d4953aae174ab2cb5014e5d7
W8_Q32,STRUCT_R1,11,6,3821811,8704,32,0,45,1,87,194,10,168,63,46,45e69b1796e998f7df6d485c516cc0751375b53ec01f0a7673d473a9ec217a0e
W7_Q01,STRUCT,11,6,220942,1667,0,0,5,0,7,3,6,15,4,5,70f8123fffd2af37d12a00e22d9841098c66a489d4953aae174ab2cb5014e5d7
W4_Q08,STRUCT_R1,11,6,2957692,13647,8,0,34,1,59,265,13,262,31,35,0d7db8d8f19881c77c6e7cd19e1f9d024ea9973fae56dbdbc00db2eeaa790340
W7_Q02,STRUCT_R2,11,6,242424,1592,0,0,6,0,10,4,6,15,4,6,b1d2efac79748ca32ad60ca241d894721be3c3795c13e31e47e01dad1cb5a5f1
W7_Q32,STRUCT,11,6,1127285,3092,0,0,36,0,100,34,6,15,4,36,6bdf3735d7ed12e047353d97f7fd342934c808ba421573c6cd2474dd612f37b1
W7_Q01,STRUCT_R2,11,6,219757,1389,0,0,5,0,7,3,6,15,4,5,70f8123fffd2af37d12a00e22d9841098c66a489d4953aae174ab2cb5014e5d7
W7_Q16,OFF,11,6,480699,2518,0,0,20,0,52,18,6,15,4,20,352ecf90b67b0a72cf480d5f2990d3ea8f45c0a65a2644e7a858b4f181627dcb
W2_Q04,STRUCT,11,6,401532,1537,0,0,6,2,16,6,6,15,4,8,b8312387bf162a1452336c9e9e40ef1298c4a5b22cc87b54f4215f6e91104b3c
W5_Q04,STRUCT_R1,11,6,322144,2279,0,0,12,0,12,4,10,34,4,12,233b80e0525d1c617459998a8c1e1bc9855a2c2b10f43c6fd42648b8adae0248
W8_Q02,STRUCT_R1,11,6,1181283,5556,2,0,15,1,27,164,10,168,63,16,652ea2e2db2a8b59e1a2373d0aa09bb6194a7176cb3cd104297a14f7ef235e6b
W5_Q08,STRUCT_R2,11,6,523161,3426,0,0,24,0,24,8,18,66,4,24,1ec99f8159a9bf9f7216cbde66142ab941580d932ab53b67181d9941e08515a5
W9_Q02,STRUCT_R1,11,6,482958,3666,0,0,4,0,6,96,4,4,1,4,f59554bf6b558dac39020afcdc9d3261e3c200f0f612cb6818827b31bbda0408
W4_Q02,OFF,11,6,567606,3777,0,0,10,2,20,68,8,77,31,12,c082fb0620ac05b05065135ca996c9564b57d8a79b47964aa54b86c16cd0659f
W4_Q16,STRUCT,11,6,4728709,27055,0,0,66,2,132,530,22,511,31,68,7fbae5656c303ca065341c5db14fa3ef41fb196c82f59bb1c789e1f7b78b0f7a
W2_Q16,OFF,11,6,792509,2815,0,0,18,2,52,18,6,15,4,20,f53a43e02a6f7be38b5d23a92cce7a6f0c7e7deac086e97841ea021c93a5a893
W9_Q04,STRUCT_R1,11,6,1106840,5315,0,0,6,2,10,160,4,4,1,8,a25fcd6d9b6930c5a5e472a5d4b9da9d0423cec22fe64a49a0e3364286ad6c7b
W2_Q01,ALGSTRUCT,11,6,273441,1704,1,0,3,1,5,2,5,14,4,4,2474f5c3c44c2292e8653ad95f4f21ec80fa6c72b730d7761807baa6c04c0270
W8_Q04,STRUCT,11,6,1176191,6186,0,0,17,2,36,167,11,169,63,19,683043cf53c296ea0d43a0c383a5a5aa5dfae2adbc542c677c919239829da206
W2_Q01,STRUCT_R1,11,6,271906,1295,1,0,3,1,5,2,5,14,4,4,2474f5c3c44c2292e8653ad95f4f21ec80fa6c72b730d7761807baa6c04c0270
W2_Q16,ALGSTRUCT,11,6,1048860,2000,16,0,18,1,35,17,5,14,4,19,6874ea3fe8a08c7af5d8752f9a4557e5d01bc066a937913a1e427661cbb540c4
W8_Q32,ALGSTRUCT,11,6,3891088,8204,32,1,45,1,87,194,10,168,63,46,45e69b1796e998f7df6d485c516cc0751375b53ec01f0a7673d473a9ec217a0e
W4_Q32,ALGSTRUCT,11,6,18282638,51704,32,0,130,1,227,1057,37,1006,31,131,4a5be56a553c6df341c1f260562041444c20a964d5f4f3916c7966ddd0bae2e9
W8_Q01,STRUCT,11,6,996989,5834,0,0,14,2,27,164,11,169,63,16,7b06ec78e125033330eb86a638ef113771be6d17e66ade996d2cadaa30e562a7
W4_Q04,ALGSTRUCT,11,6,1458576,6464,4,0,18,1,31,133,9,138,31,19,fc880fdc081349aa9e95db821628814a11fa6271dfea15fd511d230a5fbbf819
W1,STRUCT,11,6,262422,1593,0,0,3,2,7,3,6,15,4,5,4b26ed307e0166f8d1fa59ea1e874899e41c5fd882be9ef62f84eb3685bb70b7
W6_Q32,STRUCT_R1,11,6,1940591,3629,0,0,34,2,100,34,6,15,5,36,e27ba2fd4a248e13e86f6fd51f6578ca7bbe37b27fb6c62f3d2e37c16ce58156
W4_Q01,ALGSTRUCT,11,6,489568,2556,1,0,6,1,10,34,6,45,31,7,2a2742010b3f20f3e0b7616f059bcf47256e350d22af5b1d3a055aa5eee736e9
W8_Q32,STRUCT,11,6,2823840,8389,0,0,45,2,120,195,11,169,63,47,257e33fe42ff72054f90b0755280d3b57f6dc95e0ff488350c7a08c8fa00e255
W5_Q08,STRUCT,11,6,524699,2685,0,0,24,0,24,8,18,66,4,24,1ec99f8159a9bf9f7216cbde66142ab941580d932ab53b67181d9941e08515a5
W6_Q01,STRUCT_R1,11,6,263441,1278,0,0,3,2,7,3,6,15,5,5,ef852aa19070a90d167a6fc211683b2bbb6401671f4212d90e23806d1620b62f
W2_Q16,STRUCT_R1,11,6,1047044,2352,16,0,18,1,35,17,5,14,4,19,6874ea3fe8a08c7af5d8752f9a4557e5d01bc066a937913a1e427661cbb540c4
W3_d3,STRUCT,11,6,1395615,2629,0,0,12,8,42,16,14,46,8,20,d0de00aa950042ce2df3a1aacd87b83395b88f62201b4b0ee4f6f67dba5bbb2b
W5_Q04,STRUCT,11,6,310626,2370,0,0,12,0,12,4,10,34,4,12,233b80e0525d1c617459998a8c1e1bc9855a2c2b10f43c6fd42648b8adae0248
W8_Q32,STRUCT_R2,11,6,2798525,8000,0,1,45,2,120,195,11,169,63,47,257e33fe42ff72054f90b0755280d3b57f6dc95e0ff488350c7a08c8fa00e255
W4_Q32,STRUCT_R1,11,6,18516895,54536,32,0,130,1,227,1057,37,1006,31,131,4a5be56a553c6df341c1f260562041444c20a964d5f4f3916c7966ddd0bae2e9
W4_Q16,OFF,11,6,4142400,27037,0,0,66,2,132,530,22,511,31,68,7fbae5656c303ca065341c5db14fa3ef41fb196c82f59bb1c789e1f7b78b0f7a
W6_Q04,STRUCT,11,6,398570,1630,0,0,6,2,16,6,6,15,5,8,463695b346924b3ce3bfd76bc311a5cc5d47fb033482cc22912fc407e8f09fdf
W6_Q16,OFF,11,6,786362,2425,0,0,18,2,52,18,6,15,5,20,bb0755604375307ff8e5fd09781b80b224d9ab98fa75fb51387fe44cb24e3726
W9_Q04,OFF,11,6,613324,5039,0,0,6,0,12,192,4,4,1,6,6dad93323aff1013501fa90b58e0e48741ec6d807386799264c78a900e9e11d0
W6_Q08,STRUCT,11,6,566160,1963,0,0,10,2,28,10,6,15,5,12,0d426ef82e54bf37e16bebf86ad11b160059eb28202264ca816d50ab17a2aa06
W7_Q08,STRUCT_R1,11,6,406089,1722,0,0,12,0,28,10,6,15,4,12,d13ad2add4e1d9cb21c441a8963ffbcf5f462a05d4f61331fa56b7c117fe58d1
W8_Q16,OFF,11,6,1494207,6963,0,0,29,2,72,179,11,169,63,31,75d1b16c15c201143eb0f00e84429326ead193544062ed0323b47e7914fd575d
W2_Q32,STRUCT,11,6,1856314,3278,0,0,34,2,100,34,6,15,4,36,ead1d2e3154b72c47159b745145cb82392c282dcdeeba0e877b2291c8ed45d37
W9_Q01,STRUCT,11,6,338310,3520,0,0,3,0,3,48,4,4,1,3,6e63c0dab5f8b29ef9d1440bcd3711746464b7521a4243c8d32e03504a6224d2
W8_Q08,STRUCT_R1,11,6,1619314,5742,8,0,21,1,39,170,10,168,63,22,dfb50a16d91192e00318e4ac61c06d5403d37554d2e61726115b9e5e96a90617
W7_Q01,OFF,11,6,156368,2037,0,0,5,0,7,3,6,15,4,5,70f8123fffd2af37d12a00e22d9841098c66a489d4953aae174ab2cb5014e5d7
W8_Q04,STRUCT_R2,11,6,1188470,5721,0,1,17,2,36,167,11,169,63,19,683043cf53c296ea0d43a0c383a5a5aa5dfae2adbc542c677c919239829da206
W7_Q02,OFF,11,6,173627,1593,0,0,6,0,10,4,6,15,4,6,b1d2efac79748ca32ad60ca241d894721be3c3795c13e31e47e01dad1cb5a5f1
W6_Q32,OFF,11,6,1581446,3297,0,0,34,2,100,34,6,15,5,36,e27ba2fd4a248e13e86f6fd51f6578ca7bbe37b27fb6c62f3d2e37c16ce58156
W6_Q02,OFF,11,6,238257,1907,0,0,4,2,10,4,6,15,5,6,d26b7c6c44eb2ae1342ad0eacde318e4485f70f1e0c22f44dc171d7c0f11f2c5
W3_d1,STRUCT_R2,11,6,571178,1982,0,0,10,2,28,10,6,15,4,12,a54c74b256ab2c5cf00e4072ff680215ee9ddba8ea28d33e07bfd46dd0370227
W7_Q02,STRUCT,11,6,245127,1444,0,0,6,0,10,4,6,15,4,6,b1d2efac79748ca32ad60ca241d894721be3c3795c13e31e47e01dad1cb5a5f1
W9_Q16,OFF,11,6,1733704,8537,0,0,18,0,48,768,4,4,1,18,43b7f4efcb619e6e3fc5fc66e7827f4bb8130a24a5905f5ce4efe6114dbfdbd3
W2_Q01,STRUCT,11,6,260832,1647,0,0,3,2,7,3,6,15,4,5,fb4f50a52888382fd35dda056767f1188dd59b0b7db5fbe2928a5afbf6bf9f5b
W5_Q08,OFF,11,6,436458,3037,0,0,24,0,24,8,18,66,4,24,1ec99f8159a9bf9f7216cbde66142ab941580d932ab53b67181d9941e08515a5
W9_Q32,STRUCT_R2,11,6,5094408,13500,0,16,34,1,35,560,4,4,1,35,678046e55883cc9fe207429daab5f5da66bcc2178ee01574697097ddff7f102c
W2_Q02,STRUCT_R1,11,6,320255,1408,2,0,4,1,7,3,5,14,4,5,d8adac9423435c6f23a5e314f4d31430db516714fee41508dcac1bc6af0e6f0c
W4_Q01,OFF,11,6,357662,2908,0,0,6,2,12,35,7,46,31,8,c1c4e28384d704fc6572f4a795b1b9dcd23dd585446058743d09154ee63f83a5
W6_Q04,OFF,11,6,311848,1538,0,0,6,2,16,6,6,15,5,8,463695b346924b3ce3bfd76bc311a5cc5d47fb033482cc22912fc407e8f09fdf
W5_Q04,STRUCT_R2,11,6,311665,2165,0,0,12,0,12,4,10,34,4,12,233b80e0525d1c617459998a8c1e1bc9855a2c2b10f43c6fd42648b8adae0248
W5_Q02,ALGSTRUCT,11,6,229498,1444,0,0,6,0,6,2,6,18,4,6,e7741c936508103b2af3b934e316124eac7bac4773e716fb634bafee4047c0e4
W2_Q32,OFF,11,6,1536926,3909,0,0,34,2,100,34,6,15,4,36,ead1d2e3154b72c47159b745145cb82392c282dcdeeba0e877b2291c8ed45d37
W3_d2,STRUCT_R2,11,6,960545,2500,0,0,11,5,35,13,10,29,5,16,bb512a3ef0db77c97656c90a9544f5958e4b52748f6a43bfdbc34ec450c82e91
W4_Q32,OFF,11,6,8531280,68813,0,0,130,2,260,1058,38,1007,31,132,068ad024181661f75503372002890dd704cd730c5fc591fd65590a6d532c145d
W6_Q16,ALGSTRUCT,11,6,1012380,2054,0,0,18,2,52,18,6,15,5,20,bb0755604375307ff8e5fd09781b80b224d9ab98fa75fb51387fe44cb24e3726
W7_Q32,STRUCT_R2,11,6,1107470,3111,0,0,36,0,100,34,6,15,4,36,6bdf3735d7ed12e047353d97f7fd342934c808ba421573c6cd2474dd612f37b1
W7_Q32,ALGSTRUCT,11,6,1164858,3055,0,0,36,0,100,34,6,15,4,36,6bdf3735d7ed12e047353d97f7fd342934c808ba421573c6cd2474dd612f37b1
W2_Q02,OFF,11,6,237257,1537,0,0,4,2,10,4,6,15,4,6,002b88cffa362a25f201c7342c0d49bad4cd7fb10998ad8823a39c11beee6d88
W4_Q02,STRUCT,11,6,686974,3686,0,0,10,2,20,68,8,77,31,12,c082fb0620ac05b05065135ca996c9564b57d8a79b47964aa54b86c16cd0659f
W5_Q01,STRUCT_R1,11,6,183943,1315,0,0,3,0,3,1,4,10,4,3,7528d1a80da7ce6bed6c3efbaad136c6b237adf54f46f512a5fe79019bfef2ec
W3_d1,ALGSTRUCT,11,6,587401,1500,8,0,10,1,19,9,5,14,4,11,51eaee63f5c885c3fa7e71093e89c7ff61bea1c09d51d95c588c39ddf452f383
W9_Q32,ALGSTRUCT,11,6,5061669,11851,0,16,34,1,35,560,4,4,1,35,678046e55883cc9fe207429daab5f5da66bcc2178ee01574697097ddff7f102c
W2_Q01,OFF,11,6,200554,1518,0,0,3,2,7,3,6,15,4,5,fb4f50a52888382fd35dda056767f1188dd59b0b7db5fbe2928a5afbf6bf9f5b
W4_Q02,STRUCT_R1,11,6,776065,3575,2,0,10,1,17,67,7,76,31,11,056c94f2139c9e918446fe4f786e56b203a4febdd7cdb7d162e2b0323db5a772
W4_Q04,STRUCT_R2,11,6,1248337,6853,0,0,18,2,36,134,10,139,31,20,fd25718cb278dfe33c1131161ba4977814e08de24bd73801325a42bf895b4b90
W6_Q08,OFF,11,6,448422,2018,0,0,10,2,28,10,6,15,5,12,0d426ef82e54bf37e16bebf86ad11b160059eb28202264ca816d50ab17a2aa06
W4_Q08,ALGSTRUCT,11,6,2974209,13593,8,0,34,1,59,265,13,262,31,35,0d7db8d8f19881c77c6e7cd19e1f9d024ea9973fae56dbdbc00db2eeaa790340
W9_Q08,STRUCT_R1,11,6,1570835,6500,0,0,10,2,14,224,4,4,1,12,4c97cc82f3dbf6bc2a6de325d199b0cb65ffca732846069f84ea5618bb19fcfd
W4_Q01,STRUCT,11,6,445941,2314,0,0,6,2,12,35,7,46,31,8,c1c4e28384d704fc6572f4a795b1b9dcd23dd585446058743d09154ee63f83a5
W9_Q02,ALGSTRUCT,11,6,634012,4499,0,1,4,1,5,80,4,4,1,5,a250745debd6fd7cf3585f94dfa2ad7178c8b7c572e5ce15f0467c48475c0e9a
W5_Q02,STRUCT_R2,11,6,219388,1740,0,0,6,0,6,2,6,18,4,6,e7741c936508103b2af3b934e316124eac7bac4773e716fb634bafee4047c0e4
W1,STRUCT_R2,11,6,256033,1649,0,0,3,2,7,3,6,15,4,5,4b26ed307e0166f8d1fa59ea1e874899e41c5fd882be9ef62f84eb3685bb70b7
W5_Q01,STRUCT_R2,11,6,180831,1593,0,0,3,0,3,1,4,10,4,3,7528d1a80da7ce6bed6c3efbaad136c6b237adf54f46f512a5fe79019bfef2ec
W9_Q32,OFF,11,6,3424316,16018,0,0,34,0,96,1536,4,4,1,34,13dfd65212c03f91a3168cac28f16ba616ce21a6c4d7fb7bf5b25f0167fbc71b
W9_Q04,STRUCT,11,6,1115192,5444,0,0,6,2,10,160,4,4,1,8,a25fcd6d9b6930c5a5e472a5d4b9da9d0423cec22fe64a49a0e3364286ad6c7b
W7_Q04,STRUCT_R1,11,6,293165,1480,0,0,8,0,16,6,6,15,4,8,64eb05b2d681af147811cd64dc0e11be812cb48952e297a71fcf6d3c013ba4a0
W6_Q04,STRUCT_R1,11,6,410959,1537,0,0,6,2,16,6,6,15,5,8,463695b346924b3ce3bfd76bc311a5cc5d47fb033482cc22912fc407e8f09fdf
W9_Q08,OFF,11,6,910916,6278,0,0,10,0,24,384,4,4,1,10,ae43d04dfb0cf7afbfdc83558714cd1da89c64e7c6d49325a19de9764156762a
W5_Q08,ALGSTRUCT,11,6,538402,2370,0,0,24,0,24,8,18,66,4,24,1ec99f8159a9bf9f7216cbde66142ab941580d932ab53b67181d9941e08515a5
W6_Q01,STRUCT_R2,11,6,256276,1536,0,0,3,2,7,3,6,15,5,5,ef852aa19070a90d167a6fc211683b2bbb6401671f4212d90e23806d1620b62f
W6_Q02,ALGSTRUCT,11,6,326942,1407,0,0,4,2,10,4,6,15,5,6,d26b7c6c44eb2ae1342ad0eacde318e4485f70f1e0c22f44dc171d7c0f11f2c5
W7_Q16,STRUCT_R1,11,6,630640,2427,0,0,20,0,52,18,6,15,4,20,352ecf90b67b0a72cf480d5f2990d3ea8f45c0a65a2644e7a858b4f181627dcb
W6_Q04,STRUCT_R2,11,6,396515,1852,0,0,6,2,16,6,6,15,5,8,463695b346924b3ce3bfd76bc311a5cc5d47fb033482cc22912fc407e8f09fdf
W6_Q01,OFF,11,6,196830,1482,0,0,3,2,7,3,6,15,5,5,ef852aa19070a90d167a6fc211683b2bbb6401671f4212d90e23806d1620b62f
W9_Q04,ALGSTRUCT,11,6,987101,5259,0,2,6,1,7,112,4,4,1,7,7e3f7232eefdc535f0f8be36c1c724fab7de36a2740821784506d96a09bd30b3
W7_Q08,OFF,11,6,293721,1869,0,0,12,0,28,10,6,15,4,12,d13ad2add4e1d9cb21c441a8963ffbcf5f462a05d4f61331fa56b7c117fe58d1
W2_Q04,OFF,11,6,311015,1852,0,0,6,2,16,6,6,15,4,8,b8312387bf162a1452336c9e9e40ef1298c4a5b22cc87b54f4215f6e91104b3c
W6_Q08,STRUCT_R2,11,6,569475,1871,0,0,10,2,28,10,6,15,5,12,0d426ef82e54bf37e16bebf86ad11b160059eb28202264ca816d50ab17a2aa06
W4_Q02,ALGSTRUCT,11,6,775288,3796,2,0,10,1,17,67,7,76,31,11,056c94f2139c9e918446fe4f786e56b203a4febdd7cdb7d162e2b0323db5a772
W1,OFF,11,6,199905,1630,0,0,3,2,7,3,6,15,4,5,4b26ed307e0166f8d1fa59ea1e874899e41c5fd882be9ef62f84eb3685bb70b7
W5_Q01,STRUCT,11,6,180756,1334,0,0,3,0,3,1,4,10,4,3,7528d1a80da7ce6bed6c3efbaad136c6b237adf54f46f512a5fe79019bfef2ec
W8_Q16,STRUCT_R2,11,6,1839368,6927,0,1,29,2,72,179,11,169,63,31,75d1b16c15c201143eb0f00e84429326ead193544062ed0323b47e7914fd575d
W8_Q02,OFF,11,6,826360,5094,0,0,15,2,30,165,11,169,63,17,ab8e72a97eeddaf640fa9d87846837b35913b3b9a7916818e4653a499fd7cc9a
W4_Q04,STRUCT_R1,11,6,1463260,6668,4,0,18,1,31,133,9,138,31,19,fc880fdc081349aa9e95db821628814a11fa6271dfea15fd511d230a5fbbf819
W8_Q16,STRUCT_R1,11,6,2190383,6445,16,0,29,1,55,178,10,168,63,30,d68e12eaec95eadd08fb1ce8e6c0dcfc893de77e4c3d4f5a64bb4b4ee29b64b3
W5_Q02,OFF,11,6,156312,1612,0,0,6,0,6,2,6,18,4,6,e7741c936508103b2af3b934e316124eac7bac4773e716fb634bafee4047c0e4
W1,ALGSTRUCT,11,6,274738,1408,1,0,3,1,5,2,5,14,4,4,ddbc64bc70e115337e04b3ee4eac0b96e81aea703c916cfeea2e2366190e3210
W2_Q16,STRUCT,11,6,982766,2353,0,0,18,2,52,18,6,15,4,20,f53a43e02a6f7be38b5d23a92cce7a6f0c7e7deac086e97841ea021c93a5a893
W7_Q04,ALGSTRUCT,11,6,297405,1407,0,0,8,0,16,6,6,15,4,8,64eb05b2d681af147811cd64dc0e11be812cb48952e297a71fcf6d3c013ba4a0
W2_Q02,STRUCT,11,6,313663,1611,0,0,4,2,10,4,6,15,4,6,002b88cffa362a25f201c7342c0d49bad4cd7fb10998ad8823a39c11beee6d88
W5_Q16,OFF,11,6,848567,4480,0,0,48,0,48,16,34,130,4,48,15f4ec0f61204d6ef15a655140c1c86c7248fc9deed8e4c09ef3081b8b94fb64
W5_Q08,STRUCT_R1,11,6,538810,3091,0,0,24,0,24,8,18,66,4,24,1ec99f8159a9bf9f7216cbde66142ab941580d932ab53b67181d9941e08515a5
W6_Q16,STRUCT_R2,11,6,969472,2444,0,0,18,2,52,18,6,15,5,20,bb0755604375307ff8e5fd09781b80b224d9ab98fa75fb51387fe44cb24e3726
W9_Q02,OFF,11,6,339960,4277,0,0,4,0,6,96,4,4,1,4,f59554bf6b558dac39020afcdc9d3261e3c200f0f612cb6818827b31bbda0408
W2_Q08,OFF,11,6,454828,2074,0,0,10,2,28,10,6,15,4,12,e121069670786ba8fbe3100d624a17638d4611a34b02647058710f2e3db6a9c9
W5_Q01,OFF,11,6,124405,1816,0,0,3,0,3,1,4,10,4,3,7528d1a80da7ce6bed6c3efbaad136c6b237adf54f46f512a5fe79019bfef2ec
W8_Q08,OFF,11,6,1166913,5852,0,0,21,2,48,171,11,169,63,23,6202056e7f9106d89fc2c03650e5a38d69f704cc369ba9e689bf413e5f7173e1
W4_Q16,STRUCT_R2,11,6,4719413,26129,0,0,66,2,132,530,22,511,31,68,7fbae5656c303ca065341c5db14fa3ef41fb196c82f59bb1c789e1f7b78b0f7a
W3_d2,ALGSTRUCT,11,6,978249,2037,9,0,11,3,24,11,8,27,5,14,b3a60a0bc9bb1633f8ca67743fa2b43eea5f58f8a512cbf173b181d8c20dfa68
W7_Q02,ALGSTRUCT,11,6,254980,1351,0,0,6,0,10,4,6,15,4,6,b1d2efac79748ca32ad60ca241d894721be3c3795c13e31e47e01dad1cb5a5f1
W6_Q32,STRUCT_R2,11,6,1846258,3259,0,0,34,2,100,34,6,15,5,36,e27ba2fd4a248e13e86f6fd51f6578ca7bbe37b27fb6c62f3d2e37c16ce58156
W3_d3,ALGSTRUCT,11,6,1410744,2685,10,0,12,5,29,13,11,43,8,17,16f1a8e88d7f920d91f3a177d0789d4761bf8768a0ac71ebce1f9f2282714954
W8_Q04,STRUCT_R1,11,6,1293874,5408,4,0,17,1,31,166,10,168,63,18,1ff2b9471d9cd2dd9078b74afc728460463e46c3102cf6da6b805d7f73e4899a
W1,STRUCT_R1,11,6,274571,1315,1,0,3,1,5,2,5,14,4,4,ddbc64bc70e115337e04b3ee4eac0b96e81aea703c916cfeea2e2366190e3210
W3_d3,STRUCT_R1,11,6,1385449,2722,10,0,12,5,29,13,11,43,8,17,16f1a8e88d7f920d91f3a177d0789d4761bf8768a0ac71ebce1f9f2282714954
W4_Q01,STRUCT_R2,11,6,441053,2239,0,0,6,2,12,35,7,46,31,8,c1c4e28384d704fc6572f4a795b1b9dcd23dd585446058743d09154ee63f83a5
W6_Q32,ALGSTRUCT,11,6,2035775,4074,0,0,34,2,100,34,6,15,5,36,e27ba2fd4a248e13e86f6fd51f6578ca7bbe37b27fb6c62f3d2e37c16ce58156
W7_Q04,OFF,11,6,208314,1703,0,0,8,0,16,6,6,15,4,8,64eb05b2d681af147811cd64dc0e11be812cb48952e297a71fcf6d3c013ba4a0
W9_Q32,STRUCT,11,6,5265204,12129,0,0,34,2,38,608,4,4,1,36,f9b4de382a62f7ddf0ae716d829e6d3204b079918eba11b5d003aed0f308e9a0
W2_Q16,STRUCT_R2,11,6,980805,2499,0,0,18,2,52,18,6,15,4,20,f53a43e02a6f7be38b5d23a92cce7a6f0c7e7deac086e97841ea021c93a5a893
W5_Q32,ALGSTRUCT,11,6,2159551,13630,0,0,96,0,96,32,66,258,4,96,ad908136f049b66ae4b1e1c3f252d7a2ebead009fab3f7177d4babd24fcbec6a
W5_Q32,STRUCT_R1,11,6,2095979,10925,0,0,96,0,96,32,66,258,4,96,ad908136f049b66ae4b1e1c3f252d7a2ebead009fab3f7177d4babd24fcbec6a
W6_Q16,STRUCT_R1,11,6,1003193,2370,0,0,18,2,52,18,6,15,5,20,bb0755604375307ff8e5fd09781b80b224d9ab98fa75fb51387fe44cb24e3726
W2_Q04,STRUCT_R2,11,6,397718,1537,0,0,6,2,16,6,6,15,4,8,b8312387bf162a1452336c9e9e40ef1298c4a5b22cc87b54f4215f6e91104b3c
W5_Q04,ALGSTRUCT,11,6,319272,1761,0,0,12,0,12,4,10,34,4,12,233b80e0525d1c617459998a8c1e1bc9855a2c2b10f43c6fd42648b8adae0248
W8_Q02,STRUCT_R2,11,6,1049303,5667,0,1,15,2,30,165,11,169,63,17,ab8e72a97eeddaf640fa9d87846837b35913b3b9a7916818e4653a499fd7cc9a
W8_Q08,ALGSTRUCT,11,6,1626760,6018,8,1,21,1,39,170,10,168,63,22,dfb50a16d91192e00318e4ac61c06d5403d37554d2e61726115b9e5e96a90617
W6_Q01,STRUCT,11,6,258441,1519,0,0,3,2,7,3,6,15,5,5,ef852aa19070a90d167a6fc211683b2bbb6401671f4212d90e23806d1620b62f
W9_Q16,STRUCT_R2,11,6,2629972,8815,0,8,18,1,19,304,4,4,1,19,44cdb1eb48242e36e60587a8e97fc1204f774ee018380c18a625f9abe3ce3ce8
W8_Q04,ALGSTRUCT,11,6,1298026,5479,4,1,17,1,31,166,10,168,63,18,1ff2b9471d9cd2dd9078b74afc728460463e46c3102cf6da6b805d7f73e4899a
W3_d3,OFF,11,6,1155026,2555,0,0,12,8,42,16,14,46,8,20,d0de00aa950042ce2df3a1aacd87b83395b88f62201b4b0ee4f6f67dba5bbb2b
W2_Q02,ALGSTRUCT,11,6,323109,1388,2,0,4,1,7,3,5,14,4,5,d8adac9423435c6f23a5e314f4d31430db516714fee41508dcac1bc6af0e6f0c
W2_Q02,STRUCT_R2,11,6,307792,1593,0,0,4,2,10,4,6,15,4,6,002b88cffa362a25f201c7342c0d49bad4cd7fb10998ad8823a39c11beee6d88
W5_Q16,STRUCT_R2,11,6,959601,4389,0,0,48,0,48,16,34,130,4,48,15f4ec0f61204d6ef15a655140c1c86c7248fc9deed8e4c09ef3081b8b94fb64
W8_Q04,OFF,11,6,939138,5667,0,0,17,2,36,167,11,169,63,19,683043cf53c296ea0d43a0c383a5a5aa5dfae2adbc542c677c919239829da206
W8_Q01,STRUCT_R1,11,6,1090118,5648,1,0,14,1,25,163,10,168,63,15,fdd35fe24122be542f9944d55e73c67d2cd28afd3fd1ff25e723a080e5d2dad8
W2_Q32,STRUCT_R2,11,6,1848740,3259,0,0,34,2,100,34,6,15,4,36,ead1d2e3154b72c47159b745145cb82392c282dcdeeba0e877b2291c8ed45d37
W8_Q08,STRUCT_R2,11,6,1433003,6481,0,1,21,2,48,171,11,169,63,23,6202056e7f9106d89fc2c03650e5a38d69f704cc369ba9e689bf413e5f7173e1
W3_d2,OFF,11,6,789806,2537,0,0,11,5,35,13,10,29,5,16,bb512a3ef0db77c97656c90a9544f5958e4b52748f6a43bfdbc34ec450c82e91
W2_Q32,STRUCT_R1,11,6,2220624,3667,32,0,34,1,67,33,5,14,4,35,aa6152b6f2b2227ea71db0831b5f58d2dce2bdcb6db5c4bb5d1fb235d1201ed1
W7_Q02,STRUCT_R1,11,6,253885,1613,0,0,6,0,10,4,6,15,4,6,b1d2efac79748ca32ad60ca241d894721be3c3795c13e31e47e01dad1cb5a5f1
W4_Q04,STRUCT,11,6,1221542,6982,0,0,18,2,36,134,10,139,31,20,fd25718cb278dfe33c1131161ba4977814e08de24bd73801325a42bf895b4b90
W2_Q08,STRUCT,11,6,570197,1945,0,0,10,2,28,10,6,15,4,12,e121069670786ba8fbe3100d624a17638d4611a34b02647058710f2e3db6a9c9
W2_Q08,STRUCT_R2,11,6,566309,1963,0,0,10,2,28,10,6,15,4,12,e121069670786ba8fbe3100d624a17638d4611a34b02647058710f2e3db6a9c9
W4_Q16,STRUCT_R1,11,6,7054704,25980,16,0,66,1,115,529,21,510,31,67,c4cb6b036cc3a61a0d0502a6d94307b09dd7e159ba9b445a83ebed14f5c8ebe1
W6_Q04,ALGSTRUCT,11,6,415607,1389,0,0,6,2,16,6,6,15,5,8,463695b346924b3ce3bfd76bc311a5cc5d47fb033482cc22912fc407e8f09fdf
W8_Q01,OFF,11,6,792084,5426,0,0,14,2,27,164,11,169,63,16,7b06ec78e125033330eb86a638ef113771be6d17e66ade996d2cadaa30e562a7
W4_Q32,STRUCT_R2,11,6,9697434,67629,0,0,130,2,260,1058,38,1007,31,132,068ad024181661f75503372002890dd704cd730c5fc591fd65590a6d532c145d
W5_Q32,STRUCT,11,6,2003442,11204,0,0,96,0,96,32,66,258,4,96,ad908136f049b66ae4b1e1c3f252d7a2ebead009fab3f7177d4babd24fcbec6a
W5_Q01,ALGSTRUCT,11,6,185257,1315,0,0,3,0,3,1,4,10,4,3,7528d1a80da7ce6bed6c3efbaad136c6b237adf54f46f512a5fe79019bfef2ec
W5_Q02,STRUCT_R1,11,6,225368,1629,0,0,6,0,6,2,6,18,4,6,e7741c936508103b2af3b934e316124eac7bac4773e716fb634bafee4047c0e4
W6_Q32,STRUCT,11,6,1871093,3295,0,0,34,2,100,34,6,15,5,36,e27ba2fd4a248e13e86f6fd51f6578ca7bbe37b27fb6c62f3d2e37c16ce58156
W3_d1,STRUCT,11,6,582717,1759,0,0,10,2,28,10,6,15,4,12,a54c74b256ab2c5cf00e4072ff680215ee9ddba8ea28d33e07bfd46dd0370227
W7_Q16,STRUCT,11,6,608753,2129,0,0,20,0,52,18,6,15,4,20,352ecf90b67b0a72cf480d5f2990d3ea8f45c0a65a2644e7a858b4f181627dcb
W4_Q01,STRUCT_R1,11,6,487014,2333,1,0,6,1,10,34,6,45,31,7,2a2742010b3f20f3e0b7616f059bcf47256e350d22af5b1d3a055aa5eee736e9
W8_Q02,STRUCT,11,6,1052822,6778,0,0,15,2,30,165,11,169,63,17,ab8e72a97eeddaf640fa9d87846837b35913b3b9a7916818e4653a499fd7cc9a
W8_Q08,STRUCT,11,6,1444282,6258,0,0,21,2,48,171,11,169,63,23,6202056e7f9106d89fc2c03650e5a38d69f704cc369ba9e689bf413e5f7173e1
W9_Q16,STRUCT_R1,11,6,2737951,9760,0,0,18,2,22,352,4,4,1,20,ff9866380da95df98e4375770d21fe162b02c0b8b05b75e939b18d0d711c4c04
W7_Q08,STRUCT,11,6,399846,1983,0,0,12,0,28,10,6,15,4,12,d13ad2add4e1d9cb21c441a8963ffbcf5f462a05d4f61331fa56b7c117fe58d1
W9_Q01,STRUCT_R2,11,6,344589,4037,0,0,3,0,3,48,4,4,1,3,6e63c0dab5f8b29ef9d1440bcd3711746464b7521a4243c8d32e03504a6224d2
W9_Q16,STRUCT,11,6,2746525,9760,0,0,18,2,22,352,4,4,1,20,ff9866380da95df98e4375770d21fe162b02c0b8b05b75e939b18d0d711c4c04
W6_Q02,STRUCT_R1,11,6,327626,1685,0,0,4,2,10,4,6,15,5,6,d26b7c6c44eb2ae1342ad0eacde318e4485f70f1e0c22f44dc171d7c0f11f2c5
W5_Q16,STRUCT_R1,11,6,1014415,5630,0,0,48,0,48,16,34,130,4,48,15f4ec0f61204d6ef15a655140c1c86c7248fc9deed8e4c09ef3081b8b94fb64
W9_Q08,ALGSTRUCT,11,6,1461076,5778,0,4,10,1,11,176,4,4,1,11,f0aee4c6a6b6511ecbc27f2fc4ef3f688cd044d5f143461208ceed4e1cea64ae
W3_d1,OFF,11,6,450440,2148,0,0,10,2,28,10,6,15,4,12,a54c74b256ab2c5cf00e4072ff680215ee9ddba8ea28d33e07bfd46dd0370227
W6_Q01,ALGSTRUCT,11,6,267088,1557,0,0,3,2,7,3,6,15,5,5,ef852aa19070a90d167a6fc211683b2bbb6401671f4212d90e23806d1620b62f
W8_Q16,ALGSTRUCT,11,6,2185772,6408,16,1,29,1,55,178,10,168,63,30,d68e12eaec95eadd08fb1ce8e6c0dcfc893de77e4c3d4f5a64bb4b4ee29b64b3
W2_Q01,ALGSTRUCT,12,6,275590,1426,1,0,3,1,5,2,5,14,4,4,2474f5c3c44c2292e8653ad95f4f21ec80fa6c72b730d7761807baa6c04c0270
W6_Q04,OFF,12,6,310959,1760,0,0,6,2,16,6,6,15,5,8,463695b346924b3ce3bfd76bc311a5cc5d47fb033482cc22912fc407e8f09fdf
W5_Q32,ALGSTRUCT,12,6,2083384,10335,0,0,96,0,96,32,66,258,4,96,ad908136f049b66ae4b1e1c3f252d7a2ebead009fab3f7177d4babd24fcbec6a
W5_Q32,STRUCT,12,6,1980035,9722,0,0,96,0,96,32,66,258,4,96,ad908136f049b66ae4b1e1c3f252d7a2ebead009fab3f7177d4babd24fcbec6a
W6_Q32,STRUCT_R1,12,6,1935775,3408,0,0,34,2,100,34,6,15,5,36,e27ba2fd4a248e13e86f6fd51f6578ca7bbe37b27fb6c62f3d2e37c16ce58156
W6_Q16,STRUCT_R1,12,6,998136,2279,0,0,18,2,52,18,6,15,5,20,bb0755604375307ff8e5fd09781b80b224d9ab98fa75fb51387fe44cb24e3726
W6_Q02,STRUCT_R1,12,6,323292,1593,0,0,4,2,10,4,6,15,5,6,d26b7c6c44eb2ae1342ad0eacde318e4485f70f1e0c22f44dc171d7c0f11f2c5
W7_Q01,ALGSTRUCT,12,6,224888,1351,0,0,5,0,7,3,6,15,4,5,70f8123fffd2af37d12a00e22d9841098c66a489d4953aae174ab2cb5014e5d7
W4_Q32,STRUCT,12,6,10004875,77999,0,0,130,2,260,1058,38,1007,31,132,068ad024181661f75503372002890dd704cd730c5fc591fd65590a6d532c145d
W5_Q08,STRUCT_R1,12,6,541366,2943,0,0,24,0,24,8,18,66,4,24,1ec99f8159a9bf9f7216cbde66142ab941580d932ab53b67181d9941e08515a5
W7_Q04,STRUCT_R2,12,6,288422,1797,0,0,8,0,16,6,6,15,4,8,64eb05b2d681af147811cd64dc0e11be812cb48952e297a71fcf6d3c013ba4a0
W7_Q08,STRUCT_R1,12,6,417718,1796,0,0,12,0,28,10,6,15,4,12,d13ad2add4e1d9cb21c441a8963ffbcf5f462a05d4f61331fa56b7c117fe58d1
W2_Q08,STRUCT_R2,12,6,577179,2037,0,0,10,2,28,10,6,15,4,12,e121069670786ba8fbe3100d624a17638d4611a34b02647058710f2e3db6a9c9
W6_Q16,ALGSTRUCT,12,6,1017637,1982,0,0,18,2,52,18,6,15,5,20,bb0755604375307ff8e5fd09781b80b224d9ab98fa75fb51387fe44cb24e3726
W2_Q32,STRUCT,12,6,1840035,3463,0,0,34,2,100,34,6,15,4,36,ead1d2e3154b72c47159b745145cb82392c282dcdeeba0e877b2291c8ed45d37
W2_Q02,ALGSTRUCT,12,6,327127,1369,2,0,4,1,7,3,5,14,4,5,d8adac9423435c6f23a5e314f4d31430db516714fee41508dcac1bc6af0e6f0c
W9_Q32,OFF,12,6,3465850,15316,0,0,34,0,96,1536,4,4,1,34,13dfd65212c03f91a3168cac28f16ba616ce21a6c4d7fb7bf5b25f0167fbc71b
W6_Q04,STRUCT_R1,12,6,405218,1444,0,0,6,2,16,6,6,15,5,8,463695b346924b3ce3bfd76bc311a5cc5d47fb033482cc22912fc407e8f09fdf
W8_Q02,STRUCT,12,6,1043988,5686,0,0,15,2,30,165,11,169,63,17,ab8e72a97eeddaf640fa9d87846837b35913b3b9a7916818e4653a499fd7cc9a
W4_Q08,OFF,12,6,1965035,12129,0,0,34,2,68,266,14,263,31,36,310b652f3a487a64261e67b69ca4bd659f7cd91c74be37afd64d6187457e8bdc
W2_Q32,STRUCT_R1,12,6,2200196,3317,32,0,34,1,67,33,5,14,4,35,aa6152b6f2b2227ea71db0831b5f58d2dce2bdcb6db5c4bb5d1fb235d1201ed1
W6_Q04,STRUCT,12,6,396625,1704,0,0,6,2,16,6,6,15,5,8,463695b346924b3ce3bfd76bc311a5cc5d47fb033482cc22912fc407e8f09fdf
W4_Q16,ALGSTRUCT,12,6,7056405,25204,16,0,66,1,115,529,21,510,31,67,c4cb6b036cc3a61a0d0502a6d94307b09dd7e159ba9b445a83ebed14f5c8ebe1
W2_Q02,STRUCT_R1,12,6,323145,1426,2,0,4,1,7,3,5,14,4,5,d8adac9423435c6f23a5e314f4d31430db516714fee41508dcac1bc6af0e6f0c
W2_Q02,STRUCT,12,6,311403,1723,0,0,4,2,10,4,6,15,4,6,002b88cffa362a25f201c7342c0d49bad4cd7fb10998ad8823a39c11beee6d88
W3_d3,OFF,12,6,1153526,2573,0,0,12,8,42,16,14,46,8,20,d0de00aa950042ce2df3a1aacd87b83395b88f62201b4b0ee4f6f67dba5bbb2b
W2_Q08,OFF,12,6,455347,2092,0,0,10,2,28,10,6,15,4,12,e121069670786ba8fbe3100d624a17638d4611a34b02647058710f2e3db6a9c9
W6_Q01,STRUCT_R1,12,6,262108,1204,0,0,3,2,7,3,6,15,5,5,ef852aa19070a90d167a6fc211683b2bbb6401671f4212d90e23806d1620b62f
W5_Q16,OFF,12,6,851436,4574,0,0,48,0,48,16,34,130,4,48,15f4ec0f61204d6ef15a655140c1c86c7248fc9deed8e4c09ef3081b8b94fb64
W9_Q16,ALGSTRUCT,12,6,2646804,7520,0,8,18,1,19,304,4,4,1,19,44cdb1eb48242e36e60587a8e97fc1204f774ee018380c18a625f9abe3ce3ce8
W3_d3,STRUCT_R1,12,6,1382559,2074,10,0,12,5,29,13,11,43,8,17,16f1a8e88d7f920d91f3a177d0789d4761bf8768a0ac71ebce1f9f2282714954
W6_Q02,STRUCT,12,6,309570,1482,0,0,4,2,10,4,6,15,5,6,d26b7c6c44eb2ae1342ad0eacde318e4485f70f1e0c22f44dc171d7c0f11f2c5
W9_Q08,OFF,12,6,900990,6426,0,0,10,0,24,384,4,4,1,10,ae43d04dfb0cf7afbfdc83558714cd1da89c64e7c6d49325a19de9764156762a
W3_d2,STRUCT,12,6,956656,2334,0,0,11,5,35,13,10,29,5,16,bb512a3ef0db77c97656c90a9544f5958e4b52748f6a43bfdbc34ec450c82e91
W7_Q04,STRUCT,12,6,290606,1854,0,0,8,0,16,6,6,15,4,8,64eb05b2d681af147811cd64dc0e11be812cb48952e297a71fcf6d3c013ba4a0
W9_Q02,STRUCT,12,6,479364,3464,0,0,4,0,6,96,4,4,1,4,f59554bf6b558dac39020afcdc9d3261e3c200f0f612cb6818827b31bbda0408
W8_Q02,STRUCT_R2,12,6,1048990,5573,0,1,15,2,30,165,11,169,63,17,ab8e72a97eeddaf640fa9d87846837b35913b3b9a7916818e4653a499fd7cc9a
W4_Q16,STRUCT,12,6,4755189,27260,0,0,66,2,132,530,22,511,31,68,7fbae5656c303ca065341c5db14fa3ef41fb196c82f59bb1c789e1f7b78b0f7a
W5_Q32,OFF,12,6,1770222,12852,0,0,96,0,96,32,66,258,4,96,ad908136f049b66ae4b1e1c3f252d7a2ebead009fab3f7177d4babd24fcbec6a
W6_Q08,ALGSTRUCT,12,6,593364,1926,0,0,10,2,28,10,6,15,5,12,0d426ef82e54bf37e16bebf86ad11b160059eb28202264ca816d50ab17a2aa06
W6_Q01,STRUCT,12,6,263849,1611,0,0,3,2,7,3,6,15,5,5,ef852aa19070a90d167a6fc211683b2bbb6401671f4212d90e23806d1620b62f
W5_Q02,STRUCT,12,6,222111,1480,0,0,6,0,6,2,6,18,4,6,e7741c936508103b2af3b934e316124eac7bac4773e716fb634bafee4047c0e4
W6_Q08,STRUCT_R2,12,6,570623,1889,0,0,10,2,28,10,6,15,5,12,0d426ef82e54bf37e16bebf86ad11b160059eb28202264ca816d50ab17a2aa06
W8_Q01,STRUCT_R2,12,6,1013324,6332,0,1,14,2,27,164,11,169,63,16,7b06ec78e125033330eb86a638ef113771be6d17e66ade996d2cadaa30e562a7
W4_Q04,STRUCT_R1,12,6,1458225,7222,4,0,18,1,31,133,9,138,31,19,fc880fdc081349aa9e95db821628814a11fa6271dfea15fd511d230a5fbbf819
W7_Q04,OFF,12,6,211943,1833,0,0,8,0,16,6,6,15,4,8,64eb05b2d681af147811cd64dc0e11be812cb48952e297a71fcf6d3c013ba4a0
W4_Q08,ALGSTRUCT,12,6,2958765,13518,8,0,34,1,59,265,13,262,31,35,0d7db8d8f19881c77c6e7cd19e1f9d024ea9973fae56dbdbc00db2eeaa790340
W5_Q04,STRUCT_R2,12,6,309939,2131,0,0,12,0,12,4,10,34,4,12,233b80e0525d1c617459998a8c1e1bc9855a2c2b10f43c6fd42648b8adae0248
W3_d2,STRUCT_R2,12,6,953953,2204,0,0,11,5,35,13,10,29,5,16,bb512a3ef0db77c97656c90a9544f5958e4b52748f6a43bfdbc34ec450c82e91
W8_Q16,STRUCT_R1,12,6,2192994,6816,16,0,29,1,55,178,10,168,63,30,d68e12eaec95eadd08fb1ce8e6c0dcfc893de77e4c3d4f5a64bb4b4ee29b64b3
W2_Q16,ALGSTRUCT,12,6,1051693,2352,16,0,18,1,35,17,5,14,4,19,6874ea3fe8a08c7af5d8752f9a4557e5d01bc066a937913a1e427661cbb540c4
W7_Q02,ALGSTRUCT,12,6,248461,1518,0,0,6,0,10,4,6,15,4,6,b1d2efac79748ca32ad60ca241d894721be3c3795c13e31e47e01dad1cb5a5f1
W6_Q32,ALGSTRUCT,12,6,1951554,3611,0,0,34,2,100,34,6,15,5,36,e27ba2fd4a248e13e86f6fd51f6578ca7bbe37b27fb6c62f3d2e37c16ce58156
W5_Q02,OFF,12,6,154312,1575,0,0,6,0,6,2,6,18,4,6,e7741c936508103b2af3b934e316124eac7bac4773e716fb634bafee4047c0e4
W9_Q32,STRUCT,12,6,5183610,14464,0,0,34,2,38,608,4,4,1,36,f9b4de382a62f7ddf0ae716d829e6d3204b079918eba11b5d003aed0f308e9a0
W8_Q01,STRUCT_R1,12,6,1102360,5425,1,0,14,1,25,163,10,168,63,15,fdd35fe24122be542f9944d55e73c67d2cd28afd3fd1ff25e723a080e5d2dad8
W8_Q08,ALGSTRUCT,12,6,1627688,5739,8,1,21,1,39,170,10,168,63,22,dfb50a16d91192e00318e4ac61c06d5403d37554d2e61726115b9e5e96a90617
W5_Q04,STRUCT,12,6,310736,2316,0,0,12,0,12,4,10,34,4,12,233b80e0525d1c617459998a8c1e1bc9855a2c2b10f43c6fd42648b8adae0248
W4_Q02,STRUCT,12,6,684696,4055,0,0,10,2,20,68,8,77,31,12,c082fb0620ac05b05065135ca996c9564b57d8a79b47964aa54b86c16cd0659f
W9_Q32,ALGSTRUCT,12,6,5021206,13481,0,16,34,1,35,560,4,4,1,35,678046e55883cc9fe207429daab5f5da66bcc2178ee01574697097ddff7f102c
W4_Q04,ALGSTRUCT,12,6,1460374,7074,4,0,18,1,31,133,9,138,31,19,fc880fdc081349aa9e95db821628814a11fa6271dfea15fd511d230a5fbbf819
W8_Q02,STRUCT_R1,12,6,1168690,5260,2,0,15,1,27,164,10,168,63,16,652ea2e2db2a8b59e1a2373d0aa09bb6194a7176cb3cd104297a14f7ef235e6b
W2_Q08,STRUCT,12,6,572883,2222,0,0,10,2,28,10,6,15,4,12,e121069670786ba8fbe3100d624a17638d4611a34b02647058710f2e3db6a9c9
W5_Q02,STRUCT_R1,12,6,228034,1574,0,0,6,0,6,2,6,18,4,6,e7741c936508103b2af3b934e316124eac7bac4773e716fb634bafee4047c0e4
W5_Q16,STRUCT,12,6,973045,4630,0,0,48,0,48,16,34,130,4,48,15f4ec0f61204d6ef15a655140c1c86c7248fc9deed8e4c09ef3081b8b94fb64
W9_Q01,STRUCT_R1,12,6,342442,2906,0,0,3,0,3,48,4,4,1,3,6e63c0dab5f8b29ef9d1440bcd3711746464b7521a4243c8d32e03504a6224d2
W1,STRUCT_R2,12,6,261367,1556,0,0,3,2,7,3,6,15,4,5,4b26ed307e0166f8d1fa59ea1e874899e41c5fd882be9ef62f84eb3685bb70b7
W5_Q01,STRUCT_R2,12,6,177907,1517,0,0,3,0,3,1,4,10,4,3,7528d1a80da7ce6bed6c3efbaad136c6b237adf54f46f512a5fe79019bfef2ec
W2_Q04,OFF,12,6,312773,1927,0,0,6,2,16,6,6,15,4,8,b8312387bf162a1452336c9e9e40ef1298c4a5b22cc87b54f4215f6e91104b3c
W8_Q01,ALGSTRUCT,12,6,1089619,5573,1,1,14,1,25,163,10,168,63,15,fdd35fe24122be542f9944d55e73c67d2cd28afd3fd1ff25e723a080e5d2dad8
W8_Q08,STRUCT,12,6,1436539,6093,0,0,21,2,48,171,11,169,63,23,6202056e7f9106d89fc2c03650e5a38d69f704cc369ba9e689bf413e5f7173e1
W2_Q32,ALGSTRUCT,12,6,2245346,3371,32,0,34,1,67,33,5,14,4,35,aa6152b6f2b2227ea71db0831b5f58d2dce2bdcb6db5c4bb5d1fb235d1201ed1
W3_d2,STRUCT_R1,12,6,973730,1963,9,0,11,3,24,11,8,27,5,14,b3a60a0bc9bb1633f8ca67743fa2b43eea5f58f8a512cbf173b181d8c20dfa68
W8_Q32,STRUCT_R2,12,6,2791378,8296,0,1,45,2,120,195,11,169,63,47,257e33fe42ff72054f90b0755280d3b57f6dc95e0ff488350c7a08c8fa00e255
W1,STRUCT,12,6,265219,1667,0,0,3,2,7,3,6,15,4,5,4b26ed307e0166f8d1fa59ea1e874899e41c5fd882be9ef62f84eb3685bb70b7
W4_Q16,STRUCT_R2,12,6,4778374,27426,0,0,66,2,132,530,22,511,31,68,7fbae5656c303ca065341c5db14fa3ef41fb196c82f59bb1c789e1f7b78b0f7a
W2_Q04,STRUCT_R1,12,6,414698,1260,4,0,6,1,11,5,5,14,4,7,e3e1c95caf3c6465ad04568b51f69fe26be853a4ad44521756f63edd123351f8
W5_Q08,STRUCT,12,6,521383,3260,0,0,24,0,24,8,18,66,4,24,1ec99f8159a9bf9f7216cbde66142ab941580d932ab53b67181d9941e08515a5
W9_Q32,STRUCT_R2,12,6,5070629,11946,0,16,34,1,35,560,4,4,1,35,678046e55883cc9fe207429daab5f5da66bcc2178ee01574697097ddff7f102c
W6_Q02,STRUCT_R2,12,6,309700,1667,0,0,4,2,10,4,6,15,5,6,d26b7c6c44eb2ae1342ad0eacde318e4485f70f1e0c22f44dc171d7c0f11f2c5
W2_Q16,STRUCT,12,6,986693,2426,0,0,18,2,52,18,6,15,4,20,f53a43e02a6f7be38b5d23a92cce7a6f0c7e7deac086e97841ea021c93a5a893
W4_Q32,ALGSTRUCT,12,6,18697375,67295,32,0,130,1,227,1057,37,1006,31,131,4a5be56a553c6df341c1f260562041444c20a964d5f4f3916c7966ddd0bae2e9
W9_Q08,STRUCT,12,6,1568430,6369,0,0,10,2,14,224,4,4,1,12,4c97cc82f3dbf6bc2a6de325d199b0cb65ffca732846069f84ea5618bb19fcfd
W3_d1,STRUCT_R1,12,6,591548,1705,8,0,10,1,19,9,5,14,4,11,51eaee63f5c885c3fa7e71093e89c7ff61bea1c09d51d95c588c39ddf452f383
W6_Q04,ALGSTRUCT,12,6,415163,1555,0,0,6,2,16,6,6,15,5,8,463695b346924b3ce3bfd76bc311a5cc5d47fb033482cc22912fc407e8f09fdf
W3_d2,ALGSTRUCT,12,6,991804,1889,9,0,11,3,24,11,8,27,5,14,b3a60a0bc9bb1633f8ca67743fa2b43eea5f58f8a512cbf173b181d8c20dfa68
W6_Q32,OFF,12,6,1545170,3258,0,0,34,2,100,34,6,15,5,36,e27ba2fd4a248e13e86f6fd51f6578ca7bbe37b27fb6c62f3d2e37c16ce58156
W8_Q04,STRUCT_R1,12,6,1291930,5556,4,0,17,1,31,166,10,168,63,18,1ff2b9471d9cd2dd9078b74afc728460463e46c3102cf6da6b805d7f73e4899a
W5_Q01,STRUCT_R1,12,6,189833,1554,0,0,3,0,3,1,4,10,4,3,7528d1a80da7ce6bed6c3efbaad136c6b237adf54f46f512a5fe79019bfef2ec
W7_Q02,OFF,12,6,171831,1389,0,0,6,0,10,4,6,15,4,6,b1d2efac79748ca32ad60ca241d894721be3c3795c13e31e47e01dad1cb5a5f1
W6_Q16,STRUCT,12,6,977655,2334,0,0,18,2,52,18,6,15,5,20,bb0755604375307ff8e5fd09781b80b224d9ab98fa75fb51387fe44cb24e3726
W2_Q02,OFF,12,6,245443,1721,0,0,4,2,10,4,6,15,4,6,002b88cffa362a25f201c7342c0d49bad4cd7fb10998ad8823a39c11beee6d88
W8_Q01,STRUCT,12,6,995770,6072,0,0,14,2,27,164,11,169,63,16,7b06ec78e125033330eb86a638ef113771be6d17e66ade996d2cadaa30e562a7
W4_Q08,STRUCT_R2,12,6,2306012,13241,0,0,34,2,68,266,14,263,31,36,310b652f3a487a64261e67b69ca4bd659f7cd91c74be37afd64d6187457e8bdc
W2_Q16,OFF,12,6,791879,2427,0,0,18,2,52,18,6,15,4,20,f53a43e02a6f7be38b5d23a92cce7a6f0c7e7deac086e97841ea021c93a5a893
W7_Q08,OFF,12,6,294940,2075,0,0,12,0,28,10,6,15,4,12,d13ad2add4e1d9cb21c441a8963ffbcf5f462a05d4f61331fa56b7c117fe58d1
W5_Q16,STRUCT_R2,12,6,962953,4814,0,0,48,0,48,16,34,130,4,48,15f4ec0f61204d6ef15a655140c1c86c7248fc9deed8e4c09ef3081b8b94fb64
W7_Q08,ALGSTRUCT,12,6,413070,1833,0,0,12,0,28,10,6,15,4,12,d13ad2add4e1d9cb21c441a8963ffbcf5f462a05d4f61331fa56b7c117fe58d1
W5_Q08,OFF,12,6,434088,2666,0,0,24,0,24,8,18,66,4,24,1ec99f8159a9bf9f7216cbde66142ab941580d932ab53b67181d9941e08515a5
W6_Q01,OFF,12,6,195017,1685,0,0,3,2,7,3,6,15,5,5,ef852aa19070a90d167a6fc211683b2bbb6401671f4212d90e23806d1620b62f
W9_Q02,ALGSTRUCT,12,6,641622,3982,0,1,4,1,5,80,4,4,1,5,a250745debd6fd7cf3585f94dfa2ad7178c8b7c572e5ce15f0467c48475c0e9a
W3_d1,STRUCT_R2,12,6,569178,2112,0,0,10,2,28,10,6,15,4,12,a54c74b256ab2c5cf00e4072ff680215ee9ddba8ea28d33e07bfd46dd0370227
W2_Q08,STRUCT_R1,12,6,578200,1683,8,0,10,1,19,9,5,14,4,11,28ef291bdbdabd5779860a9dac095bdb774cc930b18dec6f9c7bf13df75550d2
W9_Q08,STRUCT_R1,12,6,1590796,5872,0,0,10,2,14,224,4,4,1,12,4c97cc82f3dbf6bc2a6de325d199b0cb65ffca732846069f84ea5618bb19fcfd
W2_Q01,STRUCT_R1,12,6,273590,1277,1,0,3,1,5,2,5,14,4,4,2474f5c3c44c2292e8653ad95f4f21ec80fa6c72b730d7761807baa6c04c0270
W4_Q01,STRUCT_R2,12,6,441625,2463,0,0,6,2,12,35,7,46,31,8,c1c4e28384d704fc6572f4a795b1b9dcd23dd585446058743d09154ee63f83a5
W1,OFF,12,6,196886,1482,0,0,3,2,7,3,6,15,4,5,4b26ed307e0166f8d1fa59ea1e874899e41c5fd882be9ef62f84eb3685bb70b7
W7_Q32,OFF,12,6,887176,3685,0,0,36,0,100,34,6,15,4,36,6bdf3735d7ed12e047353d97f7fd342934c808ba421573c6cd2474dd612f37b1
W9_Q04,STRUCT,12,6,1115415,6703,0,0,6,2,10,160,4,4,1,8,a25fcd6d9b6930c5a5e472a5d4b9da9d0423cec22fe64a49a0e3364286ad6c7b
W6_Q04,STRUCT_R2,12,6,398051,1593,0,0,6,2,16,6,6,15,5,8,463695b346924b3ce3bfd76bc311a5cc5d47fb033482cc22912fc407e8f09fdf
W6_Q16,STRUCT_R2,12,6,962767,2463,0,0,18,2,52,18,6,15,5,20,bb0755604375307ff8e5fd09781b80b224d9ab98fa75fb51387fe44cb24e3726
W8_Q04,OFF,12,6,943434,5852,0,0,17,2,36,167,11,169,63,19,683043cf53c296ea0d43a0c383a5a5aa5dfae2adbc542c677c919239829da206
W2_Q08,ALGSTRUCT,12,6,584048,1557,8,0,10,1,19,9,5,14,4,11,28ef291bdbdabd5779860a9dac095bdb774cc930b18dec6f9c7bf13df75550d2
W9_Q04,STRUCT_R1,12,6,1111135,5038,0,0,6,2,10,160,4,4,1,8,a25fcd6d9b6930c5a5e472a5d4b9da9d0423cec22fe64a49a0e3364286ad6c7b
W7_Q16,OFF,12,6,478476,2611,0,0,20,0,52,18,6,15,4,20,352ecf90b67b0a72cf480d5f2990d3ea8f45c0a65a2644e7a858b4f181627dcb
W3_d3,ALGSTRUCT,12,6,1415169,2408,10,0,12,5,29,13,11,43,8,17,16f1a8e88d7f920d91f3a177d0789d4761bf8768a0ac71ebce1f9f2282714954
W8_Q04,STRUCT,12,6,1175950,5704,0,0,17,2,36,167,11,169,63,19,683043cf53c296ea0d43a0c383a5a5aa5dfae2adbc542c677c919239829da206
W3_d3,STRUCT,12,6,1411670,2537,0,0,12,8,42,16,14,46,8,20,d0de00aa950042ce2df3a1aacd87b83395b88f62201b4b0ee4f6f67dba5bbb2b
W8_Q16,ALGSTRUCT,12,6,2190533,6685,16,1,29,1,55,178,10,168,63,30,d68e12eaec95eadd08fb1ce8e6c0dcfc893de77e4c3d4f5a64bb4b4ee29b64b3
W5_Q04,OFF,12,6,241201,2407,0,0,12,0,12,4,10,34,4,12,233b80e0525d1c617459998a8c1e1bc9855a2c2b10f43c6fd42648b8adae0248
W4_Q16,STRUCT_R1,12,6,7055350,26019,16,0,66,1,115,529,21,510,31,67,c4cb6b036cc3a61a0d0502a6d94307b09dd7e159ba9b445a83ebed14f5c8ebe1
W8_Q16,STRUCT,12,6,1883628,7000,0,0,29,2,72,179,11,169,63,31,75d1b16c15c201143eb0f00e84429326ead193544062ed0323b47e7914fd575d
W2_Q16,STRUCT_R1,12,6,1060895,2223,16,0,18,1,35,17,5,14,4,19,6874ea3fe8a08c7af5d8752f9a4557e5d01bc066a937913a1e427661cbb540c4
W9_Q01,STRUCT_R2,12,6,341848,3963,0,0,3,0,3,48,4,4,1,3,6e63c0dab5f8b29ef9d1440bcd3711746464b7521a4243c8d32e03504a6224d2
W3_d1,OFF,12,6,453679,2427,0,0,10,2,28,10,6,15,4,12,a54c74b256ab2c5cf00e4072ff680215ee9ddba8ea28d33e07bfd46dd0370227
W6_Q01,ALGSTRUCT,12,6,275109,1555,0,0,3,2,7,3,6,15,5,5,ef852aa19070a90d167a6fc211683b2bbb6401671f4212d90e23806d1620b62f
W4_Q16,OFF,12,6,4170529,27500,0,0,66,2,132,530,22,511,31,68,7fbae5656c303ca065341c5db14fa3ef41fb196c82f59bb1c789e1f7b78b0f7a
W2_Q01,STRUCT_R2,12,6,259515,1963,0,0,3,2,7,3,6,15,4,5,fb4f50a52888382fd35dda056767f1188dd59b0b7db5fbe2928a5afbf6bf9f5b
W9_Q02,OFF,12,6,346237,4685,0,0,4,0,6,96,4,4,1,4,f59554bf6b558dac39020afcdc9d3261e3c200f0f612cb6818827b31bbda0408
W6_Q01,STRUCT_R2,12,6,258737,1871,0,0,3,2,7,3,6,15,5,5,ef852aa19070a90d167a6fc211683b2bbb6401671f4212d90e23806d1620b62f
W7_Q01,STRUCT,12,6,221646,1704,0,0,5,0,7,3,6,15,4,5,70f8123fffd2af37d12a00e22d9841098c66a489d4953aae174ab2cb5014e5d7
W9_Q16,STRUCT_R1,12,6,2735063,8426,0,0,18,2,22,352,4,4,1,20,ff9866380da95df98e4375770d21fe162b02c0b8b05b75e939b18d0d711c4c04
W5_Q02,STRUCT_R2,12,6,219776,1629,0,0,6,0,6,2,6,18,4,6,e7741c936508103b2af3b934e316124eac7bac4773e716fb634bafee4047c0e4
W5_Q02,ALGSTRUCT,12,6,235367,1556,0,0,6,0,6,2,6,18,4,6,e7741c936508103b2af3b934e316124eac7bac4773e716fb634bafee4047c0e4
W4_Q08,STRUCT_R1,12,6,2956857,13518,8,0,34,1,59,265,13,262,31,35,0d7db8d8f19881c77c6e7cd19e1f9d024ea9973fae56dbdbc00db2eeaa790340
W4_Q08,STRUCT,12,6,2302051,13313,0,0,34,2,68,266,14,263,31,36,310b652f3a487a64261e67b69ca4bd659f7cd91c74be37afd64d6187457e8bdc
W7_Q16,ALGSTRUCT,12,6,632106,1999,0,0,20,0,52,18,6,15,4,20,352ecf90b67b0a72cf480d5f2990d3ea8f45c0a65a2644e7a858b4f181627dcb
W5_Q01,STRUCT,12,6,181701,1223,0,0,3,0,3,1,4,10,4,3,7528d1a80da7ce6bed6c3efbaad136c6b237adf54f46f512a5fe79019bfef2ec
W8_Q32,STRUCT_R1,12,6,3827163,7907,32,0,45,1,87,194,10,168,63,46,45e69b1796e998f7df6d485c516cc0751375b53ec01f0a7673d473a9ec217a0e
W8_Q32,OFF,12,6,2331920,8185,0,0,45,2,120,195,11,169,63,47,257e33fe42ff72054f90b0755280d3b57f6dc95e0ff488350c7a08c8fa00e255
W3_d1,ALGSTRUCT,12,6,582291,1796,8,0,10,1,19,9,5,14,4,11,51eaee63f5c885c3fa7e71093e89c7ff61bea1c09d51d95c588c39ddf452f383
W2_Q32,STRUCT_R2,12,6,1838406,3481,0,0,34,2,100,34,6,15,4,36,ead1d2e3154b72c47159b745145cb82392c282dcdeeba0e877b2291c8ed45d37
W5_Q04,STRUCT_R1,12,6,318088,1612,0,0,12,0,12,4,10,34,4,12,233b80e0525d1c617459998a8c1e1bc9855a2c2b10f43c6fd42648b8adae0248
W8_Q32,ALGSTRUCT,12,6,3847183,8165,32,1,45,1,87,194,10,168,63,46,45e69b1796e998f7df6d485c516cc0751375b53ec01f0a7673d473a9ec217a0e
W7_Q32,ALGSTRUCT,12,6,1161266,3074,0,0,36,0,100,34,6,15,4,36,6bdf3735d7ed12e047353d97f7fd342934c808ba421573c6cd2474dd612f37b1
W5_Q32,STRUCT_R1,12,6,2059570,9649,0,0,96,0,96,32,66,258,4,96,ad908136f049b66ae4b1e1c3f252d7a2ebead009fab3f7177d4babd24fcbec6a
W5_Q16,STRUCT_R1,12,6,1012822,5519,0,0,48,0,48,16,34,130,4,48,15f4ec0f61204d6ef15a655140c1c86c7248fc9deed8e4c09ef3081b8b94fb64
W8_Q32,STRUCT,12,6,2781414,8297,0,0,45,2,120,195,11,169,63,47,257e33fe42ff72054f90b0755280d3b57f6dc95e0ff488350c7a08c8fa00e255
W9_Q16,OFF,12,6,1710537,7722,0,0,18,0,48,768,4,4,1,18,43b7f4efcb619e6e3fc5fc66e7827f4bb8130a24a5905f5ce4efe6114dbfdbd3
W9_Q16,STRUCT_R2,12,6,2637545,8075,0,8,18,1,19,304,4,4,1,19,44cdb1eb48242e36e60587a8e97fc1204f774ee018380c18a625f9abe3ce3ce8
W9_Q04,OFF,12,6,613438,5611,0,0,6,0,12,192,4,4,1,6,6dad93323aff1013501fa90b58e0e48741ec6d807386799264c78a900e9e11d0
W9_Q01,OFF,12,6,227349,3519,0,0,3,0,3,48,4,4,1,3,6e63c0dab5f8b29ef9d1440bcd3711746464b7521a4243c8d32e03504a6224d2
W8_Q16,OFF,12,6,1491390,7001,0,0,29,2,72,179,11,169,63,31,75d1b16c15c201143eb0f00e84429326ead193544062ed0323b47e7914fd575d
W6_Q02,ALGSTRUCT,12,6,318627,1333,0,0,4,2,10,4,6,15,5,6,d26b7c6c44eb2ae1342ad0eacde318e4485f70f1e0c22f44dc171d7c0f11f2c5
W7_Q32,STRUCT_R1,12,6,1160671,3113,0,0,36,0,100,34,6,15,4,36,6bdf3735d7ed12e047353d97f7fd342934c808ba421573c6cd2474dd612f37b1
W4_Q04,STRUCT_R2,12,6,1240858,6795,0,0,18,2,36,134,10,139,31,20,fd25718cb278dfe33c1131161ba4977814e08de24bd73801325a42bf895b4b90
W9_Q02,STRUCT_R2,12,6,633142,4389,0,1,4,1,5,80,4,4,1,5,a250745debd6fd7cf3585f94dfa2ad7178c8b7c572e5ce15f0467c48475c0e9a
W9_Q02,STRUCT_R1,12,6,477476,3500,0,0,4,0,6,96,4,4,1,4,f59554bf6b558dac39020afcdc9d3261e3c200f0f612cb6818827b31bbda0408
W8_Q02,OFF,12,6,832473,5314,0,0,15,2,30,165,11,169,63,17,ab8e72a97eeddaf640fa9d87846837b35913b3b9a7916818e4653a499fd7cc9a
W7_Q16,STRUCT,12,6,601846,2129,0,0,20,0,52,18,6,15,4,20,352ecf90b67b0a72cf480d5f2990d3ea8f45c0a65a2644e7a858b4f181627dcb
W8_Q08,STRUCT_R1,12,6,1615890,5741,8,0,21,1,39,170,10,168,63,22,dfb50a16d91192e00318e4ac61c06d5403d37554d2e61726115b9e5e96a90617
W5_Q01,OFF,12,6,122834,1517,0,0,3,0,3,1,4,10,4,3,7528d1a80da7ce6bed6c3efbaad136c6b237adf54f46f512a5fe79019bfef2ec
W9_Q01,STRUCT,12,6,345497,3518,0,0,3,0,3,48,4,4,1,3,6e63c0dab5f8b29ef9d1440bcd3711746464b7521a4243c8d32e03504a6224d2
W6_Q08,STRUCT,12,6,578419,1908,0,0,10,2,28,10,6,15,5,12,0d426ef82e54bf37e16bebf86ad11b160059eb28202264ca816d50ab17a2aa06
W2_Q04,ALGSTRUCT,12,6,418347,2074,4,0,6,1,11,5,5,14,4,7,e3e1c95caf3c6465ad04568b51f69fe26be853a4ad44521756f63edd123351f8
W1,ALGSTRUCT,12,6,276607,1501,1,0,3,1,5,2,5,14,4,4,ddbc64bc70e115337e04b3ee4eac0b96e81aea703c916cfeea2e2366190e3210
W4_Q02,STRUCT_R1,12,6,773086,3647,2,0,10,1,17,67,7,76,31,11,056c94f2139c9e918446fe4f786e56b203a4febdd7cdb7d162e2b0323db5a772
W3_d1,STRUCT,12,6,576679,1704,0,0,10,2,28,10,6,15,4,12,a54c74b256ab2c5cf00e4072ff680215ee9ddba8ea28d33e07bfd46dd0370227
W8_Q08,STRUCT_R2,12,6,1436910,6445,0,1,21,2,48,171,11,169,63,23,6202056e7f9106d89fc2c03650e5a38d69f704cc369ba9e689bf413e5f7173e1
W4_Q32,STRUCT_R1,12,6,18370065,62776,32,0,130,1,227,1057,37,1006,31,131,4a5be56a553c6df341c1f260562041444c20a964d5f4f3916c7966ddd0bae2e9
W7_Q04,STRUCT_R1,12,6,299258,1406,0,0,8,0,16,6,6,15,4,8,64eb05b2d681af147811cd64dc0e11be812cb48952e297a71fcf6d3c013ba4a0
W7_Q02,STRUCT_R2,12,6,242554,1962,0,0,6,0,10,4,6,15,4,6,b1d2efac79748ca32ad60ca241d894721be3c3795c13e31e47e01dad1cb5a5f1
W7_Q16,STRUCT_R2,12,6,611289,2408,0,0,20,0,52,18,6,15,4,20,352ecf90b67b0a72cf480d5f2990d3ea8f45c0a65a2644e7a858b4f181627dcb
W4_Q02,ALGSTRUCT,12,6,782120,3908,2,0,10,1,17,67,7,76,31,11,056c94f2139c9e918446fe4f786e56b203a4febdd7cdb7d162e2b0323db5a772
W2_Q02,STRUCT_R2,12,6,309107,1778,0,0,4,2,10,4,6,15,4,6,002b88cffa362a25f201c7342c0d49bad4cd7fb10998ad8823a39c11beee6d88
W8_Q16,STRUCT_R2,12,6,1837978,7409,0,1,29,2,72,179,11,169,63,31,75d1b16c15c201143eb0f00e84429326ead193544062ed0323b47e7914fd575d
W7_Q32,STRUCT_R2,12,6,1110191,3612,0,0,36,0,100,34,6,15,4,36,6bdf3735d7ed12e047353d97f7fd342934c808ba421573c6cd2474dd612f37b1
W9_Q08,STRUCT_R2,12,6,1467834,6761,0,4,10,1,11,176,4,4,1,11,f0aee4c6a6b6511ecbc27f2fc4ef3f688cd044d5f143461208ceed4e1cea64ae
W8_Q04,ALGSTRUCT,12,6,1309041,5722,4,1,17,1,31,166,10,168,63,18,1ff2b9471d9cd2dd9078b74afc728460463e46c3102cf6da6b805d7f73e4899a
W7_Q08,STRUCT,12,6,403883,1723,0,0,12,0,28,10,6,15,4,12,d13ad2add4e1d9cb21c441a8963ffbcf5f462a05d4f61331fa56b7c117fe58d1
W3_d3,STRUCT_R2,12,6,1418005,2461,0,0,12,8,42,16,14,46,8,20,d0de00aa950042ce2df3a1aacd87b83395b88f62201b4b0ee4f6f67dba5bbb2b
W7_Q01,STRUCT_R2,12,6,218942,1370,0,0,5,0,7,3,6,15,4,5,70f8123fffd2af37d12a00e22d9841098c66a489d4953aae174ab2cb5014e5d7
W9_Q04,STRUCT_R2,12,6,988878,5167,0,2,6,1,7,112,4,4,1,7,7e3f7232eefdc535f0f8be36c1c724fab7de36a2740821784506d96a09bd30b3
W4_Q01,OFF,12,6,360589,2666,0,0,6,2,12,35,7,46,31,8,c1c4e28384d704fc6572f4a795b1b9dcd23dd585446058743d09154ee63f83a5
W8_Q02,ALGSTRUCT,12,6,1155728,5537,2,1,15,1,27,164,10,168,63,16,652ea2e2db2a8b59e1a2373d0aa09bb6194a7176cb3cd104297a14f7ef235e6b
W6_Q08,OFF,12,6,454180,2389,0,0,10,2,28,10,6,15,5,12,0d426ef82e54bf37e16bebf86ad11b160059eb28202264ca816d50ab17a2aa06
W2_Q04,STRUCT_R2,12,6,399162,1704,0,0,6,2,16,6,6,15,4,8,b8312387bf162a1452336c9e9e40ef1298c4a5b22cc87b54f4215f6e91104b3c
W1,STRUCT_R1,12,6,271570,1482,1,0,3,1,5,2,5,14,4,4,ddbc64bc70e115337e04b3ee4eac0b96e81aea703c916cfeea2e2366190e3210
W8_Q01,OFF,12,6,786342,6149,0,0,14,2,27,164,11,169,63,16,7b06ec78e125033330eb86a638ef113771be6d17e66ade996d2cadaa30e562a7
W9_Q32,STRUCT_R1,12,6,5196371,12888,0,0,34,2,38,608,4,4,1,36,f9b4de382a62f7ddf0ae716d829e6d3204b079918eba11b5d003aed0f308e9a0
W2_Q16,STRUCT_R2,12,6,989360,2574,0,0,18,2,52,18,6,15,4,20,f53a43e02a6f7be38b5d23a92cce7a6f0c7e7deac086e97841ea021c93a5a893
W5_Q08,ALGSTRUCT,12,6,535347,2129,0,0,24,0,24,8,18,66,4,24,1ec99f8159a9bf9f7216cbde66142ab941580d932ab53b67181d9941e08515a5
W6_Q02,OFF,12,6,241459,1834,0,0,4,2,10,4,6,15,5,6,d26b7c6c44eb2ae1342ad0eacde318e4485f70f1e0c22f44dc171d7c0f11f2c5
W4_Q01,ALGSTRUCT,12,6,489661,2296,1,0,6,1,10,34,6,45,31,7,2a2742010b3f20f3e0b7616f059bcf47256e350d22af5b1d3a055aa5eee736e9
W2_Q32,OFF,12,6,1579724,3889,0,0,34,2,100,34,6,15,4,36,ead1d2e3154b72c47159b745145cb82392c282dcdeeba0e877b2291c8ed45d37
W5_Q08,STRUCT_R2,12,6,527014,3129,0,0,24,0,24,8,18,66,4,24,1ec99f8159a9bf9f7216cbde66142ab941580d932ab53b67181d9941e08515a5
W5_Q04,ALGSTRUCT,12,6,321292,1723,0,0,12,0,12,4,10,34,4,12,233b80e0525d1c617459998a8c1e1bc9855a2c2b10f43c6fd42648b8adae0248
W7_Q02,STRUCT_R1,12,6,250220,1481,0,0,6,0,10,4,6,15,4,6,b1d2efac79748ca32ad60ca241d894721be3c3795c13e31e47e01dad1cb5a5f1
W7_Q16,STRUCT_R1,12,6,641030,2185,0,0,20,0,52,18,6,15,4,20,352ecf90b67b0a72cf480d5f2990d3ea8f45c0a65a2644e7a858b4f181627dcb
W4_Q04,STRUCT,12,6,1235375,6889,0,0,18,2,36,134,10,139,31,20,fd25718cb278dfe33c1131161ba4977814e08de24bd73801325a42bf895b4b90
W4_Q01,STRUCT,12,6,450478,2906,0,0,6,2,12,35,7,46,31,8,c1c4e28384d704fc6572f4a795b1b9dcd23dd585446058743d09154ee63f83a5
W2_Q01,OFF,12,6,197795,1722,0,0,3,2,7,3,6,15,4,5,fb4f50a52888382fd35dda056767f1188dd59b0b7db5fbe2928a5afbf6bf9f5b
W7_Q01,OFF,12,6,151499,1518,0,0,5,0,7,3,6,15,4,5,70f8123fffd2af37d12a00e22d9841098c66a489d4953aae174ab2cb5014e5d7
W5_Q01,ALGSTRUCT,12,6,185333,1276,0,0,3,0,3,1,4,10,4,3,7528d1a80da7ce6bed6c3efbaad136c6b237adf54f46f512a5fe79019bfef2ec
W5_Q32,STRUCT_R2,12,6,1975053,9408,0,0,96,0,96,32,66,258,4,96,ad908136f049b66ae4b1e1c3f252d7a2ebead009fab3f7177d4babd24fcbec6a
W4_Q02,STRUCT_R2,12,6,689956,3518,0,0,10,2,20,68,8,77,31,12,c082fb0620ac05b05065135ca996c9564b57d8a79b47964aa54b86c16cd0659f
W7_Q08,STRUCT_R2,12,6,395976,1705,0,0,12,0,28,10,6,15,4,12,d13ad2add4e1d9cb21c441a8963ffbcf5f462a05d4f61331fa56b7c117fe58d1
W7_Q04,ALGSTRUCT,12,6,299849,1259,0,0,8,0,16,6,6,15,4,8,64eb05b2d681af147811cd64dc0e11be812cb48952e297a71fcf6d3c013ba4a0
W9_Q04,ALGSTRUCT,12,6,984397,6722,0,2,6,1,7,112,4,4,1,7,7e3f7232eefdc535f0f8be36c1c724fab7de36a2740821784506d96a09bd30b3
W7_Q32,STRUCT,12,6,1109544,3240,0,0,36,0,100,34,6,15,4,36,6bdf3735d7ed12e047353d97f7fd342934c808ba421573c6cd2474dd612f37b1
W9_Q16,STRUCT,12,6,2746526,9241,0,0,18,2,22,352,4,4,1,20,ff9866380da95df98e4375770d21fe162b02c0b8b05b75e939b18d0d711c4c04
W2_Q04,STRUCT,12,6,407754,1852,0,0,6,2,16,6,6,15,4,8,b8312387bf162a1452336c9e9e40ef1298c4a5b22cc87b54f4215f6e91104b3c
W8_Q08,OFF,12,6,1178543,5833,0,0,21,2,48,171,11,169,63,23,6202056e7f9106d89fc2c03650e5a38d69f704cc369ba9e689bf413e5f7173e1
W4_Q01,STRUCT_R1,12,6,495531,2797,1,0,6,1,10,34,6,45,31,7,2a2742010b3f20f3e0b7616f059bcf47256e350d22af5b1d3a055aa5eee736e9
W4_Q04,OFF,12,6,1049934,6592,0,0,18,2,36,134,10,139,31,20,fd25718cb278dfe33c1131161ba4977814e08de24bd73801325a42bf895b4b90
W2_Q01,STRUCT,12,6,264368,1370,0,0,3,2,7,3,6,15,4,5,fb4f50a52888382fd35dda056767f1188dd59b0b7db5fbe2928a5afbf6bf9f5b
W4_Q32,STRUCT_R2,12,6,9660561,68409,0,0,130,2,260,1058,38,1007,31,132,068ad024181661f75503372002890dd704cd730c5fc591fd65590a6d532c145d
W6_Q16,OFF,12,6,779160,2517,0,0,18,2,52,18,6,15,5,20,bb0755604375307ff8e5fd09781b80b224d9ab98fa75fb51387fe44cb24e3726
W5_Q16,ALGSTRUCT,12,6,1014007,5519,0,0,48,0,48,16,34,130,4,48,15f4ec0f61204d6ef15a655140c1c86c7248fc9deed8e4c09ef3081b8b94fb64
W7_Q01,STRUCT_R1,12,6,225608,1630,0,0,5,0,7,3,6,15,4,5,70f8123fffd2af37d12a00e22d9841098c66a489d4953aae174ab2cb5014e5d7
W7_Q02,STRUCT,12,6,247627,1370,0,0,6,0,10,4,6,15,4,6,b1d2efac79748ca32ad60ca241d894721be3c3795c13e31e47e01dad1cb5a5f1
W9_Q01,ALGSTRUCT,12,6,345423,3425,0,0,3,0,3,48,4,4,1,3,6e63c0dab5f8b29ef9d1440bcd3711746464b7521a4243c8d32e03504a6224d2
W8_Q04,STRUCT_R2,12,6,1168118,5907,0,1,17,2,36,167,11,169,63,19,683043cf53c296ea0d43a0c383a5a5aa5dfae2adbc542c677c919239829da206
W9_Q08,ALGSTRUCT,12,6,1463262,5371,0,4,10,1,11,176,4,4,1,11,f0aee4c6a6b6511ecbc27f2fc4ef3f688cd044d5f143461208ceed4e1cea64ae
W6_Q32,STRUCT,12,6,1870313,3778,0,0,34,2,100,34,6,15,5,36,e27ba2fd4a248e13e86f6fd51f6578ca7bbe37b27fb6c62f3d2e37c16ce58156
W4_Q32,OFF,12,6,8525372,84944,0,0,130,2,260,1058,38,1007,31,132,068ad024181661f75503372002890dd704cd730c5fc591fd65590a6d532c145d
W4_Q02,OFF,12,6,568605,3759,0,0,10,2,20,68,8,77,31,12,c082fb0620ac05b05065135ca996c9564b57d8a79b47964aa54b86c16cd0659f
W3_d2,OFF,12,6,774844,2185,0,0,11,5,35,13,10,29,5,16,bb512a3ef0db77c97656c90a9544f5958e4b52748f6a43bfdbc34ec450c82e91
W6_Q08,STRUCT_R1,12,6,586438,1685,0,0,10,2,28,10,6,15,5,12,0d426ef82e54bf37e16bebf86ad11b160059eb28202264ca816d50ab17a2aa06
W6_Q32,STRUCT_R2,12,6,1847090,3483,0,0,34,2,100,34,6,15,5,36,e27ba2fd4a248e13e86f6fd51f6578ca7bbe37b27fb6c62f3d2e37c16ce58156
W9_Q01,STRUCT,13,6,342571,3870,0,0,3,0,3,48,4,4,1,3,6e63c0dab5f8b29ef9d1440bcd3711746464b7521a4243c8d32e03504a6224d2
W8_Q02,STRUCT_R2,13,6,1048730,5759,0,1,15,2,30,165,11,169,63,17,ab8e72a97eeddaf640fa9d87846837b35913b3b9a7916818e4653a499fd7cc9a
W6_Q04,STRUCT_R1,13,6,413071,1703,0,0,6,2,16,6,6,15,5,8,463695b346924b3ce3bfd76bc311a5cc5d47fb033482cc22912fc407e8f09fdf
W8_Q01,ALGSTRUCT,13,6,1088840,5463,1,1,14,1,25,163,10,168,63,15,fdd35fe24122be542f9944d55e73c67d2cd28afd3fd1ff25e723a080e5d2dad8
W7_Q32,STRUCT_R1,13,6,1177634,3298,0,0,36,0,100,34,6,15,4,36,6bdf3735d7ed12e047353d97f7fd342934c808ba421573c6cd2474dd612f37b1
W7_Q16,STRUCT_R1,13,6,631606,1925,0,0,20,0,52,18,6,15,4,20,352ecf90b67b0a72cf480d5f2990d3ea8f45c0a65a2644e7a858b4f181627dcb
W7_Q04,OFF,13,6,209814,1592,0,0,8,0,16,6,6,15,4,8,64eb05b2d681af147811cd64dc0e11be812cb48952e297a71fcf6d3c013ba4a0
W9_Q08,OFF,13,6,905824,7093,0,0,10,0,24,384,4,4,1,10,ae43d04dfb0cf7afbfdc83558714cd1da89c64e7c6d49325a19de9764156762a
W2_Q04,OFF,13,6,314330,2093,0,0,6,2,16,6,6,15,4,8,b8312387bf162a1452336c9e9e40ef1298c4a5b22cc87b54f4215f6e91104b3c
W3_d2,STRUCT_R2,13,6,955714,2461,0,0,11,5,35,13,10,29,5,16,bb512a3ef0db77c97656c90a9544f5958e4b52748f6a43bfdbc34ec450c82e91
W7_Q02,STRUCT_R1,13,6,250240,1350,0,0,6,0,10,4,6,15,4,6,b1d2efac79748ca32ad60ca241d894721be3c3795c13e31e47e01dad1cb5a5f1
W9_Q32,STRUCT_R2,13,6,5060409,13296,0,16,34,1,35,560,4,4,1,35,678046e55883cc9fe207429daab5f5da66bcc2178ee01574697097ddff7f102c
W5_Q32,STRUCT_R1,13,6,2077569,10297,0,0,96,0,96,32,66,258,4,96,ad908136f049b66ae4b1e1c3f252d7a2ebead009fab3f7177d4babd24fcbec6a
W5_Q02,STRUCT,13,6,219221,1610,0,0,6,0,6,2,6,18,4,6,e7741c936508103b2af3b934e316124eac7bac4773e716fb634bafee4047c0e4
W4_Q16,ALGSTRUCT,13,6,7093350,26426,16,0,66,1,115,529,21,510,31,67,c4cb6b036cc3a61a0d0502a6d94307b09dd7e159ba9b445a83ebed14f5c8ebe1
W7_Q08,STRUCT,13,6,405664,1721,0,0,12,0,28,10,6,15,4,12,d13ad2add4e1d9cb21c441a8963ffbcf5f462a05d4f61331fa56b7c117fe58d1
W8_Q16,STRUCT_R1,13,6,2181052,6943,16,0,29,1,55,178,10,168,63,30,d68e12eaec95eadd08fb1ce8e6c0dcfc893de77e4c3d4f5a64bb4b4ee29b64b3
W2_Q16,STRUCT_R1,13,6,1032099,1815,16,0,18,1,35,17,5,14,4,19,6874ea3fe8a08c7af5d8752f9a4557e5d01bc066a937913a1e427661cbb540c4
W4_Q01,OFF,13,6,360273,2501,0,0,6,2,12,35,7,46,31,8,c1c4e28384d704fc6572f4a795b1b9dcd23dd585446058743d09154ee63f83a5
W3_d2,STRUCT_R1,13,6,977119,2148,9,0,11,3,24,11,8,27,5,14,b3a60a0bc9bb1633f8ca67743fa2b43eea5f58f8a512cbf173b181d8c20dfa68
W2_Q16,STRUCT,13,6,983712,2907,0,0,18,2,52,18,6,15,4,20,f53a43e02a6f7be38b5d23a92cce7a6f0c7e7deac086e97841ea021c93a5a893
W9_Q02,STRUCT_R1,13,6,480884,3296,0,0,4,0,6,96,4,4,1,4,f59554bf6b558dac39020afcdc9d3261e3c200f0f612cb6818827b31bbda0408
W9_Q04,STRUCT_R2,13,6,984769,5258,0,2,6,1,7,112,4,4,1,7,7e3f7232eefdc535f0f8be36c1c724fab7de36a2740821784506d96a09bd30b3
W3_d2,OFF,13,6,774993,2203,0,0,11,5,35,13,10,29,5,16,bb512a3ef0db77c97656c90a9544f5958e4b52748f6a43bfdbc34ec450c82e91
W5_Q02,STRUCT_R2,13,6,220905,1481,0,0,6,0,6,2,6,18,4,6,e7741c936508103b2af3b934e316124eac7bac4773e716fb634bafee4047c0e4
W2_Q32,OFF,13,6,1521483,3519,0,0,34,2,100,34,6,15,4,36,ead1d2e3154b72c47159b745145cb82392c282dcdeeba0e877b2291c8ed45d37
W6_Q16,OFF,13,6,788972,2760,0,0,18,2,52,18,6,15,5,20,bb0755604375307ff8e5fd09781b80b224d9ab98fa75fb51387fe44cb24e3726
W3_d3,STRUCT_R2,13,6,1396855,2648,0,0,12,8,42,16,14,46,8,20,d0de00aa950042ce2df3a1aacd87b83395b88f62201b4b0ee4f6f67dba5bbb2b
W5_Q08,STRUCT,13,6,529847,3370,0,0,24,0,24,8,18,66,4,24,1ec99f8159a9bf9f7216cbde66142ab941580d932ab53b67181d9941e08515a5
W2_Q02,ALGSTRUCT,13,6,325145,1555,2,0,4,1,7,3,5,14,4,5,d8adac9423435c6f23a5e314f4d31430db516714fee41508dcac1bc6af0e6f0c
W7_Q01,STRUCT_R2,13,6,219739,1370,0,0,5,0,7,3,6,15,4,5,70f8123fffd2af37d12a00e22d9841098c66a489d4953aae174ab2cb5014e5d7
W7_Q01,OFF,13,6,153591,1426,0,0,5,0,7,3,6,15,4,5,70f8123fffd2af37d12a00e22d9841098c66a489d4953aae174ab2cb5014e5d7
W5_Q02,ALGSTRUCT,13,6,237571,1649,0,0,6,0,6,2,6,18,4,6,e7741c936508103b2af3b934e316124eac7bac4773e716fb634bafee4047c0e4
W4_Q08,STRUCT,13,6,2333381,13371,0,0,34,2,68,266,14,263,31,36,310b652f3a487a64261e67b69ca4bd659f7cd91c74be37afd64d6187457e8bdc
W5_Q08,STRUCT_R2,13,6,520199,2814,0,0,24,0,24,8,18,66,4,24,1ec99f8159a9bf9f7216cbde66142ab941580d932ab53b67181d9941e08515a5
W2_Q16,STRUCT_R2,13,6,985248,2501,0,0,18,2,52,18,6,15,4,20,f53a43e02a6f7be38b5d23a92cce7a6f0c7e7deac086e97841ea021c93a5a893
W9_Q02,ALGSTRUCT,13,6,636604,4333,0,1,4,1,5,80,4,4,1,5,a250745debd6fd7cf3585f94dfa2ad7178c8b7c572e5ce15f0467c48475c0e9a
W6_Q32,STRUCT_R2,13,6,1846312,3464,0,0,34,2,100,34,6,15,5,36,e27ba2fd4a248e13e86f6fd51f6578ca7bbe37b27fb6c62f3d2e37c16ce58156
W6_Q16,STRUCT,13,6,967339,2187,0,0,18,2,52,18,6,15,5,20,bb0755604375307ff8e5fd09781b80b224d9ab98fa75fb51387fe44cb24e3726
W5_Q02,OFF,13,6,157166,1851,0,0,6,0,6,2,6,18,4,6,e7741c936508103b2af3b934e316124eac7bac4773e716fb634bafee4047c0e4
W7_Q02,STRUCT_R2,13,6,247571,1519,0,0,6,0,10,4,6,15,4,6,b1d2efac79748ca32ad60ca241d894721be3c3795c13e31e47e01dad1cb5a5f1
W7_Q01,ALGSTRUCT,13,6,226756,1279,0,0,5,0,7,3,6,15,4,5,70f8123fffd2af37d12a00e22d9841098c66a489d4953aae174ab2cb5014e5d7
W2_Q32,STRUCT,13,6,1849815,3332,0,0,34,2,100,34,6,15,4,36,ead1d2e3154b72c47159b745145cb82392c282dcdeeba0e877b2291c8ed45d37
W7_Q04,STRUCT_R1,13,6,295238,1332,0,0,8,0,16,6,6,15,4,8,64eb05b2d681af147811cd64dc0e11be812cb48952e297a71fcf6d3c013ba4a0
W8_Q16,OFF,13,6,1510985,6592,0,0,29,2,72,179,11,169,63,31,75d1b16c15c201143eb0f00e84429326ead193544062ed0323b47e7914fd575d
W3_d3,STRUCT_R1,13,6,1407911,2611,10,0,12,5,29,13,11,43,8,17,16f1a8e88d7f920d91f3a177d0789d4761bf8768a0ac71ebce1f9f2282714954
W4_Q01,ALGSTRUCT,13,6,493235,2297,1,0,6,1,10,34,6,45,31,7,2a2742010b3f20f3e0b7616f059bcf47256e350d22af5b1d3a055aa5eee736e9
W8_Q01,OFF,13,6,790492,5444,0,0,14,2,27,164,11,169,63,16,7b06ec78e125033330eb86a638ef113771be6d17e66ade996d2cadaa30e562a7
W7_Q32,STRUCT,13,6,1130525,3074,0,0,36,0,100,34,6,15,4,36,6bdf3735d7ed12e047353d97f7fd342934c808ba421573c6cd2474dd612f37b1
W8_Q08,STRUCT_R2,13,6,1442836,6444,0,1,21,2,48,171,11,169,63,23,6202056e7f9106d89fc2c03650e5a38d69f704cc369ba9e689bf413e5f7173e1
W8_Q08,STRUCT,13,6,1438261,6149,0,0,21,2,48,171,11,169,63,23,6202056e7f9106d89fc2c03650e5a38d69f704cc369ba9e689bf413e5f7173e1
W1,STRUCT_R1,13,6,273534,1463,1,0,3,1,5,2,5,14,4,4,ddbc64bc70e115337e04b3ee4eac0b96e81aea703c916cfeea2e2366190e3210
W6_Q04,STRUCT,13,6,395494,1742,0,0,6,2,16,6,6,15,5,8,463695b346924b3ce3bfd76bc311a5cc5d47fb033482cc22912fc407e8f09fdf
W5_Q04,OFF,13,6,239867,1889,0,0,12,0,12,4,10,34,4,12,233b80e0525d1c617459998a8c1e1bc9855a2c2b10f43c6fd42648b8adae0248
W8_Q08,ALGSTRUCT,13,6,1637500,5593,8,1,21,1,39,170,10,168,63,22,dfb50a16d91192e00318e4ac61c06d5403d37554d2e61726115b9e5e96a90617
W8_Q02,ALGSTRUCT,13,6,1155728,5019,2,1,15,1,27,164,10,168,63,16,652ea2e2db2a8b59e1a2373d0aa09bb6194a7176cb3cd104297a14f7ef235e6b
W5_Q16,STRUCT_R2,13,6,969712,5259,0,0,48,0,48,16,34,130,4,48,15f4ec0f61204d6ef15a655140c1c86c7248fc9deed8e4c09ef3081b8b94fb64
W7_Q16,STRUCT,13,6,604345,2408,0,0,20,0,52,18,6,15,4,20,352ecf90b67b0a72cf480d5f2990d3ea8f45c0a65a2644e7a858b4f181627dcb
W2_Q08,ALGSTRUCT,13,6,590939,1462,8,0,10,1,19,9,5,14,4,11,28ef291bdbdabd5779860a9dac095bdb774cc930b18dec6f9c7bf13df75550d2
W2_Q32,STRUCT_R1,13,6,2275402,3314,32,0,34,1,67,33,5,14,4,35,aa6152b6f2b2227ea71db0831b5f58d2dce2bdcb6db5c4bb5d1fb235d1201ed1
W5_Q01,STRUCT_R1,13,6,183017,1426,0,0,3,0,3,1,4,10,4,3,7528d1a80da7ce6bed6c3efbaad136c6b237adf54f46f512a5fe79019bfef2ec
W6_Q01,OFF,13,6,194980,1852,0,0,3,2,7,3,6,15,5,5,ef852aa19070a90d167a6fc211683b2bbb6401671f4212d90e23806d1620b62f
W6_Q02,ALGSTRUCT,13,6,324033,1371,0,0,4,2,10,4,6,15,5,6,d26b7c6c44eb2ae1342ad0eacde318e4485f70f1e0c22f44dc171d7c0f11f2c5
W4_Q08,STRUCT_R2,13,6,2288383,13148,0,0,34,2,68,266,14,263,31,36,310b652f3a487a64261e67b69ca4bd659f7cd91c74be37afd64d6187457e8bdc
W6_Q02,OFF,13,6,242701,1686,0,0,4,2,10,4,6,15,5,6,d26b7c6c44eb2ae1342ad0eacde318e4485f70f1e0c22f44dc171d7c0f11f2c5
W5_Q16,STRUCT,13,6,974175,6537,0,0,48,0,48,16,34,130,4,48,15f4ec0f61204d6ef15a655140c1c86c7248fc9deed8e4c09ef3081b8b94fb64
W2_Q16,OFF,13,6,791605,2665,0,0,18,2,52,18,6,15,4,20,f53a43e02a6f7be38b5d23a92cce7a6f0c7e7deac086e97841ea021c93a5a893
W2_Q01,STRUCT_R1,13,6,271053,1444,1,0,3,1,5,2,5,14,4,4,2474f5c3c44c2292e8653ad95f4f21ec80fa6c72b730d7761807baa6c04c0270
W2_Q08,STRUCT_R2,13,6,571104,2112,0,0,10,2,28,10,6,15,4,12,e121069670786ba8fbe3100d624a17638d4611a34b02647058710f2e3db6a9c9
W5_Q04,STRUCT_R2,13,6,307294,1888,0,0,12,0,12,4,10,34,4,12,233b80e0525d1c617459998a8c1e1bc9855a2c2b10f43c6fd42648b8adae0248
W4_Q16,OFF,13,6,4179344,27907,0,0,66,2,132,530,22,511,31,68,7fbae5656c303ca065341c5db14fa3ef41fb196c82f59bb1c789e1f7b78b0f7a
W9_Q04,OFF,13,6,606123,4963,0,0,6,0,12,192,4,4,1,6,6dad93323aff1013501fa90b58e0e48741ec6d807386799264c78a900e9e11d0
W3_d1,STRUCT,13,6,568809,1981,0,0,10,2,28,10,6,15,4,12,a54c74b256ab2c5cf00e4072ff680215ee9ddba8ea28d33e07bfd46dd0370227
W4_Q32,STRUCT_R2,13,6,9800119,63684,0,0,130,2,260,1058,38,1007,31,132,068ad024181661f75503372002890dd704cd730c5fc591fd65590a6d532c145d
W4_Q08,ALGSTRUCT,13,6,2976783,13314,8,0,34,1,59,265,13,262,31,35,0d7db8d8f19881c77c6e7cd19e1f9d024ea9973fae56dbdbc00db2eeaa790340
W9_Q08,STRUCT_R2,13,6,1466742,6186,0,4,10,1,11,176,4,4,1,11,f0aee4c6a6b6511ecbc27f2fc4ef3f688cd044d5f143461208ceed4e1cea64ae
W9_Q04,ALGSTRUCT,13,6,987861,5499,0,2,6,1,7,112,4,4,1,7,7e3f7232eefdc535f0f8be36c1c724fab7de36a2740821784506d96a09bd30b3
W9_Q02,STRUCT_R2,13,6,634624,4036,0,1,4,1,5,80,4,4,1,5,a250745debd6fd7cf3585f94dfa2ad7178c8b7c572e5ce15f0467c48475c0e9a
W4_Q08,STRUCT_R1,13,6,3019671,13037,8,0,34,1,59,265,13,262,31,35,0d7db8d8f19881c77c6e7cd19e1f9d024ea9973fae56dbdbc00db2eeaa790340
W4_Q32,STRUCT_R1,13,6,18433285,58425,32,0,130,1,227,1057,37,1006,31,131,4a5be56a553c6df341c1f260562041444c20a964d5f4f3916c7966ddd0bae2e9
W5_Q32,ALGSTRUCT,13,6,2098403,10926,0,0,96,0,96,32,66,258,4,96,ad908136f049b66ae4b1e1c3f252d7a2ebead009fab3f7177d4babd24fcbec6a
W5_Q04,STRUCT,13,6,314645,1796,0,0,12,0,12,4,10,34,4,12,233b80e0525d1c617459998a8c1e1bc9855a2c2b10f43c6fd42648b8adae0248
W3_d3,OFF,13,6,1148172,2667,0,0,12,8,42,16,14,46,8,20,d0de00aa950042ce2df3a1aacd87b83395b88f62201b4b0ee4f6f67dba5bbb2b
W9_Q01,OFF,13,6,229054,4518,0,0,3,0,3,48,4,4,1,3,6e63c0dab5f8b29ef9d1440bcd3711746464b7521a4243c8d32e03504a6224d2
W4_Q02,STRUCT,13,6,689975,3851,0,0,10,2,20,68,8,77,31,12,c082fb0620ac05b05065135ca996c9564b57d8a79b47964aa54b86c16cd0659f
W8_Q08,STRUCT_R1,13,6,1626669,5536,8,0,21,1,39,170,10,168,63,22,dfb50a16d91192e00318e4ac61c06d5403d37554d2e61726115b9e5e96a90617
W5_Q04,ALGSTRUCT,13,6,312496,2112,0,0,12,0,12,4,10,34,4,12,233b80e0525d1c617459998a8c1e1bc9855a2c2b10f43c6fd42648b8adae0248
W2_Q16,ALGSTRUCT,13,6,1060988,1852,16,0,18,1,35,17,5,14,4,19,6874ea3fe8a08c7af5d8752f9a4557e5d01bc066a937913a1e427661cbb540c4
W9_Q16,STRUCT,13,6,2746878,8704,0,0,18,2,22,352,4,4,1,20,ff9866380da95df98e4375770d21fe162b02c0b8b05b75e939b18d0d711c4c04
W7_Q08,OFF,13,6,294181,1797,0,0,12,0,28,10,6,15,4,12,d13ad2add4e1d9cb21c441a8963ffbcf5f462a05d4f61331fa56b7c117fe58d1
W4_Q04,STRUCT,13,6,1237320,6463,0,0,18,2,36,134,10,139,31,20,fd25718cb278dfe33c1131161ba4977814e08de24bd73801325a42bf895b4b90
W8_Q04,STRUCT_R1,13,6,1293933,5628,4,0,17,1,31,166,10,168,63,18,1ff2b9471d9cd2dd9078b74afc728460463e46c3102cf6da6b805d7f73e4899a
W3_d1,STRUCT_R2,13,6,569827,1723,0,0,10,2,28,10,6,15,4,12,a54c74b256ab2c5cf00e4072ff680215ee9ddba8ea28d33e07bfd46dd0370227
W9_Q32,STRUCT,13,6,5142187,14147,0,0,34,2,38,608,4,4,1,36,f9b4de382a62f7ddf0ae716d829e6d3204b079918eba11b5d003aed0f308e9a0
W8_Q04,STRUCT_R2,13,6,1171377,6240,0,1,17,2,36,167,11,169,63,19,683043cf53c296ea0d43a0c383a5a5aa5dfae2adbc542c677c919239829da206
W4_Q04,STRUCT_R1,13,6,1450596,6759,4,0,18,1,31,133,9,138,31,19,fc880fdc081349aa9e95db821628814a11fa6271dfea15fd511d230a5fbbf819
W8_Q04,OFF,13,6,945879,5444,0,0,17,2,36,167,11,169,63,19,683043cf53c296ea0d43a0c383a5a5aa5dfae2adbc542c677c919239829da206
W1,STRUCT_R2,13,6,261497,1259,0,0,3,2,7,3,6,15,4,5,4b26ed307e0166f8d1fa59ea1e874899e41c5fd882be9ef62f84eb3685bb70b7
W6_Q08,ALGSTRUCT,13,6,589642,1499,0,0,10,2,28,10,6,15,5,12,0d426ef82e54bf37e16bebf86ad11b160059eb28202264ca816d50ab17a2aa06
W2_Q01,ALGSTRUCT,13,6,276793,1371,1,0,3,1,5,2,5,14,4,4,2474f5c3c44c2292e8653ad95f4f21ec80fa6c72b730d7761807baa6c04c0270
W2_Q32,STRUCT_R2,13,6,1832258,3019,0,0,34,2,100,34,6,15,4,36,ead1d2e3154b72c47159b745145cb82392c282dcdeeba0e877b2291c8ed45d37
W4_Q04,ALGSTRUCT,13,6,1464928,6778,4,0,18,1,31,133,9,138,31,19,fc880fdc081349aa9e95db821628814a11fa6271dfea15fd511d230a5fbbf819
W8_Q08,OFF,13,6,1166523,5871,0,0,21,2,48,171,11,169,63,23,6202056e7f9106d89fc2c03650e5a38d69f704cc369ba9e689bf413e5f7173e1
W8_Q32,STRUCT_R1,13,6,3855645,8221,32,0,45,1,87,194,10,168,63,46,45e69b1796e998f7df6d485c516cc0751375b53ec01f0a7673d473a9ec217a0e
W8_Q32,STRUCT_R2,13,6,2834248,8444,0,1,45,2,120,195,11,169,63,47,257e33fe42ff72054f90b0755280d3b57f6dc95e0ff488350c7a08c8fa00e255
W1,OFF,13,6,196405,1667,0,0,3,2,7,3,6,15,4,5,4b26ed307e0166f8d1fa59ea1e874899e41c5fd882be9ef62f84eb3685bb70b7
W8_Q32,ALGSTRUCT,13,6,3853256,8722,32,1,45,1,87,194,10,168,63,46,45e69b1796e998f7df6d485c516cc0751375b53ec01f0a7673d473a9ec217a0e
W4_Q16,STRUCT_R2,13,6,4733153,25926,0,0,66,2,132,530,22,511,31,68,7fbae5656c303ca065341c5db14fa3ef41fb196c82f59bb1c789e1f7b78b0f7a
W5_Q08,STRUCT_R1,13,6,539975,3000,0,0,24,0,24,8,18,66,4,24,1ec99f8159a9bf9f7216cbde66142ab941580d932ab53b67181d9941e08515a5
W2_Q32,ALGSTRUCT,13,6,2229808,3261,32,0,34,1,67,33,5,14,4,35,aa6152b6f2b2227ea71db0831b5f58d2dce2bdcb6db5c4bb5d1fb235d1201ed1
W6_Q08,STRUCT_R2,13,6,574050,2092,0,0,10,2,28,10,6,15,5,12,0d426ef82e54bf37e16bebf86ad11b160059eb28202264ca816d50ab17a2aa06
W3_d2,STRUCT,13,6,960544,2075,0,0,11,5,35,13,10,29,5,16,bb512a3ef0db77c97656c90a9544f5958e4b52748f6a43bfdbc34ec450c82e91
W4_Q02,ALGSTRUCT,13,6,782102,3963,2,0,10,1,17,67,7,76,31,11,056c94f2139c9e918446fe4f786e56b203a4febdd7cdb7d162e2b0323db5a772
W5_Q04,STRUCT_R1,13,6,318775,1685,0,0,12,0,12,4,10,34,4,12,233b80e0525d1c617459998a8c1e1bc9855a2c2b10f43c6fd42648b8adae0248
W5_Q16,OFF,13,6,844714,4518,0,0,48,0,48,16,34,130,4,48,15f4ec0f61204d6ef15a655140c1c86c7248fc9deed8e4c09ef3081b8b94fb64
W7_Q16,STRUCT_R2,13,6,608791,2277,0,0,20,0,52,18,6,15,4,20,352ecf90b67b0a72cf480d5f2990d3ea8f45c0a65a2644e7a858b4f181627dcb
W2_Q04,STRUCT_R1,13,6,407958,1352,4,0,6,1,11,5,5,14,4,7,e3e1c95caf3c6465ad04568b51f69fe26be853a4ad44521756f63edd123351f8
W9_Q08,STRUCT_R1,13,6,1574410,8111,0,0,10,2,14,224,4,4,1,12,4c97cc82f3dbf6bc2a6de325d199b0cb65ffca732846069f84ea5618bb19fcfd
W7_Q16,ALGSTRUCT,13,6,639087,2055,0,0,20,0,52,18,6,15,4,20,352ecf90b67b0a72cf480d5f2990d3ea8f45c0a65a2644e7a858b4f181627dcb
W8_Q01,STRUCT_R1,13,6,1093637,5222,1,0,14,1,25,163,10,168,63,15,fdd35fe24122be542f9944d55e73c67d2cd28afd3fd1ff25e723a080e5d2dad8
W9_Q04,STRUCT,13,6,1104933,4944,0,0,6,2,10,160,4,4,1,8,a25fcd6d9b6930c5a5e472a5d4b9da9d0423cec22fe64a49a0e3364286ad6c7b
W6_Q08,STRUCT_R1,13,6,582567,1667,0,0,10,2,28,10,6,15,5,12,0d426ef82e54bf37e16bebf86ad11b160059eb28202264ca816d50ab17a2aa06
W7_Q32,STRUCT_R2,13,6,1100580,3446,0,0,36,0,100,34,6,15,4,36,6bdf3735d7ed12e047353d97f7fd342934c808ba421573c6cd2474dd612f37b1
W9_Q32,OFF,13,6,3454204,13796,0,0,34,0,96,1536,4,4,1,34,13dfd65212c03f91a3168cac28f16ba616ce21a6c4d7fb7bf5b25f0167fbc71b
W9_Q32,ALGSTRUCT,13,6,5057409,15296,0,16,34,1,35,560,4,4,1,35,678046e55883cc9fe207429daab5f5da66bcc2178ee01574697097ddff7f102c
W6_Q32,STRUCT_R1,13,6,1918054,3333,0,0,34,2,100,34,6,15,5,36,e27ba2fd4a248e13e86f6fd51f6578ca7bbe37b27fb6c62f3d2e37c16ce58156
W4_Q32,ALGSTRUCT,13,6,18309915,54074,32,0,130,1,227,1057,37,1006,31,131,4a5be56a553c6df341c1f260562041444c20a964d5f4f3916c7966ddd0bae2e9
W8_Q01,STRUCT_R2,13,6,1008526,5852,0,1,14,2,27,164,11,169,63,16,7b06ec78e125033330eb86a638ef113771be6d17e66ade996d2cadaa30e562a7
W9_Q16,STRUCT_R2,13,6,2610362,8944,0,8,18,1,19,304,4,4,1,19,44cdb1eb48242e36e60587a8e97fc1204f774ee018380c18a625f9abe3ce3ce8
W6_Q08,OFF,13,6,448588,1981,0,0,10,2,28,10,6,15,5,12,0d426ef82e54bf37e16bebf86ad11b160059eb28202264ca816d50ab17a2aa06
W9_Q08,STRUCT,13,6,1577888,6447,0,0,10,2,14,224,4,4,1,12,4c97cc82f3dbf6bc2a6de325d199b0cb65ffca732846069f84ea5618bb19fcfd
W9_Q01,ALGSTRUCT,13,6,343479,3296,0,0,3,0,3,48,4,4,1,3,6e63c0dab5f8b29ef9d1440bcd3711746464b7521a4243c8d32e03504a6224d2
W6_Q16,ALGSTRUCT,13,6,1017322,2037,0,0,18,2,52,18,6,15,5,20,bb0755604375307ff8e5fd09781b80b224d9ab98fa75fb51387fe44cb24e3726
W2_Q08,OFF,13,6,453626,2017,0,0,10,2,28,10,6,15,4,12,e121069670786ba8fbe3100d624a17638d4611a34b02647058710f2e3db6a9c9
W7_Q16,OFF,13,6,480459,2592,0,0,20,0,52,18,6,15,4,20,352ecf90b67b0a72cf480d5f2990d3ea8f45c0a65a2644e7a858b4f181627dcb
W6_Q01,ALGSTRUCT,13,6,269164,1407,0,0,3,2,7,3,6,15,5,5,ef852aa19070a90d167a6fc211683b2bbb6401671f4212d90e23806d1620b62f
W8_Q02,STRUCT,13,6,1059710,5723,0,0,15,2,30,165,11,169,63,17,ab8e72a97eeddaf640fa9d87846837b35913b3b9a7916818e4653a499fd7cc9a
W8_Q01,STRUCT,13,6,984396,6112,0,0,14,2,27,164,11,169,63,16,7b06ec78e125033330eb86a638ef113771be6d17e66ade996d2cadaa30e562a7
W7_Q01,STRUCT,13,6,220941,1390,0,0,5,0,7,3,6,15,4,5,70f8123fffd2af37d12a00e22d9841098c66a489d4953aae174ab2cb5014e5d7
W2_Q02,OFF,13,6,240682,1630,0,0,4,2,10,4,6,15,4,6,002b88cffa362a25f201c7342c0d49bad4cd7fb10998ad8823a39c11beee6d88
W6_Q16,STRUCT_R1,13,6,1002490,2407,0,0,18,2,52,18,6,15,5,20,bb0755604375307ff8e5fd09781b80b224d9ab98fa75fb51387fe44cb24e3726
W3_d1,STRUCT_R1,13,6,581013,1759,8,0,10,1,19,9,5,14,4,11,51eaee63f5c885c3fa7e71093e89c7ff61bea1c09d51d95c588c39ddf452f383
W8_Q16,ALGSTRUCT,13,6,2201329,7222,16,1,29,1,55,178,10,168,63,30,d68e12eaec95eadd08fb1ce8e6c0dcfc893de77e4c3d4f5a64bb4b4ee29b64b3
W9_Q04,STRUCT_R1,13,6,1115415,4314,0,0,6,2,10,160,4,4,1,8,a25fcd6d9b6930c5a5e472a5d4b9da9d0423cec22fe64a49a0e3364286ad6c7b
W2_Q04,STRUCT_R2,13,6,400199,1630,0,0,6,2,16,6,6,15,4,8,b8312387bf162a1452336c9e9e40ef1298c4a5b22cc87b54f4215f6e91104b3c
W7_Q08,STRUCT_R1,13,6,410218,1666,0,0,12,0,28,10,6,15,4,12,d13ad2add4e1d9cb21c441a8963ffbcf5f462a05d4f61331fa56b7c117fe58d1
W4_Q32,OFF,13,6,8407355,80980,0,0,130,2,260,1058,38,1007,31,132,068ad024181661f75503372002890dd704cd730c5fc591fd65590a6d532c145d
W1,ALGSTRUCT,13,6,278034,1259,1,0,3,1,5,2,5,14,4,4,ddbc64bc70e115337e04b3ee4eac0b96e81aea703c916cfeea2e2366190e3210
W2_Q08,STRUCT,13,6,568123,1778,0,0,10,2,28,10,6,15,4,12,e121069670786ba8fbe3100d624a17638d4611a34b02647058710f2e3db6a9c9
W5_Q08,ALGSTRUCT,13,6,539531,3000,0,0,24,0,24,8,18,66,4,24,1ec99f8159a9bf9f7216cbde66142ab941580d932ab53b67181d9941e08515a5
W9_Q02,STRUCT,13,6,480476,3667,0,0,4,0,6,96,4,4,1,4,f59554bf6b558dac39020afcdc9d3261e3c200f0f612cb6818827b31bbda0408
W8_Q02,OFF,13,6,823288,5426,0,0,15,2,30,165,11,169,63,17,ab8e72a97eeddaf640fa9d87846837b35913b3b9a7916818e4653a499fd7cc9a
W6_Q01,STRUCT_R1,13,6,264422,1242,0,0,3,2,7,3,6,15,5,5,ef852aa19070a90d167a6fc211683b2bbb6401671f4212d90e23806d1620b62f
W5_Q08,OFF,13,6,434199,2926,0,0,24,0,24,8,18,66,4,24,1ec99f8159a9bf9f7216cbde66142ab941580d932ab53b67181d9941e08515a5
W4_Q16,STRUCT,13,6,4703116,27278,0,0,66,2,132,530,22,511,31,68,7fbae5656c303ca065341c5db14fa3ef41fb196c82f59bb1c789e1f7b78b0f7a
W8_Q02,STRUCT_R1,13,6,1161563,5406,2,0,15,1,27,164,10,168,63,16,652ea2e2db2a8b59e1a2373d0aa09bb6194a7176cb3cd104297a14f7ef235e6b
W2_Q02,STRUCT_R2,13,6,309774,1667,0,0,4,2,10,4,6,15,4,6,002b88cffa362a25f201c7342c0d49bad4cd7fb10998ad8823a39c11beee6d88
W7_Q08,ALGSTRUCT,13,6,416643,1667,0,0,12,0,28,10,6,15,4,12,d13ad2add4e1d9cb21c441a8963ffbcf5f462a05d4f61331fa56b7c117fe58d1
W2_Q01,STRUCT,13,6,261701,1537,0,0,3,2,7,3,6,15,4,5,fb4f50a52888382fd35dda056767f1188dd59b0b7db5fbe2928a5afbf6bf9f5b
W3_d2,ALGSTRUCT,13,6,977044,2131,9,0,11,3,24,11,8,27,5,14,b3a60a0bc9bb1633f8ca67743fa2b43eea5f58f8a512cbf173b181d8c20dfa68
W9_Q32,STRUCT_R1,13,6,5192519,13852,0,0,34,2,38,608,4,4,1,36,f9b4de382a62f7ddf0ae716d829e6d3204b079918eba11b5d003aed0f308e9a0
W4_Q02,OFF,13,6,566531,3500,0,0,10,2,20,68,8,77,31,12,c082fb0620ac05b05065135ca996c9564b57d8a79b47964aa54b86c16cd0659f
W2_Q01,OFF,13,6,198813,1833,0,0,3,2,7,3,6,15,4,5,fb4f50a52888382fd35dda056767f1188dd59b0b7db5fbe2928a5afbf6bf9f5b
W4_Q04,OFF,13,6,1054118,6648,0,0,18,2,36,134,10,139,31,20,fd25718cb278dfe33c1131161ba4977814e08de24bd73801325a42bf895b4b90
W4_Q01,STRUCT_R1,13,6,497253,2223,1,0,6,1,10,34,6,45,31,7,2a2742010b3f20f3e0b7616f059bcf47256e350d22af5b1d3a055aa5eee736e9
W8_Q16,STRUCT_R2,13,6,1825517,6593,0,1,29,2,72,179,11,169,63,31,75d1b16c15c201143eb0f00e84429326ead193544062ed0323b47e7914fd575d
W9_Q08,ALGSTRUCT,13,6,1465355,6722,0,4,10,1,11,176,4,4,1,11,f0aee4c6a6b6511ecbc27f2fc4ef3f688cd044d5f143461208ceed4e1cea64ae
W2_Q04,STRUCT,13,6,402569,1630,0,0,6,2,16,6,6,15,4,8,b8312387bf162a1452336c9e9e40ef1298c4a5b22cc87b54f4215f6e91104b3c
W7_Q01,STRUCT_R1,13,6,224886,1370,0,0,5,0,7,3,6,15,4,5,70f8123fffd2af37d12a00e22d9841098c66a489d4953aae174ab2cb5014e5d7
W7_Q32,OFF,13,6,879824,3518,0,0,36,0,100,34,6,15,4,36,6bdf3735d7ed12e047353d97f7fd342934c808ba421573c6cd2474dd612f37b1
W6_Q04,OFF,13,6,314348,1630,0,0,6,2,16,6,6,15,5,8,463695b346924b3ce3bfd76bc311a5cc5d47fb033482cc22912fc407e8f09fdf
W8_Q04,ALGSTRUCT,13,6,1339319,5630,4,1,17,1,31,166,10,168,63,18,1ff2b9471d9cd2dd9078b74afc728460463e46c3102cf6da6b805d7f73e4899a
W4_Q02,STRUCT_R1,13,6,782678,4221,2,0,10,1,17,67,7,76,31,11,056c94f2139c9e918446fe4f786e56b203a4febdd7cdb7d162e2b0323db5a772
W7_Q02,OFF,13,6,173813,1612,0,0,6,0,10,4,6,15,4,6,b1d2efac79748ca32ad60ca241d894721be3c3795c13e31e47e01dad1cb5a5f1
W2_Q02,STRUCT,13,6,308332,1535,0,0,4,2,10,4,6,15,4,6,002b88cffa362a25f201c7342c0d49bad4cd7fb10998ad8823a39c11beee6d88
W8_Q16,STRUCT,13,6,1866313,6778,0,0,29,2,72,179,11,169,63,31,75d1b16c15c201143eb0f00e84429326ead193544062ed0323b47e7914fd575d
W5_Q16,ALGSTRUCT,13,6,1012044,5908,0,0,48,0,48,16,34,130,4,48,15f4ec0f61204d6ef15a655140c1c86c7248fc9deed8e4c09ef3081b8b94fb64
W5_Q32,OFF,13,6,1768331,10909,0,0,96,0,96,32,66,258,4,96,ad908136f049b66ae4b1e1c3f252d7a2ebead009fab3f7177d4babd24fcbec6a
W3_d1,OFF,13,6,451440,1926,0,0,10,2,28,10,6,15,4,12,a54c74b256ab2c5cf00e4072ff680215ee9ddba8ea28d33e07bfd46dd0370227
W9_Q16,STRUCT_R1,13,6,2733712,8555,0,0,18,2,22,352,4,4,1,20,ff9866380da95df98e4375770d21fe162b02c0b8b05b75e939b18d0d711c4c04
W9_Q01,STRUCT_R1,13,6,338274,4241,0,0,3,0,3,48,4,4,1,3,6e63c0dab5f8b29ef9d1440bcd3711746464b7521a4243c8d32e03504a6224d2
W9_Q01,STRUCT_R2,13,6,338514,4112,0,0,3,0,3,48,4,4,1,3,6e63c0dab5f8b29ef9d1440bcd3711746464b7521a4243c8d32e03504a6224d2
W6_Q01,STRUCT,13,6,259350,1851,0,0,3,2,7,3,6,15,5,5,ef852aa19070a90d167a6fc211683b2bbb6401671f4212d90e23806d1620b62f
W6_Q16,STRUCT_R2,13,6,968471,2482,0,0,18,2,52,18,6,15,5,20,bb0755604375307ff8e5fd09781b80b224d9ab98fa75fb51387fe44cb24e3726
W9_Q16,ALGSTRUCT,13,6,2627157,8426,0,8,18,1,19,304,4,4,1,19,44cdb1eb48242e36e60587a8e97fc1204f774ee018380c18a625f9abe3ce3ce8
W2_Q02,STRUCT_R1,13,6,319367,1463,2,0,4,1,7,3,5,14,4,5,d8adac9423435c6f23a5e314f4d31430db516714fee41508dcac1bc6af0e6f0c
W5_Q02,STRUCT_R1,13,6,222645,1816,0,0,6,0,6,2,6,18,4,6,e7741c936508103b2af3b934e316124eac7bac4773e716fb634bafee4047c0e4
W6_Q04,ALGSTRUCT,13,6,416885,1462,0,0,6,2,16,6,6,15,5,8,463695b346924b3ce3bfd76bc311a5cc5d47fb033482cc22912fc407e8f09fdf
W5_Q16,STRUCT_R1,13,6,1001452,5037,0,0,48,0,48,16,34,130,4,48,15f4ec0f61204d6ef15a655140c1c86c7248fc9deed8e4c09ef3081b8b94fb64
W6_Q04,STRUCT_R2,13,6,400661,1649,0,0,6,2,16,6,6,15,5,8,463695b346924b3ce3bfd76bc311a5cc5d47fb033482cc22912fc407e8f09fdf
W3_d3,ALGSTRUCT,13,6,1401781,2186,10,0,12,5,29,13,11,43,8,17,16f1a8e88d7f920d91f3a177d0789d4761bf8768a0ac71ebce1f9f2282714954
W5_Q32,STRUCT_R2,13,6,1985312,9537,0,0,96,0,96,32,66,258,4,96,ad908136f049b66ae4b1e1c3f252d7a2ebead009fab3f7177d4babd24fcbec6a
W6_Q32,STRUCT,13,6,1889591,3222,0,0,34,2,100,34,6,15,5,36,e27ba2fd4a248e13e86f6fd51f6578ca7bbe37b27fb6c62f3d2e37c16ce58156
W2_Q01,STRUCT_R2,13,6,260405,1462,0,0,3,2,7,3,6,15,4,5,fb4f50a52888382fd35dda056767f1188dd59b0b7db5fbe2928a5afbf6bf9f5b
W2_Q08,STRUCT_R1,13,6,580384,1721,8,0,10,1,19,9,5,14,4,11,28ef291bdbdabd5779860a9dac095bdb774cc930b18dec6f9c7bf13df75550d2
W6_Q08,STRUCT,13,6,568605,2167,0,0,10,2,28,10,6,15,5,12,0d426ef82e54bf37e16bebf86ad11b160059eb28202264ca816d50ab17a2aa06
W5_Q01,ALGSTRUCT,13,6,185147,1425,0,0,3,0,3,1,4,10,4,3,7528d1a80da7ce6bed6c3efbaad136c6b237adf54f46f512a5fe79019bfef2ec
W2_Q04,ALGSTRUCT,13,6,411163,1295,4,0,6,1,11,5,5,14,4,7,e3e1c95caf3c6465ad04568b51f69fe26be853a4ad44521756f63edd123351f8
W5_Q32,STRUCT,13,6,2001905,9703,0,0,96,0,96,32,66,258,4,96,ad908136f049b66ae4b1e1c3f252d7a2ebead009fab3f7177d4babd24fcbec6a
W4_Q04,STRUCT_R2,13,6,1233637,6702,0,0,18,2,36,134,10,139,31,20,fd25718cb278dfe33c1131161ba4977814e08de24bd73801325a42bf895b4b90
W6_Q02,STRUCT_R1,13,6,315571,1462,0,0,4,2,10,4,6,15,5,6,d26b7c6c44eb2ae1342ad0eacde318e4485f70f1e0c22f44dc171d7c0f11f2c5
W9_Q02,OFF,13,6,338626,4667,0,0,4,0,6,96,4,4,1,4,f59554bf6b558dac39020afcdc9d3261e3c200f0f612cb6818827b31bbda0408
W6_Q32,ALGSTRUCT,13,6,1963738,3296,0,0,34,2,100,34,6,15,5,36,e27ba2fd4a248e13e86f6fd51f6578ca7bbe37b27fb6c62f3d2e37c16ce58156
W7_Q02,STRUCT,13,6,242164,1722,0,0,6,0,10,4,6,15,4,6,b1d2efac79748ca32ad60ca241d894721be3c3795c13e31e47e01dad1cb5a5f1
W4_Q08,OFF,13,6,1961718,12853,0,0,34,2,68,266,14,263,31,36,310b652f3a487a64261e67b69ca4bd659f7cd91c74be37afd64d6187457e8bdc
W4_Q16,STRUCT_R1,13,6,7103701,26408,16,0,66,1,115,529,21,510,31,67,c4cb6b036cc3a61a0d0502a6d94307b09dd7e159ba9b445a83ebed14f5c8ebe1
W7_Q02,ALGSTRUCT,13,6,252108,1297,0,0,6,0,10,4,6,15,4,6,b1d2efac79748ca32ad60ca241d894721be3c3795c13e31e47e01dad1cb5a5f1
W5_Q01,OFF,13,6,125534,1353,0,0,3,0,3,1,4,10,4,3,7528d1a80da7ce6bed6c3efbaad136c6b237adf54f46f512a5fe79019bfef2ec
W8_Q32,STRUCT,13,6,2792247,8500,0,0,45,2,120,195,11,169,63,47,257e33fe42ff72054f90b0755280d3b57f6dc95e0ff488350c7a08c8fa00e255
W5_Q01,STRUCT_R2,13,6,180295,1481,0,0,3,0,3,1,4,10,4,3,7528d1a80da7ce6bed6c3efbaad136c6b237adf54f46f512a5fe79019bfef2ec
W4_Q02,STRUCT_R2,13,6,685142,3665,0,0,10,2,20,68,8,77,31,12,c082fb0620ac05b05065135ca996c9564b57d8a79b47964aa54b86c16cd0659f
W6_Q02,STRUCT,13,6,318218,1501,0,0,4,2,10,4,6,15,5,6,d26b7c6c44eb2ae1342ad0eacde318e4485f70f1e0c22f44dc171d7c0f11f2c5
W6_Q01,STRUCT_R2,13,6,260350,1351,0,0,3,2,7,3,6,15,5,5,ef852aa19070a90d167a6fc211683b2bbb6401671f4212d90e23806d1620b62f
W4_Q01,STRUCT_R2,13,6,441977,2333,0,0,6,2,12,35,7,46,31,8,c1c4e28384d704fc6572f4a795b1b9dcd23dd585446058743d09154ee63f83a5
W3_d3,STRUCT,13,6,1393578,2593,0,0,12,8,42,16,14,46,8,20,d0de00aa950042ce2df3a1aacd87b83395b88f62201b4b0ee4f6f67dba5bbb2b
W6_Q32,OFF,13,6,1541704,3316,0,0,34,2,100,34,6,15,5,36,e27ba2fd4a248e13e86f6fd51f6578ca7bbe37b27fb6c62f3d2e37c16ce58156
W1,STRUCT,13,6,258645,1648,0,0,3,2,7,3,6,15,4,5,4b26ed307e0166f8d1fa59ea1e874899e41c5fd882be9ef62f84eb3685bb70b7
W3_d1,ALGSTRUCT,13,6,582606,1703,8,0,10,1,19,9,5,14,4,11,51eaee63f5c885c3fa7e71093e89c7ff61bea1c09d51d95c588c39ddf452f383
W4_Q32,STRUCT,13,6,9739637,79832,0,0,130,2,260,1058,38,1007,31,132,068ad024181661f75503372002890dd704cd730c5fc591fd65590a6d532c145d
W5_Q01,STRUCT,13,6,182571,1538,0,0,3,0,3,1,4,10,4,3,7528d1a80da7ce6bed6c3efbaad136c6b237adf54f46f512a5fe79019bfef2ec
W7_Q32,ALGSTRUCT,13,6,1173135,3501,0,0,36,0,100,34,6,15,4,36,6bdf3735d7ed12e047353d97f7fd342934c808ba421573c6cd2474dd612f37b1
W6_Q02,STRUCT_R2,13,6,309924,1517,0,0,4,2,10,4,6,15,5,6,d26b7c6c44eb2ae1342ad0eacde318e4485f70f1e0c22f44dc171d7c0f11f2c5
W7_Q04,STRUCT,13,6,288701,1389,0,0,8,0,16,6,6,15,4,8,64eb05b2d681af147811cd64dc0e11be812cb48952e297a71fcf6d3c013ba4a0
W8_Q04,STRUCT,13,6,1215340,6129,0,0,17,2,36,167,11,169,63,19,683043cf53c296ea0d43a0c383a5a5aa5dfae2adbc542c677c919239829da206
W4_Q01,STRUCT,13,6,440903,2240,0,0,6,2,12,35,7,46,31,8,c1c4e28384d704fc6572f4a795b1b9dcd23dd585446058743d09154ee63f83a5
W8_Q32,OFF,13,6,2311624,8259,0,0,45,2,120,195,11,169,63,47,257e33fe42ff72054f90b0755280d3b57f6dc95e0ff488350c7a08c8fa00e255
W7_Q08,STRUCT_R2,13,6,400052,1888,0,0,12,0,28,10,6,15,4,12,d13ad2add4e1d9cb21c441a8963ffbcf5f462a05d4f61331fa56b7c117fe58d1
W7_Q04,STRUCT_R2,13,6,282884,1465,0,0,8,0,16,6,6,15,4,8,64eb05b2d681af147811cd64dc0e11be812cb48952e297a71fcf6d3c013ba4a0
W7_Q04,ALGSTRUCT,13,6,299643,1205,0,0,8,0,16,6,6,15,4,8,64eb05b2d681af147811cd64dc0e11be812cb48952e297a71fcf6d3c013ba4a0
W9_Q16,OFF,13,6,1728706,9665,0,0,18,0,48,768,4,4,1,18,43b7f4efcb619e6e3fc5fc66e7827f4bb8130a24a5905f5ce4efe6114dbfdbd3
W7_Q32,OFF,14,6,890584,3499,0,0,36,0,100,34,6,15,4,36,6bdf3735d7ed12e047353d97f7fd342934c808ba421573c6cd2474dd612f37b1
W5_Q32,STRUCT_R2,14,6,1969367,9667,0,0,96,0,96,32,66,258,4,96,ad908136f049b66ae4b1e1c3f252d7a2ebead009fab3f7177d4babd24fcbec6a
W6_Q01,STRUCT,14,6,259626,1593,0,0,3,2,7,3,6,15,5,5,ef852aa19070a90d167a6fc211683b2bbb6401671f4212d90e23806d1620b62f
W1,STRUCT_R1,14,6,272163,1278,1,0,3,1,5,2,5,14,4,4,ddbc64bc70e115337e04b3ee4eac0b96e81aea703c916cfeea2e2366190e3210
W2_Q08,STRUCT_R2,14,6,569255,1795,0,0,10,2,28,10,6,15,4,12,e121069670786ba8fbe3100d624a17638d4611a34b02647058710f2e3db6a9c9
W2_Q04,STRUCT_R2,14,6,399645,1870,0,0,6,2,16,6,6,15,4,8,b8312387bf162a1452336c9e9e40ef1298c4a5b22cc87b54f4215f6e91104b3c
W2_Q08,STRUCT,14,6,574754,1851,0,0,10,2,28,10,6,15,4,12,e121069670786ba8fbe3100d624a17638d4611a34b02647058710f2e3db6a9c9
W5_Q04,ALGSTRUCT,14,6,319960,1685,0,0,12,0,12,4,10,34,4,12,233b80e0525d1c617459998a8c1e1bc9855a2c2b10f43c6fd42648b8adae0248
W8_Q02,STRUCT_R1,14,6,1164766,5185,2,0,15,1,27,164,10,168,63,16,652ea2e2db2a8b59e1a2373d0aa09bb6194a7176cb3cd104297a14f7ef235e6b
W9_Q02,OFF,14,6,345385,4018,0,0,4,0,6,96,4,4,1,4,f59554bf6b558dac39020afcdc9d3261e3c200f0f612cb6818827b31bbda0408
W2_Q01,STRUCT,14,6,262831,1370,0,0,3,2,7,3,6,15,4,5,fb4f50a52888382fd35dda056767f1188dd59b0b7db5fbe2928a5afbf6bf9f5b
W7_Q02,STRUCT,14,6,247738,1500,0,0,6,0,10,4,6,15,4,6,b1d2efac79748ca32ad60ca241d894721be3c3795c13e31e47e01dad1cb5a5f1
W3_d3,ALGSTRUCT,14,6,1399077,2334,10,0,12,5,29,13,11,43,8,17,16f1a8e88d7f920d91f3a177d0789d4761bf8768a0ac71ebce1f9f2282714954
W2_Q02,STRUCT_R1,14,6,323385,1259,2,0,4,1,7,3,5,14,4,5,d8adac9423435c6f23a5e314f4d31430db516714fee41508dcac1bc6af0e6f0c
W8_Q32,STRUCT_R1,14,6,3824069,8353,32,0,45,1,87,194,10,168,63,46,45e69b1796e998f7df6d485c516cc0751375b53ec01f0a7673d473a9ec217a0e
W6_Q16,OFF,14,6,773065,2426,0,0,18,2,52,18,6,15,5,20,bb0755604375307ff8e5fd09781b80b224d9ab98fa75fb51387fe44cb24e3726
W4_Q32,STRUCT_R1,14,6,18451026,59277,32,0,130,1,227,1057,37,1006,31,131,4a5be56a553c6df341c1f260562041444c20a964d5f4f3916c7966ddd0bae2e9
W8_Q16,ALGSTRUCT,14,6,2191497,6591,16,1,29,1,55,178,10,168,63,30,d68e12eaec95eadd08fb1ce8e6c0dcfc893de77e4c3d4f5a64bb4b4ee29b64b3
W7_Q08,STRUCT,14,6,402940,1908,0,0,12,0,28,10,6,15,4,12,d13ad2add4e1d9cb21c441a8963ffbcf5f462a05d4f61331fa56b7c117fe58d1
W3_d3,STRUCT,14,6,1405023,2628,0,0,12,8,42,16,14,46,8,20,d0de00aa950042ce2df3a1aacd87b83395b88f62201b4b0ee4f6f67dba5bbb2b
W6_Q32,OFF,14,6,1586631,3371,0,0,34,2,100,34,6,15,5,36,e27ba2fd4a248e13e86f6fd51f6578ca7bbe37b27fb6c62f3d2e37c16ce58156
W4_Q08,STRUCT_R1,14,6,2949930,13446,8,0,34,1,59,265,13,262,31,35,0d7db8d8f19881c77c6e7cd19e1f9d024ea9973fae56dbdbc00db2eeaa790340
W7_Q32,STRUCT_R1,14,6,1145859,2962,0,0,36,0,100,34,6,15,4,36,6bdf3735d7ed12e047353d97f7fd342934c808ba421573c6cd2474dd612f37b1
W2_Q01,STRUCT_R1,14,6,273237,1501,1,0,3,1,5,2,5,14,4,4,2474f5c3c44c2292e8653ad95f4f21ec80fa6c72b730d7761807baa6c04c0270
W4_Q01,STRUCT_R2,14,6,442811,2092,0,0,6,2,12,35,7,46,31,8,c1c4e28384d704fc6572f4a795b1b9dcd23dd585446058743d09154ee63f83a5
W4_Q16,ALGSTRUCT,14,6,7117480,26426,16,0,66,1,115,529,21,510,31,67,c4cb6b036cc3a61a0d0502a6d94307b09dd7e159ba9b445a83ebed14f5c8ebe1
W4_Q08,STRUCT,14,6,2311123,12741,0,0,34,2,68,266,14,263,31,36,310b652f3a487a64261e67b69ca4bd659f7cd91c74be37afd64d6187457e8bdc
W5_Q08,OFF,14,6,436089,2666,0,0,24,0,24,8,18,66,4,24,1ec99f8159a9bf9f7216cbde66142ab941580d932ab53b67181d9941e08515a5
W5_Q01,STRUCT_R2,14,6,183090,1538,0,0,3,0,3,1,4,10,4,3,7528d1a80da7ce6bed6c3efbaad136c6b237adf54f46f512a5fe79019bfef2ec
W9_Q16,STRUCT_R1,14,6,2738546,8814,0,0,18,2,22,352,4,4,1,20,ff9866380da95df98e4375770d21fe162b02c0b8b05b75e939b18d0d711c4c04
W1,OFF,14,6,200072,1611,0,0,3,2,7,3,6,15,4,5,4b26ed307e0166f8d1fa59ea1e874899e41c5fd882be9ef62f84eb3685bb70b7
W4_Q16,STRUCT_R2,14,6,4698264,26834,0,0,66,2,132,530,22,511,31,68,7fbae5656c303ca065341c5db14fa3ef41fb196c82f59bb1c789e1f7b78b0f7a
W6_Q32,ALGSTRUCT,14,6,1951832,3165,0,0,34,2,100,34,6,15,5,36,e27ba2fd4a248e13e86f6fd51f6578ca7bbe37b27fb6c62f3d2e37c16ce58156
W4_Q01,STRUCT,14,6,450161,2834,0,0,6,2,12,35,7,46,31,8,c1c4e28384d704fc6572f4a795b1b9dcd23dd585446058743d09154ee63f83a5
W9_Q08,ALGSTRUCT,14,6,1458262,6389,0,4,10,1,11,176,4,4,1,11,f0aee4c6a6b6511ecbc27f2fc4ef3f688cd044d5f143461208ceed4e1cea64ae
W7_Q02,OFF,14,6,173703,1518,0,0,6,0,10,4,6,15,4,6,b1d2efac79748ca32ad60ca241d894721be3c3795c13e31e47e01dad1cb5a5f1
W7_Q04,OFF,14,6,210737,1649,0,0,8,0,16,6,6,15,4,8,64eb05b2d681af147811cd64dc0e11be812cb48952e297a71fcf6d3c013ba4a0
W2_Q32,STRUCT_R1,14,6,2208700,3425,32,0,34,1,67,33,5,14,4,35,aa6152b6f2b2227ea71db0831b5f58d2dce2bdcb6db5c4bb5d1fb235d1201ed1
W7_Q01,STRUCT,14,6,220646,1593,0,0,5,0,7,3,6,15,4,5,70f8123fffd2af37d12a00e22d9841098c66a489d4953aae174ab2cb5014e5d7
W5_Q08,STRUCT,14,6,526272,2741,0,0,24,0,24,8,18,66,4,24,1ec99f8159a9bf9f7216cbde66142ab941580d932ab53b67181d9941e08515a5
W7_Q16,ALGSTRUCT,14,6,629919,2148,0,0,20,0,52,18,6,15,4,20,352ecf90b67b0a72cf480d5f2990d3ea8f45c0a65a2644e7a858b4f181627dcb
W6_Q16,STRUCT_R2,14,6,977673,2372,0,0,18,2,52,18,6,15,5,20,bb0755604375307ff8e5fd09781b80b224d9ab98fa75fb51387fe44cb24e3726
W4_Q01,OFF,14,6,361329,2816,0,0,6,2,12,35,7,46,31,8,c1c4e28384d704fc6572f4a795b1b9dcd23dd585446058743d09154ee63f83a5
W8_Q01,OFF,14,6,790323,6279,0,0,14,2,27,164,11,169,63,16,7b06ec78e125033330eb86a638ef113771be6d17e66ade996d2cadaa30e562a7
W5_Q16,STRUCT_R2,14,6,964415,4038,0,0,48,0,48,16,34,130,4,48,15f4ec0f61204d6ef15a655140c1c86c7248fc9deed8e4c09ef3081b8b94fb64
W4_Q01,STRUCT_R1,14,6,489608,2350,1,0,6,1,10,34,6,45,31,7,2a2742010b3f20f3e0b7616f059bcf47256e350d22af5b1d3a055aa5eee736e9
W4_Q02,OFF,14,6,576883,3833,0,0,10,2,20,68,8,77,31,12,c082fb0620ac05b05065135ca996c9564b57d8a79b47964aa54b86c16cd0659f
W8_Q16,OFF,14,6,1497503,6666,0,0,29,2,72,179,11,169,63,31,75d1b16c15c201143eb0f00e84429326ead193544062ed0323b47e7914fd575d
W4_Q04,STRUCT_R2,14,6,1248450,6759,0,0,18,2,36,134,10,139,31,20,fd25718cb278dfe33c1131161ba4977814e08de24bd73801325a42bf895b4b90
W8_Q32,ALGSTRUCT,14,6,3852312,8092,32,1,45,1,87,194,10,168,63,46,45e69b1796e998f7df6d485c516cc0751375b53ec01f0a7673d473a9ec217a0e
W9_Q32,OFF,14,6,3443113,16017,0,0,34,0,96,1536,4,4,1,34,13dfd65212c03f91a3168cac28f16ba616ce21a6c4d7fb7bf5b25f0167fbc71b
W4_Q04,ALGSTRUCT,14,6,1455077,6777,4,0,18,1,31,133,9,138,31,19,fc880fdc081349aa9e95db821628814a11fa6271dfea15fd511d230a5fbbf819
W8_Q32,STRUCT,14,6,2792249,8203,0,0,45,2,120,195,11,169,63,47,257e33fe42ff72054f90b0755280d3b57f6dc95e0ff488350c7a08c8fa00e255
W5_Q32,ALGSTRUCT,14,6,2067977,9075,0,0,96,0,96,32,66,258,4,96,ad908136f049b66ae4b1e1c3f252d7a2ebead009fab3f7177d4babd24fcbec6a
W2_Q04,ALGSTRUCT,14,6,413309,1464,4,0,6,1,11,5,5,14,4,7,e3e1c95caf3c6465ad04568b51f69fe26be853a4ad44521756f63edd123351f8
W4_Q02,STRUCT_R2,14,6,686195,3668,0,0,10,2,20,68,8,77,31,12,c082fb0620ac05b05065135ca996c9564b57d8a79b47964aa54b86c16cd0659f
W6_Q02,STRUCT_R1,14,6,318109,1462,0,0,4,2,10,4,6,15,5,6,d26b7c6c44eb2ae1342ad0eacde318e4485f70f1e0c22f44dc171d7c0f11f2c5
W5_Q04,STRUCT_R1,14,6,320719,1777,0,0,12,0,12,4,10,34,4,12,233b80e0525d1c617459998a8c1e1bc9855a2c2b10f43c6fd42648b8adae0248
W5_Q32,OFF,14,6,1778571,10539,0,0,96,0,96,32,66,258,4,96,ad908136f049b66ae4b1e1c3f252d7a2ebead009fab3f7177d4babd24fcbec6a
W3_d1,OFF,14,6,452514,2018,0,0,10,2,28,10,6,15,4,12,a54c74b256ab2c5cf00e4072ff680215ee9ddba8ea28d33e07bfd46dd0370227
W9_Q01,ALGSTRUCT,14,6,345885,3611,0,0,3,0,3,48,4,4,1,3,6e63c0dab5f8b29ef9d1440bcd3711746464b7521a4243c8d32e03504a6224d2
W4_Q16,OFF,14,6,4174158,28427,0,0,66,2,132,530,22,511,31,68,7fbae5656c303ca065341c5db14fa3ef41fb196c82f59bb1c789e1f7b78b0f7a
W8_Q32,OFF,14,6,2327659,7816,0,0,45,2,120,195,11,169,63,47,257e33fe42ff72054f90b0755280d3b57f6dc95e0ff488350c7a08c8fa00e255
W8_Q16,STRUCT_R2,14,6,1822407,6889,0,1,29,2,72,179,11,169,63,31,75d1b16c15c201143eb0f00e84429326ead193544062ed0323b47e7914fd575d
W5_Q04,STRUCT_R2,14,6,312665,2184,0,0,12,0,12,4,10,34,4,12,233b80e0525d1c617459998a8c1e1bc9855a2c2b10f43c6fd42648b8adae0248
W9_Q08,STRUCT,14,6,1579429,7184,0,0,10,2,14,224,4,4,1,12,4c97cc82f3dbf6bc2a6de325d199b0cb65ffca732846069f84ea5618bb19fcfd
W7_Q02,ALGSTRUCT,14,6,252442,1408,0,0,6,0,10,4,6,15,4,6,b1d2efac79748ca32ad60ca241d894721be3c3795c13e31e47e01dad1cb5a5f1
W4_Q16,STRUCT_R1,14,6,7037093,26073,16,0,66,1,115,529,21,510,31,67,c4cb6b036cc3a61a0d0502a6d94307b09dd7e159ba9b445a83ebed14f5c8ebe1
W7_Q08,STRUCT_R2,14,6,404384,1723,0,0,12,0,28,10,6,15,4,12,d13ad2add4e1d9cb21c441a8963ffbcf5f462a05d4f61331fa56b7c117fe58d1
W8_Q08,OFF,14,6,1175470,6110,0,0,21,2,48,171,11,169,63,23,6202056e7f9106d89fc2c03650e5a38d69f704cc369ba9e689bf413e5f7173e1
W6_Q16,ALGSTRUCT,14,6,1023083,2110,0,0,18,2,52,18,6,15,5,20,bb0755604375307ff8e5fd09781b80b224d9ab98fa75fb51387fe44cb24e3726
W7_Q08,OFF,14,6,296533,1853,0,0,12,0,28,10,6,15,4,12,d13ad2add4e1d9cb21c441a8963ffbcf5f462a05d4f61331fa56b7c117fe58d1
W6_Q32,STRUCT_R1,14,6,1997146,3500,0,0,34,2,100,34,6,15,5,36,e27ba2fd4a248e13e86f6fd51f6578ca7bbe37b27fb6c62f3d2e37c16ce58156
W9_Q02,STRUCT_R2,14,6,635938,4592,0,1,4,1,5,80,4,4,1,5,a250745debd6fd7cf3585f94dfa2ad7178c8b7c572e5ce15f0467c48475c0e9a
W4_Q04,STRUCT,14,6,1248858,6981,0,0,18,2,36,134,10,139,31,20,fd25718cb278dfe33c1131161ba4977814e08de24bd73801325a42bf895b4b90
W8_Q08,STRUCT,14,6,1433986,6425,0,0,21,2,48,171,11,169,63,23,6202056e7f9106d89fc2c03650e5a38d69f704cc369ba9e689bf413e5f7173e1
W2_Q04,STRUCT,14,6,397699,1778,0,0,6,2,16,6,6,15,4,8,b8312387bf162a1452336c9e9e40ef1298c4a5b22cc87b54f4215f6e91104b3c
W5_Q08,STRUCT_R1,14,6,543643,2537,0,0,24,0,24,8,18,66,4,24,1ec99f8159a9bf9f7216cbde66142ab941580d932ab53b67181d9941e08515a5
W3_d1,STRUCT_R1,14,6,585586,1649,8,0,10,1,19,9,5,14,4,11,51eaee63f5c885c3fa7e71093e89c7ff61bea1c09d51d95c588c39ddf452f383
W4_Q02,STRUCT_R1,14,6,784843,3945,2,0,10,1,17,67,7,76,31,11,056c94f2139c9e918446fe4f786e56b203a4febdd7cdb7d162e2b0323db5a772
W3_d2,ALGSTRUCT,14,6,989098,1965,9,0,11,3,24,11,8,27,5,14,b3a60a0bc9bb1633f8ca67743fa2b43eea5f58f8a512cbf173b181d8c20dfa68
W3_d1,STRUCT,14,6,569198,1888,0,0,10,2,28,10,6,15,4,12,a54c74b256ab2c5cf00e4072ff680215ee9ddba8ea28d33e07bfd46dd0370227
W3_d3,STRUCT_R1,14,6,1388226,2296,10,0,12,5,29,13,11,43,8,17,16f1a8e88d7f920d91f3a177d0789d4761bf8768a0ac71ebce1f9f2282714954
W6_Q32,STRUCT_R2,14,6,1846035,3278,0,0,34,2,100,34,6,15,5,36,e27ba2fd4a248e13e86f6fd51f6578ca7bbe37b27fb6c62f3d2e37c16ce58156
W5_Q01,ALGSTRUCT,14,6,184608,1130,0,0,3,0,3,1,4,10,4,3,7528d1a80da7ce6bed6c3efbaad136c6b237adf54f46f512a5fe79019bfef2ec
W3_d2,STRUCT,14,6,969063,2630,0,0,11,5,35,13,10,29,5,16,bb512a3ef0db77c97656c90a9544f5958e4b52748f6a43bfdbc34ec450c82e91
W7_Q04,ALGSTRUCT,14,6,305998,1573,0,0,8,0,16,6,6,15,4,8,64eb05b2d681af147811cd64dc0e11be812cb48952e297a71fcf6d3c013ba4a0
W2_Q01,STRUCT_R2,14,6,268441,1723,0,0,3,2,7,3,6,15,4,5,fb4f50a52888382fd35dda056767f1188dd59b0b7db5fbe2928a5afbf6bf9f5b
W5_Q08,STRUCT_R2,14,6,517514,3277,0,0,24,0,24,8,18,66,4,24,1ec99f8159a9bf9f7216cbde66142ab941580d932ab53b67181d9941e08515a5
W6_Q04,ALGSTRUCT,14,6,413533,1407,0,0,6,2,16,6,6,15,5,8,463695b346924b3ce3bfd76bc311a5cc5d47fb033482cc22912fc407e8f09fdf
W7_Q01,STRUCT_R1,14,6,221369,1351,0,0,5,0,7,3,6,15,4,5,70f8123fffd2af37d12a00e22d9841098c66a489d4953aae174ab2cb5014e5d7
W3_d1,ALGSTRUCT,14,6,584382,1722,8,0,10,1,19,9,5,14,4,11,51eaee63f5c885c3fa7e71093e89c7ff61bea1c09d51d95c588c39ddf452f383
W2_Q02,STRUCT_R2,14,6,308127,1425,0,0,4,2,10,4,6,15,4,6,002b88cffa362a25f201c7342c0d49bad4cd7fb10998ad8823a39c11beee6d88
W1,STRUCT_R2,14,6,258664,1333,0,0,3,2,7,3,6,15,4,5,4b26ed307e0166f8d1fa59ea1e874899e41c5fd882be9ef62f84eb3685bb70b7
W8_Q08,STRUCT_R2,14,6,1438743,6427,0,1,21,2,48,171,11,169,63,23,6202056e7f9106d89fc2c03650e5a38d69f704cc369ba9e689bf413e5f7173e1
W7_Q16,STRUCT_R1,14,6,622215,2223,0,0,20,0,52,18,6,15,4,20,352ecf90b67b0a72cf480d5f2990d3ea8f45c0a65a2644e7a858b4f181627dcb
W7_Q04,STRUCT_R1,14,6,295127,1462,0,0,8,0,16,6,6,15,4,8,64eb05b2d681af147811cd64dc0e11be812cb48952e297a71fcf6d3c013ba4a0
W9_Q16,STRUCT,14,6,2732804,8944,0,0,18,2,22,352,4,4,1,20,ff9866380da95df98e4375770d21fe162b02c0b8b05b75e939b18d0d711c4c04
W2_Q16,ALGSTRUCT,14,6,1064952,2222,16,0,18,1,35,17,5,14,4,19,6874ea3fe8a08c7af5d8752f9a4557e5d01bc066a937913a1e427661cbb540c4
W9_Q32,STRUCT,14,6,5211629,13074,0,0,34,2,38,608,4,4,1,36,f9b4de382a62f7ddf0ae716d829e6d3204b079918eba11b5d003aed0f308e9a0
W7_Q04,STRUCT_R2,14,6,287367,1704,0,0,8,0,16,6,6,15,4,8,64eb05b2d681af147811cd64dc0e11be812cb48952e297a71fcf6d3c013ba4a0
W7_Q08,ALGSTRUCT,14,6,419164,1517,0,0,12,0,28,10,6,15,4,12,d13ad2add4e1d9cb21c441a8963ffbcf5f462a05d4f61331fa56b7c117fe58d1
W6_Q02,OFF,14,6,239978,1575,0,0,4,2,10,4,6,15,5,6,d26b7c6c44eb2ae1342ad0eacde318e4485f70f1e0c22f44dc171d7c0f11f2c5
W2_Q32,STRUCT_R2,14,6,1850628,3538,0,0,34,2,100,34,6,15,4,36,ead1d2e3154b72c47159b745145cb82392c282dcdeeba0e877b2291c8ed45d37
W7_Q32,STRUCT_R2,14,6,1112210,3074,0,0,36,0,100,34,6,15,4,36,6bdf3735d7ed12e047353d97f7fd342934c808ba421573c6cd2474dd612f37b1
W5_Q04,STRUCT,14,6,313812,1870,0,0,12,0,12,4,10,34,4,12,233b80e0525d1c617459998a8c1e1bc9855a2c2b10f43c6fd42648b8adae0248
W4_Q32,ALGSTRUCT,14,6,18450821,58352,32,0,130,1,227,1057,37,1006,31,131,4a5be56a553c6df341c1f260562041444c20a964d5f4f3916c7966ddd0bae2e9
W7_Q08,STRUCT_R1,14,6,420292,1537,0,0,12,0,28,10,6,15,4,12,d13ad2add4e1d9cb21c441a8963ffbcf5f462a05d4f61331fa56b7c117fe58d1
W3_d2,OFF,14,6,795936,2333,0,0,11,5,35,13,10,29,5,16,bb512a3ef0db77c97656c90a9544f5958e4b52748f6a43bfdbc34ec450c82e91
W8_Q02,OFF,14,6,826527,5279,0,0,15,2,30,165,11,169,63,17,ab8e72a97eeddaf640fa9d87846837b35913b3b9a7916818e4653a499fd7cc9a
W2_Q32,ALGSTRUCT,14,6,2236236,3092,32,0,34,1,67,33,5,14,4,35,aa6152b6f2b2227ea71db0831b5f58d2dce2bdcb6db5c4bb5d1fb235d1201ed1
W5_Q16,STRUCT,14,6,975324,4629,0,0,48,0,48,16,34,130,4,48,15f4ec0f61204d6ef15a655140c1c86c7248fc9deed8e4c09ef3081b8b94fb64
W2_Q32,OFF,14,6,1543281,3481,0,0,34,2,100,34,6,15,4,36,ead1d2e3154b72c47159b745145cb82392c282dcdeeba0e877b2291c8ed45d37
W9_Q32,STRUCT_R2,14,6,5056815,13168,0,16,34,1,35,560,4,4,1,35,678046e55883cc9fe207429daab5f5da66bcc2178ee01574697097ddff7f102c
W4_Q08,STRUCT_R2,14,6,2301789,13186,0,0,34,2,68,266,14,263,31,36,310b652f3a487a64261e67b69ca4bd659f7cd91c74be37afd64d6187457e8bdc
W1,ALGSTRUCT,14,6,276054,1128,1,0,3,1,5,2,5,14,4,4,ddbc64bc70e115337e04b3ee4eac0b96e81aea703c916cfeea2e2366190e3210
W7_Q02,STRUCT_R1,14,6,250627,1592,0,0,6,0,10,4,6,15,4,6,b1d2efac79748ca32ad60ca241d894721be3c3795c13e31e47e01dad1cb5a5f1
W5_Q08,ALGSTRUCT,14,6,537790,2334,0,0,24,0,24,8,18,66,4,24,1ec99f8159a9bf9f7216cbde66142ab941580d932ab53b67181d9941e08515a5
W9_Q32,STRUCT_R1,14,6,5142925,13427,0,0,34,2,38,608,4,4,1,36,f9b4de382a62f7ddf0ae716d829e6d3204b079918eba11b5d003aed0f308e9a0
W2_Q08,OFF,14,6,455754,2241,0,0,10,2,28,10,6,15,4,12,e121069670786ba8fbe3100d624a17638d4611a34b02647058710f2e3db6a9c9
W5_Q02,STRUCT_R2,14,6,220516,1667,0,0,6,0,6,2,6,18,4,6,e7741c936508103b2af3b934e316124eac7bac4773e716fb634bafee4047c0e4
W2_Q02,ALGSTRUCT,14,6,322662,1224,2,0,4,1,7,3,5,14,4,5,d8adac9423435c6f23a5e314f4d31430db516714fee41508dcac1bc6af0e6f0c
W7_Q01,STRUCT_R2,14,6,219220,1444,0,0,5,0,7,3,6,15,4,5,70f8123fffd2af37d12a00e22d9841098c66a489d4953aae174ab2cb5014e5d7
W8_Q02,STRUCT_R2,14,6,1046321,5982,0,1,15,2,30,165,11,169,63,17,ab8e72a97eeddaf640fa9d87846837b35913b3b9a7916818e4653a499fd7cc9a
W5_Q01,STRUCT_R1,14,6,183997,1278,0,0,3,0,3,1,4,10,4,3,7528d1a80da7ce6bed6c3efbaad136c6b237adf54f46f512a5fe79019bfef2ec
W9_Q01,STRUCT_R2,14,6,343664,4536,0,0,3,0,3,48,4,4,1,3,6e63c0dab5f8b29ef9d1440bcd3711746464b7521a4243c8d32e03504a6224d2
W8_Q01,ALGSTRUCT,14,6,1104469,6112,1,1,14,1,25,163,10,168,63,15,fdd35fe24122be542f9944d55e73c67d2cd28afd3fd1ff25e723a080e5d2dad8
W9_Q04,ALGSTRUCT,14,6,981102,4703,0,2,6,1,7,112,4,4,1,7,7e3f7232eefdc535f0f8be36c1c724fab7de36a2740821784506d96a09bd30b3
W8_Q04,ALGSTRUCT,14,6,1317025,5387,4,1,17,1,31,166,10,168,63,18,1ff2b9471d9cd2dd9078b74afc728460463e46c3102cf6da6b805d7f73e4899a
W5_Q16,OFF,14,6,857545,5149,0,0,48,0,48,16,34,130,4,48,15f4ec0f61204d6ef15a655140c1c86c7248fc9deed8e4c09ef3081b8b94fb64
W8_Q02,ALGSTRUCT,14,6,1161192,5666,2,1,15,1,27,164,10,168,63,16,652ea2e2db2a8b59e1a2373d0aa09bb6194a7176cb3cd104297a14f7ef235e6b
W6_Q16,STRUCT,14,6,962194,2315,0,0,18,2,52,18,6,15,5,20,bb0755604375307ff8e5fd09781b80b224d9ab98fa75fb51387fe44cb24e3726
W1,STRUCT,14,6,261941,1667,0,0,3,2,7,3,6,15,4,5,4b26ed307e0166f8d1fa59ea1e874899e41c5fd882be9ef62f84eb3685bb70b7
W7_Q01,ALGSTRUCT,14,6,226126,1371,0,0,5,0,7,3,6,15,4,5,70f8123fffd2af37d12a00e22d9841098c66a489d4953aae174ab2cb5014e5d7
W7_Q32,ALGSTRUCT,14,6,1176968,3464,0,0,36,0,100,34,6,15,4,36,6bdf3735d7ed12e047353d97f7fd342934c808ba421573c6cd2474dd612f37b1
W9_Q02,ALGSTRUCT,14,6,629678,4000,0,1,4,1,5,80,4,4,1,5,a250745debd6fd7cf3585f94dfa2ad7178c8b7c572e5ce15f0467c48475c0e9a
W4_Q32,STRUCT,14,6,9765174,65406,0,0,130,2,260,1058,38,1007,31,132,068ad024181661f75503372002890dd704cd730c5fc591fd65590a6d532c145d
W6_Q01,STRUCT_R2,14,6,257646,1537,0,0,3,2,7,3,6,15,5,5,ef852aa19070a90d167a6fc211683b2bbb6401671f4212d90e23806d1620b62f
W3_d3,STRUCT_R2,14,6,1405077,2649,0,0,12,8,42,16,14,46,8,20,d0de00aa950042ce2df3a1aacd87b83395b88f62201b4b0ee4f6f67dba5bbb2b
W9_Q04,STRUCT_R2,14,6,999119,4944,0,2,6,1,7,112,4,4,1,7,7e3f7232eefdc535f0f8be36c1c724fab7de36a2740821784506d96a09bd30b3
W9_Q08,OFF,14,6,925692,5761,0,0,10,0,24,384,4,4,1,10,ae43d04dfb0cf7afbfdc83558714cd1da89c64e7c6d49325a19de9764156762a
W6_Q08,STRUCT,14,6,571364,2037,0,0,10,2,28,10,6,15,5,12,0d426ef82e54bf37e16bebf86ad11b160059eb28202264ca816d50ab17a2aa06
W6_Q04,OFF,14,6,313424,2147,0,0,6,2,16,6,6,15,5,8,463695b346924b3ce3bfd76bc311a5cc5d47fb033482cc22912fc407e8f09fdf
W9_Q04,OFF,14,6,599177,4835,0,0,6,0,12,192,4,4,1,6,6dad93323aff1013501fa90b58e0e48741ec6d807386799264c78a900e9e11d0
W5_Q02,OFF,14,6,157665,1760,0,0,6,0,6,2,6,18,4,6,e7741c936508103b2af3b934e316124eac7bac4773e716fb634bafee4047c0e4
W5_Q32,STRUCT,14,6,1981831,10629,0,0,96,0,96,32,66,258,4,96,ad908136f049b66ae4b1e1c3f252d7a2ebead009fab3f7177d4babd24fcbec6a
W6_Q01,ALGSTRUCT,14,6,268552,1408,0,0,3,2,7,3,6,15,5,5,ef852aa19070a90d167a6fc211683b2bbb6401671f4212d90e23806d1620b62f
W9_Q02,STRUCT,14,6,473939,4167,0,0,4,0,6,96,4,4,1,4,f59554bf6b558dac39020afcdc9d3261e3c200f0f612cb6818827b31bbda0408
W9_Q16,STRUCT_R2,14,6,2638639,8444,0,8,18,1,19,304,4,4,1,19,44cdb1eb48242e36e60587a8e97fc1204f774ee018380c18a625f9abe3ce3ce8
W8_Q04,STRUCT_R1,14,6,1289857,5555,4,0,17,1,31,166,10,168,63,18,1ff2b9471d9cd2dd9078b74afc728460463e46c3102cf6da6b805d7f73e4899a
W8_Q32,STRUCT_R2,14,6,2807415,8648,0,1,45,2,120,195,11,169,63,47,257e33fe42ff72054f90b0755280d3b57f6dc95e0ff488350c7a08c8fa00e255
W6_Q01,STRUCT_R1,14,6,263944,1479,0,0,3,2,7,3,6,15,5,5,ef852aa19070a90d167a6fc211683b2bbb6401671f4212d90e23806d1620b62f
W4_Q32,OFF,14,6,8470947,75795,0,0,130,2,260,1058,38,1007,31,132,068ad024181661f75503372002890dd704cd730c5fc591fd65590a6d532c145d
W5_Q16,ALGSTRUCT,14,6,1005545,4741,0,0,48,0,48,16,34,130,4,48,15f4ec0f61204d6ef15a655140c1c86c7248fc9deed8e4c09ef3081b8b94fb64
W9_Q04,STRUCT_R1,14,6,1109064,4554,0,0,6,2,10,160,4,4,1,8,a25fcd6d9b6930c5a5e472a5d4b9da9d0423cec22fe64a49a0e3364286ad6c7b
W3_d2,STRUCT_R1,14,6,964620,2166,9,0,11,3,24,11,8,27,5,14,b3a60a0bc9bb1633f8ca67743fa2b43eea5f58f8a512cbf173b181d8c20dfa68
W9_Q01,STRUCT,14,6,337959,4482,0,0,3,0,3,48,4,4,1,3,6e63c0dab5f8b29ef9d1440bcd3711746464b7521a4243c8d32e03504a6224d2
W2_Q02,STRUCT,14,6,313274,1556,0,0,4,2,10,4,6,15,4,6,002b88cffa362a25f201c7342c0d49bad4cd7fb10998ad8823a39c11beee6d88
W9_Q08,STRUCT_R2,14,6,1463522,6648,0,4,10,1,11,176,4,4,1,11,f0aee4c6a6b6511ecbc27f2fc4ef3f688cd044d5f143461208ceed4e1cea64ae
W4_Q16,STRUCT,14,6,4731691,27091,0,0,66,2,132,530,22,511,31,68,7fbae5656c303ca065341c5db14fa3ef41fb196c82f59bb1c789e1f7b78b0f7a
W6_Q02,STRUCT,14,6,311626,1574,0,0,4,2,10,4,6,15,5,6,d26b7c6c44eb2ae1342ad0eacde318e4485f70f1e0c22f44dc171d7c0f11f2c5
W6_Q08,STRUCT_R2,14,6,569679,2111,0,0,10,2,28,10,6,15,5,12,0d426ef82e54bf37e16bebf86ad11b160059eb28202264ca816d50ab17a2aa06
W2_Q16,STRUCT_R1,14,6,1043543,2075,16,0,18,1,35,17,5,14,4,19,6874ea3fe8a08c7af5d8752f9a4557e5d01bc066a937913a1e427661cbb540c4
W6_Q08,ALGSTRUCT,14,6,598475,1482,0,0,10,2,28,10,6,15,5,12,0d426ef82e54bf37e16bebf86ad11b160059eb28202264ca816d50ab17a2aa06
W6_Q01,OFF,14,6,199776,1574,0,0,3,2,7,3,6,15,5,5,ef852aa19070a90d167a6fc211683b2bbb6401671f4212d90e23806d1620b62f
W4_Q32,STRUCT_R2,14,6,9607028,64591,0,0,130,2,260,1058,38,1007,31,132,068ad024181661f75503372002890dd704cd730c5fc591fd65590a6d532c145d
W5_Q02,STRUCT,14,6,223091,1647,0,0,6,0,6,2,6,18,4,6,e7741c936508103b2af3b934e316124eac7bac4773e716fb634bafee4047c0e4
W3_d2,STRUCT_R2,14,6,954804,2426,0,0,11,5,35,13,10,29,5,16,bb512a3ef0db77c97656c90a9544f5958e4b52748f6a43bfdbc34ec450c82e91
W7_Q16,STRUCT,14,6,609030,1945,0,0,20,0,52,18,6,15,4,20,352ecf90b67b0a72cf480d5f2990d3ea8f45c0a65a2644e7a858b4f181627dcb
W6_Q08,STRUCT_R1,14,6,587956,1778,0,0,10,2,28,10,6,15,5,12,0d426ef82e54bf37e16bebf86ad11b160059eb28202264ca816d50ab17a2aa06
W7_Q16,OFF,14,6,474534,1980,0,0,20,0,52,18,6,15,4,20,352ecf90b67b0a72cf480d5f2990d3ea8f45c0a65a2644e7a858b4f181627dcb
W9_Q16,ALGSTRUCT,14,6,2614657,7519,0,8,18,1,19,304,4,4,1,19,44cdb1eb48242e36e60587a8e97fc1204f774ee018380c18a625f9abe3ce3ce8
W8_Q16,STRUCT,14,6,1831552,6650,0,0,29,2,72,179,11,169,63,31,75d1b16c15c201143eb0f00e84429326ead193544062ed0323b47e7914fd575d
W7_Q01,OFF,14,6,151053,1964,0,0,5,0,7,3,6,15,4,5,70f8123fffd2af37d12a00e22d9841098c66a489d4953aae174ab2cb5014e5d7
W3_d1,STRUCT_R2,14,6,570363,2001,0,0,10,2,28,10,6,15,4,12,a54c74b256ab2c5cf00e4072ff680215ee9ddba8ea28d33e07bfd46dd0370227
W4_Q01,ALGSTRUCT,14,6,493197,2408,1,0,6,1,10,34,6,45,31,7,2a2742010b3f20f3e0b7616f059bcf47256e350d22af5b1d3a055aa5eee736e9
W2_Q16,STRUCT,14,6,995175,2555,0,0,18,2,52,18,6,15,4,20,f53a43e02a6f7be38b5d23a92cce7a6f0c7e7deac086e97841ea021c93a5a893
W9_Q32,ALGSTRUCT,14,6,5029427,12074,0,16,34,1,35,560,4,4,1,35,678046e55883cc9fe207429daab5f5da66bcc2178ee01574697097ddff7f102c
W3_d3,OFF,14,6,1164042,2594,0,0,12,8,42,16,14,46,8,20,d0de00aa950042ce2df3a1aacd87b83395b88f62201b4b0ee4f6f67dba5bbb2b
W5_Q02,STRUCT_R1,14,6,225589,1612,0,0,6,0,6,2,6,18,4,6,e7741c936508103b2af3b934e316124eac7bac4773e716fb634bafee4047c0e4
W7_Q32,STRUCT,14,6,1131099,3592,0,0,36,0,100,34,6,15,4,36,6bdf3735d7ed12e047353d97f7fd342934c808ba421573c6cd2474dd612f37b1
W7_Q04,STRUCT,14,6,298942,1721,0,0,8,0,16,6,6,15,4,8,64eb05b2d681af147811cd64dc0e11be812cb48952e297a71fcf6d3c013ba4a0
W9_Q04,STRUCT,14,6,1110823,4777,0,0,6,2,10,160,4,4,1,8,a25fcd6d9b6930c5a5e472a5d4b9da9d0423cec22fe64a49a0e3364286ad6c7b
W4_Q04,STRUCT_R1,14,6,1452281,7277,4,0,18,1,31,133,9,138,31,19,fc880fdc081349aa9e95db821628814a11fa6271dfea15fd511d230a5fbbf819
W8_Q16,STRUCT_R1,14,6,2178792,6388,16,0,29,1,55,178,10,168,63,30,d68e12eaec95eadd08fb1ce8e6c0dcfc893de77e4c3d4f5a64bb4b4ee29b64b3
W8_Q04,STRUCT,14,6,1192116,6075,0,0,17,2,36,167,11,169,63,19,683043cf53c296ea0d43a0c383a5a5aa5dfae2adbc542c677c919239829da206
W4_Q08,OFF,14,6,1992462,12647,0,0,34,2,68,266,14,263,31,36,310b652f3a487a64261e67b69ca4bd659f7cd91c74be37afd64d6187457e8bdc
W6_Q04,STRUCT_R1,14,6,411179,1501,0,0,6,2,16,6,6,15,5,8,463695b346924b3ce3bfd76bc311a5cc5d47fb033482cc22912fc407e8f09fdf
W2_Q08,ALGSTRUCT,14,6,588588,1832,8,0,10,1,19,9,5,14,4,11,28ef291bdbdabd5779860a9dac095bdb774cc930b18dec6f9c7bf13df75550d2
W5_Q01,STRUCT,14,6,182481,1554,0,0,3,0,3,1,4,10,4,3,7528d1a80da7ce6bed6c3efbaad136c6b237adf54f46f512a5fe79019bfef2ec
W8_Q01,STRUCT,14,6,996600,5519,0,0,14,2,27,164,11,169,63,16,7b06ec78e125033330eb86a638ef113771be6d17e66ade996d2cadaa30e562a7
W2_Q16,STRUCT_R2,14,6,978971,2223,0,0,18,2,52,18,6,15,4,20,f53a43e02a6f7be38b5d23a92cce7a6f0c7e7deac086e97841ea021c93a5a893
W4_Q04,OFF,14,6,1059750,7276,0,0,18,2,36,134,10,139,31,20,fd25718cb278dfe33c1131161ba4977814e08de24bd73801325a42bf895b4b90
W6_Q04,STRUCT_R2,14,6,402902,1779,0,0,6,2,16,6,6,15,5,8,463695b346924b3ce3bfd76bc311a5cc5d47fb033482cc22912fc407e8f09fdf
W2_Q08,STRUCT_R1,14,6,575734,1760,8,0,10,1,19,9,5,14,4,11,28ef291bdbdabd5779860a9dac095bdb774cc930b18dec6f9c7bf13df75550d2
W5_Q04,OFF,14,6,240961,1795,0,0,12,0,12,4,10,34,4,12,233b80e0525d1c617459998a8c1e1bc9855a2c2b10f43c6fd42648b8adae0248
W9_Q02,STRUCT_R1,14,6,483921,3463,0,0,4,0,6,96,4,4,1,4,f59554bf6b558dac39020afcdc9d3261e3c200f0f612cb6818827b31bbda0408
W2_Q16,OFF,14,6,793566,2759,0,0,18,2,52,18,6,15,4,20,f53a43e02a6f7be38b5d23a92cce7a6f0c7e7deac086e97841ea021c93a5a893
W6_Q02,ALGSTRUCT,14,6,323311,1500,0,0,4,2,10,4,6,15,5,6,d26b7c6c44eb2ae1342ad0eacde318e4485f70f1e0c22f44dc171d7c0f11f2c5
W8_Q08,STRUCT_R1,14,6,1619186,5871,8,0,21,1,39,170,10,168,63,22,dfb50a16d91192e00318e4ac61c06d5403d37554d2e61726115b9e5e96a90617
W2_Q01,OFF,14,6,195536,1944,0,0,3,2,7,3,6,15,4,5,fb4f50a52888382fd35dda056767f1188dd59b0b7db5fbe2928a5afbf6bf9f5b
W9_Q08,STRUCT_R1,14,6,1577520,7296,0,0,10,2,14,224,4,4,1,12,4c97cc82f3dbf6bc2a6de325d199b0cb65ffca732846069f84ea5618bb19fcfd
W6_Q32,STRUCT,14,6,1855259,2962,0,0,34,2,100,34,6,15,5,36,e27ba2fd4a248e13e86f6fd51f6578ca7bbe37b27fb6c62f3d2e37c16ce58156
W2_Q04,STRUCT_R1,14,6,403753,1261,4,0,6,1,11,5,5,14,4,7,e3e1c95caf3c6465ad04568b51f69fe26be853a4ad44521756f63edd123351f8
W2_Q01,ALGSTRUCT,14,6,280294,1333,1,0,3,1,5,2,5,14,4,4,2474f5c3c44c2292e8653ad95f4f21ec80fa6c72b730d7761807baa6c04c0270
W8_Q01,STRUCT_R2,14,6,1006544,5778,0,1,14,2,27,164,11,169,63,16,7b06ec78e125033330eb86a638ef113771be6d17e66ade996d2cadaa30e562a7
W5_Q32,STRUCT_R1,14,6,2087980,12146,0,0,96,0,96,32,66,258,4,96,ad908136f049b66ae4b1e1c3f252d7a2ebead009fab3f7177d4babd24fcbec6a
W6_Q04,STRUCT,14,6,402367,1721,0,0,6,2,16,6,6,15,5,8,463695b346924b3ce3bfd76bc311a5cc5d47fb033482cc22912fc407e8f09fdf
W8_Q01,STRUCT_R1,14,6,1087396,5796,1,0,14,1,25,163,10,168,63,15,fdd35fe24122be542f9944d55e73c67d2cd28afd3fd1ff25e723a080e5d2dad8
W5_Q02,ALGSTRUCT,14,6,222777,1388,0,0,6,0,6,2,6,18,4,6,e7741c936508103b2af3b934e316124eac7bac4773e716fb634bafee4047c0e4
W8_Q04,STRUCT_R2,14,6,1172173,5814,0,1,17,2,36,167,11,169,63,19,683043cf53c296ea0d43a0c383a5a5aa5dfae2adbc542c677c919239829da206
W8_Q02,STRUCT,14,6,1047247,5668,0,0,15,2,30,165,11,169,63,17,ab8e72a97eeddaf640fa9d87846837b35913b3b9a7916818e4653a499fd7cc9a
W4_Q02,STRUCT,14,6,687937,4241,0,0,10,2,20,68,8,77,31,12,c082fb0620ac05b05065135ca996c9564b57d8a79b47964aa54b86c16cd0659f
W5_Q16,STRUCT_R1,14,6,1002046,4666,0,0,48,0,48,16,34,130,4,48,15f4ec0f61204d6ef15a655140c1c86c7248fc9deed8e4c09ef3081b8b94fb64
W9_Q01,STRUCT_R1,14,6,340125,3001,0,0,3,0,3,48,4,4,1,3,6e63c0dab5f8b29ef9d1440bcd3711746464b7521a4243c8d32e03504a6224d2
W4_Q08,ALGSTRUCT,14,6,2950560,13519,8,0,34,1,59,265,13,262,31,35,0d7db8d8f19881c77c6e7cd19e1f9d024ea9973fae56dbdbc00db2eeaa790340
W9_Q16,OFF,14,6,1753888,8834,0,0,18,0,48,768,4,4,1,18,43b7f4efcb619e6e3fc5fc66e7827f4bb8130a24a5905f5ce4efe6114dbfdbd3
W4_Q02,ALGSTRUCT,14,6,781918,3592,2,0,10,1,17,67,7,76,31,11,056c94f2139c9e918446fe4f786e56b203a4febdd7cdb7d162e2b0323db5a772
W6_Q02,STRUCT_R2,14,6,306295,1572,0,0,4,2,10,4,6,15,5,6,d26b7c6c44eb2ae1342ad0eacde318e4485f70f1e0c22f44dc171d7c0f11f2c5
W7_Q16,STRUCT_R2,14,6,600900,2149,0,0,20,0,52,18,6,15,4,20,352ecf90b67b0a72cf480d5f2990d3ea8f45c0a65a2644e7a858b4f181627dcb
W5_Q01,OFF,14,6,121573,1370,0,0,3,0,3,1,4,10,4,3,7528d1a80da7ce6bed6c3efbaad136c6b237adf54f46f512a5fe79019bfef2ec
W9_Q01,OFF,14,6,225499,4110,0,0,3,0,3,48,4,4,1,3,6e63c0dab5f8b29ef9d1440bcd3711746464b7521a4243c8d32e03504a6224d2
W6_Q16,STRUCT_R1,14,6,1022434,2370,0,0,18,2,52,18,6,15,5,20,bb0755604375307ff8e5fd09781b80b224d9ab98fa75fb51387fe44cb24e3726
W7_Q02,STRUCT_R2,14,6,245108,1445,0,0,6,0,10,4,6,15,4,6,b1d2efac79748ca32ad60ca241d894721be3c3795c13e31e47e01dad1cb5a5f1
W6_Q08,OFF,14,6,454237,2018,0,0,10,2,28,10,6,15,5,12,0d426ef82e54bf37e16bebf86ad11b160059eb28202264ca816d50ab17a2aa06
W8_Q08,ALGSTRUCT,14,6,1638391,5943,8,1,21,1,39,170,10,168,63,22,dfb50a16d91192e00318e4ac61c06d5403d37554d2e61726115b9e5e96a90617
W8_Q04,OFF,14,6,942009,5592,0,0,17,2,36,167,11,169,63,19,683043cf53c296ea0d43a0c383a5a5aa5dfae2adbc542c677c919239829da206
W2_Q04,OFF,14,6,315256,1630,0,0,6,2,16,6,6,15,4,8,b8312387bf162a1452336c9e9e40ef1298c4a5b22cc87b54f4215f6e91104b3c
W2_Q02,OFF,14,6,238701,1722,0,0,4,2,10,4,6,15,4,6,002b88cffa362a25f201c7342c0d49bad4cd7fb10998ad8823a39c11beee6d88
W2_Q32,STRUCT,14,6,1904350,3630,0,0,34,2,100,34,6,15,4,36,ead1d2e3154b72c47159b745145cb82392c282dcdeeba0e877b2291c8ed45d37
W5_Q32,STRUCT_R2,15,6,1970904,10741,0,0,96,0,96,32,66,258,4,96,ad908136f049b66ae4b1e1c3f252d7a2ebead009fab3f7177d4babd24fcbec6a
W6_Q32,ALGSTRUCT,15,6,1967850,3500,0,0,34,2,100,34,6,15,5,36,e27ba2fd4a248e13e86f6fd51f6578ca7bbe37b27fb6c62f3d2e37c16ce58156
W2_Q08,STRUCT_R1,15,6,572143,1888,8,0,10,1,19,9,5,14,4,11,28ef291bdbdabd5779860a9dac095bdb774cc930b18dec6f9c7bf13df75550d2
W3_d3,STRUCT_R2,15,6,1400912,2832,0,0,12,8,42,16,14,46,8,20,d0de00aa950042ce2df3a1aacd87b83395b88f62201b4b0ee4f6f67dba5bbb2b
W9_Q08,STRUCT_R1,15,6,1584410,6240,0,0,10,2,14,224,4,4,1,12,4c97cc82f3dbf6bc2a6de325d199b0cb65ffca732846069f84ea5618bb19fcfd
W4_Q08,STRUCT_R1,15,6,2951376,13888,8,0,34,1,59,265,13,262,31,35,0d7db8d8f19881c77c6e7cd19e1f9d024ea9973fae56dbdbc00db2eeaa790340
W8_Q16,STRUCT,15,6,1839426,6610,0,0,29,2,72,179,11,169,63,31,75d1b16c15c201143eb0f00e84429326ead193544062ed0323b47e7914fd575d
W5_Q16,STRUCT_R1,15,6,1009620,4518,0,0,48,0,48,16,34,130,4,48,15f4ec0f61204d6ef15a655140c1c86c7248fc9deed8e4c09ef3081b8b94fb64
W4_Q16,STRUCT_R2,15,6,4752913,26888,0,0,66,2,132,530,22,511,31,68,7fbae5656c303ca065341c5db14fa3ef41fb196c82f59bb1c789e1f7b78b0f7a
W8_Q16,OFF,15,6,1500002,6482,0,0,29,2,72,179,11,169,63,31,75d1b16c15c201143eb0f00e84429326ead193544062ed0323b47e7914fd575d
W7_Q08,ALGSTRUCT,15,6,416311,1666,0,0,12,0,28,10,6,15,4,12,d13ad2add4e1d9cb21c441a8963ffbcf5f462a05d4f61331fa56b7c117fe58d1
W5_Q01,STRUCT_R2,15,6,178758,1499,0,0,3,0,3,1,4,10,4,3,7528d1a80da7ce6bed6c3efbaad136c6b237adf54f46f512a5fe79019bfef2ec
W5_Q32,ALGSTRUCT,15,6,2081738,10554,0,0,96,0,96,32,66,258,4,96,ad908136f049b66ae4b1e1c3f252d7a2ebead009fab3f7177d4babd24fcbec6a
W6_Q02,STRUCT,15,6,307276,1536,0,0,4,2,10,4,6,15,5,6,d26b7c6c44eb2ae1342ad0eacde318e4485f70f1e0c22f44dc171d7c0f11f2c5
W7_Q16,STRUCT_R1,15,6,631512,2425,0,0,20,0,52,18,6,15,4,20,352ecf90b67b0a72cf480d5f2990d3ea8f45c0a65a2644e7a858b4f181627dcb
W8_Q08,STRUCT_R2,15,6,1435391,6723,0,1,21,2,48,171,11,169,63,23,6202056e7f9106d89fc2c03650e5a38d69f704cc369ba9e689bf413e5f7173e1
W5_Q08,STRUCT_R1,15,6,542642,2704,0,0,24,0,24,8,18,66,4,24,1ec99f8159a9bf9f7216cbde66142ab941580d932ab53b67181d9941e08515a5
W3_d1,OFF,15,6,458494,1945,0,0,10,2,28,10,6,15,4,12,a54c74b256ab2c5cf00e4072ff680215ee9ddba8ea28d33e07bfd46dd0370227
W2_Q02,ALGSTRUCT,15,6,325440,1353,2,0,4,1,7,3,5,14,4,5,d8adac9423435c6f23a5e314f4d31430db516714fee41508dcac1bc6af0e6f0c
W4_Q04,ALGSTRUCT,15,6,1462168,7483,4,0,18,1,31,133,9,138,31,19,fc880fdc081349aa9e95db821628814a11fa6271dfea15fd511d230a5fbbf819
W1,OFF,15,6,194831,1649,0,0,3,2,7,3,6,15,4,5,4b26ed307e0166f8d1fa59ea1e874899e41c5fd882be9ef62f84eb3685bb70b7
W4_Q01,OFF,15,6,355125,2612,0,0,6,2,12,35,7,46,31,8,c1c4e28384d704fc6572f4a795b1b9dcd23dd585446058743d09154ee63f83a5
W8_Q32,STRUCT,15,6,2794675,8407,0,0,45,2,120,195,11,169,63,47,257e33fe42ff72054f90b0755280d3b57f6dc95e0ff488350c7a08c8fa00e255
W6_Q02,ALGSTRUCT,15,6,330683,1758,0,0,4,2,10,4,6,15,5,6,d26b7c6c44eb2ae1342ad0eacde318e4485f70f1e0c22f44dc171d7c0f11f2c5
W1,STRUCT_R2,15,6,264812,1537,0,0,3,2,7,3,6,15,4,5,4b26ed307e0166f8d1fa59ea1e874899e41c5fd882be9ef62f84eb3685bb70b7
W6_Q08,OFF,15,6,456141,1650,0,0,10,2,28,10,6,15,5,12,0d426ef82e54bf37e16bebf86ad11b160059eb28202264ca816d50ab17a2aa06
W2_Q04,ALGSTRUCT,15,6,409161,1446,4,0,6,1,11,5,5,14,4,7,e3e1c95caf3c6465ad04568b51f69fe26be853a4ad44521756f63edd123351f8
W3_d3,STRUCT,15,6,1401856,2889,0,0,12,8,42,16,14,46,8,20,d0de00aa950042ce2df3a1aacd87b83395b88f62201b4b0ee4f6f67dba5bbb2b
W5_Q32,OFF,15,6,1797370,9962,0,0,96,0,96,32,66,258,4,96,ad908136f049b66ae4b1e1c3f252d7a2ebead009fab3f7177d4babd24fcbec6a
W6_Q02,STRUCT_R2,15,6,307313,1665,0,0,4,2,10,4,6,15,5,6,d26b7c6c44eb2ae1342ad0eacde318e4485f70f1e0c22f44dc171d7c0f11f2c5
W9_Q02,STRUCT_R2,15,6,635104,5760,0,1,4,1,5,80,4,4,1,5,a250745debd6fd7cf3585f94dfa2ad7178c8b7c572e5ce15f0467c48475c0e9a
W3_d1,ALGSTRUCT,15,6,586606,1888,8,0,10,1,19,9,5,14,4,11,51eaee63f5c885c3fa7e71093e89c7ff61bea1c09d51d95c588c39ddf452f383
W5_Q08,STRUCT,15,6,531365,3204,0,0,24,0,24,8,18,66,4,24,1ec99f8159a9bf9f7216cbde66142ab941580d932ab53b67181d9941e08515a5
W9_Q01,STRUCT,15,6,354218,3407,0,0,3,0,3,48,4,4,1,3,6e63c0dab5f8b29ef9d1440bcd3711746464b7521a4243c8d32e03504a6224d2
W8_Q02,STRUCT_R1,15,6,1160597,5186,2,0,15,1,27,164,10,168,63,16,652ea2e2db2a8b59e1a2373d0aa09bb6194a7176cb3cd104297a14f7ef235e6b
W3_d1,STRUCT_R1,15,6,569030,1538,8,0,10,1,19,9,5,14,4,11,51eaee63f5c885c3fa7e71093e89c7ff61bea1c09d51d95c588c39ddf452f383
W4_Q32,OFF,15,6,8432112,68001,0,0,130,2,260,1058,38,1007,31,132,068ad024181661f75503372002890dd704cd730c5fc591fd65590a6d532c145d
W8_Q01,ALGSTRUCT,15,6,1090247,5371,1,1,14,1,25,163,10,168,63,15,fdd35fe24122be542f9944d55e73c67d2cd28afd3fd1ff25e723a080e5d2dad8
W4_Q16,ALGSTRUCT,15,6,7159794,26073,16,0,66,1,115,529,21,510,31,67,c4cb6b036cc3a61a0d0502a6d94307b09dd7e159ba9b445a83ebed14f5c8ebe1
W8_Q32,STRUCT_R2,15,6,2804988,8426,0,1,45,2,120,195,11,169,63,47,257e33fe42ff72054f90b0755280d3b57f6dc95e0ff488350c7a08c8fa00e255
W2_Q08,STRUCT,15,6,566551,1925,0,0,10,2,28,10,6,15,4,12,e121069670786ba8fbe3100d624a17638d4611a34b02647058710f2e3db6a9c9
W1,STRUCT,15,6,261758,1536,0,0,3,2,7,3,6,15,4,5,4b26ed307e0166f8d1fa59ea1e874899e41c5fd882be9ef62f84eb3685bb70b7
W7_Q16,OFF,15,6,472848,2258,0,0,20,0,52,18,6,15,4,20,352ecf90b67b0a72cf480d5f2990d3ea8f45c0a65a2644e7a858b4f181627dcb
W9_Q04,STRUCT_R1,15,6,1094007,5130,0,0,6,2,10,160,4,4,1,8,a25fcd6d9b6930c5a5e472a5d4b9da9d0423cec22fe64a49a0e3364286ad6c7b
W4_Q02,STRUCT,15,6,702587,4406,0,0,10,2,20,68,8,77,31,12,c082fb0620ac05b05065135ca996c9564b57d8a79b47964aa54b86c16cd0659f
W5_Q32,STRUCT_R1,15,6,2097774,10722,0,0,96,0,96,32,66,258,4,96,ad908136f049b66ae4b1e1c3f252d7a2ebead009fab3f7177d4babd24fcbec6a
W9_Q08,STRUCT,15,6,1568854,7406,0,0,10,2,14,224,4,4,1,12,4c97cc82f3dbf6bc2a6de325d199b0cb65ffca732846069f84ea5618bb19fcfd
W2_Q16,STRUCT,15,6,982359,2297,0,0,18,2,52,18,6,15,4,20,f53a43e02a6f7be38b5d23a92cce7a6f0c7e7deac086e97841ea021c93a5a893
W9_Q32,OFF,15,6,3428945,17333,0,0,34,0,96,1536,4,4,1,34,13dfd65212c03f91a3168cac28f16ba616ce21a6c4d7fb7bf5b25f0167fbc71b
W5_Q02,ALGSTRUCT,15,6,227497,1445,0,0,6,0,6,2,6,18,4,6,e7741c936508103b2af3b934e316124eac7bac4773e716fb634bafee4047c0e4
W7_Q01,STRUCT,15,6,221331,1482,0,0,5,0,7,3,6,15,4,5,70f8123fffd2af37d12a00e22d9841098c66a489d4953aae174ab2cb5014e5d7
W4_Q08,OFF,15,6,1960924,12296,0,0,34,2,68,266,14,263,31,36,310b652f3a487a64261e67b69ca4bd659f7cd91c74be37afd64d6187457e8bdc
W8_Q01,OFF,15,6,791307,5518,0,0,14,2,27,164,11,169,63,16,7b06ec78e125033330eb86a638ef113771be6d17e66ade996d2cadaa30e562a7
W6_Q01,STRUCT_R1,15,6,264812,1296,0,0,3,2,7,3,6,15,5,5,ef852aa19070a90d167a6fc211683b2bbb6401671f4212d90e23806d1620b62f
W8_Q08,STRUCT,15,6,1455133,6278,0,0,21,2,48,171,11,169,63,23,6202056e7f9106d89fc2c03650e5a38d69f704cc369ba9e689bf413e5f7173e1
W8_Q04,ALGSTRUCT,15,6,1301876,5351,4,1,17,1,31,166,10,168,63,18,1ff2b9471d9cd2dd9078b74afc728460463e46c3102cf6da6b805d7f73e4899a
W9_Q08,OFF,15,6,913363,6109,0,0,10,0,24,384,4,4,1,10,ae43d04dfb0cf7afbfdc83558714cd1da89c64e7c6d49325a19de9764156762a
W5_Q04,STRUCT_R1,15,6,317552,1815,0,0,12,0,12,4,10,34,4,12,233b80e0525d1c617459998a8c1e1bc9855a2c2b10f43c6fd42648b8adae0248
W6_Q02,STRUCT_R1,15,6,319720,1554,0,0,4,2,10,4,6,15,5,6,d26b7c6c44eb2ae1342ad0eacde318e4485f70f1e0c22f44dc171d7c0f11f2c5
W9_Q01,ALGSTRUCT,15,6,346163,4222,0,0,3,0,3,48,4,4,1,3,6e63c0dab5f8b29ef9d1440bcd3711746464b7521a4243c8d32e03504a6224d2
W2_Q01,STRUCT_R1,15,6,280737,1278,1,0,3,1,5,2,5,14,4,4,2474f5c3c44c2292e8653ad95f4f21ec80fa6c72b730d7761807baa6c04c0270
W9_Q04,ALGSTRUCT,15,6,982693,4315,0,2,6,1,7,112,4,4,1,7,7e3f7232eefdc535f0f8be36c1c724fab7de36a2740821784506d96a09bd30b3
W6_Q08,STRUCT,15,6,574847,1721,0,0,10,2,28,10,6,15,5,12,0d426ef82e54bf37e16bebf86ad11b160059eb28202264ca816d50ab17a2aa06
W7_Q16,ALGSTRUCT,15,6,626918,2464,0,0,20,0,52,18,6,15,4,20,352ecf90b67b0a72cf480d5f2990d3ea8f45c0a65a2644e7a858b4f181627dcb
W3_d3,ALGSTRUCT,15,6,1430689,2314,10,0,12,5,29,13,11,43,8,17,16f1a8e88d7f920d91f3a177d0789d4761bf8768a0ac71ebce1f9f2282714954
W8_Q04,STRUCT_R1,15,6,1291467,5352,4,0,17,1,31,166,10,168,63,18,1ff2b9471d9cd2dd9078b74afc728460463e46c3102cf6da6b805d7f73e4899a
W9_Q32,STRUCT,15,6,5210815,14259,0,0,34,2,38,608,4,4,1,36,f9b4de382a62f7ddf0ae716d829e6d3204b079918eba11b5d003aed0f308e9a0
W4_Q04,OFF,15,6,1048063,6370,0,0,18,2,36,134,10,139,31,20,fd25718cb278dfe33c1131161ba4977814e08de24bd73801325a42bf895b4b90
W8_Q32,OFF,15,6,2301124,8000,0,0,45,2,120,195,11,169,63,47,257e33fe42ff72054f90b0755280d3b57f6dc95e0ff488350c7a08c8fa00e255
W1,ALGSTRUCT,15,6,276923,1426,1,0,3,1,5,2,5,14,4,4,ddbc64bc70e115337e04b3ee4eac0b96e81aea703c916cfeea2e2366190e3210
W4_Q02,STRUCT_R2,15,6,688418,3593,0,0,10,2,20,68,8,77,31,12,c082fb0620ac05b05065135ca996c9564b57d8a79b47964aa54b86c16cd0659f
W2_Q04,OFF,15,6,315719,1796,0,0,6,2,16,6,6,15,4,8,b8312387bf162a1452336c9e9e40ef1298c4a5b22cc87b54f4215f6e91104b3c
W7_Q32,OFF,15,6,882659,3017,0,0,36,0,100,34,6,15,4,36,6bdf3735d7ed12e047353d97f7fd342934c808ba421573c6cd2474dd612f37b1
W8_Q02,STRUCT_R2,15,6,1045768,5925,0,1,15,2,30,165,11,169,63,17,ab8e72a97eeddaf640fa9d87846837b35913b3b9a7916818e4653a499fd7cc9a
W4_Q16,STRUCT,15,6,4716264,27482,0,0,66,2,132,530,22,511,31,68,7fbae5656c303ca065341c5db14fa3ef41fb196c82f59bb1c789e1f7b78b0f7a
W6_Q04,STRUCT,15,6,402609,1702,0,0,6,2,16,6,6,15,5,8,463695b346924b3ce3bfd76bc311a5cc5d47fb033482cc22912fc407e8f09fdf
W7_Q16,STRUCT_R2,15,6,598550,2129,0,0,20,0,52,18,6,15,4,20,352ecf90b67b0a72cf480d5f2990d3ea8f45c0a65a2644e7a858b4f181627dcb
W3_d1,STRUCT,15,6,574718,1998,0,0,10,2,28,10,6,15,4,12,a54c74b256ab2c5cf00e4072ff680215ee9ddba8ea28d33e07bfd46dd0370227
W4_Q16,STRUCT_R1,15,6,7088887,25870,16,0,66,1,115,529,21,510,31,67,c4cb6b036cc3a61a0d0502a6d94307b09dd7e159ba9b445a83ebed14f5c8ebe1
W3_d1,STRUCT_R2,15,6,571550,1888,0,0,10,2,28,10,6,15,4,12,a54c74b256ab2c5cf00e4072ff680215ee9ddba8ea28d33e07bfd46dd0370227
W4_Q01,STRUCT_R2,15,6,447476,2297,0,0,6,2,12,35,7,46,31,8,c1c4e28384d704fc6572f4a795b1b9dcd23dd585446058743d09154ee63f83a5
W2_Q08,ALGSTRUCT,15,6,580995,1925,8,0,10,1,19,9,5,14,4,11,28ef291bdbdabd5779860a9dac095bdb774cc930b18dec6f9c7bf13df75550d2
W8_Q02,STRUCT,15,6,1050156,5240,0,0,15,2,30,165,11,169,63,17,ab8e72a97eeddaf640fa9d87846837b35913b3b9a7916818e4653a499fd7cc9a
W6_Q02,OFF,15,6,236163,1704,0,0,4,2,10,4,6,15,5,6,d26b7c6c44eb2ae1342ad0eacde318e4485f70f1e0c22f44dc171d7c0f11f2c5
W6_Q32,STRUCT_R1,15,6,1929831,3074,0,0,34,2,100,34,6,15,5,36,e27ba2fd4a248e13e86f6fd51f6578ca7bbe37b27fb6c62f3d2e37c16ce58156
W4_Q01,STRUCT,15,6,450367,2110,0,0,6,2,12,35,7,46,31,8,c1c4e28384d704fc6572f4a795b1b9dcd23dd585446058743d09154ee63f83a5
W4_Q32,ALGSTRUCT,15,6,18449896,63722,32,0,130,1,227,1057,37,1006,31,131,4a5be56a553c6df341c1f260562041444c20a964d5f4f3916c7966ddd0bae2e9
W3_d3,STRUCT_R1,15,6,1399875,2240,10,0,12,5,29,13,11,43,8,17,16f1a8e88d7f920d91f3a177d0789d4761bf8768a0ac71ebce1f9f2282714954
W8_Q32,STRUCT_R1,15,6,3829367,7870,32,0,45,1,87,194,10,168,63,46,45e69b1796e998f7df6d485c516cc0751375b53ec01f0a7673d473a9ec217a0e
W4_Q04,STRUCT_R2,15,6,1234246,6630,0,0,18,2,36,134,10,139,31,20,fd25718cb278dfe33c1131161ba4977814e08de24bd73801325a42bf895b4b90
W7_Q04,STRUCT,15,6,291553,1592,0,0,8,0,16,6,6,15,4,8,64eb05b2d681af147811cd64dc0e11be812cb48952e297a71fcf6d3c013ba4a0
W6_Q01,STRUCT_R2,15,6,258350,1777,0,0,3,2,7,3,6,15,5,5,ef852aa19070a90d167a6fc211683b2bbb6401671f4212d90e23806d1620b62f
W2_Q32,ALGSTRUCT,15,6,2231235,3371,32,0,34,1,67,33,5,14,4,35,aa6152b6f2b2227ea71db0831b5f58d2dce2bdcb6db5c4bb5d1fb235d1201ed1
W5_Q08,STRUCT_R2,15,6,520402,2852,0,0,24,0,24,8,18,66,4,24,1ec99f8159a9bf9f7216cbde66142ab941580d932ab53b67181d9941e08515a5
W6_Q01,STRUCT,15,6,260904,1667,0,0,3,2,7,3,6,15,5,5,ef852aa19070a90d167a6fc211683b2bbb6401671f4212d90e23806d1620b62f
W9_Q08,ALGSTRUCT,15,6,1461372,5612,0,4,10,1,11,176,4,4,1,11,f0aee4c6a6b6511ecbc27f2fc4ef3f688cd044d5f143461208ceed4e1cea64ae
W9_Q04,STRUCT,15,6,1106933,5426,0,0,6,2,10,160,4,4,1,8,a25fcd6d9b6930c5a5e472a5d4b9da9d0423cec22fe64a49a0e3364286ad6c7b
W9_Q16,ALGSTRUCT,15,6,2610989,9316,0,8,18,1,19,304,4,4,1,19,44cdb1eb48242e36e60587a8e97fc1204f774ee018380c18a625f9abe3ce3ce8
W5_Q16,OFF,15,6,846453,4408,0,0,48,0,48,16,34,130,4,48,15f4ec0f61204d6ef15a655140c1c86c7248fc9deed8e4c09ef3081b8b94fb64
W8_Q01,STRUCT_R1,15,6,1101009,6183,1,0,14,1,25,163,10,168,63,15,fdd35fe24122be542f9944d55e73c67d2cd28afd3fd1ff25e723a080e5d2dad8
W6_Q32,STRUCT_R2,15,6,1860535,3760,0,0,34,2,100,34,6,15,5,36,e27ba2fd4a248e13e86f6fd51f6578ca7bbe37b27fb6c62f3d2e37c16ce58156
W9_Q32,STRUCT_R2,15,6,5068113,12703,0,16,34,1,35,560,4,4,1,35,678046e55883cc9fe207429daab5f5da66bcc2178ee01574697097ddff7f102c
W2_Q16,STRUCT_R1,15,6,1055784,2223,16,0,18,1,35,17,5,14,4,19,6874ea3fe8a08c7af5d8752f9a4557e5d01bc066a937913a1e427661cbb540c4
W2_Q16,OFF,15,6,799398,2353,0,0,18,2,52,18,6,15,4,20,f53a43e02a6f7be38b5d23a92cce7a6f0c7e7deac086e97841ea021c93a5a893
W4_Q04,STRUCT_R1,15,6,1467077,6851,4,0,18,1,31,133,9,138,31,19,fc880fdc081349aa9e95db821628814a11fa6271dfea15fd511d230a5fbbf819
W5_Q02,STRUCT_R1,15,6,229999,1554,0,0,6,0,6,2,6,18,4,6,e7741c936508103b2af3b934e316124eac7bac4773e716fb634bafee4047c0e4
W2_Q16,STRUCT_R2,15,6,992786,2055,0,0,18,2,52,18,6,15,4,20,f53a43e02a6f7be38b5d23a92cce7a6f0c7e7deac086e97841ea021c93a5a893
W2_Q16,ALGSTRUCT,15,6,1059432,2186,16,0,18,1,35,17,5,14,4,19,6874ea3fe8a08c7af5d8752f9a4557e5d01bc066a937913a1e427661cbb540c4
W5_Q04,STRUCT,15,6,317884,2316,0,0,12,0,12,4,10,34,4,12,233b80e0525d1c617459998a8c1e1bc9855a2c2b10f43c6fd42648b8adae0248
W3_d2,STRUCT,15,6,961083,2222,0,0,11,5,35,13,10,29,5,16,bb512a3ef0db77c97656c90a9544f5958e4b52748f6a43bfdbc34ec450c82e91
W2_Q04,STRUCT_R1,15,6,406402,1316,4,0,6,1,11,5,5,14,4,7,e3e1c95caf3c6465ad04568b51f69fe26be853a4ad44521756f63edd123351f8
W5_Q08,ALGSTRUCT,15,6,544829,3110,0,0,24,0,24,8,18,66,4,24,1ec99f8159a9bf9f7216cbde66142ab941580d932ab53b67181d9941e08515a5
W9_Q32,STRUCT_R1,15,6,5164648,12982,0,0,34,2,38,608,4,4,1,36,f9b4de382a62f7ddf0ae716d829e6d3204b079918eba11b5d003aed0f308e9a0
W4_Q02,ALGSTRUCT,15,6,871897,3501,2,0,10,1,17,67,7,76,31,11,056c94f2139c9e918446fe4f786e56b203a4febdd7cdb7d162e2b0323db5a772
W6_Q01,OFF,15,6,222369,1425,0,0,3,2,7,3,6,15,5,5,ef852aa19070a90d167a6fc211683b2bbb6401671f4212d90e23806d1620b62f
W2_Q01,OFF,15,6,198201,1556,0,0,3,2,7,3,6,15,4,5,fb4f50a52888382fd35dda056767f1188dd59b0b7db5fbe2928a5afbf6bf9f5b
W7_Q02,STRUCT_R2,15,6,243258,1462,0,0,6,0,10,4,6,15,4,6,b1d2efac79748ca32ad60ca241d894721be3c3795c13e31e47e01dad1cb5a5f1
W2_Q01,STRUCT,15,6,257792,1797,0,0,3,2,7,3,6,15,4,5,fb4f50a52888382fd35dda056767f1188dd59b0b7db5fbe2928a5afbf6bf9f5b
W4_Q16,OFF,15,6,4155252,26741,0,0,66,2,132,530,22,511,31,68,7fbae5656c303ca065341c5db14fa3ef41fb196c82f59bb1c789e1f7b78b0f7a
W5_Q16,STRUCT,15,6,970268,4888,0,0,48,0,48,16,34,130,4,48,15f4ec0f61204d6ef15a655140c1c86c7248fc9deed8e4c09ef3081b8b94fb64
W8_Q04,STRUCT,15,6,1184952,5998,0,0,17,2,36,167,11,169,63,19,683043cf53c296ea0d43a0c383a5a5aa5dfae2adbc542c677c919239829da206
W2_Q02,STRUCT,15,6,309091,1425,0,0,4,2,10,4,6,15,4,6,002b88cffa362a25f201c7342c0d49bad4cd7fb10998ad8823a39c11beee6d88
W9_Q02,STRUCT,15,6,479384,3593,0,0,4,0,6,96,4,4,1,4,f59554bf6b558dac39020afcdc9d3261e3c200f0f612cb6818827b31bbda0408
W8_Q02,ALGSTRUCT,15,6,1152192,5352,2,1,15,1,27,164,10,168,63,16,652ea2e2db2a8b59e1a2373d0aa09bb6194a7176cb3cd104297a14f7ef235e6b
W7_Q32,STRUCT_R1,15,6,1146285,3555,0,0,36,0,100,34,6,15,4,36,6bdf3735d7ed12e047353d97f7fd342934c808ba421573c6cd2474dd612f37b1
W4_Q01,ALGSTRUCT,15,6,493107,2480,1,0,6,1,10,34,6,45,31,7,2a2742010b3f20f3e0b7616f059bcf47256e350d22af5b1d3a055aa5eee736e9
W5_Q01,STRUCT_R1,15,6,185109,1259,0,0,3,0,3,1,4,10,4,3,7528d1a80da7ce6bed6c3efbaad136c6b237adf54f46f512a5fe79019bfef2ec
W4_Q01,STRUCT_R1,15,6,492310,2481,1,0,6,1,10,34,6,45,31,7,2a2742010b3f20f3e0b7616f059bcf47256e350d22af5b1d3a055aa5eee736e9
W8_Q16,STRUCT_R1,15,6,2187608,7035,16,0,29,1,55,178,10,168,63,30,d68e12eaec95eadd08fb1ce8e6c0dcfc893de77e4c3d4f5a64bb4b4ee29b64b3
W5_Q32,STRUCT,15,6,1986793,12185,0,0,96,0,96,32,66,258,4,96,ad908136f049b66ae4b1e1c3f252d7a2ebead009fab3f7177d4babd24fcbec6a
W6_Q32,STRUCT,15,6,1874925,3481,0,0,34,2,100,34,6,15,5,36,e27ba2fd4a248e13e86f6fd51f6578ca7bbe37b27fb6c62f3d2e37c16ce58156
W6_Q04,STRUCT_R2,15,6,400754,1927,0,0,6,2,16,6,6,15,5,8,463695b346924b3ce3bfd76bc311a5cc5d47fb033482cc22912fc407e8f09fdf
W3_d2,ALGSTRUCT,15,6,973860,1833,9,0,11,3,24,11,8,27,5,14,b3a60a0bc9bb1633f8ca67743fa2b43eea5f58f8a512cbf173b181d8c20dfa68
W8_Q02,OFF,15,6,819492,5074,0,0,15,2,30,165,11,169,63,17,ab8e72a97eeddaf640fa9d87846837b35913b3b9a7916818e4653a499fd7cc9a
W9_Q01,STRUCT_R2,15,6,339978,4740,0,0,3,0,3,48,4,4,1,3,6e63c0dab5f8b29ef9d1440bcd3711746464b7521a4243c8d32e03504a6224d2
W2_Q04,STRUCT,15,6,398034,1721,0,0,6,2,16,6,6,15,4,8,b8312387bf162a1452336c9e9e40ef1298c4a5b22cc87b54f4215f6e91104b3c
W8_Q08,OFF,15,6,1164656,5684,0,0,21,2,48,171,11,169,63,23,6202056e7f9106d89fc2c03650e5a38d69f704cc369ba9e689bf413e5f7173e1
W7_Q02,STRUCT,15,6,244312,1686,0,0,6,0,10,4,6,15,4,6,b1d2efac79748ca32ad60ca241d894721be3c3795c13e31e47e01dad1cb5a5f1
W6_Q16,OFF,15,6,787435,2427,0,0,18,2,52,18,6,15,5,20,bb0755604375307ff8e5fd09781b80b224d9ab98fa75fb51387fe44cb24e3726
W4_Q02,OFF,15,6,578753,3981,0,0,10,2,20,68,8,77,31,12,c082fb0620ac05b05065135ca996c9564b57d8a79b47964aa54b86c16cd0659f
W2_Q02,STRUCT_R2,15,6,312164,1648,0,0,4,2,10,4,6,15,4,6,002b88cffa362a25f201c7342c0d49bad4cd7fb10998ad8823a39c11beee6d88
W9_Q04,OFF,15,6,608234,5870,0,0,6,0,12,192,4,4,1,6,6dad93323aff1013501fa90b58e0e48741ec6d807386799264c78a900e9e11d0
W6_Q08,STRUCT_R2,15,6,571845,1853,0,0,10,2,28,10,6,15,5,12,0d426ef82e54bf37e16bebf86ad11b160059eb28202264ca816d50ab17a2aa06
W2_Q04,STRUCT_R2,15,6,405941,1721,0,0,6,2,16,6,6,15,4,8,b8312387bf162a1452336c9e9e40ef1298c4a5b22cc87b54f4215f6e91104b3c
W7_Q01,STRUCT_R1,15,6,227256,1815,0,0,5,0,7,3,6,15,4,5,70f8123fffd2af37d12a00e22d9841098c66a489d4953aae174ab2cb5014e5d7
W3_d3,OFF,15,6,1158544,2573,0,0,12,8,42,16,14,46,8,20,d0de00aa950042ce2df3a1aacd87b83395b88f62201b4b0ee4f6f67dba5bbb2b
W7_Q04,STRUCT_R2,15,6,287368,1370,0,0,8,0,16,6,6,15,4,8,64eb05b2d681af147811cd64dc0e11be812cb48952e297a71fcf6d3c013ba4a0
W7_Q32,STRUCT_R2,15,6,1114914,3204,0,0,36,0,100,34,6,15,4,36,6bdf3735d7ed12e047353d97f7fd342934c808ba421573c6cd2474dd612f37b1
W2_Q32,STRUCT_R2,15,6,1848703,3351,0,0,34,2,100,34,6,15,4,36,ead1d2e3154b72c47159b745145cb82392c282dcdeeba0e877b2291c8ed45d37
W7_Q32,ALGSTRUCT,15,6,1160357,3093,0,0,36,0,100,34,6,15,4,36,6bdf3735d7ed12e047353d97f7fd342934c808ba421573c6cd2474dd612f37b1
W8_Q32,ALGSTRUCT,15,6,3855569,8278,32,1,45,1,87,194,10,168,63,46,45e69b1796e998f7df6d485c516cc0751375b53ec01f0a7673d473a9ec217a0e
W5_Q01,OFF,15,6,125685,1796,0,0,3,0,3,1,4,10,4,3,7528d1a80da7ce6bed6c3efbaad136c6b237adf54f46f512a5fe79019bfef2ec
W1,STRUCT_R1,15,6,274312,1481,1,0,3,1,5,2,5,14,4,4,ddbc64bc70e115337e04b3ee4eac0b96e81aea703c916cfeea2e2366190e3210
W7_Q04,ALGSTRUCT,15,6,296535,1647,0,0,8,0,16,6,6,15,4,8,64eb05b2d681af147811cd64dc0e11be812cb48952e297a71fcf6d3c013ba4a0
W6_Q04,OFF,15,6,314683,1777,0,0,6,2,16,6,6,15,5,8,463695b346924b3ce3bfd76bc311a5cc5d47fb033482cc22912fc407e8f09fdf
W4_Q04,STRUCT,15,6,1236230,7128,0,0,18,2,36,134,10,139,31,20,fd25718cb278dfe33c1131161ba4977814e08de24bd73801325a42bf895b4b90
W2_Q08,OFF,15,6,453330,1999,0,0,10,2,28,10,6,15,4,12,e121069670786ba8fbe3100d624a17638d4611a34b02647058710f2e3db6a9c9
W5_Q04,STRUCT_R2,15,6,308533,1926,0,0,12,0,12,4,10,34,4,12,233b80e0525d1c617459998a8c1e1bc9855a2c2b10f43c6fd42648b8adae0248
W8_Q16,ALGSTRUCT,15,6,2186715,6780,16,1,29,1,55,178,10,168,63,30,d68e12eaec95eadd08fb1ce8e6c0dcfc893de77e4c3d4f5a64bb4b4ee29b64b3
W6_Q16,STRUCT_R2,15,6,970507,2427,0,0,18,2,52,18,6,15,5,20,bb0755604375307ff8e5fd09781b80b224d9ab98fa75fb51387fe44cb24e3726
W7_Q02,STRUCT_R1,15,6,249831,1574,0,0,6,0,10,4,6,15,4,6,b1d2efac79748ca32ad60ca241d894721be3c3795c13e31e47e01dad1cb5a5f1
W9_Q16,STRUCT,15,6,2751027,10203,0,0,18,2,22,352,4,4,1,20,ff9866380da95df98e4375770d21fe162b02c0b8b05b75e939b18d0d711c4c04
W9_Q32,ALGSTRUCT,15,6,5063816,14074,0,16,34,1,35,560,4,4,1,35,678046e55883cc9fe207429daab5f5da66bcc2178ee01574697097ddff7f102c
W7_Q16,STRUCT,15,6,610587,2481,0,0,20,0,52,18,6,15,4,20,352ecf90b67b0a72cf480d5f2990d3ea8f45c0a65a2644e7a858b4f181627dcb
W8_Q01,STRUCT_R2,15,6,1017304,6259,0,1,14,2,27,164,11,169,63,16,7b06ec78e125033330eb86a638ef113771be6d17e66ade996d2cadaa30e562a7
W9_Q16,STRUCT_R1,15,6,2746434,8852,0,0,18,2,22,352,4,4,1,20,ff9866380da95df98e4375770d21fe162b02c0b8b05b75e939b18d0d711c4c04
W7_Q32,STRUCT,15,6,1120139,3535,0,0,36,0,100,34,6,15,4,36,6bdf3735d7ed12e047353d97f7fd342934c808ba421573c6cd2474dd612f37b1
W7_Q08,STRUCT_R1,15,6,412848,1796,0,0,12,0,28,10,6,15,4,12,d13ad2add4e1d9cb21c441a8963ffbcf5f462a05d4f61331fa56b7c117fe58d1
W6_Q08,ALGSTRUCT,15,6,609920,1574,0,0,10,2,28,10,6,15,5,12,0d426ef82e54bf37e16bebf86ad11b160059eb28202264ca816d50ab17a2aa06
W5_Q16,ALGSTRUCT,15,6,1004953,5481,0,0,48,0,48,16,34,130,4,48,15f4ec0f61204d6ef15a655140c1c86c7248fc9deed8e4c09ef3081b8b94fb64
W6_Q01,ALGSTRUCT,15,6,266701,1352,0,0,3,2,7,3,6,15,5,5,ef852aa19070a90d167a6fc211683b2bbb6401671f4212d90e23806d1620b62f
W2_Q02,OFF,15,6,242349,1463,0,0,4,2,10,4,6,15,4,6,002b88cffa362a25f201c7342c0d49bad4cd7fb10998ad8823a39c11beee6d88
W3_d2,STRUCT_R2,15,6,962305,2389,0,0,11,5,35,13,10,29,5,16,bb512a3ef0db77c97656c90a9544f5958e4b52748f6a43bfdbc34ec450c82e91
W5_Q01,ALGSTRUCT,15,6,183571,1538,0,0,3,0,3,1,4,10,4,3,7528d1a80da7ce6bed6c3efbaad136c6b237adf54f46f512a5fe79019bfef2ec
W8_Q01,STRUCT,15,6,1000749,5833,0,0,14,2,27,164,11,169,63,16,7b06ec78e125033330eb86a638ef113771be6d17e66ade996d2cadaa30e562a7
W6_Q08,STRUCT_R1,15,6,578105,1611,0,0,10,2,28,10,6,15,5,12,0d426ef82e54bf37e16bebf86ad11b160059eb28202264ca816d50ab17a2aa06
W9_Q02,OFF,15,6,342590,4184,0,0,4,0,6,96,4,4,1,4,f59554bf6b558dac39020afcdc9d3261e3c200f0f612cb6818827b31bbda0408
W4_Q08,STRUCT_R2,15,6,2311160,13778,0,0,34,2,68,266,14,263,31,36,310b652f3a487a64261e67b69ca4bd659f7cd91c74be37afd64d6187457e8bdc
W9_Q16,OFF,15,6,1735408,8500,0,0,18,0,48,768,4,4,1,18,43b7f4efcb619e6e3fc5fc66e7827f4bb8130a24a5905f5ce4efe6114dbfdbd3
W4_Q08,ALGSTRUCT,15,6,2979877,13388,8,0,34,1,59,265,13,262,31,35,0d7db8d8f19881c77c6e7cd19e1f9d024ea9973fae56dbdbc00db2eeaa790340
W2_Q32,STRUCT,15,6,1831664,3464,0,0,34,2,100,34,6,15,4,36,ead1d2e3154b72c47159b745145cb82392c282dcdeeba0e877b2291c8ed45d37
W5_Q04,OFF,15,6,241219,2445,0,0,12,0,12,4,10,34,4,12,233b80e0525d1c617459998a8c1e1bc9855a2c2b10f43c6fd42648b8adae0248
W4_Q08,STRUCT,15,6,2322160,13519,0,0,34,2,68,266,14,263,31,36,310b652f3a487a64261e67b69ca4bd659f7cd91c74be37afd64d6187457e8bdc
W8_Q04,OFF,15,6,944359,5760,0,0,17,2,36,167,11,169,63,19,683043cf53c296ea0d43a0c383a5a5aa5dfae2adbc542c677c919239829da206
W7_Q01,ALGSTRUCT,15,6,227036,1499,0,0,5,0,7,3,6,15,4,5,70f8123fffd2af37d12a00e22d9841098c66a489d4953aae174ab2cb5014e5d7
W6_Q16,STRUCT,15,6,970285,2353,0,0,18,2,52,18,6,15,5,20,bb0755604375307ff8e5fd09781b80b224d9ab98fa75fb51387fe44cb24e3726
W2_Q02,STRUCT_R1,15,6,320849,1315,2,0,4,1,7,3,5,14,4,5,d8adac9423435c6f23a5e314f4d31430db516714fee41508dcac1bc6af0e6f0c
W2_Q32,STRUCT_R1,15,6,2250089,3998,32,0,34,1,67,33,5,14,4,35,aa6152b6f2b2227ea71db0831b5f58d2dce2bdcb6db5c4bb5d1fb235d1201ed1
W9_Q08,STRUCT_R2,15,6,1457780,6056,0,4,10,1,11,176,4,4,1,11,f0aee4c6a6b6511ecbc27f2fc4ef3f688cd044d5f143461208ceed4e1cea64ae
W6_Q04,ALGSTRUCT,15,6,411181,1537,0,0,6,2,16,6,6,15,5,8,463695b346924b3ce3bfd76bc311a5cc5d47fb033482cc22912fc407e8f09fdf
W8_Q04,STRUCT_R2,15,6,1197025,5555,0,1,17,2,36,167,11,169,63,19,683043cf53c296ea0d43a0c383a5a5aa5dfae2adbc542c677c919239829da206
W7_Q01,STRUCT_R2,15,6,221554,1388,0,0,5,0,7,3,6,15,4,5,70f8123fffd2af37d12a00e22d9841098c66a489d4953aae174ab2cb5014e5d7
W4_Q32,STRUCT,15,6,9690027,70443,0,0,130,2,260,1058,38,1007,31,132,068ad024181661f75503372002890dd704cd730c5fc591fd65590a6d532c145d
W6_Q32,OFF,15,6,1533576,3167,0,0,34,2,100,34,6,15,5,36,e27ba2fd4a248e13e86f6fd51f6578ca7bbe37b27fb6c62f3d2e37c16ce58156
W9_Q04,STRUCT_R2,15,6,1001823,4925,0,2,6,1,7,112,4,4,1,7,7e3f7232eefdc535f0f8be36c1c724fab7de36a2740821784506d96a09bd30b3
W3_d2,OFF,15,6,782215,2407,0,0,11,5,35,13,10,29,5,16,bb512a3ef0db77c97656c90a9544f5958e4b52748f6a43bfdbc34ec450c82e91
W2_Q08,STRUCT_R2,15,6,572215,1816,0,0,10,2,28,10,6,15,4,12,e121069670786ba8fbe3100d624a17638d4611a34b02647058710f2e3db6a9c9
W9_Q01,OFF,15,6,231942,4167,0,0,3,0,3,48,4,4,1,3,6e63c0dab5f8b29ef9d1440bcd3711746464b7521a4243c8d32e03504a6224d2
W7_Q02,ALGSTRUCT,15,6,248682,1278,0,0,6,0,10,4,6,15,4,6,b1d2efac79748ca32ad60ca241d894721be3c3795c13e31e47e01dad1cb5a5f1
W7_Q08,STRUCT,15,6,401810,2223,0,0,12,0,28,10,6,15,4,12,d13ad2add4e1d9cb21c441a8963ffbcf5f462a05d4f61331fa56b7c117fe58d1
W6_Q04,STRUCT_R1,15,6,408812,1554,0,0,6,2,16,6,6,15,5,8,463695b346924b3ce3bfd76bc311a5cc5d47fb033482cc22912fc407e8f09fdf
W5_Q01,STRUCT,15,6,182812,1463,0,0,3,0,3,1,4,10,4,3,7528d1a80da7ce6bed6c3efbaad136c6b237adf54f46f512a5fe79019bfef2ec
W8_Q16,STRUCT_R2,15,6,1821332,6870,0,1,29,2,72,179,11,169,63,31,75d1b16c15c201143eb0f00e84429326ead193544062ed0323b47e7914fd575d
W8_Q08,STRUCT_R1,15,6,1620818,5943,8,0,21,1,39,170,10,168,63,22,dfb50a16d91192e00318e4ac61c06d5403d37554d2e61726115b9e5e96a90617
W5_Q02,STRUCT_R2,15,6,216905,1685,0,0,6,0,6,2,6,18,4,6,e7741c936508103b2af3b934e316124eac7bac4773e716fb634bafee4047c0e4
W9_Q16,STRUCT_R2,15,6,2661064,9037,0,8,18,1,19,304,4,4,1,19,44cdb1eb48242e36e60587a8e97fc1204f774ee018380c18a625f9abe3ce3ce8
W7_Q08,STRUCT_R2,15,6,397088,1778,0,0,12,0,28,10,6,15,4,12,d13ad2add4e1d9cb21c441a8963ffbcf5f462a05d4f61331fa56b7c117fe58d1
W6_Q16,STRUCT_R1,15,6,1002287,2221,0,0,18,2,52,18,6,15,5,20,bb0755604375307ff8e5fd09781b80b224d9ab98fa75fb51387fe44cb24e3726
W4_Q32,STRUCT_R1,15,6,18360360,57221,32,0,130,1,227,1057,37,1006,31,131,4a5be56a553c6df341c1f260562041444c20a964d5f4f3916c7966ddd0bae2e9
W5_Q16,STRUCT_R2,15,6,968933,4852,0,0,48,0,48,16,34,130,4,48,15f4ec0f61204d6ef15a655140c1c86c7248fc9deed8e4c09ef3081b8b94fb64
W3_d2,STRUCT_R1,15,6,963120,2111,9,0,11,3,24,11,8,27,5,14,b3a60a0bc9bb1633f8ca67743fa2b43eea5f58f8a512cbf173b181d8c20dfa68
W9_Q02,ALGSTRUCT,15,6,637626,3701,0,1,4,1,5,80,4,4,1,5,a250745debd6fd7cf3585f94dfa2ad7178c8b7c572e5ce15f0467c48475c0e9a
W6_Q16,ALGSTRUCT,15,6,1019747,2297,0,0,18,2,52,18,6,15,5,20,bb0755604375307ff8e5fd09781b80b224d9ab98fa75fb51387fe44cb24e3726
W5_Q02,OFF,15,6,158369,2259,0,0,6,0,6,2,6,18,4,6,e7741c936508103b2af3b934e316124eac7bac4773e716fb634bafee4047c0e4
W2_Q32,OFF,15,6,1558760,3427,0,0,34,2,100,34,6,15,4,36,ead1d2e3154b72c47159b745145cb82392c282dcdeeba0e877b2291c8ed45d37
W5_Q08,OFF,15,6,431569,2741,0,0,24,0,24,8,18,66,4,24,1ec99f8159a9bf9f7216cbde66142ab941580d932ab53b67181d9941e08515a5
W7_Q02,OFF,15,6,171109,1834,0,0,6,0,10,4,6,15,4,6,b1d2efac79748ca32ad60ca241d894721be3c3795c13e31e47e01dad1cb5a5f1
W7_Q08,OFF,15,6,297257,1833,0,0,12,0,28,10,6,15,4,12,d13ad2add4e1d9cb21c441a8963ffbcf5f462a05d4f61331fa56b7c117fe58d1
W4_Q02,STRUCT_R1,15,6,797566,3481,2,0,10,1,17,67,7,76,31,11,056c94f2139c9e918446fe4f786e56b203a4febdd7cdb7d162e2b0323db5a772
W5_Q02,STRUCT,15,6,228294,1537,0,0,6,0,6,2,6,18,4,6,e7741c936508103b2af3b934e316124eac7bac4773e716fb634bafee4047c0e4
W9_Q02,STRUCT_R1,15,6,480440,3833,0,0,4,0,6,96,4,4,1,4,f59554bf6b558dac39020afcdc9d3261e3c200f0f612cb6818827b31bbda0408
W8_Q08,ALGSTRUCT,15,6,1637222,5834,8,1,21,1,39,170,10,168,63,22,dfb50a16d91192e00318e4ac61c06d5403d37554d2e61726115b9e5e96a90617
W7_Q04,OFF,15,6,216071,1593,0,0,8,0,16,6,6,15,4,8,64eb05b2d681af147811cd64dc0e11be812cb48952e297a71fcf6d3c013ba4a0
W9_Q01,STRUCT_R1,15,6,338663,3722,0,0,3,0,3,48,4,4,1,3,6e63c0dab5f8b29ef9d1440bcd3711746464b7521a4243c8d32e03504a6224d2
W2_Q01,STRUCT_R2,15,6,257332,1184,0,0,3,2,7,3,6,15,4,5,fb4f50a52888382fd35dda056767f1188dd59b0b7db5fbe2928a5afbf6bf9f5b
W7_Q01,OFF,15,6,151518,1685,0,0,5,0,7,3,6,15,4,5,70f8123fffd2af37d12a00e22d9841098c66a489d4953aae174ab2cb5014e5d7
W7_Q04,STRUCT_R1,15,6,295552,1408,0,0,8,0,16,6,6,15,4,8,64eb05b2d681af147811cd64dc0e11be812cb48952e297a71fcf6d3c013ba4a0
W2_Q01,ALGSTRUCT,15,6,278053,1203,1,0,3,1,5,2,5,14,4,4,2474f5c3c44c2292e8653ad95f4f21ec80fa6c72b730d7761807baa6c04c0270
W5_Q04,ALGSTRUCT,15,6,322052,1704,0,0,12,0,12,4,10,34,4,12,233b80e0525d1c617459998a8c1e1bc9855a2c2b10f43c6fd42648b8adae0248
W4_Q32,STRUCT_R2,15,6,9813950,69389,0,0,130,2,260,1058,38,1007,31,132,068ad024181661f75503372002890dd704cd730c5fc591fd65590a6d532c145d
