task,family,model,metric,rule_id,scope,path,line,text,name
base,F1,rql,C7,RQL-C7,rql,/home/michal/github/rdb-experiment/results_20260801_K22/corpus/F1_fir/rql/core.rql,16,"DECLARE x INTEGER STREAM src, 1/1000 FILE 'f1_source.txt'",
base,F1,rql,C4d,RQL-C4d,rql,/home/michal/github/rdb-experiment/results_20260801_K22/corpus/F1_fir/rql/core.rql,16,"DECLARE x INTEGER STREAM src, 1/1000 FILE 'f1_source.txt'",
base,F1,rql,C7,RQL-C7,rql,/home/michal/github/rdb-experiment/results_20260801_K22/corpus/F1_fir/rql/core.rql,17,"DECLARE c INTEGER[26] STREAM coef, 1 FILE 'f1_coef.txt'",
base,F1,rql,C4d,RQL-C4d,rql,/home/michal/github/rdb-experiment/results_20260801_K22/corpus/F1_fir/rql/core.rql,17,"DECLARE c INTEGER[26] STREAM coef, 1 FILE 'f1_coef.txt'",
base,F1,rql,C7,RQL-C7,rql,/home/michal/github/rdb-experiment/results_20260801_K22/corpus/F1_fir/rql/core.rql,18,"SELECT * STREAM win FROM src@(1,26)",
base,F1,rql,C3d,RQL-C3d,rql,/home/michal/github/rdb-experiment/results_20260801_K22/corpus/F1_fir/rql/core.rql,18,"SELECT * STREAM win FROM src@(1,26)",
base,F1,rql,C7,RQL-C7,rql,/home/michal/github/rdb-experiment/results_20260801_K22/corpus/F1_fir/rql/core.rql,19,SELECT win[_]*coef[_] STREAM acc FROM win+coef,
base,F1,rql,C7,RQL-C7,rql,/home/michal/github/rdb-experiment/results_20260801_K22/corpus/F1_fir/rql/core.rql,20,SELECT acc[0]/26/1000 STREAM f1_out FROM acc.sumc,
base,F1,python,C4,PY-C4,run,/home/michal/github/rdb-experiment/results_20260801_K22/corpus/F1_fir/python/core.py,41,    t0 = time.monotonic_ns(),
base,F1,python,C1,PY-C1-SLOT,run,/home/michal/github/rdb-experiment/results_20260801_K22/corpus/F1_fir/python/core.py,42,    for n in range(slots):,
base,F1,python,C4,PY-C4,run,/home/michal/github/rdb-experiment/results_20260801_K22/corpus/F1_fir/python/core.py,43,        deadline = t0 + n * INTERVAL_NS,
base,F1,python,C4,PY-C4,run,/home/michal/github/rdb-experiment/results_20260801_K22/corpus/F1_fir/python/core.py,44,        now = time.monotonic_ns(),
base,F1,python,C1,PY-C1-NESTED,run,/home/michal/github/rdb-experiment/results_20260801_K22/corpus/F1_fir/python/core.py,48,"        for k in range(WIN - 1, 0, -1):",
base,F1,python,C5,PY-C5-WARMUP,run,/home/michal/github/rdb-experiment/results_20260801_K22/corpus/F1_fir/python/core.py,51,        if n < WIN - 1:,
base,F1,python,C4,PY-C4,run,/home/michal/github/rdb-experiment/results_20260801_K22/corpus/F1_fir/python/core.py,46,            time.sleep((deadline - now) / 1e9),
base,F1,python,C3,PY-C3-WINDOW,run,/home/michal/github/rdb-experiment/results_20260801_K22/corpus/F1_fir/python/core.py,39,    win = [0] * WIN,run.win
base,F1,python,C7,PY-C7,run,/home/michal/github/rdb-experiment/results_20260801_K22/corpus/F1_fir/python/core.py,35,"def run(samples, coef, slots):",
base,F1,python,C7,PY-C7,run,/home/michal/github/rdb-experiment/results_20260801_K22/corpus/F1_fir/python/core.py,36,"    """"""Zwraca listę (logical_index, wartość) dla `slots` slotów.""""""",
base,F1,python,C7,PY-C7,run,/home/michal/github/rdb-experiment/results_20260801_K22/corpus/F1_fir/python/core.py,37,    WIN = 26,
base,F1,python,C7,PY-C7,run,/home/michal/github/rdb-experiment/results_20260801_K22/corpus/F1_fir/python/core.py,38,    INTERVAL_NS = 1_000_000,
base,F1,python,C7,PY-C7,run,/home/michal/github/rdb-experiment/results_20260801_K22/corpus/F1_fir/python/core.py,40,    out = [],
base,F1,python,C7,PY-C7,run,/home/michal/github/rdb-experiment/results_20260801_K22/corpus/F1_fir/python/core.py,45,        if now < deadline:,
base,F1,python,C7,PY-C7,run,/home/michal/github/rdb-experiment/results_20260801_K22/corpus/F1_fir/python/core.py,47,        x = samples[n],
base,F1,python,C7,PY-C7,run,/home/michal/github/rdb-experiment/results_20260801_K22/corpus/F1_fir/python/core.py,53,"        acc = sumc([imul(win[k], coef[k]) for k in range(WIN)])",
base,F1,python,C7,PY-C7,run,/home/michal/github/rdb-experiment/results_20260801_K22/corpus/F1_fir/python/core.py,54,"        y = idiv(idiv(acc, WIN), 1000)",
base,F1,python,C7,PY-C7,run,/home/michal/github/rdb-experiment/results_20260801_K22/corpus/F1_fir/python/core.py,55,"        out.append((n + 1, y))",
base,F1,python,C7,PY-C7,run,/home/michal/github/rdb-experiment/results_20260801_K22/corpus/F1_fir/python/core.py,49,            win[k] = win[k - 1],
base,F1,python,C7,PY-C7,run,/home/michal/github/rdb-experiment/results_20260801_K22/corpus/F1_fir/python/core.py,52,            continue,
base,F1,flink,C4,JAVA-C4,PacedSource,/home/michal/github/rdb-experiment/results_20260801_K22/corpus/F1_fir/flink/F1Fir.java,47,      long t0 = System.nanoTime();,
base,F1,flink,C1,JAVA-C1,PacedSource,/home/michal/github/rdb-experiment/results_20260801_K22/corpus/F1_fir/flink/F1Fir.java,48,      for (long n = 0; n < slots && running; n++) {,
base,F1,flink,C4,JAVA-C4,PacedSource,/home/michal/github/rdb-experiment/results_20260801_K22/corpus/F1_fir/flink/F1Fir.java,49,        long deadline = t0 + n * INTERVAL_NS;,
base,F1,flink,C4,JAVA-C4,PacedSource,/home/michal/github/rdb-experiment/results_20260801_K22/corpus/F1_fir/flink/F1Fir.java,50,        long now = System.nanoTime();,
base,F1,flink,C4,JAVA-C4,PacedSource,/home/michal/github/rdb-experiment/results_20260801_K22/corpus/F1_fir/flink/F1Fir.java,53,"          Thread.sleep(sleepNs / 1_000_000L, (int) (sleepNs % 1_000_000L));",
base,F1,flink,C1,JAVA-C1,Fir,/home/michal/github/rdb-experiment/results_20260801_K22/corpus/F1_fir/flink/F1Fir.java,81,      for (int k = WIN - 1; k > 0; k--) {,
base,F1,flink,C5,JAVA-C5-WARMUP,Fir,/home/michal/github/rdb-experiment/results_20260801_K22/corpus/F1_fir/flink/F1Fir.java,85,      if (in.f0 < WIN - 1) {,
base,F1,flink,C1,JAVA-C1,Fir,/home/michal/github/rdb-experiment/results_20260801_K22/corpus/F1_fir/flink/F1Fir.java,89,      for (int k = 0; k < WIN; k++) {,
base,F1,flink,C3,JAVA-C3-WINDOW,Fir,/home/michal/github/rdb-experiment/results_20260801_K22/corpus/F1_fir/flink/F1Fir.java,68,    private int[] win;,Fir.win
base,F1,flink,C7,JAVA-C7,PacedSource,/home/michal/github/rdb-experiment/results_20260801_K22/corpus/F1_fir/flink/F1Fir.java,34,"  static class PacedSource extends RichSourceFunction<Tuple2<Long, Integer>> {",
base,F1,flink,C7,JAVA-C7,PacedSource,/home/michal/github/rdb-experiment/results_20260801_K22/corpus/F1_fir/flink/F1Fir.java,35,    private static final long INTERVAL_NS = 1_000_000L;,
base,F1,flink,C7,JAVA-C7,PacedSource,/home/michal/github/rdb-experiment/results_20260801_K22/corpus/F1_fir/flink/F1Fir.java,36,    private final int[] samples;,
base,F1,flink,C7,JAVA-C7,PacedSource,/home/michal/github/rdb-experiment/results_20260801_K22/corpus/F1_fir/flink/F1Fir.java,37,    private final long slots;,
base,F1,flink,C7,JAVA-C7,PacedSource,/home/michal/github/rdb-experiment/results_20260801_K22/corpus/F1_fir/flink/F1Fir.java,38,    private volatile boolean running = true;,
base,F1,flink,C7,JAVA-C7,PacedSource,/home/michal/github/rdb-experiment/results_20260801_K22/corpus/F1_fir/flink/F1Fir.java,41,      this.samples = samples;,
base,F1,flink,C7,JAVA-C7,PacedSource,/home/michal/github/rdb-experiment/results_20260801_K22/corpus/F1_fir/flink/F1Fir.java,42,      this.slots = slots;,
base,F1,flink,C7,JAVA-C7,PacedSource,/home/michal/github/rdb-experiment/results_20260801_K22/corpus/F1_fir/flink/F1Fir.java,46,"    public void run(SourceContext<Tuple2<Long, Integer>> ctx) throws Exception {",
base,F1,flink,C7,JAVA-C7,PacedSource,/home/michal/github/rdb-experiment/results_20260801_K22/corpus/F1_fir/flink/F1Fir.java,52,          long sleepNs = deadline - now;,
base,F1,flink,C7,JAVA-C7,PacedSource,/home/michal/github/rdb-experiment/results_20260801_K22/corpus/F1_fir/flink/F1Fir.java,55,"        ctx.collect(Tuple2.of(n, samples[(int) n]));",
base,F1,flink,C7,JAVA-C7,PacedSource,/home/michal/github/rdb-experiment/results_20260801_K22/corpus/F1_fir/flink/F1Fir.java,60,    public void cancel() {,
base,F1,flink,C7,JAVA-C7,PacedSource,/home/michal/github/rdb-experiment/results_20260801_K22/corpus/F1_fir/flink/F1Fir.java,61,      running = false;,
base,F1,flink,C7,JAVA-C7,Fir,/home/michal/github/rdb-experiment/results_20260801_K22/corpus/F1_fir/flink/F1Fir.java,65,"  static class Fir extends RichFlatMapFunction<Tuple2<Long, Integer>, Tuple2<Long, Integer>> {",
base,F1,flink,C7,JAVA-C7,Fir,/home/michal/github/rdb-experiment/results_20260801_K22/corpus/F1_fir/flink/F1Fir.java,66,    private static final int WIN = 26;,
base,F1,flink,C7,JAVA-C7,Fir,/home/michal/github/rdb-experiment/results_20260801_K22/corpus/F1_fir/flink/F1Fir.java,67,    private final int[] coef;,
base,F1,flink,C7,JAVA-C7,Fir,/home/michal/github/rdb-experiment/results_20260801_K22/corpus/F1_fir/flink/F1Fir.java,71,      this.coef = coef;,
base,F1,flink,C7,JAVA-C7,Fir,/home/michal/github/rdb-experiment/results_20260801_K22/corpus/F1_fir/flink/F1Fir.java,75,    public void open(OpenContext ctx) {,
base,F1,flink,C7,JAVA-C7,Fir,/home/michal/github/rdb-experiment/results_20260801_K22/corpus/F1_fir/flink/F1Fir.java,76,      win = new int[WIN];,
base,F1,flink,C7,JAVA-C7,Fir,/home/michal/github/rdb-experiment/results_20260801_K22/corpus/F1_fir/flink/F1Fir.java,80,"    public void flatMap(Tuple2<Long, Integer> in, Collector<Tuple2<Long, Integer>> out) {",
base,F1,flink,C7,JAVA-C7,Fir,/home/michal/github/rdb-experiment/results_20260801_K22/corpus/F1_fir/flink/F1Fir.java,82,        win[k] = win[k - 1];,
base,F1,flink,C7,JAVA-C7,Fir,/home/michal/github/rdb-experiment/results_20260801_K22/corpus/F1_fir/flink/F1Fir.java,84,      win[0] = in.f1;,
base,F1,flink,C7,JAVA-C7,Fir,/home/michal/github/rdb-experiment/results_20260801_K22/corpus/F1_fir/flink/F1Fir.java,86,        return;,
base,F1,flink,C7,JAVA-C7,Fir,/home/michal/github/rdb-experiment/results_20260801_K22/corpus/F1_fir/flink/F1Fir.java,88,      long acc = 0;,
base,F1,flink,C7,JAVA-C7,Fir,/home/michal/github/rdb-experiment/results_20260801_K22/corpus/F1_fir/flink/F1Fir.java,90,        acc += (long) win[k] * coef[k];,
base,F1,flink,C7,JAVA-C7,Fir,/home/michal/github/rdb-experiment/results_20260801_K22/corpus/F1_fir/flink/F1Fir.java,93,"        throw new ArithmeticException(""suma "" + acc + "" poza int32 -- zakres danych nie wyklucza przepelnienia"");",
base,F1,flink,C7,JAVA-C7,Fir,/home/michal/github/rdb-experiment/results_20260801_K22/corpus/F1_fir/flink/F1Fir.java,95,      int y = (int) acc / WIN / 1000;,
base,F1,flink,C7,JAVA-C7,Fir,/home/michal/github/rdb-experiment/results_20260801_K22/corpus/F1_fir/flink/F1Fir.java,96,"      out.collect(Tuple2.of(in.f0 + 1, y));",
base,F1,flink,C7,JAVA-C7,topology,/home/michal/github/rdb-experiment/results_20260801_K22/corpus/F1_fir/flink/F1Fir.java,170,"    DataStream<Tuple2<Long, Integer>> src = env.addSource(new PacedSource(samples, slots));",
base,F1,flink,C7,JAVA-C7,topology,/home/michal/github/rdb-experiment/results_20260801_K22/corpus/F1_fir/flink/F1Fir.java,171,"    src.flatMap(new Fir(coef)).addSink(new CanonicalSink(out, family, variant));",
base,F2,rql,C7,RQL-C7,rql,/home/michal/github/rdb-experiment/results_20260801_K22/corpus/F2_ecg/rql/core.rql,19,"DECLARE MLII INTEGER, V1 INTEGER STREAM ecg, 1/360 FILE 'rec205'",
base,F2,rql,C4d,RQL-C4d,rql,/home/michal/github/rdb-experiment/results_20260801_K22/corpus/F2_ecg/rql/core.rql,19,"DECLARE MLII INTEGER, V1 INTEGER STREAM ecg, 1/360 FILE 'rec205'",
base,F2,rql,C7,RQL-C7,rql,/home/michal/github/rdb-experiment/results_20260801_K22/corpus/F2_ecg/rql/core.rql,20,"DECLARE bp_coef INTEGER[25] STREAM bpf, 1 FILE 'bp_coef.txt'",
base,F2,rql,C4d,RQL-C4d,rql,/home/michal/github/rdb-experiment/results_20260801_K22/corpus/F2_ecg/rql/core.rql,20,"DECLARE bp_coef INTEGER[25] STREAM bpf, 1 FILE 'bp_coef.txt'",
base,F2,rql,C7,RQL-C7,rql,/home/michal/github/rdb-experiment/results_20260801_K22/corpus/F2_ecg/rql/core.rql,21,"DECLARE d_coef INTEGER[5] STREAM df, 1 FILE 'd_coef.txt'",
base,F2,rql,C4d,RQL-C4d,rql,/home/michal/github/rdb-experiment/results_20260801_K22/corpus/F2_ecg/rql/core.rql,21,"DECLARE d_coef INTEGER[5] STREAM df, 1 FILE 'd_coef.txt'",
base,F2,rql,C7,RQL-C7,rql,/home/michal/github/rdb-experiment/results_20260801_K22/corpus/F2_ecg/rql/core.rql,23,SELECT ecg.MLII STREAM mlii FROM ecg,
base,F2,rql,C7,RQL-C7,rql,/home/michal/github/rdb-experiment/results_20260801_K22/corpus/F2_ecg/rql/core.rql,25,"SELECT * STREAM mlii_win FROM mlii@(1,25)",
base,F2,rql,C3d,RQL-C3d,rql,/home/michal/github/rdb-experiment/results_20260801_K22/corpus/F2_ecg/rql/core.rql,25,"SELECT * STREAM mlii_win FROM mlii@(1,25)",
base,F2,rql,C7,RQL-C7,rql,/home/michal/github/rdb-experiment/results_20260801_K22/corpus/F2_ecg/rql/core.rql,26,SELECT mlii_win[_]*bpf[_] STREAM bp_acc FROM mlii_win+bpf,
base,F2,rql,C7,RQL-C7,rql,/home/michal/github/rdb-experiment/results_20260801_K22/corpus/F2_ecg/rql/core.rql,27,SELECT bp_acc[0]/1000 STREAM bp_out FROM bp_acc.sumc,
base,F2,rql,C7,RQL-C7,rql,/home/michal/github/rdb-experiment/results_20260801_K22/corpus/F2_ecg/rql/core.rql,29,"SELECT * STREAM bp_win FROM bp_out@(1,5)",
base,F2,rql,C3d,RQL-C3d,rql,/home/michal/github/rdb-experiment/results_20260801_K22/corpus/F2_ecg/rql/core.rql,29,"SELECT * STREAM bp_win FROM bp_out@(1,5)",
base,F2,rql,C7,RQL-C7,rql,/home/michal/github/rdb-experiment/results_20260801_K22/corpus/F2_ecg/rql/core.rql,30,SELECT bp_win[_]*df[_] STREAM d_acc FROM bp_win+df,
base,F2,rql,C7,RQL-C7,rql,/home/michal/github/rdb-experiment/results_20260801_K22/corpus/F2_ecg/rql/core.rql,31,SELECT d_acc[0] STREAM d_out FROM d_acc.sumc,
base,F2,rql,C7,RQL-C7,rql,/home/michal/github/rdb-experiment/results_20260801_K22/corpus/F2_ecg/rql/core.rql,33,SELECT d_out[0]*d_out[0]/1000 STREAM sq_out FROM d_out,
base,F2,rql,C7,RQL-C7,rql,/home/michal/github/rdb-experiment/results_20260801_K22/corpus/F2_ecg/rql/core.rql,35,"SELECT * STREAM mwi_win FROM sq_out@(1,30)",
base,F2,rql,C3d,RQL-C3d,rql,/home/michal/github/rdb-experiment/results_20260801_K22/corpus/F2_ecg/rql/core.rql,35,"SELECT * STREAM mwi_win FROM sq_out@(1,30)",
base,F2,rql,C7,RQL-C7,rql,/home/michal/github/rdb-experiment/results_20260801_K22/corpus/F2_ecg/rql/core.rql,36,SELECT mwi_win[0] STREAM mwi FROM mwi_win.avg,
base,F2,rql,C7,RQL-C7,rql,/home/michal/github/rdb-experiment/results_20260801_K22/corpus/F2_ecg/rql/core.rql,38,"SELECT * STREAM mwi_long FROM mwi@(1,180)",
base,F2,rql,C3d,RQL-C3d,rql,/home/michal/github/rdb-experiment/results_20260801_K22/corpus/F2_ecg/rql/core.rql,38,"SELECT * STREAM mwi_long FROM mwi@(1,180)",
base,F2,rql,C7,RQL-C7,rql,/home/michal/github/rdb-experiment/results_20260801_K22/corpus/F2_ecg/rql/core.rql,39,SELECT mwi_long[0] STREAM mwi_thr FROM mwi_long.avg,
base,F2,rql,C7,RQL-C7,rql,/home/michal/github/rdb-experiment/results_20260801_K22/corpus/F2_ecg/rql/core.rql,41,"SELECT mlii[0]-900, mwi[0]*5, (mwi[0]-mwi_thr[0]*2)*5 STREAM qrs_out FROM mlii+mwi+mwi_thr",
base,F2,python,C4,PY-C4,run,/home/michal/github/rdb-experiment/results_20260801_K22/corpus/F2_ecg/python/core.py,57,    t0 = time.monotonic_ns(),
base,F2,python,C1,PY-C1-SLOT,run,/home/michal/github/rdb-experiment/results_20260801_K22/corpus/F2_ecg/python/core.py,58,    for n in range(slots):,
base,F2,python,C4,PY-C4,run,/home/michal/github/rdb-experiment/results_20260801_K22/corpus/F2_ecg/python/core.py,59,        deadline = t0 + n * INTERVAL_NS,
base,F2,python,C4,PY-C4,run,/home/michal/github/rdb-experiment/results_20260801_K22/corpus/F2_ecg/python/core.py,60,        now = time.monotonic_ns(),
base,F2,python,C1,PY-C1-NESTED,run,/home/michal/github/rdb-experiment/results_20260801_K22/corpus/F2_ecg/python/core.py,65,"        for k in range(WIN_BP - 1, 0, -1):",
base,F2,python,C4,PY-C4,run,/home/michal/github/rdb-experiment/results_20260801_K22/corpus/F2_ecg/python/core.py,62,            time.sleep((deadline - now) / 1e9),
base,F2,python,C1,PY-C1-NESTED,run,/home/michal/github/rdb-experiment/results_20260801_K22/corpus/F2_ecg/python/core.py,71,"            for k in range(WIN_D - 1, 0, -1):",
base,F2,python,C1,PY-C1-NESTED,run,/home/michal/github/rdb-experiment/results_20260801_K22/corpus/F2_ecg/python/core.py,78,"                for k in range(WIN_MWI - 1, 0, -1):",
base,F2,python,C1,PY-C1-NESTED,run,/home/michal/github/rdb-experiment/results_20260801_K22/corpus/F2_ecg/python/core.py,85,"                    for k in range(WIN_THR - 1, 0, -1):",
base,F2,python,C2,PY-C2-STATE,run,/home/michal/github/rdb-experiment/results_20260801_K22/corpus/F2_ecg/python/core.py,50,    cnt_bp = 0,run.cnt_bp
base,F2,python,C2,PY-C2-STATE,run,/home/michal/github/rdb-experiment/results_20260801_K22/corpus/F2_ecg/python/core.py,51,    cnt_d = 0,run.cnt_d
base,F2,python,C2,PY-C2-STATE,run,/home/michal/github/rdb-experiment/results_20260801_K22/corpus/F2_ecg/python/core.py,52,    cnt_mwi = 0,run.cnt_mwi
base,F2,python,C2,PY-C2-STATE,run,/home/michal/github/rdb-experiment/results_20260801_K22/corpus/F2_ecg/python/core.py,53,    cnt_thr = 0,run.cnt_thr
base,F2,python,C2,PY-C2-STATE,run,/home/michal/github/rdb-experiment/results_20260801_K22/corpus/F2_ecg/python/core.py,54,    mwi_at = {},run.mwi_at
base,F2,python,C2,PY-C2-STATE,run,/home/michal/github/rdb-experiment/results_20260801_K22/corpus/F2_ecg/python/core.py,55,    thr_at = {},run.thr_at
base,F2,python,C3,PY-C3-WINDOW,run,/home/michal/github/rdb-experiment/results_20260801_K22/corpus/F2_ecg/python/core.py,46,    win_bp = [0] * WIN_BP,run.win_bp
base,F2,python,C3,PY-C3-WINDOW,run,/home/michal/github/rdb-experiment/results_20260801_K22/corpus/F2_ecg/python/core.py,47,    win_d = [0] * WIN_D,run.win_d
base,F2,python,C3,PY-C3-WINDOW,run,/home/michal/github/rdb-experiment/results_20260801_K22/corpus/F2_ecg/python/core.py,48,    win_mwi = [0] * WIN_MWI,run.win_mwi
base,F2,python,C3,PY-C3-WINDOW,run,/home/michal/github/rdb-experiment/results_20260801_K22/corpus/F2_ecg/python/core.py,49,    win_thr = [0] * WIN_THR,run.win_thr
base,F2,python,C7,PY-C7,run,/home/michal/github/rdb-experiment/results_20260801_K22/corpus/F2_ecg/python/core.py,39,"def run(mlii, bp_coef, d_coef, slots):",
base,F2,python,C7,PY-C7,run,/home/michal/github/rdb-experiment/results_20260801_K22/corpus/F2_ecg/python/core.py,40,"    """"""Zwraca listę (logical_index, [pole0, pole1, pole2]).""""""",
base,F2,python,C7,PY-C7,run,/home/michal/github/rdb-experiment/results_20260801_K22/corpus/F2_ecg/python/core.py,41,    WIN_BP = 25,
base,F2,python,C7,PY-C7,run,/home/michal/github/rdb-experiment/results_20260801_K22/corpus/F2_ecg/python/core.py,42,    WIN_D = 5,
base,F2,python,C7,PY-C7,run,/home/michal/github/rdb-experiment/results_20260801_K22/corpus/F2_ecg/python/core.py,43,    WIN_MWI = 30,
base,F2,python,C7,PY-C7,run,/home/michal/github/rdb-experiment/results_20260801_K22/corpus/F2_ecg/python/core.py,44,    WIN_THR = 180,
base,F2,python,C7,PY-C7,run,/home/michal/github/rdb-experiment/results_20260801_K22/corpus/F2_ecg/python/core.py,45,    INTERVAL_NS = 2_777_778,
base,F2,python,C7,PY-C7,run,/home/michal/github/rdb-experiment/results_20260801_K22/corpus/F2_ecg/python/core.py,56,    out = [],
base,F2,python,C7,PY-C7,run,/home/michal/github/rdb-experiment/results_20260801_K22/corpus/F2_ecg/python/core.py,61,        if now < deadline:,
base,F2,python,C7,PY-C7,run,/home/michal/github/rdb-experiment/results_20260801_K22/corpus/F2_ecg/python/core.py,63,        x = mlii[n],
base,F2,python,C7,PY-C7,run,/home/michal/github/rdb-experiment/results_20260801_K22/corpus/F2_ecg/python/core.py,69,        if cnt_bp >= WIN_BP:,
base,F2,python,C7,PY-C7,run,/home/michal/github/rdb-experiment/results_20260801_K22/corpus/F2_ecg/python/core.py,92,        if n in mwi_at and n in thr_at:,
base,F2,python,C7,PY-C7,run,/home/michal/github/rdb-experiment/results_20260801_K22/corpus/F2_ecg/python/core.py,66,            win_bp[k] = win_bp[k - 1],
base,F2,python,C7,PY-C7,run,/home/michal/github/rdb-experiment/results_20260801_K22/corpus/F2_ecg/python/core.py,70,"            bp = idiv(sumc([imul(win_bp[k], bp_coef[k]) for k in range(WIN_BP)]), 1000)",
base,F2,python,C7,PY-C7,run,/home/michal/github/rdb-experiment/results_20260801_K22/corpus/F2_ecg/python/core.py,75,            if cnt_d >= WIN_D:,
base,F2,python,C7,PY-C7,run,/home/michal/github/rdb-experiment/results_20260801_K22/corpus/F2_ecg/python/core.py,93,            m = mwi_at[n],
base,F2,python,C7,PY-C7,run,/home/michal/github/rdb-experiment/results_20260801_K22/corpus/F2_ecg/python/core.py,94,            t = thr_at[n],
base,F2,python,C7,PY-C7,run,/home/michal/github/rdb-experiment/results_20260801_K22/corpus/F2_ecg/python/core.py,95,"            out.append((n, [isub(x, 900), imul(m, 5), imul(isub(m, imul(t, 2)), 5)]))",
base,F2,python,C7,PY-C7,run,/home/michal/github/rdb-experiment/results_20260801_K22/corpus/F2_ecg/python/core.py,72,                win_d[k] = win_d[k - 1],
base,F2,python,C7,PY-C7,run,/home/michal/github/rdb-experiment/results_20260801_K22/corpus/F2_ecg/python/core.py,76,"                d = sumc([imul(win_d[k], d_coef[k]) for k in range(WIN_D)])",
base,F2,python,C7,PY-C7,run,/home/michal/github/rdb-experiment/results_20260801_K22/corpus/F2_ecg/python/core.py,77,"                sq = idiv(imul(d, d), 1000)",
base,F2,python,C7,PY-C7,run,/home/michal/github/rdb-experiment/results_20260801_K22/corpus/F2_ecg/python/core.py,82,                if cnt_mwi >= WIN_MWI:,
base,F2,python,C7,PY-C7,run,/home/michal/github/rdb-experiment/results_20260801_K22/corpus/F2_ecg/python/core.py,79,                    win_mwi[k] = win_mwi[k - 1],
base,F2,python,C7,PY-C7,run,/home/michal/github/rdb-experiment/results_20260801_K22/corpus/F2_ecg/python/core.py,83,                    mwi = avg(win_mwi),
base,F2,python,C7,PY-C7,run,/home/michal/github/rdb-experiment/results_20260801_K22/corpus/F2_ecg/python/core.py,89,                    if cnt_thr >= WIN_THR:,
base,F2,python,C7,PY-C7,run,/home/michal/github/rdb-experiment/results_20260801_K22/corpus/F2_ecg/python/core.py,86,                        win_thr[k] = win_thr[k - 1],
base,F2,flink,C4,JAVA-C4,PacedSource,/home/michal/github/rdb-experiment/results_20260801_K22/corpus/F2_ecg/flink/F2Ecg.java,65,      long t0 = System.nanoTime();,
base,F2,flink,C1,JAVA-C1,PacedSource,/home/michal/github/rdb-experiment/results_20260801_K22/corpus/F2_ecg/flink/F2Ecg.java,66,      for (long n = 0; n < slots && running; n++) {,
base,F2,flink,C4,JAVA-C4,PacedSource,/home/michal/github/rdb-experiment/results_20260801_K22/corpus/F2_ecg/flink/F2Ecg.java,67,        long deadline = t0 + n * INTERVAL_NS;,
base,F2,flink,C4,JAVA-C4,PacedSource,/home/michal/github/rdb-experiment/results_20260801_K22/corpus/F2_ecg/flink/F2Ecg.java,68,        long now = System.nanoTime();,
base,F2,flink,C4,JAVA-C4,PacedSource,/home/michal/github/rdb-experiment/results_20260801_K22/corpus/F2_ecg/flink/F2Ecg.java,71,"          Thread.sleep(sleepNs / 1_000_000L, (int) (sleepNs % 1_000_000L));",
base,F2,flink,C1,JAVA-C1,BandPass,/home/michal/github/rdb-experiment/results_20260801_K22/corpus/F2_ecg/flink/F2Ecg.java,105,      for (int k = WIN - 1; k > 0; k--) {,
base,F2,flink,C5,JAVA-C5-WARMUP,BandPass,/home/michal/github/rdb-experiment/results_20260801_K22/corpus/F2_ecg/flink/F2Ecg.java,110,      if (filled < WIN) {,
base,F2,flink,C1,JAVA-C1,BandPass,/home/michal/github/rdb-experiment/results_20260801_K22/corpus/F2_ecg/flink/F2Ecg.java,114,      for (int k = 0; k < WIN; k++) {,
base,F2,flink,C1,JAVA-C1,BandPass.Derivative,/home/michal/github/rdb-experiment/results_20260801_K22/corpus/F2_ecg/flink/F2Ecg.java,142,      for (int k = WIN - 1; k > 0; k--) {,
base,F2,flink,C5,JAVA-C5-WARMUP,BandPass.Derivative,/home/michal/github/rdb-experiment/results_20260801_K22/corpus/F2_ecg/flink/F2Ecg.java,147,      if (filled < WIN) {,
base,F2,flink,C1,JAVA-C1,BandPass.Derivative,/home/michal/github/rdb-experiment/results_20260801_K22/corpus/F2_ecg/flink/F2Ecg.java,151,      for (int k = 0; k < WIN; k++) {,
base,F2,flink,C1,JAVA-C1,BandPass.Derivative.SquareMwi,/home/michal/github/rdb-experiment/results_20260801_K22/corpus/F2_ecg/flink/F2Ecg.java,176,      for (int k = WIN - 1; k > 0; k--) {,
base,F2,flink,C5,JAVA-C5-WARMUP,BandPass.Derivative.SquareMwi,/home/michal/github/rdb-experiment/results_20260801_K22/corpus/F2_ecg/flink/F2Ecg.java,181,      if (filled < WIN) {,
base,F2,flink,C1,JAVA-C1,BandPass.Derivative.SquareMwi,/home/michal/github/rdb-experiment/results_20260801_K22/corpus/F2_ecg/flink/F2Ecg.java,185,      for (int k = 0; k < WIN; k++) {,
base,F2,flink,C1,JAVA-C1,BandPass.Derivative.SquareMwi.Threshold,/home/michal/github/rdb-experiment/results_20260801_K22/corpus/F2_ecg/flink/F2Ecg.java,208,      for (int k = WIN - 1; k > 0; k--) {,
base,F2,flink,C5,JAVA-C5-WARMUP,BandPass.Derivative.SquareMwi.Threshold,/home/michal/github/rdb-experiment/results_20260801_K22/corpus/F2_ecg/flink/F2Ecg.java,213,      if (filled < WIN) {,
base,F2,flink,C1,JAVA-C1,BandPass.Derivative.SquareMwi.Threshold,/home/michal/github/rdb-experiment/results_20260801_K22/corpus/F2_ecg/flink/F2Ecg.java,217,      for (int k = 0; k < WIN; k++) {,
base,F2,flink,C3,JAVA-C3-WINDOW,BandPass,/home/michal/github/rdb-experiment/results_20260801_K22/corpus/F2_ecg/flink/F2Ecg.java,89,    private int[] win;,BandPass.win
base,F2,flink,C2,JAVA-C2-STATE,BandPass,/home/michal/github/rdb-experiment/results_20260801_K22/corpus/F2_ecg/flink/F2Ecg.java,90,    private int filled;,BandPass.filled
base,F2,flink,C3,JAVA-C3-WINDOW,BandPass.Derivative,/home/michal/github/rdb-experiment/results_20260801_K22/corpus/F2_ecg/flink/F2Ecg.java,126,    private int[] win;,BandPass.Derivative.win
base,F2,flink,C2,JAVA-C2-STATE,BandPass.Derivative,/home/michal/github/rdb-experiment/results_20260801_K22/corpus/F2_ecg/flink/F2Ecg.java,127,    private int filled;,BandPass.Derivative.filled
base,F2,flink,C3,JAVA-C3-WINDOW,BandPass.Derivative.SquareMwi,/home/michal/github/rdb-experiment/results_20260801_K22/corpus/F2_ecg/flink/F2Ecg.java,162,    private int[] win;,BandPass.Derivative.SquareMwi.win
base,F2,flink,C2,JAVA-C2-STATE,BandPass.Derivative.SquareMwi,/home/michal/github/rdb-experiment/results_20260801_K22/corpus/F2_ecg/flink/F2Ecg.java,163,    private int filled;,BandPass.Derivative.SquareMwi.filled
base,F2,flink,C3,JAVA-C3-WINDOW,BandPass.Derivative.SquareMwi.Threshold,/home/michal/github/rdb-experiment/results_20260801_K22/corpus/F2_ecg/flink/F2Ecg.java,196,    private int[] win;,BandPass.Derivative.SquareMwi.Threshold.win
base,F2,flink,C2,JAVA-C2-STATE,BandPass.Derivative.SquareMwi.Threshold,/home/michal/github/rdb-experiment/results_20260801_K22/corpus/F2_ecg/flink/F2Ecg.java,197,    private int filled;,BandPass.Derivative.SquareMwi.Threshold.filled
base,F2,flink,C2,JAVA-C2-STATE,BandPass.Derivative.SquareMwi.Threshold.Assemble,/home/michal/github/rdb-experiment/results_20260801_K22/corpus/F2_ecg/flink/F2Ecg.java,232,"    private Map<Long, Integer> mliiAt;",BandPass.Derivative.SquareMwi.Threshold.Assemble.mliiAt
base,F2,flink,C2,JAVA-C2-STATE,BandPass.Derivative.SquareMwi.Threshold.Assemble,/home/michal/github/rdb-experiment/results_20260801_K22/corpus/F2_ecg/flink/F2Ecg.java,233,"    private Map<Long, Integer> mwiAt;",BandPass.Derivative.SquareMwi.Threshold.Assemble.mwiAt
base,F2,flink,C2,JAVA-C2-STATE,BandPass.Derivative.SquareMwi.Threshold.Assemble,/home/michal/github/rdb-experiment/results_20260801_K22/corpus/F2_ecg/flink/F2Ecg.java,234,"    private Map<Long, Integer> thrAt;",BandPass.Derivative.SquareMwi.Threshold.Assemble.thrAt
base,F2,flink,C7,JAVA-C7,PacedSource,/home/michal/github/rdb-experiment/results_20260801_K22/corpus/F2_ecg/flink/F2Ecg.java,52,"  static class PacedSource extends RichSourceFunction<Tuple5<Long, Integer, Integer, Integer, Integer>> {",
base,F2,flink,C7,JAVA-C7,PacedSource,/home/michal/github/rdb-experiment/results_20260801_K22/corpus/F2_ecg/flink/F2Ecg.java,53,    private static final long INTERVAL_NS = 2_777_778L;,
base,F2,flink,C7,JAVA-C7,PacedSource,/home/michal/github/rdb-experiment/results_20260801_K22/corpus/F2_ecg/flink/F2Ecg.java,54,    private final int[] mlii;,
base,F2,flink,C7,JAVA-C7,PacedSource,/home/michal/github/rdb-experiment/results_20260801_K22/corpus/F2_ecg/flink/F2Ecg.java,55,    private final long slots;,
base,F2,flink,C7,JAVA-C7,PacedSource,/home/michal/github/rdb-experiment/results_20260801_K22/corpus/F2_ecg/flink/F2Ecg.java,56,    private volatile boolean running = true;,
base,F2,flink,C7,JAVA-C7,PacedSource,/home/michal/github/rdb-experiment/results_20260801_K22/corpus/F2_ecg/flink/F2Ecg.java,59,      this.mlii = mlii;,
base,F2,flink,C7,JAVA-C7,PacedSource,/home/michal/github/rdb-experiment/results_20260801_K22/corpus/F2_ecg/flink/F2Ecg.java,60,      this.slots = slots;,
base,F2,flink,C7,JAVA-C7,PacedSource,/home/michal/github/rdb-experiment/results_20260801_K22/corpus/F2_ecg/flink/F2Ecg.java,64,"    public void run(SourceContext<Tuple5<Long, Integer, Integer, Integer, Integer>> ctx) throws Exception {",
base,F2,flink,C7,JAVA-C7,PacedSource,/home/michal/github/rdb-experiment/results_20260801_K22/corpus/F2_ecg/flink/F2Ecg.java,70,          long sleepNs = deadline - now;,
base,F2,flink,C7,JAVA-C7,PacedSource,/home/michal/github/rdb-experiment/results_20260801_K22/corpus/F2_ecg/flink/F2Ecg.java,73,        int x = mlii[(int) n];,
base,F2,flink,C7,JAVA-C7,PacedSource,/home/michal/github/rdb-experiment/results_20260801_K22/corpus/F2_ecg/flink/F2Ecg.java,74,"        ctx.collect(Tuple5.of(n, x, x, 0, 0));",
base,F2,flink,C7,JAVA-C7,PacedSource,/home/michal/github/rdb-experiment/results_20260801_K22/corpus/F2_ecg/flink/F2Ecg.java,79,    public void cancel() {,
base,F2,flink,C7,JAVA-C7,PacedSource,/home/michal/github/rdb-experiment/results_20260801_K22/corpus/F2_ecg/flink/F2Ecg.java,80,      running = false;,
base,F2,flink,C7,JAVA-C7,BandPass,/home/michal/github/rdb-experiment/results_20260801_K22/corpus/F2_ecg/flink/F2Ecg.java,85,"  static class BandPass extends RichFlatMapFunction<Tuple5<Long, Integer, Integer, Integer, Integer>,",
base,F2,flink,C7,JAVA-C7,BandPass,/home/michal/github/rdb-experiment/results_20260801_K22/corpus/F2_ecg/flink/F2Ecg.java,87,    private static final int WIN = 25;,
base,F2,flink,C7,JAVA-C7,BandPass,/home/michal/github/rdb-experiment/results_20260801_K22/corpus/F2_ecg/flink/F2Ecg.java,88,    private final int[] coef;,
base,F2,flink,C7,JAVA-C7,BandPass,/home/michal/github/rdb-experiment/results_20260801_K22/corpus/F2_ecg/flink/F2Ecg.java,93,      this.coef = coef;,
base,F2,flink,C7,JAVA-C7,BandPass,/home/michal/github/rdb-experiment/results_20260801_K22/corpus/F2_ecg/flink/F2Ecg.java,97,    public void open(OpenContext ctx) {,
base,F2,flink,C7,JAVA-C7,BandPass,/home/michal/github/rdb-experiment/results_20260801_K22/corpus/F2_ecg/flink/F2Ecg.java,98,      win = new int[WIN];,
base,F2,flink,C7,JAVA-C7,BandPass,/home/michal/github/rdb-experiment/results_20260801_K22/corpus/F2_ecg/flink/F2Ecg.java,99,      filled = 0;,
base,F2,flink,C7,JAVA-C7,BandPass,/home/michal/github/rdb-experiment/results_20260801_K22/corpus/F2_ecg/flink/F2Ecg.java,103,"    public void flatMap(Tuple5<Long, Integer, Integer, Integer, Integer> in,",
base,F2,flink,C7,JAVA-C7,BandPass,/home/michal/github/rdb-experiment/results_20260801_K22/corpus/F2_ecg/flink/F2Ecg.java,106,        win[k] = win[k - 1];,
base,F2,flink,C7,JAVA-C7,BandPass,/home/michal/github/rdb-experiment/results_20260801_K22/corpus/F2_ecg/flink/F2Ecg.java,108,      win[0] = in.f1;,
base,F2,flink,C7,JAVA-C7,BandPass,/home/michal/github/rdb-experiment/results_20260801_K22/corpus/F2_ecg/flink/F2Ecg.java,109,      filled = filled + 1;,
base,F2,flink,C7,JAVA-C7,BandPass,/home/michal/github/rdb-experiment/results_20260801_K22/corpus/F2_ecg/flink/F2Ecg.java,111,        return;,
base,F2,flink,C7,JAVA-C7,BandPass,/home/michal/github/rdb-experiment/results_20260801_K22/corpus/F2_ecg/flink/F2Ecg.java,113,      long acc = 0;,
base,F2,flink,C7,JAVA-C7,BandPass,/home/michal/github/rdb-experiment/results_20260801_K22/corpus/F2_ecg/flink/F2Ecg.java,115,        acc += (long) win[k] * coef[k];,
base,F2,flink,C7,JAVA-C7,BandPass,/home/michal/github/rdb-experiment/results_20260801_K22/corpus/F2_ecg/flink/F2Ecg.java,117,"      out.collect(Tuple5.of(in.f0, in.f1, truncDiv(acc, 1000), 0, 0));",
base,F2,flink,C7,JAVA-C7,BandPass.Derivative,/home/michal/github/rdb-experiment/results_20260801_K22/corpus/F2_ecg/flink/F2Ecg.java,122,"  static class Derivative extends RichFlatMapFunction<Tuple5<Long, Integer, Integer, Integer, Integer>,",
base,F2,flink,C7,JAVA-C7,BandPass.Derivative,/home/michal/github/rdb-experiment/results_20260801_K22/corpus/F2_ecg/flink/F2Ecg.java,124,    private static final int WIN = 5;,
base,F2,flink,C7,JAVA-C7,BandPass.Derivative,/home/michal/github/rdb-experiment/results_20260801_K22/corpus/F2_ecg/flink/F2Ecg.java,125,    private final int[] coef;,
base,F2,flink,C7,JAVA-C7,BandPass.Derivative,/home/michal/github/rdb-experiment/results_20260801_K22/corpus/F2_ecg/flink/F2Ecg.java,130,      this.coef = coef;,
base,F2,flink,C7,JAVA-C7,BandPass.Derivative,/home/michal/github/rdb-experiment/results_20260801_K22/corpus/F2_ecg/flink/F2Ecg.java,134,    public void open(OpenContext ctx) {,
base,F2,flink,C7,JAVA-C7,BandPass.Derivative,/home/michal/github/rdb-experiment/results_20260801_K22/corpus/F2_ecg/flink/F2Ecg.java,135,      win = new int[WIN];,
base,F2,flink,C7,JAVA-C7,BandPass.Derivative,/home/michal/github/rdb-experiment/results_20260801_K22/corpus/F2_ecg/flink/F2Ecg.java,136,      filled = 0;,
base,F2,flink,C7,JAVA-C7,BandPass.Derivative,/home/michal/github/rdb-experiment/results_20260801_K22/corpus/F2_ecg/flink/F2Ecg.java,140,"    public void flatMap(Tuple5<Long, Integer, Integer, Integer, Integer> in,",
base,F2,flink,C7,JAVA-C7,BandPass.Derivative,/home/michal/github/rdb-experiment/results_20260801_K22/corpus/F2_ecg/flink/F2Ecg.java,143,        win[k] = win[k - 1];,
base,F2,flink,C7,JAVA-C7,BandPass.Derivative,/home/michal/github/rdb-experiment/results_20260801_K22/corpus/F2_ecg/flink/F2Ecg.java,145,      win[0] = in.f2;,
base,F2,flink,C7,JAVA-C7,BandPass.Derivative,/home/michal/github/rdb-experiment/results_20260801_K22/corpus/F2_ecg/flink/F2Ecg.java,146,      filled = filled + 1;,
base,F2,flink,C7,JAVA-C7,BandPass.Derivative,/home/michal/github/rdb-experiment/results_20260801_K22/corpus/F2_ecg/flink/F2Ecg.java,148,        return;,
base,F2,flink,C7,JAVA-C7,BandPass.Derivative,/home/michal/github/rdb-experiment/results_20260801_K22/corpus/F2_ecg/flink/F2Ecg.java,150,      long acc = 0;,
base,F2,flink,C7,JAVA-C7,BandPass.Derivative,/home/michal/github/rdb-experiment/results_20260801_K22/corpus/F2_ecg/flink/F2Ecg.java,152,        acc += (long) win[k] * coef[k];,
base,F2,flink,C7,JAVA-C7,BandPass.Derivative,/home/michal/github/rdb-experiment/results_20260801_K22/corpus/F2_ecg/flink/F2Ecg.java,154,"      out.collect(Tuple5.of(in.f0, in.f1, truncDiv(acc, 1), 0, 0));",
base,F2,flink,C7,JAVA-C7,BandPass.Derivative.SquareMwi,/home/michal/github/rdb-experiment/results_20260801_K22/corpus/F2_ecg/flink/F2Ecg.java,159,"  static class SquareMwi extends RichFlatMapFunction<Tuple5<Long, Integer, Integer, Integer, Integer>,",
base,F2,flink,C7,JAVA-C7,BandPass.Derivative.SquareMwi,/home/michal/github/rdb-experiment/results_20260801_K22/corpus/F2_ecg/flink/F2Ecg.java,161,    private static final int WIN = 30;,
base,F2,flink,C7,JAVA-C7,BandPass.Derivative.SquareMwi,/home/michal/github/rdb-experiment/results_20260801_K22/corpus/F2_ecg/flink/F2Ecg.java,166,    public void open(OpenContext ctx) {,
base,F2,flink,C7,JAVA-C7,BandPass.Derivative.SquareMwi,/home/michal/github/rdb-experiment/results_20260801_K22/corpus/F2_ecg/flink/F2Ecg.java,167,      win = new int[WIN];,
base,F2,flink,C7,JAVA-C7,BandPass.Derivative.SquareMwi,/home/michal/github/rdb-experiment/results_20260801_K22/corpus/F2_ecg/flink/F2Ecg.java,168,      filled = 0;,
base,F2,flink,C7,JAVA-C7,BandPass.Derivative.SquareMwi,/home/michal/github/rdb-experiment/results_20260801_K22/corpus/F2_ecg/flink/F2Ecg.java,172,"    public void flatMap(Tuple5<Long, Integer, Integer, Integer, Integer> in,",
base,F2,flink,C7,JAVA-C7,BandPass.Derivative.SquareMwi,/home/michal/github/rdb-experiment/results_20260801_K22/corpus/F2_ecg/flink/F2Ecg.java,174,      long d = in.f2;,
base,F2,flink,C7,JAVA-C7,BandPass.Derivative.SquareMwi,/home/michal/github/rdb-experiment/results_20260801_K22/corpus/F2_ecg/flink/F2Ecg.java,175,"      int sq = truncDiv(d * d, 1000);",
base,F2,flink,C7,JAVA-C7,BandPass.Derivative.SquareMwi,/home/michal/github/rdb-experiment/results_20260801_K22/corpus/F2_ecg/flink/F2Ecg.java,177,        win[k] = win[k - 1];,
base,F2,flink,C7,JAVA-C7,BandPass.Derivative.SquareMwi,/home/michal/github/rdb-experiment/results_20260801_K22/corpus/F2_ecg/flink/F2Ecg.java,179,      win[0] = sq;,
base,F2,flink,C7,JAVA-C7,BandPass.Derivative.SquareMwi,/home/michal/github/rdb-experiment/results_20260801_K22/corpus/F2_ecg/flink/F2Ecg.java,180,      filled = filled + 1;,
base,F2,flink,C7,JAVA-C7,BandPass.Derivative.SquareMwi,/home/michal/github/rdb-experiment/results_20260801_K22/corpus/F2_ecg/flink/F2Ecg.java,182,        return;,
base,F2,flink,C7,JAVA-C7,BandPass.Derivative.SquareMwi,/home/michal/github/rdb-experiment/results_20260801_K22/corpus/F2_ecg/flink/F2Ecg.java,184,      long sum = 0;,
base,F2,flink,C7,JAVA-C7,BandPass.Derivative.SquareMwi,/home/michal/github/rdb-experiment/results_20260801_K22/corpus/F2_ecg/flink/F2Ecg.java,186,        sum += win[k];,
base,F2,flink,C7,JAVA-C7,BandPass.Derivative.SquareMwi,/home/michal/github/rdb-experiment/results_20260801_K22/corpus/F2_ecg/flink/F2Ecg.java,188,"      out.collect(Tuple5.of(in.f0, in.f1, sq, truncDiv(sum, WIN), 0));",
base,F2,flink,C7,JAVA-C7,BandPass.Derivative.SquareMwi.Threshold,/home/michal/github/rdb-experiment/results_20260801_K22/corpus/F2_ecg/flink/F2Ecg.java,193,"  static class Threshold extends RichFlatMapFunction<Tuple5<Long, Integer, Integer, Integer, Integer>,",
base,F2,flink,C7,JAVA-C7,BandPass.Derivative.SquareMwi.Threshold,/home/michal/github/rdb-experiment/results_20260801_K22/corpus/F2_ecg/flink/F2Ecg.java,195,    private static final int WIN = 180;,
base,F2,flink,C7,JAVA-C7,BandPass.Derivative.SquareMwi.Threshold,/home/michal/github/rdb-experiment/results_20260801_K22/corpus/F2_ecg/flink/F2Ecg.java,200,    public void open(OpenContext ctx) {,
base,F2,flink,C7,JAVA-C7,BandPass.Derivative.SquareMwi.Threshold,/home/michal/github/rdb-experiment/results_20260801_K22/corpus/F2_ecg/flink/F2Ecg.java,201,      win = new int[WIN];,
base,F2,flink,C7,JAVA-C7,BandPass.Derivative.SquareMwi.Threshold,/home/michal/github/rdb-experiment/results_20260801_K22/corpus/F2_ecg/flink/F2Ecg.java,202,      filled = 0;,
base,F2,flink,C7,JAVA-C7,BandPass.Derivative.SquareMwi.Threshold,/home/michal/github/rdb-experiment/results_20260801_K22/corpus/F2_ecg/flink/F2Ecg.java,206,"    public void flatMap(Tuple5<Long, Integer, Integer, Integer, Integer> in,",
base,F2,flink,C7,JAVA-C7,BandPass.Derivative.SquareMwi.Threshold,/home/michal/github/rdb-experiment/results_20260801_K22/corpus/F2_ecg/flink/F2Ecg.java,209,        win[k] = win[k - 1];,
base,F2,flink,C7,JAVA-C7,BandPass.Derivative.SquareMwi.Threshold,/home/michal/github/rdb-experiment/results_20260801_K22/corpus/F2_ecg/flink/F2Ecg.java,211,      win[0] = in.f3;,
base,F2,flink,C7,JAVA-C7,BandPass.Derivative.SquareMwi.Threshold,/home/michal/github/rdb-experiment/results_20260801_K22/corpus/F2_ecg/flink/F2Ecg.java,212,      filled = filled + 1;,
base,F2,flink,C7,JAVA-C7,BandPass.Derivative.SquareMwi.Threshold,/home/michal/github/rdb-experiment/results_20260801_K22/corpus/F2_ecg/flink/F2Ecg.java,214,        return;,
base,F2,flink,C7,JAVA-C7,BandPass.Derivative.SquareMwi.Threshold,/home/michal/github/rdb-experiment/results_20260801_K22/corpus/F2_ecg/flink/F2Ecg.java,216,      long sum = 0;,
base,F2,flink,C7,JAVA-C7,BandPass.Derivative.SquareMwi.Threshold,/home/michal/github/rdb-experiment/results_20260801_K22/corpus/F2_ecg/flink/F2Ecg.java,218,        sum += win[k];,
base,F2,flink,C7,JAVA-C7,BandPass.Derivative.SquareMwi.Threshold,/home/michal/github/rdb-experiment/results_20260801_K22/corpus/F2_ecg/flink/F2Ecg.java,220,"      out.collect(Tuple5.of(in.f0, in.f1, in.f2, in.f3, truncDiv(sum, WIN)));",
base,F2,flink,C7,JAVA-C7,BandPass.Derivative.SquareMwi.Threshold.Assemble,/home/michal/github/rdb-experiment/results_20260801_K22/corpus/F2_ecg/flink/F2Ecg.java,230,"  static class Assemble extends RichFlatMapFunction<Tuple5<Long, Integer, Integer, Integer, Integer>,",
base,F2,flink,C7,JAVA-C7,BandPass.Derivative.SquareMwi.Threshold.Assemble,/home/michal/github/rdb-experiment/results_20260801_K22/corpus/F2_ecg/flink/F2Ecg.java,237,    public void open(OpenContext ctx) {,
base,F2,flink,C7,JAVA-C7,BandPass.Derivative.SquareMwi.Threshold.Assemble,/home/michal/github/rdb-experiment/results_20260801_K22/corpus/F2_ecg/flink/F2Ecg.java,238,      mliiAt = new HashMap<>();,
base,F2,flink,C7,JAVA-C7,BandPass.Derivative.SquareMwi.Threshold.Assemble,/home/michal/github/rdb-experiment/results_20260801_K22/corpus/F2_ecg/flink/F2Ecg.java,239,      mwiAt = new HashMap<>();,
base,F2,flink,C7,JAVA-C7,BandPass.Derivative.SquareMwi.Threshold.Assemble,/home/michal/github/rdb-experiment/results_20260801_K22/corpus/F2_ecg/flink/F2Ecg.java,240,      thrAt = new HashMap<>();,
base,F2,flink,C7,JAVA-C7,BandPass.Derivative.SquareMwi.Threshold.Assemble,/home/michal/github/rdb-experiment/results_20260801_K22/corpus/F2_ecg/flink/F2Ecg.java,244,"    public void flatMap(Tuple5<Long, Integer, Integer, Integer, Integer> in,",
base,F2,flink,C7,JAVA-C7,BandPass.Derivative.SquareMwi.Threshold.Assemble,/home/michal/github/rdb-experiment/results_20260801_K22/corpus/F2_ecg/flink/F2Ecg.java,246,      long n = in.f0;,
base,F2,flink,C7,JAVA-C7,BandPass.Derivative.SquareMwi.Threshold.Assemble,/home/michal/github/rdb-experiment/results_20260801_K22/corpus/F2_ecg/flink/F2Ecg.java,247,"      mliiAt.put(n, in.f1);",
base,F2,flink,C7,JAVA-C7,BandPass.Derivative.SquareMwi.Threshold.Assemble,/home/michal/github/rdb-experiment/results_20260801_K22/corpus/F2_ecg/flink/F2Ecg.java,248,"      mwiAt.put(n + 3, in.f3);",
base,F2,flink,C7,JAVA-C7,BandPass.Derivative.SquareMwi.Threshold.Assemble,/home/michal/github/rdb-experiment/results_20260801_K22/corpus/F2_ecg/flink/F2Ecg.java,249,"      thrAt.put(n + 4, in.f4);",
base,F2,flink,C7,JAVA-C7,BandPass.Derivative.SquareMwi.Threshold.Assemble,/home/michal/github/rdb-experiment/results_20260801_K22/corpus/F2_ecg/flink/F2Ecg.java,250,      Integer raw = mliiAt.get(n);,
base,F2,flink,C7,JAVA-C7,BandPass.Derivative.SquareMwi.Threshold.Assemble,/home/michal/github/rdb-experiment/results_20260801_K22/corpus/F2_ecg/flink/F2Ecg.java,251,      Integer mwi = mwiAt.get(n);,
base,F2,flink,C7,JAVA-C7,BandPass.Derivative.SquareMwi.Threshold.Assemble,/home/michal/github/rdb-experiment/results_20260801_K22/corpus/F2_ecg/flink/F2Ecg.java,252,      Integer thr = thrAt.get(n);,
base,F2,flink,C7,JAVA-C7,BandPass.Derivative.SquareMwi.Threshold.Assemble,/home/michal/github/rdb-experiment/results_20260801_K22/corpus/F2_ecg/flink/F2Ecg.java,254,        return;,
base,F2,flink,C7,JAVA-C7,BandPass.Derivative.SquareMwi.Threshold.Assemble,/home/michal/github/rdb-experiment/results_20260801_K22/corpus/F2_ecg/flink/F2Ecg.java,256,"      out.collect(Tuple4.of(n, raw - 900, mwi * 5, (mwi - thr * 2) * 5));",
base,F2,flink,C7,JAVA-C7,BandPass.Derivative.SquareMwi.Threshold.Assemble,/home/michal/github/rdb-experiment/results_20260801_K22/corpus/F2_ecg/flink/F2Ecg.java,257,      mliiAt.remove(n);,
base,F2,flink,C7,JAVA-C7,BandPass.Derivative.SquareMwi.Threshold.Assemble,/home/michal/github/rdb-experiment/results_20260801_K22/corpus/F2_ecg/flink/F2Ecg.java,258,      mwiAt.remove(n);,
base,F2,flink,C7,JAVA-C7,BandPass.Derivative.SquareMwi.Threshold.Assemble,/home/michal/github/rdb-experiment/results_20260801_K22/corpus/F2_ecg/flink/F2Ecg.java,259,      thrAt.remove(n);,
base,F2,flink,C7,JAVA-C7,BandPass.Derivative.SquareMwi.Threshold.Assemble,/home/michal/github/rdb-experiment/results_20260801_K22/corpus/F2_ecg/flink/F2Ecg.java,353,"        env.addSource(new PacedSource(mlii, slots));",
base,F2,flink,C7,JAVA-C7,BandPass.Derivative.SquareMwi.Threshold.Assemble,/home/michal/github/rdb-experiment/results_20260801_K22/corpus/F2_ecg/flink/F2Ecg.java,354,    src.flatMap(new BandPass(bpCoef)),
base,F2,flink,C7,JAVA-C7,BandPass.Derivative.SquareMwi.Threshold.Assemble,/home/michal/github/rdb-experiment/results_20260801_K22/corpus/F2_ecg/flink/F2Ecg.java,355,        .flatMap(new Derivative(dCoef)),
base,F2,flink,C7,JAVA-C7,BandPass.Derivative.SquareMwi.Threshold.Assemble,/home/michal/github/rdb-experiment/results_20260801_K22/corpus/F2_ecg/flink/F2Ecg.java,356,        .flatMap(new SquareMwi()),
base,F2,flink,C7,JAVA-C7,BandPass.Derivative.SquareMwi.Threshold.Assemble,/home/michal/github/rdb-experiment/results_20260801_K22/corpus/F2_ecg/flink/F2Ecg.java,357,        .flatMap(new Threshold()),
base,F2,flink,C7,JAVA-C7,BandPass.Derivative.SquareMwi.Threshold.Assemble,/home/michal/github/rdb-experiment/results_20260801_K22/corpus/F2_ecg/flink/F2Ecg.java,358,        .flatMap(new Assemble()),
base,F2,flink,C7,JAVA-C7,BandPass.Derivative.SquareMwi.Threshold.Assemble,/home/michal/github/rdb-experiment/results_20260801_K22/corpus/F2_ecg/flink/F2Ecg.java,359,"        .addSink(new CanonicalSink(out, family, variant));",
base,F3,rql,C7,RQL-C7,rql,/home/michal/github/rdb-experiment/results_20260801_K22/corpus/F3_multirate/rql/core.rql,15,"DECLARE value INTEGER STREAM A, 1/10 FILE 'f3_a.txt'",
base,F3,rql,C4d,RQL-C4d,rql,/home/michal/github/rdb-experiment/results_20260801_K22/corpus/F3_multirate/rql/core.rql,15,"DECLARE value INTEGER STREAM A, 1/10 FILE 'f3_a.txt'",
base,F3,rql,C7,RQL-C7,rql,/home/michal/github/rdb-experiment/results_20260801_K22/corpus/F3_multirate/rql/core.rql,16,"DECLARE value INTEGER STREAM B, 1/5 FILE 'f3_b.txt'",
base,F3,rql,C4d,RQL-C4d,rql,/home/michal/github/rdb-experiment/results_20260801_K22/corpus/F3_multirate/rql/core.rql,16,"DECLARE value INTEGER STREAM B, 1/5 FILE 'f3_b.txt'",
base,F3,rql,C7,RQL-C7,rql,/home/michal/github/rdb-experiment/results_20260801_K22/corpus/F3_multirate/rql/core.rql,17,SELECT * STREAM f3_mix FROM (A>2)#(B>1),
base,F3,rql,C7,RQL-C7,rql,/home/michal/github/rdb-experiment/results_20260801_K22/corpus/F3_multirate/rql/core.rql,18,"SELECT * STREAM f3_win FROM f3_mix@(1,30)",
base,F3,rql,C3d,RQL-C3d,rql,/home/michal/github/rdb-experiment/results_20260801_K22/corpus/F3_multirate/rql/core.rql,18,"SELECT * STREAM f3_win FROM f3_mix@(1,30)",
base,F3,rql,C7,RQL-C7,rql,/home/michal/github/rdb-experiment/results_20260801_K22/corpus/F3_multirate/rql/core.rql,19,SELECT f3_win[0] STREAM f3_out FROM f3_win.avg,
base,F3,python,C5,PY-C5-CONSTANT,run,/home/michal/github/rdb-experiment/results_20260801_K22/corpus/F3_multirate/python/core.py,50,    SHIFT = 5,
base,F3,python,C4,PY-C4,run,/home/michal/github/rdb-experiment/results_20260801_K22/corpus/F3_multirate/python/core.py,59,    t0 = time.monotonic_ns(),
base,F3,python,C1,PY-C1-SLOT,run,/home/michal/github/rdb-experiment/results_20260801_K22/corpus/F3_multirate/python/core.py,60,    for r in range(slots):,
base,F3,python,C4,PY-C4,run,/home/michal/github/rdb-experiment/results_20260801_K22/corpus/F3_multirate/python/core.py,61,        deadline = t0 + r * INTERVAL_NS,
base,F3,python,C4,PY-C4,run,/home/michal/github/rdb-experiment/results_20260801_K22/corpus/F3_multirate/python/core.py,62,        now = time.monotonic_ns(),
base,F3,python,C1,PY-C1-NESTED,run,/home/michal/github/rdb-experiment/results_20260801_K22/corpus/F3_multirate/python/core.py,73,"        for k in range(WIN - 1, 0, -1):",
base,F3,python,C5,PY-C5-WARMUP,run,/home/michal/github/rdb-experiment/results_20260801_K22/corpus/F3_multirate/python/core.py,77,        if filled < WIN:,
base,F3,python,C4,PY-C4,run,/home/michal/github/rdb-experiment/results_20260801_K22/corpus/F3_multirate/python/core.py,64,            time.sleep((deadline - now) / 1e9),
base,F3,python,C2,PY-C2-STATE,run,/home/michal/github/rdb-experiment/results_20260801_K22/corpus/F3_multirate/python/core.py,57,    filled = 0,run.filled
base,F3,python,C2,PY-C2-STATE,run,/home/michal/github/rdb-experiment/results_20260801_K22/corpus/F3_multirate/python/core.py,54,    ia = 0,run.ia
base,F3,python,C2,PY-C2-STATE,run,/home/michal/github/rdb-experiment/results_20260801_K22/corpus/F3_multirate/python/core.py,55,    ib = 0,run.ib
base,F3,python,C2,PY-C2-STATE,run,/home/michal/github/rdb-experiment/results_20260801_K22/corpus/F3_multirate/python/core.py,52,    ua = 0,run.ua
base,F3,python,C2,PY-C2-STATE,run,/home/michal/github/rdb-experiment/results_20260801_K22/corpus/F3_multirate/python/core.py,53,    ub = 0,run.ub
base,F3,python,C3,PY-C3-WINDOW,run,/home/michal/github/rdb-experiment/results_20260801_K22/corpus/F3_multirate/python/core.py,56,    win = [0] * WIN,run.win
base,F3,python,C7,PY-C7,run,/home/michal/github/rdb-experiment/results_20260801_K22/corpus/F3_multirate/python/core.py,45,"def run(a_values, b_values, slots):",
base,F3,python,C7,PY-C7,run,/home/michal/github/rdb-experiment/results_20260801_K22/corpus/F3_multirate/python/core.py,46,"    """"""Zwraca listę (logical_index, wartość) dla `slots` zdarzeń scalonych.""""""",
base,F3,python,C7,PY-C7,run,/home/michal/github/rdb-experiment/results_20260801_K22/corpus/F3_multirate/python/core.py,47,    UNIT_A = 3,
base,F3,python,C7,PY-C7,run,/home/michal/github/rdb-experiment/results_20260801_K22/corpus/F3_multirate/python/core.py,48,    UNIT_B = 6,
base,F3,python,C7,PY-C7,run,/home/michal/github/rdb-experiment/results_20260801_K22/corpus/F3_multirate/python/core.py,49,    INTERVAL_NS = 66_666_667,
base,F3,python,C7,PY-C7,run,/home/michal/github/rdb-experiment/results_20260801_K22/corpus/F3_multirate/python/core.py,51,    WIN = 30,
base,F3,python,C7,PY-C7,run,/home/michal/github/rdb-experiment/results_20260801_K22/corpus/F3_multirate/python/core.py,58,    out = [],
base,F3,python,C7,PY-C7,run,/home/michal/github/rdb-experiment/results_20260801_K22/corpus/F3_multirate/python/core.py,63,        if now < deadline:,
base,F3,python,C7,PY-C7,run,/home/michal/github/rdb-experiment/results_20260801_K22/corpus/F3_multirate/python/core.py,65,        if ub <= ua:,
base,F3,python,C7,PY-C7,run,/home/michal/github/rdb-experiment/results_20260801_K22/corpus/F3_multirate/python/core.py,79,"        out.append((SHIFT + r + 1, avg(win)))",
base,F3,python,C7,PY-C7,run,/home/michal/github/rdb-experiment/results_20260801_K22/corpus/F3_multirate/python/core.py,66,            value = b_values[ib],
base,F3,python,C7,PY-C7,run,/home/michal/github/rdb-experiment/results_20260801_K22/corpus/F3_multirate/python/core.py,70,            value = a_values[ia],
base,F3,python,C7,PY-C7,run,/home/michal/github/rdb-experiment/results_20260801_K22/corpus/F3_multirate/python/core.py,74,            win[k] = win[k - 1],
base,F3,python,C7,PY-C7,run,/home/michal/github/rdb-experiment/results_20260801_K22/corpus/F3_multirate/python/core.py,78,            continue,
base,F3,flink,C5,JAVA-C5-CONSTANT,MergedSource,/home/michal/github/rdb-experiment/results_20260801_K22/corpus/F3_multirate/flink/F3Multirate.java,42,    private static final int TAIL = 5;,
base,F3,flink,C4,JAVA-C4,MergedSource,/home/michal/github/rdb-experiment/results_20260801_K22/corpus/F3_multirate/flink/F3Multirate.java,60,      long t0 = System.nanoTime();,
base,F3,flink,C1,JAVA-C1,MergedSource,/home/michal/github/rdb-experiment/results_20260801_K22/corpus/F3_multirate/flink/F3Multirate.java,61,      for (long r = 0; r < slots && running; r++) {,
base,F3,flink,C4,JAVA-C4,MergedSource,/home/michal/github/rdb-experiment/results_20260801_K22/corpus/F3_multirate/flink/F3Multirate.java,62,        long deadline = t0 + r * INTERVAL_NS;,
base,F3,flink,C4,JAVA-C4,MergedSource,/home/michal/github/rdb-experiment/results_20260801_K22/corpus/F3_multirate/flink/F3Multirate.java,63,        long now = System.nanoTime();,
base,F3,flink,C4,JAVA-C4,MergedSource,/home/michal/github/rdb-experiment/results_20260801_K22/corpus/F3_multirate/flink/F3Multirate.java,66,"          Thread.sleep(sleepNs / 1_000_000L, (int) (sleepNs % 1_000_000L));",
base,F3,flink,C1,JAVA-C1,Aggregate,/home/michal/github/rdb-experiment/results_20260801_K22/corpus/F3_multirate/flink/F3Multirate.java,105,      for (int k = WIN - 1; k > 0; k--) {,
base,F3,flink,C5,JAVA-C5-WARMUP,Aggregate,/home/michal/github/rdb-experiment/results_20260801_K22/corpus/F3_multirate/flink/F3Multirate.java,110,      if (filled < WIN) {,
base,F3,flink,C1,JAVA-C1,Aggregate,/home/michal/github/rdb-experiment/results_20260801_K22/corpus/F3_multirate/flink/F3Multirate.java,114,      for (int k = 0; k < WIN; k++) {,
base,F3,flink,C3,JAVA-C3-WINDOW,Aggregate,/home/michal/github/rdb-experiment/results_20260801_K22/corpus/F3_multirate/flink/F3Multirate.java,94,    private int[] win;,Aggregate.win
base,F3,flink,C2,JAVA-C2-STATE,Aggregate,/home/michal/github/rdb-experiment/results_20260801_K22/corpus/F3_multirate/flink/F3Multirate.java,95,    private int filled;,Aggregate.filled
base,F3,flink,C7,JAVA-C7,MergedSource,/home/michal/github/rdb-experiment/results_20260801_K22/corpus/F3_multirate/flink/F3Multirate.java,38,"  static class MergedSource extends RichSourceFunction<Tuple2<Long, Integer>> {",
base,F3,flink,C7,JAVA-C7,MergedSource,/home/michal/github/rdb-experiment/results_20260801_K22/corpus/F3_multirate/flink/F3Multirate.java,39,    private static final long INTERVAL_NS = 66_666_667L;,
base,F3,flink,C7,JAVA-C7,MergedSource,/home/michal/github/rdb-experiment/results_20260801_K22/corpus/F3_multirate/flink/F3Multirate.java,40,    private static final int UNIT_A = 3;,
base,F3,flink,C7,JAVA-C7,MergedSource,/home/michal/github/rdb-experiment/results_20260801_K22/corpus/F3_multirate/flink/F3Multirate.java,41,    private static final int UNIT_B = 6;,
base,F3,flink,C7,JAVA-C7,MergedSource,/home/michal/github/rdb-experiment/results_20260801_K22/corpus/F3_multirate/flink/F3Multirate.java,43,    private final int[] a;,
base,F3,flink,C7,JAVA-C7,MergedSource,/home/michal/github/rdb-experiment/results_20260801_K22/corpus/F3_multirate/flink/F3Multirate.java,44,    private final int[] b;,
base,F3,flink,C7,JAVA-C7,MergedSource,/home/michal/github/rdb-experiment/results_20260801_K22/corpus/F3_multirate/flink/F3Multirate.java,45,    private final long slots;,
base,F3,flink,C7,JAVA-C7,MergedSource,/home/michal/github/rdb-experiment/results_20260801_K22/corpus/F3_multirate/flink/F3Multirate.java,46,    private volatile boolean running = true;,
base,F3,flink,C7,JAVA-C7,MergedSource,/home/michal/github/rdb-experiment/results_20260801_K22/corpus/F3_multirate/flink/F3Multirate.java,49,      this.a = a;,
base,F3,flink,C7,JAVA-C7,MergedSource,/home/michal/github/rdb-experiment/results_20260801_K22/corpus/F3_multirate/flink/F3Multirate.java,50,      this.b = b;,
base,F3,flink,C7,JAVA-C7,MergedSource,/home/michal/github/rdb-experiment/results_20260801_K22/corpus/F3_multirate/flink/F3Multirate.java,51,      this.slots = slots;,
base,F3,flink,C7,JAVA-C7,MergedSource,/home/michal/github/rdb-experiment/results_20260801_K22/corpus/F3_multirate/flink/F3Multirate.java,55,"    public void run(SourceContext<Tuple2<Long, Integer>> ctx) throws Exception {",
base,F3,flink,C7,JAVA-C7,MergedSource,/home/michal/github/rdb-experiment/results_20260801_K22/corpus/F3_multirate/flink/F3Multirate.java,56,      long ua = 0;,
base,F3,flink,C7,JAVA-C7,MergedSource,/home/michal/github/rdb-experiment/results_20260801_K22/corpus/F3_multirate/flink/F3Multirate.java,57,      long ub = 0;,
base,F3,flink,C7,JAVA-C7,MergedSource,/home/michal/github/rdb-experiment/results_20260801_K22/corpus/F3_multirate/flink/F3Multirate.java,58,      int ia = 0;,
base,F3,flink,C7,JAVA-C7,MergedSource,/home/michal/github/rdb-experiment/results_20260801_K22/corpus/F3_multirate/flink/F3Multirate.java,59,      int ib = 0;,
base,F3,flink,C7,JAVA-C7,MergedSource,/home/michal/github/rdb-experiment/results_20260801_K22/corpus/F3_multirate/flink/F3Multirate.java,65,          long sleepNs = deadline - now;,
base,F3,flink,C7,JAVA-C7,MergedSource,/home/michal/github/rdb-experiment/results_20260801_K22/corpus/F3_multirate/flink/F3Multirate.java,68,        int value;,
base,F3,flink,C7,JAVA-C7,MergedSource,/home/michal/github/rdb-experiment/results_20260801_K22/corpus/F3_multirate/flink/F3Multirate.java,70,          value = b[ib];,
base,F3,flink,C7,JAVA-C7,MergedSource,/home/michal/github/rdb-experiment/results_20260801_K22/corpus/F3_multirate/flink/F3Multirate.java,71,          ib = ib + 1;,
base,F3,flink,C7,JAVA-C7,MergedSource,/home/michal/github/rdb-experiment/results_20260801_K22/corpus/F3_multirate/flink/F3Multirate.java,72,          ub = ub + UNIT_B;,
base,F3,flink,C7,JAVA-C7,MergedSource,/home/michal/github/rdb-experiment/results_20260801_K22/corpus/F3_multirate/flink/F3Multirate.java,74,          value = a[ia];,
base,F3,flink,C7,JAVA-C7,MergedSource,/home/michal/github/rdb-experiment/results_20260801_K22/corpus/F3_multirate/flink/F3Multirate.java,75,          ia = ia + 1;,
base,F3,flink,C7,JAVA-C7,MergedSource,/home/michal/github/rdb-experiment/results_20260801_K22/corpus/F3_multirate/flink/F3Multirate.java,76,          ua = ua + UNIT_A;,
base,F3,flink,C7,JAVA-C7,MergedSource,/home/michal/github/rdb-experiment/results_20260801_K22/corpus/F3_multirate/flink/F3Multirate.java,78,"        ctx.collect(Tuple2.of(TAIL + r, value));",
base,F3,flink,C7,JAVA-C7,MergedSource,/home/michal/github/rdb-experiment/results_20260801_K22/corpus/F3_multirate/flink/F3Multirate.java,83,    public void cancel() {,
base,F3,flink,C7,JAVA-C7,MergedSource,/home/michal/github/rdb-experiment/results_20260801_K22/corpus/F3_multirate/flink/F3Multirate.java,84,      running = false;,
base,F3,flink,C7,JAVA-C7,Aggregate,/home/michal/github/rdb-experiment/results_20260801_K22/corpus/F3_multirate/flink/F3Multirate.java,92,"  static class Aggregate extends RichFlatMapFunction<Tuple2<Long, Integer>, Tuple2<Long, Integer>> {",
base,F3,flink,C7,JAVA-C7,Aggregate,/home/michal/github/rdb-experiment/results_20260801_K22/corpus/F3_multirate/flink/F3Multirate.java,93,    private static final int WIN = 30;,
base,F3,flink,C7,JAVA-C7,Aggregate,/home/michal/github/rdb-experiment/results_20260801_K22/corpus/F3_multirate/flink/F3Multirate.java,98,    public void open(OpenContext ctx) {,
base,F3,flink,C7,JAVA-C7,Aggregate,/home/michal/github/rdb-experiment/results_20260801_K22/corpus/F3_multirate/flink/F3Multirate.java,99,      win = new int[WIN];,
base,F3,flink,C7,JAVA-C7,Aggregate,/home/michal/github/rdb-experiment/results_20260801_K22/corpus/F3_multirate/flink/F3Multirate.java,100,      filled = 0;,
base,F3,flink,C7,JAVA-C7,Aggregate,/home/michal/github/rdb-experiment/results_20260801_K22/corpus/F3_multirate/flink/F3Multirate.java,104,"    public void flatMap(Tuple2<Long, Integer> in, Collector<Tuple2<Long, Integer>> out) {",
base,F3,flink,C7,JAVA-C7,Aggregate,/home/michal/github/rdb-experiment/results_20260801_K22/corpus/F3_multirate/flink/F3Multirate.java,106,        win[k] = win[k - 1];,
base,F3,flink,C7,JAVA-C7,Aggregate,/home/michal/github/rdb-experiment/results_20260801_K22/corpus/F3_multirate/flink/F3Multirate.java,108,      win[0] = in.f1;,
base,F3,flink,C7,JAVA-C7,Aggregate,/home/michal/github/rdb-experiment/results_20260801_K22/corpus/F3_multirate/flink/F3Multirate.java,109,      filled = filled + 1;,
base,F3,flink,C7,JAVA-C7,Aggregate,/home/michal/github/rdb-experiment/results_20260801_K22/corpus/F3_multirate/flink/F3Multirate.java,111,        return;,
base,F3,flink,C7,JAVA-C7,Aggregate,/home/michal/github/rdb-experiment/results_20260801_K22/corpus/F3_multirate/flink/F3Multirate.java,113,      long sum = 0;,
base,F3,flink,C7,JAVA-C7,Aggregate,/home/michal/github/rdb-experiment/results_20260801_K22/corpus/F3_multirate/flink/F3Multirate.java,115,        sum += win[k];,
base,F3,flink,C7,JAVA-C7,Aggregate,/home/michal/github/rdb-experiment/results_20260801_K22/corpus/F3_multirate/flink/F3Multirate.java,117,"      out.collect(Tuple2.of(in.f0 + 1, (int) (sum / WIN)));",
base,F3,flink,C7,JAVA-C7,topology,/home/michal/github/rdb-experiment/results_20260801_K22/corpus/F3_multirate/flink/F3Multirate.java,188,"    DataStream<Tuple2<Long, Integer>> src = env.addSource(new MergedSource(a, b, slots));",
base,F3,flink,C7,JAVA-C7,topology,/home/michal/github/rdb-experiment/results_20260801_K22/corpus/F3_multirate/flink/F3Multirate.java,189,"    src.flatMap(new Aggregate()).addSink(new CanonicalSink(out, family, variant));",
M1,F1,rql,C7,RQL-C7,rql,/home/michal/github/rdb-experiment/results_20260801_K22v5/tasks/M1/F1_fir/rql/core.rql,16,"DECLARE x INTEGER STREAM src, 1/1000 FILE 'f1_source.txt'",
M1,F1,rql,C4d,RQL-C4d,rql,/home/michal/github/rdb-experiment/results_20260801_K22v5/tasks/M1/F1_fir/rql/core.rql,16,"DECLARE x INTEGER STREAM src, 1/1000 FILE 'f1_source.txt'",
M1,F1,rql,C7,RQL-C7,rql,/home/michal/github/rdb-experiment/results_20260801_K22v5/tasks/M1/F1_fir/rql/core.rql,17,"DECLARE x2 INTEGER STREAM channel2, 1/1000 FILE 'f1_source2.txt'",
M1,F1,rql,C4d,RQL-C4d,rql,/home/michal/github/rdb-experiment/results_20260801_K22v5/tasks/M1/F1_fir/rql/core.rql,17,"DECLARE x2 INTEGER STREAM channel2, 1/1000 FILE 'f1_source2.txt'",
M1,F1,rql,C7,RQL-C7,rql,/home/michal/github/rdb-experiment/results_20260801_K22v5/tasks/M1/F1_fir/rql/core.rql,18,"DECLARE c INTEGER[26] STREAM coef, 1 FILE 'f1_coef.txt'",
M1,F1,rql,C4d,RQL-C4d,rql,/home/michal/github/rdb-experiment/results_20260801_K22v5/tasks/M1/F1_fir/rql/core.rql,18,"DECLARE c INTEGER[26] STREAM coef, 1 FILE 'f1_coef.txt'",
M1,F1,rql,C7,RQL-C7,rql,/home/michal/github/rdb-experiment/results_20260801_K22v5/tasks/M1/F1_fir/rql/core.rql,19,"SELECT * STREAM win FROM src@(1,26)",
M1,F1,rql,C3d,RQL-C3d,rql,/home/michal/github/rdb-experiment/results_20260801_K22v5/tasks/M1/F1_fir/rql/core.rql,19,"SELECT * STREAM win FROM src@(1,26)",
M1,F1,rql,C7,RQL-C7,rql,/home/michal/github/rdb-experiment/results_20260801_K22v5/tasks/M1/F1_fir/rql/core.rql,20,SELECT win[_]*coef[_] STREAM acc FROM win+coef,
M1,F1,rql,C7,RQL-C7,rql,/home/michal/github/rdb-experiment/results_20260801_K22v5/tasks/M1/F1_fir/rql/core.rql,21,SELECT acc[0]/26/1000 STREAM fir FROM acc.sumc,
M1,F1,rql,C7,RQL-C7,rql,/home/michal/github/rdb-experiment/results_20260801_K22v5/tasks/M1/F1_fir/rql/core.rql,22,"SELECT fir[0], channel2[0] STREAM f1_out FROM fir+channel2",
M1,F1,python,C4,PY-C4,run,/home/michal/github/rdb-experiment/results_20260801_K22v5/tasks/M1/F1_fir/python/core.py,41,    t0 = time.monotonic_ns(),
M1,F1,python,C1,PY-C1-SLOT,run,/home/michal/github/rdb-experiment/results_20260801_K22v5/tasks/M1/F1_fir/python/core.py,42,    for n in range(slots):,
M1,F1,python,C4,PY-C4,run,/home/michal/github/rdb-experiment/results_20260801_K22v5/tasks/M1/F1_fir/python/core.py,43,        deadline = t0 + n * INTERVAL_NS,
M1,F1,python,C4,PY-C4,run,/home/michal/github/rdb-experiment/results_20260801_K22v5/tasks/M1/F1_fir/python/core.py,44,        now = time.monotonic_ns(),
M1,F1,python,C1,PY-C1-NESTED,run,/home/michal/github/rdb-experiment/results_20260801_K22v5/tasks/M1/F1_fir/python/core.py,48,"        for k in range(WIN - 1, 0, -1):",
M1,F1,python,C5,PY-C5-WARMUP,run,/home/michal/github/rdb-experiment/results_20260801_K22v5/tasks/M1/F1_fir/python/core.py,51,        if n < WIN - 1:,
M1,F1,python,C4,PY-C4,run,/home/michal/github/rdb-experiment/results_20260801_K22v5/tasks/M1/F1_fir/python/core.py,46,            time.sleep((deadline - now) / 1e9),
M1,F1,python,C3,PY-C3-WINDOW,run,/home/michal/github/rdb-experiment/results_20260801_K22v5/tasks/M1/F1_fir/python/core.py,39,    win = [0] * WIN,run.win
M1,F1,python,C7,PY-C7,run,/home/michal/github/rdb-experiment/results_20260801_K22v5/tasks/M1/F1_fir/python/core.py,35,"def run(samples, samples2, coef, slots):",
M1,F1,python,C7,PY-C7,run,/home/michal/github/rdb-experiment/results_20260801_K22v5/tasks/M1/F1_fir/python/core.py,36,"    """"""Zwraca listę (logical_index, wartość) dla `slots` slotów.""""""",
M1,F1,python,C7,PY-C7,run,/home/michal/github/rdb-experiment/results_20260801_K22v5/tasks/M1/F1_fir/python/core.py,37,    WIN = 26,
M1,F1,python,C7,PY-C7,run,/home/michal/github/rdb-experiment/results_20260801_K22v5/tasks/M1/F1_fir/python/core.py,38,    INTERVAL_NS = 1_000_000,
M1,F1,python,C7,PY-C7,run,/home/michal/github/rdb-experiment/results_20260801_K22v5/tasks/M1/F1_fir/python/core.py,40,    out = [],
M1,F1,python,C7,PY-C7,run,/home/michal/github/rdb-experiment/results_20260801_K22v5/tasks/M1/F1_fir/python/core.py,45,        if now < deadline:,
M1,F1,python,C7,PY-C7,run,/home/michal/github/rdb-experiment/results_20260801_K22v5/tasks/M1/F1_fir/python/core.py,47,        x = samples[n],
M1,F1,python,C7,PY-C7,run,/home/michal/github/rdb-experiment/results_20260801_K22v5/tasks/M1/F1_fir/python/core.py,53,"        acc = sumc([imul(win[k], coef[k]) for k in range(WIN)])",
M1,F1,python,C7,PY-C7,run,/home/michal/github/rdb-experiment/results_20260801_K22v5/tasks/M1/F1_fir/python/core.py,54,"        y = idiv(idiv(acc, WIN), 1000)",
M1,F1,python,C7,PY-C7,run,/home/michal/github/rdb-experiment/results_20260801_K22v5/tasks/M1/F1_fir/python/core.py,55,"        out.append((n + 1, [y, samples2[n + 1]]))",
M1,F1,python,C7,PY-C7,run,/home/michal/github/rdb-experiment/results_20260801_K22v5/tasks/M1/F1_fir/python/core.py,49,            win[k] = win[k - 1],
M1,F1,python,C7,PY-C7,run,/home/michal/github/rdb-experiment/results_20260801_K22v5/tasks/M1/F1_fir/python/core.py,52,            continue,
M1,F1,flink,C4,JAVA-C4,PacedSource,/home/michal/github/rdb-experiment/results_20260801_K22v5/tasks/M1/F1_fir/flink/F1Fir.java,49,      long t0 = System.nanoTime();,
M1,F1,flink,C1,JAVA-C1,PacedSource,/home/michal/github/rdb-experiment/results_20260801_K22v5/tasks/M1/F1_fir/flink/F1Fir.java,50,      for (long n = 0; n < slots && running; n++) {,
M1,F1,flink,C4,JAVA-C4,PacedSource,/home/michal/github/rdb-experiment/results_20260801_K22v5/tasks/M1/F1_fir/flink/F1Fir.java,51,        long deadline = t0 + n * INTERVAL_NS;,
M1,F1,flink,C4,JAVA-C4,PacedSource,/home/michal/github/rdb-experiment/results_20260801_K22v5/tasks/M1/F1_fir/flink/F1Fir.java,52,        long now = System.nanoTime();,
M1,F1,flink,C4,JAVA-C4,PacedSource,/home/michal/github/rdb-experiment/results_20260801_K22v5/tasks/M1/F1_fir/flink/F1Fir.java,55,"          Thread.sleep(sleepNs / 1_000_000L, (int) (sleepNs % 1_000_000L));",
M1,F1,flink,C1,JAVA-C1,Fir,/home/michal/github/rdb-experiment/results_20260801_K22v5/tasks/M1/F1_fir/flink/F1Fir.java,83,      for (int k = WIN - 1; k > 0; k--) {,
M1,F1,flink,C5,JAVA-C5-WARMUP,Fir,/home/michal/github/rdb-experiment/results_20260801_K22v5/tasks/M1/F1_fir/flink/F1Fir.java,87,      if (in.f0 < WIN - 1) {,
M1,F1,flink,C1,JAVA-C1,Fir,/home/michal/github/rdb-experiment/results_20260801_K22v5/tasks/M1/F1_fir/flink/F1Fir.java,91,      for (int k = 0; k < WIN; k++) {,
M1,F1,flink,C3,JAVA-C3-WINDOW,Fir,/home/michal/github/rdb-experiment/results_20260801_K22v5/tasks/M1/F1_fir/flink/F1Fir.java,70,    private int[] win;,Fir.win
M1,F1,flink,C7,JAVA-C7,PacedSource,/home/michal/github/rdb-experiment/results_20260801_K22v5/tasks/M1/F1_fir/flink/F1Fir.java,34,"  static class PacedSource extends RichSourceFunction<Tuple3<Long, Integer, Integer>> {",
M1,F1,flink,C7,JAVA-C7,PacedSource,/home/michal/github/rdb-experiment/results_20260801_K22v5/tasks/M1/F1_fir/flink/F1Fir.java,35,    private static final long INTERVAL_NS = 1_000_000L;,
M1,F1,flink,C7,JAVA-C7,PacedSource,/home/michal/github/rdb-experiment/results_20260801_K22v5/tasks/M1/F1_fir/flink/F1Fir.java,36,    private final int[] samples;,
M1,F1,flink,C7,JAVA-C7,PacedSource,/home/michal/github/rdb-experiment/results_20260801_K22v5/tasks/M1/F1_fir/flink/F1Fir.java,37,    private final int[] samples2;,
M1,F1,flink,C7,JAVA-C7,PacedSource,/home/michal/github/rdb-experiment/results_20260801_K22v5/tasks/M1/F1_fir/flink/F1Fir.java,38,    private final long slots;,
M1,F1,flink,C7,JAVA-C7,PacedSource,/home/michal/github/rdb-experiment/results_20260801_K22v5/tasks/M1/F1_fir/flink/F1Fir.java,39,    private volatile boolean running = true;,
M1,F1,flink,C7,JAVA-C7,PacedSource,/home/michal/github/rdb-experiment/results_20260801_K22v5/tasks/M1/F1_fir/flink/F1Fir.java,42,      this.samples = samples;,
M1,F1,flink,C7,JAVA-C7,PacedSource,/home/michal/github/rdb-experiment/results_20260801_K22v5/tasks/M1/F1_fir/flink/F1Fir.java,43,      this.samples2 = samples2;,
M1,F1,flink,C7,JAVA-C7,PacedSource,/home/michal/github/rdb-experiment/results_20260801_K22v5/tasks/M1/F1_fir/flink/F1Fir.java,44,      this.slots = slots;,
M1,F1,flink,C7,JAVA-C7,PacedSource,/home/michal/github/rdb-experiment/results_20260801_K22v5/tasks/M1/F1_fir/flink/F1Fir.java,48,"    public void run(SourceContext<Tuple3<Long, Integer, Integer>> ctx) throws Exception {",
M1,F1,flink,C7,JAVA-C7,PacedSource,/home/michal/github/rdb-experiment/results_20260801_K22v5/tasks/M1/F1_fir/flink/F1Fir.java,54,          long sleepNs = deadline - now;,
M1,F1,flink,C7,JAVA-C7,PacedSource,/home/michal/github/rdb-experiment/results_20260801_K22v5/tasks/M1/F1_fir/flink/F1Fir.java,57,"        ctx.collect(Tuple3.of(n, samples[(int) n], samples2[(int) n + 1]));",
M1,F1,flink,C7,JAVA-C7,PacedSource,/home/michal/github/rdb-experiment/results_20260801_K22v5/tasks/M1/F1_fir/flink/F1Fir.java,62,    public void cancel() {,
M1,F1,flink,C7,JAVA-C7,PacedSource,/home/michal/github/rdb-experiment/results_20260801_K22v5/tasks/M1/F1_fir/flink/F1Fir.java,63,      running = false;,
M1,F1,flink,C7,JAVA-C7,Fir,/home/michal/github/rdb-experiment/results_20260801_K22v5/tasks/M1/F1_fir/flink/F1Fir.java,67,"  static class Fir extends RichFlatMapFunction<Tuple3<Long, Integer, Integer>, Tuple3<Long, Integer, Integer>> {",
M1,F1,flink,C7,JAVA-C7,Fir,/home/michal/github/rdb-experiment/results_20260801_K22v5/tasks/M1/F1_fir/flink/F1Fir.java,68,    private static final int WIN = 26;,
M1,F1,flink,C7,JAVA-C7,Fir,/home/michal/github/rdb-experiment/results_20260801_K22v5/tasks/M1/F1_fir/flink/F1Fir.java,69,    private final int[] coef;,
M1,F1,flink,C7,JAVA-C7,Fir,/home/michal/github/rdb-experiment/results_20260801_K22v5/tasks/M1/F1_fir/flink/F1Fir.java,73,      this.coef = coef;,
M1,F1,flink,C7,JAVA-C7,Fir,/home/michal/github/rdb-experiment/results_20260801_K22v5/tasks/M1/F1_fir/flink/F1Fir.java,77,    public void open(OpenContext ctx) {,
M1,F1,flink,C7,JAVA-C7,Fir,/home/michal/github/rdb-experiment/results_20260801_K22v5/tasks/M1/F1_fir/flink/F1Fir.java,78,      win = new int[WIN];,
M1,F1,flink,C7,JAVA-C7,Fir,/home/michal/github/rdb-experiment/results_20260801_K22v5/tasks/M1/F1_fir/flink/F1Fir.java,82,"    public void flatMap(Tuple3<Long, Integer, Integer> in, Collector<Tuple3<Long, Integer, Integer>> out) {",
M1,F1,flink,C7,JAVA-C7,Fir,/home/michal/github/rdb-experiment/results_20260801_K22v5/tasks/M1/F1_fir/flink/F1Fir.java,84,        win[k] = win[k - 1];,
M1,F1,flink,C7,JAVA-C7,Fir,/home/michal/github/rdb-experiment/results_20260801_K22v5/tasks/M1/F1_fir/flink/F1Fir.java,86,      win[0] = in.f1;,
M1,F1,flink,C7,JAVA-C7,Fir,/home/michal/github/rdb-experiment/results_20260801_K22v5/tasks/M1/F1_fir/flink/F1Fir.java,88,        return;,
M1,F1,flink,C7,JAVA-C7,Fir,/home/michal/github/rdb-experiment/results_20260801_K22v5/tasks/M1/F1_fir/flink/F1Fir.java,90,      long acc = 0;,
M1,F1,flink,C7,JAVA-C7,Fir,/home/michal/github/rdb-experiment/results_20260801_K22v5/tasks/M1/F1_fir/flink/F1Fir.java,92,        acc += (long) win[k] * coef[k];,
M1,F1,flink,C7,JAVA-C7,Fir,/home/michal/github/rdb-experiment/results_20260801_K22v5/tasks/M1/F1_fir/flink/F1Fir.java,95,"        throw new ArithmeticException(""suma "" + acc + "" poza int32 -- zakres danych nie wyklucza przepelnienia"");",
M1,F1,flink,C7,JAVA-C7,Fir,/home/michal/github/rdb-experiment/results_20260801_K22v5/tasks/M1/F1_fir/flink/F1Fir.java,97,      int y = (int) acc / WIN / 1000;,
M1,F1,flink,C7,JAVA-C7,Fir,/home/michal/github/rdb-experiment/results_20260801_K22v5/tasks/M1/F1_fir/flink/F1Fir.java,98,"      out.collect(Tuple3.of(in.f0 + 1, y, in.f2));",
M1,F1,flink,C7,JAVA-C7,topology,/home/michal/github/rdb-experiment/results_20260801_K22v5/tasks/M1/F1_fir/flink/F1Fir.java,176,"    DataStream<Tuple3<Long, Integer, Integer>> src = env.addSource(new PacedSource(samples, samples2, slots));",
M1,F1,flink,C7,JAVA-C7,topology,/home/michal/github/rdb-experiment/results_20260801_K22v5/tasks/M1/F1_fir/flink/F1Fir.java,177,"    src.flatMap(new Fir(coef)).addSink(new CanonicalSink(out, family, variant));",
M1,F2,rql,C7,RQL-C7,rql,/home/michal/github/rdb-experiment/results_20260801_K22v5/tasks/M1/F2_ecg/rql/core.rql,19,"DECLARE MLII INTEGER, V1 INTEGER STREAM ecg, 1/360 FILE 'rec205'",
M1,F2,rql,C4d,RQL-C4d,rql,/home/michal/github/rdb-experiment/results_20260801_K22v5/tasks/M1/F2_ecg/rql/core.rql,19,"DECLARE MLII INTEGER, V1 INTEGER STREAM ecg, 1/360 FILE 'rec205'",
M1,F2,rql,C7,RQL-C7,rql,/home/michal/github/rdb-experiment/results_20260801_K22v5/tasks/M1/F2_ecg/rql/core.rql,20,"DECLARE bp_coef INTEGER[25] STREAM bpf, 1 FILE 'bp_coef.txt'",
M1,F2,rql,C4d,RQL-C4d,rql,/home/michal/github/rdb-experiment/results_20260801_K22v5/tasks/M1/F2_ecg/rql/core.rql,20,"DECLARE bp_coef INTEGER[25] STREAM bpf, 1 FILE 'bp_coef.txt'",
M1,F2,rql,C7,RQL-C7,rql,/home/michal/github/rdb-experiment/results_20260801_K22v5/tasks/M1/F2_ecg/rql/core.rql,21,"DECLARE d_coef INTEGER[5] STREAM df, 1 FILE 'd_coef.txt'",
M1,F2,rql,C4d,RQL-C4d,rql,/home/michal/github/rdb-experiment/results_20260801_K22v5/tasks/M1/F2_ecg/rql/core.rql,21,"DECLARE d_coef INTEGER[5] STREAM df, 1 FILE 'd_coef.txt'",
M1,F2,rql,C7,RQL-C7,rql,/home/michal/github/rdb-experiment/results_20260801_K22v5/tasks/M1/F2_ecg/rql/core.rql,23,SELECT ecg.MLII STREAM mlii FROM ecg,
M1,F2,rql,C7,RQL-C7,rql,/home/michal/github/rdb-experiment/results_20260801_K22v5/tasks/M1/F2_ecg/rql/core.rql,24,SELECT ecg.V1 STREAM v1 FROM ecg,
M1,F2,rql,C7,RQL-C7,rql,/home/michal/github/rdb-experiment/results_20260801_K22v5/tasks/M1/F2_ecg/rql/core.rql,26,"SELECT * STREAM mlii_win FROM mlii@(1,25)",
M1,F2,rql,C3d,RQL-C3d,rql,/home/michal/github/rdb-experiment/results_20260801_K22v5/tasks/M1/F2_ecg/rql/core.rql,26,"SELECT * STREAM mlii_win FROM mlii@(1,25)",
M1,F2,rql,C7,RQL-C7,rql,/home/michal/github/rdb-experiment/results_20260801_K22v5/tasks/M1/F2_ecg/rql/core.rql,27,SELECT mlii_win[_]*bpf[_] STREAM bp_acc FROM mlii_win+bpf,
M1,F2,rql,C7,RQL-C7,rql,/home/michal/github/rdb-experiment/results_20260801_K22v5/tasks/M1/F2_ecg/rql/core.rql,28,SELECT bp_acc[0]/1000 STREAM bp_out FROM bp_acc.sumc,
M1,F2,rql,C7,RQL-C7,rql,/home/michal/github/rdb-experiment/results_20260801_K22v5/tasks/M1/F2_ecg/rql/core.rql,30,"SELECT * STREAM bp_win FROM bp_out@(1,5)",
M1,F2,rql,C3d,RQL-C3d,rql,/home/michal/github/rdb-experiment/results_20260801_K22v5/tasks/M1/F2_ecg/rql/core.rql,30,"SELECT * STREAM bp_win FROM bp_out@(1,5)",
M1,F2,rql,C7,RQL-C7,rql,/home/michal/github/rdb-experiment/results_20260801_K22v5/tasks/M1/F2_ecg/rql/core.rql,31,SELECT bp_win[_]*df[_] STREAM d_acc FROM bp_win+df,
M1,F2,rql,C7,RQL-C7,rql,/home/michal/github/rdb-experiment/results_20260801_K22v5/tasks/M1/F2_ecg/rql/core.rql,32,SELECT d_acc[0] STREAM d_out FROM d_acc.sumc,
M1,F2,rql,C7,RQL-C7,rql,/home/michal/github/rdb-experiment/results_20260801_K22v5/tasks/M1/F2_ecg/rql/core.rql,34,SELECT d_out[0]*d_out[0]/1000 STREAM sq_out FROM d_out,
M1,F2,rql,C7,RQL-C7,rql,/home/michal/github/rdb-experiment/results_20260801_K22v5/tasks/M1/F2_ecg/rql/core.rql,36,"SELECT * STREAM mwi_win FROM sq_out@(1,30)",
M1,F2,rql,C3d,RQL-C3d,rql,/home/michal/github/rdb-experiment/results_20260801_K22v5/tasks/M1/F2_ecg/rql/core.rql,36,"SELECT * STREAM mwi_win FROM sq_out@(1,30)",
M1,F2,rql,C7,RQL-C7,rql,/home/michal/github/rdb-experiment/results_20260801_K22v5/tasks/M1/F2_ecg/rql/core.rql,37,SELECT mwi_win[0] STREAM mwi FROM mwi_win.avg,
M1,F2,rql,C7,RQL-C7,rql,/home/michal/github/rdb-experiment/results_20260801_K22v5/tasks/M1/F2_ecg/rql/core.rql,39,"SELECT * STREAM mwi_long FROM mwi@(1,180)",
M1,F2,rql,C3d,RQL-C3d,rql,/home/michal/github/rdb-experiment/results_20260801_K22v5/tasks/M1/F2_ecg/rql/core.rql,39,"SELECT * STREAM mwi_long FROM mwi@(1,180)",
M1,F2,rql,C7,RQL-C7,rql,/home/michal/github/rdb-experiment/results_20260801_K22v5/tasks/M1/F2_ecg/rql/core.rql,40,SELECT mwi_long[0] STREAM mwi_thr FROM mwi_long.avg,
M1,F2,rql,C7,RQL-C7,rql,/home/michal/github/rdb-experiment/results_20260801_K22v5/tasks/M1/F2_ecg/rql/core.rql,42,"SELECT mlii[0]-900, mwi[0]*5, (mwi[0]-mwi_thr[0]*2)*5, v1[0]-900 STREAM qrs_out FROM mlii+mwi+mwi_thr+v1",
M1,F2,python,C4,PY-C4,run,/home/michal/github/rdb-experiment/results_20260801_K22v5/tasks/M1/F2_ecg/python/core.py,59,    t0 = time.monotonic_ns(),
M1,F2,python,C1,PY-C1-SLOT,run,/home/michal/github/rdb-experiment/results_20260801_K22v5/tasks/M1/F2_ecg/python/core.py,60,    for n in range(slots):,
M1,F2,python,C4,PY-C4,run,/home/michal/github/rdb-experiment/results_20260801_K22v5/tasks/M1/F2_ecg/python/core.py,61,        deadline = t0 + n * INTERVAL_NS,
M1,F2,python,C4,PY-C4,run,/home/michal/github/rdb-experiment/results_20260801_K22v5/tasks/M1/F2_ecg/python/core.py,62,        now = time.monotonic_ns(),
M1,F2,python,C1,PY-C1-NESTED,run,/home/michal/github/rdb-experiment/results_20260801_K22v5/tasks/M1/F2_ecg/python/core.py,67,"        for k in range(WIN_BP - 1, 0, -1):",
M1,F2,python,C4,PY-C4,run,/home/michal/github/rdb-experiment/results_20260801_K22v5/tasks/M1/F2_ecg/python/core.py,64,            time.sleep((deadline - now) / 1e9),
M1,F2,python,C1,PY-C1-NESTED,run,/home/michal/github/rdb-experiment/results_20260801_K22v5/tasks/M1/F2_ecg/python/core.py,73,"            for k in range(WIN_D - 1, 0, -1):",
M1,F2,python,C1,PY-C1-NESTED,run,/home/michal/github/rdb-experiment/results_20260801_K22v5/tasks/M1/F2_ecg/python/core.py,80,"                for k in range(WIN_MWI - 1, 0, -1):",
M1,F2,python,C1,PY-C1-NESTED,run,/home/michal/github/rdb-experiment/results_20260801_K22v5/tasks/M1/F2_ecg/python/core.py,87,"                    for k in range(WIN_THR - 1, 0, -1):",
M1,F2,python,C2,PY-C2-STATE,run,/home/michal/github/rdb-experiment/results_20260801_K22v5/tasks/M1/F2_ecg/python/core.py,52,    cnt_bp = 0,run.cnt_bp
M1,F2,python,C2,PY-C2-STATE,run,/home/michal/github/rdb-experiment/results_20260801_K22v5/tasks/M1/F2_ecg/python/core.py,53,    cnt_d = 0,run.cnt_d
M1,F2,python,C2,PY-C2-STATE,run,/home/michal/github/rdb-experiment/results_20260801_K22v5/tasks/M1/F2_ecg/python/core.py,54,    cnt_mwi = 0,run.cnt_mwi
M1,F2,python,C2,PY-C2-STATE,run,/home/michal/github/rdb-experiment/results_20260801_K22v5/tasks/M1/F2_ecg/python/core.py,55,    cnt_thr = 0,run.cnt_thr
M1,F2,python,C2,PY-C2-STATE,run,/home/michal/github/rdb-experiment/results_20260801_K22v5/tasks/M1/F2_ecg/python/core.py,56,    mwi_at = {},run.mwi_at
M1,F2,python,C2,PY-C2-STATE,run,/home/michal/github/rdb-experiment/results_20260801_K22v5/tasks/M1/F2_ecg/python/core.py,57,    thr_at = {},run.thr_at
M1,F2,python,C3,PY-C3-WINDOW,run,/home/michal/github/rdb-experiment/results_20260801_K22v5/tasks/M1/F2_ecg/python/core.py,48,    win_bp = [0] * WIN_BP,run.win_bp
M1,F2,python,C3,PY-C3-WINDOW,run,/home/michal/github/rdb-experiment/results_20260801_K22v5/tasks/M1/F2_ecg/python/core.py,49,    win_d = [0] * WIN_D,run.win_d
M1,F2,python,C3,PY-C3-WINDOW,run,/home/michal/github/rdb-experiment/results_20260801_K22v5/tasks/M1/F2_ecg/python/core.py,50,    win_mwi = [0] * WIN_MWI,run.win_mwi
M1,F2,python,C3,PY-C3-WINDOW,run,/home/michal/github/rdb-experiment/results_20260801_K22v5/tasks/M1/F2_ecg/python/core.py,51,    win_thr = [0] * WIN_THR,run.win_thr
M1,F2,python,C7,PY-C7,run,/home/michal/github/rdb-experiment/results_20260801_K22v5/tasks/M1/F2_ecg/python/core.py,41,"def run(mlii, v1, bp_coef, d_coef, slots):",
M1,F2,python,C7,PY-C7,run,/home/michal/github/rdb-experiment/results_20260801_K22v5/tasks/M1/F2_ecg/python/core.py,42,"    """"""Zwraca listę (logical_index, [pole0, pole1, pole2, pole3]).""""""",
M1,F2,python,C7,PY-C7,run,/home/michal/github/rdb-experiment/results_20260801_K22v5/tasks/M1/F2_ecg/python/core.py,43,    WIN_BP = 25,
M1,F2,python,C7,PY-C7,run,/home/michal/github/rdb-experiment/results_20260801_K22v5/tasks/M1/F2_ecg/python/core.py,44,    WIN_D = 5,
M1,F2,python,C7,PY-C7,run,/home/michal/github/rdb-experiment/results_20260801_K22v5/tasks/M1/F2_ecg/python/core.py,45,    WIN_MWI = 30,
M1,F2,python,C7,PY-C7,run,/home/michal/github/rdb-experiment/results_20260801_K22v5/tasks/M1/F2_ecg/python/core.py,46,    WIN_THR = 180,
M1,F2,python,C7,PY-C7,run,/home/michal/github/rdb-experiment/results_20260801_K22v5/tasks/M1/F2_ecg/python/core.py,47,    INTERVAL_NS = 2_777_778,
M1,F2,python,C7,PY-C7,run,/home/michal/github/rdb-experiment/results_20260801_K22v5/tasks/M1/F2_ecg/python/core.py,58,    out = [],
M1,F2,python,C7,PY-C7,run,/home/michal/github/rdb-experiment/results_20260801_K22v5/tasks/M1/F2_ecg/python/core.py,63,        if now < deadline:,
M1,F2,python,C7,PY-C7,run,/home/michal/github/rdb-experiment/results_20260801_K22v5/tasks/M1/F2_ecg/python/core.py,65,        x = mlii[n],
M1,F2,python,C7,PY-C7,run,/home/michal/github/rdb-experiment/results_20260801_K22v5/tasks/M1/F2_ecg/python/core.py,71,        if cnt_bp >= WIN_BP:,
M1,F2,python,C7,PY-C7,run,/home/michal/github/rdb-experiment/results_20260801_K22v5/tasks/M1/F2_ecg/python/core.py,94,        if n in mwi_at and n in thr_at:,
M1,F2,python,C7,PY-C7,run,/home/michal/github/rdb-experiment/results_20260801_K22v5/tasks/M1/F2_ecg/python/core.py,68,            win_bp[k] = win_bp[k - 1],
M1,F2,python,C7,PY-C7,run,/home/michal/github/rdb-experiment/results_20260801_K22v5/tasks/M1/F2_ecg/python/core.py,72,"            bp = idiv(sumc([imul(win_bp[k], bp_coef[k]) for k in range(WIN_BP)]), 1000)",
M1,F2,python,C7,PY-C7,run,/home/michal/github/rdb-experiment/results_20260801_K22v5/tasks/M1/F2_ecg/python/core.py,77,            if cnt_d >= WIN_D:,
M1,F2,python,C7,PY-C7,run,/home/michal/github/rdb-experiment/results_20260801_K22v5/tasks/M1/F2_ecg/python/core.py,95,            m = mwi_at[n],
M1,F2,python,C7,PY-C7,run,/home/michal/github/rdb-experiment/results_20260801_K22v5/tasks/M1/F2_ecg/python/core.py,96,            t = thr_at[n],
M1,F2,python,C7,PY-C7,run,/home/michal/github/rdb-experiment/results_20260801_K22v5/tasks/M1/F2_ecg/python/core.py,97,"            out.append((n, [isub(x, 900), imul(m, 5), imul(isub(m, imul(t, 2)), 5),",
M1,F2,python,C7,PY-C7,run,/home/michal/github/rdb-experiment/results_20260801_K22v5/tasks/M1/F2_ecg/python/core.py,74,                win_d[k] = win_d[k - 1],
M1,F2,python,C7,PY-C7,run,/home/michal/github/rdb-experiment/results_20260801_K22v5/tasks/M1/F2_ecg/python/core.py,78,"                d = sumc([imul(win_d[k], d_coef[k]) for k in range(WIN_D)])",
M1,F2,python,C7,PY-C7,run,/home/michal/github/rdb-experiment/results_20260801_K22v5/tasks/M1/F2_ecg/python/core.py,79,"                sq = idiv(imul(d, d), 1000)",
M1,F2,python,C7,PY-C7,run,/home/michal/github/rdb-experiment/results_20260801_K22v5/tasks/M1/F2_ecg/python/core.py,84,                if cnt_mwi >= WIN_MWI:,
M1,F2,python,C7,PY-C7,run,/home/michal/github/rdb-experiment/results_20260801_K22v5/tasks/M1/F2_ecg/python/core.py,81,                    win_mwi[k] = win_mwi[k - 1],
M1,F2,python,C7,PY-C7,run,/home/michal/github/rdb-experiment/results_20260801_K22v5/tasks/M1/F2_ecg/python/core.py,85,                    mwi = avg(win_mwi),
M1,F2,python,C7,PY-C7,run,/home/michal/github/rdb-experiment/results_20260801_K22v5/tasks/M1/F2_ecg/python/core.py,91,                    if cnt_thr >= WIN_THR:,
M1,F2,python,C7,PY-C7,run,/home/michal/github/rdb-experiment/results_20260801_K22v5/tasks/M1/F2_ecg/python/core.py,88,                        win_thr[k] = win_thr[k - 1],
M1,F2,flink,C4,JAVA-C4,PacedSource,/home/michal/github/rdb-experiment/results_20260801_K22v5/tasks/M1/F2_ecg/flink/F2Ecg.java,65,      long t0 = System.nanoTime();,
M1,F2,flink,C1,JAVA-C1,PacedSource,/home/michal/github/rdb-experiment/results_20260801_K22v5/tasks/M1/F2_ecg/flink/F2Ecg.java,66,      for (long n = 0; n < slots && running; n++) {,
M1,F2,flink,C4,JAVA-C4,PacedSource,/home/michal/github/rdb-experiment/results_20260801_K22v5/tasks/M1/F2_ecg/flink/F2Ecg.java,67,        long deadline = t0 + n * INTERVAL_NS;,
M1,F2,flink,C4,JAVA-C4,PacedSource,/home/michal/github/rdb-experiment/results_20260801_K22v5/tasks/M1/F2_ecg/flink/F2Ecg.java,68,        long now = System.nanoTime();,
M1,F2,flink,C4,JAVA-C4,PacedSource,/home/michal/github/rdb-experiment/results_20260801_K22v5/tasks/M1/F2_ecg/flink/F2Ecg.java,71,"          Thread.sleep(sleepNs / 1_000_000L, (int) (sleepNs % 1_000_000L));",
M1,F2,flink,C1,JAVA-C1,BandPass,/home/michal/github/rdb-experiment/results_20260801_K22v5/tasks/M1/F2_ecg/flink/F2Ecg.java,105,      for (int k = WIN - 1; k > 0; k--) {,
M1,F2,flink,C5,JAVA-C5-WARMUP,BandPass,/home/michal/github/rdb-experiment/results_20260801_K22v5/tasks/M1/F2_ecg/flink/F2Ecg.java,110,      if (filled < WIN) {,
M1,F2,flink,C1,JAVA-C1,BandPass,/home/michal/github/rdb-experiment/results_20260801_K22v5/tasks/M1/F2_ecg/flink/F2Ecg.java,114,      for (int k = 0; k < WIN; k++) {,
M1,F2,flink,C1,JAVA-C1,BandPass.Derivative,/home/michal/github/rdb-experiment/results_20260801_K22v5/tasks/M1/F2_ecg/flink/F2Ecg.java,142,      for (int k = WIN - 1; k > 0; k--) {,
M1,F2,flink,C5,JAVA-C5-WARMUP,BandPass.Derivative,/home/michal/github/rdb-experiment/results_20260801_K22v5/tasks/M1/F2_ecg/flink/F2Ecg.java,147,      if (filled < WIN) {,
M1,F2,flink,C1,JAVA-C1,BandPass.Derivative,/home/michal/github/rdb-experiment/results_20260801_K22v5/tasks/M1/F2_ecg/flink/F2Ecg.java,151,      for (int k = 0; k < WIN; k++) {,
M1,F2,flink,C1,JAVA-C1,BandPass.Derivative.SquareMwi,/home/michal/github/rdb-experiment/results_20260801_K22v5/tasks/M1/F2_ecg/flink/F2Ecg.java,176,      for (int k = WIN - 1; k > 0; k--) {,
M1,F2,flink,C5,JAVA-C5-WARMUP,BandPass.Derivative.SquareMwi,/home/michal/github/rdb-experiment/results_20260801_K22v5/tasks/M1/F2_ecg/flink/F2Ecg.java,181,      if (filled < WIN) {,
M1,F2,flink,C1,JAVA-C1,BandPass.Derivative.SquareMwi,/home/michal/github/rdb-experiment/results_20260801_K22v5/tasks/M1/F2_ecg/flink/F2Ecg.java,185,      for (int k = 0; k < WIN; k++) {,
M1,F2,flink,C1,JAVA-C1,BandPass.Derivative.SquareMwi.Threshold,/home/michal/github/rdb-experiment/results_20260801_K22v5/tasks/M1/F2_ecg/flink/F2Ecg.java,208,      for (int k = WIN - 1; k > 0; k--) {,
M1,F2,flink,C5,JAVA-C5-WARMUP,BandPass.Derivative.SquareMwi.Threshold,/home/michal/github/rdb-experiment/results_20260801_K22v5/tasks/M1/F2_ecg/flink/F2Ecg.java,213,      if (filled < WIN) {,
M1,F2,flink,C1,JAVA-C1,BandPass.Derivative.SquareMwi.Threshold,/home/michal/github/rdb-experiment/results_20260801_K22v5/tasks/M1/F2_ecg/flink/F2Ecg.java,217,      for (int k = 0; k < WIN; k++) {,
M1,F2,flink,C3,JAVA-C3-WINDOW,BandPass,/home/michal/github/rdb-experiment/results_20260801_K22v5/tasks/M1/F2_ecg/flink/F2Ecg.java,89,    private int[] win;,BandPass.win
M1,F2,flink,C2,JAVA-C2-STATE,BandPass,/home/michal/github/rdb-experiment/results_20260801_K22v5/tasks/M1/F2_ecg/flink/F2Ecg.java,90,    private int filled;,BandPass.filled
M1,F2,flink,C3,JAVA-C3-WINDOW,BandPass.Derivative,/home/michal/github/rdb-experiment/results_20260801_K22v5/tasks/M1/F2_ecg/flink/F2Ecg.java,126,    private int[] win;,BandPass.Derivative.win
M1,F2,flink,C2,JAVA-C2-STATE,BandPass.Derivative,/home/michal/github/rdb-experiment/results_20260801_K22v5/tasks/M1/F2_ecg/flink/F2Ecg.java,127,    private int filled;,BandPass.Derivative.filled
M1,F2,flink,C3,JAVA-C3-WINDOW,BandPass.Derivative.SquareMwi,/home/michal/github/rdb-experiment/results_20260801_K22v5/tasks/M1/F2_ecg/flink/F2Ecg.java,162,    private int[] win;,BandPass.Derivative.SquareMwi.win
M1,F2,flink,C2,JAVA-C2-STATE,BandPass.Derivative.SquareMwi,/home/michal/github/rdb-experiment/results_20260801_K22v5/tasks/M1/F2_ecg/flink/F2Ecg.java,163,    private int filled;,BandPass.Derivative.SquareMwi.filled
M1,F2,flink,C3,JAVA-C3-WINDOW,BandPass.Derivative.SquareMwi.Threshold,/home/michal/github/rdb-experiment/results_20260801_K22v5/tasks/M1/F2_ecg/flink/F2Ecg.java,196,    private int[] win;,BandPass.Derivative.SquareMwi.Threshold.win
M1,F2,flink,C2,JAVA-C2-STATE,BandPass.Derivative.SquareMwi.Threshold,/home/michal/github/rdb-experiment/results_20260801_K22v5/tasks/M1/F2_ecg/flink/F2Ecg.java,197,    private int filled;,BandPass.Derivative.SquareMwi.Threshold.filled
M1,F2,flink,C2,JAVA-C2-STATE,BandPass.Derivative.SquareMwi.Threshold.Assemble,/home/michal/github/rdb-experiment/results_20260801_K22v5/tasks/M1/F2_ecg/flink/F2Ecg.java,238,"    private Map<Long, Integer> mliiAt;",BandPass.Derivative.SquareMwi.Threshold.Assemble.mliiAt
M1,F2,flink,C2,JAVA-C2-STATE,BandPass.Derivative.SquareMwi.Threshold.Assemble,/home/michal/github/rdb-experiment/results_20260801_K22v5/tasks/M1/F2_ecg/flink/F2Ecg.java,239,"    private Map<Long, Integer> mwiAt;",BandPass.Derivative.SquareMwi.Threshold.Assemble.mwiAt
M1,F2,flink,C2,JAVA-C2-STATE,BandPass.Derivative.SquareMwi.Threshold.Assemble,/home/michal/github/rdb-experiment/results_20260801_K22v5/tasks/M1/F2_ecg/flink/F2Ecg.java,240,"    private Map<Long, Integer> thrAt;",BandPass.Derivative.SquareMwi.Threshold.Assemble.thrAt
M1,F2,flink,C7,JAVA-C7,PacedSource,/home/michal/github/rdb-experiment/results_20260801_K22v5/tasks/M1/F2_ecg/flink/F2Ecg.java,52,"  static class PacedSource extends RichSourceFunction<Tuple5<Long, Integer, Integer, Integer, Integer>> {",
M1,F2,flink,C7,JAVA-C7,PacedSource,/home/michal/github/rdb-experiment/results_20260801_K22v5/tasks/M1/F2_ecg/flink/F2Ecg.java,53,    private static final long INTERVAL_NS = 2_777_778L;,
M1,F2,flink,C7,JAVA-C7,PacedSource,/home/michal/github/rdb-experiment/results_20260801_K22v5/tasks/M1/F2_ecg/flink/F2Ecg.java,54,    private final int[] mlii;,
M1,F2,flink,C7,JAVA-C7,PacedSource,/home/michal/github/rdb-experiment/results_20260801_K22v5/tasks/M1/F2_ecg/flink/F2Ecg.java,55,    private final long slots;,
M1,F2,flink,C7,JAVA-C7,PacedSource,/home/michal/github/rdb-experiment/results_20260801_K22v5/tasks/M1/F2_ecg/flink/F2Ecg.java,56,    private volatile boolean running = true;,
M1,F2,flink,C7,JAVA-C7,PacedSource,/home/michal/github/rdb-experiment/results_20260801_K22v5/tasks/M1/F2_ecg/flink/F2Ecg.java,59,      this.mlii = mlii;,
M1,F2,flink,C7,JAVA-C7,PacedSource,/home/michal/github/rdb-experiment/results_20260801_K22v5/tasks/M1/F2_ecg/flink/F2Ecg.java,60,      this.slots = slots;,
M1,F2,flink,C7,JAVA-C7,PacedSource,/home/michal/github/rdb-experiment/results_20260801_K22v5/tasks/M1/F2_ecg/flink/F2Ecg.java,64,"    public void run(SourceContext<Tuple5<Long, Integer, Integer, Integer, Integer>> ctx) throws Exception {",
M1,F2,flink,C7,JAVA-C7,PacedSource,/home/michal/github/rdb-experiment/results_20260801_K22v5/tasks/M1/F2_ecg/flink/F2Ecg.java,70,          long sleepNs = deadline - now;,
M1,F2,flink,C7,JAVA-C7,PacedSource,/home/michal/github/rdb-experiment/results_20260801_K22v5/tasks/M1/F2_ecg/flink/F2Ecg.java,73,        int x = mlii[(int) n];,
M1,F2,flink,C7,JAVA-C7,PacedSource,/home/michal/github/rdb-experiment/results_20260801_K22v5/tasks/M1/F2_ecg/flink/F2Ecg.java,74,"        ctx.collect(Tuple5.of(n, x, x, 0, 0));",
M1,F2,flink,C7,JAVA-C7,PacedSource,/home/michal/github/rdb-experiment/results_20260801_K22v5/tasks/M1/F2_ecg/flink/F2Ecg.java,79,    public void cancel() {,
M1,F2,flink,C7,JAVA-C7,PacedSource,/home/michal/github/rdb-experiment/results_20260801_K22v5/tasks/M1/F2_ecg/flink/F2Ecg.java,80,      running = false;,
M1,F2,flink,C7,JAVA-C7,BandPass,/home/michal/github/rdb-experiment/results_20260801_K22v5/tasks/M1/F2_ecg/flink/F2Ecg.java,85,"  static class BandPass extends RichFlatMapFunction<Tuple5<Long, Integer, Integer, Integer, Integer>,",
M1,F2,flink,C7,JAVA-C7,BandPass,/home/michal/github/rdb-experiment/results_20260801_K22v5/tasks/M1/F2_ecg/flink/F2Ecg.java,87,    private static final int WIN = 25;,
M1,F2,flink,C7,JAVA-C7,BandPass,/home/michal/github/rdb-experiment/results_20260801_K22v5/tasks/M1/F2_ecg/flink/F2Ecg.java,88,    private final int[] coef;,
M1,F2,flink,C7,JAVA-C7,BandPass,/home/michal/github/rdb-experiment/results_20260801_K22v5/tasks/M1/F2_ecg/flink/F2Ecg.java,93,      this.coef = coef;,
M1,F2,flink,C7,JAVA-C7,BandPass,/home/michal/github/rdb-experiment/results_20260801_K22v5/tasks/M1/F2_ecg/flink/F2Ecg.java,97,    public void open(OpenContext ctx) {,
M1,F2,flink,C7,JAVA-C7,BandPass,/home/michal/github/rdb-experiment/results_20260801_K22v5/tasks/M1/F2_ecg/flink/F2Ecg.java,98,      win = new int[WIN];,
M1,F2,flink,C7,JAVA-C7,BandPass,/home/michal/github/rdb-experiment/results_20260801_K22v5/tasks/M1/F2_ecg/flink/F2Ecg.java,99,      filled = 0;,
M1,F2,flink,C7,JAVA-C7,BandPass,/home/michal/github/rdb-experiment/results_20260801_K22v5/tasks/M1/F2_ecg/flink/F2Ecg.java,103,"    public void flatMap(Tuple5<Long, Integer, Integer, Integer, Integer> in,",
M1,F2,flink,C7,JAVA-C7,BandPass,/home/michal/github/rdb-experiment/results_20260801_K22v5/tasks/M1/F2_ecg/flink/F2Ecg.java,106,        win[k] = win[k - 1];,
M1,F2,flink,C7,JAVA-C7,BandPass,/home/michal/github/rdb-experiment/results_20260801_K22v5/tasks/M1/F2_ecg/flink/F2Ecg.java,108,      win[0] = in.f1;,
M1,F2,flink,C7,JAVA-C7,BandPass,/home/michal/github/rdb-experiment/results_20260801_K22v5/tasks/M1/F2_ecg/flink/F2Ecg.java,109,      filled = filled + 1;,
M1,F2,flink,C7,JAVA-C7,BandPass,/home/michal/github/rdb-experiment/results_20260801_K22v5/tasks/M1/F2_ecg/flink/F2Ecg.java,111,        return;,
M1,F2,flink,C7,JAVA-C7,BandPass,/home/michal/github/rdb-experiment/results_20260801_K22v5/tasks/M1/F2_ecg/flink/F2Ecg.java,113,      long acc = 0;,
M1,F2,flink,C7,JAVA-C7,BandPass,/home/michal/github/rdb-experiment/results_20260801_K22v5/tasks/M1/F2_ecg/flink/F2Ecg.java,115,        acc += (long) win[k] * coef[k];,
M1,F2,flink,C7,JAVA-C7,BandPass,/home/michal/github/rdb-experiment/results_20260801_K22v5/tasks/M1/F2_ecg/flink/F2Ecg.java,117,"      out.collect(Tuple5.of(in.f0, in.f1, truncDiv(acc, 1000), 0, 0));",
M1,F2,flink,C7,JAVA-C7,BandPass.Derivative,/home/michal/github/rdb-experiment/results_20260801_K22v5/tasks/M1/F2_ecg/flink/F2Ecg.java,122,"  static class Derivative extends RichFlatMapFunction<Tuple5<Long, Integer, Integer, Integer, Integer>,",
M1,F2,flink,C7,JAVA-C7,BandPass.Derivative,/home/michal/github/rdb-experiment/results_20260801_K22v5/tasks/M1/F2_ecg/flink/F2Ecg.java,124,    private static final int WIN = 5;,
M1,F2,flink,C7,JAVA-C7,BandPass.Derivative,/home/michal/github/rdb-experiment/results_20260801_K22v5/tasks/M1/F2_ecg/flink/F2Ecg.java,125,    private final int[] coef;,
M1,F2,flink,C7,JAVA-C7,BandPass.Derivative,/home/michal/github/rdb-experiment/results_20260801_K22v5/tasks/M1/F2_ecg/flink/F2Ecg.java,130,      this.coef = coef;,
M1,F2,flink,C7,JAVA-C7,BandPass.Derivative,/home/michal/github/rdb-experiment/results_20260801_K22v5/tasks/M1/F2_ecg/flink/F2Ecg.java,134,    public void open(OpenContext ctx) {,
M1,F2,flink,C7,JAVA-C7,BandPass.Derivative,/home/michal/github/rdb-experiment/results_20260801_K22v5/tasks/M1/F2_ecg/flink/F2Ecg.java,135,      win = new int[WIN];,
M1,F2,flink,C7,JAVA-C7,BandPass.Derivative,/home/michal/github/rdb-experiment/results_20260801_K22v5/tasks/M1/F2_ecg/flink/F2Ecg.java,136,      filled = 0;,
M1,F2,flink,C7,JAVA-C7,BandPass.Derivative,/home/michal/github/rdb-experiment/results_20260801_K22v5/tasks/M1/F2_ecg/flink/F2Ecg.java,140,"    public void flatMap(Tuple5<Long, Integer, Integer, Integer, Integer> in,",
M1,F2,flink,C7,JAVA-C7,BandPass.Derivative,/home/michal/github/rdb-experiment/results_20260801_K22v5/tasks/M1/F2_ecg/flink/F2Ecg.java,143,        win[k] = win[k - 1];,
M1,F2,flink,C7,JAVA-C7,BandPass.Derivative,/home/michal/github/rdb-experiment/results_20260801_K22v5/tasks/M1/F2_ecg/flink/F2Ecg.java,145,      win[0] = in.f2;,
M1,F2,flink,C7,JAVA-C7,BandPass.Derivative,/home/michal/github/rdb-experiment/results_20260801_K22v5/tasks/M1/F2_ecg/flink/F2Ecg.java,146,      filled = filled + 1;,
M1,F2,flink,C7,JAVA-C7,BandPass.Derivative,/home/michal/github/rdb-experiment/results_20260801_K22v5/tasks/M1/F2_ecg/flink/F2Ecg.java,148,        return;,
M1,F2,flink,C7,JAVA-C7,BandPass.Derivative,/home/michal/github/rdb-experiment/results_20260801_K22v5/tasks/M1/F2_ecg/flink/F2Ecg.java,150,      long acc = 0;,
M1,F2,flink,C7,JAVA-C7,BandPass.Derivative,/home/michal/github/rdb-experiment/results_20260801_K22v5/tasks/M1/F2_ecg/flink/F2Ecg.java,152,        acc += (long) win[k] * coef[k];,
M1,F2,flink,C7,JAVA-C7,BandPass.Derivative,/home/michal/github/rdb-experiment/results_20260801_K22v5/tasks/M1/F2_ecg/flink/F2Ecg.java,154,"      out.collect(Tuple5.of(in.f0, in.f1, truncDiv(acc, 1), 0, 0));",
M1,F2,flink,C7,JAVA-C7,BandPass.Derivative.SquareMwi,/home/michal/github/rdb-experiment/results_20260801_K22v5/tasks/M1/F2_ecg/flink/F2Ecg.java,159,"  static class SquareMwi extends RichFlatMapFunction<Tuple5<Long, Integer, Integer, Integer, Integer>,",
M1,F2,flink,C7,JAVA-C7,BandPass.Derivative.SquareMwi,/home/michal/github/rdb-experiment/results_20260801_K22v5/tasks/M1/F2_ecg/flink/F2Ecg.java,161,    private static final int WIN = 30;,
M1,F2,flink,C7,JAVA-C7,BandPass.Derivative.SquareMwi,/home/michal/github/rdb-experiment/results_20260801_K22v5/tasks/M1/F2_ecg/flink/F2Ecg.java,166,    public void open(OpenContext ctx) {,
M1,F2,flink,C7,JAVA-C7,BandPass.Derivative.SquareMwi,/home/michal/github/rdb-experiment/results_20260801_K22v5/tasks/M1/F2_ecg/flink/F2Ecg.java,167,      win = new int[WIN];,
M1,F2,flink,C7,JAVA-C7,BandPass.Derivative.SquareMwi,/home/michal/github/rdb-experiment/results_20260801_K22v5/tasks/M1/F2_ecg/flink/F2Ecg.java,168,      filled = 0;,
M1,F2,flink,C7,JAVA-C7,BandPass.Derivative.SquareMwi,/home/michal/github/rdb-experiment/results_20260801_K22v5/tasks/M1/F2_ecg/flink/F2Ecg.java,172,"    public void flatMap(Tuple5<Long, Integer, Integer, Integer, Integer> in,",
M1,F2,flink,C7,JAVA-C7,BandPass.Derivative.SquareMwi,/home/michal/github/rdb-experiment/results_20260801_K22v5/tasks/M1/F2_ecg/flink/F2Ecg.java,174,      long d = in.f2;,
M1,F2,flink,C7,JAVA-C7,BandPass.Derivative.SquareMwi,/home/michal/github/rdb-experiment/results_20260801_K22v5/tasks/M1/F2_ecg/flink/F2Ecg.java,175,"      int sq = truncDiv(d * d, 1000);",
M1,F2,flink,C7,JAVA-C7,BandPass.Derivative.SquareMwi,/home/michal/github/rdb-experiment/results_20260801_K22v5/tasks/M1/F2_ecg/flink/F2Ecg.java,177,        win[k] = win[k - 1];,
M1,F2,flink,C7,JAVA-C7,BandPass.Derivative.SquareMwi,/home/michal/github/rdb-experiment/results_20260801_K22v5/tasks/M1/F2_ecg/flink/F2Ecg.java,179,      win[0] = sq;,
M1,F2,flink,C7,JAVA-C7,BandPass.Derivative.SquareMwi,/home/michal/github/rdb-experiment/results_20260801_K22v5/tasks/M1/F2_ecg/flink/F2Ecg.java,180,      filled = filled + 1;,
M1,F2,flink,C7,JAVA-C7,BandPass.Derivative.SquareMwi,/home/michal/github/rdb-experiment/results_20260801_K22v5/tasks/M1/F2_ecg/flink/F2Ecg.java,182,        return;,
M1,F2,flink,C7,JAVA-C7,BandPass.Derivative.SquareMwi,/home/michal/github/rdb-experiment/results_20260801_K22v5/tasks/M1/F2_ecg/flink/F2Ecg.java,184,      long sum = 0;,
M1,F2,flink,C7,JAVA-C7,BandPass.Derivative.SquareMwi,/home/michal/github/rdb-experiment/results_20260801_K22v5/tasks/M1/F2_ecg/flink/F2Ecg.java,186,        sum += win[k];,
M1,F2,flink,C7,JAVA-C7,BandPass.Derivative.SquareMwi,/home/michal/github/rdb-experiment/results_20260801_K22v5/tasks/M1/F2_ecg/flink/F2Ecg.java,188,"      out.collect(Tuple5.of(in.f0, in.f1, sq, truncDiv(sum, WIN), 0));",
M1,F2,flink,C7,JAVA-C7,BandPass.Derivative.SquareMwi.Threshold,/home/michal/github/rdb-experiment/results_20260801_K22v5/tasks/M1/F2_ecg/flink/F2Ecg.java,193,"  static class Threshold extends RichFlatMapFunction<Tuple5<Long, Integer, Integer, Integer, Integer>,",
M1,F2,flink,C7,JAVA-C7,BandPass.Derivative.SquareMwi.Threshold,/home/michal/github/rdb-experiment/results_20260801_K22v5/tasks/M1/F2_ecg/flink/F2Ecg.java,195,    private static final int WIN = 180;,
M1,F2,flink,C7,JAVA-C7,BandPass.Derivative.SquareMwi.Threshold,/home/michal/github/rdb-experiment/results_20260801_K22v5/tasks/M1/F2_ecg/flink/F2Ecg.java,200,    public void open(OpenContext ctx) {,
M1,F2,flink,C7,JAVA-C7,BandPass.Derivative.SquareMwi.Threshold,/home/michal/github/rdb-experiment/results_20260801_K22v5/tasks/M1/F2_ecg/flink/F2Ecg.java,201,      win = new int[WIN];,
M1,F2,flink,C7,JAVA-C7,BandPass.Derivative.SquareMwi.Threshold,/home/michal/github/rdb-experiment/results_20260801_K22v5/tasks/M1/F2_ecg/flink/F2Ecg.java,202,      filled = 0;,
M1,F2,flink,C7,JAVA-C7,BandPass.Derivative.SquareMwi.Threshold,/home/michal/github/rdb-experiment/results_20260801_K22v5/tasks/M1/F2_ecg/flink/F2Ecg.java,206,"    public void flatMap(Tuple5<Long, Integer, Integer, Integer, Integer> in,",
M1,F2,flink,C7,JAVA-C7,BandPass.Derivative.SquareMwi.Threshold,/home/michal/github/rdb-experiment/results_20260801_K22v5/tasks/M1/F2_ecg/flink/F2Ecg.java,209,        win[k] = win[k - 1];,
M1,F2,flink,C7,JAVA-C7,BandPass.Derivative.SquareMwi.Threshold,/home/michal/github/rdb-experiment/results_20260801_K22v5/tasks/M1/F2_ecg/flink/F2Ecg.java,211,      win[0] = in.f3;,
M1,F2,flink,C7,JAVA-C7,BandPass.Derivative.SquareMwi.Threshold,/home/michal/github/rdb-experiment/results_20260801_K22v5/tasks/M1/F2_ecg/flink/F2Ecg.java,212,      filled = filled + 1;,
M1,F2,flink,C7,JAVA-C7,BandPass.Derivative.SquareMwi.Threshold,/home/michal/github/rdb-experiment/results_20260801_K22v5/tasks/M1/F2_ecg/flink/F2Ecg.java,214,        return;,
M1,F2,flink,C7,JAVA-C7,BandPass.Derivative.SquareMwi.Threshold,/home/michal/github/rdb-experiment/results_20260801_K22v5/tasks/M1/F2_ecg/flink/F2Ecg.java,216,      long sum = 0;,
M1,F2,flink,C7,JAVA-C7,BandPass.Derivative.SquareMwi.Threshold,/home/michal/github/rdb-experiment/results_20260801_K22v5/tasks/M1/F2_ecg/flink/F2Ecg.java,218,        sum += win[k];,
M1,F2,flink,C7,JAVA-C7,BandPass.Derivative.SquareMwi.Threshold,/home/michal/github/rdb-experiment/results_20260801_K22v5/tasks/M1/F2_ecg/flink/F2Ecg.java,220,"      out.collect(Tuple5.of(in.f0, in.f1, in.f2, in.f3, truncDiv(sum, WIN)));",
M1,F2,flink,C7,JAVA-C7,BandPass.Derivative.SquareMwi.Threshold.Assemble,/home/michal/github/rdb-experiment/results_20260801_K22v5/tasks/M1/F2_ecg/flink/F2Ecg.java,230,"  static class Assemble extends RichFlatMapFunction<Tuple5<Long, Integer, Integer, Integer, Integer>,",
M1,F2,flink,C7,JAVA-C7,BandPass.Derivative.SquareMwi.Threshold.Assemble,/home/michal/github/rdb-experiment/results_20260801_K22v5/tasks/M1/F2_ecg/flink/F2Ecg.java,232,    private final int[] v1;,
M1,F2,flink,C7,JAVA-C7,BandPass.Derivative.SquareMwi.Threshold.Assemble,/home/michal/github/rdb-experiment/results_20260801_K22v5/tasks/M1/F2_ecg/flink/F2Ecg.java,235,      this.v1 = v1;,
M1,F2,flink,C7,JAVA-C7,BandPass.Derivative.SquareMwi.Threshold.Assemble,/home/michal/github/rdb-experiment/results_20260801_K22v5/tasks/M1/F2_ecg/flink/F2Ecg.java,243,    public void open(OpenContext ctx) {,
M1,F2,flink,C7,JAVA-C7,BandPass.Derivative.SquareMwi.Threshold.Assemble,/home/michal/github/rdb-experiment/results_20260801_K22v5/tasks/M1/F2_ecg/flink/F2Ecg.java,244,      mliiAt = new HashMap<>();,
M1,F2,flink,C7,JAVA-C7,BandPass.Derivative.SquareMwi.Threshold.Assemble,/home/michal/github/rdb-experiment/results_20260801_K22v5/tasks/M1/F2_ecg/flink/F2Ecg.java,245,      mwiAt = new HashMap<>();,
M1,F2,flink,C7,JAVA-C7,BandPass.Derivative.SquareMwi.Threshold.Assemble,/home/michal/github/rdb-experiment/results_20260801_K22v5/tasks/M1/F2_ecg/flink/F2Ecg.java,246,      thrAt = new HashMap<>();,
M1,F2,flink,C7,JAVA-C7,BandPass.Derivative.SquareMwi.Threshold.Assemble,/home/michal/github/rdb-experiment/results_20260801_K22v5/tasks/M1/F2_ecg/flink/F2Ecg.java,250,"    public void flatMap(Tuple5<Long, Integer, Integer, Integer, Integer> in,",
M1,F2,flink,C7,JAVA-C7,BandPass.Derivative.SquareMwi.Threshold.Assemble,/home/michal/github/rdb-experiment/results_20260801_K22v5/tasks/M1/F2_ecg/flink/F2Ecg.java,252,      long n = in.f0;,
M1,F2,flink,C7,JAVA-C7,BandPass.Derivative.SquareMwi.Threshold.Assemble,/home/michal/github/rdb-experiment/results_20260801_K22v5/tasks/M1/F2_ecg/flink/F2Ecg.java,253,"      mliiAt.put(n, in.f1);",
M1,F2,flink,C7,JAVA-C7,BandPass.Derivative.SquareMwi.Threshold.Assemble,/home/michal/github/rdb-experiment/results_20260801_K22v5/tasks/M1/F2_ecg/flink/F2Ecg.java,254,"      mwiAt.put(n + 3, in.f3);",
M1,F2,flink,C7,JAVA-C7,BandPass.Derivative.SquareMwi.Threshold.Assemble,/home/michal/github/rdb-experiment/results_20260801_K22v5/tasks/M1/F2_ecg/flink/F2Ecg.java,255,"      thrAt.put(n + 4, in.f4);",
M1,F2,flink,C7,JAVA-C7,BandPass.Derivative.SquareMwi.Threshold.Assemble,/home/michal/github/rdb-experiment/results_20260801_K22v5/tasks/M1/F2_ecg/flink/F2Ecg.java,256,      Integer raw = mliiAt.get(n);,
M1,F2,flink,C7,JAVA-C7,BandPass.Derivative.SquareMwi.Threshold.Assemble,/home/michal/github/rdb-experiment/results_20260801_K22v5/tasks/M1/F2_ecg/flink/F2Ecg.java,257,      Integer mwi = mwiAt.get(n);,
M1,F2,flink,C7,JAVA-C7,BandPass.Derivative.SquareMwi.Threshold.Assemble,/home/michal/github/rdb-experiment/results_20260801_K22v5/tasks/M1/F2_ecg/flink/F2Ecg.java,258,      Integer thr = thrAt.get(n);,
M1,F2,flink,C7,JAVA-C7,BandPass.Derivative.SquareMwi.Threshold.Assemble,/home/michal/github/rdb-experiment/results_20260801_K22v5/tasks/M1/F2_ecg/flink/F2Ecg.java,260,        return;,
M1,F2,flink,C7,JAVA-C7,BandPass.Derivative.SquareMwi.Threshold.Assemble,/home/michal/github/rdb-experiment/results_20260801_K22v5/tasks/M1/F2_ecg/flink/F2Ecg.java,262,"      out.collect(Tuple5.of(n, raw - 900, mwi * 5, (mwi - thr * 2) * 5, v1[(int) n] - 900));",
M1,F2,flink,C7,JAVA-C7,BandPass.Derivative.SquareMwi.Threshold.Assemble,/home/michal/github/rdb-experiment/results_20260801_K22v5/tasks/M1/F2_ecg/flink/F2Ecg.java,263,      mliiAt.remove(n);,
M1,F2,flink,C7,JAVA-C7,BandPass.Derivative.SquareMwi.Threshold.Assemble,/home/michal/github/rdb-experiment/results_20260801_K22v5/tasks/M1/F2_ecg/flink/F2Ecg.java,264,      mwiAt.remove(n);,
M1,F2,flink,C7,JAVA-C7,BandPass.Derivative.SquareMwi.Threshold.Assemble,/home/michal/github/rdb-experiment/results_20260801_K22v5/tasks/M1/F2_ecg/flink/F2Ecg.java,265,      thrAt.remove(n);,
M1,F2,flink,C7,JAVA-C7,BandPass.Derivative.SquareMwi.Threshold.Assemble,/home/michal/github/rdb-experiment/results_20260801_K22v5/tasks/M1/F2_ecg/flink/F2Ecg.java,362,"        env.addSource(new PacedSource(mlii, slots));",
M1,F2,flink,C7,JAVA-C7,BandPass.Derivative.SquareMwi.Threshold.Assemble,/home/michal/github/rdb-experiment/results_20260801_K22v5/tasks/M1/F2_ecg/flink/F2Ecg.java,363,    src.flatMap(new BandPass(bpCoef)),
M1,F2,flink,C7,JAVA-C7,BandPass.Derivative.SquareMwi.Threshold.Assemble,/home/michal/github/rdb-experiment/results_20260801_K22v5/tasks/M1/F2_ecg/flink/F2Ecg.java,364,        .flatMap(new Derivative(dCoef)),
M1,F2,flink,C7,JAVA-C7,BandPass.Derivative.SquareMwi.Threshold.Assemble,/home/michal/github/rdb-experiment/results_20260801_K22v5/tasks/M1/F2_ecg/flink/F2Ecg.java,365,        .flatMap(new SquareMwi()),
M1,F2,flink,C7,JAVA-C7,BandPass.Derivative.SquareMwi.Threshold.Assemble,/home/michal/github/rdb-experiment/results_20260801_K22v5/tasks/M1/F2_ecg/flink/F2Ecg.java,366,        .flatMap(new Threshold()),
M1,F2,flink,C7,JAVA-C7,BandPass.Derivative.SquareMwi.Threshold.Assemble,/home/michal/github/rdb-experiment/results_20260801_K22v5/tasks/M1/F2_ecg/flink/F2Ecg.java,367,        .flatMap(new Assemble(v1)),
M1,F2,flink,C7,JAVA-C7,BandPass.Derivative.SquareMwi.Threshold.Assemble,/home/michal/github/rdb-experiment/results_20260801_K22v5/tasks/M1/F2_ecg/flink/F2Ecg.java,368,"        .addSink(new CanonicalSink(out, family, variant));",
M1,F3,rql,C7,RQL-C7,rql,/home/michal/github/rdb-experiment/results_20260801_K22v5/tasks/M1/F3_multirate/rql/core.rql,15,"DECLARE value INTEGER STREAM A, 1/10 FILE 'f3_a.txt'",
M1,F3,rql,C4d,RQL-C4d,rql,/home/michal/github/rdb-experiment/results_20260801_K22v5/tasks/M1/F3_multirate/rql/core.rql,15,"DECLARE value INTEGER STREAM A, 1/10 FILE 'f3_a.txt'",
M1,F3,rql,C7,RQL-C7,rql,/home/michal/github/rdb-experiment/results_20260801_K22v5/tasks/M1/F3_multirate/rql/core.rql,16,"DECLARE value INTEGER, aux INTEGER STREAM B, 1/5 FILE 'f3_b2.txt'",
M1,F3,rql,C4d,RQL-C4d,rql,/home/michal/github/rdb-experiment/results_20260801_K22v5/tasks/M1/F3_multirate/rql/core.rql,16,"DECLARE value INTEGER, aux INTEGER STREAM B, 1/5 FILE 'f3_b2.txt'",
M1,F3,rql,C7,RQL-C7,rql,/home/michal/github/rdb-experiment/results_20260801_K22v5/tasks/M1/F3_multirate/rql/core.rql,17,SELECT B.value STREAM B_value FROM B,
M1,F3,rql,C7,RQL-C7,rql,/home/michal/github/rdb-experiment/results_20260801_K22v5/tasks/M1/F3_multirate/rql/core.rql,18,SELECT B.aux STREAM B_aux FROM B,
M1,F3,rql,C7,RQL-C7,rql,/home/michal/github/rdb-experiment/results_20260801_K22v5/tasks/M1/F3_multirate/rql/core.rql,19,SELECT * STREAM f3_mix FROM (A>2)#(B_value>1),
M1,F3,rql,C7,RQL-C7,rql,/home/michal/github/rdb-experiment/results_20260801_K22v5/tasks/M1/F3_multirate/rql/core.rql,20,"SELECT * STREAM f3_win FROM f3_mix@(1,30)",
M1,F3,rql,C3d,RQL-C3d,rql,/home/michal/github/rdb-experiment/results_20260801_K22v5/tasks/M1/F3_multirate/rql/core.rql,20,"SELECT * STREAM f3_win FROM f3_mix@(1,30)",
M1,F3,rql,C7,RQL-C7,rql,/home/michal/github/rdb-experiment/results_20260801_K22v5/tasks/M1/F3_multirate/rql/core.rql,21,SELECT f3_win[0] STREAM f3_base FROM f3_win.avg,
M1,F3,rql,C7,RQL-C7,rql,/home/michal/github/rdb-experiment/results_20260801_K22v5/tasks/M1/F3_multirate/rql/core.rql,22,"SELECT f3_base[0], B_aux[0] STREAM f3_out FROM f3_base+B_aux",
M1,F3,python,C5,PY-C5-CONSTANT,run,/home/michal/github/rdb-experiment/results_20260801_K22v5/tasks/M1/F3_multirate/python/core.py,50,    SHIFT = 5,
M1,F3,python,C4,PY-C4,run,/home/michal/github/rdb-experiment/results_20260801_K22v5/tasks/M1/F3_multirate/python/core.py,59,    t0 = time.monotonic_ns(),
M1,F3,python,C1,PY-C1-SLOT,run,/home/michal/github/rdb-experiment/results_20260801_K22v5/tasks/M1/F3_multirate/python/core.py,60,    for r in range(slots):,
M1,F3,python,C4,PY-C4,run,/home/michal/github/rdb-experiment/results_20260801_K22v5/tasks/M1/F3_multirate/python/core.py,61,        deadline = t0 + r * INTERVAL_NS,
M1,F3,python,C4,PY-C4,run,/home/michal/github/rdb-experiment/results_20260801_K22v5/tasks/M1/F3_multirate/python/core.py,62,        now = time.monotonic_ns(),
M1,F3,python,C1,PY-C1-NESTED,run,/home/michal/github/rdb-experiment/results_20260801_K22v5/tasks/M1/F3_multirate/python/core.py,73,"        for k in range(WIN - 1, 0, -1):",
M1,F3,python,C5,PY-C5-WARMUP,run,/home/michal/github/rdb-experiment/results_20260801_K22v5/tasks/M1/F3_multirate/python/core.py,77,        if filled < WIN:,
M1,F3,python,C5,PY-C5-CONSTANT,run,/home/michal/github/rdb-experiment/results_20260801_K22v5/tasks/M1/F3_multirate/python/core.py,79,        logical_index = SHIFT + r + 1,
M1,F3,python,C4,PY-C4,run,/home/michal/github/rdb-experiment/results_20260801_K22v5/tasks/M1/F3_multirate/python/core.py,64,            time.sleep((deadline - now) / 1e9),
M1,F3,python,C2,PY-C2-STATE,run,/home/michal/github/rdb-experiment/results_20260801_K22v5/tasks/M1/F3_multirate/python/core.py,57,    filled = 0,run.filled
M1,F3,python,C2,PY-C2-STATE,run,/home/michal/github/rdb-experiment/results_20260801_K22v5/tasks/M1/F3_multirate/python/core.py,54,    ia = 0,run.ia
M1,F3,python,C2,PY-C2-STATE,run,/home/michal/github/rdb-experiment/results_20260801_K22v5/tasks/M1/F3_multirate/python/core.py,55,    ib = 0,run.ib
M1,F3,python,C2,PY-C2-STATE,run,/home/michal/github/rdb-experiment/results_20260801_K22v5/tasks/M1/F3_multirate/python/core.py,52,    ua = 0,run.ua
M1,F3,python,C2,PY-C2-STATE,run,/home/michal/github/rdb-experiment/results_20260801_K22v5/tasks/M1/F3_multirate/python/core.py,53,    ub = 0,run.ub
M1,F3,python,C3,PY-C3-WINDOW,run,/home/michal/github/rdb-experiment/results_20260801_K22v5/tasks/M1/F3_multirate/python/core.py,56,    win = [0] * WIN,run.win
M1,F3,python,C7,PY-C7,run,/home/michal/github/rdb-experiment/results_20260801_K22v5/tasks/M1/F3_multirate/python/core.py,45,"def run(a_values, b_values, b_aux, slots):",
M1,F3,python,C7,PY-C7,run,/home/michal/github/rdb-experiment/results_20260801_K22v5/tasks/M1/F3_multirate/python/core.py,46,"    """"""Zwraca listę (logical_index, wartość) dla `slots` zdarzeń scalonych.""""""",
M1,F3,python,C7,PY-C7,run,/home/michal/github/rdb-experiment/results_20260801_K22v5/tasks/M1/F3_multirate/python/core.py,47,    UNIT_A = 3,
M1,F3,python,C7,PY-C7,run,/home/michal/github/rdb-experiment/results_20260801_K22v5/tasks/M1/F3_multirate/python/core.py,48,    UNIT_B = 6,
M1,F3,python,C7,PY-C7,run,/home/michal/github/rdb-experiment/results_20260801_K22v5/tasks/M1/F3_multirate/python/core.py,49,    INTERVAL_NS = 66_666_667,
M1,F3,python,C7,PY-C7,run,/home/michal/github/rdb-experiment/results_20260801_K22v5/tasks/M1/F3_multirate/python/core.py,51,    WIN = 30,
M1,F3,python,C7,PY-C7,run,/home/michal/github/rdb-experiment/results_20260801_K22v5/tasks/M1/F3_multirate/python/core.py,58,    out = [],
M1,F3,python,C7,PY-C7,run,/home/michal/github/rdb-experiment/results_20260801_K22v5/tasks/M1/F3_multirate/python/core.py,63,        if now < deadline:,
M1,F3,python,C7,PY-C7,run,/home/michal/github/rdb-experiment/results_20260801_K22v5/tasks/M1/F3_multirate/python/core.py,65,        if ub <= ua:,
M1,F3,python,C7,PY-C7,run,/home/michal/github/rdb-experiment/results_20260801_K22v5/tasks/M1/F3_multirate/python/core.py,80,"        out.append((logical_index, [avg(win), b_aux[(logical_index - 2) // 3]]))",
M1,F3,python,C7,PY-C7,run,/home/michal/github/rdb-experiment/results_20260801_K22v5/tasks/M1/F3_multirate/python/core.py,66,            value = b_values[ib],
M1,F3,python,C7,PY-C7,run,/home/michal/github/rdb-experiment/results_20260801_K22v5/tasks/M1/F3_multirate/python/core.py,70,            value = a_values[ia],
M1,F3,python,C7,PY-C7,run,/home/michal/github/rdb-experiment/results_20260801_K22v5/tasks/M1/F3_multirate/python/core.py,74,            win[k] = win[k - 1],
M1,F3,python,C7,PY-C7,run,/home/michal/github/rdb-experiment/results_20260801_K22v5/tasks/M1/F3_multirate/python/core.py,78,            continue,
M1,F3,flink,C5,JAVA-C5-CONSTANT,MergedSource,/home/michal/github/rdb-experiment/results_20260801_K22v5/tasks/M1/F3_multirate/flink/F3Multirate.java,43,    private static final int TAIL = 5;,
M1,F3,flink,C4,JAVA-C4,MergedSource,/home/michal/github/rdb-experiment/results_20260801_K22v5/tasks/M1/F3_multirate/flink/F3Multirate.java,61,      long t0 = System.nanoTime();,
M1,F3,flink,C1,JAVA-C1,MergedSource,/home/michal/github/rdb-experiment/results_20260801_K22v5/tasks/M1/F3_multirate/flink/F3Multirate.java,62,      for (long r = 0; r < slots && running; r++) {,
M1,F3,flink,C4,JAVA-C4,MergedSource,/home/michal/github/rdb-experiment/results_20260801_K22v5/tasks/M1/F3_multirate/flink/F3Multirate.java,63,        long deadline = t0 + r * INTERVAL_NS;,
M1,F3,flink,C4,JAVA-C4,MergedSource,/home/michal/github/rdb-experiment/results_20260801_K22v5/tasks/M1/F3_multirate/flink/F3Multirate.java,64,        long now = System.nanoTime();,
M1,F3,flink,C4,JAVA-C4,MergedSource,/home/michal/github/rdb-experiment/results_20260801_K22v5/tasks/M1/F3_multirate/flink/F3Multirate.java,67,"          Thread.sleep(sleepNs / 1_000_000L, (int) (sleepNs % 1_000_000L));",
M1,F3,flink,C1,JAVA-C1,Aggregate,/home/michal/github/rdb-experiment/results_20260801_K22v5/tasks/M1/F3_multirate/flink/F3Multirate.java,111,      for (int k = WIN - 1; k > 0; k--) {,
M1,F3,flink,C5,JAVA-C5-WARMUP,Aggregate,/home/michal/github/rdb-experiment/results_20260801_K22v5/tasks/M1/F3_multirate/flink/F3Multirate.java,116,      if (filled < WIN) {,
M1,F3,flink,C1,JAVA-C1,Aggregate,/home/michal/github/rdb-experiment/results_20260801_K22v5/tasks/M1/F3_multirate/flink/F3Multirate.java,120,      for (int k = 0; k < WIN; k++) {,
M1,F3,flink,C3,JAVA-C3-WINDOW,Aggregate,/home/michal/github/rdb-experiment/results_20260801_K22v5/tasks/M1/F3_multirate/flink/F3Multirate.java,96,    private int[] win;,Aggregate.win
M1,F3,flink,C2,JAVA-C2-STATE,Aggregate,/home/michal/github/rdb-experiment/results_20260801_K22v5/tasks/M1/F3_multirate/flink/F3Multirate.java,97,    private int filled;,Aggregate.filled
M1,F3,flink,C7,JAVA-C7,MergedSource,/home/michal/github/rdb-experiment/results_20260801_K22v5/tasks/M1/F3_multirate/flink/F3Multirate.java,39,"  static class MergedSource extends RichSourceFunction<Tuple2<Long, Integer>> {",
M1,F3,flink,C7,JAVA-C7,MergedSource,/home/michal/github/rdb-experiment/results_20260801_K22v5/tasks/M1/F3_multirate/flink/F3Multirate.java,40,    private static final long INTERVAL_NS = 66_666_667L;,
M1,F3,flink,C7,JAVA-C7,MergedSource,/home/michal/github/rdb-experiment/results_20260801_K22v5/tasks/M1/F3_multirate/flink/F3Multirate.java,41,    private static final int UNIT_A = 3;,
M1,F3,flink,C7,JAVA-C7,MergedSource,/home/michal/github/rdb-experiment/results_20260801_K22v5/tasks/M1/F3_multirate/flink/F3Multirate.java,42,    private static final int UNIT_B = 6;,
M1,F3,flink,C7,JAVA-C7,MergedSource,/home/michal/github/rdb-experiment/results_20260801_K22v5/tasks/M1/F3_multirate/flink/F3Multirate.java,44,    private final int[] a;,
M1,F3,flink,C7,JAVA-C7,MergedSource,/home/michal/github/rdb-experiment/results_20260801_K22v5/tasks/M1/F3_multirate/flink/F3Multirate.java,45,    private final int[] b;,
M1,F3,flink,C7,JAVA-C7,MergedSource,/home/michal/github/rdb-experiment/results_20260801_K22v5/tasks/M1/F3_multirate/flink/F3Multirate.java,46,    private final long slots;,
M1,F3,flink,C7,JAVA-C7,MergedSource,/home/michal/github/rdb-experiment/results_20260801_K22v5/tasks/M1/F3_multirate/flink/F3Multirate.java,47,    private volatile boolean running = true;,
M1,F3,flink,C7,JAVA-C7,MergedSource,/home/michal/github/rdb-experiment/results_20260801_K22v5/tasks/M1/F3_multirate/flink/F3Multirate.java,50,      this.a = a;,
M1,F3,flink,C7,JAVA-C7,MergedSource,/home/michal/github/rdb-experiment/results_20260801_K22v5/tasks/M1/F3_multirate/flink/F3Multirate.java,51,      this.b = b;,
M1,F3,flink,C7,JAVA-C7,MergedSource,/home/michal/github/rdb-experiment/results_20260801_K22v5/tasks/M1/F3_multirate/flink/F3Multirate.java,52,      this.slots = slots;,
M1,F3,flink,C7,JAVA-C7,MergedSource,/home/michal/github/rdb-experiment/results_20260801_K22v5/tasks/M1/F3_multirate/flink/F3Multirate.java,56,"    public void run(SourceContext<Tuple2<Long, Integer>> ctx) throws Exception {",
M1,F3,flink,C7,JAVA-C7,MergedSource,/home/michal/github/rdb-experiment/results_20260801_K22v5/tasks/M1/F3_multirate/flink/F3Multirate.java,57,      long ua = 0;,
M1,F3,flink,C7,JAVA-C7,MergedSource,/home/michal/github/rdb-experiment/results_20260801_K22v5/tasks/M1/F3_multirate/flink/F3Multirate.java,58,      long ub = 0;,
M1,F3,flink,C7,JAVA-C7,MergedSource,/home/michal/github/rdb-experiment/results_20260801_K22v5/tasks/M1/F3_multirate/flink/F3Multirate.java,59,      int ia = 0;,
M1,F3,flink,C7,JAVA-C7,MergedSource,/home/michal/github/rdb-experiment/results_20260801_K22v5/tasks/M1/F3_multirate/flink/F3Multirate.java,60,      int ib = 0;,
M1,F3,flink,C7,JAVA-C7,MergedSource,/home/michal/github/rdb-experiment/results_20260801_K22v5/tasks/M1/F3_multirate/flink/F3Multirate.java,66,          long sleepNs = deadline - now;,
M1,F3,flink,C7,JAVA-C7,MergedSource,/home/michal/github/rdb-experiment/results_20260801_K22v5/tasks/M1/F3_multirate/flink/F3Multirate.java,69,        int value;,
M1,F3,flink,C7,JAVA-C7,MergedSource,/home/michal/github/rdb-experiment/results_20260801_K22v5/tasks/M1/F3_multirate/flink/F3Multirate.java,71,          value = b[ib];,
M1,F3,flink,C7,JAVA-C7,MergedSource,/home/michal/github/rdb-experiment/results_20260801_K22v5/tasks/M1/F3_multirate/flink/F3Multirate.java,72,          ib = ib + 1;,
M1,F3,flink,C7,JAVA-C7,MergedSource,/home/michal/github/rdb-experiment/results_20260801_K22v5/tasks/M1/F3_multirate/flink/F3Multirate.java,73,          ub = ub + UNIT_B;,
M1,F3,flink,C7,JAVA-C7,MergedSource,/home/michal/github/rdb-experiment/results_20260801_K22v5/tasks/M1/F3_multirate/flink/F3Multirate.java,75,          value = a[ia];,
M1,F3,flink,C7,JAVA-C7,MergedSource,/home/michal/github/rdb-experiment/results_20260801_K22v5/tasks/M1/F3_multirate/flink/F3Multirate.java,76,          ia = ia + 1;,
M1,F3,flink,C7,JAVA-C7,MergedSource,/home/michal/github/rdb-experiment/results_20260801_K22v5/tasks/M1/F3_multirate/flink/F3Multirate.java,77,          ua = ua + UNIT_A;,
M1,F3,flink,C7,JAVA-C7,MergedSource,/home/michal/github/rdb-experiment/results_20260801_K22v5/tasks/M1/F3_multirate/flink/F3Multirate.java,79,"        ctx.collect(Tuple2.of(TAIL + r, value));",
M1,F3,flink,C7,JAVA-C7,MergedSource,/home/michal/github/rdb-experiment/results_20260801_K22v5/tasks/M1/F3_multirate/flink/F3Multirate.java,84,    public void cancel() {,
M1,F3,flink,C7,JAVA-C7,MergedSource,/home/michal/github/rdb-experiment/results_20260801_K22v5/tasks/M1/F3_multirate/flink/F3Multirate.java,85,      running = false;,
M1,F3,flink,C7,JAVA-C7,Aggregate,/home/michal/github/rdb-experiment/results_20260801_K22v5/tasks/M1/F3_multirate/flink/F3Multirate.java,93,"  static class Aggregate extends RichFlatMapFunction<Tuple2<Long, Integer>, Tuple3<Long, Integer, Integer>> {",
M1,F3,flink,C7,JAVA-C7,Aggregate,/home/michal/github/rdb-experiment/results_20260801_K22v5/tasks/M1/F3_multirate/flink/F3Multirate.java,94,    private static final int WIN = 30;,
M1,F3,flink,C7,JAVA-C7,Aggregate,/home/michal/github/rdb-experiment/results_20260801_K22v5/tasks/M1/F3_multirate/flink/F3Multirate.java,95,    private final int[] bAux;,
M1,F3,flink,C7,JAVA-C7,Aggregate,/home/michal/github/rdb-experiment/results_20260801_K22v5/tasks/M1/F3_multirate/flink/F3Multirate.java,100,      this.bAux = bAux;,
M1,F3,flink,C7,JAVA-C7,Aggregate,/home/michal/github/rdb-experiment/results_20260801_K22v5/tasks/M1/F3_multirate/flink/F3Multirate.java,104,    public void open(OpenContext ctx) {,
M1,F3,flink,C7,JAVA-C7,Aggregate,/home/michal/github/rdb-experiment/results_20260801_K22v5/tasks/M1/F3_multirate/flink/F3Multirate.java,105,      win = new int[WIN];,
M1,F3,flink,C7,JAVA-C7,Aggregate,/home/michal/github/rdb-experiment/results_20260801_K22v5/tasks/M1/F3_multirate/flink/F3Multirate.java,106,      filled = 0;,
M1,F3,flink,C7,JAVA-C7,Aggregate,/home/michal/github/rdb-experiment/results_20260801_K22v5/tasks/M1/F3_multirate/flink/F3Multirate.java,110,"    public void flatMap(Tuple2<Long, Integer> in, Collector<Tuple3<Long, Integer, Integer>> out) {",
M1,F3,flink,C7,JAVA-C7,Aggregate,/home/michal/github/rdb-experiment/results_20260801_K22v5/tasks/M1/F3_multirate/flink/F3Multirate.java,112,        win[k] = win[k - 1];,
M1,F3,flink,C7,JAVA-C7,Aggregate,/home/michal/github/rdb-experiment/results_20260801_K22v5/tasks/M1/F3_multirate/flink/F3Multirate.java,114,      win[0] = in.f1;,
M1,F3,flink,C7,JAVA-C7,Aggregate,/home/michal/github/rdb-experiment/results_20260801_K22v5/tasks/M1/F3_multirate/flink/F3Multirate.java,115,      filled = filled + 1;,
M1,F3,flink,C7,JAVA-C7,Aggregate,/home/michal/github/rdb-experiment/results_20260801_K22v5/tasks/M1/F3_multirate/flink/F3Multirate.java,117,        return;,
M1,F3,flink,C7,JAVA-C7,Aggregate,/home/michal/github/rdb-experiment/results_20260801_K22v5/tasks/M1/F3_multirate/flink/F3Multirate.java,119,      long sum = 0;,
M1,F3,flink,C7,JAVA-C7,Aggregate,/home/michal/github/rdb-experiment/results_20260801_K22v5/tasks/M1/F3_multirate/flink/F3Multirate.java,121,        sum += win[k];,
M1,F3,flink,C7,JAVA-C7,Aggregate,/home/michal/github/rdb-experiment/results_20260801_K22v5/tasks/M1/F3_multirate/flink/F3Multirate.java,123,      long logicalIndex = in.f0 + 1;,
M1,F3,flink,C7,JAVA-C7,Aggregate,/home/michal/github/rdb-experiment/results_20260801_K22v5/tasks/M1/F3_multirate/flink/F3Multirate.java,124,"      out.collect(Tuple3.of(logicalIndex, (int) (sum / WIN), bAux[((int) logicalIndex - 2) / 3]));",
M1,F3,flink,C7,JAVA-C7,topology,/home/michal/github/rdb-experiment/results_20260801_K22v5/tasks/M1/F3_multirate/flink/F3Multirate.java,201,"    DataStream<Tuple2<Long, Integer>> src = env.addSource(new MergedSource(a, b, slots));",
M1,F3,flink,C7,JAVA-C7,topology,/home/michal/github/rdb-experiment/results_20260801_K22v5/tasks/M1/F3_multirate/flink/F3Multirate.java,202,"    src.flatMap(new Aggregate(bAux)).addSink(new CanonicalSink(out, family, variant));",
M2,F1,rql,C7,RQL-C7,rql,/home/michal/github/rdb-experiment/results_20260801_K22v5/tasks/M2/F1_fir/rql/core.rql,16,"DECLARE x INTEGER STREAM src, 1/1000 FILE 'f1_source.txt'",
M2,F1,rql,C4d,RQL-C4d,rql,/home/michal/github/rdb-experiment/results_20260801_K22v5/tasks/M2/F1_fir/rql/core.rql,16,"DECLARE x INTEGER STREAM src, 1/1000 FILE 'f1_source.txt'",
M2,F1,rql,C7,RQL-C7,rql,/home/michal/github/rdb-experiment/results_20260801_K22v5/tasks/M2/F1_fir/rql/core.rql,17,"DECLARE c INTEGER[45] STREAM coef, 1 FILE 'f1_coef.txt'",
M2,F1,rql,C4d,RQL-C4d,rql,/home/michal/github/rdb-experiment/results_20260801_K22v5/tasks/M2/F1_fir/rql/core.rql,17,"DECLARE c INTEGER[45] STREAM coef, 1 FILE 'f1_coef.txt'",
M2,F1,rql,C7,RQL-C7,rql,/home/michal/github/rdb-experiment/results_20260801_K22v5/tasks/M2/F1_fir/rql/core.rql,18,"SELECT * STREAM win FROM src@(1,45)",
M2,F1,rql,C3d,RQL-C3d,rql,/home/michal/github/rdb-experiment/results_20260801_K22v5/tasks/M2/F1_fir/rql/core.rql,18,"SELECT * STREAM win FROM src@(1,45)",
M2,F1,rql,C7,RQL-C7,rql,/home/michal/github/rdb-experiment/results_20260801_K22v5/tasks/M2/F1_fir/rql/core.rql,19,SELECT win[_]*coef[_] STREAM acc FROM win+coef,
M2,F1,rql,C7,RQL-C7,rql,/home/michal/github/rdb-experiment/results_20260801_K22v5/tasks/M2/F1_fir/rql/core.rql,20,SELECT acc[0]/45/1000 STREAM f1_out FROM acc.sumc,
M2,F1,python,C4,PY-C4,run,/home/michal/github/rdb-experiment/results_20260801_K22v5/tasks/M2/F1_fir/python/core.py,41,    t0 = time.monotonic_ns(),
M2,F1,python,C1,PY-C1-SLOT,run,/home/michal/github/rdb-experiment/results_20260801_K22v5/tasks/M2/F1_fir/python/core.py,42,    for n in range(slots):,
M2,F1,python,C4,PY-C4,run,/home/michal/github/rdb-experiment/results_20260801_K22v5/tasks/M2/F1_fir/python/core.py,43,        deadline = t0 + n * INTERVAL_NS,
M2,F1,python,C4,PY-C4,run,/home/michal/github/rdb-experiment/results_20260801_K22v5/tasks/M2/F1_fir/python/core.py,44,        now = time.monotonic_ns(),
M2,F1,python,C1,PY-C1-NESTED,run,/home/michal/github/rdb-experiment/results_20260801_K22v5/tasks/M2/F1_fir/python/core.py,48,"        for k in range(WIN - 1, 0, -1):",
M2,F1,python,C5,PY-C5-WARMUP,run,/home/michal/github/rdb-experiment/results_20260801_K22v5/tasks/M2/F1_fir/python/core.py,51,        if n < WIN - 1:,
M2,F1,python,C4,PY-C4,run,/home/michal/github/rdb-experiment/results_20260801_K22v5/tasks/M2/F1_fir/python/core.py,46,            time.sleep((deadline - now) / 1e9),
M2,F1,python,C3,PY-C3-WINDOW,run,/home/michal/github/rdb-experiment/results_20260801_K22v5/tasks/M2/F1_fir/python/core.py,39,    win = [0] * WIN,run.win
M2,F1,python,C7,PY-C7,run,/home/michal/github/rdb-experiment/results_20260801_K22v5/tasks/M2/F1_fir/python/core.py,35,"def run(samples, coef, slots):",
M2,F1,python,C7,PY-C7,run,/home/michal/github/rdb-experiment/results_20260801_K22v5/tasks/M2/F1_fir/python/core.py,36,"    """"""Zwraca listę (logical_index, wartość) dla `slots` slotów.""""""",
M2,F1,python,C7,PY-C7,run,/home/michal/github/rdb-experiment/results_20260801_K22v5/tasks/M2/F1_fir/python/core.py,37,    WIN = 45,
M2,F1,python,C7,PY-C7,run,/home/michal/github/rdb-experiment/results_20260801_K22v5/tasks/M2/F1_fir/python/core.py,38,    INTERVAL_NS = 1_000_000,
M2,F1,python,C7,PY-C7,run,/home/michal/github/rdb-experiment/results_20260801_K22v5/tasks/M2/F1_fir/python/core.py,40,    out = [],
M2,F1,python,C7,PY-C7,run,/home/michal/github/rdb-experiment/results_20260801_K22v5/tasks/M2/F1_fir/python/core.py,45,        if now < deadline:,
M2,F1,python,C7,PY-C7,run,/home/michal/github/rdb-experiment/results_20260801_K22v5/tasks/M2/F1_fir/python/core.py,47,        x = samples[n],
M2,F1,python,C7,PY-C7,run,/home/michal/github/rdb-experiment/results_20260801_K22v5/tasks/M2/F1_fir/python/core.py,53,"        acc = sumc([imul(win[k], coef[k]) for k in range(WIN)])",
M2,F1,python,C7,PY-C7,run,/home/michal/github/rdb-experiment/results_20260801_K22v5/tasks/M2/F1_fir/python/core.py,54,"        y = idiv(idiv(acc, WIN), 1000)",
M2,F1,python,C7,PY-C7,run,/home/michal/github/rdb-experiment/results_20260801_K22v5/tasks/M2/F1_fir/python/core.py,55,"        out.append((n + 1, y))",
M2,F1,python,C7,PY-C7,run,/home/michal/github/rdb-experiment/results_20260801_K22v5/tasks/M2/F1_fir/python/core.py,49,            win[k] = win[k - 1],
M2,F1,python,C7,PY-C7,run,/home/michal/github/rdb-experiment/results_20260801_K22v5/tasks/M2/F1_fir/python/core.py,52,            continue,
M2,F1,flink,C4,JAVA-C4,PacedSource,/home/michal/github/rdb-experiment/results_20260801_K22v5/tasks/M2/F1_fir/flink/F1Fir.java,47,      long t0 = System.nanoTime();,
M2,F1,flink,C1,JAVA-C1,PacedSource,/home/michal/github/rdb-experiment/results_20260801_K22v5/tasks/M2/F1_fir/flink/F1Fir.java,48,      for (long n = 0; n < slots && running; n++) {,
M2,F1,flink,C4,JAVA-C4,PacedSource,/home/michal/github/rdb-experiment/results_20260801_K22v5/tasks/M2/F1_fir/flink/F1Fir.java,49,        long deadline = t0 + n * INTERVAL_NS;,
M2,F1,flink,C4,JAVA-C4,PacedSource,/home/michal/github/rdb-experiment/results_20260801_K22v5/tasks/M2/F1_fir/flink/F1Fir.java,50,        long now = System.nanoTime();,
M2,F1,flink,C4,JAVA-C4,PacedSource,/home/michal/github/rdb-experiment/results_20260801_K22v5/tasks/M2/F1_fir/flink/F1Fir.java,53,"          Thread.sleep(sleepNs / 1_000_000L, (int) (sleepNs % 1_000_000L));",
M2,F1,flink,C1,JAVA-C1,Fir,/home/michal/github/rdb-experiment/results_20260801_K22v5/tasks/M2/F1_fir/flink/F1Fir.java,81,      for (int k = WIN - 1; k > 0; k--) {,
M2,F1,flink,C5,JAVA-C5-WARMUP,Fir,/home/michal/github/rdb-experiment/results_20260801_K22v5/tasks/M2/F1_fir/flink/F1Fir.java,85,      if (in.f0 < WIN - 1) {,
M2,F1,flink,C1,JAVA-C1,Fir,/home/michal/github/rdb-experiment/results_20260801_K22v5/tasks/M2/F1_fir/flink/F1Fir.java,89,      for (int k = 0; k < WIN; k++) {,
M2,F1,flink,C3,JAVA-C3-WINDOW,Fir,/home/michal/github/rdb-experiment/results_20260801_K22v5/tasks/M2/F1_fir/flink/F1Fir.java,68,    private int[] win;,Fir.win
M2,F1,flink,C7,JAVA-C7,PacedSource,/home/michal/github/rdb-experiment/results_20260801_K22v5/tasks/M2/F1_fir/flink/F1Fir.java,34,"  static class PacedSource extends RichSourceFunction<Tuple2<Long, Integer>> {",
M2,F1,flink,C7,JAVA-C7,PacedSource,/home/michal/github/rdb-experiment/results_20260801_K22v5/tasks/M2/F1_fir/flink/F1Fir.java,35,    private static final long INTERVAL_NS = 1_000_000L;,
M2,F1,flink,C7,JAVA-C7,PacedSource,/home/michal/github/rdb-experiment/results_20260801_K22v5/tasks/M2/F1_fir/flink/F1Fir.java,36,    private final int[] samples;,
M2,F1,flink,C7,JAVA-C7,PacedSource,/home/michal/github/rdb-experiment/results_20260801_K22v5/tasks/M2/F1_fir/flink/F1Fir.java,37,    private final long slots;,
M2,F1,flink,C7,JAVA-C7,PacedSource,/home/michal/github/rdb-experiment/results_20260801_K22v5/tasks/M2/F1_fir/flink/F1Fir.java,38,    private volatile boolean running = true;,
M2,F1,flink,C7,JAVA-C7,PacedSource,/home/michal/github/rdb-experiment/results_20260801_K22v5/tasks/M2/F1_fir/flink/F1Fir.java,41,      this.samples = samples;,
M2,F1,flink,C7,JAVA-C7,PacedSource,/home/michal/github/rdb-experiment/results_20260801_K22v5/tasks/M2/F1_fir/flink/F1Fir.java,42,      this.slots = slots;,
M2,F1,flink,C7,JAVA-C7,PacedSource,/home/michal/github/rdb-experiment/results_20260801_K22v5/tasks/M2/F1_fir/flink/F1Fir.java,46,"    public void run(SourceContext<Tuple2<Long, Integer>> ctx) throws Exception {",
M2,F1,flink,C7,JAVA-C7,PacedSource,/home/michal/github/rdb-experiment/results_20260801_K22v5/tasks/M2/F1_fir/flink/F1Fir.java,52,          long sleepNs = deadline - now;,
M2,F1,flink,C7,JAVA-C7,PacedSource,/home/michal/github/rdb-experiment/results_20260801_K22v5/tasks/M2/F1_fir/flink/F1Fir.java,55,"        ctx.collect(Tuple2.of(n, samples[(int) n]));",
M2,F1,flink,C7,JAVA-C7,PacedSource,/home/michal/github/rdb-experiment/results_20260801_K22v5/tasks/M2/F1_fir/flink/F1Fir.java,60,    public void cancel() {,
M2,F1,flink,C7,JAVA-C7,PacedSource,/home/michal/github/rdb-experiment/results_20260801_K22v5/tasks/M2/F1_fir/flink/F1Fir.java,61,      running = false;,
M2,F1,flink,C7,JAVA-C7,Fir,/home/michal/github/rdb-experiment/results_20260801_K22v5/tasks/M2/F1_fir/flink/F1Fir.java,65,"  static class Fir extends RichFlatMapFunction<Tuple2<Long, Integer>, Tuple2<Long, Integer>> {",
M2,F1,flink,C7,JAVA-C7,Fir,/home/michal/github/rdb-experiment/results_20260801_K22v5/tasks/M2/F1_fir/flink/F1Fir.java,66,    private static final int WIN = 45;,
M2,F1,flink,C7,JAVA-C7,Fir,/home/michal/github/rdb-experiment/results_20260801_K22v5/tasks/M2/F1_fir/flink/F1Fir.java,67,    private final int[] coef;,
M2,F1,flink,C7,JAVA-C7,Fir,/home/michal/github/rdb-experiment/results_20260801_K22v5/tasks/M2/F1_fir/flink/F1Fir.java,71,      this.coef = coef;,
M2,F1,flink,C7,JAVA-C7,Fir,/home/michal/github/rdb-experiment/results_20260801_K22v5/tasks/M2/F1_fir/flink/F1Fir.java,75,    public void open(OpenContext ctx) {,
M2,F1,flink,C7,JAVA-C7,Fir,/home/michal/github/rdb-experiment/results_20260801_K22v5/tasks/M2/F1_fir/flink/F1Fir.java,76,      win = new int[WIN];,
M2,F1,flink,C7,JAVA-C7,Fir,/home/michal/github/rdb-experiment/results_20260801_K22v5/tasks/M2/F1_fir/flink/F1Fir.java,80,"    public void flatMap(Tuple2<Long, Integer> in, Collector<Tuple2<Long, Integer>> out) {",
M2,F1,flink,C7,JAVA-C7,Fir,/home/michal/github/rdb-experiment/results_20260801_K22v5/tasks/M2/F1_fir/flink/F1Fir.java,82,        win[k] = win[k - 1];,
M2,F1,flink,C7,JAVA-C7,Fir,/home/michal/github/rdb-experiment/results_20260801_K22v5/tasks/M2/F1_fir/flink/F1Fir.java,84,      win[0] = in.f1;,
M2,F1,flink,C7,JAVA-C7,Fir,/home/michal/github/rdb-experiment/results_20260801_K22v5/tasks/M2/F1_fir/flink/F1Fir.java,86,        return;,
M2,F1,flink,C7,JAVA-C7,Fir,/home/michal/github/rdb-experiment/results_20260801_K22v5/tasks/M2/F1_fir/flink/F1Fir.java,88,      long acc = 0;,
M2,F1,flink,C7,JAVA-C7,Fir,/home/michal/github/rdb-experiment/results_20260801_K22v5/tasks/M2/F1_fir/flink/F1Fir.java,90,        acc += (long) win[k] * coef[k];,
M2,F1,flink,C7,JAVA-C7,Fir,/home/michal/github/rdb-experiment/results_20260801_K22v5/tasks/M2/F1_fir/flink/F1Fir.java,93,"        throw new ArithmeticException(""suma "" + acc + "" poza int32 -- zakres danych nie wyklucza przepelnienia"");",
M2,F1,flink,C7,JAVA-C7,Fir,/home/michal/github/rdb-experiment/results_20260801_K22v5/tasks/M2/F1_fir/flink/F1Fir.java,95,      int y = (int) acc / WIN / 1000;,
M2,F1,flink,C7,JAVA-C7,Fir,/home/michal/github/rdb-experiment/results_20260801_K22v5/tasks/M2/F1_fir/flink/F1Fir.java,96,"      out.collect(Tuple2.of(in.f0 + 1, y));",
M2,F1,flink,C7,JAVA-C7,topology,/home/michal/github/rdb-experiment/results_20260801_K22v5/tasks/M2/F1_fir/flink/F1Fir.java,170,"    DataStream<Tuple2<Long, Integer>> src = env.addSource(new PacedSource(samples, slots));",
M2,F1,flink,C7,JAVA-C7,topology,/home/michal/github/rdb-experiment/results_20260801_K22v5/tasks/M2/F1_fir/flink/F1Fir.java,171,"    src.flatMap(new Fir(coef)).addSink(new CanonicalSink(out, family, variant));",
M2,F2,rql,C7,RQL-C7,rql,/home/michal/github/rdb-experiment/results_20260801_K22v5/tasks/M2/F2_ecg/rql/core.rql,19,"DECLARE MLII INTEGER, V1 INTEGER STREAM ecg, 1/360 FILE 'rec205'",
M2,F2,rql,C4d,RQL-C4d,rql,/home/michal/github/rdb-experiment/results_20260801_K22v5/tasks/M2/F2_ecg/rql/core.rql,19,"DECLARE MLII INTEGER, V1 INTEGER STREAM ecg, 1/360 FILE 'rec205'",
M2,F2,rql,C7,RQL-C7,rql,/home/michal/github/rdb-experiment/results_20260801_K22v5/tasks/M2/F2_ecg/rql/core.rql,20,"DECLARE bp_coef INTEGER[25] STREAM bpf, 1 FILE 'bp_coef.txt'",
M2,F2,rql,C4d,RQL-C4d,rql,/home/michal/github/rdb-experiment/results_20260801_K22v5/tasks/M2/F2_ecg/rql/core.rql,20,"DECLARE bp_coef INTEGER[25] STREAM bpf, 1 FILE 'bp_coef.txt'",
M2,F2,rql,C7,RQL-C7,rql,/home/michal/github/rdb-experiment/results_20260801_K22v5/tasks/M2/F2_ecg/rql/core.rql,21,"DECLARE d_coef INTEGER[5] STREAM df, 1 FILE 'd_coef.txt'",
M2,F2,rql,C4d,RQL-C4d,rql,/home/michal/github/rdb-experiment/results_20260801_K22v5/tasks/M2/F2_ecg/rql/core.rql,21,"DECLARE d_coef INTEGER[5] STREAM df, 1 FILE 'd_coef.txt'",
M2,F2,rql,C7,RQL-C7,rql,/home/michal/github/rdb-experiment/results_20260801_K22v5/tasks/M2/F2_ecg/rql/core.rql,23,SELECT ecg.MLII STREAM mlii FROM ecg,
M2,F2,rql,C7,RQL-C7,rql,/home/michal/github/rdb-experiment/results_20260801_K22v5/tasks/M2/F2_ecg/rql/core.rql,25,"SELECT * STREAM mlii_win FROM mlii@(1,25)",
M2,F2,rql,C3d,RQL-C3d,rql,/home/michal/github/rdb-experiment/results_20260801_K22v5/tasks/M2/F2_ecg/rql/core.rql,25,"SELECT * STREAM mlii_win FROM mlii@(1,25)",
M2,F2,rql,C7,RQL-C7,rql,/home/michal/github/rdb-experiment/results_20260801_K22v5/tasks/M2/F2_ecg/rql/core.rql,26,SELECT mlii_win[_]*bpf[_] STREAM bp_acc FROM mlii_win+bpf,
M2,F2,rql,C7,RQL-C7,rql,/home/michal/github/rdb-experiment/results_20260801_K22v5/tasks/M2/F2_ecg/rql/core.rql,27,SELECT bp_acc[0]/1000 STREAM bp_out FROM bp_acc.sumc,
M2,F2,rql,C7,RQL-C7,rql,/home/michal/github/rdb-experiment/results_20260801_K22v5/tasks/M2/F2_ecg/rql/core.rql,29,"SELECT * STREAM bp_win FROM bp_out@(1,5)",
M2,F2,rql,C3d,RQL-C3d,rql,/home/michal/github/rdb-experiment/results_20260801_K22v5/tasks/M2/F2_ecg/rql/core.rql,29,"SELECT * STREAM bp_win FROM bp_out@(1,5)",
M2,F2,rql,C7,RQL-C7,rql,/home/michal/github/rdb-experiment/results_20260801_K22v5/tasks/M2/F2_ecg/rql/core.rql,30,SELECT bp_win[_]*df[_] STREAM d_acc FROM bp_win+df,
M2,F2,rql,C7,RQL-C7,rql,/home/michal/github/rdb-experiment/results_20260801_K22v5/tasks/M2/F2_ecg/rql/core.rql,31,SELECT d_acc[0] STREAM d_out FROM d_acc.sumc,
M2,F2,rql,C7,RQL-C7,rql,/home/michal/github/rdb-experiment/results_20260801_K22v5/tasks/M2/F2_ecg/rql/core.rql,33,SELECT d_out[0]*d_out[0]/1000 STREAM sq_out FROM d_out,
M2,F2,rql,C7,RQL-C7,rql,/home/michal/github/rdb-experiment/results_20260801_K22v5/tasks/M2/F2_ecg/rql/core.rql,35,"SELECT * STREAM mwi_win FROM sq_out@(1,45)",
M2,F2,rql,C3d,RQL-C3d,rql,/home/michal/github/rdb-experiment/results_20260801_K22v5/tasks/M2/F2_ecg/rql/core.rql,35,"SELECT * STREAM mwi_win FROM sq_out@(1,45)",
M2,F2,rql,C7,RQL-C7,rql,/home/michal/github/rdb-experiment/results_20260801_K22v5/tasks/M2/F2_ecg/rql/core.rql,36,SELECT mwi_win[0] STREAM mwi FROM mwi_win.avg,
M2,F2,rql,C7,RQL-C7,rql,/home/michal/github/rdb-experiment/results_20260801_K22v5/tasks/M2/F2_ecg/rql/core.rql,38,"SELECT * STREAM mwi_long FROM mwi@(1,180)",
M2,F2,rql,C3d,RQL-C3d,rql,/home/michal/github/rdb-experiment/results_20260801_K22v5/tasks/M2/F2_ecg/rql/core.rql,38,"SELECT * STREAM mwi_long FROM mwi@(1,180)",
M2,F2,rql,C7,RQL-C7,rql,/home/michal/github/rdb-experiment/results_20260801_K22v5/tasks/M2/F2_ecg/rql/core.rql,39,SELECT mwi_long[0] STREAM mwi_thr FROM mwi_long.avg,
M2,F2,rql,C7,RQL-C7,rql,/home/michal/github/rdb-experiment/results_20260801_K22v5/tasks/M2/F2_ecg/rql/core.rql,41,"SELECT mlii[0]-900, mwi[0]*5, (mwi[0]-mwi_thr[0]*2)*5 STREAM qrs_out FROM mlii+mwi+mwi_thr",
M2,F2,python,C4,PY-C4,run,/home/michal/github/rdb-experiment/results_20260801_K22v5/tasks/M2/F2_ecg/python/core.py,57,    t0 = time.monotonic_ns(),
M2,F2,python,C1,PY-C1-SLOT,run,/home/michal/github/rdb-experiment/results_20260801_K22v5/tasks/M2/F2_ecg/python/core.py,58,    for n in range(slots):,
M2,F2,python,C4,PY-C4,run,/home/michal/github/rdb-experiment/results_20260801_K22v5/tasks/M2/F2_ecg/python/core.py,59,        deadline = t0 + n * INTERVAL_NS,
M2,F2,python,C4,PY-C4,run,/home/michal/github/rdb-experiment/results_20260801_K22v5/tasks/M2/F2_ecg/python/core.py,60,        now = time.monotonic_ns(),
M2,F2,python,C1,PY-C1-NESTED,run,/home/michal/github/rdb-experiment/results_20260801_K22v5/tasks/M2/F2_ecg/python/core.py,65,"        for k in range(WIN_BP - 1, 0, -1):",
M2,F2,python,C4,PY-C4,run,/home/michal/github/rdb-experiment/results_20260801_K22v5/tasks/M2/F2_ecg/python/core.py,62,            time.sleep((deadline - now) / 1e9),
M2,F2,python,C1,PY-C1-NESTED,run,/home/michal/github/rdb-experiment/results_20260801_K22v5/tasks/M2/F2_ecg/python/core.py,71,"            for k in range(WIN_D - 1, 0, -1):",
M2,F2,python,C1,PY-C1-NESTED,run,/home/michal/github/rdb-experiment/results_20260801_K22v5/tasks/M2/F2_ecg/python/core.py,78,"                for k in range(WIN_MWI - 1, 0, -1):",
M2,F2,python,C1,PY-C1-NESTED,run,/home/michal/github/rdb-experiment/results_20260801_K22v5/tasks/M2/F2_ecg/python/core.py,85,"                    for k in range(WIN_THR - 1, 0, -1):",
M2,F2,python,C2,PY-C2-STATE,run,/home/michal/github/rdb-experiment/results_20260801_K22v5/tasks/M2/F2_ecg/python/core.py,50,    cnt_bp = 0,run.cnt_bp
M2,F2,python,C2,PY-C2-STATE,run,/home/michal/github/rdb-experiment/results_20260801_K22v5/tasks/M2/F2_ecg/python/core.py,51,    cnt_d = 0,run.cnt_d
M2,F2,python,C2,PY-C2-STATE,run,/home/michal/github/rdb-experiment/results_20260801_K22v5/tasks/M2/F2_ecg/python/core.py,52,    cnt_mwi = 0,run.cnt_mwi
M2,F2,python,C2,PY-C2-STATE,run,/home/michal/github/rdb-experiment/results_20260801_K22v5/tasks/M2/F2_ecg/python/core.py,53,    cnt_thr = 0,run.cnt_thr
M2,F2,python,C2,PY-C2-STATE,run,/home/michal/github/rdb-experiment/results_20260801_K22v5/tasks/M2/F2_ecg/python/core.py,54,    mwi_at = {},run.mwi_at
M2,F2,python,C2,PY-C2-STATE,run,/home/michal/github/rdb-experiment/results_20260801_K22v5/tasks/M2/F2_ecg/python/core.py,55,    thr_at = {},run.thr_at
M2,F2,python,C3,PY-C3-WINDOW,run,/home/michal/github/rdb-experiment/results_20260801_K22v5/tasks/M2/F2_ecg/python/core.py,46,    win_bp = [0] * WIN_BP,run.win_bp
M2,F2,python,C3,PY-C3-WINDOW,run,/home/michal/github/rdb-experiment/results_20260801_K22v5/tasks/M2/F2_ecg/python/core.py,47,    win_d = [0] * WIN_D,run.win_d
M2,F2,python,C3,PY-C3-WINDOW,run,/home/michal/github/rdb-experiment/results_20260801_K22v5/tasks/M2/F2_ecg/python/core.py,48,    win_mwi = [0] * WIN_MWI,run.win_mwi
M2,F2,python,C3,PY-C3-WINDOW,run,/home/michal/github/rdb-experiment/results_20260801_K22v5/tasks/M2/F2_ecg/python/core.py,49,    win_thr = [0] * WIN_THR,run.win_thr
M2,F2,python,C7,PY-C7,run,/home/michal/github/rdb-experiment/results_20260801_K22v5/tasks/M2/F2_ecg/python/core.py,39,"def run(mlii, bp_coef, d_coef, slots):",
M2,F2,python,C7,PY-C7,run,/home/michal/github/rdb-experiment/results_20260801_K22v5/tasks/M2/F2_ecg/python/core.py,40,"    """"""Zwraca listę (logical_index, [pole0, pole1, pole2]).""""""",
M2,F2,python,C7,PY-C7,run,/home/michal/github/rdb-experiment/results_20260801_K22v5/tasks/M2/F2_ecg/python/core.py,41,    WIN_BP = 25,
M2,F2,python,C7,PY-C7,run,/home/michal/github/rdb-experiment/results_20260801_K22v5/tasks/M2/F2_ecg/python/core.py,42,    WIN_D = 5,
M2,F2,python,C7,PY-C7,run,/home/michal/github/rdb-experiment/results_20260801_K22v5/tasks/M2/F2_ecg/python/core.py,43,    WIN_MWI = 45,
M2,F2,python,C7,PY-C7,run,/home/michal/github/rdb-experiment/results_20260801_K22v5/tasks/M2/F2_ecg/python/core.py,44,    WIN_THR = 180,
M2,F2,python,C7,PY-C7,run,/home/michal/github/rdb-experiment/results_20260801_K22v5/tasks/M2/F2_ecg/python/core.py,45,    INTERVAL_NS = 2_777_778,
M2,F2,python,C7,PY-C7,run,/home/michal/github/rdb-experiment/results_20260801_K22v5/tasks/M2/F2_ecg/python/core.py,56,    out = [],
M2,F2,python,C7,PY-C7,run,/home/michal/github/rdb-experiment/results_20260801_K22v5/tasks/M2/F2_ecg/python/core.py,61,        if now < deadline:,
M2,F2,python,C7,PY-C7,run,/home/michal/github/rdb-experiment/results_20260801_K22v5/tasks/M2/F2_ecg/python/core.py,63,        x = mlii[n],
M2,F2,python,C7,PY-C7,run,/home/michal/github/rdb-experiment/results_20260801_K22v5/tasks/M2/F2_ecg/python/core.py,69,        if cnt_bp >= WIN_BP:,
M2,F2,python,C7,PY-C7,run,/home/michal/github/rdb-experiment/results_20260801_K22v5/tasks/M2/F2_ecg/python/core.py,92,        if n in mwi_at and n in thr_at:,
M2,F2,python,C7,PY-C7,run,/home/michal/github/rdb-experiment/results_20260801_K22v5/tasks/M2/F2_ecg/python/core.py,66,            win_bp[k] = win_bp[k - 1],
M2,F2,python,C7,PY-C7,run,/home/michal/github/rdb-experiment/results_20260801_K22v5/tasks/M2/F2_ecg/python/core.py,70,"            bp = idiv(sumc([imul(win_bp[k], bp_coef[k]) for k in range(WIN_BP)]), 1000)",
M2,F2,python,C7,PY-C7,run,/home/michal/github/rdb-experiment/results_20260801_K22v5/tasks/M2/F2_ecg/python/core.py,75,            if cnt_d >= WIN_D:,
M2,F2,python,C7,PY-C7,run,/home/michal/github/rdb-experiment/results_20260801_K22v5/tasks/M2/F2_ecg/python/core.py,93,            m = mwi_at[n],
M2,F2,python,C7,PY-C7,run,/home/michal/github/rdb-experiment/results_20260801_K22v5/tasks/M2/F2_ecg/python/core.py,94,            t = thr_at[n],
M2,F2,python,C7,PY-C7,run,/home/michal/github/rdb-experiment/results_20260801_K22v5/tasks/M2/F2_ecg/python/core.py,95,"            out.append((n, [isub(x, 900), imul(m, 5), imul(isub(m, imul(t, 2)), 5)]))",
M2,F2,python,C7,PY-C7,run,/home/michal/github/rdb-experiment/results_20260801_K22v5/tasks/M2/F2_ecg/python/core.py,72,                win_d[k] = win_d[k - 1],
M2,F2,python,C7,PY-C7,run,/home/michal/github/rdb-experiment/results_20260801_K22v5/tasks/M2/F2_ecg/python/core.py,76,"                d = sumc([imul(win_d[k], d_coef[k]) for k in range(WIN_D)])",
M2,F2,python,C7,PY-C7,run,/home/michal/github/rdb-experiment/results_20260801_K22v5/tasks/M2/F2_ecg/python/core.py,77,"                sq = idiv(imul(d, d), 1000)",
M2,F2,python,C7,PY-C7,run,/home/michal/github/rdb-experiment/results_20260801_K22v5/tasks/M2/F2_ecg/python/core.py,82,                if cnt_mwi >= WIN_MWI:,
M2,F2,python,C7,PY-C7,run,/home/michal/github/rdb-experiment/results_20260801_K22v5/tasks/M2/F2_ecg/python/core.py,79,                    win_mwi[k] = win_mwi[k - 1],
M2,F2,python,C7,PY-C7,run,/home/michal/github/rdb-experiment/results_20260801_K22v5/tasks/M2/F2_ecg/python/core.py,83,                    mwi = avg(win_mwi),
M2,F2,python,C7,PY-C7,run,/home/michal/github/rdb-experiment/results_20260801_K22v5/tasks/M2/F2_ecg/python/core.py,89,                    if cnt_thr >= WIN_THR:,
M2,F2,python,C7,PY-C7,run,/home/michal/github/rdb-experiment/results_20260801_K22v5/tasks/M2/F2_ecg/python/core.py,86,                        win_thr[k] = win_thr[k - 1],
M2,F2,flink,C4,JAVA-C4,PacedSource,/home/michal/github/rdb-experiment/results_20260801_K22v5/tasks/M2/F2_ecg/flink/F2Ecg.java,65,      long t0 = System.nanoTime();,
M2,F2,flink,C1,JAVA-C1,PacedSource,/home/michal/github/rdb-experiment/results_20260801_K22v5/tasks/M2/F2_ecg/flink/F2Ecg.java,66,      for (long n = 0; n < slots && running; n++) {,
M2,F2,flink,C4,JAVA-C4,PacedSource,/home/michal/github/rdb-experiment/results_20260801_K22v5/tasks/M2/F2_ecg/flink/F2Ecg.java,67,        long deadline = t0 + n * INTERVAL_NS;,
M2,F2,flink,C4,JAVA-C4,PacedSource,/home/michal/github/rdb-experiment/results_20260801_K22v5/tasks/M2/F2_ecg/flink/F2Ecg.java,68,        long now = System.nanoTime();,
M2,F2,flink,C4,JAVA-C4,PacedSource,/home/michal/github/rdb-experiment/results_20260801_K22v5/tasks/M2/F2_ecg/flink/F2Ecg.java,71,"          Thread.sleep(sleepNs / 1_000_000L, (int) (sleepNs % 1_000_000L));",
M2,F2,flink,C1,JAVA-C1,BandPass,/home/michal/github/rdb-experiment/results_20260801_K22v5/tasks/M2/F2_ecg/flink/F2Ecg.java,105,      for (int k = WIN - 1; k > 0; k--) {,
M2,F2,flink,C5,JAVA-C5-WARMUP,BandPass,/home/michal/github/rdb-experiment/results_20260801_K22v5/tasks/M2/F2_ecg/flink/F2Ecg.java,110,      if (filled < WIN) {,
M2,F2,flink,C1,JAVA-C1,BandPass,/home/michal/github/rdb-experiment/results_20260801_K22v5/tasks/M2/F2_ecg/flink/F2Ecg.java,114,      for (int k = 0; k < WIN; k++) {,
M2,F2,flink,C1,JAVA-C1,BandPass.Derivative,/home/michal/github/rdb-experiment/results_20260801_K22v5/tasks/M2/F2_ecg/flink/F2Ecg.java,142,      for (int k = WIN - 1; k > 0; k--) {,
M2,F2,flink,C5,JAVA-C5-WARMUP,BandPass.Derivative,/home/michal/github/rdb-experiment/results_20260801_K22v5/tasks/M2/F2_ecg/flink/F2Ecg.java,147,      if (filled < WIN) {,
M2,F2,flink,C1,JAVA-C1,BandPass.Derivative,/home/michal/github/rdb-experiment/results_20260801_K22v5/tasks/M2/F2_ecg/flink/F2Ecg.java,151,      for (int k = 0; k < WIN; k++) {,
M2,F2,flink,C1,JAVA-C1,BandPass.Derivative.SquareMwi,/home/michal/github/rdb-experiment/results_20260801_K22v5/tasks/M2/F2_ecg/flink/F2Ecg.java,176,      for (int k = WIN - 1; k > 0; k--) {,
M2,F2,flink,C5,JAVA-C5-WARMUP,BandPass.Derivative.SquareMwi,/home/michal/github/rdb-experiment/results_20260801_K22v5/tasks/M2/F2_ecg/flink/F2Ecg.java,181,      if (filled < WIN) {,
M2,F2,flink,C1,JAVA-C1,BandPass.Derivative.SquareMwi,/home/michal/github/rdb-experiment/results_20260801_K22v5/tasks/M2/F2_ecg/flink/F2Ecg.java,185,      for (int k = 0; k < WIN; k++) {,
M2,F2,flink,C1,JAVA-C1,BandPass.Derivative.SquareMwi.Threshold,/home/michal/github/rdb-experiment/results_20260801_K22v5/tasks/M2/F2_ecg/flink/F2Ecg.java,208,      for (int k = WIN - 1; k > 0; k--) {,
M2,F2,flink,C5,JAVA-C5-WARMUP,BandPass.Derivative.SquareMwi.Threshold,/home/michal/github/rdb-experiment/results_20260801_K22v5/tasks/M2/F2_ecg/flink/F2Ecg.java,213,      if (filled < WIN) {,
M2,F2,flink,C1,JAVA-C1,BandPass.Derivative.SquareMwi.Threshold,/home/michal/github/rdb-experiment/results_20260801_K22v5/tasks/M2/F2_ecg/flink/F2Ecg.java,217,      for (int k = 0; k < WIN; k++) {,
M2,F2,flink,C3,JAVA-C3-WINDOW,BandPass,/home/michal/github/rdb-experiment/results_20260801_K22v5/tasks/M2/F2_ecg/flink/F2Ecg.java,89,    private int[] win;,BandPass.win
M2,F2,flink,C2,JAVA-C2-STATE,BandPass,/home/michal/github/rdb-experiment/results_20260801_K22v5/tasks/M2/F2_ecg/flink/F2Ecg.java,90,    private int filled;,BandPass.filled
M2,F2,flink,C3,JAVA-C3-WINDOW,BandPass.Derivative,/home/michal/github/rdb-experiment/results_20260801_K22v5/tasks/M2/F2_ecg/flink/F2Ecg.java,126,    private int[] win;,BandPass.Derivative.win
M2,F2,flink,C2,JAVA-C2-STATE,BandPass.Derivative,/home/michal/github/rdb-experiment/results_20260801_K22v5/tasks/M2/F2_ecg/flink/F2Ecg.java,127,    private int filled;,BandPass.Derivative.filled
M2,F2,flink,C3,JAVA-C3-WINDOW,BandPass.Derivative.SquareMwi,/home/michal/github/rdb-experiment/results_20260801_K22v5/tasks/M2/F2_ecg/flink/F2Ecg.java,162,    private int[] win;,BandPass.Derivative.SquareMwi.win
M2,F2,flink,C2,JAVA-C2-STATE,BandPass.Derivative.SquareMwi,/home/michal/github/rdb-experiment/results_20260801_K22v5/tasks/M2/F2_ecg/flink/F2Ecg.java,163,    private int filled;,BandPass.Derivative.SquareMwi.filled
M2,F2,flink,C3,JAVA-C3-WINDOW,BandPass.Derivative.SquareMwi.Threshold,/home/michal/github/rdb-experiment/results_20260801_K22v5/tasks/M2/F2_ecg/flink/F2Ecg.java,196,    private int[] win;,BandPass.Derivative.SquareMwi.Threshold.win
M2,F2,flink,C2,JAVA-C2-STATE,BandPass.Derivative.SquareMwi.Threshold,/home/michal/github/rdb-experiment/results_20260801_K22v5/tasks/M2/F2_ecg/flink/F2Ecg.java,197,    private int filled;,BandPass.Derivative.SquareMwi.Threshold.filled
M2,F2,flink,C2,JAVA-C2-STATE,BandPass.Derivative.SquareMwi.Threshold.Assemble,/home/michal/github/rdb-experiment/results_20260801_K22v5/tasks/M2/F2_ecg/flink/F2Ecg.java,232,"    private Map<Long, Integer> mliiAt;",BandPass.Derivative.SquareMwi.Threshold.Assemble.mliiAt
M2,F2,flink,C2,JAVA-C2-STATE,BandPass.Derivative.SquareMwi.Threshold.Assemble,/home/michal/github/rdb-experiment/results_20260801_K22v5/tasks/M2/F2_ecg/flink/F2Ecg.java,233,"    private Map<Long, Integer> mwiAt;",BandPass.Derivative.SquareMwi.Threshold.Assemble.mwiAt
M2,F2,flink,C2,JAVA-C2-STATE,BandPass.Derivative.SquareMwi.Threshold.Assemble,/home/michal/github/rdb-experiment/results_20260801_K22v5/tasks/M2/F2_ecg/flink/F2Ecg.java,234,"    private Map<Long, Integer> thrAt;",BandPass.Derivative.SquareMwi.Threshold.Assemble.thrAt
M2,F2,flink,C7,JAVA-C7,PacedSource,/home/michal/github/rdb-experiment/results_20260801_K22v5/tasks/M2/F2_ecg/flink/F2Ecg.java,52,"  static class PacedSource extends RichSourceFunction<Tuple5<Long, Integer, Integer, Integer, Integer>> {",
M2,F2,flink,C7,JAVA-C7,PacedSource,/home/michal/github/rdb-experiment/results_20260801_K22v5/tasks/M2/F2_ecg/flink/F2Ecg.java,53,    private static final long INTERVAL_NS = 2_777_778L;,
M2,F2,flink,C7,JAVA-C7,PacedSource,/home/michal/github/rdb-experiment/results_20260801_K22v5/tasks/M2/F2_ecg/flink/F2Ecg.java,54,    private final int[] mlii;,
M2,F2,flink,C7,JAVA-C7,PacedSource,/home/michal/github/rdb-experiment/results_20260801_K22v5/tasks/M2/F2_ecg/flink/F2Ecg.java,55,    private final long slots;,
M2,F2,flink,C7,JAVA-C7,PacedSource,/home/michal/github/rdb-experiment/results_20260801_K22v5/tasks/M2/F2_ecg/flink/F2Ecg.java,56,    private volatile boolean running = true;,
M2,F2,flink,C7,JAVA-C7,PacedSource,/home/michal/github/rdb-experiment/results_20260801_K22v5/tasks/M2/F2_ecg/flink/F2Ecg.java,59,      this.mlii = mlii;,
M2,F2,flink,C7,JAVA-C7,PacedSource,/home/michal/github/rdb-experiment/results_20260801_K22v5/tasks/M2/F2_ecg/flink/F2Ecg.java,60,      this.slots = slots;,
M2,F2,flink,C7,JAVA-C7,PacedSource,/home/michal/github/rdb-experiment/results_20260801_K22v5/tasks/M2/F2_ecg/flink/F2Ecg.java,64,"    public void run(SourceContext<Tuple5<Long, Integer, Integer, Integer, Integer>> ctx) throws Exception {",
M2,F2,flink,C7,JAVA-C7,PacedSource,/home/michal/github/rdb-experiment/results_20260801_K22v5/tasks/M2/F2_ecg/flink/F2Ecg.java,70,          long sleepNs = deadline - now;,
M2,F2,flink,C7,JAVA-C7,PacedSource,/home/michal/github/rdb-experiment/results_20260801_K22v5/tasks/M2/F2_ecg/flink/F2Ecg.java,73,        int x = mlii[(int) n];,
M2,F2,flink,C7,JAVA-C7,PacedSource,/home/michal/github/rdb-experiment/results_20260801_K22v5/tasks/M2/F2_ecg/flink/F2Ecg.java,74,"        ctx.collect(Tuple5.of(n, x, x, 0, 0));",
M2,F2,flink,C7,JAVA-C7,PacedSource,/home/michal/github/rdb-experiment/results_20260801_K22v5/tasks/M2/F2_ecg/flink/F2Ecg.java,79,    public void cancel() {,
M2,F2,flink,C7,JAVA-C7,PacedSource,/home/michal/github/rdb-experiment/results_20260801_K22v5/tasks/M2/F2_ecg/flink/F2Ecg.java,80,      running = false;,
M2,F2,flink,C7,JAVA-C7,BandPass,/home/michal/github/rdb-experiment/results_20260801_K22v5/tasks/M2/F2_ecg/flink/F2Ecg.java,85,"  static class BandPass extends RichFlatMapFunction<Tuple5<Long, Integer, Integer, Integer, Integer>,",
M2,F2,flink,C7,JAVA-C7,BandPass,/home/michal/github/rdb-experiment/results_20260801_K22v5/tasks/M2/F2_ecg/flink/F2Ecg.java,87,    private static final int WIN = 25;,
M2,F2,flink,C7,JAVA-C7,BandPass,/home/michal/github/rdb-experiment/results_20260801_K22v5/tasks/M2/F2_ecg/flink/F2Ecg.java,88,    private final int[] coef;,
M2,F2,flink,C7,JAVA-C7,BandPass,/home/michal/github/rdb-experiment/results_20260801_K22v5/tasks/M2/F2_ecg/flink/F2Ecg.java,93,      this.coef = coef;,
M2,F2,flink,C7,JAVA-C7,BandPass,/home/michal/github/rdb-experiment/results_20260801_K22v5/tasks/M2/F2_ecg/flink/F2Ecg.java,97,    public void open(OpenContext ctx) {,
M2,F2,flink,C7,JAVA-C7,BandPass,/home/michal/github/rdb-experiment/results_20260801_K22v5/tasks/M2/F2_ecg/flink/F2Ecg.java,98,      win = new int[WIN];,
M2,F2,flink,C7,JAVA-C7,BandPass,/home/michal/github/rdb-experiment/results_20260801_K22v5/tasks/M2/F2_ecg/flink/F2Ecg.java,99,      filled = 0;,
M2,F2,flink,C7,JAVA-C7,BandPass,/home/michal/github/rdb-experiment/results_20260801_K22v5/tasks/M2/F2_ecg/flink/F2Ecg.java,103,"    public void flatMap(Tuple5<Long, Integer, Integer, Integer, Integer> in,",
M2,F2,flink,C7,JAVA-C7,BandPass,/home/michal/github/rdb-experiment/results_20260801_K22v5/tasks/M2/F2_ecg/flink/F2Ecg.java,106,        win[k] = win[k - 1];,
M2,F2,flink,C7,JAVA-C7,BandPass,/home/michal/github/rdb-experiment/results_20260801_K22v5/tasks/M2/F2_ecg/flink/F2Ecg.java,108,      win[0] = in.f1;,
M2,F2,flink,C7,JAVA-C7,BandPass,/home/michal/github/rdb-experiment/results_20260801_K22v5/tasks/M2/F2_ecg/flink/F2Ecg.java,109,      filled = filled + 1;,
M2,F2,flink,C7,JAVA-C7,BandPass,/home/michal/github/rdb-experiment/results_20260801_K22v5/tasks/M2/F2_ecg/flink/F2Ecg.java,111,        return;,
M2,F2,flink,C7,JAVA-C7,BandPass,/home/michal/github/rdb-experiment/results_20260801_K22v5/tasks/M2/F2_ecg/flink/F2Ecg.java,113,      long acc = 0;,
M2,F2,flink,C7,JAVA-C7,BandPass,/home/michal/github/rdb-experiment/results_20260801_K22v5/tasks/M2/F2_ecg/flink/F2Ecg.java,115,        acc += (long) win[k] * coef[k];,
M2,F2,flink,C7,JAVA-C7,BandPass,/home/michal/github/rdb-experiment/results_20260801_K22v5/tasks/M2/F2_ecg/flink/F2Ecg.java,117,"      out.collect(Tuple5.of(in.f0, in.f1, truncDiv(acc, 1000), 0, 0));",
M2,F2,flink,C7,JAVA-C7,BandPass.Derivative,/home/michal/github/rdb-experiment/results_20260801_K22v5/tasks/M2/F2_ecg/flink/F2Ecg.java,122,"  static class Derivative extends RichFlatMapFunction<Tuple5<Long, Integer, Integer, Integer, Integer>,",
M2,F2,flink,C7,JAVA-C7,BandPass.Derivative,/home/michal/github/rdb-experiment/results_20260801_K22v5/tasks/M2/F2_ecg/flink/F2Ecg.java,124,    private static final int WIN = 5;,
M2,F2,flink,C7,JAVA-C7,BandPass.Derivative,/home/michal/github/rdb-experiment/results_20260801_K22v5/tasks/M2/F2_ecg/flink/F2Ecg.java,125,    private final int[] coef;,
M2,F2,flink,C7,JAVA-C7,BandPass.Derivative,/home/michal/github/rdb-experiment/results_20260801_K22v5/tasks/M2/F2_ecg/flink/F2Ecg.java,130,      this.coef = coef;,
M2,F2,flink,C7,JAVA-C7,BandPass.Derivative,/home/michal/github/rdb-experiment/results_20260801_K22v5/tasks/M2/F2_ecg/flink/F2Ecg.java,134,    public void open(OpenContext ctx) {,
M2,F2,flink,C7,JAVA-C7,BandPass.Derivative,/home/michal/github/rdb-experiment/results_20260801_K22v5/tasks/M2/F2_ecg/flink/F2Ecg.java,135,      win = new int[WIN];,
M2,F2,flink,C7,JAVA-C7,BandPass.Derivative,/home/michal/github/rdb-experiment/results_20260801_K22v5/tasks/M2/F2_ecg/flink/F2Ecg.java,136,      filled = 0;,
M2,F2,flink,C7,JAVA-C7,BandPass.Derivative,/home/michal/github/rdb-experiment/results_20260801_K22v5/tasks/M2/F2_ecg/flink/F2Ecg.java,140,"    public void flatMap(Tuple5<Long, Integer, Integer, Integer, Integer> in,",
M2,F2,flink,C7,JAVA-C7,BandPass.Derivative,/home/michal/github/rdb-experiment/results_20260801_K22v5/tasks/M2/F2_ecg/flink/F2Ecg.java,143,        win[k] = win[k - 1];,
M2,F2,flink,C7,JAVA-C7,BandPass.Derivative,/home/michal/github/rdb-experiment/results_20260801_K22v5/tasks/M2/F2_ecg/flink/F2Ecg.java,145,      win[0] = in.f2;,
M2,F2,flink,C7,JAVA-C7,BandPass.Derivative,/home/michal/github/rdb-experiment/results_20260801_K22v5/tasks/M2/F2_ecg/flink/F2Ecg.java,146,      filled = filled + 1;,
M2,F2,flink,C7,JAVA-C7,BandPass.Derivative,/home/michal/github/rdb-experiment/results_20260801_K22v5/tasks/M2/F2_ecg/flink/F2Ecg.java,148,        return;,
M2,F2,flink,C7,JAVA-C7,BandPass.Derivative,/home/michal/github/rdb-experiment/results_20260801_K22v5/tasks/M2/F2_ecg/flink/F2Ecg.java,150,      long acc = 0;,
M2,F2,flink,C7,JAVA-C7,BandPass.Derivative,/home/michal/github/rdb-experiment/results_20260801_K22v5/tasks/M2/F2_ecg/flink/F2Ecg.java,152,        acc += (long) win[k] * coef[k];,
M2,F2,flink,C7,JAVA-C7,BandPass.Derivative,/home/michal/github/rdb-experiment/results_20260801_K22v5/tasks/M2/F2_ecg/flink/F2Ecg.java,154,"      out.collect(Tuple5.of(in.f0, in.f1, truncDiv(acc, 1), 0, 0));",
M2,F2,flink,C7,JAVA-C7,BandPass.Derivative.SquareMwi,/home/michal/github/rdb-experiment/results_20260801_K22v5/tasks/M2/F2_ecg/flink/F2Ecg.java,159,"  static class SquareMwi extends RichFlatMapFunction<Tuple5<Long, Integer, Integer, Integer, Integer>,",
M2,F2,flink,C7,JAVA-C7,BandPass.Derivative.SquareMwi,/home/michal/github/rdb-experiment/results_20260801_K22v5/tasks/M2/F2_ecg/flink/F2Ecg.java,161,    private static final int WIN = 45;,
M2,F2,flink,C7,JAVA-C7,BandPass.Derivative.SquareMwi,/home/michal/github/rdb-experiment/results_20260801_K22v5/tasks/M2/F2_ecg/flink/F2Ecg.java,166,    public void open(OpenContext ctx) {,
M2,F2,flink,C7,JAVA-C7,BandPass.Derivative.SquareMwi,/home/michal/github/rdb-experiment/results_20260801_K22v5/tasks/M2/F2_ecg/flink/F2Ecg.java,167,      win = new int[WIN];,
M2,F2,flink,C7,JAVA-C7,BandPass.Derivative.SquareMwi,/home/michal/github/rdb-experiment/results_20260801_K22v5/tasks/M2/F2_ecg/flink/F2Ecg.java,168,      filled = 0;,
M2,F2,flink,C7,JAVA-C7,BandPass.Derivative.SquareMwi,/home/michal/github/rdb-experiment/results_20260801_K22v5/tasks/M2/F2_ecg/flink/F2Ecg.java,172,"    public void flatMap(Tuple5<Long, Integer, Integer, Integer, Integer> in,",
M2,F2,flink,C7,JAVA-C7,BandPass.Derivative.SquareMwi,/home/michal/github/rdb-experiment/results_20260801_K22v5/tasks/M2/F2_ecg/flink/F2Ecg.java,174,      long d = in.f2;,
M2,F2,flink,C7,JAVA-C7,BandPass.Derivative.SquareMwi,/home/michal/github/rdb-experiment/results_20260801_K22v5/tasks/M2/F2_ecg/flink/F2Ecg.java,175,"      int sq = truncDiv(d * d, 1000);",
M2,F2,flink,C7,JAVA-C7,BandPass.Derivative.SquareMwi,/home/michal/github/rdb-experiment/results_20260801_K22v5/tasks/M2/F2_ecg/flink/F2Ecg.java,177,        win[k] = win[k - 1];,
M2,F2,flink,C7,JAVA-C7,BandPass.Derivative.SquareMwi,/home/michal/github/rdb-experiment/results_20260801_K22v5/tasks/M2/F2_ecg/flink/F2Ecg.java,179,      win[0] = sq;,
M2,F2,flink,C7,JAVA-C7,BandPass.Derivative.SquareMwi,/home/michal/github/rdb-experiment/results_20260801_K22v5/tasks/M2/F2_ecg/flink/F2Ecg.java,180,      filled = filled + 1;,
M2,F2,flink,C7,JAVA-C7,BandPass.Derivative.SquareMwi,/home/michal/github/rdb-experiment/results_20260801_K22v5/tasks/M2/F2_ecg/flink/F2Ecg.java,182,        return;,
M2,F2,flink,C7,JAVA-C7,BandPass.Derivative.SquareMwi,/home/michal/github/rdb-experiment/results_20260801_K22v5/tasks/M2/F2_ecg/flink/F2Ecg.java,184,      long sum = 0;,
M2,F2,flink,C7,JAVA-C7,BandPass.Derivative.SquareMwi,/home/michal/github/rdb-experiment/results_20260801_K22v5/tasks/M2/F2_ecg/flink/F2Ecg.java,186,        sum += win[k];,
M2,F2,flink,C7,JAVA-C7,BandPass.Derivative.SquareMwi,/home/michal/github/rdb-experiment/results_20260801_K22v5/tasks/M2/F2_ecg/flink/F2Ecg.java,188,"      out.collect(Tuple5.of(in.f0, in.f1, sq, truncDiv(sum, WIN), 0));",
M2,F2,flink,C7,JAVA-C7,BandPass.Derivative.SquareMwi.Threshold,/home/michal/github/rdb-experiment/results_20260801_K22v5/tasks/M2/F2_ecg/flink/F2Ecg.java,193,"  static class Threshold extends RichFlatMapFunction<Tuple5<Long, Integer, Integer, Integer, Integer>,",
M2,F2,flink,C7,JAVA-C7,BandPass.Derivative.SquareMwi.Threshold,/home/michal/github/rdb-experiment/results_20260801_K22v5/tasks/M2/F2_ecg/flink/F2Ecg.java,195,    private static final int WIN = 180;,
M2,F2,flink,C7,JAVA-C7,BandPass.Derivative.SquareMwi.Threshold,/home/michal/github/rdb-experiment/results_20260801_K22v5/tasks/M2/F2_ecg/flink/F2Ecg.java,200,    public void open(OpenContext ctx) {,
M2,F2,flink,C7,JAVA-C7,BandPass.Derivative.SquareMwi.Threshold,/home/michal/github/rdb-experiment/results_20260801_K22v5/tasks/M2/F2_ecg/flink/F2Ecg.java,201,      win = new int[WIN];,
M2,F2,flink,C7,JAVA-C7,BandPass.Derivative.SquareMwi.Threshold,/home/michal/github/rdb-experiment/results_20260801_K22v5/tasks/M2/F2_ecg/flink/F2Ecg.java,202,      filled = 0;,
M2,F2,flink,C7,JAVA-C7,BandPass.Derivative.SquareMwi.Threshold,/home/michal/github/rdb-experiment/results_20260801_K22v5/tasks/M2/F2_ecg/flink/F2Ecg.java,206,"    public void flatMap(Tuple5<Long, Integer, Integer, Integer, Integer> in,",
M2,F2,flink,C7,JAVA-C7,BandPass.Derivative.SquareMwi.Threshold,/home/michal/github/rdb-experiment/results_20260801_K22v5/tasks/M2/F2_ecg/flink/F2Ecg.java,209,        win[k] = win[k - 1];,
M2,F2,flink,C7,JAVA-C7,BandPass.Derivative.SquareMwi.Threshold,/home/michal/github/rdb-experiment/results_20260801_K22v5/tasks/M2/F2_ecg/flink/F2Ecg.java,211,      win[0] = in.f3;,
M2,F2,flink,C7,JAVA-C7,BandPass.Derivative.SquareMwi.Threshold,/home/michal/github/rdb-experiment/results_20260801_K22v5/tasks/M2/F2_ecg/flink/F2Ecg.java,212,      filled = filled + 1;,
M2,F2,flink,C7,JAVA-C7,BandPass.Derivative.SquareMwi.Threshold,/home/michal/github/rdb-experiment/results_20260801_K22v5/tasks/M2/F2_ecg/flink/F2Ecg.java,214,        return;,
M2,F2,flink,C7,JAVA-C7,BandPass.Derivative.SquareMwi.Threshold,/home/michal/github/rdb-experiment/results_20260801_K22v5/tasks/M2/F2_ecg/flink/F2Ecg.java,216,      long sum = 0;,
M2,F2,flink,C7,JAVA-C7,BandPass.Derivative.SquareMwi.Threshold,/home/michal/github/rdb-experiment/results_20260801_K22v5/tasks/M2/F2_ecg/flink/F2Ecg.java,218,        sum += win[k];,
M2,F2,flink,C7,JAVA-C7,BandPass.Derivative.SquareMwi.Threshold,/home/michal/github/rdb-experiment/results_20260801_K22v5/tasks/M2/F2_ecg/flink/F2Ecg.java,220,"      out.collect(Tuple5.of(in.f0, in.f1, in.f2, in.f3, truncDiv(sum, WIN)));",
M2,F2,flink,C7,JAVA-C7,BandPass.Derivative.SquareMwi.Threshold.Assemble,/home/michal/github/rdb-experiment/results_20260801_K22v5/tasks/M2/F2_ecg/flink/F2Ecg.java,230,"  static class Assemble extends RichFlatMapFunction<Tuple5<Long, Integer, Integer, Integer, Integer>,",
M2,F2,flink,C7,JAVA-C7,BandPass.Derivative.SquareMwi.Threshold.Assemble,/home/michal/github/rdb-experiment/results_20260801_K22v5/tasks/M2/F2_ecg/flink/F2Ecg.java,237,    public void open(OpenContext ctx) {,
M2,F2,flink,C7,JAVA-C7,BandPass.Derivative.SquareMwi.Threshold.Assemble,/home/michal/github/rdb-experiment/results_20260801_K22v5/tasks/M2/F2_ecg/flink/F2Ecg.java,238,      mliiAt = new HashMap<>();,
M2,F2,flink,C7,JAVA-C7,BandPass.Derivative.SquareMwi.Threshold.Assemble,/home/michal/github/rdb-experiment/results_20260801_K22v5/tasks/M2/F2_ecg/flink/F2Ecg.java,239,      mwiAt = new HashMap<>();,
M2,F2,flink,C7,JAVA-C7,BandPass.Derivative.SquareMwi.Threshold.Assemble,/home/michal/github/rdb-experiment/results_20260801_K22v5/tasks/M2/F2_ecg/flink/F2Ecg.java,240,      thrAt = new HashMap<>();,
M2,F2,flink,C7,JAVA-C7,BandPass.Derivative.SquareMwi.Threshold.Assemble,/home/michal/github/rdb-experiment/results_20260801_K22v5/tasks/M2/F2_ecg/flink/F2Ecg.java,244,"    public void flatMap(Tuple5<Long, Integer, Integer, Integer, Integer> in,",
M2,F2,flink,C7,JAVA-C7,BandPass.Derivative.SquareMwi.Threshold.Assemble,/home/michal/github/rdb-experiment/results_20260801_K22v5/tasks/M2/F2_ecg/flink/F2Ecg.java,246,      long n = in.f0;,
M2,F2,flink,C7,JAVA-C7,BandPass.Derivative.SquareMwi.Threshold.Assemble,/home/michal/github/rdb-experiment/results_20260801_K22v5/tasks/M2/F2_ecg/flink/F2Ecg.java,247,"      mliiAt.put(n, in.f1);",
M2,F2,flink,C7,JAVA-C7,BandPass.Derivative.SquareMwi.Threshold.Assemble,/home/michal/github/rdb-experiment/results_20260801_K22v5/tasks/M2/F2_ecg/flink/F2Ecg.java,248,"      mwiAt.put(n + 3, in.f3);",
M2,F2,flink,C7,JAVA-C7,BandPass.Derivative.SquareMwi.Threshold.Assemble,/home/michal/github/rdb-experiment/results_20260801_K22v5/tasks/M2/F2_ecg/flink/F2Ecg.java,249,"      thrAt.put(n + 4, in.f4);",
M2,F2,flink,C7,JAVA-C7,BandPass.Derivative.SquareMwi.Threshold.Assemble,/home/michal/github/rdb-experiment/results_20260801_K22v5/tasks/M2/F2_ecg/flink/F2Ecg.java,250,      Integer raw = mliiAt.get(n);,
M2,F2,flink,C7,JAVA-C7,BandPass.Derivative.SquareMwi.Threshold.Assemble,/home/michal/github/rdb-experiment/results_20260801_K22v5/tasks/M2/F2_ecg/flink/F2Ecg.java,251,      Integer mwi = mwiAt.get(n);,
M2,F2,flink,C7,JAVA-C7,BandPass.Derivative.SquareMwi.Threshold.Assemble,/home/michal/github/rdb-experiment/results_20260801_K22v5/tasks/M2/F2_ecg/flink/F2Ecg.java,252,      Integer thr = thrAt.get(n);,
M2,F2,flink,C7,JAVA-C7,BandPass.Derivative.SquareMwi.Threshold.Assemble,/home/michal/github/rdb-experiment/results_20260801_K22v5/tasks/M2/F2_ecg/flink/F2Ecg.java,254,        return;,
M2,F2,flink,C7,JAVA-C7,BandPass.Derivative.SquareMwi.Threshold.Assemble,/home/michal/github/rdb-experiment/results_20260801_K22v5/tasks/M2/F2_ecg/flink/F2Ecg.java,256,"      out.collect(Tuple4.of(n, raw - 900, mwi * 5, (mwi - thr * 2) * 5));",
M2,F2,flink,C7,JAVA-C7,BandPass.Derivative.SquareMwi.Threshold.Assemble,/home/michal/github/rdb-experiment/results_20260801_K22v5/tasks/M2/F2_ecg/flink/F2Ecg.java,257,      mliiAt.remove(n);,
M2,F2,flink,C7,JAVA-C7,BandPass.Derivative.SquareMwi.Threshold.Assemble,/home/michal/github/rdb-experiment/results_20260801_K22v5/tasks/M2/F2_ecg/flink/F2Ecg.java,258,      mwiAt.remove(n);,
M2,F2,flink,C7,JAVA-C7,BandPass.Derivative.SquareMwi.Threshold.Assemble,/home/michal/github/rdb-experiment/results_20260801_K22v5/tasks/M2/F2_ecg/flink/F2Ecg.java,259,      thrAt.remove(n);,
M2,F2,flink,C7,JAVA-C7,BandPass.Derivative.SquareMwi.Threshold.Assemble,/home/michal/github/rdb-experiment/results_20260801_K22v5/tasks/M2/F2_ecg/flink/F2Ecg.java,353,"        env.addSource(new PacedSource(mlii, slots));",
M2,F2,flink,C7,JAVA-C7,BandPass.Derivative.SquareMwi.Threshold.Assemble,/home/michal/github/rdb-experiment/results_20260801_K22v5/tasks/M2/F2_ecg/flink/F2Ecg.java,354,    src.flatMap(new BandPass(bpCoef)),
M2,F2,flink,C7,JAVA-C7,BandPass.Derivative.SquareMwi.Threshold.Assemble,/home/michal/github/rdb-experiment/results_20260801_K22v5/tasks/M2/F2_ecg/flink/F2Ecg.java,355,        .flatMap(new Derivative(dCoef)),
M2,F2,flink,C7,JAVA-C7,BandPass.Derivative.SquareMwi.Threshold.Assemble,/home/michal/github/rdb-experiment/results_20260801_K22v5/tasks/M2/F2_ecg/flink/F2Ecg.java,356,        .flatMap(new SquareMwi()),
M2,F2,flink,C7,JAVA-C7,BandPass.Derivative.SquareMwi.Threshold.Assemble,/home/michal/github/rdb-experiment/results_20260801_K22v5/tasks/M2/F2_ecg/flink/F2Ecg.java,357,        .flatMap(new Threshold()),
M2,F2,flink,C7,JAVA-C7,BandPass.Derivative.SquareMwi.Threshold.Assemble,/home/michal/github/rdb-experiment/results_20260801_K22v5/tasks/M2/F2_ecg/flink/F2Ecg.java,358,        .flatMap(new Assemble()),
M2,F2,flink,C7,JAVA-C7,BandPass.Derivative.SquareMwi.Threshold.Assemble,/home/michal/github/rdb-experiment/results_20260801_K22v5/tasks/M2/F2_ecg/flink/F2Ecg.java,359,"        .addSink(new CanonicalSink(out, family, variant));",
M2,F3,rql,C7,RQL-C7,rql,/home/michal/github/rdb-experiment/results_20260801_K22v5/tasks/M2/F3_multirate/rql/core.rql,15,"DECLARE value INTEGER STREAM A, 1/10 FILE 'f3_a.txt'",
M2,F3,rql,C4d,RQL-C4d,rql,/home/michal/github/rdb-experiment/results_20260801_K22v5/tasks/M2/F3_multirate/rql/core.rql,15,"DECLARE value INTEGER STREAM A, 1/10 FILE 'f3_a.txt'",
M2,F3,rql,C7,RQL-C7,rql,/home/michal/github/rdb-experiment/results_20260801_K22v5/tasks/M2/F3_multirate/rql/core.rql,16,"DECLARE value INTEGER STREAM B, 1/5 FILE 'f3_b.txt'",
M2,F3,rql,C4d,RQL-C4d,rql,/home/michal/github/rdb-experiment/results_20260801_K22v5/tasks/M2/F3_multirate/rql/core.rql,16,"DECLARE value INTEGER STREAM B, 1/5 FILE 'f3_b.txt'",
M2,F3,rql,C7,RQL-C7,rql,/home/michal/github/rdb-experiment/results_20260801_K22v5/tasks/M2/F3_multirate/rql/core.rql,17,SELECT * STREAM f3_mix FROM (A>2)#(B>1),
M2,F3,rql,C7,RQL-C7,rql,/home/michal/github/rdb-experiment/results_20260801_K22v5/tasks/M2/F3_multirate/rql/core.rql,18,"SELECT * STREAM f3_win FROM f3_mix@(1,45)",
M2,F3,rql,C3d,RQL-C3d,rql,/home/michal/github/rdb-experiment/results_20260801_K22v5/tasks/M2/F3_multirate/rql/core.rql,18,"SELECT * STREAM f3_win FROM f3_mix@(1,45)",
M2,F3,rql,C7,RQL-C7,rql,/home/michal/github/rdb-experiment/results_20260801_K22v5/tasks/M2/F3_multirate/rql/core.rql,19,SELECT f3_win[0] STREAM f3_out FROM f3_win.avg,
M2,F3,python,C5,PY-C5-CONSTANT,run,/home/michal/github/rdb-experiment/results_20260801_K22v5/tasks/M2/F3_multirate/python/core.py,50,    SHIFT = 5,
M2,F3,python,C4,PY-C4,run,/home/michal/github/rdb-experiment/results_20260801_K22v5/tasks/M2/F3_multirate/python/core.py,59,    t0 = time.monotonic_ns(),
M2,F3,python,C1,PY-C1-SLOT,run,/home/michal/github/rdb-experiment/results_20260801_K22v5/tasks/M2/F3_multirate/python/core.py,60,    for r in range(slots):,
M2,F3,python,C4,PY-C4,run,/home/michal/github/rdb-experiment/results_20260801_K22v5/tasks/M2/F3_multirate/python/core.py,61,        deadline = t0 + r * INTERVAL_NS,
M2,F3,python,C4,PY-C4,run,/home/michal/github/rdb-experiment/results_20260801_K22v5/tasks/M2/F3_multirate/python/core.py,62,        now = time.monotonic_ns(),
M2,F3,python,C1,PY-C1-NESTED,run,/home/michal/github/rdb-experiment/results_20260801_K22v5/tasks/M2/F3_multirate/python/core.py,73,"        for k in range(WIN - 1, 0, -1):",
M2,F3,python,C5,PY-C5-WARMUP,run,/home/michal/github/rdb-experiment/results_20260801_K22v5/tasks/M2/F3_multirate/python/core.py,77,        if filled < WIN:,
M2,F3,python,C4,PY-C4,run,/home/michal/github/rdb-experiment/results_20260801_K22v5/tasks/M2/F3_multirate/python/core.py,64,            time.sleep((deadline - now) / 1e9),
M2,F3,python,C2,PY-C2-STATE,run,/home/michal/github/rdb-experiment/results_20260801_K22v5/tasks/M2/F3_multirate/python/core.py,57,    filled = 0,run.filled
M2,F3,python,C2,PY-C2-STATE,run,/home/michal/github/rdb-experiment/results_20260801_K22v5/tasks/M2/F3_multirate/python/core.py,54,    ia = 0,run.ia
M2,F3,python,C2,PY-C2-STATE,run,/home/michal/github/rdb-experiment/results_20260801_K22v5/tasks/M2/F3_multirate/python/core.py,55,    ib = 0,run.ib
M2,F3,python,C2,PY-C2-STATE,run,/home/michal/github/rdb-experiment/results_20260801_K22v5/tasks/M2/F3_multirate/python/core.py,52,    ua = 0,run.ua
M2,F3,python,C2,PY-C2-STATE,run,/home/michal/github/rdb-experiment/results_20260801_K22v5/tasks/M2/F3_multirate/python/core.py,53,    ub = 0,run.ub
M2,F3,python,C3,PY-C3-WINDOW,run,/home/michal/github/rdb-experiment/results_20260801_K22v5/tasks/M2/F3_multirate/python/core.py,56,    win = [0] * WIN,run.win
M2,F3,python,C7,PY-C7,run,/home/michal/github/rdb-experiment/results_20260801_K22v5/tasks/M2/F3_multirate/python/core.py,45,"def run(a_values, b_values, slots):",
M2,F3,python,C7,PY-C7,run,/home/michal/github/rdb-experiment/results_20260801_K22v5/tasks/M2/F3_multirate/python/core.py,46,"    """"""Zwraca listę (logical_index, wartość) dla `slots` zdarzeń scalonych.""""""",
M2,F3,python,C7,PY-C7,run,/home/michal/github/rdb-experiment/results_20260801_K22v5/tasks/M2/F3_multirate/python/core.py,47,    UNIT_A = 3,
M2,F3,python,C7,PY-C7,run,/home/michal/github/rdb-experiment/results_20260801_K22v5/tasks/M2/F3_multirate/python/core.py,48,    UNIT_B = 6,
M2,F3,python,C7,PY-C7,run,/home/michal/github/rdb-experiment/results_20260801_K22v5/tasks/M2/F3_multirate/python/core.py,49,    INTERVAL_NS = 66_666_667,
M2,F3,python,C7,PY-C7,run,/home/michal/github/rdb-experiment/results_20260801_K22v5/tasks/M2/F3_multirate/python/core.py,51,    WIN = 45,
M2,F3,python,C7,PY-C7,run,/home/michal/github/rdb-experiment/results_20260801_K22v5/tasks/M2/F3_multirate/python/core.py,58,    out = [],
M2,F3,python,C7,PY-C7,run,/home/michal/github/rdb-experiment/results_20260801_K22v5/tasks/M2/F3_multirate/python/core.py,63,        if now < deadline:,
M2,F3,python,C7,PY-C7,run,/home/michal/github/rdb-experiment/results_20260801_K22v5/tasks/M2/F3_multirate/python/core.py,65,        if ub <= ua:,
M2,F3,python,C7,PY-C7,run,/home/michal/github/rdb-experiment/results_20260801_K22v5/tasks/M2/F3_multirate/python/core.py,79,"        out.append((SHIFT + r + 1, avg(win)))",
M2,F3,python,C7,PY-C7,run,/home/michal/github/rdb-experiment/results_20260801_K22v5/tasks/M2/F3_multirate/python/core.py,66,            value = b_values[ib],
M2,F3,python,C7,PY-C7,run,/home/michal/github/rdb-experiment/results_20260801_K22v5/tasks/M2/F3_multirate/python/core.py,70,            value = a_values[ia],
M2,F3,python,C7,PY-C7,run,/home/michal/github/rdb-experiment/results_20260801_K22v5/tasks/M2/F3_multirate/python/core.py,74,            win[k] = win[k - 1],
M2,F3,python,C7,PY-C7,run,/home/michal/github/rdb-experiment/results_20260801_K22v5/tasks/M2/F3_multirate/python/core.py,78,            continue,
M2,F3,flink,C5,JAVA-C5-CONSTANT,MergedSource,/home/michal/github/rdb-experiment/results_20260801_K22v5/tasks/M2/F3_multirate/flink/F3Multirate.java,42,    private static final int TAIL = 5;,
M2,F3,flink,C4,JAVA-C4,MergedSource,/home/michal/github/rdb-experiment/results_20260801_K22v5/tasks/M2/F3_multirate/flink/F3Multirate.java,60,      long t0 = System.nanoTime();,
M2,F3,flink,C1,JAVA-C1,MergedSource,/home/michal/github/rdb-experiment/results_20260801_K22v5/tasks/M2/F3_multirate/flink/F3Multirate.java,61,      for (long r = 0; r < slots && running; r++) {,
M2,F3,flink,C4,JAVA-C4,MergedSource,/home/michal/github/rdb-experiment/results_20260801_K22v5/tasks/M2/F3_multirate/flink/F3Multirate.java,62,        long deadline = t0 + r * INTERVAL_NS;,
M2,F3,flink,C4,JAVA-C4,MergedSource,/home/michal/github/rdb-experiment/results_20260801_K22v5/tasks/M2/F3_multirate/flink/F3Multirate.java,63,        long now = System.nanoTime();,
M2,F3,flink,C4,JAVA-C4,MergedSource,/home/michal/github/rdb-experiment/results_20260801_K22v5/tasks/M2/F3_multirate/flink/F3Multirate.java,66,"          Thread.sleep(sleepNs / 1_000_000L, (int) (sleepNs % 1_000_000L));",
M2,F3,flink,C1,JAVA-C1,Aggregate,/home/michal/github/rdb-experiment/results_20260801_K22v5/tasks/M2/F3_multirate/flink/F3Multirate.java,105,      for (int k = WIN - 1; k > 0; k--) {,
M2,F3,flink,C5,JAVA-C5-WARMUP,Aggregate,/home/michal/github/rdb-experiment/results_20260801_K22v5/tasks/M2/F3_multirate/flink/F3Multirate.java,110,      if (filled < WIN) {,
M2,F3,flink,C1,JAVA-C1,Aggregate,/home/michal/github/rdb-experiment/results_20260801_K22v5/tasks/M2/F3_multirate/flink/F3Multirate.java,114,      for (int k = 0; k < WIN; k++) {,
M2,F3,flink,C3,JAVA-C3-WINDOW,Aggregate,/home/michal/github/rdb-experiment/results_20260801_K22v5/tasks/M2/F3_multirate/flink/F3Multirate.java,94,    private int[] win;,Aggregate.win
M2,F3,flink,C2,JAVA-C2-STATE,Aggregate,/home/michal/github/rdb-experiment/results_20260801_K22v5/tasks/M2/F3_multirate/flink/F3Multirate.java,95,    private int filled;,Aggregate.filled
M2,F3,flink,C7,JAVA-C7,MergedSource,/home/michal/github/rdb-experiment/results_20260801_K22v5/tasks/M2/F3_multirate/flink/F3Multirate.java,38,"  static class MergedSource extends RichSourceFunction<Tuple2<Long, Integer>> {",
M2,F3,flink,C7,JAVA-C7,MergedSource,/home/michal/github/rdb-experiment/results_20260801_K22v5/tasks/M2/F3_multirate/flink/F3Multirate.java,39,    private static final long INTERVAL_NS = 66_666_667L;,
M2,F3,flink,C7,JAVA-C7,MergedSource,/home/michal/github/rdb-experiment/results_20260801_K22v5/tasks/M2/F3_multirate/flink/F3Multirate.java,40,    private static final int UNIT_A = 3;,
M2,F3,flink,C7,JAVA-C7,MergedSource,/home/michal/github/rdb-experiment/results_20260801_K22v5/tasks/M2/F3_multirate/flink/F3Multirate.java,41,    private static final int UNIT_B = 6;,
M2,F3,flink,C7,JAVA-C7,MergedSource,/home/michal/github/rdb-experiment/results_20260801_K22v5/tasks/M2/F3_multirate/flink/F3Multirate.java,43,    private final int[] a;,
M2,F3,flink,C7,JAVA-C7,MergedSource,/home/michal/github/rdb-experiment/results_20260801_K22v5/tasks/M2/F3_multirate/flink/F3Multirate.java,44,    private final int[] b;,
M2,F3,flink,C7,JAVA-C7,MergedSource,/home/michal/github/rdb-experiment/results_20260801_K22v5/tasks/M2/F3_multirate/flink/F3Multirate.java,45,    private final long slots;,
M2,F3,flink,C7,JAVA-C7,MergedSource,/home/michal/github/rdb-experiment/results_20260801_K22v5/tasks/M2/F3_multirate/flink/F3Multirate.java,46,    private volatile boolean running = true;,
M2,F3,flink,C7,JAVA-C7,MergedSource,/home/michal/github/rdb-experiment/results_20260801_K22v5/tasks/M2/F3_multirate/flink/F3Multirate.java,49,      this.a = a;,
M2,F3,flink,C7,JAVA-C7,MergedSource,/home/michal/github/rdb-experiment/results_20260801_K22v5/tasks/M2/F3_multirate/flink/F3Multirate.java,50,      this.b = b;,
M2,F3,flink,C7,JAVA-C7,MergedSource,/home/michal/github/rdb-experiment/results_20260801_K22v5/tasks/M2/F3_multirate/flink/F3Multirate.java,51,      this.slots = slots;,
M2,F3,flink,C7,JAVA-C7,MergedSource,/home/michal/github/rdb-experiment/results_20260801_K22v5/tasks/M2/F3_multirate/flink/F3Multirate.java,55,"    public void run(SourceContext<Tuple2<Long, Integer>> ctx) throws Exception {",
M2,F3,flink,C7,JAVA-C7,MergedSource,/home/michal/github/rdb-experiment/results_20260801_K22v5/tasks/M2/F3_multirate/flink/F3Multirate.java,56,      long ua = 0;,
M2,F3,flink,C7,JAVA-C7,MergedSource,/home/michal/github/rdb-experiment/results_20260801_K22v5/tasks/M2/F3_multirate/flink/F3Multirate.java,57,      long ub = 0;,
M2,F3,flink,C7,JAVA-C7,MergedSource,/home/michal/github/rdb-experiment/results_20260801_K22v5/tasks/M2/F3_multirate/flink/F3Multirate.java,58,      int ia = 0;,
M2,F3,flink,C7,JAVA-C7,MergedSource,/home/michal/github/rdb-experiment/results_20260801_K22v5/tasks/M2/F3_multirate/flink/F3Multirate.java,59,      int ib = 0;,
M2,F3,flink,C7,JAVA-C7,MergedSource,/home/michal/github/rdb-experiment/results_20260801_K22v5/tasks/M2/F3_multirate/flink/F3Multirate.java,65,          long sleepNs = deadline - now;,
M2,F3,flink,C7,JAVA-C7,MergedSource,/home/michal/github/rdb-experiment/results_20260801_K22v5/tasks/M2/F3_multirate/flink/F3Multirate.java,68,        int value;,
M2,F3,flink,C7,JAVA-C7,MergedSource,/home/michal/github/rdb-experiment/results_20260801_K22v5/tasks/M2/F3_multirate/flink/F3Multirate.java,70,          value = b[ib];,
M2,F3,flink,C7,JAVA-C7,MergedSource,/home/michal/github/rdb-experiment/results_20260801_K22v5/tasks/M2/F3_multirate/flink/F3Multirate.java,71,          ib = ib + 1;,
M2,F3,flink,C7,JAVA-C7,MergedSource,/home/michal/github/rdb-experiment/results_20260801_K22v5/tasks/M2/F3_multirate/flink/F3Multirate.java,72,          ub = ub + UNIT_B;,
M2,F3,flink,C7,JAVA-C7,MergedSource,/home/michal/github/rdb-experiment/results_20260801_K22v5/tasks/M2/F3_multirate/flink/F3Multirate.java,74,          value = a[ia];,
M2,F3,flink,C7,JAVA-C7,MergedSource,/home/michal/github/rdb-experiment/results_20260801_K22v5/tasks/M2/F3_multirate/flink/F3Multirate.java,75,          ia = ia + 1;,
M2,F3,flink,C7,JAVA-C7,MergedSource,/home/michal/github/rdb-experiment/results_20260801_K22v5/tasks/M2/F3_multirate/flink/F3Multirate.java,76,          ua = ua + UNIT_A;,
M2,F3,flink,C7,JAVA-C7,MergedSource,/home/michal/github/rdb-experiment/results_20260801_K22v5/tasks/M2/F3_multirate/flink/F3Multirate.java,78,"        ctx.collect(Tuple2.of(TAIL + r, value));",
M2,F3,flink,C7,JAVA-C7,MergedSource,/home/michal/github/rdb-experiment/results_20260801_K22v5/tasks/M2/F3_multirate/flink/F3Multirate.java,83,    public void cancel() {,
M2,F3,flink,C7,JAVA-C7,MergedSource,/home/michal/github/rdb-experiment/results_20260801_K22v5/tasks/M2/F3_multirate/flink/F3Multirate.java,84,      running = false;,
M2,F3,flink,C7,JAVA-C7,Aggregate,/home/michal/github/rdb-experiment/results_20260801_K22v5/tasks/M2/F3_multirate/flink/F3Multirate.java,92,"  static class Aggregate extends RichFlatMapFunction<Tuple2<Long, Integer>, Tuple2<Long, Integer>> {",
M2,F3,flink,C7,JAVA-C7,Aggregate,/home/michal/github/rdb-experiment/results_20260801_K22v5/tasks/M2/F3_multirate/flink/F3Multirate.java,93,    private static final int WIN = 45;,
M2,F3,flink,C7,JAVA-C7,Aggregate,/home/michal/github/rdb-experiment/results_20260801_K22v5/tasks/M2/F3_multirate/flink/F3Multirate.java,98,    public void open(OpenContext ctx) {,
M2,F3,flink,C7,JAVA-C7,Aggregate,/home/michal/github/rdb-experiment/results_20260801_K22v5/tasks/M2/F3_multirate/flink/F3Multirate.java,99,      win = new int[WIN];,
M2,F3,flink,C7,JAVA-C7,Aggregate,/home/michal/github/rdb-experiment/results_20260801_K22v5/tasks/M2/F3_multirate/flink/F3Multirate.java,100,      filled = 0;,
M2,F3,flink,C7,JAVA-C7,Aggregate,/home/michal/github/rdb-experiment/results_20260801_K22v5/tasks/M2/F3_multirate/flink/F3Multirate.java,104,"    public void flatMap(Tuple2<Long, Integer> in, Collector<Tuple2<Long, Integer>> out) {",
M2,F3,flink,C7,JAVA-C7,Aggregate,/home/michal/github/rdb-experiment/results_20260801_K22v5/tasks/M2/F3_multirate/flink/F3Multirate.java,106,        win[k] = win[k - 1];,
M2,F3,flink,C7,JAVA-C7,Aggregate,/home/michal/github/rdb-experiment/results_20260801_K22v5/tasks/M2/F3_multirate/flink/F3Multirate.java,108,      win[0] = in.f1;,
M2,F3,flink,C7,JAVA-C7,Aggregate,/home/michal/github/rdb-experiment/results_20260801_K22v5/tasks/M2/F3_multirate/flink/F3Multirate.java,109,      filled = filled + 1;,
M2,F3,flink,C7,JAVA-C7,Aggregate,/home/michal/github/rdb-experiment/results_20260801_K22v5/tasks/M2/F3_multirate/flink/F3Multirate.java,111,        return;,
M2,F3,flink,C7,JAVA-C7,Aggregate,/home/michal/github/rdb-experiment/results_20260801_K22v5/tasks/M2/F3_multirate/flink/F3Multirate.java,113,      long sum = 0;,
M2,F3,flink,C7,JAVA-C7,Aggregate,/home/michal/github/rdb-experiment/results_20260801_K22v5/tasks/M2/F3_multirate/flink/F3Multirate.java,115,        sum += win[k];,
M2,F3,flink,C7,JAVA-C7,Aggregate,/home/michal/github/rdb-experiment/results_20260801_K22v5/tasks/M2/F3_multirate/flink/F3Multirate.java,117,"      out.collect(Tuple2.of(in.f0 + 1, (int) (sum / WIN)));",
M2,F3,flink,C7,JAVA-C7,topology,/home/michal/github/rdb-experiment/results_20260801_K22v5/tasks/M2/F3_multirate/flink/F3Multirate.java,188,"    DataStream<Tuple2<Long, Integer>> src = env.addSource(new MergedSource(a, b, slots));",
M2,F3,flink,C7,JAVA-C7,topology,/home/michal/github/rdb-experiment/results_20260801_K22v5/tasks/M2/F3_multirate/flink/F3Multirate.java,189,"    src.flatMap(new Aggregate()).addSink(new CanonicalSink(out, family, variant));",
M3,F1,rql,C7,RQL-C7,rql,/home/michal/github/rdb-experiment/results_20260801_K22v5/tasks/M3/F1_fir/rql/core.rql,16,"DECLARE x INTEGER STREAM src, 1/750 FILE 'f1_source.txt'",
M3,F1,rql,C4d,RQL-C4d,rql,/home/michal/github/rdb-experiment/results_20260801_K22v5/tasks/M3/F1_fir/rql/core.rql,16,"DECLARE x INTEGER STREAM src, 1/750 FILE 'f1_source.txt'",
M3,F1,rql,C7,RQL-C7,rql,/home/michal/github/rdb-experiment/results_20260801_K22v5/tasks/M3/F1_fir/rql/core.rql,17,"DECLARE c INTEGER[26] STREAM coef, 1 FILE 'f1_coef.txt'",
M3,F1,rql,C4d,RQL-C4d,rql,/home/michal/github/rdb-experiment/results_20260801_K22v5/tasks/M3/F1_fir/rql/core.rql,17,"DECLARE c INTEGER[26] STREAM coef, 1 FILE 'f1_coef.txt'",
M3,F1,rql,C7,RQL-C7,rql,/home/michal/github/rdb-experiment/results_20260801_K22v5/tasks/M3/F1_fir/rql/core.rql,18,"SELECT * STREAM win FROM src@(1,26)",
M3,F1,rql,C3d,RQL-C3d,rql,/home/michal/github/rdb-experiment/results_20260801_K22v5/tasks/M3/F1_fir/rql/core.rql,18,"SELECT * STREAM win FROM src@(1,26)",
M3,F1,rql,C7,RQL-C7,rql,/home/michal/github/rdb-experiment/results_20260801_K22v5/tasks/M3/F1_fir/rql/core.rql,19,SELECT win[_]*coef[_] STREAM acc FROM win+coef,
M3,F1,rql,C7,RQL-C7,rql,/home/michal/github/rdb-experiment/results_20260801_K22v5/tasks/M3/F1_fir/rql/core.rql,20,SELECT acc[0]/26/1000 STREAM f1_out FROM acc.sumc,
M3,F1,python,C4,PY-C4,run,/home/michal/github/rdb-experiment/results_20260801_K22v5/tasks/M3/F1_fir/python/core.py,41,    t0 = time.monotonic_ns(),
M3,F1,python,C1,PY-C1-SLOT,run,/home/michal/github/rdb-experiment/results_20260801_K22v5/tasks/M3/F1_fir/python/core.py,42,    for n in range(slots):,
M3,F1,python,C4,PY-C4,run,/home/michal/github/rdb-experiment/results_20260801_K22v5/tasks/M3/F1_fir/python/core.py,43,        deadline = t0 + n * INTERVAL_NS,
M3,F1,python,C4,PY-C4,run,/home/michal/github/rdb-experiment/results_20260801_K22v5/tasks/M3/F1_fir/python/core.py,44,        now = time.monotonic_ns(),
M3,F1,python,C1,PY-C1-NESTED,run,/home/michal/github/rdb-experiment/results_20260801_K22v5/tasks/M3/F1_fir/python/core.py,48,"        for k in range(WIN - 1, 0, -1):",
M3,F1,python,C5,PY-C5-WARMUP,run,/home/michal/github/rdb-experiment/results_20260801_K22v5/tasks/M3/F1_fir/python/core.py,51,        if n < WIN - 1:,
M3,F1,python,C4,PY-C4,run,/home/michal/github/rdb-experiment/results_20260801_K22v5/tasks/M3/F1_fir/python/core.py,46,            time.sleep((deadline - now) / 1e9),
M3,F1,python,C3,PY-C3-WINDOW,run,/home/michal/github/rdb-experiment/results_20260801_K22v5/tasks/M3/F1_fir/python/core.py,39,    win = [0] * WIN,run.win
M3,F1,python,C7,PY-C7,run,/home/michal/github/rdb-experiment/results_20260801_K22v5/tasks/M3/F1_fir/python/core.py,35,"def run(samples, coef, slots):",
M3,F1,python,C7,PY-C7,run,/home/michal/github/rdb-experiment/results_20260801_K22v5/tasks/M3/F1_fir/python/core.py,36,"    """"""Zwraca listę (logical_index, wartość) dla `slots` slotów.""""""",
M3,F1,python,C7,PY-C7,run,/home/michal/github/rdb-experiment/results_20260801_K22v5/tasks/M3/F1_fir/python/core.py,37,    WIN = 26,
M3,F1,python,C7,PY-C7,run,/home/michal/github/rdb-experiment/results_20260801_K22v5/tasks/M3/F1_fir/python/core.py,38,    INTERVAL_NS = 1_333_333,
M3,F1,python,C7,PY-C7,run,/home/michal/github/rdb-experiment/results_20260801_K22v5/tasks/M3/F1_fir/python/core.py,40,    out = [],
M3,F1,python,C7,PY-C7,run,/home/michal/github/rdb-experiment/results_20260801_K22v5/tasks/M3/F1_fir/python/core.py,45,        if now < deadline:,
M3,F1,python,C7,PY-C7,run,/home/michal/github/rdb-experiment/results_20260801_K22v5/tasks/M3/F1_fir/python/core.py,47,        x = samples[n],
M3,F1,python,C7,PY-C7,run,/home/michal/github/rdb-experiment/results_20260801_K22v5/tasks/M3/F1_fir/python/core.py,53,"        acc = sumc([imul(win[k], coef[k]) for k in range(WIN)])",
M3,F1,python,C7,PY-C7,run,/home/michal/github/rdb-experiment/results_20260801_K22v5/tasks/M3/F1_fir/python/core.py,54,"        y = idiv(idiv(acc, WIN), 1000)",
M3,F1,python,C7,PY-C7,run,/home/michal/github/rdb-experiment/results_20260801_K22v5/tasks/M3/F1_fir/python/core.py,55,"        out.append((n + 1, y))",
M3,F1,python,C7,PY-C7,run,/home/michal/github/rdb-experiment/results_20260801_K22v5/tasks/M3/F1_fir/python/core.py,49,            win[k] = win[k - 1],
M3,F1,python,C7,PY-C7,run,/home/michal/github/rdb-experiment/results_20260801_K22v5/tasks/M3/F1_fir/python/core.py,52,            continue,
M3,F1,flink,C4,JAVA-C4,PacedSource,/home/michal/github/rdb-experiment/results_20260801_K22v5/tasks/M3/F1_fir/flink/F1Fir.java,47,      long t0 = System.nanoTime();,
M3,F1,flink,C1,JAVA-C1,PacedSource,/home/michal/github/rdb-experiment/results_20260801_K22v5/tasks/M3/F1_fir/flink/F1Fir.java,48,      for (long n = 0; n < slots && running; n++) {,
M3,F1,flink,C4,JAVA-C4,PacedSource,/home/michal/github/rdb-experiment/results_20260801_K22v5/tasks/M3/F1_fir/flink/F1Fir.java,49,        long deadline = t0 + n * INTERVAL_NS;,
M3,F1,flink,C4,JAVA-C4,PacedSource,/home/michal/github/rdb-experiment/results_20260801_K22v5/tasks/M3/F1_fir/flink/F1Fir.java,50,        long now = System.nanoTime();,
M3,F1,flink,C4,JAVA-C4,PacedSource,/home/michal/github/rdb-experiment/results_20260801_K22v5/tasks/M3/F1_fir/flink/F1Fir.java,53,"          Thread.sleep(sleepNs / 1_000_000L, (int) (sleepNs % 1_000_000L));",
M3,F1,flink,C1,JAVA-C1,Fir,/home/michal/github/rdb-experiment/results_20260801_K22v5/tasks/M3/F1_fir/flink/F1Fir.java,81,      for (int k = WIN - 1; k > 0; k--) {,
M3,F1,flink,C5,JAVA-C5-WARMUP,Fir,/home/michal/github/rdb-experiment/results_20260801_K22v5/tasks/M3/F1_fir/flink/F1Fir.java,85,      if (in.f0 < WIN - 1) {,
M3,F1,flink,C1,JAVA-C1,Fir,/home/michal/github/rdb-experiment/results_20260801_K22v5/tasks/M3/F1_fir/flink/F1Fir.java,89,      for (int k = 0; k < WIN; k++) {,
M3,F1,flink,C3,JAVA-C3-WINDOW,Fir,/home/michal/github/rdb-experiment/results_20260801_K22v5/tasks/M3/F1_fir/flink/F1Fir.java,68,    private int[] win;,Fir.win
M3,F1,flink,C7,JAVA-C7,PacedSource,/home/michal/github/rdb-experiment/results_20260801_K22v5/tasks/M3/F1_fir/flink/F1Fir.java,34,"  static class PacedSource extends RichSourceFunction<Tuple2<Long, Integer>> {",
M3,F1,flink,C7,JAVA-C7,PacedSource,/home/michal/github/rdb-experiment/results_20260801_K22v5/tasks/M3/F1_fir/flink/F1Fir.java,35,    private static final long INTERVAL_NS = 1_333_333L;,
M3,F1,flink,C7,JAVA-C7,PacedSource,/home/michal/github/rdb-experiment/results_20260801_K22v5/tasks/M3/F1_fir/flink/F1Fir.java,36,    private final int[] samples;,
M3,F1,flink,C7,JAVA-C7,PacedSource,/home/michal/github/rdb-experiment/results_20260801_K22v5/tasks/M3/F1_fir/flink/F1Fir.java,37,    private final long slots;,
M3,F1,flink,C7,JAVA-C7,PacedSource,/home/michal/github/rdb-experiment/results_20260801_K22v5/tasks/M3/F1_fir/flink/F1Fir.java,38,    private volatile boolean running = true;,
M3,F1,flink,C7,JAVA-C7,PacedSource,/home/michal/github/rdb-experiment/results_20260801_K22v5/tasks/M3/F1_fir/flink/F1Fir.java,41,      this.samples = samples;,
M3,F1,flink,C7,JAVA-C7,PacedSource,/home/michal/github/rdb-experiment/results_20260801_K22v5/tasks/M3/F1_fir/flink/F1Fir.java,42,      this.slots = slots;,
M3,F1,flink,C7,JAVA-C7,PacedSource,/home/michal/github/rdb-experiment/results_20260801_K22v5/tasks/M3/F1_fir/flink/F1Fir.java,46,"    public void run(SourceContext<Tuple2<Long, Integer>> ctx) throws Exception {",
M3,F1,flink,C7,JAVA-C7,PacedSource,/home/michal/github/rdb-experiment/results_20260801_K22v5/tasks/M3/F1_fir/flink/F1Fir.java,52,          long sleepNs = deadline - now;,
M3,F1,flink,C7,JAVA-C7,PacedSource,/home/michal/github/rdb-experiment/results_20260801_K22v5/tasks/M3/F1_fir/flink/F1Fir.java,55,"        ctx.collect(Tuple2.of(n, samples[(int) n]));",
M3,F1,flink,C7,JAVA-C7,PacedSource,/home/michal/github/rdb-experiment/results_20260801_K22v5/tasks/M3/F1_fir/flink/F1Fir.java,60,    public void cancel() {,
M3,F1,flink,C7,JAVA-C7,PacedSource,/home/michal/github/rdb-experiment/results_20260801_K22v5/tasks/M3/F1_fir/flink/F1Fir.java,61,      running = false;,
M3,F1,flink,C7,JAVA-C7,Fir,/home/michal/github/rdb-experiment/results_20260801_K22v5/tasks/M3/F1_fir/flink/F1Fir.java,65,"  static class Fir extends RichFlatMapFunction<Tuple2<Long, Integer>, Tuple2<Long, Integer>> {",
M3,F1,flink,C7,JAVA-C7,Fir,/home/michal/github/rdb-experiment/results_20260801_K22v5/tasks/M3/F1_fir/flink/F1Fir.java,66,    private static final int WIN = 26;,
M3,F1,flink,C7,JAVA-C7,Fir,/home/michal/github/rdb-experiment/results_20260801_K22v5/tasks/M3/F1_fir/flink/F1Fir.java,67,    private final int[] coef;,
M3,F1,flink,C7,JAVA-C7,Fir,/home/michal/github/rdb-experiment/results_20260801_K22v5/tasks/M3/F1_fir/flink/F1Fir.java,71,      this.coef = coef;,
M3,F1,flink,C7,JAVA-C7,Fir,/home/michal/github/rdb-experiment/results_20260801_K22v5/tasks/M3/F1_fir/flink/F1Fir.java,75,    public void open(OpenContext ctx) {,
M3,F1,flink,C7,JAVA-C7,Fir,/home/michal/github/rdb-experiment/results_20260801_K22v5/tasks/M3/F1_fir/flink/F1Fir.java,76,      win = new int[WIN];,
M3,F1,flink,C7,JAVA-C7,Fir,/home/michal/github/rdb-experiment/results_20260801_K22v5/tasks/M3/F1_fir/flink/F1Fir.java,80,"    public void flatMap(Tuple2<Long, Integer> in, Collector<Tuple2<Long, Integer>> out) {",
M3,F1,flink,C7,JAVA-C7,Fir,/home/michal/github/rdb-experiment/results_20260801_K22v5/tasks/M3/F1_fir/flink/F1Fir.java,82,        win[k] = win[k - 1];,
M3,F1,flink,C7,JAVA-C7,Fir,/home/michal/github/rdb-experiment/results_20260801_K22v5/tasks/M3/F1_fir/flink/F1Fir.java,84,      win[0] = in.f1;,
M3,F1,flink,C7,JAVA-C7,Fir,/home/michal/github/rdb-experiment/results_20260801_K22v5/tasks/M3/F1_fir/flink/F1Fir.java,86,        return;,
M3,F1,flink,C7,JAVA-C7,Fir,/home/michal/github/rdb-experiment/results_20260801_K22v5/tasks/M3/F1_fir/flink/F1Fir.java,88,      long acc = 0;,
M3,F1,flink,C7,JAVA-C7,Fir,/home/michal/github/rdb-experiment/results_20260801_K22v5/tasks/M3/F1_fir/flink/F1Fir.java,90,        acc += (long) win[k] * coef[k];,
M3,F1,flink,C7,JAVA-C7,Fir,/home/michal/github/rdb-experiment/results_20260801_K22v5/tasks/M3/F1_fir/flink/F1Fir.java,93,"        throw new ArithmeticException(""suma "" + acc + "" poza int32 -- zakres danych nie wyklucza przepelnienia"");",
M3,F1,flink,C7,JAVA-C7,Fir,/home/michal/github/rdb-experiment/results_20260801_K22v5/tasks/M3/F1_fir/flink/F1Fir.java,95,      int y = (int) acc / WIN / 1000;,
M3,F1,flink,C7,JAVA-C7,Fir,/home/michal/github/rdb-experiment/results_20260801_K22v5/tasks/M3/F1_fir/flink/F1Fir.java,96,"      out.collect(Tuple2.of(in.f0 + 1, y));",
M3,F1,flink,C7,JAVA-C7,topology,/home/michal/github/rdb-experiment/results_20260801_K22v5/tasks/M3/F1_fir/flink/F1Fir.java,170,"    DataStream<Tuple2<Long, Integer>> src = env.addSource(new PacedSource(samples, slots));",
M3,F1,flink,C7,JAVA-C7,topology,/home/michal/github/rdb-experiment/results_20260801_K22v5/tasks/M3/F1_fir/flink/F1Fir.java,171,"    src.flatMap(new Fir(coef)).addSink(new CanonicalSink(out, family, variant));",
M3,F2,rql,C7,RQL-C7,rql,/home/michal/github/rdb-experiment/results_20260801_K22v5/tasks/M3/F2_ecg/rql/core.rql,19,"DECLARE MLII INTEGER, V1 INTEGER STREAM ecg, 1/250 FILE 'rec205'",
M3,F2,rql,C4d,RQL-C4d,rql,/home/michal/github/rdb-experiment/results_20260801_K22v5/tasks/M3/F2_ecg/rql/core.rql,19,"DECLARE MLII INTEGER, V1 INTEGER STREAM ecg, 1/250 FILE 'rec205'",
M3,F2,rql,C7,RQL-C7,rql,/home/michal/github/rdb-experiment/results_20260801_K22v5/tasks/M3/F2_ecg/rql/core.rql,20,"DECLARE bp_coef INTEGER[25] STREAM bpf, 1 FILE 'bp_coef.txt'",
M3,F2,rql,C4d,RQL-C4d,rql,/home/michal/github/rdb-experiment/results_20260801_K22v5/tasks/M3/F2_ecg/rql/core.rql,20,"DECLARE bp_coef INTEGER[25] STREAM bpf, 1 FILE 'bp_coef.txt'",
M3,F2,rql,C7,RQL-C7,rql,/home/michal/github/rdb-experiment/results_20260801_K22v5/tasks/M3/F2_ecg/rql/core.rql,21,"DECLARE d_coef INTEGER[5] STREAM df, 1 FILE 'd_coef.txt'",
M3,F2,rql,C4d,RQL-C4d,rql,/home/michal/github/rdb-experiment/results_20260801_K22v5/tasks/M3/F2_ecg/rql/core.rql,21,"DECLARE d_coef INTEGER[5] STREAM df, 1 FILE 'd_coef.txt'",
M3,F2,rql,C7,RQL-C7,rql,/home/michal/github/rdb-experiment/results_20260801_K22v5/tasks/M3/F2_ecg/rql/core.rql,23,SELECT ecg.MLII STREAM mlii FROM ecg,
M3,F2,rql,C7,RQL-C7,rql,/home/michal/github/rdb-experiment/results_20260801_K22v5/tasks/M3/F2_ecg/rql/core.rql,25,"SELECT * STREAM mlii_win FROM mlii@(1,25)",
M3,F2,rql,C3d,RQL-C3d,rql,/home/michal/github/rdb-experiment/results_20260801_K22v5/tasks/M3/F2_ecg/rql/core.rql,25,"SELECT * STREAM mlii_win FROM mlii@(1,25)",
M3,F2,rql,C7,RQL-C7,rql,/home/michal/github/rdb-experiment/results_20260801_K22v5/tasks/M3/F2_ecg/rql/core.rql,26,SELECT mlii_win[_]*bpf[_] STREAM bp_acc FROM mlii_win+bpf,
M3,F2,rql,C7,RQL-C7,rql,/home/michal/github/rdb-experiment/results_20260801_K22v5/tasks/M3/F2_ecg/rql/core.rql,27,SELECT bp_acc[0]/1000 STREAM bp_out FROM bp_acc.sumc,
M3,F2,rql,C7,RQL-C7,rql,/home/michal/github/rdb-experiment/results_20260801_K22v5/tasks/M3/F2_ecg/rql/core.rql,29,"SELECT * STREAM bp_win FROM bp_out@(1,5)",
M3,F2,rql,C3d,RQL-C3d,rql,/home/michal/github/rdb-experiment/results_20260801_K22v5/tasks/M3/F2_ecg/rql/core.rql,29,"SELECT * STREAM bp_win FROM bp_out@(1,5)",
M3,F2,rql,C7,RQL-C7,rql,/home/michal/github/rdb-experiment/results_20260801_K22v5/tasks/M3/F2_ecg/rql/core.rql,30,SELECT bp_win[_]*df[_] STREAM d_acc FROM bp_win+df,
M3,F2,rql,C7,RQL-C7,rql,/home/michal/github/rdb-experiment/results_20260801_K22v5/tasks/M3/F2_ecg/rql/core.rql,31,SELECT d_acc[0] STREAM d_out FROM d_acc.sumc,
M3,F2,rql,C7,RQL-C7,rql,/home/michal/github/rdb-experiment/results_20260801_K22v5/tasks/M3/F2_ecg/rql/core.rql,33,SELECT d_out[0]*d_out[0]/1000 STREAM sq_out FROM d_out,
M3,F2,rql,C7,RQL-C7,rql,/home/michal/github/rdb-experiment/results_20260801_K22v5/tasks/M3/F2_ecg/rql/core.rql,35,"SELECT * STREAM mwi_win FROM sq_out@(1,30)",
M3,F2,rql,C3d,RQL-C3d,rql,/home/michal/github/rdb-experiment/results_20260801_K22v5/tasks/M3/F2_ecg/rql/core.rql,35,"SELECT * STREAM mwi_win FROM sq_out@(1,30)",
M3,F2,rql,C7,RQL-C7,rql,/home/michal/github/rdb-experiment/results_20260801_K22v5/tasks/M3/F2_ecg/rql/core.rql,36,SELECT mwi_win[0] STREAM mwi FROM mwi_win.avg,
M3,F2,rql,C7,RQL-C7,rql,/home/michal/github/rdb-experiment/results_20260801_K22v5/tasks/M3/F2_ecg/rql/core.rql,38,"SELECT * STREAM mwi_long FROM mwi@(1,180)",
M3,F2,rql,C3d,RQL-C3d,rql,/home/michal/github/rdb-experiment/results_20260801_K22v5/tasks/M3/F2_ecg/rql/core.rql,38,"SELECT * STREAM mwi_long FROM mwi@(1,180)",
M3,F2,rql,C7,RQL-C7,rql,/home/michal/github/rdb-experiment/results_20260801_K22v5/tasks/M3/F2_ecg/rql/core.rql,39,SELECT mwi_long[0] STREAM mwi_thr FROM mwi_long.avg,
M3,F2,rql,C7,RQL-C7,rql,/home/michal/github/rdb-experiment/results_20260801_K22v5/tasks/M3/F2_ecg/rql/core.rql,41,"SELECT mlii[0]-900, mwi[0]*5, (mwi[0]-mwi_thr[0]*2)*5 STREAM qrs_out FROM mlii+mwi+mwi_thr",
M3,F2,python,C4,PY-C4,run,/home/michal/github/rdb-experiment/results_20260801_K22v5/tasks/M3/F2_ecg/python/core.py,57,    t0 = time.monotonic_ns(),
M3,F2,python,C1,PY-C1-SLOT,run,/home/michal/github/rdb-experiment/results_20260801_K22v5/tasks/M3/F2_ecg/python/core.py,58,    for n in range(slots):,
M3,F2,python,C4,PY-C4,run,/home/michal/github/rdb-experiment/results_20260801_K22v5/tasks/M3/F2_ecg/python/core.py,59,        deadline = t0 + n * INTERVAL_NS,
M3,F2,python,C4,PY-C4,run,/home/michal/github/rdb-experiment/results_20260801_K22v5/tasks/M3/F2_ecg/python/core.py,60,        now = time.monotonic_ns(),
M3,F2,python,C1,PY-C1-NESTED,run,/home/michal/github/rdb-experiment/results_20260801_K22v5/tasks/M3/F2_ecg/python/core.py,65,"        for k in range(WIN_BP - 1, 0, -1):",
M3,F2,python,C4,PY-C4,run,/home/michal/github/rdb-experiment/results_20260801_K22v5/tasks/M3/F2_ecg/python/core.py,62,            time.sleep((deadline - now) / 1e9),
M3,F2,python,C1,PY-C1-NESTED,run,/home/michal/github/rdb-experiment/results_20260801_K22v5/tasks/M3/F2_ecg/python/core.py,71,"            for k in range(WIN_D - 1, 0, -1):",
M3,F2,python,C1,PY-C1-NESTED,run,/home/michal/github/rdb-experiment/results_20260801_K22v5/tasks/M3/F2_ecg/python/core.py,78,"                for k in range(WIN_MWI - 1, 0, -1):",
M3,F2,python,C1,PY-C1-NESTED,run,/home/michal/github/rdb-experiment/results_20260801_K22v5/tasks/M3/F2_ecg/python/core.py,85,"                    for k in range(WIN_THR - 1, 0, -1):",
M3,F2,python,C2,PY-C2-STATE,run,/home/michal/github/rdb-experiment/results_20260801_K22v5/tasks/M3/F2_ecg/python/core.py,50,    cnt_bp = 0,run.cnt_bp
M3,F2,python,C2,PY-C2-STATE,run,/home/michal/github/rdb-experiment/results_20260801_K22v5/tasks/M3/F2_ecg/python/core.py,51,    cnt_d = 0,run.cnt_d
M3,F2,python,C2,PY-C2-STATE,run,/home/michal/github/rdb-experiment/results_20260801_K22v5/tasks/M3/F2_ecg/python/core.py,52,    cnt_mwi = 0,run.cnt_mwi
M3,F2,python,C2,PY-C2-STATE,run,/home/michal/github/rdb-experiment/results_20260801_K22v5/tasks/M3/F2_ecg/python/core.py,53,    cnt_thr = 0,run.cnt_thr
M3,F2,python,C2,PY-C2-STATE,run,/home/michal/github/rdb-experiment/results_20260801_K22v5/tasks/M3/F2_ecg/python/core.py,54,    mwi_at = {},run.mwi_at
M3,F2,python,C2,PY-C2-STATE,run,/home/michal/github/rdb-experiment/results_20260801_K22v5/tasks/M3/F2_ecg/python/core.py,55,    thr_at = {},run.thr_at
M3,F2,python,C3,PY-C3-WINDOW,run,/home/michal/github/rdb-experiment/results_20260801_K22v5/tasks/M3/F2_ecg/python/core.py,46,    win_bp = [0] * WIN_BP,run.win_bp
M3,F2,python,C3,PY-C3-WINDOW,run,/home/michal/github/rdb-experiment/results_20260801_K22v5/tasks/M3/F2_ecg/python/core.py,47,    win_d = [0] * WIN_D,run.win_d
M3,F2,python,C3,PY-C3-WINDOW,run,/home/michal/github/rdb-experiment/results_20260801_K22v5/tasks/M3/F2_ecg/python/core.py,48,    win_mwi = [0] * WIN_MWI,run.win_mwi
M3,F2,python,C3,PY-C3-WINDOW,run,/home/michal/github/rdb-experiment/results_20260801_K22v5/tasks/M3/F2_ecg/python/core.py,49,    win_thr = [0] * WIN_THR,run.win_thr
M3,F2,python,C7,PY-C7,run,/home/michal/github/rdb-experiment/results_20260801_K22v5/tasks/M3/F2_ecg/python/core.py,39,"def run(mlii, bp_coef, d_coef, slots):",
M3,F2,python,C7,PY-C7,run,/home/michal/github/rdb-experiment/results_20260801_K22v5/tasks/M3/F2_ecg/python/core.py,40,"    """"""Zwraca listę (logical_index, [pole0, pole1, pole2]).""""""",
M3,F2,python,C7,PY-C7,run,/home/michal/github/rdb-experiment/results_20260801_K22v5/tasks/M3/F2_ecg/python/core.py,41,    WIN_BP = 25,
M3,F2,python,C7,PY-C7,run,/home/michal/github/rdb-experiment/results_20260801_K22v5/tasks/M3/F2_ecg/python/core.py,42,    WIN_D = 5,
M3,F2,python,C7,PY-C7,run,/home/michal/github/rdb-experiment/results_20260801_K22v5/tasks/M3/F2_ecg/python/core.py,43,    WIN_MWI = 30,
M3,F2,python,C7,PY-C7,run,/home/michal/github/rdb-experiment/results_20260801_K22v5/tasks/M3/F2_ecg/python/core.py,44,    WIN_THR = 180,
M3,F2,python,C7,PY-C7,run,/home/michal/github/rdb-experiment/results_20260801_K22v5/tasks/M3/F2_ecg/python/core.py,45,    INTERVAL_NS = 4_000_000,
M3,F2,python,C7,PY-C7,run,/home/michal/github/rdb-experiment/results_20260801_K22v5/tasks/M3/F2_ecg/python/core.py,56,    out = [],
M3,F2,python,C7,PY-C7,run,/home/michal/github/rdb-experiment/results_20260801_K22v5/tasks/M3/F2_ecg/python/core.py,61,        if now < deadline:,
M3,F2,python,C7,PY-C7,run,/home/michal/github/rdb-experiment/results_20260801_K22v5/tasks/M3/F2_ecg/python/core.py,63,        x = mlii[n],
M3,F2,python,C7,PY-C7,run,/home/michal/github/rdb-experiment/results_20260801_K22v5/tasks/M3/F2_ecg/python/core.py,69,        if cnt_bp >= WIN_BP:,
M3,F2,python,C7,PY-C7,run,/home/michal/github/rdb-experiment/results_20260801_K22v5/tasks/M3/F2_ecg/python/core.py,92,        if n in mwi_at and n in thr_at:,
M3,F2,python,C7,PY-C7,run,/home/michal/github/rdb-experiment/results_20260801_K22v5/tasks/M3/F2_ecg/python/core.py,66,            win_bp[k] = win_bp[k - 1],
M3,F2,python,C7,PY-C7,run,/home/michal/github/rdb-experiment/results_20260801_K22v5/tasks/M3/F2_ecg/python/core.py,70,"            bp = idiv(sumc([imul(win_bp[k], bp_coef[k]) for k in range(WIN_BP)]), 1000)",
M3,F2,python,C7,PY-C7,run,/home/michal/github/rdb-experiment/results_20260801_K22v5/tasks/M3/F2_ecg/python/core.py,75,            if cnt_d >= WIN_D:,
M3,F2,python,C7,PY-C7,run,/home/michal/github/rdb-experiment/results_20260801_K22v5/tasks/M3/F2_ecg/python/core.py,93,            m = mwi_at[n],
M3,F2,python,C7,PY-C7,run,/home/michal/github/rdb-experiment/results_20260801_K22v5/tasks/M3/F2_ecg/python/core.py,94,            t = thr_at[n],
M3,F2,python,C7,PY-C7,run,/home/michal/github/rdb-experiment/results_20260801_K22v5/tasks/M3/F2_ecg/python/core.py,95,"            out.append((n, [isub(x, 900), imul(m, 5), imul(isub(m, imul(t, 2)), 5)]))",
M3,F2,python,C7,PY-C7,run,/home/michal/github/rdb-experiment/results_20260801_K22v5/tasks/M3/F2_ecg/python/core.py,72,                win_d[k] = win_d[k - 1],
M3,F2,python,C7,PY-C7,run,/home/michal/github/rdb-experiment/results_20260801_K22v5/tasks/M3/F2_ecg/python/core.py,76,"                d = sumc([imul(win_d[k], d_coef[k]) for k in range(WIN_D)])",
M3,F2,python,C7,PY-C7,run,/home/michal/github/rdb-experiment/results_20260801_K22v5/tasks/M3/F2_ecg/python/core.py,77,"                sq = idiv(imul(d, d), 1000)",
M3,F2,python,C7,PY-C7,run,/home/michal/github/rdb-experiment/results_20260801_K22v5/tasks/M3/F2_ecg/python/core.py,82,                if cnt_mwi >= WIN_MWI:,
M3,F2,python,C7,PY-C7,run,/home/michal/github/rdb-experiment/results_20260801_K22v5/tasks/M3/F2_ecg/python/core.py,79,                    win_mwi[k] = win_mwi[k - 1],
M3,F2,python,C7,PY-C7,run,/home/michal/github/rdb-experiment/results_20260801_K22v5/tasks/M3/F2_ecg/python/core.py,83,                    mwi = avg(win_mwi),
M3,F2,python,C7,PY-C7,run,/home/michal/github/rdb-experiment/results_20260801_K22v5/tasks/M3/F2_ecg/python/core.py,89,                    if cnt_thr >= WIN_THR:,
M3,F2,python,C7,PY-C7,run,/home/michal/github/rdb-experiment/results_20260801_K22v5/tasks/M3/F2_ecg/python/core.py,86,                        win_thr[k] = win_thr[k - 1],
M3,F2,flink,C4,JAVA-C4,PacedSource,/home/michal/github/rdb-experiment/results_20260801_K22v5/tasks/M3/F2_ecg/flink/F2Ecg.java,65,      long t0 = System.nanoTime();,
M3,F2,flink,C1,JAVA-C1,PacedSource,/home/michal/github/rdb-experiment/results_20260801_K22v5/tasks/M3/F2_ecg/flink/F2Ecg.java,66,      for (long n = 0; n < slots && running; n++) {,
M3,F2,flink,C4,JAVA-C4,PacedSource,/home/michal/github/rdb-experiment/results_20260801_K22v5/tasks/M3/F2_ecg/flink/F2Ecg.java,67,        long deadline = t0 + n * INTERVAL_NS;,
M3,F2,flink,C4,JAVA-C4,PacedSource,/home/michal/github/rdb-experiment/results_20260801_K22v5/tasks/M3/F2_ecg/flink/F2Ecg.java,68,        long now = System.nanoTime();,
M3,F2,flink,C4,JAVA-C4,PacedSource,/home/michal/github/rdb-experiment/results_20260801_K22v5/tasks/M3/F2_ecg/flink/F2Ecg.java,71,"          Thread.sleep(sleepNs / 1_000_000L, (int) (sleepNs % 1_000_000L));",
M3,F2,flink,C1,JAVA-C1,BandPass,/home/michal/github/rdb-experiment/results_20260801_K22v5/tasks/M3/F2_ecg/flink/F2Ecg.java,105,      for (int k = WIN - 1; k > 0; k--) {,
M3,F2,flink,C5,JAVA-C5-WARMUP,BandPass,/home/michal/github/rdb-experiment/results_20260801_K22v5/tasks/M3/F2_ecg/flink/F2Ecg.java,110,      if (filled < WIN) {,
M3,F2,flink,C1,JAVA-C1,BandPass,/home/michal/github/rdb-experiment/results_20260801_K22v5/tasks/M3/F2_ecg/flink/F2Ecg.java,114,      for (int k = 0; k < WIN; k++) {,
M3,F2,flink,C1,JAVA-C1,BandPass.Derivative,/home/michal/github/rdb-experiment/results_20260801_K22v5/tasks/M3/F2_ecg/flink/F2Ecg.java,142,      for (int k = WIN - 1; k > 0; k--) {,
M3,F2,flink,C5,JAVA-C5-WARMUP,BandPass.Derivative,/home/michal/github/rdb-experiment/results_20260801_K22v5/tasks/M3/F2_ecg/flink/F2Ecg.java,147,      if (filled < WIN) {,
M3,F2,flink,C1,JAVA-C1,BandPass.Derivative,/home/michal/github/rdb-experiment/results_20260801_K22v5/tasks/M3/F2_ecg/flink/F2Ecg.java,151,      for (int k = 0; k < WIN; k++) {,
M3,F2,flink,C1,JAVA-C1,BandPass.Derivative.SquareMwi,/home/michal/github/rdb-experiment/results_20260801_K22v5/tasks/M3/F2_ecg/flink/F2Ecg.java,176,      for (int k = WIN - 1; k > 0; k--) {,
M3,F2,flink,C5,JAVA-C5-WARMUP,BandPass.Derivative.SquareMwi,/home/michal/github/rdb-experiment/results_20260801_K22v5/tasks/M3/F2_ecg/flink/F2Ecg.java,181,      if (filled < WIN) {,
M3,F2,flink,C1,JAVA-C1,BandPass.Derivative.SquareMwi,/home/michal/github/rdb-experiment/results_20260801_K22v5/tasks/M3/F2_ecg/flink/F2Ecg.java,185,      for (int k = 0; k < WIN; k++) {,
M3,F2,flink,C1,JAVA-C1,BandPass.Derivative.SquareMwi.Threshold,/home/michal/github/rdb-experiment/results_20260801_K22v5/tasks/M3/F2_ecg/flink/F2Ecg.java,208,      for (int k = WIN - 1; k > 0; k--) {,
M3,F2,flink,C5,JAVA-C5-WARMUP,BandPass.Derivative.SquareMwi.Threshold,/home/michal/github/rdb-experiment/results_20260801_K22v5/tasks/M3/F2_ecg/flink/F2Ecg.java,213,      if (filled < WIN) {,
M3,F2,flink,C1,JAVA-C1,BandPass.Derivative.SquareMwi.Threshold,/home/michal/github/rdb-experiment/results_20260801_K22v5/tasks/M3/F2_ecg/flink/F2Ecg.java,217,      for (int k = 0; k < WIN; k++) {,
M3,F2,flink,C3,JAVA-C3-WINDOW,BandPass,/home/michal/github/rdb-experiment/results_20260801_K22v5/tasks/M3/F2_ecg/flink/F2Ecg.java,89,    private int[] win;,BandPass.win
M3,F2,flink,C2,JAVA-C2-STATE,BandPass,/home/michal/github/rdb-experiment/results_20260801_K22v5/tasks/M3/F2_ecg/flink/F2Ecg.java,90,    private int filled;,BandPass.filled
M3,F2,flink,C3,JAVA-C3-WINDOW,BandPass.Derivative,/home/michal/github/rdb-experiment/results_20260801_K22v5/tasks/M3/F2_ecg/flink/F2Ecg.java,126,    private int[] win;,BandPass.Derivative.win
M3,F2,flink,C2,JAVA-C2-STATE,BandPass.Derivative,/home/michal/github/rdb-experiment/results_20260801_K22v5/tasks/M3/F2_ecg/flink/F2Ecg.java,127,    private int filled;,BandPass.Derivative.filled
M3,F2,flink,C3,JAVA-C3-WINDOW,BandPass.Derivative.SquareMwi,/home/michal/github/rdb-experiment/results_20260801_K22v5/tasks/M3/F2_ecg/flink/F2Ecg.java,162,    private int[] win;,BandPass.Derivative.SquareMwi.win
M3,F2,flink,C2,JAVA-C2-STATE,BandPass.Derivative.SquareMwi,/home/michal/github/rdb-experiment/results_20260801_K22v5/tasks/M3/F2_ecg/flink/F2Ecg.java,163,    private int filled;,BandPass.Derivative.SquareMwi.filled
M3,F2,flink,C3,JAVA-C3-WINDOW,BandPass.Derivative.SquareMwi.Threshold,/home/michal/github/rdb-experiment/results_20260801_K22v5/tasks/M3/F2_ecg/flink/F2Ecg.java,196,    private int[] win;,BandPass.Derivative.SquareMwi.Threshold.win
M3,F2,flink,C2,JAVA-C2-STATE,BandPass.Derivative.SquareMwi.Threshold,/home/michal/github/rdb-experiment/results_20260801_K22v5/tasks/M3/F2_ecg/flink/F2Ecg.java,197,    private int filled;,BandPass.Derivative.SquareMwi.Threshold.filled
M3,F2,flink,C2,JAVA-C2-STATE,BandPass.Derivative.SquareMwi.Threshold.Assemble,/home/michal/github/rdb-experiment/results_20260801_K22v5/tasks/M3/F2_ecg/flink/F2Ecg.java,232,"    private Map<Long, Integer> mliiAt;",BandPass.Derivative.SquareMwi.Threshold.Assemble.mliiAt
M3,F2,flink,C2,JAVA-C2-STATE,BandPass.Derivative.SquareMwi.Threshold.Assemble,/home/michal/github/rdb-experiment/results_20260801_K22v5/tasks/M3/F2_ecg/flink/F2Ecg.java,233,"    private Map<Long, Integer> mwiAt;",BandPass.Derivative.SquareMwi.Threshold.Assemble.mwiAt
M3,F2,flink,C2,JAVA-C2-STATE,BandPass.Derivative.SquareMwi.Threshold.Assemble,/home/michal/github/rdb-experiment/results_20260801_K22v5/tasks/M3/F2_ecg/flink/F2Ecg.java,234,"    private Map<Long, Integer> thrAt;",BandPass.Derivative.SquareMwi.Threshold.Assemble.thrAt
M3,F2,flink,C7,JAVA-C7,PacedSource,/home/michal/github/rdb-experiment/results_20260801_K22v5/tasks/M3/F2_ecg/flink/F2Ecg.java,52,"  static class PacedSource extends RichSourceFunction<Tuple5<Long, Integer, Integer, Integer, Integer>> {",
M3,F2,flink,C7,JAVA-C7,PacedSource,/home/michal/github/rdb-experiment/results_20260801_K22v5/tasks/M3/F2_ecg/flink/F2Ecg.java,53,    private static final long INTERVAL_NS = 4_000_000L;,
M3,F2,flink,C7,JAVA-C7,PacedSource,/home/michal/github/rdb-experiment/results_20260801_K22v5/tasks/M3/F2_ecg/flink/F2Ecg.java,54,    private final int[] mlii;,
M3,F2,flink,C7,JAVA-C7,PacedSource,/home/michal/github/rdb-experiment/results_20260801_K22v5/tasks/M3/F2_ecg/flink/F2Ecg.java,55,    private final long slots;,
M3,F2,flink,C7,JAVA-C7,PacedSource,/home/michal/github/rdb-experiment/results_20260801_K22v5/tasks/M3/F2_ecg/flink/F2Ecg.java,56,    private volatile boolean running = true;,
M3,F2,flink,C7,JAVA-C7,PacedSource,/home/michal/github/rdb-experiment/results_20260801_K22v5/tasks/M3/F2_ecg/flink/F2Ecg.java,59,      this.mlii = mlii;,
M3,F2,flink,C7,JAVA-C7,PacedSource,/home/michal/github/rdb-experiment/results_20260801_K22v5/tasks/M3/F2_ecg/flink/F2Ecg.java,60,      this.slots = slots;,
M3,F2,flink,C7,JAVA-C7,PacedSource,/home/michal/github/rdb-experiment/results_20260801_K22v5/tasks/M3/F2_ecg/flink/F2Ecg.java,64,"    public void run(SourceContext<Tuple5<Long, Integer, Integer, Integer, Integer>> ctx) throws Exception {",
M3,F2,flink,C7,JAVA-C7,PacedSource,/home/michal/github/rdb-experiment/results_20260801_K22v5/tasks/M3/F2_ecg/flink/F2Ecg.java,70,          long sleepNs = deadline - now;,
M3,F2,flink,C7,JAVA-C7,PacedSource,/home/michal/github/rdb-experiment/results_20260801_K22v5/tasks/M3/F2_ecg/flink/F2Ecg.java,73,        int x = mlii[(int) n];,
M3,F2,flink,C7,JAVA-C7,PacedSource,/home/michal/github/rdb-experiment/results_20260801_K22v5/tasks/M3/F2_ecg/flink/F2Ecg.java,74,"        ctx.collect(Tuple5.of(n, x, x, 0, 0));",
M3,F2,flink,C7,JAVA-C7,PacedSource,/home/michal/github/rdb-experiment/results_20260801_K22v5/tasks/M3/F2_ecg/flink/F2Ecg.java,79,    public void cancel() {,
M3,F2,flink,C7,JAVA-C7,PacedSource,/home/michal/github/rdb-experiment/results_20260801_K22v5/tasks/M3/F2_ecg/flink/F2Ecg.java,80,      running = false;,
M3,F2,flink,C7,JAVA-C7,BandPass,/home/michal/github/rdb-experiment/results_20260801_K22v5/tasks/M3/F2_ecg/flink/F2Ecg.java,85,"  static class BandPass extends RichFlatMapFunction<Tuple5<Long, Integer, Integer, Integer, Integer>,",
M3,F2,flink,C7,JAVA-C7,BandPass,/home/michal/github/rdb-experiment/results_20260801_K22v5/tasks/M3/F2_ecg/flink/F2Ecg.java,87,    private static final int WIN = 25;,
M3,F2,flink,C7,JAVA-C7,BandPass,/home/michal/github/rdb-experiment/results_20260801_K22v5/tasks/M3/F2_ecg/flink/F2Ecg.java,88,    private final int[] coef;,
M3,F2,flink,C7,JAVA-C7,BandPass,/home/michal/github/rdb-experiment/results_20260801_K22v5/tasks/M3/F2_ecg/flink/F2Ecg.java,93,      this.coef = coef;,
M3,F2,flink,C7,JAVA-C7,BandPass,/home/michal/github/rdb-experiment/results_20260801_K22v5/tasks/M3/F2_ecg/flink/F2Ecg.java,97,    public void open(OpenContext ctx) {,
M3,F2,flink,C7,JAVA-C7,BandPass,/home/michal/github/rdb-experiment/results_20260801_K22v5/tasks/M3/F2_ecg/flink/F2Ecg.java,98,      win = new int[WIN];,
M3,F2,flink,C7,JAVA-C7,BandPass,/home/michal/github/rdb-experiment/results_20260801_K22v5/tasks/M3/F2_ecg/flink/F2Ecg.java,99,      filled = 0;,
M3,F2,flink,C7,JAVA-C7,BandPass,/home/michal/github/rdb-experiment/results_20260801_K22v5/tasks/M3/F2_ecg/flink/F2Ecg.java,103,"    public void flatMap(Tuple5<Long, Integer, Integer, Integer, Integer> in,",
M3,F2,flink,C7,JAVA-C7,BandPass,/home/michal/github/rdb-experiment/results_20260801_K22v5/tasks/M3/F2_ecg/flink/F2Ecg.java,106,        win[k] = win[k - 1];,
M3,F2,flink,C7,JAVA-C7,BandPass,/home/michal/github/rdb-experiment/results_20260801_K22v5/tasks/M3/F2_ecg/flink/F2Ecg.java,108,      win[0] = in.f1;,
M3,F2,flink,C7,JAVA-C7,BandPass,/home/michal/github/rdb-experiment/results_20260801_K22v5/tasks/M3/F2_ecg/flink/F2Ecg.java,109,      filled = filled + 1;,
M3,F2,flink,C7,JAVA-C7,BandPass,/home/michal/github/rdb-experiment/results_20260801_K22v5/tasks/M3/F2_ecg/flink/F2Ecg.java,111,        return;,
M3,F2,flink,C7,JAVA-C7,BandPass,/home/michal/github/rdb-experiment/results_20260801_K22v5/tasks/M3/F2_ecg/flink/F2Ecg.java,113,      long acc = 0;,
M3,F2,flink,C7,JAVA-C7,BandPass,/home/michal/github/rdb-experiment/results_20260801_K22v5/tasks/M3/F2_ecg/flink/F2Ecg.java,115,        acc += (long) win[k] * coef[k];,
M3,F2,flink,C7,JAVA-C7,BandPass,/home/michal/github/rdb-experiment/results_20260801_K22v5/tasks/M3/F2_ecg/flink/F2Ecg.java,117,"      out.collect(Tuple5.of(in.f0, in.f1, truncDiv(acc, 1000), 0, 0));",
M3,F2,flink,C7,JAVA-C7,BandPass.Derivative,/home/michal/github/rdb-experiment/results_20260801_K22v5/tasks/M3/F2_ecg/flink/F2Ecg.java,122,"  static class Derivative extends RichFlatMapFunction<Tuple5<Long, Integer, Integer, Integer, Integer>,",
M3,F2,flink,C7,JAVA-C7,BandPass.Derivative,/home/michal/github/rdb-experiment/results_20260801_K22v5/tasks/M3/F2_ecg/flink/F2Ecg.java,124,    private static final int WIN = 5;,
M3,F2,flink,C7,JAVA-C7,BandPass.Derivative,/home/michal/github/rdb-experiment/results_20260801_K22v5/tasks/M3/F2_ecg/flink/F2Ecg.java,125,    private final int[] coef;,
M3,F2,flink,C7,JAVA-C7,BandPass.Derivative,/home/michal/github/rdb-experiment/results_20260801_K22v5/tasks/M3/F2_ecg/flink/F2Ecg.java,130,      this.coef = coef;,
M3,F2,flink,C7,JAVA-C7,BandPass.Derivative,/home/michal/github/rdb-experiment/results_20260801_K22v5/tasks/M3/F2_ecg/flink/F2Ecg.java,134,    public void open(OpenContext ctx) {,
M3,F2,flink,C7,JAVA-C7,BandPass.Derivative,/home/michal/github/rdb-experiment/results_20260801_K22v5/tasks/M3/F2_ecg/flink/F2Ecg.java,135,      win = new int[WIN];,
M3,F2,flink,C7,JAVA-C7,BandPass.Derivative,/home/michal/github/rdb-experiment/results_20260801_K22v5/tasks/M3/F2_ecg/flink/F2Ecg.java,136,      filled = 0;,
M3,F2,flink,C7,JAVA-C7,BandPass.Derivative,/home/michal/github/rdb-experiment/results_20260801_K22v5/tasks/M3/F2_ecg/flink/F2Ecg.java,140,"    public void flatMap(Tuple5<Long, Integer, Integer, Integer, Integer> in,",
M3,F2,flink,C7,JAVA-C7,BandPass.Derivative,/home/michal/github/rdb-experiment/results_20260801_K22v5/tasks/M3/F2_ecg/flink/F2Ecg.java,143,        win[k] = win[k - 1];,
M3,F2,flink,C7,JAVA-C7,BandPass.Derivative,/home/michal/github/rdb-experiment/results_20260801_K22v5/tasks/M3/F2_ecg/flink/F2Ecg.java,145,      win[0] = in.f2;,
M3,F2,flink,C7,JAVA-C7,BandPass.Derivative,/home/michal/github/rdb-experiment/results_20260801_K22v5/tasks/M3/F2_ecg/flink/F2Ecg.java,146,      filled = filled + 1;,
M3,F2,flink,C7,JAVA-C7,BandPass.Derivative,/home/michal/github/rdb-experiment/results_20260801_K22v5/tasks/M3/F2_ecg/flink/F2Ecg.java,148,        return;,
M3,F2,flink,C7,JAVA-C7,BandPass.Derivative,/home/michal/github/rdb-experiment/results_20260801_K22v5/tasks/M3/F2_ecg/flink/F2Ecg.java,150,      long acc = 0;,
M3,F2,flink,C7,JAVA-C7,BandPass.Derivative,/home/michal/github/rdb-experiment/results_20260801_K22v5/tasks/M3/F2_ecg/flink/F2Ecg.java,152,        acc += (long) win[k] * coef[k];,
M3,F2,flink,C7,JAVA-C7,BandPass.Derivative,/home/michal/github/rdb-experiment/results_20260801_K22v5/tasks/M3/F2_ecg/flink/F2Ecg.java,154,"      out.collect(Tuple5.of(in.f0, in.f1, truncDiv(acc, 1), 0, 0));",
M3,F2,flink,C7,JAVA-C7,BandPass.Derivative.SquareMwi,/home/michal/github/rdb-experiment/results_20260801_K22v5/tasks/M3/F2_ecg/flink/F2Ecg.java,159,"  static class SquareMwi extends RichFlatMapFunction<Tuple5<Long, Integer, Integer, Integer, Integer>,",
M3,F2,flink,C7,JAVA-C7,BandPass.Derivative.SquareMwi,/home/michal/github/rdb-experiment/results_20260801_K22v5/tasks/M3/F2_ecg/flink/F2Ecg.java,161,    private static final int WIN = 30;,
M3,F2,flink,C7,JAVA-C7,BandPass.Derivative.SquareMwi,/home/michal/github/rdb-experiment/results_20260801_K22v5/tasks/M3/F2_ecg/flink/F2Ecg.java,166,    public void open(OpenContext ctx) {,
M3,F2,flink,C7,JAVA-C7,BandPass.Derivative.SquareMwi,/home/michal/github/rdb-experiment/results_20260801_K22v5/tasks/M3/F2_ecg/flink/F2Ecg.java,167,      win = new int[WIN];,
M3,F2,flink,C7,JAVA-C7,BandPass.Derivative.SquareMwi,/home/michal/github/rdb-experiment/results_20260801_K22v5/tasks/M3/F2_ecg/flink/F2Ecg.java,168,      filled = 0;,
M3,F2,flink,C7,JAVA-C7,BandPass.Derivative.SquareMwi,/home/michal/github/rdb-experiment/results_20260801_K22v5/tasks/M3/F2_ecg/flink/F2Ecg.java,172,"    public void flatMap(Tuple5<Long, Integer, Integer, Integer, Integer> in,",
M3,F2,flink,C7,JAVA-C7,BandPass.Derivative.SquareMwi,/home/michal/github/rdb-experiment/results_20260801_K22v5/tasks/M3/F2_ecg/flink/F2Ecg.java,174,      long d = in.f2;,
M3,F2,flink,C7,JAVA-C7,BandPass.Derivative.SquareMwi,/home/michal/github/rdb-experiment/results_20260801_K22v5/tasks/M3/F2_ecg/flink/F2Ecg.java,175,"      int sq = truncDiv(d * d, 1000);",
M3,F2,flink,C7,JAVA-C7,BandPass.Derivative.SquareMwi,/home/michal/github/rdb-experiment/results_20260801_K22v5/tasks/M3/F2_ecg/flink/F2Ecg.java,177,        win[k] = win[k - 1];,
M3,F2,flink,C7,JAVA-C7,BandPass.Derivative.SquareMwi,/home/michal/github/rdb-experiment/results_20260801_K22v5/tasks/M3/F2_ecg/flink/F2Ecg.java,179,      win[0] = sq;,
M3,F2,flink,C7,JAVA-C7,BandPass.Derivative.SquareMwi,/home/michal/github/rdb-experiment/results_20260801_K22v5/tasks/M3/F2_ecg/flink/F2Ecg.java,180,      filled = filled + 1;,
M3,F2,flink,C7,JAVA-C7,BandPass.Derivative.SquareMwi,/home/michal/github/rdb-experiment/results_20260801_K22v5/tasks/M3/F2_ecg/flink/F2Ecg.java,182,        return;,
M3,F2,flink,C7,JAVA-C7,BandPass.Derivative.SquareMwi,/home/michal/github/rdb-experiment/results_20260801_K22v5/tasks/M3/F2_ecg/flink/F2Ecg.java,184,      long sum = 0;,
M3,F2,flink,C7,JAVA-C7,BandPass.Derivative.SquareMwi,/home/michal/github/rdb-experiment/results_20260801_K22v5/tasks/M3/F2_ecg/flink/F2Ecg.java,186,        sum += win[k];,
M3,F2,flink,C7,JAVA-C7,BandPass.Derivative.SquareMwi,/home/michal/github/rdb-experiment/results_20260801_K22v5/tasks/M3/F2_ecg/flink/F2Ecg.java,188,"      out.collect(Tuple5.of(in.f0, in.f1, sq, truncDiv(sum, WIN), 0));",
M3,F2,flink,C7,JAVA-C7,BandPass.Derivative.SquareMwi.Threshold,/home/michal/github/rdb-experiment/results_20260801_K22v5/tasks/M3/F2_ecg/flink/F2Ecg.java,193,"  static class Threshold extends RichFlatMapFunction<Tuple5<Long, Integer, Integer, Integer, Integer>,",
M3,F2,flink,C7,JAVA-C7,BandPass.Derivative.SquareMwi.Threshold,/home/michal/github/rdb-experiment/results_20260801_K22v5/tasks/M3/F2_ecg/flink/F2Ecg.java,195,    private static final int WIN = 180;,
M3,F2,flink,C7,JAVA-C7,BandPass.Derivative.SquareMwi.Threshold,/home/michal/github/rdb-experiment/results_20260801_K22v5/tasks/M3/F2_ecg/flink/F2Ecg.java,200,    public void open(OpenContext ctx) {,
M3,F2,flink,C7,JAVA-C7,BandPass.Derivative.SquareMwi.Threshold,/home/michal/github/rdb-experiment/results_20260801_K22v5/tasks/M3/F2_ecg/flink/F2Ecg.java,201,      win = new int[WIN];,
M3,F2,flink,C7,JAVA-C7,BandPass.Derivative.SquareMwi.Threshold,/home/michal/github/rdb-experiment/results_20260801_K22v5/tasks/M3/F2_ecg/flink/F2Ecg.java,202,      filled = 0;,
M3,F2,flink,C7,JAVA-C7,BandPass.Derivative.SquareMwi.Threshold,/home/michal/github/rdb-experiment/results_20260801_K22v5/tasks/M3/F2_ecg/flink/F2Ecg.java,206,"    public void flatMap(Tuple5<Long, Integer, Integer, Integer, Integer> in,",
M3,F2,flink,C7,JAVA-C7,BandPass.Derivative.SquareMwi.Threshold,/home/michal/github/rdb-experiment/results_20260801_K22v5/tasks/M3/F2_ecg/flink/F2Ecg.java,209,        win[k] = win[k - 1];,
M3,F2,flink,C7,JAVA-C7,BandPass.Derivative.SquareMwi.Threshold,/home/michal/github/rdb-experiment/results_20260801_K22v5/tasks/M3/F2_ecg/flink/F2Ecg.java,211,      win[0] = in.f3;,
M3,F2,flink,C7,JAVA-C7,BandPass.Derivative.SquareMwi.Threshold,/home/michal/github/rdb-experiment/results_20260801_K22v5/tasks/M3/F2_ecg/flink/F2Ecg.java,212,      filled = filled + 1;,
M3,F2,flink,C7,JAVA-C7,BandPass.Derivative.SquareMwi.Threshold,/home/michal/github/rdb-experiment/results_20260801_K22v5/tasks/M3/F2_ecg/flink/F2Ecg.java,214,        return;,
M3,F2,flink,C7,JAVA-C7,BandPass.Derivative.SquareMwi.Threshold,/home/michal/github/rdb-experiment/results_20260801_K22v5/tasks/M3/F2_ecg/flink/F2Ecg.java,216,      long sum = 0;,
M3,F2,flink,C7,JAVA-C7,BandPass.Derivative.SquareMwi.Threshold,/home/michal/github/rdb-experiment/results_20260801_K22v5/tasks/M3/F2_ecg/flink/F2Ecg.java,218,        sum += win[k];,
M3,F2,flink,C7,JAVA-C7,BandPass.Derivative.SquareMwi.Threshold,/home/michal/github/rdb-experiment/results_20260801_K22v5/tasks/M3/F2_ecg/flink/F2Ecg.java,220,"      out.collect(Tuple5.of(in.f0, in.f1, in.f2, in.f3, truncDiv(sum, WIN)));",
M3,F2,flink,C7,JAVA-C7,BandPass.Derivative.SquareMwi.Threshold.Assemble,/home/michal/github/rdb-experiment/results_20260801_K22v5/tasks/M3/F2_ecg/flink/F2Ecg.java,230,"  static class Assemble extends RichFlatMapFunction<Tuple5<Long, Integer, Integer, Integer, Integer>,",
M3,F2,flink,C7,JAVA-C7,BandPass.Derivative.SquareMwi.Threshold.Assemble,/home/michal/github/rdb-experiment/results_20260801_K22v5/tasks/M3/F2_ecg/flink/F2Ecg.java,237,    public void open(OpenContext ctx) {,
M3,F2,flink,C7,JAVA-C7,BandPass.Derivative.SquareMwi.Threshold.Assemble,/home/michal/github/rdb-experiment/results_20260801_K22v5/tasks/M3/F2_ecg/flink/F2Ecg.java,238,      mliiAt = new HashMap<>();,
M3,F2,flink,C7,JAVA-C7,BandPass.Derivative.SquareMwi.Threshold.Assemble,/home/michal/github/rdb-experiment/results_20260801_K22v5/tasks/M3/F2_ecg/flink/F2Ecg.java,239,      mwiAt = new HashMap<>();,
M3,F2,flink,C7,JAVA-C7,BandPass.Derivative.SquareMwi.Threshold.Assemble,/home/michal/github/rdb-experiment/results_20260801_K22v5/tasks/M3/F2_ecg/flink/F2Ecg.java,240,      thrAt = new HashMap<>();,
M3,F2,flink,C7,JAVA-C7,BandPass.Derivative.SquareMwi.Threshold.Assemble,/home/michal/github/rdb-experiment/results_20260801_K22v5/tasks/M3/F2_ecg/flink/F2Ecg.java,244,"    public void flatMap(Tuple5<Long, Integer, Integer, Integer, Integer> in,",
M3,F2,flink,C7,JAVA-C7,BandPass.Derivative.SquareMwi.Threshold.Assemble,/home/michal/github/rdb-experiment/results_20260801_K22v5/tasks/M3/F2_ecg/flink/F2Ecg.java,246,      long n = in.f0;,
M3,F2,flink,C7,JAVA-C7,BandPass.Derivative.SquareMwi.Threshold.Assemble,/home/michal/github/rdb-experiment/results_20260801_K22v5/tasks/M3/F2_ecg/flink/F2Ecg.java,247,"      mliiAt.put(n, in.f1);",
M3,F2,flink,C7,JAVA-C7,BandPass.Derivative.SquareMwi.Threshold.Assemble,/home/michal/github/rdb-experiment/results_20260801_K22v5/tasks/M3/F2_ecg/flink/F2Ecg.java,248,"      mwiAt.put(n + 3, in.f3);",
M3,F2,flink,C7,JAVA-C7,BandPass.Derivative.SquareMwi.Threshold.Assemble,/home/michal/github/rdb-experiment/results_20260801_K22v5/tasks/M3/F2_ecg/flink/F2Ecg.java,249,"      thrAt.put(n + 4, in.f4);",
M3,F2,flink,C7,JAVA-C7,BandPass.Derivative.SquareMwi.Threshold.Assemble,/home/michal/github/rdb-experiment/results_20260801_K22v5/tasks/M3/F2_ecg/flink/F2Ecg.java,250,      Integer raw = mliiAt.get(n);,
M3,F2,flink,C7,JAVA-C7,BandPass.Derivative.SquareMwi.Threshold.Assemble,/home/michal/github/rdb-experiment/results_20260801_K22v5/tasks/M3/F2_ecg/flink/F2Ecg.java,251,      Integer mwi = mwiAt.get(n);,
M3,F2,flink,C7,JAVA-C7,BandPass.Derivative.SquareMwi.Threshold.Assemble,/home/michal/github/rdb-experiment/results_20260801_K22v5/tasks/M3/F2_ecg/flink/F2Ecg.java,252,      Integer thr = thrAt.get(n);,
M3,F2,flink,C7,JAVA-C7,BandPass.Derivative.SquareMwi.Threshold.Assemble,/home/michal/github/rdb-experiment/results_20260801_K22v5/tasks/M3/F2_ecg/flink/F2Ecg.java,254,        return;,
M3,F2,flink,C7,JAVA-C7,BandPass.Derivative.SquareMwi.Threshold.Assemble,/home/michal/github/rdb-experiment/results_20260801_K22v5/tasks/M3/F2_ecg/flink/F2Ecg.java,256,"      out.collect(Tuple4.of(n, raw - 900, mwi * 5, (mwi - thr * 2) * 5));",
M3,F2,flink,C7,JAVA-C7,BandPass.Derivative.SquareMwi.Threshold.Assemble,/home/michal/github/rdb-experiment/results_20260801_K22v5/tasks/M3/F2_ecg/flink/F2Ecg.java,257,      mliiAt.remove(n);,
M3,F2,flink,C7,JAVA-C7,BandPass.Derivative.SquareMwi.Threshold.Assemble,/home/michal/github/rdb-experiment/results_20260801_K22v5/tasks/M3/F2_ecg/flink/F2Ecg.java,258,      mwiAt.remove(n);,
M3,F2,flink,C7,JAVA-C7,BandPass.Derivative.SquareMwi.Threshold.Assemble,/home/michal/github/rdb-experiment/results_20260801_K22v5/tasks/M3/F2_ecg/flink/F2Ecg.java,259,      thrAt.remove(n);,
M3,F2,flink,C7,JAVA-C7,BandPass.Derivative.SquareMwi.Threshold.Assemble,/home/michal/github/rdb-experiment/results_20260801_K22v5/tasks/M3/F2_ecg/flink/F2Ecg.java,353,"        env.addSource(new PacedSource(mlii, slots));",
M3,F2,flink,C7,JAVA-C7,BandPass.Derivative.SquareMwi.Threshold.Assemble,/home/michal/github/rdb-experiment/results_20260801_K22v5/tasks/M3/F2_ecg/flink/F2Ecg.java,354,    src.flatMap(new BandPass(bpCoef)),
M3,F2,flink,C7,JAVA-C7,BandPass.Derivative.SquareMwi.Threshold.Assemble,/home/michal/github/rdb-experiment/results_20260801_K22v5/tasks/M3/F2_ecg/flink/F2Ecg.java,355,        .flatMap(new Derivative(dCoef)),
M3,F2,flink,C7,JAVA-C7,BandPass.Derivative.SquareMwi.Threshold.Assemble,/home/michal/github/rdb-experiment/results_20260801_K22v5/tasks/M3/F2_ecg/flink/F2Ecg.java,356,        .flatMap(new SquareMwi()),
M3,F2,flink,C7,JAVA-C7,BandPass.Derivative.SquareMwi.Threshold.Assemble,/home/michal/github/rdb-experiment/results_20260801_K22v5/tasks/M3/F2_ecg/flink/F2Ecg.java,357,        .flatMap(new Threshold()),
M3,F2,flink,C7,JAVA-C7,BandPass.Derivative.SquareMwi.Threshold.Assemble,/home/michal/github/rdb-experiment/results_20260801_K22v5/tasks/M3/F2_ecg/flink/F2Ecg.java,358,        .flatMap(new Assemble()),
M3,F2,flink,C7,JAVA-C7,BandPass.Derivative.SquareMwi.Threshold.Assemble,/home/michal/github/rdb-experiment/results_20260801_K22v5/tasks/M3/F2_ecg/flink/F2Ecg.java,359,"        .addSink(new CanonicalSink(out, family, variant));",
M3,F3,rql,C7,RQL-C7,rql,/home/michal/github/rdb-experiment/results_20260801_K22v5/tasks/M3/F3_multirate/rql/core.rql,15,"DECLARE value INTEGER STREAM A, 1/12 FILE 'f3_a.txt'",
M3,F3,rql,C4d,RQL-C4d,rql,/home/michal/github/rdb-experiment/results_20260801_K22v5/tasks/M3/F3_multirate/rql/core.rql,15,"DECLARE value INTEGER STREAM A, 1/12 FILE 'f3_a.txt'",
M3,F3,rql,C7,RQL-C7,rql,/home/michal/github/rdb-experiment/results_20260801_K22v5/tasks/M3/F3_multirate/rql/core.rql,16,"DECLARE value INTEGER STREAM B, 1/5 FILE 'f3_b.txt'",
M3,F3,rql,C4d,RQL-C4d,rql,/home/michal/github/rdb-experiment/results_20260801_K22v5/tasks/M3/F3_multirate/rql/core.rql,16,"DECLARE value INTEGER STREAM B, 1/5 FILE 'f3_b.txt'",
M3,F3,rql,C7,RQL-C7,rql,/home/michal/github/rdb-experiment/results_20260801_K22v5/tasks/M3/F3_multirate/rql/core.rql,17,SELECT * STREAM f3_mix FROM (A>12)#(B>5),
M3,F3,rql,C7,RQL-C7,rql,/home/michal/github/rdb-experiment/results_20260801_K22v5/tasks/M3/F3_multirate/rql/core.rql,18,"SELECT * STREAM f3_win FROM f3_mix@(1,30)",
M3,F3,rql,C3d,RQL-C3d,rql,/home/michal/github/rdb-experiment/results_20260801_K22v5/tasks/M3/F3_multirate/rql/core.rql,18,"SELECT * STREAM f3_win FROM f3_mix@(1,30)",
M3,F3,rql,C7,RQL-C7,rql,/home/michal/github/rdb-experiment/results_20260801_K22v5/tasks/M3/F3_multirate/rql/core.rql,19,SELECT f3_win[0] STREAM f3_out FROM f3_win.avg,
M3,F3,python,C5,PY-C5-CONSTANT,run,/home/michal/github/rdb-experiment/results_20260801_K22v5/tasks/M3/F3_multirate/python/core.py,50,    SHIFT = 21,
M3,F3,python,C4,PY-C4,run,/home/michal/github/rdb-experiment/results_20260801_K22v5/tasks/M3/F3_multirate/python/core.py,57,    t0 = time.monotonic_ns(),
M3,F3,python,C1,PY-C1-SLOT,run,/home/michal/github/rdb-experiment/results_20260801_K22v5/tasks/M3/F3_multirate/python/core.py,58,    for r in range(slots):,
M3,F3,python,C4,PY-C4,run,/home/michal/github/rdb-experiment/results_20260801_K22v5/tasks/M3/F3_multirate/python/core.py,59,        deadline = t0 + r * INTERVAL_NS,
M3,F3,python,C4,PY-C4,run,/home/michal/github/rdb-experiment/results_20260801_K22v5/tasks/M3/F3_multirate/python/core.py,60,        now = time.monotonic_ns(),
M3,F3,python,C1,PY-C1-NESTED,run,/home/michal/github/rdb-experiment/results_20260801_K22v5/tasks/M3/F3_multirate/python/core.py,70,"        for k in range(WIN - 1, 0, -1):",
M3,F3,python,C5,PY-C5-WARMUP,run,/home/michal/github/rdb-experiment/results_20260801_K22v5/tasks/M3/F3_multirate/python/core.py,74,        if filled < WIN:,
M3,F3,python,C4,PY-C4,run,/home/michal/github/rdb-experiment/results_20260801_K22v5/tasks/M3/F3_multirate/python/core.py,62,            time.sleep((deadline - now) / 1e9),
M3,F3,python,C2,PY-C2-STATE,run,/home/michal/github/rdb-experiment/results_20260801_K22v5/tasks/M3/F3_multirate/python/core.py,55,    filled = 0,run.filled
M3,F3,python,C2,PY-C2-STATE,run,/home/michal/github/rdb-experiment/results_20260801_K22v5/tasks/M3/F3_multirate/python/core.py,52,    ia = 0,run.ia
M3,F3,python,C2,PY-C2-STATE,run,/home/michal/github/rdb-experiment/results_20260801_K22v5/tasks/M3/F3_multirate/python/core.py,53,    ib = 0,run.ib
M3,F3,python,C3,PY-C3-WINDOW,run,/home/michal/github/rdb-experiment/results_20260801_K22v5/tasks/M3/F3_multirate/python/core.py,54,    win = [0] * WIN,run.win
M3,F3,python,C7,PY-C7,run,/home/michal/github/rdb-experiment/results_20260801_K22v5/tasks/M3/F3_multirate/python/core.py,45,"def run(a_values, b_values, slots):",
M3,F3,python,C7,PY-C7,run,/home/michal/github/rdb-experiment/results_20260801_K22v5/tasks/M3/F3_multirate/python/core.py,46,"    """"""Zwraca listę (logical_index, wartość) dla `slots` zdarzeń scalonych.""""""",
M3,F3,python,C7,PY-C7,run,/home/michal/github/rdb-experiment/results_20260801_K22v5/tasks/M3/F3_multirate/python/core.py,47,    HASH_NUM = 12,
M3,F3,python,C7,PY-C7,run,/home/michal/github/rdb-experiment/results_20260801_K22v5/tasks/M3/F3_multirate/python/core.py,48,    HASH_DEN = 17,
M3,F3,python,C7,PY-C7,run,/home/michal/github/rdb-experiment/results_20260801_K22v5/tasks/M3/F3_multirate/python/core.py,49,    INTERVAL_NS = 58_823_529,
M3,F3,python,C7,PY-C7,run,/home/michal/github/rdb-experiment/results_20260801_K22v5/tasks/M3/F3_multirate/python/core.py,51,    WIN = 30,
M3,F3,python,C7,PY-C7,run,/home/michal/github/rdb-experiment/results_20260801_K22v5/tasks/M3/F3_multirate/python/core.py,56,    out = [],
M3,F3,python,C7,PY-C7,run,/home/michal/github/rdb-experiment/results_20260801_K22v5/tasks/M3/F3_multirate/python/core.py,61,        if now < deadline:,
M3,F3,python,C7,PY-C7,run,/home/michal/github/rdb-experiment/results_20260801_K22v5/tasks/M3/F3_multirate/python/core.py,63,        take_b = (HASH_NUM * r) // HASH_DEN == (HASH_NUM * (r + 1)) // HASH_DEN,
M3,F3,python,C7,PY-C7,run,/home/michal/github/rdb-experiment/results_20260801_K22v5/tasks/M3/F3_multirate/python/core.py,64,        if take_b:,
M3,F3,python,C7,PY-C7,run,/home/michal/github/rdb-experiment/results_20260801_K22v5/tasks/M3/F3_multirate/python/core.py,76,"        out.append((SHIFT + r + 1, avg(win)))",
M3,F3,python,C7,PY-C7,run,/home/michal/github/rdb-experiment/results_20260801_K22v5/tasks/M3/F3_multirate/python/core.py,65,            value = b_values[ib],
M3,F3,python,C7,PY-C7,run,/home/michal/github/rdb-experiment/results_20260801_K22v5/tasks/M3/F3_multirate/python/core.py,68,            value = a_values[ia],
M3,F3,python,C7,PY-C7,run,/home/michal/github/rdb-experiment/results_20260801_K22v5/tasks/M3/F3_multirate/python/core.py,71,            win[k] = win[k - 1],
M3,F3,python,C7,PY-C7,run,/home/michal/github/rdb-experiment/results_20260801_K22v5/tasks/M3/F3_multirate/python/core.py,75,            continue,
M3,F3,flink,C5,JAVA-C5-CONSTANT,MergedSource,/home/michal/github/rdb-experiment/results_20260801_K22v5/tasks/M3/F3_multirate/flink/F3Multirate.java,42,    private static final int TAIL = 21;,
M3,F3,flink,C4,JAVA-C4,MergedSource,/home/michal/github/rdb-experiment/results_20260801_K22v5/tasks/M3/F3_multirate/flink/F3Multirate.java,58,      long t0 = System.nanoTime();,
M3,F3,flink,C1,JAVA-C1,MergedSource,/home/michal/github/rdb-experiment/results_20260801_K22v5/tasks/M3/F3_multirate/flink/F3Multirate.java,59,      for (long r = 0; r < slots && running; r++) {,
M3,F3,flink,C4,JAVA-C4,MergedSource,/home/michal/github/rdb-experiment/results_20260801_K22v5/tasks/M3/F3_multirate/flink/F3Multirate.java,60,        long deadline = t0 + r * INTERVAL_NS;,
M3,F3,flink,C4,JAVA-C4,MergedSource,/home/michal/github/rdb-experiment/results_20260801_K22v5/tasks/M3/F3_multirate/flink/F3Multirate.java,61,        long now = System.nanoTime();,
M3,F3,flink,C4,JAVA-C4,MergedSource,/home/michal/github/rdb-experiment/results_20260801_K22v5/tasks/M3/F3_multirate/flink/F3Multirate.java,64,"          Thread.sleep(sleepNs / 1_000_000L, (int) (sleepNs % 1_000_000L));",
M3,F3,flink,C1,JAVA-C1,Aggregate,/home/michal/github/rdb-experiment/results_20260801_K22v5/tasks/M3/F3_multirate/flink/F3Multirate.java,102,      for (int k = WIN - 1; k > 0; k--) {,
M3,F3,flink,C5,JAVA-C5-WARMUP,Aggregate,/home/michal/github/rdb-experiment/results_20260801_K22v5/tasks/M3/F3_multirate/flink/F3Multirate.java,107,      if (filled < WIN) {,
M3,F3,flink,C1,JAVA-C1,Aggregate,/home/michal/github/rdb-experiment/results_20260801_K22v5/tasks/M3/F3_multirate/flink/F3Multirate.java,111,      for (int k = 0; k < WIN; k++) {,
M3,F3,flink,C3,JAVA-C3-WINDOW,Aggregate,/home/michal/github/rdb-experiment/results_20260801_K22v5/tasks/M3/F3_multirate/flink/F3Multirate.java,91,    private int[] win;,Aggregate.win
M3,F3,flink,C2,JAVA-C2-STATE,Aggregate,/home/michal/github/rdb-experiment/results_20260801_K22v5/tasks/M3/F3_multirate/flink/F3Multirate.java,92,    private int filled;,Aggregate.filled
M3,F3,flink,C7,JAVA-C7,MergedSource,/home/michal/github/rdb-experiment/results_20260801_K22v5/tasks/M3/F3_multirate/flink/F3Multirate.java,38,"  static class MergedSource extends RichSourceFunction<Tuple2<Long, Integer>> {",
M3,F3,flink,C7,JAVA-C7,MergedSource,/home/michal/github/rdb-experiment/results_20260801_K22v5/tasks/M3/F3_multirate/flink/F3Multirate.java,39,    private static final long INTERVAL_NS = 58_823_529L;,
M3,F3,flink,C7,JAVA-C7,MergedSource,/home/michal/github/rdb-experiment/results_20260801_K22v5/tasks/M3/F3_multirate/flink/F3Multirate.java,40,    private static final int HASH_NUM = 12;,
M3,F3,flink,C7,JAVA-C7,MergedSource,/home/michal/github/rdb-experiment/results_20260801_K22v5/tasks/M3/F3_multirate/flink/F3Multirate.java,41,    private static final int HASH_DEN = 17;,
M3,F3,flink,C7,JAVA-C7,MergedSource,/home/michal/github/rdb-experiment/results_20260801_K22v5/tasks/M3/F3_multirate/flink/F3Multirate.java,43,    private final int[] a;,
M3,F3,flink,C7,JAVA-C7,MergedSource,/home/michal/github/rdb-experiment/results_20260801_K22v5/tasks/M3/F3_multirate/flink/F3Multirate.java,44,    private final int[] b;,
M3,F3,flink,C7,JAVA-C7,MergedSource,/home/michal/github/rdb-experiment/results_20260801_K22v5/tasks/M3/F3_multirate/flink/F3Multirate.java,45,    private final long slots;,
M3,F3,flink,C7,JAVA-C7,MergedSource,/home/michal/github/rdb-experiment/results_20260801_K22v5/tasks/M3/F3_multirate/flink/F3Multirate.java,46,    private volatile boolean running = true;,
M3,F3,flink,C7,JAVA-C7,MergedSource,/home/michal/github/rdb-experiment/results_20260801_K22v5/tasks/M3/F3_multirate/flink/F3Multirate.java,49,      this.a = a;,
M3,F3,flink,C7,JAVA-C7,MergedSource,/home/michal/github/rdb-experiment/results_20260801_K22v5/tasks/M3/F3_multirate/flink/F3Multirate.java,50,      this.b = b;,
M3,F3,flink,C7,JAVA-C7,MergedSource,/home/michal/github/rdb-experiment/results_20260801_K22v5/tasks/M3/F3_multirate/flink/F3Multirate.java,51,      this.slots = slots;,
M3,F3,flink,C7,JAVA-C7,MergedSource,/home/michal/github/rdb-experiment/results_20260801_K22v5/tasks/M3/F3_multirate/flink/F3Multirate.java,55,"    public void run(SourceContext<Tuple2<Long, Integer>> ctx) throws Exception {",
M3,F3,flink,C7,JAVA-C7,MergedSource,/home/michal/github/rdb-experiment/results_20260801_K22v5/tasks/M3/F3_multirate/flink/F3Multirate.java,56,      int ia = 0;,
M3,F3,flink,C7,JAVA-C7,MergedSource,/home/michal/github/rdb-experiment/results_20260801_K22v5/tasks/M3/F3_multirate/flink/F3Multirate.java,57,      int ib = 0;,
M3,F3,flink,C7,JAVA-C7,MergedSource,/home/michal/github/rdb-experiment/results_20260801_K22v5/tasks/M3/F3_multirate/flink/F3Multirate.java,63,          long sleepNs = deadline - now;,
M3,F3,flink,C7,JAVA-C7,MergedSource,/home/michal/github/rdb-experiment/results_20260801_K22v5/tasks/M3/F3_multirate/flink/F3Multirate.java,66,        int value;,
M3,F3,flink,C7,JAVA-C7,MergedSource,/home/michal/github/rdb-experiment/results_20260801_K22v5/tasks/M3/F3_multirate/flink/F3Multirate.java,67,        boolean takeB = (HASH_NUM * r) / HASH_DEN == (HASH_NUM * (r + 1)) / HASH_DEN;,
M3,F3,flink,C7,JAVA-C7,MergedSource,/home/michal/github/rdb-experiment/results_20260801_K22v5/tasks/M3/F3_multirate/flink/F3Multirate.java,69,          value = b[ib];,
M3,F3,flink,C7,JAVA-C7,MergedSource,/home/michal/github/rdb-experiment/results_20260801_K22v5/tasks/M3/F3_multirate/flink/F3Multirate.java,70,          ib = ib + 1;,
M3,F3,flink,C7,JAVA-C7,MergedSource,/home/michal/github/rdb-experiment/results_20260801_K22v5/tasks/M3/F3_multirate/flink/F3Multirate.java,72,          value = a[ia];,
M3,F3,flink,C7,JAVA-C7,MergedSource,/home/michal/github/rdb-experiment/results_20260801_K22v5/tasks/M3/F3_multirate/flink/F3Multirate.java,73,          ia = ia + 1;,
M3,F3,flink,C7,JAVA-C7,MergedSource,/home/michal/github/rdb-experiment/results_20260801_K22v5/tasks/M3/F3_multirate/flink/F3Multirate.java,75,"        ctx.collect(Tuple2.of(TAIL + r, value));",
M3,F3,flink,C7,JAVA-C7,MergedSource,/home/michal/github/rdb-experiment/results_20260801_K22v5/tasks/M3/F3_multirate/flink/F3Multirate.java,80,    public void cancel() {,
M3,F3,flink,C7,JAVA-C7,MergedSource,/home/michal/github/rdb-experiment/results_20260801_K22v5/tasks/M3/F3_multirate/flink/F3Multirate.java,81,      running = false;,
M3,F3,flink,C7,JAVA-C7,Aggregate,/home/michal/github/rdb-experiment/results_20260801_K22v5/tasks/M3/F3_multirate/flink/F3Multirate.java,89,"  static class Aggregate extends RichFlatMapFunction<Tuple2<Long, Integer>, Tuple2<Long, Integer>> {",
M3,F3,flink,C7,JAVA-C7,Aggregate,/home/michal/github/rdb-experiment/results_20260801_K22v5/tasks/M3/F3_multirate/flink/F3Multirate.java,90,    private static final int WIN = 30;,
M3,F3,flink,C7,JAVA-C7,Aggregate,/home/michal/github/rdb-experiment/results_20260801_K22v5/tasks/M3/F3_multirate/flink/F3Multirate.java,95,    public void open(OpenContext ctx) {,
M3,F3,flink,C7,JAVA-C7,Aggregate,/home/michal/github/rdb-experiment/results_20260801_K22v5/tasks/M3/F3_multirate/flink/F3Multirate.java,96,      win = new int[WIN];,
M3,F3,flink,C7,JAVA-C7,Aggregate,/home/michal/github/rdb-experiment/results_20260801_K22v5/tasks/M3/F3_multirate/flink/F3Multirate.java,97,      filled = 0;,
M3,F3,flink,C7,JAVA-C7,Aggregate,/home/michal/github/rdb-experiment/results_20260801_K22v5/tasks/M3/F3_multirate/flink/F3Multirate.java,101,"    public void flatMap(Tuple2<Long, Integer> in, Collector<Tuple2<Long, Integer>> out) {",
M3,F3,flink,C7,JAVA-C7,Aggregate,/home/michal/github/rdb-experiment/results_20260801_K22v5/tasks/M3/F3_multirate/flink/F3Multirate.java,103,        win[k] = win[k - 1];,
M3,F3,flink,C7,JAVA-C7,Aggregate,/home/michal/github/rdb-experiment/results_20260801_K22v5/tasks/M3/F3_multirate/flink/F3Multirate.java,105,      win[0] = in.f1;,
M3,F3,flink,C7,JAVA-C7,Aggregate,/home/michal/github/rdb-experiment/results_20260801_K22v5/tasks/M3/F3_multirate/flink/F3Multirate.java,106,      filled = filled + 1;,
M3,F3,flink,C7,JAVA-C7,Aggregate,/home/michal/github/rdb-experiment/results_20260801_K22v5/tasks/M3/F3_multirate/flink/F3Multirate.java,108,        return;,
M3,F3,flink,C7,JAVA-C7,Aggregate,/home/michal/github/rdb-experiment/results_20260801_K22v5/tasks/M3/F3_multirate/flink/F3Multirate.java,110,      long sum = 0;,
M3,F3,flink,C7,JAVA-C7,Aggregate,/home/michal/github/rdb-experiment/results_20260801_K22v5/tasks/M3/F3_multirate/flink/F3Multirate.java,112,        sum += win[k];,
M3,F3,flink,C7,JAVA-C7,Aggregate,/home/michal/github/rdb-experiment/results_20260801_K22v5/tasks/M3/F3_multirate/flink/F3Multirate.java,114,"      out.collect(Tuple2.of(in.f0 + 1, (int) (sum / WIN)));",
M3,F3,flink,C7,JAVA-C7,topology,/home/michal/github/rdb-experiment/results_20260801_K22v5/tasks/M3/F3_multirate/flink/F3Multirate.java,185,"    DataStream<Tuple2<Long, Integer>> src = env.addSource(new MergedSource(a, b, slots));",
M3,F3,flink,C7,JAVA-C7,topology,/home/michal/github/rdb-experiment/results_20260801_K22v5/tasks/M3/F3_multirate/flink/F3Multirate.java,186,"    src.flatMap(new Aggregate()).addSink(new CanonicalSink(out, family, variant));",
M4,F1,rql,C7,RQL-C7,rql,/home/michal/github/rdb-experiment/results_20260801_K22v5/tasks/M4/F1_fir/rql/core.rql,16,"DECLARE x INTEGER STREAM src, 1/1000 FILE 'f1_source.txt'",
M4,F1,rql,C4d,RQL-C4d,rql,/home/michal/github/rdb-experiment/results_20260801_K22v5/tasks/M4/F1_fir/rql/core.rql,16,"DECLARE x INTEGER STREAM src, 1/1000 FILE 'f1_source.txt'",
M4,F1,rql,C7,RQL-C7,rql,/home/michal/github/rdb-experiment/results_20260801_K22v5/tasks/M4/F1_fir/rql/core.rql,17,"DECLARE c INTEGER[26] STREAM coef, 1 FILE 'f1_coef.txt'",
M4,F1,rql,C4d,RQL-C4d,rql,/home/michal/github/rdb-experiment/results_20260801_K22v5/tasks/M4/F1_fir/rql/core.rql,17,"DECLARE c INTEGER[26] STREAM coef, 1 FILE 'f1_coef.txt'",
M4,F1,rql,C7,RQL-C7,rql,/home/michal/github/rdb-experiment/results_20260801_K22v5/tasks/M4/F1_fir/rql/core.rql,18,"SELECT * STREAM win FROM src@(1,26)",
M4,F1,rql,C3d,RQL-C3d,rql,/home/michal/github/rdb-experiment/results_20260801_K22v5/tasks/M4/F1_fir/rql/core.rql,18,"SELECT * STREAM win FROM src@(1,26)",
M4,F1,rql,C7,RQL-C7,rql,/home/michal/github/rdb-experiment/results_20260801_K22v5/tasks/M4/F1_fir/rql/core.rql,19,SELECT win[_]*coef[_] STREAM acc FROM win+coef,
M4,F1,rql,C7,RQL-C7,rql,/home/michal/github/rdb-experiment/results_20260801_K22v5/tasks/M4/F1_fir/rql/core.rql,20,SELECT acc[0]/26/1000 STREAM f1_out FROM acc.sumc,
M4,F1,rql,C7,RQL-C7,rql,/home/michal/github/rdb-experiment/results_20260801_K22v5/tasks/M4/F1_fir/rql/core.rql,21,"SELECT f1_out[0]+0, f1_out[0]+1, f1_out[0]+2, f1_out[0]+3, f1_out[0]+4, f1_out[0]+5, f1_out[0]+6, f1_out[0]+7 STREAM f1_q FROM f1_out",
M4,F1,python,C4,PY-C4,run,/home/michal/github/rdb-experiment/results_20260801_K22v5/tasks/M4/F1_fir/python/core.py,41,    t0 = time.monotonic_ns(),
M4,F1,python,C1,PY-C1-SLOT,run,/home/michal/github/rdb-experiment/results_20260801_K22v5/tasks/M4/F1_fir/python/core.py,42,    for n in range(slots):,
M4,F1,python,C4,PY-C4,run,/home/michal/github/rdb-experiment/results_20260801_K22v5/tasks/M4/F1_fir/python/core.py,43,        deadline = t0 + n * INTERVAL_NS,
M4,F1,python,C4,PY-C4,run,/home/michal/github/rdb-experiment/results_20260801_K22v5/tasks/M4/F1_fir/python/core.py,44,        now = time.monotonic_ns(),
M4,F1,python,C1,PY-C1-NESTED,run,/home/michal/github/rdb-experiment/results_20260801_K22v5/tasks/M4/F1_fir/python/core.py,48,"        for k in range(WIN - 1, 0, -1):",
M4,F1,python,C5,PY-C5-WARMUP,run,/home/michal/github/rdb-experiment/results_20260801_K22v5/tasks/M4/F1_fir/python/core.py,51,        if n < WIN - 1:,
M4,F1,python,C4,PY-C4,run,/home/michal/github/rdb-experiment/results_20260801_K22v5/tasks/M4/F1_fir/python/core.py,46,            time.sleep((deadline - now) / 1e9),
M4,F1,python,C3,PY-C3-WINDOW,run,/home/michal/github/rdb-experiment/results_20260801_K22v5/tasks/M4/F1_fir/python/core.py,39,    win = [0] * WIN,run.win
M4,F1,python,C7,PY-C7,run,/home/michal/github/rdb-experiment/results_20260801_K22v5/tasks/M4/F1_fir/python/core.py,35,"def run(samples, coef, slots):",
M4,F1,python,C7,PY-C7,run,/home/michal/github/rdb-experiment/results_20260801_K22v5/tasks/M4/F1_fir/python/core.py,36,"    """"""Zwraca listę (logical_index, wartość) dla `slots` slotów.""""""",
M4,F1,python,C7,PY-C7,run,/home/michal/github/rdb-experiment/results_20260801_K22v5/tasks/M4/F1_fir/python/core.py,37,    WIN = 26,
M4,F1,python,C7,PY-C7,run,/home/michal/github/rdb-experiment/results_20260801_K22v5/tasks/M4/F1_fir/python/core.py,38,    INTERVAL_NS = 1_000_000,
M4,F1,python,C7,PY-C7,run,/home/michal/github/rdb-experiment/results_20260801_K22v5/tasks/M4/F1_fir/python/core.py,40,    out = [],
M4,F1,python,C7,PY-C7,run,/home/michal/github/rdb-experiment/results_20260801_K22v5/tasks/M4/F1_fir/python/core.py,45,        if now < deadline:,
M4,F1,python,C7,PY-C7,run,/home/michal/github/rdb-experiment/results_20260801_K22v5/tasks/M4/F1_fir/python/core.py,47,        x = samples[n],
M4,F1,python,C7,PY-C7,run,/home/michal/github/rdb-experiment/results_20260801_K22v5/tasks/M4/F1_fir/python/core.py,53,"        acc = sumc([imul(win[k], coef[k]) for k in range(WIN)])",
M4,F1,python,C7,PY-C7,run,/home/michal/github/rdb-experiment/results_20260801_K22v5/tasks/M4/F1_fir/python/core.py,54,"        y = idiv(idiv(acc, WIN), 1000)",
M4,F1,python,C7,PY-C7,run,/home/michal/github/rdb-experiment/results_20260801_K22v5/tasks/M4/F1_fir/python/core.py,55,"        out.append((n + 1, [y + j for j in range(8)]))",
M4,F1,python,C7,PY-C7,run,/home/michal/github/rdb-experiment/results_20260801_K22v5/tasks/M4/F1_fir/python/core.py,49,            win[k] = win[k - 1],
M4,F1,python,C7,PY-C7,run,/home/michal/github/rdb-experiment/results_20260801_K22v5/tasks/M4/F1_fir/python/core.py,52,            continue,
M4,F1,flink,C4,JAVA-C4,PacedSource,/home/michal/github/rdb-experiment/results_20260801_K22v5/tasks/M4/F1_fir/flink/F1Fir.java,49,      long t0 = System.nanoTime();,
M4,F1,flink,C1,JAVA-C1,PacedSource,/home/michal/github/rdb-experiment/results_20260801_K22v5/tasks/M4/F1_fir/flink/F1Fir.java,50,      for (long n = 0; n < slots && running; n++) {,
M4,F1,flink,C4,JAVA-C4,PacedSource,/home/michal/github/rdb-experiment/results_20260801_K22v5/tasks/M4/F1_fir/flink/F1Fir.java,51,        long deadline = t0 + n * INTERVAL_NS;,
M4,F1,flink,C4,JAVA-C4,PacedSource,/home/michal/github/rdb-experiment/results_20260801_K22v5/tasks/M4/F1_fir/flink/F1Fir.java,52,        long now = System.nanoTime();,
M4,F1,flink,C4,JAVA-C4,PacedSource,/home/michal/github/rdb-experiment/results_20260801_K22v5/tasks/M4/F1_fir/flink/F1Fir.java,55,"          Thread.sleep(sleepNs / 1_000_000L, (int) (sleepNs % 1_000_000L));",
M4,F1,flink,C1,JAVA-C1,Fir,/home/michal/github/rdb-experiment/results_20260801_K22v5/tasks/M4/F1_fir/flink/F1Fir.java,83,      for (int k = WIN - 1; k > 0; k--) {,
M4,F1,flink,C5,JAVA-C5-WARMUP,Fir,/home/michal/github/rdb-experiment/results_20260801_K22v5/tasks/M4/F1_fir/flink/F1Fir.java,87,      if (in.f0 < WIN - 1) {,
M4,F1,flink,C1,JAVA-C1,Fir,/home/michal/github/rdb-experiment/results_20260801_K22v5/tasks/M4/F1_fir/flink/F1Fir.java,91,      for (int k = 0; k < WIN; k++) {,
M4,F1,flink,C3,JAVA-C3-WINDOW,Fir,/home/michal/github/rdb-experiment/results_20260801_K22v5/tasks/M4/F1_fir/flink/F1Fir.java,70,    private int[] win;,Fir.win
M4,F1,flink,C7,JAVA-C7,PacedSource,/home/michal/github/rdb-experiment/results_20260801_K22v5/tasks/M4/F1_fir/flink/F1Fir.java,36,"  static class PacedSource extends RichSourceFunction<Tuple2<Long, Integer>> {",
M4,F1,flink,C7,JAVA-C7,PacedSource,/home/michal/github/rdb-experiment/results_20260801_K22v5/tasks/M4/F1_fir/flink/F1Fir.java,37,    private static final long INTERVAL_NS = 1_000_000L;,
M4,F1,flink,C7,JAVA-C7,PacedSource,/home/michal/github/rdb-experiment/results_20260801_K22v5/tasks/M4/F1_fir/flink/F1Fir.java,38,    private final int[] samples;,
M4,F1,flink,C7,JAVA-C7,PacedSource,/home/michal/github/rdb-experiment/results_20260801_K22v5/tasks/M4/F1_fir/flink/F1Fir.java,39,    private final long slots;,
M4,F1,flink,C7,JAVA-C7,PacedSource,/home/michal/github/rdb-experiment/results_20260801_K22v5/tasks/M4/F1_fir/flink/F1Fir.java,40,    private volatile boolean running = true;,
M4,F1,flink,C7,JAVA-C7,PacedSource,/home/michal/github/rdb-experiment/results_20260801_K22v5/tasks/M4/F1_fir/flink/F1Fir.java,43,      this.samples = samples;,
M4,F1,flink,C7,JAVA-C7,PacedSource,/home/michal/github/rdb-experiment/results_20260801_K22v5/tasks/M4/F1_fir/flink/F1Fir.java,44,      this.slots = slots;,
M4,F1,flink,C7,JAVA-C7,PacedSource,/home/michal/github/rdb-experiment/results_20260801_K22v5/tasks/M4/F1_fir/flink/F1Fir.java,48,"    public void run(SourceContext<Tuple2<Long, Integer>> ctx) throws Exception {",
M4,F1,flink,C7,JAVA-C7,PacedSource,/home/michal/github/rdb-experiment/results_20260801_K22v5/tasks/M4/F1_fir/flink/F1Fir.java,54,          long sleepNs = deadline - now;,
M4,F1,flink,C7,JAVA-C7,PacedSource,/home/michal/github/rdb-experiment/results_20260801_K22v5/tasks/M4/F1_fir/flink/F1Fir.java,57,"        ctx.collect(Tuple2.of(n, samples[(int) n]));",
M4,F1,flink,C7,JAVA-C7,PacedSource,/home/michal/github/rdb-experiment/results_20260801_K22v5/tasks/M4/F1_fir/flink/F1Fir.java,62,    public void cancel() {,
M4,F1,flink,C7,JAVA-C7,PacedSource,/home/michal/github/rdb-experiment/results_20260801_K22v5/tasks/M4/F1_fir/flink/F1Fir.java,63,      running = false;,
M4,F1,flink,C7,JAVA-C7,Fir,/home/michal/github/rdb-experiment/results_20260801_K22v5/tasks/M4/F1_fir/flink/F1Fir.java,67,"  static class Fir extends RichFlatMapFunction<Tuple2<Long, Integer>, Tuple2<Long, Integer>> {",
M4,F1,flink,C7,JAVA-C7,Fir,/home/michal/github/rdb-experiment/results_20260801_K22v5/tasks/M4/F1_fir/flink/F1Fir.java,68,    private static final int WIN = 26;,
M4,F1,flink,C7,JAVA-C7,Fir,/home/michal/github/rdb-experiment/results_20260801_K22v5/tasks/M4/F1_fir/flink/F1Fir.java,69,    private final int[] coef;,
M4,F1,flink,C7,JAVA-C7,Fir,/home/michal/github/rdb-experiment/results_20260801_K22v5/tasks/M4/F1_fir/flink/F1Fir.java,73,      this.coef = coef;,
M4,F1,flink,C7,JAVA-C7,Fir,/home/michal/github/rdb-experiment/results_20260801_K22v5/tasks/M4/F1_fir/flink/F1Fir.java,77,    public void open(OpenContext ctx) {,
M4,F1,flink,C7,JAVA-C7,Fir,/home/michal/github/rdb-experiment/results_20260801_K22v5/tasks/M4/F1_fir/flink/F1Fir.java,78,      win = new int[WIN];,
M4,F1,flink,C7,JAVA-C7,Fir,/home/michal/github/rdb-experiment/results_20260801_K22v5/tasks/M4/F1_fir/flink/F1Fir.java,82,"    public void flatMap(Tuple2<Long, Integer> in, Collector<Tuple2<Long, Integer>> out) {",
M4,F1,flink,C7,JAVA-C7,Fir,/home/michal/github/rdb-experiment/results_20260801_K22v5/tasks/M4/F1_fir/flink/F1Fir.java,84,        win[k] = win[k - 1];,
M4,F1,flink,C7,JAVA-C7,Fir,/home/michal/github/rdb-experiment/results_20260801_K22v5/tasks/M4/F1_fir/flink/F1Fir.java,86,      win[0] = in.f1;,
M4,F1,flink,C7,JAVA-C7,Fir,/home/michal/github/rdb-experiment/results_20260801_K22v5/tasks/M4/F1_fir/flink/F1Fir.java,88,        return;,
M4,F1,flink,C7,JAVA-C7,Fir,/home/michal/github/rdb-experiment/results_20260801_K22v5/tasks/M4/F1_fir/flink/F1Fir.java,90,      long acc = 0;,
M4,F1,flink,C7,JAVA-C7,Fir,/home/michal/github/rdb-experiment/results_20260801_K22v5/tasks/M4/F1_fir/flink/F1Fir.java,92,        acc += (long) win[k] * coef[k];,
M4,F1,flink,C7,JAVA-C7,Fir,/home/michal/github/rdb-experiment/results_20260801_K22v5/tasks/M4/F1_fir/flink/F1Fir.java,95,"        throw new ArithmeticException(""suma "" + acc + "" poza int32 -- zakres danych nie wyklucza przepelnienia"");",
M4,F1,flink,C7,JAVA-C7,Fir,/home/michal/github/rdb-experiment/results_20260801_K22v5/tasks/M4/F1_fir/flink/F1Fir.java,97,      int y = (int) acc / WIN / 1000;,
M4,F1,flink,C7,JAVA-C7,Fir,/home/michal/github/rdb-experiment/results_20260801_K22v5/tasks/M4/F1_fir/flink/F1Fir.java,98,"      out.collect(Tuple2.of(in.f0 + 1, y));",
M4,F1,flink,C7,JAVA-C7,Monitor,/home/michal/github/rdb-experiment/results_20260801_K22v5/tasks/M4/F1_fir/flink/F1Fir.java,102,"  static class Monitor extends RichMapFunction<Tuple2<Long, Integer>,",
M4,F1,flink,C7,JAVA-C7,Monitor,/home/michal/github/rdb-experiment/results_20260801_K22v5/tasks/M4/F1_fir/flink/F1Fir.java,105,"    public Tuple9<Long, Integer, Integer, Integer, Integer, Integer, Integer, Integer, Integer> map(Tuple2<Long, Integer> in) {",
M4,F1,flink,C7,JAVA-C7,Monitor,/home/michal/github/rdb-experiment/results_20260801_K22v5/tasks/M4/F1_fir/flink/F1Fir.java,106,      int v = in.f1;,
M4,F1,flink,C7,JAVA-C7,Monitor,/home/michal/github/rdb-experiment/results_20260801_K22v5/tasks/M4/F1_fir/flink/F1Fir.java,107,"      return Tuple9.of(in.f0, v, v + 1, v + 2, v + 3, v + 4, v + 5, v + 6, v + 7);",
M4,F1,flink,C7,JAVA-C7,Monitor,/home/michal/github/rdb-experiment/results_20260801_K22v5/tasks/M4/F1_fir/flink/F1Fir.java,184,"    DataStream<Tuple2<Long, Integer>> src = env.addSource(new PacedSource(samples, slots));",
M4,F1,flink,C7,JAVA-C7,Monitor,/home/michal/github/rdb-experiment/results_20260801_K22v5/tasks/M4/F1_fir/flink/F1Fir.java,185,"    src.flatMap(new Fir(coef)).map(new Monitor()).addSink(new CanonicalSink(out, family, variant));",
M4,F2,rql,C7,RQL-C7,rql,/home/michal/github/rdb-experiment/results_20260801_K22v5/tasks/M4/F2_ecg/rql/core.rql,19,"DECLARE MLII INTEGER, V1 INTEGER STREAM ecg, 1/360 FILE 'rec205'",
M4,F2,rql,C4d,RQL-C4d,rql,/home/michal/github/rdb-experiment/results_20260801_K22v5/tasks/M4/F2_ecg/rql/core.rql,19,"DECLARE MLII INTEGER, V1 INTEGER STREAM ecg, 1/360 FILE 'rec205'",
M4,F2,rql,C7,RQL-C7,rql,/home/michal/github/rdb-experiment/results_20260801_K22v5/tasks/M4/F2_ecg/rql/core.rql,20,"DECLARE bp_coef INTEGER[25] STREAM bpf, 1 FILE 'bp_coef.txt'",
M4,F2,rql,C4d,RQL-C4d,rql,/home/michal/github/rdb-experiment/results_20260801_K22v5/tasks/M4/F2_ecg/rql/core.rql,20,"DECLARE bp_coef INTEGER[25] STREAM bpf, 1 FILE 'bp_coef.txt'",
M4,F2,rql,C7,RQL-C7,rql,/home/michal/github/rdb-experiment/results_20260801_K22v5/tasks/M4/F2_ecg/rql/core.rql,21,"DECLARE d_coef INTEGER[5] STREAM df, 1 FILE 'd_coef.txt'",
M4,F2,rql,C4d,RQL-C4d,rql,/home/michal/github/rdb-experiment/results_20260801_K22v5/tasks/M4/F2_ecg/rql/core.rql,21,"DECLARE d_coef INTEGER[5] STREAM df, 1 FILE 'd_coef.txt'",
M4,F2,rql,C7,RQL-C7,rql,/home/michal/github/rdb-experiment/results_20260801_K22v5/tasks/M4/F2_ecg/rql/core.rql,23,SELECT ecg.MLII STREAM mlii FROM ecg,
M4,F2,rql,C7,RQL-C7,rql,/home/michal/github/rdb-experiment/results_20260801_K22v5/tasks/M4/F2_ecg/rql/core.rql,25,"SELECT * STREAM mlii_win FROM mlii@(1,25)",
M4,F2,rql,C3d,RQL-C3d,rql,/home/michal/github/rdb-experiment/results_20260801_K22v5/tasks/M4/F2_ecg/rql/core.rql,25,"SELECT * STREAM mlii_win FROM mlii@(1,25)",
M4,F2,rql,C7,RQL-C7,rql,/home/michal/github/rdb-experiment/results_20260801_K22v5/tasks/M4/F2_ecg/rql/core.rql,26,SELECT mlii_win[_]*bpf[_] STREAM bp_acc FROM mlii_win+bpf,
M4,F2,rql,C7,RQL-C7,rql,/home/michal/github/rdb-experiment/results_20260801_K22v5/tasks/M4/F2_ecg/rql/core.rql,27,SELECT bp_acc[0]/1000 STREAM bp_out FROM bp_acc.sumc,
M4,F2,rql,C7,RQL-C7,rql,/home/michal/github/rdb-experiment/results_20260801_K22v5/tasks/M4/F2_ecg/rql/core.rql,29,"SELECT * STREAM bp_win FROM bp_out@(1,5)",
M4,F2,rql,C3d,RQL-C3d,rql,/home/michal/github/rdb-experiment/results_20260801_K22v5/tasks/M4/F2_ecg/rql/core.rql,29,"SELECT * STREAM bp_win FROM bp_out@(1,5)",
M4,F2,rql,C7,RQL-C7,rql,/home/michal/github/rdb-experiment/results_20260801_K22v5/tasks/M4/F2_ecg/rql/core.rql,30,SELECT bp_win[_]*df[_] STREAM d_acc FROM bp_win+df,
M4,F2,rql,C7,RQL-C7,rql,/home/michal/github/rdb-experiment/results_20260801_K22v5/tasks/M4/F2_ecg/rql/core.rql,31,SELECT d_acc[0] STREAM d_out FROM d_acc.sumc,
M4,F2,rql,C7,RQL-C7,rql,/home/michal/github/rdb-experiment/results_20260801_K22v5/tasks/M4/F2_ecg/rql/core.rql,33,SELECT d_out[0]*d_out[0]/1000 STREAM sq_out FROM d_out,
M4,F2,rql,C7,RQL-C7,rql,/home/michal/github/rdb-experiment/results_20260801_K22v5/tasks/M4/F2_ecg/rql/core.rql,35,"SELECT * STREAM mwi_win FROM sq_out@(1,30)",
M4,F2,rql,C3d,RQL-C3d,rql,/home/michal/github/rdb-experiment/results_20260801_K22v5/tasks/M4/F2_ecg/rql/core.rql,35,"SELECT * STREAM mwi_win FROM sq_out@(1,30)",
M4,F2,rql,C7,RQL-C7,rql,/home/michal/github/rdb-experiment/results_20260801_K22v5/tasks/M4/F2_ecg/rql/core.rql,36,SELECT mwi_win[0] STREAM mwi FROM mwi_win.avg,
M4,F2,rql,C7,RQL-C7,rql,/home/michal/github/rdb-experiment/results_20260801_K22v5/tasks/M4/F2_ecg/rql/core.rql,38,"SELECT * STREAM mwi_long FROM mwi@(1,180)",
M4,F2,rql,C3d,RQL-C3d,rql,/home/michal/github/rdb-experiment/results_20260801_K22v5/tasks/M4/F2_ecg/rql/core.rql,38,"SELECT * STREAM mwi_long FROM mwi@(1,180)",
M4,F2,rql,C7,RQL-C7,rql,/home/michal/github/rdb-experiment/results_20260801_K22v5/tasks/M4/F2_ecg/rql/core.rql,39,SELECT mwi_long[0] STREAM mwi_thr FROM mwi_long.avg,
M4,F2,rql,C7,RQL-C7,rql,/home/michal/github/rdb-experiment/results_20260801_K22v5/tasks/M4/F2_ecg/rql/core.rql,41,"SELECT mlii[0]-900, mwi[0]*5, (mwi[0]-mwi_thr[0]*2)*5 STREAM qrs_out FROM mlii+mwi+mwi_thr",
M4,F2,rql,C7,RQL-C7,rql,/home/michal/github/rdb-experiment/results_20260801_K22v5/tasks/M4/F2_ecg/rql/core.rql,42,"SELECT mwi[0]+0, mwi[0]+1, mwi[0]+2, mwi[0]+3, mwi[0]+4, mwi[0]+5, mwi[0]+6, mwi[0]+7 STREAM mwi_q FROM mwi",
M4,F2,python,C4,PY-C4,run,/home/michal/github/rdb-experiment/results_20260801_K22v5/tasks/M4/F2_ecg/python/core.py,58,    t0 = time.monotonic_ns(),
M4,F2,python,C1,PY-C1-SLOT,run,/home/michal/github/rdb-experiment/results_20260801_K22v5/tasks/M4/F2_ecg/python/core.py,59,    for n in range(slots):,
M4,F2,python,C4,PY-C4,run,/home/michal/github/rdb-experiment/results_20260801_K22v5/tasks/M4/F2_ecg/python/core.py,60,        deadline = t0 + n * INTERVAL_NS,
M4,F2,python,C4,PY-C4,run,/home/michal/github/rdb-experiment/results_20260801_K22v5/tasks/M4/F2_ecg/python/core.py,61,        now = time.monotonic_ns(),
M4,F2,python,C1,PY-C1-NESTED,run,/home/michal/github/rdb-experiment/results_20260801_K22v5/tasks/M4/F2_ecg/python/core.py,66,"        for k in range(WIN_BP - 1, 0, -1):",
M4,F2,python,C4,PY-C4,run,/home/michal/github/rdb-experiment/results_20260801_K22v5/tasks/M4/F2_ecg/python/core.py,63,            time.sleep((deadline - now) / 1e9),
M4,F2,python,C1,PY-C1-NESTED,run,/home/michal/github/rdb-experiment/results_20260801_K22v5/tasks/M4/F2_ecg/python/core.py,72,"            for k in range(WIN_D - 1, 0, -1):",
M4,F2,python,C1,PY-C1-NESTED,run,/home/michal/github/rdb-experiment/results_20260801_K22v5/tasks/M4/F2_ecg/python/core.py,79,"                for k in range(WIN_MWI - 1, 0, -1):",
M4,F2,python,C1,PY-C1-NESTED,run,/home/michal/github/rdb-experiment/results_20260801_K22v5/tasks/M4/F2_ecg/python/core.py,87,"                    for k in range(WIN_THR - 1, 0, -1):",
M4,F2,python,C2,PY-C2-STATE,run,/home/michal/github/rdb-experiment/results_20260801_K22v5/tasks/M4/F2_ecg/python/core.py,50,    cnt_bp = 0,run.cnt_bp
M4,F2,python,C2,PY-C2-STATE,run,/home/michal/github/rdb-experiment/results_20260801_K22v5/tasks/M4/F2_ecg/python/core.py,51,    cnt_d = 0,run.cnt_d
M4,F2,python,C2,PY-C2-STATE,run,/home/michal/github/rdb-experiment/results_20260801_K22v5/tasks/M4/F2_ecg/python/core.py,52,    cnt_mwi = 0,run.cnt_mwi
M4,F2,python,C2,PY-C2-STATE,run,/home/michal/github/rdb-experiment/results_20260801_K22v5/tasks/M4/F2_ecg/python/core.py,53,    cnt_thr = 0,run.cnt_thr
M4,F2,python,C2,PY-C2-STATE,run,/home/michal/github/rdb-experiment/results_20260801_K22v5/tasks/M4/F2_ecg/python/core.py,54,    mwi_at = {},run.mwi_at
M4,F2,python,C2,PY-C2-STATE,run,/home/michal/github/rdb-experiment/results_20260801_K22v5/tasks/M4/F2_ecg/python/core.py,55,    thr_at = {},run.thr_at
M4,F2,python,C3,PY-C3-WINDOW,run,/home/michal/github/rdb-experiment/results_20260801_K22v5/tasks/M4/F2_ecg/python/core.py,46,    win_bp = [0] * WIN_BP,run.win_bp
M4,F2,python,C3,PY-C3-WINDOW,run,/home/michal/github/rdb-experiment/results_20260801_K22v5/tasks/M4/F2_ecg/python/core.py,47,    win_d = [0] * WIN_D,run.win_d
M4,F2,python,C3,PY-C3-WINDOW,run,/home/michal/github/rdb-experiment/results_20260801_K22v5/tasks/M4/F2_ecg/python/core.py,48,    win_mwi = [0] * WIN_MWI,run.win_mwi
M4,F2,python,C3,PY-C3-WINDOW,run,/home/michal/github/rdb-experiment/results_20260801_K22v5/tasks/M4/F2_ecg/python/core.py,49,    win_thr = [0] * WIN_THR,run.win_thr
M4,F2,python,C7,PY-C7,run,/home/michal/github/rdb-experiment/results_20260801_K22v5/tasks/M4/F2_ecg/python/core.py,39,"def run(mlii, bp_coef, d_coef, slots):",
M4,F2,python,C7,PY-C7,run,/home/michal/github/rdb-experiment/results_20260801_K22v5/tasks/M4/F2_ecg/python/core.py,40,"    """"""Zwraca listę (logical_index, [pole0, pole1, pole2]).""""""",
M4,F2,python,C7,PY-C7,run,/home/michal/github/rdb-experiment/results_20260801_K22v5/tasks/M4/F2_ecg/python/core.py,41,    WIN_BP = 25,
M4,F2,python,C7,PY-C7,run,/home/michal/github/rdb-experiment/results_20260801_K22v5/tasks/M4/F2_ecg/python/core.py,42,    WIN_D = 5,
M4,F2,python,C7,PY-C7,run,/home/michal/github/rdb-experiment/results_20260801_K22v5/tasks/M4/F2_ecg/python/core.py,43,    WIN_MWI = 30,
M4,F2,python,C7,PY-C7,run,/home/michal/github/rdb-experiment/results_20260801_K22v5/tasks/M4/F2_ecg/python/core.py,44,    WIN_THR = 180,
M4,F2,python,C7,PY-C7,run,/home/michal/github/rdb-experiment/results_20260801_K22v5/tasks/M4/F2_ecg/python/core.py,45,    INTERVAL_NS = 2_777_778,
M4,F2,python,C7,PY-C7,run,/home/michal/github/rdb-experiment/results_20260801_K22v5/tasks/M4/F2_ecg/python/core.py,56,    out = [],
M4,F2,python,C7,PY-C7,run,/home/michal/github/rdb-experiment/results_20260801_K22v5/tasks/M4/F2_ecg/python/core.py,57,    monitors = [],
M4,F2,python,C7,PY-C7,run,/home/michal/github/rdb-experiment/results_20260801_K22v5/tasks/M4/F2_ecg/python/core.py,62,        if now < deadline:,
M4,F2,python,C7,PY-C7,run,/home/michal/github/rdb-experiment/results_20260801_K22v5/tasks/M4/F2_ecg/python/core.py,64,        x = mlii[n],
M4,F2,python,C7,PY-C7,run,/home/michal/github/rdb-experiment/results_20260801_K22v5/tasks/M4/F2_ecg/python/core.py,70,        if cnt_bp >= WIN_BP:,
M4,F2,python,C7,PY-C7,run,/home/michal/github/rdb-experiment/results_20260801_K22v5/tasks/M4/F2_ecg/python/core.py,94,        if n in mwi_at and n in thr_at:,
M4,F2,python,C7,PY-C7,run,/home/michal/github/rdb-experiment/results_20260801_K22v5/tasks/M4/F2_ecg/python/core.py,67,            win_bp[k] = win_bp[k - 1],
M4,F2,python,C7,PY-C7,run,/home/michal/github/rdb-experiment/results_20260801_K22v5/tasks/M4/F2_ecg/python/core.py,71,"            bp = idiv(sumc([imul(win_bp[k], bp_coef[k]) for k in range(WIN_BP)]), 1000)",
M4,F2,python,C7,PY-C7,run,/home/michal/github/rdb-experiment/results_20260801_K22v5/tasks/M4/F2_ecg/python/core.py,76,            if cnt_d >= WIN_D:,
M4,F2,python,C7,PY-C7,run,/home/michal/github/rdb-experiment/results_20260801_K22v5/tasks/M4/F2_ecg/python/core.py,95,            m = mwi_at[n],
M4,F2,python,C7,PY-C7,run,/home/michal/github/rdb-experiment/results_20260801_K22v5/tasks/M4/F2_ecg/python/core.py,96,            t = thr_at[n],
M4,F2,python,C7,PY-C7,run,/home/michal/github/rdb-experiment/results_20260801_K22v5/tasks/M4/F2_ecg/python/core.py,97,"            out.append((n, [isub(x, 900), imul(m, 5), imul(isub(m, imul(t, 2)), 5)]))",
M4,F2,python,C7,PY-C7,run,/home/michal/github/rdb-experiment/results_20260801_K22v5/tasks/M4/F2_ecg/python/core.py,73,                win_d[k] = win_d[k - 1],
M4,F2,python,C7,PY-C7,run,/home/michal/github/rdb-experiment/results_20260801_K22v5/tasks/M4/F2_ecg/python/core.py,77,"                d = sumc([imul(win_d[k], d_coef[k]) for k in range(WIN_D)])",
M4,F2,python,C7,PY-C7,run,/home/michal/github/rdb-experiment/results_20260801_K22v5/tasks/M4/F2_ecg/python/core.py,78,"                sq = idiv(imul(d, d), 1000)",
M4,F2,python,C7,PY-C7,run,/home/michal/github/rdb-experiment/results_20260801_K22v5/tasks/M4/F2_ecg/python/core.py,83,                if cnt_mwi >= WIN_MWI:,
M4,F2,python,C7,PY-C7,run,/home/michal/github/rdb-experiment/results_20260801_K22v5/tasks/M4/F2_ecg/python/core.py,80,                    win_mwi[k] = win_mwi[k - 1],
M4,F2,python,C7,PY-C7,run,/home/michal/github/rdb-experiment/results_20260801_K22v5/tasks/M4/F2_ecg/python/core.py,84,                    mwi = avg(win_mwi),
M4,F2,python,C7,PY-C7,run,/home/michal/github/rdb-experiment/results_20260801_K22v5/tasks/M4/F2_ecg/python/core.py,86,"                    monitors.append((n + 3, [mwi + j for j in range(8)]))",
M4,F2,python,C7,PY-C7,run,/home/michal/github/rdb-experiment/results_20260801_K22v5/tasks/M4/F2_ecg/python/core.py,91,                    if cnt_thr >= WIN_THR:,
M4,F2,python,C7,PY-C7,run,/home/michal/github/rdb-experiment/results_20260801_K22v5/tasks/M4/F2_ecg/python/core.py,88,                        win_thr[k] = win_thr[k - 1],
M4,F2,flink,C4,JAVA-C4,PacedSource,/home/michal/github/rdb-experiment/results_20260801_K22v5/tasks/M4/F2_ecg/flink/F2Ecg.java,67,      long t0 = System.nanoTime();,
M4,F2,flink,C1,JAVA-C1,PacedSource,/home/michal/github/rdb-experiment/results_20260801_K22v5/tasks/M4/F2_ecg/flink/F2Ecg.java,68,      for (long n = 0; n < slots && running; n++) {,
M4,F2,flink,C4,JAVA-C4,PacedSource,/home/michal/github/rdb-experiment/results_20260801_K22v5/tasks/M4/F2_ecg/flink/F2Ecg.java,69,        long deadline = t0 + n * INTERVAL_NS;,
M4,F2,flink,C4,JAVA-C4,PacedSource,/home/michal/github/rdb-experiment/results_20260801_K22v5/tasks/M4/F2_ecg/flink/F2Ecg.java,70,        long now = System.nanoTime();,
M4,F2,flink,C4,JAVA-C4,PacedSource,/home/michal/github/rdb-experiment/results_20260801_K22v5/tasks/M4/F2_ecg/flink/F2Ecg.java,73,"          Thread.sleep(sleepNs / 1_000_000L, (int) (sleepNs % 1_000_000L));",
M4,F2,flink,C1,JAVA-C1,BandPass,/home/michal/github/rdb-experiment/results_20260801_K22v5/tasks/M4/F2_ecg/flink/F2Ecg.java,107,      for (int k = WIN - 1; k > 0; k--) {,
M4,F2,flink,C5,JAVA-C5-WARMUP,BandPass,/home/michal/github/rdb-experiment/results_20260801_K22v5/tasks/M4/F2_ecg/flink/F2Ecg.java,112,      if (filled < WIN) {,
M4,F2,flink,C1,JAVA-C1,BandPass,/home/michal/github/rdb-experiment/results_20260801_K22v5/tasks/M4/F2_ecg/flink/F2Ecg.java,116,      for (int k = 0; k < WIN; k++) {,
M4,F2,flink,C1,JAVA-C1,BandPass.Derivative,/home/michal/github/rdb-experiment/results_20260801_K22v5/tasks/M4/F2_ecg/flink/F2Ecg.java,144,      for (int k = WIN - 1; k > 0; k--) {,
M4,F2,flink,C5,JAVA-C5-WARMUP,BandPass.Derivative,/home/michal/github/rdb-experiment/results_20260801_K22v5/tasks/M4/F2_ecg/flink/F2Ecg.java,149,      if (filled < WIN) {,
M4,F2,flink,C1,JAVA-C1,BandPass.Derivative,/home/michal/github/rdb-experiment/results_20260801_K22v5/tasks/M4/F2_ecg/flink/F2Ecg.java,153,      for (int k = 0; k < WIN; k++) {,
M4,F2,flink,C1,JAVA-C1,BandPass.Derivative.SquareMwi,/home/michal/github/rdb-experiment/results_20260801_K22v5/tasks/M4/F2_ecg/flink/F2Ecg.java,178,      for (int k = WIN - 1; k > 0; k--) {,
M4,F2,flink,C5,JAVA-C5-WARMUP,BandPass.Derivative.SquareMwi,/home/michal/github/rdb-experiment/results_20260801_K22v5/tasks/M4/F2_ecg/flink/F2Ecg.java,183,      if (filled < WIN) {,
M4,F2,flink,C1,JAVA-C1,BandPass.Derivative.SquareMwi,/home/michal/github/rdb-experiment/results_20260801_K22v5/tasks/M4/F2_ecg/flink/F2Ecg.java,187,      for (int k = 0; k < WIN; k++) {,
M4,F2,flink,C1,JAVA-C1,BandPass.Derivative.SquareMwi.Threshold,/home/michal/github/rdb-experiment/results_20260801_K22v5/tasks/M4/F2_ecg/flink/F2Ecg.java,210,      for (int k = WIN - 1; k > 0; k--) {,
M4,F2,flink,C5,JAVA-C5-WARMUP,BandPass.Derivative.SquareMwi.Threshold,/home/michal/github/rdb-experiment/results_20260801_K22v5/tasks/M4/F2_ecg/flink/F2Ecg.java,215,      if (filled < WIN) {,
M4,F2,flink,C1,JAVA-C1,BandPass.Derivative.SquareMwi.Threshold,/home/michal/github/rdb-experiment/results_20260801_K22v5/tasks/M4/F2_ecg/flink/F2Ecg.java,219,      for (int k = 0; k < WIN; k++) {,
M4,F2,flink,C3,JAVA-C3-WINDOW,BandPass,/home/michal/github/rdb-experiment/results_20260801_K22v5/tasks/M4/F2_ecg/flink/F2Ecg.java,91,    private int[] win;,BandPass.win
M4,F2,flink,C2,JAVA-C2-STATE,BandPass,/home/michal/github/rdb-experiment/results_20260801_K22v5/tasks/M4/F2_ecg/flink/F2Ecg.java,92,    private int filled;,BandPass.filled
M4,F2,flink,C3,JAVA-C3-WINDOW,BandPass.Derivative,/home/michal/github/rdb-experiment/results_20260801_K22v5/tasks/M4/F2_ecg/flink/F2Ecg.java,128,    private int[] win;,BandPass.Derivative.win
M4,F2,flink,C2,JAVA-C2-STATE,BandPass.Derivative,/home/michal/github/rdb-experiment/results_20260801_K22v5/tasks/M4/F2_ecg/flink/F2Ecg.java,129,    private int filled;,BandPass.Derivative.filled
M4,F2,flink,C3,JAVA-C3-WINDOW,BandPass.Derivative.SquareMwi,/home/michal/github/rdb-experiment/results_20260801_K22v5/tasks/M4/F2_ecg/flink/F2Ecg.java,164,    private int[] win;,BandPass.Derivative.SquareMwi.win
M4,F2,flink,C2,JAVA-C2-STATE,BandPass.Derivative.SquareMwi,/home/michal/github/rdb-experiment/results_20260801_K22v5/tasks/M4/F2_ecg/flink/F2Ecg.java,165,    private int filled;,BandPass.Derivative.SquareMwi.filled
M4,F2,flink,C3,JAVA-C3-WINDOW,BandPass.Derivative.SquareMwi.Threshold,/home/michal/github/rdb-experiment/results_20260801_K22v5/tasks/M4/F2_ecg/flink/F2Ecg.java,198,    private int[] win;,BandPass.Derivative.SquareMwi.Threshold.win
M4,F2,flink,C2,JAVA-C2-STATE,BandPass.Derivative.SquareMwi.Threshold,/home/michal/github/rdb-experiment/results_20260801_K22v5/tasks/M4/F2_ecg/flink/F2Ecg.java,199,    private int filled;,BandPass.Derivative.SquareMwi.Threshold.filled
M4,F2,flink,C2,JAVA-C2-STATE,BandPass.Derivative.SquareMwi.Threshold.Assemble,/home/michal/github/rdb-experiment/results_20260801_K22v5/tasks/M4/F2_ecg/flink/F2Ecg.java,234,"    private Map<Long, Integer> mliiAt;",BandPass.Derivative.SquareMwi.Threshold.Assemble.mliiAt
M4,F2,flink,C2,JAVA-C2-STATE,BandPass.Derivative.SquareMwi.Threshold.Assemble,/home/michal/github/rdb-experiment/results_20260801_K22v5/tasks/M4/F2_ecg/flink/F2Ecg.java,235,"    private Map<Long, Integer> mwiAt;",BandPass.Derivative.SquareMwi.Threshold.Assemble.mwiAt
M4,F2,flink,C2,JAVA-C2-STATE,BandPass.Derivative.SquareMwi.Threshold.Assemble,/home/michal/github/rdb-experiment/results_20260801_K22v5/tasks/M4/F2_ecg/flink/F2Ecg.java,236,"    private Map<Long, Integer> thrAt;",BandPass.Derivative.SquareMwi.Threshold.Assemble.thrAt
M4,F2,flink,C7,JAVA-C7,PacedSource,/home/michal/github/rdb-experiment/results_20260801_K22v5/tasks/M4/F2_ecg/flink/F2Ecg.java,54,"  static class PacedSource extends RichSourceFunction<Tuple5<Long, Integer, Integer, Integer, Integer>> {",
M4,F2,flink,C7,JAVA-C7,PacedSource,/home/michal/github/rdb-experiment/results_20260801_K22v5/tasks/M4/F2_ecg/flink/F2Ecg.java,55,    private static final long INTERVAL_NS = 2_777_778L;,
M4,F2,flink,C7,JAVA-C7,PacedSource,/home/michal/github/rdb-experiment/results_20260801_K22v5/tasks/M4/F2_ecg/flink/F2Ecg.java,56,    private final int[] mlii;,
M4,F2,flink,C7,JAVA-C7,PacedSource,/home/michal/github/rdb-experiment/results_20260801_K22v5/tasks/M4/F2_ecg/flink/F2Ecg.java,57,    private final long slots;,
M4,F2,flink,C7,JAVA-C7,PacedSource,/home/michal/github/rdb-experiment/results_20260801_K22v5/tasks/M4/F2_ecg/flink/F2Ecg.java,58,    private volatile boolean running = true;,
M4,F2,flink,C7,JAVA-C7,PacedSource,/home/michal/github/rdb-experiment/results_20260801_K22v5/tasks/M4/F2_ecg/flink/F2Ecg.java,61,      this.mlii = mlii;,
M4,F2,flink,C7,JAVA-C7,PacedSource,/home/michal/github/rdb-experiment/results_20260801_K22v5/tasks/M4/F2_ecg/flink/F2Ecg.java,62,      this.slots = slots;,
M4,F2,flink,C7,JAVA-C7,PacedSource,/home/michal/github/rdb-experiment/results_20260801_K22v5/tasks/M4/F2_ecg/flink/F2Ecg.java,66,"    public void run(SourceContext<Tuple5<Long, Integer, Integer, Integer, Integer>> ctx) throws Exception {",
M4,F2,flink,C7,JAVA-C7,PacedSource,/home/michal/github/rdb-experiment/results_20260801_K22v5/tasks/M4/F2_ecg/flink/F2Ecg.java,72,          long sleepNs = deadline - now;,
M4,F2,flink,C7,JAVA-C7,PacedSource,/home/michal/github/rdb-experiment/results_20260801_K22v5/tasks/M4/F2_ecg/flink/F2Ecg.java,75,        int x = mlii[(int) n];,
M4,F2,flink,C7,JAVA-C7,PacedSource,/home/michal/github/rdb-experiment/results_20260801_K22v5/tasks/M4/F2_ecg/flink/F2Ecg.java,76,"        ctx.collect(Tuple5.of(n, x, x, 0, 0));",
M4,F2,flink,C7,JAVA-C7,PacedSource,/home/michal/github/rdb-experiment/results_20260801_K22v5/tasks/M4/F2_ecg/flink/F2Ecg.java,81,    public void cancel() {,
M4,F2,flink,C7,JAVA-C7,PacedSource,/home/michal/github/rdb-experiment/results_20260801_K22v5/tasks/M4/F2_ecg/flink/F2Ecg.java,82,      running = false;,
M4,F2,flink,C7,JAVA-C7,BandPass,/home/michal/github/rdb-experiment/results_20260801_K22v5/tasks/M4/F2_ecg/flink/F2Ecg.java,87,"  static class BandPass extends RichFlatMapFunction<Tuple5<Long, Integer, Integer, Integer, Integer>,",
M4,F2,flink,C7,JAVA-C7,BandPass,/home/michal/github/rdb-experiment/results_20260801_K22v5/tasks/M4/F2_ecg/flink/F2Ecg.java,89,    private static final int WIN = 25;,
M4,F2,flink,C7,JAVA-C7,BandPass,/home/michal/github/rdb-experiment/results_20260801_K22v5/tasks/M4/F2_ecg/flink/F2Ecg.java,90,    private final int[] coef;,
M4,F2,flink,C7,JAVA-C7,BandPass,/home/michal/github/rdb-experiment/results_20260801_K22v5/tasks/M4/F2_ecg/flink/F2Ecg.java,95,      this.coef = coef;,
M4,F2,flink,C7,JAVA-C7,BandPass,/home/michal/github/rdb-experiment/results_20260801_K22v5/tasks/M4/F2_ecg/flink/F2Ecg.java,99,    public void open(OpenContext ctx) {,
M4,F2,flink,C7,JAVA-C7,BandPass,/home/michal/github/rdb-experiment/results_20260801_K22v5/tasks/M4/F2_ecg/flink/F2Ecg.java,100,      win = new int[WIN];,
M4,F2,flink,C7,JAVA-C7,BandPass,/home/michal/github/rdb-experiment/results_20260801_K22v5/tasks/M4/F2_ecg/flink/F2Ecg.java,101,      filled = 0;,
M4,F2,flink,C7,JAVA-C7,BandPass,/home/michal/github/rdb-experiment/results_20260801_K22v5/tasks/M4/F2_ecg/flink/F2Ecg.java,105,"    public void flatMap(Tuple5<Long, Integer, Integer, Integer, Integer> in,",
M4,F2,flink,C7,JAVA-C7,BandPass,/home/michal/github/rdb-experiment/results_20260801_K22v5/tasks/M4/F2_ecg/flink/F2Ecg.java,108,        win[k] = win[k - 1];,
M4,F2,flink,C7,JAVA-C7,BandPass,/home/michal/github/rdb-experiment/results_20260801_K22v5/tasks/M4/F2_ecg/flink/F2Ecg.java,110,      win[0] = in.f1;,
M4,F2,flink,C7,JAVA-C7,BandPass,/home/michal/github/rdb-experiment/results_20260801_K22v5/tasks/M4/F2_ecg/flink/F2Ecg.java,111,      filled = filled + 1;,
M4,F2,flink,C7,JAVA-C7,BandPass,/home/michal/github/rdb-experiment/results_20260801_K22v5/tasks/M4/F2_ecg/flink/F2Ecg.java,113,        return;,
M4,F2,flink,C7,JAVA-C7,BandPass,/home/michal/github/rdb-experiment/results_20260801_K22v5/tasks/M4/F2_ecg/flink/F2Ecg.java,115,      long acc = 0;,
M4,F2,flink,C7,JAVA-C7,BandPass,/home/michal/github/rdb-experiment/results_20260801_K22v5/tasks/M4/F2_ecg/flink/F2Ecg.java,117,        acc += (long) win[k] * coef[k];,
M4,F2,flink,C7,JAVA-C7,BandPass,/home/michal/github/rdb-experiment/results_20260801_K22v5/tasks/M4/F2_ecg/flink/F2Ecg.java,119,"      out.collect(Tuple5.of(in.f0, in.f1, truncDiv(acc, 1000), 0, 0));",
M4,F2,flink,C7,JAVA-C7,BandPass.Derivative,/home/michal/github/rdb-experiment/results_20260801_K22v5/tasks/M4/F2_ecg/flink/F2Ecg.java,124,"  static class Derivative extends RichFlatMapFunction<Tuple5<Long, Integer, Integer, Integer, Integer>,",
M4,F2,flink,C7,JAVA-C7,BandPass.Derivative,/home/michal/github/rdb-experiment/results_20260801_K22v5/tasks/M4/F2_ecg/flink/F2Ecg.java,126,    private static final int WIN = 5;,
M4,F2,flink,C7,JAVA-C7,BandPass.Derivative,/home/michal/github/rdb-experiment/results_20260801_K22v5/tasks/M4/F2_ecg/flink/F2Ecg.java,127,    private final int[] coef;,
M4,F2,flink,C7,JAVA-C7,BandPass.Derivative,/home/michal/github/rdb-experiment/results_20260801_K22v5/tasks/M4/F2_ecg/flink/F2Ecg.java,132,      this.coef = coef;,
M4,F2,flink,C7,JAVA-C7,BandPass.Derivative,/home/michal/github/rdb-experiment/results_20260801_K22v5/tasks/M4/F2_ecg/flink/F2Ecg.java,136,    public void open(OpenContext ctx) {,
M4,F2,flink,C7,JAVA-C7,BandPass.Derivative,/home/michal/github/rdb-experiment/results_20260801_K22v5/tasks/M4/F2_ecg/flink/F2Ecg.java,137,      win = new int[WIN];,
M4,F2,flink,C7,JAVA-C7,BandPass.Derivative,/home/michal/github/rdb-experiment/results_20260801_K22v5/tasks/M4/F2_ecg/flink/F2Ecg.java,138,      filled = 0;,
M4,F2,flink,C7,JAVA-C7,BandPass.Derivative,/home/michal/github/rdb-experiment/results_20260801_K22v5/tasks/M4/F2_ecg/flink/F2Ecg.java,142,"    public void flatMap(Tuple5<Long, Integer, Integer, Integer, Integer> in,",
M4,F2,flink,C7,JAVA-C7,BandPass.Derivative,/home/michal/github/rdb-experiment/results_20260801_K22v5/tasks/M4/F2_ecg/flink/F2Ecg.java,145,        win[k] = win[k - 1];,
M4,F2,flink,C7,JAVA-C7,BandPass.Derivative,/home/michal/github/rdb-experiment/results_20260801_K22v5/tasks/M4/F2_ecg/flink/F2Ecg.java,147,      win[0] = in.f2;,
M4,F2,flink,C7,JAVA-C7,BandPass.Derivative,/home/michal/github/rdb-experiment/results_20260801_K22v5/tasks/M4/F2_ecg/flink/F2Ecg.java,148,      filled = filled + 1;,
M4,F2,flink,C7,JAVA-C7,BandPass.Derivative,/home/michal/github/rdb-experiment/results_20260801_K22v5/tasks/M4/F2_ecg/flink/F2Ecg.java,150,        return;,
M4,F2,flink,C7,JAVA-C7,BandPass.Derivative,/home/michal/github/rdb-experiment/results_20260801_K22v5/tasks/M4/F2_ecg/flink/F2Ecg.java,152,      long acc = 0;,
M4,F2,flink,C7,JAVA-C7,BandPass.Derivative,/home/michal/github/rdb-experiment/results_20260801_K22v5/tasks/M4/F2_ecg/flink/F2Ecg.java,154,        acc += (long) win[k] * coef[k];,
M4,F2,flink,C7,JAVA-C7,BandPass.Derivative,/home/michal/github/rdb-experiment/results_20260801_K22v5/tasks/M4/F2_ecg/flink/F2Ecg.java,156,"      out.collect(Tuple5.of(in.f0, in.f1, truncDiv(acc, 1), 0, 0));",
M4,F2,flink,C7,JAVA-C7,BandPass.Derivative.SquareMwi,/home/michal/github/rdb-experiment/results_20260801_K22v5/tasks/M4/F2_ecg/flink/F2Ecg.java,161,"  static class SquareMwi extends RichFlatMapFunction<Tuple5<Long, Integer, Integer, Integer, Integer>,",
M4,F2,flink,C7,JAVA-C7,BandPass.Derivative.SquareMwi,/home/michal/github/rdb-experiment/results_20260801_K22v5/tasks/M4/F2_ecg/flink/F2Ecg.java,163,    private static final int WIN = 30;,
M4,F2,flink,C7,JAVA-C7,BandPass.Derivative.SquareMwi,/home/michal/github/rdb-experiment/results_20260801_K22v5/tasks/M4/F2_ecg/flink/F2Ecg.java,168,    public void open(OpenContext ctx) {,
M4,F2,flink,C7,JAVA-C7,BandPass.Derivative.SquareMwi,/home/michal/github/rdb-experiment/results_20260801_K22v5/tasks/M4/F2_ecg/flink/F2Ecg.java,169,      win = new int[WIN];,
M4,F2,flink,C7,JAVA-C7,BandPass.Derivative.SquareMwi,/home/michal/github/rdb-experiment/results_20260801_K22v5/tasks/M4/F2_ecg/flink/F2Ecg.java,170,      filled = 0;,
M4,F2,flink,C7,JAVA-C7,BandPass.Derivative.SquareMwi,/home/michal/github/rdb-experiment/results_20260801_K22v5/tasks/M4/F2_ecg/flink/F2Ecg.java,174,"    public void flatMap(Tuple5<Long, Integer, Integer, Integer, Integer> in,",
M4,F2,flink,C7,JAVA-C7,BandPass.Derivative.SquareMwi,/home/michal/github/rdb-experiment/results_20260801_K22v5/tasks/M4/F2_ecg/flink/F2Ecg.java,176,      long d = in.f2;,
M4,F2,flink,C7,JAVA-C7,BandPass.Derivative.SquareMwi,/home/michal/github/rdb-experiment/results_20260801_K22v5/tasks/M4/F2_ecg/flink/F2Ecg.java,177,"      int sq = truncDiv(d * d, 1000);",
M4,F2,flink,C7,JAVA-C7,BandPass.Derivative.SquareMwi,/home/michal/github/rdb-experiment/results_20260801_K22v5/tasks/M4/F2_ecg/flink/F2Ecg.java,179,        win[k] = win[k - 1];,
M4,F2,flink,C7,JAVA-C7,BandPass.Derivative.SquareMwi,/home/michal/github/rdb-experiment/results_20260801_K22v5/tasks/M4/F2_ecg/flink/F2Ecg.java,181,      win[0] = sq;,
M4,F2,flink,C7,JAVA-C7,BandPass.Derivative.SquareMwi,/home/michal/github/rdb-experiment/results_20260801_K22v5/tasks/M4/F2_ecg/flink/F2Ecg.java,182,      filled = filled + 1;,
M4,F2,flink,C7,JAVA-C7,BandPass.Derivative.SquareMwi,/home/michal/github/rdb-experiment/results_20260801_K22v5/tasks/M4/F2_ecg/flink/F2Ecg.java,184,        return;,
M4,F2,flink,C7,JAVA-C7,BandPass.Derivative.SquareMwi,/home/michal/github/rdb-experiment/results_20260801_K22v5/tasks/M4/F2_ecg/flink/F2Ecg.java,186,      long sum = 0;,
M4,F2,flink,C7,JAVA-C7,BandPass.Derivative.SquareMwi,/home/michal/github/rdb-experiment/results_20260801_K22v5/tasks/M4/F2_ecg/flink/F2Ecg.java,188,        sum += win[k];,
M4,F2,flink,C7,JAVA-C7,BandPass.Derivative.SquareMwi,/home/michal/github/rdb-experiment/results_20260801_K22v5/tasks/M4/F2_ecg/flink/F2Ecg.java,190,"      out.collect(Tuple5.of(in.f0, in.f1, sq, truncDiv(sum, WIN), 0));",
M4,F2,flink,C7,JAVA-C7,BandPass.Derivative.SquareMwi.Threshold,/home/michal/github/rdb-experiment/results_20260801_K22v5/tasks/M4/F2_ecg/flink/F2Ecg.java,195,"  static class Threshold extends RichFlatMapFunction<Tuple5<Long, Integer, Integer, Integer, Integer>,",
M4,F2,flink,C7,JAVA-C7,BandPass.Derivative.SquareMwi.Threshold,/home/michal/github/rdb-experiment/results_20260801_K22v5/tasks/M4/F2_ecg/flink/F2Ecg.java,197,    private static final int WIN = 180;,
M4,F2,flink,C7,JAVA-C7,BandPass.Derivative.SquareMwi.Threshold,/home/michal/github/rdb-experiment/results_20260801_K22v5/tasks/M4/F2_ecg/flink/F2Ecg.java,202,    public void open(OpenContext ctx) {,
M4,F2,flink,C7,JAVA-C7,BandPass.Derivative.SquareMwi.Threshold,/home/michal/github/rdb-experiment/results_20260801_K22v5/tasks/M4/F2_ecg/flink/F2Ecg.java,203,      win = new int[WIN];,
M4,F2,flink,C7,JAVA-C7,BandPass.Derivative.SquareMwi.Threshold,/home/michal/github/rdb-experiment/results_20260801_K22v5/tasks/M4/F2_ecg/flink/F2Ecg.java,204,      filled = 0;,
M4,F2,flink,C7,JAVA-C7,BandPass.Derivative.SquareMwi.Threshold,/home/michal/github/rdb-experiment/results_20260801_K22v5/tasks/M4/F2_ecg/flink/F2Ecg.java,208,"    public void flatMap(Tuple5<Long, Integer, Integer, Integer, Integer> in,",
M4,F2,flink,C7,JAVA-C7,BandPass.Derivative.SquareMwi.Threshold,/home/michal/github/rdb-experiment/results_20260801_K22v5/tasks/M4/F2_ecg/flink/F2Ecg.java,211,        win[k] = win[k - 1];,
M4,F2,flink,C7,JAVA-C7,BandPass.Derivative.SquareMwi.Threshold,/home/michal/github/rdb-experiment/results_20260801_K22v5/tasks/M4/F2_ecg/flink/F2Ecg.java,213,      win[0] = in.f3;,
M4,F2,flink,C7,JAVA-C7,BandPass.Derivative.SquareMwi.Threshold,/home/michal/github/rdb-experiment/results_20260801_K22v5/tasks/M4/F2_ecg/flink/F2Ecg.java,214,      filled = filled + 1;,
M4,F2,flink,C7,JAVA-C7,BandPass.Derivative.SquareMwi.Threshold,/home/michal/github/rdb-experiment/results_20260801_K22v5/tasks/M4/F2_ecg/flink/F2Ecg.java,216,        return;,
M4,F2,flink,C7,JAVA-C7,BandPass.Derivative.SquareMwi.Threshold,/home/michal/github/rdb-experiment/results_20260801_K22v5/tasks/M4/F2_ecg/flink/F2Ecg.java,218,      long sum = 0;,
M4,F2,flink,C7,JAVA-C7,BandPass.Derivative.SquareMwi.Threshold,/home/michal/github/rdb-experiment/results_20260801_K22v5/tasks/M4/F2_ecg/flink/F2Ecg.java,220,        sum += win[k];,
M4,F2,flink,C7,JAVA-C7,BandPass.Derivative.SquareMwi.Threshold,/home/michal/github/rdb-experiment/results_20260801_K22v5/tasks/M4/F2_ecg/flink/F2Ecg.java,222,"      out.collect(Tuple5.of(in.f0, in.f1, in.f2, in.f3, truncDiv(sum, WIN)));",
M4,F2,flink,C7,JAVA-C7,BandPass.Derivative.SquareMwi.Threshold.Assemble,/home/michal/github/rdb-experiment/results_20260801_K22v5/tasks/M4/F2_ecg/flink/F2Ecg.java,232,"  static class Assemble extends RichFlatMapFunction<Tuple5<Long, Integer, Integer, Integer, Integer>,",
M4,F2,flink,C7,JAVA-C7,BandPass.Derivative.SquareMwi.Threshold.Assemble,/home/michal/github/rdb-experiment/results_20260801_K22v5/tasks/M4/F2_ecg/flink/F2Ecg.java,239,    public void open(OpenContext ctx) {,
M4,F2,flink,C7,JAVA-C7,BandPass.Derivative.SquareMwi.Threshold.Assemble,/home/michal/github/rdb-experiment/results_20260801_K22v5/tasks/M4/F2_ecg/flink/F2Ecg.java,240,      mliiAt = new HashMap<>();,
M4,F2,flink,C7,JAVA-C7,BandPass.Derivative.SquareMwi.Threshold.Assemble,/home/michal/github/rdb-experiment/results_20260801_K22v5/tasks/M4/F2_ecg/flink/F2Ecg.java,241,      mwiAt = new HashMap<>();,
M4,F2,flink,C7,JAVA-C7,BandPass.Derivative.SquareMwi.Threshold.Assemble,/home/michal/github/rdb-experiment/results_20260801_K22v5/tasks/M4/F2_ecg/flink/F2Ecg.java,242,      thrAt = new HashMap<>();,
M4,F2,flink,C7,JAVA-C7,BandPass.Derivative.SquareMwi.Threshold.Assemble,/home/michal/github/rdb-experiment/results_20260801_K22v5/tasks/M4/F2_ecg/flink/F2Ecg.java,246,"    public void flatMap(Tuple5<Long, Integer, Integer, Integer, Integer> in,",
M4,F2,flink,C7,JAVA-C7,BandPass.Derivative.SquareMwi.Threshold.Assemble,/home/michal/github/rdb-experiment/results_20260801_K22v5/tasks/M4/F2_ecg/flink/F2Ecg.java,248,      long n = in.f0;,
M4,F2,flink,C7,JAVA-C7,BandPass.Derivative.SquareMwi.Threshold.Assemble,/home/michal/github/rdb-experiment/results_20260801_K22v5/tasks/M4/F2_ecg/flink/F2Ecg.java,249,"      mliiAt.put(n, in.f1);",
M4,F2,flink,C7,JAVA-C7,BandPass.Derivative.SquareMwi.Threshold.Assemble,/home/michal/github/rdb-experiment/results_20260801_K22v5/tasks/M4/F2_ecg/flink/F2Ecg.java,250,"      mwiAt.put(n + 3, in.f3);",
M4,F2,flink,C7,JAVA-C7,BandPass.Derivative.SquareMwi.Threshold.Assemble,/home/michal/github/rdb-experiment/results_20260801_K22v5/tasks/M4/F2_ecg/flink/F2Ecg.java,251,"      thrAt.put(n + 4, in.f4);",
M4,F2,flink,C7,JAVA-C7,BandPass.Derivative.SquareMwi.Threshold.Assemble,/home/michal/github/rdb-experiment/results_20260801_K22v5/tasks/M4/F2_ecg/flink/F2Ecg.java,252,      Integer raw = mliiAt.get(n);,
M4,F2,flink,C7,JAVA-C7,BandPass.Derivative.SquareMwi.Threshold.Assemble,/home/michal/github/rdb-experiment/results_20260801_K22v5/tasks/M4/F2_ecg/flink/F2Ecg.java,253,      Integer mwi = mwiAt.get(n);,
M4,F2,flink,C7,JAVA-C7,BandPass.Derivative.SquareMwi.Threshold.Assemble,/home/michal/github/rdb-experiment/results_20260801_K22v5/tasks/M4/F2_ecg/flink/F2Ecg.java,254,      Integer thr = thrAt.get(n);,
M4,F2,flink,C7,JAVA-C7,BandPass.Derivative.SquareMwi.Threshold.Assemble,/home/michal/github/rdb-experiment/results_20260801_K22v5/tasks/M4/F2_ecg/flink/F2Ecg.java,256,        return;,
M4,F2,flink,C7,JAVA-C7,BandPass.Derivative.SquareMwi.Threshold.Assemble,/home/michal/github/rdb-experiment/results_20260801_K22v5/tasks/M4/F2_ecg/flink/F2Ecg.java,258,"      out.collect(Tuple4.of(n, raw - 900, mwi * 5, (mwi - thr * 2) * 5));",
M4,F2,flink,C7,JAVA-C7,BandPass.Derivative.SquareMwi.Threshold.Assemble,/home/michal/github/rdb-experiment/results_20260801_K22v5/tasks/M4/F2_ecg/flink/F2Ecg.java,259,      mliiAt.remove(n);,
M4,F2,flink,C7,JAVA-C7,BandPass.Derivative.SquareMwi.Threshold.Assemble,/home/michal/github/rdb-experiment/results_20260801_K22v5/tasks/M4/F2_ecg/flink/F2Ecg.java,260,      mwiAt.remove(n);,
M4,F2,flink,C7,JAVA-C7,BandPass.Derivative.SquareMwi.Threshold.Assemble,/home/michal/github/rdb-experiment/results_20260801_K22v5/tasks/M4/F2_ecg/flink/F2Ecg.java,261,      thrAt.remove(n);,
M4,F2,flink,C7,JAVA-C7,BandPass.Derivative.SquareMwi.Threshold.Assemble.Monitor,/home/michal/github/rdb-experiment/results_20260801_K22v5/tasks/M4/F2_ecg/flink/F2Ecg.java,265,"  static class Monitor extends RichMapFunction<Tuple5<Long, Integer, Integer, Integer, Integer>,",
M4,F2,flink,C7,JAVA-C7,BandPass.Derivative.SquareMwi.Threshold.Assemble.Monitor,/home/michal/github/rdb-experiment/results_20260801_K22v5/tasks/M4/F2_ecg/flink/F2Ecg.java,268,"    public Tuple9<Long, Integer, Integer, Integer, Integer, Integer, Integer, Integer, Integer> map(Tuple5<Long, Integer, Integer, Integer, Integer> in) {",
M4,F2,flink,C7,JAVA-C7,BandPass.Derivative.SquareMwi.Threshold.Assemble.Monitor,/home/michal/github/rdb-experiment/results_20260801_K22v5/tasks/M4/F2_ecg/flink/F2Ecg.java,269,      int v = in.f3;,
M4,F2,flink,C7,JAVA-C7,BandPass.Derivative.SquareMwi.Threshold.Assemble.Monitor,/home/michal/github/rdb-experiment/results_20260801_K22v5/tasks/M4/F2_ecg/flink/F2Ecg.java,270,"      return Tuple9.of(in.f0 + 3, v, v + 1, v + 2, v + 3, v + 4, v + 5, v + 6, v + 7);",
M4,F2,flink,C7,JAVA-C7,BandPass.Derivative.SquareMwi.Threshold.Assemble.Monitor,/home/michal/github/rdb-experiment/results_20260801_K22v5/tasks/M4/F2_ecg/flink/F2Ecg.java,362,"        env.addSource(new PacedSource(mlii, slots));",
M4,F2,flink,C7,JAVA-C7,BandPass.Derivative.SquareMwi.Threshold.Assemble.Monitor,/home/michal/github/rdb-experiment/results_20260801_K22v5/tasks/M4/F2_ecg/flink/F2Ecg.java,363,    src.flatMap(new BandPass(bpCoef)),
M4,F2,flink,C7,JAVA-C7,BandPass.Derivative.SquareMwi.Threshold.Assemble.Monitor,/home/michal/github/rdb-experiment/results_20260801_K22v5/tasks/M4/F2_ecg/flink/F2Ecg.java,364,        .flatMap(new Derivative(dCoef)),
M4,F2,flink,C7,JAVA-C7,BandPass.Derivative.SquareMwi.Threshold.Assemble.Monitor,/home/michal/github/rdb-experiment/results_20260801_K22v5/tasks/M4/F2_ecg/flink/F2Ecg.java,365,        .flatMap(new SquareMwi()),
M4,F2,flink,C7,JAVA-C7,BandPass.Derivative.SquareMwi.Threshold.Assemble.Monitor,/home/michal/github/rdb-experiment/results_20260801_K22v5/tasks/M4/F2_ecg/flink/F2Ecg.java,366,        .map(new Monitor()),
M4,F2,flink,C7,JAVA-C7,BandPass.Derivative.SquareMwi.Threshold.Assemble.Monitor,/home/michal/github/rdb-experiment/results_20260801_K22v5/tasks/M4/F2_ecg/flink/F2Ecg.java,367,"        .addSink(new CanonicalSink(out, family, variant));",
M4,F3,rql,C7,RQL-C7,rql,/home/michal/github/rdb-experiment/results_20260801_K22v5/tasks/M4/F3_multirate/rql/core.rql,15,"DECLARE value INTEGER STREAM A, 1/10 FILE 'f3_a.txt'",
M4,F3,rql,C4d,RQL-C4d,rql,/home/michal/github/rdb-experiment/results_20260801_K22v5/tasks/M4/F3_multirate/rql/core.rql,15,"DECLARE value INTEGER STREAM A, 1/10 FILE 'f3_a.txt'",
M4,F3,rql,C7,RQL-C7,rql,/home/michal/github/rdb-experiment/results_20260801_K22v5/tasks/M4/F3_multirate/rql/core.rql,16,"DECLARE value INTEGER STREAM B, 1/5 FILE 'f3_b.txt'",
M4,F3,rql,C4d,RQL-C4d,rql,/home/michal/github/rdb-experiment/results_20260801_K22v5/tasks/M4/F3_multirate/rql/core.rql,16,"DECLARE value INTEGER STREAM B, 1/5 FILE 'f3_b.txt'",
M4,F3,rql,C7,RQL-C7,rql,/home/michal/github/rdb-experiment/results_20260801_K22v5/tasks/M4/F3_multirate/rql/core.rql,17,SELECT * STREAM f3_mix FROM (A>2)#(B>1),
M4,F3,rql,C7,RQL-C7,rql,/home/michal/github/rdb-experiment/results_20260801_K22v5/tasks/M4/F3_multirate/rql/core.rql,18,"SELECT * STREAM f3_win FROM f3_mix@(1,30)",
M4,F3,rql,C3d,RQL-C3d,rql,/home/michal/github/rdb-experiment/results_20260801_K22v5/tasks/M4/F3_multirate/rql/core.rql,18,"SELECT * STREAM f3_win FROM f3_mix@(1,30)",
M4,F3,rql,C7,RQL-C7,rql,/home/michal/github/rdb-experiment/results_20260801_K22v5/tasks/M4/F3_multirate/rql/core.rql,19,SELECT f3_win[0] STREAM f3_out FROM f3_win.avg,
M4,F3,rql,C7,RQL-C7,rql,/home/michal/github/rdb-experiment/results_20260801_K22v5/tasks/M4/F3_multirate/rql/core.rql,20,"SELECT f3_mix[0]+0, f3_mix[0]+1, f3_mix[0]+2, f3_mix[0]+3, f3_mix[0]+4, f3_mix[0]+5, f3_mix[0]+6, f3_mix[0]+7 STREAM f3_q FROM f3_mix",
M4,F3,python,C5,PY-C5-CONSTANT,run,/home/michal/github/rdb-experiment/results_20260801_K22v5/tasks/M4/F3_multirate/python/core.py,50,    SHIFT = 5,
M4,F3,python,C4,PY-C4,run,/home/michal/github/rdb-experiment/results_20260801_K22v5/tasks/M4/F3_multirate/python/core.py,60,    t0 = time.monotonic_ns(),
M4,F3,python,C1,PY-C1-SLOT,run,/home/michal/github/rdb-experiment/results_20260801_K22v5/tasks/M4/F3_multirate/python/core.py,61,    for r in range(slots):,
M4,F3,python,C4,PY-C4,run,/home/michal/github/rdb-experiment/results_20260801_K22v5/tasks/M4/F3_multirate/python/core.py,62,        deadline = t0 + r * INTERVAL_NS,
M4,F3,python,C4,PY-C4,run,/home/michal/github/rdb-experiment/results_20260801_K22v5/tasks/M4/F3_multirate/python/core.py,63,        now = time.monotonic_ns(),
M4,F3,python,C1,PY-C1-NESTED,run,/home/michal/github/rdb-experiment/results_20260801_K22v5/tasks/M4/F3_multirate/python/core.py,75,"        for k in range(WIN - 1, 0, -1):",
M4,F3,python,C5,PY-C5-WARMUP,run,/home/michal/github/rdb-experiment/results_20260801_K22v5/tasks/M4/F3_multirate/python/core.py,79,        if filled < WIN:,
M4,F3,python,C4,PY-C4,run,/home/michal/github/rdb-experiment/results_20260801_K22v5/tasks/M4/F3_multirate/python/core.py,65,            time.sleep((deadline - now) / 1e9),
M4,F3,python,C2,PY-C2-STATE,run,/home/michal/github/rdb-experiment/results_20260801_K22v5/tasks/M4/F3_multirate/python/core.py,57,    filled = 0,run.filled
M4,F3,python,C2,PY-C2-STATE,run,/home/michal/github/rdb-experiment/results_20260801_K22v5/tasks/M4/F3_multirate/python/core.py,54,    ia = 0,run.ia
M4,F3,python,C2,PY-C2-STATE,run,/home/michal/github/rdb-experiment/results_20260801_K22v5/tasks/M4/F3_multirate/python/core.py,55,    ib = 0,run.ib
M4,F3,python,C2,PY-C2-STATE,run,/home/michal/github/rdb-experiment/results_20260801_K22v5/tasks/M4/F3_multirate/python/core.py,52,    ua = 0,run.ua
M4,F3,python,C2,PY-C2-STATE,run,/home/michal/github/rdb-experiment/results_20260801_K22v5/tasks/M4/F3_multirate/python/core.py,53,    ub = 0,run.ub
M4,F3,python,C3,PY-C3-WINDOW,run,/home/michal/github/rdb-experiment/results_20260801_K22v5/tasks/M4/F3_multirate/python/core.py,56,    win = [0] * WIN,run.win
M4,F3,python,C7,PY-C7,run,/home/michal/github/rdb-experiment/results_20260801_K22v5/tasks/M4/F3_multirate/python/core.py,45,"def run(a_values, b_values, slots):",
M4,F3,python,C7,PY-C7,run,/home/michal/github/rdb-experiment/results_20260801_K22v5/tasks/M4/F3_multirate/python/core.py,46,"    """"""Zwraca listę (logical_index, wartość) dla `slots` zdarzeń scalonych.""""""",
M4,F3,python,C7,PY-C7,run,/home/michal/github/rdb-experiment/results_20260801_K22v5/tasks/M4/F3_multirate/python/core.py,47,    UNIT_A = 3,
M4,F3,python,C7,PY-C7,run,/home/michal/github/rdb-experiment/results_20260801_K22v5/tasks/M4/F3_multirate/python/core.py,48,    UNIT_B = 6,
M4,F3,python,C7,PY-C7,run,/home/michal/github/rdb-experiment/results_20260801_K22v5/tasks/M4/F3_multirate/python/core.py,49,    INTERVAL_NS = 66_666_667,
M4,F3,python,C7,PY-C7,run,/home/michal/github/rdb-experiment/results_20260801_K22v5/tasks/M4/F3_multirate/python/core.py,51,    WIN = 30,
M4,F3,python,C7,PY-C7,run,/home/michal/github/rdb-experiment/results_20260801_K22v5/tasks/M4/F3_multirate/python/core.py,58,    out = [],
M4,F3,python,C7,PY-C7,run,/home/michal/github/rdb-experiment/results_20260801_K22v5/tasks/M4/F3_multirate/python/core.py,59,    monitors = [],
M4,F3,python,C7,PY-C7,run,/home/michal/github/rdb-experiment/results_20260801_K22v5/tasks/M4/F3_multirate/python/core.py,64,        if now < deadline:,
M4,F3,python,C7,PY-C7,run,/home/michal/github/rdb-experiment/results_20260801_K22v5/tasks/M4/F3_multirate/python/core.py,66,        if ub <= ua:,
M4,F3,python,C7,PY-C7,run,/home/michal/github/rdb-experiment/results_20260801_K22v5/tasks/M4/F3_multirate/python/core.py,74,"        monitors.append((SHIFT + r, [value + j for j in range(8)]))",
M4,F3,python,C7,PY-C7,run,/home/michal/github/rdb-experiment/results_20260801_K22v5/tasks/M4/F3_multirate/python/core.py,81,"        out.append((SHIFT + r + 1, avg(win)))",
M4,F3,python,C7,PY-C7,run,/home/michal/github/rdb-experiment/results_20260801_K22v5/tasks/M4/F3_multirate/python/core.py,67,            value = b_values[ib],
M4,F3,python,C7,PY-C7,run,/home/michal/github/rdb-experiment/results_20260801_K22v5/tasks/M4/F3_multirate/python/core.py,71,            value = a_values[ia],
M4,F3,python,C7,PY-C7,run,/home/michal/github/rdb-experiment/results_20260801_K22v5/tasks/M4/F3_multirate/python/core.py,76,            win[k] = win[k - 1],
M4,F3,python,C7,PY-C7,run,/home/michal/github/rdb-experiment/results_20260801_K22v5/tasks/M4/F3_multirate/python/core.py,80,            continue,
M4,F3,flink,C5,JAVA-C5-CONSTANT,MergedSource,/home/michal/github/rdb-experiment/results_20260801_K22v5/tasks/M4/F3_multirate/flink/F3Multirate.java,44,    private static final int TAIL = 5;,
M4,F3,flink,C4,JAVA-C4,MergedSource,/home/michal/github/rdb-experiment/results_20260801_K22v5/tasks/M4/F3_multirate/flink/F3Multirate.java,62,      long t0 = System.nanoTime();,
M4,F3,flink,C1,JAVA-C1,MergedSource,/home/michal/github/rdb-experiment/results_20260801_K22v5/tasks/M4/F3_multirate/flink/F3Multirate.java,63,      for (long r = 0; r < slots && running; r++) {,
M4,F3,flink,C4,JAVA-C4,MergedSource,/home/michal/github/rdb-experiment/results_20260801_K22v5/tasks/M4/F3_multirate/flink/F3Multirate.java,64,        long deadline = t0 + r * INTERVAL_NS;,
M4,F3,flink,C4,JAVA-C4,MergedSource,/home/michal/github/rdb-experiment/results_20260801_K22v5/tasks/M4/F3_multirate/flink/F3Multirate.java,65,        long now = System.nanoTime();,
M4,F3,flink,C4,JAVA-C4,MergedSource,/home/michal/github/rdb-experiment/results_20260801_K22v5/tasks/M4/F3_multirate/flink/F3Multirate.java,68,"          Thread.sleep(sleepNs / 1_000_000L, (int) (sleepNs % 1_000_000L));",
M4,F3,flink,C1,JAVA-C1,Aggregate,/home/michal/github/rdb-experiment/results_20260801_K22v5/tasks/M4/F3_multirate/flink/F3Multirate.java,107,      for (int k = WIN - 1; k > 0; k--) {,
M4,F3,flink,C5,JAVA-C5-WARMUP,Aggregate,/home/michal/github/rdb-experiment/results_20260801_K22v5/tasks/M4/F3_multirate/flink/F3Multirate.java,112,      if (filled < WIN) {,
M4,F3,flink,C1,JAVA-C1,Aggregate,/home/michal/github/rdb-experiment/results_20260801_K22v5/tasks/M4/F3_multirate/flink/F3Multirate.java,116,      for (int k = 0; k < WIN; k++) {,
M4,F3,flink,C3,JAVA-C3-WINDOW,Aggregate,/home/michal/github/rdb-experiment/results_20260801_K22v5/tasks/M4/F3_multirate/flink/F3Multirate.java,96,    private int[] win;,Aggregate.win
M4,F3,flink,C2,JAVA-C2-STATE,Aggregate,/home/michal/github/rdb-experiment/results_20260801_K22v5/tasks/M4/F3_multirate/flink/F3Multirate.java,97,    private int filled;,Aggregate.filled
M4,F3,flink,C7,JAVA-C7,MergedSource,/home/michal/github/rdb-experiment/results_20260801_K22v5/tasks/M4/F3_multirate/flink/F3Multirate.java,40,"  static class MergedSource extends RichSourceFunction<Tuple2<Long, Integer>> {",
M4,F3,flink,C7,JAVA-C7,MergedSource,/home/michal/github/rdb-experiment/results_20260801_K22v5/tasks/M4/F3_multirate/flink/F3Multirate.java,41,    private static final long INTERVAL_NS = 66_666_667L;,
M4,F3,flink,C7,JAVA-C7,MergedSource,/home/michal/github/rdb-experiment/results_20260801_K22v5/tasks/M4/F3_multirate/flink/F3Multirate.java,42,    private static final int UNIT_A = 3;,
M4,F3,flink,C7,JAVA-C7,MergedSource,/home/michal/github/rdb-experiment/results_20260801_K22v5/tasks/M4/F3_multirate/flink/F3Multirate.java,43,    private static final int UNIT_B = 6;,
M4,F3,flink,C7,JAVA-C7,MergedSource,/home/michal/github/rdb-experiment/results_20260801_K22v5/tasks/M4/F3_multirate/flink/F3Multirate.java,45,    private final int[] a;,
M4,F3,flink,C7,JAVA-C7,MergedSource,/home/michal/github/rdb-experiment/results_20260801_K22v5/tasks/M4/F3_multirate/flink/F3Multirate.java,46,    private final int[] b;,
M4,F3,flink,C7,JAVA-C7,MergedSource,/home/michal/github/rdb-experiment/results_20260801_K22v5/tasks/M4/F3_multirate/flink/F3Multirate.java,47,    private final long slots;,
M4,F3,flink,C7,JAVA-C7,MergedSource,/home/michal/github/rdb-experiment/results_20260801_K22v5/tasks/M4/F3_multirate/flink/F3Multirate.java,48,    private volatile boolean running = true;,
M4,F3,flink,C7,JAVA-C7,MergedSource,/home/michal/github/rdb-experiment/results_20260801_K22v5/tasks/M4/F3_multirate/flink/F3Multirate.java,51,      this.a = a;,
M4,F3,flink,C7,JAVA-C7,MergedSource,/home/michal/github/rdb-experiment/results_20260801_K22v5/tasks/M4/F3_multirate/flink/F3Multirate.java,52,      this.b = b;,
M4,F3,flink,C7,JAVA-C7,MergedSource,/home/michal/github/rdb-experiment/results_20260801_K22v5/tasks/M4/F3_multirate/flink/F3Multirate.java,53,      this.slots = slots;,
M4,F3,flink,C7,JAVA-C7,MergedSource,/home/michal/github/rdb-experiment/results_20260801_K22v5/tasks/M4/F3_multirate/flink/F3Multirate.java,57,"    public void run(SourceContext<Tuple2<Long, Integer>> ctx) throws Exception {",
M4,F3,flink,C7,JAVA-C7,MergedSource,/home/michal/github/rdb-experiment/results_20260801_K22v5/tasks/M4/F3_multirate/flink/F3Multirate.java,58,      long ua = 0;,
M4,F3,flink,C7,JAVA-C7,MergedSource,/home/michal/github/rdb-experiment/results_20260801_K22v5/tasks/M4/F3_multirate/flink/F3Multirate.java,59,      long ub = 0;,
M4,F3,flink,C7,JAVA-C7,MergedSource,/home/michal/github/rdb-experiment/results_20260801_K22v5/tasks/M4/F3_multirate/flink/F3Multirate.java,60,      int ia = 0;,
M4,F3,flink,C7,JAVA-C7,MergedSource,/home/michal/github/rdb-experiment/results_20260801_K22v5/tasks/M4/F3_multirate/flink/F3Multirate.java,61,      int ib = 0;,
M4,F3,flink,C7,JAVA-C7,MergedSource,/home/michal/github/rdb-experiment/results_20260801_K22v5/tasks/M4/F3_multirate/flink/F3Multirate.java,67,          long sleepNs = deadline - now;,
M4,F3,flink,C7,JAVA-C7,MergedSource,/home/michal/github/rdb-experiment/results_20260801_K22v5/tasks/M4/F3_multirate/flink/F3Multirate.java,70,        int value;,
M4,F3,flink,C7,JAVA-C7,MergedSource,/home/michal/github/rdb-experiment/results_20260801_K22v5/tasks/M4/F3_multirate/flink/F3Multirate.java,72,          value = b[ib];,
M4,F3,flink,C7,JAVA-C7,MergedSource,/home/michal/github/rdb-experiment/results_20260801_K22v5/tasks/M4/F3_multirate/flink/F3Multirate.java,73,          ib = ib + 1;,
M4,F3,flink,C7,JAVA-C7,MergedSource,/home/michal/github/rdb-experiment/results_20260801_K22v5/tasks/M4/F3_multirate/flink/F3Multirate.java,74,          ub = ub + UNIT_B;,
M4,F3,flink,C7,JAVA-C7,MergedSource,/home/michal/github/rdb-experiment/results_20260801_K22v5/tasks/M4/F3_multirate/flink/F3Multirate.java,76,          value = a[ia];,
M4,F3,flink,C7,JAVA-C7,MergedSource,/home/michal/github/rdb-experiment/results_20260801_K22v5/tasks/M4/F3_multirate/flink/F3Multirate.java,77,          ia = ia + 1;,
M4,F3,flink,C7,JAVA-C7,MergedSource,/home/michal/github/rdb-experiment/results_20260801_K22v5/tasks/M4/F3_multirate/flink/F3Multirate.java,78,          ua = ua + UNIT_A;,
M4,F3,flink,C7,JAVA-C7,MergedSource,/home/michal/github/rdb-experiment/results_20260801_K22v5/tasks/M4/F3_multirate/flink/F3Multirate.java,80,"        ctx.collect(Tuple2.of(TAIL + r, value));",
M4,F3,flink,C7,JAVA-C7,MergedSource,/home/michal/github/rdb-experiment/results_20260801_K22v5/tasks/M4/F3_multirate/flink/F3Multirate.java,85,    public void cancel() {,
M4,F3,flink,C7,JAVA-C7,MergedSource,/home/michal/github/rdb-experiment/results_20260801_K22v5/tasks/M4/F3_multirate/flink/F3Multirate.java,86,      running = false;,
M4,F3,flink,C7,JAVA-C7,Aggregate,/home/michal/github/rdb-experiment/results_20260801_K22v5/tasks/M4/F3_multirate/flink/F3Multirate.java,94,"  static class Aggregate extends RichFlatMapFunction<Tuple2<Long, Integer>, Tuple2<Long, Integer>> {",
M4,F3,flink,C7,JAVA-C7,Aggregate,/home/michal/github/rdb-experiment/results_20260801_K22v5/tasks/M4/F3_multirate/flink/F3Multirate.java,95,    private static final int WIN = 30;,
M4,F3,flink,C7,JAVA-C7,Aggregate,/home/michal/github/rdb-experiment/results_20260801_K22v5/tasks/M4/F3_multirate/flink/F3Multirate.java,100,    public void open(OpenContext ctx) {,
M4,F3,flink,C7,JAVA-C7,Aggregate,/home/michal/github/rdb-experiment/results_20260801_K22v5/tasks/M4/F3_multirate/flink/F3Multirate.java,101,      win = new int[WIN];,
M4,F3,flink,C7,JAVA-C7,Aggregate,/home/michal/github/rdb-experiment/results_20260801_K22v5/tasks/M4/F3_multirate/flink/F3Multirate.java,102,      filled = 0;,
M4,F3,flink,C7,JAVA-C7,Aggregate,/home/michal/github/rdb-experiment/results_20260801_K22v5/tasks/M4/F3_multirate/flink/F3Multirate.java,106,"    public void flatMap(Tuple2<Long, Integer> in, Collector<Tuple2<Long, Integer>> out) {",
M4,F3,flink,C7,JAVA-C7,Aggregate,/home/michal/github/rdb-experiment/results_20260801_K22v5/tasks/M4/F3_multirate/flink/F3Multirate.java,108,        win[k] = win[k - 1];,
M4,F3,flink,C7,JAVA-C7,Aggregate,/home/michal/github/rdb-experiment/results_20260801_K22v5/tasks/M4/F3_multirate/flink/F3Multirate.java,110,      win[0] = in.f1;,
M4,F3,flink,C7,JAVA-C7,Aggregate,/home/michal/github/rdb-experiment/results_20260801_K22v5/tasks/M4/F3_multirate/flink/F3Multirate.java,111,      filled = filled + 1;,
M4,F3,flink,C7,JAVA-C7,Aggregate,/home/michal/github/rdb-experiment/results_20260801_K22v5/tasks/M4/F3_multirate/flink/F3Multirate.java,113,        return;,
M4,F3,flink,C7,JAVA-C7,Aggregate,/home/michal/github/rdb-experiment/results_20260801_K22v5/tasks/M4/F3_multirate/flink/F3Multirate.java,115,      long sum = 0;,
M4,F3,flink,C7,JAVA-C7,Aggregate,/home/michal/github/rdb-experiment/results_20260801_K22v5/tasks/M4/F3_multirate/flink/F3Multirate.java,117,        sum += win[k];,
M4,F3,flink,C7,JAVA-C7,Aggregate,/home/michal/github/rdb-experiment/results_20260801_K22v5/tasks/M4/F3_multirate/flink/F3Multirate.java,119,"      out.collect(Tuple2.of(in.f0 + 1, (int) (sum / WIN)));",
M4,F3,flink,C7,JAVA-C7,Monitor,/home/michal/github/rdb-experiment/results_20260801_K22v5/tasks/M4/F3_multirate/flink/F3Multirate.java,123,"  static class Monitor extends RichMapFunction<Tuple2<Long, Integer>,",
M4,F3,flink,C7,JAVA-C7,Monitor,/home/michal/github/rdb-experiment/results_20260801_K22v5/tasks/M4/F3_multirate/flink/F3Multirate.java,126,"    public Tuple9<Long, Integer, Integer, Integer, Integer, Integer, Integer, Integer, Integer> map(Tuple2<Long, Integer> in) {",
M4,F3,flink,C7,JAVA-C7,Monitor,/home/michal/github/rdb-experiment/results_20260801_K22v5/tasks/M4/F3_multirate/flink/F3Multirate.java,127,      int v = in.f1;,
M4,F3,flink,C7,JAVA-C7,Monitor,/home/michal/github/rdb-experiment/results_20260801_K22v5/tasks/M4/F3_multirate/flink/F3Multirate.java,128,"      return Tuple9.of(in.f0, v, v + 1, v + 2, v + 3, v + 4, v + 5, v + 6, v + 7);",
M4,F3,flink,C7,JAVA-C7,Monitor,/home/michal/github/rdb-experiment/results_20260801_K22v5/tasks/M4/F3_multirate/flink/F3Multirate.java,202,"    DataStream<Tuple2<Long, Integer>> src = env.addSource(new MergedSource(a, b, slots));",
M4,F3,flink,C7,JAVA-C7,Monitor,/home/michal/github/rdb-experiment/results_20260801_K22v5/tasks/M4/F3_multirate/flink/F3Multirate.java,203,"    src.map(new Monitor()).addSink(new CanonicalSink(out, family, variant));",
