F2,base,240,qrs_out_0,52,0,0
F2,base,240,qrs_out_1,0,0,0
F2,base,240,qrs_out_2,0,0,0
F2,base,241,qrs_out_0,58,0,0
F2,base,241,qrs_out_1,0,0,0
F2,base,241,qrs_out_2,0,0,0
F2,base,242,qrs_out_0,55,0,0
F2,base,242,qrs_out_1,5,0,0
F2,base,242,qrs_out_2,5,0,0
F2,base,243,qrs_out_0,50,0,0
F2,base,243,qrs_out_1,5,0,0
F2,base,243,qrs_out_2,5,0,0
F2,base,244,qrs_out_0,40,0,0
F2,base,244,qrs_out_1,5,0,0
F2,base,244,qrs_out_2,5,0,0
F2,base,245,qrs_out_0,36,0,0
F2,base,245,qrs_out_1,5,0,0
F2,base,245,qrs_out_2,5,0,0
F2,base,246,qrs_out_0,30,0,0
F2,base,246,qrs_out_1,5,0,0
F2,base,246,qrs_out_2,5,0,0
F2,base,247,qrs_out_0,28,0,0
F2,base,247,qrs_out_1,5,0,0
F2,base,247,qrs_out_2,5,0,0
F2,base,248,qrs_out_0,27,0,0
F2,base,248,qrs_out_1,5,0,0
F2,base,248,qrs_out_2,5,0,0
F2,base,249,qrs_out_0,28,0,0
F2,base,249,qrs_out_1,5,0,0
F2,base,249,qrs_out_2,5,0,0
F2,base,250,qrs_out_0,31,0,0
F2,base,250,qrs_out_1,5,0,0
F2,base,250,qrs_out_2,5,0,0
F2,base,251,qrs_out_0,29,0,0
F2,base,251,qrs_out_1,5,0,0
F2,base,251,qrs_out_2,5,0,0
F2,base,252,qrs_out_0,31,0,0
F2,base,252,qrs_out_1,10,0,0
F2,base,252,qrs_out_2,10,0,0
F2,base,253,qrs_out_0,30,0,0
F2,base,253,qrs_out_1,10,0,0
F2,base,253,qrs_out_2,10,0,0
F2,base,254,qrs_out_0,30,0,0
F2,base,254,qrs_out_1,10,0,0
F2,base,254,qrs_out_2,10,0,0
F2,base,255,qrs_out_0,30,0,0
F2,base,255,qrs_out_1,10,0,0
F2,base,255,qrs_out_2,10,0,0
F2,base,256,qrs_out_0,31,0,0
F2,base,256,qrs_out_1,10,0,0
F2,base,256,qrs_out_2,10,0,0
F2,base,257,qrs_out_0,29,0,0
F2,base,257,qrs_out_1,10,0,0
F2,base,257,qrs_out_2,10,0,0
F2,base,258,qrs_out_0,28,0,0
F2,base,258,qrs_out_1,10,0,0
F2,base,258,qrs_out_2,10,0,0
F2,base,259,qrs_out_0,27,0,0
F2,base,259,qrs_out_1,10,0,0
F2,base,259,qrs_out_2,10,0,0
F2,base,260,qrs_out_0,26,0,0
F2,base,260,qrs_out_1,10,0,0
F2,base,260,qrs_out_2,10,0,0
F2,base,261,qrs_out_0,28,0,0
F2,base,261,qrs_out_1,10,0,0
F2,base,261,qrs_out_2,10,0,0
F2,base,262,qrs_out_0,27,0,0
F2,base,262,qrs_out_1,10,0,0
F2,base,262,qrs_out_2,10,0,0
F2,base,263,qrs_out_0,29,0,0
F2,base,263,qrs_out_1,10,0,0
F2,base,263,qrs_out_2,10,0,0
F2,base,264,qrs_out_0,31,0,0
F2,base,264,qrs_out_1,10,0,0
F2,base,264,qrs_out_2,10,0,0
F2,base,265,qrs_out_0,32,0,0
F2,base,265,qrs_out_1,10,0,0
F2,base,265,qrs_out_2,10,0,0
F2,base,266,qrs_out_0,33,0,0
F2,base,266,qrs_out_1,10,0,0
F2,base,266,qrs_out_2,10,0,0
F2,base,267,qrs_out_0,33,0,0
F2,base,267,qrs_out_1,10,0,0
F2,base,267,qrs_out_2,10,0,0
F2,base,268,qrs_out_0,32,0,0
F2,base,268,qrs_out_1,10,0,0
F2,base,268,qrs_out_2,10,0,0
F2,base,269,qrs_out_0,32,0,0
F2,base,269,qrs_out_1,5,0,0
F2,base,269,qrs_out_2,5,0,0
F2,base,270,qrs_out_0,30,0,0
F2,base,270,qrs_out_1,5,0,0
F2,base,270,qrs_out_2,5,0,0
F2,base,271,qrs_out_0,29,0,0
F2,base,271,qrs_out_1,5,0,0
F2,base,271,qrs_out_2,5,0,0
F2,base,272,qrs_out_0,30,0,0
F2,base,272,qrs_out_1,5,0,0
F2,base,272,qrs_out_2,5,0,0
F2,base,273,qrs_out_0,30,0,0
F2,base,273,qrs_out_1,5,0,0
F2,base,273,qrs_out_2,5,0,0
F2,base,274,qrs_out_0,30,0,0
F2,base,274,qrs_out_1,0,0,0
F2,base,274,qrs_out_2,0,0,0
F2,base,275,qrs_out_0,31,0,0
F2,base,275,qrs_out_1,0,0,0
F2,base,275,qrs_out_2,0,0,0
F2,base,276,qrs_out_0,30,0,0
F2,base,276,qrs_out_1,0,0,0
F2,base,276,qrs_out_2,0,0,0
F2,base,277,qrs_out_0,32,0,0
F2,base,277,qrs_out_1,0,0,0
F2,base,277,qrs_out_2,0,0,0
F2,base,278,qrs_out_0,33,0,0
F2,base,278,qrs_out_1,0,0,0
F2,base,278,qrs_out_2,0,0,0
F2,base,279,qrs_out_0,33,0,0
F2,base,279,qrs_out_1,0,0,0
F2,base,279,qrs_out_2,0,0,0
F2,base,280,qrs_out_0,31,0,0
F2,base,280,qrs_out_1,0,0,0
F2,base,280,qrs_out_2,0,0,0
F2,base,281,qrs_out_0,31,0,0
F2,base,281,qrs_out_1,0,0,0
F2,base,281,qrs_out_2,0,0,0
F2,base,282,qrs_out_0,28,0,0
F2,base,282,qrs_out_1,0,0,0
F2,base,282,qrs_out_2,0,0,0
F2,base,283,qrs_out_0,28,0,0
F2,base,283,qrs_out_1,0,0,0
F2,base,283,qrs_out_2,0,0,0
F2,base,284,qrs_out_0,26,0,0
F2,base,284,qrs_out_1,0,0,0
F2,base,284,qrs_out_2,0,0,0
F2,base,285,qrs_out_0,29,0,0
F2,base,285,qrs_out_1,0,0,0
F2,base,285,qrs_out_2,0,0,0
F2,base,286,qrs_out_0,31,0,0
F2,base,286,qrs_out_1,0,0,0
F2,base,286,qrs_out_2,0,0,0
F2,base,287,qrs_out_0,33,0,0
F2,base,287,qrs_out_1,0,0,0
F2,base,287,qrs_out_2,0,0,0
F2,base,288,qrs_out_0,33,0,0
F2,base,288,qrs_out_1,0,0,0
F2,base,288,qrs_out_2,0,0,0
F2,base,289,qrs_out_0,35,0,0
F2,base,289,qrs_out_1,0,0,0
F2,base,289,qrs_out_2,0,0,0
F2,base,290,qrs_out_0,34,0,0
F2,base,290,qrs_out_1,0,0,0
F2,base,290,qrs_out_2,0,0,0
F2,base,291,qrs_out_0,36,0,0
F2,base,291,qrs_out_1,0,0,0
F2,base,291,qrs_out_2,0,0,0
F2,base,292,qrs_out_0,36,0,0
F2,base,292,qrs_out_1,0,0,0
F2,base,292,qrs_out_2,0,0,0
F2,base,293,qrs_out_0,36,0,0
F2,base,293,qrs_out_1,0,0,0
F2,base,293,qrs_out_2,0,0,0
F2,base,294,qrs_out_0,35,0,0
F2,base,294,qrs_out_1,0,0,0
F2,base,294,qrs_out_2,0,0,0
F2,base,295,qrs_out_0,33,0,0
F2,base,295,qrs_out_1,0,0,0
F2,base,295,qrs_out_2,0,0,0
F2,base,296,qrs_out_0,33,0,0
F2,base,296,qrs_out_1,0,0,0
F2,base,296,qrs_out_2,0,0,0
F2,base,297,qrs_out_0,33,0,0
F2,base,297,qrs_out_1,0,0,0
F2,base,297,qrs_out_2,0,0,0
F2,base,298,qrs_out_0,33,0,0
F2,base,298,qrs_out_1,0,0,0
F2,base,298,qrs_out_2,0,0,0
F2,base,299,qrs_out_0,36,0,0
F2,base,299,qrs_out_1,0,0,0
F2,base,299,qrs_out_2,0,0,0
F2,base,300,qrs_out_0,36,0,0
F2,base,300,qrs_out_1,0,0,0
F2,base,300,qrs_out_2,0,0,0
F2,base,301,qrs_out_0,39,0,0
F2,base,301,qrs_out_1,0,0,0
F2,base,301,qrs_out_2,0,0,0
F2,base,302,qrs_out_0,40,0,0
F2,base,302,qrs_out_1,0,0,0
F2,base,302,qrs_out_2,0,0,0
F2,base,303,qrs_out_0,41,0,0
F2,base,303,qrs_out_1,0,0,0
F2,base,303,qrs_out_2,0,0,0
F2,base,304,qrs_out_0,40,0,0
F2,base,304,qrs_out_1,0,0,0
F2,base,304,qrs_out_2,0,0,0
F2,base,305,qrs_out_0,39,0,0
F2,base,305,qrs_out_1,0,0,0
F2,base,305,qrs_out_2,0,0,0
F2,base,306,qrs_out_0,36,0,0
F2,base,306,qrs_out_1,0,0,0
F2,base,306,qrs_out_2,0,0,0
F2,base,307,qrs_out_0,35,0,0
F2,base,307,qrs_out_1,0,0,0
F2,base,307,qrs_out_2,0,0,0
F2,base,308,qrs_out_0,35,0,0
F2,base,308,qrs_out_1,0,0,0
F2,base,308,qrs_out_2,0,0,0
F2,base,309,qrs_out_0,32,0,0
F2,base,309,qrs_out_1,0,0,0
F2,base,309,qrs_out_2,0,0,0
F2,base,310,qrs_out_0,34,0,0
F2,base,310,qrs_out_1,0,0,0
F2,base,310,qrs_out_2,0,0,0
F2,base,311,qrs_out_0,36,0,0
F2,base,311,qrs_out_1,0,0,0
F2,base,311,qrs_out_2,0,0,0
F2,base,312,qrs_out_0,39,0,0
F2,base,312,qrs_out_1,0,0,0
F2,base,312,qrs_out_2,0,0,0
F2,base,313,qrs_out_0,43,0,0
F2,base,313,qrs_out_1,0,0,0
F2,base,313,qrs_out_2,0,0,0
F2,base,314,qrs_out_0,42,0,0
F2,base,314,qrs_out_1,0,0,0
F2,base,314,qrs_out_2,0,0,0
F2,base,315,qrs_out_0,41,0,0
F2,base,315,qrs_out_1,0,0,0
F2,base,315,qrs_out_2,0,0,0
F2,base,316,qrs_out_0,41,0,0
F2,base,316,qrs_out_1,0,0,0
F2,base,316,qrs_out_2,0,0,0
F2,base,317,qrs_out_0,43,0,0
F2,base,317,qrs_out_1,0,0,0
F2,base,317,qrs_out_2,0,0,0
F2,base,318,qrs_out_0,39,0,0
F2,base,318,qrs_out_1,0,0,0
F2,base,318,qrs_out_2,0,0,0
F2,base,319,qrs_out_0,40,0,0
F2,base,319,qrs_out_1,0,0,0
F2,base,319,qrs_out_2,0,0,0
F2,base,320,qrs_out_0,41,0,0
F2,base,320,qrs_out_1,0,0,0
F2,base,320,qrs_out_2,0,0,0
F2,base,321,qrs_out_0,44,0,0
F2,base,321,qrs_out_1,0,0,0
F2,base,321,qrs_out_2,0,0,0
F2,base,322,qrs_out_0,48,0,0
F2,base,322,qrs_out_1,0,0,0
F2,base,322,qrs_out_2,0,0,0
F2,base,323,qrs_out_0,50,0,0
F2,base,323,qrs_out_1,0,0,0
F2,base,323,qrs_out_2,0,0,0
F2,base,324,qrs_out_0,52,0,0
F2,base,324,qrs_out_1,0,0,0
F2,base,324,qrs_out_2,0,0,0
F2,base,325,qrs_out_0,53,0,0
F2,base,325,qrs_out_1,0,0,0
F2,base,325,qrs_out_2,0,0,0
F2,base,326,qrs_out_0,55,0,0
F2,base,326,qrs_out_1,0,0,0
F2,base,326,qrs_out_2,0,0,0
F2,base,327,qrs_out_0,56,0,0
F2,base,327,qrs_out_1,0,0,0
F2,base,327,qrs_out_2,0,0,0
F2,base,328,qrs_out_0,56,0,0
F2,base,328,qrs_out_1,0,0,0
F2,base,328,qrs_out_2,0,0,0
F2,base,329,qrs_out_0,56,0,0
F2,base,329,qrs_out_1,0,0,0
F2,base,329,qrs_out_2,0,0,0
F2,base,330,qrs_out_0,55,0,0
F2,base,330,qrs_out_1,0,0,0
F2,base,330,qrs_out_2,0,0,0
F2,base,331,qrs_out_0,56,0,0
F2,base,331,qrs_out_1,0,0,0
F2,base,331,qrs_out_2,0,0,0
F2,base,332,qrs_out_0,54,0,0
F2,base,332,qrs_out_1,0,0,0
F2,base,332,qrs_out_2,0,0,0
F2,base,333,qrs_out_0,54,0,0
F2,base,333,qrs_out_1,0,0,0
F2,base,333,qrs_out_2,0,0,0
F2,base,334,qrs_out_0,54,0,0
F2,base,334,qrs_out_1,0,0,0
F2,base,334,qrs_out_2,0,0,0
F2,base,335,qrs_out_0,55,0,0
F2,base,335,qrs_out_1,0,0,0
F2,base,335,qrs_out_2,0,0,0
F2,base,336,qrs_out_0,55,0,0
F2,base,336,qrs_out_1,0,0,0
F2,base,336,qrs_out_2,0,0,0
F2,base,337,qrs_out_0,59,0,0
F2,base,337,qrs_out_1,0,0,0
F2,base,337,qrs_out_2,0,0,0
F2,base,338,qrs_out_0,58,0,0
F2,base,338,qrs_out_1,0,0,0
F2,base,338,qrs_out_2,0,0,0
F2,base,339,qrs_out_0,57,0,0
F2,base,339,qrs_out_1,0,0,0
F2,base,339,qrs_out_2,0,0,0
F2,base,340,qrs_out_0,56,0,0
F2,base,340,qrs_out_1,0,0,0
F2,base,340,qrs_out_2,0,0,0
F2,base,341,qrs_out_0,52,0,0
F2,base,341,qrs_out_1,0,0,0
F2,base,341,qrs_out_2,0,0,0
F2,base,342,qrs_out_0,48,0,0
F2,base,342,qrs_out_1,0,0,0
F2,base,342,qrs_out_2,0,0,0
F2,base,343,qrs_out_0,47,0,0
F2,base,343,qrs_out_1,0,0,0
F2,base,343,qrs_out_2,0,0,0
F2,base,344,qrs_out_0,43,0,0
F2,base,344,qrs_out_1,0,0,0
F2,base,344,qrs_out_2,0,0,0
F2,base,345,qrs_out_0,42,0,0
F2,base,345,qrs_out_1,0,0,0
F2,base,345,qrs_out_2,0,0,0
F2,base,346,qrs_out_0,44,0,0
F2,base,346,qrs_out_1,0,0,0
F2,base,346,qrs_out_2,0,0,0
F2,base,347,qrs_out_0,41,0,0
F2,base,347,qrs_out_1,0,0,0
F2,base,347,qrs_out_2,0,0,0
F2,base,348,qrs_out_0,43,0,0
F2,base,348,qrs_out_1,0,0,0
F2,base,348,qrs_out_2,0,0,0
F2,base,349,qrs_out_0,42,0,0
F2,base,349,qrs_out_1,0,0,0
F2,base,349,qrs_out_2,0,0,0
F2,base,350,qrs_out_0,43,0,0
F2,base,350,qrs_out_1,0,0,0
F2,base,350,qrs_out_2,0,0,0
F2,base,351,qrs_out_0,42,0,0
F2,base,351,qrs_out_1,0,0,0
F2,base,351,qrs_out_2,0,0,0
F2,base,352,qrs_out_0,41,0,0
F2,base,352,qrs_out_1,0,0,0
F2,base,352,qrs_out_2,0,0,0
F2,base,353,qrs_out_0,42,0,0
F2,base,353,qrs_out_1,0,0,0
F2,base,353,qrs_out_2,0,0,0
F2,base,354,qrs_out_0,40,0,0
F2,base,354,qrs_out_1,0,0,0
F2,base,354,qrs_out_2,0,0,0
F2,base,355,qrs_out_0,37,0,0
F2,base,355,qrs_out_1,0,0,0
F2,base,355,qrs_out_2,0,0,0
F2,base,356,qrs_out_0,36,0,0
F2,base,356,qrs_out_1,0,0,0
F2,base,356,qrs_out_2,0,0,0
F2,base,357,qrs_out_0,34,0,0
F2,base,357,qrs_out_1,0,0,0
F2,base,357,qrs_out_2,0,0,0
F2,base,358,qrs_out_0,33,0,0
F2,base,358,qrs_out_1,0,0,0
F2,base,358,qrs_out_2,0,0,0
F2,base,359,qrs_out_0,34,0,0
F2,base,359,qrs_out_1,0,0,0
F2,base,359,qrs_out_2,0,0,0
F2,base,360,qrs_out_0,35,0,0
F2,base,360,qrs_out_1,0,0,0
F2,base,360,qrs_out_2,0,0,0
F2,base,361,qrs_out_0,36,0,0
F2,base,361,qrs_out_1,0,0,0
F2,base,361,qrs_out_2,0,0,0
F2,base,362,qrs_out_0,36,0,0
F2,base,362,qrs_out_1,0,0,0
F2,base,362,qrs_out_2,0,0,0
F2,base,363,qrs_out_0,37,0,0
F2,base,363,qrs_out_1,0,0,0
F2,base,363,qrs_out_2,0,0,0
F2,base,364,qrs_out_0,36,0,0
F2,base,364,qrs_out_1,0,0,0
F2,base,364,qrs_out_2,0,0,0
F2,base,365,qrs_out_0,35,0,0
F2,base,365,qrs_out_1,0,0,0
F2,base,365,qrs_out_2,0,0,0
F2,base,366,qrs_out_0,35,0,0
F2,base,366,qrs_out_1,0,0,0
F2,base,366,qrs_out_2,0,0,0
F2,base,367,qrs_out_0,33,0,0
F2,base,367,qrs_out_1,0,0,0
F2,base,367,qrs_out_2,0,0,0
F2,base,368,qrs_out_0,31,0,0
F2,base,368,qrs_out_1,0,0,0
F2,base,368,qrs_out_2,0,0,0
F2,base,369,qrs_out_0,32,0,0
F2,base,369,qrs_out_1,0,0,0
F2,base,369,qrs_out_2,0,0,0
F2,base,370,qrs_out_0,32,0,0
F2,base,370,qrs_out_1,0,0,0
F2,base,370,qrs_out_2,0,0,0
F2,base,371,qrs_out_0,34,0,0
F2,base,371,qrs_out_1,0,0,0
F2,base,371,qrs_out_2,0,0,0
F2,base,372,qrs_out_0,35,0,0
F2,base,372,qrs_out_1,0,0,0
F2,base,372,qrs_out_2,0,0,0
F2,base,373,qrs_out_0,36,0,0
F2,base,373,qrs_out_1,0,0,0
F2,base,373,qrs_out_2,0,0,0
F2,base,374,qrs_out_0,34,0,0
F2,base,374,qrs_out_1,0,0,0
F2,base,374,qrs_out_2,0,0,0
F2,base,375,qrs_out_0,36,0,0
F2,base,375,qrs_out_1,0,0,0
F2,base,375,qrs_out_2,0,0,0
F2,base,376,qrs_out_0,36,0,0
F2,base,376,qrs_out_1,0,0,0
F2,base,376,qrs_out_2,0,0,0
F2,base,377,qrs_out_0,35,0,0
F2,base,377,qrs_out_1,0,0,0
F2,base,377,qrs_out_2,0,0,0
F2,base,378,qrs_out_0,34,0,0
F2,base,378,qrs_out_1,0,0,0
F2,base,378,qrs_out_2,0,0,0
F2,base,379,qrs_out_0,33,0,0
F2,base,379,qrs_out_1,0,0,0
F2,base,379,qrs_out_2,0,0,0
F2,base,380,qrs_out_0,31,0,0
F2,base,380,qrs_out_1,0,0,0
F2,base,380,qrs_out_2,0,0,0
F2,base,381,qrs_out_0,32,0,0
F2,base,381,qrs_out_1,0,0,0
F2,base,381,qrs_out_2,0,0,0
F2,base,382,qrs_out_0,32,0,0
F2,base,382,qrs_out_1,0,0,0
F2,base,382,qrs_out_2,0,0,0
F2,base,383,qrs_out_0,31,0,0
F2,base,383,qrs_out_1,0,0,0
F2,base,383,qrs_out_2,0,0,0
F2,base,384,qrs_out_0,33,0,0
F2,base,384,qrs_out_1,0,0,0
F2,base,384,qrs_out_2,0,0,0
F2,base,385,qrs_out_0,32,0,0
F2,base,385,qrs_out_1,0,0,0
F2,base,385,qrs_out_2,0,0,0
F2,base,386,qrs_out_0,32,0,0
F2,base,386,qrs_out_1,0,0,0
F2,base,386,qrs_out_2,0,0,0
F2,base,387,qrs_out_0,34,0,0
F2,base,387,qrs_out_1,0,0,0
F2,base,387,qrs_out_2,0,0,0
F2,base,388,qrs_out_0,32,0,0
F2,base,388,qrs_out_1,0,0,0
F2,base,388,qrs_out_2,0,0,0
F2,base,389,qrs_out_0,30,0,0
F2,base,389,qrs_out_1,0,0,0
F2,base,389,qrs_out_2,0,0,0
F2,base,390,qrs_out_0,28,0,0
F2,base,390,qrs_out_1,0,0,0
F2,base,390,qrs_out_2,0,0,0
F2,base,391,qrs_out_0,27,0,0
F2,base,391,qrs_out_1,0,0,0
F2,base,391,qrs_out_2,0,0,0
F2,base,392,qrs_out_0,28,0,0
F2,base,392,qrs_out_1,0,0,0
F2,base,392,qrs_out_2,0,0,0
F2,base,393,qrs_out_0,27,0,0
F2,base,393,qrs_out_1,0,0,0
F2,base,393,qrs_out_2,0,0,0
F2,base,394,qrs_out_0,26,0,0
F2,base,394,qrs_out_1,0,0,0
F2,base,394,qrs_out_2,0,0,0
F2,base,395,qrs_out_0,28,0,0
F2,base,395,qrs_out_1,0,0,0
F2,base,395,qrs_out_2,0,0,0
F2,base,396,qrs_out_0,30,0,0
F2,base,396,qrs_out_1,0,0,0
F2,base,396,qrs_out_2,0,0,0
F2,base,397,qrs_out_0,31,0,0
F2,base,397,qrs_out_1,0,0,0
F2,base,397,qrs_out_2,0,0,0
F2,base,398,qrs_out_0,30,0,0
F2,base,398,qrs_out_1,0,0,0
F2,base,398,qrs_out_2,0,0,0
F2,base,399,qrs_out_0,31,0,0
F2,base,399,qrs_out_1,0,0,0
F2,base,399,qrs_out_2,0,0,0
F2,base,400,qrs_out_0,31,0,0
F2,base,400,qrs_out_1,0,0,0
F2,base,400,qrs_out_2,0,0,0
F2,base,401,qrs_out_0,30,0,0
F2,base,401,qrs_out_1,0,0,0
F2,base,401,qrs_out_2,0,0,0
F2,base,402,qrs_out_0,31,0,0
F2,base,402,qrs_out_1,0,0,0
F2,base,402,qrs_out_2,0,0,0
F2,base,403,qrs_out_0,30,0,0
F2,base,403,qrs_out_1,0,0,0
F2,base,403,qrs_out_2,0,0,0
F2,base,404,qrs_out_0,30,0,0
F2,base,404,qrs_out_1,0,0,0
F2,base,404,qrs_out_2,0,0,0
F2,base,405,qrs_out_0,31,0,0
F2,base,405,qrs_out_1,0,0,0
F2,base,405,qrs_out_2,0,0,0
F2,base,406,qrs_out_0,34,0,0
F2,base,406,qrs_out_1,0,0,0
F2,base,406,qrs_out_2,0,0,0
F2,base,407,qrs_out_0,36,0,0
F2,base,407,qrs_out_1,0,0,0
F2,base,407,qrs_out_2,0,0,0
F2,base,408,qrs_out_0,38,0,0
F2,base,408,qrs_out_1,0,0,0
F2,base,408,qrs_out_2,0,0,0
F2,base,409,qrs_out_0,41,0,0
F2,base,409,qrs_out_1,0,0,0
F2,base,409,qrs_out_2,0,0,0
F2,base,410,qrs_out_0,42,0,0
F2,base,410,qrs_out_1,0,0,0
F2,base,410,qrs_out_2,0,0,0
F2,base,411,qrs_out_0,43,0,0
F2,base,411,qrs_out_1,0,0,0
F2,base,411,qrs_out_2,0,0,0
F2,base,412,qrs_out_0,42,0,0
F2,base,412,qrs_out_1,0,0,0
F2,base,412,qrs_out_2,0,0,0
F2,base,413,qrs_out_0,43,0,0
F2,base,413,qrs_out_1,0,0,0
F2,base,413,qrs_out_2,0,0,0
F2,base,414,qrs_out_0,43,0,0
F2,base,414,qrs_out_1,0,0,0
F2,base,414,qrs_out_2,0,0,0
F2,base,415,qrs_out_0,44,0,0
F2,base,415,qrs_out_1,0,0,0
F2,base,415,qrs_out_2,0,0,0
F2,base,416,qrs_out_0,44,0,0
F2,base,416,qrs_out_1,0,0,0
F2,base,416,qrs_out_2,0,0,0
F2,base,417,qrs_out_0,46,0,0
F2,base,417,qrs_out_1,0,0,0
F2,base,417,qrs_out_2,0,0,0
F2,base,418,qrs_out_0,47,0,0
F2,base,418,qrs_out_1,0,0,0
F2,base,418,qrs_out_2,0,0,0
F2,base,419,qrs_out_0,47,0,0
F2,base,419,qrs_out_1,0,0,0
F2,base,419,qrs_out_2,0,0,0
F2,base,420,qrs_out_0,45,0,0
F2,base,420,qrs_out_1,0,0,0
F2,base,420,qrs_out_2,0,0,0
F2,base,421,qrs_out_0,42,0,0
F2,base,421,qrs_out_1,0,0,0
F2,base,421,qrs_out_2,0,0,0
F2,base,422,qrs_out_0,41,0,0
F2,base,422,qrs_out_1,0,0,0
F2,base,422,qrs_out_2,0,0,0
F2,base,423,qrs_out_0,38,0,0
F2,base,423,qrs_out_1,0,0,0
F2,base,423,qrs_out_2,0,0,0
F2,base,424,qrs_out_0,38,0,0
F2,base,424,qrs_out_1,0,0,0
F2,base,424,qrs_out_2,0,0,0
F2,base,425,qrs_out_0,37,0,0
F2,base,425,qrs_out_1,0,0,0
F2,base,425,qrs_out_2,0,0,0
F2,base,426,qrs_out_0,35,0,0
F2,base,426,qrs_out_1,0,0,0
F2,base,426,qrs_out_2,0,0,0
F2,base,427,qrs_out_0,33,0,0
F2,base,427,qrs_out_1,0,0,0
F2,base,427,qrs_out_2,0,0,0
F2,base,428,qrs_out_0,34,0,0
F2,base,428,qrs_out_1,0,0,0
F2,base,428,qrs_out_2,0,0,0
F2,base,429,qrs_out_0,33,0,0
F2,base,429,qrs_out_1,0,0,0
F2,base,429,qrs_out_2,0,0,0
F2,base,430,qrs_out_0,35,0,0
F2,base,430,qrs_out_1,0,0,0
F2,base,430,qrs_out_2,0,0,0
F2,base,431,qrs_out_0,36,0,0
F2,base,431,qrs_out_1,0,0,0
F2,base,431,qrs_out_2,0,0,0
F2,base,432,qrs_out_0,34,0,0
F2,base,432,qrs_out_1,0,0,0
F2,base,432,qrs_out_2,0,0,0
F2,base,433,qrs_out_0,35,0,0
F2,base,433,qrs_out_1,0,0,0
F2,base,433,qrs_out_2,0,0,0
F2,base,434,qrs_out_0,30,0,0
F2,base,434,qrs_out_1,0,0,0
F2,base,434,qrs_out_2,0,0,0
F2,base,435,qrs_out_0,26,0,0
F2,base,435,qrs_out_1,0,0,0
F2,base,435,qrs_out_2,0,0,0
F2,base,436,qrs_out_0,24,0,0
F2,base,436,qrs_out_1,0,0,0
F2,base,436,qrs_out_2,0,0,0
F2,base,437,qrs_out_0,20,0,0
F2,base,437,qrs_out_1,0,0,0
F2,base,437,qrs_out_2,0,0,0
F2,base,438,qrs_out_0,18,0,0
F2,base,438,qrs_out_1,0,0,0
F2,base,438,qrs_out_2,0,0,0
F2,base,439,qrs_out_0,18,0,0
F2,base,439,qrs_out_1,0,0,0
F2,base,439,qrs_out_2,0,0,0
F2,base,440,qrs_out_0,18,0,0
F2,base,440,qrs_out_1,0,0,0
F2,base,440,qrs_out_2,0,0,0
F2,base,441,qrs_out_0,18,0,0
F2,base,441,qrs_out_1,0,0,0
F2,base,441,qrs_out_2,0,0,0
F2,base,442,qrs_out_0,19,0,0
F2,base,442,qrs_out_1,0,0,0
F2,base,442,qrs_out_2,0,0,0
F2,base,443,qrs_out_0,21,0,0
F2,base,443,qrs_out_1,0,0,0
F2,base,443,qrs_out_2,0,0,0
F2,base,444,qrs_out_0,22,0,0
F2,base,444,qrs_out_1,0,0,0
F2,base,444,qrs_out_2,0,0,0
F2,base,445,qrs_out_0,24,0,0
F2,base,445,qrs_out_1,0,0,0
F2,base,445,qrs_out_2,0,0,0
F2,base,446,qrs_out_0,24,0,0
F2,base,446,qrs_out_1,0,0,0
F2,base,446,qrs_out_2,0,0,0
F2,base,447,qrs_out_0,24,0,0
F2,base,447,qrs_out_1,0,0,0
F2,base,447,qrs_out_2,0,0,0
F2,base,448,qrs_out_0,23,0,0
F2,base,448,qrs_out_1,0,0,0
F2,base,448,qrs_out_2,0,0,0
F2,base,449,qrs_out_0,22,0,0
F2,base,449,qrs_out_1,0,0,0
F2,base,449,qrs_out_2,0,0,0
F2,base,450,qrs_out_0,22,0,0
F2,base,450,qrs_out_1,0,0,0
F2,base,450,qrs_out_2,0,0,0
F2,base,451,qrs_out_0,21,0,0
F2,base,451,qrs_out_1,0,0,0
F2,base,451,qrs_out_2,0,0,0
F2,base,452,qrs_out_0,19,0,0
F2,base,452,qrs_out_1,0,0,0
F2,base,452,qrs_out_2,0,0,0
F2,base,453,qrs_out_0,18,0,0
F2,base,453,qrs_out_1,0,0,0
F2,base,453,qrs_out_2,0,0,0
F2,base,454,qrs_out_0,14,0,0
F2,base,454,qrs_out_1,0,0,0
F2,base,454,qrs_out_2,0,0,0
F2,base,455,qrs_out_0,10,0,0
F2,base,455,qrs_out_1,0,0,0
F2,base,455,qrs_out_2,0,0,0
F2,base,456,qrs_out_0,9,0,0
F2,base,456,qrs_out_1,0,0,0
F2,base,456,qrs_out_2,0,0,0
F2,base,457,qrs_out_0,12,0,0
F2,base,457,qrs_out_1,0,0,0
F2,base,457,qrs_out_2,0,0,0
F2,base,458,qrs_out_0,23,0,0
F2,base,458,qrs_out_1,0,0,0
F2,base,458,qrs_out_2,0,0,0
F2,base,459,qrs_out_0,42,0,0
F2,base,459,qrs_out_1,0,0,0
F2,base,459,qrs_out_2,0,0,0
F2,base,460,qrs_out_0,69,0,0
F2,base,460,qrs_out_1,0,0,0
F2,base,460,qrs_out_2,0,0,0
F2,base,461,qrs_out_0,102,0,0
F2,base,461,qrs_out_1,0,0,0
F2,base,461,qrs_out_2,0,0,0
F2,base,462,qrs_out_0,143,0,0
F2,base,462,qrs_out_1,0,0,0
F2,base,462,qrs_out_2,0,0,0
F2,base,463,qrs_out_0,185,0,0
F2,base,463,qrs_out_1,0,0,0
F2,base,463,qrs_out_2,0,0,0
F2,base,464,qrs_out_0,231,0,0
F2,base,464,qrs_out_1,0,0,0
F2,base,464,qrs_out_2,0,0,0
F2,base,465,qrs_out_0,268,0,0
F2,base,465,qrs_out_1,0,0,0
F2,base,465,qrs_out_2,0,0,0
F2,base,466,qrs_out_0,285,0,0
F2,base,466,qrs_out_1,0,0,0
F2,base,466,qrs_out_2,0,0,0
F2,base,467,qrs_out_0,274,0,0
F2,base,467,qrs_out_1,0,0,0
F2,base,467,qrs_out_2,0,0,0
F2,base,468,qrs_out_0,237,0,0
F2,base,468,qrs_out_1,0,0,0
F2,base,468,qrs_out_2,0,0,0
F2,base,469,qrs_out_0,181,0,0
F2,base,469,qrs_out_1,0,0,0
F2,base,469,qrs_out_2,0,0,0
F2,base,470,qrs_out_0,122,0,0
F2,base,470,qrs_out_1,0,0,0
F2,base,470,qrs_out_2,0,0,0
F2,base,471,qrs_out_0,72,0,0
F2,base,471,qrs_out_1,0,0,0
F2,base,471,qrs_out_2,0,0,0
F2,base,472,qrs_out_0,39,0,0
F2,base,472,qrs_out_1,0,0,0
F2,base,472,qrs_out_2,0,0,0
F2,base,473,qrs_out_0,24,0,0
F2,base,473,qrs_out_1,0,0,0
F2,base,473,qrs_out_2,0,0,0
F2,base,474,qrs_out_0,26,0,0
F2,base,474,qrs_out_1,0,0,0
F2,base,474,qrs_out_2,0,0,0
F2,base,475,qrs_out_0,34,0,0
F2,base,475,qrs_out_1,0,0,0
F2,base,475,qrs_out_2,0,0,0
F2,base,476,qrs_out_0,41,0,0
F2,base,476,qrs_out_1,0,0,0
F2,base,476,qrs_out_2,0,0,0
F2,base,477,qrs_out_0,44,0,0
F2,base,477,qrs_out_1,0,0,0
F2,base,477,qrs_out_2,0,0,0
F2,base,478,qrs_out_0,47,0,0
F2,base,478,qrs_out_1,0,0,0
F2,base,478,qrs_out_2,0,0,0
F2,base,479,qrs_out_0,46,0,0
F2,base,479,qrs_out_1,5,0,0
F2,base,479,qrs_out_2,5,0,0
F2,base,480,qrs_out_0,44,0,0
F2,base,480,qrs_out_1,5,0,0
F2,base,480,qrs_out_2,5,0,0
F2,base,481,qrs_out_0,40,0,0
F2,base,481,qrs_out_1,5,0,0
F2,base,481,qrs_out_2,5,0,0
F2,base,482,qrs_out_0,35,0,0
F2,base,482,qrs_out_1,5,0,0
F2,base,482,qrs_out_2,5,0,0
F2,base,483,qrs_out_0,31,0,0
F2,base,483,qrs_out_1,5,0,0
F2,base,483,qrs_out_2,5,0,0
F2,base,484,qrs_out_0,30,0,0
F2,base,484,qrs_out_1,5,0,0
F2,base,484,qrs_out_2,5,0,0
F2,base,485,qrs_out_0,27,0,0
F2,base,485,qrs_out_1,5,0,0
F2,base,485,qrs_out_2,5,0,0
F2,base,486,qrs_out_0,24,0,0
F2,base,486,qrs_out_1,5,0,0
F2,base,486,qrs_out_2,5,0,0
F2,base,487,qrs_out_0,24,0,0
F2,base,487,qrs_out_1,5,0,0
F2,base,487,qrs_out_2,5,0,0
F2,base,488,qrs_out_0,22,0,0
F2,base,488,qrs_out_1,10,0,0
F2,base,488,qrs_out_2,10,0,0
F2,base,489,qrs_out_0,25,0,0
F2,base,489,qrs_out_1,10,0,0
F2,base,489,qrs_out_2,10,0,0
F2,base,490,qrs_out_0,28,0,0
F2,base,490,qrs_out_1,10,0,0
F2,base,490,qrs_out_2,10,0,0
F2,base,491,qrs_out_0,28,0,0
F2,base,491,qrs_out_1,10,0,0
F2,base,491,qrs_out_2,10,0,0
F2,base,492,qrs_out_0,29,0,0
F2,base,492,qrs_out_1,10,0,0
F2,base,492,qrs_out_2,10,0,0
F2,base,493,qrs_out_0,27,0,0
F2,base,493,qrs_out_1,10,0,0
F2,base,493,qrs_out_2,10,0,0
F2,base,494,qrs_out_0,28,0,0
F2,base,494,qrs_out_1,10,0,0
F2,base,494,qrs_out_2,10,0,0
F2,base,495,qrs_out_0,30,0,0
F2,base,495,qrs_out_1,10,0,0
F2,base,495,qrs_out_2,10,0,0
F2,base,496,qrs_out_0,29,0,0
F2,base,496,qrs_out_1,10,0,0
F2,base,496,qrs_out_2,10,0,0
F2,base,497,qrs_out_0,25,0,0
F2,base,497,qrs_out_1,10,0,0
F2,base,497,qrs_out_2,10,0,0
F2,base,498,qrs_out_0,23,0,0
F2,base,498,qrs_out_1,10,0,0
F2,base,498,qrs_out_2,10,0,0
F2,base,499,qrs_out_0,23,0,0
F2,base,499,qrs_out_1,10,0,0
F2,base,499,qrs_out_2,10,0,0
F2,base,500,qrs_out_0,21,0,0
F2,base,500,qrs_out_1,10,0,0
F2,base,500,qrs_out_2,10,0,0
F2,base,501,qrs_out_0,22,0,0
F2,base,501,qrs_out_1,10,0,0
F2,base,501,qrs_out_2,10,0,0
F2,base,502,qrs_out_0,24,0,0
F2,base,502,qrs_out_1,10,0,0
F2,base,502,qrs_out_2,10,0,0
F2,base,503,qrs_out_0,27,0,0
F2,base,503,qrs_out_1,10,0,0
F2,base,503,qrs_out_2,10,0,0
F2,base,504,qrs_out_0,27,0,0
F2,base,504,qrs_out_1,10,0,0
F2,base,504,qrs_out_2,10,0,0
F2,base,505,qrs_out_0,30,0,0
F2,base,505,qrs_out_1,10,0,0
F2,base,505,qrs_out_2,10,0,0
F2,base,506,qrs_out_0,29,0,0
F2,base,506,qrs_out_1,10,0,0
F2,base,506,qrs_out_2,10,0,0
F2,base,507,qrs_out_0,29,0,0
F2,base,507,qrs_out_1,5,0,0
F2,base,507,qrs_out_2,5,0,0
F2,base,508,qrs_out_0,28,0,0
F2,base,508,qrs_out_1,5,0,0
F2,base,508,qrs_out_2,5,0,0
F2,base,509,qrs_out_0,27,0,0
F2,base,509,qrs_out_1,5,0,0
F2,base,509,qrs_out_2,5,0,0
F2,base,510,qrs_out_0,27,0,0
F2,base,510,qrs_out_1,5,0,0
F2,base,510,qrs_out_2,5,0,0
F2,base,511,qrs_out_0,27,0,0
F2,base,511,qrs_out_1,5,0,0
F2,base,511,qrs_out_2,5,0,0
F2,base,512,qrs_out_0,26,0,0
F2,base,512,qrs_out_1,5,0,0
F2,base,512,qrs_out_2,5,0,0
F2,base,513,qrs_out_0,25,0,0
F2,base,513,qrs_out_1,5,0,0
F2,base,513,qrs_out_2,5,0,0
F2,base,514,qrs_out_0,26,0,0
F2,base,514,qrs_out_1,5,0,0
F2,base,514,qrs_out_2,5,0,0
F2,base,515,qrs_out_0,27,0,0
F2,base,515,qrs_out_1,5,0,0
F2,base,515,qrs_out_2,5,0,0
F2,base,516,qrs_out_0,30,0,0
F2,base,516,qrs_out_1,0,0,0
F2,base,516,qrs_out_2,0,0,0
F2,base,517,qrs_out_0,31,0,0
F2,base,517,qrs_out_1,0,0,0
F2,base,517,qrs_out_2,0,0,0
F2,base,518,qrs_out_0,30,0,0
F2,base,518,qrs_out_1,0,0,0
F2,base,518,qrs_out_2,0,0,0
F2,base,519,qrs_out_0,33,0,0
F2,base,519,qrs_out_1,0,0,0
F2,base,519,qrs_out_2,0,0,0
F2,base,520,qrs_out_0,33,0,0
F2,base,520,qrs_out_1,0,0,0
F2,base,520,qrs_out_2,0,0,0
F2,base,521,qrs_out_0,32,0,0
F2,base,521,qrs_out_1,0,0,0
F2,base,521,qrs_out_2,0,0,0
F2,base,522,qrs_out_0,30,0,0
F2,base,522,qrs_out_1,0,0,0
F2,base,522,qrs_out_2,0,0,0
F2,base,523,qrs_out_0,31,0,0
F2,base,523,qrs_out_1,0,0,0
F2,base,523,qrs_out_2,0,0,0
F2,base,524,qrs_out_0,29,0,0
F2,base,524,qrs_out_1,0,0,0
F2,base,524,qrs_out_2,0,0,0
F2,base,525,qrs_out_0,29,0,0
F2,base,525,qrs_out_1,0,0,0
F2,base,525,qrs_out_2,0,0,0
F2,base,526,qrs_out_0,27,0,0
F2,base,526,qrs_out_1,0,0,0
F2,base,526,qrs_out_2,0,0,0
F2,base,527,qrs_out_0,28,0,0
F2,base,527,qrs_out_1,0,0,0
F2,base,527,qrs_out_2,0,0,0
F2,base,528,qrs_out_0,29,0,0
F2,base,528,qrs_out_1,0,0,0
F2,base,528,qrs_out_2,0,0,0
F2,base,529,qrs_out_0,33,0,0
F2,base,529,qrs_out_1,0,0,0
F2,base,529,qrs_out_2,0,0,0
F2,base,530,qrs_out_0,36,0,0
F2,base,530,qrs_out_1,0,0,0
F2,base,530,qrs_out_2,0,0,0
F2,base,531,qrs_out_0,37,0,0
F2,base,531,qrs_out_1,0,0,0
F2,base,531,qrs_out_2,0,0,0
F2,base,532,qrs_out_0,39,0,0
F2,base,532,qrs_out_1,0,0,0
F2,base,532,qrs_out_2,0,0,0
F2,base,533,qrs_out_0,37,0,0
F2,base,533,qrs_out_1,0,0,0
F2,base,533,qrs_out_2,0,0,0
F2,base,534,qrs_out_0,37,0,0
F2,base,534,qrs_out_1,0,0,0
F2,base,534,qrs_out_2,0,0,0
F2,base,535,qrs_out_0,34,0,0
F2,base,535,qrs_out_1,0,0,0
F2,base,535,qrs_out_2,0,0,0
F2,base,536,qrs_out_0,33,0,0
F2,base,536,qrs_out_1,0,0,0
F2,base,536,qrs_out_2,0,0,0
F2,base,537,qrs_out_0,32,0,0
F2,base,537,qrs_out_1,0,0,0
F2,base,537,qrs_out_2,0,0,0
F2,base,538,qrs_out_0,33,0,0
F2,base,538,qrs_out_1,0,0,0
F2,base,538,qrs_out_2,0,0,0
F2,base,539,qrs_out_0,32,0,0
F2,base,539,qrs_out_1,0,0,0
F2,base,539,qrs_out_2,0,0,0
F2,base,540,qrs_out_0,33,0,0
F2,base,540,qrs_out_1,0,0,0
F2,base,540,qrs_out_2,0,0,0
F2,base,541,qrs_out_0,33,0,0
F2,base,541,qrs_out_1,0,0,0
F2,base,541,qrs_out_2,0,0,0
F2,base,542,qrs_out_0,34,0,0
F2,base,542,qrs_out_1,0,0,0
F2,base,542,qrs_out_2,0,0,0
F2,base,543,qrs_out_0,37,0,0
F2,base,543,qrs_out_1,0,0,0
F2,base,543,qrs_out_2,0,0,0
F2,base,544,qrs_out_0,38,0,0
F2,base,544,qrs_out_1,0,0,0
F2,base,544,qrs_out_2,0,0,0
F2,base,545,qrs_out_0,37,0,0
F2,base,545,qrs_out_1,0,0,0
F2,base,545,qrs_out_2,0,0,0
F2,base,546,qrs_out_0,37,0,0
F2,base,546,qrs_out_1,0,0,0
F2,base,546,qrs_out_2,0,0,0
F2,base,547,qrs_out_0,35,0,0
F2,base,547,qrs_out_1,0,0,0
F2,base,547,qrs_out_2,0,0,0
F2,base,548,qrs_out_0,35,0,0
F2,base,548,qrs_out_1,0,0,0
F2,base,548,qrs_out_2,0,0,0
F2,base,549,qrs_out_0,34,0,0
F2,base,549,qrs_out_1,0,0,0
F2,base,549,qrs_out_2,0,0,0
F2,base,550,qrs_out_0,35,0,0
F2,base,550,qrs_out_1,0,0,0
F2,base,550,qrs_out_2,0,0,0
F2,base,551,qrs_out_0,36,0,0
F2,base,551,qrs_out_1,0,0,0
F2,base,551,qrs_out_2,0,0,0
F2,base,552,qrs_out_0,37,0,0
F2,base,552,qrs_out_1,0,0,0
F2,base,552,qrs_out_2,0,0,0
F2,base,553,qrs_out_0,36,0,0
F2,base,553,qrs_out_1,0,0,0
F2,base,553,qrs_out_2,0,0,0
F2,base,554,qrs_out_0,37,0,0
F2,base,554,qrs_out_1,0,0,0
F2,base,554,qrs_out_2,0,0,0
F2,base,555,qrs_out_0,40,0,0
F2,base,555,qrs_out_1,0,0,0
F2,base,555,qrs_out_2,0,0,0
F2,base,556,qrs_out_0,39,0,0
F2,base,556,qrs_out_1,0,0,0
F2,base,556,qrs_out_2,0,0,0
F2,base,557,qrs_out_0,37,0,0
F2,base,557,qrs_out_1,0,0,0
F2,base,557,qrs_out_2,0,0,0
F2,base,558,qrs_out_0,38,0,0
F2,base,558,qrs_out_1,0,0,0
F2,base,558,qrs_out_2,0,0,0
F2,base,559,qrs_out_0,37,0,0
F2,base,559,qrs_out_1,0,0,0
F2,base,559,qrs_out_2,0,0,0
F2,base,560,qrs_out_0,39,0,0
F2,base,560,qrs_out_1,0,0,0
F2,base,560,qrs_out_2,0,0,0
F2,base,561,qrs_out_0,42,0,0
F2,base,561,qrs_out_1,0,0,0
F2,base,561,qrs_out_2,0,0,0
F2,base,562,qrs_out_0,47,0,0
F2,base,562,qrs_out_1,0,0,0
F2,base,562,qrs_out_2,0,0,0
F2,base,563,qrs_out_0,49,0,0
F2,base,563,qrs_out_1,0,0,0
F2,base,563,qrs_out_2,0,0,0
F2,base,564,qrs_out_0,52,0,0
F2,base,564,qrs_out_1,0,0,0
F2,base,564,qrs_out_2,0,0,0
F2,base,565,qrs_out_0,55,0,0
F2,base,565,qrs_out_1,0,0,0
F2,base,565,qrs_out_2,0,0,0
F2,base,566,qrs_out_0,56,0,0
F2,base,566,qrs_out_1,0,0,0
F2,base,566,qrs_out_2,0,0,0
F2,base,567,qrs_out_0,56,0,0
F2,base,567,qrs_out_1,0,0,0
F2,base,567,qrs_out_2,0,0,0
F2,base,568,qrs_out_0,54,0,0
F2,base,568,qrs_out_1,0,0,0
F2,base,568,qrs_out_2,0,0,0
F2,base,569,qrs_out_0,55,0,0
F2,base,569,qrs_out_1,0,0,0
F2,base,569,qrs_out_2,0,0,0
F2,base,570,qrs_out_0,52,0,0
F2,base,570,qrs_out_1,0,0,0
F2,base,570,qrs_out_2,0,0,0
F2,base,571,qrs_out_0,51,0,0
F2,base,571,qrs_out_1,0,0,0
F2,base,571,qrs_out_2,0,0,0
F2,base,572,qrs_out_0,50,0,0
F2,base,572,qrs_out_1,0,0,0
F2,base,572,qrs_out_2,0,0,0
F2,base,573,qrs_out_0,47,0,0
F2,base,573,qrs_out_1,0,0,0
F2,base,573,qrs_out_2,0,0,0
F2,base,574,qrs_out_0,48,0,0
F2,base,574,qrs_out_1,0,0,0
F2,base,574,qrs_out_2,0,0,0
F2,base,575,qrs_out_0,51,0,0
F2,base,575,qrs_out_1,0,0,0
F2,base,575,qrs_out_2,0,0,0
F2,base,576,qrs_out_0,50,0,0
F2,base,576,qrs_out_1,0,0,0
F2,base,576,qrs_out_2,0,0,0
F2,base,577,qrs_out_0,51,0,0
F2,base,577,qrs_out_1,0,0,0
F2,base,577,qrs_out_2,0,0,0
F2,base,578,qrs_out_0,50,0,0
F2,base,578,qrs_out_1,0,0,0
F2,base,578,qrs_out_2,0,0,0
F2,base,579,qrs_out_0,49,0,0
F2,base,579,qrs_out_1,0,0,0
F2,base,579,qrs_out_2,0,0,0
F2,base,580,qrs_out_0,46,0,0
F2,base,580,qrs_out_1,0,0,0
F2,base,580,qrs_out_2,0,0,0
F2,base,581,qrs_out_0,44,0,0
F2,base,581,qrs_out_1,0,0,0
F2,base,581,qrs_out_2,0,0,0
F2,base,582,qrs_out_0,41,0,0
F2,base,582,qrs_out_1,0,0,0
F2,base,582,qrs_out_2,0,0,0
F2,base,583,qrs_out_0,40,0,0
F2,base,583,qrs_out_1,0,0,0
F2,base,583,qrs_out_2,0,0,0
F2,base,584,qrs_out_0,39,0,0
F2,base,584,qrs_out_1,0,0,0
F2,base,584,qrs_out_2,0,0,0
F2,base,585,qrs_out_0,38,0,0
F2,base,585,qrs_out_1,0,0,0
F2,base,585,qrs_out_2,0,0,0
F2,base,586,qrs_out_0,38,0,0
F2,base,586,qrs_out_1,0,0,0
F2,base,586,qrs_out_2,0,0,0
F2,base,587,qrs_out_0,37,0,0
F2,base,587,qrs_out_1,0,0,0
F2,base,587,qrs_out_2,0,0,0
F2,base,588,qrs_out_0,39,0,0
F2,base,588,qrs_out_1,0,0,0
F2,base,588,qrs_out_2,0,0,0
F2,base,589,qrs_out_0,40,0,0
F2,base,589,qrs_out_1,0,0,0
F2,base,589,qrs_out_2,0,0,0
F2,base,590,qrs_out_0,38,0,0
F2,base,590,qrs_out_1,0,0,0
F2,base,590,qrs_out_2,0,0,0
F2,base,591,qrs_out_0,35,0,0
F2,base,591,qrs_out_1,0,0,0
F2,base,591,qrs_out_2,0,0,0
F2,base,592,qrs_out_0,35,0,0
F2,base,592,qrs_out_1,0,0,0
F2,base,592,qrs_out_2,0,0,0
F2,base,593,qrs_out_0,34,0,0
F2,base,593,qrs_out_1,0,0,0
F2,base,593,qrs_out_2,0,0,0
F2,base,594,qrs_out_0,34,0,0
F2,base,594,qrs_out_1,0,0,0
F2,base,594,qrs_out_2,0,0,0
F2,base,595,qrs_out_0,33,0,0
F2,base,595,qrs_out_1,0,0,0
F2,base,595,qrs_out_2,0,0,0
F2,base,596,qrs_out_0,31,0,0
F2,base,596,qrs_out_1,0,0,0
F2,base,596,qrs_out_2,0,0,0
F2,base,597,qrs_out_0,31,0,0
F2,base,597,qrs_out_1,0,0,0
F2,base,597,qrs_out_2,0,0,0
F2,base,598,qrs_out_0,33,0,0
F2,base,598,qrs_out_1,0,0,0
F2,base,598,qrs_out_2,0,0,0
F2,base,599,qrs_out_0,32,0,0
F2,base,599,qrs_out_1,0,0,0
F2,base,599,qrs_out_2,0,0,0
F2,base,600,qrs_out_0,33,0,0
F2,base,600,qrs_out_1,0,0,0
F2,base,600,qrs_out_2,0,0,0
F2,base,601,qrs_out_0,36,0,0
F2,base,601,qrs_out_1,0,0,0
F2,base,601,qrs_out_2,0,0,0
F2,base,602,qrs_out_0,34,0,0
F2,base,602,qrs_out_1,0,0,0
F2,base,602,qrs_out_2,0,0,0
F2,base,603,qrs_out_0,36,0,0
F2,base,603,qrs_out_1,0,0,0
F2,base,603,qrs_out_2,0,0,0
F2,base,604,qrs_out_0,35,0,0
F2,base,604,qrs_out_1,0,0,0
F2,base,604,qrs_out_2,0,0,0
F2,base,605,qrs_out_0,32,0,0
F2,base,605,qrs_out_1,0,0,0
F2,base,605,qrs_out_2,0,0,0
F2,base,606,qrs_out_0,32,0,0
F2,base,606,qrs_out_1,0,0,0
F2,base,606,qrs_out_2,0,0,0
F2,base,607,qrs_out_0,29,0,0
F2,base,607,qrs_out_1,0,0,0
F2,base,607,qrs_out_2,0,0,0
F2,base,608,qrs_out_0,30,0,0
F2,base,608,qrs_out_1,0,0,0
F2,base,608,qrs_out_2,0,0,0
F2,base,609,qrs_out_0,28,0,0
F2,base,609,qrs_out_1,0,0,0
F2,base,609,qrs_out_2,0,0,0
F2,base,610,qrs_out_0,29,0,0
F2,base,610,qrs_out_1,0,0,0
F2,base,610,qrs_out_2,0,0,0
F2,base,611,qrs_out_0,30,0,0
F2,base,611,qrs_out_1,0,0,0
F2,base,611,qrs_out_2,0,0,0
F2,base,612,qrs_out_0,31,0,0
F2,base,612,qrs_out_1,0,0,0
F2,base,612,qrs_out_2,0,0,0
F2,base,613,qrs_out_0,32,0,0
F2,base,613,qrs_out_1,0,0,0
F2,base,613,qrs_out_2,0,0,0
F2,base,614,qrs_out_0,32,0,0
F2,base,614,qrs_out_1,0,0,0
F2,base,614,qrs_out_2,0,0,0
F2,base,615,qrs_out_0,32,0,0
F2,base,615,qrs_out_1,0,0,0
F2,base,615,qrs_out_2,0,0,0
F2,base,616,qrs_out_0,30,0,0
F2,base,616,qrs_out_1,0,0,0
F2,base,616,qrs_out_2,0,0,0
F2,base,617,qrs_out_0,30,0,0
F2,base,617,qrs_out_1,0,0,0
F2,base,617,qrs_out_2,0,0,0
F2,base,618,qrs_out_0,28,0,0
F2,base,618,qrs_out_1,0,0,0
F2,base,618,qrs_out_2,0,0,0
F2,base,619,qrs_out_0,24,0,0
F2,base,619,qrs_out_1,0,0,0
F2,base,619,qrs_out_2,0,0,0
F2,base,620,qrs_out_0,22,0,0
F2,base,620,qrs_out_1,0,0,0
F2,base,620,qrs_out_2,0,0,0
F2,base,621,qrs_out_0,20,0,0
F2,base,621,qrs_out_1,0,0,0
F2,base,621,qrs_out_2,0,0,0
F2,base,622,qrs_out_0,22,0,0
F2,base,622,qrs_out_1,0,0,0
F2,base,622,qrs_out_2,0,0,0
F2,base,623,qrs_out_0,26,0,0
F2,base,623,qrs_out_1,0,0,0
F2,base,623,qrs_out_2,0,0,0
F2,base,624,qrs_out_0,28,0,0
F2,base,624,qrs_out_1,0,0,0
F2,base,624,qrs_out_2,0,0,0
F2,base,625,qrs_out_0,31,0,0
F2,base,625,qrs_out_1,0,0,0
F2,base,625,qrs_out_2,0,0,0
F2,base,626,qrs_out_0,31,0,0
F2,base,626,qrs_out_1,0,0,0
F2,base,626,qrs_out_2,0,0,0
F2,base,627,qrs_out_0,31,0,0
F2,base,627,qrs_out_1,0,0,0
F2,base,627,qrs_out_2,0,0,0
F2,base,628,qrs_out_0,31,0,0
F2,base,628,qrs_out_1,0,0,0
F2,base,628,qrs_out_2,0,0,0
F2,base,629,qrs_out_0,26,0,0
F2,base,629,qrs_out_1,0,0,0
F2,base,629,qrs_out_2,0,0,0
F2,base,630,qrs_out_0,26,0,0
F2,base,630,qrs_out_1,0,0,0
F2,base,630,qrs_out_2,0,0,0
F2,base,631,qrs_out_0,24,0,0
F2,base,631,qrs_out_1,0,0,0
F2,base,631,qrs_out_2,0,0,0
F2,base,632,qrs_out_0,25,0,0
F2,base,632,qrs_out_1,0,0,0
F2,base,632,qrs_out_2,0,0,0
F2,base,633,qrs_out_0,26,0,0
F2,base,633,qrs_out_1,0,0,0
F2,base,633,qrs_out_2,0,0,0
F2,base,634,qrs_out_0,27,0,0
F2,base,634,qrs_out_1,0,0,0
F2,base,634,qrs_out_2,0,0,0
F2,base,635,qrs_out_0,28,0,0
F2,base,635,qrs_out_1,0,0,0
F2,base,635,qrs_out_2,0,0,0
F2,base,636,qrs_out_0,29,0,0
F2,base,636,qrs_out_1,0,0,0
F2,base,636,qrs_out_2,0,0,0
F2,base,637,qrs_out_0,30,0,0
F2,base,637,qrs_out_1,0,0,0
F2,base,637,qrs_out_2,0,0,0
F2,base,638,qrs_out_0,28,0,0
F2,base,638,qrs_out_1,0,0,0
F2,base,638,qrs_out_2,0,0,0
F2,base,639,qrs_out_0,29,0,0
F2,base,639,qrs_out_1,0,0,0
F2,base,639,qrs_out_2,0,0,0
F2,base,640,qrs_out_0,28,0,0
F2,base,640,qrs_out_1,0,0,0
F2,base,640,qrs_out_2,0,0,0
F2,base,641,qrs_out_0,25,0,0
F2,base,641,qrs_out_1,0,0,0
F2,base,641,qrs_out_2,0,0,0
F2,base,642,qrs_out_0,26,0,0
F2,base,642,qrs_out_1,0,0,0
F2,base,642,qrs_out_2,0,0,0
F2,base,643,qrs_out_0,23,0,0
F2,base,643,qrs_out_1,0,0,0
F2,base,643,qrs_out_2,0,0,0
F2,base,644,qrs_out_0,26,0,0
F2,base,644,qrs_out_1,0,0,0
F2,base,644,qrs_out_2,0,0,0
F2,base,645,qrs_out_0,26,0,0
F2,base,645,qrs_out_1,0,0,0
F2,base,645,qrs_out_2,0,0,0
F2,base,646,qrs_out_0,30,0,0
F2,base,646,qrs_out_1,0,0,0
F2,base,646,qrs_out_2,0,0,0
F2,base,647,qrs_out_0,31,0,0
F2,base,647,qrs_out_1,0,0,0
F2,base,647,qrs_out_2,0,0,0
F2,base,648,qrs_out_0,33,0,0
F2,base,648,qrs_out_1,0,0,0
F2,base,648,qrs_out_2,0,0,0
F2,base,649,qrs_out_0,34,0,0
F2,base,649,qrs_out_1,0,0,0
F2,base,649,qrs_out_2,0,0,0
F2,base,650,qrs_out_0,35,0,0
F2,base,650,qrs_out_1,0,0,0
F2,base,650,qrs_out_2,0,0,0
F2,base,651,qrs_out_0,36,0,0
F2,base,651,qrs_out_1,0,0,0
F2,base,651,qrs_out_2,0,0,0
F2,base,652,qrs_out_0,38,0,0
F2,base,652,qrs_out_1,0,0,0
F2,base,652,qrs_out_2,0,0,0
F2,base,653,qrs_out_0,37,0,0
F2,base,653,qrs_out_1,0,0,0
F2,base,653,qrs_out_2,0,0,0
F2,base,654,qrs_out_0,38,0,0
F2,base,654,qrs_out_1,0,0,0
F2,base,654,qrs_out_2,0,0,0
F2,base,655,qrs_out_0,41,0,0
F2,base,655,qrs_out_1,0,0,0
F2,base,655,qrs_out_2,0,0,0
F2,base,656,qrs_out_0,41,0,0
F2,base,656,qrs_out_1,0,0,0
F2,base,656,qrs_out_2,0,0,0
F2,base,657,qrs_out_0,40,0,0
F2,base,657,qrs_out_1,0,0,0
F2,base,657,qrs_out_2,0,0,0
F2,base,658,qrs_out_0,42,0,0
F2,base,658,qrs_out_1,0,0,0
F2,base,658,qrs_out_2,0,0,0
F2,base,659,qrs_out_0,40,0,0
F2,base,659,qrs_out_1,0,0,0
F2,base,659,qrs_out_2,0,0,0
F2,base,660,qrs_out_0,38,0,0
F2,base,660,qrs_out_1,0,0,0
F2,base,660,qrs_out_2,0,0,0
F2,base,661,qrs_out_0,38,0,0
F2,base,661,qrs_out_1,0,0,0
F2,base,661,qrs_out_2,0,0,0
F2,base,662,qrs_out_0,36,0,0
F2,base,662,qrs_out_1,0,0,0
F2,base,662,qrs_out_2,0,0,0
F2,base,663,qrs_out_0,37,0,0
F2,base,663,qrs_out_1,0,0,0
F2,base,663,qrs_out_2,0,0,0
F2,base,664,qrs_out_0,33,0,0
F2,base,664,qrs_out_1,0,0,0
F2,base,664,qrs_out_2,0,0,0
F2,base,665,qrs_out_0,35,0,0
F2,base,665,qrs_out_1,0,0,0
F2,base,665,qrs_out_2,0,0,0
F2,base,666,qrs_out_0,35,0,0
F2,base,666,qrs_out_1,0,0,0
F2,base,666,qrs_out_2,0,0,0
F2,base,667,qrs_out_0,31,0,0
F2,base,667,qrs_out_1,0,0,0
F2,base,667,qrs_out_2,0,0,0
F2,base,668,qrs_out_0,29,0,0
F2,base,668,qrs_out_1,0,0,0
F2,base,668,qrs_out_2,0,0,0
F2,base,669,qrs_out_0,26,0,0
F2,base,669,qrs_out_1,0,0,0
F2,base,669,qrs_out_2,0,0,0
F2,base,670,qrs_out_0,26,0,0
F2,base,670,qrs_out_1,0,0,0
F2,base,670,qrs_out_2,0,0,0
F2,base,671,qrs_out_0,25,0,0
F2,base,671,qrs_out_1,0,0,0
F2,base,671,qrs_out_2,0,0,0
F2,base,672,qrs_out_0,26,0,0
F2,base,672,qrs_out_1,0,0,0
F2,base,672,qrs_out_2,0,0,0
F2,base,673,qrs_out_0,27,0,0
F2,base,673,qrs_out_1,0,0,0
F2,base,673,qrs_out_2,0,0,0
F2,base,674,qrs_out_0,26,0,0
F2,base,674,qrs_out_1,0,0,0
F2,base,674,qrs_out_2,0,0,0
F2,base,675,qrs_out_0,24,0,0
F2,base,675,qrs_out_1,0,0,0
F2,base,675,qrs_out_2,0,0,0
F2,base,676,qrs_out_0,24,0,0
F2,base,676,qrs_out_1,0,0,0
F2,base,676,qrs_out_2,0,0,0
F2,base,677,qrs_out_0,21,0,0
F2,base,677,qrs_out_1,0,0,0
F2,base,677,qrs_out_2,0,0,0
F2,base,678,qrs_out_0,20,0,0
F2,base,678,qrs_out_1,0,0,0
F2,base,678,qrs_out_2,0,0,0
F2,base,679,qrs_out_0,17,0,0
F2,base,679,qrs_out_1,0,0,0
F2,base,679,qrs_out_2,0,0,0
F2,base,680,qrs_out_0,16,0,0
F2,base,680,qrs_out_1,0,0,0
F2,base,680,qrs_out_2,0,0,0
F2,base,681,qrs_out_0,15,0,0
F2,base,681,qrs_out_1,0,0,0
F2,base,681,qrs_out_2,0,0,0
F2,base,682,qrs_out_0,16,0,0
F2,base,682,qrs_out_1,0,0,0
F2,base,682,qrs_out_2,0,0,0
F2,base,683,qrs_out_0,18,0,0
F2,base,683,qrs_out_1,0,0,0
F2,base,683,qrs_out_2,0,0,0
F2,base,684,qrs_out_0,17,0,0
F2,base,684,qrs_out_1,0,0,0
F2,base,684,qrs_out_2,0,0,0
F2,base,685,qrs_out_0,18,0,0
F2,base,685,qrs_out_1,0,0,0
F2,base,685,qrs_out_2,0,0,0
F2,base,686,qrs_out_0,20,0,0
F2,base,686,qrs_out_1,0,0,0
F2,base,686,qrs_out_2,0,0,0
F2,base,687,qrs_out_0,21,0,0
F2,base,687,qrs_out_1,0,0,0
F2,base,687,qrs_out_2,0,0,0
F2,base,688,qrs_out_0,23,0,0
F2,base,688,qrs_out_1,0,0,0
F2,base,688,qrs_out_2,0,0,0
F2,base,689,qrs_out_0,20,0,0
F2,base,689,qrs_out_1,0,0,0
F2,base,689,qrs_out_2,0,0,0
F2,base,690,qrs_out_0,19,0,0
F2,base,690,qrs_out_1,0,0,0
F2,base,690,qrs_out_2,0,0,0
F2,base,691,qrs_out_0,18,0,0
F2,base,691,qrs_out_1,0,0,0
F2,base,691,qrs_out_2,0,0,0
F2,base,692,qrs_out_0,16,0,0
F2,base,692,qrs_out_1,0,0,0
F2,base,692,qrs_out_2,0,0,0
F2,base,693,qrs_out_0,16,0,0
F2,base,693,qrs_out_1,0,0,0
F2,base,693,qrs_out_2,0,0,0
F2,base,694,qrs_out_0,14,0,0
F2,base,694,qrs_out_1,0,0,0
F2,base,694,qrs_out_2,0,0,0
F2,base,695,qrs_out_0,12,0,0
F2,base,695,qrs_out_1,0,0,0
F2,base,695,qrs_out_2,0,0,0
F2,base,696,qrs_out_0,9,0,0
F2,base,696,qrs_out_1,0,0,0
F2,base,696,qrs_out_2,0,0,0
F2,base,697,qrs_out_0,8,0,0
F2,base,697,qrs_out_1,0,0,0
F2,base,697,qrs_out_2,0,0,0
F2,base,698,qrs_out_0,13,0,0
F2,base,698,qrs_out_1,0,0,0
F2,base,698,qrs_out_2,0,0,0
F2,base,699,qrs_out_0,28,0,0
F2,base,699,qrs_out_1,0,0,0
F2,base,699,qrs_out_2,0,0,0
F2,base,700,qrs_out_0,52,0,0
F2,base,700,qrs_out_1,0,0,0
F2,base,700,qrs_out_2,0,0,0
F2,base,701,qrs_out_0,81,0,0
F2,base,701,qrs_out_1,0,0,0
F2,base,701,qrs_out_2,0,0,0
F2,base,702,qrs_out_0,118,0,0
F2,base,702,qrs_out_1,0,0,0
F2,base,702,qrs_out_2,0,0,0
F2,base,703,qrs_out_0,163,0,0
F2,base,703,qrs_out_1,0,0,0
F2,base,703,qrs_out_2,0,0,0
F2,base,704,qrs_out_0,212,0,0
F2,base,704,qrs_out_1,0,0,0
F2,base,704,qrs_out_2,0,0,0
F2,base,705,qrs_out_0,254,0,0
F2,base,705,qrs_out_1,0,0,0
F2,base,705,qrs_out_2,0,0,0
F2,base,706,qrs_out_0,284,0,0
F2,base,706,qrs_out_1,0,0,0
F2,base,706,qrs_out_2,0,0,0
F2,base,707,qrs_out_0,288,0,0
F2,base,707,qrs_out_1,0,0,0
F2,base,707,qrs_out_2,0,0,0
F2,base,708,qrs_out_0,262,0,0
F2,base,708,qrs_out_1,0,0,0
F2,base,708,qrs_out_2,0,0,0
F2,base,709,qrs_out_0,210,0,0
F2,base,709,qrs_out_1,0,0,0
F2,base,709,qrs_out_2,0,0,0
F2,base,710,qrs_out_0,145,0,0
F2,base,710,qrs_out_1,0,0,0
F2,base,710,qrs_out_2,0,0,0
F2,base,711,qrs_out_0,81,0,0
F2,base,711,qrs_out_1,0,0,0
F2,base,711,qrs_out_2,0,0,0
F2,base,712,qrs_out_0,35,0,0
F2,base,712,qrs_out_1,0,0,0
F2,base,712,qrs_out_2,0,0,0
F2,base,713,qrs_out_0,13,0,0
F2,base,713,qrs_out_1,0,0,0
F2,base,713,qrs_out_2,0,0,0
F2,base,714,qrs_out_0,8,0,0
F2,base,714,qrs_out_1,0,0,0
F2,base,714,qrs_out_2,0,0,0
F2,base,715,qrs_out_0,18,0,0
F2,base,715,qrs_out_1,0,0,0
F2,base,715,qrs_out_2,0,0,0
F2,base,716,qrs_out_0,27,0,0
F2,base,716,qrs_out_1,0,0,0
F2,base,716,qrs_out_2,0,0,0
F2,base,717,qrs_out_0,35,0,0
F2,base,717,qrs_out_1,0,0,0
F2,base,717,qrs_out_2,0,0,0
F2,base,718,qrs_out_0,38,0,0
F2,base,718,qrs_out_1,0,0,0
F2,base,718,qrs_out_2,0,0,0
F2,base,719,qrs_out_0,40,0,0
F2,base,719,qrs_out_1,5,0,0
F2,base,719,qrs_out_2,5,0,0
F2,base,720,qrs_out_0,39,0,0
F2,base,720,qrs_out_1,5,0,0
F2,base,720,qrs_out_2,5,0,0
F2,base,721,qrs_out_0,38,0,0
F2,base,721,qrs_out_1,5,0,0
F2,base,721,qrs_out_2,5,0,0
F2,base,722,qrs_out_0,35,0,0
F2,base,722,qrs_out_1,5,0,0
F2,base,722,qrs_out_2,5,0,0
F2,base,723,qrs_out_0,32,0,0
F2,base,723,qrs_out_1,5,0,0
F2,base,723,qrs_out_2,5,0,0
F2,base,724,qrs_out_0,29,0,0
F2,base,724,qrs_out_1,5,0,0
F2,base,724,qrs_out_2,5,0,0
F2,base,725,qrs_out_0,27,0,0
F2,base,725,qrs_out_1,5,0,0
F2,base,725,qrs_out_2,5,0,0
F2,base,726,qrs_out_0,24,0,0
F2,base,726,qrs_out_1,5,0,0
F2,base,726,qrs_out_2,5,0,0
F2,base,727,qrs_out_0,23,0,0
F2,base,727,qrs_out_1,5,0,0
F2,base,727,qrs_out_2,5,0,0
F2,base,728,qrs_out_0,22,0,0
F2,base,728,qrs_out_1,10,0,0
F2,base,728,qrs_out_2,10,0,0
F2,base,729,qrs_out_0,21,0,0
F2,base,729,qrs_out_1,10,0,0
F2,base,729,qrs_out_2,10,0,0
F2,base,730,qrs_out_0,20,0,0
F2,base,730,qrs_out_1,10,0,0
F2,base,730,qrs_out_2,10,0,0
F2,base,731,qrs_out_0,22,0,0
F2,base,731,qrs_out_1,10,0,0
F2,base,731,qrs_out_2,10,0,0
F2,base,732,qrs_out_0,23,0,0
F2,base,732,qrs_out_1,10,0,0
F2,base,732,qrs_out_2,10,0,0
F2,base,733,qrs_out_0,24,0,0
F2,base,733,qrs_out_1,10,0,0
F2,base,733,qrs_out_2,10,0,0
F2,base,734,qrs_out_0,25,0,0
F2,base,734,qrs_out_1,10,0,0
F2,base,734,qrs_out_2,10,0,0
F2,base,735,qrs_out_0,25,0,0
F2,base,735,qrs_out_1,10,0,0
F2,base,735,qrs_out_2,10,0,0
F2,base,736,qrs_out_0,25,0,0
F2,base,736,qrs_out_1,10,0,0
F2,base,736,qrs_out_2,10,0,0
F2,base,737,qrs_out_0,24,0,0
F2,base,737,qrs_out_1,10,0,0
F2,base,737,qrs_out_2,10,0,0
F2,base,738,qrs_out_0,23,0,0
F2,base,738,qrs_out_1,10,0,0
F2,base,738,qrs_out_2,10,0,0
F2,base,739,qrs_out_0,22,0,0
F2,base,739,qrs_out_1,10,0,0
F2,base,739,qrs_out_2,10,0,0
F2,base,740,qrs_out_0,23,0,0
F2,base,740,qrs_out_1,10,0,0
F2,base,740,qrs_out_2,10,0,0
F2,base,741,qrs_out_0,21,0,0
F2,base,741,qrs_out_1,10,0,0
F2,base,741,qrs_out_2,10,0,0
F2,base,742,qrs_out_0,19,0,0
F2,base,742,qrs_out_1,10,0,0
F2,base,742,qrs_out_2,10,0,0
F2,base,743,qrs_out_0,21,0,0
F2,base,743,qrs_out_1,10,0,0
F2,base,743,qrs_out_2,10,0,0
F2,base,744,qrs_out_0,22,0,0
F2,base,744,qrs_out_1,10,0,0
F2,base,744,qrs_out_2,10,0,0
F2,base,745,qrs_out_0,22,0,0
F2,base,745,qrs_out_1,10,0,0
F2,base,745,qrs_out_2,10,0,0
F2,base,746,qrs_out_0,24,0,0
F2,base,746,qrs_out_1,10,0,0
F2,base,746,qrs_out_2,10,0,0
F2,base,747,qrs_out_0,26,0,0
F2,base,747,qrs_out_1,10,0,0
F2,base,747,qrs_out_2,10,0,0
F2,base,748,qrs_out_0,24,0,0
F2,base,748,qrs_out_1,5,0,0
F2,base,748,qrs_out_2,5,0,0
F2,base,749,qrs_out_0,24,0,0
F2,base,749,qrs_out_1,5,0,0
F2,base,749,qrs_out_2,5,0,0
F2,base,750,qrs_out_0,25,0,0
F2,base,750,qrs_out_1,5,0,0
F2,base,750,qrs_out_2,5,0,0
F2,base,751,qrs_out_0,22,0,0
F2,base,751,qrs_out_1,5,0,0
F2,base,751,qrs_out_2,5,0,0
F2,base,752,qrs_out_0,24,0,0
F2,base,752,qrs_out_1,5,0,0
F2,base,752,qrs_out_2,5,0,0
F2,base,753,qrs_out_0,23,0,0
F2,base,753,qrs_out_1,5,0,0
F2,base,753,qrs_out_2,5,0,0
F2,base,754,qrs_out_0,25,0,0
F2,base,754,qrs_out_1,5,0,0
F2,base,754,qrs_out_2,5,0,0
F2,base,755,qrs_out_0,25,0,0
F2,base,755,qrs_out_1,5,0,0
F2,base,755,qrs_out_2,5,0,0
F2,base,756,qrs_out_0,25,0,0
F2,base,756,qrs_out_1,5,0,0
F2,base,756,qrs_out_2,5,0,0
F2,base,757,qrs_out_0,27,0,0
F2,base,757,qrs_out_1,0,0,0
F2,base,757,qrs_out_2,0,0,0
F2,base,758,qrs_out_0,29,0,0
F2,base,758,qrs_out_1,0,0,0
F2,base,758,qrs_out_2,0,0,0
F2,base,759,qrs_out_0,29,0,0
F2,base,759,qrs_out_1,0,0,0
F2,base,759,qrs_out_2,0,0,0
F2,base,760,qrs_out_0,29,0,0
F2,base,760,qrs_out_1,0,0,0
F2,base,760,qrs_out_2,0,0,0
F2,base,761,qrs_out_0,28,0,0
F2,base,761,qrs_out_1,0,0,0
F2,base,761,qrs_out_2,0,0,0
F2,base,762,qrs_out_0,30,0,0
F2,base,762,qrs_out_1,0,0,0
F2,base,762,qrs_out_2,0,0,0
F2,base,763,qrs_out_0,28,0,0
F2,base,763,qrs_out_1,0,0,0
F2,base,763,qrs_out_2,0,0,0
F2,base,764,qrs_out_0,27,0,0
F2,base,764,qrs_out_1,0,0,0
F2,base,764,qrs_out_2,0,0,0
F2,base,765,qrs_out_0,28,0,0
F2,base,765,qrs_out_1,0,0,0
F2,base,765,qrs_out_2,0,0,0
F2,base,766,qrs_out_0,25,0,0
F2,base,766,qrs_out_1,0,0,0
F2,base,766,qrs_out_2,0,0,0
F2,base,767,qrs_out_0,25,0,0
F2,base,767,qrs_out_1,0,0,0
F2,base,767,qrs_out_2,0,0,0
F2,base,768,qrs_out_0,29,0,0
F2,base,768,qrs_out_1,0,0,0
F2,base,768,qrs_out_2,0,0,0
F2,base,769,qrs_out_0,30,0,0
F2,base,769,qrs_out_1,0,0,0
F2,base,769,qrs_out_2,0,0,0
F2,base,770,qrs_out_0,30,0,0
F2,base,770,qrs_out_1,0,0,0
F2,base,770,qrs_out_2,0,0,0
F2,base,771,qrs_out_0,33,0,0
F2,base,771,qrs_out_1,0,0,0
F2,base,771,qrs_out_2,0,0,0
F2,base,772,qrs_out_0,32,0,0
F2,base,772,qrs_out_1,0,0,0
F2,base,772,qrs_out_2,0,0,0
F2,base,773,qrs_out_0,33,0,0
F2,base,773,qrs_out_1,0,0,0
F2,base,773,qrs_out_2,0,0,0
F2,base,774,qrs_out_0,33,0,0
F2,base,774,qrs_out_1,0,0,0
F2,base,774,qrs_out_2,0,0,0
F2,base,775,qrs_out_0,30,0,0
F2,base,775,qrs_out_1,0,0,0
F2,base,775,qrs_out_2,0,0,0
F2,base,776,qrs_out_0,29,0,0
F2,base,776,qrs_out_1,0,0,0
F2,base,776,qrs_out_2,0,0,0
F2,base,777,qrs_out_0,29,0,0
F2,base,777,qrs_out_1,0,0,0
F2,base,777,qrs_out_2,0,0,0
F2,base,778,qrs_out_0,30,0,0
F2,base,778,qrs_out_1,0,0,0
F2,base,778,qrs_out_2,0,0,0
F2,base,779,qrs_out_0,30,0,0
F2,base,779,qrs_out_1,0,0,0
F2,base,779,qrs_out_2,0,0,0
F2,base,780,qrs_out_0,31,0,0
F2,base,780,qrs_out_1,0,0,0
F2,base,780,qrs_out_2,0,0,0
F2,base,781,qrs_out_0,33,0,0
F2,base,781,qrs_out_1,0,0,0
F2,base,781,qrs_out_2,0,0,0
F2,base,782,qrs_out_0,33,0,0
F2,base,782,qrs_out_1,0,0,0
F2,base,782,qrs_out_2,0,0,0
F2,base,783,qrs_out_0,31,0,0
F2,base,783,qrs_out_1,0,0,0
F2,base,783,qrs_out_2,0,0,0
F2,base,784,qrs_out_0,34,0,0
F2,base,784,qrs_out_1,0,0,0
F2,base,784,qrs_out_2,0,0,0
F2,base,785,qrs_out_0,32,0,0
F2,base,785,qrs_out_1,0,0,0
F2,base,785,qrs_out_2,0,0,0
F2,base,786,qrs_out_0,30,0,0
F2,base,786,qrs_out_1,0,0,0
F2,base,786,qrs_out_2,0,0,0
F2,base,787,qrs_out_0,30,0,0
F2,base,787,qrs_out_1,0,0,0
F2,base,787,qrs_out_2,0,0,0
F2,base,788,qrs_out_0,29,0,0
F2,base,788,qrs_out_1,0,0,0
F2,base,788,qrs_out_2,0,0,0
F2,base,789,qrs_out_0,29,0,0
F2,base,789,qrs_out_1,0,0,0
F2,base,789,qrs_out_2,0,0,0
F2,base,790,qrs_out_0,30,0,0
F2,base,790,qrs_out_1,0,0,0
F2,base,790,qrs_out_2,0,0,0
F2,base,791,qrs_out_0,30,0,0
F2,base,791,qrs_out_1,0,0,0
F2,base,791,qrs_out_2,0,0,0
F2,base,792,qrs_out_0,33,0,0
F2,base,792,qrs_out_1,0,0,0
F2,base,792,qrs_out_2,0,0,0
F2,base,793,qrs_out_0,33,0,0
F2,base,793,qrs_out_1,0,0,0
F2,base,793,qrs_out_2,0,0,0
F2,base,794,qrs_out_0,36,0,0
F2,base,794,qrs_out_1,0,0,0
F2,base,794,qrs_out_2,0,0,0
F2,base,795,qrs_out_0,37,0,0
F2,base,795,qrs_out_1,0,0,0
F2,base,795,qrs_out_2,0,0,0
F2,base,796,qrs_out_0,38,0,0
F2,base,796,qrs_out_1,0,0,0
F2,base,796,qrs_out_2,0,0,0
F2,base,797,qrs_out_0,37,0,0
F2,base,797,qrs_out_1,0,0,0
F2,base,797,qrs_out_2,0,0,0
F2,base,798,qrs_out_0,38,0,0
F2,base,798,qrs_out_1,0,0,0
F2,base,798,qrs_out_2,0,0,0
F2,base,799,qrs_out_0,39,0,0
F2,base,799,qrs_out_1,0,0,0
F2,base,799,qrs_out_2,0,0,0
F2,base,800,qrs_out_0,39,0,0
F2,base,800,qrs_out_1,0,0,0
F2,base,800,qrs_out_2,0,0,0
F2,base,801,qrs_out_0,39,0,0
F2,base,801,qrs_out_1,0,0,0
F2,base,801,qrs_out_2,0,0,0
F2,base,802,qrs_out_0,41,0,0
F2,base,802,qrs_out_1,0,0,0
F2,base,802,qrs_out_2,0,0,0
F2,base,803,qrs_out_0,44,0,0
F2,base,803,qrs_out_1,0,0,0
F2,base,803,qrs_out_2,0,0,0
F2,base,804,qrs_out_0,48,0,0
F2,base,804,qrs_out_1,0,0,0
F2,base,804,qrs_out_2,0,0,0
F2,base,805,qrs_out_0,48,0,0
F2,base,805,qrs_out_1,0,0,0
F2,base,805,qrs_out_2,0,0,0
F2,base,806,qrs_out_0,50,0,0
F2,base,806,qrs_out_1,0,0,0
F2,base,806,qrs_out_2,0,0,0
F2,base,807,qrs_out_0,51,0,0
F2,base,807,qrs_out_1,0,0,0
F2,base,807,qrs_out_2,0,0,0
F2,base,808,qrs_out_0,50,0,0
F2,base,808,qrs_out_1,0,0,0
F2,base,808,qrs_out_2,0,0,0
F2,base,809,qrs_out_0,49,0,0
F2,base,809,qrs_out_1,0,0,0
F2,base,809,qrs_out_2,0,0,0
F2,base,810,qrs_out_0,49,0,0
F2,base,810,qrs_out_1,0,0,0
F2,base,810,qrs_out_2,0,0,0
F2,base,811,qrs_out_0,47,0,0
F2,base,811,qrs_out_1,0,0,0
F2,base,811,qrs_out_2,0,0,0
F2,base,812,qrs_out_0,47,0,0
F2,base,812,qrs_out_1,0,0,0
F2,base,812,qrs_out_2,0,0,0
F2,base,813,qrs_out_0,45,0,0
F2,base,813,qrs_out_1,0,0,0
F2,base,813,qrs_out_2,0,0,0
F2,base,814,qrs_out_0,43,0,0
F2,base,814,qrs_out_1,0,0,0
F2,base,814,qrs_out_2,0,0,0
F2,base,815,qrs_out_0,45,0,0
F2,base,815,qrs_out_1,0,0,0
F2,base,815,qrs_out_2,0,0,0
F2,base,816,qrs_out_0,44,0,0
F2,base,816,qrs_out_1,0,0,0
F2,base,816,qrs_out_2,0,0,0
F2,base,817,qrs_out_0,45,0,0
F2,base,817,qrs_out_1,0,0,0
F2,base,817,qrs_out_2,0,0,0
F2,base,818,qrs_out_0,44,0,0
F2,base,818,qrs_out_1,0,0,0
F2,base,818,qrs_out_2,0,0,0
F2,base,819,qrs_out_0,43,0,0
F2,base,819,qrs_out_1,0,0,0
F2,base,819,qrs_out_2,0,0,0
F2,base,820,qrs_out_0,42,0,0
F2,base,820,qrs_out_1,0,0,0
F2,base,820,qrs_out_2,0,0,0
F2,base,821,qrs_out_0,41,0,0
F2,base,821,qrs_out_1,0,0,0
F2,base,821,qrs_out_2,0,0,0
F2,base,822,qrs_out_0,39,0,0
F2,base,822,qrs_out_1,0,0,0
F2,base,822,qrs_out_2,0,0,0
F2,base,823,qrs_out_0,34,0,0
F2,base,823,qrs_out_1,0,0,0
F2,base,823,qrs_out_2,0,0,0
F2,base,824,qrs_out_0,34,0,0
F2,base,824,qrs_out_1,0,0,0
F2,base,824,qrs_out_2,0,0,0
F2,base,825,qrs_out_0,32,0,0
F2,base,825,qrs_out_1,0,0,0
F2,base,825,qrs_out_2,0,0,0
F2,base,826,qrs_out_0,31,0,0
F2,base,826,qrs_out_1,0,0,0
F2,base,826,qrs_out_2,0,0,0
F2,base,827,qrs_out_0,34,0,0
F2,base,827,qrs_out_1,0,0,0
F2,base,827,qrs_out_2,0,0,0
F2,base,828,qrs_out_0,34,0,0
F2,base,828,qrs_out_1,0,0,0
F2,base,828,qrs_out_2,0,0,0
F2,base,829,qrs_out_0,34,0,0
F2,base,829,qrs_out_1,0,0,0
F2,base,829,qrs_out_2,0,0,0
F2,base,830,qrs_out_0,33,0,0
F2,base,830,qrs_out_1,0,0,0
F2,base,830,qrs_out_2,0,0,0
F2,base,831,qrs_out_0,34,0,0
F2,base,831,qrs_out_1,0,0,0
F2,base,831,qrs_out_2,0,0,0
F2,base,832,qrs_out_0,35,0,0
F2,base,832,qrs_out_1,0,0,0
F2,base,832,qrs_out_2,0,0,0
F2,base,833,qrs_out_0,32,0,0
F2,base,833,qrs_out_1,0,0,0
F2,base,833,qrs_out_2,0,0,0
F2,base,834,qrs_out_0,30,0,0
F2,base,834,qrs_out_1,0,0,0
F2,base,834,qrs_out_2,0,0,0
F2,base,835,qrs_out_0,30,0,0
F2,base,835,qrs_out_1,0,0,0
F2,base,835,qrs_out_2,0,0,0
F2,base,836,qrs_out_0,29,0,0
F2,base,836,qrs_out_1,0,0,0
F2,base,836,qrs_out_2,0,0,0
F2,base,837,qrs_out_0,30,0,0
F2,base,837,qrs_out_1,0,0,0
F2,base,837,qrs_out_2,0,0,0
F2,base,838,qrs_out_0,29,0,0
F2,base,838,qrs_out_1,0,0,0
F2,base,838,qrs_out_2,0,0,0
F2,base,839,qrs_out_0,31,0,0
F2,base,839,qrs_out_1,0,0,0
F2,base,839,qrs_out_2,0,0,0
F2,base,840,qrs_out_0,31,0,0
F2,base,840,qrs_out_1,0,0,0
F2,base,840,qrs_out_2,0,0,0
F2,base,841,qrs_out_0,33,0,0
F2,base,841,qrs_out_1,0,0,0
F2,base,841,qrs_out_2,0,0,0
F2,base,842,qrs_out_0,33,0,0
F2,base,842,qrs_out_1,0,0,0
F2,base,842,qrs_out_2,0,0,0
F2,base,843,qrs_out_0,31,0,0
F2,base,843,qrs_out_1,0,0,0
F2,base,843,qrs_out_2,0,0,0
F2,base,844,qrs_out_0,33,0,0
F2,base,844,qrs_out_1,0,0,0
F2,base,844,qrs_out_2,0,0,0
F2,base,845,qrs_out_0,31,0,0
F2,base,845,qrs_out_1,0,0,0
F2,base,845,qrs_out_2,0,0,0
F2,base,846,qrs_out_0,32,0,0
F2,base,846,qrs_out_1,0,0,0
F2,base,846,qrs_out_2,0,0,0
F2,base,847,qrs_out_0,28,0,0
F2,base,847,qrs_out_1,0,0,0
F2,base,847,qrs_out_2,0,0,0
F2,base,848,qrs_out_0,25,0,0
F2,base,848,qrs_out_1,0,0,0
F2,base,848,qrs_out_2,0,0,0
F2,base,849,qrs_out_0,28,0,0
F2,base,849,qrs_out_1,0,0,0
F2,base,849,qrs_out_2,0,0,0
F2,base,850,qrs_out_0,27,0,0
F2,base,850,qrs_out_1,0,0,0
F2,base,850,qrs_out_2,0,0,0
F2,base,851,qrs_out_0,29,0,0
F2,base,851,qrs_out_1,0,0,0
F2,base,851,qrs_out_2,0,0,0
F2,base,852,qrs_out_0,29,0,0
F2,base,852,qrs_out_1,0,0,0
F2,base,852,qrs_out_2,0,0,0
F2,base,853,qrs_out_0,31,0,0
F2,base,853,qrs_out_1,0,0,0
F2,base,853,qrs_out_2,0,0,0
F2,base,854,qrs_out_0,30,0,0
F2,base,854,qrs_out_1,0,0,0
F2,base,854,qrs_out_2,0,0,0
F2,base,855,qrs_out_0,30,0,0
F2,base,855,qrs_out_1,0,0,0
F2,base,855,qrs_out_2,0,0,0
F2,base,856,qrs_out_0,31,0,0
F2,base,856,qrs_out_1,0,0,0
F2,base,856,qrs_out_2,0,0,0
F2,base,857,qrs_out_0,28,0,0
F2,base,857,qrs_out_1,0,0,0
F2,base,857,qrs_out_2,0,0,0
F2,base,858,qrs_out_0,27,0,0
F2,base,858,qrs_out_1,0,0,0
F2,base,858,qrs_out_2,0,0,0
F2,base,859,qrs_out_0,26,0,0
F2,base,859,qrs_out_1,0,0,0
F2,base,859,qrs_out_2,0,0,0
F2,base,860,qrs_out_0,23,0,0
F2,base,860,qrs_out_1,0,0,0
F2,base,860,qrs_out_2,0,0,0
F2,base,861,qrs_out_0,24,0,0
F2,base,861,qrs_out_1,0,0,0
F2,base,861,qrs_out_2,0,0,0
F2,base,862,qrs_out_0,24,0,0
F2,base,862,qrs_out_1,0,0,0
F2,base,862,qrs_out_2,0,0,0
F2,base,863,qrs_out_0,26,0,0
F2,base,863,qrs_out_1,0,0,0
F2,base,863,qrs_out_2,0,0,0
F2,base,864,qrs_out_0,28,0,0
F2,base,864,qrs_out_1,0,0,0
F2,base,864,qrs_out_2,0,0,0
F2,base,865,qrs_out_0,28,0,0
F2,base,865,qrs_out_1,0,0,0
F2,base,865,qrs_out_2,0,0,0
F2,base,866,qrs_out_0,27,0,0
F2,base,866,qrs_out_1,0,0,0
F2,base,866,qrs_out_2,0,0,0
F2,base,867,qrs_out_0,29,0,0
F2,base,867,qrs_out_1,0,0,0
F2,base,867,qrs_out_2,0,0,0
F2,base,868,qrs_out_0,29,0,0
F2,base,868,qrs_out_1,0,0,0
F2,base,868,qrs_out_2,0,0,0
F2,base,869,qrs_out_0,25,0,0
F2,base,869,qrs_out_1,0,0,0
F2,base,869,qrs_out_2,0,0,0
F2,base,870,qrs_out_0,27,0,0
F2,base,870,qrs_out_1,0,0,0
F2,base,870,qrs_out_2,0,0,0
F2,base,871,qrs_out_0,23,0,0
F2,base,871,qrs_out_1,0,0,0
F2,base,871,qrs_out_2,0,0,0
F2,base,872,qrs_out_0,25,0,0
F2,base,872,qrs_out_1,0,0,0
F2,base,872,qrs_out_2,0,0,0
F2,base,873,qrs_out_0,23,0,0
F2,base,873,qrs_out_1,0,0,0
F2,base,873,qrs_out_2,0,0,0
F2,base,874,qrs_out_0,25,0,0
F2,base,874,qrs_out_1,0,0,0
F2,base,874,qrs_out_2,0,0,0
F2,base,875,qrs_out_0,24,0,0
F2,base,875,qrs_out_1,0,0,0
F2,base,875,qrs_out_2,0,0,0
F2,base,876,qrs_out_0,26,0,0
F2,base,876,qrs_out_1,0,0,0
F2,base,876,qrs_out_2,0,0,0
F2,base,877,qrs_out_0,28,0,0
F2,base,877,qrs_out_1,0,0,0
F2,base,877,qrs_out_2,0,0,0
F2,base,878,qrs_out_0,29,0,0
F2,base,878,qrs_out_1,0,0,0
F2,base,878,qrs_out_2,0,0,0
F2,base,879,qrs_out_0,31,0,0
F2,base,879,qrs_out_1,0,0,0
F2,base,879,qrs_out_2,0,0,0
F2,base,880,qrs_out_0,32,0,0
F2,base,880,qrs_out_1,0,0,0
F2,base,880,qrs_out_2,0,0,0
F2,base,881,qrs_out_0,32,0,0
F2,base,881,qrs_out_1,0,0,0
F2,base,881,qrs_out_2,0,0,0
F2,base,882,qrs_out_0,32,0,0
F2,base,882,qrs_out_1,0,0,0
F2,base,882,qrs_out_2,0,0,0
F2,base,883,qrs_out_0,33,0,0
F2,base,883,qrs_out_1,0,0,0
F2,base,883,qrs_out_2,0,0,0
F2,base,884,qrs_out_0,33,0,0
F2,base,884,qrs_out_1,0,0,0
F2,base,884,qrs_out_2,0,0,0
F2,base,885,qrs_out_0,33,0,0
F2,base,885,qrs_out_1,0,0,0
F2,base,885,qrs_out_2,0,0,0
F2,base,886,qrs_out_0,35,0,0
F2,base,886,qrs_out_1,0,0,0
F2,base,886,qrs_out_2,0,0,0
F2,base,887,qrs_out_0,36,0,0
F2,base,887,qrs_out_1,0,0,0
F2,base,887,qrs_out_2,0,0,0
F2,base,888,qrs_out_0,38,0,0
F2,base,888,qrs_out_1,0,0,0
F2,base,888,qrs_out_2,0,0,0
F2,base,889,qrs_out_0,40,0,0
F2,base,889,qrs_out_1,0,0,0
F2,base,889,qrs_out_2,0,0,0
F2,base,890,qrs_out_0,41,0,0
F2,base,890,qrs_out_1,0,0,0
F2,base,890,qrs_out_2,0,0,0
F2,base,891,qrs_out_0,44,0,0
F2,base,891,qrs_out_1,0,0,0
F2,base,891,qrs_out_2,0,0,0
F2,base,892,qrs_out_0,46,0,0
F2,base,892,qrs_out_1,0,0,0
F2,base,892,qrs_out_2,0,0,0
F2,base,893,qrs_out_0,49,0,0
F2,base,893,qrs_out_1,0,0,0
F2,base,893,qrs_out_2,0,0,0
F2,base,894,qrs_out_0,49,0,0
F2,base,894,qrs_out_1,0,0,0
F2,base,894,qrs_out_2,0,0,0
F2,base,895,qrs_out_0,47,0,0
F2,base,895,qrs_out_1,0,0,0
F2,base,895,qrs_out_2,0,0,0
F2,base,896,qrs_out_0,42,0,0
F2,base,896,qrs_out_1,0,0,0
F2,base,896,qrs_out_2,0,0,0
F2,base,897,qrs_out_0,39,0,0
F2,base,897,qrs_out_1,0,0,0
F2,base,897,qrs_out_2,0,0,0
F2,base,898,qrs_out_0,36,0,0
F2,base,898,qrs_out_1,0,0,0
F2,base,898,qrs_out_2,0,0,0
F2,base,899,qrs_out_0,35,0,0
F2,base,899,qrs_out_1,0,0,0
F2,base,899,qrs_out_2,0,0,0
F2,base,900,qrs_out_0,37,0,0
F2,base,900,qrs_out_1,0,0,0
F2,base,900,qrs_out_2,0,0,0
F2,base,901,qrs_out_0,36,0,0
F2,base,901,qrs_out_1,0,0,0
F2,base,901,qrs_out_2,0,0,0
F2,base,902,qrs_out_0,37,0,0
F2,base,902,qrs_out_1,0,0,0
F2,base,902,qrs_out_2,0,0,0
F2,base,903,qrs_out_0,37,0,0
F2,base,903,qrs_out_1,0,0,0
F2,base,903,qrs_out_2,0,0,0
F2,base,904,qrs_out_0,36,0,0
F2,base,904,qrs_out_1,0,0,0
F2,base,904,qrs_out_2,0,0,0
F2,base,905,qrs_out_0,35,0,0
F2,base,905,qrs_out_1,0,0,0
F2,base,905,qrs_out_2,0,0,0
F2,base,906,qrs_out_0,34,0,0
F2,base,906,qrs_out_1,0,0,0
F2,base,906,qrs_out_2,0,0,0
F2,base,907,qrs_out_0,32,0,0
F2,base,907,qrs_out_1,0,0,0
F2,base,907,qrs_out_2,0,0,0
F2,base,908,qrs_out_0,28,0,0
F2,base,908,qrs_out_1,0,0,0
F2,base,908,qrs_out_2,0,0,0
F2,base,909,qrs_out_0,27,0,0
F2,base,909,qrs_out_1,0,0,0
F2,base,909,qrs_out_2,0,0,0
F2,base,910,qrs_out_0,25,0,0
F2,base,910,qrs_out_1,0,0,0
F2,base,910,qrs_out_2,0,0,0
F2,base,911,qrs_out_0,23,0,0
F2,base,911,qrs_out_1,0,0,0
F2,base,911,qrs_out_2,0,0,0
F2,base,912,qrs_out_0,23,0,0
F2,base,912,qrs_out_1,0,0,0
F2,base,912,qrs_out_2,0,0,0
F2,base,913,qrs_out_0,21,0,0
F2,base,913,qrs_out_1,0,0,0
F2,base,913,qrs_out_2,0,0,0
F2,base,914,qrs_out_0,20,0,0
F2,base,914,qrs_out_1,0,0,0
F2,base,914,qrs_out_2,0,0,0
F2,base,915,qrs_out_0,20,0,0
F2,base,915,qrs_out_1,0,0,0
F2,base,915,qrs_out_2,0,0,0
F2,base,916,qrs_out_0,22,0,0
F2,base,916,qrs_out_1,0,0,0
F2,base,916,qrs_out_2,0,0,0
F2,base,917,qrs_out_0,21,0,0
F2,base,917,qrs_out_1,0,0,0
F2,base,917,qrs_out_2,0,0,0
F2,base,918,qrs_out_0,19,0,0
F2,base,918,qrs_out_1,0,0,0
F2,base,918,qrs_out_2,0,0,0
F2,base,919,qrs_out_0,20,0,0
F2,base,919,qrs_out_1,0,0,0
F2,base,919,qrs_out_2,0,0,0
F2,base,920,qrs_out_0,19,0,0
F2,base,920,qrs_out_1,0,0,0
F2,base,920,qrs_out_2,0,0,0
F2,base,921,qrs_out_0,18,0,0
F2,base,921,qrs_out_1,0,0,0
F2,base,921,qrs_out_2,0,0,0
F2,base,922,qrs_out_0,19,0,0
F2,base,922,qrs_out_1,0,0,0
F2,base,922,qrs_out_2,0,0,0
F2,base,923,qrs_out_0,21,0,0
F2,base,923,qrs_out_1,0,0,0
F2,base,923,qrs_out_2,0,0,0
F2,base,924,qrs_out_0,21,0,0
F2,base,924,qrs_out_1,0,0,0
F2,base,924,qrs_out_2,0,0,0
F2,base,925,qrs_out_0,24,0,0
F2,base,925,qrs_out_1,0,0,0
F2,base,925,qrs_out_2,0,0,0
F2,base,926,qrs_out_0,22,0,0
F2,base,926,qrs_out_1,0,0,0
F2,base,926,qrs_out_2,0,0,0
F2,base,927,qrs_out_0,22,0,0
F2,base,927,qrs_out_1,0,0,0
F2,base,927,qrs_out_2,0,0,0
F2,base,928,qrs_out_0,23,0,0
F2,base,928,qrs_out_1,0,0,0
F2,base,928,qrs_out_2,0,0,0
F2,base,929,qrs_out_0,23,0,0
F2,base,929,qrs_out_1,0,0,0
F2,base,929,qrs_out_2,0,0,0
F2,base,930,qrs_out_0,21,0,0
F2,base,930,qrs_out_1,0,0,0
F2,base,930,qrs_out_2,0,0,0
F2,base,931,qrs_out_0,18,0,0
F2,base,931,qrs_out_1,0,0,0
F2,base,931,qrs_out_2,0,0,0
F2,base,932,qrs_out_0,13,0,0
F2,base,932,qrs_out_1,0,0,0
F2,base,932,qrs_out_2,0,0,0
F2,base,933,qrs_out_0,9,0,0
F2,base,933,qrs_out_1,0,0,0
F2,base,933,qrs_out_2,0,0,0
F2,base,934,qrs_out_0,5,0,0
F2,base,934,qrs_out_1,0,0,0
F2,base,934,qrs_out_2,0,0,0
F2,base,935,qrs_out_0,7,0,0
F2,base,935,qrs_out_1,0,0,0
F2,base,935,qrs_out_2,0,0,0
F2,base,936,qrs_out_0,19,0,0
F2,base,936,qrs_out_1,0,0,0
F2,base,936,qrs_out_2,0,0,0
F2,base,937,qrs_out_0,36,0,0
F2,base,937,qrs_out_1,0,0,0
F2,base,937,qrs_out_2,0,0,0
F2,base,938,qrs_out_0,60,0,0
F2,base,938,qrs_out_1,0,0,0
F2,base,938,qrs_out_2,0,0,0
F2,base,939,qrs_out_0,90,0,0
F2,base,939,qrs_out_1,0,0,0
F2,base,939,qrs_out_2,0,0,0
F2,base,940,qrs_out_0,125,0,0
F2,base,940,qrs_out_1,0,0,0
F2,base,940,qrs_out_2,0,0,0
F2,base,941,qrs_out_0,167,0,0
F2,base,941,qrs_out_1,0,0,0
F2,base,941,qrs_out_2,0,0,0
F2,base,942,qrs_out_0,205,0,0
F2,base,942,qrs_out_1,0,0,0
F2,base,942,qrs_out_2,0,0,0
F2,base,943,qrs_out_0,242,0,0
F2,base,943,qrs_out_1,0,0,0
F2,base,943,qrs_out_2,0,0,0
F2,base,944,qrs_out_0,267,0,0
F2,base,944,qrs_out_1,0,0,0
F2,base,944,qrs_out_2,0,0,0
F2,base,945,qrs_out_0,269,0,0
F2,base,945,qrs_out_1,0,0,0
F2,base,945,qrs_out_2,0,0,0
F2,base,946,qrs_out_0,249,0,0
F2,base,946,qrs_out_1,0,0,0
F2,base,946,qrs_out_2,0,0,0
F2,base,947,qrs_out_0,208,0,0
F2,base,947,qrs_out_1,0,0,0
F2,base,947,qrs_out_2,0,0,0
F2,base,948,qrs_out_0,154,0,0
F2,base,948,qrs_out_1,0,0,0
F2,base,948,qrs_out_2,0,0,0
F2,base,949,qrs_out_0,101,0,0
F2,base,949,qrs_out_1,0,0,0
F2,base,949,qrs_out_2,0,0,0
F2,base,950,qrs_out_0,56,0,0
F2,base,950,qrs_out_1,0,0,0
F2,base,950,qrs_out_2,0,0,0
F2,base,951,qrs_out_0,30,0,0
F2,base,951,qrs_out_1,0,0,0
F2,base,951,qrs_out_2,0,0,0
F2,base,952,qrs_out_0,21,0,0
F2,base,952,qrs_out_1,0,0,0
F2,base,952,qrs_out_2,0,0,0
F2,base,953,qrs_out_0,25,0,0
F2,base,953,qrs_out_1,0,0,0
F2,base,953,qrs_out_2,0,0,0
F2,base,954,qrs_out_0,34,0,0
F2,base,954,qrs_out_1,0,0,0
F2,base,954,qrs_out_2,0,0,0
F2,base,955,qrs_out_0,42,0,0
F2,base,955,qrs_out_1,0,0,0
F2,base,955,qrs_out_2,0,0,0
F2,base,956,qrs_out_0,46,0,0
F2,base,956,qrs_out_1,0,0,0
F2,base,956,qrs_out_2,0,0,0
F2,base,957,qrs_out_0,47,0,0
F2,base,957,qrs_out_1,5,0,0
F2,base,957,qrs_out_2,5,0,0
F2,base,958,qrs_out_0,47,0,0
F2,base,958,qrs_out_1,5,0,0
F2,base,958,qrs_out_2,5,0,0
F2,base,959,qrs_out_0,46,0,0
F2,base,959,qrs_out_1,5,0,0
F2,base,959,qrs_out_2,5,0,0
F2,base,960,qrs_out_0,42,0,0
F2,base,960,qrs_out_1,5,0,0
F2,base,960,qrs_out_2,5,0,0
F2,base,961,qrs_out_0,39,0,0
F2,base,961,qrs_out_1,5,0,0
F2,base,961,qrs_out_2,5,0,0
F2,base,962,qrs_out_0,38,0,0
F2,base,962,qrs_out_1,5,0,0
F2,base,962,qrs_out_2,5,0,0
F2,base,963,qrs_out_0,35,0,0
F2,base,963,qrs_out_1,5,0,0
F2,base,963,qrs_out_2,5,0,0
F2,base,964,qrs_out_0,33,0,0
F2,base,964,qrs_out_1,5,0,0
F2,base,964,qrs_out_2,5,0,0
F2,base,965,qrs_out_0,32,0,0
F2,base,965,qrs_out_1,5,0,0
F2,base,965,qrs_out_2,5,0,0
F2,base,966,qrs_out_0,30,0,0
F2,base,966,qrs_out_1,10,0,0
F2,base,966,qrs_out_2,10,0,0
F2,base,967,qrs_out_0,27,0,0
F2,base,967,qrs_out_1,10,0,0
F2,base,967,qrs_out_2,10,0,0
F2,base,968,qrs_out_0,29,0,0
F2,base,968,qrs_out_1,10,0,0
F2,base,968,qrs_out_2,10,0,0
F2,base,969,qrs_out_0,27,0,0
F2,base,969,qrs_out_1,10,0,0
F2,base,969,qrs_out_2,10,0,0
F2,base,970,qrs_out_0,26,0,0
F2,base,970,qrs_out_1,10,0,0
F2,base,970,qrs_out_2,10,0,0
F2,base,971,qrs_out_0,27,0,0
F2,base,971,qrs_out_1,10,0,0
F2,base,971,qrs_out_2,10,0,0
F2,base,972,qrs_out_0,28,0,0
F2,base,972,qrs_out_1,10,0,0
F2,base,972,qrs_out_2,10,0,0
F2,base,973,qrs_out_0,30,0,0
F2,base,973,qrs_out_1,10,0,0
F2,base,973,qrs_out_2,10,0,0
F2,base,974,qrs_out_0,29,0,0
F2,base,974,qrs_out_1,10,0,0
F2,base,974,qrs_out_2,10,0,0
F2,base,975,qrs_out_0,30,0,0
F2,base,975,qrs_out_1,10,0,0
F2,base,975,qrs_out_2,10,0,0
F2,base,976,qrs_out_0,31,0,0
F2,base,976,qrs_out_1,10,0,0
F2,base,976,qrs_out_2,10,0,0
F2,base,977,qrs_out_0,29,0,0
F2,base,977,qrs_out_1,10,0,0
F2,base,977,qrs_out_2,10,0,0
F2,base,978,qrs_out_0,30,0,0
F2,base,978,qrs_out_1,10,0,0
F2,base,978,qrs_out_2,10,0,0
F2,base,979,qrs_out_0,26,0,0
F2,base,979,qrs_out_1,10,0,0
F2,base,979,qrs_out_2,10,0,0
F2,base,980,qrs_out_0,28,0,0
F2,base,980,qrs_out_1,10,0,0
F2,base,980,qrs_out_2,10,0,0
F2,base,981,qrs_out_0,26,0,0
F2,base,981,qrs_out_1,10,0,0
F2,base,981,qrs_out_2,10,0,0
F2,base,982,qrs_out_0,28,0,0
F2,base,982,qrs_out_1,10,0,0
F2,base,982,qrs_out_2,10,0,0
F2,base,983,qrs_out_0,29,0,0
F2,base,983,qrs_out_1,10,0,0
F2,base,983,qrs_out_2,10,0,0
F2,base,984,qrs_out_0,31,0,0
F2,base,984,qrs_out_1,10,0,0
F2,base,984,qrs_out_2,10,0,0
F2,base,985,qrs_out_0,32,0,0
F2,base,985,qrs_out_1,5,0,0
F2,base,985,qrs_out_2,5,0,0
F2,base,986,qrs_out_0,31,0,0
F2,base,986,qrs_out_1,5,0,0
F2,base,986,qrs_out_2,5,0,0
F2,base,987,qrs_out_0,34,0,0
F2,base,987,qrs_out_1,5,0,0
F2,base,987,qrs_out_2,5,0,0
F2,base,988,qrs_out_0,33,0,0
F2,base,988,qrs_out_1,5,0,0
F2,base,988,qrs_out_2,5,0,0
F2,base,989,qrs_out_0,32,0,0
F2,base,989,qrs_out_1,5,0,0
F2,base,989,qrs_out_2,5,0,0
F2,base,990,qrs_out_0,31,0,0
F2,base,990,qrs_out_1,5,0,0
F2,base,990,qrs_out_2,5,0,0
F2,base,991,qrs_out_0,30,0,0
F2,base,991,qrs_out_1,5,0,0
F2,base,991,qrs_out_2,5,0,0
F2,base,992,qrs_out_0,29,0,0
F2,base,992,qrs_out_1,5,0,0
F2,base,992,qrs_out_2,5,0,0
F2,base,993,qrs_out_0,30,0,0
F2,base,993,qrs_out_1,5,0,0
F2,base,993,qrs_out_2,5,0,0
F2,base,994,qrs_out_0,31,0,0
F2,base,994,qrs_out_1,0,0,0
F2,base,994,qrs_out_2,0,0,0
F2,base,995,qrs_out_0,33,0,0
F2,base,995,qrs_out_1,0,0,0
F2,base,995,qrs_out_2,0,0,0
F2,base,996,qrs_out_0,34,0,0
F2,base,996,qrs_out_1,0,0,0
F2,base,996,qrs_out_2,0,0,0
F2,base,997,qrs_out_0,35,0,0
F2,base,997,qrs_out_1,0,0,0
F2,base,997,qrs_out_2,0,0,0
F2,base,998,qrs_out_0,36,0,0
F2,base,998,qrs_out_1,0,0,0
F2,base,998,qrs_out_2,0,0,0
F2,base,999,qrs_out_0,37,0,0
F2,base,999,qrs_out_1,0,0,0
F2,base,999,qrs_out_2,0,0,0
F2,base,1000,qrs_out_0,36,0,0
F2,base,1000,qrs_out_1,0,0,0
F2,base,1000,qrs_out_2,0,0,0
F2,base,1001,qrs_out_0,34,0,0
F2,base,1001,qrs_out_1,0,0,0
F2,base,1001,qrs_out_2,0,0,0
F2,base,1002,qrs_out_0,33,0,0
F2,base,1002,qrs_out_1,0,0,0
F2,base,1002,qrs_out_2,0,0,0
F2,base,1003,qrs_out_0,31,0,0
F2,base,1003,qrs_out_1,0,0,0
F2,base,1003,qrs_out_2,0,0,0
F2,base,1004,qrs_out_0,30,0,0
F2,base,1004,qrs_out_1,0,0,0
F2,base,1004,qrs_out_2,0,0,0
F2,base,1005,qrs_out_0,32,0,0
F2,base,1005,qrs_out_1,0,0,0
F2,base,1005,qrs_out_2,0,0,0
F2,base,1006,qrs_out_0,34,0,0
F2,base,1006,qrs_out_1,0,0,0
F2,base,1006,qrs_out_2,0,0,0
F2,base,1007,qrs_out_0,37,0,0
F2,base,1007,qrs_out_1,0,0,0
F2,base,1007,qrs_out_2,0,0,0
F2,base,1008,qrs_out_0,39,0,0
F2,base,1008,qrs_out_1,0,0,0
F2,base,1008,qrs_out_2,0,0,0
F2,base,1009,qrs_out_0,40,0,0
F2,base,1009,qrs_out_1,0,0,0
F2,base,1009,qrs_out_2,0,0,0
F2,base,1010,qrs_out_0,39,0,0
F2,base,1010,qrs_out_1,0,0,0
F2,base,1010,qrs_out_2,0,0,0
F2,base,1011,qrs_out_0,39,0,0
F2,base,1011,qrs_out_1,0,0,0
F2,base,1011,qrs_out_2,0,0,0
F2,base,1012,qrs_out_0,39,0,0
F2,base,1012,qrs_out_1,0,0,0
F2,base,1012,qrs_out_2,0,0,0
F2,base,1013,qrs_out_0,38,0,0
F2,base,1013,qrs_out_1,0,0,0
F2,base,1013,qrs_out_2,0,0,0
F2,base,1014,qrs_out_0,36,0,0
F2,base,1014,qrs_out_1,0,0,0
F2,base,1014,qrs_out_2,0,0,0
F2,base,1015,qrs_out_0,37,0,0
F2,base,1015,qrs_out_1,0,0,0
F2,base,1015,qrs_out_2,0,0,0
F2,base,1016,qrs_out_0,36,0,0
F2,base,1016,qrs_out_1,0,0,0
F2,base,1016,qrs_out_2,0,0,0
F2,base,1017,qrs_out_0,36,0,0
F2,base,1017,qrs_out_1,0,0,0
F2,base,1017,qrs_out_2,0,0,0
F2,base,1018,qrs_out_0,38,0,0
F2,base,1018,qrs_out_1,0,0,0
F2,base,1018,qrs_out_2,0,0,0
F2,base,1019,qrs_out_0,40,0,0
F2,base,1019,qrs_out_1,0,0,0
F2,base,1019,qrs_out_2,0,0,0
F2,base,1020,qrs_out_0,40,0,0
F2,base,1020,qrs_out_1,0,0,0
F2,base,1020,qrs_out_2,0,0,0
F2,base,1021,qrs_out_0,43,0,0
F2,base,1021,qrs_out_1,0,0,0
F2,base,1021,qrs_out_2,0,0,0
F2,base,1022,qrs_out_0,44,0,0
F2,base,1022,qrs_out_1,0,0,0
F2,base,1022,qrs_out_2,0,0,0
F2,base,1023,qrs_out_0,43,0,0
F2,base,1023,qrs_out_1,0,0,0
F2,base,1023,qrs_out_2,0,0,0
F2,base,1024,qrs_out_0,42,0,0
F2,base,1024,qrs_out_1,0,0,0
F2,base,1024,qrs_out_2,0,0,0
F2,base,1025,qrs_out_0,41,0,0
F2,base,1025,qrs_out_1,0,0,0
F2,base,1025,qrs_out_2,0,0,0
F2,base,1026,qrs_out_0,40,0,0
F2,base,1026,qrs_out_1,0,0,0
F2,base,1026,qrs_out_2,0,0,0
F2,base,1027,qrs_out_0,39,0,0
F2,base,1027,qrs_out_1,0,0,0
F2,base,1027,qrs_out_2,0,0,0
F2,base,1028,qrs_out_0,39,0,0
F2,base,1028,qrs_out_1,0,0,0
F2,base,1028,qrs_out_2,0,0,0
F2,base,1029,qrs_out_0,40,0,0
F2,base,1029,qrs_out_1,0,0,0
F2,base,1029,qrs_out_2,0,0,0
F2,base,1030,qrs_out_0,39,0,0
F2,base,1030,qrs_out_1,0,0,0
F2,base,1030,qrs_out_2,0,0,0
F2,base,1031,qrs_out_0,41,0,0
F2,base,1031,qrs_out_1,0,0,0
F2,base,1031,qrs_out_2,0,0,0
F2,base,1032,qrs_out_0,43,0,0
F2,base,1032,qrs_out_1,0,0,0
F2,base,1032,qrs_out_2,0,0,0
F2,base,1033,qrs_out_0,45,0,0
F2,base,1033,qrs_out_1,0,0,0
F2,base,1033,qrs_out_2,0,0,0
F2,base,1034,qrs_out_0,44,0,0
F2,base,1034,qrs_out_1,0,0,0
F2,base,1034,qrs_out_2,0,0,0
F2,base,1035,qrs_out_0,44,0,0
F2,base,1035,qrs_out_1,0,0,0
F2,base,1035,qrs_out_2,0,0,0
F2,base,1036,qrs_out_0,43,0,0
F2,base,1036,qrs_out_1,0,0,0
F2,base,1036,qrs_out_2,0,0,0
F2,base,1037,qrs_out_0,43,0,0
F2,base,1037,qrs_out_1,0,0,0
F2,base,1037,qrs_out_2,0,0,0
F2,base,1038,qrs_out_0,43,0,0
F2,base,1038,qrs_out_1,0,0,0
F2,base,1038,qrs_out_2,0,0,0
F2,base,1039,qrs_out_0,42,0,0
F2,base,1039,qrs_out_1,0,0,0
F2,base,1039,qrs_out_2,0,0,0
F2,base,1040,qrs_out_0,42,0,0
F2,base,1040,qrs_out_1,0,0,0
F2,base,1040,qrs_out_2,0,0,0
F2,base,1041,qrs_out_0,44,0,0
F2,base,1041,qrs_out_1,0,0,0
F2,base,1041,qrs_out_2,0,0,0
F2,base,1042,qrs_out_0,47,0,0
F2,base,1042,qrs_out_1,0,0,0
F2,base,1042,qrs_out_2,0,0,0
F2,base,1043,qrs_out_0,51,0,0
F2,base,1043,qrs_out_1,0,0,0
F2,base,1043,qrs_out_2,0,0,0
F2,base,1044,qrs_out_0,53,0,0
F2,base,1044,qrs_out_1,0,0,0
F2,base,1044,qrs_out_2,0,0,0
F2,base,1045,qrs_out_0,54,0,0
F2,base,1045,qrs_out_1,0,0,0
F2,base,1045,qrs_out_2,0,0,0
F2,base,1046,qrs_out_0,56,0,0
F2,base,1046,qrs_out_1,0,0,0
F2,base,1046,qrs_out_2,0,0,0
F2,base,1047,qrs_out_0,59,0,0
F2,base,1047,qrs_out_1,0,0,0
F2,base,1047,qrs_out_2,0,0,0
F2,base,1048,qrs_out_0,58,0,0
F2,base,1048,qrs_out_1,0,0,0
F2,base,1048,qrs_out_2,0,0,0
F2,base,1049,qrs_out_0,58,0,0
F2,base,1049,qrs_out_1,0,0,0
F2,base,1049,qrs_out_2,0,0,0
F2,base,1050,qrs_out_0,56,0,0
F2,base,1050,qrs_out_1,0,0,0
F2,base,1050,qrs_out_2,0,0,0
F2,base,1051,qrs_out_0,56,0,0
F2,base,1051,qrs_out_1,0,0,0
F2,base,1051,qrs_out_2,0,0,0
F2,base,1052,qrs_out_0,56,0,0
F2,base,1052,qrs_out_1,0,0,0
F2,base,1052,qrs_out_2,0,0,0
F2,base,1053,qrs_out_0,57,0,0
F2,base,1053,qrs_out_1,0,0,0
F2,base,1053,qrs_out_2,0,0,0
F2,base,1054,qrs_out_0,57,0,0
F2,base,1054,qrs_out_1,0,0,0
F2,base,1054,qrs_out_2,0,0,0
F2,base,1055,qrs_out_0,56,0,0
F2,base,1055,qrs_out_1,0,0,0
F2,base,1055,qrs_out_2,0,0,0
F2,base,1056,qrs_out_0,57,0,0
F2,base,1056,qrs_out_1,0,0,0
F2,base,1056,qrs_out_2,0,0,0
F2,base,1057,qrs_out_0,58,0,0
F2,base,1057,qrs_out_1,0,0,0
F2,base,1057,qrs_out_2,0,0,0
F2,base,1058,qrs_out_0,57,0,0
F2,base,1058,qrs_out_1,0,0,0
F2,base,1058,qrs_out_2,0,0,0
F2,base,1059,qrs_out_0,56,0,0
F2,base,1059,qrs_out_1,0,0,0
F2,base,1059,qrs_out_2,0,0,0
F2,base,1060,qrs_out_0,54,0,0
F2,base,1060,qrs_out_1,0,0,0
F2,base,1060,qrs_out_2,0,0,0
F2,base,1061,qrs_out_0,52,0,0
F2,base,1061,qrs_out_1,0,0,0
F2,base,1061,qrs_out_2,0,0,0
F2,base,1062,qrs_out_0,50,0,0
F2,base,1062,qrs_out_1,0,0,0
F2,base,1062,qrs_out_2,0,0,0
F2,base,1063,qrs_out_0,47,0,0
F2,base,1063,qrs_out_1,0,0,0
F2,base,1063,qrs_out_2,0,0,0
F2,base,1064,qrs_out_0,44,0,0
F2,base,1064,qrs_out_1,0,0,0
F2,base,1064,qrs_out_2,0,0,0
F2,base,1065,qrs_out_0,45,0,0
F2,base,1065,qrs_out_1,0,0,0
F2,base,1065,qrs_out_2,0,0,0
F2,base,1066,qrs_out_0,45,0,0
F2,base,1066,qrs_out_1,0,0,0
F2,base,1066,qrs_out_2,0,0,0
F2,base,1067,qrs_out_0,45,0,0
F2,base,1067,qrs_out_1,0,0,0
F2,base,1067,qrs_out_2,0,0,0
F2,base,1068,qrs_out_0,45,0,0
F2,base,1068,qrs_out_1,0,0,0
F2,base,1068,qrs_out_2,0,0,0
F2,base,1069,qrs_out_0,44,0,0
F2,base,1069,qrs_out_1,0,0,0
F2,base,1069,qrs_out_2,0,0,0
F2,base,1070,qrs_out_0,43,0,0
F2,base,1070,qrs_out_1,0,0,0
F2,base,1070,qrs_out_2,0,0,0
F2,base,1071,qrs_out_0,43,0,0
F2,base,1071,qrs_out_1,0,0,0
F2,base,1071,qrs_out_2,0,0,0
F2,base,1072,qrs_out_0,41,0,0
F2,base,1072,qrs_out_1,0,0,0
F2,base,1072,qrs_out_2,0,0,0
F2,base,1073,qrs_out_0,41,0,0
F2,base,1073,qrs_out_1,0,0,0
F2,base,1073,qrs_out_2,0,0,0
F2,base,1074,qrs_out_0,37,0,0
F2,base,1074,qrs_out_1,0,0,0
F2,base,1074,qrs_out_2,0,0,0
F2,base,1075,qrs_out_0,37,0,0
F2,base,1075,qrs_out_1,0,0,0
F2,base,1075,qrs_out_2,0,0,0
F2,base,1076,qrs_out_0,36,0,0
F2,base,1076,qrs_out_1,0,0,0
F2,base,1076,qrs_out_2,0,0,0
F2,base,1077,qrs_out_0,36,0,0
F2,base,1077,qrs_out_1,0,0,0
F2,base,1077,qrs_out_2,0,0,0
F2,base,1078,qrs_out_0,37,0,0
F2,base,1078,qrs_out_1,0,0,0
F2,base,1078,qrs_out_2,0,0,0
F2,base,1079,qrs_out_0,38,0,0
F2,base,1079,qrs_out_1,0,0,0
F2,base,1079,qrs_out_2,0,0,0
F2,base,1080,qrs_out_0,38,0,0
F2,base,1080,qrs_out_1,0,0,0
F2,base,1080,qrs_out_2,0,0,0
F2,base,1081,qrs_out_0,38,0,0
F2,base,1081,qrs_out_1,0,0,0
F2,base,1081,qrs_out_2,0,0,0
F2,base,1082,qrs_out_0,38,0,0
F2,base,1082,qrs_out_1,0,0,0
F2,base,1082,qrs_out_2,0,0,0
F2,base,1083,qrs_out_0,39,0,0
F2,base,1083,qrs_out_1,0,0,0
F2,base,1083,qrs_out_2,0,0,0
F2,base,1084,qrs_out_0,37,0,0
F2,base,1084,qrs_out_1,0,0,0
F2,base,1084,qrs_out_2,0,0,0
F2,base,1085,qrs_out_0,37,0,0
F2,base,1085,qrs_out_1,0,0,0
F2,base,1085,qrs_out_2,0,0,0
F2,base,1086,qrs_out_0,34,0,0
F2,base,1086,qrs_out_1,0,0,0
F2,base,1086,qrs_out_2,0,0,0
F2,base,1087,qrs_out_0,35,0,0
F2,base,1087,qrs_out_1,0,0,0
F2,base,1087,qrs_out_2,0,0,0
F2,base,1088,qrs_out_0,32,0,0
F2,base,1088,qrs_out_1,0,0,0
F2,base,1088,qrs_out_2,0,0,0
F2,base,1089,qrs_out_0,33,0,0
F2,base,1089,qrs_out_1,0,0,0
F2,base,1089,qrs_out_2,0,0,0
F2,base,1090,qrs_out_0,32,0,0
F2,base,1090,qrs_out_1,0,0,0
F2,base,1090,qrs_out_2,0,0,0
F2,base,1091,qrs_out_0,36,0,0
F2,base,1091,qrs_out_1,0,0,0
F2,base,1091,qrs_out_2,0,0,0
F2,base,1092,qrs_out_0,35,0,0
F2,base,1092,qrs_out_1,0,0,0
F2,base,1092,qrs_out_2,0,0,0
F2,base,1093,qrs_out_0,39,0,0
F2,base,1093,qrs_out_1,0,0,0
F2,base,1093,qrs_out_2,0,0,0
F2,base,1094,qrs_out_0,37,0,0
F2,base,1094,qrs_out_1,0,0,0
F2,base,1094,qrs_out_2,0,0,0
F2,base,1095,qrs_out_0,38,0,0
F2,base,1095,qrs_out_1,0,0,0
F2,base,1095,qrs_out_2,0,0,0
F2,base,1096,qrs_out_0,36,0,0
F2,base,1096,qrs_out_1,0,0,0
F2,base,1096,qrs_out_2,0,0,0
F2,base,1097,qrs_out_0,34,0,0
F2,base,1097,qrs_out_1,0,0,0
F2,base,1097,qrs_out_2,0,0,0
F2,base,1098,qrs_out_0,34,0,0
F2,base,1098,qrs_out_1,0,0,0
F2,base,1098,qrs_out_2,0,0,0
F2,base,1099,qrs_out_0,32,0,0
F2,base,1099,qrs_out_1,0,0,0
F2,base,1099,qrs_out_2,0,0,0
F2,base,1100,qrs_out_0,32,0,0
F2,base,1100,qrs_out_1,0,0,0
F2,base,1100,qrs_out_2,0,0,0
F2,base,1101,qrs_out_0,31,0,0
F2,base,1101,qrs_out_1,0,0,0
F2,base,1101,qrs_out_2,0,0,0
F2,base,1102,qrs_out_0,32,0,0
F2,base,1102,qrs_out_1,0,0,0
F2,base,1102,qrs_out_2,0,0,0
F2,base,1103,qrs_out_0,34,0,0
F2,base,1103,qrs_out_1,0,0,0
F2,base,1103,qrs_out_2,0,0,0
F2,base,1104,qrs_out_0,34,0,0
F2,base,1104,qrs_out_1,0,0,0
F2,base,1104,qrs_out_2,0,0,0
F2,base,1105,qrs_out_0,34,0,0
F2,base,1105,qrs_out_1,0,0,0
F2,base,1105,qrs_out_2,0,0,0
F2,base,1106,qrs_out_0,34,0,0
F2,base,1106,qrs_out_1,0,0,0
F2,base,1106,qrs_out_2,0,0,0
F2,base,1107,qrs_out_0,34,0,0
F2,base,1107,qrs_out_1,0,0,0
F2,base,1107,qrs_out_2,0,0,0
F2,base,1108,qrs_out_0,34,0,0
F2,base,1108,qrs_out_1,0,0,0
F2,base,1108,qrs_out_2,0,0,0
F2,base,1109,qrs_out_0,33,0,0
F2,base,1109,qrs_out_1,0,0,0
F2,base,1109,qrs_out_2,0,0,0
F2,base,1110,qrs_out_0,32,0,0
F2,base,1110,qrs_out_1,0,0,0
F2,base,1110,qrs_out_2,0,0,0
F2,base,1111,qrs_out_0,29,0,0
F2,base,1111,qrs_out_1,0,0,0
F2,base,1111,qrs_out_2,0,0,0
F2,base,1112,qrs_out_0,27,0,0
F2,base,1112,qrs_out_1,0,0,0
F2,base,1112,qrs_out_2,0,0,0
F2,base,1113,qrs_out_0,26,0,0
F2,base,1113,qrs_out_1,0,0,0
F2,base,1113,qrs_out_2,0,0,0
F2,base,1114,qrs_out_0,29,0,0
F2,base,1114,qrs_out_1,0,0,0
F2,base,1114,qrs_out_2,0,0,0
F2,base,1115,qrs_out_0,31,0,0
F2,base,1115,qrs_out_1,0,0,0
F2,base,1115,qrs_out_2,0,0,0
F2,base,1116,qrs_out_0,33,0,0
F2,base,1116,qrs_out_1,0,0,0
F2,base,1116,qrs_out_2,0,0,0
F2,base,1117,qrs_out_0,33,0,0
F2,base,1117,qrs_out_1,0,0,0
F2,base,1117,qrs_out_2,0,0,0
F2,base,1118,qrs_out_0,35,0,0
F2,base,1118,qrs_out_1,0,0,0
F2,base,1118,qrs_out_2,0,0,0
F2,base,1119,qrs_out_0,36,0,0
F2,base,1119,qrs_out_1,0,0,0
F2,base,1119,qrs_out_2,0,0,0
F2,base,1120,qrs_out_0,35,0,0
F2,base,1120,qrs_out_1,0,0,0
F2,base,1120,qrs_out_2,0,0,0
F2,base,1121,qrs_out_0,36,0,0
F2,base,1121,qrs_out_1,0,0,0
F2,base,1121,qrs_out_2,0,0,0
F2,base,1122,qrs_out_0,36,0,0
F2,base,1122,qrs_out_1,0,0,0
F2,base,1122,qrs_out_2,0,0,0
F2,base,1123,qrs_out_0,35,0,0
F2,base,1123,qrs_out_1,0,0,0
F2,base,1123,qrs_out_2,0,0,0
F2,base,1124,qrs_out_0,37,0,0
F2,base,1124,qrs_out_1,0,0,0
F2,base,1124,qrs_out_2,0,0,0
F2,base,1125,qrs_out_0,39,0,0
F2,base,1125,qrs_out_1,0,0,0
F2,base,1125,qrs_out_2,0,0,0
F2,base,1126,qrs_out_0,40,0,0
F2,base,1126,qrs_out_1,0,0,0
F2,base,1126,qrs_out_2,0,0,0
F2,base,1127,qrs_out_0,44,0,0
F2,base,1127,qrs_out_1,0,0,0
F2,base,1127,qrs_out_2,0,0,0
F2,base,1128,qrs_out_0,46,0,0
F2,base,1128,qrs_out_1,0,0,0
F2,base,1128,qrs_out_2,0,0,0
F2,base,1129,qrs_out_0,45,0,0
F2,base,1129,qrs_out_1,0,0,0
F2,base,1129,qrs_out_2,0,0,0
F2,base,1130,qrs_out_0,47,0,0
F2,base,1130,qrs_out_1,0,0,0
F2,base,1130,qrs_out_2,0,0,0
F2,base,1131,qrs_out_0,47,0,0
F2,base,1131,qrs_out_1,0,0,0
F2,base,1131,qrs_out_2,0,0,0
F2,base,1132,qrs_out_0,47,0,0
F2,base,1132,qrs_out_1,0,0,0
F2,base,1132,qrs_out_2,0,0,0
F2,base,1133,qrs_out_0,46,0,0
F2,base,1133,qrs_out_1,0,0,0
F2,base,1133,qrs_out_2,0,0,0
F2,base,1134,qrs_out_0,46,0,0
F2,base,1134,qrs_out_1,0,0,0
F2,base,1134,qrs_out_2,0,0,0
F2,base,1135,qrs_out_0,47,0,0
F2,base,1135,qrs_out_1,0,0,0
F2,base,1135,qrs_out_2,0,0,0
F2,base,1136,qrs_out_0,49,0,0
F2,base,1136,qrs_out_1,0,0,0
F2,base,1136,qrs_out_2,0,0,0
F2,base,1137,qrs_out_0,51,0,0
F2,base,1137,qrs_out_1,0,0,0
F2,base,1137,qrs_out_2,0,0,0
F2,base,1138,qrs_out_0,49,0,0
F2,base,1138,qrs_out_1,0,0,0
F2,base,1138,qrs_out_2,0,0,0
F2,base,1139,qrs_out_0,47,0,0
F2,base,1139,qrs_out_1,0,0,0
F2,base,1139,qrs_out_2,0,0,0
F2,base,1140,qrs_out_0,46,0,0
F2,base,1140,qrs_out_1,0,0,0
F2,base,1140,qrs_out_2,0,0,0
F2,base,1141,qrs_out_0,43,0,0
F2,base,1141,qrs_out_1,0,0,0
F2,base,1141,qrs_out_2,0,0,0
F2,base,1142,qrs_out_0,43,0,0
F2,base,1142,qrs_out_1,0,0,0
F2,base,1142,qrs_out_2,0,0,0
F2,base,1143,qrs_out_0,43,0,0
F2,base,1143,qrs_out_1,0,0,0
F2,base,1143,qrs_out_2,0,0,0
F2,base,1144,qrs_out_0,41,0,0
F2,base,1144,qrs_out_1,0,0,0
F2,base,1144,qrs_out_2,0,0,0
F2,base,1145,qrs_out_0,40,0,0
F2,base,1145,qrs_out_1,0,0,0
F2,base,1145,qrs_out_2,0,0,0
F2,base,1146,qrs_out_0,39,0,0
F2,base,1146,qrs_out_1,0,0,0
F2,base,1146,qrs_out_2,0,0,0
F2,base,1147,qrs_out_0,39,0,0
F2,base,1147,qrs_out_1,0,0,0
F2,base,1147,qrs_out_2,0,0,0
F2,base,1148,qrs_out_0,36,0,0
F2,base,1148,qrs_out_1,0,0,0
F2,base,1148,qrs_out_2,0,0,0
F2,base,1149,qrs_out_0,35,0,0
F2,base,1149,qrs_out_1,0,0,0
F2,base,1149,qrs_out_2,0,0,0
F2,base,1150,qrs_out_0,36,0,0
F2,base,1150,qrs_out_1,0,0,0
F2,base,1150,qrs_out_2,0,0,0
F2,base,1151,qrs_out_0,34,0,0
F2,base,1151,qrs_out_1,0,0,0
F2,base,1151,qrs_out_2,0,0,0
F2,base,1152,qrs_out_0,37,0,0
F2,base,1152,qrs_out_1,0,0,0
F2,base,1152,qrs_out_2,0,0,0
F2,base,1153,qrs_out_0,34,0,0
F2,base,1153,qrs_out_1,0,0,0
F2,base,1153,qrs_out_2,0,0,0
F2,base,1154,qrs_out_0,33,0,0
F2,base,1154,qrs_out_1,0,0,0
F2,base,1154,qrs_out_2,0,0,0
F2,base,1155,qrs_out_0,30,0,0
F2,base,1155,qrs_out_1,0,0,0
F2,base,1155,qrs_out_2,0,0,0
F2,base,1156,qrs_out_0,27,0,0
F2,base,1156,qrs_out_1,0,0,0
F2,base,1156,qrs_out_2,0,0,0
F2,base,1157,qrs_out_0,24,0,0
F2,base,1157,qrs_out_1,0,0,0
F2,base,1157,qrs_out_2,0,0,0
F2,base,1158,qrs_out_0,21,0,0
F2,base,1158,qrs_out_1,0,0,0
F2,base,1158,qrs_out_2,0,0,0
F2,base,1159,qrs_out_0,19,0,0
F2,base,1159,qrs_out_1,0,0,0
F2,base,1159,qrs_out_2,0,0,0
F2,base,1160,qrs_out_0,19,0,0
F2,base,1160,qrs_out_1,0,0,0
F2,base,1160,qrs_out_2,0,0,0
F2,base,1161,qrs_out_0,21,0,0
F2,base,1161,qrs_out_1,0,0,0
F2,base,1161,qrs_out_2,0,0,0
F2,base,1162,qrs_out_0,23,0,0
F2,base,1162,qrs_out_1,0,0,0
F2,base,1162,qrs_out_2,0,0,0
F2,base,1163,qrs_out_0,23,0,0
F2,base,1163,qrs_out_1,0,0,0
F2,base,1163,qrs_out_2,0,0,0
F2,base,1164,qrs_out_0,24,0,0
F2,base,1164,qrs_out_1,0,0,0
F2,base,1164,qrs_out_2,0,0,0
F2,base,1165,qrs_out_0,28,0,0
F2,base,1165,qrs_out_1,0,0,0
F2,base,1165,qrs_out_2,0,0,0
F2,base,1166,qrs_out_0,27,0,0
F2,base,1166,qrs_out_1,0,0,0
F2,base,1166,qrs_out_2,0,0,0
F2,base,1167,qrs_out_0,26,0,0
F2,base,1167,qrs_out_1,0,0,0
F2,base,1167,qrs_out_2,0,0,0
F2,base,1168,qrs_out_0,26,0,0
F2,base,1168,qrs_out_1,0,0,0
F2,base,1168,qrs_out_2,0,0,0
F2,base,1169,qrs_out_0,25,0,0
F2,base,1169,qrs_out_1,0,0,0
F2,base,1169,qrs_out_2,0,0,0
F2,base,1170,qrs_out_0,24,0,0
F2,base,1170,qrs_out_1,0,0,0
F2,base,1170,qrs_out_2,0,0,0
F2,base,1171,qrs_out_0,24,0,0
F2,base,1171,qrs_out_1,0,0,0
F2,base,1171,qrs_out_2,0,0,0
F2,base,1172,qrs_out_0,24,0,0
F2,base,1172,qrs_out_1,0,0,0
F2,base,1172,qrs_out_2,0,0,0
F2,base,1173,qrs_out_0,25,0,0
F2,base,1173,qrs_out_1,0,0,0
F2,base,1173,qrs_out_2,0,0,0
F2,base,1174,qrs_out_0,23,0,0
F2,base,1174,qrs_out_1,0,0,0
F2,base,1174,qrs_out_2,0,0,0
F2,base,1175,qrs_out_0,22,0,0
F2,base,1175,qrs_out_1,0,0,0
F2,base,1175,qrs_out_2,0,0,0
F2,base,1176,qrs_out_0,18,0,0
F2,base,1176,qrs_out_1,0,0,0
F2,base,1176,qrs_out_2,0,0,0
F2,base,1177,qrs_out_0,17,0,0
F2,base,1177,qrs_out_1,0,0,0
F2,base,1177,qrs_out_2,0,0,0
F2,base,1178,qrs_out_0,16,0,0
F2,base,1178,qrs_out_1,0,0,0
F2,base,1178,qrs_out_2,0,0,0
F2,base,1179,qrs_out_0,21,0,0
F2,base,1179,qrs_out_1,0,0,0
F2,base,1179,qrs_out_2,0,0,0
F2,base,1180,qrs_out_0,32,0,0
F2,base,1180,qrs_out_1,0,0,0
F2,base,1180,qrs_out_2,0,0,0
F2,base,1181,qrs_out_0,48,0,0
F2,base,1181,qrs_out_1,0,0,0
F2,base,1181,qrs_out_2,0,0,0
F2,base,1182,qrs_out_0,73,0,0
F2,base,1182,qrs_out_1,0,0,0
F2,base,1182,qrs_out_2,0,0,0
F2,base,1183,qrs_out_0,105,0,0
F2,base,1183,qrs_out_1,0,0,0
F2,base,1183,qrs_out_2,0,0,0
F2,base,1184,qrs_out_0,142,0,0
F2,base,1184,qrs_out_1,0,0,0
F2,base,1184,qrs_out_2,0,0,0
F2,base,1185,qrs_out_0,183,0,0
F2,base,1185,qrs_out_1,0,0,0
F2,base,1185,qrs_out_2,0,0,0
F2,base,1186,qrs_out_0,226,0,0
F2,base,1186,qrs_out_1,0,0,0
F2,base,1186,qrs_out_2,0,0,0
F2,base,1187,qrs_out_0,261,0,0
F2,base,1187,qrs_out_1,0,0,0
F2,base,1187,qrs_out_2,0,0,0
F2,base,1188,qrs_out_0,277,0,0
F2,base,1188,qrs_out_1,0,0,0
F2,base,1188,qrs_out_2,0,0,0
F2,base,1189,qrs_out_0,267,0,0
F2,base,1189,qrs_out_1,0,0,0
F2,base,1189,qrs_out_2,0,0,0
F2,base,1190,qrs_out_0,230,0,0
F2,base,1190,qrs_out_1,0,0,0
F2,base,1190,qrs_out_2,0,0,0
F2,base,1191,qrs_out_0,178,0,0
F2,base,1191,qrs_out_1,0,0,0
F2,base,1191,qrs_out_2,0,0,0
F2,base,1192,qrs_out_0,122,0,0
F2,base,1192,qrs_out_1,0,0,0
F2,base,1192,qrs_out_2,0,0,0
F2,base,1193,qrs_out_0,71,0,0
F2,base,1193,qrs_out_1,0,0,0
F2,base,1193,qrs_out_2,0,0,0
F2,base,1194,qrs_out_0,38,0,0
F2,base,1194,qrs_out_1,0,0,0
F2,base,1194,qrs_out_2,0,0,0
F2,base,1195,qrs_out_0,23,0,0
F2,base,1195,qrs_out_1,0,0,0
F2,base,1195,qrs_out_2,0,0,0
F2,base,1196,qrs_out_0,26,0,0
F2,base,1196,qrs_out_1,0,0,0
F2,base,1196,qrs_out_2,0,0,0
F2,base,1197,qrs_out_0,34,0,0
F2,base,1197,qrs_out_1,0,0,0
F2,base,1197,qrs_out_2,0,0,0
F2,base,1198,qrs_out_0,45,0,0
F2,base,1198,qrs_out_1,0,0,0
F2,base,1198,qrs_out_2,0,0,0
F2,base,1199,qrs_out_0,51,0,0
F2,base,1199,qrs_out_1,0,0,0
F2,base,1199,qrs_out_2,0,0,0
F2,base,1200,qrs_out_0,56,0,0
F2,base,1200,qrs_out_1,0,0,0
F2,base,1200,qrs_out_2,0,0,0
F2,base,1201,qrs_out_0,56,0,0
F2,base,1201,qrs_out_1,5,0,0
F2,base,1201,qrs_out_2,5,0,0
F2,base,1202,qrs_out_0,52,0,0
F2,base,1202,qrs_out_1,5,0,0
F2,base,1202,qrs_out_2,5,0,0
F2,base,1203,qrs_out_0,50,0,0
F2,base,1203,qrs_out_1,5,0,0
F2,base,1203,qrs_out_2,5,0,0
F2,base,1204,qrs_out_0,44,0,0
F2,base,1204,qrs_out_1,5,0,0
F2,base,1204,qrs_out_2,5,0,0
F2,base,1205,qrs_out_0,39,0,0
F2,base,1205,qrs_out_1,5,0,0
F2,base,1205,qrs_out_2,5,0,0
F2,base,1206,qrs_out_0,35,0,0
F2,base,1206,qrs_out_1,5,0,0
F2,base,1206,qrs_out_2,5,0,0
F2,base,1207,qrs_out_0,33,0,0
F2,base,1207,qrs_out_1,5,0,0
F2,base,1207,qrs_out_2,5,0,0
F2,base,1208,qrs_out_0,32,0,0
F2,base,1208,qrs_out_1,5,0,0
F2,base,1208,qrs_out_2,5,0,0
F2,base,1209,qrs_out_0,32,0,0
F2,base,1209,qrs_out_1,5,0,0
F2,base,1209,qrs_out_2,5,0,0
F2,base,1210,qrs_out_0,32,0,0
F2,base,1210,qrs_out_1,10,0,0
F2,base,1210,qrs_out_2,10,0,0
F2,base,1211,qrs_out_0,32,0,0
F2,base,1211,qrs_out_1,10,0,0
F2,base,1211,qrs_out_2,10,0,0
F2,base,1212,qrs_out_0,34,0,0
F2,base,1212,qrs_out_1,10,0,0
F2,base,1212,qrs_out_2,10,0,0
F2,base,1213,qrs_out_0,33,0,0
F2,base,1213,qrs_out_1,10,0,0
F2,base,1213,qrs_out_2,10,0,0
F2,base,1214,qrs_out_0,34,0,0
F2,base,1214,qrs_out_1,10,0,0
F2,base,1214,qrs_out_2,10,0,0
F2,base,1215,qrs_out_0,34,0,0
F2,base,1215,qrs_out_1,10,0,0
F2,base,1215,qrs_out_2,10,0,0
F2,base,1216,qrs_out_0,31,0,0
F2,base,1216,qrs_out_1,10,0,0
F2,base,1216,qrs_out_2,10,0,0
F2,base,1217,qrs_out_0,31,0,0
F2,base,1217,qrs_out_1,10,0,0
F2,base,1217,qrs_out_2,10,0,0
F2,base,1218,qrs_out_0,30,0,0
F2,base,1218,qrs_out_1,10,0,0
F2,base,1218,qrs_out_2,10,0,0
F2,base,1219,qrs_out_0,29,0,0
F2,base,1219,qrs_out_1,10,0,0
F2,base,1219,qrs_out_2,10,0,0
F2,base,1220,qrs_out_0,27,0,0
F2,base,1220,qrs_out_1,10,0,0
F2,base,1220,qrs_out_2,10,0,0
F2,base,1221,qrs_out_0,29,0,0
F2,base,1221,qrs_out_1,10,0,0
F2,base,1221,qrs_out_2,10,0,0
F2,base,1222,qrs_out_0,30,0,0
F2,base,1222,qrs_out_1,10,0,0
F2,base,1222,qrs_out_2,10,0,0
F2,base,1223,qrs_out_0,32,0,0
F2,base,1223,qrs_out_1,10,0,0
F2,base,1223,qrs_out_2,10,0,0
F2,base,1224,qrs_out_0,33,0,0
F2,base,1224,qrs_out_1,10,0,0
F2,base,1224,qrs_out_2,10,0,0
F2,base,1225,qrs_out_0,35,0,0
F2,base,1225,qrs_out_1,10,0,0
F2,base,1225,qrs_out_2,10,0,0
F2,base,1226,qrs_out_0,35,0,0
F2,base,1226,qrs_out_1,10,0,0
F2,base,1226,qrs_out_2,10,0,0
F2,base,1227,qrs_out_0,34,0,0
F2,base,1227,qrs_out_1,10,0,0
F2,base,1227,qrs_out_2,10,0,0
F2,base,1228,qrs_out_0,35,0,0
F2,base,1228,qrs_out_1,5,0,0
F2,base,1228,qrs_out_2,5,0,0
F2,base,1229,qrs_out_0,33,0,0
F2,base,1229,qrs_out_1,5,0,0
F2,base,1229,qrs_out_2,5,0,0
F2,base,1230,qrs_out_0,33,0,0
F2,base,1230,qrs_out_1,5,0,0
F2,base,1230,qrs_out_2,5,0,0
F2,base,1231,qrs_out_0,33,0,0
F2,base,1231,qrs_out_1,5,0,0
F2,base,1231,qrs_out_2,5,0,0
F2,base,1232,qrs_out_0,31,0,0
F2,base,1232,qrs_out_1,5,0,0
F2,base,1232,qrs_out_2,5,0,0
F2,base,1233,qrs_out_0,33,0,0
F2,base,1233,qrs_out_1,5,0,0
F2,base,1233,qrs_out_2,5,0,0
F2,base,1234,qrs_out_0,33,0,0
F2,base,1234,qrs_out_1,5,0,0
F2,base,1234,qrs_out_2,5,0,0
F2,base,1235,qrs_out_0,35,0,0
F2,base,1235,qrs_out_1,5,0,0
F2,base,1235,qrs_out_2,5,0,0
F2,base,1236,qrs_out_0,37,0,0
F2,base,1236,qrs_out_1,5,0,0
F2,base,1236,qrs_out_2,5,0,0
F2,base,1237,qrs_out_0,37,0,0
F2,base,1237,qrs_out_1,0,0,0
F2,base,1237,qrs_out_2,0,0,0
F2,base,1238,qrs_out_0,38,0,0
F2,base,1238,qrs_out_1,0,0,0
F2,base,1238,qrs_out_2,0,0,0
F2,base,1239,qrs_out_0,38,0,0
F2,base,1239,qrs_out_1,0,0,0
F2,base,1239,qrs_out_2,0,0,0
F2,base,1240,qrs_out_0,39,0,0
F2,base,1240,qrs_out_1,0,0,0
F2,base,1240,qrs_out_2,0,0,0
F2,base,1241,qrs_out_0,35,0,0
F2,base,1241,qrs_out_1,0,0,0
F2,base,1241,qrs_out_2,0,0,0
F2,base,1242,qrs_out_0,36,0,0
F2,base,1242,qrs_out_1,0,0,0
F2,base,1242,qrs_out_2,0,0,0
F2,base,1243,qrs_out_0,36,0,0
F2,base,1243,qrs_out_1,0,0,0
F2,base,1243,qrs_out_2,0,0,0
F2,base,1244,qrs_out_0,34,0,0
F2,base,1244,qrs_out_1,0,0,0
F2,base,1244,qrs_out_2,0,0,0
F2,base,1245,qrs_out_0,36,0,0
F2,base,1245,qrs_out_1,0,0,0
F2,base,1245,qrs_out_2,0,0,0
F2,base,1246,qrs_out_0,35,0,0
F2,base,1246,qrs_out_1,0,0,0
F2,base,1246,qrs_out_2,0,0,0
F2,base,1247,qrs_out_0,37,0,0
F2,base,1247,qrs_out_1,0,0,0
F2,base,1247,qrs_out_2,0,0,0
F2,base,1248,qrs_out_0,37,0,0
F2,base,1248,qrs_out_1,0,0,0
F2,base,1248,qrs_out_2,0,0,0
F2,base,1249,qrs_out_0,39,0,0
F2,base,1249,qrs_out_1,0,0,0
F2,base,1249,qrs_out_2,0,0,0
F2,base,1250,qrs_out_0,40,0,0
F2,base,1250,qrs_out_1,0,0,0
F2,base,1250,qrs_out_2,0,0,0
F2,base,1251,qrs_out_0,40,0,0
F2,base,1251,qrs_out_1,0,0,0
F2,base,1251,qrs_out_2,0,0,0
F2,base,1252,qrs_out_0,39,0,0
F2,base,1252,qrs_out_1,0,0,0
F2,base,1252,qrs_out_2,0,0,0
F2,base,1253,qrs_out_0,38,0,0
F2,base,1253,qrs_out_1,0,0,0
F2,base,1253,qrs_out_2,0,0,0
F2,base,1254,qrs_out_0,39,0,0
F2,base,1254,qrs_out_1,0,0,0
F2,base,1254,qrs_out_2,0,0,0
F2,base,1255,qrs_out_0,37,0,0
F2,base,1255,qrs_out_1,0,0,0
F2,base,1255,qrs_out_2,0,0,0
F2,base,1256,qrs_out_0,37,0,0
F2,base,1256,qrs_out_1,0,0,0
F2,base,1256,qrs_out_2,0,0,0
F2,base,1257,qrs_out_0,40,0,0
F2,base,1257,qrs_out_1,0,0,0
F2,base,1257,qrs_out_2,0,0,0
F2,base,1258,qrs_out_0,39,0,0
F2,base,1258,qrs_out_1,0,0,0
F2,base,1258,qrs_out_2,0,0,0
F2,base,1259,qrs_out_0,42,0,0
F2,base,1259,qrs_out_1,0,0,0
F2,base,1259,qrs_out_2,0,0,0
F2,base,1260,qrs_out_0,42,0,0
F2,base,1260,qrs_out_1,0,0,0
F2,base,1260,qrs_out_2,0,0,0
F2,base,1261,qrs_out_0,44,0,0
F2,base,1261,qrs_out_1,0,0,0
F2,base,1261,qrs_out_2,0,0,0
F2,base,1262,qrs_out_0,44,0,0
F2,base,1262,qrs_out_1,0,0,0
F2,base,1262,qrs_out_2,0,0,0
F2,base,1263,qrs_out_0,46,0,0
F2,base,1263,qrs_out_1,0,0,0
F2,base,1263,qrs_out_2,0,0,0
F2,base,1264,qrs_out_0,45,0,0
F2,base,1264,qrs_out_1,0,0,0
F2,base,1264,qrs_out_2,0,0,0
F2,base,1265,qrs_out_0,43,0,0
F2,base,1265,qrs_out_1,0,0,0
F2,base,1265,qrs_out_2,0,0,0
F2,base,1266,qrs_out_0,42,0,0
F2,base,1266,qrs_out_1,0,0,0
F2,base,1266,qrs_out_2,0,0,0
F2,base,1267,qrs_out_0,42,0,0
F2,base,1267,qrs_out_1,0,0,0
F2,base,1267,qrs_out_2,0,0,0
F2,base,1268,qrs_out_0,40,0,0
F2,base,1268,qrs_out_1,0,0,0
F2,base,1268,qrs_out_2,0,0,0
F2,base,1269,qrs_out_0,41,0,0
F2,base,1269,qrs_out_1,0,0,0
F2,base,1269,qrs_out_2,0,0,0
F2,base,1270,qrs_out_0,43,0,0
F2,base,1270,qrs_out_1,0,0,0
F2,base,1270,qrs_out_2,0,0,0
F2,base,1271,qrs_out_0,46,0,0
F2,base,1271,qrs_out_1,0,0,0
F2,base,1271,qrs_out_2,0,0,0
F2,base,1272,qrs_out_0,47,0,0
F2,base,1272,qrs_out_1,0,0,0
F2,base,1272,qrs_out_2,0,0,0
F2,base,1273,qrs_out_0,46,0,0
F2,base,1273,qrs_out_1,0,0,0
F2,base,1273,qrs_out_2,0,0,0
F2,base,1274,qrs_out_0,47,0,0
F2,base,1274,qrs_out_1,0,0,0
F2,base,1274,qrs_out_2,0,0,0
F2,base,1275,qrs_out_0,48,0,0
F2,base,1275,qrs_out_1,0,0,0
F2,base,1275,qrs_out_2,0,0,0
F2,base,1276,qrs_out_0,47,0,0
F2,base,1276,qrs_out_1,0,0,0
F2,base,1276,qrs_out_2,0,0,0
F2,base,1277,qrs_out_0,46,0,0
F2,base,1277,qrs_out_1,0,0,0
F2,base,1277,qrs_out_2,0,0,0
F2,base,1278,qrs_out_0,45,0,0
F2,base,1278,qrs_out_1,0,0,0
F2,base,1278,qrs_out_2,0,0,0
F2,base,1279,qrs_out_0,43,0,0
F2,base,1279,qrs_out_1,0,0,0
F2,base,1279,qrs_out_2,0,0,0
F2,base,1280,qrs_out_0,44,0,0
F2,base,1280,qrs_out_1,0,0,0
F2,base,1280,qrs_out_2,0,0,0
F2,base,1281,qrs_out_0,46,0,0
F2,base,1281,qrs_out_1,0,0,0
F2,base,1281,qrs_out_2,0,0,0
F2,base,1282,qrs_out_0,46,0,0
F2,base,1282,qrs_out_1,0,0,0
F2,base,1282,qrs_out_2,0,0,0
F2,base,1283,qrs_out_0,48,0,0
F2,base,1283,qrs_out_1,0,0,0
F2,base,1283,qrs_out_2,0,0,0
F2,base,1284,qrs_out_0,52,0,0
F2,base,1284,qrs_out_1,0,0,0
F2,base,1284,qrs_out_2,0,0,0
F2,base,1285,qrs_out_0,54,0,0
F2,base,1285,qrs_out_1,0,0,0
F2,base,1285,qrs_out_2,0,0,0
F2,base,1286,qrs_out_0,57,0,0
F2,base,1286,qrs_out_1,0,0,0
F2,base,1286,qrs_out_2,0,0,0
F2,base,1287,qrs_out_0,58,0,0
F2,base,1287,qrs_out_1,0,0,0
F2,base,1287,qrs_out_2,0,0,0
F2,base,1288,qrs_out_0,57,0,0
F2,base,1288,qrs_out_1,0,0,0
F2,base,1288,qrs_out_2,0,0,0
F2,base,1289,qrs_out_0,58,0,0
F2,base,1289,qrs_out_1,0,0,0
F2,base,1289,qrs_out_2,0,0,0
F2,base,1290,qrs_out_0,56,0,0
F2,base,1290,qrs_out_1,0,0,0
F2,base,1290,qrs_out_2,0,0,0
F2,base,1291,qrs_out_0,58,0,0
F2,base,1291,qrs_out_1,0,0,0
F2,base,1291,qrs_out_2,0,0,0
F2,base,1292,qrs_out_0,59,0,0
F2,base,1292,qrs_out_1,0,0,0
F2,base,1292,qrs_out_2,0,0,0
F2,base,1293,qrs_out_0,60,0,0
F2,base,1293,qrs_out_1,0,0,0
F2,base,1293,qrs_out_2,0,0,0
F2,base,1294,qrs_out_0,62,0,0
F2,base,1294,qrs_out_1,0,0,0
F2,base,1294,qrs_out_2,0,0,0
F2,base,1295,qrs_out_0,64,0,0
F2,base,1295,qrs_out_1,0,0,0
F2,base,1295,qrs_out_2,0,0,0
F2,base,1296,qrs_out_0,65,0,0
F2,base,1296,qrs_out_1,0,0,0
F2,base,1296,qrs_out_2,0,0,0
F2,base,1297,qrs_out_0,67,0,0
F2,base,1297,qrs_out_1,0,0,0
F2,base,1297,qrs_out_2,0,0,0
F2,base,1298,qrs_out_0,67,0,0
F2,base,1298,qrs_out_1,0,0,0
F2,base,1298,qrs_out_2,0,0,0
F2,base,1299,qrs_out_0,66,0,0
F2,base,1299,qrs_out_1,0,0,0
F2,base,1299,qrs_out_2,0,0,0
F2,base,1300,qrs_out_0,64,0,0
F2,base,1300,qrs_out_1,0,0,0
F2,base,1300,qrs_out_2,0,0,0
F2,base,1301,qrs_out_0,62,0,0
F2,base,1301,qrs_out_1,0,0,0
F2,base,1301,qrs_out_2,0,0,0
F2,base,1302,qrs_out_0,59,0,0
F2,base,1302,qrs_out_1,0,0,0
F2,base,1302,qrs_out_2,0,0,0
F2,base,1303,qrs_out_0,55,0,0
F2,base,1303,qrs_out_1,0,0,0
F2,base,1303,qrs_out_2,0,0,0
F2,base,1304,qrs_out_0,55,0,0
F2,base,1304,qrs_out_1,0,0,0
F2,base,1304,qrs_out_2,0,0,0
F2,base,1305,qrs_out_0,55,0,0
F2,base,1305,qrs_out_1,0,0,0
F2,base,1305,qrs_out_2,0,0,0
F2,base,1306,qrs_out_0,53,0,0
F2,base,1306,qrs_out_1,0,0,0
F2,base,1306,qrs_out_2,0,0,0
F2,base,1307,qrs_out_0,56,0,0
F2,base,1307,qrs_out_1,0,0,0
F2,base,1307,qrs_out_2,0,0,0
F2,base,1308,qrs_out_0,53,0,0
F2,base,1308,qrs_out_1,0,0,0
F2,base,1308,qrs_out_2,0,0,0
F2,base,1309,qrs_out_0,53,0,0
F2,base,1309,qrs_out_1,0,0,0
F2,base,1309,qrs_out_2,0,0,0
F2,base,1310,qrs_out_0,51,0,0
F2,base,1310,qrs_out_1,0,0,0
F2,base,1310,qrs_out_2,0,0,0
F2,base,1311,qrs_out_0,52,0,0
F2,base,1311,qrs_out_1,0,0,0
F2,base,1311,qrs_out_2,0,0,0
F2,base,1312,qrs_out_0,49,0,0
F2,base,1312,qrs_out_1,0,0,0
F2,base,1312,qrs_out_2,0,0,0
F2,base,1313,qrs_out_0,49,0,0
F2,base,1313,qrs_out_1,0,0,0
F2,base,1313,qrs_out_2,0,0,0
F2,base,1314,qrs_out_0,47,0,0
F2,base,1314,qrs_out_1,0,0,0
F2,base,1314,qrs_out_2,0,0,0
F2,base,1315,qrs_out_0,43,0,0
F2,base,1315,qrs_out_1,0,0,0
F2,base,1315,qrs_out_2,0,0,0
F2,base,1316,qrs_out_0,42,0,0
F2,base,1316,qrs_out_1,0,0,0
F2,base,1316,qrs_out_2,0,0,0
F2,base,1317,qrs_out_0,41,0,0
F2,base,1317,qrs_out_1,0,0,0
F2,base,1317,qrs_out_2,0,0,0
F2,base,1318,qrs_out_0,43,0,0
F2,base,1318,qrs_out_1,0,0,0
F2,base,1318,qrs_out_2,0,0,0
F2,base,1319,qrs_out_0,43,0,0
F2,base,1319,qrs_out_1,0,0,0
F2,base,1319,qrs_out_2,0,0,0
F2,base,1320,qrs_out_0,44,0,0
F2,base,1320,qrs_out_1,0,0,0
F2,base,1320,qrs_out_2,0,0,0
F2,base,1321,qrs_out_0,46,0,0
F2,base,1321,qrs_out_1,0,0,0
F2,base,1321,qrs_out_2,0,0,0
F2,base,1322,qrs_out_0,46,0,0
F2,base,1322,qrs_out_1,0,0,0
F2,base,1322,qrs_out_2,0,0,0
F2,base,1323,qrs_out_0,45,0,0
F2,base,1323,qrs_out_1,0,0,0
F2,base,1323,qrs_out_2,0,0,0
F2,base,1324,qrs_out_0,44,0,0
F2,base,1324,qrs_out_1,0,0,0
F2,base,1324,qrs_out_2,0,0,0
F2,base,1325,qrs_out_0,43,0,0
F2,base,1325,qrs_out_1,0,0,0
F2,base,1325,qrs_out_2,0,0,0
F2,base,1326,qrs_out_0,39,0,0
F2,base,1326,qrs_out_1,0,0,0
F2,base,1326,qrs_out_2,0,0,0
F2,base,1327,qrs_out_0,40,0,0
F2,base,1327,qrs_out_1,0,0,0
F2,base,1327,qrs_out_2,0,0,0
F2,base,1328,qrs_out_0,39,0,0
F2,base,1328,qrs_out_1,0,0,0
F2,base,1328,qrs_out_2,0,0,0
F2,base,1329,qrs_out_0,38,0,0
F2,base,1329,qrs_out_1,0,0,0
F2,base,1329,qrs_out_2,0,0,0
F2,base,1330,qrs_out_0,39,0,0
F2,base,1330,qrs_out_1,0,0,0
F2,base,1330,qrs_out_2,0,0,0
F2,base,1331,qrs_out_0,40,0,0
F2,base,1331,qrs_out_1,0,0,0
F2,base,1331,qrs_out_2,0,0,0
F2,base,1332,qrs_out_0,42,0,0
F2,base,1332,qrs_out_1,0,0,0
F2,base,1332,qrs_out_2,0,0,0
F2,base,1333,qrs_out_0,41,0,0
F2,base,1333,qrs_out_1,0,0,0
F2,base,1333,qrs_out_2,0,0,0
F2,base,1334,qrs_out_0,40,0,0
F2,base,1334,qrs_out_1,0,0,0
F2,base,1334,qrs_out_2,0,0,0
F2,base,1335,qrs_out_0,42,0,0
F2,base,1335,qrs_out_1,0,0,0
F2,base,1335,qrs_out_2,0,0,0
F2,base,1336,qrs_out_0,42,0,0
F2,base,1336,qrs_out_1,0,0,0
F2,base,1336,qrs_out_2,0,0,0
F2,base,1337,qrs_out_0,41,0,0
F2,base,1337,qrs_out_1,0,0,0
F2,base,1337,qrs_out_2,0,0,0
F2,base,1338,qrs_out_0,39,0,0
F2,base,1338,qrs_out_1,0,0,0
F2,base,1338,qrs_out_2,0,0,0
F2,base,1339,qrs_out_0,37,0,0
F2,base,1339,qrs_out_1,0,0,0
F2,base,1339,qrs_out_2,0,0,0
F2,base,1340,qrs_out_0,37,0,0
F2,base,1340,qrs_out_1,0,0,0
F2,base,1340,qrs_out_2,0,0,0
F2,base,1341,qrs_out_0,36,0,0
F2,base,1341,qrs_out_1,0,0,0
F2,base,1341,qrs_out_2,0,0,0
F2,base,1342,qrs_out_0,35,0,0
F2,base,1342,qrs_out_1,0,0,0
F2,base,1342,qrs_out_2,0,0,0
F2,base,1343,qrs_out_0,38,0,0
F2,base,1343,qrs_out_1,0,0,0
F2,base,1343,qrs_out_2,0,0,0
F2,base,1344,qrs_out_0,39,0,0
F2,base,1344,qrs_out_1,0,0,0
F2,base,1344,qrs_out_2,0,0,0
F2,base,1345,qrs_out_0,40,0,0
F2,base,1345,qrs_out_1,0,0,0
F2,base,1345,qrs_out_2,0,0,0
F2,base,1346,qrs_out_0,40,0,0
F2,base,1346,qrs_out_1,0,0,0
F2,base,1346,qrs_out_2,0,0,0
F2,base,1347,qrs_out_0,39,0,0
F2,base,1347,qrs_out_1,0,0,0
F2,base,1347,qrs_out_2,0,0,0
F2,base,1348,qrs_out_0,40,0,0
F2,base,1348,qrs_out_1,0,0,0
F2,base,1348,qrs_out_2,0,0,0
F2,base,1349,qrs_out_0,37,0,0
F2,base,1349,qrs_out_1,0,0,0
F2,base,1349,qrs_out_2,0,0,0
F2,base,1350,qrs_out_0,36,0,0
F2,base,1350,qrs_out_1,0,0,0
F2,base,1350,qrs_out_2,0,0,0
F2,base,1351,qrs_out_0,35,0,0
F2,base,1351,qrs_out_1,0,0,0
F2,base,1351,qrs_out_2,0,0,0
F2,base,1352,qrs_out_0,33,0,0
F2,base,1352,qrs_out_1,0,0,0
F2,base,1352,qrs_out_2,0,0,0
F2,base,1353,qrs_out_0,33,0,0
F2,base,1353,qrs_out_1,0,0,0
F2,base,1353,qrs_out_2,0,0,0
F2,base,1354,qrs_out_0,34,0,0
F2,base,1354,qrs_out_1,0,0,0
F2,base,1354,qrs_out_2,0,0,0
F2,base,1355,qrs_out_0,37,0,0
F2,base,1355,qrs_out_1,0,0,0
F2,base,1355,qrs_out_2,0,0,0
F2,base,1356,qrs_out_0,34,0,0
F2,base,1356,qrs_out_1,0,0,0
F2,base,1356,qrs_out_2,0,0,0
F2,base,1357,qrs_out_0,35,0,0
F2,base,1357,qrs_out_1,0,0,0
F2,base,1357,qrs_out_2,0,0,0
F2,base,1358,qrs_out_0,36,0,0
F2,base,1358,qrs_out_1,0,0,0
F2,base,1358,qrs_out_2,0,0,0
F2,base,1359,qrs_out_0,36,0,0
F2,base,1359,qrs_out_1,0,0,0
F2,base,1359,qrs_out_2,0,0,0
F2,base,1360,qrs_out_0,35,0,0
F2,base,1360,qrs_out_1,0,0,0
F2,base,1360,qrs_out_2,0,0,0
F2,base,1361,qrs_out_0,35,0,0
F2,base,1361,qrs_out_1,0,0,0
F2,base,1361,qrs_out_2,0,0,0
F2,base,1362,qrs_out_0,33,0,0
F2,base,1362,qrs_out_1,0,0,0
F2,base,1362,qrs_out_2,0,0,0
F2,base,1363,qrs_out_0,34,0,0
F2,base,1363,qrs_out_1,0,0,0
F2,base,1363,qrs_out_2,0,0,0
F2,base,1364,qrs_out_0,33,0,0
F2,base,1364,qrs_out_1,0,0,0
F2,base,1364,qrs_out_2,0,0,0
F2,base,1365,qrs_out_0,31,0,0
F2,base,1365,qrs_out_1,0,0,0
F2,base,1365,qrs_out_2,0,0,0
F2,base,1366,qrs_out_0,34,0,0
F2,base,1366,qrs_out_1,0,0,0
F2,base,1366,qrs_out_2,0,0,0
F2,base,1367,qrs_out_0,35,0,0
F2,base,1367,qrs_out_1,0,0,0
F2,base,1367,qrs_out_2,0,0,0
F2,base,1368,qrs_out_0,40,0,0
F2,base,1368,qrs_out_1,0,0,0
F2,base,1368,qrs_out_2,0,0,0
F2,base,1369,qrs_out_0,43,0,0
F2,base,1369,qrs_out_1,0,0,0
F2,base,1369,qrs_out_2,0,0,0
F2,base,1370,qrs_out_0,44,0,0
F2,base,1370,qrs_out_1,0,0,0
F2,base,1370,qrs_out_2,0,0,0
F2,base,1371,qrs_out_0,44,0,0
F2,base,1371,qrs_out_1,0,0,0
F2,base,1371,qrs_out_2,0,0,0
F2,base,1372,qrs_out_0,46,0,0
F2,base,1372,qrs_out_1,0,0,0
F2,base,1372,qrs_out_2,0,0,0
F2,base,1373,qrs_out_0,46,0,0
F2,base,1373,qrs_out_1,0,0,0
F2,base,1373,qrs_out_2,0,0,0
F2,base,1374,qrs_out_0,45,0,0
F2,base,1374,qrs_out_1,0,0,0
F2,base,1374,qrs_out_2,0,0,0
F2,base,1375,qrs_out_0,46,0,0
F2,base,1375,qrs_out_1,0,0,0
F2,base,1375,qrs_out_2,0,0,0
F2,base,1376,qrs_out_0,46,0,0
F2,base,1376,qrs_out_1,0,0,0
F2,base,1376,qrs_out_2,0,0,0
F2,base,1377,qrs_out_0,45,0,0
F2,base,1377,qrs_out_1,0,0,0
F2,base,1377,qrs_out_2,0,0,0
F2,base,1378,qrs_out_0,46,0,0
F2,base,1378,qrs_out_1,0,0,0
F2,base,1378,qrs_out_2,0,0,0
F2,base,1379,qrs_out_0,50,0,0
F2,base,1379,qrs_out_1,0,0,0
F2,base,1379,qrs_out_2,0,0,0
F2,base,1380,qrs_out_0,51,0,0
F2,base,1380,qrs_out_1,0,0,0
F2,base,1380,qrs_out_2,0,0,0
F2,base,1381,qrs_out_0,55,0,0
F2,base,1381,qrs_out_1,0,0,0
F2,base,1381,qrs_out_2,0,0,0
F2,base,1382,qrs_out_0,57,0,0
F2,base,1382,qrs_out_1,0,0,0
F2,base,1382,qrs_out_2,0,0,0
F2,base,1383,qrs_out_0,58,0,0
F2,base,1383,qrs_out_1,0,0,0
F2,base,1383,qrs_out_2,0,0,0
F2,base,1384,qrs_out_0,55,0,0
F2,base,1384,qrs_out_1,0,0,0
F2,base,1384,qrs_out_2,0,0,0
F2,base,1385,qrs_out_0,53,0,0
F2,base,1385,qrs_out_1,0,0,0
F2,base,1385,qrs_out_2,0,0,0
F2,base,1386,qrs_out_0,49,0,0
F2,base,1386,qrs_out_1,0,0,0
F2,base,1386,qrs_out_2,0,0,0
F2,base,1387,qrs_out_0,44,0,0
F2,base,1387,qrs_out_1,0,0,0
F2,base,1387,qrs_out_2,0,0,0
F2,base,1388,qrs_out_0,42,0,0
F2,base,1388,qrs_out_1,0,0,0
F2,base,1388,qrs_out_2,0,0,0
F2,base,1389,qrs_out_0,42,0,0
F2,base,1389,qrs_out_1,0,0,0
F2,base,1389,qrs_out_2,0,0,0
F2,base,1390,qrs_out_0,44,0,0
F2,base,1390,qrs_out_1,0,0,0
F2,base,1390,qrs_out_2,0,0,0
F2,base,1391,qrs_out_0,43,0,0
F2,base,1391,qrs_out_1,0,0,0
F2,base,1391,qrs_out_2,0,0,0
F2,base,1392,qrs_out_0,44,0,0
F2,base,1392,qrs_out_1,0,0,0
F2,base,1392,qrs_out_2,0,0,0
F2,base,1393,qrs_out_0,44,0,0
F2,base,1393,qrs_out_1,0,0,0
F2,base,1393,qrs_out_2,0,0,0
F2,base,1394,qrs_out_0,43,0,0
F2,base,1394,qrs_out_1,0,0,0
F2,base,1394,qrs_out_2,0,0,0
F2,base,1395,qrs_out_0,43,0,0
F2,base,1395,qrs_out_1,0,0,0
F2,base,1395,qrs_out_2,0,0,0
F2,base,1396,qrs_out_0,42,0,0
F2,base,1396,qrs_out_1,0,0,0
F2,base,1396,qrs_out_2,0,0,0
F2,base,1397,qrs_out_0,39,0,0
F2,base,1397,qrs_out_1,0,0,0
F2,base,1397,qrs_out_2,0,0,0
F2,base,1398,qrs_out_0,36,0,0
F2,base,1398,qrs_out_1,0,0,0
F2,base,1398,qrs_out_2,0,0,0
F2,base,1399,qrs_out_0,32,0,0
F2,base,1399,qrs_out_1,0,0,0
F2,base,1399,qrs_out_2,0,0,0
F2,base,1400,qrs_out_0,29,0,0
F2,base,1400,qrs_out_1,0,0,0
F2,base,1400,qrs_out_2,0,0,0
F2,base,1401,qrs_out_0,27,0,0
F2,base,1401,qrs_out_1,0,0,0
F2,base,1401,qrs_out_2,0,0,0
F2,base,1402,qrs_out_0,26,0,0
F2,base,1402,qrs_out_1,0,0,0
F2,base,1402,qrs_out_2,0,0,0
F2,base,1403,qrs_out_0,27,0,0
F2,base,1403,qrs_out_1,0,0,0
F2,base,1403,qrs_out_2,0,0,0
F2,base,1404,qrs_out_0,26,0,0
F2,base,1404,qrs_out_1,0,0,0
F2,base,1404,qrs_out_2,0,0,0
F2,base,1405,qrs_out_0,30,0,0
F2,base,1405,qrs_out_1,0,0,0
F2,base,1405,qrs_out_2,0,0,0
F2,base,1406,qrs_out_0,28,0,0
F2,base,1406,qrs_out_1,0,0,0
F2,base,1406,qrs_out_2,0,0,0
F2,base,1407,qrs_out_0,28,0,0
F2,base,1407,qrs_out_1,0,0,0
F2,base,1407,qrs_out_2,0,0,0
F2,base,1408,qrs_out_0,28,0,0
F2,base,1408,qrs_out_1,0,0,0
F2,base,1408,qrs_out_2,0,0,0
F2,base,1409,qrs_out_0,26,0,0
F2,base,1409,qrs_out_1,0,0,0
F2,base,1409,qrs_out_2,0,0,0
F2,base,1410,qrs_out_0,25,0,0
F2,base,1410,qrs_out_1,0,0,0
F2,base,1410,qrs_out_2,0,0,0
F2,base,1411,qrs_out_0,25,0,0
F2,base,1411,qrs_out_1,0,0,0
F2,base,1411,qrs_out_2,0,0,0
F2,base,1412,qrs_out_0,24,0,0
F2,base,1412,qrs_out_1,0,0,0
F2,base,1412,qrs_out_2,0,0,0
F2,base,1413,qrs_out_0,24,0,0
F2,base,1413,qrs_out_1,0,0,0
F2,base,1413,qrs_out_2,0,0,0
F2,base,1414,qrs_out_0,26,0,0
F2,base,1414,qrs_out_1,0,0,0
F2,base,1414,qrs_out_2,0,0,0
F2,base,1415,qrs_out_0,25,0,0
F2,base,1415,qrs_out_1,0,0,0
F2,base,1415,qrs_out_2,0,0,0
F2,base,1416,qrs_out_0,27,0,0
F2,base,1416,qrs_out_1,0,0,0
F2,base,1416,qrs_out_2,0,0,0
F2,base,1417,qrs_out_0,29,0,0
F2,base,1417,qrs_out_1,0,0,0
F2,base,1417,qrs_out_2,0,0,0
F2,base,1418,qrs_out_0,27,0,0
F2,base,1418,qrs_out_1,0,0,0
F2,base,1418,qrs_out_2,0,0,0
F2,base,1419,qrs_out_0,26,0,0
F2,base,1419,qrs_out_1,0,0,0
F2,base,1419,qrs_out_2,0,0,0
F2,base,1420,qrs_out_0,21,0,0
F2,base,1420,qrs_out_1,0,0,0
F2,base,1420,qrs_out_2,0,0,0
F2,base,1421,qrs_out_0,18,0,0
F2,base,1421,qrs_out_1,0,0,0
F2,base,1421,qrs_out_2,0,0,0
F2,base,1422,qrs_out_0,13,0,0
F2,base,1422,qrs_out_1,0,0,0
F2,base,1422,qrs_out_2,0,0,0
F2,base,1423,qrs_out_0,21,0,0
F2,base,1423,qrs_out_1,0,0,0
F2,base,1423,qrs_out_2,0,0,0
F2,base,1424,qrs_out_0,37,0,0
F2,base,1424,qrs_out_1,0,0,0
F2,base,1424,qrs_out_2,0,0,0
F2,base,1425,qrs_out_0,61,0,0
F2,base,1425,qrs_out_1,0,0,0
F2,base,1425,qrs_out_2,0,0,0
F2,base,1426,qrs_out_0,96,0,0
F2,base,1426,qrs_out_1,0,0,0
F2,base,1426,qrs_out_2,0,0,0
F2,base,1427,qrs_out_0,139,0,0
F2,base,1427,qrs_out_1,0,0,0
F2,base,1427,qrs_out_2,0,0,0
F2,base,1428,qrs_out_0,186,0,0
F2,base,1428,qrs_out_1,0,0,0
F2,base,1428,qrs_out_2,0,0,0
F2,base,1429,qrs_out_0,234,0,0
F2,base,1429,qrs_out_1,0,0,0
F2,base,1429,qrs_out_2,0,0,0
F2,base,1430,qrs_out_0,266,0,0
F2,base,1430,qrs_out_1,0,0,0
F2,base,1430,qrs_out_2,0,0,0
F2,base,1431,qrs_out_0,273,0,0
F2,base,1431,qrs_out_1,0,0,0
F2,base,1431,qrs_out_2,0,0,0
F2,base,1432,qrs_out_0,251,0,0
F2,base,1432,qrs_out_1,0,0,0
F2,base,1432,qrs_out_2,0,0,0
F2,base,1433,qrs_out_0,201,0,0
F2,base,1433,qrs_out_1,0,0,0
F2,base,1433,qrs_out_2,0,0,0
F2,base,1434,qrs_out_0,142,0,0
F2,base,1434,qrs_out_1,0,0,0
F2,base,1434,qrs_out_2,0,0,0
F2,base,1435,qrs_out_0,86,0,0
F2,base,1435,qrs_out_1,0,0,0
F2,base,1435,qrs_out_2,0,0,0
F2,base,1436,qrs_out_0,45,0,0
F2,base,1436,qrs_out_1,0,0,0
F2,base,1436,qrs_out_2,0,0,0
F2,base,1437,qrs_out_0,25,0,0
F2,base,1437,qrs_out_1,0,0,0
F2,base,1437,qrs_out_2,0,0,0
F2,base,1438,qrs_out_0,25,0,0
F2,base,1438,qrs_out_1,0,0,0
F2,base,1438,qrs_out_2,0,0,0
F2,base,1439,qrs_out_0,36,0,0
F2,base,1439,qrs_out_1,0,0,0
F2,base,1439,qrs_out_2,0,0,0
F2,base,1440,qrs_out_0,50,0,0
F2,base,1440,qrs_out_1,0,0,0
F2,base,1440,qrs_out_2,0,0,0
F2,base,1441,qrs_out_0,59,0,0
F2,base,1441,qrs_out_1,0,0,0
F2,base,1441,qrs_out_2,0,0,0
F2,base,1442,qrs_out_0,63,0,0
F2,base,1442,qrs_out_1,0,0,0
F2,base,1442,qrs_out_2,0,0,0
F2,base,1443,qrs_out_0,62,0,0
F2,base,1443,qrs_out_1,0,0,0
F2,base,1443,qrs_out_2,0,0,0
F2,base,1444,qrs_out_0,58,0,0
F2,base,1444,qrs_out_1,5,0,0
F2,base,1444,qrs_out_2,5,0,0
F2,base,1445,qrs_out_0,51,0,0
F2,base,1445,qrs_out_1,5,0,0
F2,base,1445,qrs_out_2,5,0,0
F2,base,1446,qrs_out_0,43,0,0
F2,base,1446,qrs_out_1,5,0,0
F2,base,1446,qrs_out_2,5,0,0
F2,base,1447,qrs_out_0,39,0,0
F2,base,1447,qrs_out_1,5,0,0
F2,base,1447,qrs_out_2,5,0,0
F2,base,1448,qrs_out_0,34,0,0
F2,base,1448,qrs_out_1,5,0,0
F2,base,1448,qrs_out_2,5,0,0
F2,base,1449,qrs_out_0,34,0,0
F2,base,1449,qrs_out_1,5,0,0
F2,base,1449,qrs_out_2,5,0,0
F2,base,1450,qrs_out_0,35,0,0
F2,base,1450,qrs_out_1,5,0,0
F2,base,1450,qrs_out_2,5,0,0
F2,base,1451,qrs_out_0,35,0,0
F2,base,1451,qrs_out_1,5,0,0
F2,base,1451,qrs_out_2,5,0,0
F2,base,1452,qrs_out_0,38,0,0
F2,base,1452,qrs_out_1,5,0,0
F2,base,1452,qrs_out_2,5,0,0
F2,base,1453,qrs_out_0,37,0,0
F2,base,1453,qrs_out_1,5,0,0
F2,base,1453,qrs_out_2,5,0,0
F2,base,1454,qrs_out_0,38,0,0
F2,base,1454,qrs_out_1,5,0,0
F2,base,1454,qrs_out_2,5,0,0
F2,base,1455,qrs_out_0,37,0,0
F2,base,1455,qrs_out_1,5,0,0
F2,base,1455,qrs_out_2,5,0,0
F2,base,1456,qrs_out_0,35,0,0
F2,base,1456,qrs_out_1,10,0,0
F2,base,1456,qrs_out_2,10,0,0
F2,base,1457,qrs_out_0,31,0,0
F2,base,1457,qrs_out_1,10,0,0
F2,base,1457,qrs_out_2,10,0,0
F2,base,1458,qrs_out_0,33,0,0
F2,base,1458,qrs_out_1,10,0,0
F2,base,1458,qrs_out_2,10,0,0
F2,base,1459,qrs_out_0,32,0,0
F2,base,1459,qrs_out_1,10,0,0
F2,base,1459,qrs_out_2,10,0,0
F2,base,1460,qrs_out_0,31,0,0
F2,base,1460,qrs_out_1,10,0,0
F2,base,1460,qrs_out_2,10,0,0
F2,base,1461,qrs_out_0,31,0,0
F2,base,1461,qrs_out_1,10,0,0
F2,base,1461,qrs_out_2,10,0,0
F2,base,1462,qrs_out_0,31,0,0
F2,base,1462,qrs_out_1,10,0,0
F2,base,1462,qrs_out_2,10,0,0
F2,base,1463,qrs_out_0,33,0,0
F2,base,1463,qrs_out_1,10,0,0
F2,base,1463,qrs_out_2,10,0,0
F2,base,1464,qrs_out_0,36,0,0
F2,base,1464,qrs_out_1,10,0,0
F2,base,1464,qrs_out_2,10,0,0
F2,base,1465,qrs_out_0,36,0,0
F2,base,1465,qrs_out_1,10,0,0
F2,base,1465,qrs_out_2,10,0,0
F2,base,1466,qrs_out_0,36,0,0
F2,base,1466,qrs_out_1,10,0,0
F2,base,1466,qrs_out_2,10,0,0
F2,base,1467,qrs_out_0,36,0,0
F2,base,1467,qrs_out_1,10,0,0
F2,base,1467,qrs_out_2,10,0,0
F2,base,1468,qrs_out_0,35,0,0
F2,base,1468,qrs_out_1,5,0,0
F2,base,1468,qrs_out_2,5,0,0
F2,base,1469,qrs_out_0,34,0,0
F2,base,1469,qrs_out_1,5,0,0
F2,base,1469,qrs_out_2,5,0,0
F2,base,1470,qrs_out_0,33,0,0
F2,base,1470,qrs_out_1,5,0,0
F2,base,1470,qrs_out_2,5,0,0
F2,base,1471,qrs_out_0,35,0,0
F2,base,1471,qrs_out_1,5,0,0
F2,base,1471,qrs_out_2,5,0,0
F2,base,1472,qrs_out_0,35,0,0
F2,base,1472,qrs_out_1,5,0,0
F2,base,1472,qrs_out_2,5,0,0
F2,base,1473,qrs_out_0,33,0,0
F2,base,1473,qrs_out_1,5,0,0
F2,base,1473,qrs_out_2,5,0,0
F2,base,1474,qrs_out_0,36,0,0
F2,base,1474,qrs_out_1,5,0,0
F2,base,1474,qrs_out_2,5,0,0
F2,base,1475,qrs_out_0,38,0,0
F2,base,1475,qrs_out_1,0,0,0
F2,base,1475,qrs_out_2,0,0,0
F2,base,1476,qrs_out_0,39,0,0
F2,base,1476,qrs_out_1,0,0,0
F2,base,1476,qrs_out_2,0,0,0
F2,base,1477,qrs_out_0,42,0,0
F2,base,1477,qrs_out_1,0,0,0
F2,base,1477,qrs_out_2,0,0,0
F2,base,1478,qrs_out_0,43,0,0
F2,base,1478,qrs_out_1,0,0,0
F2,base,1478,qrs_out_2,0,0,0
F2,base,1479,qrs_out_0,44,0,0
F2,base,1479,qrs_out_1,0,0,0
F2,base,1479,qrs_out_2,0,0,0
F2,base,1480,qrs_out_0,41,0,0
F2,base,1480,qrs_out_1,0,0,0
F2,base,1480,qrs_out_2,0,0,0
F2,base,1481,qrs_out_0,41,0,0
F2,base,1481,qrs_out_1,0,0,0
F2,base,1481,qrs_out_2,0,0,0
F2,base,1482,qrs_out_0,40,0,0
F2,base,1482,qrs_out_1,0,0,0
F2,base,1482,qrs_out_2,0,0,0
F2,base,1483,qrs_out_0,39,0,0
F2,base,1483,qrs_out_1,0,0,0
F2,base,1483,qrs_out_2,0,0,0
F2,base,1484,qrs_out_0,39,0,0
F2,base,1484,qrs_out_1,0,0,0
F2,base,1484,qrs_out_2,0,0,0
F2,base,1485,qrs_out_0,39,0,0
F2,base,1485,qrs_out_1,0,0,0
F2,base,1485,qrs_out_2,0,0,0
F2,base,1486,qrs_out_0,40,0,0
F2,base,1486,qrs_out_1,0,0,0
F2,base,1486,qrs_out_2,0,0,0
F2,base,1487,qrs_out_0,41,0,0
F2,base,1487,qrs_out_1,0,0,0
F2,base,1487,qrs_out_2,0,0,0
F2,base,1488,qrs_out_0,44,0,0
F2,base,1488,qrs_out_1,0,0,0
F2,base,1488,qrs_out_2,0,0,0
F2,base,1489,qrs_out_0,44,0,0
F2,base,1489,qrs_out_1,0,0,0
F2,base,1489,qrs_out_2,0,0,0
F2,base,1490,qrs_out_0,42,0,0
F2,base,1490,qrs_out_1,0,0,0
F2,base,1490,qrs_out_2,0,0,0
F2,base,1491,qrs_out_0,44,0,0
F2,base,1491,qrs_out_1,0,0,0
F2,base,1491,qrs_out_2,0,0,0
F2,base,1492,qrs_out_0,43,0,0
F2,base,1492,qrs_out_1,0,0,0
F2,base,1492,qrs_out_2,0,0,0
F2,base,1493,qrs_out_0,43,0,0
F2,base,1493,qrs_out_1,0,0,0
F2,base,1493,qrs_out_2,0,0,0
F2,base,1494,qrs_out_0,42,0,0
F2,base,1494,qrs_out_1,0,0,0
F2,base,1494,qrs_out_2,0,0,0
F2,base,1495,qrs_out_0,42,0,0
F2,base,1495,qrs_out_1,0,0,0
F2,base,1495,qrs_out_2,0,0,0
F2,base,1496,qrs_out_0,44,0,0
F2,base,1496,qrs_out_1,0,0,0
F2,base,1496,qrs_out_2,0,0,0
F2,base,1497,qrs_out_0,41,0,0
F2,base,1497,qrs_out_1,0,0,0
F2,base,1497,qrs_out_2,0,0,0
F2,base,1498,qrs_out_0,44,0,0
F2,base,1498,qrs_out_1,0,0,0
F2,base,1498,qrs_out_2,0,0,0
F2,base,1499,qrs_out_0,47,0,0
F2,base,1499,qrs_out_1,0,0,0
F2,base,1499,qrs_out_2,0,0,0
F2,base,1500,qrs_out_0,48,0,0
F2,base,1500,qrs_out_1,0,0,0
F2,base,1500,qrs_out_2,0,0,0
F2,base,1501,qrs_out_0,51,0,0
F2,base,1501,qrs_out_1,0,0,0
F2,base,1501,qrs_out_2,0,0,0
F2,base,1502,qrs_out_0,50,0,0
F2,base,1502,qrs_out_1,0,0,0
F2,base,1502,qrs_out_2,0,0,0
F2,base,1503,qrs_out_0,53,0,0
F2,base,1503,qrs_out_1,0,0,0
F2,base,1503,qrs_out_2,0,0,0
F2,base,1504,qrs_out_0,52,0,0
F2,base,1504,qrs_out_1,0,0,0
F2,base,1504,qrs_out_2,0,0,0
F2,base,1505,qrs_out_0,50,0,0
F2,base,1505,qrs_out_1,0,0,0
F2,base,1505,qrs_out_2,0,0,0
F2,base,1506,qrs_out_0,48,0,0
F2,base,1506,qrs_out_1,0,0,0
F2,base,1506,qrs_out_2,0,0,0
F2,base,1507,qrs_out_0,47,0,0
F2,base,1507,qrs_out_1,0,0,0
F2,base,1507,qrs_out_2,0,0,0
F2,base,1508,qrs_out_0,48,0,0
F2,base,1508,qrs_out_1,0,0,0
F2,base,1508,qrs_out_2,0,0,0
F2,base,1509,qrs_out_0,47,0,0
F2,base,1509,qrs_out_1,0,0,0
F2,base,1509,qrs_out_2,0,0,0
F2,base,1510,qrs_out_0,46,0,0
F2,base,1510,qrs_out_1,0,0,0
F2,base,1510,qrs_out_2,0,0,0
F2,base,1511,qrs_out_0,49,0,0
F2,base,1511,qrs_out_1,0,0,0
F2,base,1511,qrs_out_2,0,0,0
F2,base,1512,qrs_out_0,52,0,0
F2,base,1512,qrs_out_1,0,0,0
F2,base,1512,qrs_out_2,0,0,0
F2,base,1513,qrs_out_0,53,0,0
F2,base,1513,qrs_out_1,0,0,0
F2,base,1513,qrs_out_2,0,0,0
F2,base,1514,qrs_out_0,53,0,0
F2,base,1514,qrs_out_1,0,0,0
F2,base,1514,qrs_out_2,0,0,0
F2,base,1515,qrs_out_0,57,0,0
F2,base,1515,qrs_out_1,0,0,0
F2,base,1515,qrs_out_2,0,0,0
F2,base,1516,qrs_out_0,55,0,0
F2,base,1516,qrs_out_1,0,0,0
F2,base,1516,qrs_out_2,0,0,0
F2,base,1517,qrs_out_0,53,0,0
F2,base,1517,qrs_out_1,0,0,0
F2,base,1517,qrs_out_2,0,0,0
F2,base,1518,qrs_out_0,51,0,0
F2,base,1518,qrs_out_1,0,0,0
F2,base,1518,qrs_out_2,0,0,0
F2,base,1519,qrs_out_0,52,0,0
F2,base,1519,qrs_out_1,0,0,0
F2,base,1519,qrs_out_2,0,0,0
F2,base,1520,qrs_out_0,52,0,0
F2,base,1520,qrs_out_1,0,0,0
F2,base,1520,qrs_out_2,0,0,0
F2,base,1521,qrs_out_0,52,0,0
F2,base,1521,qrs_out_1,0,0,0
F2,base,1521,qrs_out_2,0,0,0
F2,base,1522,qrs_out_0,53,0,0
F2,base,1522,qrs_out_1,0,0,0
F2,base,1522,qrs_out_2,0,0,0
F2,base,1523,qrs_out_0,57,0,0
F2,base,1523,qrs_out_1,0,0,0
F2,base,1523,qrs_out_2,0,0,0
F2,base,1524,qrs_out_0,59,0,0
F2,base,1524,qrs_out_1,0,0,0
F2,base,1524,qrs_out_2,0,0,0
F2,base,1525,qrs_out_0,62,0,0
F2,base,1525,qrs_out_1,0,0,0
F2,base,1525,qrs_out_2,0,0,0
F2,base,1526,qrs_out_0,65,0,0
F2,base,1526,qrs_out_1,0,0,0
F2,base,1526,qrs_out_2,0,0,0
F2,base,1527,qrs_out_0,64,0,0
F2,base,1527,qrs_out_1,0,0,0
F2,base,1527,qrs_out_2,0,0,0
F2,base,1528,qrs_out_0,66,0,0
F2,base,1528,qrs_out_1,0,0,0
F2,base,1528,qrs_out_2,0,0,0
F2,base,1529,qrs_out_0,67,0,0
F2,base,1529,qrs_out_1,0,0,0
F2,base,1529,qrs_out_2,0,0,0
F2,base,1530,qrs_out_0,69,0,0
F2,base,1530,qrs_out_1,0,0,0
F2,base,1530,qrs_out_2,0,0,0
F2,base,1531,qrs_out_0,69,0,0
F2,base,1531,qrs_out_1,0,0,0
F2,base,1531,qrs_out_2,0,0,0
F2,base,1532,qrs_out_0,69,0,0
F2,base,1532,qrs_out_1,0,0,0
F2,base,1532,qrs_out_2,0,0,0
F2,base,1533,qrs_out_0,68,0,0
F2,base,1533,qrs_out_1,0,0,0
F2,base,1533,qrs_out_2,0,0,0
F2,base,1534,qrs_out_0,69,0,0
F2,base,1534,qrs_out_1,0,0,0
F2,base,1534,qrs_out_2,0,0,0
F2,base,1535,qrs_out_0,69,0,0
F2,base,1535,qrs_out_1,0,0,0
F2,base,1535,qrs_out_2,0,0,0
F2,base,1536,qrs_out_0,70,0,0
F2,base,1536,qrs_out_1,0,0,0
F2,base,1536,qrs_out_2,0,0,0
F2,base,1537,qrs_out_0,72,0,0
F2,base,1537,qrs_out_1,0,0,0
F2,base,1537,qrs_out_2,0,0,0
F2,base,1538,qrs_out_0,70,0,0
F2,base,1538,qrs_out_1,0,0,0
F2,base,1538,qrs_out_2,0,0,0
F2,base,1539,qrs_out_0,70,0,0
F2,base,1539,qrs_out_1,0,0,0
F2,base,1539,qrs_out_2,0,0,0
F2,base,1540,qrs_out_0,67,0,0
F2,base,1540,qrs_out_1,0,0,0
F2,base,1540,qrs_out_2,0,0,0
F2,base,1541,qrs_out_0,64,0,0
F2,base,1541,qrs_out_1,0,0,0
F2,base,1541,qrs_out_2,0,0,0
F2,base,1542,qrs_out_0,60,0,0
F2,base,1542,qrs_out_1,0,0,0
F2,base,1542,qrs_out_2,0,0,0
F2,base,1543,qrs_out_0,56,0,0
F2,base,1543,qrs_out_1,0,0,0
F2,base,1543,qrs_out_2,0,0,0
F2,base,1544,qrs_out_0,54,0,0
F2,base,1544,qrs_out_1,0,0,0
F2,base,1544,qrs_out_2,0,0,0
F2,base,1545,qrs_out_0,53,0,0
F2,base,1545,qrs_out_1,0,0,0
F2,base,1545,qrs_out_2,0,0,0
F2,base,1546,qrs_out_0,54,0,0
F2,base,1546,qrs_out_1,0,0,0
F2,base,1546,qrs_out_2,0,0,0
F2,base,1547,qrs_out_0,55,0,0
F2,base,1547,qrs_out_1,0,0,0
F2,base,1547,qrs_out_2,0,0,0
F2,base,1548,qrs_out_0,57,0,0
F2,base,1548,qrs_out_1,0,0,0
F2,base,1548,qrs_out_2,0,0,0
F2,base,1549,qrs_out_0,56,0,0
F2,base,1549,qrs_out_1,0,0,0
F2,base,1549,qrs_out_2,0,0,0
F2,base,1550,qrs_out_0,56,0,0
F2,base,1550,qrs_out_1,0,0,0
F2,base,1550,qrs_out_2,0,0,0
F2,base,1551,qrs_out_0,56,0,0
F2,base,1551,qrs_out_1,0,0,0
F2,base,1551,qrs_out_2,0,0,0
F2,base,1552,qrs_out_0,53,0,0
F2,base,1552,qrs_out_1,0,0,0
F2,base,1552,qrs_out_2,0,0,0
F2,base,1553,qrs_out_0,50,0,0
F2,base,1553,qrs_out_1,0,0,0
F2,base,1553,qrs_out_2,0,0,0
F2,base,1554,qrs_out_0,47,0,0
F2,base,1554,qrs_out_1,0,0,0
F2,base,1554,qrs_out_2,0,0,0
F2,base,1555,qrs_out_0,46,0,0
F2,base,1555,qrs_out_1,0,0,0
F2,base,1555,qrs_out_2,0,0,0
F2,base,1556,qrs_out_0,45,0,0
F2,base,1556,qrs_out_1,0,0,0
F2,base,1556,qrs_out_2,0,0,0
F2,base,1557,qrs_out_0,42,0,0
F2,base,1557,qrs_out_1,0,0,0
F2,base,1557,qrs_out_2,0,0,0
F2,base,1558,qrs_out_0,44,0,0
F2,base,1558,qrs_out_1,0,0,0
F2,base,1558,qrs_out_2,0,0,0
F2,base,1559,qrs_out_0,45,0,0
F2,base,1559,qrs_out_1,0,0,0
F2,base,1559,qrs_out_2,0,0,0
F2,base,1560,qrs_out_0,46,0,0
F2,base,1560,qrs_out_1,0,0,0
F2,base,1560,qrs_out_2,0,0,0
F2,base,1561,qrs_out_0,46,0,0
F2,base,1561,qrs_out_1,0,0,0
F2,base,1561,qrs_out_2,0,0,0
F2,base,1562,qrs_out_0,42,0,0
F2,base,1562,qrs_out_1,0,0,0
F2,base,1562,qrs_out_2,0,0,0
F2,base,1563,qrs_out_0,45,0,0
F2,base,1563,qrs_out_1,0,0,0
F2,base,1563,qrs_out_2,0,0,0
F2,base,1564,qrs_out_0,44,0,0
F2,base,1564,qrs_out_1,0,0,0
F2,base,1564,qrs_out_2,0,0,0
F2,base,1565,qrs_out_0,43,0,0
F2,base,1565,qrs_out_1,0,0,0
F2,base,1565,qrs_out_2,0,0,0
F2,base,1566,qrs_out_0,41,0,0
F2,base,1566,qrs_out_1,0,0,0
F2,base,1566,qrs_out_2,0,0,0
F2,base,1567,qrs_out_0,39,0,0
F2,base,1567,qrs_out_1,0,0,0
F2,base,1567,qrs_out_2,0,0,0
F2,base,1568,qrs_out_0,39,0,0
F2,base,1568,qrs_out_1,0,0,0
F2,base,1568,qrs_out_2,0,0,0
F2,base,1569,qrs_out_0,36,0,0
F2,base,1569,qrs_out_1,0,0,0
F2,base,1569,qrs_out_2,0,0,0
F2,base,1570,qrs_out_0,35,0,0
F2,base,1570,qrs_out_1,0,0,0
F2,base,1570,qrs_out_2,0,0,0
F2,base,1571,qrs_out_0,38,0,0
F2,base,1571,qrs_out_1,0,0,0
F2,base,1571,qrs_out_2,0,0,0
F2,base,1572,qrs_out_0,38,0,0
F2,base,1572,qrs_out_1,0,0,0
F2,base,1572,qrs_out_2,0,0,0
F2,base,1573,qrs_out_0,39,0,0
F2,base,1573,qrs_out_1,0,0,0
F2,base,1573,qrs_out_2,0,0,0
F2,base,1574,qrs_out_0,40,0,0
F2,base,1574,qrs_out_1,0,0,0
F2,base,1574,qrs_out_2,0,0,0
F2,base,1575,qrs_out_0,41,0,0
F2,base,1575,qrs_out_1,0,0,0
F2,base,1575,qrs_out_2,0,0,0
F2,base,1576,qrs_out_0,40,0,0
F2,base,1576,qrs_out_1,0,0,0
F2,base,1576,qrs_out_2,0,0,0
F2,base,1577,qrs_out_0,40,0,0
F2,base,1577,qrs_out_1,0,0,0
F2,base,1577,qrs_out_2,0,0,0
F2,base,1578,qrs_out_0,38,0,0
F2,base,1578,qrs_out_1,0,0,0
F2,base,1578,qrs_out_2,0,0,0
F2,base,1579,qrs_out_0,37,0,0
F2,base,1579,qrs_out_1,0,0,0
F2,base,1579,qrs_out_2,0,0,0
F2,base,1580,qrs_out_0,37,0,0
F2,base,1580,qrs_out_1,0,0,0
F2,base,1580,qrs_out_2,0,0,0
F2,base,1581,qrs_out_0,36,0,0
F2,base,1581,qrs_out_1,0,0,0
F2,base,1581,qrs_out_2,0,0,0
F2,base,1582,qrs_out_0,35,0,0
F2,base,1582,qrs_out_1,0,0,0
F2,base,1582,qrs_out_2,0,0,0
F2,base,1583,qrs_out_0,37,0,0
F2,base,1583,qrs_out_1,0,0,0
F2,base,1583,qrs_out_2,0,0,0
F2,base,1584,qrs_out_0,39,0,0
F2,base,1584,qrs_out_1,0,0,0
F2,base,1584,qrs_out_2,0,0,0
F2,base,1585,qrs_out_0,38,0,0
F2,base,1585,qrs_out_1,0,0,0
F2,base,1585,qrs_out_2,0,0,0
F2,base,1586,qrs_out_0,38,0,0
F2,base,1586,qrs_out_1,0,0,0
F2,base,1586,qrs_out_2,0,0,0
F2,base,1587,qrs_out_0,38,0,0
F2,base,1587,qrs_out_1,0,0,0
F2,base,1587,qrs_out_2,0,0,0
F2,base,1588,qrs_out_0,38,0,0
F2,base,1588,qrs_out_1,0,0,0
F2,base,1588,qrs_out_2,0,0,0
F2,base,1589,qrs_out_0,37,0,0
F2,base,1589,qrs_out_1,0,0,0
F2,base,1589,qrs_out_2,0,0,0
F2,base,1590,qrs_out_0,35,0,0
F2,base,1590,qrs_out_1,0,0,0
F2,base,1590,qrs_out_2,0,0,0
F2,base,1591,qrs_out_0,35,0,0
F2,base,1591,qrs_out_1,0,0,0
F2,base,1591,qrs_out_2,0,0,0
F2,base,1592,qrs_out_0,33,0,0
F2,base,1592,qrs_out_1,0,0,0
F2,base,1592,qrs_out_2,0,0,0
F2,base,1593,qrs_out_0,34,0,0
F2,base,1593,qrs_out_1,0,0,0
F2,base,1593,qrs_out_2,0,0,0
F2,base,1594,qrs_out_0,35,0,0
F2,base,1594,qrs_out_1,0,0,0
F2,base,1594,qrs_out_2,0,0,0
F2,base,1595,qrs_out_0,35,0,0
F2,base,1595,qrs_out_1,0,0,0
F2,base,1595,qrs_out_2,0,0,0
F2,base,1596,qrs_out_0,38,0,0
F2,base,1596,qrs_out_1,0,0,0
F2,base,1596,qrs_out_2,0,0,0
F2,base,1597,qrs_out_0,38,0,0
F2,base,1597,qrs_out_1,0,0,0
F2,base,1597,qrs_out_2,0,0,0
F2,base,1598,qrs_out_0,38,0,0
F2,base,1598,qrs_out_1,0,0,0
F2,base,1598,qrs_out_2,0,0,0
F2,base,1599,qrs_out_0,36,0,0
F2,base,1599,qrs_out_1,0,0,0
F2,base,1599,qrs_out_2,0,0,0
F2,base,1600,qrs_out_0,36,0,0
F2,base,1600,qrs_out_1,0,0,0
F2,base,1600,qrs_out_2,0,0,0
F2,base,1601,qrs_out_0,35,0,0
F2,base,1601,qrs_out_1,0,0,0
F2,base,1601,qrs_out_2,0,0,0
F2,base,1602,qrs_out_0,34,0,0
F2,base,1602,qrs_out_1,0,0,0
F2,base,1602,qrs_out_2,0,0,0
F2,base,1603,qrs_out_0,34,0,0
F2,base,1603,qrs_out_1,0,0,0
F2,base,1603,qrs_out_2,0,0,0
F2,base,1604,qrs_out_0,35,0,0
F2,base,1604,qrs_out_1,0,0,0
F2,base,1604,qrs_out_2,0,0,0
F2,base,1605,qrs_out_0,35,0,0
F2,base,1605,qrs_out_1,0,0,0
F2,base,1605,qrs_out_2,0,0,0
F2,base,1606,qrs_out_0,39,0,0
F2,base,1606,qrs_out_1,0,0,0
F2,base,1606,qrs_out_2,0,0,0
F2,base,1607,qrs_out_0,40,0,0
F2,base,1607,qrs_out_1,0,0,0
F2,base,1607,qrs_out_2,0,0,0
F2,base,1608,qrs_out_0,42,0,0
F2,base,1608,qrs_out_1,0,0,0
F2,base,1608,qrs_out_2,0,0,0
F2,base,1609,qrs_out_0,44,0,0
F2,base,1609,qrs_out_1,0,0,0
F2,base,1609,qrs_out_2,0,0,0
F2,base,1610,qrs_out_0,46,0,0
F2,base,1610,qrs_out_1,0,0,0
F2,base,1610,qrs_out_2,0,0,0
F2,base,1611,qrs_out_0,46,0,0
F2,base,1611,qrs_out_1,0,0,0
F2,base,1611,qrs_out_2,0,0,0
F2,base,1612,qrs_out_0,46,0,0
F2,base,1612,qrs_out_1,0,0,0
F2,base,1612,qrs_out_2,0,0,0
F2,base,1613,qrs_out_0,47,0,0
F2,base,1613,qrs_out_1,0,0,0
F2,base,1613,qrs_out_2,0,0,0
F2,base,1614,qrs_out_0,45,0,0
F2,base,1614,qrs_out_1,0,0,0
F2,base,1614,qrs_out_2,0,0,0
F2,base,1615,qrs_out_0,44,0,0
F2,base,1615,qrs_out_1,0,0,0
F2,base,1615,qrs_out_2,0,0,0
F2,base,1616,qrs_out_0,44,0,0
F2,base,1616,qrs_out_1,0,0,0
F2,base,1616,qrs_out_2,0,0,0
F2,base,1617,qrs_out_0,47,0,0
F2,base,1617,qrs_out_1,0,0,0
F2,base,1617,qrs_out_2,0,0,0
F2,base,1618,qrs_out_0,50,0,0
F2,base,1618,qrs_out_1,0,0,0
F2,base,1618,qrs_out_2,0,0,0
F2,base,1619,qrs_out_0,55,0,0
F2,base,1619,qrs_out_1,0,0,0
F2,base,1619,qrs_out_2,0,0,0
F2,base,1620,qrs_out_0,55,0,0
F2,base,1620,qrs_out_1,0,0,0
F2,base,1620,qrs_out_2,0,0,0
F2,base,1621,qrs_out_0,56,0,0
F2,base,1621,qrs_out_1,0,0,0
F2,base,1621,qrs_out_2,0,0,0
F2,base,1622,qrs_out_0,55,0,0
F2,base,1622,qrs_out_1,0,0,0
F2,base,1622,qrs_out_2,0,0,0
F2,base,1623,qrs_out_0,53,0,0
F2,base,1623,qrs_out_1,0,0,0
F2,base,1623,qrs_out_2,0,0,0
F2,base,1624,qrs_out_0,51,0,0
F2,base,1624,qrs_out_1,0,0,0
F2,base,1624,qrs_out_2,0,0,0
F2,base,1625,qrs_out_0,46,0,0
F2,base,1625,qrs_out_1,0,0,0
F2,base,1625,qrs_out_2,0,0,0
F2,base,1626,qrs_out_0,44,0,0
F2,base,1626,qrs_out_1,0,0,0
F2,base,1626,qrs_out_2,0,0,0
F2,base,1627,qrs_out_0,42,0,0
F2,base,1627,qrs_out_1,0,0,0
F2,base,1627,qrs_out_2,0,0,0
F2,base,1628,qrs_out_0,42,0,0
F2,base,1628,qrs_out_1,0,0,0
F2,base,1628,qrs_out_2,0,0,0
F2,base,1629,qrs_out_0,42,0,0
F2,base,1629,qrs_out_1,0,0,0
F2,base,1629,qrs_out_2,0,0,0
F2,base,1630,qrs_out_0,44,0,0
F2,base,1630,qrs_out_1,0,0,0
F2,base,1630,qrs_out_2,0,0,0
F2,base,1631,qrs_out_0,44,0,0
F2,base,1631,qrs_out_1,0,0,0
F2,base,1631,qrs_out_2,0,0,0
F2,base,1632,qrs_out_0,45,0,0
F2,base,1632,qrs_out_1,0,0,0
F2,base,1632,qrs_out_2,0,0,0
F2,base,1633,qrs_out_0,45,0,0
F2,base,1633,qrs_out_1,0,0,0
F2,base,1633,qrs_out_2,0,0,0
F2,base,1634,qrs_out_0,43,0,0
F2,base,1634,qrs_out_1,0,0,0
F2,base,1634,qrs_out_2,0,0,0
F2,base,1635,qrs_out_0,43,0,0
F2,base,1635,qrs_out_1,0,0,0
F2,base,1635,qrs_out_2,0,0,0
F2,base,1636,qrs_out_0,40,0,0
F2,base,1636,qrs_out_1,0,0,0
F2,base,1636,qrs_out_2,0,0,0
F2,base,1637,qrs_out_0,36,0,0
F2,base,1637,qrs_out_1,0,0,0
F2,base,1637,qrs_out_2,0,0,0
F2,base,1638,qrs_out_0,33,0,0
F2,base,1638,qrs_out_1,0,0,0
F2,base,1638,qrs_out_2,0,0,0
F2,base,1639,qrs_out_0,31,0,0
F2,base,1639,qrs_out_1,0,0,0
F2,base,1639,qrs_out_2,0,0,0
F2,base,1640,qrs_out_0,27,0,0
F2,base,1640,qrs_out_1,0,0,0
F2,base,1640,qrs_out_2,0,0,0
F2,base,1641,qrs_out_0,24,0,0
F2,base,1641,qrs_out_1,0,0,0
F2,base,1641,qrs_out_2,0,0,0
F2,base,1642,qrs_out_0,27,0,0
F2,base,1642,qrs_out_1,0,0,0
F2,base,1642,qrs_out_2,0,0,0
F2,base,1643,qrs_out_0,27,0,0
F2,base,1643,qrs_out_1,0,0,0
F2,base,1643,qrs_out_2,0,0,0
F2,base,1644,qrs_out_0,30,0,0
F2,base,1644,qrs_out_1,0,0,0
F2,base,1644,qrs_out_2,0,0,0
F2,base,1645,qrs_out_0,30,0,0
F2,base,1645,qrs_out_1,0,0,0
F2,base,1645,qrs_out_2,0,0,0
F2,base,1646,qrs_out_0,31,0,0
F2,base,1646,qrs_out_1,0,0,0
F2,base,1646,qrs_out_2,0,0,0
F2,base,1647,qrs_out_0,31,0,0
F2,base,1647,qrs_out_1,0,0,0
F2,base,1647,qrs_out_2,0,0,0
F2,base,1648,qrs_out_0,30,0,0
F2,base,1648,qrs_out_1,0,0,0
F2,base,1648,qrs_out_2,0,0,0
F2,base,1649,qrs_out_0,28,0,0
F2,base,1649,qrs_out_1,0,0,0
F2,base,1649,qrs_out_2,0,0,0
F2,base,1650,qrs_out_0,28,0,0
F2,base,1650,qrs_out_1,0,0,0
F2,base,1650,qrs_out_2,0,0,0
F2,base,1651,qrs_out_0,28,0,0
F2,base,1651,qrs_out_1,0,0,0
F2,base,1651,qrs_out_2,0,0,0
F2,base,1652,qrs_out_0,27,0,0
F2,base,1652,qrs_out_1,0,0,0
F2,base,1652,qrs_out_2,0,0,0
F2,base,1653,qrs_out_0,25,0,0
F2,base,1653,qrs_out_1,0,0,0
F2,base,1653,qrs_out_2,0,0,0
F2,base,1654,qrs_out_0,26,0,0
F2,base,1654,qrs_out_1,0,0,0
F2,base,1654,qrs_out_2,0,0,0
F2,base,1655,qrs_out_0,28,0,0
F2,base,1655,qrs_out_1,0,0,0
F2,base,1655,qrs_out_2,0,0,0
F2,base,1656,qrs_out_0,30,0,0
F2,base,1656,qrs_out_1,0,0,0
F2,base,1656,qrs_out_2,0,0,0
F2,base,1657,qrs_out_0,31,0,0
F2,base,1657,qrs_out_1,0,0,0
F2,base,1657,qrs_out_2,0,0,0
F2,base,1658,qrs_out_0,30,0,0
F2,base,1658,qrs_out_1,0,0,0
F2,base,1658,qrs_out_2,0,0,0
F2,base,1659,qrs_out_0,27,0,0
F2,base,1659,qrs_out_1,0,0,0
F2,base,1659,qrs_out_2,0,0,0
F2,base,1660,qrs_out_0,23,0,0
F2,base,1660,qrs_out_1,0,0,0
F2,base,1660,qrs_out_2,0,0,0
F2,base,1661,qrs_out_0,18,0,0
F2,base,1661,qrs_out_1,0,0,0
F2,base,1661,qrs_out_2,0,0,0
F2,base,1662,qrs_out_0,20,0,0
F2,base,1662,qrs_out_1,0,0,0
F2,base,1662,qrs_out_2,0,0,0
F2,base,1663,qrs_out_0,29,0,0
F2,base,1663,qrs_out_1,0,0,0
F2,base,1663,qrs_out_2,0,0,0
F2,base,1664,qrs_out_0,48,0,0
F2,base,1664,qrs_out_1,0,0,0
F2,base,1664,qrs_out_2,0,0,0
F2,base,1665,qrs_out_0,74,0,0
F2,base,1665,qrs_out_1,0,0,0
F2,base,1665,qrs_out_2,0,0,0
F2,base,1666,qrs_out_0,109,0,0
F2,base,1666,qrs_out_1,0,0,0
F2,base,1666,qrs_out_2,0,0,0
F2,base,1667,qrs_out_0,152,0,0
F2,base,1667,qrs_out_1,0,0,0
F2,base,1667,qrs_out_2,0,0,0
F2,base,1668,qrs_out_0,197,0,0
F2,base,1668,qrs_out_1,0,0,0
F2,base,1668,qrs_out_2,0,0,0
F2,base,1669,qrs_out_0,242,0,0
F2,base,1669,qrs_out_1,0,0,0
F2,base,1669,qrs_out_2,0,0,0
F2,base,1670,qrs_out_0,278,0,0
F2,base,1670,qrs_out_1,0,0,0
F2,base,1670,qrs_out_2,0,0,0
F2,base,1671,qrs_out_0,295,0,0
F2,base,1671,qrs_out_1,0,0,0
F2,base,1671,qrs_out_2,0,0,0
F2,base,1672,qrs_out_0,283,0,0
F2,base,1672,qrs_out_1,0,0,0
F2,base,1672,qrs_out_2,0,0,0
F2,base,1673,qrs_out_0,247,0,0
F2,base,1673,qrs_out_1,0,0,0
F2,base,1673,qrs_out_2,0,0,0
F2,base,1674,qrs_out_0,191,0,0
F2,base,1674,qrs_out_1,0,0,0
F2,base,1674,qrs_out_2,0,0,0
F2,base,1675,qrs_out_0,133,0,0
F2,base,1675,qrs_out_1,0,0,0
F2,base,1675,qrs_out_2,0,0,0
F2,base,1676,qrs_out_0,83,0,0
F2,base,1676,qrs_out_1,0,0,0
F2,base,1676,qrs_out_2,0,0,0
F2,base,1677,qrs_out_0,48,0,0
F2,base,1677,qrs_out_1,0,0,0
F2,base,1677,qrs_out_2,0,0,0
F2,base,1678,qrs_out_0,34,0,0
F2,base,1678,qrs_out_1,0,0,0
F2,base,1678,qrs_out_2,0,0,0
F2,base,1679,qrs_out_0,33,0,0
F2,base,1679,qrs_out_1,0,0,0
F2,base,1679,qrs_out_2,0,0,0
F2,base,1680,qrs_out_0,39,0,0
F2,base,1680,qrs_out_1,0,0,0
F2,base,1680,qrs_out_2,0,0,0
F2,base,1681,qrs_out_0,50,0,0
F2,base,1681,qrs_out_1,0,0,0
F2,base,1681,qrs_out_2,0,0,0
F2,base,1682,qrs_out_0,55,0,0
F2,base,1682,qrs_out_1,0,0,0
F2,base,1682,qrs_out_2,0,0,0
F2,base,1683,qrs_out_0,55,0,0
F2,base,1683,qrs_out_1,0,0,0
F2,base,1683,qrs_out_2,0,0,0
F2,base,1684,qrs_out_0,52,0,0
F2,base,1684,qrs_out_1,5,0,0
F2,base,1684,qrs_out_2,5,0,0
F2,base,1685,qrs_out_0,52,0,0
F2,base,1685,qrs_out_1,5,0,0
F2,base,1685,qrs_out_2,5,0,0
F2,base,1686,qrs_out_0,47,0,0
F2,base,1686,qrs_out_1,5,0,0
F2,base,1686,qrs_out_2,5,0,0
F2,base,1687,qrs_out_0,44,0,0
F2,base,1687,qrs_out_1,5,0,0
F2,base,1687,qrs_out_2,5,0,0
F2,base,1688,qrs_out_0,38,0,0
F2,base,1688,qrs_out_1,5,0,0
F2,base,1688,qrs_out_2,5,0,0
F2,base,1689,qrs_out_0,36,0,0
F2,base,1689,qrs_out_1,5,0,0
F2,base,1689,qrs_out_2,5,0,0
F2,base,1690,qrs_out_0,35,0,0
F2,base,1690,qrs_out_1,5,0,0
F2,base,1690,qrs_out_2,5,0,0
F2,base,1691,qrs_out_0,35,0,0
F2,base,1691,qrs_out_1,5,0,0
F2,base,1691,qrs_out_2,5,0,0
F2,base,1692,qrs_out_0,36,0,0
F2,base,1692,qrs_out_1,10,0,0
F2,base,1692,qrs_out_2,10,0,0
F2,base,1693,qrs_out_0,37,0,0
F2,base,1693,qrs_out_1,10,0,0
F2,base,1693,qrs_out_2,10,0,0
F2,base,1694,qrs_out_0,37,0,0
F2,base,1694,qrs_out_1,10,0,0
F2,base,1694,qrs_out_2,10,0,0
F2,base,1695,qrs_out_0,35,0,0
F2,base,1695,qrs_out_1,10,0,0
F2,base,1695,qrs_out_2,10,0,0
F2,base,1696,qrs_out_0,37,0,0
F2,base,1696,qrs_out_1,10,0,0
F2,base,1696,qrs_out_2,10,0,0
F2,base,1697,qrs_out_0,32,0,0
F2,base,1697,qrs_out_1,10,0,0
F2,base,1697,qrs_out_2,10,0,0
F2,base,1698,qrs_out_0,33,0,0
F2,base,1698,qrs_out_1,10,0,0
F2,base,1698,qrs_out_2,10,0,0
F2,base,1699,qrs_out_0,32,0,0
F2,base,1699,qrs_out_1,10,0,0
F2,base,1699,qrs_out_2,10,0,0
F2,base,1700,qrs_out_0,31,0,0
F2,base,1700,qrs_out_1,10,0,0
F2,base,1700,qrs_out_2,10,0,0
F2,base,1701,qrs_out_0,32,0,0
F2,base,1701,qrs_out_1,10,0,0
F2,base,1701,qrs_out_2,10,0,0
F2,base,1702,qrs_out_0,34,0,0
F2,base,1702,qrs_out_1,10,0,0
F2,base,1702,qrs_out_2,10,0,0
F2,base,1703,qrs_out_0,37,0,0
F2,base,1703,qrs_out_1,10,0,0
F2,base,1703,qrs_out_2,10,0,0
F2,base,1704,qrs_out_0,38,0,0
F2,base,1704,qrs_out_1,10,0,0
F2,base,1704,qrs_out_2,10,0,0
F2,base,1705,qrs_out_0,39,0,0
F2,base,1705,qrs_out_1,10,0,0
F2,base,1705,qrs_out_2,10,0,0
F2,base,1706,qrs_out_0,38,0,0
F2,base,1706,qrs_out_1,10,0,0
F2,base,1706,qrs_out_2,10,0,0
F2,base,1707,qrs_out_0,37,0,0
F2,base,1707,qrs_out_1,10,0,0
F2,base,1707,qrs_out_2,10,0,0
F2,base,1708,qrs_out_0,37,0,0
F2,base,1708,qrs_out_1,10,0,0
F2,base,1708,qrs_out_2,10,0,0
F2,base,1709,qrs_out_0,36,0,0
F2,base,1709,qrs_out_1,10,0,0
F2,base,1709,qrs_out_2,10,0,0
F2,base,1710,qrs_out_0,34,0,0
F2,base,1710,qrs_out_1,10,0,0
F2,base,1710,qrs_out_2,10,0,0
F2,base,1711,qrs_out_0,34,0,0
F2,base,1711,qrs_out_1,10,0,0
F2,base,1711,qrs_out_2,10,0,0
F2,base,1712,qrs_out_0,33,0,0
F2,base,1712,qrs_out_1,5,0,0
F2,base,1712,qrs_out_2,5,0,0
F2,base,1713,qrs_out_0,32,0,0
F2,base,1713,qrs_out_1,5,0,0
F2,base,1713,qrs_out_2,5,0,0
F2,base,1714,qrs_out_0,33,0,0
F2,base,1714,qrs_out_1,5,0,0
F2,base,1714,qrs_out_2,5,0,0
F2,base,1715,qrs_out_0,33,0,0
F2,base,1715,qrs_out_1,5,0,0
F2,base,1715,qrs_out_2,5,0,0
F2,base,1716,qrs_out_0,35,0,0
F2,base,1716,qrs_out_1,5,0,0
F2,base,1716,qrs_out_2,5,0,0
F2,base,1717,qrs_out_0,37,0,0
F2,base,1717,qrs_out_1,5,0,0
F2,base,1717,qrs_out_2,5,0,0
F2,base,1718,qrs_out_0,38,0,0
F2,base,1718,qrs_out_1,5,0,0
F2,base,1718,qrs_out_2,5,0,0
F2,base,1719,qrs_out_0,39,0,0
F2,base,1719,qrs_out_1,5,0,0
F2,base,1719,qrs_out_2,5,0,0
F2,base,1720,qrs_out_0,39,0,0
F2,base,1720,qrs_out_1,5,0,0
F2,base,1720,qrs_out_2,5,0,0
F2,base,1721,qrs_out_0,40,0,0
F2,base,1721,qrs_out_1,0,0,0
F2,base,1721,qrs_out_2,0,0,0
F2,base,1722,qrs_out_0,37,0,0
F2,base,1722,qrs_out_1,0,0,0
F2,base,1722,qrs_out_2,0,0,0
F2,base,1723,qrs_out_0,38,0,0
F2,base,1723,qrs_out_1,0,0,0
F2,base,1723,qrs_out_2,0,0,0
F2,base,1724,qrs_out_0,38,0,0
F2,base,1724,qrs_out_1,0,0,0
F2,base,1724,qrs_out_2,0,0,0
F2,base,1725,qrs_out_0,37,0,0
F2,base,1725,qrs_out_1,0,0,0
F2,base,1725,qrs_out_2,0,0,0
F2,base,1726,qrs_out_0,38,0,0
F2,base,1726,qrs_out_1,0,0,0
F2,base,1726,qrs_out_2,0,0,0
F2,base,1727,qrs_out_0,39,0,0
F2,base,1727,qrs_out_1,0,0,0
F2,base,1727,qrs_out_2,0,0,0
F2,base,1728,qrs_out_0,40,0,0
F2,base,1728,qrs_out_1,0,0,0
F2,base,1728,qrs_out_2,0,0,0
F2,base,1729,qrs_out_0,44,0,0
F2,base,1729,qrs_out_1,0,0,0
F2,base,1729,qrs_out_2,0,0,0
F2,base,1730,qrs_out_0,43,0,0
F2,base,1730,qrs_out_1,0,0,0
F2,base,1730,qrs_out_2,0,0,0
F2,base,1731,qrs_out_0,46,0,0
F2,base,1731,qrs_out_1,0,0,0
F2,base,1731,qrs_out_2,0,0,0
F2,base,1732,qrs_out_0,44,0,0
F2,base,1732,qrs_out_1,0,0,0
F2,base,1732,qrs_out_2,0,0,0
F2,base,1733,qrs_out_0,44,0,0
F2,base,1733,qrs_out_1,0,0,0
F2,base,1733,qrs_out_2,0,0,0
F2,base,1734,qrs_out_0,43,0,0
F2,base,1734,qrs_out_1,0,0,0
F2,base,1734,qrs_out_2,0,0,0
F2,base,1735,qrs_out_0,41,0,0
F2,base,1735,qrs_out_1,0,0,0
F2,base,1735,qrs_out_2,0,0,0
F2,base,1736,qrs_out_0,40,0,0
F2,base,1736,qrs_out_1,0,0,0
F2,base,1736,qrs_out_2,0,0,0
F2,base,1737,qrs_out_0,38,0,0
F2,base,1737,qrs_out_1,0,0,0
F2,base,1737,qrs_out_2,0,0,0
F2,base,1738,qrs_out_0,40,0,0
F2,base,1738,qrs_out_1,0,0,0
F2,base,1738,qrs_out_2,0,0,0
F2,base,1739,qrs_out_0,39,0,0
F2,base,1739,qrs_out_1,0,0,0
F2,base,1739,qrs_out_2,0,0,0
F2,base,1740,qrs_out_0,41,0,0
F2,base,1740,qrs_out_1,0,0,0
F2,base,1740,qrs_out_2,0,0,0
F2,base,1741,qrs_out_0,42,0,0
F2,base,1741,qrs_out_1,0,0,0
F2,base,1741,qrs_out_2,0,0,0
F2,base,1742,qrs_out_0,42,0,0
F2,base,1742,qrs_out_1,0,0,0
F2,base,1742,qrs_out_2,0,0,0
F2,base,1743,qrs_out_0,44,0,0
F2,base,1743,qrs_out_1,0,0,0
F2,base,1743,qrs_out_2,0,0,0
F2,base,1744,qrs_out_0,44,0,0
F2,base,1744,qrs_out_1,0,0,0
F2,base,1744,qrs_out_2,0,0,0
F2,base,1745,qrs_out_0,42,0,0
F2,base,1745,qrs_out_1,0,0,0
F2,base,1745,qrs_out_2,0,0,0
F2,base,1746,qrs_out_0,40,0,0
F2,base,1746,qrs_out_1,0,0,0
F2,base,1746,qrs_out_2,0,0,0
F2,base,1747,qrs_out_0,39,0,0
F2,base,1747,qrs_out_1,0,0,0
F2,base,1747,qrs_out_2,0,0,0
F2,base,1748,qrs_out_0,38,0,0
F2,base,1748,qrs_out_1,0,0,0
F2,base,1748,qrs_out_2,0,0,0
F2,base,1749,qrs_out_0,35,0,0
F2,base,1749,qrs_out_1,0,0,0
F2,base,1749,qrs_out_2,0,0,0
F2,base,1750,qrs_out_0,37,0,0
F2,base,1750,qrs_out_1,0,0,0
F2,base,1750,qrs_out_2,0,0,0
F2,base,1751,qrs_out_0,39,0,0
F2,base,1751,qrs_out_1,0,0,0
F2,base,1751,qrs_out_2,0,0,0
F2,base,1752,qrs_out_0,40,0,0
F2,base,1752,qrs_out_1,0,0,0
F2,base,1752,qrs_out_2,0,0,0
F2,base,1753,qrs_out_0,43,0,0
F2,base,1753,qrs_out_1,0,0,0
F2,base,1753,qrs_out_2,0,0,0
F2,base,1754,qrs_out_0,45,0,0
F2,base,1754,qrs_out_1,0,0,0
F2,base,1754,qrs_out_2,0,0,0
F2,base,1755,qrs_out_0,48,0,0
F2,base,1755,qrs_out_1,0,0,0
F2,base,1755,qrs_out_2,0,0,0
F2,base,1756,qrs_out_0,47,0,0
F2,base,1756,qrs_out_1,0,0,0
F2,base,1756,qrs_out_2,0,0,0
F2,base,1757,qrs_out_0,45,0,0
F2,base,1757,qrs_out_1,0,0,0
F2,base,1757,qrs_out_2,0,0,0
F2,base,1758,qrs_out_0,43,0,0
F2,base,1758,qrs_out_1,0,0,0
F2,base,1758,qrs_out_2,0,0,0
F2,base,1759,qrs_out_0,43,0,0
F2,base,1759,qrs_out_1,0,0,0
F2,base,1759,qrs_out_2,0,0,0
F2,base,1760,qrs_out_0,42,0,0
F2,base,1760,qrs_out_1,0,0,0
F2,base,1760,qrs_out_2,0,0,0
F2,base,1761,qrs_out_0,44,0,0
F2,base,1761,qrs_out_1,0,0,0
F2,base,1761,qrs_out_2,0,0,0
F2,base,1762,qrs_out_0,46,0,0
F2,base,1762,qrs_out_1,0,0,0
F2,base,1762,qrs_out_2,0,0,0
F2,base,1763,qrs_out_0,49,0,0
F2,base,1763,qrs_out_1,0,0,0
F2,base,1763,qrs_out_2,0,0,0
F2,base,1764,qrs_out_0,52,0,0
F2,base,1764,qrs_out_1,0,0,0
F2,base,1764,qrs_out_2,0,0,0
F2,base,1765,qrs_out_0,57,0,0
F2,base,1765,qrs_out_1,0,0,0
F2,base,1765,qrs_out_2,0,0,0
F2,base,1766,qrs_out_0,57,0,0
F2,base,1766,qrs_out_1,0,0,0
F2,base,1766,qrs_out_2,0,0,0
F2,base,1767,qrs_out_0,61,0,0
F2,base,1767,qrs_out_1,0,0,0
F2,base,1767,qrs_out_2,0,0,0
F2,base,1768,qrs_out_0,62,0,0
F2,base,1768,qrs_out_1,0,0,0
F2,base,1768,qrs_out_2,0,0,0
F2,base,1769,qrs_out_0,58,0,0
F2,base,1769,qrs_out_1,0,0,0
F2,base,1769,qrs_out_2,0,0,0
F2,base,1770,qrs_out_0,59,0,0
F2,base,1770,qrs_out_1,0,0,0
F2,base,1770,qrs_out_2,0,0,0
F2,base,1771,qrs_out_0,56,0,0
F2,base,1771,qrs_out_1,0,0,0
F2,base,1771,qrs_out_2,0,0,0
F2,base,1772,qrs_out_0,57,0,0
F2,base,1772,qrs_out_1,0,0,0
F2,base,1772,qrs_out_2,0,0,0
F2,base,1773,qrs_out_0,56,0,0
F2,base,1773,qrs_out_1,0,0,0
F2,base,1773,qrs_out_2,0,0,0
F2,base,1774,qrs_out_0,58,0,0
F2,base,1774,qrs_out_1,0,0,0
F2,base,1774,qrs_out_2,0,0,0
F2,base,1775,qrs_out_0,57,0,0
F2,base,1775,qrs_out_1,0,0,0
F2,base,1775,qrs_out_2,0,0,0
F2,base,1776,qrs_out_0,60,0,0
F2,base,1776,qrs_out_1,0,0,0
F2,base,1776,qrs_out_2,0,0,0
F2,base,1777,qrs_out_0,59,0,0
F2,base,1777,qrs_out_1,0,0,0
F2,base,1777,qrs_out_2,0,0,0
F2,base,1778,qrs_out_0,58,0,0
F2,base,1778,qrs_out_1,0,0,0
F2,base,1778,qrs_out_2,0,0,0
F2,base,1779,qrs_out_0,58,0,0
F2,base,1779,qrs_out_1,0,0,0
F2,base,1779,qrs_out_2,0,0,0
F2,base,1780,qrs_out_0,57,0,0
F2,base,1780,qrs_out_1,0,0,0
F2,base,1780,qrs_out_2,0,0,0
F2,base,1781,qrs_out_0,56,0,0
F2,base,1781,qrs_out_1,0,0,0
F2,base,1781,qrs_out_2,0,0,0
F2,base,1782,qrs_out_0,56,0,0
F2,base,1782,qrs_out_1,0,0,0
F2,base,1782,qrs_out_2,0,0,0
F2,base,1783,qrs_out_0,52,0,0
F2,base,1783,qrs_out_1,0,0,0
F2,base,1783,qrs_out_2,0,0,0
F2,base,1784,qrs_out_0,49,0,0
F2,base,1784,qrs_out_1,0,0,0
F2,base,1784,qrs_out_2,0,0,0
F2,base,1785,qrs_out_0,47,0,0
F2,base,1785,qrs_out_1,0,0,0
F2,base,1785,qrs_out_2,0,0,0
F2,base,1786,qrs_out_0,49,0,0
F2,base,1786,qrs_out_1,0,0,0
F2,base,1786,qrs_out_2,0,0,0
F2,base,1787,qrs_out_0,48,0,0
F2,base,1787,qrs_out_1,0,0,0
F2,base,1787,qrs_out_2,0,0,0
F2,base,1788,qrs_out_0,47,0,0
F2,base,1788,qrs_out_1,0,0,0
F2,base,1788,qrs_out_2,0,0,0
F2,base,1789,qrs_out_0,47,0,0
F2,base,1789,qrs_out_1,0,0,0
F2,base,1789,qrs_out_2,0,0,0
F2,base,1790,qrs_out_0,47,0,0
F2,base,1790,qrs_out_1,0,0,0
F2,base,1790,qrs_out_2,0,0,0
F2,base,1791,qrs_out_0,48,0,0
F2,base,1791,qrs_out_1,0,0,0
F2,base,1791,qrs_out_2,0,0,0
F2,base,1792,qrs_out_0,48,0,0
F2,base,1792,qrs_out_1,0,0,0
F2,base,1792,qrs_out_2,0,0,0
F2,base,1793,qrs_out_0,45,0,0
F2,base,1793,qrs_out_1,0,0,0
F2,base,1793,qrs_out_2,0,0,0
F2,base,1794,qrs_out_0,44,0,0
F2,base,1794,qrs_out_1,0,0,0
F2,base,1794,qrs_out_2,0,0,0
F2,base,1795,qrs_out_0,40,0,0
F2,base,1795,qrs_out_1,0,0,0
F2,base,1795,qrs_out_2,0,0,0
F2,base,1796,qrs_out_0,37,0,0
F2,base,1796,qrs_out_1,0,0,0
F2,base,1796,qrs_out_2,0,0,0
F2,base,1797,qrs_out_0,36,0,0
F2,base,1797,qrs_out_1,0,0,0
F2,base,1797,qrs_out_2,0,0,0
F2,base,1798,qrs_out_0,37,0,0
F2,base,1798,qrs_out_1,0,0,0
F2,base,1798,qrs_out_2,0,0,0
F2,base,1799,qrs_out_0,41,0,0
F2,base,1799,qrs_out_1,0,0,0
F2,base,1799,qrs_out_2,0,0,0
F2,base,1800,qrs_out_0,43,0,0
F2,base,1800,qrs_out_1,0,0,0
F2,base,1800,qrs_out_2,0,0,0
F2,base,1801,qrs_out_0,45,0,0
F2,base,1801,qrs_out_1,0,0,0
F2,base,1801,qrs_out_2,0,0,0
F2,base,1802,qrs_out_0,45,0,0
F2,base,1802,qrs_out_1,0,0,0
F2,base,1802,qrs_out_2,0,0,0
F2,base,1803,qrs_out_0,46,0,0
F2,base,1803,qrs_out_1,0,0,0
F2,base,1803,qrs_out_2,0,0,0
F2,base,1804,qrs_out_0,44,0,0
F2,base,1804,qrs_out_1,0,0,0
F2,base,1804,qrs_out_2,0,0,0
F2,base,1805,qrs_out_0,41,0,0
F2,base,1805,qrs_out_1,0,0,0
F2,base,1805,qrs_out_2,0,0,0
F2,base,1806,qrs_out_0,40,0,0
F2,base,1806,qrs_out_1,0,0,0
F2,base,1806,qrs_out_2,0,0,0
F2,base,1807,qrs_out_0,38,0,0
F2,base,1807,qrs_out_1,0,0,0
F2,base,1807,qrs_out_2,0,0,0
F2,base,1808,qrs_out_0,39,0,0
F2,base,1808,qrs_out_1,0,0,0
F2,base,1808,qrs_out_2,0,0,0
F2,base,1809,qrs_out_0,38,0,0
F2,base,1809,qrs_out_1,0,0,0
F2,base,1809,qrs_out_2,0,0,0
F2,base,1810,qrs_out_0,39,0,0
F2,base,1810,qrs_out_1,0,0,0
F2,base,1810,qrs_out_2,0,0,0
F2,base,1811,qrs_out_0,37,0,0
F2,base,1811,qrs_out_1,0,0,0
F2,base,1811,qrs_out_2,0,0,0
F2,base,1812,qrs_out_0,39,0,0
F2,base,1812,qrs_out_1,0,0,0
F2,base,1812,qrs_out_2,0,0,0
F2,base,1813,qrs_out_0,40,0,0
F2,base,1813,qrs_out_1,0,0,0
F2,base,1813,qrs_out_2,0,0,0
F2,base,1814,qrs_out_0,38,0,0
F2,base,1814,qrs_out_1,0,0,0
F2,base,1814,qrs_out_2,0,0,0
F2,base,1815,qrs_out_0,39,0,0
F2,base,1815,qrs_out_1,0,0,0
F2,base,1815,qrs_out_2,0,0,0
F2,base,1816,qrs_out_0,37,0,0
F2,base,1816,qrs_out_1,0,0,0
F2,base,1816,qrs_out_2,0,0,0
F2,base,1817,qrs_out_0,36,0,0
F2,base,1817,qrs_out_1,0,0,0
F2,base,1817,qrs_out_2,0,0,0
F2,base,1818,qrs_out_0,32,0,0
F2,base,1818,qrs_out_1,0,0,0
F2,base,1818,qrs_out_2,0,0,0
F2,base,1819,qrs_out_0,32,0,0
F2,base,1819,qrs_out_1,0,0,0
F2,base,1819,qrs_out_2,0,0,0
F2,base,1820,qrs_out_0,31,0,0
F2,base,1820,qrs_out_1,0,0,0
F2,base,1820,qrs_out_2,0,0,0
F2,base,1821,qrs_out_0,32,0,0
F2,base,1821,qrs_out_1,0,0,0
F2,base,1821,qrs_out_2,0,0,0
F2,base,1822,qrs_out_0,34,0,0
F2,base,1822,qrs_out_1,0,0,0
F2,base,1822,qrs_out_2,0,0,0
F2,base,1823,qrs_out_0,35,0,0
F2,base,1823,qrs_out_1,0,0,0
F2,base,1823,qrs_out_2,0,0,0
F2,base,1824,qrs_out_0,36,0,0
F2,base,1824,qrs_out_1,0,0,0
F2,base,1824,qrs_out_2,0,0,0
F2,base,1825,qrs_out_0,37,0,0
F2,base,1825,qrs_out_1,0,0,0
F2,base,1825,qrs_out_2,0,0,0
F2,base,1826,qrs_out_0,39,0,0
F2,base,1826,qrs_out_1,0,0,0
F2,base,1826,qrs_out_2,0,0,0
F2,base,1827,qrs_out_0,39,0,0
F2,base,1827,qrs_out_1,0,0,0
F2,base,1827,qrs_out_2,0,0,0
F2,base,1828,qrs_out_0,38,0,0
F2,base,1828,qrs_out_1,0,0,0
F2,base,1828,qrs_out_2,0,0,0
F2,base,1829,qrs_out_0,37,0,0
F2,base,1829,qrs_out_1,0,0,0
F2,base,1829,qrs_out_2,0,0,0
F2,base,1830,qrs_out_0,38,0,0
F2,base,1830,qrs_out_1,0,0,0
F2,base,1830,qrs_out_2,0,0,0
F2,base,1831,qrs_out_0,37,0,0
F2,base,1831,qrs_out_1,0,0,0
F2,base,1831,qrs_out_2,0,0,0
F2,base,1832,qrs_out_0,36,0,0
F2,base,1832,qrs_out_1,0,0,0
F2,base,1832,qrs_out_2,0,0,0
F2,base,1833,qrs_out_0,34,0,0
F2,base,1833,qrs_out_1,0,0,0
F2,base,1833,qrs_out_2,0,0,0
F2,base,1834,qrs_out_0,32,0,0
F2,base,1834,qrs_out_1,0,0,0
F2,base,1834,qrs_out_2,0,0,0
F2,base,1835,qrs_out_0,32,0,0
F2,base,1835,qrs_out_1,0,0,0
F2,base,1835,qrs_out_2,0,0,0
F2,base,1836,qrs_out_0,34,0,0
F2,base,1836,qrs_out_1,0,0,0
F2,base,1836,qrs_out_2,0,0,0
F2,base,1837,qrs_out_0,35,0,0
F2,base,1837,qrs_out_1,0,0,0
F2,base,1837,qrs_out_2,0,0,0
F2,base,1838,qrs_out_0,35,0,0
F2,base,1838,qrs_out_1,0,0,0
F2,base,1838,qrs_out_2,0,0,0
F2,base,1839,qrs_out_0,36,0,0
F2,base,1839,qrs_out_1,0,0,0
F2,base,1839,qrs_out_2,0,0,0
F2,base,1840,qrs_out_0,36,0,0
F2,base,1840,qrs_out_1,0,0,0
F2,base,1840,qrs_out_2,0,0,0
F2,base,1841,qrs_out_0,36,0,0
F2,base,1841,qrs_out_1,0,0,0
F2,base,1841,qrs_out_2,0,0,0
F2,base,1842,qrs_out_0,38,0,0
F2,base,1842,qrs_out_1,0,0,0
F2,base,1842,qrs_out_2,0,0,0
F2,base,1843,qrs_out_0,39,0,0
F2,base,1843,qrs_out_1,0,0,0
F2,base,1843,qrs_out_2,0,0,0
F2,base,1844,qrs_out_0,42,0,0
F2,base,1844,qrs_out_1,0,0,0
F2,base,1844,qrs_out_2,0,0,0
F2,base,1845,qrs_out_0,41,0,0
F2,base,1845,qrs_out_1,0,0,0
F2,base,1845,qrs_out_2,0,0,0
F2,base,1846,qrs_out_0,43,0,0
F2,base,1846,qrs_out_1,0,0,0
F2,base,1846,qrs_out_2,0,0,0
F2,base,1847,qrs_out_0,45,0,0
F2,base,1847,qrs_out_1,0,0,0
F2,base,1847,qrs_out_2,0,0,0
F2,base,1848,qrs_out_0,47,0,0
F2,base,1848,qrs_out_1,0,0,0
F2,base,1848,qrs_out_2,0,0,0
F2,base,1849,qrs_out_0,47,0,0
F2,base,1849,qrs_out_1,0,0,0
F2,base,1849,qrs_out_2,0,0,0
F2,base,1850,qrs_out_0,49,0,0
F2,base,1850,qrs_out_1,0,0,0
F2,base,1850,qrs_out_2,0,0,0
F2,base,1851,qrs_out_0,51,0,0
F2,base,1851,qrs_out_1,0,0,0
F2,base,1851,qrs_out_2,0,0,0
F2,base,1852,qrs_out_0,54,0,0
F2,base,1852,qrs_out_1,0,0,0
F2,base,1852,qrs_out_2,0,0,0
F2,base,1853,qrs_out_0,54,0,0
F2,base,1853,qrs_out_1,0,0,0
F2,base,1853,qrs_out_2,0,0,0
F2,base,1854,qrs_out_0,54,0,0
F2,base,1854,qrs_out_1,0,0,0
F2,base,1854,qrs_out_2,0,0,0
F2,base,1855,qrs_out_0,51,0,0
F2,base,1855,qrs_out_1,0,0,0
F2,base,1855,qrs_out_2,0,0,0
F2,base,1856,qrs_out_0,49,0,0
F2,base,1856,qrs_out_1,0,0,0
F2,base,1856,qrs_out_2,0,0,0
F2,base,1857,qrs_out_0,46,0,0
F2,base,1857,qrs_out_1,0,0,0
F2,base,1857,qrs_out_2,0,0,0
F2,base,1858,qrs_out_0,43,0,0
F2,base,1858,qrs_out_1,0,0,0
F2,base,1858,qrs_out_2,0,0,0
F2,base,1859,qrs_out_0,43,0,0
F2,base,1859,qrs_out_1,0,0,0
F2,base,1859,qrs_out_2,0,0,0
F2,base,1860,qrs_out_0,43,0,0
F2,base,1860,qrs_out_1,0,0,0
F2,base,1860,qrs_out_2,0,0,0
F2,base,1861,qrs_out_0,45,0,0
F2,base,1861,qrs_out_1,0,0,0
F2,base,1861,qrs_out_2,0,0,0
F2,base,1862,qrs_out_0,45,0,0
F2,base,1862,qrs_out_1,0,0,0
F2,base,1862,qrs_out_2,0,0,0
F2,base,1863,qrs_out_0,45,0,0
F2,base,1863,qrs_out_1,0,0,0
F2,base,1863,qrs_out_2,0,0,0
F2,base,1864,qrs_out_0,44,0,0
F2,base,1864,qrs_out_1,0,0,0
F2,base,1864,qrs_out_2,0,0,0
F2,base,1865,qrs_out_0,41,0,0
F2,base,1865,qrs_out_1,0,0,0
F2,base,1865,qrs_out_2,0,0,0
F2,base,1866,qrs_out_0,37,0,0
F2,base,1866,qrs_out_1,0,0,0
F2,base,1866,qrs_out_2,0,0,0
F2,base,1867,qrs_out_0,36,0,0
F2,base,1867,qrs_out_1,0,0,0
F2,base,1867,qrs_out_2,0,0,0
F2,base,1868,qrs_out_0,35,0,0
F2,base,1868,qrs_out_1,0,0,0
F2,base,1868,qrs_out_2,0,0,0
F2,base,1869,qrs_out_0,32,0,0
F2,base,1869,qrs_out_1,0,0,0
F2,base,1869,qrs_out_2,0,0,0
F2,base,1870,qrs_out_0,31,0,0
F2,base,1870,qrs_out_1,0,0,0
F2,base,1870,qrs_out_2,0,0,0
F2,base,1871,qrs_out_0,32,0,0
F2,base,1871,qrs_out_1,0,0,0
F2,base,1871,qrs_out_2,0,0,0
F2,base,1872,qrs_out_0,30,0,0
F2,base,1872,qrs_out_1,0,0,0
F2,base,1872,qrs_out_2,0,0,0
F2,base,1873,qrs_out_0,29,0,0
F2,base,1873,qrs_out_1,0,0,0
F2,base,1873,qrs_out_2,0,0,0
F2,base,1874,qrs_out_0,28,0,0
F2,base,1874,qrs_out_1,0,0,0
F2,base,1874,qrs_out_2,0,0,0
F2,base,1875,qrs_out_0,27,0,0
F2,base,1875,qrs_out_1,0,0,0
F2,base,1875,qrs_out_2,0,0,0
F2,base,1876,qrs_out_0,27,0,0
F2,base,1876,qrs_out_1,0,0,0
F2,base,1876,qrs_out_2,0,0,0
F2,base,1877,qrs_out_0,26,0,0
F2,base,1877,qrs_out_1,0,0,0
F2,base,1877,qrs_out_2,0,0,0
F2,base,1878,qrs_out_0,26,0,0
F2,base,1878,qrs_out_1,0,0,0
F2,base,1878,qrs_out_2,0,0,0
F2,base,1879,qrs_out_0,26,0,0
F2,base,1879,qrs_out_1,0,0,0
F2,base,1879,qrs_out_2,0,0,0
F2,base,1880,qrs_out_0,25,0,0
F2,base,1880,qrs_out_1,0,0,0
F2,base,1880,qrs_out_2,0,0,0
F2,base,1881,qrs_out_0,25,0,0
F2,base,1881,qrs_out_1,0,0,0
F2,base,1881,qrs_out_2,0,0,0
F2,base,1882,qrs_out_0,26,0,0
F2,base,1882,qrs_out_1,0,0,0
F2,base,1882,qrs_out_2,0,0,0
F2,base,1883,qrs_out_0,28,0,0
F2,base,1883,qrs_out_1,0,0,0
F2,base,1883,qrs_out_2,0,0,0
F2,base,1884,qrs_out_0,30,0,0
F2,base,1884,qrs_out_1,0,0,0
F2,base,1884,qrs_out_2,0,0,0
F2,base,1885,qrs_out_0,29,0,0
F2,base,1885,qrs_out_1,0,0,0
F2,base,1885,qrs_out_2,0,0,0
F2,base,1886,qrs_out_0,31,0,0
F2,base,1886,qrs_out_1,0,0,0
F2,base,1886,qrs_out_2,0,0,0
F2,base,1887,qrs_out_0,31,0,0
F2,base,1887,qrs_out_1,0,0,0
F2,base,1887,qrs_out_2,0,0,0
F2,base,1888,qrs_out_0,31,0,0
F2,base,1888,qrs_out_1,0,0,0
F2,base,1888,qrs_out_2,0,0,0
F2,base,1889,qrs_out_0,29,0,0
F2,base,1889,qrs_out_1,0,0,0
F2,base,1889,qrs_out_2,0,0,0
F2,base,1890,qrs_out_0,25,0,0
F2,base,1890,qrs_out_1,0,0,0
F2,base,1890,qrs_out_2,0,0,0
F2,base,1891,qrs_out_0,22,0,0
F2,base,1891,qrs_out_1,0,0,0
F2,base,1891,qrs_out_2,0,0,0
F2,base,1892,qrs_out_0,18,0,0
F2,base,1892,qrs_out_1,0,0,0
F2,base,1892,qrs_out_2,0,0,0
F2,base,1893,qrs_out_0,17,0,0
F2,base,1893,qrs_out_1,0,0,0
F2,base,1893,qrs_out_2,0,0,0
F2,base,1894,qrs_out_0,22,0,0
F2,base,1894,qrs_out_1,0,0,0
F2,base,1894,qrs_out_2,0,0,0
F2,base,1895,qrs_out_0,34,0,0
F2,base,1895,qrs_out_1,0,0,0
F2,base,1895,qrs_out_2,0,0,0
F2,base,1896,qrs_out_0,56,0,0
F2,base,1896,qrs_out_1,0,0,0
F2,base,1896,qrs_out_2,0,0,0
F2,base,1897,qrs_out_0,83,0,0
F2,base,1897,qrs_out_1,0,0,0
F2,base,1897,qrs_out_2,0,0,0
F2,base,1898,qrs_out_0,120,0,0
F2,base,1898,qrs_out_1,0,0,0
F2,base,1898,qrs_out_2,0,0,0
F2,base,1899,qrs_out_0,163,0,0
F2,base,1899,qrs_out_1,0,0,0
F2,base,1899,qrs_out_2,0,0,0
F2,base,1900,qrs_out_0,208,0,0
F2,base,1900,qrs_out_1,0,0,0
F2,base,1900,qrs_out_2,0,0,0
F2,base,1901,qrs_out_0,248,0,0
F2,base,1901,qrs_out_1,0,0,0
F2,base,1901,qrs_out_2,0,0,0
F2,base,1902,qrs_out_0,275,0,0
F2,base,1902,qrs_out_1,0,0,0
F2,base,1902,qrs_out_2,0,0,0
F2,base,1903,qrs_out_0,282,0,0
F2,base,1903,qrs_out_1,0,0,0
F2,base,1903,qrs_out_2,0,0,0
F2,base,1904,qrs_out_0,258,0,0
F2,base,1904,qrs_out_1,0,0,0
F2,base,1904,qrs_out_2,0,0,0
F2,base,1905,qrs_out_0,211,0,0
F2,base,1905,qrs_out_1,0,0,0
F2,base,1905,qrs_out_2,0,0,0
F2,base,1906,qrs_out_0,154,0,0
F2,base,1906,qrs_out_1,0,0,0
F2,base,1906,qrs_out_2,0,0,0
F2,base,1907,qrs_out_0,97,0,0
F2,base,1907,qrs_out_1,0,0,0
F2,base,1907,qrs_out_2,0,0,0
F2,base,1908,qrs_out_0,53,0,0
F2,base,1908,qrs_out_1,0,0,0
F2,base,1908,qrs_out_2,0,0,0
F2,base,1909,qrs_out_0,27,0,0
F2,base,1909,qrs_out_1,0,0,0
F2,base,1909,qrs_out_2,0,0,0
F2,base,1910,qrs_out_0,21,0,0
F2,base,1910,qrs_out_1,0,0,0
F2,base,1910,qrs_out_2,0,0,0
F2,base,1911,qrs_out_0,27,0,0
F2,base,1911,qrs_out_1,0,0,0
F2,base,1911,qrs_out_2,0,0,0
F2,base,1912,qrs_out_0,34,0,0
F2,base,1912,qrs_out_1,0,0,0
F2,base,1912,qrs_out_2,0,0,0
F2,base,1913,qrs_out_0,43,0,0
F2,base,1913,qrs_out_1,0,0,0
F2,base,1913,qrs_out_2,0,0,0
F2,base,1914,qrs_out_0,47,0,0
F2,base,1914,qrs_out_1,0,0,0
F2,base,1914,qrs_out_2,0,0,0
F2,base,1915,qrs_out_0,45,0,0
F2,base,1915,qrs_out_1,5,0,0
F2,base,1915,qrs_out_2,5,0,0
F2,base,1916,qrs_out_0,43,0,0
F2,base,1916,qrs_out_1,5,0,0
F2,base,1916,qrs_out_2,5,0,0
F2,base,1917,qrs_out_0,42,0,0
F2,base,1917,qrs_out_1,5,0,0
F2,base,1917,qrs_out_2,5,0,0
F2,base,1918,qrs_out_0,41,0,0
F2,base,1918,qrs_out_1,5,0,0
F2,base,1918,qrs_out_2,5,0,0
F2,base,1919,qrs_out_0,41,0,0
F2,base,1919,qrs_out_1,5,0,0
F2,base,1919,qrs_out_2,5,0,0
F2,base,1920,qrs_out_0,39,0,0
F2,base,1920,qrs_out_1,5,0,0
F2,base,1920,qrs_out_2,5,0,0
F2,base,1921,qrs_out_0,38,0,0
F2,base,1921,qrs_out_1,5,0,0
F2,base,1921,qrs_out_2,5,0,0
F2,base,1922,qrs_out_0,37,0,0
F2,base,1922,qrs_out_1,5,0,0
F2,base,1922,qrs_out_2,5,0,0
F2,base,1923,qrs_out_0,37,0,0
F2,base,1923,qrs_out_1,5,0,0
F2,base,1923,qrs_out_2,5,0,0
F2,base,1924,qrs_out_0,34,0,0
F2,base,1924,qrs_out_1,5,0,0
F2,base,1924,qrs_out_2,5,0,0
F2,base,1925,qrs_out_0,31,0,0
F2,base,1925,qrs_out_1,10,0,0
F2,base,1925,qrs_out_2,10,0,0
F2,base,1926,qrs_out_0,30,0,0
F2,base,1926,qrs_out_1,10,0,0
F2,base,1926,qrs_out_2,10,0,0
F2,base,1927,qrs_out_0,27,0,0
F2,base,1927,qrs_out_1,10,0,0
F2,base,1927,qrs_out_2,10,0,0
F2,base,1928,qrs_out_0,30,0,0
F2,base,1928,qrs_out_1,10,0,0
F2,base,1928,qrs_out_2,10,0,0
F2,base,1929,qrs_out_0,29,0,0
F2,base,1929,qrs_out_1,10,0,0
F2,base,1929,qrs_out_2,10,0,0
F2,base,1930,qrs_out_0,30,0,0
F2,base,1930,qrs_out_1,10,0,0
F2,base,1930,qrs_out_2,10,0,0
F2,base,1931,qrs_out_0,31,0,0
F2,base,1931,qrs_out_1,10,0,0
F2,base,1931,qrs_out_2,10,0,0
F2,base,1932,qrs_out_0,32,0,0
F2,base,1932,qrs_out_1,10,0,0
F2,base,1932,qrs_out_2,10,0,0
F2,base,1933,qrs_out_0,33,0,0
F2,base,1933,qrs_out_1,10,0,0
F2,base,1933,qrs_out_2,10,0,0
F2,base,1934,qrs_out_0,37,0,0
F2,base,1934,qrs_out_1,10,0,0
F2,base,1934,qrs_out_2,10,0,0
F2,base,1935,qrs_out_0,35,0,0
F2,base,1935,qrs_out_1,10,0,0
F2,base,1935,qrs_out_2,10,0,0
F2,base,1936,qrs_out_0,36,0,0
F2,base,1936,qrs_out_1,10,0,0
F2,base,1936,qrs_out_2,10,0,0
F2,base,1937,qrs_out_0,36,0,0
F2,base,1937,qrs_out_1,10,0,0
F2,base,1937,qrs_out_2,10,0,0
F2,base,1938,qrs_out_0,33,0,0
F2,base,1938,qrs_out_1,10,0,0
F2,base,1938,qrs_out_2,10,0,0
F2,base,1939,qrs_out_0,33,0,0
F2,base,1939,qrs_out_1,10,0,0
F2,base,1939,qrs_out_2,10,0,0
F2,base,1940,qrs_out_0,34,0,0
F2,base,1940,qrs_out_1,10,0,0
F2,base,1940,qrs_out_2,10,0,0
F2,base,1941,qrs_out_0,34,0,0
F2,base,1941,qrs_out_1,10,0,0
F2,base,1941,qrs_out_2,10,0,0
F2,base,1942,qrs_out_0,35,0,0
F2,base,1942,qrs_out_1,10,0,0
F2,base,1942,qrs_out_2,10,0,0
F2,base,1943,qrs_out_0,35,0,0
F2,base,1943,qrs_out_1,5,0,0
F2,base,1943,qrs_out_2,5,0,0
F2,base,1944,qrs_out_0,36,0,0
F2,base,1944,qrs_out_1,5,0,0
F2,base,1944,qrs_out_2,5,0,0
F2,base,1945,qrs_out_0,37,0,0
F2,base,1945,qrs_out_1,5,0,0
F2,base,1945,qrs_out_2,5,0,0
F2,base,1946,qrs_out_0,37,0,0
F2,base,1946,qrs_out_1,5,0,0
F2,base,1946,qrs_out_2,5,0,0
F2,base,1947,qrs_out_0,39,0,0
F2,base,1947,qrs_out_1,5,0,0
F2,base,1947,qrs_out_2,5,0,0
F2,base,1948,qrs_out_0,39,0,0
F2,base,1948,qrs_out_1,5,0,0
F2,base,1948,qrs_out_2,5,0,0
F2,base,1949,qrs_out_0,37,0,0
F2,base,1949,qrs_out_1,5,0,0
F2,base,1949,qrs_out_2,5,0,0
F2,base,1950,qrs_out_0,36,0,0
F2,base,1950,qrs_out_1,5,0,0
F2,base,1950,qrs_out_2,5,0,0
F2,base,1951,qrs_out_0,36,0,0
F2,base,1951,qrs_out_1,5,0,0
F2,base,1951,qrs_out_2,5,0,0
F2,base,1952,qrs_out_0,35,0,0
F2,base,1952,qrs_out_1,0,0,0
F2,base,1952,qrs_out_2,0,0,0
F2,base,1953,qrs_out_0,34,0,0
F2,base,1953,qrs_out_1,0,0,0
F2,base,1953,qrs_out_2,0,0,0
F2,base,1954,qrs_out_0,35,0,0
F2,base,1954,qrs_out_1,0,0,0
F2,base,1954,qrs_out_2,0,0,0
F2,base,1955,qrs_out_0,37,0,0
F2,base,1955,qrs_out_1,0,0,0
F2,base,1955,qrs_out_2,0,0,0
F2,base,1956,qrs_out_0,38,0,0
F2,base,1956,qrs_out_1,0,0,0
F2,base,1956,qrs_out_2,0,0,0
F2,base,1957,qrs_out_0,40,0,0
F2,base,1957,qrs_out_1,0,0,0
F2,base,1957,qrs_out_2,0,0,0
F2,base,1958,qrs_out_0,41,0,0
F2,base,1958,qrs_out_1,0,0,0
F2,base,1958,qrs_out_2,0,0,0
F2,base,1959,qrs_out_0,42,0,0
F2,base,1959,qrs_out_1,0,0,0
F2,base,1959,qrs_out_2,0,0,0
F2,base,1960,qrs_out_0,43,0,0
F2,base,1960,qrs_out_1,0,0,0
F2,base,1960,qrs_out_2,0,0,0
F2,base,1961,qrs_out_0,42,0,0
F2,base,1961,qrs_out_1,0,0,0
F2,base,1961,qrs_out_2,0,0,0
F2,base,1962,qrs_out_0,41,0,0
F2,base,1962,qrs_out_1,0,0,0
F2,base,1962,qrs_out_2,0,0,0
F2,base,1963,qrs_out_0,40,0,0
F2,base,1963,qrs_out_1,0,0,0
F2,base,1963,qrs_out_2,0,0,0
F2,base,1964,qrs_out_0,39,0,0
F2,base,1964,qrs_out_1,0,0,0
F2,base,1964,qrs_out_2,0,0,0
F2,base,1965,qrs_out_0,40,0,0
F2,base,1965,qrs_out_1,0,0,0
F2,base,1965,qrs_out_2,0,0,0
F2,base,1966,qrs_out_0,42,0,0
F2,base,1966,qrs_out_1,0,0,0
F2,base,1966,qrs_out_2,0,0,0
F2,base,1967,qrs_out_0,42,0,0
F2,base,1967,qrs_out_1,0,0,0
F2,base,1967,qrs_out_2,0,0,0
F2,base,1968,qrs_out_0,44,0,0
F2,base,1968,qrs_out_1,0,0,0
F2,base,1968,qrs_out_2,0,0,0
F2,base,1969,qrs_out_0,45,0,0
F2,base,1969,qrs_out_1,0,0,0
F2,base,1969,qrs_out_2,0,0,0
F2,base,1970,qrs_out_0,46,0,0
F2,base,1970,qrs_out_1,0,0,0
F2,base,1970,qrs_out_2,0,0,0
F2,base,1971,qrs_out_0,46,0,0
F2,base,1971,qrs_out_1,0,0,0
F2,base,1971,qrs_out_2,0,0,0
F2,base,1972,qrs_out_0,46,0,0
F2,base,1972,qrs_out_1,0,0,0
F2,base,1972,qrs_out_2,0,0,0
F2,base,1973,qrs_out_0,45,0,0
F2,base,1973,qrs_out_1,0,0,0
F2,base,1973,qrs_out_2,0,0,0
F2,base,1974,qrs_out_0,43,0,0
F2,base,1974,qrs_out_1,0,0,0
F2,base,1974,qrs_out_2,0,0,0
F2,base,1975,qrs_out_0,41,0,0
F2,base,1975,qrs_out_1,0,0,0
F2,base,1975,qrs_out_2,0,0,0
F2,base,1976,qrs_out_0,40,0,0
F2,base,1976,qrs_out_1,0,0,0
F2,base,1976,qrs_out_2,0,0,0
F2,base,1977,qrs_out_0,40,0,0
F2,base,1977,qrs_out_1,0,0,0
F2,base,1977,qrs_out_2,0,0,0
F2,base,1978,qrs_out_0,40,0,0
F2,base,1978,qrs_out_1,0,0,0
F2,base,1978,qrs_out_2,0,0,0
F2,base,1979,qrs_out_0,44,0,0
F2,base,1979,qrs_out_1,0,0,0
F2,base,1979,qrs_out_2,0,0,0
F2,base,1980,qrs_out_0,44,0,0
F2,base,1980,qrs_out_1,0,0,0
F2,base,1980,qrs_out_2,0,0,0
F2,base,1981,qrs_out_0,45,0,0
F2,base,1981,qrs_out_1,0,0,0
F2,base,1981,qrs_out_2,0,0,0
F2,base,1982,qrs_out_0,46,0,0
F2,base,1982,qrs_out_1,0,0,0
F2,base,1982,qrs_out_2,0,0,0
F2,base,1983,qrs_out_0,46,0,0
F2,base,1983,qrs_out_1,0,0,0
F2,base,1983,qrs_out_2,0,0,0
F2,base,1984,qrs_out_0,45,0,0
F2,base,1984,qrs_out_1,0,0,0
F2,base,1984,qrs_out_2,0,0,0
F2,base,1985,qrs_out_0,45,0,0
F2,base,1985,qrs_out_1,0,0,0
F2,base,1985,qrs_out_2,0,0,0
F2,base,1986,qrs_out_0,44,0,0
F2,base,1986,qrs_out_1,0,0,0
F2,base,1986,qrs_out_2,0,0,0
F2,base,1987,qrs_out_0,42,0,0
F2,base,1987,qrs_out_1,0,0,0
F2,base,1987,qrs_out_2,0,0,0
F2,base,1988,qrs_out_0,43,0,0
F2,base,1988,qrs_out_1,0,0,0
F2,base,1988,qrs_out_2,0,0,0
F2,base,1989,qrs_out_0,43,0,0
F2,base,1989,qrs_out_1,0,0,0
F2,base,1989,qrs_out_2,0,0,0
F2,base,1990,qrs_out_0,45,0,0
F2,base,1990,qrs_out_1,0,0,0
F2,base,1990,qrs_out_2,0,0,0
F2,base,1991,qrs_out_0,46,0,0
F2,base,1991,qrs_out_1,0,0,0
F2,base,1991,qrs_out_2,0,0,0
F2,base,1992,qrs_out_0,48,0,0
F2,base,1992,qrs_out_1,0,0,0
F2,base,1992,qrs_out_2,0,0,0
F2,base,1993,qrs_out_0,50,0,0
F2,base,1993,qrs_out_1,0,0,0
F2,base,1993,qrs_out_2,0,0,0
F2,base,1994,qrs_out_0,51,0,0
F2,base,1994,qrs_out_1,0,0,0
F2,base,1994,qrs_out_2,0,0,0
F2,base,1995,qrs_out_0,51,0,0
F2,base,1995,qrs_out_1,0,0,0
F2,base,1995,qrs_out_2,0,0,0
F2,base,1996,qrs_out_0,52,0,0
F2,base,1996,qrs_out_1,0,0,0
F2,base,1996,qrs_out_2,0,0,0
F2,base,1997,qrs_out_0,55,0,0
F2,base,1997,qrs_out_1,0,0,0
F2,base,1997,qrs_out_2,0,0,0
F2,base,1998,qrs_out_0,54,0,0
F2,base,1998,qrs_out_1,0,0,0
F2,base,1998,qrs_out_2,0,0,0
F2,base,1999,qrs_out_0,54,0,0
F2,base,1999,qrs_out_1,0,0,0
F2,base,1999,qrs_out_2,0,0,0
F2,base,2000,qrs_out_0,53,0,0
F2,base,2000,qrs_out_1,0,0,0
F2,base,2000,qrs_out_2,0,0,0
F2,base,2001,qrs_out_0,55,0,0
F2,base,2001,qrs_out_1,0,0,0
F2,base,2001,qrs_out_2,0,0,0
F2,base,2002,qrs_out_0,58,0,0
F2,base,2002,qrs_out_1,0,0,0
F2,base,2002,qrs_out_2,0,0,0
F2,base,2003,qrs_out_0,60,0,0
F2,base,2003,qrs_out_1,0,0,0
F2,base,2003,qrs_out_2,0,0,0
F2,base,2004,qrs_out_0,61,0,0
F2,base,2004,qrs_out_1,0,0,0
F2,base,2004,qrs_out_2,0,0,0
F2,base,2005,qrs_out_0,65,0,0
F2,base,2005,qrs_out_1,0,0,0
F2,base,2005,qrs_out_2,0,0,0
F2,base,2006,qrs_out_0,65,0,0
F2,base,2006,qrs_out_1,0,0,0
F2,base,2006,qrs_out_2,0,0,0
F2,base,2007,qrs_out_0,66,0,0
F2,base,2007,qrs_out_1,0,0,0
F2,base,2007,qrs_out_2,0,0,0
F2,base,2008,qrs_out_0,67,0,0
F2,base,2008,qrs_out_1,0,0,0
F2,base,2008,qrs_out_2,0,0,0
F2,base,2009,qrs_out_0,66,0,0
F2,base,2009,qrs_out_1,0,0,0
F2,base,2009,qrs_out_2,0,0,0
F2,base,2010,qrs_out_0,64,0,0
F2,base,2010,qrs_out_1,0,0,0
F2,base,2010,qrs_out_2,0,0,0
F2,base,2011,qrs_out_0,62,0,0
F2,base,2011,qrs_out_1,0,0,0
F2,base,2011,qrs_out_2,0,0,0
F2,base,2012,qrs_out_0,62,0,0
F2,base,2012,qrs_out_1,0,0,0
F2,base,2012,qrs_out_2,0,0,0
F2,base,2013,qrs_out_0,59,0,0
F2,base,2013,qrs_out_1,0,0,0
F2,base,2013,qrs_out_2,0,0,0
F2,base,2014,qrs_out_0,61,0,0
F2,base,2014,qrs_out_1,0,0,0
F2,base,2014,qrs_out_2,0,0,0
F2,base,2015,qrs_out_0,59,0,0
F2,base,2015,qrs_out_1,0,0,0
F2,base,2015,qrs_out_2,0,0,0
F2,base,2016,qrs_out_0,60,0,0
F2,base,2016,qrs_out_1,0,0,0
F2,base,2016,qrs_out_2,0,0,0
F2,base,2017,qrs_out_0,57,0,0
F2,base,2017,qrs_out_1,0,0,0
F2,base,2017,qrs_out_2,0,0,0
F2,base,2018,qrs_out_0,58,0,0
F2,base,2018,qrs_out_1,0,0,0
F2,base,2018,qrs_out_2,0,0,0
F2,base,2019,qrs_out_0,59,0,0
F2,base,2019,qrs_out_1,0,0,0
F2,base,2019,qrs_out_2,0,0,0
F2,base,2020,qrs_out_0,58,0,0
F2,base,2020,qrs_out_1,0,0,0
F2,base,2020,qrs_out_2,0,0,0
F2,base,2021,qrs_out_0,56,0,0
F2,base,2021,qrs_out_1,0,0,0
F2,base,2021,qrs_out_2,0,0,0
F2,base,2022,qrs_out_0,53,0,0
F2,base,2022,qrs_out_1,0,0,0
F2,base,2022,qrs_out_2,0,0,0
F2,base,2023,qrs_out_0,52,0,0
F2,base,2023,qrs_out_1,0,0,0
F2,base,2023,qrs_out_2,0,0,0
F2,base,2024,qrs_out_0,50,0,0
F2,base,2024,qrs_out_1,0,0,0
F2,base,2024,qrs_out_2,0,0,0
F2,base,2025,qrs_out_0,49,0,0
F2,base,2025,qrs_out_1,0,0,0
F2,base,2025,qrs_out_2,0,0,0
F2,base,2026,qrs_out_0,49,0,0
F2,base,2026,qrs_out_1,0,0,0
F2,base,2026,qrs_out_2,0,0,0
F2,base,2027,qrs_out_0,50,0,0
F2,base,2027,qrs_out_1,0,0,0
F2,base,2027,qrs_out_2,0,0,0
F2,base,2028,qrs_out_0,51,0,0
F2,base,2028,qrs_out_1,0,0,0
F2,base,2028,qrs_out_2,0,0,0
F2,base,2029,qrs_out_0,51,0,0
F2,base,2029,qrs_out_1,0,0,0
F2,base,2029,qrs_out_2,0,0,0
F2,base,2030,qrs_out_0,53,0,0
F2,base,2030,qrs_out_1,0,0,0
F2,base,2030,qrs_out_2,0,0,0
F2,base,2031,qrs_out_0,52,0,0
F2,base,2031,qrs_out_1,0,0,0
F2,base,2031,qrs_out_2,0,0,0
F2,base,2032,qrs_out_0,51,0,0
F2,base,2032,qrs_out_1,0,0,0
F2,base,2032,qrs_out_2,0,0,0
F2,base,2033,qrs_out_0,48,0,0
F2,base,2033,qrs_out_1,0,0,0
F2,base,2033,qrs_out_2,0,0,0
F2,base,2034,qrs_out_0,51,0,0
F2,base,2034,qrs_out_1,0,0,0
F2,base,2034,qrs_out_2,0,0,0
F2,base,2035,qrs_out_0,47,0,0
F2,base,2035,qrs_out_1,0,0,0
F2,base,2035,qrs_out_2,0,0,0
F2,base,2036,qrs_out_0,46,0,0
F2,base,2036,qrs_out_1,0,0,0
F2,base,2036,qrs_out_2,0,0,0
F2,base,2037,qrs_out_0,45,0,0
F2,base,2037,qrs_out_1,0,0,0
F2,base,2037,qrs_out_2,0,0,0
F2,base,2038,qrs_out_0,46,0,0
F2,base,2038,qrs_out_1,0,0,0
F2,base,2038,qrs_out_2,0,0,0
F2,base,2039,qrs_out_0,46,0,0
F2,base,2039,qrs_out_1,0,0,0
F2,base,2039,qrs_out_2,0,0,0
F2,base,2040,qrs_out_0,48,0,0
F2,base,2040,qrs_out_1,0,0,0
F2,base,2040,qrs_out_2,0,0,0
F2,base,2041,qrs_out_0,51,0,0
F2,base,2041,qrs_out_1,0,0,0
F2,base,2041,qrs_out_2,0,0,0
F2,base,2042,qrs_out_0,52,0,0
F2,base,2042,qrs_out_1,0,0,0
F2,base,2042,qrs_out_2,0,0,0
F2,base,2043,qrs_out_0,51,0,0
F2,base,2043,qrs_out_1,0,0,0
F2,base,2043,qrs_out_2,0,0,0
F2,base,2044,qrs_out_0,51,0,0
F2,base,2044,qrs_out_1,0,0,0
F2,base,2044,qrs_out_2,0,0,0
F2,base,2045,qrs_out_0,50,0,0
F2,base,2045,qrs_out_1,0,0,0
F2,base,2045,qrs_out_2,0,0,0
F2,base,2046,qrs_out_0,50,0,0
F2,base,2046,qrs_out_1,0,0,0
F2,base,2046,qrs_out_2,0,0,0
F2,base,2047,qrs_out_0,47,0,0
F2,base,2047,qrs_out_1,0,0,0
F2,base,2047,qrs_out_2,0,0,0
F2,base,2048,qrs_out_0,46,0,0
F2,base,2048,qrs_out_1,0,0,0
F2,base,2048,qrs_out_2,0,0,0
F2,base,2049,qrs_out_0,46,0,0
F2,base,2049,qrs_out_1,0,0,0
F2,base,2049,qrs_out_2,0,0,0
F2,base,2050,qrs_out_0,47,0,0
F2,base,2050,qrs_out_1,0,0,0
F2,base,2050,qrs_out_2,0,0,0
F2,base,2051,qrs_out_0,47,0,0
F2,base,2051,qrs_out_1,0,0,0
F2,base,2051,qrs_out_2,0,0,0
F2,base,2052,qrs_out_0,48,0,0
F2,base,2052,qrs_out_1,0,0,0
F2,base,2052,qrs_out_2,0,0,0
F2,base,2053,qrs_out_0,49,0,0
F2,base,2053,qrs_out_1,0,0,0
F2,base,2053,qrs_out_2,0,0,0
F2,base,2054,qrs_out_0,50,0,0
F2,base,2054,qrs_out_1,0,0,0
F2,base,2054,qrs_out_2,0,0,0
F2,base,2055,qrs_out_0,51,0,0
F2,base,2055,qrs_out_1,0,0,0
F2,base,2055,qrs_out_2,0,0,0
F2,base,2056,qrs_out_0,50,0,0
F2,base,2056,qrs_out_1,0,0,0
F2,base,2056,qrs_out_2,0,0,0
F2,base,2057,qrs_out_0,49,0,0
F2,base,2057,qrs_out_1,0,0,0
F2,base,2057,qrs_out_2,0,0,0
F2,base,2058,qrs_out_0,48,0,0
F2,base,2058,qrs_out_1,0,0,0
F2,base,2058,qrs_out_2,0,0,0
F2,base,2059,qrs_out_0,46,0,0
F2,base,2059,qrs_out_1,0,0,0
F2,base,2059,qrs_out_2,0,0,0
F2,base,2060,qrs_out_0,46,0,0
F2,base,2060,qrs_out_1,0,0,0
F2,base,2060,qrs_out_2,0,0,0
F2,base,2061,qrs_out_0,44,0,0
F2,base,2061,qrs_out_1,0,0,0
F2,base,2061,qrs_out_2,0,0,0
F2,base,2062,qrs_out_0,45,0,0
F2,base,2062,qrs_out_1,0,0,0
F2,base,2062,qrs_out_2,0,0,0
F2,base,2063,qrs_out_0,45,0,0
F2,base,2063,qrs_out_1,0,0,0
F2,base,2063,qrs_out_2,0,0,0
F2,base,2064,qrs_out_0,48,0,0
F2,base,2064,qrs_out_1,0,0,0
F2,base,2064,qrs_out_2,0,0,0
F2,base,2065,qrs_out_0,48,0,0
F2,base,2065,qrs_out_1,0,0,0
F2,base,2065,qrs_out_2,0,0,0
F2,base,2066,qrs_out_0,50,0,0
F2,base,2066,qrs_out_1,0,0,0
F2,base,2066,qrs_out_2,0,0,0
F2,base,2067,qrs_out_0,49,0,0
F2,base,2067,qrs_out_1,0,0,0
F2,base,2067,qrs_out_2,0,0,0
F2,base,2068,qrs_out_0,48,0,0
F2,base,2068,qrs_out_1,0,0,0
F2,base,2068,qrs_out_2,0,0,0
F2,base,2069,qrs_out_0,47,0,0
F2,base,2069,qrs_out_1,0,0,0
F2,base,2069,qrs_out_2,0,0,0
F2,base,2070,qrs_out_0,45,0,0
F2,base,2070,qrs_out_1,0,0,0
F2,base,2070,qrs_out_2,0,0,0
F2,base,2071,qrs_out_0,43,0,0
F2,base,2071,qrs_out_1,0,0,0
F2,base,2071,qrs_out_2,0,0,0
F2,base,2072,qrs_out_0,42,0,0
F2,base,2072,qrs_out_1,0,0,0
F2,base,2072,qrs_out_2,0,0,0
F2,base,2073,qrs_out_0,43,0,0
F2,base,2073,qrs_out_1,0,0,0
F2,base,2073,qrs_out_2,0,0,0
F2,base,2074,qrs_out_0,43,0,0
F2,base,2074,qrs_out_1,0,0,0
F2,base,2074,qrs_out_2,0,0,0
F2,base,2075,qrs_out_0,44,0,0
F2,base,2075,qrs_out_1,0,0,0
F2,base,2075,qrs_out_2,0,0,0
F2,base,2076,qrs_out_0,46,0,0
F2,base,2076,qrs_out_1,0,0,0
F2,base,2076,qrs_out_2,0,0,0
F2,base,2077,qrs_out_0,48,0,0
F2,base,2077,qrs_out_1,0,0,0
F2,base,2077,qrs_out_2,0,0,0
F2,base,2078,qrs_out_0,49,0,0
F2,base,2078,qrs_out_1,0,0,0
F2,base,2078,qrs_out_2,0,0,0
F2,base,2079,qrs_out_0,48,0,0
F2,base,2079,qrs_out_1,0,0,0
F2,base,2079,qrs_out_2,0,0,0
F2,base,2080,qrs_out_0,51,0,0
F2,base,2080,qrs_out_1,0,0,0
F2,base,2080,qrs_out_2,0,0,0
F2,base,2081,qrs_out_0,52,0,0
F2,base,2081,qrs_out_1,0,0,0
F2,base,2081,qrs_out_2,0,0,0
F2,base,2082,qrs_out_0,51,0,0
F2,base,2082,qrs_out_1,0,0,0
F2,base,2082,qrs_out_2,0,0,0
F2,base,2083,qrs_out_0,52,0,0
F2,base,2083,qrs_out_1,0,0,0
F2,base,2083,qrs_out_2,0,0,0
F2,base,2084,qrs_out_0,55,0,0
F2,base,2084,qrs_out_1,0,0,0
F2,base,2084,qrs_out_2,0,0,0
F2,base,2085,qrs_out_0,53,0,0
F2,base,2085,qrs_out_1,0,0,0
F2,base,2085,qrs_out_2,0,0,0
F2,base,2086,qrs_out_0,55,0,0
F2,base,2086,qrs_out_1,0,0,0
F2,base,2086,qrs_out_2,0,0,0
F2,base,2087,qrs_out_0,57,0,0
F2,base,2087,qrs_out_1,0,0,0
F2,base,2087,qrs_out_2,0,0,0
F2,base,2088,qrs_out_0,59,0,0
F2,base,2088,qrs_out_1,0,0,0
F2,base,2088,qrs_out_2,0,0,0
F2,base,2089,qrs_out_0,60,0,0
F2,base,2089,qrs_out_1,0,0,0
F2,base,2089,qrs_out_2,0,0,0
F2,base,2090,qrs_out_0,61,0,0
F2,base,2090,qrs_out_1,0,0,0
F2,base,2090,qrs_out_2,0,0,0
F2,base,2091,qrs_out_0,62,0,0
F2,base,2091,qrs_out_1,0,0,0
F2,base,2091,qrs_out_2,0,0,0
F2,base,2092,qrs_out_0,65,0,0
F2,base,2092,qrs_out_1,0,0,0
F2,base,2092,qrs_out_2,0,0,0
F2,base,2093,qrs_out_0,64,0,0
F2,base,2093,qrs_out_1,0,0,0
F2,base,2093,qrs_out_2,0,0,0
F2,base,2094,qrs_out_0,66,0,0
F2,base,2094,qrs_out_1,0,0,0
F2,base,2094,qrs_out_2,0,0,0
F2,base,2095,qrs_out_0,66,0,0
F2,base,2095,qrs_out_1,0,0,0
F2,base,2095,qrs_out_2,0,0,0
F2,base,2096,qrs_out_0,62,0,0
F2,base,2096,qrs_out_1,0,0,0
F2,base,2096,qrs_out_2,0,0,0
F2,base,2097,qrs_out_0,60,0,0
F2,base,2097,qrs_out_1,0,0,0
F2,base,2097,qrs_out_2,0,0,0
F2,base,2098,qrs_out_0,58,0,0
F2,base,2098,qrs_out_1,0,0,0
F2,base,2098,qrs_out_2,0,0,0
F2,base,2099,qrs_out_0,59,0,0
F2,base,2099,qrs_out_1,0,0,0
F2,base,2099,qrs_out_2,0,0,0
F2,base,2100,qrs_out_0,55,0,0
F2,base,2100,qrs_out_1,0,0,0
F2,base,2100,qrs_out_2,0,0,0
F2,base,2101,qrs_out_0,57,0,0
F2,base,2101,qrs_out_1,0,0,0
F2,base,2101,qrs_out_2,0,0,0
F2,base,2102,qrs_out_0,59,0,0
F2,base,2102,qrs_out_1,0,0,0
F2,base,2102,qrs_out_2,0,0,0
F2,base,2103,qrs_out_0,58,0,0
F2,base,2103,qrs_out_1,0,0,0
F2,base,2103,qrs_out_2,0,0,0
F2,base,2104,qrs_out_0,56,0,0
F2,base,2104,qrs_out_1,0,0,0
F2,base,2104,qrs_out_2,0,0,0
F2,base,2105,qrs_out_0,53,0,0
F2,base,2105,qrs_out_1,0,0,0
F2,base,2105,qrs_out_2,0,0,0
F2,base,2106,qrs_out_0,51,0,0
F2,base,2106,qrs_out_1,0,0,0
F2,base,2106,qrs_out_2,0,0,0
F2,base,2107,qrs_out_0,49,0,0
F2,base,2107,qrs_out_1,0,0,0
F2,base,2107,qrs_out_2,0,0,0
F2,base,2108,qrs_out_0,49,0,0
F2,base,2108,qrs_out_1,0,0,0
F2,base,2108,qrs_out_2,0,0,0
F2,base,2109,qrs_out_0,47,0,0
F2,base,2109,qrs_out_1,0,0,0
F2,base,2109,qrs_out_2,0,0,0
F2,base,2110,qrs_out_0,46,0,0
F2,base,2110,qrs_out_1,0,0,0
F2,base,2110,qrs_out_2,0,0,0
F2,base,2111,qrs_out_0,44,0,0
F2,base,2111,qrs_out_1,0,0,0
F2,base,2111,qrs_out_2,0,0,0
F2,base,2112,qrs_out_0,44,0,0
F2,base,2112,qrs_out_1,0,0,0
F2,base,2112,qrs_out_2,0,0,0
F2,base,2113,qrs_out_0,43,0,0
F2,base,2113,qrs_out_1,0,0,0
F2,base,2113,qrs_out_2,0,0,0
F2,base,2114,qrs_out_0,41,0,0
F2,base,2114,qrs_out_1,0,0,0
F2,base,2114,qrs_out_2,0,0,0
F2,base,2115,qrs_out_0,43,0,0
F2,base,2115,qrs_out_1,0,0,0
F2,base,2115,qrs_out_2,0,0,0
F2,base,2116,qrs_out_0,41,0,0
F2,base,2116,qrs_out_1,0,0,0
F2,base,2116,qrs_out_2,0,0,0
F2,base,2117,qrs_out_0,40,0,0
F2,base,2117,qrs_out_1,0,0,0
F2,base,2117,qrs_out_2,0,0,0
F2,base,2118,qrs_out_0,38,0,0
F2,base,2118,qrs_out_1,0,0,0
F2,base,2118,qrs_out_2,0,0,0
F2,base,2119,qrs_out_0,38,0,0
F2,base,2119,qrs_out_1,0,0,0
F2,base,2119,qrs_out_2,0,0,0
F2,base,2120,qrs_out_0,39,0,0
F2,base,2120,qrs_out_1,0,0,0
F2,base,2120,qrs_out_2,0,0,0
F2,base,2121,qrs_out_0,38,0,0
F2,base,2121,qrs_out_1,0,0,0
F2,base,2121,qrs_out_2,0,0,0
F2,base,2122,qrs_out_0,39,0,0
F2,base,2122,qrs_out_1,0,0,0
F2,base,2122,qrs_out_2,0,0,0
F2,base,2123,qrs_out_0,41,0,0
F2,base,2123,qrs_out_1,0,0,0
F2,base,2123,qrs_out_2,0,0,0
F2,base,2124,qrs_out_0,42,0,0
F2,base,2124,qrs_out_1,0,0,0
F2,base,2124,qrs_out_2,0,0,0
F2,base,2125,qrs_out_0,43,0,0
F2,base,2125,qrs_out_1,0,0,0
F2,base,2125,qrs_out_2,0,0,0
F2,base,2126,qrs_out_0,44,0,0
F2,base,2126,qrs_out_1,0,0,0
F2,base,2126,qrs_out_2,0,0,0
F2,base,2127,qrs_out_0,43,0,0
F2,base,2127,qrs_out_1,0,0,0
F2,base,2127,qrs_out_2,0,0,0
F2,base,2128,qrs_out_0,42,0,0
F2,base,2128,qrs_out_1,0,0,0
F2,base,2128,qrs_out_2,0,0,0
F2,base,2129,qrs_out_0,45,0,0
F2,base,2129,qrs_out_1,0,0,0
F2,base,2129,qrs_out_2,0,0,0
F2,base,2130,qrs_out_0,43,0,0
F2,base,2130,qrs_out_1,0,0,0
F2,base,2130,qrs_out_2,0,0,0
F2,base,2131,qrs_out_0,42,0,0
F2,base,2131,qrs_out_1,0,0,0
F2,base,2131,qrs_out_2,0,0,0
F2,base,2132,qrs_out_0,40,0,0
F2,base,2132,qrs_out_1,0,0,0
F2,base,2132,qrs_out_2,0,0,0
F2,base,2133,qrs_out_0,36,0,0
F2,base,2133,qrs_out_1,0,0,0
F2,base,2133,qrs_out_2,0,0,0
F2,base,2134,qrs_out_0,34,0,0
F2,base,2134,qrs_out_1,0,0,0
F2,base,2134,qrs_out_2,0,0,0
F2,base,2135,qrs_out_0,31,0,0
F2,base,2135,qrs_out_1,0,0,0
F2,base,2135,qrs_out_2,0,0,0
F2,base,2136,qrs_out_0,36,0,0
F2,base,2136,qrs_out_1,0,0,0
F2,base,2136,qrs_out_2,0,0,0
F2,base,2137,qrs_out_0,42,0,0
F2,base,2137,qrs_out_1,0,0,0
F2,base,2137,qrs_out_2,0,0,0
F2,base,2138,qrs_out_0,57,0,0
F2,base,2138,qrs_out_1,0,0,0
F2,base,2138,qrs_out_2,0,0,0
F2,base,2139,qrs_out_0,81,0,0
F2,base,2139,qrs_out_1,0,0,0
F2,base,2139,qrs_out_2,0,0,0
F2,base,2140,qrs_out_0,106,0,0
F2,base,2140,qrs_out_1,0,0,0
F2,base,2140,qrs_out_2,0,0,0
F2,base,2141,qrs_out_0,140,0,0
F2,base,2141,qrs_out_1,0,0,0
F2,base,2141,qrs_out_2,0,0,0
F2,base,2142,qrs_out_0,178,0,0
F2,base,2142,qrs_out_1,0,0,0
F2,base,2142,qrs_out_2,0,0,0
F2,base,2143,qrs_out_0,214,0,0
F2,base,2143,qrs_out_1,0,0,0
F2,base,2143,qrs_out_2,0,0,0
F2,base,2144,qrs_out_0,248,0,0
F2,base,2144,qrs_out_1,0,0,0
F2,base,2144,qrs_out_2,0,0,0
F2,base,2145,qrs_out_0,270,0,0
F2,base,2145,qrs_out_1,0,0,0
F2,base,2145,qrs_out_2,0,0,0
F2,base,2146,qrs_out_0,274,0,0
F2,base,2146,qrs_out_1,0,0,0
F2,base,2146,qrs_out_2,0,0,0
F2,base,2147,qrs_out_0,254,0,0
F2,base,2147,qrs_out_1,0,0,0
F2,base,2147,qrs_out_2,0,0,0
F2,base,2148,qrs_out_0,213,0,0
F2,base,2148,qrs_out_1,0,0,0
F2,base,2148,qrs_out_2,0,0,0
F2,base,2149,qrs_out_0,164,0,0
F2,base,2149,qrs_out_1,0,0,0
F2,base,2149,qrs_out_2,0,0,0
F2,base,2150,qrs_out_0,114,0,0
F2,base,2150,qrs_out_1,0,0,0
F2,base,2150,qrs_out_2,0,0,0
F2,base,2151,qrs_out_0,74,0,0
F2,base,2151,qrs_out_1,0,0,0
F2,base,2151,qrs_out_2,0,0,0
F2,base,2152,qrs_out_0,51,0,0
F2,base,2152,qrs_out_1,0,0,0
F2,base,2152,qrs_out_2,0,0,0
F2,base,2153,qrs_out_0,46,0,0
F2,base,2153,qrs_out_1,0,0,0
F2,base,2153,qrs_out_2,0,0,0
F2,base,2154,qrs_out_0,50,0,0
F2,base,2154,qrs_out_1,0,0,0
F2,base,2154,qrs_out_2,0,0,0
F2,base,2155,qrs_out_0,58,0,0
F2,base,2155,qrs_out_1,0,0,0
F2,base,2155,qrs_out_2,0,0,0
F2,base,2156,qrs_out_0,65,0,0
F2,base,2156,qrs_out_1,0,0,0
F2,base,2156,qrs_out_2,0,0,0
F2,base,2157,qrs_out_0,67,0,0
F2,base,2157,qrs_out_1,0,0,0
F2,base,2157,qrs_out_2,0,0,0
F2,base,2158,qrs_out_0,69,0,0
F2,base,2158,qrs_out_1,0,0,0
F2,base,2158,qrs_out_2,0,0,0
F2,base,2159,qrs_out_0,68,0,0
F2,base,2159,qrs_out_1,5,0,0
F2,base,2159,qrs_out_2,5,0,0
F2,base,2160,qrs_out_0,65,0,0
F2,base,2160,qrs_out_1,5,0,0
F2,base,2160,qrs_out_2,5,0,0
F2,base,2161,qrs_out_0,61,0,0
F2,base,2161,qrs_out_1,5,0,0
F2,base,2161,qrs_out_2,5,0,0
F2,base,2162,qrs_out_0,57,0,0
F2,base,2162,qrs_out_1,5,0,0
F2,base,2162,qrs_out_2,5,0,0
F2,base,2163,qrs_out_0,56,0,0
F2,base,2163,qrs_out_1,5,0,0
F2,base,2163,qrs_out_2,5,0,0
F2,base,2164,qrs_out_0,53,0,0
F2,base,2164,qrs_out_1,5,0,0
F2,base,2164,qrs_out_2,5,0,0
F2,base,2165,qrs_out_0,51,0,0
F2,base,2165,qrs_out_1,5,0,0
F2,base,2165,qrs_out_2,5,0,0
F2,base,2166,qrs_out_0,49,0,0
F2,base,2166,qrs_out_1,5,0,0
F2,base,2166,qrs_out_2,5,0,0
F2,base,2167,qrs_out_0,48,0,0
F2,base,2167,qrs_out_1,5,0,0
F2,base,2167,qrs_out_2,5,0,0
F2,base,2168,qrs_out_0,48,0,0
F2,base,2168,qrs_out_1,5,0,0
F2,base,2168,qrs_out_2,5,0,0
F2,base,2169,qrs_out_0,45,0,0
F2,base,2169,qrs_out_1,5,0,0
F2,base,2169,qrs_out_2,5,0,0
F2,base,2170,qrs_out_0,45,0,0
F2,base,2170,qrs_out_1,10,0,0
F2,base,2170,qrs_out_2,10,0,0
F2,base,2171,qrs_out_0,46,0,0
F2,base,2171,qrs_out_1,10,0,0
F2,base,2171,qrs_out_2,10,0,0
F2,base,2172,qrs_out_0,47,0,0
F2,base,2172,qrs_out_1,10,0,0
F2,base,2172,qrs_out_2,10,0,0
F2,base,2173,qrs_out_0,51,0,0
F2,base,2173,qrs_out_1,10,0,0
F2,base,2173,qrs_out_2,10,0,0
F2,base,2174,qrs_out_0,52,0,0
F2,base,2174,qrs_out_1,10,0,0
F2,base,2174,qrs_out_2,10,0,0
F2,base,2175,qrs_out_0,50,0,0
F2,base,2175,qrs_out_1,10,0,0
F2,base,2175,qrs_out_2,10,0,0
F2,base,2176,qrs_out_0,51,0,0
F2,base,2176,qrs_out_1,10,0,0
F2,base,2176,qrs_out_2,10,0,0
F2,base,2177,qrs_out_0,50,0,0
F2,base,2177,qrs_out_1,10,0,0
F2,base,2177,qrs_out_2,10,0,0
F2,base,2178,qrs_out_0,50,0,0
F2,base,2178,qrs_out_1,10,0,0
F2,base,2178,qrs_out_2,10,0,0
F2,base,2179,qrs_out_0,47,0,0
F2,base,2179,qrs_out_1,10,0,0
F2,base,2179,qrs_out_2,10,0,0
F2,base,2180,qrs_out_0,47,0,0
F2,base,2180,qrs_out_1,10,0,0
F2,base,2180,qrs_out_2,10,0,0
F2,base,2181,qrs_out_0,48,0,0
F2,base,2181,qrs_out_1,10,0,0
F2,base,2181,qrs_out_2,10,0,0
F2,base,2182,qrs_out_0,50,0,0
F2,base,2182,qrs_out_1,10,0,0
F2,base,2182,qrs_out_2,10,0,0
F2,base,2183,qrs_out_0,50,0,0
F2,base,2183,qrs_out_1,10,0,0
F2,base,2183,qrs_out_2,10,0,0
F2,base,2184,qrs_out_0,49,0,0
F2,base,2184,qrs_out_1,5,0,0
F2,base,2184,qrs_out_2,5,0,0
F2,base,2185,qrs_out_0,51,0,0
F2,base,2185,qrs_out_1,5,0,0
F2,base,2185,qrs_out_2,5,0,0
F2,base,2186,qrs_out_0,53,0,0
F2,base,2186,qrs_out_1,5,0,0
F2,base,2186,qrs_out_2,5,0,0
F2,base,2187,qrs_out_0,52,0,0
F2,base,2187,qrs_out_1,5,0,0
F2,base,2187,qrs_out_2,5,0,0
F2,base,2188,qrs_out_0,53,0,0
F2,base,2188,qrs_out_1,5,0,0
F2,base,2188,qrs_out_2,5,0,0
F2,base,2189,qrs_out_0,51,0,0
F2,base,2189,qrs_out_1,5,0,0
F2,base,2189,qrs_out_2,5,0,0
F2,base,2190,qrs_out_0,50,0,0
F2,base,2190,qrs_out_1,0,0,0
F2,base,2190,qrs_out_2,0,0,0
F2,base,2191,qrs_out_0,49,0,0
F2,base,2191,qrs_out_1,0,0,0
F2,base,2191,qrs_out_2,0,0,0
F2,base,2192,qrs_out_0,49,0,0
F2,base,2192,qrs_out_1,0,0,0
F2,base,2192,qrs_out_2,0,0,0
F2,base,2193,qrs_out_0,47,0,0
F2,base,2193,qrs_out_1,0,0,0
F2,base,2193,qrs_out_2,0,0,0
F2,base,2194,qrs_out_0,49,0,0
F2,base,2194,qrs_out_1,0,0,0
F2,base,2194,qrs_out_2,0,0,0
F2,base,2195,qrs_out_0,51,0,0
F2,base,2195,qrs_out_1,0,0,0
F2,base,2195,qrs_out_2,0,0,0
F2,base,2196,qrs_out_0,52,0,0
F2,base,2196,qrs_out_1,0,0,0
F2,base,2196,qrs_out_2,0,0,0
F2,base,2197,qrs_out_0,54,0,0
F2,base,2197,qrs_out_1,0,0,0
F2,base,2197,qrs_out_2,0,0,0
F2,base,2198,qrs_out_0,54,0,0
F2,base,2198,qrs_out_1,0,0,0
F2,base,2198,qrs_out_2,0,0,0
F2,base,2199,qrs_out_0,54,0,0
F2,base,2199,qrs_out_1,0,0,0
F2,base,2199,qrs_out_2,0,0,0
F2,base,2200,qrs_out_0,55,0,0
F2,base,2200,qrs_out_1,0,0,0
F2,base,2200,qrs_out_2,0,0,0
F2,base,2201,qrs_out_0,53,0,0
F2,base,2201,qrs_out_1,0,0,0
F2,base,2201,qrs_out_2,0,0,0
F2,base,2202,qrs_out_0,54,0,0
F2,base,2202,qrs_out_1,0,0,0
F2,base,2202,qrs_out_2,0,0,0
F2,base,2203,qrs_out_0,50,0,0
F2,base,2203,qrs_out_1,0,0,0
F2,base,2203,qrs_out_2,0,0,0
F2,base,2204,qrs_out_0,52,0,0
F2,base,2204,qrs_out_1,0,0,0
F2,base,2204,qrs_out_2,0,0,0
F2,base,2205,qrs_out_0,53,0,0
F2,base,2205,qrs_out_1,0,0,0
F2,base,2205,qrs_out_2,0,0,0
F2,base,2206,qrs_out_0,52,0,0
F2,base,2206,qrs_out_1,0,0,0
F2,base,2206,qrs_out_2,0,0,0
F2,base,2207,qrs_out_0,55,0,0
F2,base,2207,qrs_out_1,0,0,0
F2,base,2207,qrs_out_2,0,0,0
F2,base,2208,qrs_out_0,55,0,0
F2,base,2208,qrs_out_1,0,0,0
F2,base,2208,qrs_out_2,0,0,0
F2,base,2209,qrs_out_0,57,0,0
F2,base,2209,qrs_out_1,0,0,0
F2,base,2209,qrs_out_2,0,0,0
F2,base,2210,qrs_out_0,58,0,0
F2,base,2210,qrs_out_1,0,0,0
F2,base,2210,qrs_out_2,0,0,0
F2,base,2211,qrs_out_0,58,0,0
F2,base,2211,qrs_out_1,0,0,0
F2,base,2211,qrs_out_2,0,0,0
F2,base,2212,qrs_out_0,57,0,0
F2,base,2212,qrs_out_1,0,0,0
F2,base,2212,qrs_out_2,0,0,0
F2,base,2213,qrs_out_0,57,0,0
F2,base,2213,qrs_out_1,0,0,0
F2,base,2213,qrs_out_2,0,0,0
F2,base,2214,qrs_out_0,56,0,0
F2,base,2214,qrs_out_1,0,0,0
F2,base,2214,qrs_out_2,0,0,0
F2,base,2215,qrs_out_0,55,0,0
F2,base,2215,qrs_out_1,0,0,0
F2,base,2215,qrs_out_2,0,0,0
F2,base,2216,qrs_out_0,55,0,0
F2,base,2216,qrs_out_1,0,0,0
F2,base,2216,qrs_out_2,0,0,0
F2,base,2217,qrs_out_0,53,0,0
F2,base,2217,qrs_out_1,0,0,0
F2,base,2217,qrs_out_2,0,0,0
F2,base,2218,qrs_out_0,56,0,0
F2,base,2218,qrs_out_1,0,0,0
F2,base,2218,qrs_out_2,0,0,0
F2,base,2219,qrs_out_0,57,0,0
F2,base,2219,qrs_out_1,0,0,0
F2,base,2219,qrs_out_2,0,0,0
F2,base,2220,qrs_out_0,58,0,0
F2,base,2220,qrs_out_1,0,0,0
F2,base,2220,qrs_out_2,0,0,0
F2,base,2221,qrs_out_0,60,0,0
F2,base,2221,qrs_out_1,0,0,0
F2,base,2221,qrs_out_2,0,0,0
F2,base,2222,qrs_out_0,60,0,0
F2,base,2222,qrs_out_1,0,0,0
F2,base,2222,qrs_out_2,0,0,0
F2,base,2223,qrs_out_0,60,0,0
F2,base,2223,qrs_out_1,0,0,0
F2,base,2223,qrs_out_2,0,0,0
F2,base,2224,qrs_out_0,60,0,0
F2,base,2224,qrs_out_1,0,0,0
F2,base,2224,qrs_out_2,0,0,0
F2,base,2225,qrs_out_0,61,0,0
F2,base,2225,qrs_out_1,0,0,0
F2,base,2225,qrs_out_2,0,0,0
F2,base,2226,qrs_out_0,59,0,0
F2,base,2226,qrs_out_1,0,0,0
F2,base,2226,qrs_out_2,0,0,0
F2,base,2227,qrs_out_0,58,0,0
F2,base,2227,qrs_out_1,0,0,0
F2,base,2227,qrs_out_2,0,0,0
F2,base,2228,qrs_out_0,57,0,0
F2,base,2228,qrs_out_1,0,0,0
F2,base,2228,qrs_out_2,0,0,0
F2,base,2229,qrs_out_0,57,0,0
F2,base,2229,qrs_out_1,0,0,0
F2,base,2229,qrs_out_2,0,0,0
F2,base,2230,qrs_out_0,60,0,0
F2,base,2230,qrs_out_1,0,0,0
F2,base,2230,qrs_out_2,0,0,0
F2,base,2231,qrs_out_0,62,0,0
F2,base,2231,qrs_out_1,0,0,0
F2,base,2231,qrs_out_2,0,0,0
F2,base,2232,qrs_out_0,62,0,0
F2,base,2232,qrs_out_1,0,0,0
F2,base,2232,qrs_out_2,0,0,0
F2,base,2233,qrs_out_0,63,0,0
F2,base,2233,qrs_out_1,0,0,0
F2,base,2233,qrs_out_2,0,0,0
F2,base,2234,qrs_out_0,64,0,0
F2,base,2234,qrs_out_1,0,0,0
F2,base,2234,qrs_out_2,0,0,0
F2,base,2235,qrs_out_0,65,0,0
F2,base,2235,qrs_out_1,0,0,0
F2,base,2235,qrs_out_2,0,0,0
F2,base,2236,qrs_out_0,65,0,0
F2,base,2236,qrs_out_1,0,0,0
F2,base,2236,qrs_out_2,0,0,0
F2,base,2237,qrs_out_0,64,0,0
F2,base,2237,qrs_out_1,0,0,0
F2,base,2237,qrs_out_2,0,0,0
F2,base,2238,qrs_out_0,63,0,0
F2,base,2238,qrs_out_1,0,0,0
F2,base,2238,qrs_out_2,0,0,0
F2,base,2239,qrs_out_0,63,0,0
F2,base,2239,qrs_out_1,0,0,0
F2,base,2239,qrs_out_2,0,0,0
