path	bytes	sha256
W8_Q01_ALGSTRUCT_r01/bp_coef.txt	69	99e4619a07797822c5afd34bf9cb88d9bff8f9cd808b0faa0667d07645f978c2
W8_Q01_ALGSTRUCT_r01/d_coef.txt	12	39c0f3bc6135e87acf72ebc0aa159dce329436665251fc2a9dc50d0625aa1c6c
W8_Q01_ALGSTRUCT_r01/e1_probe.csv	144175	44240119a122202692bcc0c0720322a1c0fce6dd7dc21b2e954b2019965535f7
W8_Q01_ALGSTRUCT_r01/process.txt	47	e040128ecbf29aa015dc90cd32a5e99f916c625a7653ef0e1afd48c5af09f0f2
W8_Q01_ALGSTRUCT_r01/query.rql	831	38489ea761fbe3a13b0f0d27280baa2f40a0df983d21567c122bcdbb0f69ef62
W8_Q01_ALGSTRUCT_r01/rec205	5200000	baf1f0c860fa35413d455aac56e04004389a5fa64f281a6e58e0b96e4af85ce9
W8_Q01_ALGSTRUCT_r01/study.toml	30	d29eeb760c73a10bf13d76141a3d21c7f3f05af9c805422619f6b07129f74ba3
W8_Q01_ALGSTRUCT_r01/xqry.err	0	e3b0c44298fc1c149afbf4c8996fb92427ae41e4649b934ca495991b7852b855
W8_Q01_ALGSTRUCT_r01/xretractor.log	989	b81b2214ece6e0be425b86882e21cab7fb28ae18c31ccb789169e7601a07d472
W8_Q01_ALGSTRUCT_r02/bp_coef.txt	69	99e4619a07797822c5afd34bf9cb88d9bff8f9cd808b0faa0667d07645f978c2
W8_Q01_ALGSTRUCT_r02/d_coef.txt	12	39c0f3bc6135e87acf72ebc0aa159dce329436665251fc2a9dc50d0625aa1c6c
W8_Q01_ALGSTRUCT_r02/e1_probe.csv	144198	42c703e6e946d155f0527ee0d1f8e2c57454148f9b299af22d038f717613cfc6
W8_Q01_ALGSTRUCT_r02/process.txt	47	53e65b063b0a3e7df3c74f7d29a5d075b502ce2139b9637f5d29e27028949059
W8_Q01_ALGSTRUCT_r02/query.rql	831	38489ea761fbe3a13b0f0d27280baa2f40a0df983d21567c122bcdbb0f69ef62
W8_Q01_ALGSTRUCT_r02/rec205	5200000	baf1f0c860fa35413d455aac56e04004389a5fa64f281a6e58e0b96e4af85ce9
W8_Q01_ALGSTRUCT_r02/study.toml	30	d29eeb760c73a10bf13d76141a3d21c7f3f05af9c805422619f6b07129f74ba3
W8_Q01_ALGSTRUCT_r02/xqry.err	0	e3b0c44298fc1c149afbf4c8996fb92427ae41e4649b934ca495991b7852b855
W8_Q01_ALGSTRUCT_r02/xretractor.log	989	6bd289e5dbacd2f46195815f233fed4361f5f961e85e6108e01258d2a62d1f46
W8_Q01_ALGSTRUCT_r03/bp_coef.txt	69	99e4619a07797822c5afd34bf9cb88d9bff8f9cd808b0faa0667d07645f978c2
W8_Q01_ALGSTRUCT_r03/d_coef.txt	12	39c0f3bc6135e87acf72ebc0aa159dce329436665251fc2a9dc50d0625aa1c6c
W8_Q01_ALGSTRUCT_r03/e1_probe.csv	144096	730170631a84b605c77f4bbd02906b976fe47041ed6381bba2a0097754b79254
W8_Q01_ALGSTRUCT_r03/process.txt	47	968a8faa66bcafda8eec1d07f1ff3664f5807e358b41a67d47eb58687a151d88
W8_Q01_ALGSTRUCT_r03/query.rql	831	38489ea761fbe3a13b0f0d27280baa2f40a0df983d21567c122bcdbb0f69ef62
W8_Q01_ALGSTRUCT_r03/rec205	5200000	baf1f0c860fa35413d455aac56e04004389a5fa64f281a6e58e0b96e4af85ce9
W8_Q01_ALGSTRUCT_r03/study.toml	30	d29eeb760c73a10bf13d76141a3d21c7f3f05af9c805422619f6b07129f74ba3
W8_Q01_ALGSTRUCT_r03/xqry.err	0	e3b0c44298fc1c149afbf4c8996fb92427ae41e4649b934ca495991b7852b855
W8_Q01_ALGSTRUCT_r03/xretractor.log	989	0dae6aa16acda5b2b26c73987c7f2283183d1d1170457ae84af0c3c11e49d13c
W8_Q01_ALGSTRUCT_r04/bp_coef.txt	69	99e4619a07797822c5afd34bf9cb88d9bff8f9cd808b0faa0667d07645f978c2
W8_Q01_ALGSTRUCT_r04/d_coef.txt	12	39c0f3bc6135e87acf72ebc0aa159dce329436665251fc2a9dc50d0625aa1c6c
W8_Q01_ALGSTRUCT_r04/e1_probe.csv	144183	da2ce8cfa17ab0f8b17d48006d8810e4c6e0ab5f35576d3196c550eb9557c6ba
W8_Q01_ALGSTRUCT_r04/process.txt	47	5c70765a76bb5e50124e396e1b29e1e18ae6583896ba1a45d8cdf4cdd4cd5cce
W8_Q01_ALGSTRUCT_r04/query.rql	831	38489ea761fbe3a13b0f0d27280baa2f40a0df983d21567c122bcdbb0f69ef62
W8_Q01_ALGSTRUCT_r04/rec205	5200000	baf1f0c860fa35413d455aac56e04004389a5fa64f281a6e58e0b96e4af85ce9
W8_Q01_ALGSTRUCT_r04/study.toml	30	d29eeb760c73a10bf13d76141a3d21c7f3f05af9c805422619f6b07129f74ba3
W8_Q01_ALGSTRUCT_r04/xqry.err	0	e3b0c44298fc1c149afbf4c8996fb92427ae41e4649b934ca495991b7852b855
W8_Q01_ALGSTRUCT_r04/xretractor.log	989	2f521e40737ecbba9dcecf4e880583ef231383cfb102b29ff5926f2b3610daf8
W8_Q01_ALGSTRUCT_r05/bp_coef.txt	69	99e4619a07797822c5afd34bf9cb88d9bff8f9cd808b0faa0667d07645f978c2
W8_Q01_ALGSTRUCT_r05/d_coef.txt	12	39c0f3bc6135e87acf72ebc0aa159dce329436665251fc2a9dc50d0625aa1c6c
W8_Q01_ALGSTRUCT_r05/e1_probe.csv	144175	6f6e04ab34c1177bfe22458b0d55a673315397e410387458b73ef3553091aaeb
W8_Q01_ALGSTRUCT_r05/process.txt	47	354e80521e0070c70f1ed91f9aaf90be85efbdea0f41a01a52b85e451faf1026
W8_Q01_ALGSTRUCT_r05/query.rql	831	38489ea761fbe3a13b0f0d27280baa2f40a0df983d21567c122bcdbb0f69ef62
W8_Q01_ALGSTRUCT_r05/rec205	5200000	baf1f0c860fa35413d455aac56e04004389a5fa64f281a6e58e0b96e4af85ce9
W8_Q01_ALGSTRUCT_r05/study.toml	30	d29eeb760c73a10bf13d76141a3d21c7f3f05af9c805422619f6b07129f74ba3
W8_Q01_ALGSTRUCT_r05/xqry.err	0	e3b0c44298fc1c149afbf4c8996fb92427ae41e4649b934ca495991b7852b855
W8_Q01_ALGSTRUCT_r05/xretractor.log	989	ed6261f1ce3c7e0c41f866590fb2b34f2d8dc9eaec675d8ccc5c4a06175bab78
W8_Q01_ALGSTRUCT_r06/bp_coef.txt	69	99e4619a07797822c5afd34bf9cb88d9bff8f9cd808b0faa0667d07645f978c2
W8_Q01_ALGSTRUCT_r06/d_coef.txt	12	39c0f3bc6135e87acf72ebc0aa159dce329436665251fc2a9dc50d0625aa1c6c
W8_Q01_ALGSTRUCT_r06/e1_probe.csv	144634	57a060829707571d67cd67a0520637007dccce10915298318a8fb753f59227f5
W8_Q01_ALGSTRUCT_r06/process.txt	47	f4cd47af7ab59e16cb79a3c2487397cb73a5394d17a54383b830be6b0ccca638
W8_Q01_ALGSTRUCT_r06/query.rql	831	38489ea761fbe3a13b0f0d27280baa2f40a0df983d21567c122bcdbb0f69ef62
W8_Q01_ALGSTRUCT_r06/rec205	5200000	baf1f0c860fa35413d455aac56e04004389a5fa64f281a6e58e0b96e4af85ce9
W8_Q01_ALGSTRUCT_r06/study.toml	30	d29eeb760c73a10bf13d76141a3d21c7f3f05af9c805422619f6b07129f74ba3
W8_Q01_ALGSTRUCT_r06/xqry.err	0	e3b0c44298fc1c149afbf4c8996fb92427ae41e4649b934ca495991b7852b855
W8_Q01_ALGSTRUCT_r06/xretractor.log	989	203ad9977ee436364fea56bd925647475a4079a5922a543589f38d4ebe9394b1
W8_Q01_ALGSTRUCT_r07/bp_coef.txt	69	99e4619a07797822c5afd34bf9cb88d9bff8f9cd808b0faa0667d07645f978c2
W8_Q01_ALGSTRUCT_r07/d_coef.txt	12	39c0f3bc6135e87acf72ebc0aa159dce329436665251fc2a9dc50d0625aa1c6c
W8_Q01_ALGSTRUCT_r07/e1_probe.csv	144649	18e097f83ddb1cd5d722314c62cbac85889984865194a8d5cb1b39c87d2d766d
W8_Q01_ALGSTRUCT_r07/process.txt	47	520430cfb8340a1f478190138e352471e4c6b9c10974642308b08a60b218476f
W8_Q01_ALGSTRUCT_r07/query.rql	831	38489ea761fbe3a13b0f0d27280baa2f40a0df983d21567c122bcdbb0f69ef62
W8_Q01_ALGSTRUCT_r07/rec205	5200000	baf1f0c860fa35413d455aac56e04004389a5fa64f281a6e58e0b96e4af85ce9
W8_Q01_ALGSTRUCT_r07/study.toml	30	d29eeb760c73a10bf13d76141a3d21c7f3f05af9c805422619f6b07129f74ba3
W8_Q01_ALGSTRUCT_r07/xqry.err	0	e3b0c44298fc1c149afbf4c8996fb92427ae41e4649b934ca495991b7852b855
W8_Q01_ALGSTRUCT_r07/xretractor.log	989	0f866512513263eac336d791ce4f3fe97d544c52fbeeedb3f267105f75183d17
W8_Q01_ALGSTRUCT_r08/bp_coef.txt	69	99e4619a07797822c5afd34bf9cb88d9bff8f9cd808b0faa0667d07645f978c2
W8_Q01_ALGSTRUCT_r08/d_coef.txt	12	39c0f3bc6135e87acf72ebc0aa159dce329436665251fc2a9dc50d0625aa1c6c
W8_Q01_ALGSTRUCT_r08/e1_probe.csv	144128	6ccf17c52b71bb37eda42bbaf03f9f7df9d8f89792c10952d9d281d56d65eefc
W8_Q01_ALGSTRUCT_r08/process.txt	47	012a70205362341437cd86d051a511d1147c4ee435c4fd9bce7ca3f12ad17470
W8_Q01_ALGSTRUCT_r08/query.rql	831	38489ea761fbe3a13b0f0d27280baa2f40a0df983d21567c122bcdbb0f69ef62
W8_Q01_ALGSTRUCT_r08/rec205	5200000	baf1f0c860fa35413d455aac56e04004389a5fa64f281a6e58e0b96e4af85ce9
W8_Q01_ALGSTRUCT_r08/study.toml	30	d29eeb760c73a10bf13d76141a3d21c7f3f05af9c805422619f6b07129f74ba3
W8_Q01_ALGSTRUCT_r08/xqry.err	0	e3b0c44298fc1c149afbf4c8996fb92427ae41e4649b934ca495991b7852b855
W8_Q01_ALGSTRUCT_r08/xretractor.log	989	e6d97eb72546cbdd30c4c4750d2b2aa6911fea8e2e16f4423dfde8b947e85992
W8_Q01_ALGSTRUCT_r09/bp_coef.txt	69	99e4619a07797822c5afd34bf9cb88d9bff8f9cd808b0faa0667d07645f978c2
W8_Q01_ALGSTRUCT_r09/d_coef.txt	12	39c0f3bc6135e87acf72ebc0aa159dce329436665251fc2a9dc50d0625aa1c6c
W8_Q01_ALGSTRUCT_r09/e1_probe.csv	144142	0e61273c4ca547ff8d8ee579445235d6ce0008adeac30c31fb64da29d66cd90c
W8_Q01_ALGSTRUCT_r09/process.txt	47	e7aa1a83cb30eeec7561897f9b128c32aacb3d7d560cb2a03b3f4608e4eea638
W8_Q01_ALGSTRUCT_r09/query.rql	831	38489ea761fbe3a13b0f0d27280baa2f40a0df983d21567c122bcdbb0f69ef62
W8_Q01_ALGSTRUCT_r09/rec205	5200000	baf1f0c860fa35413d455aac56e04004389a5fa64f281a6e58e0b96e4af85ce9
W8_Q01_ALGSTRUCT_r09/study.toml	30	d29eeb760c73a10bf13d76141a3d21c7f3f05af9c805422619f6b07129f74ba3
W8_Q01_ALGSTRUCT_r09/xqry.err	0	e3b0c44298fc1c149afbf4c8996fb92427ae41e4649b934ca495991b7852b855
W8_Q01_ALGSTRUCT_r09/xretractor.log	989	3cf64ab896ae8c63f1b5aa9b27a5cd7b984af149c614f166b5e55196fab2a1f9
W8_Q01_ALGSTRUCT_r10/bp_coef.txt	69	99e4619a07797822c5afd34bf9cb88d9bff8f9cd808b0faa0667d07645f978c2
W8_Q01_ALGSTRUCT_r10/d_coef.txt	12	39c0f3bc6135e87acf72ebc0aa159dce329436665251fc2a9dc50d0625aa1c6c
W8_Q01_ALGSTRUCT_r10/e1_probe.csv	144198	d1e2fef2ffbf5ce3c38b270f3a077acb590ad969d2582e56c39f4024c376f3d9
W8_Q01_ALGSTRUCT_r10/process.txt	47	e7aa1a83cb30eeec7561897f9b128c32aacb3d7d560cb2a03b3f4608e4eea638
W8_Q01_ALGSTRUCT_r10/query.rql	831	38489ea761fbe3a13b0f0d27280baa2f40a0df983d21567c122bcdbb0f69ef62
W8_Q01_ALGSTRUCT_r10/rec205	5200000	baf1f0c860fa35413d455aac56e04004389a5fa64f281a6e58e0b96e4af85ce9
W8_Q01_ALGSTRUCT_r10/study.toml	30	d29eeb760c73a10bf13d76141a3d21c7f3f05af9c805422619f6b07129f74ba3
W8_Q01_ALGSTRUCT_r10/xqry.err	0	e3b0c44298fc1c149afbf4c8996fb92427ae41e4649b934ca495991b7852b855
W8_Q01_ALGSTRUCT_r10/xretractor.log	989	2172e2e2acbaf0f6388a53f59f2b7573f89920e8dfda6fe84b1e2666cb284215
W8_Q01_ALGSTRUCT_r11/bp_coef.txt	69	99e4619a07797822c5afd34bf9cb88d9bff8f9cd808b0faa0667d07645f978c2
W8_Q01_ALGSTRUCT_r11/d_coef.txt	12	39c0f3bc6135e87acf72ebc0aa159dce329436665251fc2a9dc50d0625aa1c6c
W8_Q01_ALGSTRUCT_r11/e1_probe.csv	144167	8ccfd23dc9b23df120623dbe539fa34151032fb6c4614a2ac6983a3b7c0473d6
W8_Q01_ALGSTRUCT_r11/process.txt	47	74760b6e985ba3e09e89c550b404a73844eccb516f57f45f6513c30bc4a69973
W8_Q01_ALGSTRUCT_r11/query.rql	831	38489ea761fbe3a13b0f0d27280baa2f40a0df983d21567c122bcdbb0f69ef62
W8_Q01_ALGSTRUCT_r11/rec205	5200000	baf1f0c860fa35413d455aac56e04004389a5fa64f281a6e58e0b96e4af85ce9
W8_Q01_ALGSTRUCT_r11/study.toml	30	d29eeb760c73a10bf13d76141a3d21c7f3f05af9c805422619f6b07129f74ba3
W8_Q01_ALGSTRUCT_r11/xqry.err	0	e3b0c44298fc1c149afbf4c8996fb92427ae41e4649b934ca495991b7852b855
W8_Q01_ALGSTRUCT_r11/xretractor.log	989	2ef30a503aa9f35cdb70e828a712f10ea8c5f9c413df2eeb4a46717d9fe14c90
W8_Q01_ALGSTRUCT_r12/bp_coef.txt	69	99e4619a07797822c5afd34bf9cb88d9bff8f9cd808b0faa0667d07645f978c2
W8_Q01_ALGSTRUCT_r12/d_coef.txt	12	39c0f3bc6135e87acf72ebc0aa159dce329436665251fc2a9dc50d0625aa1c6c
W8_Q01_ALGSTRUCT_r12/e1_probe.csv	144234	4590557fdc6cdee7346df2274791d8043cc23defdd81f89da75233a1c451c6d3
W8_Q01_ALGSTRUCT_r12/process.txt	47	709ff0f23994455fa74549c4acd42ae39d6ff3d881e1556e66d0bb8347da09e0
W8_Q01_ALGSTRUCT_r12/query.rql	831	38489ea761fbe3a13b0f0d27280baa2f40a0df983d21567c122bcdbb0f69ef62
W8_Q01_ALGSTRUCT_r12/rec205	5200000	baf1f0c860fa35413d455aac56e04004389a5fa64f281a6e58e0b96e4af85ce9
W8_Q01_ALGSTRUCT_r12/study.toml	30	d29eeb760c73a10bf13d76141a3d21c7f3f05af9c805422619f6b07129f74ba3
W8_Q01_ALGSTRUCT_r12/xqry.err	0	e3b0c44298fc1c149afbf4c8996fb92427ae41e4649b934ca495991b7852b855
W8_Q01_ALGSTRUCT_r12/xretractor.log	989	6615cfee2681030d05a53c79f05855ae9522cfe6e39b3f214d2afd8032c7ccec
W8_Q01_ALGSTRUCT_r13/bp_coef.txt	69	99e4619a07797822c5afd34bf9cb88d9bff8f9cd808b0faa0667d07645f978c2
W8_Q01_ALGSTRUCT_r13/d_coef.txt	12	39c0f3bc6135e87acf72ebc0aa159dce329436665251fc2a9dc50d0625aa1c6c
W8_Q01_ALGSTRUCT_r13/e1_probe.csv	144152	e7722ae26c7f865543b5c9e792d2541ef1ee1d401c4c0c8db72a67f17d431da1
W8_Q01_ALGSTRUCT_r13/process.txt	47	15ad912b018a22c63c857a9fc1598418feb1b34c315585abcd928af020c78274
W8_Q01_ALGSTRUCT_r13/query.rql	831	38489ea761fbe3a13b0f0d27280baa2f40a0df983d21567c122bcdbb0f69ef62
W8_Q01_ALGSTRUCT_r13/rec205	5200000	baf1f0c860fa35413d455aac56e04004389a5fa64f281a6e58e0b96e4af85ce9
W8_Q01_ALGSTRUCT_r13/study.toml	30	d29eeb760c73a10bf13d76141a3d21c7f3f05af9c805422619f6b07129f74ba3
W8_Q01_ALGSTRUCT_r13/xqry.err	0	e3b0c44298fc1c149afbf4c8996fb92427ae41e4649b934ca495991b7852b855
W8_Q01_ALGSTRUCT_r13/xretractor.log	989	70458832dc8ff554d274b0b8addb4672eb0ecf0df7fe610fde5e0bc1503beb55
W8_Q01_ALGSTRUCT_r14/bp_coef.txt	69	99e4619a07797822c5afd34bf9cb88d9bff8f9cd808b0faa0667d07645f978c2
W8_Q01_ALGSTRUCT_r14/d_coef.txt	12	39c0f3bc6135e87acf72ebc0aa159dce329436665251fc2a9dc50d0625aa1c6c
W8_Q01_ALGSTRUCT_r14/e1_probe.csv	144106	c9295bdb8ec11867d094dd92a1c9f1c41f4bc8689a2fac77993f92be875325db
W8_Q01_ALGSTRUCT_r14/process.txt	47	ea925e2a86be283cc342a05cce6813f7345383151f12128be302be51101f223d
W8_Q01_ALGSTRUCT_r14/query.rql	831	38489ea761fbe3a13b0f0d27280baa2f40a0df983d21567c122bcdbb0f69ef62
W8_Q01_ALGSTRUCT_r14/rec205	5200000	baf1f0c860fa35413d455aac56e04004389a5fa64f281a6e58e0b96e4af85ce9
W8_Q01_ALGSTRUCT_r14/study.toml	30	d29eeb760c73a10bf13d76141a3d21c7f3f05af9c805422619f6b07129f74ba3
W8_Q01_ALGSTRUCT_r14/xqry.err	0	e3b0c44298fc1c149afbf4c8996fb92427ae41e4649b934ca495991b7852b855
W8_Q01_ALGSTRUCT_r14/xretractor.log	989	a4681c574d3f29537d9a5e54e1b458c67fd70af73af749331e888af8ae923b55
W8_Q01_ALGSTRUCT_r15/bp_coef.txt	69	99e4619a07797822c5afd34bf9cb88d9bff8f9cd808b0faa0667d07645f978c2
W8_Q01_ALGSTRUCT_r15/d_coef.txt	12	39c0f3bc6135e87acf72ebc0aa159dce329436665251fc2a9dc50d0625aa1c6c
W8_Q01_ALGSTRUCT_r15/e1_probe.csv	144611	12916bdbd7c6d0d2b6e999131abe2dad6c1ef490b5aa5d06c7b4cdc4bd7c3b4c
W8_Q01_ALGSTRUCT_r15/process.txt	47	f017fa8198c46cecdb14cdf7451cb424f41c07e1dc79aab2ff929e6bec382da0
W8_Q01_ALGSTRUCT_r15/query.rql	831	38489ea761fbe3a13b0f0d27280baa2f40a0df983d21567c122bcdbb0f69ef62
W8_Q01_ALGSTRUCT_r15/rec205	5200000	baf1f0c860fa35413d455aac56e04004389a5fa64f281a6e58e0b96e4af85ce9
W8_Q01_ALGSTRUCT_r15/study.toml	30	d29eeb760c73a10bf13d76141a3d21c7f3f05af9c805422619f6b07129f74ba3
W8_Q01_ALGSTRUCT_r15/xqry.err	0	e3b0c44298fc1c149afbf4c8996fb92427ae41e4649b934ca495991b7852b855
W8_Q01_ALGSTRUCT_r15/xretractor.log	989	56af8c63eb5d7144deb3561651d416cc185f805dbdcccfe18a267846e08d6c6d
W8_Q01_OFF_r01/bp_coef.txt	69	99e4619a07797822c5afd34bf9cb88d9bff8f9cd808b0faa0667d07645f978c2
W8_Q01_OFF_r01/d_coef.txt	12	39c0f3bc6135e87acf72ebc0aa159dce329436665251fc2a9dc50d0625aa1c6c
W8_Q01_OFF_r01/e1_probe.csv	142769	16c29d3e21754ac6c32ddca28347390d22e3344c6632d866937986a5beb1610f
W8_Q01_OFF_r01/process.txt	47	c5f1ad0038dbf60f8f332e1f3ceeef83dc4d63ffcad07e4c5604640346c9e76f
W8_Q01_OFF_r01/query.rql	831	38489ea761fbe3a13b0f0d27280baa2f40a0df983d21567c122bcdbb0f69ef62
W8_Q01_OFF_r01/rec205	5200000	baf1f0c860fa35413d455aac56e04004389a5fa64f281a6e58e0b96e4af85ce9
W8_Q01_OFF_r01/study.toml	30	d29eeb760c73a10bf13d76141a3d21c7f3f05af9c805422619f6b07129f74ba3
W8_Q01_OFF_r01/xqry.err	0	e3b0c44298fc1c149afbf4c8996fb92427ae41e4649b934ca495991b7852b855
W8_Q01_OFF_r01/xretractor.log	989	2c7a61bf4866bd10d2f7c65a84db932fec160863a39f9d0cae342f0bd97ecaf8
W8_Q01_OFF_r02/bp_coef.txt	69	99e4619a07797822c5afd34bf9cb88d9bff8f9cd808b0faa0667d07645f978c2
W8_Q01_OFF_r02/d_coef.txt	12	39c0f3bc6135e87acf72ebc0aa159dce329436665251fc2a9dc50d0625aa1c6c
W8_Q01_OFF_r02/e1_probe.csv	142677	a85fe695511960c8e2f31410b70c8920469d94052d3f2d894a8d75ae3f988c21
W8_Q01_OFF_r02/process.txt	47	bc0923c22c83126c89a772fd30e9414544aed4decc5a437d50c2b05070609893
W8_Q01_OFF_r02/query.rql	831	38489ea761fbe3a13b0f0d27280baa2f40a0df983d21567c122bcdbb0f69ef62
W8_Q01_OFF_r02/rec205	5200000	baf1f0c860fa35413d455aac56e04004389a5fa64f281a6e58e0b96e4af85ce9
W8_Q01_OFF_r02/study.toml	30	d29eeb760c73a10bf13d76141a3d21c7f3f05af9c805422619f6b07129f74ba3
W8_Q01_OFF_r02/xqry.err	0	e3b0c44298fc1c149afbf4c8996fb92427ae41e4649b934ca495991b7852b855
W8_Q01_OFF_r02/xretractor.log	989	3e9fbedb6a29a0b92d58f2482c3936e20c77b0280998b640d6f776d745a68a78
W8_Q01_OFF_r03/bp_coef.txt	69	99e4619a07797822c5afd34bf9cb88d9bff8f9cd808b0faa0667d07645f978c2
W8_Q01_OFF_r03/d_coef.txt	12	39c0f3bc6135e87acf72ebc0aa159dce329436665251fc2a9dc50d0625aa1c6c
W8_Q01_OFF_r03/e1_probe.csv	142709	f9a46d438fee117f797180fafd72f177cc9b36e6e571e98d1928383e5806604a
W8_Q01_OFF_r03/process.txt	47	758cab60359fe0ddf71b8c7b3f6698791446326640fb407a7c7fe65c09dc8b81
W8_Q01_OFF_r03/query.rql	831	38489ea761fbe3a13b0f0d27280baa2f40a0df983d21567c122bcdbb0f69ef62
W8_Q01_OFF_r03/rec205	5200000	baf1f0c860fa35413d455aac56e04004389a5fa64f281a6e58e0b96e4af85ce9
W8_Q01_OFF_r03/study.toml	30	d29eeb760c73a10bf13d76141a3d21c7f3f05af9c805422619f6b07129f74ba3
W8_Q01_OFF_r03/xqry.err	0	e3b0c44298fc1c149afbf4c8996fb92427ae41e4649b934ca495991b7852b855
W8_Q01_OFF_r03/xretractor.log	989	38aa7abbaed267db237f959ba6fe127b8edc3f701f7d8b04d894b99e9d78f1fb
W8_Q01_OFF_r04/bp_coef.txt	69	99e4619a07797822c5afd34bf9cb88d9bff8f9cd808b0faa0667d07645f978c2
W8_Q01_OFF_r04/d_coef.txt	12	39c0f3bc6135e87acf72ebc0aa159dce329436665251fc2a9dc50d0625aa1c6c
W8_Q01_OFF_r04/e1_probe.csv	142753	d8b841746eace160e68dee6cc420aa5691bff3e28e775b203a162467e24ca072
W8_Q01_OFF_r04/process.txt	47	1501b05ca0bb1e221d44c405872fbf68b7b7d3005b324958f137d7cf0e41b2b6
W8_Q01_OFF_r04/query.rql	831	38489ea761fbe3a13b0f0d27280baa2f40a0df983d21567c122bcdbb0f69ef62
W8_Q01_OFF_r04/rec205	5200000	baf1f0c860fa35413d455aac56e04004389a5fa64f281a6e58e0b96e4af85ce9
W8_Q01_OFF_r04/study.toml	30	d29eeb760c73a10bf13d76141a3d21c7f3f05af9c805422619f6b07129f74ba3
W8_Q01_OFF_r04/xqry.err	0	e3b0c44298fc1c149afbf4c8996fb92427ae41e4649b934ca495991b7852b855
W8_Q01_OFF_r04/xretractor.log	989	93706befaa8a76ed375556e0b8cfe1b4314a739a08f934cded31752e17f4905b
W8_Q01_OFF_r05/bp_coef.txt	69	99e4619a07797822c5afd34bf9cb88d9bff8f9cd808b0faa0667d07645f978c2
W8_Q01_OFF_r05/d_coef.txt	12	39c0f3bc6135e87acf72ebc0aa159dce329436665251fc2a9dc50d0625aa1c6c
W8_Q01_OFF_r05/e1_probe.csv	142898	5596164812f94ba50e56ed90279c2919b779ea6d0f741ab4f7afb26303c6d1bc
W8_Q01_OFF_r05/process.txt	47	0ab02ae54b109c70dba935874e519aea410099665a5f70fc18cbd91b30b790fd
W8_Q01_OFF_r05/query.rql	831	38489ea761fbe3a13b0f0d27280baa2f40a0df983d21567c122bcdbb0f69ef62
W8_Q01_OFF_r05/rec205	5200000	baf1f0c860fa35413d455aac56e04004389a5fa64f281a6e58e0b96e4af85ce9
W8_Q01_OFF_r05/study.toml	30	d29eeb760c73a10bf13d76141a3d21c7f3f05af9c805422619f6b07129f74ba3
W8_Q01_OFF_r05/xqry.err	0	e3b0c44298fc1c149afbf4c8996fb92427ae41e4649b934ca495991b7852b855
W8_Q01_OFF_r05/xretractor.log	989	718b359df548b4b7499891a5e3e266435ebc0b3572ba75ececf070ddbe88c1c5
W8_Q01_OFF_r06/bp_coef.txt	69	99e4619a07797822c5afd34bf9cb88d9bff8f9cd808b0faa0667d07645f978c2
W8_Q01_OFF_r06/d_coef.txt	12	39c0f3bc6135e87acf72ebc0aa159dce329436665251fc2a9dc50d0625aa1c6c
W8_Q01_OFF_r06/e1_probe.csv	142726	ecda2298521a86488565407be95914292dafa020b6050e203952a0c31db7fd25
W8_Q01_OFF_r06/process.txt	47	bc0923c22c83126c89a772fd30e9414544aed4decc5a437d50c2b05070609893
W8_Q01_OFF_r06/query.rql	831	38489ea761fbe3a13b0f0d27280baa2f40a0df983d21567c122bcdbb0f69ef62
W8_Q01_OFF_r06/rec205	5200000	baf1f0c860fa35413d455aac56e04004389a5fa64f281a6e58e0b96e4af85ce9
W8_Q01_OFF_r06/study.toml	30	d29eeb760c73a10bf13d76141a3d21c7f3f05af9c805422619f6b07129f74ba3
W8_Q01_OFF_r06/xqry.err	0	e3b0c44298fc1c149afbf4c8996fb92427ae41e4649b934ca495991b7852b855
W8_Q01_OFF_r06/xretractor.log	989	863448767311c4addeaf917dac9c853be7cd2a58480878ed4f7584f54f5bad16
W8_Q01_OFF_r07/bp_coef.txt	69	99e4619a07797822c5afd34bf9cb88d9bff8f9cd808b0faa0667d07645f978c2
W8_Q01_OFF_r07/d_coef.txt	12	39c0f3bc6135e87acf72ebc0aa159dce329436665251fc2a9dc50d0625aa1c6c
W8_Q01_OFF_r07/e1_probe.csv	142747	e9a818e58ae06c166f938f159b568d6b6993aa12454de83629037bb2aead504d
W8_Q01_OFF_r07/process.txt	47	2b55d44cf3050c05cb961069906de8798a56fec018c49f9a20521cd85514debf
W8_Q01_OFF_r07/query.rql	831	38489ea761fbe3a13b0f0d27280baa2f40a0df983d21567c122bcdbb0f69ef62
W8_Q01_OFF_r07/rec205	5200000	baf1f0c860fa35413d455aac56e04004389a5fa64f281a6e58e0b96e4af85ce9
W8_Q01_OFF_r07/study.toml	30	d29eeb760c73a10bf13d76141a3d21c7f3f05af9c805422619f6b07129f74ba3
W8_Q01_OFF_r07/xqry.err	0	e3b0c44298fc1c149afbf4c8996fb92427ae41e4649b934ca495991b7852b855
W8_Q01_OFF_r07/xretractor.log	989	ba309ab27a51d79a16beab6386f6e415e62674a87ec765578acfcc9bd95c4e0c
W8_Q01_OFF_r08/bp_coef.txt	69	99e4619a07797822c5afd34bf9cb88d9bff8f9cd808b0faa0667d07645f978c2
W8_Q01_OFF_r08/d_coef.txt	12	39c0f3bc6135e87acf72ebc0aa159dce329436665251fc2a9dc50d0625aa1c6c
W8_Q01_OFF_r08/e1_probe.csv	142854	72eccb8c79dc48c2eb25641ba32deedd5f5179e445137b22dbf4c270159c27fd
W8_Q01_OFF_r08/process.txt	47	84cd08dd3e8ef0a4f1b26d1e594b2ef4cfa3f9dd9b80dae596e82728f71a6e5a
W8_Q01_OFF_r08/query.rql	831	38489ea761fbe3a13b0f0d27280baa2f40a0df983d21567c122bcdbb0f69ef62
W8_Q01_OFF_r08/rec205	5200000	baf1f0c860fa35413d455aac56e04004389a5fa64f281a6e58e0b96e4af85ce9
W8_Q01_OFF_r08/study.toml	30	d29eeb760c73a10bf13d76141a3d21c7f3f05af9c805422619f6b07129f74ba3
W8_Q01_OFF_r08/xqry.err	0	e3b0c44298fc1c149afbf4c8996fb92427ae41e4649b934ca495991b7852b855
W8_Q01_OFF_r08/xretractor.log	989	71dba82456ec8b4fc89ade1d77ff57500b5b9e509ac429a915a7e82bb3fce7b4
W8_Q01_OFF_r09/bp_coef.txt	69	99e4619a07797822c5afd34bf9cb88d9bff8f9cd808b0faa0667d07645f978c2
W8_Q01_OFF_r09/d_coef.txt	12	39c0f3bc6135e87acf72ebc0aa159dce329436665251fc2a9dc50d0625aa1c6c
W8_Q01_OFF_r09/e1_probe.csv	142844	5cdf80086e78529a0478dbdad16a239acab1e6665ff6740c968b810f6b5d6ac1
W8_Q01_OFF_r09/process.txt	47	a15bf9d880c225ca4654fc42334d4a22b59152841fbc9bc4446628cefa297ba5
W8_Q01_OFF_r09/query.rql	831	38489ea761fbe3a13b0f0d27280baa2f40a0df983d21567c122bcdbb0f69ef62
W8_Q01_OFF_r09/rec205	5200000	baf1f0c860fa35413d455aac56e04004389a5fa64f281a6e58e0b96e4af85ce9
W8_Q01_OFF_r09/study.toml	30	d29eeb760c73a10bf13d76141a3d21c7f3f05af9c805422619f6b07129f74ba3
W8_Q01_OFF_r09/xqry.err	0	e3b0c44298fc1c149afbf4c8996fb92427ae41e4649b934ca495991b7852b855
W8_Q01_OFF_r09/xretractor.log	989	0ab934ee870d772e945e9b4e063398d43c8af83f80d4b55996654b10b2432830
W8_Q01_OFF_r10/bp_coef.txt	69	99e4619a07797822c5afd34bf9cb88d9bff8f9cd808b0faa0667d07645f978c2
W8_Q01_OFF_r10/d_coef.txt	12	39c0f3bc6135e87acf72ebc0aa159dce329436665251fc2a9dc50d0625aa1c6c
W8_Q01_OFF_r10/e1_probe.csv	142764	bae76c5ea5d1c34d6ac7dfc68d3b2d4964d003c0943c2fb8143530496dba3212
W8_Q01_OFF_r10/process.txt	47	87dea7fb815ac398a9771ea30f013283d9a04492cb7279ad31cd399d134739de
W8_Q01_OFF_r10/query.rql	831	38489ea761fbe3a13b0f0d27280baa2f40a0df983d21567c122bcdbb0f69ef62
W8_Q01_OFF_r10/rec205	5200000	baf1f0c860fa35413d455aac56e04004389a5fa64f281a6e58e0b96e4af85ce9
W8_Q01_OFF_r10/study.toml	30	d29eeb760c73a10bf13d76141a3d21c7f3f05af9c805422619f6b07129f74ba3
W8_Q01_OFF_r10/xqry.err	0	e3b0c44298fc1c149afbf4c8996fb92427ae41e4649b934ca495991b7852b855
W8_Q01_OFF_r10/xretractor.log	989	04c19ae3c4efe7d97f44f3a81007b82cc372e0483f4f0a8ad9d05b9f8565639d
W8_Q01_OFF_r11/bp_coef.txt	69	99e4619a07797822c5afd34bf9cb88d9bff8f9cd808b0faa0667d07645f978c2
W8_Q01_OFF_r11/d_coef.txt	12	39c0f3bc6135e87acf72ebc0aa159dce329436665251fc2a9dc50d0625aa1c6c
W8_Q01_OFF_r11/e1_probe.csv	143433	2d94cdb64d5d37eb0868458835733ebec5ff0c368740c94c194f0875d353ef60
W8_Q01_OFF_r11/process.txt	47	7af9aeefc80054e70d0b132856ff4c8f848b59bec31aca79c2f61b69944f13a5
W8_Q01_OFF_r11/query.rql	831	38489ea761fbe3a13b0f0d27280baa2f40a0df983d21567c122bcdbb0f69ef62
W8_Q01_OFF_r11/rec205	5200000	baf1f0c860fa35413d455aac56e04004389a5fa64f281a6e58e0b96e4af85ce9
W8_Q01_OFF_r11/study.toml	30	d29eeb760c73a10bf13d76141a3d21c7f3f05af9c805422619f6b07129f74ba3
W8_Q01_OFF_r11/xqry.err	0	e3b0c44298fc1c149afbf4c8996fb92427ae41e4649b934ca495991b7852b855
W8_Q01_OFF_r11/xretractor.log	989	a3d9376fcb50b1bc5507fc41bdbc9a4864dbde7c6cb726e116fd9cee74ec152e
W8_Q01_OFF_r12/bp_coef.txt	69	99e4619a07797822c5afd34bf9cb88d9bff8f9cd808b0faa0667d07645f978c2
W8_Q01_OFF_r12/d_coef.txt	12	39c0f3bc6135e87acf72ebc0aa159dce329436665251fc2a9dc50d0625aa1c6c
W8_Q01_OFF_r12/e1_probe.csv	142678	04f3051ddff3f670b86d8b209ff1355e06a289ebabbc2b7675970687f04b071b
W8_Q01_OFF_r12/process.txt	47	a01d2cb4ebcdf9f90c701fb27497da563e1c605881e9ff2add99979a18952140
W8_Q01_OFF_r12/query.rql	831	38489ea761fbe3a13b0f0d27280baa2f40a0df983d21567c122bcdbb0f69ef62
W8_Q01_OFF_r12/rec205	5200000	baf1f0c860fa35413d455aac56e04004389a5fa64f281a6e58e0b96e4af85ce9
W8_Q01_OFF_r12/study.toml	30	d29eeb760c73a10bf13d76141a3d21c7f3f05af9c805422619f6b07129f74ba3
W8_Q01_OFF_r12/xqry.err	0	e3b0c44298fc1c149afbf4c8996fb92427ae41e4649b934ca495991b7852b855
W8_Q01_OFF_r12/xretractor.log	989	f4b208f877c425878c8d0f12a44f4e10064d2adf55e2c07b9e8954ace440564e
W8_Q01_OFF_r13/bp_coef.txt	69	99e4619a07797822c5afd34bf9cb88d9bff8f9cd808b0faa0667d07645f978c2
W8_Q01_OFF_r13/d_coef.txt	12	39c0f3bc6135e87acf72ebc0aa159dce329436665251fc2a9dc50d0625aa1c6c
W8_Q01_OFF_r13/e1_probe.csv	142906	3cd11512adfaf09cb8da80273cc1a479f61b8a4025d6554c8c2217f142fdd177
W8_Q01_OFF_r13/process.txt	47	32488db7b0abb541e1bf60edf60eea738a704b128db5d55b371eb5aa4e2ff84c
W8_Q01_OFF_r13/query.rql	831	38489ea761fbe3a13b0f0d27280baa2f40a0df983d21567c122bcdbb0f69ef62
W8_Q01_OFF_r13/rec205	5200000	baf1f0c860fa35413d455aac56e04004389a5fa64f281a6e58e0b96e4af85ce9
W8_Q01_OFF_r13/study.toml	30	d29eeb760c73a10bf13d76141a3d21c7f3f05af9c805422619f6b07129f74ba3
W8_Q01_OFF_r13/xqry.err	0	e3b0c44298fc1c149afbf4c8996fb92427ae41e4649b934ca495991b7852b855
W8_Q01_OFF_r13/xretractor.log	989	2b5a1c5adcf679842dec89e33032bc24b81ff82f4747b5e78198c6c5b533c6d3
W8_Q01_OFF_r14/bp_coef.txt	69	99e4619a07797822c5afd34bf9cb88d9bff8f9cd808b0faa0667d07645f978c2
W8_Q01_OFF_r14/d_coef.txt	12	39c0f3bc6135e87acf72ebc0aa159dce329436665251fc2a9dc50d0625aa1c6c
W8_Q01_OFF_r14/e1_probe.csv	142841	a2ea9c8fcc82e1f6d8a56e4a3de68b6fe17ef7d596d875dd2b59656df4d4a675
W8_Q01_OFF_r14/process.txt	47	1f0e1141ef7a2a1ba29978c51087bd728aeeead3fd005df62eea61832f654fef
W8_Q01_OFF_r14/query.rql	831	38489ea761fbe3a13b0f0d27280baa2f40a0df983d21567c122bcdbb0f69ef62
W8_Q01_OFF_r14/rec205	5200000	baf1f0c860fa35413d455aac56e04004389a5fa64f281a6e58e0b96e4af85ce9
W8_Q01_OFF_r14/study.toml	30	d29eeb760c73a10bf13d76141a3d21c7f3f05af9c805422619f6b07129f74ba3
W8_Q01_OFF_r14/xqry.err	0	e3b0c44298fc1c149afbf4c8996fb92427ae41e4649b934ca495991b7852b855
W8_Q01_OFF_r14/xretractor.log	989	d26f92034561ab08937b712a5093037d9a5eb42185cedf684b8e45c40d295d65
W8_Q01_OFF_r15/bp_coef.txt	69	99e4619a07797822c5afd34bf9cb88d9bff8f9cd808b0faa0667d07645f978c2
W8_Q01_OFF_r15/d_coef.txt	12	39c0f3bc6135e87acf72ebc0aa159dce329436665251fc2a9dc50d0625aa1c6c
W8_Q01_OFF_r15/e1_probe.csv	142781	ff0a7d9a5ac46feb890539da2a98e2a3979d2ba8588556b8685ce3a0056f4554
W8_Q01_OFF_r15/process.txt	47	122188ce459d6b7d9504336428975bde12f8cfdc72b68ba0deeb6631591ae67d
W8_Q01_OFF_r15/query.rql	831	38489ea761fbe3a13b0f0d27280baa2f40a0df983d21567c122bcdbb0f69ef62
W8_Q01_OFF_r15/rec205	5200000	baf1f0c860fa35413d455aac56e04004389a5fa64f281a6e58e0b96e4af85ce9
W8_Q01_OFF_r15/study.toml	30	d29eeb760c73a10bf13d76141a3d21c7f3f05af9c805422619f6b07129f74ba3
W8_Q01_OFF_r15/xqry.err	0	e3b0c44298fc1c149afbf4c8996fb92427ae41e4649b934ca495991b7852b855
W8_Q01_OFF_r15/xretractor.log	990	7616e97ef17c4a6f0deaf791c3373856dbee1e179b2edccd8b55330a7d622acd
W8_Q01_STRUCT_R1_r01/bp_coef.txt	69	99e4619a07797822c5afd34bf9cb88d9bff8f9cd808b0faa0667d07645f978c2
W8_Q01_STRUCT_R1_r01/d_coef.txt	12	39c0f3bc6135e87acf72ebc0aa159dce329436665251fc2a9dc50d0625aa1c6c
W8_Q01_STRUCT_R1_r01/e1_probe.csv	144088	d19486f06bcaa5c064e34c50b8c7cebdc4c7d43c37b6297b365fd9c86b06715e
W8_Q01_STRUCT_R1_r01/process.txt	47	9e6f538c089c52112ef3de2633dcd965e5c311006d106cd7bd28bb3c41093a35
W8_Q01_STRUCT_R1_r01/query.rql	831	38489ea761fbe3a13b0f0d27280baa2f40a0df983d21567c122bcdbb0f69ef62
W8_Q01_STRUCT_R1_r01/rec205	5200000	baf1f0c860fa35413d455aac56e04004389a5fa64f281a6e58e0b96e4af85ce9
W8_Q01_STRUCT_R1_r01/study.toml	30	d29eeb760c73a10bf13d76141a3d21c7f3f05af9c805422619f6b07129f74ba3
W8_Q01_STRUCT_R1_r01/xqry.err	0	e3b0c44298fc1c149afbf4c8996fb92427ae41e4649b934ca495991b7852b855
W8_Q01_STRUCT_R1_r01/xretractor.log	989	7e112fedb76a1e736a804cfa597f4007e3f6ee5e1366cef47022a77a9f48f771
W8_Q01_STRUCT_R1_r02/bp_coef.txt	69	99e4619a07797822c5afd34bf9cb88d9bff8f9cd808b0faa0667d07645f978c2
W8_Q01_STRUCT_R1_r02/d_coef.txt	12	39c0f3bc6135e87acf72ebc0aa159dce329436665251fc2a9dc50d0625aa1c6c
W8_Q01_STRUCT_R1_r02/e1_probe.csv	144175	380b6d0c97a624bf5a2657b7698cd78da8ea3872289a7481076104f4465c5f0c
W8_Q01_STRUCT_R1_r02/process.txt	47	6ce8e09e47559ffb18414c902f82ff519efb7136f810e0bc8a209be3956ff5e1
W8_Q01_STRUCT_R1_r02/query.rql	831	38489ea761fbe3a13b0f0d27280baa2f40a0df983d21567c122bcdbb0f69ef62
W8_Q01_STRUCT_R1_r02/rec205	5200000	baf1f0c860fa35413d455aac56e04004389a5fa64f281a6e58e0b96e4af85ce9
W8_Q01_STRUCT_R1_r02/study.toml	30	d29eeb760c73a10bf13d76141a3d21c7f3f05af9c805422619f6b07129f74ba3
W8_Q01_STRUCT_R1_r02/xqry.err	0	e3b0c44298fc1c149afbf4c8996fb92427ae41e4649b934ca495991b7852b855
W8_Q01_STRUCT_R1_r02/xretractor.log	989	ecfe4fe2e120463b91dd9d9ac8df56a1a1629b17a3434e85b3a048a097545b39
W8_Q01_STRUCT_R1_r03/bp_coef.txt	69	99e4619a07797822c5afd34bf9cb88d9bff8f9cd808b0faa0667d07645f978c2
W8_Q01_STRUCT_R1_r03/d_coef.txt	12	39c0f3bc6135e87acf72ebc0aa159dce329436665251fc2a9dc50d0625aa1c6c
W8_Q01_STRUCT_R1_r03/e1_probe.csv	144540	4752d00ed92f254ed6a9739d82369e12aebd11e11badb013ad2f9dc5b1b8a3d8
W8_Q01_STRUCT_R1_r03/process.txt	47	eaa2310a7552fddf22ca71111dc4b081bedde605a6314f0362f50aec6b3fd8b4
W8_Q01_STRUCT_R1_r03/query.rql	831	38489ea761fbe3a13b0f0d27280baa2f40a0df983d21567c122bcdbb0f69ef62
W8_Q01_STRUCT_R1_r03/rec205	5200000	baf1f0c860fa35413d455aac56e04004389a5fa64f281a6e58e0b96e4af85ce9
W8_Q01_STRUCT_R1_r03/study.toml	30	d29eeb760c73a10bf13d76141a3d21c7f3f05af9c805422619f6b07129f74ba3
W8_Q01_STRUCT_R1_r03/xqry.err	0	e3b0c44298fc1c149afbf4c8996fb92427ae41e4649b934ca495991b7852b855
W8_Q01_STRUCT_R1_r03/xretractor.log	989	d6f1e130aea538b5d89fccccfd4be1215f59d55cd45db816a3299d423a2b669b
W8_Q01_STRUCT_R1_r04/bp_coef.txt	69	99e4619a07797822c5afd34bf9cb88d9bff8f9cd808b0faa0667d07645f978c2
W8_Q01_STRUCT_R1_r04/d_coef.txt	12	39c0f3bc6135e87acf72ebc0aa159dce329436665251fc2a9dc50d0625aa1c6c
W8_Q01_STRUCT_R1_r04/e1_probe.csv	144262	abb4ee811af44c25e5a0aa7341589dac062f4318be4136088e0c635bdeffd568
W8_Q01_STRUCT_R1_r04/process.txt	47	1c508e0de931f52620848355ad43d4abcab4f3645aea79a2f1d5daa288dfde33
W8_Q01_STRUCT_R1_r04/query.rql	831	38489ea761fbe3a13b0f0d27280baa2f40a0df983d21567c122bcdbb0f69ef62
W8_Q01_STRUCT_R1_r04/rec205	5200000	baf1f0c860fa35413d455aac56e04004389a5fa64f281a6e58e0b96e4af85ce9
W8_Q01_STRUCT_R1_r04/study.toml	30	d29eeb760c73a10bf13d76141a3d21c7f3f05af9c805422619f6b07129f74ba3
W8_Q01_STRUCT_R1_r04/xqry.err	0	e3b0c44298fc1c149afbf4c8996fb92427ae41e4649b934ca495991b7852b855
W8_Q01_STRUCT_R1_r04/xretractor.log	989	1ab875e8f6d1a1d2175c06fd22bf7082c4b1810597b45592bb60c9e7329ce2e0
W8_Q01_STRUCT_R1_r05/bp_coef.txt	69	99e4619a07797822c5afd34bf9cb88d9bff8f9cd808b0faa0667d07645f978c2
W8_Q01_STRUCT_R1_r05/d_coef.txt	12	39c0f3bc6135e87acf72ebc0aa159dce329436665251fc2a9dc50d0625aa1c6c
W8_Q01_STRUCT_R1_r05/e1_probe.csv	144195	321955af8f8e340243c9a1829b6b7d5b88f125d22a88abfeb4e8ea18f42e5e5f
W8_Q01_STRUCT_R1_r05/process.txt	47	8d7380557d0f6f22f86b82d3b465460269febfce5dca8bbe7806fa6d17dd7948
W8_Q01_STRUCT_R1_r05/query.rql	831	38489ea761fbe3a13b0f0d27280baa2f40a0df983d21567c122bcdbb0f69ef62
W8_Q01_STRUCT_R1_r05/rec205	5200000	baf1f0c860fa35413d455aac56e04004389a5fa64f281a6e58e0b96e4af85ce9
W8_Q01_STRUCT_R1_r05/study.toml	30	d29eeb760c73a10bf13d76141a3d21c7f3f05af9c805422619f6b07129f74ba3
W8_Q01_STRUCT_R1_r05/xqry.err	0	e3b0c44298fc1c149afbf4c8996fb92427ae41e4649b934ca495991b7852b855
W8_Q01_STRUCT_R1_r05/xretractor.log	989	ee26106d7fae48d35bb10a93d3a4f0242d18dcb1a7ea2dcf1d905d64d162ddac
W8_Q01_STRUCT_R1_r06/bp_coef.txt	69	99e4619a07797822c5afd34bf9cb88d9bff8f9cd808b0faa0667d07645f978c2
W8_Q01_STRUCT_R1_r06/d_coef.txt	12	39c0f3bc6135e87acf72ebc0aa159dce329436665251fc2a9dc50d0625aa1c6c
W8_Q01_STRUCT_R1_r06/e1_probe.csv	144113	b5da52e54361f50ac7e52a39920592be2c185d6ded2ff7a23ac51ee6b479d97d
W8_Q01_STRUCT_R1_r06/process.txt	47	2fa0119d74e137103b2d7416e391b3511097c8d1e319ead9ca3aa2c9a02d2c45
W8_Q01_STRUCT_R1_r06/query.rql	831	38489ea761fbe3a13b0f0d27280baa2f40a0df983d21567c122bcdbb0f69ef62
W8_Q01_STRUCT_R1_r06/rec205	5200000	baf1f0c860fa35413d455aac56e04004389a5fa64f281a6e58e0b96e4af85ce9
W8_Q01_STRUCT_R1_r06/study.toml	30	d29eeb760c73a10bf13d76141a3d21c7f3f05af9c805422619f6b07129f74ba3
W8_Q01_STRUCT_R1_r06/xqry.err	0	e3b0c44298fc1c149afbf4c8996fb92427ae41e4649b934ca495991b7852b855
W8_Q01_STRUCT_R1_r06/xretractor.log	989	122bc30697763456d075ee6a8765327f88599369be4dc8edceca726474f5f677
W8_Q01_STRUCT_R1_r07/bp_coef.txt	69	99e4619a07797822c5afd34bf9cb88d9bff8f9cd808b0faa0667d07645f978c2
W8_Q01_STRUCT_R1_r07/d_coef.txt	12	39c0f3bc6135e87acf72ebc0aa159dce329436665251fc2a9dc50d0625aa1c6c
W8_Q01_STRUCT_R1_r07/e1_probe.csv	144061	fbf6eab5245a84e840d862b12164ccbf49b2abddd7bbdd2136261340c71fa0bc
W8_Q01_STRUCT_R1_r07/process.txt	47	ea925e2a86be283cc342a05cce6813f7345383151f12128be302be51101f223d
W8_Q01_STRUCT_R1_r07/query.rql	831	38489ea761fbe3a13b0f0d27280baa2f40a0df983d21567c122bcdbb0f69ef62
W8_Q01_STRUCT_R1_r07/rec205	5200000	baf1f0c860fa35413d455aac56e04004389a5fa64f281a6e58e0b96e4af85ce9
W8_Q01_STRUCT_R1_r07/study.toml	30	d29eeb760c73a10bf13d76141a3d21c7f3f05af9c805422619f6b07129f74ba3
W8_Q01_STRUCT_R1_r07/xqry.err	0	e3b0c44298fc1c149afbf4c8996fb92427ae41e4649b934ca495991b7852b855
W8_Q01_STRUCT_R1_r07/xretractor.log	989	0bb0ed9e8ae697fd1c412ed7cb72aad82fd4bb5da47a9b355807a5e8bda6a01f
W8_Q01_STRUCT_R1_r08/bp_coef.txt	69	99e4619a07797822c5afd34bf9cb88d9bff8f9cd808b0faa0667d07645f978c2
W8_Q01_STRUCT_R1_r08/d_coef.txt	12	39c0f3bc6135e87acf72ebc0aa159dce329436665251fc2a9dc50d0625aa1c6c
W8_Q01_STRUCT_R1_r08/e1_probe.csv	144240	8d4a284eab81776021160a92d6f7860646780f06515f8ab594a4de401df4bffc
W8_Q01_STRUCT_R1_r08/process.txt	47	2be51e4c60b5408c31e45060bb3902f262d50d22dd3408a50b71df4d2fe159ee
W8_Q01_STRUCT_R1_r08/query.rql	831	38489ea761fbe3a13b0f0d27280baa2f40a0df983d21567c122bcdbb0f69ef62
W8_Q01_STRUCT_R1_r08/rec205	5200000	baf1f0c860fa35413d455aac56e04004389a5fa64f281a6e58e0b96e4af85ce9
W8_Q01_STRUCT_R1_r08/study.toml	30	d29eeb760c73a10bf13d76141a3d21c7f3f05af9c805422619f6b07129f74ba3
W8_Q01_STRUCT_R1_r08/xqry.err	0	e3b0c44298fc1c149afbf4c8996fb92427ae41e4649b934ca495991b7852b855
W8_Q01_STRUCT_R1_r08/xretractor.log	989	60b3d01688229054bdc856013918936f44ffbb63e7063979d6911b34bf3c2d8a
W8_Q01_STRUCT_R1_r09/bp_coef.txt	69	99e4619a07797822c5afd34bf9cb88d9bff8f9cd808b0faa0667d07645f978c2
W8_Q01_STRUCT_R1_r09/d_coef.txt	12	39c0f3bc6135e87acf72ebc0aa159dce329436665251fc2a9dc50d0625aa1c6c
W8_Q01_STRUCT_R1_r09/e1_probe.csv	144155	41367e6df219e45998926dfaf55c8bf7c254ae83fbd39ef81b86f946f6b6fb14
W8_Q01_STRUCT_R1_r09/process.txt	47	1adf49df418671993488f659f9737b3b0c9754db21f5f0b48559a564ed044500
W8_Q01_STRUCT_R1_r09/query.rql	831	38489ea761fbe3a13b0f0d27280baa2f40a0df983d21567c122bcdbb0f69ef62
W8_Q01_STRUCT_R1_r09/rec205	5200000	baf1f0c860fa35413d455aac56e04004389a5fa64f281a6e58e0b96e4af85ce9
W8_Q01_STRUCT_R1_r09/study.toml	30	d29eeb760c73a10bf13d76141a3d21c7f3f05af9c805422619f6b07129f74ba3
W8_Q01_STRUCT_R1_r09/xqry.err	0	e3b0c44298fc1c149afbf4c8996fb92427ae41e4649b934ca495991b7852b855
W8_Q01_STRUCT_R1_r09/xretractor.log	989	9e749ede351ea05c74a854c8309530b1c9056b9b434bf2e22f864164db18d1dc
W8_Q01_STRUCT_R1_r10/bp_coef.txt	69	99e4619a07797822c5afd34bf9cb88d9bff8f9cd808b0faa0667d07645f978c2
W8_Q01_STRUCT_R1_r10/d_coef.txt	12	39c0f3bc6135e87acf72ebc0aa159dce329436665251fc2a9dc50d0625aa1c6c
W8_Q01_STRUCT_R1_r10/e1_probe.csv	144260	48c4d55d2bae5df6f86d1bcbd8231c7732d5eec2b7b62d4c04ee9dbe01f1dbb5
W8_Q01_STRUCT_R1_r10/process.txt	47	62f86797d92f5bbe344c7dbd73ce6170f64a0285c4f7b8cd934998238854c54c
W8_Q01_STRUCT_R1_r10/query.rql	831	38489ea761fbe3a13b0f0d27280baa2f40a0df983d21567c122bcdbb0f69ef62
W8_Q01_STRUCT_R1_r10/rec205	5200000	baf1f0c860fa35413d455aac56e04004389a5fa64f281a6e58e0b96e4af85ce9
W8_Q01_STRUCT_R1_r10/study.toml	30	d29eeb760c73a10bf13d76141a3d21c7f3f05af9c805422619f6b07129f74ba3
W8_Q01_STRUCT_R1_r10/xqry.err	0	e3b0c44298fc1c149afbf4c8996fb92427ae41e4649b934ca495991b7852b855
W8_Q01_STRUCT_R1_r10/xretractor.log	989	1017c891c040a2a3a54cdd753bc15b62f5c4bbf2c632c1ab09f1d0a6fd632a5f
W8_Q01_STRUCT_R1_r11/bp_coef.txt	69	99e4619a07797822c5afd34bf9cb88d9bff8f9cd808b0faa0667d07645f978c2
W8_Q01_STRUCT_R1_r11/d_coef.txt	12	39c0f3bc6135e87acf72ebc0aa159dce329436665251fc2a9dc50d0625aa1c6c
W8_Q01_STRUCT_R1_r11/e1_probe.csv	144626	0724dc77b88ad12d7b168ef0fcdcd499f72702512f5ae9dfbcfc3a1d4c23042f
W8_Q01_STRUCT_R1_r11/process.txt	47	15b382177bdef24bdd9a689da7ab1391ff3dad71a1b0851a74f1a4ecd5f2d1d2
W8_Q01_STRUCT_R1_r11/query.rql	831	38489ea761fbe3a13b0f0d27280baa2f40a0df983d21567c122bcdbb0f69ef62
W8_Q01_STRUCT_R1_r11/rec205	5200000	baf1f0c860fa35413d455aac56e04004389a5fa64f281a6e58e0b96e4af85ce9
W8_Q01_STRUCT_R1_r11/study.toml	30	d29eeb760c73a10bf13d76141a3d21c7f3f05af9c805422619f6b07129f74ba3
W8_Q01_STRUCT_R1_r11/xqry.err	0	e3b0c44298fc1c149afbf4c8996fb92427ae41e4649b934ca495991b7852b855
W8_Q01_STRUCT_R1_r11/xretractor.log	989	1ad1c3e14dad650b2eeb02e40f087985cfe51100bba42dd531626c98ee8c879b
W8_Q01_STRUCT_R1_r12/bp_coef.txt	69	99e4619a07797822c5afd34bf9cb88d9bff8f9cd808b0faa0667d07645f978c2
W8_Q01_STRUCT_R1_r12/d_coef.txt	12	39c0f3bc6135e87acf72ebc0aa159dce329436665251fc2a9dc50d0625aa1c6c
W8_Q01_STRUCT_R1_r12/e1_probe.csv	144102	c8dd02becad48c9de6a24eb8428cf7847afd590335f45f3366cf0388d7289420
W8_Q01_STRUCT_R1_r12/process.txt	47	e882851430b4ba32a0282b5759a2d530040fbffd95489fa943ab7d8431d5f0dc
W8_Q01_STRUCT_R1_r12/query.rql	831	38489ea761fbe3a13b0f0d27280baa2f40a0df983d21567c122bcdbb0f69ef62
W8_Q01_STRUCT_R1_r12/rec205	5200000	baf1f0c860fa35413d455aac56e04004389a5fa64f281a6e58e0b96e4af85ce9
W8_Q01_STRUCT_R1_r12/study.toml	30	d29eeb760c73a10bf13d76141a3d21c7f3f05af9c805422619f6b07129f74ba3
W8_Q01_STRUCT_R1_r12/xqry.err	0	e3b0c44298fc1c149afbf4c8996fb92427ae41e4649b934ca495991b7852b855
W8_Q01_STRUCT_R1_r12/xretractor.log	989	d20d51981b9b25482bd2e1d5d1f500c761a4709c7abd618978c0fc35f7453026
W8_Q01_STRUCT_R1_r13/bp_coef.txt	69	99e4619a07797822c5afd34bf9cb88d9bff8f9cd808b0faa0667d07645f978c2
W8_Q01_STRUCT_R1_r13/d_coef.txt	12	39c0f3bc6135e87acf72ebc0aa159dce329436665251fc2a9dc50d0625aa1c6c
W8_Q01_STRUCT_R1_r13/e1_probe.csv	144171	45358974e17ea450b794e97c878086751bc7eb93724745c1c6a031d9483da36f
W8_Q01_STRUCT_R1_r13/process.txt	47	709ff0f23994455fa74549c4acd42ae39d6ff3d881e1556e66d0bb8347da09e0
W8_Q01_STRUCT_R1_r13/query.rql	831	38489ea761fbe3a13b0f0d27280baa2f40a0df983d21567c122bcdbb0f69ef62
W8_Q01_STRUCT_R1_r13/rec205	5200000	baf1f0c860fa35413d455aac56e04004389a5fa64f281a6e58e0b96e4af85ce9
W8_Q01_STRUCT_R1_r13/study.toml	30	d29eeb760c73a10bf13d76141a3d21c7f3f05af9c805422619f6b07129f74ba3
W8_Q01_STRUCT_R1_r13/xqry.err	0	e3b0c44298fc1c149afbf4c8996fb92427ae41e4649b934ca495991b7852b855
W8_Q01_STRUCT_R1_r13/xretractor.log	989	d6b4335b5c4e891bf59b303cd223bf1598861f9b9c026987527f3f5853ac2ec3
W8_Q01_STRUCT_R1_r14/bp_coef.txt	69	99e4619a07797822c5afd34bf9cb88d9bff8f9cd808b0faa0667d07645f978c2
W8_Q01_STRUCT_R1_r14/d_coef.txt	12	39c0f3bc6135e87acf72ebc0aa159dce329436665251fc2a9dc50d0625aa1c6c
W8_Q01_STRUCT_R1_r14/e1_probe.csv	144199	4cc0073ac1ff4172e2655019bd5b257fcc00756fa17d67553757d5189da73a8c
W8_Q01_STRUCT_R1_r14/process.txt	47	d6f82fb20ba525521499ae4185d988bd451b8134d5eb8473aa02390aab96102b
W8_Q01_STRUCT_R1_r14/query.rql	831	38489ea761fbe3a13b0f0d27280baa2f40a0df983d21567c122bcdbb0f69ef62
W8_Q01_STRUCT_R1_r14/rec205	5200000	baf1f0c860fa35413d455aac56e04004389a5fa64f281a6e58e0b96e4af85ce9
W8_Q01_STRUCT_R1_r14/study.toml	30	d29eeb760c73a10bf13d76141a3d21c7f3f05af9c805422619f6b07129f74ba3
W8_Q01_STRUCT_R1_r14/xqry.err	0	e3b0c44298fc1c149afbf4c8996fb92427ae41e4649b934ca495991b7852b855
W8_Q01_STRUCT_R1_r14/xretractor.log	989	99c87f51262b0f8c23199520845670757128a3a8b3fb0611b57929211e4f0869
W8_Q01_STRUCT_R1_r15/bp_coef.txt	69	99e4619a07797822c5afd34bf9cb88d9bff8f9cd808b0faa0667d07645f978c2
W8_Q01_STRUCT_R1_r15/d_coef.txt	12	39c0f3bc6135e87acf72ebc0aa159dce329436665251fc2a9dc50d0625aa1c6c
W8_Q01_STRUCT_R1_r15/e1_probe.csv	144156	0f299af6ac265f4b65ef64f38655fcb0c956381ba451d8e494b2d6c209bd678f
W8_Q01_STRUCT_R1_r15/process.txt	47	81ed16bb61df7fe2fa9d9b9161e933d4dca6662fa9056263e0d8d8fc66e5b405
W8_Q01_STRUCT_R1_r15/query.rql	831	38489ea761fbe3a13b0f0d27280baa2f40a0df983d21567c122bcdbb0f69ef62
W8_Q01_STRUCT_R1_r15/rec205	5200000	baf1f0c860fa35413d455aac56e04004389a5fa64f281a6e58e0b96e4af85ce9
W8_Q01_STRUCT_R1_r15/study.toml	30	d29eeb760c73a10bf13d76141a3d21c7f3f05af9c805422619f6b07129f74ba3
W8_Q01_STRUCT_R1_r15/xqry.err	0	e3b0c44298fc1c149afbf4c8996fb92427ae41e4649b934ca495991b7852b855
W8_Q01_STRUCT_R1_r15/xretractor.log	989	5517b69ee246bcb36d0a1858bc894f19afc86630b5bad935e19f295a342147db
W8_Q01_STRUCT_r01/bp_coef.txt	69	99e4619a07797822c5afd34bf9cb88d9bff8f9cd808b0faa0667d07645f978c2
W8_Q01_STRUCT_r01/d_coef.txt	12	39c0f3bc6135e87acf72ebc0aa159dce329436665251fc2a9dc50d0625aa1c6c
W8_Q01_STRUCT_r01/e1_probe.csv	142900	ca4ca2b9864c2a624078f977e5f270aa6a0d8f86ec166bc18cd2b19de8672af9
W8_Q01_STRUCT_r01/process.txt	47	87dea7fb815ac398a9771ea30f013283d9a04492cb7279ad31cd399d134739de
W8_Q01_STRUCT_r01/query.rql	831	38489ea761fbe3a13b0f0d27280baa2f40a0df983d21567c122bcdbb0f69ef62
W8_Q01_STRUCT_r01/rec205	5200000	baf1f0c860fa35413d455aac56e04004389a5fa64f281a6e58e0b96e4af85ce9
W8_Q01_STRUCT_r01/study.toml	30	d29eeb760c73a10bf13d76141a3d21c7f3f05af9c805422619f6b07129f74ba3
W8_Q01_STRUCT_r01/xqry.err	0	e3b0c44298fc1c149afbf4c8996fb92427ae41e4649b934ca495991b7852b855
W8_Q01_STRUCT_r01/xretractor.log	989	83dd3abae6b2d5d5278c75dd33d965dcbfb07aee940687ae946734e0c9472af7
W8_Q01_STRUCT_r02/bp_coef.txt	69	99e4619a07797822c5afd34bf9cb88d9bff8f9cd808b0faa0667d07645f978c2
W8_Q01_STRUCT_r02/d_coef.txt	12	39c0f3bc6135e87acf72ebc0aa159dce329436665251fc2a9dc50d0625aa1c6c
W8_Q01_STRUCT_r02/e1_probe.csv	142676	88b3bdb6c5df462f0c847716b9f9d793685830377eed59a22dc5dcec17369f6f
W8_Q01_STRUCT_r02/process.txt	47	b4e416882be358ccd577f05b3ca0adacf2008a983b9baed631c64dfe2eefed97
W8_Q01_STRUCT_r02/query.rql	831	38489ea761fbe3a13b0f0d27280baa2f40a0df983d21567c122bcdbb0f69ef62
W8_Q01_STRUCT_r02/rec205	5200000	baf1f0c860fa35413d455aac56e04004389a5fa64f281a6e58e0b96e4af85ce9
W8_Q01_STRUCT_r02/study.toml	30	d29eeb760c73a10bf13d76141a3d21c7f3f05af9c805422619f6b07129f74ba3
W8_Q01_STRUCT_r02/xqry.err	0	e3b0c44298fc1c149afbf4c8996fb92427ae41e4649b934ca495991b7852b855
W8_Q01_STRUCT_r02/xretractor.log	989	3c775f5099fd5decf4bde7b0a4b7b7bf9eb6b907b111ffc9d3c4e18ce8fb6b52
W8_Q01_STRUCT_r03/bp_coef.txt	69	99e4619a07797822c5afd34bf9cb88d9bff8f9cd808b0faa0667d07645f978c2
W8_Q01_STRUCT_r03/d_coef.txt	12	39c0f3bc6135e87acf72ebc0aa159dce329436665251fc2a9dc50d0625aa1c6c
W8_Q01_STRUCT_r03/e1_probe.csv	142867	45b0173ff75032127c0aea97c2032b806d796afa9d9eaa50665596b05fa563a9
W8_Q01_STRUCT_r03/process.txt	47	97a4ec27c39f781f6cc4e415b2b843554aa3efa8a6f147245346d3e5355bfc5d
W8_Q01_STRUCT_r03/query.rql	831	38489ea761fbe3a13b0f0d27280baa2f40a0df983d21567c122bcdbb0f69ef62
W8_Q01_STRUCT_r03/rec205	5200000	baf1f0c860fa35413d455aac56e04004389a5fa64f281a6e58e0b96e4af85ce9
W8_Q01_STRUCT_r03/study.toml	30	d29eeb760c73a10bf13d76141a3d21c7f3f05af9c805422619f6b07129f74ba3
W8_Q01_STRUCT_r03/xqry.err	0	e3b0c44298fc1c149afbf4c8996fb92427ae41e4649b934ca495991b7852b855
W8_Q01_STRUCT_r03/xretractor.log	989	b30e97d49a2465d0658a7d4e00da2cb438489e8cff549dbb8c9c0ec2a039e1f7
W8_Q01_STRUCT_r04/bp_coef.txt	69	99e4619a07797822c5afd34bf9cb88d9bff8f9cd808b0faa0667d07645f978c2
W8_Q01_STRUCT_r04/d_coef.txt	12	39c0f3bc6135e87acf72ebc0aa159dce329436665251fc2a9dc50d0625aa1c6c
W8_Q01_STRUCT_r04/e1_probe.csv	142754	951c3a1bc73a4f77bb3dc12fcb40b684516c40b65c9100b322f1bf3c7002adfe
W8_Q01_STRUCT_r04/process.txt	47	b4e416882be358ccd577f05b3ca0adacf2008a983b9baed631c64dfe2eefed97
W8_Q01_STRUCT_r04/query.rql	831	38489ea761fbe3a13b0f0d27280baa2f40a0df983d21567c122bcdbb0f69ef62
W8_Q01_STRUCT_r04/rec205	5200000	baf1f0c860fa35413d455aac56e04004389a5fa64f281a6e58e0b96e4af85ce9
W8_Q01_STRUCT_r04/study.toml	30	d29eeb760c73a10bf13d76141a3d21c7f3f05af9c805422619f6b07129f74ba3
W8_Q01_STRUCT_r04/xqry.err	0	e3b0c44298fc1c149afbf4c8996fb92427ae41e4649b934ca495991b7852b855
W8_Q01_STRUCT_r04/xretractor.log	989	f61808182e4dfd415c5c30ae1975b54bfdd4ffad304fc1d9f2634bf737e46884
W8_Q01_STRUCT_r05/bp_coef.txt	69	99e4619a07797822c5afd34bf9cb88d9bff8f9cd808b0faa0667d07645f978c2
W8_Q01_STRUCT_r05/d_coef.txt	12	39c0f3bc6135e87acf72ebc0aa159dce329436665251fc2a9dc50d0625aa1c6c
W8_Q01_STRUCT_r05/e1_probe.csv	143087	5ada487035fd87b3d65c57f78a741caadb2e52b913c01e8c1d4242242cb03023
W8_Q01_STRUCT_r05/process.txt	47	90e43c62c4a076322b288a8de0dadfa0b20422c636f228336734fed2682eb9f4
W8_Q01_STRUCT_r05/query.rql	831	38489ea761fbe3a13b0f0d27280baa2f40a0df983d21567c122bcdbb0f69ef62
W8_Q01_STRUCT_r05/rec205	5200000	baf1f0c860fa35413d455aac56e04004389a5fa64f281a6e58e0b96e4af85ce9
W8_Q01_STRUCT_r05/study.toml	30	d29eeb760c73a10bf13d76141a3d21c7f3f05af9c805422619f6b07129f74ba3
W8_Q01_STRUCT_r05/xqry.err	0	e3b0c44298fc1c149afbf4c8996fb92427ae41e4649b934ca495991b7852b855
W8_Q01_STRUCT_r05/xretractor.log	989	689e4b5adfe416d0becb8e7fe7116ad8d9ac3798290f5b85d03a845b283c9112
W8_Q01_STRUCT_r06/bp_coef.txt	69	99e4619a07797822c5afd34bf9cb88d9bff8f9cd808b0faa0667d07645f978c2
W8_Q01_STRUCT_r06/d_coef.txt	12	39c0f3bc6135e87acf72ebc0aa159dce329436665251fc2a9dc50d0625aa1c6c
W8_Q01_STRUCT_r06/e1_probe.csv	142758	1c83a67b4b91dfd323f13cb3543358e127b023de71a8955b1957d4b98c053851
W8_Q01_STRUCT_r06/process.txt	47	9806d077fbd5ec4a39407cfe9717be1d59cc78ed1a2a3c2ef9740ff7b2dfe3ab
W8_Q01_STRUCT_r06/query.rql	831	38489ea761fbe3a13b0f0d27280baa2f40a0df983d21567c122bcdbb0f69ef62
W8_Q01_STRUCT_r06/rec205	5200000	baf1f0c860fa35413d455aac56e04004389a5fa64f281a6e58e0b96e4af85ce9
W8_Q01_STRUCT_r06/study.toml	30	d29eeb760c73a10bf13d76141a3d21c7f3f05af9c805422619f6b07129f74ba3
W8_Q01_STRUCT_r06/xqry.err	0	e3b0c44298fc1c149afbf4c8996fb92427ae41e4649b934ca495991b7852b855
W8_Q01_STRUCT_r06/xretractor.log	989	b2ac64a694b5ff1262bfddcfa41eac9731d3e2da0182526071c7394c33112e6a
W8_Q01_STRUCT_r07/bp_coef.txt	69	99e4619a07797822c5afd34bf9cb88d9bff8f9cd808b0faa0667d07645f978c2
W8_Q01_STRUCT_r07/d_coef.txt	12	39c0f3bc6135e87acf72ebc0aa159dce329436665251fc2a9dc50d0625aa1c6c
W8_Q01_STRUCT_r07/e1_probe.csv	142786	f2dc1307ff9822ca95c5d38ab57df1bf1e72a81f2a2de3660245fda89df5c41d
W8_Q01_STRUCT_r07/process.txt	47	96f6e86887818da7fd0a014de1ba24c002044de107c3dcdb551ebe395bc4e2c7
W8_Q01_STRUCT_r07/query.rql	831	38489ea761fbe3a13b0f0d27280baa2f40a0df983d21567c122bcdbb0f69ef62
W8_Q01_STRUCT_r07/rec205	5200000	baf1f0c860fa35413d455aac56e04004389a5fa64f281a6e58e0b96e4af85ce9
W8_Q01_STRUCT_r07/study.toml	30	d29eeb760c73a10bf13d76141a3d21c7f3f05af9c805422619f6b07129f74ba3
W8_Q01_STRUCT_r07/xqry.err	0	e3b0c44298fc1c149afbf4c8996fb92427ae41e4649b934ca495991b7852b855
W8_Q01_STRUCT_r07/xretractor.log	989	2c6b7eb1a6714821d519e193902c13cf3dd12f8f2ba100c9b3721c49dbe53232
W8_Q01_STRUCT_r08/bp_coef.txt	69	99e4619a07797822c5afd34bf9cb88d9bff8f9cd808b0faa0667d07645f978c2
W8_Q01_STRUCT_r08/d_coef.txt	12	39c0f3bc6135e87acf72ebc0aa159dce329436665251fc2a9dc50d0625aa1c6c
W8_Q01_STRUCT_r08/e1_probe.csv	142629	58808faf3db508632e18a2ab1eaa2783d1b44f28e48dec95dfe65f2d1bb5a07b
W8_Q01_STRUCT_r08/process.txt	47	0ee686d7b53b54f1403f78011b0761b78241fd9d7f349b19b519e177b2c6a110
W8_Q01_STRUCT_r08/query.rql	831	38489ea761fbe3a13b0f0d27280baa2f40a0df983d21567c122bcdbb0f69ef62
W8_Q01_STRUCT_r08/rec205	5200000	baf1f0c860fa35413d455aac56e04004389a5fa64f281a6e58e0b96e4af85ce9
W8_Q01_STRUCT_r08/study.toml	30	d29eeb760c73a10bf13d76141a3d21c7f3f05af9c805422619f6b07129f74ba3
W8_Q01_STRUCT_r08/xqry.err	0	e3b0c44298fc1c149afbf4c8996fb92427ae41e4649b934ca495991b7852b855
W8_Q01_STRUCT_r08/xretractor.log	989	fc6cdba7b376618939545d274d7384ffa5685a032fe426ccdc7571d6e8c39b9c
W8_Q01_STRUCT_r09/bp_coef.txt	69	99e4619a07797822c5afd34bf9cb88d9bff8f9cd808b0faa0667d07645f978c2
W8_Q01_STRUCT_r09/d_coef.txt	12	39c0f3bc6135e87acf72ebc0aa159dce329436665251fc2a9dc50d0625aa1c6c
W8_Q01_STRUCT_r09/e1_probe.csv	143333	5ad182b7bc15188569492f90ccc7644ae7856eb8c1c98d470ded5aa4d633e198
W8_Q01_STRUCT_r09/process.txt	47	8910aee8a09a11ecad6c340cbbd16a9e265312360090315a7243bcbce946f161
W8_Q01_STRUCT_r09/query.rql	831	38489ea761fbe3a13b0f0d27280baa2f40a0df983d21567c122bcdbb0f69ef62
W8_Q01_STRUCT_r09/rec205	5200000	baf1f0c860fa35413d455aac56e04004389a5fa64f281a6e58e0b96e4af85ce9
W8_Q01_STRUCT_r09/study.toml	30	d29eeb760c73a10bf13d76141a3d21c7f3f05af9c805422619f6b07129f74ba3
W8_Q01_STRUCT_r09/xqry.err	0	e3b0c44298fc1c149afbf4c8996fb92427ae41e4649b934ca495991b7852b855
W8_Q01_STRUCT_r09/xretractor.log	989	459694172118983255dba069e75c70f2ae30e04f7c6eb15c4ee209247b6fd745
W8_Q01_STRUCT_r10/bp_coef.txt	69	99e4619a07797822c5afd34bf9cb88d9bff8f9cd808b0faa0667d07645f978c2
W8_Q01_STRUCT_r10/d_coef.txt	12	39c0f3bc6135e87acf72ebc0aa159dce329436665251fc2a9dc50d0625aa1c6c
W8_Q01_STRUCT_r10/e1_probe.csv	142692	482cee516610bf8709e11fac7dd24610126a64c0110f854c62eefef084da1043
W8_Q01_STRUCT_r10/process.txt	47	fb2982ea0f4989a68ed7db26bf2793bd14ae9d3dc5e6234575673fa7818529f1
W8_Q01_STRUCT_r10/query.rql	831	38489ea761fbe3a13b0f0d27280baa2f40a0df983d21567c122bcdbb0f69ef62
W8_Q01_STRUCT_r10/rec205	5200000	baf1f0c860fa35413d455aac56e04004389a5fa64f281a6e58e0b96e4af85ce9
W8_Q01_STRUCT_r10/study.toml	30	d29eeb760c73a10bf13d76141a3d21c7f3f05af9c805422619f6b07129f74ba3
W8_Q01_STRUCT_r10/xqry.err	0	e3b0c44298fc1c149afbf4c8996fb92427ae41e4649b934ca495991b7852b855
W8_Q01_STRUCT_r10/xretractor.log	988	5444e724742dcc5813802a0cecdc49435d2766f25235fce49e83428dd36e8a98
W8_Q01_STRUCT_r11/bp_coef.txt	69	99e4619a07797822c5afd34bf9cb88d9bff8f9cd808b0faa0667d07645f978c2
W8_Q01_STRUCT_r11/d_coef.txt	12	39c0f3bc6135e87acf72ebc0aa159dce329436665251fc2a9dc50d0625aa1c6c
W8_Q01_STRUCT_r11/e1_probe.csv	142863	988f90f82a7076bf65d03d4396fd181a9af4f96924fc02e8c23177a0aaaf3c3d
W8_Q01_STRUCT_r11/process.txt	47	cf8a58bdb06c1d5bd2e37e2811b85b29b696b3e462934f2edbd86af51ddeccc8
W8_Q01_STRUCT_r11/query.rql	831	38489ea761fbe3a13b0f0d27280baa2f40a0df983d21567c122bcdbb0f69ef62
W8_Q01_STRUCT_r11/rec205	5200000	baf1f0c860fa35413d455aac56e04004389a5fa64f281a6e58e0b96e4af85ce9
W8_Q01_STRUCT_r11/study.toml	30	d29eeb760c73a10bf13d76141a3d21c7f3f05af9c805422619f6b07129f74ba3
W8_Q01_STRUCT_r11/xqry.err	0	e3b0c44298fc1c149afbf4c8996fb92427ae41e4649b934ca495991b7852b855
W8_Q01_STRUCT_r11/xretractor.log	989	874fb4d59876d606bbcef69f5a2f2b0737980f0d94914e15504f22e9ad36c4af
W8_Q01_STRUCT_r12/bp_coef.txt	69	99e4619a07797822c5afd34bf9cb88d9bff8f9cd808b0faa0667d07645f978c2
W8_Q01_STRUCT_r12/d_coef.txt	12	39c0f3bc6135e87acf72ebc0aa159dce329436665251fc2a9dc50d0625aa1c6c
W8_Q01_STRUCT_r12/e1_probe.csv	142781	b6baa494441c0401f2c4de01fde2481a8a2aa5994307c8bcea64efa9bd4733b3
W8_Q01_STRUCT_r12/process.txt	47	3a5bc38f3ac3cf49c7839f5f591b763ee6ce81344a273113b8d10802b6af0c21
W8_Q01_STRUCT_r12/query.rql	831	38489ea761fbe3a13b0f0d27280baa2f40a0df983d21567c122bcdbb0f69ef62
W8_Q01_STRUCT_r12/rec205	5200000	baf1f0c860fa35413d455aac56e04004389a5fa64f281a6e58e0b96e4af85ce9
W8_Q01_STRUCT_r12/study.toml	30	d29eeb760c73a10bf13d76141a3d21c7f3f05af9c805422619f6b07129f74ba3
W8_Q01_STRUCT_r12/xqry.err	0	e3b0c44298fc1c149afbf4c8996fb92427ae41e4649b934ca495991b7852b855
W8_Q01_STRUCT_r12/xretractor.log	989	c2bf1acb40a831907b3fedf5e1f6b6c20e693315c729b36e972f3e9c246abcd9
W8_Q01_STRUCT_r13/bp_coef.txt	69	99e4619a07797822c5afd34bf9cb88d9bff8f9cd808b0faa0667d07645f978c2
W8_Q01_STRUCT_r13/d_coef.txt	12	39c0f3bc6135e87acf72ebc0aa159dce329436665251fc2a9dc50d0625aa1c6c
W8_Q01_STRUCT_r13/e1_probe.csv	142830	eb6aa062ed104381669f07772b69defbcb450bc9f8cb8d0863444588ead8a6b2
W8_Q01_STRUCT_r13/process.txt	47	a048c7752c2e92ea2dbbf2eb3c637b7f3d2ded417471130ec1e1bd400dff2950
W8_Q01_STRUCT_r13/query.rql	831	38489ea761fbe3a13b0f0d27280baa2f40a0df983d21567c122bcdbb0f69ef62
W8_Q01_STRUCT_r13/rec205	5200000	baf1f0c860fa35413d455aac56e04004389a5fa64f281a6e58e0b96e4af85ce9
W8_Q01_STRUCT_r13/study.toml	30	d29eeb760c73a10bf13d76141a3d21c7f3f05af9c805422619f6b07129f74ba3
W8_Q01_STRUCT_r13/xqry.err	0	e3b0c44298fc1c149afbf4c8996fb92427ae41e4649b934ca495991b7852b855
W8_Q01_STRUCT_r13/xretractor.log	989	b057535a78542722f7bb5b04d6a595b7012b3e19608aa2d10618ce751786ff97
W8_Q01_STRUCT_r14/bp_coef.txt	69	99e4619a07797822c5afd34bf9cb88d9bff8f9cd808b0faa0667d07645f978c2
W8_Q01_STRUCT_r14/d_coef.txt	12	39c0f3bc6135e87acf72ebc0aa159dce329436665251fc2a9dc50d0625aa1c6c
W8_Q01_STRUCT_r14/e1_probe.csv	142702	07cfe1d7916c9cc8a62a88e4ed79d5c44b0e661a7fd2d7431e995e5c963f0642
W8_Q01_STRUCT_r14/process.txt	47	0b6fcbc6a8238e687151c064a74ed6799105de44d3c1569eebeded41345a4150
W8_Q01_STRUCT_r14/query.rql	831	38489ea761fbe3a13b0f0d27280baa2f40a0df983d21567c122bcdbb0f69ef62
W8_Q01_STRUCT_r14/rec205	5200000	baf1f0c860fa35413d455aac56e04004389a5fa64f281a6e58e0b96e4af85ce9
W8_Q01_STRUCT_r14/study.toml	30	d29eeb760c73a10bf13d76141a3d21c7f3f05af9c805422619f6b07129f74ba3
W8_Q01_STRUCT_r14/xqry.err	0	e3b0c44298fc1c149afbf4c8996fb92427ae41e4649b934ca495991b7852b855
W8_Q01_STRUCT_r14/xretractor.log	989	7f0bc2edab9e7f94be92d1beb6ebf6a1b79d8b3ec7f5ab215cb4e54a8a895726
W8_Q01_STRUCT_r15/bp_coef.txt	69	99e4619a07797822c5afd34bf9cb88d9bff8f9cd808b0faa0667d07645f978c2
W8_Q01_STRUCT_r15/d_coef.txt	12	39c0f3bc6135e87acf72ebc0aa159dce329436665251fc2a9dc50d0625aa1c6c
W8_Q01_STRUCT_r15/e1_probe.csv	142688	b03da3df52383355db20c64286dd5f333d155b590a1163aeaee79fcc04927d3b
W8_Q01_STRUCT_r15/process.txt	47	3a5bc38f3ac3cf49c7839f5f591b763ee6ce81344a273113b8d10802b6af0c21
W8_Q01_STRUCT_r15/query.rql	831	38489ea761fbe3a13b0f0d27280baa2f40a0df983d21567c122bcdbb0f69ef62
W8_Q01_STRUCT_r15/rec205	5200000	baf1f0c860fa35413d455aac56e04004389a5fa64f281a6e58e0b96e4af85ce9
W8_Q01_STRUCT_r15/study.toml	30	d29eeb760c73a10bf13d76141a3d21c7f3f05af9c805422619f6b07129f74ba3
W8_Q01_STRUCT_r15/xqry.err	0	e3b0c44298fc1c149afbf4c8996fb92427ae41e4649b934ca495991b7852b855
W8_Q01_STRUCT_r15/xretractor.log	989	a79b13baad7b8604c8d7821c0cab62bdd941a9650183bde8e353981b71aba5df
W8_Q08_ALGSTRUCT_r01/bp_coef.txt	69	99e4619a07797822c5afd34bf9cb88d9bff8f9cd808b0faa0667d07645f978c2
W8_Q08_ALGSTRUCT_r01/d_coef.txt	12	39c0f3bc6135e87acf72ebc0aa159dce329436665251fc2a9dc50d0625aa1c6c
W8_Q08_ALGSTRUCT_r01/e1_probe.csv	152617	17c7f15d3552f1aebadc82247d5b13dcca237828592db8fcc11f52725ff78faf
W8_Q08_ALGSTRUCT_r01/process.txt	47	0e850691d6e8140620ef2eeca97fbbeab7cd8ebf6a9f4628d38aee41de420f6f
W8_Q08_ALGSTRUCT_r01/query.rql	1167	6b5c4b5a679cb9e98ca36907fc7615381a8b7917ed6aae9dad24862122490bb6
W8_Q08_ALGSTRUCT_r01/rec205	5200000	baf1f0c860fa35413d455aac56e04004389a5fa64f281a6e58e0b96e4af85ce9
W8_Q08_ALGSTRUCT_r01/study.toml	30	d29eeb760c73a10bf13d76141a3d21c7f3f05af9c805422619f6b07129f74ba3
W8_Q08_ALGSTRUCT_r01/xqry.err	0	e3b0c44298fc1c149afbf4c8996fb92427ae41e4649b934ca495991b7852b855
W8_Q08_ALGSTRUCT_r01/xretractor.log	991	ba23258320953b606bc237484d85609b9d519df018e4f3d1cdbb2611b9783755
W8_Q08_ALGSTRUCT_r02/bp_coef.txt	69	99e4619a07797822c5afd34bf9cb88d9bff8f9cd808b0faa0667d07645f978c2
W8_Q08_ALGSTRUCT_r02/d_coef.txt	12	39c0f3bc6135e87acf72ebc0aa159dce329436665251fc2a9dc50d0625aa1c6c
W8_Q08_ALGSTRUCT_r02/e1_probe.csv	152602	5fe6694cb64deaeda8526ab3dd460b2f23675cec546137f9b1083f587212e9bd
W8_Q08_ALGSTRUCT_r02/process.txt	47	78f5f9a2d07aa8d1296d859c5c8e2ade5dbe53739f155499237266c1685974b5
W8_Q08_ALGSTRUCT_r02/query.rql	1167	6b5c4b5a679cb9e98ca36907fc7615381a8b7917ed6aae9dad24862122490bb6
W8_Q08_ALGSTRUCT_r02/rec205	5200000	baf1f0c860fa35413d455aac56e04004389a5fa64f281a6e58e0b96e4af85ce9
W8_Q08_ALGSTRUCT_r02/study.toml	30	d29eeb760c73a10bf13d76141a3d21c7f3f05af9c805422619f6b07129f74ba3
W8_Q08_ALGSTRUCT_r02/xqry.err	0	e3b0c44298fc1c149afbf4c8996fb92427ae41e4649b934ca495991b7852b855
W8_Q08_ALGSTRUCT_r02/xretractor.log	991	e271a6f1c8dcf08821740a1e50cc872c7abffa799b3c55df2e5e4b366031d504
W8_Q08_ALGSTRUCT_r03/bp_coef.txt	69	99e4619a07797822c5afd34bf9cb88d9bff8f9cd808b0faa0667d07645f978c2
W8_Q08_ALGSTRUCT_r03/d_coef.txt	12	39c0f3bc6135e87acf72ebc0aa159dce329436665251fc2a9dc50d0625aa1c6c
W8_Q08_ALGSTRUCT_r03/e1_probe.csv	152525	9f1a4223e2113dc97df7903be9d994b414d14ca4a7b37259401d0c716a89807b
W8_Q08_ALGSTRUCT_r03/process.txt	47	f1961f7323e2b51d636f5472afaf250513695b804aa5f05f9b54e1c875d6597d
W8_Q08_ALGSTRUCT_r03/query.rql	1167	6b5c4b5a679cb9e98ca36907fc7615381a8b7917ed6aae9dad24862122490bb6
W8_Q08_ALGSTRUCT_r03/rec205	5200000	baf1f0c860fa35413d455aac56e04004389a5fa64f281a6e58e0b96e4af85ce9
W8_Q08_ALGSTRUCT_r03/study.toml	30	d29eeb760c73a10bf13d76141a3d21c7f3f05af9c805422619f6b07129f74ba3
W8_Q08_ALGSTRUCT_r03/xqry.err	0	e3b0c44298fc1c149afbf4c8996fb92427ae41e4649b934ca495991b7852b855
W8_Q08_ALGSTRUCT_r03/xretractor.log	991	d7d458cfd60b3963780797fd2b5d087cb6047ae1b935ff9b60659f807fe7d4e0
W8_Q08_ALGSTRUCT_r04/bp_coef.txt	69	99e4619a07797822c5afd34bf9cb88d9bff8f9cd808b0faa0667d07645f978c2
W8_Q08_ALGSTRUCT_r04/d_coef.txt	12	39c0f3bc6135e87acf72ebc0aa159dce329436665251fc2a9dc50d0625aa1c6c
W8_Q08_ALGSTRUCT_r04/e1_probe.csv	152659	e7c07f9a01e5cfd08d5c92c91a0ce6f81f3412e7b671ef82f5bf4a19968203e1
W8_Q08_ALGSTRUCT_r04/process.txt	47	2c757971b88840e4fb800d4d25dc4f2cef90aecf9d68c7b497d8c036308e09b8
W8_Q08_ALGSTRUCT_r04/query.rql	1167	6b5c4b5a679cb9e98ca36907fc7615381a8b7917ed6aae9dad24862122490bb6
W8_Q08_ALGSTRUCT_r04/rec205	5200000	baf1f0c860fa35413d455aac56e04004389a5fa64f281a6e58e0b96e4af85ce9
W8_Q08_ALGSTRUCT_r04/study.toml	30	d29eeb760c73a10bf13d76141a3d21c7f3f05af9c805422619f6b07129f74ba3
W8_Q08_ALGSTRUCT_r04/xqry.err	0	e3b0c44298fc1c149afbf4c8996fb92427ae41e4649b934ca495991b7852b855
W8_Q08_ALGSTRUCT_r04/xretractor.log	991	617717ef4cab648441b5c719be9e004e6dc48f2e90465f99c3ce27f982bd7271
W8_Q08_ALGSTRUCT_r05/bp_coef.txt	69	99e4619a07797822c5afd34bf9cb88d9bff8f9cd808b0faa0667d07645f978c2
W8_Q08_ALGSTRUCT_r05/d_coef.txt	12	39c0f3bc6135e87acf72ebc0aa159dce329436665251fc2a9dc50d0625aa1c6c
W8_Q08_ALGSTRUCT_r05/e1_probe.csv	152463	c3fef56baeb535a10b6b6467bf9f3b3fcc44041ff9967e009c727c4d59a1f032
W8_Q08_ALGSTRUCT_r05/process.txt	47	e39d706a285b0df26ac21374ed0c5122d805c190529b0299392aec2fefaf1eb5
W8_Q08_ALGSTRUCT_r05/query.rql	1167	6b5c4b5a679cb9e98ca36907fc7615381a8b7917ed6aae9dad24862122490bb6
W8_Q08_ALGSTRUCT_r05/rec205	5200000	baf1f0c860fa35413d455aac56e04004389a5fa64f281a6e58e0b96e4af85ce9
W8_Q08_ALGSTRUCT_r05/study.toml	30	d29eeb760c73a10bf13d76141a3d21c7f3f05af9c805422619f6b07129f74ba3
W8_Q08_ALGSTRUCT_r05/xqry.err	0	e3b0c44298fc1c149afbf4c8996fb92427ae41e4649b934ca495991b7852b855
W8_Q08_ALGSTRUCT_r05/xretractor.log	991	619c8f5a1a73ab49c30eb609118cc0f234ddf72478539833ed4f0486a3478f45
W8_Q08_ALGSTRUCT_r06/bp_coef.txt	69	99e4619a07797822c5afd34bf9cb88d9bff8f9cd808b0faa0667d07645f978c2
W8_Q08_ALGSTRUCT_r06/d_coef.txt	12	39c0f3bc6135e87acf72ebc0aa159dce329436665251fc2a9dc50d0625aa1c6c
W8_Q08_ALGSTRUCT_r06/e1_probe.csv	152464	c672ac665bf47edb36af90cc33a65fc87d7bf8a911cd65e7e221b34a80321d0b
W8_Q08_ALGSTRUCT_r06/process.txt	47	f1961f7323e2b51d636f5472afaf250513695b804aa5f05f9b54e1c875d6597d
W8_Q08_ALGSTRUCT_r06/query.rql	1167	6b5c4b5a679cb9e98ca36907fc7615381a8b7917ed6aae9dad24862122490bb6
W8_Q08_ALGSTRUCT_r06/rec205	5200000	baf1f0c860fa35413d455aac56e04004389a5fa64f281a6e58e0b96e4af85ce9
W8_Q08_ALGSTRUCT_r06/study.toml	30	d29eeb760c73a10bf13d76141a3d21c7f3f05af9c805422619f6b07129f74ba3
W8_Q08_ALGSTRUCT_r06/xqry.err	0	e3b0c44298fc1c149afbf4c8996fb92427ae41e4649b934ca495991b7852b855
W8_Q08_ALGSTRUCT_r06/xretractor.log	991	b7bd98b77a70336243f0c10f66df6555c87098619f2579d7426f64cc6e043f08
W8_Q08_ALGSTRUCT_r07/bp_coef.txt	69	99e4619a07797822c5afd34bf9cb88d9bff8f9cd808b0faa0667d07645f978c2
W8_Q08_ALGSTRUCT_r07/d_coef.txt	12	39c0f3bc6135e87acf72ebc0aa159dce329436665251fc2a9dc50d0625aa1c6c
W8_Q08_ALGSTRUCT_r07/e1_probe.csv	152556	98695ed425f5c8c277252c75cfc49dbc6c1db1d040c1a8c38d6db039e66bb089
W8_Q08_ALGSTRUCT_r07/process.txt	47	65268913871a5e2f87bf736b56eb1a8674585f72670c873435ace63c8855c13b
W8_Q08_ALGSTRUCT_r07/query.rql	1167	6b5c4b5a679cb9e98ca36907fc7615381a8b7917ed6aae9dad24862122490bb6
W8_Q08_ALGSTRUCT_r07/rec205	5200000	baf1f0c860fa35413d455aac56e04004389a5fa64f281a6e58e0b96e4af85ce9
W8_Q08_ALGSTRUCT_r07/study.toml	30	d29eeb760c73a10bf13d76141a3d21c7f3f05af9c805422619f6b07129f74ba3
W8_Q08_ALGSTRUCT_r07/xqry.err	0	e3b0c44298fc1c149afbf4c8996fb92427ae41e4649b934ca495991b7852b855
W8_Q08_ALGSTRUCT_r07/xretractor.log	991	3a20ed6c52955ad1c47d2f0da6c67d51b553fc7f3fb07fb069ce071468ff1c7b
W8_Q08_ALGSTRUCT_r08/bp_coef.txt	69	99e4619a07797822c5afd34bf9cb88d9bff8f9cd808b0faa0667d07645f978c2
W8_Q08_ALGSTRUCT_r08/d_coef.txt	12	39c0f3bc6135e87acf72ebc0aa159dce329436665251fc2a9dc50d0625aa1c6c
W8_Q08_ALGSTRUCT_r08/e1_probe.csv	152701	69abe395666ecb10d72603960cb0057b5f2b86b97ad94b27c18974b569afc1a0
W8_Q08_ALGSTRUCT_r08/process.txt	47	0c344558dc709efc869a92102673293fbe72319d77a07d19c6d62021ecf7c793
W8_Q08_ALGSTRUCT_r08/query.rql	1167	6b5c4b5a679cb9e98ca36907fc7615381a8b7917ed6aae9dad24862122490bb6
W8_Q08_ALGSTRUCT_r08/rec205	5200000	baf1f0c860fa35413d455aac56e04004389a5fa64f281a6e58e0b96e4af85ce9
W8_Q08_ALGSTRUCT_r08/study.toml	30	d29eeb760c73a10bf13d76141a3d21c7f3f05af9c805422619f6b07129f74ba3
W8_Q08_ALGSTRUCT_r08/xqry.err	0	e3b0c44298fc1c149afbf4c8996fb92427ae41e4649b934ca495991b7852b855
W8_Q08_ALGSTRUCT_r08/xretractor.log	991	7a66ee6749ace15e47ffc3cac0606fa4066bde2b1db534364fd0ae8765f58903
W8_Q08_ALGSTRUCT_r09/bp_coef.txt	69	99e4619a07797822c5afd34bf9cb88d9bff8f9cd808b0faa0667d07645f978c2
W8_Q08_ALGSTRUCT_r09/d_coef.txt	12	39c0f3bc6135e87acf72ebc0aa159dce329436665251fc2a9dc50d0625aa1c6c
W8_Q08_ALGSTRUCT_r09/e1_probe.csv	152309	7d9f76f359057863898a16fd2125391ab71627c1ec7a0597ed90caf4dcb72ab6
W8_Q08_ALGSTRUCT_r09/process.txt	47	df1fb3ba084d95b51f38e8ec6af1443c52a5d9124dbdd4f34236e948d12be9d1
W8_Q08_ALGSTRUCT_r09/query.rql	1167	6b5c4b5a679cb9e98ca36907fc7615381a8b7917ed6aae9dad24862122490bb6
W8_Q08_ALGSTRUCT_r09/rec205	5200000	baf1f0c860fa35413d455aac56e04004389a5fa64f281a6e58e0b96e4af85ce9
W8_Q08_ALGSTRUCT_r09/study.toml	30	d29eeb760c73a10bf13d76141a3d21c7f3f05af9c805422619f6b07129f74ba3
W8_Q08_ALGSTRUCT_r09/xqry.err	0	e3b0c44298fc1c149afbf4c8996fb92427ae41e4649b934ca495991b7852b855
W8_Q08_ALGSTRUCT_r09/xretractor.log	991	43117fedecc1a60250248be828bad60261cac16d29bb0abab8e5a52a88bd0c32
W8_Q08_ALGSTRUCT_r10/bp_coef.txt	69	99e4619a07797822c5afd34bf9cb88d9bff8f9cd808b0faa0667d07645f978c2
W8_Q08_ALGSTRUCT_r10/d_coef.txt	12	39c0f3bc6135e87acf72ebc0aa159dce329436665251fc2a9dc50d0625aa1c6c
W8_Q08_ALGSTRUCT_r10/e1_probe.csv	152429	5e6344421a8db7359c60ef391e5321b5d430ae1bdf951123c150c9a04267a087
W8_Q08_ALGSTRUCT_r10/process.txt	47	fa3c4e939797453e083e29404d6afb99be192c138e66069ca11db637d3a92c25
W8_Q08_ALGSTRUCT_r10/query.rql	1167	6b5c4b5a679cb9e98ca36907fc7615381a8b7917ed6aae9dad24862122490bb6
W8_Q08_ALGSTRUCT_r10/rec205	5200000	baf1f0c860fa35413d455aac56e04004389a5fa64f281a6e58e0b96e4af85ce9
W8_Q08_ALGSTRUCT_r10/study.toml	30	d29eeb760c73a10bf13d76141a3d21c7f3f05af9c805422619f6b07129f74ba3
W8_Q08_ALGSTRUCT_r10/xqry.err	0	e3b0c44298fc1c149afbf4c8996fb92427ae41e4649b934ca495991b7852b855
W8_Q08_ALGSTRUCT_r10/xretractor.log	991	2bd81ecc40b518b462b2a0bde55406cb66d6ca0d765c455609815b5b9801ad18
W8_Q08_ALGSTRUCT_r11/bp_coef.txt	69	99e4619a07797822c5afd34bf9cb88d9bff8f9cd808b0faa0667d07645f978c2
W8_Q08_ALGSTRUCT_r11/d_coef.txt	12	39c0f3bc6135e87acf72ebc0aa159dce329436665251fc2a9dc50d0625aa1c6c
W8_Q08_ALGSTRUCT_r11/e1_probe.csv	152570	e043dea7ae13f16a3ee5b6113aaae032a6f2a234ccb053b86823eef186d9dd96
W8_Q08_ALGSTRUCT_r11/process.txt	47	70d412683268d1e340b7ca1e4060afa1cd1f77b78bc34525fe3f8c7976d737ff
W8_Q08_ALGSTRUCT_r11/query.rql	1167	6b5c4b5a679cb9e98ca36907fc7615381a8b7917ed6aae9dad24862122490bb6
W8_Q08_ALGSTRUCT_r11/rec205	5200000	baf1f0c860fa35413d455aac56e04004389a5fa64f281a6e58e0b96e4af85ce9
W8_Q08_ALGSTRUCT_r11/study.toml	30	d29eeb760c73a10bf13d76141a3d21c7f3f05af9c805422619f6b07129f74ba3
W8_Q08_ALGSTRUCT_r11/xqry.err	0	e3b0c44298fc1c149afbf4c8996fb92427ae41e4649b934ca495991b7852b855
W8_Q08_ALGSTRUCT_r11/xretractor.log	991	3f8204c8c5ae026098640946e63827f6f0f85a71cc466d8c0ab0bffdefa6d4df
W8_Q08_ALGSTRUCT_r12/bp_coef.txt	69	99e4619a07797822c5afd34bf9cb88d9bff8f9cd808b0faa0667d07645f978c2
W8_Q08_ALGSTRUCT_r12/d_coef.txt	12	39c0f3bc6135e87acf72ebc0aa159dce329436665251fc2a9dc50d0625aa1c6c
W8_Q08_ALGSTRUCT_r12/e1_probe.csv	152585	f4b2821e2eee928d6f574753c965727935fec28e8a4b26eddee9b4b986ae54e7
W8_Q08_ALGSTRUCT_r12/process.txt	47	ed20d6e5939afb11c218ea594b5842b1454c37b79e32917e631b61e70c4aa41d
W8_Q08_ALGSTRUCT_r12/query.rql	1167	6b5c4b5a679cb9e98ca36907fc7615381a8b7917ed6aae9dad24862122490bb6
W8_Q08_ALGSTRUCT_r12/rec205	5200000	baf1f0c860fa35413d455aac56e04004389a5fa64f281a6e58e0b96e4af85ce9
W8_Q08_ALGSTRUCT_r12/study.toml	30	d29eeb760c73a10bf13d76141a3d21c7f3f05af9c805422619f6b07129f74ba3
W8_Q08_ALGSTRUCT_r12/xqry.err	0	e3b0c44298fc1c149afbf4c8996fb92427ae41e4649b934ca495991b7852b855
W8_Q08_ALGSTRUCT_r12/xretractor.log	991	4ed2e4f9c1c210427dbcef9b935d5a4468796204d307d73cb62de7604dbe0e87
W8_Q08_ALGSTRUCT_r13/bp_coef.txt	69	99e4619a07797822c5afd34bf9cb88d9bff8f9cd808b0faa0667d07645f978c2
W8_Q08_ALGSTRUCT_r13/d_coef.txt	12	39c0f3bc6135e87acf72ebc0aa159dce329436665251fc2a9dc50d0625aa1c6c
W8_Q08_ALGSTRUCT_r13/e1_probe.csv	152588	d6ff46cef80d348fd8599080cb365d51cefe69654788a7d4ba422cc9d95545de
W8_Q08_ALGSTRUCT_r13/process.txt	47	787cce77f57df1c49d34e0a188a39530ab2addc4e2fac729a5d9161699066ef3
W8_Q08_ALGSTRUCT_r13/query.rql	1167	6b5c4b5a679cb9e98ca36907fc7615381a8b7917ed6aae9dad24862122490bb6
W8_Q08_ALGSTRUCT_r13/rec205	5200000	baf1f0c860fa35413d455aac56e04004389a5fa64f281a6e58e0b96e4af85ce9
W8_Q08_ALGSTRUCT_r13/study.toml	30	d29eeb760c73a10bf13d76141a3d21c7f3f05af9c805422619f6b07129f74ba3
W8_Q08_ALGSTRUCT_r13/xqry.err	0	e3b0c44298fc1c149afbf4c8996fb92427ae41e4649b934ca495991b7852b855
W8_Q08_ALGSTRUCT_r13/xretractor.log	991	bf7f42ca3a08141be51912b602279bf8846ed71a1d12b7967c8a0767ad1ab512
W8_Q08_ALGSTRUCT_r14/bp_coef.txt	69	99e4619a07797822c5afd34bf9cb88d9bff8f9cd808b0faa0667d07645f978c2
W8_Q08_ALGSTRUCT_r14/d_coef.txt	12	39c0f3bc6135e87acf72ebc0aa159dce329436665251fc2a9dc50d0625aa1c6c
W8_Q08_ALGSTRUCT_r14/e1_probe.csv	152390	44e18de9267ba1368c51391ce47b15277b7133e3f750515f2c00a97cc9d06ca5
W8_Q08_ALGSTRUCT_r14/process.txt	47	dfe2a9875cf5789b7f2f73a1f6bc537ae896251998eaf47fabb02df3f2f5a958
W8_Q08_ALGSTRUCT_r14/query.rql	1167	6b5c4b5a679cb9e98ca36907fc7615381a8b7917ed6aae9dad24862122490bb6
W8_Q08_ALGSTRUCT_r14/rec205	5200000	baf1f0c860fa35413d455aac56e04004389a5fa64f281a6e58e0b96e4af85ce9
W8_Q08_ALGSTRUCT_r14/study.toml	30	d29eeb760c73a10bf13d76141a3d21c7f3f05af9c805422619f6b07129f74ba3
W8_Q08_ALGSTRUCT_r14/xqry.err	0	e3b0c44298fc1c149afbf4c8996fb92427ae41e4649b934ca495991b7852b855
W8_Q08_ALGSTRUCT_r14/xretractor.log	991	2923b19a2b309d890e2f34ca16ef52658325b2132cf3ca1cf3ff110411aaa9ba
W8_Q08_ALGSTRUCT_r15/bp_coef.txt	69	99e4619a07797822c5afd34bf9cb88d9bff8f9cd808b0faa0667d07645f978c2
W8_Q08_ALGSTRUCT_r15/d_coef.txt	12	39c0f3bc6135e87acf72ebc0aa159dce329436665251fc2a9dc50d0625aa1c6c
W8_Q08_ALGSTRUCT_r15/e1_probe.csv	152378	506ad15aa32363094a54417420297087bfae93698b7ce425d21ab7a530fcceb6
W8_Q08_ALGSTRUCT_r15/process.txt	47	6b954b2034a3bb8173ddd080691a98f46955e7d3b2852a8ef3c768a25587070e
W8_Q08_ALGSTRUCT_r15/query.rql	1167	6b5c4b5a679cb9e98ca36907fc7615381a8b7917ed6aae9dad24862122490bb6
W8_Q08_ALGSTRUCT_r15/rec205	5200000	baf1f0c860fa35413d455aac56e04004389a5fa64f281a6e58e0b96e4af85ce9
W8_Q08_ALGSTRUCT_r15/study.toml	30	d29eeb760c73a10bf13d76141a3d21c7f3f05af9c805422619f6b07129f74ba3
W8_Q08_ALGSTRUCT_r15/xqry.err	0	e3b0c44298fc1c149afbf4c8996fb92427ae41e4649b934ca495991b7852b855
W8_Q08_ALGSTRUCT_r15/xretractor.log	991	ea5597b6671209aea33a8c861fc9279a42a1159dac859914fdacd526a9188f7c
W8_Q08_OFF_r01/bp_coef.txt	69	99e4619a07797822c5afd34bf9cb88d9bff8f9cd808b0faa0667d07645f978c2
W8_Q08_OFF_r01/d_coef.txt	12	39c0f3bc6135e87acf72ebc0aa159dce329436665251fc2a9dc50d0625aa1c6c
W8_Q08_OFF_r01/e1_probe.csv	152635	ec61be5d2af686abd0f461ed84a37cd30320c6a1d885fdf0e80703bf7b6dc9b7
W8_Q08_OFF_r01/process.txt	47	1472c0f236896e0eeaed1ee1abc956256a10ed3f276170c1e9038bd0f146d0ee
W8_Q08_OFF_r01/query.rql	1167	6b5c4b5a679cb9e98ca36907fc7615381a8b7917ed6aae9dad24862122490bb6
W8_Q08_OFF_r01/rec205	5200000	baf1f0c860fa35413d455aac56e04004389a5fa64f281a6e58e0b96e4af85ce9
W8_Q08_OFF_r01/study.toml	30	d29eeb760c73a10bf13d76141a3d21c7f3f05af9c805422619f6b07129f74ba3
W8_Q08_OFF_r01/xqry.err	0	e3b0c44298fc1c149afbf4c8996fb92427ae41e4649b934ca495991b7852b855
W8_Q08_OFF_r01/xretractor.log	992	7d61dc059ad5015e741c3dcc1c1e387af3e297dde5c811360f6095a13b5c91bf
W8_Q08_OFF_r02/bp_coef.txt	69	99e4619a07797822c5afd34bf9cb88d9bff8f9cd808b0faa0667d07645f978c2
W8_Q08_OFF_r02/d_coef.txt	12	39c0f3bc6135e87acf72ebc0aa159dce329436665251fc2a9dc50d0625aa1c6c
W8_Q08_OFF_r02/e1_probe.csv	152612	71e83d2bc33706c7c4d402f8ce3c8492a73f6ff14a2a11a1efe19a2d2b755d31
W8_Q08_OFF_r02/process.txt	47	733ae2c2a07d2210d7aef6b16344e84d664f858b7a4ab45846ba6f468202c026
W8_Q08_OFF_r02/query.rql	1167	6b5c4b5a679cb9e98ca36907fc7615381a8b7917ed6aae9dad24862122490bb6
W8_Q08_OFF_r02/rec205	5200000	baf1f0c860fa35413d455aac56e04004389a5fa64f281a6e58e0b96e4af85ce9
W8_Q08_OFF_r02/study.toml	30	d29eeb760c73a10bf13d76141a3d21c7f3f05af9c805422619f6b07129f74ba3
W8_Q08_OFF_r02/xqry.err	0	e3b0c44298fc1c149afbf4c8996fb92427ae41e4649b934ca495991b7852b855
W8_Q08_OFF_r02/xretractor.log	992	dffd0371b67de36bb4f70af65f7ceab6e769380de54b5e711f889eb981b63f6f
W8_Q08_OFF_r03/bp_coef.txt	69	99e4619a07797822c5afd34bf9cb88d9bff8f9cd808b0faa0667d07645f978c2
W8_Q08_OFF_r03/d_coef.txt	12	39c0f3bc6135e87acf72ebc0aa159dce329436665251fc2a9dc50d0625aa1c6c
W8_Q08_OFF_r03/e1_probe.csv	152689	1c4ccc418b370615dcdc1e346897cdb218d28986723b33a763880a474af305c8
W8_Q08_OFF_r03/process.txt	47	89d32afa73570348a68f1ffa2659394a52a12cb69bd40d9de272d623f78b3327
W8_Q08_OFF_r03/query.rql	1167	6b5c4b5a679cb9e98ca36907fc7615381a8b7917ed6aae9dad24862122490bb6
W8_Q08_OFF_r03/rec205	5200000	baf1f0c860fa35413d455aac56e04004389a5fa64f281a6e58e0b96e4af85ce9
W8_Q08_OFF_r03/study.toml	30	d29eeb760c73a10bf13d76141a3d21c7f3f05af9c805422619f6b07129f74ba3
W8_Q08_OFF_r03/xqry.err	0	e3b0c44298fc1c149afbf4c8996fb92427ae41e4649b934ca495991b7852b855
W8_Q08_OFF_r03/xretractor.log	992	c23c9263c3994ae1babaf0995da7cfab2a119e2ecf41889c4534cb54bfa72680
W8_Q08_OFF_r04/bp_coef.txt	69	99e4619a07797822c5afd34bf9cb88d9bff8f9cd808b0faa0667d07645f978c2
W8_Q08_OFF_r04/d_coef.txt	12	39c0f3bc6135e87acf72ebc0aa159dce329436665251fc2a9dc50d0625aa1c6c
W8_Q08_OFF_r04/e1_probe.csv	157709	b8a1dca57321c89071c4bb8849210463286ce570486c9fc329da2605b4c54165
W8_Q08_OFF_r04/process.txt	47	76ac0101e5284e97e84724768d331e5a3b5377b3465c1ad96a9e826ec616883a
W8_Q08_OFF_r04/query.rql	1167	6b5c4b5a679cb9e98ca36907fc7615381a8b7917ed6aae9dad24862122490bb6
W8_Q08_OFF_r04/rec205	5200000	baf1f0c860fa35413d455aac56e04004389a5fa64f281a6e58e0b96e4af85ce9
W8_Q08_OFF_r04/study.toml	30	d29eeb760c73a10bf13d76141a3d21c7f3f05af9c805422619f6b07129f74ba3
W8_Q08_OFF_r04/xqry.err	0	e3b0c44298fc1c149afbf4c8996fb92427ae41e4649b934ca495991b7852b855
W8_Q08_OFF_r04/xretractor.log	992	c3d59127ffb8b5eec08599220c5acef4a9a9baf0146119eeb1897a677244e19e
W8_Q08_OFF_r05/bp_coef.txt	69	99e4619a07797822c5afd34bf9cb88d9bff8f9cd808b0faa0667d07645f978c2
W8_Q08_OFF_r05/d_coef.txt	12	39c0f3bc6135e87acf72ebc0aa159dce329436665251fc2a9dc50d0625aa1c6c
W8_Q08_OFF_r05/e1_probe.csv	152659	8edb919ccdc08d96c0104f491e005867c021456a3fc6791be51b1f00c5c76714
W8_Q08_OFF_r05/process.txt	47	d6db8a1de79d8d2ed7a4c4a7d71e252b0b30957d3ada98171c8da293ead28ae7
W8_Q08_OFF_r05/query.rql	1167	6b5c4b5a679cb9e98ca36907fc7615381a8b7917ed6aae9dad24862122490bb6
W8_Q08_OFF_r05/rec205	5200000	baf1f0c860fa35413d455aac56e04004389a5fa64f281a6e58e0b96e4af85ce9
W8_Q08_OFF_r05/study.toml	30	d29eeb760c73a10bf13d76141a3d21c7f3f05af9c805422619f6b07129f74ba3
W8_Q08_OFF_r05/xqry.err	0	e3b0c44298fc1c149afbf4c8996fb92427ae41e4649b934ca495991b7852b855
W8_Q08_OFF_r05/xretractor.log	992	3d1d80a19776e507fda7cd1515f2e20185e149d8473ea109fe060d645f8458ad
W8_Q08_OFF_r06/bp_coef.txt	69	99e4619a07797822c5afd34bf9cb88d9bff8f9cd808b0faa0667d07645f978c2
W8_Q08_OFF_r06/d_coef.txt	12	39c0f3bc6135e87acf72ebc0aa159dce329436665251fc2a9dc50d0625aa1c6c
W8_Q08_OFF_r06/e1_probe.csv	152651	18d0c3437b78c9da45afb003820731801344558ad3595e5a740891d37a96d073
W8_Q08_OFF_r06/process.txt	47	d74fba25d9405e5fec2f89bda9292337c4d8ecce7f502556599b939995c14f03
W8_Q08_OFF_r06/query.rql	1167	6b5c4b5a679cb9e98ca36907fc7615381a8b7917ed6aae9dad24862122490bb6
W8_Q08_OFF_r06/rec205	5200000	baf1f0c860fa35413d455aac56e04004389a5fa64f281a6e58e0b96e4af85ce9
W8_Q08_OFF_r06/study.toml	30	d29eeb760c73a10bf13d76141a3d21c7f3f05af9c805422619f6b07129f74ba3
W8_Q08_OFF_r06/xqry.err	0	e3b0c44298fc1c149afbf4c8996fb92427ae41e4649b934ca495991b7852b855
W8_Q08_OFF_r06/xretractor.log	992	87f8bf1d73511a3003dca464e85d1e91e2a7f1464b5f5d4b40e43b3a5b747bb0
W8_Q08_OFF_r07/bp_coef.txt	69	99e4619a07797822c5afd34bf9cb88d9bff8f9cd808b0faa0667d07645f978c2
W8_Q08_OFF_r07/d_coef.txt	12	39c0f3bc6135e87acf72ebc0aa159dce329436665251fc2a9dc50d0625aa1c6c
W8_Q08_OFF_r07/e1_probe.csv	152725	b7b888e65bce7dcd25ac07b841a8b648c734aed67299f43b1e34d2fba35144ac
W8_Q08_OFF_r07/process.txt	47	86b75a8e3faeddafcaa3edbec5be1778b48eea887b77ef753af479c678e71cb6
W8_Q08_OFF_r07/query.rql	1167	6b5c4b5a679cb9e98ca36907fc7615381a8b7917ed6aae9dad24862122490bb6
W8_Q08_OFF_r07/rec205	5200000	baf1f0c860fa35413d455aac56e04004389a5fa64f281a6e58e0b96e4af85ce9
W8_Q08_OFF_r07/study.toml	30	d29eeb760c73a10bf13d76141a3d21c7f3f05af9c805422619f6b07129f74ba3
W8_Q08_OFF_r07/xqry.err	0	e3b0c44298fc1c149afbf4c8996fb92427ae41e4649b934ca495991b7852b855
W8_Q08_OFF_r07/xretractor.log	992	a8b16a1efd0f0160ade8f4037f12728b3c6e97584914aa6e744a9b732aabd56c
W8_Q08_OFF_r08/bp_coef.txt	69	99e4619a07797822c5afd34bf9cb88d9bff8f9cd808b0faa0667d07645f978c2
W8_Q08_OFF_r08/d_coef.txt	12	39c0f3bc6135e87acf72ebc0aa159dce329436665251fc2a9dc50d0625aa1c6c
W8_Q08_OFF_r08/e1_probe.csv	152620	b36063565e3f7e0eb7616a3517e09f15694fe62d459b64db42da8326ac05c803
W8_Q08_OFF_r08/process.txt	47	7ff4c8e1e37877448aa5fde0ae12a64b4505568f6f1a1dfe6b885f26dc446b74
W8_Q08_OFF_r08/query.rql	1167	6b5c4b5a679cb9e98ca36907fc7615381a8b7917ed6aae9dad24862122490bb6
W8_Q08_OFF_r08/rec205	5200000	baf1f0c860fa35413d455aac56e04004389a5fa64f281a6e58e0b96e4af85ce9
W8_Q08_OFF_r08/study.toml	30	d29eeb760c73a10bf13d76141a3d21c7f3f05af9c805422619f6b07129f74ba3
W8_Q08_OFF_r08/xqry.err	0	e3b0c44298fc1c149afbf4c8996fb92427ae41e4649b934ca495991b7852b855
W8_Q08_OFF_r08/xretractor.log	992	580f4e63f75d8b64a85bc882748d406d3378b67a9b7beaea259335c527596eb3
W8_Q08_OFF_r09/bp_coef.txt	69	99e4619a07797822c5afd34bf9cb88d9bff8f9cd808b0faa0667d07645f978c2
W8_Q08_OFF_r09/d_coef.txt	12	39c0f3bc6135e87acf72ebc0aa159dce329436665251fc2a9dc50d0625aa1c6c
W8_Q08_OFF_r09/e1_probe.csv	152663	de7af29e526f6b1f08deea182b7969cb079af272f532ca28415e24979c682346
W8_Q08_OFF_r09/process.txt	47	dde3e70d53b90b3b85d00edd90d49dde76a0b5ebf1e0a8a59b032acb966b9ae4
W8_Q08_OFF_r09/query.rql	1167	6b5c4b5a679cb9e98ca36907fc7615381a8b7917ed6aae9dad24862122490bb6
W8_Q08_OFF_r09/rec205	5200000	baf1f0c860fa35413d455aac56e04004389a5fa64f281a6e58e0b96e4af85ce9
W8_Q08_OFF_r09/study.toml	30	d29eeb760c73a10bf13d76141a3d21c7f3f05af9c805422619f6b07129f74ba3
W8_Q08_OFF_r09/xqry.err	0	e3b0c44298fc1c149afbf4c8996fb92427ae41e4649b934ca495991b7852b855
W8_Q08_OFF_r09/xretractor.log	992	e6e7d10a85a9bd6cad54adcaaf78151987c032298e496aca6a1377e377ec0f77
W8_Q08_OFF_r10/bp_coef.txt	69	99e4619a07797822c5afd34bf9cb88d9bff8f9cd808b0faa0667d07645f978c2
W8_Q08_OFF_r10/d_coef.txt	12	39c0f3bc6135e87acf72ebc0aa159dce329436665251fc2a9dc50d0625aa1c6c
W8_Q08_OFF_r10/e1_probe.csv	152652	d182ae56bc11355e454e1300236b46e206b4a3475a11b36a1061dd2ad6255b04
W8_Q08_OFF_r10/process.txt	47	c77d87d75e551c2743795da3bc34179bc1a91503a468d310cbbcdae03bdaeb19
W8_Q08_OFF_r10/query.rql	1167	6b5c4b5a679cb9e98ca36907fc7615381a8b7917ed6aae9dad24862122490bb6
W8_Q08_OFF_r10/rec205	5200000	baf1f0c860fa35413d455aac56e04004389a5fa64f281a6e58e0b96e4af85ce9
W8_Q08_OFF_r10/study.toml	30	d29eeb760c73a10bf13d76141a3d21c7f3f05af9c805422619f6b07129f74ba3
W8_Q08_OFF_r10/xqry.err	0	e3b0c44298fc1c149afbf4c8996fb92427ae41e4649b934ca495991b7852b855
W8_Q08_OFF_r10/xretractor.log	992	ff7186b0afd1625ee5194a2dfacf57faa7763b5818b1b6a1458033b2ad8f1196
W8_Q08_OFF_r11/bp_coef.txt	69	99e4619a07797822c5afd34bf9cb88d9bff8f9cd808b0faa0667d07645f978c2
W8_Q08_OFF_r11/d_coef.txt	12	39c0f3bc6135e87acf72ebc0aa159dce329436665251fc2a9dc50d0625aa1c6c
W8_Q08_OFF_r11/e1_probe.csv	152625	6f74f03c9b29a67c68e8ed9d1c4317c567cef8e1d92f067243c59571e3283b7f
W8_Q08_OFF_r11/process.txt	47	c52f18deeee47eaab0e4049b6040d4f113a44ffbb5ae63c05406b19356dbc812
W8_Q08_OFF_r11/query.rql	1167	6b5c4b5a679cb9e98ca36907fc7615381a8b7917ed6aae9dad24862122490bb6
W8_Q08_OFF_r11/rec205	5200000	baf1f0c860fa35413d455aac56e04004389a5fa64f281a6e58e0b96e4af85ce9
W8_Q08_OFF_r11/study.toml	30	d29eeb760c73a10bf13d76141a3d21c7f3f05af9c805422619f6b07129f74ba3
W8_Q08_OFF_r11/xqry.err	0	e3b0c44298fc1c149afbf4c8996fb92427ae41e4649b934ca495991b7852b855
W8_Q08_OFF_r11/xretractor.log	992	b9a609bb8df464c32f0c2b546b5b60ad11bce73d6b717bff895b97c805578155
W8_Q08_OFF_r12/bp_coef.txt	69	99e4619a07797822c5afd34bf9cb88d9bff8f9cd808b0faa0667d07645f978c2
W8_Q08_OFF_r12/d_coef.txt	12	39c0f3bc6135e87acf72ebc0aa159dce329436665251fc2a9dc50d0625aa1c6c
W8_Q08_OFF_r12/e1_probe.csv	153049	a22c9d4ef6d5a456ef72c6c7930830dfff2dd356a2cc654d4b6dfee106115d9c
W8_Q08_OFF_r12/process.txt	47	a0918ec1cd11a4fc170fb2c3baae5339daa25af2957443b00b3a1a0969644602
W8_Q08_OFF_r12/query.rql	1167	6b5c4b5a679cb9e98ca36907fc7615381a8b7917ed6aae9dad24862122490bb6
W8_Q08_OFF_r12/rec205	5200000	baf1f0c860fa35413d455aac56e04004389a5fa64f281a6e58e0b96e4af85ce9
W8_Q08_OFF_r12/study.toml	30	d29eeb760c73a10bf13d76141a3d21c7f3f05af9c805422619f6b07129f74ba3
W8_Q08_OFF_r12/xqry.err	0	e3b0c44298fc1c149afbf4c8996fb92427ae41e4649b934ca495991b7852b855
W8_Q08_OFF_r12/xretractor.log	992	4253bf5442794c809bf571f3022c6d3bc7ae91425920ffa0f7bbf956e48f8298
W8_Q08_OFF_r13/bp_coef.txt	69	99e4619a07797822c5afd34bf9cb88d9bff8f9cd808b0faa0667d07645f978c2
W8_Q08_OFF_r13/d_coef.txt	12	39c0f3bc6135e87acf72ebc0aa159dce329436665251fc2a9dc50d0625aa1c6c
W8_Q08_OFF_r13/e1_probe.csv	152627	a3e360116070a4fc71d2baff6b2efad0020809baf2bbbc6db32bd68f6d5371e9
W8_Q08_OFF_r13/process.txt	47	32828dc6b6b8f683bde47be25378aaa2b65c442e71b1ed234b353d8e903c98a5
W8_Q08_OFF_r13/query.rql	1167	6b5c4b5a679cb9e98ca36907fc7615381a8b7917ed6aae9dad24862122490bb6
W8_Q08_OFF_r13/rec205	5200000	baf1f0c860fa35413d455aac56e04004389a5fa64f281a6e58e0b96e4af85ce9
W8_Q08_OFF_r13/study.toml	30	d29eeb760c73a10bf13d76141a3d21c7f3f05af9c805422619f6b07129f74ba3
W8_Q08_OFF_r13/xqry.err	0	e3b0c44298fc1c149afbf4c8996fb92427ae41e4649b934ca495991b7852b855
W8_Q08_OFF_r13/xretractor.log	992	e497fd91756068ab10c2d7a86655f0c757278081538417f1a9ad2b18735e573f
W8_Q08_OFF_r14/bp_coef.txt	69	99e4619a07797822c5afd34bf9cb88d9bff8f9cd808b0faa0667d07645f978c2
W8_Q08_OFF_r14/d_coef.txt	12	39c0f3bc6135e87acf72ebc0aa159dce329436665251fc2a9dc50d0625aa1c6c
W8_Q08_OFF_r14/e1_probe.csv	154211	b797b62b926cfd8572851dabdc30addc176e0a0f1b8fea404688c7dd0a74219d
W8_Q08_OFF_r14/process.txt	47	dfd40918135b1783d96d0b42c1d70b50b63323440d3a8b186501335c8dd7fcc3
W8_Q08_OFF_r14/query.rql	1167	6b5c4b5a679cb9e98ca36907fc7615381a8b7917ed6aae9dad24862122490bb6
W8_Q08_OFF_r14/rec205	5200000	baf1f0c860fa35413d455aac56e04004389a5fa64f281a6e58e0b96e4af85ce9
W8_Q08_OFF_r14/study.toml	30	d29eeb760c73a10bf13d76141a3d21c7f3f05af9c805422619f6b07129f74ba3
W8_Q08_OFF_r14/xqry.err	0	e3b0c44298fc1c149afbf4c8996fb92427ae41e4649b934ca495991b7852b855
W8_Q08_OFF_r14/xretractor.log	992	6b7f56dd6366fb2d12517683ff0d3c345237cf406b7ce50122459016c48ba39c
W8_Q08_OFF_r15/bp_coef.txt	69	99e4619a07797822c5afd34bf9cb88d9bff8f9cd808b0faa0667d07645f978c2
W8_Q08_OFF_r15/d_coef.txt	12	39c0f3bc6135e87acf72ebc0aa159dce329436665251fc2a9dc50d0625aa1c6c
W8_Q08_OFF_r15/e1_probe.csv	152618	c705ff7712e47617bc8871276b61eaa8677aa8a8d74ad7f216c33b12756ce5b5
W8_Q08_OFF_r15/process.txt	47	e388b281f9ba3cc5d4f778866d87e0180139cbb9274a6a58ac103ecbc1c3e887
W8_Q08_OFF_r15/query.rql	1167	6b5c4b5a679cb9e98ca36907fc7615381a8b7917ed6aae9dad24862122490bb6
W8_Q08_OFF_r15/rec205	5200000	baf1f0c860fa35413d455aac56e04004389a5fa64f281a6e58e0b96e4af85ce9
W8_Q08_OFF_r15/study.toml	30	d29eeb760c73a10bf13d76141a3d21c7f3f05af9c805422619f6b07129f74ba3
W8_Q08_OFF_r15/xqry.err	0	e3b0c44298fc1c149afbf4c8996fb92427ae41e4649b934ca495991b7852b855
W8_Q08_OFF_r15/xretractor.log	992	1630ae3edfe0b7b87eff8d3ea3e39949bff263b46a0645093a8d7641a67166fd
W8_Q08_STRUCT_R1_r01/bp_coef.txt	69	99e4619a07797822c5afd34bf9cb88d9bff8f9cd808b0faa0667d07645f978c2
W8_Q08_STRUCT_R1_r01/d_coef.txt	12	39c0f3bc6135e87acf72ebc0aa159dce329436665251fc2a9dc50d0625aa1c6c
W8_Q08_STRUCT_R1_r01/e1_probe.csv	152603	b8eb0acfd734062bf79b1453b8a47da112f8af674f69463f5ecba01ade1a2ae2
W8_Q08_STRUCT_R1_r01/process.txt	47	54d921c286b010575bf0d4471baeea631f7ce4ee3f618a8f0f9923d690f1b249
W8_Q08_STRUCT_R1_r01/query.rql	1167	6b5c4b5a679cb9e98ca36907fc7615381a8b7917ed6aae9dad24862122490bb6
W8_Q08_STRUCT_R1_r01/rec205	5200000	baf1f0c860fa35413d455aac56e04004389a5fa64f281a6e58e0b96e4af85ce9
W8_Q08_STRUCT_R1_r01/study.toml	30	d29eeb760c73a10bf13d76141a3d21c7f3f05af9c805422619f6b07129f74ba3
W8_Q08_STRUCT_R1_r01/xqry.err	0	e3b0c44298fc1c149afbf4c8996fb92427ae41e4649b934ca495991b7852b855
W8_Q08_STRUCT_R1_r01/xretractor.log	991	86111b51b732297397be33e3ec7837c2528f5647caa12cbe0155b682f8603082
W8_Q08_STRUCT_R1_r02/bp_coef.txt	69	99e4619a07797822c5afd34bf9cb88d9bff8f9cd808b0faa0667d07645f978c2
W8_Q08_STRUCT_R1_r02/d_coef.txt	12	39c0f3bc6135e87acf72ebc0aa159dce329436665251fc2a9dc50d0625aa1c6c
W8_Q08_STRUCT_R1_r02/e1_probe.csv	152606	f1a68cb992c86f771be73979b5a7d3ea8d74f412bc8e9d0efbfa2b305ef752c5
W8_Q08_STRUCT_R1_r02/process.txt	47	20d4d9bbe2fe76d1e7e90390c44475e570aee2240d7716e8309cd1f1a14581c6
W8_Q08_STRUCT_R1_r02/query.rql	1167	6b5c4b5a679cb9e98ca36907fc7615381a8b7917ed6aae9dad24862122490bb6
W8_Q08_STRUCT_R1_r02/rec205	5200000	baf1f0c860fa35413d455aac56e04004389a5fa64f281a6e58e0b96e4af85ce9
W8_Q08_STRUCT_R1_r02/study.toml	30	d29eeb760c73a10bf13d76141a3d21c7f3f05af9c805422619f6b07129f74ba3
W8_Q08_STRUCT_R1_r02/xqry.err	0	e3b0c44298fc1c149afbf4c8996fb92427ae41e4649b934ca495991b7852b855
W8_Q08_STRUCT_R1_r02/xretractor.log	991	5841d2d1ad4f9a8b3f3299bf09c24a1f9612f9076ceca7290bede4f711307ca4
W8_Q08_STRUCT_R1_r03/bp_coef.txt	69	99e4619a07797822c5afd34bf9cb88d9bff8f9cd808b0faa0667d07645f978c2
W8_Q08_STRUCT_R1_r03/d_coef.txt	12	39c0f3bc6135e87acf72ebc0aa159dce329436665251fc2a9dc50d0625aa1c6c
W8_Q08_STRUCT_R1_r03/e1_probe.csv	152548	dc837bab4c19cecc1a68ccd654438f0aae4b5f3d45d5b021036b7c7a24677528
W8_Q08_STRUCT_R1_r03/process.txt	47	99a6434d7cc379ffbbfe589481d4534a7aed1761424d65a2b61820b72992420b
W8_Q08_STRUCT_R1_r03/query.rql	1167	6b5c4b5a679cb9e98ca36907fc7615381a8b7917ed6aae9dad24862122490bb6
W8_Q08_STRUCT_R1_r03/rec205	5200000	baf1f0c860fa35413d455aac56e04004389a5fa64f281a6e58e0b96e4af85ce9
W8_Q08_STRUCT_R1_r03/study.toml	30	d29eeb760c73a10bf13d76141a3d21c7f3f05af9c805422619f6b07129f74ba3
W8_Q08_STRUCT_R1_r03/xqry.err	0	e3b0c44298fc1c149afbf4c8996fb92427ae41e4649b934ca495991b7852b855
W8_Q08_STRUCT_R1_r03/xretractor.log	991	d7ace00017f66f162521bf3685e2f91bcf29d81230133b5511c65af2e93c7066
W8_Q08_STRUCT_R1_r04/bp_coef.txt	69	99e4619a07797822c5afd34bf9cb88d9bff8f9cd808b0faa0667d07645f978c2
W8_Q08_STRUCT_R1_r04/d_coef.txt	12	39c0f3bc6135e87acf72ebc0aa159dce329436665251fc2a9dc50d0625aa1c6c
W8_Q08_STRUCT_R1_r04/e1_probe.csv	152431	ef0014cfa16183691b4f30c65238d0ba488c567c5394e0968b8da32f4d3724dc
W8_Q08_STRUCT_R1_r04/process.txt	47	4fbbf6e7eb85f1dde2b3c1f7ecfbfc57eab5ccadaa8efb3a84ee5f6eaa730643
W8_Q08_STRUCT_R1_r04/query.rql	1167	6b5c4b5a679cb9e98ca36907fc7615381a8b7917ed6aae9dad24862122490bb6
W8_Q08_STRUCT_R1_r04/rec205	5200000	baf1f0c860fa35413d455aac56e04004389a5fa64f281a6e58e0b96e4af85ce9
W8_Q08_STRUCT_R1_r04/study.toml	30	d29eeb760c73a10bf13d76141a3d21c7f3f05af9c805422619f6b07129f74ba3
W8_Q08_STRUCT_R1_r04/xqry.err	0	e3b0c44298fc1c149afbf4c8996fb92427ae41e4649b934ca495991b7852b855
W8_Q08_STRUCT_R1_r04/xretractor.log	991	5b94ae59bb4037b68e32654ef1177c50e24fbe33ddc8f914a14202b839691c08
W8_Q08_STRUCT_R1_r05/bp_coef.txt	69	99e4619a07797822c5afd34bf9cb88d9bff8f9cd808b0faa0667d07645f978c2
W8_Q08_STRUCT_R1_r05/d_coef.txt	12	39c0f3bc6135e87acf72ebc0aa159dce329436665251fc2a9dc50d0625aa1c6c
W8_Q08_STRUCT_R1_r05/e1_probe.csv	152558	aa394e77b392e1ce1b75e2cac61ff4e00258d53b66ee9da8a5f9d916af8bb948
W8_Q08_STRUCT_R1_r05/process.txt	47	8888399e4b838d6d4cd4a39e7ad4740b4cf97fcceafa848dadfd20724b6ad023
W8_Q08_STRUCT_R1_r05/query.rql	1167	6b5c4b5a679cb9e98ca36907fc7615381a8b7917ed6aae9dad24862122490bb6
W8_Q08_STRUCT_R1_r05/rec205	5200000	baf1f0c860fa35413d455aac56e04004389a5fa64f281a6e58e0b96e4af85ce9
W8_Q08_STRUCT_R1_r05/study.toml	30	d29eeb760c73a10bf13d76141a3d21c7f3f05af9c805422619f6b07129f74ba3
W8_Q08_STRUCT_R1_r05/xqry.err	0	e3b0c44298fc1c149afbf4c8996fb92427ae41e4649b934ca495991b7852b855
W8_Q08_STRUCT_R1_r05/xretractor.log	991	8ed585a297add7ff0249234abf9f561dd961706282259e0ce493abe6b85027d9
W8_Q08_STRUCT_R1_r06/bp_coef.txt	69	99e4619a07797822c5afd34bf9cb88d9bff8f9cd808b0faa0667d07645f978c2
W8_Q08_STRUCT_R1_r06/d_coef.txt	12	39c0f3bc6135e87acf72ebc0aa159dce329436665251fc2a9dc50d0625aa1c6c
W8_Q08_STRUCT_R1_r06/e1_probe.csv	152750	a3abf10453daf6d6b5ca54b3731c0d592fd3b2d0c27764adb386558d8cf0638c
W8_Q08_STRUCT_R1_r06/process.txt	47	43389973be88b1c95148abbf3589097ce5fcd0c63ea916ae16da3f6fd9c632c7
W8_Q08_STRUCT_R1_r06/query.rql	1167	6b5c4b5a679cb9e98ca36907fc7615381a8b7917ed6aae9dad24862122490bb6
W8_Q08_STRUCT_R1_r06/rec205	5200000	baf1f0c860fa35413d455aac56e04004389a5fa64f281a6e58e0b96e4af85ce9
W8_Q08_STRUCT_R1_r06/study.toml	30	d29eeb760c73a10bf13d76141a3d21c7f3f05af9c805422619f6b07129f74ba3
W8_Q08_STRUCT_R1_r06/xqry.err	0	e3b0c44298fc1c149afbf4c8996fb92427ae41e4649b934ca495991b7852b855
W8_Q08_STRUCT_R1_r06/xretractor.log	991	1887bedb53f0852c1645a22fca58b5af18763aa4c0f36eec60bdacd49436550e
W8_Q08_STRUCT_R1_r07/bp_coef.txt	69	99e4619a07797822c5afd34bf9cb88d9bff8f9cd808b0faa0667d07645f978c2
W8_Q08_STRUCT_R1_r07/d_coef.txt	12	39c0f3bc6135e87acf72ebc0aa159dce329436665251fc2a9dc50d0625aa1c6c
W8_Q08_STRUCT_R1_r07/e1_probe.csv	152644	8079e2ac4db3a101d381bd944c23a06a75b3a9d01fc3894dded21a992fe0c19c
W8_Q08_STRUCT_R1_r07/process.txt	47	62e21fa6ff4350cbb220eb2ac049940cd94acf2105c3b275bf74938f1ad122c0
W8_Q08_STRUCT_R1_r07/query.rql	1167	6b5c4b5a679cb9e98ca36907fc7615381a8b7917ed6aae9dad24862122490bb6
W8_Q08_STRUCT_R1_r07/rec205	5200000	baf1f0c860fa35413d455aac56e04004389a5fa64f281a6e58e0b96e4af85ce9
W8_Q08_STRUCT_R1_r07/study.toml	30	d29eeb760c73a10bf13d76141a3d21c7f3f05af9c805422619f6b07129f74ba3
W8_Q08_STRUCT_R1_r07/xqry.err	0	e3b0c44298fc1c149afbf4c8996fb92427ae41e4649b934ca495991b7852b855
W8_Q08_STRUCT_R1_r07/xretractor.log	991	8bbe14df620f5f97cd9a923eca64056af9e1f190a2af8e86006fc954ed7d94ef
W8_Q08_STRUCT_R1_r08/bp_coef.txt	69	99e4619a07797822c5afd34bf9cb88d9bff8f9cd808b0faa0667d07645f978c2
W8_Q08_STRUCT_R1_r08/d_coef.txt	12	39c0f3bc6135e87acf72ebc0aa159dce329436665251fc2a9dc50d0625aa1c6c
W8_Q08_STRUCT_R1_r08/e1_probe.csv	152692	f6d981d81df757819c2a1c22961237f31acda76e5eca2ea1109bbce69d9f0d02
W8_Q08_STRUCT_R1_r08/process.txt	47	ad80a0528bfa14066bb76389e31eccd49abbc3aa39d29cd4459e76124471d806
W8_Q08_STRUCT_R1_r08/query.rql	1167	6b5c4b5a679cb9e98ca36907fc7615381a8b7917ed6aae9dad24862122490bb6
W8_Q08_STRUCT_R1_r08/rec205	5200000	baf1f0c860fa35413d455aac56e04004389a5fa64f281a6e58e0b96e4af85ce9
W8_Q08_STRUCT_R1_r08/study.toml	30	d29eeb760c73a10bf13d76141a3d21c7f3f05af9c805422619f6b07129f74ba3
W8_Q08_STRUCT_R1_r08/xqry.err	0	e3b0c44298fc1c149afbf4c8996fb92427ae41e4649b934ca495991b7852b855
W8_Q08_STRUCT_R1_r08/xretractor.log	991	e738817b16ad67cf987d8ce42b058c8bcd2b9a41e39083ec0f00b481a8a5031d
W8_Q08_STRUCT_R1_r09/bp_coef.txt	69	99e4619a07797822c5afd34bf9cb88d9bff8f9cd808b0faa0667d07645f978c2
W8_Q08_STRUCT_R1_r09/d_coef.txt	12	39c0f3bc6135e87acf72ebc0aa159dce329436665251fc2a9dc50d0625aa1c6c
W8_Q08_STRUCT_R1_r09/e1_probe.csv	152627	b36072fe0f5ad82f01a19da1cb8c4823a34f4380338398d3b2296584068003cb
W8_Q08_STRUCT_R1_r09/process.txt	47	f969c84868525f6adfeb26c6f4eebe1a8debc55f3b603f33117e39cc95cbaddc
W8_Q08_STRUCT_R1_r09/query.rql	1167	6b5c4b5a679cb9e98ca36907fc7615381a8b7917ed6aae9dad24862122490bb6
W8_Q08_STRUCT_R1_r09/rec205	5200000	baf1f0c860fa35413d455aac56e04004389a5fa64f281a6e58e0b96e4af85ce9
W8_Q08_STRUCT_R1_r09/study.toml	30	d29eeb760c73a10bf13d76141a3d21c7f3f05af9c805422619f6b07129f74ba3
W8_Q08_STRUCT_R1_r09/xqry.err	0	e3b0c44298fc1c149afbf4c8996fb92427ae41e4649b934ca495991b7852b855
W8_Q08_STRUCT_R1_r09/xretractor.log	991	0ed4062bdf4a44bab89caee1b63e674de338954e7f0419cad5763d31e1f9d027
W8_Q08_STRUCT_R1_r10/bp_coef.txt	69	99e4619a07797822c5afd34bf9cb88d9bff8f9cd808b0faa0667d07645f978c2
W8_Q08_STRUCT_R1_r10/d_coef.txt	12	39c0f3bc6135e87acf72ebc0aa159dce329436665251fc2a9dc50d0625aa1c6c
W8_Q08_STRUCT_R1_r10/e1_probe.csv	152530	df1e6850f9ce6d54090f8c57cf8acb274f148ada7212e009439c5802b29af586
W8_Q08_STRUCT_R1_r10/process.txt	47	71ff81f1bce99d3dcd486dc2c1ecdde56c072d7d94393f079e0e5071f2f202be
W8_Q08_STRUCT_R1_r10/query.rql	1167	6b5c4b5a679cb9e98ca36907fc7615381a8b7917ed6aae9dad24862122490bb6
W8_Q08_STRUCT_R1_r10/rec205	5200000	baf1f0c860fa35413d455aac56e04004389a5fa64f281a6e58e0b96e4af85ce9
W8_Q08_STRUCT_R1_r10/study.toml	30	d29eeb760c73a10bf13d76141a3d21c7f3f05af9c805422619f6b07129f74ba3
W8_Q08_STRUCT_R1_r10/xqry.err	0	e3b0c44298fc1c149afbf4c8996fb92427ae41e4649b934ca495991b7852b855
W8_Q08_STRUCT_R1_r10/xretractor.log	991	82594c4baec45ca268b3e7ecdf607d3f4debce5b0896dff57ecaabd032f0ea64
W8_Q08_STRUCT_R1_r11/bp_coef.txt	69	99e4619a07797822c5afd34bf9cb88d9bff8f9cd808b0faa0667d07645f978c2
W8_Q08_STRUCT_R1_r11/d_coef.txt	12	39c0f3bc6135e87acf72ebc0aa159dce329436665251fc2a9dc50d0625aa1c6c
W8_Q08_STRUCT_R1_r11/e1_probe.csv	152430	a3aecca00a592fded929c32231cdcb390a02aa6c05c02642fa43e096fc3ba7f2
W8_Q08_STRUCT_R1_r11/process.txt	47	89eee4392856f8fa517fb58b46d33d6912b95c58e64c0d2c4c67fa96c72e21a8
W8_Q08_STRUCT_R1_r11/query.rql	1167	6b5c4b5a679cb9e98ca36907fc7615381a8b7917ed6aae9dad24862122490bb6
W8_Q08_STRUCT_R1_r11/rec205	5200000	baf1f0c860fa35413d455aac56e04004389a5fa64f281a6e58e0b96e4af85ce9
W8_Q08_STRUCT_R1_r11/study.toml	30	d29eeb760c73a10bf13d76141a3d21c7f3f05af9c805422619f6b07129f74ba3
W8_Q08_STRUCT_R1_r11/xqry.err	0	e3b0c44298fc1c149afbf4c8996fb92427ae41e4649b934ca495991b7852b855
W8_Q08_STRUCT_R1_r11/xretractor.log	991	023e45c8e9f9dc6af7a1cb4905fdbf1029eb2e7762cf6238b0cec20eb0c56109
W8_Q08_STRUCT_R1_r12/bp_coef.txt	69	99e4619a07797822c5afd34bf9cb88d9bff8f9cd808b0faa0667d07645f978c2
W8_Q08_STRUCT_R1_r12/d_coef.txt	12	39c0f3bc6135e87acf72ebc0aa159dce329436665251fc2a9dc50d0625aa1c6c
W8_Q08_STRUCT_R1_r12/e1_probe.csv	152409	a976611e2b36bf0b8731b0823301d1852077c70147eace39c51434a607e0bcd9
W8_Q08_STRUCT_R1_r12/process.txt	47	2cce196c6b9f30dd7d6212143c97b24d10f046ad412f28e8cf45f8ee4af5a119
W8_Q08_STRUCT_R1_r12/query.rql	1167	6b5c4b5a679cb9e98ca36907fc7615381a8b7917ed6aae9dad24862122490bb6
W8_Q08_STRUCT_R1_r12/rec205	5200000	baf1f0c860fa35413d455aac56e04004389a5fa64f281a6e58e0b96e4af85ce9
W8_Q08_STRUCT_R1_r12/study.toml	30	d29eeb760c73a10bf13d76141a3d21c7f3f05af9c805422619f6b07129f74ba3
W8_Q08_STRUCT_R1_r12/xqry.err	0	e3b0c44298fc1c149afbf4c8996fb92427ae41e4649b934ca495991b7852b855
W8_Q08_STRUCT_R1_r12/xretractor.log	991	6dd95af7763f05d696083b28d28c77b769b7d0867cba25e1ba8ee7c3a792ff70
W8_Q08_STRUCT_R1_r13/bp_coef.txt	69	99e4619a07797822c5afd34bf9cb88d9bff8f9cd808b0faa0667d07645f978c2
W8_Q08_STRUCT_R1_r13/d_coef.txt	12	39c0f3bc6135e87acf72ebc0aa159dce329436665251fc2a9dc50d0625aa1c6c
W8_Q08_STRUCT_R1_r13/e1_probe.csv	152627	13d984eb16503e0364be7958433cb7bd23c685871cffe21cbce617918e68f1e6
W8_Q08_STRUCT_R1_r13/process.txt	47	9b50d27c752333997a7a6f3a6536d0399a79df9639c1f439e9fe4539f71c7b98
W8_Q08_STRUCT_R1_r13/query.rql	1167	6b5c4b5a679cb9e98ca36907fc7615381a8b7917ed6aae9dad24862122490bb6
W8_Q08_STRUCT_R1_r13/rec205	5200000	baf1f0c860fa35413d455aac56e04004389a5fa64f281a6e58e0b96e4af85ce9
W8_Q08_STRUCT_R1_r13/study.toml	30	d29eeb760c73a10bf13d76141a3d21c7f3f05af9c805422619f6b07129f74ba3
W8_Q08_STRUCT_R1_r13/xqry.err	0	e3b0c44298fc1c149afbf4c8996fb92427ae41e4649b934ca495991b7852b855
W8_Q08_STRUCT_R1_r13/xretractor.log	991	c3accff92fb2930c61ac64cda572f1ecac49056b109f772be7cfa69ce1c45222
W8_Q08_STRUCT_R1_r14/bp_coef.txt	69	99e4619a07797822c5afd34bf9cb88d9bff8f9cd808b0faa0667d07645f978c2
W8_Q08_STRUCT_R1_r14/d_coef.txt	12	39c0f3bc6135e87acf72ebc0aa159dce329436665251fc2a9dc50d0625aa1c6c
W8_Q08_STRUCT_R1_r14/e1_probe.csv	152582	ecd45ffddf9901b64fdbcf34ab2e44e6e8775a040c4d388258deba5a749b9e41
W8_Q08_STRUCT_R1_r14/process.txt	47	db4099666cfe72126fd5ece968bc64a8aab3fb4490f692c48dcaeedc2546ce92
W8_Q08_STRUCT_R1_r14/query.rql	1167	6b5c4b5a679cb9e98ca36907fc7615381a8b7917ed6aae9dad24862122490bb6
W8_Q08_STRUCT_R1_r14/rec205	5200000	baf1f0c860fa35413d455aac56e04004389a5fa64f281a6e58e0b96e4af85ce9
W8_Q08_STRUCT_R1_r14/study.toml	30	d29eeb760c73a10bf13d76141a3d21c7f3f05af9c805422619f6b07129f74ba3
W8_Q08_STRUCT_R1_r14/xqry.err	0	e3b0c44298fc1c149afbf4c8996fb92427ae41e4649b934ca495991b7852b855
W8_Q08_STRUCT_R1_r14/xretractor.log	991	ce16d97e9a7501cd2316a551ee6c79f64d0c6a16e519e346b776e1ae04e08298
W8_Q08_STRUCT_R1_r15/bp_coef.txt	69	99e4619a07797822c5afd34bf9cb88d9bff8f9cd808b0faa0667d07645f978c2
W8_Q08_STRUCT_R1_r15/d_coef.txt	12	39c0f3bc6135e87acf72ebc0aa159dce329436665251fc2a9dc50d0625aa1c6c
W8_Q08_STRUCT_R1_r15/e1_probe.csv	152664	b8c4bca00e1eeed1308265b233693c041d65a1dad8f142ad0e3ecdbc27d38453
W8_Q08_STRUCT_R1_r15/process.txt	47	7916642b788dfaaabbe23666e9f5eaaa10c94a6bb18223d7dcc4c232d442acb5
W8_Q08_STRUCT_R1_r15/query.rql	1167	6b5c4b5a679cb9e98ca36907fc7615381a8b7917ed6aae9dad24862122490bb6
W8_Q08_STRUCT_R1_r15/rec205	5200000	baf1f0c860fa35413d455aac56e04004389a5fa64f281a6e58e0b96e4af85ce9
W8_Q08_STRUCT_R1_r15/study.toml	30	d29eeb760c73a10bf13d76141a3d21c7f3f05af9c805422619f6b07129f74ba3
W8_Q08_STRUCT_R1_r15/xqry.err	0	e3b0c44298fc1c149afbf4c8996fb92427ae41e4649b934ca495991b7852b855
W8_Q08_STRUCT_R1_r15/xretractor.log	991	f8f135c345899a919964506d1cc342219283589e6d8dd383fff73b26f753ba71
W8_Q08_STRUCT_r01/bp_coef.txt	69	99e4619a07797822c5afd34bf9cb88d9bff8f9cd808b0faa0667d07645f978c2
W8_Q08_STRUCT_r01/d_coef.txt	12	39c0f3bc6135e87acf72ebc0aa159dce329436665251fc2a9dc50d0625aa1c6c
W8_Q08_STRUCT_r01/e1_probe.csv	152637	c31e12d4593a9c172b9f10019d00e031f8684a3b5e94aeef8e1ee33ad3b980ab
W8_Q08_STRUCT_r01/process.txt	47	c8dcf8c41658359a0199363d8b9e26074087af0d7ef817bd2d3b3e72b5fa918d
W8_Q08_STRUCT_r01/query.rql	1167	6b5c4b5a679cb9e98ca36907fc7615381a8b7917ed6aae9dad24862122490bb6
W8_Q08_STRUCT_r01/rec205	5200000	baf1f0c860fa35413d455aac56e04004389a5fa64f281a6e58e0b96e4af85ce9
W8_Q08_STRUCT_r01/study.toml	30	d29eeb760c73a10bf13d76141a3d21c7f3f05af9c805422619f6b07129f74ba3
W8_Q08_STRUCT_r01/xqry.err	0	e3b0c44298fc1c149afbf4c8996fb92427ae41e4649b934ca495991b7852b855
W8_Q08_STRUCT_r01/xretractor.log	991	3d23d4d78b493a761a1788de6240571dffa23780bba5e53b3aacd39830c3b5c3
W8_Q08_STRUCT_r02/bp_coef.txt	69	99e4619a07797822c5afd34bf9cb88d9bff8f9cd808b0faa0667d07645f978c2
W8_Q08_STRUCT_r02/d_coef.txt	12	39c0f3bc6135e87acf72ebc0aa159dce329436665251fc2a9dc50d0625aa1c6c
W8_Q08_STRUCT_r02/e1_probe.csv	153055	d6de7f9079a4688f153693ebf566e07adc2e116a4df597737148046599cea46d
W8_Q08_STRUCT_r02/process.txt	47	c23c95414587a1ef26a2ebf2b3f101fa356f596f9c8bcc396d81d3b94ebc5a71
W8_Q08_STRUCT_r02/query.rql	1167	6b5c4b5a679cb9e98ca36907fc7615381a8b7917ed6aae9dad24862122490bb6
W8_Q08_STRUCT_r02/rec205	5200000	baf1f0c860fa35413d455aac56e04004389a5fa64f281a6e58e0b96e4af85ce9
W8_Q08_STRUCT_r02/study.toml	30	d29eeb760c73a10bf13d76141a3d21c7f3f05af9c805422619f6b07129f74ba3
W8_Q08_STRUCT_r02/xqry.err	0	e3b0c44298fc1c149afbf4c8996fb92427ae41e4649b934ca495991b7852b855
W8_Q08_STRUCT_r02/xretractor.log	991	1d0c849f4c525dd26da9f7342e67bdee12e875e29f52b8229a9c7a5c5c736733
W8_Q08_STRUCT_r03/bp_coef.txt	69	99e4619a07797822c5afd34bf9cb88d9bff8f9cd808b0faa0667d07645f978c2
W8_Q08_STRUCT_r03/d_coef.txt	12	39c0f3bc6135e87acf72ebc0aa159dce329436665251fc2a9dc50d0625aa1c6c
W8_Q08_STRUCT_r03/e1_probe.csv	152655	79933c09c402adcb75aa60f2d57565ca2d7aa405876078c96528a96bcb7670cf
W8_Q08_STRUCT_r03/process.txt	47	725731ef10cf7d30290916be60c8bfdd6152fee942d8cf9b09f0c83d4724d99d
W8_Q08_STRUCT_r03/query.rql	1167	6b5c4b5a679cb9e98ca36907fc7615381a8b7917ed6aae9dad24862122490bb6
W8_Q08_STRUCT_r03/rec205	5200000	baf1f0c860fa35413d455aac56e04004389a5fa64f281a6e58e0b96e4af85ce9
W8_Q08_STRUCT_r03/study.toml	30	d29eeb760c73a10bf13d76141a3d21c7f3f05af9c805422619f6b07129f74ba3
W8_Q08_STRUCT_r03/xqry.err	0	e3b0c44298fc1c149afbf4c8996fb92427ae41e4649b934ca495991b7852b855
W8_Q08_STRUCT_r03/xretractor.log	991	b550c05c71c5efe2d553dc04c3c58566a66a3418cdd101c6896e065860345956
W8_Q08_STRUCT_r04/bp_coef.txt	69	99e4619a07797822c5afd34bf9cb88d9bff8f9cd808b0faa0667d07645f978c2
W8_Q08_STRUCT_r04/d_coef.txt	12	39c0f3bc6135e87acf72ebc0aa159dce329436665251fc2a9dc50d0625aa1c6c
W8_Q08_STRUCT_r04/e1_probe.csv	152625	bf10303eaf4417b54a40d1a467171532284fcaa332b48f36f761ab2f6baf58cc
W8_Q08_STRUCT_r04/process.txt	47	783899e7d5ca200935f0af42af037cfc808b4c8b8d5308a4739a8b334d6090dd
W8_Q08_STRUCT_r04/query.rql	1167	6b5c4b5a679cb9e98ca36907fc7615381a8b7917ed6aae9dad24862122490bb6
W8_Q08_STRUCT_r04/rec205	5200000	baf1f0c860fa35413d455aac56e04004389a5fa64f281a6e58e0b96e4af85ce9
W8_Q08_STRUCT_r04/study.toml	30	d29eeb760c73a10bf13d76141a3d21c7f3f05af9c805422619f6b07129f74ba3
W8_Q08_STRUCT_r04/xqry.err	0	e3b0c44298fc1c149afbf4c8996fb92427ae41e4649b934ca495991b7852b855
W8_Q08_STRUCT_r04/xretractor.log	991	9d15194461eefb75edcb716a94e4a1bf02c602777c898afa4bbd62d72acb4288
W8_Q08_STRUCT_r05/bp_coef.txt	69	99e4619a07797822c5afd34bf9cb88d9bff8f9cd808b0faa0667d07645f978c2
W8_Q08_STRUCT_r05/d_coef.txt	12	39c0f3bc6135e87acf72ebc0aa159dce329436665251fc2a9dc50d0625aa1c6c
W8_Q08_STRUCT_r05/e1_probe.csv	152669	08b50b501387205ce8ab0a37cd9295a57dc4f6ff88772d74cfbb2d373e16ed9d
W8_Q08_STRUCT_r05/process.txt	47	c77d87d75e551c2743795da3bc34179bc1a91503a468d310cbbcdae03bdaeb19
W8_Q08_STRUCT_r05/query.rql	1167	6b5c4b5a679cb9e98ca36907fc7615381a8b7917ed6aae9dad24862122490bb6
W8_Q08_STRUCT_r05/rec205	5200000	baf1f0c860fa35413d455aac56e04004389a5fa64f281a6e58e0b96e4af85ce9
W8_Q08_STRUCT_r05/study.toml	30	d29eeb760c73a10bf13d76141a3d21c7f3f05af9c805422619f6b07129f74ba3
W8_Q08_STRUCT_r05/xqry.err	0	e3b0c44298fc1c149afbf4c8996fb92427ae41e4649b934ca495991b7852b855
W8_Q08_STRUCT_r05/xretractor.log	991	a73b56549b6e82d7b8473c5c72e989ce88ea549078858bd435e6ca76275b1f3b
W8_Q08_STRUCT_r06/bp_coef.txt	69	99e4619a07797822c5afd34bf9cb88d9bff8f9cd808b0faa0667d07645f978c2
W8_Q08_STRUCT_r06/d_coef.txt	12	39c0f3bc6135e87acf72ebc0aa159dce329436665251fc2a9dc50d0625aa1c6c
W8_Q08_STRUCT_r06/e1_probe.csv	152597	e409ed0827583e34939c8c545b84f5759583d21ab547e4d05b6b1a4828cb08ca
W8_Q08_STRUCT_r06/process.txt	47	7916642b788dfaaabbe23666e9f5eaaa10c94a6bb18223d7dcc4c232d442acb5
W8_Q08_STRUCT_r06/query.rql	1167	6b5c4b5a679cb9e98ca36907fc7615381a8b7917ed6aae9dad24862122490bb6
W8_Q08_STRUCT_r06/rec205	5200000	baf1f0c860fa35413d455aac56e04004389a5fa64f281a6e58e0b96e4af85ce9
W8_Q08_STRUCT_r06/study.toml	30	d29eeb760c73a10bf13d76141a3d21c7f3f05af9c805422619f6b07129f74ba3
W8_Q08_STRUCT_r06/xqry.err	0	e3b0c44298fc1c149afbf4c8996fb92427ae41e4649b934ca495991b7852b855
W8_Q08_STRUCT_r06/xretractor.log	991	60182f731168e4310df89a39d3434de5b4923572fee85e8f30a688cf13ef56c6
W8_Q08_STRUCT_r07/bp_coef.txt	69	99e4619a07797822c5afd34bf9cb88d9bff8f9cd808b0faa0667d07645f978c2
W8_Q08_STRUCT_r07/d_coef.txt	12	39c0f3bc6135e87acf72ebc0aa159dce329436665251fc2a9dc50d0625aa1c6c
W8_Q08_STRUCT_r07/e1_probe.csv	152699	3271291b89c30e5fa902b3eee75389a1a0f28f10aa80e1f68c5dc491f08b534b
W8_Q08_STRUCT_r07/process.txt	47	0c07a49227272b28122db1d1d444e9ffb18138b3cfe8a5ab2160da5c65e5ec5e
W8_Q08_STRUCT_r07/query.rql	1167	6b5c4b5a679cb9e98ca36907fc7615381a8b7917ed6aae9dad24862122490bb6
W8_Q08_STRUCT_r07/rec205	5200000	baf1f0c860fa35413d455aac56e04004389a5fa64f281a6e58e0b96e4af85ce9
W8_Q08_STRUCT_r07/study.toml	30	d29eeb760c73a10bf13d76141a3d21c7f3f05af9c805422619f6b07129f74ba3
W8_Q08_STRUCT_r07/xqry.err	0	e3b0c44298fc1c149afbf4c8996fb92427ae41e4649b934ca495991b7852b855
W8_Q08_STRUCT_r07/xretractor.log	991	1b85f4bb4b36b4b1eaefc280ef89de3f36f85dad5153c1f4a29dde6ac6fddcac
W8_Q08_STRUCT_r08/bp_coef.txt	69	99e4619a07797822c5afd34bf9cb88d9bff8f9cd808b0faa0667d07645f978c2
W8_Q08_STRUCT_r08/d_coef.txt	12	39c0f3bc6135e87acf72ebc0aa159dce329436665251fc2a9dc50d0625aa1c6c
W8_Q08_STRUCT_r08/e1_probe.csv	152651	825e370c7c9799d3e2f605a4ca94c6dd242e315190c6c7d7a6ed300a22ce56b6
W8_Q08_STRUCT_r08/process.txt	47	69b4cc87b324da9406acf82ee752e04e6ef5a90938864ed53cc6607afad52969
W8_Q08_STRUCT_r08/query.rql	1167	6b5c4b5a679cb9e98ca36907fc7615381a8b7917ed6aae9dad24862122490bb6
W8_Q08_STRUCT_r08/rec205	5200000	baf1f0c860fa35413d455aac56e04004389a5fa64f281a6e58e0b96e4af85ce9
W8_Q08_STRUCT_r08/study.toml	30	d29eeb760c73a10bf13d76141a3d21c7f3f05af9c805422619f6b07129f74ba3
W8_Q08_STRUCT_r08/xqry.err	0	e3b0c44298fc1c149afbf4c8996fb92427ae41e4649b934ca495991b7852b855
W8_Q08_STRUCT_r08/xretractor.log	991	f3a7152ff590b1b4bfec70086c1198785ee4f7b922dd6b8398c692c912db4042
W8_Q08_STRUCT_r09/bp_coef.txt	69	99e4619a07797822c5afd34bf9cb88d9bff8f9cd808b0faa0667d07645f978c2
W8_Q08_STRUCT_r09/d_coef.txt	12	39c0f3bc6135e87acf72ebc0aa159dce329436665251fc2a9dc50d0625aa1c6c
W8_Q08_STRUCT_r09/e1_probe.csv	152630	9286b7969a3fc86d9bde521ed494cf1b42a219b342ddcd2bbf32dcac709796ce
W8_Q08_STRUCT_r09/process.txt	47	7f6d406dab63f763030a295a469ad6b0b80524efc28817bb0f39e4be28d913a5
W8_Q08_STRUCT_r09/query.rql	1167	6b5c4b5a679cb9e98ca36907fc7615381a8b7917ed6aae9dad24862122490bb6
W8_Q08_STRUCT_r09/rec205	5200000	baf1f0c860fa35413d455aac56e04004389a5fa64f281a6e58e0b96e4af85ce9
W8_Q08_STRUCT_r09/study.toml	30	d29eeb760c73a10bf13d76141a3d21c7f3f05af9c805422619f6b07129f74ba3
W8_Q08_STRUCT_r09/xqry.err	0	e3b0c44298fc1c149afbf4c8996fb92427ae41e4649b934ca495991b7852b855
W8_Q08_STRUCT_r09/xretractor.log	991	4d6e4bfeac317a2f40160567d045fe936b7cb269d1b6dbb626e23317f3ed113d
W8_Q08_STRUCT_r10/bp_coef.txt	69	99e4619a07797822c5afd34bf9cb88d9bff8f9cd808b0faa0667d07645f978c2
W8_Q08_STRUCT_r10/d_coef.txt	12	39c0f3bc6135e87acf72ebc0aa159dce329436665251fc2a9dc50d0625aa1c6c
W8_Q08_STRUCT_r10/e1_probe.csv	152624	545316a95cdff8685461a8404342d4f08ed62b7a94ca068757947b37fa8282da
W8_Q08_STRUCT_r10/process.txt	47	1472c0f236896e0eeaed1ee1abc956256a10ed3f276170c1e9038bd0f146d0ee
W8_Q08_STRUCT_r10/query.rql	1167	6b5c4b5a679cb9e98ca36907fc7615381a8b7917ed6aae9dad24862122490bb6
W8_Q08_STRUCT_r10/rec205	5200000	baf1f0c860fa35413d455aac56e04004389a5fa64f281a6e58e0b96e4af85ce9
W8_Q08_STRUCT_r10/study.toml	30	d29eeb760c73a10bf13d76141a3d21c7f3f05af9c805422619f6b07129f74ba3
W8_Q08_STRUCT_r10/xqry.err	0	e3b0c44298fc1c149afbf4c8996fb92427ae41e4649b934ca495991b7852b855
W8_Q08_STRUCT_r10/xretractor.log	991	35bd770b618e4d88d473541ddd042a8b7d562a1468f81c08e0e080b79c2f2f64
W8_Q08_STRUCT_r11/bp_coef.txt	69	99e4619a07797822c5afd34bf9cb88d9bff8f9cd808b0faa0667d07645f978c2
W8_Q08_STRUCT_r11/d_coef.txt	12	39c0f3bc6135e87acf72ebc0aa159dce329436665251fc2a9dc50d0625aa1c6c
W8_Q08_STRUCT_r11/e1_probe.csv	152620	65656319873acec20e46bdeb8cffd1c45453455b3365b56084e957f6da06602c
W8_Q08_STRUCT_r11/process.txt	47	1227935efcc2d64762c0aa3a7d316a8816fc5fef8f4026743b6b76a6e1e2ceae
W8_Q08_STRUCT_r11/query.rql	1167	6b5c4b5a679cb9e98ca36907fc7615381a8b7917ed6aae9dad24862122490bb6
W8_Q08_STRUCT_r11/rec205	5200000	baf1f0c860fa35413d455aac56e04004389a5fa64f281a6e58e0b96e4af85ce9
W8_Q08_STRUCT_r11/study.toml	30	d29eeb760c73a10bf13d76141a3d21c7f3f05af9c805422619f6b07129f74ba3
W8_Q08_STRUCT_r11/xqry.err	0	e3b0c44298fc1c149afbf4c8996fb92427ae41e4649b934ca495991b7852b855
W8_Q08_STRUCT_r11/xretractor.log	991	2a0620232f8182094b837d3f2b77557ead1a4b4c6290d9e07331bc9d16320fbe
W8_Q08_STRUCT_r12/bp_coef.txt	69	99e4619a07797822c5afd34bf9cb88d9bff8f9cd808b0faa0667d07645f978c2
W8_Q08_STRUCT_r12/d_coef.txt	12	39c0f3bc6135e87acf72ebc0aa159dce329436665251fc2a9dc50d0625aa1c6c
W8_Q08_STRUCT_r12/e1_probe.csv	152640	dfe458a625c98cd7f0e9843bde6e6e82b735139bd97f7f1b0a92c140a8021bf3
W8_Q08_STRUCT_r12/process.txt	47	74b5d3287a2c1751ad33eb122d7046b08e87d2b3b2cb96384886d6880ad0f521
W8_Q08_STRUCT_r12/query.rql	1167	6b5c4b5a679cb9e98ca36907fc7615381a8b7917ed6aae9dad24862122490bb6
W8_Q08_STRUCT_r12/rec205	5200000	baf1f0c860fa35413d455aac56e04004389a5fa64f281a6e58e0b96e4af85ce9
W8_Q08_STRUCT_r12/study.toml	30	d29eeb760c73a10bf13d76141a3d21c7f3f05af9c805422619f6b07129f74ba3
W8_Q08_STRUCT_r12/xqry.err	0	e3b0c44298fc1c149afbf4c8996fb92427ae41e4649b934ca495991b7852b855
W8_Q08_STRUCT_r12/xretractor.log	991	918c0910e8c480cdc92ef7cf3b4700a8d81133fe471a5d64b44c5c5de837bf02
W8_Q08_STRUCT_r13/bp_coef.txt	69	99e4619a07797822c5afd34bf9cb88d9bff8f9cd808b0faa0667d07645f978c2
W8_Q08_STRUCT_r13/d_coef.txt	12	39c0f3bc6135e87acf72ebc0aa159dce329436665251fc2a9dc50d0625aa1c6c
W8_Q08_STRUCT_r13/e1_probe.csv	152600	662312f1243ecb3527e3d0083d3ca9f160856981e9fa4d431b4f23a0e0c7e357
W8_Q08_STRUCT_r13/process.txt	47	2997f7edf0978065839684a03ceebf7ffe755b5fff64704ded606806ed6c4b2c
W8_Q08_STRUCT_r13/query.rql	1167	6b5c4b5a679cb9e98ca36907fc7615381a8b7917ed6aae9dad24862122490bb6
W8_Q08_STRUCT_r13/rec205	5200000	baf1f0c860fa35413d455aac56e04004389a5fa64f281a6e58e0b96e4af85ce9
W8_Q08_STRUCT_r13/study.toml	30	d29eeb760c73a10bf13d76141a3d21c7f3f05af9c805422619f6b07129f74ba3
W8_Q08_STRUCT_r13/xqry.err	0	e3b0c44298fc1c149afbf4c8996fb92427ae41e4649b934ca495991b7852b855
W8_Q08_STRUCT_r13/xretractor.log	991	8633f150e08a0b431f4be23cccf123b9cd7b71e5b5f04e5f3e1c938d9b611aab
W8_Q08_STRUCT_r14/bp_coef.txt	69	99e4619a07797822c5afd34bf9cb88d9bff8f9cd808b0faa0667d07645f978c2
W8_Q08_STRUCT_r14/d_coef.txt	12	39c0f3bc6135e87acf72ebc0aa159dce329436665251fc2a9dc50d0625aa1c6c
W8_Q08_STRUCT_r14/e1_probe.csv	152713	df65dc0aec0caffa3584e50d473e98faf38d83acebcfcb53c01ce278a2545184
W8_Q08_STRUCT_r14/process.txt	47	75d34f22fddf1ead98e32ee556208ffcac883b74d4aafd53557fab6b7a488db1
W8_Q08_STRUCT_r14/query.rql	1167	6b5c4b5a679cb9e98ca36907fc7615381a8b7917ed6aae9dad24862122490bb6
W8_Q08_STRUCT_r14/rec205	5200000	baf1f0c860fa35413d455aac56e04004389a5fa64f281a6e58e0b96e4af85ce9
W8_Q08_STRUCT_r14/study.toml	30	d29eeb760c73a10bf13d76141a3d21c7f3f05af9c805422619f6b07129f74ba3
W8_Q08_STRUCT_r14/xqry.err	0	e3b0c44298fc1c149afbf4c8996fb92427ae41e4649b934ca495991b7852b855
W8_Q08_STRUCT_r14/xretractor.log	991	3a8ef4a27b4fca8bd0527e260725423a79a6ee0d2b5fa46143769401854133f2
W8_Q08_STRUCT_r15/bp_coef.txt	69	99e4619a07797822c5afd34bf9cb88d9bff8f9cd808b0faa0667d07645f978c2
W8_Q08_STRUCT_r15/d_coef.txt	12	39c0f3bc6135e87acf72ebc0aa159dce329436665251fc2a9dc50d0625aa1c6c
W8_Q08_STRUCT_r15/e1_probe.csv	152666	24028ebe7f7c732597862152602f451e42b8f67e30ea00546995d058cb2fa68b
W8_Q08_STRUCT_r15/process.txt	47	b358cd5cdcf70b6461dff066063a3555e6a1b9046f91ac55874062a9ee2fb2b2
W8_Q08_STRUCT_r15/query.rql	1167	6b5c4b5a679cb9e98ca36907fc7615381a8b7917ed6aae9dad24862122490bb6
W8_Q08_STRUCT_r15/rec205	5200000	baf1f0c860fa35413d455aac56e04004389a5fa64f281a6e58e0b96e4af85ce9
W8_Q08_STRUCT_r15/study.toml	30	d29eeb760c73a10bf13d76141a3d21c7f3f05af9c805422619f6b07129f74ba3
W8_Q08_STRUCT_r15/xqry.err	0	e3b0c44298fc1c149afbf4c8996fb92427ae41e4649b934ca495991b7852b855
W8_Q08_STRUCT_r15/xretractor.log	991	dde7dcbab3ac152b6e9cebd076c56327fc43b135ff05cc0abbf4ad3d09cba6d7
