F1,M1,26,f1_out_0,-46,0,0
F1,M1,26,f1_out_1,1974,0,0
F1,M1,27,f1_out_0,0,0,0
F1,M1,27,f1_out_1,1973,0,0
F1,M1,28,f1_out_0,44,0,0
F1,M1,28,f1_out_1,1972,0,0
F1,M1,29,f1_out_0,95,0,0
F1,M1,29,f1_out_1,1971,0,0
F1,M1,30,f1_out_0,167,0,0
F1,M1,30,f1_out_1,1970,0,0
F1,M1,31,f1_out_0,231,0,0
F1,M1,31,f1_out_1,1969,0,0
F1,M1,32,f1_out_0,299,0,0
F1,M1,32,f1_out_1,1968,0,0
F1,M1,33,f1_out_0,363,0,0
F1,M1,33,f1_out_1,1967,0,0
F1,M1,34,f1_out_0,414,0,0
F1,M1,34,f1_out_1,1966,0,0
F1,M1,35,f1_out_0,445,0,0
F1,M1,35,f1_out_1,1965,0,0
F1,M1,36,f1_out_0,449,0,0
F1,M1,36,f1_out_1,1964,0,0
F1,M1,37,f1_out_0,421,0,0
F1,M1,37,f1_out_1,1963,0,0
F1,M1,38,f1_out_0,358,0,0
F1,M1,38,f1_out_1,1962,0,0
F1,M1,39,f1_out_0,266,0,0
F1,M1,39,f1_out_1,1961,0,0
F1,M1,40,f1_out_0,150,0,0
F1,M1,40,f1_out_1,1960,0,0
F1,M1,41,f1_out_0,21,0,0
F1,M1,41,f1_out_1,1959,0,0
F1,M1,42,f1_out_0,-107,0,0
F1,M1,42,f1_out_1,1958,0,0
F1,M1,43,f1_out_0,-223,0,0
F1,M1,43,f1_out_1,1957,0,0
F1,M1,44,f1_out_0,-315,0,0
F1,M1,44,f1_out_1,1956,0,0
F1,M1,45,f1_out_0,-377,0,0
F1,M1,45,f1_out_1,1955,0,0
F1,M1,46,f1_out_0,-406,0,0
F1,M1,46,f1_out_1,1954,0,0
F1,M1,47,f1_out_0,-402,0,0
F1,M1,47,f1_out_1,1953,0,0
F1,M1,48,f1_out_0,-371,0,0
F1,M1,48,f1_out_1,1952,0,0
F1,M1,49,f1_out_0,-320,0,0
F1,M1,49,f1_out_1,1951,0,0
F1,M1,50,f1_out_0,-256,0,0
F1,M1,50,f1_out_1,1950,0,0
F1,M1,51,f1_out_0,-188,0,0
F1,M1,51,f1_out_1,1949,0,0
F1,M1,52,f1_out_0,-123,0,0
F1,M1,52,f1_out_1,1948,0,0
F1,M1,53,f1_out_0,-52,0,0
F1,M1,53,f1_out_1,1947,0,0
F1,M1,54,f1_out_0,-1,0,0
F1,M1,54,f1_out_1,1946,0,0
F1,M1,55,f1_out_0,43,0,0
F1,M1,55,f1_out_1,1945,0,0
F1,M1,56,f1_out_0,94,0,0
F1,M1,56,f1_out_1,1944,0,0
F1,M1,57,f1_out_0,165,0,0
F1,M1,57,f1_out_1,1943,0,0
F1,M1,58,f1_out_0,230,0,0
F1,M1,58,f1_out_1,1942,0,0
F1,M1,59,f1_out_0,298,0,0
F1,M1,59,f1_out_1,1941,0,0
F1,M1,60,f1_out_0,362,0,0
F1,M1,60,f1_out_1,1940,0,0
F1,M1,61,f1_out_0,413,0,0
F1,M1,61,f1_out_1,1939,0,0
F1,M1,62,f1_out_0,444,0,0
F1,M1,62,f1_out_1,1938,0,0
F1,M1,63,f1_out_0,448,0,0
F1,M1,63,f1_out_1,1937,0,0
F1,M1,64,f1_out_0,419,0,0
F1,M1,64,f1_out_1,1936,0,0
F1,M1,65,f1_out_0,357,0,0
F1,M1,65,f1_out_1,1935,0,0
F1,M1,66,f1_out_0,264,0,0
F1,M1,66,f1_out_1,1934,0,0
F1,M1,67,f1_out_0,148,0,0
F1,M1,67,f1_out_1,1933,0,0
F1,M1,68,f1_out_0,20,0,0
F1,M1,68,f1_out_1,1932,0,0
F1,M1,69,f1_out_0,-108,0,0
F1,M1,69,f1_out_1,1931,0,0
F1,M1,70,f1_out_0,-224,0,0
F1,M1,70,f1_out_1,1930,0,0
F1,M1,71,f1_out_0,-316,0,0
F1,M1,71,f1_out_1,1929,0,0
F1,M1,72,f1_out_0,-379,0,0
F1,M1,72,f1_out_1,1928,0,0
F1,M1,73,f1_out_0,-407,0,0
F1,M1,73,f1_out_1,1927,0,0
F1,M1,74,f1_out_0,-403,0,0
F1,M1,74,f1_out_1,1926,0,0
F1,M1,75,f1_out_0,-372,0,0
F1,M1,75,f1_out_1,1925,0,0
F1,M1,76,f1_out_0,-321,0,0
F1,M1,76,f1_out_1,1924,0,0
F1,M1,77,f1_out_0,-258,0,0
F1,M1,77,f1_out_1,1923,0,0
F1,M1,78,f1_out_0,-189,0,0
F1,M1,78,f1_out_1,1922,0,0
F1,M1,79,f1_out_0,-125,0,0
F1,M1,79,f1_out_1,1921,0,0
F1,M1,80,f1_out_0,-54,0,0
F1,M1,80,f1_out_1,1920,0,0
F1,M1,81,f1_out_0,-3,0,0
F1,M1,81,f1_out_1,1919,0,0
F1,M1,82,f1_out_0,42,0,0
F1,M1,82,f1_out_1,1918,0,0
F1,M1,83,f1_out_0,93,0,0
F1,M1,83,f1_out_1,1917,0,0
F1,M1,84,f1_out_0,164,0,0
F1,M1,84,f1_out_1,1916,0,0
F1,M1,85,f1_out_0,228,0,0
F1,M1,85,f1_out_1,1915,0,0
F1,M1,86,f1_out_0,297,0,0
F1,M1,86,f1_out_1,1914,0,0
F1,M1,87,f1_out_0,360,0,0
F1,M1,87,f1_out_1,1913,0,0
F1,M1,88,f1_out_0,412,0,0
F1,M1,88,f1_out_1,1912,0,0
F1,M1,89,f1_out_0,443,0,0
F1,M1,89,f1_out_1,1911,0,0
F1,M1,90,f1_out_0,447,0,0
F1,M1,90,f1_out_1,1910,0,0
F1,M1,91,f1_out_0,418,0,0
F1,M1,91,f1_out_1,1909,0,0
F1,M1,92,f1_out_0,356,0,0
F1,M1,92,f1_out_1,1908,0,0
F1,M1,93,f1_out_0,263,0,0
F1,M1,93,f1_out_1,1907,0,0
F1,M1,94,f1_out_0,147,0,0
F1,M1,94,f1_out_1,1906,0,0
F1,M1,95,f1_out_0,19,0,0
F1,M1,95,f1_out_1,1905,0,0
F1,M1,96,f1_out_0,-109,0,0
F1,M1,96,f1_out_1,1904,0,0
F1,M1,97,f1_out_0,-225,0,0
F1,M1,97,f1_out_1,1903,0,0
F1,M1,98,f1_out_0,-318,0,0
F1,M1,98,f1_out_1,1902,0,0
F1,M1,99,f1_out_0,-380,0,0
F1,M1,99,f1_out_1,1901,0,0
F1,M1,100,f1_out_0,-408,0,0
F1,M1,100,f1_out_1,1900,0,0
F1,M1,101,f1_out_0,-405,0,0
F1,M1,101,f1_out_1,1899,0,0
F1,M1,102,f1_out_0,-374,0,0
F1,M1,102,f1_out_1,1898,0,0
F1,M1,103,f1_out_0,-322,0,0
F1,M1,103,f1_out_1,1897,0,0
F1,M1,104,f1_out_0,-259,0,0
F1,M1,104,f1_out_1,1896,0,0
F1,M1,105,f1_out_0,-190,0,0
F1,M1,105,f1_out_1,1895,0,0
F1,M1,106,f1_out_0,-126,0,0
F1,M1,106,f1_out_1,1894,0,0
F1,M1,107,f1_out_0,-55,0,0
F1,M1,107,f1_out_1,1893,0,0
F1,M1,108,f1_out_0,-4,0,0
F1,M1,108,f1_out_1,1892,0,0
F1,M1,109,f1_out_0,41,0,0
F1,M1,109,f1_out_1,1891,0,0
F1,M1,110,f1_out_0,92,0,0
F1,M1,110,f1_out_1,1890,0,0
F1,M1,111,f1_out_0,163,0,0
F1,M1,111,f1_out_1,1889,0,0
F1,M1,112,f1_out_0,227,0,0
F1,M1,112,f1_out_1,1888,0,0
F1,M1,113,f1_out_0,296,0,0
F1,M1,113,f1_out_1,1887,0,0
F1,M1,114,f1_out_0,359,0,0
F1,M1,114,f1_out_1,1886,0,0
F1,M1,115,f1_out_0,410,0,0
F1,M1,115,f1_out_1,1885,0,0
F1,M1,116,f1_out_0,442,0,0
F1,M1,116,f1_out_1,1884,0,0
F1,M1,117,f1_out_0,445,0,0
F1,M1,117,f1_out_1,1883,0,0
F1,M1,118,f1_out_0,417,0,0
F1,M1,118,f1_out_1,1882,0,0
F1,M1,119,f1_out_0,355,0,0
F1,M1,119,f1_out_1,1881,0,0
F1,M1,120,f1_out_0,262,0,0
F1,M1,120,f1_out_1,1880,0,0
F1,M1,121,f1_out_0,146,0,0
F1,M1,121,f1_out_1,1879,0,0
F1,M1,122,f1_out_0,17,0,0
F1,M1,122,f1_out_1,1878,0,0
F1,M1,123,f1_out_0,-110,0,0
F1,M1,123,f1_out_1,1877,0,0
F1,M1,124,f1_out_0,-226,0,0
F1,M1,124,f1_out_1,1876,0,0
F1,M1,125,f1_out_0,-319,0,0
F1,M1,125,f1_out_1,1875,0,0
F1,M1,126,f1_out_0,-381,0,0
F1,M1,126,f1_out_1,1874,0,0
F1,M1,127,f1_out_0,-410,0,0
F1,M1,127,f1_out_1,1873,0,0
F1,M1,128,f1_out_0,-406,0,0
F1,M1,128,f1_out_1,1872,0,0
F1,M1,129,f1_out_0,-375,0,0
F1,M1,129,f1_out_1,1871,0,0
F1,M1,130,f1_out_0,-323,0,0
F1,M1,130,f1_out_1,1870,0,0
F1,M1,131,f1_out_0,-260,0,0
F1,M1,131,f1_out_1,1869,0,0
F1,M1,132,f1_out_0,-191,0,0
F1,M1,132,f1_out_1,1868,0,0
F1,M1,133,f1_out_0,-127,0,0
F1,M1,133,f1_out_1,1867,0,0
F1,M1,134,f1_out_0,-56,0,0
F1,M1,134,f1_out_1,1866,0,0
F1,M1,135,f1_out_0,-5,0,0
F1,M1,135,f1_out_1,1865,0,0
F1,M1,136,f1_out_0,40,0,0
F1,M1,136,f1_out_1,1864,0,0
F1,M1,137,f1_out_0,91,0,0
F1,M1,137,f1_out_1,1863,0,0
F1,M1,138,f1_out_0,162,0,0
F1,M1,138,f1_out_1,1862,0,0
F1,M1,139,f1_out_0,226,0,0
F1,M1,139,f1_out_1,1861,0,0
F1,M1,140,f1_out_0,295,0,0
F1,M1,140,f1_out_1,1860,0,0
F1,M1,141,f1_out_0,358,0,0
F1,M1,141,f1_out_1,1859,0,0
F1,M1,142,f1_out_0,409,0,0
F1,M1,142,f1_out_1,1858,0,0
F1,M1,143,f1_out_0,440,0,0
F1,M1,143,f1_out_1,1857,0,0
F1,M1,144,f1_out_0,444,0,0
F1,M1,144,f1_out_1,1856,0,0
F1,M1,145,f1_out_0,416,0,0
F1,M1,145,f1_out_1,1855,0,0
F1,M1,146,f1_out_0,353,0,0
F1,M1,146,f1_out_1,1854,0,0
F1,M1,147,f1_out_0,261,0,0
F1,M1,147,f1_out_1,1853,0,0
F1,M1,148,f1_out_0,145,0,0
F1,M1,148,f1_out_1,1852,0,0
F1,M1,149,f1_out_0,16,0,0
F1,M1,149,f1_out_1,1851,0,0
F1,M1,150,f1_out_0,-111,0,0
F1,M1,150,f1_out_1,1850,0,0
F1,M1,151,f1_out_0,-227,0,0
F1,M1,151,f1_out_1,1849,0,0
F1,M1,152,f1_out_0,-320,0,0
F1,M1,152,f1_out_1,1848,0,0
F1,M1,153,f1_out_0,-382,0,0
F1,M1,153,f1_out_1,1847,0,0
F1,M1,154,f1_out_0,-411,0,0
F1,M1,154,f1_out_1,1846,0,0
F1,M1,155,f1_out_0,-407,0,0
F1,M1,155,f1_out_1,1845,0,0
F1,M1,156,f1_out_0,-376,0,0
F1,M1,156,f1_out_1,1844,0,0
F1,M1,157,f1_out_0,-325,0,0
F1,M1,157,f1_out_1,1843,0,0
F1,M1,158,f1_out_0,-261,0,0
F1,M1,158,f1_out_1,1842,0,0
F1,M1,159,f1_out_0,-193,0,0
F1,M1,159,f1_out_1,1841,0,0
F1,M1,160,f1_out_0,-128,0,0
F1,M1,160,f1_out_1,1840,0,0
F1,M1,161,f1_out_0,-57,0,0
F1,M1,161,f1_out_1,1839,0,0
F1,M1,162,f1_out_0,-6,0,0
F1,M1,162,f1_out_1,1838,0,0
F1,M1,163,f1_out_0,38,0,0
F1,M1,163,f1_out_1,1837,0,0
F1,M1,164,f1_out_0,89,0,0
F1,M1,164,f1_out_1,1836,0,0
F1,M1,165,f1_out_0,160,0,0
F1,M1,165,f1_out_1,1835,0,0
F1,M1,166,f1_out_0,225,0,0
F1,M1,166,f1_out_1,1834,0,0
F1,M1,167,f1_out_0,293,0,0
F1,M1,167,f1_out_1,1833,0,0
F1,M1,168,f1_out_0,357,0,0
F1,M1,168,f1_out_1,1832,0,0
F1,M1,169,f1_out_0,408,0,0
F1,M1,169,f1_out_1,1831,0,0
F1,M1,170,f1_out_0,439,0,0
F1,M1,170,f1_out_1,1830,0,0
F1,M1,171,f1_out_0,443,0,0
F1,M1,171,f1_out_1,1829,0,0
F1,M1,172,f1_out_0,414,0,0
F1,M1,172,f1_out_1,1828,0,0
F1,M1,173,f1_out_0,352,0,0
F1,M1,173,f1_out_1,1827,0,0
F1,M1,174,f1_out_0,259,0,0
F1,M1,174,f1_out_1,1826,0,0
F1,M1,175,f1_out_0,143,0,0
F1,M1,175,f1_out_1,1825,0,0
F1,M1,176,f1_out_0,15,0,0
F1,M1,176,f1_out_1,1824,0,0
F1,M1,177,f1_out_0,-113,0,0
F1,M1,177,f1_out_1,1823,0,0
F1,M1,178,f1_out_0,-229,0,0
F1,M1,178,f1_out_1,1822,0,0
F1,M1,179,f1_out_0,-321,0,0
F1,M1,179,f1_out_1,1821,0,0
F1,M1,180,f1_out_0,-384,0,0
F1,M1,180,f1_out_1,1820,0,0
F1,M1,181,f1_out_0,-412,0,0
F1,M1,181,f1_out_1,1819,0,0
F1,M1,182,f1_out_0,-408,0,0
F1,M1,182,f1_out_1,1818,0,0
F1,M1,183,f1_out_0,-377,0,0
F1,M1,183,f1_out_1,1817,0,0
F1,M1,184,f1_out_0,-326,0,0
F1,M1,184,f1_out_1,1816,0,0
F1,M1,185,f1_out_0,-262,0,0
F1,M1,185,f1_out_1,1815,0,0
F1,M1,186,f1_out_0,-194,0,0
F1,M1,186,f1_out_1,1814,0,0
F1,M1,187,f1_out_0,-130,0,0
F1,M1,187,f1_out_1,1813,0,0
F1,M1,188,f1_out_0,-59,0,0
F1,M1,188,f1_out_1,1812,0,0
F1,M1,189,f1_out_0,-8,0,0
F1,M1,189,f1_out_1,1811,0,0
F1,M1,190,f1_out_0,37,0,0
F1,M1,190,f1_out_1,1810,0,0
F1,M1,191,f1_out_0,88,0,0
F1,M1,191,f1_out_1,1809,0,0
F1,M1,192,f1_out_0,159,0,0
F1,M1,192,f1_out_1,1808,0,0
F1,M1,193,f1_out_0,224,0,0
F1,M1,193,f1_out_1,1807,0,0
F1,M1,194,f1_out_0,292,0,0
F1,M1,194,f1_out_1,1806,0,0
F1,M1,195,f1_out_0,355,0,0
F1,M1,195,f1_out_1,1805,0,0
F1,M1,196,f1_out_0,407,0,0
F1,M1,196,f1_out_1,1804,0,0
F1,M1,197,f1_out_0,438,0,0
F1,M1,197,f1_out_1,1803,0,0
F1,M1,198,f1_out_0,442,0,0
F1,M1,198,f1_out_1,1802,0,0
F1,M1,199,f1_out_0,413,0,0
F1,M1,199,f1_out_1,1801,0,0
F1,M1,200,f1_out_0,351,0,0
F1,M1,200,f1_out_1,1800,0,0
F1,M1,201,f1_out_0,258,0,0
F1,M1,201,f1_out_1,1799,0,0
F1,M1,202,f1_out_0,142,0,0
F1,M1,202,f1_out_1,1798,0,0
F1,M1,203,f1_out_0,14,0,0
F1,M1,203,f1_out_1,1797,0,0
F1,M1,204,f1_out_0,-114,0,0
F1,M1,204,f1_out_1,1796,0,0
F1,M1,205,f1_out_0,-230,0,0
F1,M1,205,f1_out_1,1795,0,0
F1,M1,206,f1_out_0,-323,0,0
F1,M1,206,f1_out_1,1794,0,0
F1,M1,207,f1_out_0,-385,0,0
F1,M1,207,f1_out_1,1793,0,0
F1,M1,208,f1_out_0,-413,0,0
F1,M1,208,f1_out_1,1792,0,0
F1,M1,209,f1_out_0,-410,0,0
F1,M1,209,f1_out_1,1791,0,0
F1,M1,210,f1_out_0,-378,0,0
F1,M1,210,f1_out_1,1790,0,0
F1,M1,211,f1_out_0,-327,0,0
F1,M1,211,f1_out_1,1789,0,0
F1,M1,212,f1_out_0,-264,0,0
F1,M1,212,f1_out_1,1788,0,0
F1,M1,213,f1_out_0,-195,0,0
F1,M1,213,f1_out_1,1787,0,0
F1,M1,214,f1_out_0,-131,0,0
F1,M1,214,f1_out_1,1786,0,0
F1,M1,215,f1_out_0,-60,0,0
F1,M1,215,f1_out_1,1785,0,0
F1,M1,216,f1_out_0,-9,0,0
F1,M1,216,f1_out_1,1784,0,0
F1,M1,217,f1_out_0,36,0,0
F1,M1,217,f1_out_1,1783,0,0
F1,M1,218,f1_out_0,87,0,0
F1,M1,218,f1_out_1,1782,0,0
F1,M1,219,f1_out_0,158,0,0
F1,M1,219,f1_out_1,1781,0,0
F1,M1,220,f1_out_0,222,0,0
F1,M1,220,f1_out_1,1780,0,0
F1,M1,221,f1_out_0,291,0,0
F1,M1,221,f1_out_1,1779,0,0
F1,M1,222,f1_out_0,354,0,0
F1,M1,222,f1_out_1,1778,0,0
F1,M1,223,f1_out_0,406,0,0
F1,M1,223,f1_out_1,1777,0,0
F1,M1,224,f1_out_0,437,0,0
F1,M1,224,f1_out_1,1776,0,0
F1,M1,225,f1_out_0,441,0,0
F1,M1,225,f1_out_1,1775,0,0
F1,M1,226,f1_out_0,412,0,0
F1,M1,226,f1_out_1,1774,0,0
F1,M1,227,f1_out_0,350,0,0
F1,M1,227,f1_out_1,1773,0,0
F1,M1,228,f1_out_0,257,0,0
F1,M1,228,f1_out_1,1772,0,0
F1,M1,229,f1_out_0,141,0,0
F1,M1,229,f1_out_1,1771,0,0
F1,M1,230,f1_out_0,12,0,0
F1,M1,230,f1_out_1,1770,0,0
F1,M1,231,f1_out_0,-115,0,0
F1,M1,231,f1_out_1,1769,0,0
F1,M1,232,f1_out_0,-231,0,0
F1,M1,232,f1_out_1,1768,0,0
F1,M1,233,f1_out_0,-324,0,0
F1,M1,233,f1_out_1,1767,0,0
F1,M1,234,f1_out_0,-386,0,0
F1,M1,234,f1_out_1,1766,0,0
F1,M1,235,f1_out_0,-415,0,0
F1,M1,235,f1_out_1,1765,0,0
F1,M1,236,f1_out_0,-411,0,0
F1,M1,236,f1_out_1,1764,0,0
F1,M1,237,f1_out_0,-380,0,0
F1,M1,237,f1_out_1,1763,0,0
F1,M1,238,f1_out_0,-328,0,0
F1,M1,238,f1_out_1,1762,0,0
F1,M1,239,f1_out_0,-265,0,0
F1,M1,239,f1_out_1,1761,0,0
F1,M1,240,f1_out_0,-196,0,0
F1,M1,240,f1_out_1,1760,0,0
F1,M1,241,f1_out_0,-132,0,0
F1,M1,241,f1_out_1,1759,0,0
F1,M1,242,f1_out_0,-61,0,0
F1,M1,242,f1_out_1,1758,0,0
F1,M1,243,f1_out_0,-10,0,0
F1,M1,243,f1_out_1,1757,0,0
F1,M1,244,f1_out_0,35,0,0
F1,M1,244,f1_out_1,1756,0,0
F1,M1,245,f1_out_0,86,0,0
F1,M1,245,f1_out_1,1755,0,0
F1,M1,246,f1_out_0,157,0,0
F1,M1,246,f1_out_1,1754,0,0
F1,M1,247,f1_out_0,221,0,0
F1,M1,247,f1_out_1,1753,0,0
F1,M1,248,f1_out_0,290,0,0
F1,M1,248,f1_out_1,1752,0,0
F1,M1,249,f1_out_0,353,0,0
F1,M1,249,f1_out_1,1751,0,0
F1,M1,250,f1_out_0,404,0,0
F1,M1,250,f1_out_1,1750,0,0
F1,M1,251,f1_out_0,436,0,0
F1,M1,251,f1_out_1,1749,0,0
F1,M1,252,f1_out_0,439,0,0
F1,M1,252,f1_out_1,1748,0,0
F1,M1,253,f1_out_0,411,0,0
F1,M1,253,f1_out_1,1747,0,0
F1,M1,254,f1_out_0,349,0,0
F1,M1,254,f1_out_1,1746,0,0
F1,M1,255,f1_out_0,256,0,0
F1,M1,255,f1_out_1,1745,0,0
F1,M1,256,f1_out_0,140,0,0
F1,M1,256,f1_out_1,1744,0,0
F1,M1,257,f1_out_0,11,0,0
F1,M1,257,f1_out_1,1743,0,0
F1,M1,258,f1_out_0,-116,0,0
F1,M1,258,f1_out_1,1742,0,0
F1,M1,259,f1_out_0,-232,0,0
F1,M1,259,f1_out_1,1741,0,0
F1,M1,260,f1_out_0,-325,0,0
F1,M1,260,f1_out_1,1740,0,0
F1,M1,261,f1_out_0,-387,0,0
F1,M1,261,f1_out_1,1739,0,0
F1,M1,262,f1_out_0,-416,0,0
F1,M1,262,f1_out_1,1738,0,0
F1,M1,263,f1_out_0,-412,0,0
F1,M1,263,f1_out_1,1737,0,0
F1,M1,264,f1_out_0,-381,0,0
F1,M1,264,f1_out_1,1736,0,0
F1,M1,265,f1_out_0,-329,0,0
F1,M1,265,f1_out_1,1735,0,0
F1,M1,266,f1_out_0,-266,0,0
F1,M1,266,f1_out_1,1734,0,0
F1,M1,267,f1_out_0,-198,0,0
F1,M1,267,f1_out_1,1733,0,0
F1,M1,268,f1_out_0,-133,0,0
F1,M1,268,f1_out_1,1732,0,0
F1,M1,269,f1_out_0,-62,0,0
F1,M1,269,f1_out_1,1731,0,0
F1,M1,270,f1_out_0,-11,0,0
F1,M1,270,f1_out_1,1730,0,0
F1,M1,271,f1_out_0,33,0,0
F1,M1,271,f1_out_1,1729,0,0
F1,M1,272,f1_out_0,84,0,0
F1,M1,272,f1_out_1,1728,0,0
F1,M1,273,f1_out_0,155,0,0
F1,M1,273,f1_out_1,1727,0,0
F1,M1,274,f1_out_0,220,0,0
F1,M1,274,f1_out_1,1726,0,0
F1,M1,275,f1_out_0,288,0,0
F1,M1,275,f1_out_1,1725,0,0
F1,M1,276,f1_out_0,352,0,0
F1,M1,276,f1_out_1,1724,0,0
F1,M1,277,f1_out_0,403,0,0
F1,M1,277,f1_out_1,1723,0,0
F1,M1,278,f1_out_0,434,0,0
F1,M1,278,f1_out_1,1722,0,0
F1,M1,279,f1_out_0,438,0,0
F1,M1,279,f1_out_1,1721,0,0
F1,M1,280,f1_out_0,409,0,0
F1,M1,280,f1_out_1,1720,0,0
F1,M1,281,f1_out_0,347,0,0
F1,M1,281,f1_out_1,1719,0,0
F1,M1,282,f1_out_0,255,0,0
F1,M1,282,f1_out_1,1718,0,0
F1,M1,283,f1_out_0,139,0,0
F1,M1,283,f1_out_1,1717,0,0
F1,M1,284,f1_out_0,10,0,0
F1,M1,284,f1_out_1,1716,0,0
F1,M1,285,f1_out_0,-118,0,0
F1,M1,285,f1_out_1,1715,0,0
F1,M1,286,f1_out_0,-234,0,0
F1,M1,286,f1_out_1,1714,0,0
F1,M1,287,f1_out_0,-326,0,0
F1,M1,287,f1_out_1,1713,0,0
F1,M1,288,f1_out_0,-389,0,0
F1,M1,288,f1_out_1,1712,0,0
F1,M1,289,f1_out_0,-417,0,0
F1,M1,289,f1_out_1,1711,0,0
F1,M1,290,f1_out_0,-413,0,0
F1,M1,290,f1_out_1,1710,0,0
F1,M1,291,f1_out_0,-382,0,0
F1,M1,291,f1_out_1,1709,0,0
F1,M1,292,f1_out_0,-331,0,0
F1,M1,292,f1_out_1,1708,0,0
F1,M1,293,f1_out_0,-267,0,0
F1,M1,293,f1_out_1,1707,0,0
F1,M1,294,f1_out_0,-199,0,0
F1,M1,294,f1_out_1,1706,0,0
F1,M1,295,f1_out_0,-134,0,0
F1,M1,295,f1_out_1,1705,0,0
F1,M1,296,f1_out_0,-63,0,0
F1,M1,296,f1_out_1,1704,0,0
F1,M1,297,f1_out_0,-12,0,0
F1,M1,297,f1_out_1,1703,0,0
F1,M1,298,f1_out_0,32,0,0
F1,M1,298,f1_out_1,1702,0,0
F1,M1,299,f1_out_0,83,0,0
F1,M1,299,f1_out_1,1701,0,0
F1,M1,300,f1_out_0,154,0,0
F1,M1,300,f1_out_1,1700,0,0
F1,M1,301,f1_out_0,219,0,0
F1,M1,301,f1_out_1,1699,0,0
F1,M1,302,f1_out_0,287,0,0
F1,M1,302,f1_out_1,1698,0,0
F1,M1,303,f1_out_0,350,0,0
F1,M1,303,f1_out_1,1697,0,0
F1,M1,304,f1_out_0,402,0,0
F1,M1,304,f1_out_1,1696,0,0
F1,M1,305,f1_out_0,433,0,0
F1,M1,305,f1_out_1,1695,0,0
F1,M1,306,f1_out_0,437,0,0
F1,M1,306,f1_out_1,1694,0,0
F1,M1,307,f1_out_0,408,0,0
F1,M1,307,f1_out_1,1693,0,0
F1,M1,308,f1_out_0,346,0,0
F1,M1,308,f1_out_1,1692,0,0
F1,M1,309,f1_out_0,253,0,0
F1,M1,309,f1_out_1,1691,0,0
F1,M1,310,f1_out_0,137,0,0
F1,M1,310,f1_out_1,1690,0,0
F1,M1,311,f1_out_0,9,0,0
F1,M1,311,f1_out_1,1689,0,0
F1,M1,312,f1_out_0,-119,0,0
F1,M1,312,f1_out_1,1688,0,0
F1,M1,313,f1_out_0,-235,0,0
F1,M1,313,f1_out_1,1687,0,0
F1,M1,314,f1_out_0,-328,0,0
F1,M1,314,f1_out_1,1686,0,0
F1,M1,315,f1_out_0,-390,0,0
F1,M1,315,f1_out_1,1685,0,0
F1,M1,316,f1_out_0,-418,0,0
F1,M1,316,f1_out_1,1684,0,0
F1,M1,317,f1_out_0,-415,0,0
F1,M1,317,f1_out_1,1683,0,0
F1,M1,318,f1_out_0,-383,0,0
F1,M1,318,f1_out_1,1682,0,0
F1,M1,319,f1_out_0,-332,0,0
F1,M1,319,f1_out_1,1681,0,0
F1,M1,320,f1_out_0,-269,0,0
F1,M1,320,f1_out_1,1680,0,0
F1,M1,321,f1_out_0,-200,0,0
F1,M1,321,f1_out_1,1679,0,0
F1,M1,322,f1_out_0,-136,0,0
F1,M1,322,f1_out_1,1678,0,0
F1,M1,323,f1_out_0,-65,0,0
F1,M1,323,f1_out_1,1677,0,0
F1,M1,324,f1_out_0,-14,0,0
F1,M1,324,f1_out_1,1676,0,0
F1,M1,325,f1_out_0,31,0,0
F1,M1,325,f1_out_1,1675,0,0
F1,M1,326,f1_out_0,82,0,0
F1,M1,326,f1_out_1,1674,0,0
F1,M1,327,f1_out_0,153,0,0
F1,M1,327,f1_out_1,1673,0,0
F1,M1,328,f1_out_0,217,0,0
F1,M1,328,f1_out_1,1672,0,0
F1,M1,329,f1_out_0,286,0,0
F1,M1,329,f1_out_1,1671,0,0
F1,M1,330,f1_out_0,349,0,0
F1,M1,330,f1_out_1,1670,0,0
F1,M1,331,f1_out_0,401,0,0
F1,M1,331,f1_out_1,1669,0,0
F1,M1,332,f1_out_0,432,0,0
F1,M1,332,f1_out_1,1668,0,0
F1,M1,333,f1_out_0,436,0,0
F1,M1,333,f1_out_1,1667,0,0
F1,M1,334,f1_out_0,407,0,0
F1,M1,334,f1_out_1,1666,0,0
F1,M1,335,f1_out_0,345,0,0
F1,M1,335,f1_out_1,1665,0,0
F1,M1,336,f1_out_0,252,0,0
F1,M1,336,f1_out_1,1664,0,0
F1,M1,337,f1_out_0,136,0,0
F1,M1,337,f1_out_1,1663,0,0
F1,M1,338,f1_out_0,8,0,0
F1,M1,338,f1_out_1,1662,0,0
F1,M1,339,f1_out_0,-120,0,0
F1,M1,339,f1_out_1,1661,0,0
F1,M1,340,f1_out_0,-236,0,0
F1,M1,340,f1_out_1,1660,0,0
F1,M1,341,f1_out_0,-329,0,0
F1,M1,341,f1_out_1,1659,0,0
F1,M1,342,f1_out_0,-391,0,0
F1,M1,342,f1_out_1,1658,0,0
F1,M1,343,f1_out_0,-420,0,0
F1,M1,343,f1_out_1,1657,0,0
F1,M1,344,f1_out_0,-416,0,0
F1,M1,344,f1_out_1,1656,0,0
F1,M1,345,f1_out_0,-385,0,0
F1,M1,345,f1_out_1,1655,0,0
F1,M1,346,f1_out_0,-333,0,0
F1,M1,346,f1_out_1,1654,0,0
F1,M1,347,f1_out_0,-270,0,0
F1,M1,347,f1_out_1,1653,0,0
F1,M1,348,f1_out_0,-201,0,0
F1,M1,348,f1_out_1,1652,0,0
F1,M1,349,f1_out_0,-137,0,0
F1,M1,349,f1_out_1,1651,0,0
F1,M1,350,f1_out_0,-66,0,0
F1,M1,350,f1_out_1,1650,0,0
F1,M1,351,f1_out_0,-15,0,0
F1,M1,351,f1_out_1,1649,0,0
F1,M1,352,f1_out_0,30,0,0
F1,M1,352,f1_out_1,1648,0,0
F1,M1,353,f1_out_0,81,0,0
F1,M1,353,f1_out_1,1647,0,0
F1,M1,354,f1_out_0,152,0,0
F1,M1,354,f1_out_1,1646,0,0
F1,M1,355,f1_out_0,216,0,0
F1,M1,355,f1_out_1,1645,0,0
F1,M1,356,f1_out_0,285,0,0
F1,M1,356,f1_out_1,1644,0,0
F1,M1,357,f1_out_0,348,0,0
F1,M1,357,f1_out_1,1643,0,0
F1,M1,358,f1_out_0,399,0,0
F1,M1,358,f1_out_1,1642,0,0
F1,M1,359,f1_out_0,431,0,0
F1,M1,359,f1_out_1,1641,0,0
F1,M1,360,f1_out_0,434,0,0
F1,M1,360,f1_out_1,1640,0,0
F1,M1,361,f1_out_0,406,0,0
F1,M1,361,f1_out_1,1639,0,0
F1,M1,362,f1_out_0,344,0,0
F1,M1,362,f1_out_1,1638,0,0
F1,M1,363,f1_out_0,251,0,0
F1,M1,363,f1_out_1,1637,0,0
F1,M1,364,f1_out_0,135,0,0
F1,M1,364,f1_out_1,1636,0,0
F1,M1,365,f1_out_0,6,0,0
F1,M1,365,f1_out_1,1635,0,0
F1,M1,366,f1_out_0,-121,0,0
F1,M1,366,f1_out_1,1634,0,0
F1,M1,367,f1_out_0,-237,0,0
F1,M1,367,f1_out_1,1633,0,0
F1,M1,368,f1_out_0,-330,0,0
F1,M1,368,f1_out_1,1632,0,0
F1,M1,369,f1_out_0,-392,0,0
F1,M1,369,f1_out_1,1631,0,0
F1,M1,370,f1_out_0,-421,0,0
F1,M1,370,f1_out_1,1630,0,0
F1,M1,371,f1_out_0,-417,0,0
F1,M1,371,f1_out_1,1629,0,0
F1,M1,372,f1_out_0,-386,0,0
F1,M1,372,f1_out_1,1628,0,0
F1,M1,373,f1_out_0,-334,0,0
F1,M1,373,f1_out_1,1627,0,0
F1,M1,374,f1_out_0,-271,0,0
F1,M1,374,f1_out_1,1626,0,0
F1,M1,375,f1_out_0,-203,0,0
F1,M1,375,f1_out_1,1625,0,0
F1,M1,376,f1_out_0,-138,0,0
F1,M1,376,f1_out_1,1624,0,0
F1,M1,377,f1_out_0,-67,0,0
F1,M1,377,f1_out_1,1623,0,0
F1,M1,378,f1_out_0,-16,0,0
F1,M1,378,f1_out_1,1622,0,0
F1,M1,379,f1_out_0,28,0,0
F1,M1,379,f1_out_1,1621,0,0
F1,M1,380,f1_out_0,79,0,0
F1,M1,380,f1_out_1,1620,0,0
F1,M1,381,f1_out_0,151,0,0
F1,M1,381,f1_out_1,1619,0,0
F1,M1,382,f1_out_0,215,0,0
F1,M1,382,f1_out_1,1618,0,0
F1,M1,383,f1_out_0,283,0,0
F1,M1,383,f1_out_1,1617,0,0
F1,M1,384,f1_out_0,347,0,0
F1,M1,384,f1_out_1,1616,0,0
F1,M1,385,f1_out_0,398,0,0
F1,M1,385,f1_out_1,1615,0,0
F1,M1,386,f1_out_0,429,0,0
F1,M1,386,f1_out_1,1614,0,0
F1,M1,387,f1_out_0,433,0,0
F1,M1,387,f1_out_1,1613,0,0
F1,M1,388,f1_out_0,405,0,0
F1,M1,388,f1_out_1,1612,0,0
F1,M1,389,f1_out_0,342,0,0
F1,M1,389,f1_out_1,1611,0,0
F1,M1,390,f1_out_0,250,0,0
F1,M1,390,f1_out_1,1610,0,0
F1,M1,391,f1_out_0,134,0,0
F1,M1,391,f1_out_1,1609,0,0
F1,M1,392,f1_out_0,5,0,0
F1,M1,392,f1_out_1,1608,0,0
F1,M1,393,f1_out_0,-123,0,0
F1,M1,393,f1_out_1,1607,0,0
F1,M1,394,f1_out_0,-239,0,0
F1,M1,394,f1_out_1,1606,0,0
F1,M1,395,f1_out_0,-331,0,0
F1,M1,395,f1_out_1,1605,0,0
F1,M1,396,f1_out_0,-393,0,0
F1,M1,396,f1_out_1,1604,0,0
F1,M1,397,f1_out_0,-422,0,0
F1,M1,397,f1_out_1,1603,0,0
F1,M1,398,f1_out_0,-418,0,0
F1,M1,398,f1_out_1,1602,0,0
F1,M1,399,f1_out_0,-387,0,0
F1,M1,399,f1_out_1,1601,0,0
F1,M1,400,f1_out_0,-336,0,0
F1,M1,400,f1_out_1,1600,0,0
F1,M1,401,f1_out_0,-272,0,0
F1,M1,401,f1_out_1,1599,0,0
F1,M1,402,f1_out_0,-204,0,0
F1,M1,402,f1_out_1,1598,0,0
F1,M1,403,f1_out_0,-139,0,0
F1,M1,403,f1_out_1,1597,0,0
F1,M1,404,f1_out_0,-68,0,0
F1,M1,404,f1_out_1,1596,0,0
F1,M1,405,f1_out_0,-17,0,0
F1,M1,405,f1_out_1,1595,0,0
F1,M1,406,f1_out_0,27,0,0
F1,M1,406,f1_out_1,1594,0,0
F1,M1,407,f1_out_0,78,0,0
F1,M1,407,f1_out_1,1593,0,0
F1,M1,408,f1_out_0,149,0,0
F1,M1,408,f1_out_1,1592,0,0
F1,M1,409,f1_out_0,214,0,0
F1,M1,409,f1_out_1,1591,0,0
F1,M1,410,f1_out_0,282,0,0
F1,M1,410,f1_out_1,1590,0,0
F1,M1,411,f1_out_0,346,0,0
F1,M1,411,f1_out_1,1589,0,0
F1,M1,412,f1_out_0,397,0,0
F1,M1,412,f1_out_1,1588,0,0
F1,M1,413,f1_out_0,428,0,0
F1,M1,413,f1_out_1,1587,0,0
F1,M1,414,f1_out_0,432,0,0
F1,M1,414,f1_out_1,1586,0,0
F1,M1,415,f1_out_0,403,0,0
F1,M1,415,f1_out_1,1585,0,0
F1,M1,416,f1_out_0,341,0,0
F1,M1,416,f1_out_1,1584,0,0
F1,M1,417,f1_out_0,248,0,0
F1,M1,417,f1_out_1,1583,0,0
F1,M1,418,f1_out_0,132,0,0
F1,M1,418,f1_out_1,1582,0,0
F1,M1,419,f1_out_0,4,0,0
F1,M1,419,f1_out_1,1581,0,0
F1,M1,420,f1_out_0,-124,0,0
F1,M1,420,f1_out_1,1580,0,0
F1,M1,421,f1_out_0,-240,0,0
F1,M1,421,f1_out_1,1579,0,0
F1,M1,422,f1_out_0,-332,0,0
F1,M1,422,f1_out_1,1578,0,0
F1,M1,423,f1_out_0,-395,0,0
F1,M1,423,f1_out_1,1577,0,0
F1,M1,424,f1_out_0,-423,0,0
F1,M1,424,f1_out_1,1576,0,0
F1,M1,425,f1_out_0,-419,0,0
F1,M1,425,f1_out_1,1575,0,0
F1,M1,426,f1_out_0,-388,0,0
F1,M1,426,f1_out_1,1574,0,0
F1,M1,427,f1_out_0,-337,0,0
F1,M1,427,f1_out_1,1573,0,0
F1,M1,428,f1_out_0,-274,0,0
F1,M1,428,f1_out_1,1572,0,0
F1,M1,429,f1_out_0,-205,0,0
F1,M1,429,f1_out_1,1571,0,0
F1,M1,430,f1_out_0,-141,0,0
F1,M1,430,f1_out_1,1570,0,0
F1,M1,431,f1_out_0,-70,0,0
F1,M1,431,f1_out_1,1569,0,0
F1,M1,432,f1_out_0,-19,0,0
F1,M1,432,f1_out_1,1568,0,0
F1,M1,433,f1_out_0,26,0,0
F1,M1,433,f1_out_1,1567,0,0
F1,M1,434,f1_out_0,77,0,0
F1,M1,434,f1_out_1,1566,0,0
F1,M1,435,f1_out_0,148,0,0
F1,M1,435,f1_out_1,1565,0,0
F1,M1,436,f1_out_0,212,0,0
F1,M1,436,f1_out_1,1564,0,0
F1,M1,437,f1_out_0,281,0,0
F1,M1,437,f1_out_1,1563,0,0
F1,M1,438,f1_out_0,344,0,0
F1,M1,438,f1_out_1,1562,0,0
F1,M1,439,f1_out_0,396,0,0
F1,M1,439,f1_out_1,1561,0,0
F1,M1,440,f1_out_0,427,0,0
F1,M1,440,f1_out_1,1560,0,0
F1,M1,441,f1_out_0,431,0,0
F1,M1,441,f1_out_1,1559,0,0
F1,M1,442,f1_out_0,402,0,0
F1,M1,442,f1_out_1,1558,0,0
F1,M1,443,f1_out_0,340,0,0
F1,M1,443,f1_out_1,1557,0,0
F1,M1,444,f1_out_0,247,0,0
F1,M1,444,f1_out_1,1556,0,0
F1,M1,445,f1_out_0,131,0,0
F1,M1,445,f1_out_1,1555,0,0
F1,M1,446,f1_out_0,3,0,0
F1,M1,446,f1_out_1,1554,0,0
F1,M1,447,f1_out_0,-125,0,0
F1,M1,447,f1_out_1,1553,0,0
F1,M1,448,f1_out_0,-241,0,0
F1,M1,448,f1_out_1,1552,0,0
F1,M1,449,f1_out_0,-334,0,0
F1,M1,449,f1_out_1,1551,0,0
F1,M1,450,f1_out_0,-396,0,0
F1,M1,450,f1_out_1,1550,0,0
F1,M1,451,f1_out_0,-424,0,0
F1,M1,451,f1_out_1,1549,0,0
F1,M1,452,f1_out_0,-421,0,0
F1,M1,452,f1_out_1,1548,0,0
F1,M1,453,f1_out_0,-390,0,0
F1,M1,453,f1_out_1,1547,0,0
F1,M1,454,f1_out_0,-338,0,0
F1,M1,454,f1_out_1,1546,0,0
F1,M1,455,f1_out_0,-275,0,0
F1,M1,455,f1_out_1,1545,0,0
F1,M1,456,f1_out_0,-206,0,0
F1,M1,456,f1_out_1,1544,0,0
F1,M1,457,f1_out_0,-142,0,0
F1,M1,457,f1_out_1,1543,0,0
F1,M1,458,f1_out_0,-71,0,0
F1,M1,458,f1_out_1,1542,0,0
F1,M1,459,f1_out_0,-20,0,0
F1,M1,459,f1_out_1,1541,0,0
F1,M1,460,f1_out_0,25,0,0
F1,M1,460,f1_out_1,1540,0,0
F1,M1,461,f1_out_0,76,0,0
F1,M1,461,f1_out_1,1539,0,0
F1,M1,462,f1_out_0,147,0,0
F1,M1,462,f1_out_1,1538,0,0
F1,M1,463,f1_out_0,211,0,0
F1,M1,463,f1_out_1,1537,0,0
F1,M1,464,f1_out_0,280,0,0
F1,M1,464,f1_out_1,1536,0,0
F1,M1,465,f1_out_0,343,0,0
F1,M1,465,f1_out_1,1535,0,0
F1,M1,466,f1_out_0,394,0,0
F1,M1,466,f1_out_1,1534,0,0
F1,M1,467,f1_out_0,426,0,0
F1,M1,467,f1_out_1,1533,0,0
F1,M1,468,f1_out_0,429,0,0
F1,M1,468,f1_out_1,1532,0,0
F1,M1,469,f1_out_0,401,0,0
F1,M1,469,f1_out_1,1531,0,0
F1,M1,470,f1_out_0,339,0,0
F1,M1,470,f1_out_1,1530,0,0
F1,M1,471,f1_out_0,246,0,0
F1,M1,471,f1_out_1,1529,0,0
F1,M1,472,f1_out_0,130,0,0
F1,M1,472,f1_out_1,1528,0,0
F1,M1,473,f1_out_0,1,0,0
F1,M1,473,f1_out_1,1527,0,0
F1,M1,474,f1_out_0,-126,0,0
F1,M1,474,f1_out_1,1526,0,0
F1,M1,475,f1_out_0,-242,0,0
F1,M1,475,f1_out_1,1525,0,0
F1,M1,476,f1_out_0,-335,0,0
F1,M1,476,f1_out_1,1524,0,0
F1,M1,477,f1_out_0,-397,0,0
F1,M1,477,f1_out_1,1523,0,0
F1,M1,478,f1_out_0,-426,0,0
F1,M1,478,f1_out_1,1522,0,0
F1,M1,479,f1_out_0,-422,0,0
F1,M1,479,f1_out_1,1521,0,0
F1,M1,480,f1_out_0,-391,0,0
F1,M1,480,f1_out_1,1520,0,0
F1,M1,481,f1_out_0,-339,0,0
F1,M1,481,f1_out_1,1519,0,0
F1,M1,482,f1_out_0,-276,0,0
F1,M1,482,f1_out_1,1518,0,0
F1,M1,483,f1_out_0,-207,0,0
F1,M1,483,f1_out_1,1517,0,0
F1,M1,484,f1_out_0,-143,0,0
F1,M1,484,f1_out_1,1516,0,0
F1,M1,485,f1_out_0,-72,0,0
F1,M1,485,f1_out_1,1515,0,0
F1,M1,486,f1_out_0,-21,0,0
F1,M1,486,f1_out_1,1514,0,0
F1,M1,487,f1_out_0,24,0,0
F1,M1,487,f1_out_1,1513,0,0
F1,M1,488,f1_out_0,75,0,0
F1,M1,488,f1_out_1,1512,0,0
F1,M1,489,f1_out_0,146,0,0
F1,M1,489,f1_out_1,1511,0,0
F1,M1,490,f1_out_0,210,0,0
F1,M1,490,f1_out_1,1510,0,0
F1,M1,491,f1_out_0,279,0,0
F1,M1,491,f1_out_1,1509,0,0
F1,M1,492,f1_out_0,342,0,0
F1,M1,492,f1_out_1,1508,0,0
F1,M1,493,f1_out_0,393,0,0
F1,M1,493,f1_out_1,1507,0,0
F1,M1,494,f1_out_0,424,0,0
F1,M1,494,f1_out_1,1506,0,0
F1,M1,495,f1_out_0,428,0,0
F1,M1,495,f1_out_1,1505,0,0
F1,M1,496,f1_out_0,400,0,0
F1,M1,496,f1_out_1,1504,0,0
F1,M1,497,f1_out_0,337,0,0
F1,M1,497,f1_out_1,1503,0,0
F1,M1,498,f1_out_0,245,0,0
F1,M1,498,f1_out_1,1502,0,0
F1,M1,499,f1_out_0,129,0,0
F1,M1,499,f1_out_1,1501,0,0
F1,M1,500,f1_out_0,0,0,0
F1,M1,500,f1_out_1,1500,0,0
F1,M1,501,f1_out_0,-127,0,0
F1,M1,501,f1_out_1,1499,0,0
F1,M1,502,f1_out_0,-243,0,0
F1,M1,502,f1_out_1,1498,0,0
F1,M1,503,f1_out_0,-336,0,0
F1,M1,503,f1_out_1,1497,0,0
F1,M1,504,f1_out_0,-398,0,0
F1,M1,504,f1_out_1,1496,0,0
F1,M1,505,f1_out_0,-427,0,0
F1,M1,505,f1_out_1,1495,0,0
F1,M1,506,f1_out_0,-423,0,0
F1,M1,506,f1_out_1,1494,0,0
F1,M1,507,f1_out_0,-392,0,0
F1,M1,507,f1_out_1,1493,0,0
F1,M1,508,f1_out_0,-341,0,0
F1,M1,508,f1_out_1,1492,0,0
F1,M1,509,f1_out_0,-277,0,0
F1,M1,509,f1_out_1,1491,0,0
F1,M1,510,f1_out_0,-209,0,0
F1,M1,510,f1_out_1,1490,0,0
F1,M1,511,f1_out_0,-144,0,0
F1,M1,511,f1_out_1,1489,0,0
F1,M1,512,f1_out_0,-73,0,0
F1,M1,512,f1_out_1,1488,0,0
F1,M1,513,f1_out_0,-22,0,0
F1,M1,513,f1_out_1,1487,0,0
F1,M1,514,f1_out_0,22,0,0
F1,M1,514,f1_out_1,1486,0,0
F1,M1,515,f1_out_0,73,0,0
F1,M1,515,f1_out_1,1485,0,0
F1,M1,516,f1_out_0,144,0,0
F1,M1,516,f1_out_1,1484,0,0
F1,M1,517,f1_out_0,209,0,0
F1,M1,517,f1_out_1,1483,0,0
F1,M1,518,f1_out_0,277,0,0
F1,M1,518,f1_out_1,1482,0,0
F1,M1,519,f1_out_0,341,0,0
F1,M1,519,f1_out_1,1481,0,0
F1,M1,520,f1_out_0,392,0,0
F1,M1,520,f1_out_1,1480,0,0
F1,M1,521,f1_out_0,423,0,0
F1,M1,521,f1_out_1,1479,0,0
F1,M1,522,f1_out_0,427,0,0
F1,M1,522,f1_out_1,1478,0,0
F1,M1,523,f1_out_0,398,0,0
F1,M1,523,f1_out_1,1477,0,0
F1,M1,524,f1_out_0,336,0,0
F1,M1,524,f1_out_1,1476,0,0
F1,M1,525,f1_out_0,243,0,0
F1,M1,525,f1_out_1,1475,0,0
F1,M1,526,f1_out_0,127,0,0
F1,M1,526,f1_out_1,1474,0,0
F1,M1,527,f1_out_0,0,0,0
F1,M1,527,f1_out_1,1473,0,0
F1,M1,528,f1_out_0,-129,0,0
F1,M1,528,f1_out_1,1472,0,0
F1,M1,529,f1_out_0,-245,0,0
F1,M1,529,f1_out_1,1471,0,0
F1,M1,530,f1_out_0,-337,0,0
F1,M1,530,f1_out_1,1470,0,0
F1,M1,531,f1_out_0,-400,0,0
F1,M1,531,f1_out_1,1469,0,0
F1,M1,532,f1_out_0,-428,0,0
F1,M1,532,f1_out_1,1468,0,0
F1,M1,533,f1_out_0,-424,0,0
F1,M1,533,f1_out_1,1467,0,0
F1,M1,534,f1_out_0,-393,0,0
F1,M1,534,f1_out_1,1466,0,0
F1,M1,535,f1_out_0,-342,0,0
F1,M1,535,f1_out_1,1465,0,0
F1,M1,536,f1_out_0,-279,0,0
F1,M1,536,f1_out_1,1464,0,0
F1,M1,537,f1_out_0,-210,0,0
F1,M1,537,f1_out_1,1463,0,0
F1,M1,538,f1_out_0,-146,0,0
F1,M1,538,f1_out_1,1462,0,0
F1,M1,539,f1_out_0,-75,0,0
F1,M1,539,f1_out_1,1461,0,0
F1,M1,540,f1_out_0,-24,0,0
F1,M1,540,f1_out_1,1460,0,0
F1,M1,541,f1_out_0,21,0,0
F1,M1,541,f1_out_1,1459,0,0
F1,M1,542,f1_out_0,72,0,0
F1,M1,542,f1_out_1,1458,0,0
F1,M1,543,f1_out_0,143,0,0
F1,M1,543,f1_out_1,1457,0,0
F1,M1,544,f1_out_0,207,0,0
F1,M1,544,f1_out_1,1456,0,0
F1,M1,545,f1_out_0,276,0,0
F1,M1,545,f1_out_1,1455,0,0
F1,M1,546,f1_out_0,339,0,0
F1,M1,546,f1_out_1,1454,0,0
F1,M1,547,f1_out_0,391,0,0
F1,M1,547,f1_out_1,1453,0,0
F1,M1,548,f1_out_0,422,0,0
F1,M1,548,f1_out_1,1452,0,0
F1,M1,549,f1_out_0,426,0,0
F1,M1,549,f1_out_1,1451,0,0
F1,M1,550,f1_out_0,397,0,0
F1,M1,550,f1_out_1,1450,0,0
F1,M1,551,f1_out_0,335,0,0
F1,M1,551,f1_out_1,1449,0,0
F1,M1,552,f1_out_0,242,0,0
F1,M1,552,f1_out_1,1448,0,0
F1,M1,553,f1_out_0,126,0,0
F1,M1,553,f1_out_1,1447,0,0
F1,M1,554,f1_out_0,-1,0,0
F1,M1,554,f1_out_1,1446,0,0
F1,M1,555,f1_out_0,-130,0,0
F1,M1,555,f1_out_1,1445,0,0
F1,M1,556,f1_out_0,-246,0,0
F1,M1,556,f1_out_1,1444,0,0
F1,M1,557,f1_out_0,-339,0,0
F1,M1,557,f1_out_1,1443,0,0
F1,M1,558,f1_out_0,-401,0,0
F1,M1,558,f1_out_1,1442,0,0
F1,M1,559,f1_out_0,-429,0,0
F1,M1,559,f1_out_1,1441,0,0
F1,M1,560,f1_out_0,-426,0,0
F1,M1,560,f1_out_1,1440,0,0
F1,M1,561,f1_out_0,-394,0,0
F1,M1,561,f1_out_1,1439,0,0
F1,M1,562,f1_out_0,-343,0,0
F1,M1,562,f1_out_1,1438,0,0
F1,M1,563,f1_out_0,-280,0,0
F1,M1,563,f1_out_1,1437,0,0
F1,M1,564,f1_out_0,-211,0,0
F1,M1,564,f1_out_1,1436,0,0
F1,M1,565,f1_out_0,-147,0,0
F1,M1,565,f1_out_1,1435,0,0
F1,M1,566,f1_out_0,-76,0,0
F1,M1,566,f1_out_1,1434,0,0
F1,M1,567,f1_out_0,-25,0,0
F1,M1,567,f1_out_1,1433,0,0
F1,M1,568,f1_out_0,20,0,0
F1,M1,568,f1_out_1,1432,0,0
F1,M1,569,f1_out_0,71,0,0
F1,M1,569,f1_out_1,1431,0,0
F1,M1,570,f1_out_0,142,0,0
F1,M1,570,f1_out_1,1430,0,0
F1,M1,571,f1_out_0,206,0,0
F1,M1,571,f1_out_1,1429,0,0
F1,M1,572,f1_out_0,275,0,0
F1,M1,572,f1_out_1,1428,0,0
F1,M1,573,f1_out_0,338,0,0
F1,M1,573,f1_out_1,1427,0,0
F1,M1,574,f1_out_0,390,0,0
F1,M1,574,f1_out_1,1426,0,0
F1,M1,575,f1_out_0,421,0,0
F1,M1,575,f1_out_1,1425,0,0
F1,M1,576,f1_out_0,424,0,0
F1,M1,576,f1_out_1,1424,0,0
F1,M1,577,f1_out_0,396,0,0
F1,M1,577,f1_out_1,1423,0,0
F1,M1,578,f1_out_0,334,0,0
F1,M1,578,f1_out_1,1422,0,0
F1,M1,579,f1_out_0,241,0,0
F1,M1,579,f1_out_1,1421,0,0
F1,M1,580,f1_out_0,125,0,0
F1,M1,580,f1_out_1,1420,0,0
F1,M1,581,f1_out_0,-3,0,0
F1,M1,581,f1_out_1,1419,0,0
F1,M1,582,f1_out_0,-131,0,0
F1,M1,582,f1_out_1,1418,0,0
F1,M1,583,f1_out_0,-247,0,0
F1,M1,583,f1_out_1,1417,0,0
F1,M1,584,f1_out_0,-340,0,0
F1,M1,584,f1_out_1,1416,0,0
F1,M1,585,f1_out_0,-402,0,0
F1,M1,585,f1_out_1,1415,0,0
F1,M1,586,f1_out_0,-431,0,0
F1,M1,586,f1_out_1,1414,0,0
F1,M1,587,f1_out_0,-427,0,0
F1,M1,587,f1_out_1,1413,0,0
F1,M1,588,f1_out_0,-396,0,0
F1,M1,588,f1_out_1,1412,0,0
F1,M1,589,f1_out_0,-344,0,0
F1,M1,589,f1_out_1,1411,0,0
F1,M1,590,f1_out_0,-281,0,0
F1,M1,590,f1_out_1,1410,0,0
F1,M1,591,f1_out_0,-212,0,0
F1,M1,591,f1_out_1,1409,0,0
F1,M1,592,f1_out_0,-148,0,0
F1,M1,592,f1_out_1,1408,0,0
F1,M1,593,f1_out_0,-77,0,0
F1,M1,593,f1_out_1,1407,0,0
F1,M1,594,f1_out_0,-26,0,0
F1,M1,594,f1_out_1,1406,0,0
F1,M1,595,f1_out_0,19,0,0
F1,M1,595,f1_out_1,1405,0,0
F1,M1,596,f1_out_0,70,0,0
F1,M1,596,f1_out_1,1404,0,0
F1,M1,597,f1_out_0,141,0,0
F1,M1,597,f1_out_1,1403,0,0
F1,M1,598,f1_out_0,205,0,0
F1,M1,598,f1_out_1,1402,0,0
F1,M1,599,f1_out_0,274,0,0
F1,M1,599,f1_out_1,1401,0,0
F1,M1,600,f1_out_0,337,0,0
F1,M1,600,f1_out_1,1400,0,0
F1,M1,601,f1_out_0,388,0,0
F1,M1,601,f1_out_1,1399,0,0
F1,M1,602,f1_out_0,419,0,0
F1,M1,602,f1_out_1,1398,0,0
F1,M1,603,f1_out_0,423,0,0
F1,M1,603,f1_out_1,1397,0,0
F1,M1,604,f1_out_0,395,0,0
F1,M1,604,f1_out_1,1396,0,0
F1,M1,605,f1_out_0,332,0,0
F1,M1,605,f1_out_1,1395,0,0
F1,M1,606,f1_out_0,240,0,0
F1,M1,606,f1_out_1,1394,0,0
F1,M1,607,f1_out_0,124,0,0
F1,M1,607,f1_out_1,1393,0,0
F1,M1,608,f1_out_0,-4,0,0
F1,M1,608,f1_out_1,1392,0,0
F1,M1,609,f1_out_0,-132,0,0
F1,M1,609,f1_out_1,1391,0,0
F1,M1,610,f1_out_0,-248,0,0
F1,M1,610,f1_out_1,1390,0,0
F1,M1,611,f1_out_0,-341,0,0
F1,M1,611,f1_out_1,1389,0,0
F1,M1,612,f1_out_0,-403,0,0
F1,M1,612,f1_out_1,1388,0,0
F1,M1,613,f1_out_0,-432,0,0
F1,M1,613,f1_out_1,1387,0,0
F1,M1,614,f1_out_0,-428,0,0
F1,M1,614,f1_out_1,1386,0,0
F1,M1,615,f1_out_0,-397,0,0
F1,M1,615,f1_out_1,1385,0,0
F1,M1,616,f1_out_0,-346,0,0
F1,M1,616,f1_out_1,1384,0,0
F1,M1,617,f1_out_0,-282,0,0
F1,M1,617,f1_out_1,1383,0,0
F1,M1,618,f1_out_0,-214,0,0
F1,M1,618,f1_out_1,1382,0,0
F1,M1,619,f1_out_0,-149,0,0
F1,M1,619,f1_out_1,1381,0,0
F1,M1,620,f1_out_0,-78,0,0
F1,M1,620,f1_out_1,1380,0,0
F1,M1,621,f1_out_0,-27,0,0
F1,M1,621,f1_out_1,1379,0,0
F1,M1,622,f1_out_0,17,0,0
F1,M1,622,f1_out_1,1378,0,0
F1,M1,623,f1_out_0,68,0,0
F1,M1,623,f1_out_1,1377,0,0
F1,M1,624,f1_out_0,139,0,0
F1,M1,624,f1_out_1,1376,0,0
F1,M1,625,f1_out_0,204,0,0
F1,M1,625,f1_out_1,1375,0,0
F1,M1,626,f1_out_0,272,0,0
F1,M1,626,f1_out_1,1374,0,0
F1,M1,627,f1_out_0,336,0,0
F1,M1,627,f1_out_1,1373,0,0
F1,M1,628,f1_out_0,387,0,0
F1,M1,628,f1_out_1,1372,0,0
F1,M1,629,f1_out_0,418,0,0
F1,M1,629,f1_out_1,1371,0,0
F1,M1,630,f1_out_0,422,0,0
F1,M1,630,f1_out_1,1370,0,0
F1,M1,631,f1_out_0,393,0,0
F1,M1,631,f1_out_1,1369,0,0
F1,M1,632,f1_out_0,331,0,0
F1,M1,632,f1_out_1,1368,0,0
F1,M1,633,f1_out_0,239,0,0
F1,M1,633,f1_out_1,1367,0,0
F1,M1,634,f1_out_0,123,0,0
F1,M1,634,f1_out_1,1366,0,0
F1,M1,635,f1_out_0,-5,0,0
F1,M1,635,f1_out_1,1365,0,0
F1,M1,636,f1_out_0,-134,0,0
F1,M1,636,f1_out_1,1364,0,0
F1,M1,637,f1_out_0,-250,0,0
F1,M1,637,f1_out_1,1363,0,0
F1,M1,638,f1_out_0,-342,0,0
F1,M1,638,f1_out_1,1362,0,0
F1,M1,639,f1_out_0,-405,0,0
F1,M1,639,f1_out_1,1361,0,0
F1,M1,640,f1_out_0,-433,0,0
F1,M1,640,f1_out_1,1360,0,0
F1,M1,641,f1_out_0,-429,0,0
F1,M1,641,f1_out_1,1359,0,0
F1,M1,642,f1_out_0,-398,0,0
F1,M1,642,f1_out_1,1358,0,0
F1,M1,643,f1_out_0,-347,0,0
F1,M1,643,f1_out_1,1357,0,0
F1,M1,644,f1_out_0,-283,0,0
F1,M1,644,f1_out_1,1356,0,0
F1,M1,645,f1_out_0,-215,0,0
F1,M1,645,f1_out_1,1355,0,0
F1,M1,646,f1_out_0,-151,0,0
F1,M1,646,f1_out_1,1354,0,0
F1,M1,647,f1_out_0,-79,0,0
F1,M1,647,f1_out_1,1353,0,0
F1,M1,648,f1_out_0,-28,0,0
F1,M1,648,f1_out_1,1352,0,0
F1,M1,649,f1_out_0,16,0,0
F1,M1,649,f1_out_1,1351,0,0
F1,M1,650,f1_out_0,67,0,0
F1,M1,650,f1_out_1,1350,0,0
F1,M1,651,f1_out_0,138,0,0
F1,M1,651,f1_out_1,1349,0,0
F1,M1,652,f1_out_0,203,0,0
F1,M1,652,f1_out_1,1348,0,0
F1,M1,653,f1_out_0,271,0,0
F1,M1,653,f1_out_1,1347,0,0
F1,M1,654,f1_out_0,334,0,0
F1,M1,654,f1_out_1,1346,0,0
F1,M1,655,f1_out_0,386,0,0
F1,M1,655,f1_out_1,1345,0,0
F1,M1,656,f1_out_0,417,0,0
F1,M1,656,f1_out_1,1344,0,0
F1,M1,657,f1_out_0,421,0,0
F1,M1,657,f1_out_1,1343,0,0
F1,M1,658,f1_out_0,392,0,0
F1,M1,658,f1_out_1,1342,0,0
F1,M1,659,f1_out_0,330,0,0
F1,M1,659,f1_out_1,1341,0,0
F1,M1,660,f1_out_0,237,0,0
F1,M1,660,f1_out_1,1340,0,0
F1,M1,661,f1_out_0,121,0,0
F1,M1,661,f1_out_1,1339,0,0
F1,M1,662,f1_out_0,-6,0,0
F1,M1,662,f1_out_1,1338,0,0
F1,M1,663,f1_out_0,-135,0,0
F1,M1,663,f1_out_1,1337,0,0
F1,M1,664,f1_out_0,-251,0,0
F1,M1,664,f1_out_1,1336,0,0
F1,M1,665,f1_out_0,-344,0,0
F1,M1,665,f1_out_1,1335,0,0
F1,M1,666,f1_out_0,-406,0,0
F1,M1,666,f1_out_1,1334,0,0
F1,M1,667,f1_out_0,-434,0,0
F1,M1,667,f1_out_1,1333,0,0
F1,M1,668,f1_out_0,-431,0,0
F1,M1,668,f1_out_1,1332,0,0
F1,M1,669,f1_out_0,-399,0,0
F1,M1,669,f1_out_1,1331,0,0
F1,M1,670,f1_out_0,-348,0,0
F1,M1,670,f1_out_1,1330,0,0
F1,M1,671,f1_out_0,-285,0,0
F1,M1,671,f1_out_1,1329,0,0
F1,M1,672,f1_out_0,-216,0,0
F1,M1,672,f1_out_1,1328,0,0
F1,M1,673,f1_out_0,-152,0,0
F1,M1,673,f1_out_1,1327,0,0
F1,M1,674,f1_out_0,-81,0,0
F1,M1,674,f1_out_1,1326,0,0
F1,M1,675,f1_out_0,-30,0,0
F1,M1,675,f1_out_1,1325,0,0
F1,M1,676,f1_out_0,15,0,0
F1,M1,676,f1_out_1,1324,0,0
F1,M1,677,f1_out_0,66,0,0
F1,M1,677,f1_out_1,1323,0,0
F1,M1,678,f1_out_0,137,0,0
F1,M1,678,f1_out_1,1322,0,0
F1,M1,679,f1_out_0,201,0,0
F1,M1,679,f1_out_1,1321,0,0
F1,M1,680,f1_out_0,270,0,0
F1,M1,680,f1_out_1,1320,0,0
F1,M1,681,f1_out_0,333,0,0
F1,M1,681,f1_out_1,1319,0,0
F1,M1,682,f1_out_0,385,0,0
F1,M1,682,f1_out_1,1318,0,0
F1,M1,683,f1_out_0,416,0,0
F1,M1,683,f1_out_1,1317,0,0
F1,M1,684,f1_out_0,420,0,0
F1,M1,684,f1_out_1,1316,0,0
F1,M1,685,f1_out_0,391,0,0
F1,M1,685,f1_out_1,1315,0,0
F1,M1,686,f1_out_0,329,0,0
F1,M1,686,f1_out_1,1314,0,0
F1,M1,687,f1_out_0,236,0,0
F1,M1,687,f1_out_1,1313,0,0
F1,M1,688,f1_out_0,120,0,0
F1,M1,688,f1_out_1,1312,0,0
F1,M1,689,f1_out_0,-8,0,0
F1,M1,689,f1_out_1,1311,0,0
F1,M1,690,f1_out_0,-136,0,0
F1,M1,690,f1_out_1,1310,0,0
F1,M1,691,f1_out_0,-252,0,0
F1,M1,691,f1_out_1,1309,0,0
F1,M1,692,f1_out_0,-345,0,0
F1,M1,692,f1_out_1,1308,0,0
F1,M1,693,f1_out_0,-407,0,0
F1,M1,693,f1_out_1,1307,0,0
F1,M1,694,f1_out_0,-436,0,0
F1,M1,694,f1_out_1,1306,0,0
F1,M1,695,f1_out_0,-432,0,0
F1,M1,695,f1_out_1,1305,0,0
F1,M1,696,f1_out_0,-401,0,0
F1,M1,696,f1_out_1,1304,0,0
F1,M1,697,f1_out_0,-349,0,0
F1,M1,697,f1_out_1,1303,0,0
F1,M1,698,f1_out_0,-286,0,0
F1,M1,698,f1_out_1,1302,0,0
F1,M1,699,f1_out_0,-217,0,0
F1,M1,699,f1_out_1,1301,0,0
F1,M1,700,f1_out_0,-153,0,0
F1,M1,700,f1_out_1,1300,0,0
F1,M1,701,f1_out_0,-82,0,0
F1,M1,701,f1_out_1,1299,0,0
F1,M1,702,f1_out_0,-31,0,0
F1,M1,702,f1_out_1,1298,0,0
F1,M1,703,f1_out_0,14,0,0
F1,M1,703,f1_out_1,1297,0,0
F1,M1,704,f1_out_0,65,0,0
F1,M1,704,f1_out_1,1296,0,0
F1,M1,705,f1_out_0,136,0,0
F1,M1,705,f1_out_1,1295,0,0
F1,M1,706,f1_out_0,200,0,0
F1,M1,706,f1_out_1,1294,0,0
F1,M1,707,f1_out_0,269,0,0
F1,M1,707,f1_out_1,1293,0,0
F1,M1,708,f1_out_0,332,0,0
F1,M1,708,f1_out_1,1292,0,0
F1,M1,709,f1_out_0,383,0,0
F1,M1,709,f1_out_1,1291,0,0
F1,M1,710,f1_out_0,415,0,0
F1,M1,710,f1_out_1,1290,0,0
F1,M1,711,f1_out_0,418,0,0
F1,M1,711,f1_out_1,1289,0,0
F1,M1,712,f1_out_0,390,0,0
F1,M1,712,f1_out_1,1288,0,0
F1,M1,713,f1_out_0,328,0,0
F1,M1,713,f1_out_1,1287,0,0
F1,M1,714,f1_out_0,235,0,0
F1,M1,714,f1_out_1,1286,0,0
F1,M1,715,f1_out_0,119,0,0
F1,M1,715,f1_out_1,1285,0,0
F1,M1,716,f1_out_0,-9,0,0
F1,M1,716,f1_out_1,1284,0,0
F1,M1,717,f1_out_0,-137,0,0
F1,M1,717,f1_out_1,1283,0,0
F1,M1,718,f1_out_0,-253,0,0
F1,M1,718,f1_out_1,1282,0,0
F1,M1,719,f1_out_0,-346,0,0
F1,M1,719,f1_out_1,1281,0,0
F1,M1,720,f1_out_0,-408,0,0
F1,M1,720,f1_out_1,1280,0,0
F1,M1,721,f1_out_0,-437,0,0
F1,M1,721,f1_out_1,1279,0,0
F1,M1,722,f1_out_0,-433,0,0
F1,M1,722,f1_out_1,1278,0,0
F1,M1,723,f1_out_0,-402,0,0
F1,M1,723,f1_out_1,1277,0,0
F1,M1,724,f1_out_0,-350,0,0
F1,M1,724,f1_out_1,1276,0,0
F1,M1,725,f1_out_0,-287,0,0
F1,M1,725,f1_out_1,1275,0,0
F1,M1,726,f1_out_0,-219,0,0
F1,M1,726,f1_out_1,1274,0,0
F1,M1,727,f1_out_0,-154,0,0
F1,M1,727,f1_out_1,1273,0,0
F1,M1,728,f1_out_0,-83,0,0
F1,M1,728,f1_out_1,1272,0,0
F1,M1,729,f1_out_0,-32,0,0
F1,M1,729,f1_out_1,1271,0,0
F1,M1,730,f1_out_0,12,0,0
F1,M1,730,f1_out_1,1270,0,0
F1,M1,731,f1_out_0,63,0,0
F1,M1,731,f1_out_1,1269,0,0
F1,M1,732,f1_out_0,134,0,0
F1,M1,732,f1_out_1,1268,0,0
F1,M1,733,f1_out_0,199,0,0
F1,M1,733,f1_out_1,1267,0,0
F1,M1,734,f1_out_0,267,0,0
F1,M1,734,f1_out_1,1266,0,0
F1,M1,735,f1_out_0,331,0,0
F1,M1,735,f1_out_1,1265,0,0
F1,M1,736,f1_out_0,382,0,0
F1,M1,736,f1_out_1,1264,0,0
F1,M1,737,f1_out_0,413,0,0
F1,M1,737,f1_out_1,1263,0,0
F1,M1,738,f1_out_0,417,0,0
F1,M1,738,f1_out_1,1262,0,0
F1,M1,739,f1_out_0,389,0,0
F1,M1,739,f1_out_1,1261,0,0
F1,M1,740,f1_out_0,326,0,0
F1,M1,740,f1_out_1,1260,0,0
F1,M1,741,f1_out_0,234,0,0
F1,M1,741,f1_out_1,1259,0,0
F1,M1,742,f1_out_0,118,0,0
F1,M1,742,f1_out_1,1258,0,0
F1,M1,743,f1_out_0,-10,0,0
F1,M1,743,f1_out_1,1257,0,0
F1,M1,744,f1_out_0,-139,0,0
F1,M1,744,f1_out_1,1256,0,0
F1,M1,745,f1_out_0,-255,0,0
F1,M1,745,f1_out_1,1255,0,0
F1,M1,746,f1_out_0,-347,0,0
F1,M1,746,f1_out_1,1254,0,0
F1,M1,747,f1_out_0,-409,0,0
F1,M1,747,f1_out_1,1253,0,0
F1,M1,748,f1_out_0,-438,0,0
F1,M1,748,f1_out_1,1252,0,0
F1,M1,749,f1_out_0,-434,0,0
F1,M1,749,f1_out_1,1251,0,0
F1,M1,750,f1_out_0,-403,0,0
F1,M1,750,f1_out_1,1250,0,0
F1,M1,751,f1_out_0,-352,0,0
F1,M1,751,f1_out_1,1249,0,0
F1,M1,752,f1_out_0,-288,0,0
F1,M1,752,f1_out_1,1248,0,0
F1,M1,753,f1_out_0,-220,0,0
F1,M1,753,f1_out_1,1247,0,0
F1,M1,754,f1_out_0,-155,0,0
F1,M1,754,f1_out_1,1246,0,0
F1,M1,755,f1_out_0,-84,0,0
F1,M1,755,f1_out_1,1245,0,0
F1,M1,756,f1_out_0,-33,0,0
F1,M1,756,f1_out_1,1244,0,0
F1,M1,757,f1_out_0,11,0,0
F1,M1,757,f1_out_1,1243,0,0
F1,M1,758,f1_out_0,62,0,0
F1,M1,758,f1_out_1,1242,0,0
F1,M1,759,f1_out_0,133,0,0
F1,M1,759,f1_out_1,1241,0,0
F1,M1,760,f1_out_0,198,0,0
F1,M1,760,f1_out_1,1240,0,0
F1,M1,761,f1_out_0,266,0,0
F1,M1,761,f1_out_1,1239,0,0
F1,M1,762,f1_out_0,329,0,0
F1,M1,762,f1_out_1,1238,0,0
F1,M1,763,f1_out_0,381,0,0
F1,M1,763,f1_out_1,1237,0,0
F1,M1,764,f1_out_0,412,0,0
F1,M1,764,f1_out_1,1236,0,0
F1,M1,765,f1_out_0,416,0,0
F1,M1,765,f1_out_1,1235,0,0
F1,M1,766,f1_out_0,387,0,0
F1,M1,766,f1_out_1,1234,0,0
F1,M1,767,f1_out_0,325,0,0
F1,M1,767,f1_out_1,1233,0,0
F1,M1,768,f1_out_0,232,0,0
F1,M1,768,f1_out_1,1232,0,0
F1,M1,769,f1_out_0,116,0,0
F1,M1,769,f1_out_1,1231,0,0
F1,M1,770,f1_out_0,-11,0,0
F1,M1,770,f1_out_1,1230,0,0
F1,M1,771,f1_out_0,-140,0,0
F1,M1,771,f1_out_1,1229,0,0
F1,M1,772,f1_out_0,-256,0,0
F1,M1,772,f1_out_1,1228,0,0
F1,M1,773,f1_out_0,-349,0,0
F1,M1,773,f1_out_1,1227,0,0
F1,M1,774,f1_out_0,-411,0,0
F1,M1,774,f1_out_1,1226,0,0
F1,M1,775,f1_out_0,-439,0,0
F1,M1,775,f1_out_1,1225,0,0
F1,M1,776,f1_out_0,-436,0,0
F1,M1,776,f1_out_1,1224,0,0
F1,M1,777,f1_out_0,-404,0,0
F1,M1,777,f1_out_1,1223,0,0
F1,M1,778,f1_out_0,-353,0,0
F1,M1,778,f1_out_1,1222,0,0
F1,M1,779,f1_out_0,-290,0,0
F1,M1,779,f1_out_1,1221,0,0
F1,M1,780,f1_out_0,-221,0,0
F1,M1,780,f1_out_1,1220,0,0
F1,M1,781,f1_out_0,-157,0,0
F1,M1,781,f1_out_1,1219,0,0
F1,M1,782,f1_out_0,-86,0,0
F1,M1,782,f1_out_1,1218,0,0
F1,M1,783,f1_out_0,-35,0,0
F1,M1,783,f1_out_1,1217,0,0
F1,M1,784,f1_out_0,10,0,0
F1,M1,784,f1_out_1,1216,0,0
F1,M1,785,f1_out_0,61,0,0
F1,M1,785,f1_out_1,1215,0,0
F1,M1,786,f1_out_0,132,0,0
F1,M1,786,f1_out_1,1214,0,0
F1,M1,787,f1_out_0,196,0,0
F1,M1,787,f1_out_1,1213,0,0
F1,M1,788,f1_out_0,265,0,0
F1,M1,788,f1_out_1,1212,0,0
F1,M1,789,f1_out_0,328,0,0
F1,M1,789,f1_out_1,1211,0,0
F1,M1,790,f1_out_0,380,0,0
F1,M1,790,f1_out_1,1210,0,0
F1,M1,791,f1_out_0,411,0,0
F1,M1,791,f1_out_1,1209,0,0
F1,M1,792,f1_out_0,415,0,0
F1,M1,792,f1_out_1,1208,0,0
F1,M1,793,f1_out_0,386,0,0
F1,M1,793,f1_out_1,1207,0,0
F1,M1,794,f1_out_0,324,0,0
F1,M1,794,f1_out_1,1206,0,0
F1,M1,795,f1_out_0,231,0,0
F1,M1,795,f1_out_1,1205,0,0
F1,M1,796,f1_out_0,115,0,0
F1,M1,796,f1_out_1,1204,0,0
F1,M1,797,f1_out_0,-12,0,0
F1,M1,797,f1_out_1,1203,0,0
F1,M1,798,f1_out_0,-141,0,0
F1,M1,798,f1_out_1,1202,0,0
F1,M1,799,f1_out_0,-257,0,0
F1,M1,799,f1_out_1,1201,0,0
F1,M1,800,f1_out_0,-350,0,0
F1,M1,800,f1_out_1,1200,0,0
F1,M1,801,f1_out_0,-412,0,0
F1,M1,801,f1_out_1,1199,0,0
F1,M1,802,f1_out_0,-441,0,0
F1,M1,802,f1_out_1,1198,0,0
F1,M1,803,f1_out_0,-437,0,0
F1,M1,803,f1_out_1,1197,0,0
F1,M1,804,f1_out_0,-406,0,0
F1,M1,804,f1_out_1,1196,0,0
F1,M1,805,f1_out_0,-354,0,0
F1,M1,805,f1_out_1,1195,0,0
F1,M1,806,f1_out_0,-291,0,0
F1,M1,806,f1_out_1,1194,0,0
F1,M1,807,f1_out_0,-222,0,0
F1,M1,807,f1_out_1,1193,0,0
F1,M1,808,f1_out_0,-158,0,0
F1,M1,808,f1_out_1,1192,0,0
F1,M1,809,f1_out_0,-87,0,0
F1,M1,809,f1_out_1,1191,0,0
F1,M1,810,f1_out_0,-36,0,0
F1,M1,810,f1_out_1,1190,0,0
F1,M1,811,f1_out_0,9,0,0
F1,M1,811,f1_out_1,1189,0,0
F1,M1,812,f1_out_0,60,0,0
F1,M1,812,f1_out_1,1188,0,0
F1,M1,813,f1_out_0,131,0,0
F1,M1,813,f1_out_1,1187,0,0
F1,M1,814,f1_out_0,195,0,0
F1,M1,814,f1_out_1,1186,0,0
F1,M1,815,f1_out_0,264,0,0
F1,M1,815,f1_out_1,1185,0,0
F1,M1,816,f1_out_0,327,0,0
F1,M1,816,f1_out_1,1184,0,0
F1,M1,817,f1_out_0,378,0,0
F1,M1,817,f1_out_1,1183,0,0
F1,M1,818,f1_out_0,410,0,0
F1,M1,818,f1_out_1,1182,0,0
F1,M1,819,f1_out_0,413,0,0
F1,M1,819,f1_out_1,1181,0,0
F1,M1,820,f1_out_0,385,0,0
F1,M1,820,f1_out_1,1180,0,0
F1,M1,821,f1_out_0,323,0,0
F1,M1,821,f1_out_1,1179,0,0
F1,M1,822,f1_out_0,230,0,0
F1,M1,822,f1_out_1,1178,0,0
F1,M1,823,f1_out_0,114,0,0
F1,M1,823,f1_out_1,1177,0,0
F1,M1,824,f1_out_0,-14,0,0
F1,M1,824,f1_out_1,1176,0,0
F1,M1,825,f1_out_0,-142,0,0
F1,M1,825,f1_out_1,1175,0,0
F1,M1,826,f1_out_0,-258,0,0
F1,M1,826,f1_out_1,1174,0,0
F1,M1,827,f1_out_0,-351,0,0
F1,M1,827,f1_out_1,1173,0,0
F1,M1,828,f1_out_0,-413,0,0
F1,M1,828,f1_out_1,1172,0,0
F1,M1,829,f1_out_0,-442,0,0
F1,M1,829,f1_out_1,1171,0,0
F1,M1,830,f1_out_0,-438,0,0
F1,M1,830,f1_out_1,1170,0,0
F1,M1,831,f1_out_0,-407,0,0
F1,M1,831,f1_out_1,1169,0,0
F1,M1,832,f1_out_0,-355,0,0
F1,M1,832,f1_out_1,1168,0,0
F1,M1,833,f1_out_0,-292,0,0
F1,M1,833,f1_out_1,1167,0,0
F1,M1,834,f1_out_0,-224,0,0
F1,M1,834,f1_out_1,1166,0,0
F1,M1,835,f1_out_0,-159,0,0
F1,M1,835,f1_out_1,1165,0,0
F1,M1,836,f1_out_0,-88,0,0
F1,M1,836,f1_out_1,1164,0,0
F1,M1,837,f1_out_0,-37,0,0
F1,M1,837,f1_out_1,1163,0,0
F1,M1,838,f1_out_0,8,0,0
F1,M1,838,f1_out_1,1162,0,0
F1,M1,839,f1_out_0,59,0,0
F1,M1,839,f1_out_1,1161,0,0
F1,M1,840,f1_out_0,130,0,0
F1,M1,840,f1_out_1,1160,0,0
F1,M1,841,f1_out_0,194,0,0
F1,M1,841,f1_out_1,1159,0,0
F1,M1,842,f1_out_0,262,0,0
F1,M1,842,f1_out_1,1158,0,0
F1,M1,843,f1_out_0,326,0,0
F1,M1,843,f1_out_1,1157,0,0
F1,M1,844,f1_out_0,377,0,0
F1,M1,844,f1_out_1,1156,0,0
F1,M1,845,f1_out_0,408,0,0
F1,M1,845,f1_out_1,1155,0,0
F1,M1,846,f1_out_0,412,0,0
F1,M1,846,f1_out_1,1154,0,0
F1,M1,847,f1_out_0,384,0,0
F1,M1,847,f1_out_1,1153,0,0
F1,M1,848,f1_out_0,321,0,0
F1,M1,848,f1_out_1,1152,0,0
F1,M1,849,f1_out_0,229,0,0
F1,M1,849,f1_out_1,1151,0,0
F1,M1,850,f1_out_0,113,0,0
F1,M1,850,f1_out_1,1150,0,0
F1,M1,851,f1_out_0,-15,0,0
F1,M1,851,f1_out_1,1149,0,0
F1,M1,852,f1_out_0,-143,0,0
F1,M1,852,f1_out_1,1148,0,0
F1,M1,853,f1_out_0,-259,0,0
F1,M1,853,f1_out_1,1147,0,0
F1,M1,854,f1_out_0,-352,0,0
F1,M1,854,f1_out_1,1146,0,0
F1,M1,855,f1_out_0,-414,0,0
F1,M1,855,f1_out_1,1145,0,0
F1,M1,856,f1_out_0,-443,0,0
F1,M1,856,f1_out_1,1144,0,0
F1,M1,857,f1_out_0,-439,0,0
F1,M1,857,f1_out_1,1143,0,0
F1,M1,858,f1_out_0,-408,0,0
F1,M1,858,f1_out_1,1142,0,0
F1,M1,859,f1_out_0,-357,0,0
F1,M1,859,f1_out_1,1141,0,0
F1,M1,860,f1_out_0,-293,0,0
F1,M1,860,f1_out_1,1140,0,0
F1,M1,861,f1_out_0,-225,0,0
F1,M1,861,f1_out_1,1139,0,0
F1,M1,862,f1_out_0,-160,0,0
F1,M1,862,f1_out_1,1138,0,0
F1,M1,863,f1_out_0,-89,0,0
F1,M1,863,f1_out_1,1137,0,0
F1,M1,864,f1_out_0,-38,0,0
F1,M1,864,f1_out_1,1136,0,0
F1,M1,865,f1_out_0,6,0,0
F1,M1,865,f1_out_1,1135,0,0
F1,M1,866,f1_out_0,57,0,0
F1,M1,866,f1_out_1,1134,0,0
F1,M1,867,f1_out_0,128,0,0
F1,M1,867,f1_out_1,1133,0,0
F1,M1,868,f1_out_0,193,0,0
F1,M1,868,f1_out_1,1132,0,0
F1,M1,869,f1_out_0,261,0,0
F1,M1,869,f1_out_1,1131,0,0
F1,M1,870,f1_out_0,325,0,0
F1,M1,870,f1_out_1,1130,0,0
F1,M1,871,f1_out_0,376,0,0
F1,M1,871,f1_out_1,1129,0,0
F1,M1,872,f1_out_0,407,0,0
F1,M1,872,f1_out_1,1128,0,0
F1,M1,873,f1_out_0,411,0,0
F1,M1,873,f1_out_1,1127,0,0
F1,M1,874,f1_out_0,382,0,0
F1,M1,874,f1_out_1,1126,0,0
F1,M1,875,f1_out_0,320,0,0
F1,M1,875,f1_out_1,1125,0,0
F1,M1,876,f1_out_0,227,0,0
F1,M1,876,f1_out_1,1124,0,0
F1,M1,877,f1_out_0,111,0,0
F1,M1,877,f1_out_1,1123,0,0
F1,M1,878,f1_out_0,-16,0,0
F1,M1,878,f1_out_1,1122,0,0
F1,M1,879,f1_out_0,-145,0,0
F1,M1,879,f1_out_1,1121,0,0
F1,M1,880,f1_out_0,-261,0,0
F1,M1,880,f1_out_1,1120,0,0
F1,M1,881,f1_out_0,-353,0,0
F1,M1,881,f1_out_1,1119,0,0
F1,M1,882,f1_out_0,-416,0,0
F1,M1,882,f1_out_1,1118,0,0
F1,M1,883,f1_out_0,-444,0,0
F1,M1,883,f1_out_1,1117,0,0
F1,M1,884,f1_out_0,-440,0,0
F1,M1,884,f1_out_1,1116,0,0
F1,M1,885,f1_out_0,-409,0,0
F1,M1,885,f1_out_1,1115,0,0
F1,M1,886,f1_out_0,-358,0,0
F1,M1,886,f1_out_1,1114,0,0
F1,M1,887,f1_out_0,-295,0,0
F1,M1,887,f1_out_1,1113,0,0
F1,M1,888,f1_out_0,-226,0,0
F1,M1,888,f1_out_1,1112,0,0
F1,M1,889,f1_out_0,-162,0,0
F1,M1,889,f1_out_1,1111,0,0
F1,M1,890,f1_out_0,-91,0,0
F1,M1,890,f1_out_1,1110,0,0
F1,M1,891,f1_out_0,-40,0,0
F1,M1,891,f1_out_1,1109,0,0
F1,M1,892,f1_out_0,5,0,0
F1,M1,892,f1_out_1,1108,0,0
F1,M1,893,f1_out_0,56,0,0
F1,M1,893,f1_out_1,1107,0,0
F1,M1,894,f1_out_0,127,0,0
F1,M1,894,f1_out_1,1106,0,0
F1,M1,895,f1_out_0,191,0,0
F1,M1,895,f1_out_1,1105,0,0
F1,M1,896,f1_out_0,260,0,0
F1,M1,896,f1_out_1,1104,0,0
F1,M1,897,f1_out_0,323,0,0
F1,M1,897,f1_out_1,1103,0,0
F1,M1,898,f1_out_0,375,0,0
F1,M1,898,f1_out_1,1102,0,0
F1,M1,899,f1_out_0,406,0,0
F1,M1,899,f1_out_1,1101,0,0
F1,M1,900,f1_out_0,410,0,0
F1,M1,900,f1_out_1,1100,0,0
F1,M1,901,f1_out_0,381,0,0
F1,M1,901,f1_out_1,1099,0,0
F1,M1,902,f1_out_0,319,0,0
F1,M1,902,f1_out_1,1098,0,0
F1,M1,903,f1_out_0,226,0,0
F1,M1,903,f1_out_1,1097,0,0
F1,M1,904,f1_out_0,110,0,0
F1,M1,904,f1_out_1,1096,0,0
F1,M1,905,f1_out_0,-17,0,0
F1,M1,905,f1_out_1,1095,0,0
F1,M1,906,f1_out_0,-146,0,0
F1,M1,906,f1_out_1,1094,0,0
F1,M1,907,f1_out_0,-262,0,0
F1,M1,907,f1_out_1,1093,0,0
F1,M1,908,f1_out_0,-355,0,0
F1,M1,908,f1_out_1,1092,0,0
F1,M1,909,f1_out_0,-417,0,0
F1,M1,909,f1_out_1,1091,0,0
F1,M1,910,f1_out_0,-445,0,0
F1,M1,910,f1_out_1,1090,0,0
F1,M1,911,f1_out_0,-442,0,0
F1,M1,911,f1_out_1,1089,0,0
F1,M1,912,f1_out_0,-410,0,0
F1,M1,912,f1_out_1,1088,0,0
F1,M1,913,f1_out_0,-359,0,0
F1,M1,913,f1_out_1,1087,0,0
F1,M1,914,f1_out_0,-296,0,0
F1,M1,914,f1_out_1,1086,0,0
F1,M1,915,f1_out_0,-227,0,0
F1,M1,915,f1_out_1,1085,0,0
F1,M1,916,f1_out_0,-163,0,0
F1,M1,916,f1_out_1,1084,0,0
F1,M1,917,f1_out_0,-92,0,0
F1,M1,917,f1_out_1,1083,0,0
F1,M1,918,f1_out_0,-41,0,0
F1,M1,918,f1_out_1,1082,0,0
F1,M1,919,f1_out_0,4,0,0
F1,M1,919,f1_out_1,1081,0,0
F1,M1,920,f1_out_0,55,0,0
F1,M1,920,f1_out_1,1080,0,0
F1,M1,921,f1_out_0,126,0,0
F1,M1,921,f1_out_1,1079,0,0
F1,M1,922,f1_out_0,190,0,0
F1,M1,922,f1_out_1,1078,0,0
F1,M1,923,f1_out_0,259,0,0
F1,M1,923,f1_out_1,1077,0,0
F1,M1,924,f1_out_0,322,0,0
F1,M1,924,f1_out_1,1076,0,0
F1,M1,925,f1_out_0,374,0,0
F1,M1,925,f1_out_1,1075,0,0
F1,M1,926,f1_out_0,405,0,0
F1,M1,926,f1_out_1,1074,0,0
F1,M1,927,f1_out_0,408,0,0
F1,M1,927,f1_out_1,1073,0,0
F1,M1,928,f1_out_0,380,0,0
F1,M1,928,f1_out_1,1072,0,0
F1,M1,929,f1_out_0,318,0,0
F1,M1,929,f1_out_1,1071,0,0
F1,M1,930,f1_out_0,225,0,0
F1,M1,930,f1_out_1,1070,0,0
F1,M1,931,f1_out_0,109,0,0
F1,M1,931,f1_out_1,1069,0,0
F1,M1,932,f1_out_0,-19,0,0
F1,M1,932,f1_out_1,1068,0,0
F1,M1,933,f1_out_0,-147,0,0
F1,M1,933,f1_out_1,1067,0,0
F1,M1,934,f1_out_0,-263,0,0
F1,M1,934,f1_out_1,1066,0,0
F1,M1,935,f1_out_0,-356,0,0
F1,M1,935,f1_out_1,1065,0,0
F1,M1,936,f1_out_0,-418,0,0
F1,M1,936,f1_out_1,1064,0,0
F1,M1,937,f1_out_0,-447,0,0
F1,M1,937,f1_out_1,1063,0,0
F1,M1,938,f1_out_0,-443,0,0
F1,M1,938,f1_out_1,1062,0,0
F1,M1,939,f1_out_0,-412,0,0
F1,M1,939,f1_out_1,1061,0,0
F1,M1,940,f1_out_0,-360,0,0
F1,M1,940,f1_out_1,1060,0,0
F1,M1,941,f1_out_0,-297,0,0
F1,M1,941,f1_out_1,1059,0,0
F1,M1,942,f1_out_0,-228,0,0
F1,M1,942,f1_out_1,1058,0,0
F1,M1,943,f1_out_0,-164,0,0
F1,M1,943,f1_out_1,1057,0,0
F1,M1,944,f1_out_0,-93,0,0
F1,M1,944,f1_out_1,1056,0,0
F1,M1,945,f1_out_0,-42,0,0
F1,M1,945,f1_out_1,1055,0,0
F1,M1,946,f1_out_0,3,0,0
F1,M1,946,f1_out_1,1054,0,0
F1,M1,947,f1_out_0,54,0,0
F1,M1,947,f1_out_1,1053,0,0
F1,M1,948,f1_out_0,125,0,0
F1,M1,948,f1_out_1,1052,0,0
F1,M1,949,f1_out_0,189,0,0
F1,M1,949,f1_out_1,1051,0,0
F1,M1,950,f1_out_0,258,0,0
F1,M1,950,f1_out_1,1050,0,0
F1,M1,951,f1_out_0,321,0,0
F1,M1,951,f1_out_1,1049,0,0
F1,M1,952,f1_out_0,372,0,0
F1,M1,952,f1_out_1,1048,0,0
F1,M1,953,f1_out_0,403,0,0
F1,M1,953,f1_out_1,1047,0,0
F1,M1,954,f1_out_0,407,0,0
F1,M1,954,f1_out_1,1046,0,0
F1,M1,955,f1_out_0,379,0,0
F1,M1,955,f1_out_1,1045,0,0
F1,M1,956,f1_out_0,316,0,0
F1,M1,956,f1_out_1,1044,0,0
F1,M1,957,f1_out_0,224,0,0
F1,M1,957,f1_out_1,1043,0,0
F1,M1,958,f1_out_0,108,0,0
F1,M1,958,f1_out_1,1042,0,0
F1,M1,959,f1_out_0,-20,0,0
F1,M1,959,f1_out_1,1041,0,0
F1,M1,960,f1_out_0,-148,0,0
F1,M1,960,f1_out_1,1040,0,0
F1,M1,961,f1_out_0,-264,0,0
F1,M1,961,f1_out_1,1039,0,0
F1,M1,962,f1_out_0,-357,0,0
F1,M1,962,f1_out_1,1038,0,0
F1,M1,963,f1_out_0,-419,0,0
F1,M1,963,f1_out_1,1037,0,0
F1,M1,964,f1_out_0,-448,0,0
F1,M1,964,f1_out_1,1036,0,0
F1,M1,965,f1_out_0,-444,0,0
F1,M1,965,f1_out_1,1035,0,0
F1,M1,966,f1_out_0,-413,0,0
F1,M1,966,f1_out_1,1034,0,0
F1,M1,967,f1_out_0,-362,0,0
F1,M1,967,f1_out_1,1033,0,0
F1,M1,968,f1_out_0,-298,0,0
F1,M1,968,f1_out_1,1032,0,0
F1,M1,969,f1_out_0,-230,0,0
F1,M1,969,f1_out_1,1031,0,0
F1,M1,970,f1_out_0,-165,0,0
F1,M1,970,f1_out_1,1030,0,0
F1,M1,971,f1_out_0,-94,0,0
F1,M1,971,f1_out_1,1029,0,0
F1,M1,972,f1_out_0,-43,0,0
F1,M1,972,f1_out_1,1028,0,0
F1,M1,973,f1_out_0,1,0,0
F1,M1,973,f1_out_1,1027,0,0
F1,M1,974,f1_out_0,52,0,0
F1,M1,974,f1_out_1,1026,0,0
F1,M1,975,f1_out_0,123,0,0
F1,M1,975,f1_out_1,1025,0,0
F1,M1,976,f1_out_0,188,0,0
F1,M1,976,f1_out_1,1024,0,0
F1,M1,977,f1_out_0,256,0,0
F1,M1,977,f1_out_1,1023,0,0
F1,M1,978,f1_out_0,320,0,0
F1,M1,978,f1_out_1,1022,0,0
F1,M1,979,f1_out_0,371,0,0
F1,M1,979,f1_out_1,1021,0,0
F1,M1,980,f1_out_0,402,0,0
F1,M1,980,f1_out_1,1020,0,0
F1,M1,981,f1_out_0,406,0,0
F1,M1,981,f1_out_1,1019,0,0
F1,M1,982,f1_out_0,377,0,0
F1,M1,982,f1_out_1,1018,0,0
F1,M1,983,f1_out_0,315,0,0
F1,M1,983,f1_out_1,1017,0,0
F1,M1,984,f1_out_0,223,0,0
F1,M1,984,f1_out_1,1016,0,0
F1,M1,985,f1_out_0,107,0,0
F1,M1,985,f1_out_1,1015,0,0
F1,M1,986,f1_out_0,-21,0,0
F1,M1,986,f1_out_1,1014,0,0
F1,M1,987,f1_out_0,-150,0,0
F1,M1,987,f1_out_1,1013,0,0
F1,M1,988,f1_out_0,-266,0,0
F1,M1,988,f1_out_1,1012,0,0
F1,M1,989,f1_out_0,-358,0,0
F1,M1,989,f1_out_1,1011,0,0
F1,M1,990,f1_out_0,-421,0,0
F1,M1,990,f1_out_1,1010,0,0
F1,M1,991,f1_out_0,-449,0,0
F1,M1,991,f1_out_1,1009,0,0
F1,M1,992,f1_out_0,-445,0,0
F1,M1,992,f1_out_1,1008,0,0
F1,M1,993,f1_out_0,-414,0,0
F1,M1,993,f1_out_1,1007,0,0
F1,M1,994,f1_out_0,-363,0,0
F1,M1,994,f1_out_1,1006,0,0
F1,M1,995,f1_out_0,-299,0,0
F1,M1,995,f1_out_1,1005,0,0
F1,M1,996,f1_out_0,-231,0,0
F1,M1,996,f1_out_1,1004,0,0
F1,M1,997,f1_out_0,-167,0,0
F1,M1,997,f1_out_1,1003,0,0
F1,M1,998,f1_out_0,-95,0,0
F1,M1,998,f1_out_1,1002,0,0
F1,M1,999,f1_out_0,-44,0,0
F1,M1,999,f1_out_1,1001,0,0
F1,M1,1000,f1_out_0,0,0,0
F1,M1,1000,f1_out_1,1000,0,0
F1,M1,1001,f1_out_0,51,0,0
F1,M1,1001,f1_out_1,999,0,0
F1,M1,1002,f1_out_0,122,0,0
F1,M1,1002,f1_out_1,998,0,0
F1,M1,1003,f1_out_0,187,0,0
F1,M1,1003,f1_out_1,997,0,0
F1,M1,1004,f1_out_0,255,0,0
F1,M1,1004,f1_out_1,996,0,0
F1,M1,1005,f1_out_0,318,0,0
F1,M1,1005,f1_out_1,995,0,0
F1,M1,1006,f1_out_0,370,0,0
F1,M1,1006,f1_out_1,994,0,0
F1,M1,1007,f1_out_0,401,0,0
F1,M1,1007,f1_out_1,993,0,0
F1,M1,1008,f1_out_0,405,0,0
F1,M1,1008,f1_out_1,992,0,0
F1,M1,1009,f1_out_0,376,0,0
F1,M1,1009,f1_out_1,991,0,0
F1,M1,1010,f1_out_0,314,0,0
F1,M1,1010,f1_out_1,990,0,0
F1,M1,1011,f1_out_0,221,0,0
F1,M1,1011,f1_out_1,989,0,0
F1,M1,1012,f1_out_0,105,0,0
F1,M1,1012,f1_out_1,988,0,0
F1,M1,1013,f1_out_0,-22,0,0
F1,M1,1013,f1_out_1,987,0,0
F1,M1,1014,f1_out_0,-151,0,0
F1,M1,1014,f1_out_1,986,0,0
F1,M1,1015,f1_out_0,-267,0,0
F1,M1,1015,f1_out_1,985,0,0
F1,M1,1016,f1_out_0,-360,0,0
F1,M1,1016,f1_out_1,984,0,0
F1,M1,1017,f1_out_0,-422,0,0
F1,M1,1017,f1_out_1,983,0,0
F1,M1,1018,f1_out_0,-450,0,0
F1,M1,1018,f1_out_1,982,0,0
F1,M1,1019,f1_out_0,-447,0,0
F1,M1,1019,f1_out_1,981,0,0
F1,M1,1020,f1_out_0,-415,0,0
F1,M1,1020,f1_out_1,980,0,0
F1,M1,1021,f1_out_0,-364,0,0
F1,M1,1021,f1_out_1,979,0,0
F1,M1,1022,f1_out_0,-301,0,0
F1,M1,1022,f1_out_1,978,0,0
F1,M1,1023,f1_out_0,-232,0,0
F1,M1,1023,f1_out_1,977,0,0
F1,M1,1024,f1_out_0,-168,0,0
F1,M1,1024,f1_out_1,976,0,0
F1,M1,1025,f1_out_0,-97,0,0
F1,M1,1025,f1_out_1,975,0,0
F1,M1,1026,f1_out_0,-46,0,0
F1,M1,1026,f1_out_1,974,0,0
F1,M1,1027,f1_out_0,0,0,0
F1,M1,1027,f1_out_1,973,0,0
F1,M1,1028,f1_out_0,44,0,0
F1,M1,1028,f1_out_1,972,0,0
F1,M1,1029,f1_out_0,95,0,0
F1,M1,1029,f1_out_1,971,0,0
F1,M1,1030,f1_out_0,167,0,0
F1,M1,1030,f1_out_1,970,0,0
F1,M1,1031,f1_out_0,231,0,0
F1,M1,1031,f1_out_1,969,0,0
F1,M1,1032,f1_out_0,299,0,0
F1,M1,1032,f1_out_1,968,0,0
F1,M1,1033,f1_out_0,363,0,0
F1,M1,1033,f1_out_1,967,0,0
F1,M1,1034,f1_out_0,414,0,0
F1,M1,1034,f1_out_1,966,0,0
F1,M1,1035,f1_out_0,445,0,0
F1,M1,1035,f1_out_1,965,0,0
F1,M1,1036,f1_out_0,449,0,0
F1,M1,1036,f1_out_1,964,0,0
F1,M1,1037,f1_out_0,421,0,0
F1,M1,1037,f1_out_1,963,0,0
F1,M1,1038,f1_out_0,358,0,0
F1,M1,1038,f1_out_1,962,0,0
F1,M1,1039,f1_out_0,266,0,0
F1,M1,1039,f1_out_1,961,0,0
F1,M1,1040,f1_out_0,150,0,0
F1,M1,1040,f1_out_1,960,0,0
F1,M1,1041,f1_out_0,21,0,0
F1,M1,1041,f1_out_1,959,0,0
F1,M1,1042,f1_out_0,-107,0,0
F1,M1,1042,f1_out_1,958,0,0
F1,M1,1043,f1_out_0,-223,0,0
F1,M1,1043,f1_out_1,957,0,0
F1,M1,1044,f1_out_0,-315,0,0
F1,M1,1044,f1_out_1,956,0,0
F1,M1,1045,f1_out_0,-377,0,0
F1,M1,1045,f1_out_1,955,0,0
F1,M1,1046,f1_out_0,-406,0,0
F1,M1,1046,f1_out_1,954,0,0
F1,M1,1047,f1_out_0,-402,0,0
F1,M1,1047,f1_out_1,953,0,0
F1,M1,1048,f1_out_0,-371,0,0
F1,M1,1048,f1_out_1,952,0,0
F1,M1,1049,f1_out_0,-320,0,0
F1,M1,1049,f1_out_1,951,0,0
F1,M1,1050,f1_out_0,-256,0,0
F1,M1,1050,f1_out_1,950,0,0
F1,M1,1051,f1_out_0,-188,0,0
F1,M1,1051,f1_out_1,949,0,0
F1,M1,1052,f1_out_0,-123,0,0
F1,M1,1052,f1_out_1,948,0,0
F1,M1,1053,f1_out_0,-52,0,0
F1,M1,1053,f1_out_1,947,0,0
F1,M1,1054,f1_out_0,-1,0,0
F1,M1,1054,f1_out_1,946,0,0
F1,M1,1055,f1_out_0,43,0,0
F1,M1,1055,f1_out_1,945,0,0
F1,M1,1056,f1_out_0,94,0,0
F1,M1,1056,f1_out_1,944,0,0
F1,M1,1057,f1_out_0,165,0,0
F1,M1,1057,f1_out_1,943,0,0
F1,M1,1058,f1_out_0,230,0,0
F1,M1,1058,f1_out_1,942,0,0
F1,M1,1059,f1_out_0,298,0,0
F1,M1,1059,f1_out_1,941,0,0
F1,M1,1060,f1_out_0,362,0,0
F1,M1,1060,f1_out_1,940,0,0
F1,M1,1061,f1_out_0,413,0,0
F1,M1,1061,f1_out_1,939,0,0
F1,M1,1062,f1_out_0,444,0,0
F1,M1,1062,f1_out_1,938,0,0
F1,M1,1063,f1_out_0,448,0,0
F1,M1,1063,f1_out_1,937,0,0
F1,M1,1064,f1_out_0,419,0,0
F1,M1,1064,f1_out_1,936,0,0
F1,M1,1065,f1_out_0,357,0,0
F1,M1,1065,f1_out_1,935,0,0
F1,M1,1066,f1_out_0,264,0,0
F1,M1,1066,f1_out_1,934,0,0
F1,M1,1067,f1_out_0,148,0,0
F1,M1,1067,f1_out_1,933,0,0
F1,M1,1068,f1_out_0,20,0,0
F1,M1,1068,f1_out_1,932,0,0
F1,M1,1069,f1_out_0,-108,0,0
F1,M1,1069,f1_out_1,931,0,0
F1,M1,1070,f1_out_0,-224,0,0
F1,M1,1070,f1_out_1,930,0,0
F1,M1,1071,f1_out_0,-316,0,0
F1,M1,1071,f1_out_1,929,0,0
F1,M1,1072,f1_out_0,-379,0,0
F1,M1,1072,f1_out_1,928,0,0
F1,M1,1073,f1_out_0,-407,0,0
F1,M1,1073,f1_out_1,927,0,0
F1,M1,1074,f1_out_0,-403,0,0
F1,M1,1074,f1_out_1,926,0,0
F1,M1,1075,f1_out_0,-372,0,0
F1,M1,1075,f1_out_1,925,0,0
F1,M1,1076,f1_out_0,-321,0,0
F1,M1,1076,f1_out_1,924,0,0
F1,M1,1077,f1_out_0,-258,0,0
F1,M1,1077,f1_out_1,923,0,0
F1,M1,1078,f1_out_0,-189,0,0
F1,M1,1078,f1_out_1,922,0,0
F1,M1,1079,f1_out_0,-125,0,0
F1,M1,1079,f1_out_1,921,0,0
F1,M1,1080,f1_out_0,-54,0,0
F1,M1,1080,f1_out_1,920,0,0
F1,M1,1081,f1_out_0,-3,0,0
F1,M1,1081,f1_out_1,919,0,0
F1,M1,1082,f1_out_0,42,0,0
F1,M1,1082,f1_out_1,918,0,0
F1,M1,1083,f1_out_0,93,0,0
F1,M1,1083,f1_out_1,917,0,0
F1,M1,1084,f1_out_0,164,0,0
F1,M1,1084,f1_out_1,916,0,0
F1,M1,1085,f1_out_0,228,0,0
F1,M1,1085,f1_out_1,915,0,0
F1,M1,1086,f1_out_0,297,0,0
F1,M1,1086,f1_out_1,914,0,0
F1,M1,1087,f1_out_0,360,0,0
F1,M1,1087,f1_out_1,913,0,0
F1,M1,1088,f1_out_0,412,0,0
F1,M1,1088,f1_out_1,912,0,0
F1,M1,1089,f1_out_0,443,0,0
F1,M1,1089,f1_out_1,911,0,0
F1,M1,1090,f1_out_0,447,0,0
F1,M1,1090,f1_out_1,910,0,0
F1,M1,1091,f1_out_0,418,0,0
F1,M1,1091,f1_out_1,909,0,0
F1,M1,1092,f1_out_0,356,0,0
F1,M1,1092,f1_out_1,908,0,0
F1,M1,1093,f1_out_0,263,0,0
F1,M1,1093,f1_out_1,907,0,0
F1,M1,1094,f1_out_0,147,0,0
F1,M1,1094,f1_out_1,906,0,0
F1,M1,1095,f1_out_0,19,0,0
F1,M1,1095,f1_out_1,905,0,0
F1,M1,1096,f1_out_0,-109,0,0
F1,M1,1096,f1_out_1,904,0,0
F1,M1,1097,f1_out_0,-225,0,0
F1,M1,1097,f1_out_1,903,0,0
F1,M1,1098,f1_out_0,-318,0,0
F1,M1,1098,f1_out_1,902,0,0
F1,M1,1099,f1_out_0,-380,0,0
F1,M1,1099,f1_out_1,901,0,0
F1,M1,1100,f1_out_0,-408,0,0
F1,M1,1100,f1_out_1,900,0,0
F1,M1,1101,f1_out_0,-405,0,0
F1,M1,1101,f1_out_1,899,0,0
F1,M1,1102,f1_out_0,-374,0,0
F1,M1,1102,f1_out_1,898,0,0
F1,M1,1103,f1_out_0,-322,0,0
F1,M1,1103,f1_out_1,897,0,0
F1,M1,1104,f1_out_0,-259,0,0
F1,M1,1104,f1_out_1,896,0,0
F1,M1,1105,f1_out_0,-190,0,0
F1,M1,1105,f1_out_1,895,0,0
F1,M1,1106,f1_out_0,-126,0,0
F1,M1,1106,f1_out_1,894,0,0
F1,M1,1107,f1_out_0,-55,0,0
F1,M1,1107,f1_out_1,893,0,0
F1,M1,1108,f1_out_0,-4,0,0
F1,M1,1108,f1_out_1,892,0,0
F1,M1,1109,f1_out_0,41,0,0
F1,M1,1109,f1_out_1,891,0,0
F1,M1,1110,f1_out_0,92,0,0
F1,M1,1110,f1_out_1,890,0,0
F1,M1,1111,f1_out_0,163,0,0
F1,M1,1111,f1_out_1,889,0,0
F1,M1,1112,f1_out_0,227,0,0
F1,M1,1112,f1_out_1,888,0,0
F1,M1,1113,f1_out_0,296,0,0
F1,M1,1113,f1_out_1,887,0,0
F1,M1,1114,f1_out_0,359,0,0
F1,M1,1114,f1_out_1,886,0,0
F1,M1,1115,f1_out_0,410,0,0
F1,M1,1115,f1_out_1,885,0,0
F1,M1,1116,f1_out_0,442,0,0
F1,M1,1116,f1_out_1,884,0,0
F1,M1,1117,f1_out_0,445,0,0
F1,M1,1117,f1_out_1,883,0,0
F1,M1,1118,f1_out_0,417,0,0
F1,M1,1118,f1_out_1,882,0,0
F1,M1,1119,f1_out_0,355,0,0
F1,M1,1119,f1_out_1,881,0,0
F1,M1,1120,f1_out_0,262,0,0
F1,M1,1120,f1_out_1,880,0,0
F1,M1,1121,f1_out_0,146,0,0
F1,M1,1121,f1_out_1,879,0,0
F1,M1,1122,f1_out_0,17,0,0
F1,M1,1122,f1_out_1,878,0,0
F1,M1,1123,f1_out_0,-110,0,0
F1,M1,1123,f1_out_1,877,0,0
F1,M1,1124,f1_out_0,-226,0,0
F1,M1,1124,f1_out_1,876,0,0
F1,M1,1125,f1_out_0,-319,0,0
F1,M1,1125,f1_out_1,875,0,0
F1,M1,1126,f1_out_0,-381,0,0
F1,M1,1126,f1_out_1,874,0,0
F1,M1,1127,f1_out_0,-410,0,0
F1,M1,1127,f1_out_1,873,0,0
F1,M1,1128,f1_out_0,-406,0,0
F1,M1,1128,f1_out_1,872,0,0
F1,M1,1129,f1_out_0,-375,0,0
F1,M1,1129,f1_out_1,871,0,0
F1,M1,1130,f1_out_0,-323,0,0
F1,M1,1130,f1_out_1,870,0,0
F1,M1,1131,f1_out_0,-260,0,0
F1,M1,1131,f1_out_1,869,0,0
F1,M1,1132,f1_out_0,-191,0,0
F1,M1,1132,f1_out_1,868,0,0
F1,M1,1133,f1_out_0,-127,0,0
F1,M1,1133,f1_out_1,867,0,0
F1,M1,1134,f1_out_0,-56,0,0
F1,M1,1134,f1_out_1,866,0,0
F1,M1,1135,f1_out_0,-5,0,0
F1,M1,1135,f1_out_1,865,0,0
F1,M1,1136,f1_out_0,40,0,0
F1,M1,1136,f1_out_1,864,0,0
F1,M1,1137,f1_out_0,91,0,0
F1,M1,1137,f1_out_1,863,0,0
F1,M1,1138,f1_out_0,162,0,0
F1,M1,1138,f1_out_1,862,0,0
F1,M1,1139,f1_out_0,226,0,0
F1,M1,1139,f1_out_1,861,0,0
F1,M1,1140,f1_out_0,295,0,0
F1,M1,1140,f1_out_1,860,0,0
F1,M1,1141,f1_out_0,358,0,0
F1,M1,1141,f1_out_1,859,0,0
F1,M1,1142,f1_out_0,409,0,0
F1,M1,1142,f1_out_1,858,0,0
F1,M1,1143,f1_out_0,440,0,0
F1,M1,1143,f1_out_1,857,0,0
F1,M1,1144,f1_out_0,444,0,0
F1,M1,1144,f1_out_1,856,0,0
F1,M1,1145,f1_out_0,416,0,0
F1,M1,1145,f1_out_1,855,0,0
F1,M1,1146,f1_out_0,353,0,0
F1,M1,1146,f1_out_1,854,0,0
F1,M1,1147,f1_out_0,261,0,0
F1,M1,1147,f1_out_1,853,0,0
F1,M1,1148,f1_out_0,145,0,0
F1,M1,1148,f1_out_1,852,0,0
F1,M1,1149,f1_out_0,16,0,0
F1,M1,1149,f1_out_1,851,0,0
F1,M1,1150,f1_out_0,-111,0,0
F1,M1,1150,f1_out_1,850,0,0
F1,M1,1151,f1_out_0,-227,0,0
F1,M1,1151,f1_out_1,849,0,0
F1,M1,1152,f1_out_0,-320,0,0
F1,M1,1152,f1_out_1,848,0,0
F1,M1,1153,f1_out_0,-382,0,0
F1,M1,1153,f1_out_1,847,0,0
F1,M1,1154,f1_out_0,-411,0,0
F1,M1,1154,f1_out_1,846,0,0
F1,M1,1155,f1_out_0,-407,0,0
F1,M1,1155,f1_out_1,845,0,0
F1,M1,1156,f1_out_0,-376,0,0
F1,M1,1156,f1_out_1,844,0,0
F1,M1,1157,f1_out_0,-325,0,0
F1,M1,1157,f1_out_1,843,0,0
F1,M1,1158,f1_out_0,-261,0,0
F1,M1,1158,f1_out_1,842,0,0
F1,M1,1159,f1_out_0,-193,0,0
F1,M1,1159,f1_out_1,841,0,0
F1,M1,1160,f1_out_0,-128,0,0
F1,M1,1160,f1_out_1,840,0,0
F1,M1,1161,f1_out_0,-57,0,0
F1,M1,1161,f1_out_1,839,0,0
F1,M1,1162,f1_out_0,-6,0,0
F1,M1,1162,f1_out_1,838,0,0
F1,M1,1163,f1_out_0,38,0,0
F1,M1,1163,f1_out_1,837,0,0
F1,M1,1164,f1_out_0,89,0,0
F1,M1,1164,f1_out_1,836,0,0
F1,M1,1165,f1_out_0,160,0,0
F1,M1,1165,f1_out_1,835,0,0
F1,M1,1166,f1_out_0,225,0,0
F1,M1,1166,f1_out_1,834,0,0
F1,M1,1167,f1_out_0,293,0,0
F1,M1,1167,f1_out_1,833,0,0
F1,M1,1168,f1_out_0,357,0,0
F1,M1,1168,f1_out_1,832,0,0
F1,M1,1169,f1_out_0,408,0,0
F1,M1,1169,f1_out_1,831,0,0
F1,M1,1170,f1_out_0,439,0,0
F1,M1,1170,f1_out_1,830,0,0
F1,M1,1171,f1_out_0,443,0,0
F1,M1,1171,f1_out_1,829,0,0
F1,M1,1172,f1_out_0,414,0,0
F1,M1,1172,f1_out_1,828,0,0
F1,M1,1173,f1_out_0,352,0,0
F1,M1,1173,f1_out_1,827,0,0
F1,M1,1174,f1_out_0,259,0,0
F1,M1,1174,f1_out_1,826,0,0
F1,M1,1175,f1_out_0,143,0,0
F1,M1,1175,f1_out_1,825,0,0
F1,M1,1176,f1_out_0,15,0,0
F1,M1,1176,f1_out_1,824,0,0
F1,M1,1177,f1_out_0,-113,0,0
F1,M1,1177,f1_out_1,823,0,0
F1,M1,1178,f1_out_0,-229,0,0
F1,M1,1178,f1_out_1,822,0,0
F1,M1,1179,f1_out_0,-321,0,0
F1,M1,1179,f1_out_1,821,0,0
F1,M1,1180,f1_out_0,-384,0,0
F1,M1,1180,f1_out_1,820,0,0
F1,M1,1181,f1_out_0,-412,0,0
F1,M1,1181,f1_out_1,819,0,0
F1,M1,1182,f1_out_0,-408,0,0
F1,M1,1182,f1_out_1,818,0,0
F1,M1,1183,f1_out_0,-377,0,0
F1,M1,1183,f1_out_1,817,0,0
F1,M1,1184,f1_out_0,-326,0,0
F1,M1,1184,f1_out_1,816,0,0
F1,M1,1185,f1_out_0,-262,0,0
F1,M1,1185,f1_out_1,815,0,0
F1,M1,1186,f1_out_0,-194,0,0
F1,M1,1186,f1_out_1,814,0,0
F1,M1,1187,f1_out_0,-130,0,0
F1,M1,1187,f1_out_1,813,0,0
F1,M1,1188,f1_out_0,-59,0,0
F1,M1,1188,f1_out_1,812,0,0
F1,M1,1189,f1_out_0,-8,0,0
F1,M1,1189,f1_out_1,811,0,0
F1,M1,1190,f1_out_0,37,0,0
F1,M1,1190,f1_out_1,810,0,0
F1,M1,1191,f1_out_0,88,0,0
F1,M1,1191,f1_out_1,809,0,0
F1,M1,1192,f1_out_0,159,0,0
F1,M1,1192,f1_out_1,808,0,0
F1,M1,1193,f1_out_0,224,0,0
F1,M1,1193,f1_out_1,807,0,0
F1,M1,1194,f1_out_0,292,0,0
F1,M1,1194,f1_out_1,806,0,0
F1,M1,1195,f1_out_0,355,0,0
F1,M1,1195,f1_out_1,805,0,0
F1,M1,1196,f1_out_0,407,0,0
F1,M1,1196,f1_out_1,804,0,0
F1,M1,1197,f1_out_0,438,0,0
F1,M1,1197,f1_out_1,803,0,0
F1,M1,1198,f1_out_0,442,0,0
F1,M1,1198,f1_out_1,802,0,0
F1,M1,1199,f1_out_0,413,0,0
F1,M1,1199,f1_out_1,801,0,0
F1,M1,1200,f1_out_0,351,0,0
F1,M1,1200,f1_out_1,800,0,0
F1,M1,1201,f1_out_0,258,0,0
F1,M1,1201,f1_out_1,799,0,0
F1,M1,1202,f1_out_0,142,0,0
F1,M1,1202,f1_out_1,798,0,0
F1,M1,1203,f1_out_0,14,0,0
F1,M1,1203,f1_out_1,797,0,0
F1,M1,1204,f1_out_0,-114,0,0
F1,M1,1204,f1_out_1,796,0,0
F1,M1,1205,f1_out_0,-230,0,0
F1,M1,1205,f1_out_1,795,0,0
F1,M1,1206,f1_out_0,-323,0,0
F1,M1,1206,f1_out_1,794,0,0
F1,M1,1207,f1_out_0,-385,0,0
F1,M1,1207,f1_out_1,793,0,0
F1,M1,1208,f1_out_0,-413,0,0
F1,M1,1208,f1_out_1,792,0,0
F1,M1,1209,f1_out_0,-410,0,0
F1,M1,1209,f1_out_1,791,0,0
F1,M1,1210,f1_out_0,-378,0,0
F1,M1,1210,f1_out_1,790,0,0
F1,M1,1211,f1_out_0,-327,0,0
F1,M1,1211,f1_out_1,789,0,0
F1,M1,1212,f1_out_0,-264,0,0
F1,M1,1212,f1_out_1,788,0,0
F1,M1,1213,f1_out_0,-195,0,0
F1,M1,1213,f1_out_1,787,0,0
F1,M1,1214,f1_out_0,-131,0,0
F1,M1,1214,f1_out_1,786,0,0
F1,M1,1215,f1_out_0,-60,0,0
F1,M1,1215,f1_out_1,785,0,0
F1,M1,1216,f1_out_0,-9,0,0
F1,M1,1216,f1_out_1,784,0,0
F1,M1,1217,f1_out_0,36,0,0
F1,M1,1217,f1_out_1,783,0,0
F1,M1,1218,f1_out_0,87,0,0
F1,M1,1218,f1_out_1,782,0,0
F1,M1,1219,f1_out_0,158,0,0
F1,M1,1219,f1_out_1,781,0,0
F1,M1,1220,f1_out_0,222,0,0
F1,M1,1220,f1_out_1,780,0,0
F1,M1,1221,f1_out_0,291,0,0
F1,M1,1221,f1_out_1,779,0,0
F1,M1,1222,f1_out_0,354,0,0
F1,M1,1222,f1_out_1,778,0,0
F1,M1,1223,f1_out_0,406,0,0
F1,M1,1223,f1_out_1,777,0,0
F1,M1,1224,f1_out_0,437,0,0
F1,M1,1224,f1_out_1,776,0,0
F1,M1,1225,f1_out_0,441,0,0
F1,M1,1225,f1_out_1,775,0,0
F1,M1,1226,f1_out_0,412,0,0
F1,M1,1226,f1_out_1,774,0,0
F1,M1,1227,f1_out_0,350,0,0
F1,M1,1227,f1_out_1,773,0,0
F1,M1,1228,f1_out_0,257,0,0
F1,M1,1228,f1_out_1,772,0,0
F1,M1,1229,f1_out_0,141,0,0
F1,M1,1229,f1_out_1,771,0,0
F1,M1,1230,f1_out_0,12,0,0
F1,M1,1230,f1_out_1,770,0,0
F1,M1,1231,f1_out_0,-115,0,0
F1,M1,1231,f1_out_1,769,0,0
F1,M1,1232,f1_out_0,-231,0,0
F1,M1,1232,f1_out_1,768,0,0
F1,M1,1233,f1_out_0,-324,0,0
F1,M1,1233,f1_out_1,767,0,0
F1,M1,1234,f1_out_0,-386,0,0
F1,M1,1234,f1_out_1,766,0,0
F1,M1,1235,f1_out_0,-415,0,0
F1,M1,1235,f1_out_1,765,0,0
F1,M1,1236,f1_out_0,-411,0,0
F1,M1,1236,f1_out_1,764,0,0
F1,M1,1237,f1_out_0,-380,0,0
F1,M1,1237,f1_out_1,763,0,0
F1,M1,1238,f1_out_0,-328,0,0
F1,M1,1238,f1_out_1,762,0,0
F1,M1,1239,f1_out_0,-265,0,0
F1,M1,1239,f1_out_1,761,0,0
F1,M1,1240,f1_out_0,-196,0,0
F1,M1,1240,f1_out_1,760,0,0
F1,M1,1241,f1_out_0,-132,0,0
F1,M1,1241,f1_out_1,759,0,0
F1,M1,1242,f1_out_0,-61,0,0
F1,M1,1242,f1_out_1,758,0,0
F1,M1,1243,f1_out_0,-10,0,0
F1,M1,1243,f1_out_1,757,0,0
F1,M1,1244,f1_out_0,35,0,0
F1,M1,1244,f1_out_1,756,0,0
F1,M1,1245,f1_out_0,86,0,0
F1,M1,1245,f1_out_1,755,0,0
F1,M1,1246,f1_out_0,157,0,0
F1,M1,1246,f1_out_1,754,0,0
F1,M1,1247,f1_out_0,221,0,0
F1,M1,1247,f1_out_1,753,0,0
F1,M1,1248,f1_out_0,290,0,0
F1,M1,1248,f1_out_1,752,0,0
F1,M1,1249,f1_out_0,353,0,0
F1,M1,1249,f1_out_1,751,0,0
F1,M1,1250,f1_out_0,404,0,0
F1,M1,1250,f1_out_1,750,0,0
F1,M1,1251,f1_out_0,436,0,0
F1,M1,1251,f1_out_1,749,0,0
F1,M1,1252,f1_out_0,439,0,0
F1,M1,1252,f1_out_1,748,0,0
F1,M1,1253,f1_out_0,411,0,0
F1,M1,1253,f1_out_1,747,0,0
F1,M1,1254,f1_out_0,349,0,0
F1,M1,1254,f1_out_1,746,0,0
F1,M1,1255,f1_out_0,256,0,0
F1,M1,1255,f1_out_1,745,0,0
F1,M1,1256,f1_out_0,140,0,0
F1,M1,1256,f1_out_1,744,0,0
F1,M1,1257,f1_out_0,11,0,0
F1,M1,1257,f1_out_1,743,0,0
F1,M1,1258,f1_out_0,-116,0,0
F1,M1,1258,f1_out_1,742,0,0
F1,M1,1259,f1_out_0,-232,0,0
F1,M1,1259,f1_out_1,741,0,0
F1,M1,1260,f1_out_0,-325,0,0
F1,M1,1260,f1_out_1,740,0,0
F1,M1,1261,f1_out_0,-387,0,0
F1,M1,1261,f1_out_1,739,0,0
F1,M1,1262,f1_out_0,-416,0,0
F1,M1,1262,f1_out_1,738,0,0
F1,M1,1263,f1_out_0,-412,0,0
F1,M1,1263,f1_out_1,737,0,0
F1,M1,1264,f1_out_0,-381,0,0
F1,M1,1264,f1_out_1,736,0,0
F1,M1,1265,f1_out_0,-329,0,0
F1,M1,1265,f1_out_1,735,0,0
F1,M1,1266,f1_out_0,-266,0,0
F1,M1,1266,f1_out_1,734,0,0
F1,M1,1267,f1_out_0,-198,0,0
F1,M1,1267,f1_out_1,733,0,0
F1,M1,1268,f1_out_0,-133,0,0
F1,M1,1268,f1_out_1,732,0,0
F1,M1,1269,f1_out_0,-62,0,0
F1,M1,1269,f1_out_1,731,0,0
F1,M1,1270,f1_out_0,-11,0,0
F1,M1,1270,f1_out_1,730,0,0
F1,M1,1271,f1_out_0,33,0,0
F1,M1,1271,f1_out_1,729,0,0
F1,M1,1272,f1_out_0,84,0,0
F1,M1,1272,f1_out_1,728,0,0
F1,M1,1273,f1_out_0,155,0,0
F1,M1,1273,f1_out_1,727,0,0
F1,M1,1274,f1_out_0,220,0,0
F1,M1,1274,f1_out_1,726,0,0
F1,M1,1275,f1_out_0,288,0,0
F1,M1,1275,f1_out_1,725,0,0
F1,M1,1276,f1_out_0,352,0,0
F1,M1,1276,f1_out_1,724,0,0
F1,M1,1277,f1_out_0,403,0,0
F1,M1,1277,f1_out_1,723,0,0
F1,M1,1278,f1_out_0,434,0,0
F1,M1,1278,f1_out_1,722,0,0
F1,M1,1279,f1_out_0,438,0,0
F1,M1,1279,f1_out_1,721,0,0
F1,M1,1280,f1_out_0,409,0,0
F1,M1,1280,f1_out_1,720,0,0
F1,M1,1281,f1_out_0,347,0,0
F1,M1,1281,f1_out_1,719,0,0
F1,M1,1282,f1_out_0,255,0,0
F1,M1,1282,f1_out_1,718,0,0
F1,M1,1283,f1_out_0,139,0,0
F1,M1,1283,f1_out_1,717,0,0
F1,M1,1284,f1_out_0,10,0,0
F1,M1,1284,f1_out_1,716,0,0
F1,M1,1285,f1_out_0,-118,0,0
F1,M1,1285,f1_out_1,715,0,0
F1,M1,1286,f1_out_0,-234,0,0
F1,M1,1286,f1_out_1,714,0,0
F1,M1,1287,f1_out_0,-326,0,0
F1,M1,1287,f1_out_1,713,0,0
F1,M1,1288,f1_out_0,-389,0,0
F1,M1,1288,f1_out_1,712,0,0
F1,M1,1289,f1_out_0,-417,0,0
F1,M1,1289,f1_out_1,711,0,0
F1,M1,1290,f1_out_0,-413,0,0
F1,M1,1290,f1_out_1,710,0,0
F1,M1,1291,f1_out_0,-382,0,0
F1,M1,1291,f1_out_1,709,0,0
F1,M1,1292,f1_out_0,-331,0,0
F1,M1,1292,f1_out_1,708,0,0
F1,M1,1293,f1_out_0,-267,0,0
F1,M1,1293,f1_out_1,707,0,0
F1,M1,1294,f1_out_0,-199,0,0
F1,M1,1294,f1_out_1,706,0,0
F1,M1,1295,f1_out_0,-134,0,0
F1,M1,1295,f1_out_1,705,0,0
F1,M1,1296,f1_out_0,-63,0,0
F1,M1,1296,f1_out_1,704,0,0
F1,M1,1297,f1_out_0,-12,0,0
F1,M1,1297,f1_out_1,703,0,0
F1,M1,1298,f1_out_0,32,0,0
F1,M1,1298,f1_out_1,702,0,0
F1,M1,1299,f1_out_0,83,0,0
F1,M1,1299,f1_out_1,701,0,0
F1,M1,1300,f1_out_0,154,0,0
F1,M1,1300,f1_out_1,700,0,0
F1,M1,1301,f1_out_0,219,0,0
F1,M1,1301,f1_out_1,699,0,0
F1,M1,1302,f1_out_0,287,0,0
F1,M1,1302,f1_out_1,698,0,0
F1,M1,1303,f1_out_0,350,0,0
F1,M1,1303,f1_out_1,697,0,0
F1,M1,1304,f1_out_0,402,0,0
F1,M1,1304,f1_out_1,696,0,0
F1,M1,1305,f1_out_0,433,0,0
F1,M1,1305,f1_out_1,695,0,0
F1,M1,1306,f1_out_0,437,0,0
F1,M1,1306,f1_out_1,694,0,0
F1,M1,1307,f1_out_0,408,0,0
F1,M1,1307,f1_out_1,693,0,0
F1,M1,1308,f1_out_0,346,0,0
F1,M1,1308,f1_out_1,692,0,0
F1,M1,1309,f1_out_0,253,0,0
F1,M1,1309,f1_out_1,691,0,0
F1,M1,1310,f1_out_0,137,0,0
F1,M1,1310,f1_out_1,690,0,0
F1,M1,1311,f1_out_0,9,0,0
F1,M1,1311,f1_out_1,689,0,0
F1,M1,1312,f1_out_0,-119,0,0
F1,M1,1312,f1_out_1,688,0,0
F1,M1,1313,f1_out_0,-235,0,0
F1,M1,1313,f1_out_1,687,0,0
F1,M1,1314,f1_out_0,-328,0,0
F1,M1,1314,f1_out_1,686,0,0
F1,M1,1315,f1_out_0,-390,0,0
F1,M1,1315,f1_out_1,685,0,0
F1,M1,1316,f1_out_0,-418,0,0
F1,M1,1316,f1_out_1,684,0,0
F1,M1,1317,f1_out_0,-415,0,0
F1,M1,1317,f1_out_1,683,0,0
F1,M1,1318,f1_out_0,-383,0,0
F1,M1,1318,f1_out_1,682,0,0
F1,M1,1319,f1_out_0,-332,0,0
F1,M1,1319,f1_out_1,681,0,0
F1,M1,1320,f1_out_0,-269,0,0
F1,M1,1320,f1_out_1,680,0,0
F1,M1,1321,f1_out_0,-200,0,0
F1,M1,1321,f1_out_1,679,0,0
F1,M1,1322,f1_out_0,-136,0,0
F1,M1,1322,f1_out_1,678,0,0
F1,M1,1323,f1_out_0,-65,0,0
F1,M1,1323,f1_out_1,677,0,0
F1,M1,1324,f1_out_0,-14,0,0
F1,M1,1324,f1_out_1,676,0,0
F1,M1,1325,f1_out_0,31,0,0
F1,M1,1325,f1_out_1,675,0,0
F1,M1,1326,f1_out_0,82,0,0
F1,M1,1326,f1_out_1,674,0,0
F1,M1,1327,f1_out_0,153,0,0
F1,M1,1327,f1_out_1,673,0,0
F1,M1,1328,f1_out_0,217,0,0
F1,M1,1328,f1_out_1,672,0,0
F1,M1,1329,f1_out_0,286,0,0
F1,M1,1329,f1_out_1,671,0,0
F1,M1,1330,f1_out_0,349,0,0
F1,M1,1330,f1_out_1,670,0,0
F1,M1,1331,f1_out_0,401,0,0
F1,M1,1331,f1_out_1,669,0,0
F1,M1,1332,f1_out_0,432,0,0
F1,M1,1332,f1_out_1,668,0,0
F1,M1,1333,f1_out_0,436,0,0
F1,M1,1333,f1_out_1,667,0,0
F1,M1,1334,f1_out_0,407,0,0
F1,M1,1334,f1_out_1,666,0,0
F1,M1,1335,f1_out_0,345,0,0
F1,M1,1335,f1_out_1,665,0,0
F1,M1,1336,f1_out_0,252,0,0
F1,M1,1336,f1_out_1,664,0,0
F1,M1,1337,f1_out_0,136,0,0
F1,M1,1337,f1_out_1,663,0,0
F1,M1,1338,f1_out_0,8,0,0
F1,M1,1338,f1_out_1,662,0,0
F1,M1,1339,f1_out_0,-120,0,0
F1,M1,1339,f1_out_1,661,0,0
F1,M1,1340,f1_out_0,-236,0,0
F1,M1,1340,f1_out_1,660,0,0
F1,M1,1341,f1_out_0,-329,0,0
F1,M1,1341,f1_out_1,659,0,0
F1,M1,1342,f1_out_0,-391,0,0
F1,M1,1342,f1_out_1,658,0,0
F1,M1,1343,f1_out_0,-420,0,0
F1,M1,1343,f1_out_1,657,0,0
F1,M1,1344,f1_out_0,-416,0,0
F1,M1,1344,f1_out_1,656,0,0
F1,M1,1345,f1_out_0,-385,0,0
F1,M1,1345,f1_out_1,655,0,0
F1,M1,1346,f1_out_0,-333,0,0
F1,M1,1346,f1_out_1,654,0,0
F1,M1,1347,f1_out_0,-270,0,0
F1,M1,1347,f1_out_1,653,0,0
F1,M1,1348,f1_out_0,-201,0,0
F1,M1,1348,f1_out_1,652,0,0
F1,M1,1349,f1_out_0,-137,0,0
F1,M1,1349,f1_out_1,651,0,0
F1,M1,1350,f1_out_0,-66,0,0
F1,M1,1350,f1_out_1,650,0,0
F1,M1,1351,f1_out_0,-15,0,0
F1,M1,1351,f1_out_1,649,0,0
F1,M1,1352,f1_out_0,30,0,0
F1,M1,1352,f1_out_1,648,0,0
F1,M1,1353,f1_out_0,81,0,0
F1,M1,1353,f1_out_1,647,0,0
F1,M1,1354,f1_out_0,152,0,0
F1,M1,1354,f1_out_1,646,0,0
F1,M1,1355,f1_out_0,216,0,0
F1,M1,1355,f1_out_1,645,0,0
F1,M1,1356,f1_out_0,285,0,0
F1,M1,1356,f1_out_1,644,0,0
F1,M1,1357,f1_out_0,348,0,0
F1,M1,1357,f1_out_1,643,0,0
F1,M1,1358,f1_out_0,399,0,0
F1,M1,1358,f1_out_1,642,0,0
F1,M1,1359,f1_out_0,431,0,0
F1,M1,1359,f1_out_1,641,0,0
F1,M1,1360,f1_out_0,434,0,0
F1,M1,1360,f1_out_1,640,0,0
F1,M1,1361,f1_out_0,406,0,0
F1,M1,1361,f1_out_1,639,0,0
F1,M1,1362,f1_out_0,344,0,0
F1,M1,1362,f1_out_1,638,0,0
F1,M1,1363,f1_out_0,251,0,0
F1,M1,1363,f1_out_1,637,0,0
F1,M1,1364,f1_out_0,135,0,0
F1,M1,1364,f1_out_1,636,0,0
F1,M1,1365,f1_out_0,6,0,0
F1,M1,1365,f1_out_1,635,0,0
F1,M1,1366,f1_out_0,-121,0,0
F1,M1,1366,f1_out_1,634,0,0
F1,M1,1367,f1_out_0,-237,0,0
F1,M1,1367,f1_out_1,633,0,0
F1,M1,1368,f1_out_0,-330,0,0
F1,M1,1368,f1_out_1,632,0,0
F1,M1,1369,f1_out_0,-392,0,0
F1,M1,1369,f1_out_1,631,0,0
F1,M1,1370,f1_out_0,-421,0,0
F1,M1,1370,f1_out_1,630,0,0
F1,M1,1371,f1_out_0,-417,0,0
F1,M1,1371,f1_out_1,629,0,0
F1,M1,1372,f1_out_0,-386,0,0
F1,M1,1372,f1_out_1,628,0,0
F1,M1,1373,f1_out_0,-334,0,0
F1,M1,1373,f1_out_1,627,0,0
F1,M1,1374,f1_out_0,-271,0,0
F1,M1,1374,f1_out_1,626,0,0
F1,M1,1375,f1_out_0,-203,0,0
F1,M1,1375,f1_out_1,625,0,0
F1,M1,1376,f1_out_0,-138,0,0
F1,M1,1376,f1_out_1,624,0,0
F1,M1,1377,f1_out_0,-67,0,0
F1,M1,1377,f1_out_1,623,0,0
F1,M1,1378,f1_out_0,-16,0,0
F1,M1,1378,f1_out_1,622,0,0
F1,M1,1379,f1_out_0,28,0,0
F1,M1,1379,f1_out_1,621,0,0
F1,M1,1380,f1_out_0,79,0,0
F1,M1,1380,f1_out_1,620,0,0
F1,M1,1381,f1_out_0,151,0,0
F1,M1,1381,f1_out_1,619,0,0
F1,M1,1382,f1_out_0,215,0,0
F1,M1,1382,f1_out_1,618,0,0
F1,M1,1383,f1_out_0,283,0,0
F1,M1,1383,f1_out_1,617,0,0
F1,M1,1384,f1_out_0,347,0,0
F1,M1,1384,f1_out_1,616,0,0
F1,M1,1385,f1_out_0,398,0,0
F1,M1,1385,f1_out_1,615,0,0
F1,M1,1386,f1_out_0,429,0,0
F1,M1,1386,f1_out_1,614,0,0
F1,M1,1387,f1_out_0,433,0,0
F1,M1,1387,f1_out_1,613,0,0
F1,M1,1388,f1_out_0,405,0,0
F1,M1,1388,f1_out_1,612,0,0
F1,M1,1389,f1_out_0,342,0,0
F1,M1,1389,f1_out_1,611,0,0
F1,M1,1390,f1_out_0,250,0,0
F1,M1,1390,f1_out_1,610,0,0
F1,M1,1391,f1_out_0,134,0,0
F1,M1,1391,f1_out_1,609,0,0
F1,M1,1392,f1_out_0,5,0,0
F1,M1,1392,f1_out_1,608,0,0
F1,M1,1393,f1_out_0,-123,0,0
F1,M1,1393,f1_out_1,607,0,0
F1,M1,1394,f1_out_0,-239,0,0
F1,M1,1394,f1_out_1,606,0,0
F1,M1,1395,f1_out_0,-331,0,0
F1,M1,1395,f1_out_1,605,0,0
F1,M1,1396,f1_out_0,-393,0,0
F1,M1,1396,f1_out_1,604,0,0
F1,M1,1397,f1_out_0,-422,0,0
F1,M1,1397,f1_out_1,603,0,0
F1,M1,1398,f1_out_0,-418,0,0
F1,M1,1398,f1_out_1,602,0,0
F1,M1,1399,f1_out_0,-387,0,0
F1,M1,1399,f1_out_1,601,0,0
F1,M1,1400,f1_out_0,-336,0,0
F1,M1,1400,f1_out_1,600,0,0
F1,M1,1401,f1_out_0,-272,0,0
F1,M1,1401,f1_out_1,599,0,0
F1,M1,1402,f1_out_0,-204,0,0
F1,M1,1402,f1_out_1,598,0,0
F1,M1,1403,f1_out_0,-139,0,0
F1,M1,1403,f1_out_1,597,0,0
F1,M1,1404,f1_out_0,-68,0,0
F1,M1,1404,f1_out_1,596,0,0
F1,M1,1405,f1_out_0,-17,0,0
F1,M1,1405,f1_out_1,595,0,0
F1,M1,1406,f1_out_0,27,0,0
F1,M1,1406,f1_out_1,594,0,0
F1,M1,1407,f1_out_0,78,0,0
F1,M1,1407,f1_out_1,593,0,0
F1,M1,1408,f1_out_0,149,0,0
F1,M1,1408,f1_out_1,592,0,0
F1,M1,1409,f1_out_0,214,0,0
F1,M1,1409,f1_out_1,591,0,0
F1,M1,1410,f1_out_0,282,0,0
F1,M1,1410,f1_out_1,590,0,0
F1,M1,1411,f1_out_0,346,0,0
F1,M1,1411,f1_out_1,589,0,0
F1,M1,1412,f1_out_0,397,0,0
F1,M1,1412,f1_out_1,588,0,0
F1,M1,1413,f1_out_0,428,0,0
F1,M1,1413,f1_out_1,587,0,0
F1,M1,1414,f1_out_0,432,0,0
F1,M1,1414,f1_out_1,586,0,0
F1,M1,1415,f1_out_0,403,0,0
F1,M1,1415,f1_out_1,585,0,0
F1,M1,1416,f1_out_0,341,0,0
F1,M1,1416,f1_out_1,584,0,0
F1,M1,1417,f1_out_0,248,0,0
F1,M1,1417,f1_out_1,583,0,0
F1,M1,1418,f1_out_0,132,0,0
F1,M1,1418,f1_out_1,582,0,0
F1,M1,1419,f1_out_0,4,0,0
F1,M1,1419,f1_out_1,581,0,0
F1,M1,1420,f1_out_0,-124,0,0
F1,M1,1420,f1_out_1,580,0,0
F1,M1,1421,f1_out_0,-240,0,0
F1,M1,1421,f1_out_1,579,0,0
F1,M1,1422,f1_out_0,-332,0,0
F1,M1,1422,f1_out_1,578,0,0
F1,M1,1423,f1_out_0,-395,0,0
F1,M1,1423,f1_out_1,577,0,0
F1,M1,1424,f1_out_0,-423,0,0
F1,M1,1424,f1_out_1,576,0,0
F1,M1,1425,f1_out_0,-419,0,0
F1,M1,1425,f1_out_1,575,0,0
F1,M1,1426,f1_out_0,-388,0,0
F1,M1,1426,f1_out_1,574,0,0
F1,M1,1427,f1_out_0,-337,0,0
F1,M1,1427,f1_out_1,573,0,0
F1,M1,1428,f1_out_0,-274,0,0
F1,M1,1428,f1_out_1,572,0,0
F1,M1,1429,f1_out_0,-205,0,0
F1,M1,1429,f1_out_1,571,0,0
F1,M1,1430,f1_out_0,-141,0,0
F1,M1,1430,f1_out_1,570,0,0
F1,M1,1431,f1_out_0,-70,0,0
F1,M1,1431,f1_out_1,569,0,0
F1,M1,1432,f1_out_0,-19,0,0
F1,M1,1432,f1_out_1,568,0,0
F1,M1,1433,f1_out_0,26,0,0
F1,M1,1433,f1_out_1,567,0,0
F1,M1,1434,f1_out_0,77,0,0
F1,M1,1434,f1_out_1,566,0,0
F1,M1,1435,f1_out_0,148,0,0
F1,M1,1435,f1_out_1,565,0,0
F1,M1,1436,f1_out_0,212,0,0
F1,M1,1436,f1_out_1,564,0,0
F1,M1,1437,f1_out_0,281,0,0
F1,M1,1437,f1_out_1,563,0,0
F1,M1,1438,f1_out_0,344,0,0
F1,M1,1438,f1_out_1,562,0,0
F1,M1,1439,f1_out_0,396,0,0
F1,M1,1439,f1_out_1,561,0,0
F1,M1,1440,f1_out_0,427,0,0
F1,M1,1440,f1_out_1,560,0,0
F1,M1,1441,f1_out_0,431,0,0
F1,M1,1441,f1_out_1,559,0,0
F1,M1,1442,f1_out_0,402,0,0
F1,M1,1442,f1_out_1,558,0,0
F1,M1,1443,f1_out_0,340,0,0
F1,M1,1443,f1_out_1,557,0,0
F1,M1,1444,f1_out_0,247,0,0
F1,M1,1444,f1_out_1,556,0,0
F1,M1,1445,f1_out_0,131,0,0
F1,M1,1445,f1_out_1,555,0,0
F1,M1,1446,f1_out_0,3,0,0
F1,M1,1446,f1_out_1,554,0,0
F1,M1,1447,f1_out_0,-125,0,0
F1,M1,1447,f1_out_1,553,0,0
F1,M1,1448,f1_out_0,-241,0,0
F1,M1,1448,f1_out_1,552,0,0
F1,M1,1449,f1_out_0,-334,0,0
F1,M1,1449,f1_out_1,551,0,0
F1,M1,1450,f1_out_0,-396,0,0
F1,M1,1450,f1_out_1,550,0,0
F1,M1,1451,f1_out_0,-424,0,0
F1,M1,1451,f1_out_1,549,0,0
F1,M1,1452,f1_out_0,-421,0,0
F1,M1,1452,f1_out_1,548,0,0
F1,M1,1453,f1_out_0,-390,0,0
F1,M1,1453,f1_out_1,547,0,0
F1,M1,1454,f1_out_0,-338,0,0
F1,M1,1454,f1_out_1,546,0,0
F1,M1,1455,f1_out_0,-275,0,0
F1,M1,1455,f1_out_1,545,0,0
F1,M1,1456,f1_out_0,-206,0,0
F1,M1,1456,f1_out_1,544,0,0
F1,M1,1457,f1_out_0,-142,0,0
F1,M1,1457,f1_out_1,543,0,0
F1,M1,1458,f1_out_0,-71,0,0
F1,M1,1458,f1_out_1,542,0,0
F1,M1,1459,f1_out_0,-20,0,0
F1,M1,1459,f1_out_1,541,0,0
F1,M1,1460,f1_out_0,25,0,0
F1,M1,1460,f1_out_1,540,0,0
F1,M1,1461,f1_out_0,76,0,0
F1,M1,1461,f1_out_1,539,0,0
F1,M1,1462,f1_out_0,147,0,0
F1,M1,1462,f1_out_1,538,0,0
F1,M1,1463,f1_out_0,211,0,0
F1,M1,1463,f1_out_1,537,0,0
F1,M1,1464,f1_out_0,280,0,0
F1,M1,1464,f1_out_1,536,0,0
F1,M1,1465,f1_out_0,343,0,0
F1,M1,1465,f1_out_1,535,0,0
F1,M1,1466,f1_out_0,394,0,0
F1,M1,1466,f1_out_1,534,0,0
F1,M1,1467,f1_out_0,426,0,0
F1,M1,1467,f1_out_1,533,0,0
F1,M1,1468,f1_out_0,429,0,0
F1,M1,1468,f1_out_1,532,0,0
F1,M1,1469,f1_out_0,401,0,0
F1,M1,1469,f1_out_1,531,0,0
F1,M1,1470,f1_out_0,339,0,0
F1,M1,1470,f1_out_1,530,0,0
F1,M1,1471,f1_out_0,246,0,0
F1,M1,1471,f1_out_1,529,0,0
F1,M1,1472,f1_out_0,130,0,0
F1,M1,1472,f1_out_1,528,0,0
F1,M1,1473,f1_out_0,1,0,0
F1,M1,1473,f1_out_1,527,0,0
F1,M1,1474,f1_out_0,-126,0,0
F1,M1,1474,f1_out_1,526,0,0
F1,M1,1475,f1_out_0,-242,0,0
F1,M1,1475,f1_out_1,525,0,0
F1,M1,1476,f1_out_0,-335,0,0
F1,M1,1476,f1_out_1,524,0,0
F1,M1,1477,f1_out_0,-397,0,0
F1,M1,1477,f1_out_1,523,0,0
F1,M1,1478,f1_out_0,-426,0,0
F1,M1,1478,f1_out_1,522,0,0
F1,M1,1479,f1_out_0,-422,0,0
F1,M1,1479,f1_out_1,521,0,0
F1,M1,1480,f1_out_0,-391,0,0
F1,M1,1480,f1_out_1,520,0,0
F1,M1,1481,f1_out_0,-339,0,0
F1,M1,1481,f1_out_1,519,0,0
F1,M1,1482,f1_out_0,-276,0,0
F1,M1,1482,f1_out_1,518,0,0
F1,M1,1483,f1_out_0,-207,0,0
F1,M1,1483,f1_out_1,517,0,0
F1,M1,1484,f1_out_0,-143,0,0
F1,M1,1484,f1_out_1,516,0,0
F1,M1,1485,f1_out_0,-72,0,0
F1,M1,1485,f1_out_1,515,0,0
F1,M1,1486,f1_out_0,-21,0,0
F1,M1,1486,f1_out_1,514,0,0
F1,M1,1487,f1_out_0,24,0,0
F1,M1,1487,f1_out_1,513,0,0
F1,M1,1488,f1_out_0,75,0,0
F1,M1,1488,f1_out_1,512,0,0
F1,M1,1489,f1_out_0,146,0,0
F1,M1,1489,f1_out_1,511,0,0
F1,M1,1490,f1_out_0,210,0,0
F1,M1,1490,f1_out_1,510,0,0
F1,M1,1491,f1_out_0,279,0,0
F1,M1,1491,f1_out_1,509,0,0
F1,M1,1492,f1_out_0,342,0,0
F1,M1,1492,f1_out_1,508,0,0
F1,M1,1493,f1_out_0,393,0,0
F1,M1,1493,f1_out_1,507,0,0
F1,M1,1494,f1_out_0,424,0,0
F1,M1,1494,f1_out_1,506,0,0
F1,M1,1495,f1_out_0,428,0,0
F1,M1,1495,f1_out_1,505,0,0
F1,M1,1496,f1_out_0,400,0,0
F1,M1,1496,f1_out_1,504,0,0
F1,M1,1497,f1_out_0,337,0,0
F1,M1,1497,f1_out_1,503,0,0
F1,M1,1498,f1_out_0,245,0,0
F1,M1,1498,f1_out_1,502,0,0
F1,M1,1499,f1_out_0,129,0,0
F1,M1,1499,f1_out_1,501,0,0
F1,M1,1500,f1_out_0,0,0,0
F1,M1,1500,f1_out_1,500,0,0
F1,M1,1501,f1_out_0,-127,0,0
F1,M1,1501,f1_out_1,499,0,0
F1,M1,1502,f1_out_0,-243,0,0
F1,M1,1502,f1_out_1,498,0,0
F1,M1,1503,f1_out_0,-336,0,0
F1,M1,1503,f1_out_1,497,0,0
F1,M1,1504,f1_out_0,-398,0,0
F1,M1,1504,f1_out_1,496,0,0
F1,M1,1505,f1_out_0,-427,0,0
F1,M1,1505,f1_out_1,495,0,0
F1,M1,1506,f1_out_0,-423,0,0
F1,M1,1506,f1_out_1,494,0,0
F1,M1,1507,f1_out_0,-392,0,0
F1,M1,1507,f1_out_1,493,0,0
F1,M1,1508,f1_out_0,-341,0,0
F1,M1,1508,f1_out_1,492,0,0
F1,M1,1509,f1_out_0,-277,0,0
F1,M1,1509,f1_out_1,491,0,0
F1,M1,1510,f1_out_0,-209,0,0
F1,M1,1510,f1_out_1,490,0,0
F1,M1,1511,f1_out_0,-144,0,0
F1,M1,1511,f1_out_1,489,0,0
F1,M1,1512,f1_out_0,-73,0,0
F1,M1,1512,f1_out_1,488,0,0
F1,M1,1513,f1_out_0,-22,0,0
F1,M1,1513,f1_out_1,487,0,0
F1,M1,1514,f1_out_0,22,0,0
F1,M1,1514,f1_out_1,486,0,0
F1,M1,1515,f1_out_0,73,0,0
F1,M1,1515,f1_out_1,485,0,0
F1,M1,1516,f1_out_0,144,0,0
F1,M1,1516,f1_out_1,484,0,0
F1,M1,1517,f1_out_0,209,0,0
F1,M1,1517,f1_out_1,483,0,0
F1,M1,1518,f1_out_0,277,0,0
F1,M1,1518,f1_out_1,482,0,0
F1,M1,1519,f1_out_0,341,0,0
F1,M1,1519,f1_out_1,481,0,0
F1,M1,1520,f1_out_0,392,0,0
F1,M1,1520,f1_out_1,480,0,0
F1,M1,1521,f1_out_0,423,0,0
F1,M1,1521,f1_out_1,479,0,0
F1,M1,1522,f1_out_0,427,0,0
F1,M1,1522,f1_out_1,478,0,0
F1,M1,1523,f1_out_0,398,0,0
F1,M1,1523,f1_out_1,477,0,0
F1,M1,1524,f1_out_0,336,0,0
F1,M1,1524,f1_out_1,476,0,0
F1,M1,1525,f1_out_0,243,0,0
F1,M1,1525,f1_out_1,475,0,0
F1,M1,1526,f1_out_0,127,0,0
F1,M1,1526,f1_out_1,474,0,0
F1,M1,1527,f1_out_0,0,0,0
F1,M1,1527,f1_out_1,473,0,0
F1,M1,1528,f1_out_0,-129,0,0
F1,M1,1528,f1_out_1,472,0,0
F1,M1,1529,f1_out_0,-245,0,0
F1,M1,1529,f1_out_1,471,0,0
F1,M1,1530,f1_out_0,-337,0,0
F1,M1,1530,f1_out_1,470,0,0
F1,M1,1531,f1_out_0,-400,0,0
F1,M1,1531,f1_out_1,469,0,0
F1,M1,1532,f1_out_0,-428,0,0
F1,M1,1532,f1_out_1,468,0,0
F1,M1,1533,f1_out_0,-424,0,0
F1,M1,1533,f1_out_1,467,0,0
F1,M1,1534,f1_out_0,-393,0,0
F1,M1,1534,f1_out_1,466,0,0
F1,M1,1535,f1_out_0,-342,0,0
F1,M1,1535,f1_out_1,465,0,0
F1,M1,1536,f1_out_0,-279,0,0
F1,M1,1536,f1_out_1,464,0,0
F1,M1,1537,f1_out_0,-210,0,0
F1,M1,1537,f1_out_1,463,0,0
F1,M1,1538,f1_out_0,-146,0,0
F1,M1,1538,f1_out_1,462,0,0
F1,M1,1539,f1_out_0,-75,0,0
F1,M1,1539,f1_out_1,461,0,0
F1,M1,1540,f1_out_0,-24,0,0
F1,M1,1540,f1_out_1,460,0,0
F1,M1,1541,f1_out_0,21,0,0
F1,M1,1541,f1_out_1,459,0,0
F1,M1,1542,f1_out_0,72,0,0
F1,M1,1542,f1_out_1,458,0,0
F1,M1,1543,f1_out_0,143,0,0
F1,M1,1543,f1_out_1,457,0,0
F1,M1,1544,f1_out_0,207,0,0
F1,M1,1544,f1_out_1,456,0,0
F1,M1,1545,f1_out_0,276,0,0
F1,M1,1545,f1_out_1,455,0,0
F1,M1,1546,f1_out_0,339,0,0
F1,M1,1546,f1_out_1,454,0,0
F1,M1,1547,f1_out_0,391,0,0
F1,M1,1547,f1_out_1,453,0,0
F1,M1,1548,f1_out_0,422,0,0
F1,M1,1548,f1_out_1,452,0,0
F1,M1,1549,f1_out_0,426,0,0
F1,M1,1549,f1_out_1,451,0,0
F1,M1,1550,f1_out_0,397,0,0
F1,M1,1550,f1_out_1,450,0,0
F1,M1,1551,f1_out_0,335,0,0
F1,M1,1551,f1_out_1,449,0,0
F1,M1,1552,f1_out_0,242,0,0
F1,M1,1552,f1_out_1,448,0,0
F1,M1,1553,f1_out_0,126,0,0
F1,M1,1553,f1_out_1,447,0,0
F1,M1,1554,f1_out_0,-1,0,0
F1,M1,1554,f1_out_1,446,0,0
F1,M1,1555,f1_out_0,-130,0,0
F1,M1,1555,f1_out_1,445,0,0
F1,M1,1556,f1_out_0,-246,0,0
F1,M1,1556,f1_out_1,444,0,0
F1,M1,1557,f1_out_0,-339,0,0
F1,M1,1557,f1_out_1,443,0,0
F1,M1,1558,f1_out_0,-401,0,0
F1,M1,1558,f1_out_1,442,0,0
F1,M1,1559,f1_out_0,-429,0,0
F1,M1,1559,f1_out_1,441,0,0
F1,M1,1560,f1_out_0,-426,0,0
F1,M1,1560,f1_out_1,440,0,0
F1,M1,1561,f1_out_0,-394,0,0
F1,M1,1561,f1_out_1,439,0,0
F1,M1,1562,f1_out_0,-343,0,0
F1,M1,1562,f1_out_1,438,0,0
F1,M1,1563,f1_out_0,-280,0,0
F1,M1,1563,f1_out_1,437,0,0
F1,M1,1564,f1_out_0,-211,0,0
F1,M1,1564,f1_out_1,436,0,0
F1,M1,1565,f1_out_0,-147,0,0
F1,M1,1565,f1_out_1,435,0,0
F1,M1,1566,f1_out_0,-76,0,0
F1,M1,1566,f1_out_1,434,0,0
F1,M1,1567,f1_out_0,-25,0,0
F1,M1,1567,f1_out_1,433,0,0
F1,M1,1568,f1_out_0,20,0,0
F1,M1,1568,f1_out_1,432,0,0
F1,M1,1569,f1_out_0,71,0,0
F1,M1,1569,f1_out_1,431,0,0
F1,M1,1570,f1_out_0,142,0,0
F1,M1,1570,f1_out_1,430,0,0
F1,M1,1571,f1_out_0,206,0,0
F1,M1,1571,f1_out_1,429,0,0
F1,M1,1572,f1_out_0,275,0,0
F1,M1,1572,f1_out_1,428,0,0
F1,M1,1573,f1_out_0,338,0,0
F1,M1,1573,f1_out_1,427,0,0
F1,M1,1574,f1_out_0,390,0,0
F1,M1,1574,f1_out_1,426,0,0
F1,M1,1575,f1_out_0,421,0,0
F1,M1,1575,f1_out_1,425,0,0
F1,M1,1576,f1_out_0,424,0,0
F1,M1,1576,f1_out_1,424,0,0
F1,M1,1577,f1_out_0,396,0,0
F1,M1,1577,f1_out_1,423,0,0
F1,M1,1578,f1_out_0,334,0,0
F1,M1,1578,f1_out_1,422,0,0
F1,M1,1579,f1_out_0,241,0,0
F1,M1,1579,f1_out_1,421,0,0
F1,M1,1580,f1_out_0,125,0,0
F1,M1,1580,f1_out_1,420,0,0
F1,M1,1581,f1_out_0,-3,0,0
F1,M1,1581,f1_out_1,419,0,0
F1,M1,1582,f1_out_0,-131,0,0
F1,M1,1582,f1_out_1,418,0,0
F1,M1,1583,f1_out_0,-247,0,0
F1,M1,1583,f1_out_1,417,0,0
F1,M1,1584,f1_out_0,-340,0,0
F1,M1,1584,f1_out_1,416,0,0
F1,M1,1585,f1_out_0,-402,0,0
F1,M1,1585,f1_out_1,415,0,0
F1,M1,1586,f1_out_0,-431,0,0
F1,M1,1586,f1_out_1,414,0,0
F1,M1,1587,f1_out_0,-427,0,0
F1,M1,1587,f1_out_1,413,0,0
F1,M1,1588,f1_out_0,-396,0,0
F1,M1,1588,f1_out_1,412,0,0
F1,M1,1589,f1_out_0,-344,0,0
F1,M1,1589,f1_out_1,411,0,0
F1,M1,1590,f1_out_0,-281,0,0
F1,M1,1590,f1_out_1,410,0,0
F1,M1,1591,f1_out_0,-212,0,0
F1,M1,1591,f1_out_1,409,0,0
F1,M1,1592,f1_out_0,-148,0,0
F1,M1,1592,f1_out_1,408,0,0
F1,M1,1593,f1_out_0,-77,0,0
F1,M1,1593,f1_out_1,407,0,0
F1,M1,1594,f1_out_0,-26,0,0
F1,M1,1594,f1_out_1,406,0,0
F1,M1,1595,f1_out_0,19,0,0
F1,M1,1595,f1_out_1,405,0,0
F1,M1,1596,f1_out_0,70,0,0
F1,M1,1596,f1_out_1,404,0,0
F1,M1,1597,f1_out_0,141,0,0
F1,M1,1597,f1_out_1,403,0,0
F1,M1,1598,f1_out_0,205,0,0
F1,M1,1598,f1_out_1,402,0,0
F1,M1,1599,f1_out_0,274,0,0
F1,M1,1599,f1_out_1,401,0,0
F1,M1,1600,f1_out_0,337,0,0
F1,M1,1600,f1_out_1,400,0,0
F1,M1,1601,f1_out_0,388,0,0
F1,M1,1601,f1_out_1,399,0,0
F1,M1,1602,f1_out_0,419,0,0
F1,M1,1602,f1_out_1,398,0,0
F1,M1,1603,f1_out_0,423,0,0
F1,M1,1603,f1_out_1,397,0,0
F1,M1,1604,f1_out_0,395,0,0
F1,M1,1604,f1_out_1,396,0,0
F1,M1,1605,f1_out_0,332,0,0
F1,M1,1605,f1_out_1,395,0,0
F1,M1,1606,f1_out_0,240,0,0
F1,M1,1606,f1_out_1,394,0,0
F1,M1,1607,f1_out_0,124,0,0
F1,M1,1607,f1_out_1,393,0,0
F1,M1,1608,f1_out_0,-4,0,0
F1,M1,1608,f1_out_1,392,0,0
F1,M1,1609,f1_out_0,-132,0,0
F1,M1,1609,f1_out_1,391,0,0
F1,M1,1610,f1_out_0,-248,0,0
F1,M1,1610,f1_out_1,390,0,0
F1,M1,1611,f1_out_0,-341,0,0
F1,M1,1611,f1_out_1,389,0,0
F1,M1,1612,f1_out_0,-403,0,0
F1,M1,1612,f1_out_1,388,0,0
F1,M1,1613,f1_out_0,-432,0,0
F1,M1,1613,f1_out_1,387,0,0
F1,M1,1614,f1_out_0,-428,0,0
F1,M1,1614,f1_out_1,386,0,0
F1,M1,1615,f1_out_0,-397,0,0
F1,M1,1615,f1_out_1,385,0,0
F1,M1,1616,f1_out_0,-346,0,0
F1,M1,1616,f1_out_1,384,0,0
F1,M1,1617,f1_out_0,-282,0,0
F1,M1,1617,f1_out_1,383,0,0
F1,M1,1618,f1_out_0,-214,0,0
F1,M1,1618,f1_out_1,382,0,0
F1,M1,1619,f1_out_0,-149,0,0
F1,M1,1619,f1_out_1,381,0,0
F1,M1,1620,f1_out_0,-78,0,0
F1,M1,1620,f1_out_1,380,0,0
F1,M1,1621,f1_out_0,-27,0,0
F1,M1,1621,f1_out_1,379,0,0
F1,M1,1622,f1_out_0,17,0,0
F1,M1,1622,f1_out_1,378,0,0
F1,M1,1623,f1_out_0,68,0,0
F1,M1,1623,f1_out_1,377,0,0
F1,M1,1624,f1_out_0,139,0,0
F1,M1,1624,f1_out_1,376,0,0
F1,M1,1625,f1_out_0,204,0,0
F1,M1,1625,f1_out_1,375,0,0
F1,M1,1626,f1_out_0,272,0,0
F1,M1,1626,f1_out_1,374,0,0
F1,M1,1627,f1_out_0,336,0,0
F1,M1,1627,f1_out_1,373,0,0
F1,M1,1628,f1_out_0,387,0,0
F1,M1,1628,f1_out_1,372,0,0
F1,M1,1629,f1_out_0,418,0,0
F1,M1,1629,f1_out_1,371,0,0
F1,M1,1630,f1_out_0,422,0,0
F1,M1,1630,f1_out_1,370,0,0
F1,M1,1631,f1_out_0,393,0,0
F1,M1,1631,f1_out_1,369,0,0
F1,M1,1632,f1_out_0,331,0,0
F1,M1,1632,f1_out_1,368,0,0
F1,M1,1633,f1_out_0,239,0,0
F1,M1,1633,f1_out_1,367,0,0
F1,M1,1634,f1_out_0,123,0,0
F1,M1,1634,f1_out_1,366,0,0
F1,M1,1635,f1_out_0,-5,0,0
F1,M1,1635,f1_out_1,365,0,0
F1,M1,1636,f1_out_0,-134,0,0
F1,M1,1636,f1_out_1,364,0,0
F1,M1,1637,f1_out_0,-250,0,0
F1,M1,1637,f1_out_1,363,0,0
F1,M1,1638,f1_out_0,-342,0,0
F1,M1,1638,f1_out_1,362,0,0
F1,M1,1639,f1_out_0,-405,0,0
F1,M1,1639,f1_out_1,361,0,0
F1,M1,1640,f1_out_0,-433,0,0
F1,M1,1640,f1_out_1,360,0,0
F1,M1,1641,f1_out_0,-429,0,0
F1,M1,1641,f1_out_1,359,0,0
F1,M1,1642,f1_out_0,-398,0,0
F1,M1,1642,f1_out_1,358,0,0
F1,M1,1643,f1_out_0,-347,0,0
F1,M1,1643,f1_out_1,357,0,0
F1,M1,1644,f1_out_0,-283,0,0
F1,M1,1644,f1_out_1,356,0,0
F1,M1,1645,f1_out_0,-215,0,0
F1,M1,1645,f1_out_1,355,0,0
F1,M1,1646,f1_out_0,-151,0,0
F1,M1,1646,f1_out_1,354,0,0
F1,M1,1647,f1_out_0,-79,0,0
F1,M1,1647,f1_out_1,353,0,0
F1,M1,1648,f1_out_0,-28,0,0
F1,M1,1648,f1_out_1,352,0,0
F1,M1,1649,f1_out_0,16,0,0
F1,M1,1649,f1_out_1,351,0,0
F1,M1,1650,f1_out_0,67,0,0
F1,M1,1650,f1_out_1,350,0,0
F1,M1,1651,f1_out_0,138,0,0
F1,M1,1651,f1_out_1,349,0,0
F1,M1,1652,f1_out_0,203,0,0
F1,M1,1652,f1_out_1,348,0,0
F1,M1,1653,f1_out_0,271,0,0
F1,M1,1653,f1_out_1,347,0,0
F1,M1,1654,f1_out_0,334,0,0
F1,M1,1654,f1_out_1,346,0,0
F1,M1,1655,f1_out_0,386,0,0
F1,M1,1655,f1_out_1,345,0,0
F1,M1,1656,f1_out_0,417,0,0
F1,M1,1656,f1_out_1,344,0,0
F1,M1,1657,f1_out_0,421,0,0
F1,M1,1657,f1_out_1,343,0,0
F1,M1,1658,f1_out_0,392,0,0
F1,M1,1658,f1_out_1,342,0,0
F1,M1,1659,f1_out_0,330,0,0
F1,M1,1659,f1_out_1,341,0,0
F1,M1,1660,f1_out_0,237,0,0
F1,M1,1660,f1_out_1,340,0,0
F1,M1,1661,f1_out_0,121,0,0
F1,M1,1661,f1_out_1,339,0,0
F1,M1,1662,f1_out_0,-6,0,0
F1,M1,1662,f1_out_1,338,0,0
F1,M1,1663,f1_out_0,-135,0,0
F1,M1,1663,f1_out_1,337,0,0
F1,M1,1664,f1_out_0,-251,0,0
F1,M1,1664,f1_out_1,336,0,0
F1,M1,1665,f1_out_0,-344,0,0
F1,M1,1665,f1_out_1,335,0,0
F1,M1,1666,f1_out_0,-406,0,0
F1,M1,1666,f1_out_1,334,0,0
F1,M1,1667,f1_out_0,-434,0,0
F1,M1,1667,f1_out_1,333,0,0
F1,M1,1668,f1_out_0,-431,0,0
F1,M1,1668,f1_out_1,332,0,0
F1,M1,1669,f1_out_0,-399,0,0
F1,M1,1669,f1_out_1,331,0,0
F1,M1,1670,f1_out_0,-348,0,0
F1,M1,1670,f1_out_1,330,0,0
F1,M1,1671,f1_out_0,-285,0,0
F1,M1,1671,f1_out_1,329,0,0
F1,M1,1672,f1_out_0,-216,0,0
F1,M1,1672,f1_out_1,328,0,0
F1,M1,1673,f1_out_0,-152,0,0
F1,M1,1673,f1_out_1,327,0,0
F1,M1,1674,f1_out_0,-81,0,0
F1,M1,1674,f1_out_1,326,0,0
F1,M1,1675,f1_out_0,-30,0,0
F1,M1,1675,f1_out_1,325,0,0
F1,M1,1676,f1_out_0,15,0,0
F1,M1,1676,f1_out_1,324,0,0
F1,M1,1677,f1_out_0,66,0,0
F1,M1,1677,f1_out_1,323,0,0
F1,M1,1678,f1_out_0,137,0,0
F1,M1,1678,f1_out_1,322,0,0
F1,M1,1679,f1_out_0,201,0,0
F1,M1,1679,f1_out_1,321,0,0
F1,M1,1680,f1_out_0,270,0,0
F1,M1,1680,f1_out_1,320,0,0
F1,M1,1681,f1_out_0,333,0,0
F1,M1,1681,f1_out_1,319,0,0
F1,M1,1682,f1_out_0,385,0,0
F1,M1,1682,f1_out_1,318,0,0
F1,M1,1683,f1_out_0,416,0,0
F1,M1,1683,f1_out_1,317,0,0
F1,M1,1684,f1_out_0,420,0,0
F1,M1,1684,f1_out_1,316,0,0
F1,M1,1685,f1_out_0,391,0,0
F1,M1,1685,f1_out_1,315,0,0
F1,M1,1686,f1_out_0,329,0,0
F1,M1,1686,f1_out_1,314,0,0
F1,M1,1687,f1_out_0,236,0,0
F1,M1,1687,f1_out_1,313,0,0
F1,M1,1688,f1_out_0,120,0,0
F1,M1,1688,f1_out_1,312,0,0
F1,M1,1689,f1_out_0,-8,0,0
F1,M1,1689,f1_out_1,311,0,0
F1,M1,1690,f1_out_0,-136,0,0
F1,M1,1690,f1_out_1,310,0,0
F1,M1,1691,f1_out_0,-252,0,0
F1,M1,1691,f1_out_1,309,0,0
F1,M1,1692,f1_out_0,-345,0,0
F1,M1,1692,f1_out_1,308,0,0
F1,M1,1693,f1_out_0,-407,0,0
F1,M1,1693,f1_out_1,307,0,0
F1,M1,1694,f1_out_0,-436,0,0
F1,M1,1694,f1_out_1,306,0,0
F1,M1,1695,f1_out_0,-432,0,0
F1,M1,1695,f1_out_1,305,0,0
F1,M1,1696,f1_out_0,-401,0,0
F1,M1,1696,f1_out_1,304,0,0
F1,M1,1697,f1_out_0,-349,0,0
F1,M1,1697,f1_out_1,303,0,0
F1,M1,1698,f1_out_0,-286,0,0
F1,M1,1698,f1_out_1,302,0,0
F1,M1,1699,f1_out_0,-217,0,0
F1,M1,1699,f1_out_1,301,0,0
F1,M1,1700,f1_out_0,-153,0,0
F1,M1,1700,f1_out_1,300,0,0
F1,M1,1701,f1_out_0,-82,0,0
F1,M1,1701,f1_out_1,299,0,0
F1,M1,1702,f1_out_0,-31,0,0
F1,M1,1702,f1_out_1,298,0,0
F1,M1,1703,f1_out_0,14,0,0
F1,M1,1703,f1_out_1,297,0,0
F1,M1,1704,f1_out_0,65,0,0
F1,M1,1704,f1_out_1,296,0,0
F1,M1,1705,f1_out_0,136,0,0
F1,M1,1705,f1_out_1,295,0,0
F1,M1,1706,f1_out_0,200,0,0
F1,M1,1706,f1_out_1,294,0,0
F1,M1,1707,f1_out_0,269,0,0
F1,M1,1707,f1_out_1,293,0,0
F1,M1,1708,f1_out_0,332,0,0
F1,M1,1708,f1_out_1,292,0,0
F1,M1,1709,f1_out_0,383,0,0
F1,M1,1709,f1_out_1,291,0,0
F1,M1,1710,f1_out_0,415,0,0
F1,M1,1710,f1_out_1,290,0,0
F1,M1,1711,f1_out_0,418,0,0
F1,M1,1711,f1_out_1,289,0,0
F1,M1,1712,f1_out_0,390,0,0
F1,M1,1712,f1_out_1,288,0,0
F1,M1,1713,f1_out_0,328,0,0
F1,M1,1713,f1_out_1,287,0,0
F1,M1,1714,f1_out_0,235,0,0
F1,M1,1714,f1_out_1,286,0,0
F1,M1,1715,f1_out_0,119,0,0
F1,M1,1715,f1_out_1,285,0,0
F1,M1,1716,f1_out_0,-9,0,0
F1,M1,1716,f1_out_1,284,0,0
F1,M1,1717,f1_out_0,-137,0,0
F1,M1,1717,f1_out_1,283,0,0
F1,M1,1718,f1_out_0,-253,0,0
F1,M1,1718,f1_out_1,282,0,0
F1,M1,1719,f1_out_0,-346,0,0
F1,M1,1719,f1_out_1,281,0,0
F1,M1,1720,f1_out_0,-408,0,0
F1,M1,1720,f1_out_1,280,0,0
F1,M1,1721,f1_out_0,-437,0,0
F1,M1,1721,f1_out_1,279,0,0
F1,M1,1722,f1_out_0,-433,0,0
F1,M1,1722,f1_out_1,278,0,0
F1,M1,1723,f1_out_0,-402,0,0
F1,M1,1723,f1_out_1,277,0,0
F1,M1,1724,f1_out_0,-350,0,0
F1,M1,1724,f1_out_1,276,0,0
F1,M1,1725,f1_out_0,-287,0,0
F1,M1,1725,f1_out_1,275,0,0
F1,M1,1726,f1_out_0,-219,0,0
F1,M1,1726,f1_out_1,274,0,0
F1,M1,1727,f1_out_0,-154,0,0
F1,M1,1727,f1_out_1,273,0,0
F1,M1,1728,f1_out_0,-83,0,0
F1,M1,1728,f1_out_1,272,0,0
F1,M1,1729,f1_out_0,-32,0,0
F1,M1,1729,f1_out_1,271,0,0
F1,M1,1730,f1_out_0,12,0,0
F1,M1,1730,f1_out_1,270,0,0
F1,M1,1731,f1_out_0,63,0,0
F1,M1,1731,f1_out_1,269,0,0
F1,M1,1732,f1_out_0,134,0,0
F1,M1,1732,f1_out_1,268,0,0
F1,M1,1733,f1_out_0,199,0,0
F1,M1,1733,f1_out_1,267,0,0
F1,M1,1734,f1_out_0,267,0,0
F1,M1,1734,f1_out_1,266,0,0
F1,M1,1735,f1_out_0,331,0,0
F1,M1,1735,f1_out_1,265,0,0
F1,M1,1736,f1_out_0,382,0,0
F1,M1,1736,f1_out_1,264,0,0
F1,M1,1737,f1_out_0,413,0,0
F1,M1,1737,f1_out_1,263,0,0
F1,M1,1738,f1_out_0,417,0,0
F1,M1,1738,f1_out_1,262,0,0
F1,M1,1739,f1_out_0,389,0,0
F1,M1,1739,f1_out_1,261,0,0
F1,M1,1740,f1_out_0,326,0,0
F1,M1,1740,f1_out_1,260,0,0
F1,M1,1741,f1_out_0,234,0,0
F1,M1,1741,f1_out_1,259,0,0
F1,M1,1742,f1_out_0,118,0,0
F1,M1,1742,f1_out_1,258,0,0
F1,M1,1743,f1_out_0,-10,0,0
F1,M1,1743,f1_out_1,257,0,0
F1,M1,1744,f1_out_0,-139,0,0
F1,M1,1744,f1_out_1,256,0,0
F1,M1,1745,f1_out_0,-255,0,0
F1,M1,1745,f1_out_1,255,0,0
F1,M1,1746,f1_out_0,-347,0,0
F1,M1,1746,f1_out_1,254,0,0
F1,M1,1747,f1_out_0,-409,0,0
F1,M1,1747,f1_out_1,253,0,0
F1,M1,1748,f1_out_0,-438,0,0
F1,M1,1748,f1_out_1,252,0,0
F1,M1,1749,f1_out_0,-434,0,0
F1,M1,1749,f1_out_1,251,0,0
F1,M1,1750,f1_out_0,-403,0,0
F1,M1,1750,f1_out_1,250,0,0
F1,M1,1751,f1_out_0,-352,0,0
F1,M1,1751,f1_out_1,249,0,0
F1,M1,1752,f1_out_0,-288,0,0
F1,M1,1752,f1_out_1,248,0,0
F1,M1,1753,f1_out_0,-220,0,0
F1,M1,1753,f1_out_1,247,0,0
F1,M1,1754,f1_out_0,-155,0,0
F1,M1,1754,f1_out_1,246,0,0
F1,M1,1755,f1_out_0,-84,0,0
F1,M1,1755,f1_out_1,245,0,0
F1,M1,1756,f1_out_0,-33,0,0
F1,M1,1756,f1_out_1,244,0,0
F1,M1,1757,f1_out_0,11,0,0
F1,M1,1757,f1_out_1,243,0,0
F1,M1,1758,f1_out_0,62,0,0
F1,M1,1758,f1_out_1,242,0,0
F1,M1,1759,f1_out_0,133,0,0
F1,M1,1759,f1_out_1,241,0,0
F1,M1,1760,f1_out_0,198,0,0
F1,M1,1760,f1_out_1,240,0,0
F1,M1,1761,f1_out_0,266,0,0
F1,M1,1761,f1_out_1,239,0,0
F1,M1,1762,f1_out_0,329,0,0
F1,M1,1762,f1_out_1,238,0,0
F1,M1,1763,f1_out_0,381,0,0
F1,M1,1763,f1_out_1,237,0,0
F1,M1,1764,f1_out_0,412,0,0
F1,M1,1764,f1_out_1,236,0,0
F1,M1,1765,f1_out_0,416,0,0
F1,M1,1765,f1_out_1,235,0,0
F1,M1,1766,f1_out_0,387,0,0
F1,M1,1766,f1_out_1,234,0,0
F1,M1,1767,f1_out_0,325,0,0
F1,M1,1767,f1_out_1,233,0,0
F1,M1,1768,f1_out_0,232,0,0
F1,M1,1768,f1_out_1,232,0,0
F1,M1,1769,f1_out_0,116,0,0
F1,M1,1769,f1_out_1,231,0,0
F1,M1,1770,f1_out_0,-11,0,0
F1,M1,1770,f1_out_1,230,0,0
F1,M1,1771,f1_out_0,-140,0,0
F1,M1,1771,f1_out_1,229,0,0
F1,M1,1772,f1_out_0,-256,0,0
F1,M1,1772,f1_out_1,228,0,0
F1,M1,1773,f1_out_0,-349,0,0
F1,M1,1773,f1_out_1,227,0,0
F1,M1,1774,f1_out_0,-411,0,0
F1,M1,1774,f1_out_1,226,0,0
F1,M1,1775,f1_out_0,-439,0,0
F1,M1,1775,f1_out_1,225,0,0
F1,M1,1776,f1_out_0,-436,0,0
F1,M1,1776,f1_out_1,224,0,0
F1,M1,1777,f1_out_0,-404,0,0
F1,M1,1777,f1_out_1,223,0,0
F1,M1,1778,f1_out_0,-353,0,0
F1,M1,1778,f1_out_1,222,0,0
F1,M1,1779,f1_out_0,-290,0,0
F1,M1,1779,f1_out_1,221,0,0
F1,M1,1780,f1_out_0,-221,0,0
F1,M1,1780,f1_out_1,220,0,0
F1,M1,1781,f1_out_0,-157,0,0
F1,M1,1781,f1_out_1,219,0,0
F1,M1,1782,f1_out_0,-86,0,0
F1,M1,1782,f1_out_1,218,0,0
F1,M1,1783,f1_out_0,-35,0,0
F1,M1,1783,f1_out_1,217,0,0
F1,M1,1784,f1_out_0,10,0,0
F1,M1,1784,f1_out_1,216,0,0
F1,M1,1785,f1_out_0,61,0,0
F1,M1,1785,f1_out_1,215,0,0
F1,M1,1786,f1_out_0,132,0,0
F1,M1,1786,f1_out_1,214,0,0
F1,M1,1787,f1_out_0,196,0,0
F1,M1,1787,f1_out_1,213,0,0
F1,M1,1788,f1_out_0,265,0,0
F1,M1,1788,f1_out_1,212,0,0
F1,M1,1789,f1_out_0,328,0,0
F1,M1,1789,f1_out_1,211,0,0
F1,M1,1790,f1_out_0,380,0,0
F1,M1,1790,f1_out_1,210,0,0
F1,M1,1791,f1_out_0,411,0,0
F1,M1,1791,f1_out_1,209,0,0
F1,M1,1792,f1_out_0,415,0,0
F1,M1,1792,f1_out_1,208,0,0
F1,M1,1793,f1_out_0,386,0,0
F1,M1,1793,f1_out_1,207,0,0
F1,M1,1794,f1_out_0,324,0,0
F1,M1,1794,f1_out_1,206,0,0
F1,M1,1795,f1_out_0,231,0,0
F1,M1,1795,f1_out_1,205,0,0
F1,M1,1796,f1_out_0,115,0,0
F1,M1,1796,f1_out_1,204,0,0
F1,M1,1797,f1_out_0,-12,0,0
F1,M1,1797,f1_out_1,203,0,0
F1,M1,1798,f1_out_0,-141,0,0
F1,M1,1798,f1_out_1,202,0,0
F1,M1,1799,f1_out_0,-257,0,0
F1,M1,1799,f1_out_1,201,0,0
F1,M1,1800,f1_out_0,-350,0,0
F1,M1,1800,f1_out_1,200,0,0
F1,M1,1801,f1_out_0,-412,0,0
F1,M1,1801,f1_out_1,199,0,0
F1,M1,1802,f1_out_0,-441,0,0
F1,M1,1802,f1_out_1,198,0,0
F1,M1,1803,f1_out_0,-437,0,0
F1,M1,1803,f1_out_1,197,0,0
F1,M1,1804,f1_out_0,-406,0,0
F1,M1,1804,f1_out_1,196,0,0
F1,M1,1805,f1_out_0,-354,0,0
F1,M1,1805,f1_out_1,195,0,0
F1,M1,1806,f1_out_0,-291,0,0
F1,M1,1806,f1_out_1,194,0,0
F1,M1,1807,f1_out_0,-222,0,0
F1,M1,1807,f1_out_1,193,0,0
F1,M1,1808,f1_out_0,-158,0,0
F1,M1,1808,f1_out_1,192,0,0
F1,M1,1809,f1_out_0,-87,0,0
F1,M1,1809,f1_out_1,191,0,0
F1,M1,1810,f1_out_0,-36,0,0
F1,M1,1810,f1_out_1,190,0,0
F1,M1,1811,f1_out_0,9,0,0
F1,M1,1811,f1_out_1,189,0,0
F1,M1,1812,f1_out_0,60,0,0
F1,M1,1812,f1_out_1,188,0,0
F1,M1,1813,f1_out_0,131,0,0
F1,M1,1813,f1_out_1,187,0,0
F1,M1,1814,f1_out_0,195,0,0
F1,M1,1814,f1_out_1,186,0,0
F1,M1,1815,f1_out_0,264,0,0
F1,M1,1815,f1_out_1,185,0,0
F1,M1,1816,f1_out_0,327,0,0
F1,M1,1816,f1_out_1,184,0,0
F1,M1,1817,f1_out_0,378,0,0
F1,M1,1817,f1_out_1,183,0,0
F1,M1,1818,f1_out_0,410,0,0
F1,M1,1818,f1_out_1,182,0,0
F1,M1,1819,f1_out_0,413,0,0
F1,M1,1819,f1_out_1,181,0,0
F1,M1,1820,f1_out_0,385,0,0
F1,M1,1820,f1_out_1,180,0,0
F1,M1,1821,f1_out_0,323,0,0
F1,M1,1821,f1_out_1,179,0,0
F1,M1,1822,f1_out_0,230,0,0
F1,M1,1822,f1_out_1,178,0,0
F1,M1,1823,f1_out_0,114,0,0
F1,M1,1823,f1_out_1,177,0,0
F1,M1,1824,f1_out_0,-14,0,0
F1,M1,1824,f1_out_1,176,0,0
F1,M1,1825,f1_out_0,-142,0,0
F1,M1,1825,f1_out_1,175,0,0
F1,M1,1826,f1_out_0,-258,0,0
F1,M1,1826,f1_out_1,174,0,0
F1,M1,1827,f1_out_0,-351,0,0
F1,M1,1827,f1_out_1,173,0,0
F1,M1,1828,f1_out_0,-413,0,0
F1,M1,1828,f1_out_1,172,0,0
F1,M1,1829,f1_out_0,-442,0,0
F1,M1,1829,f1_out_1,171,0,0
F1,M1,1830,f1_out_0,-438,0,0
F1,M1,1830,f1_out_1,170,0,0
F1,M1,1831,f1_out_0,-407,0,0
F1,M1,1831,f1_out_1,169,0,0
F1,M1,1832,f1_out_0,-355,0,0
F1,M1,1832,f1_out_1,168,0,0
F1,M1,1833,f1_out_0,-292,0,0
F1,M1,1833,f1_out_1,167,0,0
F1,M1,1834,f1_out_0,-224,0,0
F1,M1,1834,f1_out_1,166,0,0
F1,M1,1835,f1_out_0,-159,0,0
F1,M1,1835,f1_out_1,165,0,0
F1,M1,1836,f1_out_0,-88,0,0
F1,M1,1836,f1_out_1,164,0,0
F1,M1,1837,f1_out_0,-37,0,0
F1,M1,1837,f1_out_1,163,0,0
F1,M1,1838,f1_out_0,8,0,0
F1,M1,1838,f1_out_1,162,0,0
F1,M1,1839,f1_out_0,59,0,0
F1,M1,1839,f1_out_1,161,0,0
F1,M1,1840,f1_out_0,130,0,0
F1,M1,1840,f1_out_1,160,0,0
F1,M1,1841,f1_out_0,194,0,0
F1,M1,1841,f1_out_1,159,0,0
F1,M1,1842,f1_out_0,262,0,0
F1,M1,1842,f1_out_1,158,0,0
F1,M1,1843,f1_out_0,326,0,0
F1,M1,1843,f1_out_1,157,0,0
F1,M1,1844,f1_out_0,377,0,0
F1,M1,1844,f1_out_1,156,0,0
F1,M1,1845,f1_out_0,408,0,0
F1,M1,1845,f1_out_1,155,0,0
F1,M1,1846,f1_out_0,412,0,0
F1,M1,1846,f1_out_1,154,0,0
F1,M1,1847,f1_out_0,384,0,0
F1,M1,1847,f1_out_1,153,0,0
F1,M1,1848,f1_out_0,321,0,0
F1,M1,1848,f1_out_1,152,0,0
F1,M1,1849,f1_out_0,229,0,0
F1,M1,1849,f1_out_1,151,0,0
F1,M1,1850,f1_out_0,113,0,0
F1,M1,1850,f1_out_1,150,0,0
F1,M1,1851,f1_out_0,-15,0,0
F1,M1,1851,f1_out_1,149,0,0
F1,M1,1852,f1_out_0,-143,0,0
F1,M1,1852,f1_out_1,148,0,0
F1,M1,1853,f1_out_0,-259,0,0
F1,M1,1853,f1_out_1,147,0,0
F1,M1,1854,f1_out_0,-352,0,0
F1,M1,1854,f1_out_1,146,0,0
F1,M1,1855,f1_out_0,-414,0,0
F1,M1,1855,f1_out_1,145,0,0
F1,M1,1856,f1_out_0,-443,0,0
F1,M1,1856,f1_out_1,144,0,0
F1,M1,1857,f1_out_0,-439,0,0
F1,M1,1857,f1_out_1,143,0,0
F1,M1,1858,f1_out_0,-408,0,0
F1,M1,1858,f1_out_1,142,0,0
F1,M1,1859,f1_out_0,-357,0,0
F1,M1,1859,f1_out_1,141,0,0
F1,M1,1860,f1_out_0,-293,0,0
F1,M1,1860,f1_out_1,140,0,0
F1,M1,1861,f1_out_0,-225,0,0
F1,M1,1861,f1_out_1,139,0,0
F1,M1,1862,f1_out_0,-160,0,0
F1,M1,1862,f1_out_1,138,0,0
F1,M1,1863,f1_out_0,-89,0,0
F1,M1,1863,f1_out_1,137,0,0
F1,M1,1864,f1_out_0,-38,0,0
F1,M1,1864,f1_out_1,136,0,0
F1,M1,1865,f1_out_0,6,0,0
F1,M1,1865,f1_out_1,135,0,0
F1,M1,1866,f1_out_0,57,0,0
F1,M1,1866,f1_out_1,134,0,0
F1,M1,1867,f1_out_0,128,0,0
F1,M1,1867,f1_out_1,133,0,0
F1,M1,1868,f1_out_0,193,0,0
F1,M1,1868,f1_out_1,132,0,0
F1,M1,1869,f1_out_0,261,0,0
F1,M1,1869,f1_out_1,131,0,0
F1,M1,1870,f1_out_0,325,0,0
F1,M1,1870,f1_out_1,130,0,0
F1,M1,1871,f1_out_0,376,0,0
F1,M1,1871,f1_out_1,129,0,0
F1,M1,1872,f1_out_0,407,0,0
F1,M1,1872,f1_out_1,128,0,0
F1,M1,1873,f1_out_0,411,0,0
F1,M1,1873,f1_out_1,127,0,0
F1,M1,1874,f1_out_0,382,0,0
F1,M1,1874,f1_out_1,126,0,0
F1,M1,1875,f1_out_0,320,0,0
F1,M1,1875,f1_out_1,125,0,0
F1,M1,1876,f1_out_0,227,0,0
F1,M1,1876,f1_out_1,124,0,0
F1,M1,1877,f1_out_0,111,0,0
F1,M1,1877,f1_out_1,123,0,0
F1,M1,1878,f1_out_0,-16,0,0
F1,M1,1878,f1_out_1,122,0,0
F1,M1,1879,f1_out_0,-145,0,0
F1,M1,1879,f1_out_1,121,0,0
F1,M1,1880,f1_out_0,-261,0,0
F1,M1,1880,f1_out_1,120,0,0
F1,M1,1881,f1_out_0,-353,0,0
F1,M1,1881,f1_out_1,119,0,0
F1,M1,1882,f1_out_0,-416,0,0
F1,M1,1882,f1_out_1,118,0,0
F1,M1,1883,f1_out_0,-444,0,0
F1,M1,1883,f1_out_1,117,0,0
F1,M1,1884,f1_out_0,-440,0,0
F1,M1,1884,f1_out_1,116,0,0
F1,M1,1885,f1_out_0,-409,0,0
F1,M1,1885,f1_out_1,115,0,0
F1,M1,1886,f1_out_0,-358,0,0
F1,M1,1886,f1_out_1,114,0,0
F1,M1,1887,f1_out_0,-295,0,0
F1,M1,1887,f1_out_1,113,0,0
F1,M1,1888,f1_out_0,-226,0,0
F1,M1,1888,f1_out_1,112,0,0
F1,M1,1889,f1_out_0,-162,0,0
F1,M1,1889,f1_out_1,111,0,0
F1,M1,1890,f1_out_0,-91,0,0
F1,M1,1890,f1_out_1,110,0,0
F1,M1,1891,f1_out_0,-40,0,0
F1,M1,1891,f1_out_1,109,0,0
F1,M1,1892,f1_out_0,5,0,0
F1,M1,1892,f1_out_1,108,0,0
F1,M1,1893,f1_out_0,56,0,0
F1,M1,1893,f1_out_1,107,0,0
F1,M1,1894,f1_out_0,127,0,0
F1,M1,1894,f1_out_1,106,0,0
F1,M1,1895,f1_out_0,191,0,0
F1,M1,1895,f1_out_1,105,0,0
F1,M1,1896,f1_out_0,260,0,0
F1,M1,1896,f1_out_1,104,0,0
F1,M1,1897,f1_out_0,323,0,0
F1,M1,1897,f1_out_1,103,0,0
F1,M1,1898,f1_out_0,375,0,0
F1,M1,1898,f1_out_1,102,0,0
F1,M1,1899,f1_out_0,406,0,0
F1,M1,1899,f1_out_1,101,0,0
F1,M1,1900,f1_out_0,410,0,0
F1,M1,1900,f1_out_1,100,0,0
F1,M1,1901,f1_out_0,381,0,0
F1,M1,1901,f1_out_1,99,0,0
F1,M1,1902,f1_out_0,319,0,0
F1,M1,1902,f1_out_1,98,0,0
F1,M1,1903,f1_out_0,226,0,0
F1,M1,1903,f1_out_1,97,0,0
F1,M1,1904,f1_out_0,110,0,0
F1,M1,1904,f1_out_1,96,0,0
F1,M1,1905,f1_out_0,-17,0,0
F1,M1,1905,f1_out_1,95,0,0
F1,M1,1906,f1_out_0,-146,0,0
F1,M1,1906,f1_out_1,94,0,0
F1,M1,1907,f1_out_0,-262,0,0
F1,M1,1907,f1_out_1,93,0,0
F1,M1,1908,f1_out_0,-355,0,0
F1,M1,1908,f1_out_1,92,0,0
F1,M1,1909,f1_out_0,-417,0,0
F1,M1,1909,f1_out_1,91,0,0
F1,M1,1910,f1_out_0,-445,0,0
F1,M1,1910,f1_out_1,90,0,0
F1,M1,1911,f1_out_0,-442,0,0
F1,M1,1911,f1_out_1,89,0,0
F1,M1,1912,f1_out_0,-410,0,0
F1,M1,1912,f1_out_1,88,0,0
F1,M1,1913,f1_out_0,-359,0,0
F1,M1,1913,f1_out_1,87,0,0
F1,M1,1914,f1_out_0,-296,0,0
F1,M1,1914,f1_out_1,86,0,0
F1,M1,1915,f1_out_0,-227,0,0
F1,M1,1915,f1_out_1,85,0,0
F1,M1,1916,f1_out_0,-163,0,0
F1,M1,1916,f1_out_1,84,0,0
F1,M1,1917,f1_out_0,-92,0,0
F1,M1,1917,f1_out_1,83,0,0
F1,M1,1918,f1_out_0,-41,0,0
F1,M1,1918,f1_out_1,82,0,0
F1,M1,1919,f1_out_0,4,0,0
F1,M1,1919,f1_out_1,81,0,0
F1,M1,1920,f1_out_0,55,0,0
F1,M1,1920,f1_out_1,80,0,0
F1,M1,1921,f1_out_0,126,0,0
F1,M1,1921,f1_out_1,79,0,0
F1,M1,1922,f1_out_0,190,0,0
F1,M1,1922,f1_out_1,78,0,0
F1,M1,1923,f1_out_0,259,0,0
F1,M1,1923,f1_out_1,77,0,0
F1,M1,1924,f1_out_0,322,0,0
F1,M1,1924,f1_out_1,76,0,0
F1,M1,1925,f1_out_0,374,0,0
F1,M1,1925,f1_out_1,75,0,0
F1,M1,1926,f1_out_0,405,0,0
F1,M1,1926,f1_out_1,74,0,0
F1,M1,1927,f1_out_0,408,0,0
F1,M1,1927,f1_out_1,73,0,0
F1,M1,1928,f1_out_0,380,0,0
F1,M1,1928,f1_out_1,72,0,0
F1,M1,1929,f1_out_0,318,0,0
F1,M1,1929,f1_out_1,71,0,0
F1,M1,1930,f1_out_0,225,0,0
F1,M1,1930,f1_out_1,70,0,0
F1,M1,1931,f1_out_0,109,0,0
F1,M1,1931,f1_out_1,69,0,0
F1,M1,1932,f1_out_0,-19,0,0
F1,M1,1932,f1_out_1,68,0,0
F1,M1,1933,f1_out_0,-147,0,0
F1,M1,1933,f1_out_1,67,0,0
F1,M1,1934,f1_out_0,-263,0,0
F1,M1,1934,f1_out_1,66,0,0
F1,M1,1935,f1_out_0,-356,0,0
F1,M1,1935,f1_out_1,65,0,0
F1,M1,1936,f1_out_0,-418,0,0
F1,M1,1936,f1_out_1,64,0,0
F1,M1,1937,f1_out_0,-447,0,0
F1,M1,1937,f1_out_1,63,0,0
F1,M1,1938,f1_out_0,-443,0,0
F1,M1,1938,f1_out_1,62,0,0
F1,M1,1939,f1_out_0,-412,0,0
F1,M1,1939,f1_out_1,61,0,0
F1,M1,1940,f1_out_0,-360,0,0
F1,M1,1940,f1_out_1,60,0,0
F1,M1,1941,f1_out_0,-297,0,0
F1,M1,1941,f1_out_1,59,0,0
F1,M1,1942,f1_out_0,-228,0,0
F1,M1,1942,f1_out_1,58,0,0
F1,M1,1943,f1_out_0,-164,0,0
F1,M1,1943,f1_out_1,57,0,0
F1,M1,1944,f1_out_0,-93,0,0
F1,M1,1944,f1_out_1,56,0,0
F1,M1,1945,f1_out_0,-42,0,0
F1,M1,1945,f1_out_1,55,0,0
F1,M1,1946,f1_out_0,3,0,0
F1,M1,1946,f1_out_1,54,0,0
F1,M1,1947,f1_out_0,54,0,0
F1,M1,1947,f1_out_1,53,0,0
F1,M1,1948,f1_out_0,125,0,0
F1,M1,1948,f1_out_1,52,0,0
F1,M1,1949,f1_out_0,189,0,0
F1,M1,1949,f1_out_1,51,0,0
F1,M1,1950,f1_out_0,258,0,0
F1,M1,1950,f1_out_1,50,0,0
F1,M1,1951,f1_out_0,321,0,0
F1,M1,1951,f1_out_1,49,0,0
F1,M1,1952,f1_out_0,372,0,0
F1,M1,1952,f1_out_1,48,0,0
F1,M1,1953,f1_out_0,403,0,0
F1,M1,1953,f1_out_1,47,0,0
F1,M1,1954,f1_out_0,407,0,0
F1,M1,1954,f1_out_1,46,0,0
F1,M1,1955,f1_out_0,379,0,0
F1,M1,1955,f1_out_1,45,0,0
F1,M1,1956,f1_out_0,316,0,0
F1,M1,1956,f1_out_1,44,0,0
F1,M1,1957,f1_out_0,224,0,0
F1,M1,1957,f1_out_1,43,0,0
F1,M1,1958,f1_out_0,108,0,0
F1,M1,1958,f1_out_1,42,0,0
F1,M1,1959,f1_out_0,-20,0,0
F1,M1,1959,f1_out_1,41,0,0
F1,M1,1960,f1_out_0,-148,0,0
F1,M1,1960,f1_out_1,40,0,0
F1,M1,1961,f1_out_0,-264,0,0
F1,M1,1961,f1_out_1,39,0,0
F1,M1,1962,f1_out_0,-357,0,0
F1,M1,1962,f1_out_1,38,0,0
F1,M1,1963,f1_out_0,-419,0,0
F1,M1,1963,f1_out_1,37,0,0
F1,M1,1964,f1_out_0,-448,0,0
F1,M1,1964,f1_out_1,36,0,0
F1,M1,1965,f1_out_0,-444,0,0
F1,M1,1965,f1_out_1,35,0,0
F1,M1,1966,f1_out_0,-413,0,0
F1,M1,1966,f1_out_1,34,0,0
F1,M1,1967,f1_out_0,-362,0,0
F1,M1,1967,f1_out_1,33,0,0
F1,M1,1968,f1_out_0,-298,0,0
F1,M1,1968,f1_out_1,32,0,0
F1,M1,1969,f1_out_0,-230,0,0
F1,M1,1969,f1_out_1,31,0,0
F1,M1,1970,f1_out_0,-165,0,0
F1,M1,1970,f1_out_1,30,0,0
F1,M1,1971,f1_out_0,-94,0,0
F1,M1,1971,f1_out_1,29,0,0
F1,M1,1972,f1_out_0,-43,0,0
F1,M1,1972,f1_out_1,28,0,0
F1,M1,1973,f1_out_0,1,0,0
F1,M1,1973,f1_out_1,27,0,0
F1,M1,1974,f1_out_0,52,0,0
F1,M1,1974,f1_out_1,26,0,0
F1,M1,1975,f1_out_0,123,0,0
F1,M1,1975,f1_out_1,25,0,0
F1,M1,1976,f1_out_0,188,0,0
F1,M1,1976,f1_out_1,24,0,0
F1,M1,1977,f1_out_0,256,0,0
F1,M1,1977,f1_out_1,23,0,0
F1,M1,1978,f1_out_0,320,0,0
F1,M1,1978,f1_out_1,22,0,0
F1,M1,1979,f1_out_0,371,0,0
F1,M1,1979,f1_out_1,21,0,0
F1,M1,1980,f1_out_0,402,0,0
F1,M1,1980,f1_out_1,20,0,0
F1,M1,1981,f1_out_0,406,0,0
F1,M1,1981,f1_out_1,19,0,0
F1,M1,1982,f1_out_0,377,0,0
F1,M1,1982,f1_out_1,18,0,0
F1,M1,1983,f1_out_0,315,0,0
F1,M1,1983,f1_out_1,17,0,0
F1,M1,1984,f1_out_0,223,0,0
F1,M1,1984,f1_out_1,16,0,0
F1,M1,1985,f1_out_0,107,0,0
F1,M1,1985,f1_out_1,15,0,0
F1,M1,1986,f1_out_0,-21,0,0
F1,M1,1986,f1_out_1,14,0,0
F1,M1,1987,f1_out_0,-150,0,0
F1,M1,1987,f1_out_1,13,0,0
F1,M1,1988,f1_out_0,-266,0,0
F1,M1,1988,f1_out_1,12,0,0
F1,M1,1989,f1_out_0,-358,0,0
F1,M1,1989,f1_out_1,11,0,0
F1,M1,1990,f1_out_0,-421,0,0
F1,M1,1990,f1_out_1,10,0,0
F1,M1,1991,f1_out_0,-449,0,0
F1,M1,1991,f1_out_1,9,0,0
F1,M1,1992,f1_out_0,-445,0,0
F1,M1,1992,f1_out_1,8,0,0
F1,M1,1993,f1_out_0,-414,0,0
F1,M1,1993,f1_out_1,7,0,0
F1,M1,1994,f1_out_0,-363,0,0
F1,M1,1994,f1_out_1,6,0,0
F1,M1,1995,f1_out_0,-299,0,0
F1,M1,1995,f1_out_1,5,0,0
F1,M1,1996,f1_out_0,-231,0,0
F1,M1,1996,f1_out_1,4,0,0
F1,M1,1997,f1_out_0,-167,0,0
F1,M1,1997,f1_out_1,3,0,0
F1,M1,1998,f1_out_0,-95,0,0
F1,M1,1998,f1_out_1,2,0,0
F1,M1,1999,f1_out_0,-44,0,0
F1,M1,1999,f1_out_1,1,0,0
F1,M1,2000,f1_out_0,0,0,0
F1,M1,2000,f1_out_1,0,0,0
F1,M1,2001,f1_out_0,51,0,0
F1,M1,2001,f1_out_1,-1,0,0
F1,M1,2002,f1_out_0,122,0,0
F1,M1,2002,f1_out_1,-2,0,0
F1,M1,2003,f1_out_0,187,0,0
F1,M1,2003,f1_out_1,-3,0,0
F1,M1,2004,f1_out_0,255,0,0
F1,M1,2004,f1_out_1,-4,0,0
F1,M1,2005,f1_out_0,318,0,0
F1,M1,2005,f1_out_1,-5,0,0
F1,M1,2006,f1_out_0,370,0,0
F1,M1,2006,f1_out_1,-6,0,0
F1,M1,2007,f1_out_0,401,0,0
F1,M1,2007,f1_out_1,-7,0,0
F1,M1,2008,f1_out_0,405,0,0
F1,M1,2008,f1_out_1,-8,0,0
F1,M1,2009,f1_out_0,376,0,0
F1,M1,2009,f1_out_1,-9,0,0
F1,M1,2010,f1_out_0,314,0,0
F1,M1,2010,f1_out_1,-10,0,0
F1,M1,2011,f1_out_0,221,0,0
F1,M1,2011,f1_out_1,-11,0,0
F1,M1,2012,f1_out_0,105,0,0
F1,M1,2012,f1_out_1,-12,0,0
F1,M1,2013,f1_out_0,-22,0,0
F1,M1,2013,f1_out_1,-13,0,0
F1,M1,2014,f1_out_0,-151,0,0
F1,M1,2014,f1_out_1,-14,0,0
F1,M1,2015,f1_out_0,-267,0,0
F1,M1,2015,f1_out_1,-15,0,0
F1,M1,2016,f1_out_0,-360,0,0
F1,M1,2016,f1_out_1,-16,0,0
F1,M1,2017,f1_out_0,-422,0,0
F1,M1,2017,f1_out_1,-17,0,0
F1,M1,2018,f1_out_0,-450,0,0
F1,M1,2018,f1_out_1,-18,0,0
F1,M1,2019,f1_out_0,-447,0,0
F1,M1,2019,f1_out_1,-19,0,0
F1,M1,2020,f1_out_0,-415,0,0
F1,M1,2020,f1_out_1,-20,0,0
F1,M1,2021,f1_out_0,-364,0,0
F1,M1,2021,f1_out_1,-21,0,0
F1,M1,2022,f1_out_0,-301,0,0
F1,M1,2022,f1_out_1,-22,0,0
F1,M1,2023,f1_out_0,-232,0,0
F1,M1,2023,f1_out_1,-23,0,0
F1,M1,2024,f1_out_0,-168,0,0
F1,M1,2024,f1_out_1,-24,0,0
F1,M1,2025,f1_out_0,-97,0,0
F1,M1,2025,f1_out_1,-25,0,0
F1,M1,2026,f1_out_0,-46,0,0
F1,M1,2026,f1_out_1,-26,0,0
F1,M1,2027,f1_out_0,0,0,0
F1,M1,2027,f1_out_1,-27,0,0
F1,M1,2028,f1_out_0,44,0,0
F1,M1,2028,f1_out_1,-28,0,0
F1,M1,2029,f1_out_0,95,0,0
F1,M1,2029,f1_out_1,-29,0,0
F1,M1,2030,f1_out_0,167,0,0
F1,M1,2030,f1_out_1,-30,0,0
F1,M1,2031,f1_out_0,231,0,0
F1,M1,2031,f1_out_1,-31,0,0
F1,M1,2032,f1_out_0,299,0,0
F1,M1,2032,f1_out_1,-32,0,0
F1,M1,2033,f1_out_0,363,0,0
F1,M1,2033,f1_out_1,-33,0,0
F1,M1,2034,f1_out_0,414,0,0
F1,M1,2034,f1_out_1,-34,0,0
F1,M1,2035,f1_out_0,445,0,0
F1,M1,2035,f1_out_1,-35,0,0
F1,M1,2036,f1_out_0,449,0,0
F1,M1,2036,f1_out_1,-36,0,0
F1,M1,2037,f1_out_0,421,0,0
F1,M1,2037,f1_out_1,-37,0,0
F1,M1,2038,f1_out_0,358,0,0
F1,M1,2038,f1_out_1,-38,0,0
F1,M1,2039,f1_out_0,266,0,0
F1,M1,2039,f1_out_1,-39,0,0
F1,M1,2040,f1_out_0,150,0,0
F1,M1,2040,f1_out_1,-40,0,0
F1,M1,2041,f1_out_0,21,0,0
F1,M1,2041,f1_out_1,-41,0,0
F1,M1,2042,f1_out_0,-107,0,0
F1,M1,2042,f1_out_1,-42,0,0
F1,M1,2043,f1_out_0,-223,0,0
F1,M1,2043,f1_out_1,-43,0,0
F1,M1,2044,f1_out_0,-315,0,0
F1,M1,2044,f1_out_1,-44,0,0
F1,M1,2045,f1_out_0,-377,0,0
F1,M1,2045,f1_out_1,-45,0,0
F1,M1,2046,f1_out_0,-406,0,0
F1,M1,2046,f1_out_1,-46,0,0
F1,M1,2047,f1_out_0,-402,0,0
F1,M1,2047,f1_out_1,-47,0,0
F1,M1,2048,f1_out_0,-371,0,0
F1,M1,2048,f1_out_1,-48,0,0
F1,M1,2049,f1_out_0,-320,0,0
F1,M1,2049,f1_out_1,-49,0,0
F1,M1,2050,f1_out_0,-256,0,0
F1,M1,2050,f1_out_1,-50,0,0
F1,M1,2051,f1_out_0,-188,0,0
F1,M1,2051,f1_out_1,-51,0,0
F1,M1,2052,f1_out_0,-123,0,0
F1,M1,2052,f1_out_1,-52,0,0
F1,M1,2053,f1_out_0,-52,0,0
F1,M1,2053,f1_out_1,-53,0,0
F1,M1,2054,f1_out_0,-1,0,0
F1,M1,2054,f1_out_1,-54,0,0
F1,M1,2055,f1_out_0,43,0,0
F1,M1,2055,f1_out_1,-55,0,0
F1,M1,2056,f1_out_0,94,0,0
F1,M1,2056,f1_out_1,-56,0,0
